Date,Price,Open,High,Low,Vol.,Change %
10/22/2025,106.5987,105.8217,106.6221,105.8188,,0.75%
10/21/2025,105.81,107.4669,107.5248,105.3421,,-1.63%
10/20/2025,107.561,106.273,107.5727,105.9973,,1.84%
10/17/2025,105.6158,106.0701,106.5838,105.3134,,-0.63%
10/16/2025,106.2822,106.0935,106.8006,105.7326,,0.65%
10/15/2025,105.5934,105.7181,106.0382,105.4436,,0.14%
10/14/2025,105.4431,105.9717,106.2864,104.5818,,-0.33%
10/13/2025,105.797,105.3038,105.9217,105.0477,,1.64%
10/10/2025,104.0889,105.7526,105.8465,103.9849,,-1.52%
10/09/2025,105.6945,106.4882,107.5448,105.6156,,-1.17%
10/08/2025,106.9415,106.624,107.3425,106.5742,,0.50%
10/07/2025,106.4112,106.0083,106.5729,105.8517,,0.39%
10/06/2025,105.997,106.0565,106.3029,105.7519,,0.61%
10/03/2025,105.3546,104.9706,105.6914,104.8717,,0.48%
10/02/2025,104.8516,105.2986,105.5883,104.6199,,-0.47%
10/01/2025,105.3474,104.8966,105.4836,104.5663,,0.69%
09/30/2025,104.6288,105.0233,105.1152,104.328,,-0.37%
09/29/2025,105.0223,104.8117,105.3349,104.7208,,-0.08%
09/26/2025,105.104,104.5841,105.1613,104.39,,0.62%
09/25/2025,104.46,104.0385,104.7269,103.9975,,0.42%
09/24/2025,104.0225,103.5113,104.321,103.4015,,0.30%
09/23/2025,103.7149,102.8508,103.7792,102.6588,,0.71%
09/22/2025,102.9793,103.32,103.6494,102.6605,,0.00%
09/19/2025,102.9745,103.4361,103.617,102.9091,,-0.37%
09/18/2025,103.3603,103.8353,104.1224,103.269,,-0.83%
09/17/2025,104.229,105.1712,105.1744,104.1866,,-1.06%
09/16/2025,105.3474,104.7424,105.4689,104.5608,,0.63%
09/15/2025,104.6868,103.7389,104.7011,103.6201,,0.86%
09/12/2025,103.7894,103.0774,104.0605,103.0291,,0.66%
09/11/2025,103.1039,103.2549,103.3182,102.7009,,-0.15%
09/10/2025,103.2618,102.9927,103.3818,102.9705,,0.21%
09/09/2025,103.0468,103.2256,103.6621,102.921,,-0.09%
09/08/2025,103.136,102.733,103.2929,102.6204,,0.69%
09/05/2025,102.4252,102.8024,103.0703,102.3457,,-0.39%
09/04/2025,102.829,103.0281,103.0537,102.3994,,-0.58%
09/03/2025,103.4291,103.7072,103.8117,103.2887,,-0.21%
09/02/2025,103.6499,103.3382,103.6697,102.5125,,0.84%
08/29/2025,102.7876,101.979,102.8079,101.8093,,0.81%
08/28/2025,101.9635,101.3537,101.9872,101.3076,,0.46%
08/27/2025,101.496,101.2407,101.5685,100.8148,,0.28%
08/26/2025,101.2172,101.563,101.6588,101.0667,,-0.48%
08/25/2025,101.7101,101.4181,102.0254,101.4162,,0.08%
08/22/2025,101.6307,100.9222,101.7435,100.7811,,0.60%
08/21/2025,101.0256,100.2915,101.1115,100.2034,,0.84%
08/20/2025,100.1791,99.5042,100.3042,99.4275,,0.68%
08/19/2025,99.5038,100.1739,100.2657,99.4075,,-0.80%
08/18/2025,100.3019,100.2099,100.5126,99.892,,-0.08%
08/15/2025,100.3798,100.0951,100.574,99.8594,,0.37%
08/14/2025,100.0111,100.5953,100.6467,99.7406,,-0.34%
08/13/2025,100.3542,100.258,100.6209,99.9556,,0.11%
08/12/2025,100.2444,100.4807,100.5916,99.9614,,-0.29%
08/11/2025,100.5381,100.1523,100.7353,100.0646,,-0.25%
08/08/2025,100.7926,100.9929,101.5008,100.711,,0.05%
08/07/2025,100.7408,100.7967,101.1161,100.5874,,0.29%
08/06/2025,100.4541,100.4331,101.0909,100.2583,,0.15%
08/05/2025,100.3022,100.4084,100.6402,100.1922,,-0.12%
08/04/2025,100.4261,100.4676,100.8648,100.3028,,-0.20%
08/01/2025,100.6226,101.1436,101.477,100.4938,,-0.56%
07/31/2025,101.1846,101.5452,101.6924,100.9389,,-2.00%
07/30/2025,103.2451,103.9244,104.1029,103.0342,,-0.56%
07/29/2025,103.8317,103.2084,103.8633,103.07,,0.65%
07/28/2025,103.1599,103.443,103.8815,103.0389,,-0.30%
07/25/2025,103.4724,104.3811,104.4127,103.3333,,-0.73%
07/24/2025,104.233,104.2408,104.6492,103.9332,,0.06%
07/23/2025,104.1742,104.7738,104.9406,104.137,,-0.49%
07/22/2025,104.6902,104.4025,104.7338,104.0638,,-0.03%
07/21/2025,104.7231,104.6907,104.9795,104.4077,,-0.37%
07/18/2025,105.1171,104.5771,105.7858,104.5538,,0.64%
07/17/2025,104.4469,104.1407,104.4626,103.7389,,0.39%
07/16/2025,104.0366,103.8589,104.1895,103.3178,,0.36%
07/15/2025,103.6625,103.6408,103.9029,103.4054,,-0.10%
07/14/2025,103.7675,104.0583,104.749,103.5266,,-0.06%
07/11/2025,103.8281,103.445,104.2636,103.0913,,0.70%
07/10/2025,103.1065,102.9304,103.4319,102.7989,,0.32%
07/09/2025,102.7826,103.2447,103.3519,102.5386,,-0.58%
07/08/2025,103.3829,102.5271,103.6795,102.2324,,0.71%
07/07/2025,102.6503,102.2594,102.703,101.8706,,-0.72%
07/03/2025,103.3911,103.5929,104.2017,103.3138,,-0.31%
07/02/2025,103.7137,102.096,103.7622,101.8986,,1.51%
07/01/2025,102.173,101.8725,102.4655,101.8061,,0.15%
06/30/2025,102.0209,102.4061,102.8042,101.8302,,-0.84%
06/27/2025,102.8875,102.644,102.9703,102.2002,,0.34%
06/26/2025,102.5386,102.3932,102.6767,102.2936,,0.32%
06/25/2025,102.2135,103.0352,103.1302,102.1841,,-0.26%
06/24/2025,102.4794,104.0016,104.2568,102.4434,,-2.47%
06/23/2025,105.0716,107.2587,107.3795,104.9885,,-1.57%
06/20/2025,106.7456,107.3637,107.6977,106.5979,,-0.59%
06/18/2025,107.3785,106.9052,107.4403,106.4611,,0.56%
06/17/2025,106.7846,105.813,106.8221,105.5453,,1.03%
06/16/2025,105.6982,105.9335,105.9959,104.5156,,0.37%
06/13/2025,105.3082,105.2077,105.8851,104.0098,,1.98%
06/12/2025,103.2588,103.4954,103.7704,102.9837,,0.07%
06/11/2025,103.1892,102.8679,103.4779,102.603,,0.41%
06/10/2025,102.7719,103.0427,103.3682,102.706,,-0.44%
06/09/2025,103.2221,103.0238,103.4313,102.7542,,-0.09%
06/06/2025,103.314,102.9944,103.3838,102.6756,,0.50%
06/05/2025,102.8017,102.3779,103.5285,102.1619,,0.40%
06/04/2025,102.389,102.4054,102.7042,102.0348,,0.12%
06/03/2025,102.269,101.9999,102.4663,101.5535,,0.24%
06/02/2025,102.0278,100.8381,102.61,100.7669,,2.04%
05/30/2025,99.987,100.6255,100.9696,99.7886,,-0.85%
05/29/2025,100.8444,101.2221,101.5931,100.4521,,-0.22%
05/28/2025,101.0652,102.0396,102.273,101.051,,-0.85%
05/27/2025,101.9294,102.2608,102.3794,101.5698,,-0.75%
05/23/2025,102.7004,102.0324,102.7243,101.5897,,0.79%
05/22/2025,101.8927,102.4148,102.6342,101.3603,,-0.65%
05/21/2025,102.5597,102.6134,102.9678,102.3956,,0.36%
05/20/2025,102.1968,100.6876,102.2698,100.4971,,1.36%
05/19/2025,100.8258,100.8987,101.218,100.6617,,-0.13%
05/16/2025,100.9569,101.6416,101.7549,100.6377,,-0.68%
05/15/2025,101.6516,101.64,101.9125,100.9272,,-0.72%
05/14/2025,102.3938,103.1425,103.2345,102.2697,,-0.81%
05/13/2025,103.2332,102.2998,103.4203,102.2889,,0.93%
05/12/2025,102.2859,102.3749,103.3448,102.2458,,-0.46%
05/09/2025,102.7629,101.5356,102.9292,101.4291,,1.12%
05/08/2025,101.6241,101.7851,102.0454,101.084,,0.12%
05/07/2025,101.5051,102.5695,102.8487,101.3532,,-0.77%
05/06/2025,102.2916,102.1229,102.7609,101.9364,,1.10%
05/05/2025,101.1797,101.1098,102.0298,100.9819,,-0.27%
05/02/2025,101.4542,101.2059,101.8542,101.0801,,0.61%
05/01/2025,100.8346,100.546,100.9513,99.8807,,-0.09%
04/30/2025,100.9267,102.0452,102.1827,100.772,,-1.42%
04/29/2025,102.3781,103.0873,103.1957,102.1468,,-0.71%
04/28/2025,103.1103,102.3271,103.1251,102.1519,,0.47%
04/25/2025,102.6241,103.0699,103.3061,102.2189,,-0.29%
04/24/2025,102.9215,102.5648,102.9381,102.1334,,0.78%
04/23/2025,102.1263,102.9147,103.0804,101.6363,,-0.60%
04/22/2025,102.738,102.7906,103.1186,102.5596,,0.57%
04/21/2025,102.1601,102.8783,103.2239,102.0628,,-0.73%
04/17/2025,102.9124,102.476,103.0458,102.2268,,0.46%
04/16/2025,102.4454,101.2334,102.5575,100.8429,,1.27%
04/15/2025,101.1614,101.2198,101.4936,100.6084,,0.12%
04/14/2025,101.0435,101.4229,102.0772,101.0235,,-0.43%
04/11/2025,101.4796,99.779,101.5417,99.6894,,1.69%
04/10/2025,99.7977,100.3312,100.7822,99.2471,,0.10%
04/09/2025,99.7019,97.0163,99.8485,96.133,,2.45%
04/08/2025,97.3166,98.8821,99.6598,97.2561,,-0.80%
04/07/2025,98.0968,99.3751,101.1959,98.0596,,-1.59%
04/04/2025,99.6779,104.0692,104.1285,99.2474,,-4.42%
04/03/2025,104.29,105.6688,105.7384,103.8674,,-2.53%
04/02/2025,106.9935,106.6039,107.129,106.2296,,0.45%
04/01/2025,106.5132,106.5811,106.8663,106.319,,0.11%
03/31/2025,106.4009,106.0099,106.623,105.7981,,0.57%
03/28/2025,105.7937,105.5199,105.841,104.8855,,0.25%
03/27/2025,105.5335,105.1454,105.5657,104.7468,,0.33%
03/26/2025,105.1888,105.5191,105.6888,105.1363,,0.03%
03/25/2025,105.1602,105.0978,105.7475,104.9959,,0.09%
03/24/2025,105.0682,105.1334,105.6085,105.0228,,-0.24%
03/21/2025,105.3165,105.5737,105.6678,105.1502,,-0.43%
03/20/2025,105.7751,106.2049,106.385,105.4145,,-0.28%
03/19/2025,106.0713,105.269,106.1944,105.269,,0.56%
03/18/2025,105.4784,105.577,106.0916,105.4584,,0.07%
03/17/2025,105.4047,105.4595,105.9005,105.1404,,0.47%
03/14/2025,104.9135,104.8834,105.256,104.2978,,-0.03%
03/13/2025,104.9409,104.3841,105.3552,104.1807,,0.47%
03/12/2025,104.4535,104.7914,104.9722,104.2222,,-0.38%
03/11/2025,104.8568,104.1261,105.446,104.1048,,0.26%
03/10/2025,104.5879,105.3369,105.7464,104.57,,-0.20%
03/07/2025,104.7967,104.2878,104.9108,103.7759,,0.33%
03/06/2025,104.4518,104.89,104.89,104.0907,,0.03%
03/05/2025,104.4213,103.4063,104.6477,103.3762,,0.77%
03/04/2025,103.6229,103.1439,103.9174,102.7485,,0.23%
03/03/2025,103.3838,103.2001,103.8406,102.8336,,0.62%
02/28/2025,102.7507,104.1283,104.1855,102.7309,,-1.46%
02/27/2025,104.2777,104.5787,105.0126,104.2625,,-0.34%
02/26/2025,104.6294,105.6635,105.7244,104.5504,,-0.52%
02/25/2025,105.1765,106.0147,106.0638,104.647,,-0.67%
02/24/2025,105.8823,106.4324,106.467,105.7105,,-0.89%
02/21/2025,106.8317,107.8017,107.946,106.799,,-0.82%
02/20/2025,107.712,107.9789,108.1593,107.514,,0.15%
02/19/2025,107.5533,107.1298,108.2107,107.0548,,0.24%
02/18/2025,107.2929,105.5503,107.2991,105.5007,,1.33%
02/14/2025,105.8842,106.2705,107.0198,105.8508,,-0.01%
02/13/2025,105.89,105.4754,106.0842,105.4206,,0.36%
02/12/2025,105.5135,105.5528,105.7049,105.0219,,-0.14%
02/11/2025,105.6596,105.4621,106.1169,105.3913,,0.09%
02/10/2025,105.5692,104.5981,105.689,104.5113,,1.29%
02/07/2025,104.2236,104.7001,104.8885,104.1601,,-0.10%
02/06/2025,104.3296,104.2243,104.698,103.4651,,0.16%
02/05/2025,104.1595,103.9893,104.2794,103.5754,,-0.05%
02/04/2025,104.2114,103.4395,104.4329,102.679,,0.41%
02/03/2025,103.7836,102.6557,103.9302,102.6215,,1.46%
01/31/2025,102.2923,102.8997,102.9909,102.0311,,-0.43%
01/30/2025,102.7333,102.6211,103.252,102.5167,,0.04%
01/29/2025,102.6872,102.012,102.9304,101.8385,,0.69%
01/28/2025,101.9807,101.897,102.1535,101.6652,,0.16%
01/27/2025,101.8177,102.3241,102.7902,101.3499,,-1.56%
01/24/2025,103.4289,103.5041,103.5686,103.0101,,-0.04%
01/23/2025,103.4682,103.159,103.846,103.051,,-0.12%
01/22/2025,103.596,103.3029,103.662,103.0288,,0.16%
01/21/2025,103.4322,103.629,103.7074,102.9117,,-0.25%
01/17/2025,103.6957,104.3011,104.3925,103.2216,,-0.50%
01/16/2025,104.2197,104.1126,104.246,103.5452,,0.09%
01/15/2025,104.125,102.5914,104.1559,102.5543,,1.36%
01/14/2025,102.7284,103.0014,103.0808,102.2626,,-0.30%
01/13/2025,103.0424,103.359,103.4941,102.3894,,0.54%
01/10/2025,102.4909,100.7305,102.6452,100.712,,2.03%
01/09/2025,100.4512,99.3958,100.7432,99.384,,0.99%
01/08/2025,99.4623,99.5474,100.0434,99.288,,-0.03%
01/07/2025,99.4877,99.1303,99.8952,98.8396,,0.23%
01/06/2025,99.2611,99.0084,99.9407,98.7375,,0.78%
01/03/2025,98.4915,99.7513,99.8184,98.4511,,-1.12%
01/02/2025,99.6066,99.0764,100.1442,98.9292,,0.86%
12/31/2024,98.7611,98.9318,99.1263,98.2454,,-0.11%
12/30/2024,98.865,98.8456,99.6319,98.5133,,0.67%
12/27/2024,98.2065,97.9682,98.2373,97.8405,,0.16%
12/26/2024,98.0453,98.2519,98.314,97.866,,-0.17%
12/25/2024,98.2085,97.6862,98.2269,97.6055,,0.00%
12/24/2024,98.2085,97.6862,98.2269,97.6055,,0.74%
12/23/2024,97.4865,98.0543,98.1386,97.1207,,-0.08%
12/20/2024,97.5669,96.6442,97.7438,96.6043,,1.06%
12/19/2024,96.5475,96.6904,97.0879,96.237,,-0.67%
12/18/2024,97.2021,97.4878,97.8013,97.178,,-0.29%
12/17/2024,97.4886,98.1639,98.2494,96.8223,,-0.70%
12/16/2024,98.1745,98.443,98.6605,98.1236,,-0.51%
12/13/2024,98.6739,98.9589,99.1029,98.4341,,-0.37%
12/12/2024,99.0433,99.5566,99.9572,98.6306,,-0.68%
12/11/2024,99.7186,99.2499,99.8439,98.8137,,0.89%
12/10/2024,98.8344,98.3953,98.9418,98.1575,,0.34%
12/09/2024,98.4974,98.0179,98.8595,97.795,,1.04%
12/06/2024,97.4828,97.3567,97.6314,97.0127,,0.11%
12/05/2024,97.3803,97.188,97.7993,97.1791,,0.06%
12/04/2024,97.3262,97.4578,97.7183,97.0799,,-0.16%
12/03/2024,97.4836,96.9492,97.9179,96.937,,0.46%
12/02/2024,97.0381,97.361,97.519,96.8446,,-1.12%
11/29/2024,98.1416,98.3366,98.57,98.1252,,0.40%
11/27/2024,97.7475,98.4476,98.5579,97.6415,,-0.63%
11/26/2024,98.3672,98.1425,99.0452,97.9585,,0.20%
11/25/2024,98.1736,99.6667,99.6834,98.1002,,-0.81%
11/22/2024,98.9746,99.4665,99.5625,98.4169,,0.07%
11/21/2024,98.9069,98.6737,99.5817,98.6109,,0.41%
11/20/2024,98.5042,98.015,98.8306,97.8402,,0.61%
11/19/2024,97.9081,97.7293,98.251,97.6079,,0.23%
11/18/2024,97.6791,96.718,97.7047,96.3123,,1.64%
11/15/2024,96.1028,96.0011,96.6176,95.5248,,0.14%
11/14/2024,95.9683,96.3027,96.8044,95.9487,,-0.78%
11/13/2024,96.7249,96.9406,97.0667,96.0822,,-0.09%
11/12/2024,96.8084,97.1871,97.4413,96.6263,,-0.40%
11/11/2024,97.2017,98.3495,98.5006,97.0538,,-0.95%
11/08/2024,98.1345,99.2239,99.255,97.9621,,-1.19%
11/07/2024,99.317,98.3147,99.3605,98.1622,,1.21%
11/06/2024,98.1265,98.5303,98.5303,96.9307,,-0.97%
11/05/2024,99.092,98.9351,99.6528,98.9055,,0.19%
11/04/2024,98.9066,98.3182,98.9816,98.3021,,0.85%
11/01/2024,98.0707,98.7031,99.1197,98.0034,,-0.03%
10/31/2024,98.0956,98.7762,98.9299,97.9792,,-0.80%
10/30/2024,98.89,98.8733,99.0425,98.2763,,0.45%
10/29/2024,98.4518,98.3348,98.8104,98.0931,,0.20%
10/28/2024,98.26,98.9145,99.159,98.1214,,-1.97%
10/25/2024,100.2382,99.7676,100.2619,99.2142,,0.41%
10/24/2024,99.8276,100.113,100.6734,99.3661,,0.22%
10/23/2024,99.6049,99.8167,100.1931,99.2961,,-0.47%
10/22/2024,100.0706,98.7492,100.1303,98.72,,1.34%
10/21/2024,98.7509,98.4751,99.292,98.4751,,0.52%
10/18/2024,98.2366,98.6207,98.9639,98.0695,,-0.10%
10/17/2024,98.3303,98.6496,98.7638,97.8519,,0.06%
10/16/2024,98.2691,98.6358,98.8379,98.1633,,-0.14%
10/15/2024,98.4113,98.7006,98.8387,97.9374,,-1.06%
10/14/2024,99.4659,99.9677,100.3481,99.4501,,-1.33%
10/11/2024,100.8063,100.8237,101.2433,100.4969,,0.26%
10/10/2024,100.547,99.5723,100.6305,99.5021,,1.14%
10/09/2024,99.4101,100.1728,100.6255,98.829,,-0.72%
10/08/2024,100.1268,101.9731,101.9817,99.7905,,-1.99%
10/07/2024,102.1627,101.622,102.4104,101.5261,,0.08%
10/04/2024,102.0771,102.3169,102.9765,101.9953,,-0.23%
10/03/2024,102.3077,101.9813,102.4146,101.4139,,0.76%
10/02/2024,101.5402,101.6276,102.4245,101.3076,,0.24%
10/01/2024,101.2925,100.2085,101.9987,99.7367,,0.95%
09/30/2024,100.3406,100.1425,100.7121,99.8146,,0.08%
09/27/2024,100.2604,99.6146,100.487,99.4862,,0.34%
09/26/2024,99.9159,100.4707,100.6458,99.6165,,-0.27%
09/25/2024,100.1826,100.3834,100.4629,99.7475,,-0.04%
09/24/2024,100.2267,99.216,100.4493,99.1321,,1.18%
09/23/2024,99.0554,98.475,99.5015,97.9568,,0.92%
09/20/2024,98.1558,97.7838,98.2886,97.4115,,0.30%
09/19/2024,97.8583,96.6102,97.9756,96.6102,,0.76%
09/18/2024,97.1221,96.9996,97.3579,96.7793,,0.10%
09/17/2024,97.0247,96.8901,97.3165,96.5631,,0.29%
09/16/2024,96.7451,95.9874,97.0722,95.9676,,0.58%
09/13/2024,96.1849,96.0433,96.6888,95.8869,,0.55%
09/12/2024,95.6583,94.347,95.8795,94.266,,1.59%
09/11/2024,94.1619,93.5218,94.3578,93.3253,,0.89%
09/10/2024,93.3307,94.1742,94.3172,93.1697,,-0.95%
09/09/2024,94.2228,93.7617,94.3402,93.5589,,0.54%
09/06/2024,93.7151,95.1646,95.5571,93.5827,,-1.51%
09/05/2024,95.1562,94.8384,95.7593,94.5832,,0.30%
09/04/2024,94.8723,95.0823,95.4995,94.4799,,-0.35%
09/03/2024,95.2064,95.9082,96.0796,94.4514,,-0.92%
08/30/2024,96.0873,96.9981,97.5028,96.0494,,-0.95%
08/29/2024,97.0049,96.4149,97.0184,96.1322,,0.74%
08/28/2024,96.2908,97.0434,97.0622,95.9981,,-0.90%
08/27/2024,97.1667,97.0065,97.3746,96.829,,-0.03%
08/26/2024,97.196,96.5397,97.3593,96.411,,0.77%
08/23/2024,96.458,95.4233,96.5474,95.3099,,1.28%
08/22/2024,95.2427,95.8581,95.9557,94.914,,-0.75%
08/21/2024,95.9586,96.2013,96.5089,95.7805,,-0.26%
08/20/2024,96.212,96.0967,96.7572,95.8752,,-0.04%
08/19/2024,96.2537,95.9073,96.65,95.7012,,0.57%
08/16/2024,95.7116,95.9992,96.0053,95.1569,,-0.41%
08/15/2024,96.1066,95.6347,96.6199,95.5565,,0.75%
08/14/2024,95.393,95.7002,96.0867,95.3401,,-0.14%
08/13/2024,95.528,96.4156,96.4202,95.5033,,-1.14%
08/12/2024,96.6308,95.5589,96.6408,95.4895,,1.17%
08/09/2024,95.5136,95.6078,95.9382,95.356,,0.28%
08/08/2024,95.2451,94.607,95.5265,94.3648,,0.49%
08/07/2024,94.7852,93.9902,95.0153,93.8168,,0.67%
08/06/2024,94.1545,94.345,94.3993,93.5125,,0.26%
08/05/2024,93.9059,94.8235,95.0775,92.415,,-0.87%
08/02/2024,94.7317,95.7945,96.2489,94.5436,,-0.85%
08/01/2024,95.5459,96.9255,97.0029,95.5395,,-0.94%
07/31/2024,96.4493,95.8036,96.7102,95.741,,1.07%
07/30/2024,95.425,95.205,95.581,94.7073,,0.02%
07/29/2024,95.4079,96.1207,96.3227,94.9606,,-0.58%
07/26/2024,95.9622,97.2257,97.2257,95.9288,,-0.84%
07/25/2024,96.7789,96.5517,96.9526,95.9101,,-0.53%
07/24/2024,97.2965,97.3874,97.9135,97.2259,,-0.20%
07/23/2024,97.4928,98.2695,98.2973,97.4682,,-0.61%
07/22/2024,98.0865,97.8684,98.115,97.3209,,0.62%
07/19/2024,97.4851,98.3663,98.632,97.4675,,-1.51%
07/18/2024,98.9796,99.432,99.6722,98.8073,,-0.24%
07/17/2024,99.2133,99.8078,99.9378,99.1101,,-0.38%
07/16/2024,99.5907,99.6615,99.8413,99.0938,,-0.02%
07/15/2024,99.6058,100.334,100.3625,99.5894,,-1.14%
07/12/2024,100.7543,100.6628,101.0446,100.3529,,-0.01%
07/11/2024,100.7639,100.7255,101.2235,100.5437,,0.32%
07/10/2024,100.4444,100.6752,100.9118,100.3597,,-0.25%
07/09/2024,100.6931,101.4178,101.6393,100.6664,,-0.64%
07/08/2024,101.3373,102.1837,102.226,101.2476,,-1.14%
07/05/2024,102.5046,101.9944,102.9094,101.9163,,0.32%
07/03/2024,102.1788,101.4772,102.3376,101.3409,,0.93%
07/02/2024,101.2373,101.4593,101.8684,101.2203,,-0.09%
07/01/2024,101.3271,101.027,101.4051,100.677,,0.33%
06/28/2024,100.9915,101.5287,102.1235,100.9324,,-0.33%
06/27/2024,101.329,100.9503,101.7971,100.8321,,0.23%
06/26/2024,101.0926,101.3579,101.709,100.8353,,-0.32%
06/25/2024,101.4174,102.4411,102.6073,101.4024,,-1.12%
06/24/2024,102.5619,101.5626,102.5766,101.4555,,0.82%
06/21/2024,101.7255,102.6615,102.7608,101.6791,,-1.00%
06/20/2024,102.7487,103.0601,103.3398,102.6794,,0.02%
06/18/2024,102.7299,102.1111,102.7545,101.4387,,0.81%
06/17/2024,101.9078,102.0168,102.0168,101.4946,,-0.52%
06/14/2024,102.4383,102.5773,103.0101,102.382,,-0.33%
06/13/2024,102.7795,102.6124,103.2985,102.4341,,-0.53%
06/12/2024,103.3283,102.9888,103.7009,102.6954,,0.61%
06/11/2024,102.7055,102.7141,102.8273,102.129,,0.31%
06/10/2024,102.3853,102.0034,102.8711,101.8003,,0.56%
06/07/2024,101.8175,103.4326,103.6744,101.5674,,-1.59%
06/06/2024,103.4588,102.452,103.5138,102.1741,,1.56%
06/05/2024,101.8736,101.5342,101.9518,101.1088,,0.58%
06/04/2024,101.2822,102.6721,102.791,101.2591,,-1.42%
06/03/2024,102.7403,103.6545,103.9545,102.2964,,-0.24%
05/31/2024,102.9915,104.0061,104.5219,102.8047,,-1.02%
05/30/2024,104.0478,105.2173,105.2869,104.0366,,-1.39%
05/29/2024,105.5111,106.6178,106.9839,105.4512,,-1.07%
05/28/2024,106.6481,106.2076,106.675,105.8636,,1.54%
05/24/2024,105.0273,105.253,105.5178,104.808,,-0.09%
05/23/2024,105.1239,105.69,106.8598,105.0039,,-1.21%
05/22/2024,106.4078,106.9453,107.0506,105.74,,-0.54%
05/21/2024,106.9851,106.7445,107.5433,106.3366,,-0.24%
05/20/2024,107.2407,106.473,107.2588,105.9407,,1.42%
05/17/2024,105.7442,104.4448,105.7589,104.2954,,1.57%
05/16/2024,104.1084,104.2022,104.3188,103.7796,,0.20%
05/15/2024,103.9033,103.452,104.1503,102.9055,,0.75%
05/14/2024,103.1263,103.2907,103.4641,102.747,,-0.14%
05/13/2024,103.2716,102.3272,103.3694,102.3105,,0.47%
05/10/2024,102.7868,102.884,103.4805,102.581,,0.31%
05/09/2024,102.4681,102.1238,102.6557,102.0768,,0.40%
05/08/2024,102.0613,102.0939,102.3221,101.6684,,-0.47%
05/07/2024,102.5455,102.5425,102.7394,102.0234,,0.00%
05/06/2024,102.5412,101.4152,102.7994,101.3196,,1.19%
05/03/2024,101.3398,101.0809,101.6951,100.8888,,0.49%
05/02/2024,100.8424,100.9276,101.2081,100.2711,,0.31%
05/01/2024,100.5325,101.1522,101.3673,100.5043,,-1.12%
04/30/2024,101.6744,103.2041,103.2186,101.5482,,-1.65%
04/29/2024,103.3774,102.7963,103.5693,102.7463,,0.45%
04/26/2024,102.9191,103.2525,103.6545,102.8018,,-0.10%
04/25/2024,103.0205,102.4231,103.0489,102.2901,,0.33%
04/24/2024,102.6862,102.9116,103.2205,102.6436,,-0.26%
04/23/2024,102.953,102.4027,102.9688,101.6361,,0.17%
04/22/2024,102.7831,102.7164,102.8832,101.9152,,-0.26%
04/19/2024,103.0556,103.3091,103.7309,102.0881,,0.94%
04/18/2024,102.0947,102.1009,102.5444,101.9149,,-0.13%
04/17/2024,102.2248,102.5412,103.0087,102.0032,,-0.59%
04/16/2024,102.8343,103.1576,103.202,102.0711,,0.02%
04/15/2024,102.8128,103.0985,103.2451,101.9885,,-0.11%
04/12/2024,102.9251,102.957,104.343,102.7882,,0.56%
04/11/2024,102.3493,102.996,103.1671,102.1307,,-0.51%
04/10/2024,102.8709,103.0616,103.6161,102.4297,,0.06%
04/09/2024,102.8042,102.8988,103.4952,102.6919,,-0.11%
04/08/2024,102.9183,102.2734,103.2044,102.2498,,0.02%
04/05/2024,102.8961,101.7646,103.187,101.7599,,0.62%
04/04/2024,102.2595,102.2396,102.3143,101.6018,,0.34%
04/03/2024,101.9094,100.9001,102.1107,100.803,,1.20%
04/02/2024,100.6986,100.1451,101.0483,100.0623,,0.79%
04/01/2024,99.9046,99.8593,100.2917,99.4686,,0.42%
03/28/2024,99.4894,98.2955,99.5549,98.1787,,1.20%
03/27/2024,98.3107,98.2541,98.4087,97.9978,,-0.37%
03/26/2024,98.6781,99.2575,99.4904,98.6275,,-0.61%
03/25/2024,99.2827,99.0024,99.5672,98.7432,,0.59%
03/22/2024,98.704,99.0609,99.227,98.6882,,-0.74%
03/21/2024,99.4434,100.2697,100.3455,98.9555,,0.20%
03/20/2024,99.2492,99.5748,99.6189,98.8326,,-0.34%
03/19/2024,99.5907,99.6528,99.7436,99.2392,,-0.09%
03/18/2024,99.6785,99.6035,99.8887,99.3234,,0.49%
03/15/2024,99.1895,99.1269,99.4232,98.7304,,0.11%
03/14/2024,99.0783,99.0894,99.2767,98.6889,,0.09%
03/13/2024,98.9916,98.1986,99.0602,98.1637,,0.82%
03/12/2024,98.184,98.2713,98.5002,97.8242,,-0.12%
03/11/2024,98.2987,97.8629,98.442,97.651,,0.30%
03/08/2024,98.004,98.2483,98.721,97.4236,,-0.29%
03/07/2024,98.2922,97.8571,98.5628,97.788,,0.44%
03/06/2024,97.866,97.1204,98.12,97.081,,0.59%
03/05/2024,97.2962,97.4056,97.7983,97.1557,,-0.37%
03/04/2024,97.6548,97.3973,98.1171,97.2731,,0.45%
03/01/2024,97.2157,96.6944,97.3093,96.4434,,0.53%
02/29/2024,96.6989,96.5881,97.0262,96.1472,,0.04%
02/28/2024,96.6555,96.5844,96.8013,95.9825,,0.00%
02/27/2024,96.6585,96.1369,96.7136,95.9606,,0.90%
02/26/2024,95.796,95.4456,95.8586,95.1951,,0.41%
02/23/2024,95.4053,96.3905,96.395,95.3583,,-1.05%
02/22/2024,96.4155,96.5603,96.8949,96.0151,,-0.14%
02/21/2024,96.5535,96.4656,96.6489,96.1165,,0.75%
02/20/2024,95.8341,95.9819,96.2533,95.5701,,-0.44%
02/16/2024,96.2531,95.743,96.2635,95.4475,,0.66%
02/15/2024,95.6234,95.2758,96.0304,95.1738,,0.23%
02/14/2024,95.4028,96.0197,96.3159,95.3839,,-0.91%
02/13/2024,96.2778,96.7785,97.127,95.9566,,-0.46%
02/12/2024,96.7209,96.6858,97.0982,96.6017,,-0.24%
02/09/2024,96.9496,96.862,97.2888,96.5308,,-0.05%
02/08/2024,96.9936,96.8657,97.0972,96.5582,,0.35%
02/07/2024,96.6545,96.6031,96.9748,96.4077,,0.02%
02/06/2024,96.6324,96.4906,96.9339,96.4214,,0.17%
02/05/2024,96.4708,96.5325,96.8026,95.9,,-0.21%
02/02/2024,96.6698,97.7146,97.772,96.5417,,-0.95%
02/01/2024,97.5928,98.7131,98.7572,97.4254,,-0.98%
01/31/2024,98.5602,98.7579,99.0473,98.3164,,-0.30%
01/30/2024,98.858,97.9583,98.9521,97.591,,0.97%
01/29/2024,97.9105,98.8541,98.9215,97.813,,-0.88%
01/26/2024,98.7813,98.7819,98.8375,98.0338,,0.06%
01/25/2024,98.7207,98.566,99.1563,98.2608,,0.24%
01/24/2024,98.4872,97.765,98.6162,97.6173,,0.90%
01/23/2024,97.6048,96.9696,97.7171,96.8235,,0.73%
01/22/2024,96.8997,96.52,97.0822,96.0659,,0.10%
01/19/2024,96.7989,97.3068,97.681,96.7662,,-0.41%
01/18/2024,97.1996,96.532,97.2133,96.2148,,0.58%
01/17/2024,96.6416,97.1022,97.1022,96.2892,,-0.81%
01/16/2024,97.4334,97.603,98.0345,97.2249,,-0.54%
01/12/2024,97.959,98.5945,99.1856,97.4886,,0.30%
01/11/2024,97.665,97.5839,98.5038,97.5795,,0.18%
01/10/2024,97.4891,98.3968,98.5004,97.3487,,-0.80%
01/09/2024,98.2761,97.5638,98.6393,97.3596,,0.90%
01/08/2024,97.4017,98.1776,98.2141,96.6628,,-1.25%
01/05/2024,98.6326,98.5611,98.9872,97.9148,,0.32%
01/04/2024,98.3138,98.4427,98.8737,97.8161,,-0.01%
01/03/2024,98.3249,98.0844,98.529,97.5109,,0.23%
01/02/2024,98.0974,99.2276,99.6602,97.9038,,-0.56%
12/29/2023,98.646,99.4446,99.5512,98.6196,,-0.92%
12/28/2023,99.5651,100.2205,100.2725,99.5327,,-0.56%
12/27/2023,100.1262,100.0057,100.4936,99.7519,,0.21%
12/26/2023,99.9115,99.2614,100.0048,99.0886,,0.56%
12/22/2023,99.3544,99.4231,99.8536,99.1637,,0.34%
12/21/2023,99.0173,98.8781,99.1867,98.5712,,-0.11%
12/20/2023,99.1295,99.7813,100.0416,98.9693,,-0.45%
12/19/2023,99.5763,99.0699,99.7762,98.7989,,0.47%
12/18/2023,99.1083,98.8121,99.8273,98.4998,,0.21%
12/15/2023,98.8993,98.9292,99.1601,98.3988,,0.31%
12/14/2023,98.5902,97.4678,98.7419,97.3798,,2.27%
12/13/2023,96.4029,96.2516,96.7154,95.9231,,0.04%
12/12/2023,96.3658,97.5182,97.8585,96.2697,,-0.96%
12/11/2023,97.304,97.6229,97.7772,96.6723,,-0.57%
12/08/2023,97.8635,98.2111,98.6656,97.6543,,0.04%
12/07/2023,97.8204,97.6562,98.2766,97.5672,,0.28%
12/06/2023,97.5491,99.6969,99.9437,97.4909,,-2.03%
12/05/2023,99.5711,100.0097,100.3605,99.4818,,-0.42%
12/04/2023,99.9919,101.0512,101.0554,99.9569,,-1.46%
12/01/2023,101.4705,101.6678,102.3895,101.1761,,-0.33%
11/30/2023,101.8067,102.3773,102.7565,101.466,,-0.51%
11/29/2023,102.3333,101.8971,102.3683,101.6175,,0.35%
11/28/2023,101.9748,101.1757,102.3591,100.9533,,1.00%
11/27/2023,100.9681,101.1429,101.4255,100.807,,-0.44%
11/24/2023,101.4189,102.2713,102.337,101.3809,,-0.75%
11/22/2023,102.1838,102.8105,102.8802,101.3641,,-0.73%
11/21/2023,102.9389,102.9219,103.0948,102.5034,,0.24%
11/20/2023,102.6901,102.138,102.807,101.7218,,0.76%
11/17/2023,101.9202,101.7458,102.0588,101.3532,,0.14%
11/16/2023,101.7808,102.9265,103.4228,101.6038,,-1.53%
11/15/2023,103.3672,103.4419,103.8126,103.2424,,-0.03%
11/14/2023,103.3938,103.3507,104.0363,102.8264,,0.26%
11/13/2023,103.1268,101.525,103.1556,101.4504,,1.49%
11/10/2023,101.6086,101.9787,102.0652,101.5445,,-0.54%
11/09/2023,102.1643,102.265,102.731,102.0552,,-0.18%
11/08/2023,102.3481,103.3211,103.3572,102.1177,,-0.65%
11/07/2023,103.0161,104.7054,104.7159,103.0067,,-1.89%
11/06/2023,104.9975,104.9893,105.6285,104.9256,,-0.22%
11/03/2023,105.2272,105.1935,105.906,105.0877,,0.17%
11/02/2023,105.0477,104.6097,105.0932,104.3681,,0.85%
11/01/2023,104.1593,104.5126,105.1988,104.1135,,-0.44%
10/31/2023,104.6162,104.3892,105.3906,104.1888,,0.14%
10/30/2023,104.474,105.4906,105.5313,104.3447,,-1.09%
10/27/2023,105.63,104.8379,105.8204,104.8379,,0.99%
10/26/2023,104.5994,104.9581,105.1677,104.3354,,-0.44%
10/25/2023,105.0615,104.7277,105.0825,103.7972,,0.46%
10/24/2023,104.5826,104.9101,105.1055,104.0357,,-0.27%
10/23/2023,104.8618,105.2105,105.6628,104.8483,,-0.90%
10/20/2023,105.8155,106.3836,106.7086,105.7334,,-0.25%
10/19/2023,106.0803,105.7063,106.1401,105.1876,,0.17%
10/18/2023,105.8979,105.7355,106.1723,105.4492,,1.02%
10/17/2023,104.8331,104.4753,105.1573,104.3166,,0.12%
10/16/2023,104.7056,105.1685,105.2982,104.5317,,-0.55%
10/13/2023,105.287,103.4174,105.3083,103.3895,,1.87%
10/12/2023,103.3567,103.0884,103.6679,102.7554,,0.31%
10/11/2023,103.0353,103.8938,104.1356,102.5412,,-0.55%
10/10/2023,103.6054,103.7567,103.7946,103.1919,,-0.15%
10/09/2023,103.756,104.1348,104.3155,103.3112,,1.15%
10/06/2023,102.5742,101.8115,102.6515,101.5151,,0.91%
10/05/2023,101.6456,101.8378,102.0118,100.9291,,0.02%
10/04/2023,101.6285,103.3088,103.4561,101.6067,,-1.77%
10/03/2023,103.4618,103.195,103.6568,103.0638,,-0.28%
10/02/2023,103.7479,104.7031,104.956,103.6893,,-1.04%
09/29/2023,104.8391,106.2327,106.5888,104.7907,,-1.00%
09/28/2023,105.8928,106.0976,106.3432,105.7247,,0.12%
09/27/2023,105.7688,105.7616,106.116,105.5627,,0.35%
09/26/2023,105.405,105.83,105.8518,104.9131,,-0.33%
09/25/2023,105.7523,106.1119,106.2581,105.4059,,-0.44%
09/22/2023,106.2245,106.2182,106.851,106.0189,,0.15%
09/21/2023,106.0696,106.594,106.8975,106.0389,,-1.10%
09/20/2023,107.2461,107.3387,107.6966,106.9035,,-0.20%
09/19/2023,107.4641,107.2597,107.9379,107.1237,,0.06%
09/18/2023,107.4003,107.527,107.783,107.2116,,-0.07%
09/15/2023,107.4702,107.9285,108.2163,107.3741,,-0.22%
09/14/2023,107.7119,107.2145,107.8474,106.9998,,0.71%
09/13/2023,106.9543,106.7847,107.2058,106.5429,,0.13%
09/12/2023,106.8176,106.6531,107.0494,106.3507,,0.13%
09/11/2023,106.6824,105.9318,106.9558,105.9205,,0.57%
09/08/2023,106.0826,105.8762,106.4865,105.7792,,0.07%
09/07/2023,106.0115,106.4292,106.443,105.7968,,-0.35%
09/06/2023,106.3853,106.6551,106.7664,106.0578,,-0.24%
09/05/2023,106.6385,106.3355,107.0266,105.8154,,-0.08%
09/01/2023,106.7234,106.4307,107.3913,106.3632,,0.66%
08/31/2023,106.0289,106.1375,106.5655,105.836,,-0.09%
08/30/2023,106.1231,105.8879,106.4537,105.659,,0.32%
08/29/2023,105.7818,105.434,105.94,105.2195,,0.12%
08/28/2023,105.6527,105.8324,106.1112,105.4772,,0.17%
08/25/2023,105.4753,104.9197,105.5476,104.8466,,0.56%
08/24/2023,104.8874,104.4169,104.9739,103.8964,,0.24%
08/23/2023,104.6391,104.0348,104.8535,103.6046,,0.68%
08/22/2023,103.9352,104.2976,104.6169,103.7973,,-0.31%
08/21/2023,104.2595,104.7662,105.1211,104.1537,,0.01%
08/18/2023,104.2442,104.2013,104.3357,103.517,,0.46%
08/17/2023,103.7637,103.417,104.3067,103.262,,0.32%
08/16/2023,103.4349,103.7745,104.2129,103.4176,,-0.36%
08/15/2023,103.8041,105.152,105.456,103.6989,,-1.23%
08/14/2023,105.0976,105.5902,105.6615,104.6793,,-0.46%
08/11/2023,105.5861,105.9412,106.0059,105.3783,,-0.27%
08/10/2023,105.8719,106.5856,107.0277,105.7595,,-0.63%
08/09/2023,106.5389,105.974,106.7944,105.8921,,0.78%
08/08/2023,105.7102,105.5465,105.7439,104.2342,,-0.04%
08/07/2023,105.7569,105.966,106.1432,105.4346,,-0.17%
08/04/2023,105.932,105.8082,106.1901,105.4577,,0.37%
08/03/2023,105.5456,105.2032,105.793,104.7281,,0.50%
08/02/2023,105.0157,107.3917,107.4163,104.8216,,-1.54%
08/01/2023,106.6636,107.3814,107.3885,106.2412,,-0.63%
07/31/2023,107.3396,106.8322,107.3534,106.5197,,0.10%
07/28/2023,107.2298,106.7937,107.4575,106.4765,,0.28%
07/27/2023,106.9292,108.0334,108.3158,106.7225,,-0.56%
07/26/2023,107.5335,107.8252,108.1202,107.3791,,-0.65%
07/25/2023,108.2421,107.835,108.3166,107.2327,,0.55%
07/24/2023,107.6541,106.251,107.9885,106.1545,,1.37%
07/21/2023,106.1991,106.3126,106.4835,105.6099,,0.15%
07/20/2023,106.0429,105.9114,106.59,105.7466,,0.49%
07/19/2023,105.5207,105.131,106.0919,104.8736,,0.58%
07/18/2023,104.9102,103.8207,105.1275,103.6661,,1.27%
07/17/2023,103.5916,104.3093,104.833,103.5067,,-0.96%
07/14/2023,104.5971,104.6295,105.0729,104.1184,,0.08%
07/13/2023,104.5159,103.5384,104.5489,103.4485,,1.09%
07/12/2023,103.3871,103.5133,104.2857,103.1265,,0.28%
07/11/2023,103.1002,102.3246,103.1287,102.2866,,0.93%
07/10/2023,102.1541,102.0402,102.5522,101.7562,,0.24%
07/07/2023,101.9122,101.4698,102.2883,101.2549,,0.52%
07/06/2023,101.3891,102.095,102.1474,100.8034,,-0.63%
07/05/2023,102.0268,101.7175,102.6298,101.4171,,0.76%
07/03/2023,101.2527,101.491,102.0914,101.198,,-0.22%
06/30/2023,101.4785,100.5061,101.9816,100.1906,,1.22%
06/29/2023,100.2506,100.4383,100.5166,99.6437,,-0.08%
06/28/2023,100.3296,101.1322,101.4767,99.8704,,-0.88%
06/27/2023,101.2242,102.6934,102.8303,101.1698,,-1.22%
06/26/2023,102.4776,102.7723,103.1621,102.2856,,0.13%
06/23/2023,102.3456,102.7267,102.7296,101.5358,,-0.84%
06/22/2023,103.2163,104.632,104.6893,102.7018,,-1.48%
06/21/2023,104.7676,103.8979,104.7731,103.2709,,1.10%
06/20/2023,103.6242,104.5732,104.8063,103.3047,,-1.44%
06/16/2023,105.1417,103.6645,105.1536,103.5666,,1.58%
06/15/2023,103.5079,100.6938,103.6351,100.6247,,2.20%
06/14/2023,101.2802,100.9674,101.7606,100.9284,,0.17%
06/13/2023,101.1083,100.0649,101.3817,99.9358,,1.17%
06/12/2023,99.9348,100.5168,100.7829,99.5469,,-1.02%
06/09/2023,100.9596,101.1033,101.6158,100.8945,,-0.42%
06/08/2023,101.388,100.4611,101.4941,100.3785,,0.70%
06/07/2023,100.6793,100.5361,101.2511,100.0285,,0.25%
06/06/2023,100.4277,100.0113,100.5422,99.4832,,0.36%
06/05/2023,100.0633,100.1595,100.5514,99.974,,0.24%
06/02/2023,99.8213,99.125,100.1699,99.0931,,0.63%
06/01/2023,99.1922,98.3465,99.4808,98.2207,,1.25%
05/31/2023,97.9647,98.0326,98.4631,97.0062,,-0.37%
05/30/2023,98.3284,99.9475,100.0004,98.0765,,-1.75%
05/26/2023,100.0794,99.1839,100.1483,99.1802,,0.79%
05/25/2023,99.2939,100.4965,100.7365,98.7891,,-1.28%
05/24/2023,100.5773,100.6537,101.0904,100.1214,,0.08%
05/23/2023,100.4944,100.7687,100.9077,100.0328,,-0.38%
05/22/2023,100.8743,100.6239,100.9761,100.2571,,-0.20%
05/19/2023,101.0741,100.7491,102.2962,100.7294,,0.11%
05/18/2023,100.966,101.33,101.4827,100.1268,,-0.45%
05/17/2023,101.4239,100.9895,101.6489,100.6901,,0.25%
05/16/2023,101.1662,102.4868,102.4868,101.0169,,-1.13%
05/15/2023,102.3245,101.0229,102.5249,100.9006,,1.13%
05/12/2023,101.1839,100.9788,101.6412,100.7804,,0.06%
05/11/2023,101.1199,102.6328,102.9235,101.0156,,-1.57%
05/10/2023,102.734,103.4401,103.4756,102.4919,,-0.79%
05/09/2023,103.5492,103.2092,103.5984,102.5157,,-0.15%
05/08/2023,103.6997,103.0708,104.0235,103.0674,,0.72%
05/05/2023,102.9563,101.808,103.1594,101.6368,,1.28%
05/04/2023,101.6529,102.1201,102.1786,101.1014,,0.11%
05/03/2023,101.5413,102.2138,102.335,101.0608,,-0.77%
05/02/2023,102.3281,103.7781,103.9006,102.2267,,-1.29%
05/01/2023,103.6653,103.8325,104.3389,103.1838,,-0.62%
04/28/2023,104.3114,103.465,104.3721,102.7478,,0.94%
04/27/2023,103.3361,103.5045,103.7228,102.8503,,-0.11%
04/26/2023,103.4534,104.9254,105.1194,103.4377,,-1.11%
04/25/2023,104.6145,106.0333,106.0333,104.6145,,-1.30%
04/24/2023,105.9963,105.2414,106.1818,104.9842,,0.40%
04/21/2023,105.5753,106.1241,106.3077,105.3244,,-0.77%
04/20/2023,106.3893,107.0957,107.1219,105.9382,,-0.88%
04/19/2023,107.3306,108.5134,108.5729,107.1013,,-1.31%
04/18/2023,108.7529,108.308,108.8917,107.8672,,0.66%
04/17/2023,108.0345,107.9029,108.1772,107.5451,,0.20%
04/14/2023,107.8204,108.0679,108.1746,107.0247,,0.09%
04/13/2023,107.7188,107.6372,108.4405,107.4934,,0.09%
04/12/2023,107.6193,107.3728,107.7877,106.9332,,0.45%
04/11/2023,107.1386,106.3888,107.1889,106.3888,,0.84%
04/10/2023,106.2505,106.2011,106.5816,105.9495,,0.01%
04/06/2023,106.2398,106.4572,106.8229,105.9256,,-0.37%
04/05/2023,106.6344,106.6818,106.824,106.1424,,0.11%
04/04/2023,106.5169,106.5794,106.8524,106.1292,,-0.02%
04/03/2023,106.5337,106.3044,107.3374,105.8528,,0.97%
03/31/2023,105.5076,104.4256,105.5726,103.8248,,1.07%
03/30/2023,104.3921,103.7387,104.6643,103.726,,0.22%
03/29/2023,104.1591,104.3635,104.9276,103.8848,,-0.19%
03/28/2023,104.362,104.0094,104.6313,103.7153,,0.59%
03/27/2023,103.7487,102.6066,103.8048,102.38,,0.70%
03/24/2023,103.0238,102.1571,103.1796,101.6714,,0.46%
03/23/2023,102.5509,102.6816,103.4103,102.4577,,-0.02%
03/22/2023,102.5711,102.4915,103.0227,102.1518,,-0.13%
03/21/2023,102.707,102.4854,103.1745,102.044,,0.13%
03/20/2023,102.5698,102.6974,102.8564,101.6877,,-0.02%
03/17/2023,102.5945,103.5317,103.6978,101.9054,,-0.16%
03/16/2023,102.7609,102.3662,103.0036,101.667,,0.60%
03/15/2023,102.152,104.5326,104.649,101.6154,,-1.97%
03/14/2023,104.2085,104.8996,105.1664,104.1573,,-0.88%
03/13/2023,105.1314,104.6662,105.8607,103.0645,,0.55%
03/10/2023,104.5533,103.7066,104.7907,103.3623,,0.34%
03/09/2023,104.1983,105.1457,105.7008,104.0838,,-0.81%
03/08/2023,105.0476,105.646,105.7882,104.9578,,-0.69%
03/07/2023,105.7738,107.5544,107.5544,105.6847,,-1.45%
03/06/2023,107.3258,107.341,107.5675,106.6185,,-0.91%
03/03/2023,108.3105,106.9586,108.3469,106.8151,,1.28%
03/02/2023,106.9377,107.218,107.3137,106.6391,,-0.33%
03/01/2023,107.2923,106.5619,107.3133,106.0695,,1.07%
02/28/2023,106.1591,105.8283,106.2277,105.6622,,0.18%
02/27/2023,105.9698,105.6887,106.2737,105.3847,,0.40%
02/24/2023,105.5489,106.3873,106.509,104.7415,,-0.41%
02/23/2023,105.9813,106.1813,106.7639,105.6603,,-0.14%
02/22/2023,106.1328,107.0334,107.1248,106.0912,,-0.85%
02/21/2023,107.0443,106.9864,107.6988,106.7826,,0.48%
02/17/2023,106.5327,107.2473,107.2496,105.8051,,-0.85%
02/16/2023,107.4432,107.8396,108.0157,107.2131,,0.04%
02/15/2023,107.4009,108.5141,108.5242,107.0575,,-1.25%
02/14/2023,108.7588,108.4884,109.1775,107.8802,,0.18%
02/13/2023,108.5619,108.5819,108.7471,107.9694,,-0.10%
02/10/2023,108.6756,107.6882,108.7515,107.3737,,0.72%
02/09/2023,107.9031,108.2619,108.5678,107.2084,,-0.18%
02/08/2023,108.0934,108.3653,109.1021,107.573,,-0.02%
02/07/2023,108.1139,107.2869,108.3008,106.9592,,1.35%
02/06/2023,106.6752,107.2141,107.484,105.5546,,-0.37%
02/03/2023,107.0711,109.155,109.3478,106.9883,,-2.14%
02/02/2023,109.4116,110.3681,110.5756,109.3618,,-0.11%
02/01/2023,109.5348,111.8196,112.0983,109.2123,,-2.03%
01/31/2023,111.8001,110.7049,111.915,109.6478,,0.90%
01/30/2023,110.7983,111.3419,111.6874,110.7444,,-0.73%
01/27/2023,111.611,112.4659,112.7832,111.296,,-0.69%
01/26/2023,112.3885,111.5252,112.4759,111.2621,,0.58%
01/25/2023,111.7393,112.0442,112.1086,111.2812,,-0.16%
01/24/2023,111.9141,112.8118,113.1202,111.8364,,-0.54%
01/23/2023,112.5185,112.1896,112.5549,111.701,,0.35%
01/20/2023,112.1277,112.0558,112.5274,111.6911,,0.25%
01/19/2023,111.8466,111.1341,112.3077,110.9366,,0.23%
01/18/2023,111.5941,112.393,113.1712,111.4465,,-0.38%
01/17/2023,112.0157,111.389,112.2012,111.2387,,0.39%
01/13/2023,111.5772,110.9173,111.6857,110.4265,,0.57%
01/12/2023,110.9404,109.7922,111.363,109.636,,1.16%
01/11/2023,109.6679,108.5169,109.8773,108.4053,,0.93%
01/10/2023,108.6524,108.7016,109.2073,108.2222,,-0.54%
01/09/2023,109.2429,109.0022,110.118,108.7633,,1.05%
01/06/2023,108.1114,107.8558,108.5718,107.0287,,0.70%
01/05/2023,107.3618,108.8511,109.3168,107.088,,-1.11%
01/04/2023,108.5645,110.4497,110.5461,108.4249,,-1.59%
01/03/2023,110.3157,112.5637,112.8889,110.2561,,-2.21%
12/30/2022,112.8052,112.5684,112.8434,112.1496,,0.37%
12/29/2022,112.3937,112.5295,112.7732,111.7389,,-0.24%
12/28/2022,112.6616,113.1429,113.2557,111.7172,,-0.61%
12/27/2022,113.3564,113.3916,114.0301,112.6496,,0.71%
12/23/2022,112.5557,111.8327,112.8666,111.5793,,1.14%
12/22/2022,111.2826,113.8004,113.8448,111.2433,,-1.63%
12/21/2022,113.1305,112.4591,113.449,112.2013,,1.09%
12/20/2022,111.9071,111.9057,112.4758,111.0868,,0.24%
12/19/2022,111.6411,112.4114,112.5893,111.2185,,-0.95%
12/16/2022,112.7092,113.8452,113.847,112.2079,,-0.95%
12/15/2022,113.79,114.0769,114.638,112.9228,,-0.66%
12/14/2022,114.549,114.4566,115.1907,113.9915,,-0.36%
12/13/2022,114.9612,113.4295,115.6539,113.1218,,1.97%
12/12/2022,112.737,112.6785,113.4331,112.188,,0.90%
12/09/2022,111.7327,111.3156,112.5705,111.1405,,0.49%
12/08/2022,111.1893,111.2836,112.1848,110.5602,,0.42%
12/07/2022,110.7246,110.1884,111.1271,109.5772,,0.68%
12/06/2022,109.979,111.4356,111.7248,109.6046,,-1.04%
12/05/2022,111.1317,114.1984,114.5204,111.1008,,-2.91%
12/02/2022,114.4683,115.7743,115.931,114.3349,,-1.39%
12/01/2022,116.079,116.5249,117.8104,115.9982,,0.02%
11/30/2022,116.0528,115.2521,116.9038,115.0112,,0.75%
11/29/2022,115.1879,114.8199,116.1777,114.8199,,0.69%
11/28/2022,114.3929,113.8648,114.8767,112.9223,,-0.46%
11/25/2022,114.9175,116.4339,117.0847,114.7464,,-1.37%
11/23/2022,116.5097,116.7305,117.8467,116.0733,,0.12%
11/22/2022,116.3729,115.4459,116.959,114.7671,,0.90%
11/21/2022,115.3334,114.0326,115.409,113.4672,,0.47%
11/18/2022,114.794,115.368,115.5984,113.5792,,-0.28%
11/17/2022,115.1212,116.4954,116.8639,114.8108,,-1.47%
11/16/2022,116.8407,117.5478,117.6255,115.5074,,-0.58%
11/15/2022,117.5266,116.8845,118.243,115.7845,,0.77%
11/14/2022,116.6252,117.2927,118.4463,116.557,,-0.22%
11/11/2022,116.8796,116.2185,118.4786,115.9601,,0.76%
11/10/2022,115.9968,114.5708,116.1061,113.7208,,1.25%
11/09/2022,114.5601,116.4357,116.7986,114.3636,,-1.53%
11/08/2022,116.3446,117.5988,117.7797,116.2055,,-1.52%
11/07/2022,118.1416,117.8469,119.2311,117.4226,,0.55%
11/04/2022,117.4946,113.771,117.5935,113.753,,3.43%
11/03/2022,113.6014,114.4751,114.547,112.9343,,-1.29%
11/02/2022,115.0882,114.1092,115.136,113.2135,,1.38%
11/01/2022,113.5167,113.3144,114.4884,112.9258,,0.14%
10/31/2022,113.3532,112.8945,113.581,112.3077,,1.43%
10/28/2022,111.7561,113.0343,113.0603,110.9837,,-1.32%
10/27/2022,113.2491,114.3206,114.3745,112.8565,,-0.57%
10/26/2022,113.8936,112.754,114.2183,112.7084,,0.94%
10/25/2022,112.8293,111.7157,112.8619,110.6628,,1.08%
10/24/2022,111.6278,111.5932,112.2924,110.3313,,0.32%
10/21/2022,111.271,111.2101,111.4831,109.8149,,-0.16%
10/20/2022,111.449,111.1773,112.3042,111.1489,,0.22%
10/19/2022,111.2009,112.2568,112.3009,110.7051,,-0.54%
10/18/2022,111.8046,112.8573,113.2506,111.2506,,-1.16%
10/17/2022,113.1218,113.8085,114.0702,112.8777,,-0.48%
10/14/2022,113.6662,116.1736,116.4277,113.5141,,-2.01%
10/13/2022,115.9979,114.6892,116.0854,113.095,,1.20%
10/12/2022,114.6169,114.9584,115.8269,114.4454,,-0.72%
10/11/2022,115.4479,116.121,116.1404,114.5906,,-0.48%
10/10/2022,116.0076,117.0307,118.1173,115.9543,,-0.96%
10/07/2022,117.1356,116.4065,117.6515,116.0613,,0.35%
10/06/2022,116.7247,116.8191,117.2901,116.1611,,0.21%
10/05/2022,116.4826,115.5998,116.7894,114.6335,,0.67%
10/04/2022,115.7081,112.955,115.8998,112.8067,,2.62%
10/03/2022,112.7541,112.3131,112.8151,111.822,,1.13%
09/30/2022,111.4887,112.8079,113.6523,111.4586,,-0.96%
09/29/2022,112.5709,113.2057,113.875,111.5475,,-0.16%
09/28/2022,112.7518,110.1095,112.811,109.382,,2.08%
09/27/2022,110.4532,111.1429,112.0726,110.4016,,-0.13%
09/26/2022,110.6013,112.3169,112.3766,110.2914,,-1.60%
09/23/2022,112.4019,116.3102,116.3131,112.1629,,-3.11%
09/22/2022,116.0139,117.0415,118.1095,115.9113,,-0.84%
09/21/2022,116.9968,117.2703,119.1574,116.3737,,-0.28%
09/20/2022,117.3242,117.2598,117.7866,116.3388,,0.38%
09/19/2022,116.8749,116.7406,117.0829,114.7802,,0.11%
09/16/2022,116.7431,117.7492,117.8337,116.34,,-0.86%
09/15/2022,117.7562,121.4687,121.5144,117.3082,,-2.99%
09/14/2022,121.3896,120.2645,121.5284,119.2152,,1.07%
09/13/2022,120.107,120.8154,122.0158,119.2944,,-0.56%
09/12/2022,120.78,118.2028,121.3141,118.0627,,1.91%
09/09/2022,118.5179,116.8558,118.7073,116.8223,,2.02%
09/08/2022,116.1733,116.0639,116.7015,115.4687,,0.39%
09/07/2022,115.7208,116.6308,117.9591,115.6313,,-1.49%
09/06/2022,117.4672,119.9179,120.5054,117.1811,,-1.37%
09/02/2022,119.1003,119.7239,120.3973,119.0016,,-0.30%
09/01/2022,119.4641,121.3585,121.4629,119.2708,,-1.79%
08/31/2022,121.6412,122.8129,123.4074,120.9709,,-0.75%
08/30/2022,122.5635,124.7029,125.0866,122.1279,,-2.42%
08/29/2022,125.605,124.8356,125.817,123.7443,,0.81%
08/26/2022,124.5972,124.8045,125.4869,123.987,,0.36%
08/25/2022,124.1499,125.1012,125.638,124.0746,,-0.48%
08/24/2022,124.7489,124.17,125.036,123.5594,,0.67%
08/23/2022,123.9199,124.3088,125.9357,123.6626,,0.44%
08/22/2022,123.3756,121.6915,123.6878,121.3407,,0.87%
08/19/2022,122.3162,121.2908,122.4723,119.9822,,0.69%
08/18/2022,121.4756,121.4657,122.5129,120.7836,,0.09%
08/17/2022,121.3616,121.7939,122.5618,120.6811,,-0.15%
08/16/2022,121.544,121.3001,122.7863,121.0155,,0.13%
08/15/2022,121.3813,122.587,122.587,119.3906,,-1.48%
08/12/2022,123.2038,122.9429,123.5439,122.0064,,-0.35%
08/11/2022,123.6355,120.7095,123.795,120.5651,,2.42%
08/10/2022,120.7119,118.6632,120.8756,117.9537,,1.73%
08/09/2022,118.657,117.5112,119.4129,117.4894,,1.16%
08/08/2022,117.2995,117.3917,117.9129,116.2502,,-0.47%
08/05/2022,117.8512,118.4387,118.858,116.4973,,-0.16%
08/04/2022,118.0448,118.0661,118.7863,117.2353,,0.15%
08/03/2022,117.8687,117.8973,118.9076,116.3252,,0.07%
08/02/2022,117.7836,119.1058,119.6401,117.5427,,-1.69%
08/01/2022,119.8033,120.3045,120.7689,118.1246,,-1.66%
07/29/2022,121.827,120.6708,122.8233,120.297,,1.28%
07/28/2022,120.2881,121.2052,121.7272,120.1671,,0.29%
07/27/2022,119.9368,118.8757,120.321,118.636,,0.50%
07/26/2022,119.3385,119.0807,121.2639,118.5096,,1.07%
07/25/2022,118.072,116.4509,118.1659,115.9846,,1.33%
07/22/2022,116.5236,115.9106,117.6649,114.9597,,0.58%
07/21/2022,115.8556,116.7584,116.7897,114.378,,-1.45%
07/20/2022,117.5544,115.6793,117.5821,115.341,,1.30%
07/19/2022,116.0464,116.3772,116.8882,114.8664,,-0.93%
07/18/2022,117.1397,113.895,117.466,113.8113,,3.24%
07/15/2022,113.4684,112.3803,113.6301,111.1598,,1.57%
07/14/2022,111.7193,113.6263,114.0905,110.6823,,-1.71%
07/13/2022,113.6652,112.1062,114.5148,111.5352,,1.52%
07/12/2022,111.9622,116.6199,116.6672,111.9233,,-3.80%
07/11/2022,116.3843,117.0159,117.3923,116.0036,,0.41%
07/08/2022,115.9131,114.9486,116.2147,114.0921,,0.67%
07/07/2022,115.1385,110.6417,115.631,110.6417,,3.96%
07/06/2022,110.7525,112.1688,112.8836,109.7997,,-1.00%
07/05/2022,111.8706,118.5066,118.5066,111.2354,,-4.49%
07/01/2022,117.1284,117.7014,118.483,116.4346,,0.07%
06/30/2022,117.0482,121.9913,122.3119,117.0065,,-4.28%
06/29/2022,122.2785,122.6347,124.23,122.2176,,-0.34%
06/28/2022,122.6985,122.0791,123.2614,122.0698,,0.70%
06/27/2022,121.844,121.0845,122.2758,120.1868,,0.44%
06/24/2022,121.3129,120.6871,121.9098,119.7146,,0.33%
06/23/2022,120.9108,123.0269,123.9922,120.7673,,-3.06%
06/22/2022,124.7315,125.1026,125.1882,123.2152,,-1.26%
06/21/2022,126.329,126.9579,127.69,126.0544,,-0.35%
06/17/2022,126.7754,130.1576,131.0518,126.4048,,-2.72%
06/16/2022,130.3233,130.4354,130.652,129.1745,,0.68%
06/15/2022,129.4447,129.5535,130.6582,128.8737,,0.30%
06/14/2022,129.0639,133.2146,133.854,128.9412,,-3.14%
06/13/2022,133.2447,134.2267,134.3628,131.496,,-1.62%
06/10/2022,135.4343,136.2096,136.722,134.1162,,-0.86%
06/09/2022,136.6096,134.9607,136.8021,133.945,,0.42%
06/08/2022,136.0384,136.7475,138.1611,135.6398,,-0.27%
06/07/2022,136.4088,136.5294,136.9814,135.3548,,0.07%
06/06/2022,136.3127,135.3238,136.5785,135.27,,1.86%
06/03/2022,133.8178,133.9412,134.4555,133.0636,,-0.01%
06/02/2022,133.8311,132.0165,134.5917,131.9175,,0.77%
06/01/2022,132.8027,131.7591,133.5664,131.3177,,1.11%
05/31/2022,131.343,134.4534,135.5853,131.2362,,-1.89%
05/27/2022,133.8715,133.4729,133.9108,132.2332,,0.46%
05/26/2022,133.2613,131.569,134.6166,131.569,,0.88%
05/25/2022,132.105,132.3214,132.7015,131.4445,,0.13%
05/24/2022,131.9297,131.9754,132.8186,131.4434,,-0.32%
05/23/2022,132.3495,130.9023,132.4414,130.6486,,1.38%
05/20/2022,130.5458,130.425,131.0527,129.9155,,-0.43%
05/19/2022,131.1103,129.7208,131.3334,127.6114,,1.14%
05/18/2022,129.6334,131.2709,131.97,129.2638,,-1.52%
05/17/2022,131.6289,131.4276,132.4538,130.8572,,0.60%
05/16/2022,130.8399,129.2198,130.9394,128.5245,,1.97%
05/13/2022,128.3122,127.6072,128.4001,126.8239,,0.91%
05/12/2022,127.1488,126.9289,127.535,124.9863,,-0.21%
05/11/2022,127.4119,125.3258,127.6193,125.2214,,2.24%
05/10/2022,124.6191,124.0634,125.8554,123.454,,-0.11%
05/09/2022,124.7593,130.192,130.5497,124.6581,,-4.28%
05/06/2022,130.3436,132.0493,132.9186,130.1625,,-1.56%
05/05/2022,132.4048,132.5211,133.3496,131.0539,,0.73%
05/04/2022,131.4432,128.4472,131.5335,128.4461,,2.20%
05/03/2022,128.6199,129.4893,130.5504,128.2695,,-0.27%
05/02/2022,128.971,128.9042,129.3761,127.3097,,-0.40%
04/29/2022,129.4827,129.3494,130.6429,129.1652,,0.24%
04/28/2022,129.1717,129.7353,129.9779,128.3936,,-0.37%
04/27/2022,129.6554,128.7216,130.0752,128.2489,,1.06%
04/26/2022,128.2956,127.7587,128.8445,127.2566,,1.15%
04/25/2022,126.8343,127.8256,127.8295,125.4988,,-1.70%
04/22/2022,129.0307,130.9404,131.2672,128.9325,,-1.73%
04/21/2022,131.2995,131.1233,131.8207,130.472,,0.21%
04/20/2022,131.0292,131.5832,132.1843,129.9297,,-0.23%
04/19/2022,131.3248,135.0919,135.3257,130.7686,,-2.72%
04/18/2022,134.9936,134.0469,136.0226,133.2267,,1.93%
04/14/2022,132.4326,131.2018,132.501,130.4669,,1.08%
04/13/2022,131.0126,128.8522,131.0604,128.4659,,1.71%
04/12/2022,128.8055,126.932,129.5333,126.9263,,2.27%
04/11/2022,125.9407,126.0161,126.4418,125.1779,,-0.38%
04/08/2022,126.4148,125.1822,126.5253,124.7431,,1.19%
04/07/2022,124.9259,125.2445,125.4786,123.882,,0.33%
04/06/2022,124.5122,125.9767,127.199,124.4282,,-1.34%
04/05/2022,126.2058,126.4012,127.5464,126.1435,,0.51%
04/04/2022,125.5651,124.1411,126.125,124.1345,,1.36%
04/01/2022,123.8774,124.3222,124.9636,123.1434,,-0.43%
03/31/2022,124.4109,125.0999,126.4679,124.2067,,-1.62%
03/30/2022,126.4538,123.9652,126.9251,123.9172,,2.29%
03/29/2022,123.6243,125.5973,126.1195,121.8282,,-2.05%
03/28/2022,126.2061,128.5703,128.7623,125.9554,,-2.80%
03/25/2022,129.848,129.2552,129.8915,127.5578,,0.53%
03/24/2022,129.1574,129.0571,129.8567,128.0157,,0.24%
03/23/2022,128.8447,125.6164,128.9401,125.3659,,2.62%
03/22/2022,125.5496,126.8096,126.9281,124.299,,-0.10%
03/21/2022,125.669,124.853,126.7316,124.6009,,1.87%
03/18/2022,123.361,124.7568,125.0879,123.2588,,-0.79%
03/17/2022,124.3487,121.4074,124.4709,121.3616,,3.05%
03/16/2022,120.6707,121.9633,123.1352,120.2544,,-1.01%
03/15/2022,121.899,121.7517,122.6172,120.2322,,-1.53%
03/14/2022,123.799,125.3465,125.681,123.1783,,-2.05%
03/11/2022,126.392,125.0266,126.6686,124.2782,,1.01%
03/10/2022,125.1253,125.3764,128.4139,124.793,,-0.57%
03/09/2022,125.8394,134.0879,134.3634,125.3438,,-5.12%
03/08/2022,132.6339,131.8655,140.5769,130.7504,,1.35%
03/07/2022,130.8658,132.115,132.88,129.0486,,3.02%
03/04/2022,127.0295,124.687,127.0755,123.4514,,3.34%
03/03/2022,122.9271,124.5163,126.1865,122.3361,,0.68%
03/02/2022,122.1001,120.7555,122.8205,120.2358,,2.35%
03/01/2022,119.2955,115.4162,119.6587,115.3097,,4.14%
02/28/2022,114.5522,115.0101,115.7113,114.2073,,1.92%
02/25/2022,112.3975,115.9518,116.0901,112.0706,,-2.49%
02/24/2022,115.267,115.6607,119.737,115.1368,,0.81%
02/23/2022,114.3391,113.7579,114.6076,113.1179,,0.70%
02/22/2022,113.5406,113.6634,114.0655,113.0044,,1.71%
02/18/2022,111.6303,111.2049,112.2791,110.6769,,0.08%
02/17/2022,111.5362,110.9616,111.9797,110.9514,,-0.12%
02/16/2022,111.674,110.0643,111.7514,110.0138,,1.62%
02/15/2022,109.8897,111.1963,111.2464,109.2681,,-1.09%
02/14/2022,111.1035,111.1767,111.2132,109.8004,,1.10%
02/11/2022,109.8974,109.194,110.3906,108.6294,,0.37%
02/10/2022,109.4918,109.9026,110.855,109.3274,,-0.23%
02/09/2022,109.743,108.9951,109.856,108.5173,,0.76%
02/08/2022,108.913,109.304,109.5191,108.4187,,-0.44%
02/07/2022,109.3966,109.4928,109.8113,109.0908,,-0.16%
02/04/2022,109.5738,110.1881,110.5262,109.3188,,0.21%
02/03/2022,109.3401,109.8142,109.8662,108.2577,,-0.84%
02/02/2022,110.2686,109.0146,110.7323,108.9057,,1.56%
02/01/2022,108.5735,108.0918,108.8797,107.631,,0.66%
01/31/2022,107.8627,108.7583,108.7583,106.9394,,0.67%
01/28/2022,107.1477,106.7754,107.9237,106.3373,,0.90%
01/27/2022,106.1891,105.8479,106.8274,105.6525,,-0.41%
01/26/2022,106.6277,105.2795,106.7757,105.2046,,0.96%
01/25/2022,105.6162,104.697,105.684,104.4588,,0.96%
01/24/2022,104.6155,105.5131,105.5574,103.6028,,-0.71%
01/21/2022,105.3587,104.7566,105.6649,104.7347,,-0.35%
01/20/2022,105.7311,105.3449,105.9609,105.1014,,0.27%
01/19/2022,105.4421,104.7563,105.7241,104.386,,1.27%
01/18/2022,104.124,104.1844,104.4532,103.7502,,0.56%
01/14/2022,103.5431,102.9326,103.5905,102.7633,,0.48%
01/13/2022,103.048,104.0283,104.2087,102.8854,,-1.31%
01/12/2022,104.4179,102.8545,104.5361,102.7531,,1.61%
01/11/2022,102.7651,101.1708,102.7852,101.0759,,1.89%
01/10/2022,100.8585,101.7932,101.9462,100.555,,-0.42%
01/07/2022,101.2864,101.2208,101.4231,100.8193,,0.50%
01/06/2022,100.7846,100.3074,101.077,100.0783,,-0.37%
01/05/2022,101.1573,100.4482,101.3729,100.3661,,0.57%
01/04/2022,100.5795,99.498,100.7615,99.3765,,1.12%
01/03/2022,99.464,99.4379,99.9984,98.7984,,0.30%
12/31/2021,99.1694,99.3667,99.8856,99.0679,,-0.26%
12/30/2021,99.4285,100.382,100.4229,99.3581,,-0.76%
12/29/2021,100.1863,99.9175,100.706,99.7267,,0.13%
12/28/2021,100.0572,100.5713,101.0889,99.9814,,-0.32%
12/27/2021,100.3759,99.1428,100.4401,98.5137,,1.49%
12/23/2021,98.8989,98.9648,99.0904,98.2014,,0.18%
12/22/2021,98.7249,97.313,98.7594,97.1583,,1.63%
12/21/2021,97.145,95.6847,97.2993,95.3419,,1.85%
12/20/2021,95.3807,95.7911,95.8646,94.639,,-1.08%
12/17/2021,96.4217,97.1165,97.1165,96.254,,-0.63%
12/16/2021,97.0352,96.3108,97.4537,96.3108,,1.59%
12/15/2021,95.5179,95.7896,95.846,95.1458,,-0.49%
12/14/2021,95.9836,96.1828,96.5969,95.6624,,-0.53%
12/13/2021,96.4993,97.4597,97.6161,96.4216,,-0.41%
12/10/2021,96.8966,96.4477,97.1713,96.2406,,0.36%
12/09/2021,96.5513,97.5871,97.6042,96.2663,,-0.72%
12/08/2021,97.253,96.7605,97.4435,96.5344,,0.58%
12/07/2021,96.6927,95.9585,97.224,95.8673,,1.04%
12/06/2021,95.6962,95.6981,95.8414,94.8341,,-0.10%
12/03/2021,95.7939,95.5813,96.9502,95.5423,,0.71%
12/02/2021,95.1181,95.401,96.0216,94.1663,,-0.09%
12/01/2021,95.203,96.5033,97.2931,95.138,,-0.62%
11/30/2021,95.7976,98.8716,98.8974,95.2987,,-2.96%
11/29/2021,98.7195,100.811,100.9507,98.4254,,-1.38%
11/26/2021,100.103,103.0827,103.1098,99.2285,,-3.36%
11/24/2021,103.5881,103.3633,103.8738,103.1464,,0.34%
11/23/2021,103.2419,102.1148,103.4583,101.6343,,1.13%
11/22/2021,102.093,101.8668,102.4204,101.1212,,-0.21%
11/19/2021,102.3109,103.169,103.4183,101.4872,,-0.23%
11/18/2021,102.5491,102.2312,103.2085,102.1334,,0.14%
11/17/2021,102.408,103.2554,103.4982,102.3244,,-0.90%
11/16/2021,103.3382,103.6004,104.0504,103.1984,,0.18%
11/15/2021,103.1564,102.48,103.1728,102.0381,,0.35%
11/12/2021,102.7969,103.2059,103.2812,102.1906,,-0.52%
11/11/2021,103.3308,102.1772,103.3709,102.0754,,1.29%
11/10/2021,102.0168,102.6988,102.8667,101.8437,,-0.44%
11/09/2021,102.4712,102.736,103.0917,101.5552,,-0.30%
11/08/2021,102.7802,103.1663,103.5325,102.592,,0.04%
11/05/2021,102.7359,102.7893,103.1132,102.0168,,0.16%
11/04/2021,102.5742,103.5006,104.62,102.4266,,-0.54%
11/03/2021,103.1319,103.5579,104.0305,102.9042,,-1.04%
11/02/2021,104.2177,104.0633,104.2992,103.3885,,0.55%
11/01/2021,103.6426,103.3985,104.1009,102.931,,0.28%
10/29/2021,103.3578,104.1844,104.4291,102.7248,,-0.90%
10/28/2021,104.2984,103.9612,105.138,103.793,,-0.74%
10/27/2021,105.0775,105.1676,105.5538,104.3614,,-0.57%
10/26/2021,105.6777,105.9677,106.2633,104.709,,-0.15%
10/25/2021,105.8398,104.7848,105.9314,104.7227,,2.01%
10/22/2021,103.7541,103.5935,104.4865,102.9105,,0.55%
10/21/2021,103.19,105.4501,105.5518,102.7336,,-1.86%
10/20/2021,105.1448,103.4013,105.1589,103.2261,,1.19%
10/19/2021,103.9065,103.7353,104.3735,103.1673,,0.28%
10/18/2021,103.6177,104.583,105.1262,103.5549,,-1.06%
10/15/2021,104.729,104.3333,105.6106,104.2956,,0.30%
10/14/2021,104.4107,103.6054,104.9003,103.5355,,1.10%
10/13/2021,103.2766,102.5964,103.3578,102.0707,,0.53%
10/12/2021,102.7287,102.5103,103.1299,102.2127,,0.02%
10/11/2021,102.7131,103.2391,104.0885,102.6241,,0.09%
10/08/2021,102.6205,103.0831,103.4572,102.5898,,0.27%
10/07/2021,102.3416,101.9005,102.3773,100.3813,,0.74%
10/06/2021,101.5926,103.5551,104.4747,101.4558,,-2.18%
10/05/2021,103.8534,102.2121,104.1275,102.1111,,1.76%
10/04/2021,102.0533,101.0618,103.1694,100.9218,,1.12%
10/01/2021,100.927,100.8052,101.1025,100.1368,,0.17%
09/30/2021,100.7581,99.6698,100.9335,99.2739,,1.17%
09/29/2021,99.5976,100.5206,100.8358,99.491,,-1.31%
09/28/2021,100.9161,101.307,102.3457,100.2498,,0.09%
09/27/2021,100.8251,99.8743,100.8474,99.4699,,1.87%
09/24/2021,98.9774,98.2966,99.0016,98.0125,,0.76%
09/23/2021,98.2353,97.0002,98.2998,96.8798,,1.12%
09/22/2021,97.1467,96.382,97.2323,96.2787,,1.44%
09/21/2021,95.7663,96.2785,96.7012,95.064,,-0.30%
09/20/2021,96.0519,96.7866,96.8638,95.9568,,-1.53%
09/17/2021,97.5465,98.5269,98.8623,97.4295,,-1.06%
09/16/2021,98.5901,99.491,99.6114,97.9169,,-1.00%
09/15/2021,99.5834,98.113,100.0878,97.9995,,1.76%
09/14/2021,97.8584,97.6703,98.2847,97.6306,,0.19%
09/13/2021,97.6737,97.1765,97.8032,96.9273,,0.59%
09/10/2021,97.1053,96.4936,97.3318,96.4936,,0.56%
09/09/2021,96.5663,96.734,97.0119,96.0647,,-0.13%
09/08/2021,96.6888,96.1299,97.1357,95.9356,,0.94%
09/07/2021,95.7925,97.0359,97.1607,95.7105,,-1.36%
09/03/2021,97.1166,96.4926,97.3786,96.4518,,0.42%
09/02/2021,96.7142,95.7457,97.0883,95.7317,,0.67%
09/01/2021,96.0661,95.9818,96.2444,95.3467,,0.08%
08/31/2021,95.9859,96.3448,96.5748,95.4104,,-0.20%
08/30/2021,96.1791,96.6867,96.8091,95.7433,,-0.18%
08/27/2021,96.3507,95.0668,96.3588,95.0668,,1.47%
08/26/2021,94.9512,94.6847,95.2802,94.2734,,0.20%
08/25/2021,94.7623,94.1104,94.8578,93.9177,,0.40%
08/24/2021,94.3806,93.3781,94.4883,93.1903,,1.34%
08/23/2021,93.1364,91.6321,93.2026,91.6083,,2.17%
08/20/2021,91.1605,92.1481,92.4058,91.1,,-0.82%
08/19/2021,91.915,92.9694,93.0095,91.4835,,-1.69%
08/18/2021,93.4924,93.9417,94.2941,93.4066,,-0.53%
08/17/2021,93.9928,95.2272,95.2905,93.9205,,-1.09%
08/16/2021,95.0249,94.8879,95.2518,94.4192,,-0.15%
08/13/2021,95.17,94.7673,95.7106,94.5768,,0.20%
08/12/2021,94.9793,94.9537,95.4802,94.25,,0.02%
08/11/2021,94.9615,94.4033,94.9973,93.9106,,0.61%
08/10/2021,94.3816,93.1629,94.5325,93.1526,,1.35%
08/09/2021,93.1239,94.1001,94.2211,92.7377,,-1.65%
08/06/2021,94.6853,95.1764,95.678,94.5133,,-0.65%
08/05/2021,95.3019,94.8781,95.6411,94.4943,,0.47%
08/04/2021,94.8532,95.4363,95.7226,94.7312,,-0.52%
08/03/2021,95.3477,95.5693,95.7311,94.6732,,-0.42%
08/02/2021,95.7473,96.0289,96.5707,95.4421,,-0.55%
07/30/2021,96.2754,97.099,97.4119,96.017,,-1.26%
07/29/2021,97.5057,96.2991,97.5418,96.2496,,1.38%
07/28/2021,96.1806,96.0482,96.3474,95.5837,,0.36%
07/27/2021,95.8341,96.7814,96.9059,95.7021,,-0.84%
07/26/2021,96.6417,95.5311,96.7116,95.0568,,1.00%
07/23/2021,95.6888,95.4952,95.8705,95.4114,,0.19%
07/22/2021,95.5058,94.3274,95.5437,94.1703,,0.85%
07/21/2021,94.7001,93.3038,94.7643,93.0068,,1.49%
07/20/2021,93.3119,92.4512,93.3926,92.3455,,1.33%
07/19/2021,92.0902,94.2956,94.5832,91.8797,,-2.48%
07/16/2021,94.4305,94.1771,94.7431,93.9076,,0.32%
07/15/2021,94.1287,94.0976,94.4829,93.8389,,-0.30%
07/14/2021,94.4088,94.3212,95.1624,94.0942,,-0.08%
07/13/2021,94.4802,94.1864,94.7178,93.6319,,0.55%
07/12/2021,93.9659,93.3445,94.0028,92.745,,0.50%
07/09/2021,93.4966,92.6071,93.6251,92.5012,,0.99%
07/08/2021,92.5763,92.2155,92.833,91.8142,,0.11%
07/07/2021,92.4746,93.1263,94.0735,91.693,,-0.35%
07/06/2021,92.7971,95.8965,96.1372,92.6214,,-2.29%
07/02/2021,94.9753,94.8181,95.223,94.4922,,0.30%
07/01/2021,94.6891,94.6492,96.1706,94.5774,,0.16%
06/30/2021,94.5412,93.4793,94.7666,92.7497,,1.44%
06/29/2021,93.1987,92.8914,93.9164,92.4546,,0.14%
06/28/2021,93.0665,92.4383,93.2119,92.3424,,0.68%
06/25/2021,92.437,92.5091,92.8616,91.8658,,0.09%
06/24/2021,92.3561,91.866,92.4118,91.3861,,0.11%
06/23/2021,92.2513,91.7752,92.8602,91.7327,,0.79%
06/22/2021,91.5248,91.6135,91.9514,91.2591,,-0.04%
06/21/2021,91.5595,90.8216,91.5897,90.1468,,0.69%
06/18/2021,90.933,90.3523,91.2874,89.9443,,0.92%
06/17/2021,90.1018,92.5215,92.7958,89.9227,,-3.55%
06/16/2021,93.4144,93.7571,93.9781,93.18,,-0.14%
06/15/2021,93.5422,93.9676,94.0843,93.2458,,-0.82%
06/14/2021,94.314,94.3957,94.5859,93.7428,,-0.71%
06/11/2021,94.9903,95.2493,95.5574,94.5626,,-0.04%
06/10/2021,95.0283,94.5147,95.3397,94.351,,0.24%
06/09/2021,94.8034,94.7884,95.0503,94.4145,,0.03%
06/08/2021,94.7736,94.1832,95.048,94.059,,0.65%
06/07/2021,94.1594,94.9179,94.9809,94.1216,,-0.55%
06/04/2021,94.6845,93.1099,94.7979,93.1032,,1.52%
06/03/2021,93.2629,94.9299,94.9953,93.0644,,-1.25%
06/02/2021,94.4461,94.1242,94.6683,93.9943,,0.33%
06/01/2021,94.139,93.7626,95.1048,93.7351,,1.42%
05/28/2021,92.8252,92.9642,93.2215,92.6274,,0.02%
05/27/2021,92.8029,91.4278,92.8242,91.3301,,1.31%
05/26/2021,91.6044,91.5343,91.8682,90.8337,,0.24%
05/25/2021,91.3895,91.7153,91.9591,91.1305,,-0.21%
05/24/2021,91.5824,90.7564,91.5982,90.5573,,0.76%
05/21/2021,90.8946,90.5839,91.2695,90.4104,,0.01%
05/20/2021,90.8886,91.4776,91.8864,90.8558,,-0.60%
05/19/2021,91.4413,92.7723,92.7723,90.7817,,-1.84%
05/18/2021,93.1516,93.7598,94.0811,92.676,,-0.11%
05/17/2021,93.2504,92.2487,93.3879,92.1363,,1.38%
05/14/2021,91.9824,91.8336,92.6455,91.4757,,0.31%
05/13/2021,91.7009,93.5241,93.5359,91.4964,,-2.32%
05/12/2021,93.8772,94.081,94.5928,93.833,,0.01%
05/11/2021,93.865,92.8437,94.0007,92.8003,,0.76%
05/10/2021,93.1553,94.1761,94.1896,92.8304,,-0.62%
05/07/2021,93.7349,93.2263,93.8659,92.9671,,0.93%
05/06/2021,92.8708,92.436,92.9547,92.3172,,0.70%
05/05/2021,92.2249,92.0404,92.3502,91.7375,,0.62%
05/04/2021,91.6533,91.1131,92.1089,90.9651,,0.76%
05/03/2021,90.9651,90.8814,91.3746,90.5113,,0.67%
04/30/2021,90.361,90.1267,90.3966,89.6037,,0.22%
04/29/2021,90.1666,90.5723,90.959,89.7568,,-0.02%
04/28/2021,90.1887,89.3708,90.8368,89.2381,,0.12%
04/27/2021,90.0768,89.6541,90.5414,89.595,,0.62%
04/26/2021,89.5237,88.7881,89.5877,88.333,,1.27%
04/23/2021,88.4025,88.1869,88.4101,87.8296,,0.49%
04/22/2021,87.9709,87.2445,88.1752,87.1252,,0.81%
04/21/2021,87.2667,86.9711,87.4807,86.4817,,0.33%
04/20/2021,86.9782,87.0171,87.6275,86.6881,,0.22%
04/19/2021,86.7849,86.4961,87.0557,86.4961,,0.30%
04/16/2021,86.5268,86.5291,87.004,86.4645,,-0.04%
04/15/2021,86.5611,85.7867,86.5902,85.7674,,0.79%
04/14/2021,85.8804,84.4729,85.9757,84.4238,,1.85%
04/13/2021,84.3167,83.5696,84.593,83.5071,,0.88%
04/12/2021,83.5819,83.9707,84.3402,83.486,,-0.53%
04/09/2021,84.0279,84.379,84.459,83.9711,,-0.44%
04/08/2021,84.3968,83.5856,84.4956,83.5193,,0.75%
04/07/2021,83.7649,83.5594,83.8374,83.2705,,0.19%
04/06/2021,83.6052,83.4505,84.3384,83.2681,,0.72%
04/05/2021,83.0088,83.9719,83.9914,82.7085,,-0.98%
04/01/2021,83.8339,83.6296,84.2158,83.2556,,0.47%
03/31/2021,83.4445,82.7365,83.959,82.5144,,0.84%
03/30/2021,82.7525,83.8831,83.9831,82.6206,,-1.41%
03/29/2021,83.9328,84.0265,84.1371,83.169,,-0.24%
03/26/2021,84.1319,83.3119,84.3181,83.1711,,1.37%
03/25/2021,82.9932,83.7966,83.9241,82.6194,,-1.60%
03/24/2021,84.3452,82.9678,84.3975,82.8942,,1.40%
03/23/2021,83.1803,84.4829,84.4829,83.135,,-1.76%
03/22/2021,84.6687,84.2356,84.7123,83.8748,,0.18%
03/19/2021,84.5202,83.6778,84.6145,83.1847,,1.03%
03/18/2021,83.6598,85.8423,85.8516,83.5643,,-2.37%
03/17/2021,85.6924,85.9053,86.1559,85.3669,,-0.31%
03/16/2021,85.9592,85.807,85.9757,85.4099,,0.00%
03/15/2021,85.9626,86.2739,86.3216,85.5033,,0.00%
03/12/2021,85.9584,86.0684,86.2339,85.5623,,-0.37%
03/11/2021,86.2749,85.594,86.2866,85.5806,,1.09%
03/10/2021,85.3416,85.0145,85.4501,84.7406,,-0.09%
03/09/2021,85.4207,85.4296,85.8055,84.8573,,0.06%
03/08/2021,85.3688,86.8358,86.8512,85.1338,,-0.57%
03/05/2021,85.8592,84.8658,85.9781,84.8291,,1.27%
03/04/2021,84.7819,84.7984,85.7456,83.8474,,-0.10%
03/03/2021,84.8705,85.1901,85.5378,84.5986,,-0.45%
03/02/2021,85.2537,83.9626,85.6058,83.8414,,0.56%
03/01/2021,84.7821,86.1165,86.2966,84.5724,,-0.58%
02/26/2021,85.2778,86.6561,86.7183,85.2339,,-2.11%
02/25/2021,87.1179,87.8235,88.1229,86.807,,-0.53%
02/24/2021,87.5827,86.5696,87.6457,86.2558,,1.11%
02/23/2021,86.6185,87.3863,87.445,85.9535,,-0.09%
02/22/2021,86.6999,85.7897,86.7422,85.2356,,1.64%
02/19/2021,85.3002,84.4793,86.0276,84.468,,0.07%
02/18/2021,85.2395,85.7257,85.7659,84.987,,0.05%
02/17/2021,85.2003,85.0003,85.41,84.5799,,0.18%
02/16/2021,85.0496,85.1313,85.1991,84.463,,1.17%
02/12/2021,84.0621,83.2609,84.265,82.998,,0.70%
02/11/2021,83.4745,83.2978,84.0335,83.2524,,-0.07%
02/10/2021,83.5314,83.6069,83.9711,83.2852,,-0.29%
02/09/2021,83.7736,84.0075,84.0511,83.2711,,0.28%
02/08/2021,83.5421,82.8219,83.6276,82.7549,,1.30%
02/05/2021,82.4711,82.2358,82.9967,82.2168,,0.60%
02/04/2021,81.9778,81.8926,81.9994,81.1823,,0.21%
02/03/2021,81.8088,81.3211,81.9637,81.1565,,0.67%
02/02/2021,81.2652,81.7492,82.0546,81.2013,,-0.41%
02/01/2021,81.5962,81.0713,81.6441,80.8252,,1.87%
01/29/2021,80.0981,80.1678,81.012,79.9237,,0.13%
01/28/2021,79.9919,80.1376,81.2744,79.7061,,-0.57%
01/27/2021,80.4518,80.5427,80.9015,79.7648,,-0.03%
01/26/2021,80.4799,79.8927,80.6248,79.6369,,0.63%
01/25/2021,79.9765,79.1518,79.9891,79.0787,,1.09%
01/22/2021,79.1128,79.5572,79.7818,78.8198,,-1.47%
01/21/2021,80.2898,80.4887,80.6289,80.1161,,-0.02%
01/20/2021,80.3019,80.1082,80.3533,79.5074,,0.31%
01/19/2021,80.0501,80.2212,80.629,79.9761,,-0.51%
01/15/2021,80.4577,81.2495,81.2955,80.1676,,-0.93%
01/14/2021,81.2161,80.4506,81.3322,80.2732,,0.75%
01/13/2021,80.6141,81.1653,81.3453,80.5314,,-0.01%
01/12/2021,80.6256,79.6015,80.8731,79.5727,,1.43%
01/11/2021,79.4886,79.4785,79.5357,78.7828,,-0.21%
01/08/2021,79.6586,80.3,80.5,79.445,,-0.82%
01/07/2021,80.3132,80.4654,80.813,79.9554,,0.05%
01/06/2021,80.2747,80.4041,81.1078,80.0936,,-0.07%
01/05/2021,80.3327,78.9082,80.5363,78.7677,,2.16%
01/04/2021,78.6378,79.2856,79.8216,78.2908,,0.75%
12/31/2020,78.0543,77.6875,78.0623,77.5491,,0.60%
12/30/2020,77.5922,77.1364,77.6206,76.9813,,0.63%
12/29/2020,77.1093,76.4881,77.1989,76.2327,,0.79%
12/28/2020,76.5046,76.9958,77.0503,76.3266,,-0.68%
12/24/2020,77.0269,77.1639,77.2745,76.9728,,0.00%
12/23/2020,77.0301,76.1794,77.3165,76.1662,,0.62%
12/22/2020,76.5528,77.1944,77.1944,76.1771,,-0.54%
12/21/2020,76.9651,77.0789,77.4552,75.8539,,-0.46%
12/18/2020,77.3211,77.0304,77.3616,76.9499,,0.60%
12/17/2020,76.859,76.4668,76.9946,76.4172,,1.10%
12/16/2020,76.0205,75.8443,76.16,75.6717,,0.41%
12/15/2020,75.7082,75.1207,75.7164,75.068,,0.70%
12/14/2020,75.1855,75.3652,75.4577,74.842,,0.42%
12/11/2020,74.8682,74.9077,75.036,74.4565,,-0.03%
12/10/2020,74.8882,74.041,75.4435,73.878,,1.27%
12/09/2020,73.9481,73.8547,74.2503,73.7335,,0.37%
12/08/2020,73.6746,73.8915,74.0286,73.63,,-0.36%
12/07/2020,73.9416,73.7745,74.3228,73.1705,,-0.48%
12/04/2020,74.2999,74.3445,74.5138,74.048,,0.31%
12/03/2020,74.0674,74.4601,74.6056,73.7934,,-0.58%
12/02/2020,74.4985,74.2725,74.9148,74.0045,,-0.07%
12/01/2020,74.5522,74.7273,75.1096,74.3921,,0.26%
11/30/2020,74.3612,74.874,75.0105,74.2738,,-0.61%
11/27/2020,74.8153,74.8514,75.0981,74.5626,,0.01%
11/25/2020,74.8049,75.0136,75.0303,74.5119,,0.10%
11/24/2020,74.7333,74.0924,74.7465,73.8791,,0.78%
11/23/2020,74.1582,74.4098,74.7382,73.9263,,0.03%
11/20/2020,74.1352,73.7728,74.3072,73.7567,,0.82%
11/19/2020,73.5352,74.0713,74.0811,73.2227,,-0.88%
11/18/2020,74.1894,73.7398,74.6115,73.7266,,0.41%
11/17/2020,73.8867,73.9057,74.1078,73.6165,,0.16%
11/16/2020,73.7721,73.8628,74.07,73.563,,0.06%
11/13/2020,73.7271,73.3191,74.2118,73.2964,,0.01%
11/12/2020,73.7197,74.0753,74.2383,73.6615,,-0.38%
11/11/2020,74.0021,74.3132,74.5308,73.7723,,0.05%
11/10/2020,73.9644,72.8866,74.0708,72.8102,,1.67%
11/09/2020,72.7483,73.2691,73.7784,72.6886,,-0.10%
11/06/2020,72.8223,73.1013,73.4913,72.6986,,-0.50%
11/05/2020,73.1916,72.835,73.9608,72.7367,,0.69%
11/04/2020,72.6915,71.9465,72.7319,71.4317,,0.60%
11/03/2020,72.2588,72.2065,72.7464,72.0666,,0.19%
11/02/2020,72.1251,71.5293,72.153,71.2137,,0.39%
10/30/2020,71.8436,71.9282,72.0342,71.3752,,0.32%
10/29/2020,71.6138,72.2665,72.4314,70.7474,,-0.72%
10/28/2020,72.1367,73.2738,73.4685,72.0211,,-1.97%
10/27/2020,73.584,73.2566,73.7509,73.1515,,0.48%
10/26/2020,73.2292,73.3175,73.4235,72.9615,,-0.46%
10/23/2020,73.5659,73.7599,73.9878,73.4016,,-0.37%
10/22/2020,73.8375,73.7972,74.2342,73.6858,,-0.39%
10/21/2020,74.1266,74.1137,74.5427,74.0449,,0.27%
10/20/2020,73.9302,73.3202,74.033,73.2839,,0.49%
10/19/2020,73.5685,73.4653,73.9304,73.3332,,0.25%
10/16/2020,73.384,73.4675,73.792,73.2666,,-0.07%
10/15/2020,73.4361,73.0734,73.4553,72.4008,,0.60%
10/14/2020,72.9956,72.3959,73.082,72.2737,,0.59%
10/13/2020,72.5698,72.6408,72.9901,72.3323,,-0.29%
10/12/2020,72.7782,73.6512,73.8177,72.7274,,-0.65%
10/09/2020,73.2507,72.6341,73.5018,72.5821,,1.52%
10/08/2020,72.1571,71.8725,72.4986,71.7568,,0.50%
10/07/2020,71.8011,70.86,72.0352,70.86,,0.57%
10/06/2020,71.3957,71.1228,72.0295,71.0712,,0.49%
10/05/2020,71.0452,70.1984,71.4243,69.9809,,1.78%
10/02/2020,69.8026,69.7114,70.3024,69.2179,,-0.63%
10/01/2020,70.2483,71.071,71.3014,69.8037,,-0.85%
09/30/2020,70.8516,69.9454,71.102,69.5005,,0.83%
09/29/2020,70.2685,70.8846,70.9613,69.8611,,-1.01%
09/28/2020,70.9886,70.7742,71.0208,70.3745,,0.43%
09/25/2020,70.687,70.7377,71.1614,70.3849,,-0.25%
09/24/2020,70.866,70.3414,70.9589,69.9768,,0.14%
09/23/2020,70.7668,70.8176,71.1164,70.0792,,-0.32%
09/22/2020,70.9965,71.3112,71.6182,70.7754,,-0.23%
09/21/2020,71.158,72.8095,72.9615,70.5568,,-2.48%
09/18/2020,72.9672,72.6574,72.9945,72.3609,,0.80%
09/17/2020,72.3869,71.9018,72.4555,71.4097,,0.12%
09/16/2020,72.2976,71.9034,72.346,71.8141,,0.70%
09/15/2020,71.7964,71.8121,72.086,71.486,,0.07%
09/14/2020,71.7452,71.9914,72.0742,71.6654,,0.26%
09/11/2020,71.5564,71.2827,71.7886,71.1835,,0.09%
09/10/2020,71.489,71.6879,72.0072,71.3012,,-0.30%
09/09/2020,71.704,71.1046,71.8284,70.9203,,0.43%
09/08/2020,71.3958,72.2918,72.5193,70.7896,,-1.37%
09/04/2020,72.3908,72.3125,72.7978,71.8293,,0.13%
09/03/2020,72.2969,73.0674,73.0754,71.9078,,-0.74%
09/02/2020,72.8335,73.4056,73.578,72.6661,,-0.91%
09/01/2020,73.5024,73.4975,73.9694,73.4118,,0.26%
08/31/2020,73.315,73.4623,73.6435,73.0669,,0.25%
08/28/2020,73.1354,72.7557,73.3049,72.7557,,0.72%
08/27/2020,72.6157,72.2073,72.9355,72.0731,,0.44%
08/26/2020,72.2972,72.168,72.522,71.948,,0.39%
08/25/2020,72.0165,71.9185,72.1196,71.6583,,0.51%
08/24/2020,71.6534,71.4351,72.18,71.3569,,0.27%
08/21/2020,71.4586,71.9466,72.0904,70.9116,,-0.45%
08/20/2020,71.7823,71.8964,72.0488,71.4868,,-0.76%
08/19/2020,72.3346,72.3691,72.5964,72.1383,,-0.19%
08/18/2020,72.4739,71.9992,72.7232,71.9333,,0.63%
08/17/2020,72.0179,71.0486,72.0258,71.0432,,1.71%
08/14/2020,70.8064,70.7527,71.2426,70.4536,,-0.04%
08/13/2020,70.8373,70.3595,70.8488,70.1547,,0.81%
08/12/2020,70.2701,69.1835,70.3119,68.7723,,0.54%
08/11/2020,69.8914,70.9869,71.0303,69.863,,-1.43%
08/10/2020,70.9032,70.6275,71.3,70.6054,,0.64%
08/07/2020,70.4501,71.5287,71.5335,70.3599,,-1.25%
08/06/2020,71.3393,71.2557,71.9748,71.1369,,0.21%
08/05/2020,71.1918,70.606,71.9401,70.4762,,0.92%
08/04/2020,70.5438,69.7949,70.6203,69.5082,,0.91%
08/03/2020,69.9049,68.8126,70.0372,68.7076,,1.79%
07/31/2020,68.6767,68.6665,69.0004,68.4674,,0.62%
07/30/2020,68.2531,68.9948,69.0956,67.8208,,-1.07%
07/29/2020,68.9933,68.6013,69.0098,68.4788,,0.67%
07/28/2020,68.531,69.024,69.0617,67.8524,,0.04%
07/27/2020,68.5025,68.2723,68.761,68.21,,0.52%
07/24/2020,68.1503,68.0382,68.2275,67.6577,,0.04%
07/23/2020,68.1245,67.7626,68.3493,67.5755,,0.57%
07/22/2020,67.7392,67.5637,67.775,66.8532,,0.67%
07/21/2020,67.2868,66.3335,67.3779,66.3102,,1.47%
07/20/2020,66.3101,66.245,66.4502,65.9397,,-0.28%
07/17/2020,66.4947,66.4404,66.6522,66.2596,,0.03%
07/16/2020,66.4732,66.6755,66.813,66.3714,,-0.29%
07/15/2020,66.6653,66.3512,66.6735,65.9712,,0.74%
07/14/2020,66.176,65.9087,66.4898,65.7196,,-0.47%
07/13/2020,66.4895,66.5178,66.8042,66.4373,,-0.22%
07/10/2020,66.636,66.3253,66.8292,65.9309,,0.44%
07/09/2020,66.3463,66.8343,67.2936,66.325,,-0.67%
07/08/2020,66.7927,66.3785,66.9268,66.3341,,0.38%
07/07/2020,66.5414,66.1901,66.7054,65.8316,,0.55%
07/06/2020,66.1801,65.7343,66.3192,65.7154,,0.83%
07/02/2020,65.6325,65.2624,65.6477,65.2323,,0.69%
07/01/2020,65.1837,65.1165,65.4237,64.6948,,0.32%
06/30/2020,64.9762,64.1996,65.1512,64.1325,,1.14%
06/29/2020,64.2432,63.2669,64.3406,63.0607,,1.62%
06/26/2020,63.2194,63.5729,63.7315,62.9821,,-0.36%
06/25/2020,63.4476,63.549,63.641,63.0275,,-0.41%
06/24/2020,63.7083,64.7195,64.7901,63.6427,,-1.55%
06/23/2020,64.7104,64.483,65.0511,64.4478,,-0.19%
06/22/2020,64.832,64.8088,64.9144,64.4907,,0.40%
06/19/2020,64.5736,64.1422,64.9043,64.1299,,0.71%
06/18/2020,64.1194,63.8567,64.4164,63.8173,,0.07%
06/17/2020,64.0727,63.7083,64.1111,63.6112,,0.20%
06/16/2020,63.9419,63.861,64.3907,63.5747,,0.46%
06/15/2020,63.6461,63.4606,63.7026,62.6745,,-0.09%
06/12/2020,63.7057,63.7236,64.478,63.6056,,-0.60%
06/11/2020,64.0925,65.0003,65.0015,63.8514,,-1.40%
06/10/2020,65.0033,64.5613,65.0758,64.4956,,0.43%
06/09/2020,64.7268,64.8762,64.8976,64.3088,,0.13%
06/08/2020,64.6415,64.6738,65.0122,64.4524,,-0.08%
06/05/2020,64.6941,64.2343,64.9494,64.2169,,0.53%
06/04/2020,64.3526,63.6863,64.3908,63.5721,,0.71%
06/03/2020,63.9011,63.9324,63.9943,63.4447,,0.19%
06/02/2020,63.7825,63.5621,64.0701,63.5192,,0.43%
06/01/2020,63.5116,63.5627,63.7867,62.8349,,-0.04%
05/29/2020,63.5353,62.6994,63.5979,62.4159,,1.22%
05/28/2020,62.7703,62.6437,63.0049,62.3513,,0.16%
05/27/2020,62.6696,63.197,63.3881,62.3905,,-1.07%
05/26/2020,63.3501,63.0569,63.55,63.0293,,0.97%
05/22/2020,62.74,62.7299,62.761,62.1437,,-0.43%
05/21/2020,63.0139,63.5214,63.6999,62.8488,,-0.93%
05/20/2020,63.6046,63.2827,63.8842,63.0745,,0.58%
05/19/2020,63.2376,63.2441,63.5069,62.9049,,0.33%
05/18/2020,63.028,62.4082,63.388,62.3491,,2.22%
05/15/2020,61.659,61.4945,61.9018,61.4225,,0.61%
05/14/2020,61.2871,60.5739,61.3367,60.5204,,1.10%
05/13/2020,60.6226,61.2039,61.615,60.5156,,-1.51%
05/12/2020,61.5521,61.7266,62.0339,61.4752,,-0.37%
05/11/2020,61.7826,62.4716,62.6247,61.7032,,-0.86%
05/08/2020,62.32,62.2378,62.4894,62.0829,,0.52%
05/07/2020,61.9955,61.6234,62.5827,61.4461,,0.87%
05/06/2020,61.4607,62.2144,62.4609,61.1997,,-1.36%
05/05/2020,62.3085,61.5815,62.3967,61.4971,,2.19%
05/04/2020,60.9709,60.5385,61.0007,60.362,,0.44%
05/01/2020,60.7066,60.7592,60.8288,60.1883,,-0.31%
04/30/2020,60.8983,60.2971,60.9613,60.1875,,1.71%
04/29/2020,59.8758,60.0539,60.3482,59.7193,,0.39%
04/28/2020,59.6414,59.4591,60.1823,59.082,,0.15%
04/27/2020,59.5528,60.1913,60.3102,59.2089,,-1.14%
04/24/2020,60.2394,60.9243,61.1869,60.0247,,-0.88%
04/23/2020,60.7754,60.9899,61.756,60.708,,0.15%
04/22/2020,60.6816,59.7973,60.9687,58.871,,1.97%
04/21/2020,59.5078,61.886,61.9664,59.326,,-3.99%
04/20/2020,61.978,62.0479,62.2335,61.4962,,-0.19%
04/17/2020,62.0936,62.4718,62.6759,61.9808,,0.06%
04/16/2020,62.0546,62.3476,62.3476,62.0546,,0.14%
04/15/2020,61.9659,63.0366,63.139,61.7674,,-1.72%
04/14/2020,63.0517,63.8966,63.9938,62.8223,,-0.53%
04/13/2020,63.3847,63.8302,63.8738,63.1444,,-0.14%
04/09/2020,63.4759,63.5357,64.4111,63.2024,,0.52%
04/08/2020,63.1471,63.4265,63.6838,62.9863,,-0.11%
04/07/2020,63.2193,63.6404,63.8927,63.1963,,0.64%
04/06/2020,62.818,62.0692,62.9403,62.0261,,1.00%
04/03/2020,62.1957,61.4663,62.7231,61.2454,,1.05%
04/02/2020,61.5486,60.474,62.834,60.4711,,2.09%
04/01/2020,60.2898,61.6785,61.6844,60.28,,-2.53%
03/31/2020,61.8577,62.4266,62.6836,61.7604,,-0.33%
03/30/2020,62.0639,62.1797,62.3948,61.7458,,-1.04%
03/27/2020,62.7145,63.4438,63.6321,62.5419,,-0.96%
03/26/2020,63.3252,63.5774,64.1275,63.1464,,-1.03%
03/25/2020,63.9846,64.2792,64.4166,63.2276,,0.34%
03/24/2020,63.7663,62.8777,64.028,62.3156,,2.84%
03/23/2020,62.0083,60.4681,62.0938,60.2924,,1.49%
03/20/2020,61.0998,61.5072,63.1766,61.0745,,-0.53%
03/19/2020,61.4271,59.8711,61.6166,59.0877,,3.27%
03/18/2020,59.4795,62.3379,62.465,59.2555,,-4.08%
03/17/2020,62.0086,62.974,63.2619,61.9913,,-0.90%
03/16/2020,62.5747,64.9744,65.1376,62.1945,,-4.18%
03/13/2020,65.3051,65.2108,67.6152,65.1198,,-1.30%
03/12/2020,66.1642,67.053,67.3517,65.6415,,-3.13%
03/11/2020,68.3,69.8131,69.8131,68.2664,,-1.44%
03/10/2020,69.2967,68.4983,69.4216,68.3699,,2.13%
03/09/2020,67.8483,67.2263,68.5339,66.3092,,-4.16%
03/06/2020,70.7933,72.3564,72.443,70.7685,,-2.60%
03/05/2020,72.6831,73.4758,73.5609,72.654,,-0.75%
03/04/2020,73.2289,73.5246,73.6714,73.1049,,0.05%
03/03/2020,73.1911,73.0185,73.9052,72.6776,,0.99%
03/02/2020,72.4728,72.0985,72.5787,71.5528,,2.10%
02/28/2020,70.9799,72.1648,72.1672,70.6124,,-2.20%
02/27/2020,72.5776,73.2934,73.3261,72.0625,,-1.43%
02/26/2020,73.6315,74.1604,74.2511,73.535,,-0.78%
02/25/2020,74.2102,74.9608,74.9608,74.16,,-0.92%
02/24/2020,74.9013,75.5531,75.6365,74.6439,,-1.77%
02/21/2020,76.2509,76.0971,76.3733,75.7901,,0.05%
02/20/2020,76.2138,76.5578,76.7087,76.186,,-0.46%
02/19/2020,76.5688,76.1287,76.6224,75.9925,,0.61%
02/18/2020,76.1062,75.5636,76.1177,75.5107,,0.96%
02/14/2020,75.3841,75.2125,75.6786,75.0983,,0.09%
02/13/2020,75.3197,75.2224,75.5207,74.9249,,0.22%
02/12/2020,75.1566,74.6714,75.2138,74.4947,,1.04%
02/11/2020,74.3843,74.4933,74.653,74.3023,,0.25%
02/10/2020,74.1987,74.7245,74.7417,74.1574,,-0.74%
02/07/2020,74.755,75.1262,75.1709,74.5886,,-0.28%
02/06/2020,74.9629,75.2085,75.4057,74.6049,,0.30%
02/05/2020,74.7409,74.552,74.9792,74.2263,,0.86%
02/04/2020,74.1003,74.4323,74.9026,74.0829,,0.03%
02/03/2020,74.0774,74.8416,74.8994,73.9168,,-1.02%
01/31/2020,74.8374,75.4414,75.4637,74.7505,,-0.40%
01/30/2020,75.1402,75.7555,75.7596,74.9746,,-0.95%
01/29/2020,75.8597,76.6286,76.7421,75.7878,,-0.60%
01/28/2020,76.3192,76.2052,76.5248,75.8918,,0.11%
01/27/2020,76.2333,76.8825,76.9382,76.067,,-1.40%
01/24/2020,77.3191,78.209,78.2819,77.2194,,-1.16%
01/23/2020,78.2283,78.4811,78.4911,78.0481,,-0.57%
01/22/2020,78.6737,79.1407,79.3833,78.6167,,-0.67%
01/21/2020,79.2079,79.4572,79.5214,79.118,,-0.76%
01/17/2020,79.817,79.6521,79.8327,79.4697,,0.26%
01/16/2020,79.6115,80.0878,80.2318,79.6,,-0.52%
01/15/2020,80.0304,80.3205,80.3957,79.9275,,-0.40%
01/14/2020,80.3484,80.193,80.5646,79.9752,,0.07%
01/13/2020,80.2913,80.6532,80.7545,80.1806,,-0.51%
01/10/2020,80.7052,80.3992,80.7863,80.3624,,0.31%
01/09/2020,80.4546,80.7962,80.8203,80.2224,,-0.16%
01/08/2020,80.5801,81.7505,81.9529,80.407,,-1.22%
01/07/2020,81.5737,81.3077,81.6185,81.2277,,-0.08%
01/06/2020,81.643,82.0636,82.2009,81.4537,,0.34%
01/03/2020,81.3663,81.5686,81.7485,81.1879,,0.45%
01/02/2020,81.0008,81.0158,81.1397,80.7883,,0.14%
12/31/2019,80.8871,81.3532,81.4331,80.8112,,-0.62%
12/30/2019,81.392,81.4358,81.6796,81.1014,,0.05%
12/27/2019,81.3512,81.2863,81.3651,81.1312,,0.10%
12/26/2019,81.2675,80.907,81.3072,80.8761,,0.75%
12/24/2019,80.6645,80.3058,80.7213,80.2698,,0.55%
12/23/2019,80.2219,80.2322,80.376,80.1023,,-0.21%
12/20/2019,80.3939,80.3602,80.572,80.2733,,0.06%
12/19/2019,80.3466,80.1521,80.4307,80.0234,,0.26%
12/18/2019,80.1387,80.1352,80.2818,79.8968,,-0.19%
12/17/2019,80.293,80.2097,80.3728,80.1092,,0.13%
12/16/2019,80.1912,79.5229,80.3047,79.505,,0.98%
12/13/2019,79.4136,79.4493,80.0334,79.1583,,0.43%
12/12/2019,79.0736,78.5209,79.2079,78.4905,,0.95%
12/11/2019,78.3297,78.3674,78.5905,78.1541,,-0.24%
12/10/2019,78.5158,78.1436,78.5901,77.9776,,0.48%
12/09/2019,78.1409,78.0659,78.2712,77.8025,,-0.13%
12/06/2019,78.2393,78.0542,78.5095,77.9822,,0.17%
12/05/2019,78.11,77.8796,78.3465,77.8265,,0.34%
12/04/2019,77.8463,77.4493,78.0172,77.3086,,0.65%
12/03/2019,77.3437,77.2628,77.6161,77.1278,,0.27%
12/02/2019,77.1353,77.5047,77.6202,77.055,,0.03%
11/29/2019,77.1108,78.1687,78.1838,77.0772,,-1.57%
11/27/2019,78.3376,78.5888,78.8425,78.2501,,-0.41%
11/26/2019,78.6606,78.4851,78.6673,78.3219,,0.13%
11/25/2019,78.5582,78.7598,78.7867,78.2283,,-0.21%
11/22/2019,78.7265,78.5956,78.9642,78.526,,0.15%
11/21/2019,78.6081,78.2035,78.6401,77.9949,,0.42%
11/20/2019,78.2804,77.8862,78.5061,77.7575,,0.54%
11/19/2019,77.8584,78.2728,78.3453,77.8264,,-0.59%
11/18/2019,78.3215,79.0234,79.0616,78.2436,,-0.97%
11/15/2019,79.0884,78.9578,79.2585,78.521,,0.21%
11/14/2019,78.9189,79.2089,79.3706,78.8422,,-0.05%
11/13/2019,78.9618,79.0359,79.102,78.7546,,-0.09%
11/12/2019,79.0303,79.0208,79.214,78.8766,,0.00%
11/11/2019,79.0293,79.4777,79.5596,78.9983,,-1.10%
11/08/2019,79.9057,79.9606,80.0367,79.281,,-0.14%
11/07/2019,80.0187,80.1133,80.4445,79.9682,,-0.17%
11/06/2019,80.1525,80.6747,80.8287,80.1205,,-0.70%
11/05/2019,80.7201,80.6111,80.9663,80.5818,,0.11%
11/04/2019,80.6335,80.3794,80.875,80.3466,,0.47%
11/01/2019,80.2596,79.2898,80.2705,79.1693,,1.29%
10/31/2019,79.2367,79.6824,79.8538,78.8493,,-0.45%
10/30/2019,79.5986,79.5234,79.7686,79.477,,0.00%
10/29/2019,79.6003,79.4331,79.8186,79.2721,,0.15%
10/28/2019,79.4811,79.6565,79.7651,79.3702,,-0.02%
10/25/2019,79.4979,79.2534,79.7132,79.2188,,0.19%
10/24/2019,79.3472,78.9725,79.4481,78.9478,,0.43%
10/23/2019,79.0092,78.4061,79.0363,78.1837,,0.68%
10/22/2019,78.4737,78.2102,78.7276,78.1485,,0.29%
10/21/2019,78.2463,78.5763,78.8218,78.145,,-0.54%
10/18/2019,78.6672,78.5626,78.8081,78.5132,,0.11%
10/17/2019,78.5809,78.1851,78.6066,78.0883,,0.31%
10/16/2019,78.3348,78.4013,78.482,78.0943,,-0.09%
10/15/2019,78.4063,78.5578,78.7393,78.3094,,-0.23%
10/14/2019,78.5847,78.9014,78.9244,78.3297,,-0.31%
10/11/2019,78.8301,78.025,78.846,77.9902,,1.14%
10/10/2019,77.9441,77.9193,78.3021,77.8291,,0.03%
10/09/2019,77.9236,77.8996,78.437,77.8436,,0.05%
10/08/2019,77.8811,77.6985,77.9185,77.2816,,0.22%
10/07/2019,77.7125,77.8879,78.0913,77.6966,,-0.28%
10/04/2019,77.9329,77.8506,78.0146,77.6942,,0.25%
10/03/2019,77.7387,77.6216,77.8172,77.0414,,0.28%
10/02/2019,77.5202,78.0164,78.0681,77.2999,,-0.44%
10/01/2019,77.8662,77.8528,77.93,77.668,,0.11%
09/30/2019,77.7797,78.3689,78.417,77.7679,,-0.72%
09/27/2019,78.34,78.494,78.5285,77.9751,,-0.38%
09/26/2019,78.6349,78.9361,79.2356,78.221,,-0.35%
09/25/2019,78.9079,79.2176,79.2632,78.536,,-0.57%
09/24/2019,79.3596,79.6719,79.7438,79.2467,,-0.63%
09/23/2019,79.8663,79.4405,79.8776,79.1066,,0.84%
09/20/2019,79.1971,79.5446,79.7594,79.1624,,-0.25%
09/19/2019,79.3975,79.3565,79.8708,79.2239,,-0.14%
09/18/2019,79.5077,79.7869,80.0328,79.3037,,-0.49%
09/17/2019,79.8979,80.9456,81.1491,79.6616,,-1.84%
09/16/2019,81.3979,80.6305,81.4445,80.0302,,3.43%
09/13/2019,78.6973,78.5749,78.9754,78.3945,,0.16%
09/12/2019,78.5686,78.3651,78.6493,77.7746,,0.46%
09/11/2019,78.205,78.7811,79.0465,78.1168,,-0.70%
09/10/2019,78.7577,78.5419,79.0007,78.4209,,0.39%
09/09/2019,78.451,77.9817,78.6083,77.9336,,0.73%
09/06/2019,77.8857,77.9443,78.1324,77.2807,,-0.19%
09/05/2019,78.0326,78.3335,78.6025,78.0042,,-0.49%
09/04/2019,78.4199,77.1456,78.4934,77.1128,,1.83%
09/03/2019,77.0083,77.0331,77.1125,76.4039,,0.01%
08/30/2019,77.0044,77.4029,77.6935,76.9486,,-0.62%
08/29/2019,77.4875,77.1714,77.6605,77.1227,,0.41%
08/28/2019,77.1685,76.7789,77.287,76.6368,,0.76%
08/27/2019,76.5842,76.3799,76.6082,76.2963,,0.31%
08/26/2019,76.3498,76.1223,76.7341,76.053,,0.37%
08/23/2019,76.0653,76.3916,76.5086,75.6843,,-0.46%
08/22/2019,76.4193,76.7447,76.8929,76.3852,,-0.49%
08/21/2019,76.798,76.7679,77.1258,76.7144,,0.14%
08/20/2019,76.6926,76.7135,76.8602,76.3935,,0.04%
08/19/2019,76.6591,76.6581,76.8473,76.301,,-0.15%
08/16/2019,76.7728,76.8769,77.0122,76.5807,,0.09%
08/15/2019,76.7023,76.9219,77.0525,76.4418,,-0.20%
08/14/2019,76.8568,77.4038,77.5514,76.6122,,-0.94%
08/13/2019,77.589,76.9213,77.755,76.5881,,0.99%
08/12/2019,76.825,77.3004,77.4279,76.6904,,-0.77%
08/09/2019,77.4239,77.0613,77.6824,76.9718,,0.50%
08/08/2019,77.0403,76.723,77.1973,76.4504,,1.40%
08/07/2019,75.9747,76.6746,76.6901,75.7148,,-0.65%
08/06/2019,76.4699,77.0597,77.1389,76.4339,,-0.38%
08/05/2019,76.7648,76.9585,77.0617,76.246,,-0.60%
08/02/2019,77.2259,77.2432,77.3915,77.0118,,0.28%
08/01/2019,77.0081,78.5229,78.5793,76.9102,,-2.48%
07/31/2019,78.9631,79.2317,79.3622,78.8997,,-0.15%
07/30/2019,79.0834,79.0976,79.2588,78.754,,0.09%
07/29/2019,79.0108,78.8653,79.0649,78.6687,,0.34%
07/26/2019,78.7409,79.0168,79.0959,78.6473,,-0.32%
07/25/2019,78.9962,79.3252,79.6503,78.9651,,-0.41%
07/24/2019,79.3244,79.5134,79.9233,79.1751,,-0.10%
07/23/2019,79.4026,79.2281,79.4949,78.8803,,0.29%
07/22/2019,79.171,79.4913,79.7235,79.158,,-0.26%
07/19/2019,79.3793,79.6435,79.7323,79.206,,0.59%
07/18/2019,78.9159,79.5909,79.7929,78.7589,,-0.83%
07/17/2019,79.5778,79.5505,80.0784,79.4626,,-0.09%
07/16/2019,79.6459,80.3934,80.5985,79.5225,,-1.13%
07/15/2019,80.5539,80.9332,81.1799,80.4894,,-0.58%
07/12/2019,81.0222,80.5972,81.1174,80.4891,,0.58%
07/11/2019,80.5555,80.6806,80.8854,80.3698,,0.02%
07/10/2019,80.5401,79.1963,80.5602,79.1793,,1.78%
07/09/2019,79.1321,78.813,79.1658,78.4677,,0.14%
07/08/2019,79.0247,79.3196,79.6137,78.8748,,-0.11%
07/05/2019,79.1142,78.996,79.1889,78.6881,,-0.10%
07/03/2019,79.1968,78.3068,79.2083,78.1142,,1.44%
07/02/2019,78.0716,79.084,79.297,78.0445,,-1.23%
07/01/2019,79.0432,80.0299,80.2052,78.8075,,-0.77%
06/28/2019,79.653,80.3179,80.594,79.5861,,-0.66%
06/27/2019,80.186,80.0912,80.2359,79.8882,,0.05%
06/26/2019,80.1435,79.8995,80.4129,79.8662,,0.38%
06/25/2019,79.8384,79.6906,80.1966,79.4778,,0.45%
06/24/2019,79.4779,79.1625,79.4882,79.018,,0.81%
06/21/2019,78.8373,79.4601,79.5254,78.798,,-0.41%
06/20/2019,79.1627,78.2571,79.3723,78.2266,,1.79%
06/19/2019,77.7705,78.1343,78.2569,77.7047,,-0.61%
06/18/2019,78.2444,77.5371,78.641,77.4305,,0.59%
06/17/2019,77.7867,78.185,78.2206,77.7443,,-0.05%
06/14/2019,77.8285,77.6251,78.1212,77.5893,,0.28%
06/13/2019,77.6085,77.1422,77.8831,77.0547,,0.68%
06/12/2019,77.0809,77.1774,77.5205,76.8836,,-0.50%
06/11/2019,77.4684,77.1264,77.5612,76.9993,,0.58%
06/10/2019,77.0245,76.9634,77.3814,76.7751,,-0.16%
06/07/2019,77.148,77.3399,77.4773,76.8543,,0.05%
06/06/2019,77.1058,76.5191,77.1511,76.4407,,0.81%
06/05/2019,76.4862,77.4018,77.644,76.3485,,-1.57%
06/04/2019,77.7057,77.6533,77.7876,77.2799,,0.32%
06/03/2019,77.4592,77.6102,78.103,77.3517,,-0.32%
05/31/2019,77.7043,78.8336,78.889,77.6845,,-1.76%
05/30/2019,79.0979,79.3606,79.611,79.0278,,-0.37%
05/29/2019,79.3883,79.6496,79.8314,78.9158,,0.00%
05/28/2019,79.3859,79.2485,79.5034,79.069,,0.86%
05/24/2019,78.7052,78.1426,78.7109,78.1305,,0.95%
05/23/2019,77.9647,78.7786,78.8244,77.8329,,-1.25%
05/22/2019,78.9523,79.7213,79.729,78.8703,,-1.03%
05/21/2019,79.7764,80.1907,80.2072,79.6511,,-0.19%
05/20/2019,79.9291,80.184,80.2659,79.8456,,0.28%
05/17/2019,79.7043,80.4313,80.4411,79.6335,,-0.75%
05/16/2019,80.303,79.8744,80.4121,79.8309,,0.82%
05/15/2019,79.6536,79.3237,79.9882,79.2521,,0.40%
05/14/2019,79.3386,78.6357,79.4996,78.4459,,1.27%
05/13/2019,78.3414,78.3938,78.846,78.1427,,-0.41%
05/10/2019,78.6618,79.0417,79.0475,78.5226,,0.13%
05/09/2019,78.56,78.6819,78.9086,78.1492,,-0.56%
05/08/2019,79.0004,79.2248,79.2792,78.815,,0.04%
05/07/2019,78.9692,79.4341,79.5163,78.7259,,-0.64%
05/06/2019,79.4748,78.9859,79.5851,78.9415,,-0.46%
05/03/2019,79.8386,79.7512,80.1472,79.6417,,0.17%
05/02/2019,79.6998,80.3345,80.3381,79.4151,,-0.90%
05/01/2019,80.4241,80.5345,80.5922,80.0174,,-0.19%
04/30/2019,80.5738,80.409,81.122,80.3818,,0.05%
04/29/2019,80.5356,80.7442,80.8116,80.3871,,-0.28%
04/26/2019,80.7614,81.1587,81.2688,80.5708,,-0.56%
04/25/2019,81.2183,81.3343,81.5647,81.1675,,-0.26%
04/24/2019,81.4341,81.5894,81.7762,81.4183,,-0.26%
04/23/2019,81.6437,82.0182,82.1049,81.5334,,-0.38%
04/22/2019,81.9569,82.1328,82.3828,81.9228,,0.31%
04/18/2019,81.7063,81.5111,81.7155,81.2898,,0.06%
04/17/2019,81.6612,82.1311,82.3541,81.649,,-0.37%
04/16/2019,81.9654,82.1952,82.2647,81.8064,,-0.44%
04/15/2019,82.3236,82.5428,82.6124,82.1565,,-0.47%
04/12/2019,82.7086,82.3418,82.8138,82.3367,,0.57%
04/11/2019,82.2361,82.9839,82.986,82.1314,,-0.99%
04/10/2019,83.0616,82.6808,83.0812,82.6181,,0.53%
04/09/2019,82.6223,82.6925,82.9843,82.4941,,-0.18%
04/08/2019,82.7739,82.7004,82.8992,82.4958,,0.49%
04/05/2019,82.3702,82.1855,82.4036,81.9513,,0.17%
04/04/2019,82.2323,82.2258,82.382,81.9392,,0.06%
04/03/2019,82.1833,82.0761,82.2565,81.9055,,0.39%
04/02/2019,81.8613,81.7966,81.8734,81.4926,,0.23%
04/01/2019,81.6727,81.3608,81.7852,81.3273,,0.72%
03/29/2019,81.0872,81.2563,81.8644,81.0756,,0.00%
03/28/2019,81.0873,81.3202,81.4714,80.9006,,-0.58%
03/27/2019,81.5642,82.0567,82.067,81.2088,,-0.52%
03/26/2019,81.9936,82.0183,82.2908,81.8839,,0.09%
03/25/2019,81.9158,81.5721,82.0894,81.5093,,0.20%
03/22/2019,81.7507,82.3235,82.4683,81.4409,,-0.72%
03/21/2019,82.3473,82.6475,82.7791,82.119,,-0.04%
03/20/2019,82.3797,81.9329,82.3963,81.8733,,0.35%
03/19/2019,82.093,81.9297,82.423,81.7842,,0.26%
03/18/2019,81.8765,81.4298,81.9562,81.4217,,0.36%
03/15/2019,81.5838,81.3303,81.6451,80.9546,,0.29%
03/14/2019,81.3474,81.6095,81.6577,81.1225,,-0.22%
03/13/2019,81.5304,80.9316,81.546,80.86,,0.83%
03/12/2019,80.8615,80.4921,81.0037,80.4375,,0.75%
03/11/2019,80.2569,80.5277,80.7232,80.1727,,-0.26%
03/08/2019,80.4667,80.4234,80.4866,79.905,,-0.07%
03/07/2019,80.52,80.8125,80.9502,80.4145,,-0.27%
03/06/2019,80.7408,81.0529,81.1511,80.6236,,-0.56%
03/05/2019,81.1937,80.8851,81.2222,80.7702,,0.46%
03/04/2019,80.8184,81.1271,81.3169,80.6742,,-0.18%
03/01/2019,80.966,81.4165,81.6653,80.6196,,-0.52%
02/28/2019,81.3904,81.5838,81.7011,81.2856,,-0.27%
02/27/2019,81.6096,81.2914,81.7771,81.1302,,0.50%
02/26/2019,81.2074,81.17,81.4182,81.1043,,-0.12%
02/25/2019,81.301,82.2414,82.4778,81.1855,,-1.00%
02/22/2019,82.1246,81.7159,82.2338,81.692,,0.41%
02/21/2019,81.7878,81.5986,81.875,81.5439,,0.13%
02/20/2019,81.6821,81.4641,81.811,81.086,,0.48%
02/19/2019,81.2942,81.1193,81.3327,80.9724,,0.42%
02/15/2019,80.9569,80.0425,80.9639,79.9835,,1.25%
02/14/2019,79.9611,80.1352,80.5106,79.6882,,-0.25%
02/13/2019,80.1641,80.209,80.3939,79.9246,,0.08%
02/12/2019,80.0973,79.8683,80.3066,79.763,,0.55%
02/11/2019,79.6555,79.9816,80.0945,79.47,,-0.51%
02/08/2019,80.0655,79.9778,80.3972,79.8297,,0.03%
02/07/2019,80.0391,80.853,80.9004,79.822,,-1.17%
02/06/2019,80.9856,80.9997,81.0866,80.6167,,0.13%
02/05/2019,80.8806,81.203,81.2581,80.8132,,-0.27%
02/04/2019,81.1004,80.9752,81.1935,80.2753,,0.17%
02/01/2019,80.965,80.6301,81.1637,80.4709,,0.30%
01/31/2019,80.7252,81.1826,81.6194,80.6867,,-0.19%
01/30/2019,80.8822,80.5615,81.1392,80.4435,,0.47%
01/29/2019,80.5004,79.8854,80.5548,79.863,,0.79%
01/28/2019,79.8671,80.5474,80.5817,79.7479,,-1.48%
01/25/2019,81.0693,80.5186,81.1144,80.1184,,1.07%
01/24/2019,80.2096,80.0749,80.4513,79.7666,,0.17%
01/23/2019,80.0749,80.2879,80.7668,79.9188,,-0.02%
01/22/2019,80.0891,80.6707,80.7597,79.8095,,-1.59%
01/18/2019,81.3791,80.5983,81.3924,80.3509,,1.15%
01/17/2019,80.4502,80.2523,80.6103,79.852,,0.24%
01/16/2019,80.2592,80.1763,80.7027,80.0644,,0.19%
01/15/2019,80.1043,80.2708,80.4917,79.8819,,0.25%
01/14/2019,79.9021,79.8244,80.1379,79.3815,,0.30%
01/11/2019,79.6614,79.7342,80.1226,79.3096,,0.22%
01/10/2019,79.489,79.8248,80.0312,79.3826,,-0.53%
01/09/2019,79.9122,79.365,80.0053,79.2625,,1.22%
01/08/2019,78.9489,78.6191,79.2393,78.51,,0.48%
01/07/2019,78.5743,78.3937,79.0344,78.3412,,0.31%
01/04/2019,78.3352,77.4848,78.4898,77.4729,,1.14%
01/03/2019,77.4544,76.8768,77.4851,76.6194,,0.61%
01/02/2019,76.9851,76.8777,77.7483,76.2729,,0.35%
12/31/2018,76.7154,77.526,77.685,76.6127,,-1.13%
12/28/2018,77.5922,78.1304,78.1906,77.4417,,-0.27%
12/27/2018,77.8029,78.1792,78.3269,77.6106,,-0.53%
12/26/2018,78.2144,77.3931,78.282,77.076,,1.30%
12/24/2018,77.2127,78.8411,78.9375,77.1847,,-1.88%
12/21/2018,78.6952,79.2586,79.2787,78.3595,,-0.14%
12/20/2018,78.8092,79.5291,80.0438,78.8053,,-1.43%
12/19/2018,79.9565,79.6185,79.9974,79.2589,,0.35%
12/18/2018,79.6797,80.2666,80.3998,79.5496,,-0.73%
12/17/2018,80.2648,80.9813,81.2283,80.1881,,-1.23%
12/14/2018,81.2656,82.1582,82.2137,81.229,,-1.51%
12/13/2018,82.5144,82.2219,82.5509,81.9005,,0.40%
12/12/2018,82.1853,82.8228,82.9504,82.1437,,-0.53%
12/11/2018,82.6215,82.8158,83.1059,82.37,,-0.13%
12/10/2018,82.7296,83.6999,83.7086,82.6965,,-0.91%
12/07/2018,83.4889,82.2251,84.0406,82.012,,1.48%
12/06/2018,82.2713,83.013,83.161,81.6816,,-1.31%
12/05/2018,83.3596,83.3463,83.7958,83.1369,,-0.05%
12/04/2018,83.4006,83.2237,83.909,83.1697,,0.54%
12/03/2018,82.956,83.5844,83.7902,82.6564,,0.48%
11/30/2018,82.5607,82.6358,82.9456,81.7788,,-0.09%
11/29/2018,82.6354,82.3399,82.7823,81.8171,,0.21%
11/28/2018,82.466,81.1888,82.7471,81.0536,,1.64%
11/27/2018,81.1393,81.1545,81.3603,80.7546,,-0.39%
11/26/2018,81.4579,80.9946,81.5545,80.8984,,-0.03%
11/23/2018,81.4831,82.5597,82.6002,81.4595,,-2.26%
11/21/2018,83.3654,83.3802,84.3628,83.2391,,0.45%
11/20/2018,82.9904,84.339,84.5659,82.2511,,-2.17%
11/19/2018,84.8291,84.9905,85.0658,83.6611,,1.09%
11/16/2018,83.9124,83.1243,84.2977,82.8324,,1.28%
11/15/2018,82.8529,84.4027,84.7931,82.7196,,-2.21%
11/14/2018,84.7271,82.2983,84.9353,82.1902,,2.77%
11/13/2018,82.446,83.1792,83.5421,82.2627,,-0.72%
11/12/2018,83.048,83.2429,83.6567,82.9954,,0.19%
11/09/2018,82.8946,83.1412,83.2798,82.4909,,-0.45%
11/08/2018,83.2718,83.5771,83.8484,82.964,,-0.54%
11/07/2018,83.7257,83.5493,84.2049,83.3975,,0.07%
11/06/2018,83.6683,84.1054,84.2609,83.4402,,-0.63%
11/05/2018,84.1979,84.1127,84.6048,83.9557,,0.37%
11/02/2018,83.8847,83.3941,83.9926,83.2995,,0.36%
11/01/2018,83.5847,83.225,84.1049,83.0797,,0.47%
10/31/2018,83.1903,83.7492,83.9024,83.1487,,-0.47%
10/30/2018,83.5825,84.1693,84.3838,83.436,,-0.96%
10/29/2018,84.3968,85.1439,85.1496,84.3468,,-0.71%
10/26/2018,84.9968,84.4774,85.0455,84.1318,,0.44%
10/25/2018,84.6247,84.5891,85.0559,84.5083,,-0.20%
10/24/2018,84.7937,85.2025,85.4485,84.7774,,-0.41%
10/23/2018,85.1445,85.6948,85.7208,84.9627,,-0.74%
10/22/2018,85.7791,85.9032,86.1981,85.6277,,-0.20%
10/19/2018,85.9472,85.897,86.3785,85.6638,,0.23%
10/18/2018,85.7479,86.5531,86.5531,85.7135,,-1.10%
10/17/2018,86.7024,86.9885,87.2671,86.3941,,-0.37%
10/16/2018,87.0263,87.2996,87.3156,86.8066,,-0.11%
10/15/2018,87.1261,86.615,87.1444,86.3398,,1.03%
10/12/2018,86.2351,86.0811,86.582,85.9162,,0.36%
10/11/2018,85.9238,85.8529,86.2555,85.4899,,-0.54%
10/10/2018,86.3888,87.3444,87.4463,86.3487,,-0.97%
10/09/2018,87.2356,87.0113,87.4472,86.7796,,0.36%
10/08/2018,86.9255,86.6152,86.9471,86.2927,,0.03%
10/05/2018,86.8993,87.0663,87.1851,86.6633,,0.13%
10/04/2018,86.7897,87.6793,87.8955,86.6963,,-1.01%
10/03/2018,87.6762,87.2706,87.8349,87.189,,0.60%
10/02/2018,87.1491,86.4271,87.2586,86.2482,,0.91%
10/01/2018,86.3638,85.2348,86.4028,85.046,,1.36%
09/28/2018,85.201,84.8769,85.5742,84.6793,,0.53%
09/27/2018,84.7532,84.8136,84.8497,84.4217,,0.07%
09/26/2018,84.6968,85.0564,85.2268,84.6433,,-0.46%
09/25/2018,85.0843,84.5814,85.3218,84.5596,,0.27%
09/24/2018,84.8516,84.3617,85.0309,84.3472,,0.53%
09/21/2018,84.4025,83.8736,84.6058,83.8157,,0.62%
09/20/2018,83.882,83.4856,83.9802,83.3141,,0.62%
09/19/2018,83.3624,82.7091,83.3942,82.7091,,0.76%
09/18/2018,82.7356,82.0308,82.8709,82.0057,,0.73%
09/17/2018,82.1393,82.2881,82.6309,82.1016,,-0.39%
09/14/2018,82.4586,82.809,82.9361,82.2458,,-0.32%
09/13/2018,82.7206,83.3643,83.4804,82.6646,,-0.90%
09/12/2018,83.4708,83.008,83.8612,83.0039,,0.59%
09/11/2018,82.9778,82.9676,83.1998,82.4273,,0.05%
09/10/2018,82.9329,82.5647,83.1171,82.5381,,0.42%
09/07/2018,82.5853,82.5317,82.6183,82.2009,,0.19%
09/06/2018,82.4301,82.7921,83.0454,82.1861,,-0.32%
09/05/2018,82.6974,83.1203,83.1799,82.677,,-0.52%
09/04/2018,83.1276,83.6878,83.7552,82.9924,,-0.73%
08/31/2018,83.736,83.69,84.0902,83.6248,,0.14%
08/30/2018,83.6155,83.9183,84.1026,83.3779,,-0.25%
08/29/2018,83.8224,83.2253,83.9541,83.0736,,0.55%
08/28/2018,83.3627,83.7346,84.146,83.3215,,-0.48%
08/27/2018,83.7612,83.5309,83.8464,83.2744,,0.08%
08/24/2018,83.6904,83.1053,84.0482,83.0687,,0.70%
08/23/2018,83.1093,83.4819,83.4874,82.9853,,-0.58%
08/22/2018,83.5908,83.4893,83.8095,83.2935,,0.18%
08/21/2018,83.4426,83.4027,83.7743,83.3706,,0.14%
08/20/2018,83.328,83.4737,83.8011,83.2516,,-0.02%
08/17/2018,83.3457,82.9431,83.5507,82.7256,,0.40%
08/16/2018,83.0114,82.3451,83.226,82.3288,,1.02%
08/15/2018,82.1694,83.641,83.6427,82.0006,,-1.91%
08/14/2018,83.771,83.7022,84.1234,83.5779,,0.28%
08/13/2018,83.5408,83.945,84.0122,83.0667,,-0.82%
08/10/2018,84.2307,84.8821,85.141,84.1838,,-0.78%
08/09/2018,84.8891,85.2393,85.38,84.8605,,-0.28%
08/08/2018,85.1261,85.5787,85.6927,84.8798,,-0.42%
08/07/2018,85.4817,85.0986,85.8433,85.0931,,0.49%
08/06/2018,85.0631,84.958,85.2755,84.6721,,0.19%
08/03/2018,84.8999,84.446,85.1656,84.2034,,0.46%
08/02/2018,84.5095,84.3596,84.9466,83.8574,,0.31%
08/01/2018,84.2491,85.1465,85.2016,84.1608,,-1.34%
07/31/2018,85.3947,85.3474,85.7047,85.1122,,0.01%
07/30/2018,85.3821,84.9841,85.5555,84.8246,,0.64%
07/27/2018,84.8391,84.8256,85.2212,84.7102,,-0.13%
07/26/2018,84.953,85.4444,85.46,84.9041,,0.03%
07/25/2018,84.9295,84.2913,84.9835,84.1361,,1.02%
07/24/2018,84.074,83.5014,84.457,83.3684,,0.52%
07/23/2018,83.6367,83.6152,84.1681,83.4992,,-0.06%
07/20/2018,83.683,82.9994,83.7442,82.9909,,0.74%
07/19/2018,83.0658,83.075,83.2808,82.277,,-0.06%
07/18/2018,83.1195,82.883,83.2184,82.4871,,0.36%
07/17/2018,82.8235,83.1959,83.3497,82.6796,,-0.02%
07/16/2018,82.8425,83.7261,83.7631,82.8034,,-1.18%
07/13/2018,83.8306,83.9205,84.0516,83.4272,,-0.21%
07/12/2018,84.0096,83.861,84.1297,83.447,,0.68%
07/11/2018,83.4448,84.9397,85.0466,83.3627,,-2.70%
07/10/2018,85.763,86.266,86.2826,85.5777,,-0.42%
07/09/2018,86.1289,86.3524,86.4273,85.9506,,-0.09%
07/06/2018,86.2079,85.4098,86.228,85.167,,0.79%
07/05/2018,85.5303,85.6367,86.0293,85.4604,,-0.46%
07/03/2018,85.925,85.8435,86.5166,85.7637,,0.23%
07/02/2018,85.7301,87.1867,87.2161,85.7123,,-1.92%
06/29/2018,87.4095,86.6329,87.6548,86.6294,,0.71%
06/28/2018,86.7896,86.9977,87.2255,86.6885,,-0.40%
06/27/2018,87.1417,86.6024,87.4045,86.5319,,0.71%
06/26/2018,86.5277,86.2164,86.6796,85.9531,,0.41%
06/25/2018,86.1721,86.7452,86.9183,86.0676,,-1.31%
06/22/2018,87.3203,86.6476,87.3326,86.6476,,1.04%
06/21/2018,86.4193,86.8174,86.8606,86.0786,,-0.41%
06/20/2018,86.7779,86.7789,87.0848,86.3857,,0.23%
06/19/2018,86.5778,87.4462,87.4608,85.8075,,-1.20%
06/18/2018,87.6264,87.4074,87.9101,87.3527,,-0.09%
06/15/2018,87.7026,89.0257,89.1123,87.6228,,-1.70%
06/14/2018,89.2162,89.7811,89.8273,89.0753,,-0.84%
06/13/2018,89.9678,89.556,90.0958,89.4488,,0.08%
06/12/2018,89.8981,89.765,90.0367,89.5691,,0.28%
06/11/2018,89.6466,90.1951,90.2194,89.6212,,-0.37%
06/08/2018,89.9754,89.979,90.1467,89.5956,,-0.08%
06/07/2018,90.0453,89.9005,90.4377,89.8866,,0.31%
06/06/2018,89.7651,89.8393,90.1457,89.6736,,0.08%
06/05/2018,89.6956,89.4849,89.7364,89.1641,,0.30%
06/04/2018,89.4298,90.3094,90.355,89.409,,-1.13%
06/01/2018,90.4524,90.827,90.8558,90.2678,,-0.29%
05/31/2018,90.7159,90.6577,91.2438,90.5576,,0.00%
05/30/2018,90.7204,89.9883,90.7591,89.8642,,0.49%
05/29/2018,90.2764,90.8662,91.0698,90.0464,,-0.71%
05/25/2018,90.9191,91.495,91.5246,90.7103,,-0.65%
05/24/2018,91.5113,91.5845,91.9414,91.4764,,-0.07%
05/23/2018,91.5724,91.2797,91.5921,90.8798,,0.17%
05/22/2018,91.4178,90.9231,91.7579,90.8821,,0.49%
05/21/2018,90.9729,90.7965,91.052,90.5098,,0.62%
05/18/2018,90.4135,90.3823,90.7072,90.3467,,0.12%
05/17/2018,90.3074,90.291,90.7195,90.2283,,0.14%
05/16/2018,90.1813,90.0252,90.1912,89.8073,,0.06%
05/15/2018,90.1228,90.4225,90.6627,89.6271,,-0.27%
05/14/2018,90.3688,89.9315,90.4811,89.8478,,0.37%
05/11/2018,90.0377,90.3587,90.4763,90.0063,,-0.57%
05/10/2018,90.5536,90.275,90.5772,89.9931,,0.50%
05/09/2018,90.1004,90.1017,90.2889,89.9175,,0.58%
05/08/2018,89.5833,89.6883,89.8737,88.8611,,-0.27%
05/07/2018,89.8226,89.9477,90.2692,89.7765,,-0.19%
05/04/2018,89.9896,89.772,90.1561,89.447,,0.35%
05/03/2018,89.6717,89.4246,89.8115,89.2268,,0.20%
05/02/2018,89.4942,89.5625,89.6521,89.2111,,0.14%
05/01/2018,89.3671,89.4821,89.5064,88.9797,,-0.25%
04/30/2018,89.593,89.5766,89.8161,89.1009,,0.24%
04/27/2018,89.3829,89.3347,89.4721,88.8602,,-0.02%
04/26/2018,89.4003,89.3907,89.57,89.0255,,0.17%
04/25/2018,89.2481,89.1121,89.271,88.7915,,0.19%
04/24/2018,89.0806,89.252,89.439,89.0138,,-0.13%
04/23/2018,89.1948,90.0114,90.0495,88.7582,,-0.73%
04/20/2018,89.8496,89.9821,89.9914,89.3082,,-0.13%
04/19/2018,89.9702,90.5397,91.2955,89.8231,,-0.54%
04/18/2018,90.4564,89.0792,90.5716,89.0792,,1.62%
04/17/2018,89.0157,89.0146,89.2687,88.6078,,-0.02%
04/16/2018,89.0339,89.0597,89.5408,88.9069,,-0.27%
04/13/2018,89.2762,89.0528,89.4319,88.9771,,0.20%
04/12/2018,89.0947,88.9449,89.141,88.4497,,-0.17%
04/11/2018,89.2491,88.6814,89.6495,88.6677,,0.51%
04/10/2018,88.8005,88.0596,88.8408,88.0515,,0.89%
04/09/2018,88.0136,87.1255,88.0595,87.1217,,1.24%
04/06/2018,86.9381,86.8767,87.2403,86.5909,,-0.27%
04/05/2018,87.1757,86.7167,87.1935,86.5886,,0.64%
04/04/2018,86.6218,87.0549,87.1085,85.723,,-0.44%
04/03/2018,87.0085,87.0296,87.298,86.9474,,0.20%
04/02/2018,86.8328,87.9204,88.0997,86.8115,,-0.73%
03/29/2018,87.4729,86.8486,87.6429,86.8251,,0.82%
03/28/2018,86.7627,87.2312,87.2471,86.6082,,-0.57%
03/27/2018,87.258,87.4568,87.6251,87.1295,,0.01%
03/26/2018,87.2526,87.636,87.6448,87.2385,,-0.22%
03/23/2018,87.4415,87.469,87.4792,86.8399,,0.39%
03/22/2018,87.1029,87.7148,87.7534,86.9188,,-0.35%
03/21/2018,87.41,86.9054,87.6172,86.7012,,0.79%
03/20/2018,86.7228,86.6352,87.0019,86.5354,,0.23%
03/19/2018,86.5238,86.9578,87.0282,86.4325,,-0.96%
03/16/2018,87.3633,87.3195,87.5065,86.9622,,0.05%
03/15/2018,87.3169,87.7944,87.8326,87.1465,,-0.41%
03/14/2018,87.6738,87.8356,88.1038,87.506,,-0.23%
03/13/2018,87.8767,87.7934,88.2469,87.6547,,0.24%
03/12/2018,87.6662,87.9557,87.9656,87.3375,,-0.33%
03/09/2018,87.9546,87.4199,88.0504,87.2355,,0.42%
03/08/2018,87.5878,88.1031,88.1031,87.4054,,-0.51%
03/07/2018,88.0368,88.7425,88.8408,87.9566,,-1.09%
03/06/2018,89.0069,88.6517,89.1999,88.5899,,0.34%
03/05/2018,88.7022,88.311,88.7325,87.8656,,0.63%
03/02/2018,88.1477,88.4184,88.5317,87.8472,,-0.06%
03/01/2018,88.2028,88.126,88.2716,87.4506,,0.07%
02/28/2018,88.1409,88.572,88.9879,88.1,,-0.51%
02/27/2018,88.5909,89.0994,89.1519,88.5056,,-0.50%
02/26/2018,89.0401,89.1658,89.3601,88.8073,,0.39%
02/23/2018,88.6922,88.6002,88.7235,88.2937,,0.03%
02/22/2018,88.6675,87.6688,88.7252,87.5987,,0.45%
02/21/2018,88.2742,87.7431,88.3082,87.4861,,0.31%
02/20/2018,88.0035,88.36,88.5388,87.9696,,-0.23%
02/16/2018,88.2043,88.4229,88.5726,87.96,,-0.04%
02/15/2018,88.2377,88.2506,88.3283,87.4716,,0.28%
02/14/2018,87.9944,86.7511,88.0161,86.1943,,1.39%
02/13/2018,86.7893,86.6511,86.9764,86.3911,,0.54%
02/12/2018,86.3257,86.4783,86.6977,86.1657,,0.80%
02/09/2018,85.6442,86.7678,86.826,85.2975,,-1.57%
02/08/2018,87.0087,87.2878,87.4335,86.8841,,-0.16%
02/07/2018,87.148,88.6971,88.7045,87.0314,,-1.16%
02/06/2018,88.1673,88.2619,88.5237,87.8996,,-0.39%
02/05/2018,88.5135,88.6744,89.0652,88.4119,,-0.68%
02/02/2018,89.1213,90.003,90.1056,88.783,,-0.83%
02/01/2018,89.8659,89.653,89.8788,89.3857,,0.07%
01/31/2018,89.8001,90.0475,90.2616,89.5789,,-0.53%
01/30/2018,90.2823,90.5494,90.8162,90.0586,,-0.38%
01/29/2018,90.6277,90.9302,90.9896,90.3456,,-0.19%
01/26/2018,90.7999,90.2932,90.9264,90.1879,,0.38%
01/25/2018,90.459,90.6453,91.1723,90.4346,,-0.01%
01/24/2018,90.4641,89.3233,90.5092,89.2536,,1.47%
01/23/2018,89.1564,88.9448,89.191,88.836,,0.39%
01/22/2018,88.8092,88.8467,88.947,88.6469,,0.30%
01/19/2018,88.5425,88.4949,88.9233,88.4673,,-0.17%
01/18/2018,88.6943,88.8152,88.9051,88.3401,,-0.11%
01/17/2018,88.7962,88.4294,88.8525,88.2597,,0.39%
01/16/2018,88.4507,88.9225,88.9225,88.0573,,-0.34%
01/12/2018,88.7565,88.4495,88.7635,88.2656,,0.51%
01/11/2018,88.3059,88.2859,88.5403,88.2041,,0.08%
01/10/2018,88.2393,88.327,88.7871,88.0287,,0.16%
01/09/2018,88.0988,87.8874,88.1604,87.4685,,0.46%
01/08/2018,87.6911,87.9966,88.0643,87.4762,,-0.25%
01/05/2018,87.9152,88.5095,88.5814,87.8077,,-0.74%
01/04/2018,88.5688,88.4724,88.8263,88.4146,,-0.04%
01/03/2018,88.6085,88.2283,88.6173,88.2029,,0.22%
01/02/2018,88.4101,88.285,88.62,88.1047,,0.28%
12/29/2017,88.1674,87.7882,88.2187,87.5656,,0.54%
12/28/2017,87.698,87.0052,87.7076,86.9813,,0.71%
12/27/2017,87.0755,86.4531,87.115,86.4394,,0.40%
12/26/2017,86.7311,85.9251,86.7699,85.9006,,1.15%
12/22/2017,85.7451,85.0806,85.7573,85.0691,,0.55%
12/21/2017,85.277,85.0441,85.2981,84.8095,,0.26%
12/20/2017,85.0521,84.7618,85.1029,84.7307,,0.55%
12/19/2017,84.5847,84.41,84.82,84.3599,,0.14%
12/18/2017,84.4705,84.0985,84.7347,84.0985,,0.50%
12/15/2017,84.053,83.915,84.2795,83.881,,0.26%
12/14/2017,83.8374,83.7488,83.8622,83.4367,,0.44%
12/13/2017,83.4683,83.7087,83.9684,83.411,,0.05%
12/12/2017,83.4281,84.2636,84.5013,83.3717,,-0.94%
12/11/2017,84.2183,83.9667,84.3437,83.896,,0.25%
12/08/2017,84.0109,83.8136,84.3029,83.8122,,0.25%
12/07/2017,83.8016,84.2054,84.2807,83.6347,,-0.36%
12/06/2017,84.1074,84.9793,85.1485,84.1059,,-1.08%
12/05/2017,85.0298,85.7529,85.8102,84.9615,,-0.83%
12/04/2017,85.7451,86.5828,86.6591,85.7185,,-0.85%
12/01/2017,86.4793,85.9018,86.8846,85.8677,,0.91%
11/30/2017,85.7033,86.4228,86.4873,85.6481,,-0.85%
11/29/2017,86.4388,86.6384,86.8867,86.2614,,-0.33%
11/28/2017,86.7248,86.6871,86.7657,86.4148,,-0.21%
11/27/2017,86.9032,87.0426,87.1305,86.5842,,-0.11%
11/24/2017,86.9996,87.2109,87.2472,86.8973,,-0.05%
11/22/2017,87.04,86.5918,87.0755,86.5892,,0.66%
11/21/2017,86.4733,86.17,86.626,86.1151,,0.33%
11/20/2017,86.1931,86.5205,86.5356,85.9153,,-0.66%
11/17/2017,86.7657,85.8856,86.8413,85.8111,,1.29%
11/16/2017,85.6633,86.0842,86.1077,85.6366,,-0.39%
11/15/2017,86.0009,85.8517,86.1376,85.7795,,-0.19%
11/14/2017,86.1605,87.0433,87.0522,85.908,,-1.20%
11/13/2017,87.2035,87.3108,87.5822,87.0902,,-0.09%
11/10/2017,87.2811,87.4409,87.6622,87.1457,,-0.20%
11/09/2017,87.4571,87.5802,87.7845,87.3492,,-0.21%
11/08/2017,87.6437,87.5523,87.9658,87.3284,,0.12%
11/07/2017,87.5385,88.0466,88.0994,87.3832,,-0.70%
11/06/2017,88.1545,87.133,88.2404,87.1191,,1.47%
11/03/2017,86.8778,86.7988,87.0428,86.3804,,0.21%
11/02/2017,86.6923,86.6798,86.7064,86.263,,0.18%
11/01/2017,86.5381,86.5622,87.0577,86.3813,,0.41%
10/31/2017,86.1882,86.1436,86.3692,85.8402,,0.05%
10/30/2017,86.1478,85.9506,86.2342,85.8709,,0.33%
10/27/2017,85.8652,85.773,85.8914,85.0731,,-0.06%
10/26/2017,85.9153,86.036,86.1006,85.5593,,0.03%
10/25/2017,85.891,86.0711,86.1785,85.8234,,-0.17%
10/24/2017,86.0405,85.7526,86.0553,85.5463,,0.50%
10/23/2017,85.6115,85.4542,85.7137,85.3268,,0.40%
10/20/2017,85.2688,85.432,85.6477,85.0271,,-0.15%
10/19/2017,85.3931,85.3925,85.502,85.0471,,0.10%
10/18/2017,85.3089,85.605,85.6543,85.1527,,-0.21%
10/17/2017,85.4857,85.8826,85.9491,85.3962,,-0.59%
10/16/2017,85.9946,85.8662,86.3922,85.8662,,0.12%
10/13/2017,85.8947,85.2882,85.9109,85.2453,,0.90%
10/12/2017,85.1301,84.8176,85.4036,84.6704,,0.42%
10/11/2017,84.7701,84.7778,84.9415,84.6581,,-0.06%
10/10/2017,84.8206,84.2004,84.9298,84.1141,,0.90%
10/09/2017,84.0669,84.1085,84.2213,83.9132,,0.17%
10/06/2017,83.9256,84.6085,84.6675,83.6941,,-0.78%
10/05/2017,84.5847,83.9873,84.7989,83.9619,,0.75%
10/04/2017,83.9563,83.7439,84.1317,83.6696,,0.26%
10/03/2017,83.739,83.5651,83.9396,83.5161,,0.04%
10/02/2017,83.7066,84.3862,84.3967,83.4233,,-0.89%
09/29/2017,84.4599,84.5589,84.7062,84.3615,,-0.21%
09/28/2017,84.6352,84.5947,84.9671,84.4768,,-0.24%
09/27/2017,84.8375,84.798,84.9861,84.5259,,0.06%
09/26/2017,84.7846,85.5492,85.6772,84.6508,,-0.64%
09/25/2017,85.3276,84.7758,85.3415,84.6085,,0.55%
09/22/2017,84.8572,84.6672,84.9957,84.5719,,0.09%
09/21/2017,84.7825,85.3196,85.3196,84.7562,,-0.94%
09/20/2017,85.5913,85.0827,85.6706,85.0782,,0.88%
09/19/2017,84.842,85.1513,85.2841,84.6926,,-0.28%
09/18/2017,85.0828,85.4336,85.5561,84.9633,,-0.13%
09/15/2017,85.1949,85.0812,85.2261,84.8068,,0.12%
09/14/2017,85.0966,84.9588,85.4314,84.7695,,0.16%
09/13/2017,84.9646,84.9455,85.0337,84.6598,,0.20%
09/12/2017,84.797,84.6771,85.0777,84.4539,,-0.10%
09/11/2017,84.8861,84.7824,84.9904,84.5415,,0.15%
09/08/2017,84.7622,85.8209,86.0718,84.6743,,-1.05%
09/07/2017,85.662,85.7012,85.9403,85.484,,-0.07%
09/06/2017,85.7239,85.1866,85.8913,85.1866,,0.42%
09/05/2017,85.3689,85.0159,85.6256,84.9416,,0.46%
09/01/2017,84.9775,84.6792,84.9917,84.4301,,0.38%
08/31/2017,84.6565,83.114,84.6875,83.1025,,1.91%
08/30/2017,83.0726,83.4783,83.5619,82.9977,,-0.51%
08/29/2017,83.5025,83.7276,83.807,83.3361,,0.10%
08/28/2017,83.4221,83.5552,83.5979,83.1586,,0.16%
08/25/2017,83.2926,83.5981,83.7519,83.1187,,-0.26%
08/24/2017,83.5111,83.3075,83.5558,83.2094,,0.29%
08/23/2017,83.2723,82.9322,83.2899,82.8785,,0.35%
08/22/2017,82.9827,83.0062,83.331,82.9225,,-0.06%
08/21/2017,83.0355,83.3461,83.4287,82.93,,-0.23%
08/18/2017,83.231,82.6901,83.274,82.5879,,0.67%
08/17/2017,82.6799,82.8996,82.9612,82.2795,,0.12%
08/16/2017,82.5834,82.5831,83.0018,82.5499,,0.08%
08/15/2017,82.5202,83.0275,83.0617,82.3504,,-0.71%
08/14/2017,83.1124,83.5067,83.5737,82.9388,,-0.70%
08/11/2017,83.6958,83.5018,83.7555,83.22,,0.19%
08/10/2017,83.5388,84.4999,84.9759,83.5118,,-1.04%
08/09/2017,84.415,83.9679,84.4715,83.8987,,0.56%
08/08/2017,83.9424,83.8467,84.1057,83.5906,,0.27%
08/07/2017,83.716,83.4145,83.7166,83.1401,,0.53%
08/04/2017,83.2769,83.3851,83.4593,82.9808,,-0.07%
08/03/2017,83.3343,83.7592,83.8313,83.3103,,-0.71%
08/02/2017,83.926,83.3813,83.9346,83.2424,,0.47%
08/01/2017,83.5325,84.4559,84.4989,83.2796,,-1.02%
07/31/2017,84.3915,84.3557,84.463,84.0973,,-0.10%
07/28/2017,84.4799,84.1304,84.687,83.9408,,0.30%
07/27/2017,84.2293,83.8976,84.4097,83.8461,,0.65%
07/26/2017,83.6852,83.1428,83.7058,83.0106,,0.69%
07/25/2017,83.1124,82.885,83.3177,82.885,,0.56%
07/24/2017,82.6455,82.4698,82.8106,82.4387,,-0.41%
07/21/2017,82.988,83.6159,83.8274,82.9563,,-0.84%
07/20/2017,83.6887,83.5482,84.113,83.4618,,0.07%
07/19/2017,83.6316,83.0416,83.7804,82.9867,,0.58%
07/18/2017,83.1462,83.0877,83.5979,82.7963,,0.55%
07/17/2017,82.69,82.6066,83.0871,82.6015,,-0.02%
07/14/2017,82.7031,81.9465,82.7971,81.9189,,0.96%
07/13/2017,81.9205,82.3799,82.5355,81.8511,,-0.88%
07/12/2017,82.65,83.2056,83.296,82.5626,,-0.44%
07/11/2017,83.0187,82.485,83.0607,81.7886,,0.80%
07/10/2017,82.3597,82.3872,82.4963,81.98,,0.68%
07/07/2017,81.8048,82.0235,82.2737,81.6722,,-0.74%
07/06/2017,82.4177,82.0943,82.6455,81.9635,,0.12%
07/05/2017,82.3172,83.1237,83.1731,82.0041,,-0.95%
07/03/2017,83.1053,82.7692,83.4285,82.6931,,0.61%
06/30/2017,82.6017,81.4282,82.6168,81.4164,,1.56%
06/29/2017,81.3297,81.0929,81.6073,81.0348,,0.61%
06/28/2017,80.84,80.4468,80.8839,80.366,,0.52%
06/27/2017,80.418,79.9082,80.7226,79.9082,,0.69%
06/26/2017,79.8687,80.0348,80.1686,79.471,,0.29%
06/23/2017,79.6382,79.4201,79.8935,79.4201,,0.35%
06/22/2017,79.3575,79.7281,79.9515,79.3459,,-0.34%
06/21/2017,79.6311,80.235,80.3677,79.5007,,-0.62%
06/20/2017,80.1295,80.8038,81.0329,79.8184,,-0.73%
06/19/2017,80.7188,80.9117,81.2557,80.683,,-0.68%
06/16/2017,81.2691,81.1249,81.2927,81.0327,,0.44%
06/15/2017,80.9162,80.8112,80.9507,80.3031,,0.03%
06/14/2017,80.8905,81.5633,81.8315,80.8593,,-0.89%
06/13/2017,81.6144,81.6979,81.7228,81.3034,,0.03%
06/12/2017,81.5908,82.3154,82.4957,81.5738,,-1.01%
06/09/2017,82.4213,82.1882,82.6087,81.9665,,0.30%
06/08/2017,82.176,82.0604,82.4963,82.0053,,0.26%
06/07/2017,81.9603,82.5816,82.7047,81.9348,,-0.63%
06/06/2017,82.478,81.9439,82.6174,81.8787,,0.58%
06/05/2017,82.0008,82.4842,82.6851,81.8936,,-0.40%
06/02/2017,82.3265,82.3364,82.4702,81.6406,,-0.17%
06/01/2017,82.4643,82.9498,83.0451,82.4298,,-0.44%
05/31/2017,82.8292,83.2798,83.2866,82.4892,,-0.45%
05/30/2017,83.2049,83.7521,83.7521,82.9811,,-0.95%
05/26/2017,84.0062,83.7015,84.0246,83.4323,,0.36%
05/25/2017,83.7059,84.715,84.8742,83.609,,-0.90%
05/24/2017,84.4665,84.662,84.8045,84.276,,-0.28%
05/23/2017,84.7047,85.1932,85.2115,84.6335,,-0.65%
05/22/2017,85.259,85.0247,85.4574,84.9387,,0.64%
05/19/2017,84.7155,83.6457,84.7287,83.5565,,1.55%
05/18/2017,83.4204,83.683,83.7873,82.9101,,-0.66%
05/17/2017,83.9752,83.4076,84.1804,83.4014,,0.57%
05/16/2017,83.4973,83.6092,83.7571,83.3783,,-0.10%
05/15/2017,83.5781,83.5297,84.3013,83.4582,,0.11%
05/12/2017,83.4839,83.0995,83.5006,83.0879,,0.43%
05/11/2017,83.1253,82.7973,83.4064,82.7973,,0.44%
05/10/2017,82.7642,82.1327,82.9612,82.0281,,0.89%
05/09/2017,82.0331,82.3578,82.5437,82.0048,,-0.29%
05/08/2017,82.2704,82.635,82.7545,81.9531,,-0.49%
05/05/2017,82.6787,82.3158,82.9336,81.6728,,0.57%
05/04/2017,82.2104,83.5601,83.5803,82.1027,,-1.82%
05/03/2017,83.7349,83.9377,83.9444,83.4217,,-0.14%
05/02/2017,83.85,84.3802,84.5397,83.7519,,-0.42%
05/01/2017,84.2066,84.0805,84.5084,84.0685,,0.23%
04/28/2017,84.0128,83.7995,84.088,83.6998,,0.47%
04/27/2017,83.617,83.7592,83.8779,83.2345,,-0.33%
04/26/2017,83.8908,84.0312,84.4017,83.8093,,-0.16%
04/25/2017,84.0281,83.7421,84.0443,83.4044,,0.37%
04/24/2017,83.7173,84.1015,84.2488,83.4719,,-0.22%
04/21/2017,83.9044,84.4582,84.6368,83.7456,,-0.64%
04/20/2017,84.4451,84.6735,85.1476,84.4094,,-0.22%
04/19/2017,84.635,85.482,85.6889,84.5372,,-0.84%
04/18/2017,85.3535,86.0611,86.0628,85.0848,,-0.81%
04/17/2017,86.0495,86.3045,86.4395,86.0397,,-0.29%
04/13/2017,86.2988,86.0816,86.4599,86.0629,,0.48%
04/12/2017,85.8823,86.3094,86.3094,85.8027,,-0.14%
04/11/2017,86.0014,85.9921,86.0544,85.486,,0.11%
04/10/2017,85.9032,85.6824,85.942,85.6183,,0.08%
04/07/2017,85.8354,86.3,86.3968,85.4843,,0.10%
04/06/2017,85.7491,85.6498,85.9405,85.5427,,0.15%
04/05/2017,85.6223,85.6135,86.1282,85.4576,,0.39%
04/04/2017,85.2934,84.8476,85.3169,84.6896,,0.65%
04/03/2017,84.7405,85.4373,85.7069,84.7281,,-0.72%
03/31/2017,85.3508,85.2312,85.4139,84.897,,0.00%
03/30/2017,85.3488,85.1854,85.7175,85.0138,,-0.06%
03/29/2017,85.4023,84.7587,85.4221,84.6487,,0.58%
03/28/2017,84.9059,84.3925,85.0126,84.2491,,0.68%
03/27/2017,84.3323,84.486,84.6107,83.9439,,-0.23%
03/24/2017,84.5258,84.4117,84.6934,84.3723,,-0.08%
03/23/2017,84.5893,84.8067,84.8518,84.3607,,-0.08%
03/22/2017,84.6604,84.7125,84.8531,84.2865,,-0.31%
03/21/2017,84.9241,85.071,85.2866,84.7093,,-0.22%
03/20/2017,85.1073,85.0903,85.4356,84.9338,,-0.04%
03/17/2017,85.1449,84.9087,85.2082,84.7131,,0.32%
03/16/2017,84.8731,85.0982,85.4159,84.841,,0.43%
03/15/2017,84.5137,84.2216,84.6715,84.1678,,0.73%
03/14/2017,83.9026,84.2879,84.4274,83.5633,,-0.55%
03/13/2017,84.3691,84.4662,84.7321,84.2697,,0.12%
03/10/2017,84.2675,84.6245,85.0427,84.1764,,-0.37%
03/09/2017,84.5785,85.3023,85.4127,84.2902,,-0.83%
03/08/2017,85.2905,86.3396,86.4576,85.2323,,-1.23%
03/07/2017,86.3515,87.0714,87.1085,86.2706,,-0.87%
03/06/2017,87.1109,87.4853,87.6422,87.0741,,-0.09%
03/03/2017,87.1899,87.0301,87.227,86.8136,,0.23%
03/02/2017,86.9865,88.141,88.1981,86.912,,-1.51%
03/01/2017,88.324,87.7673,88.3602,87.6146,,0.67%
02/28/2017,87.7388,87.0745,87.9134,86.9535,,0.73%
02/27/2017,87.0995,87.4601,87.6009,87.0844,,-0.44%
02/24/2017,87.4836,87.376,87.6847,87.1123,,0.13%
02/23/2017,87.3723,87.7779,88.1204,87.2641,,-0.21%
02/22/2017,87.5519,87.9574,87.9574,87.4843,,-0.36%
02/21/2017,87.8646,88.3657,88.4622,87.8474,,-0.28%
02/17/2017,88.1104,88.335,88.335,87.8178,,-0.42%
02/16/2017,88.4806,89.1107,89.1595,88.4616,,-0.60%
02/15/2017,89.0138,88.7234,89.0643,88.4062,,0.44%
02/14/2017,88.6259,88.5792,89.0566,88.4233,,-0.01%
02/13/2017,88.6376,89.3525,89.3566,88.587,,-0.81%
02/10/2017,89.3574,88.3136,89.4476,88.3052,,0.94%
02/09/2017,88.5273,88.5151,88.8713,88.2722,,0.12%
02/08/2017,88.4178,87.8587,88.5997,87.777,,0.63%
02/07/2017,87.8624,87.9098,87.9909,87.5283,,0.04%
02/06/2017,87.83,88.2313,88.3603,87.8175,,-0.13%
02/03/2017,87.9428,88.1427,88.3356,87.7349,,-0.52%
02/02/2017,88.3999,88.5577,88.9057,88.3302,,-0.16%
02/01/2017,88.5422,87.5611,88.5528,87.4996,,1.08%
01/31/2017,87.5922,87.0339,87.8603,86.995,,0.65%
01/30/2017,87.0293,87.8392,87.866,87.0187,,-1.08%
01/27/2017,87.977,88.0199,88.0593,87.6169,,-0.33%
01/26/2017,88.2692,88.6127,88.8292,88.1764,,-0.11%
01/25/2017,88.3675,88.4879,88.6975,88.0721,,-0.43%
01/24/2017,88.7502,88.8237,89.2642,88.7253,,0.17%
01/23/2017,88.5958,88.6884,88.7033,88.2227,,0.25%
01/20/2017,88.376,88.0728,88.734,87.8827,,0.25%
01/19/2017,88.1579,88.3001,88.5196,88.0443,,-0.26%
01/18/2017,88.3839,88.972,89.0614,88.2487,,-0.63%
01/17/2017,88.9487,88.7808,89.4727,88.5369,,0.46%
01/13/2017,88.5432,88.4281,88.7107,87.993,,0.06%
01/12/2017,88.4857,87.3528,88.5105,87.2964,,1.46%
01/11/2017,87.2102,86.8357,87.4553,86.5452,,0.41%
01/10/2017,86.8542,86.3557,87.2123,86.3476,,0.59%
01/09/2017,86.3434,87.3602,87.3914,86.3214,,-1.17%
01/06/2017,87.3673,87.5419,87.6265,87.002,,-0.19%
01/05/2017,87.5294,87.0724,87.8524,87.0252,,0.41%
01/04/2017,87.1718,86.2162,87.2055,86.1603,,1.28%
01/03/2017,86.0673,87.3407,87.8349,86.0015,,-1.65%
12/30/2016,87.5144,87.7348,88.0009,87.3524,,-0.17%
12/29/2016,87.6672,87.7962,88.0116,87.547,,-0.10%
12/28/2016,87.7524,87.4846,87.8531,87.1516,,0.18%
12/27/2016,87.5987,86.6013,87.7146,86.59,,1.52%
12/23/2016,86.291,86.1721,86.5263,85.9988,,-0.05%
12/22/2016,86.3305,86.4466,86.7294,85.8434,,-0.08%
12/21/2016,86.4032,86.3964,86.8548,86.2337,,0.29%
12/20/2016,86.1569,86.4445,86.5188,85.9982,,-0.48%
12/19/2016,86.5687,87.2101,87.3281,86.352,,-0.65%
12/16/2016,87.1333,87.1333,87.1333,87.1333,,0.34%
12/15/2016,86.8356,87.445,87.5999,86.4639,,-0.90%
12/14/2016,87.6267,87.6819,88.1238,87.3887,,-0.34%
12/13/2016,87.9224,88.1602,88.6207,87.6089,,-0.29%
12/12/2016,88.1761,88.8003,88.857,88.1084,,0.04%
12/09/2016,88.1431,87.6938,88.1653,87.588,,0.66%
12/08/2016,87.5661,87.4124,87.8312,86.9276,,0.11%
12/07/2016,87.4726,87.9752,88.3201,87.4562,,-0.63%
12/06/2016,88.0266,88.0115,88.3756,87.7402,,-0.36%
12/05/2016,88.3476,87.1906,89.0919,87.1466,,1.50%
12/02/2016,87.0416,86.8768,87.1843,86.297,,0.14%
12/01/2016,86.9186,86.0589,87.2118,85.9624,,1.07%
11/30/2016,86.0015,84.4467,86.3081,84.1639,,2.05%
11/29/2016,84.2773,85.9426,85.9435,84.1921,,-2.08%
11/28/2016,86.066,85.7094,86.46,85.482,,1.22%
11/25/2016,85.0319,85.3685,85.5021,84.9622,,-0.38%
11/23/2016,85.3577,85.0347,85.5082,84.2837,,0.26%
11/22/2016,85.1386,85.4653,85.7358,84.7868,,0.30%
11/21/2016,84.8851,83.7611,84.9285,83.7611,,2.24%
11/18/2016,83.022,82.2117,83.1569,82.1232,,0.36%
11/17/2016,82.7271,82.7548,83.2776,82.6135,,-0.05%
11/16/2016,82.7663,83.2379,83.5159,82.5795,,-0.62%
11/15/2016,83.279,82.8671,83.3288,82.3461,,1.14%
11/14/2016,82.3429,82.8082,82.8313,81.7879,,-0.04%
11/11/2016,82.3754,83.8286,84.4211,82.1604,,-1.75%
11/10/2016,83.84,84.3985,85.0822,83.6111,,-0.08%
11/09/2016,83.9087,83.332,84.4755,82.9138,,0.15%
11/08/2016,83.7814,83.8644,84.1399,83.3743,,-0.05%
11/07/2016,83.8224,83.6961,83.9986,83.3574,,0.63%
11/04/2016,83.2943,83.5664,83.6437,82.946,,-0.37%
11/03/2016,83.6054,83.9409,83.9983,83.4797,,-0.34%
11/02/2016,83.8889,84.1486,84.1973,83.5722,,-0.74%
11/01/2016,84.5133,85.1458,85.4391,84.3519,,-0.46%
10/31/2016,84.9011,85.8732,86.0078,84.8734,,-1.18%
10/28/2016,85.9119,86.316,86.5118,85.7479,,-0.35%
10/27/2016,86.2162,85.644,86.3045,85.544,,0.79%
10/26/2016,85.5405,85.7815,85.9193,85.2747,,-0.55%
10/25/2016,86.0107,86.2628,86.715,85.8041,,-0.16%
10/24/2016,86.1501,86.0994,86.5096,85.7125,,0.05%
10/21/2016,86.1053,85.9238,86.2311,85.7167,,0.10%
10/20/2016,86.0215,86.9791,87.0134,85.771,,-1.00%
10/19/2016,86.8947,86.787,87.0755,86.4594,,0.39%
10/18/2016,86.5539,86.6731,86.91,86.4205,,0.19%
10/17/2016,86.3877,86.2569,86.6175,85.819,,0.05%
10/14/2016,86.3405,86.4428,86.7298,86.1604,,0.07%
10/13/2016,86.2813,85.5741,86.3012,85.3275,,0.74%
10/12/2016,85.649,86.2895,86.3797,85.6163,,-0.61%
10/11/2016,86.1764,86.6665,86.8131,85.9375,,-0.67%
10/10/2016,86.7571,85.4909,86.9271,85.4909,,1.30%
10/07/2016,85.6414,85.5926,86.1013,85.3354,,0.15%
10/06/2016,85.5129,85.508,85.6953,85.1607,,-0.24%
10/05/2016,85.7159,85.4507,85.7936,85.1681,,0.66%
10/04/2016,85.1508,85.3998,85.5083,85.0124,,-0.53%
10/03/2016,85.6046,85.2808,85.7126,84.6232,,0.31%
09/30/2016,85.342,85.0384,85.6396,84.7908,,0.14%
09/29/2016,85.2238,85.4898,85.5848,84.9457,,0.10%
09/28/2016,85.1424,84.1098,85.2597,83.7237,,1.19%
09/27/2016,84.1435,84.6516,84.8741,83.7076,,-0.85%
09/26/2016,84.8615,84.4621,85.1314,84.0706,,0.64%
09/23/2016,84.3221,85.0729,85.4484,84.1704,,-1.39%
09/22/2016,85.5084,85.4479,86.0463,85.2568,,0.71%
09/21/2016,84.9081,84.4945,84.9663,84.4169,,0.74%
09/20/2016,84.2876,83.5964,84.3596,83.4849,,0.81%
09/19/2016,83.6063,83.7395,84.0824,83.4907,,0.45%
09/16/2016,83.2357,82.9831,83.2976,82.4097,,0.18%
09/15/2016,83.0829,82.8024,83.2518,82.4872,,0.50%
09/14/2016,82.6722,83.0792,83.4086,82.5896,,-0.42%
09/13/2016,83.0196,84.1658,84.197,82.992,,-1.27%
09/12/2016,84.0834,83.4562,84.424,83.2763,,0.07%
09/09/2016,84.0242,84.8938,84.9392,83.9943,,-1.32%
09/08/2016,85.1478,84.3238,85.1988,84.0205,,1.45%
09/07/2016,83.9304,83.438,84.0159,83.4279,,0.65%
09/06/2016,83.3865,83.314,83.4294,82.6284,,0.48%
09/02/2016,82.9889,82.4715,83.269,82.2545,,1.08%
09/01/2016,82.1007,82.9092,83.0804,82.0268,,-0.81%
08/31/2016,82.7727,83.6626,83.7277,82.6401,,-1.05%
08/30/2016,83.6551,84.5057,84.6981,83.5083,,-0.95%
08/29/2016,84.4593,84.7034,84.7294,84.3193,,-0.62%
08/26/2016,84.9846,85.1828,85.9416,84.6,,-0.08%
08/25/2016,85.0535,84.9196,85.2433,84.7476,,-0.02%
08/24/2016,85.0698,85.8113,85.8271,84.9076,,-1.17%
08/23/2016,86.0734,85.4013,86.1451,85.2901,,0.47%
08/22/2016,85.6704,85.927,85.9613,85.4074,,-0.66%
08/19/2016,86.2364,86.5108,86.6623,85.8698,,-0.58%
08/18/2016,86.7407,86.0557,86.8283,85.9048,,1.01%
08/17/2016,85.8719,85.5499,85.9456,85.2315,,0.17%
08/16/2016,85.7227,85.064,85.8141,85.0075,,0.57%
08/15/2016,85.2385,84.3788,85.2558,84.2415,,1.41%
08/12/2016,84.0555,83.8958,84.3862,83.5628,,0.10%
08/11/2016,83.9743,83.1849,84.2605,82.9079,,0.90%
08/10/2016,83.2293,83.8446,84.4576,83.1896,,-0.62%
08/09/2016,83.7521,84.0188,84.3751,83.7214,,-0.67%
08/08/2016,84.3172,83.8852,84.4899,83.8397,,0.55%
08/05/2016,83.8543,83.9001,84.1284,83.3279,,-0.06%
08/04/2016,83.9078,83.623,84.0692,83.067,,0.43%
08/03/2016,83.5472,82.8506,83.7543,82.5517,,0.99%
08/02/2016,82.7299,82.8594,83.7859,82.4494,,-0.20%
08/01/2016,82.8974,84.1692,84.3512,82.8033,,-1.64%
07/29/2016,84.2809,83.4692,84.3462,82.8144,,1.06%
07/28/2016,83.3984,83.6062,83.7591,83.3165,,0.33%
07/27/2016,83.127,83.7057,84.2238,83.0231,,-0.71%
07/26/2016,83.7215,83.8644,83.9887,83.305,,-0.24%
07/25/2016,83.9236,84.5809,84.7513,83.7169,,-0.84%
07/22/2016,84.6352,84.9649,84.9731,84.0449,,-0.37%
07/21/2016,84.952,85.1691,85.5429,84.8246,,-0.24%
07/20/2016,85.1563,85.6913,85.8595,84.7825,,-0.69%
07/19/2016,85.7484,86.4526,86.7641,85.7163,,-0.90%
07/18/2016,86.5266,86.7721,86.9018,85.77,,-0.20%
07/15/2016,86.6984,86.8402,86.8402,86.6984,,-0.48%
07/14/2016,87.1196,87.2192,87.9443,86.9803,,0.16%
07/13/2016,86.9767,87.2419,88.1866,86.8723,,-0.59%
07/12/2016,87.4889,86.311,87.5472,86.1356,,1.63%
07/11/2016,86.0815,86.6364,87.2017,86.0238,,-0.37%
07/08/2016,86.4023,85.6053,86.4908,85.4838,,1.02%
07/07/2016,85.5334,87.8068,88.1217,85.394,,-2.28%
07/06/2016,87.5272,87.449,87.82,86.3239,,0.11%
07/05/2016,87.4282,89.0808,89.2302,86.9097,,-2.51%
07/01/2016,89.6788,89.1615,89.7142,88.827,,0.94%
06/30/2016,88.8423,89.2184,89.4214,88.4964,,-0.51%
06/29/2016,89.2984,88.4369,89.3445,88.2241,,1.13%
06/28/2016,88.3016,86.9283,88.4287,86.9283,,1.90%
06/27/2016,86.6558,87.1365,87.6728,86.4314,,-0.34%
06/24/2016,86.9557,87.9599,88.017,86.4474,,-1.57%
06/23/2016,88.3454,88.0649,88.4784,87.6715,,0.37%
06/22/2016,88.0189,88.5835,88.9776,87.7769,,-0.64%
06/21/2016,88.5833,89.3069,89.3319,88.1206,,-0.97%
06/20/2016,89.4538,88.7628,89.5345,88.6601,,0.83%
06/17/2016,88.7212,87.4043,88.7567,87.4043,,1.70%
06/16/2016,87.2339,88.2799,88.3114,87.2173,,-1.40%
06/15/2016,88.4692,88.3558,88.9649,88.3191,,-0.34%
06/14/2016,88.7731,88.6441,88.8343,88.1373,,-0.35%
06/13/2016,89.0837,89.067,89.581,88.9309,,0.16%
06/10/2016,88.9427,89.7571,89.764,88.8491,,-1.04%
06/09/2016,89.8772,90.1586,90.3087,89.2189,,-0.07%
06/08/2016,89.9368,88.504,90.008,88.4226,,1.87%
06/07/2016,88.2886,87.9,88.308,87.6962,,0.20%
06/06/2016,88.1137,87.7802,88.4036,87.7198,,1.12%
06/03/2016,87.1411,86.7478,87.6479,86.6728,,0.50%
06/02/2016,86.7062,86.0794,86.9056,85.7159,,0.93%
06/01/2016,85.9085,85.126,85.9597,84.6756,,0.67%
05/31/2016,85.3383,85.5389,86.0376,85.2907,,-0.15%
05/27/2016,85.4675,85.1616,85.5433,84.9014,,0.13%
05/26/2016,85.354,85.3821,85.9365,84.9219,,0.19%
05/25/2016,85.1889,84.4928,85.2207,84.378,,1.21%
05/24/2016,84.1733,84.1565,84.8681,83.8851,,-0.24%
05/23/2016,84.3763,84.8034,84.9634,84.0794,,-0.58%
05/20/2016,84.8666,84.8007,85.4845,84.578,,0.22%
05/19/2016,84.6832,84.6727,84.7722,83.7232,,-0.84%
05/18/2016,85.3994,85.8734,85.8859,84.919,,-0.37%
05/17/2016,85.7167,85.3487,85.8822,85.0031,,0.68%
05/16/2016,85.1403,84.6181,85.3488,84.6016,,0.80%
05/13/2016,84.4663,84.4445,84.6681,83.9546,,-0.34%
05/12/2016,84.7504,84.6328,85.1344,83.8668,,0.04%
05/11/2016,84.7138,83.6043,84.7551,83.372,,1.62%
05/10/2016,83.3606,81.7657,83.3919,81.747,,1.96%
05/09/2016,81.7576,83.5685,83.6018,81.6697,,-1.96%
05/06/2016,83.393,82.784,83.8847,82.4591,,0.83%
05/05/2016,82.7066,83.7498,84.5411,82.5657,,-0.78%
05/04/2016,83.3537,83.3726,84.2384,83.0966,,-0.27%
05/03/2016,83.5775,84.7176,85.2242,83.2808,,-1.35%
05/02/2016,84.72,85.3387,85.5653,84.5455,,-0.94%
04/29/2016,85.5205,84.6928,85.7885,84.6904,,0.80%
04/28/2016,84.8377,84.0268,85.0163,83.9161,,0.63%
04/27/2016,84.309,84.0464,84.4252,83.2347,,0.56%
04/26/2016,83.8387,83.1998,83.8765,82.5652,,1.16%
04/25/2016,82.8806,82.7818,83.4839,82.4404,,-0.21%
04/22/2016,83.0537,83.851,84.3053,82.9504,,-0.64%
04/21/2016,83.588,84.051,85.0733,83.092,,-0.70%
04/20/2016,84.1773,82.4877,84.2178,81.9612,,1.84%
04/19/2016,82.6543,80.6233,82.6681,80.4627,,2.45%
04/18/2016,80.6782,79.6985,81.0269,79.337,,0.36%
04/15/2016,80.3927,80.6704,80.7058,79.7094,,-0.31%
04/14/2016,80.6462,80.7915,81.2431,80.4953,,-0.74%
04/13/2016,81.2446,80.8728,81.4471,80.595,,0.44%
04/12/2016,80.8911,79.2118,80.9217,79.1991,,2.03%
04/11/2016,79.2825,79.0063,79.4009,78.6552,,0.32%
04/08/2016,79.0288,77.7499,79.0592,77.737,,2.04%
04/07/2016,77.4519,77.8387,77.9862,77.1142,,-0.25%
04/06/2016,77.6481,77.2617,77.8367,76.7958,,0.88%
04/05/2016,76.9725,77.1971,77.3968,76.8004,,-0.27%
04/04/2016,77.1817,77.8009,78.3414,77.124,,-0.98%
04/01/2016,77.9417,78.7907,78.9527,77.5657,,-1.12%
03/31/2016,78.8272,78.7749,79.5578,78.5628,,-0.13%
03/30/2016,78.9293,79.6003,80.023,78.8877,,-0.48%
03/29/2016,79.3072,79.4633,79.5264,78.7425,,-0.22%
03/28/2016,79.4835,79.309,79.5763,79.0792,,0.29%
03/24/2016,79.2517,79.408,79.5912,78.6795,,-0.41%
03/23/2016,79.5757,81.0209,81.0327,79.5556,,-2.04%
03/22/2016,81.2301,80.5819,81.2491,80.5657,,0.55%
03/21/2016,80.7885,80.5809,81.0707,80.2019,,0.04%
03/18/2016,80.7557,81.446,81.57,80.6984,,-0.66%
03/17/2016,81.2888,80.3653,81.3075,80.2408,,2.12%
03/16/2016,79.5999,79.0273,79.62,78.7547,,0.99%
03/15/2016,78.8207,79.2183,79.2183,78.547,,-0.77%
03/14/2016,79.4295,79.8551,80.1142,78.8709,,-0.65%
03/11/2016,79.9471,79.873,80.2161,79.739,,0.71%
03/10/2016,79.3796,79.338,79.514,78.8093,,-0.08%
03/09/2016,79.4445,78.2625,79.4626,78.2457,,1.30%
03/08/2016,78.4241,78.8003,79.5095,78.3069,,-1.10%
03/07/2016,79.296,78.4541,79.4982,78.3036,,1.17%
03/04/2016,78.3828,77.0599,78.4249,77.0321,,1.97%
03/03/2016,76.8692,76.4008,77.0101,76.2794,,0.53%
03/02/2016,76.4606,76.0324,76.6594,75.9348,,0.49%
03/01/2016,76.0847,75.7828,76.4563,75.562,,0.18%
02/29/2016,75.9463,75.4827,76.0596,75.2132,,0.64%
02/26/2016,75.4617,75.7193,76.6447,75.3804,,-0.37%
02/25/2016,75.7443,75.7201,75.9332,74.8675,,-0.04%
02/24/2016,75.7747,74.9731,75.9081,74.628,,0.80%
02/23/2016,75.1753,75.7613,76.1528,74.9704,,-1.05%
02/22/2016,75.9732,75.329,76.2137,75.2756,,1.15%
02/19/2016,75.1058,75.7005,75.899,75.0338,,-0.84%
02/18/2016,75.7455,76.1715,76.3674,75.6881,,-0.37%
02/17/2016,76.0288,74.9433,76.1779,74.5775,,1.76%
02/16/2016,74.7166,75.7923,76.1927,74.5716,,-0.96%
02/12/2016,75.4389,74.5406,75.4593,74.4024,,2.00%
02/11/2016,73.9578,73.9603,74.6253,73.8306,,0.06%
02/10/2016,73.916,74.1608,74.4872,73.7065,,-0.12%
02/09/2016,74.0028,75.6046,75.6833,73.9499,,-1.99%
02/08/2016,75.5048,75.7665,76.1341,75.3429,,-0.12%
02/05/2016,75.5965,76.1445,76.7318,75.5583,,-0.72%
02/04/2016,76.1419,76.5204,77.1573,76.0505,,-0.17%
02/03/2016,76.2718,74.7736,76.2991,74.739,,1.90%
02/02/2016,74.85,75.6739,75.9531,74.509,,-1.45%
02/01/2016,75.9526,76.5692,76.685,75.6471,,-1.65%
01/29/2016,77.2234,76.3904,77.2516,76.2887,,1.47%
01/28/2016,76.1049,75.9238,77.0377,75.7287,,-0.02%
01/27/2016,76.1198,75.2381,76.4348,75.0461,,0.82%
01/26/2016,75.499,74.3451,75.8864,73.9379,,1.35%
01/25/2016,74.4959,75.3719,75.5339,74.2476,,-0.98%
01/22/2016,75.2355,73.9762,75.4797,73.8114,,1.96%
01/21/2016,73.7915,73.1782,74.2435,72.5601,,1.26%
01/20/2016,72.8759,73.4073,73.4263,72.3315,,-1.00%
01/19/2016,73.6098,73.7005,74.6824,73.5706,,0.17%
01/15/2016,73.4877,74.4323,74.4657,73.3405,,-1.44%
01/14/2016,74.5594,74.6018,74.8347,74.2349,,-0.09%
01/13/2016,74.63,74.5858,75.2771,74.4475,,0.26%
01/12/2016,74.4338,74.7493,75.2115,74.0247,,-0.92%
01/11/2016,75.1221,76.3847,76.4085,74.8938,,-2.09%
01/08/2016,76.7265,76.8506,77.1351,76.4476,,0.06%
01/07/2016,76.6828,76.333,77.2133,75.7032,,0.05%
01/06/2016,76.6414,77.6193,77.7203,76.5634,,-1.32%
01/05/2016,77.6628,78.0775,78.2598,77.4452,,-0.31%
01/04/2016,77.9054,78.6714,79.0508,77.6665,,-0.83%
12/31/2015,78.5588,78.3781,79.0225,78.0983,,0.60%
12/30/2015,78.0881,78.744,78.7938,77.9958,,-1.21%
12/29/2015,79.0418,78.0069,79.0982,77.988,,1.49%
12/28/2015,77.879,78.4465,78.4767,77.8238,,-0.77%
12/24/2015,78.4851,78.2927,78.5859,78.1769,,0.49%
12/23/2015,78.1055,77.2791,78.1251,77.277,,1.21%
12/22/2015,77.169,77.677,77.791,77.1383,,-0.68%
12/21/2015,77.6985,77.3976,77.9866,77.1829,,0.32%
12/18/2015,77.4523,76.615,78.0065,76.5906,,1.11%
12/17/2015,76.6045,76.9232,76.9969,76.1606,,-0.62%
12/16/2015,77.0807,77.6052,77.8798,76.8754,,-0.64%
12/15/2015,77.5781,77.897,78.2358,77.4178,,-0.49%
12/14/2015,77.9609,78.236,78.2787,77.1828,,-0.59%
12/11/2015,78.4224,78.8147,79.2837,78.3612,,-0.92%
12/10/2015,79.1544,79.3774,79.4822,78.8363,,-0.12%
12/09/2015,79.2466,79.4304,80.1835,78.7943,,0.10%
12/08/2015,79.169,79.5226,79.7122,78.7206,,-0.42%
12/07/2015,79.5064,81.4476,81.6073,79.4729,,-2.69%
12/04/2015,81.7016,81.3844,81.9386,81.0211,,0.50%
12/03/2015,81.2978,80.3475,81.6767,80.2337,,1.15%
12/02/2015,80.3708,81.6911,81.7293,80.3239,,-1.69%
12/01/2015,81.7533,81.4159,81.8789,81.1305,,0.83%
11/30/2015,81.0781,81.0571,81.6329,81.0012,,-0.02%
11/27/2015,81.0962,82.0454,82.0532,81.0762,,-1.42%
11/25/2015,82.2684,82.2769,82.3643,81.4211,,0.15%
11/24/2015,82.1446,81.404,82.564,81.3891,,0.79%
11/23/2015,81.4999,80.66,81.752,80.1942,,0.09%
11/20/2015,81.4234,81.768,82.1156,81.3847,,-0.39%
11/19/2015,81.7412,81.6776,82.1278,81.2698,,0.21%
11/18/2015,81.5672,81.7242,82.2281,81.1224,,-0.21%
11/17/2015,81.7422,82.1214,82.4212,81.6629,,-0.87%
11/16/2015,82.4601,82.8778,82.9174,81.7033,,0.03%
11/13/2015,82.4332,82.9509,83.2058,82.2446,,-0.53%
11/12/2015,82.8691,83.7841,83.9015,82.6877,,-0.90%
11/11/2015,83.618,84.0312,84.3777,83.4922,,-0.51%
11/10/2015,84.0446,84.351,84.5584,83.8664,,-0.23%
11/09/2015,84.2369,85.4989,85.6307,84.1822,,-1.17%
11/06/2015,85.2346,85.9917,86.1793,84.9074,,-0.69%
11/05/2015,85.826,86.6582,86.661,85.7952,,-0.80%
11/04/2015,86.5148,87.8365,88.1274,86.5007,,-1.34%
11/03/2015,87.693,87.0107,87.9033,86.8082,,0.95%
11/02/2015,86.8684,87.2331,87.3112,86.6217,,-0.64%
10/30/2015,87.4289,86.8363,87.6345,86.6797,,0.65%
10/29/2015,86.8672,87.3111,87.5887,86.7337,,-0.88%
10/28/2015,87.642,86.6341,87.7589,86.4735,,1.18%
10/27/2015,86.6234,86.927,87.0906,86.4893,,-0.39%
10/26/2015,86.9614,87.4303,87.5966,86.9392,,-0.55%
10/23/2015,87.4464,88.2433,88.7423,87.2514,,-0.83%
10/22/2015,88.1748,88.2791,88.9872,88.0316,,-0.01%
10/21/2015,88.1843,88.7048,88.7817,87.8055,,-0.73%
10/20/2015,88.829,88.5528,89.1036,88.3785,,0.35%
10/19/2015,88.5192,89.512,89.634,88.5075,,-1.41%
10/16/2015,89.7835,89.9487,89.9651,89.114,,-0.06%
10/15/2015,89.839,90.1764,90.3383,89.3905,,-0.33%
10/14/2015,90.1376,89.9565,90.3659,89.6517,,0.17%
10/13/2015,89.9819,90.1055,90.5784,89.6011,,-0.08%
10/12/2015,90.0524,91.2318,91.6817,90.0375,,-1.05%
10/09/2015,91.0084,90.4596,91.9434,90.4524,,0.73%
10/08/2015,90.3452,89.9055,90.5544,89.5961,,0.26%
10/07/2015,90.1089,90.4076,91.2555,90.0009,,-0.18%
10/06/2015,90.2675,88.7535,90.3887,88.4349,,1.65%
10/05/2015,88.8007,88.1636,89.0196,88.1422,,1.03%
10/02/2015,87.8914,87.3168,88.0113,86.7548,,0.87%
10/01/2015,87.1305,88.063,88.7473,87.1222,,-0.79%
09/30/2015,87.8214,87.4181,88.4659,87.3941,,0.30%
09/29/2015,87.5618,87.306,87.8894,87.0947,,0.26%
09/28/2015,87.3344,88.4051,88.5289,87.2544,,-1.31%
09/25/2015,88.4942,87.9024,88.5437,87.8229,,0.71%
09/24/2015,87.8704,87.4397,87.9155,86.8222,,0.78%
09/23/2015,87.186,87.5598,88.5473,87.1638,,-0.55%
09/22/2015,87.6693,88.2613,88.3255,87.0671,,-1.01%
09/21/2015,88.5615,87.5457,88.5703,87.5101,,0.95%
09/18/2015,87.7272,89.1225,89.6162,87.6065,,-1.46%
09/17/2015,89.0314,89.4064,89.6385,88.7425,,-0.48%
09/16/2015,89.4589,88.6279,89.8141,88.4953,,1.00%
09/15/2015,88.571,88.8393,88.893,88.395,,0.00%
09/14/2015,88.5721,89.3131,89.3186,88.3493,,-0.40%
09/11/2015,88.9268,89.1157,89.2039,87.8844,,-0.25%
09/10/2015,89.1462,88.2758,89.2711,87.9485,,1.05%
09/09/2015,88.2201,89.3506,89.7125,88.1955,,-1.26%
09/08/2015,89.3503,88.0817,89.4867,87.8797,,0.97%
09/04/2015,88.4894,89.2043,89.5081,88.4566,,-1.04%
09/03/2015,89.4195,88.6756,90.2272,88.6007,,0.55%
09/02/2015,88.9281,88.2975,89.2908,87.6131,,0.21%
09/01/2015,88.738,90.0607,90.6619,88.6609,,-2.41%
08/31/2015,90.9328,88.7299,90.9707,87.8243,,1.76%
08/28/2015,89.3579,88.0276,89.7285,87.4988,,1.87%
08/27/2015,87.7216,85.8937,87.7527,85.6971,,3.03%
08/26/2015,85.1383,86.066,86.2926,85.1001,,-1.32%
08/25/2015,86.2752,86.2269,87.2404,85.82,,0.49%
08/24/2015,85.8531,86.9499,86.9754,85.172,,-2.22%
08/21/2015,87.8048,89.0635,89.1117,87.5527,,-1.60%
08/20/2015,89.2297,88.5222,89.5025,88.2593,,0.79%
08/19/2015,88.5264,89.2461,89.5648,88.3128,,-0.86%
08/18/2015,89.2938,89.809,89.8106,88.7874,,-0.58%
08/17/2015,89.8147,89.9955,90.2668,89.7892,,-0.60%
08/14/2015,90.3553,90.3408,90.7554,90.2157,,-0.11%
08/13/2015,90.4538,90.7953,91.1357,90.2145,,-0.42%
08/12/2015,90.8315,90.8315,91.9616,90.3159,,-0.31%
08/11/2015,91.1178,92.0021,92.5588,90.7559,,-1.62%
08/10/2015,92.6227,90.6273,92.6283,90.5938,,2.37%
08/07/2015,90.4799,90.4926,90.8011,90.1331,,-0.06%
08/06/2015,90.5323,90.7384,90.7761,90.3043,,-0.32%
08/05/2015,90.8273,91.176,91.67,90.6677,,-0.32%
08/04/2015,91.1156,90.6359,91.3749,90.5701,,0.75%
08/03/2015,90.4331,91.4864,91.6002,90.3686,,-1.47%
07/31/2015,91.7827,92.5852,93.0468,91.6714,,-0.91%
07/30/2015,92.6245,93.239,93.3647,92.5069,,-0.45%
07/29/2015,93.045,93.045,93.045,93.045,,0.16%
07/28/2015,92.8979,92.001,93.166,91.8652,,0.81%
07/27/2015,92.1493,92.9947,93.2078,92.1232,,-1.22%
07/24/2015,93.2871,94.1414,94.3622,93.188,,-1.17%
07/23/2015,94.3904,95.2873,95.7941,94.3071,,-0.98%
07/22/2015,95.3199,95.3199,95.3199,95.3199,,-1.08%
07/21/2015,96.3599,96.1374,96.8769,96.0781,,0.16%
07/20/2015,96.2029,96.6571,97.0439,96.0764,,-1.40%
07/17/2015,97.5677,98.0864,98.1363,97.1083,,-0.52%
07/16/2015,98.0791,98.6933,98.9364,98.0718,,-0.41%
07/15/2015,98.4829,99.565,99.565,98.4829,,-0.93%
07/14/2015,99.4037,99.3769,99.6426,98.8946,,-0.17%
07/13/2015,99.5776,98.867,99.9822,98.4271,,0.25%
07/10/2015,99.3342,99.3342,99.3342,99.3342,,0.30%
07/09/2015,99.0382,98.0359,99.3838,98.0155,,1.22%
07/08/2015,97.8443,97.3591,98.5381,96.8069,,0.25%
07/07/2015,97.5994,99.2667,99.2934,96.4849,,-1.52%
07/06/2015,99.1078,100.4651,100.4651,99.0694,,-2.71%
07/02/2015,101.8648,101.7345,102.5355,101.6097,,0.26%
07/01/2015,101.6029,102.348,102.581,101.2948,,-1.06%
06/30/2015,102.6892,100.5716,102.8037,100.2759,,1.94%
06/29/2015,100.7349,100.917,101.129,100.2225,,-0.39%
06/26/2015,101.1317,101.0089,101.3652,100.7061,,0.23%
06/25/2015,100.9008,100.4638,100.9424,100.2233,,0.43%
06/24/2015,100.468,100.6897,101.1304,100.3352,,-0.25%
06/23/2015,100.7234,100.3893,100.8621,99.9666,,0.68%
06/22/2015,100.0458,99.5683,100.0827,99.1874,,0.21%
06/19/2015,99.8353,100.452,100.5716,99.4246,,-0.76%
06/18/2015,100.6035,100.5886,101.3199,100.3725,,0.08%
06/17/2015,100.523,100.7969,101.5336,99.9389,,0.00%
06/16/2015,100.5206,100.5282,100.732,99.8645,,0.25%
06/15/2015,100.2693,100.4937,100.5232,99.7453,,-0.31%
06/12/2015,100.5809,101.3746,101.3746,100.5561,,-0.90%
06/11/2015,101.4942,102.6285,102.6675,101.284,,-1.19%
06/10/2015,102.712,102.2767,103.453,102.2694,,0.53%
06/09/2015,102.1749,100.7601,102.2705,100.6882,,1.56%
06/08/2015,100.6041,100.3952,100.7005,100.213,,0.36%
06/05/2015,100.2458,100.0097,100.3621,99.0768,,0.19%
06/04/2015,100.0515,100.8722,101.0004,99.9179,,-0.93%
06/03/2015,100.9914,101.9967,102.0006,100.8146,,-1.05%
06/02/2015,102.0676,100.9962,102.0896,100.9962,,1.00%
06/01/2015,101.0561,100.6221,101.3784,100.4129,,0.11%
05/29/2015,100.9465,100.4778,101.0701,100.0709,,0.79%
05/28/2015,100.1561,100.3257,100.5894,99.5219,,0.15%
05/27/2015,100.0014,100.953,101.2682,99.9342,,-0.76%
05/26/2015,100.772,102.6241,102.7858,100.5608,,-1.69%
05/22/2015,102.5038,103.794,103.9643,102.4707,,-1.20%
05/21/2015,103.7503,103.091,104.1204,103.091,,0.78%
05/20/2015,102.9428,103.0283,103.2564,102.6461,,0.13%
05/19/2015,102.8047,104.9282,105.0408,102.7932,,-2.17%
05/18/2015,105.088,105.3272,105.9407,104.9167,,-0.24%
05/15/2015,105.3453,105.4528,105.5269,104.5551,,-0.14%
05/14/2015,105.4938,104.7972,105.5125,104.7077,,0.49%
05/13/2015,104.9837,104.7669,105.416,104.6292,,0.32%
05/12/2015,104.6512,103.2495,105.0016,103.1655,,1.21%
05/11/2015,103.3951,104.0724,104.2837,103.1977,,-0.68%
05/08/2015,104.0993,103.0586,104.1218,102.8417,,0.97%
05/07/2015,103.1043,104.1539,104.6454,102.9536,,-1.39%
05/06/2015,104.562,104.9046,105.7063,104.3865,,-0.16%
05/05/2015,104.7285,103.5958,104.9545,103.4345,,1.00%
05/04/2015,103.6961,103.3182,103.7798,103.2842,,0.29%
05/01/2015,103.3993,103.6401,103.7611,102.8397,,-0.34%
04/30/2015,103.7471,102.8853,103.8027,102.646,,0.66%
04/29/2015,103.0634,101.8147,103.2828,101.5345,,0.98%
04/28/2015,102.061,101.2803,102.3711,101.1953,,0.29%
04/27/2015,101.765,101.5655,102.0363,101.362,,0.17%
04/24/2015,101.5906,101.5605,102.0948,101.2977,,-0.02%
04/23/2015,101.6138,100.8081,102.0324,100.3848,,0.97%
04/22/2015,100.6419,100.4517,100.9932,100.2585,,-0.10%
04/21/2015,100.7391,101.0692,101.2312,100.583,,-0.42%
04/20/2015,101.1654,102.1292,102.2825,100.8536,,-0.64%
04/17/2015,101.819,101.9531,102.5223,101.6471,,-0.48%
04/16/2015,102.31,101.4232,102.5454,101.1909,,0.85%
04/15/2015,101.4433,99.7941,101.4948,99.6868,,1.78%
04/14/2015,99.6698,99.2825,99.9008,98.8937,,0.62%
04/13/2015,99.0605,99.4687,99.9985,99.0305,,-0.41%
04/10/2015,99.4714,98.9172,99.8377,98.7961,,0.68%
04/09/2015,98.797,99.2907,99.8784,98.7224,,-0.43%
04/08/2015,99.2247,100.9177,100.9804,99.2034,,-2.13%
04/07/2015,101.3824,100.826,101.4584,100.356,,0.43%
04/06/2015,100.9518,100.3874,101.1684,100.0811,,1.25%
04/03/2015,99.705,99.705,99.705,99.705,,0.02%
04/02/2015,99.6875,99.4558,99.9007,98.8621,,-0.21%
04/01/2015,99.8963,98.3513,100.116,98.0407,,1.81%
03/31/2015,98.123,98.9116,99.3573,98.08,,-1.17%
03/30/2015,99.2875,99.1741,99.5505,98.6915,,-0.08%
03/27/2015,99.3652,100.5564,100.7014,99.3371,,-1.66%
03/26/2015,101.0461,100.5663,102.3192,100.4431,,0.74%
03/25/2015,100.3086,99.8956,100.5725,99.4563,,0.30%
03/24/2015,100.0038,100.0153,100.5995,99.7185,,-0.12%
03/23/2015,100.1287,99.1401,100.1844,98.9947,,0.59%
03/20/2015,99.5455,98.1955,99.7166,97.8873,,1.59%
03/19/2015,97.9882,98.7435,98.7951,97.5255,,-0.20%
03/18/2015,98.1868,96.943,98.2397,96.2058,,1.26%
03/17/2015,96.9626,97.4827,97.6109,96.4448,,-0.38%
03/16/2015,97.3299,97.4758,97.7958,96.4714,,-0.25%
03/13/2015,97.5777,99.3706,99.4085,97.553,,-1.43%
03/12/2015,98.9953,99.4689,100.2501,98.8164,,-0.39%
03/11/2015,99.3781,99.6067,99.6299,98.8903,,0.24%
03/10/2015,99.1358,100.3826,100.4288,98.9177,,-1.20%
03/09/2015,100.3442,100.4514,101.0172,100.2982,,-0.42%
03/06/2015,100.7694,101.8728,101.9181,100.3421,,-0.91%
03/05/2015,101.6979,102.1765,102.4606,101.5254,,-0.35%
03/04/2015,102.0542,102.0903,102.1879,101.1348,,-0.04%
03/03/2015,102.0982,101.8631,102.5083,101.6758,,0.21%
03/02/2015,101.8861,103.4115,103.5126,101.8475,,-1.50%
02/27/2015,103.4379,102.2493,103.4579,102.2443,,1.31%
02/26/2015,102.1028,102.914,103.8075,101.9599,,-0.67%
02/25/2015,102.7864,102.1428,102.831,101.8881,,0.80%
02/24/2015,101.9664,101.8605,103.015,101.3657,,0.23%
02/23/2015,101.7313,102.9734,103.0931,101.652,,-0.97%
02/20/2015,102.7283,103.2309,103.7213,102.6929,,-0.48%
02/19/2015,103.2202,102.9563,103.4981,101.9971,,0.01%
02/18/2015,103.21,103.9932,104.0748,102.9448,,-0.74%
02/17/2015,103.9821,104.6844,104.7568,102.7745,,-0.47%
02/13/2015,104.472,103.1593,104.5215,103.1593,,1.42%
02/12/2015,103.0098,101.7933,103.0814,101.6972,,1.36%
02/11/2015,101.6249,102.3315,102.5996,101.1374,,-0.49%
02/10/2015,102.1225,103.3147,103.4606,102.0296,,-1.39%
02/09/2015,103.5666,103.1751,103.9987,102.8944,,0.89%
02/06/2015,102.6488,103.0311,103.7366,102.3188,,0.16%
02/05/2015,102.4819,101.8874,103.1181,101.1396,,0.86%
02/04/2015,101.6108,104.0194,104.0489,101.366,,-2.31%
02/03/2015,104.0163,101.7116,104.5795,101.683,,2.66%
02/02/2015,101.3224,100.0853,101.9237,99.8801,,0.48%
01/30/2015,100.8413,98.6845,100.8462,98.5473,,2.10%
01/29/2015,98.7629,100.1424,100.1701,98.2747,,-1.48%
01/28/2015,100.2513,100.8505,101.0175,100.1083,,-1.06%
01/27/2015,101.3211,100.687,101.4659,100.4998,,0.57%
01/26/2015,100.745,100.6493,101.3039,99.9137,,-0.38%
01/23/2015,101.131,101.8299,102.1207,100.9507,,-0.45%
01/22/2015,101.5883,102.6119,102.9876,101.3729,,-0.94%
01/21/2015,102.5472,102.0265,102.6021,101.9433,,1.03%
01/20/2015,101.4993,102.0419,102.5307,101.3569,,-1.75%
01/16/2015,103.3062,101.8248,103.3272,101.5899,,1.56%
01/15/2015,101.7177,102.6653,104.5985,101.4079,,-0.62%
01/14/2015,102.3496,100.4486,102.4468,99.9516,,1.05%
01/13/2015,101.2909,101.9287,101.964,100.8291,,-0.59%
01/12/2015,101.895,103.4818,103.5086,101.8691,,-1.67%
01/09/2015,103.6223,103.8437,103.9951,103.2831,,-0.01%
01/08/2015,103.6365,103.6904,103.9883,103.3453,,0.11%
01/07/2015,103.5252,104.0556,104.4013,103.1933,,-0.54%
01/06/2015,104.0825,104.0639,104.436,103.387,,0.20%
01/05/2015,103.873,104.2101,104.3957,103.7422,,0.01%
01/02/2015,103.8614,104.5145,104.6814,103.7625,,-0.45%
12/31/2014,104.3285,106.0548,106.0991,104.147,,-1.67%
12/30/2014,106.1031,106.2486,106.622,105.7551,,-0.01%
12/29/2014,106.113,106.9132,107.0558,105.8119,,-0.35%
12/26/2014,106.4859,106.5289,106.7767,106.2268,,0.30%
12/24/2014,106.1649,107.565,107.5771,106.0032,,-1.33%
12/23/2014,107.5993,107.2385,107.6289,106.7903,,0.54%
12/22/2014,107.0226,108.5628,108.7586,106.9416,,-1.51%
12/19/2014,108.66,108.5176,108.9012,108.2242,,0.13%
12/18/2014,108.5242,108.9477,110.0844,108.5016,,-0.30%
12/17/2014,108.8532,108.1862,109.4446,107.7274,,0.55%
12/16/2014,108.2629,109.5319,109.5825,108.0716,,-1.38%
12/15/2014,109.7779,109.7779,109.7779,109.7779,,-0.90%
12/12/2014,110.7697,110.6288,111.1126,110.4854,,0.08%
12/11/2014,110.6821,111.1889,111.4507,110.5,,-0.18%
12/10/2014,110.879,111.6447,111.9264,110.6424,,-1.00%
12/09/2014,111.9937,110.5832,112.1305,110.4571,,1.19%
12/08/2014,110.6721,111.8986,111.9857,110.6395,,-1.36%
12/05/2014,112.2006,112.0652,112.3637,111.6,,0.00%
12/04/2014,112.1997,112.3002,112.4024,111.842,,0.03%
12/03/2014,112.1638,112.5653,112.7104,111.8883,,-0.31%
12/02/2014,112.5138,114.34,114.3803,112.4541,,-1.99%
12/01/2014,114.797,111.4802,114.8366,111.0612,,1.64%
11/28/2014,112.9451,115.3768,115.416,112.8565,,-3.87%
11/26/2014,117.4897,117.819,118.0313,117.4132,,-0.17%
11/25/2014,117.6903,117.1706,117.9807,117.0986,,0.40%
11/24/2014,117.2245,117.5212,117.8581,117.073,,-0.75%
11/21/2014,118.1138,117.8415,118.7349,117.5167,,0.17%
11/20/2014,117.916,116.9042,117.9457,116.8644,,0.69%
11/19/2014,117.1025,116.6614,117.7116,116.4543,,0.27%
11/18/2014,116.7847,117.1512,117.7292,116.3303,,-0.59%
11/17/2014,117.478,117.152,117.4926,116.6227,,0.51%
11/14/2014,116.8782,115.9371,117.0874,115.3634,,0.81%
11/13/2014,115.9414,117.191,117.3915,115.8941,,-1.18%
11/12/2014,117.3225,117.3422,118.216,117.1967,,-0.20%
11/11/2014,117.5562,116.5679,117.6262,115.6845,,0.88%
11/10/2014,116.5363,118.1797,118.4065,116.5096,,-0.97%
11/07/2014,117.6761,116.8997,117.9744,116.715,,0.58%
11/06/2014,116.9938,116.3569,116.9968,115.8362,,0.59%
11/05/2014,116.3039,116.4657,116.4808,115.4073,,-0.15%
11/04/2014,116.4809,117.4495,117.5505,116.241,,-1.05%
11/03/2014,117.7226,117.7894,118.3508,117.5881,,-0.01%
10/31/2014,117.7365,117.9586,118.1064,116.7527,,-0.18%
10/30/2014,117.9486,118.7839,118.8587,117.6984,,-0.95%
10/29/2014,119.0795,117.9485,119.2165,117.8531,,1.12%
10/28/2014,117.7636,116.7179,117.7815,116.6534,,0.80%
10/27/2014,116.8334,116.2431,116.8545,115.7011,,0.22%
10/24/2014,116.5802,117.1466,117.3296,116.4253,,-0.56%
10/23/2014,117.2404,116.399,117.2649,116.3582,,0.50%
10/22/2014,116.6535,117.3754,118.031,116.6102,,-0.69%
10/21/2014,117.4681,116.6506,117.5026,116.5587,,0.74%
10/20/2014,116.6059,117.2012,117.4466,116.2066,,-0.71%
10/17/2014,117.4452,117.8004,117.8343,117.2508,,-0.09%
10/16/2014,117.5465,116.8187,117.8698,116.1964,,0.47%
10/15/2014,116.9992,118.2142,118.4417,116.882,,-1.19%
10/14/2014,118.4048,118.9092,119.2777,118.3607,,-0.53%
10/13/2014,119.0406,118.1774,119.104,117.8527,,0.71%
10/10/2014,118.2045,118.3397,118.8631,117.8225,,-0.53%
10/09/2014,118.8325,119.3917,119.79,118.7774,,0.02%
10/08/2014,118.8028,119.4839,119.5205,118.6921,,-0.88%
10/07/2014,119.8569,119.5832,120.1733,119.2172,,0.23%
10/06/2014,119.5825,118.0177,119.5968,117.901,,1.33%
10/03/2014,118.0182,118.4298,118.6295,117.6944,,-0.17%
10/02/2014,118.2173,118.6886,118.8557,117.7308,,-0.29%
10/01/2014,118.5566,118.5069,119.4202,118.3798,,-0.11%
09/30/2014,118.6922,120.2773,120.5314,118.6051,,-1.44%
09/29/2014,120.4245,118.9651,120.4516,118.8843,,1.04%
09/26/2014,119.1847,119.0976,119.4588,118.8022,,0.09%
09/25/2014,119.0828,119.414,119.414,118.5452,,-0.37%
09/24/2014,119.5306,118.6135,119.5839,118.4297,,0.78%
09/23/2014,118.6006,118.7691,119.3924,118.5838,,-0.02%
09/22/2014,118.6252,118.8943,118.9579,118.2027,,-0.72%
09/19/2014,119.485,120.3619,120.4962,119.3955,,-0.83%
09/18/2014,120.4843,121.5154,121.6375,120.4562,,-1.28%
09/17/2014,122.0424,122.3068,122.4018,121.7949,,-0.18%
09/16/2014,122.2611,121.6832,122.3414,121.107,,0.74%
09/15/2014,121.3571,120.8646,121.4799,120.7641,,0.05%
09/12/2014,121.2991,121.7921,122.0489,121.0162,,-0.27%
09/11/2014,121.6292,122.6806,122.6964,121.1281,,-0.82%
09/10/2014,122.6383,123.7462,123.7462,122.5159,,-0.68%
09/09/2014,123.4755,124.2146,124.2257,123.4334,,-0.62%
09/08/2014,124.2431,124.9476,125.1751,124.0698,,-0.49%
09/05/2014,124.8522,124.8702,125.0451,124.4795,,0.14%
09/04/2014,124.6729,125.3229,125.6154,124.5911,,-0.40%
09/03/2014,125.1742,125.4339,125.5987,124.7671,,-0.10%
09/02/2014,125.3004,126.1774,126.4611,125.2755,,-1.01%
08/29/2014,126.5745,126.4542,126.6976,126.2291,,0.20%
08/28/2014,126.3261,126.0004,126.5461,125.9157,,0.25%
08/27/2014,126.0103,125.9749,126.3094,125.6183,,0.10%
08/26/2014,125.8897,125.4051,126.091,125.3941,,0.39%
08/25/2014,125.4041,125.3766,125.6757,125.1643,,-0.01%
08/22/2014,125.4217,125.6208,125.6208,125.4217,,-0.05%
08/21/2014,125.4898,125.1442,125.6318,124.8973,,0.18%
08/20/2014,125.2677,124.9822,125.4685,124.8005,,0.23%
08/19/2014,124.9821,125.137,125.4879,124.8575,,-0.12%
08/18/2014,125.134,125.3178,125.4508,125.0093,,-0.46%
08/15/2014,125.7131,125.6147,125.8404,125.1355,,0.05%
08/14/2014,125.6506,125.9772,126.1438,125.5711,,-0.49%
08/13/2014,126.2692,126.823,126.935,126.093,,-0.48%
08/12/2014,126.8747,127.5025,127.7181,126.7439,,-0.63%
08/11/2014,127.6818,127.5082,127.8099,127.2552,,0.27%
08/08/2014,127.3322,127.6899,127.9788,127.0934,,-0.31%
08/07/2014,127.7319,128.1423,128.308,127.5717,,-0.38%
08/06/2014,128.2155,127.3929,128.26,127.0452,,0.78%
08/05/2014,127.2269,127.7646,127.903,127.0152,,-0.54%
08/04/2014,127.9139,127.3111,128.1575,127.2776,,0.65%
08/01/2014,127.089,127.827,128.0014,127.0642,,-0.65%
07/31/2014,127.9143,128.2139,128.5881,127.8809,,-0.42%
07/30/2014,128.4524,128.4968,128.7896,128.1717,,-0.14%
07/29/2014,128.6299,129.2734,129.4839,128.1236,,-0.55%
07/28/2014,129.3386,129.3718,129.6808,129.1126,,0.03%
07/25/2014,129.3045,129.1185,129.3703,128.622,,0.20%
07/24/2014,129.0494,129.2031,129.9427,128.9844,,-0.08%
07/23/2014,129.1567,128.7427,129.175,128.662,,0.27%
07/22/2014,128.8095,129.4826,129.725,128.7611,,-0.43%
07/21/2014,129.3721,128.8433,129.4221,128.7515,,0.06%
07/18/2014,129.2916,130.0226,130.0994,129.1748,,-0.53%
07/17/2014,129.982,129.726,130.6101,129.4113,,0.16%
07/16/2014,129.771,129.5985,130.2334,129.5797,,0.22%
07/15/2014,129.4809,130.085,130.0854,129.0091,,-0.53%
07/14/2014,130.167,130.1343,130.2097,129.6043,,-0.02%
07/11/2014,130.1882,131.0848,131.1814,129.9216,,-0.73%
07/10/2014,131.1412,131.4323,131.4635,131.1412,,-0.31%
07/09/2014,131.5479,132.2712,132.4882,131.4247,,-0.62%
07/08/2014,132.3622,132.6062,132.6062,132.3622,,-0.22%
07/07/2014,132.66,133.6543,133.6837,132.4289,,-1.16%
07/03/2014,134.2159,134.24,134.3218,133.9068,,-0.05%
07/02/2014,134.2875,134.13,134.3698,133.8974,,0.04%
07/01/2014,134.2322,134.4196,134.5142,133.9245,,-0.29%
06/30/2014,134.6268,135.8867,135.8867,134.6033,,-0.93%
06/27/2014,135.8867,136.3613,136.4323,135.7205,,-0.35%
06/26/2014,136.3613,136.6259,136.812,136.0009,,-0.19%
06/25/2014,136.6259,136.3393,136.66,135.9354,,0.21%
06/24/2014,136.3393,136.1513,136.4341,135.7488,,0.14%
06/23/2014,136.1513,136.5546,137.1773,135.9712,,-0.30%
06/20/2014,136.5546,136.268,136.6043,136.0884,,0.21%
06/19/2014,136.268,134.8681,136.4055,134.8254,,1.04%
06/18/2014,134.8681,134.6609,135.1221,134.5358,,0.15%
06/17/2014,134.6609,134.7102,134.8077,134.1846,,-0.04%
06/16/2014,134.7102,134.7728,135.3675,134.6018,,-0.05%
06/13/2014,134.7728,134.2696,134.9359,134.2696,,0.37%
06/12/2014,134.2768,132.8375,134.3126,132.8368,,1.08%
06/11/2014,132.8375,133.2885,133.5068,132.8062,,-0.34%
06/10/2014,133.2885,133.797,133.9014,133.211,,-0.38%
06/09/2014,133.797,133.7139,134.0019,133.6815,,0.06%
06/06/2014,133.7139,133.2865,133.7936,133.1185,,0.32%
06/05/2014,133.2865,133.2861,133.4443,132.9248,,0.00%
06/04/2014,133.2861,133.6078,133.7322,133.2288,,-0.23%
06/03/2014,133.5879,133.9812,134.0414,133.3214,,-0.29%
06/02/2014,133.9812,133.6506,134.2303,133.6506,,0.11%
05/30/2014,133.8324,134.7409,134.9993,133.7872,,-0.67%
05/29/2014,134.7409,134.7949,134.9676,134.5334,,-0.04%
05/28/2014,134.7949,134.7938,135.0691,134.2417,,0.00%
05/27/2014,134.7938,135.713,135.713,134.7512,,-0.68%
05/23/2014,135.713,135.6012,136.0718,135.5177,,0.08%
05/22/2014,135.6012,135.6405,136.5078,135.5223,,-0.03%
05/21/2014,135.6405,135.6008,135.8537,135.2717,,0.03%
05/20/2014,135.6008,135.7201,136.2488,135.4876,,-0.09%
05/19/2014,135.7201,135.2348,136.0544,135.1507,,0.36%
05/16/2014,135.2348,135.7908,136.0515,135.1798,,-0.41%
05/15/2014,135.7908,136.6092,136.6092,135.586,,-0.60%
05/14/2014,136.6092,136.3039,136.9212,136.2028,,0.22%
05/13/2014,136.3039,136.0531,136.514,135.8712,,0.18%
05/12/2014,136.0531,135.7143,136.573,135.6558,,0.21%
05/09/2014,135.7618,136.2816,136.6854,135.6685,,-0.38%
05/08/2014,136.2816,136.5841,136.8904,136.1169,,-0.22%
05/07/2014,136.5841,137.197,137.3334,136.3623,,-0.45%
05/06/2014,137.197,136.8194,137.4334,136.6894,,0.28%
05/05/2014,136.8194,136.675,137.1199,136.675,,0.11%
05/02/2014,136.675,136.2771,136.8922,136.0912,,0.29%
05/01/2014,136.2771,137.7964,137.7964,136.2091,,-1.10%
04/30/2014,137.7964,138.6677,138.6677,137.2902,,-0.63%
04/29/2014,138.6677,137.8149,138.6677,137.5755,,0.62%
04/28/2014,137.8149,138.0458,138.6238,137.6226,,-0.17%
04/25/2014,138.0458,138.166,138.4371,137.8596,,-0.08%
04/24/2014,138.1519,137.6169,138.3863,137.5612,,0.39%
04/23/2014,137.6169,137.3954,137.7563,137.2349,,0.16%
04/22/2014,137.3954,136.9121,137.5618,136.9059,,0.35%
04/21/2014,136.9121,137.6799,137.6799,136.7133,,-0.56%
04/17/2014,137.6799,137.0637,137.7119,136.7171,,0.45%
04/16/2014,137.0637,136.8214,137.838,136.6121,,0.18%
04/15/2014,136.8214,137.3696,137.3696,136.1479,,-0.40%
04/14/2014,137.3696,136.4154,137.3857,136.4154,,0.71%
04/11/2014,136.4015,136.9841,137.0614,136.3666,,-0.43%
04/10/2014,136.9841,136.4738,137.1721,136.3238,,0.37%
04/09/2014,136.4738,136.0381,136.7563,135.6395,,0.32%
04/08/2014,136.0381,134.6134,136.0533,134.6134,,1.06%
04/07/2014,134.6134,134.746,135.1852,134.2724,,-0.10%
04/04/2014,134.746,134.281,134.8566,134.1506,,0.35%
04/03/2014,134.281,133.3962,134.2906,133.1235,,0.66%
04/02/2014,133.3962,133.6894,134.0898,133.2049,,-0.22%
04/01/2014,133.6894,134.5234,134.6345,133.6133,,-0.62%
03/31/2014,134.5234,134.7452,134.7468,133.3923,,-0.16%
03/28/2014,134.7452,134.6025,135.0901,134.571,,0.11%
03/27/2014,134.6025,133.4428,134.6648,133.2026,,0.87%
03/26/2014,133.4428,133.6633,133.8231,133.1382,,-0.16%
03/25/2014,133.6633,133.0806,133.9779,133.0064,,0.44%
03/24/2014,133.0806,133.0245,133.434,132.6818,,0.10%
03/21/2014,132.944,133.2677,133.5023,132.9005,,-0.24%
03/20/2014,133.2677,134.8893,134.8893,133.0319,,-1.20%
03/19/2014,134.8893,134.7497,135.0171,133.9306,,0.10%
03/18/2014,134.7497,134.1247,134.8706,133.8039,,0.47%
03/17/2014,134.1247,134.8972,135.1799,133.9709,,-0.57%
03/14/2014,134.8972,134.5822,135.0857,134.2241,,0.23%
03/13/2014,134.5822,135.0323,135.3306,134.3259,,-0.33%
03/12/2014,135.0323,135.1758,135.2258,134.1209,,-0.11%
03/11/2014,135.1758,135.3744,135.9583,134.9225,,-0.15%
03/10/2014,135.3744,136.1425,136.1425,134.9272,,-0.56%
03/07/2014,136.1425,136.7388,137.1339,135.8846,,-0.45%
03/06/2014,136.7646,135.6503,136.8028,135.4132,,0.82%
03/05/2014,135.6503,135.9772,136.1432,135.4217,,-0.24%
03/04/2014,135.9772,135.3445,135.993,134.5375,,0.47%
03/03/2014,135.3445,133.9783,135.8216,133.9783,,1.02%
02/28/2014,133.9783,133.3316,134.057,132.8249,,0.49%
02/27/2014,133.3316,133.4814,134.023,133.0237,,-0.11%
02/26/2014,133.4814,133.9642,133.9642,133.3304,,-0.36%
02/25/2014,133.9642,133.8928,134.1531,133.1774,,0.05%
02/24/2014,133.8928,133.6884,134.4524,133.4616,,0.15%
02/21/2014,133.6884,133.3539,133.7527,132.9995,,0.25%
02/20/2014,133.3539,133.711,133.711,132.6838,,-0.27%
02/19/2014,133.711,132.8354,133.7216,132.6343,,0.66%
02/18/2014,132.8354,130.6566,132.878,130.6566,,1.67%
02/14/2014,130.6566,130.0861,130.8931,130.0861,,0.44%
02/13/2014,130.0861,129.3286,130.1085,129.0537,,0.59%
02/12/2014,129.3286,128.8483,129.873,128.8104,,0.37%
02/11/2014,128.8483,127.909,128.9179,127.89,,0.73%
02/10/2014,127.909,128.4797,128.7308,127.8525,,-0.44%
02/07/2014,128.4797,128.0807,128.7754,127.5803,,0.31%
02/06/2014,128.0807,128.0728,129.6342,127.9398,,0.01%
02/05/2014,128.0728,128.3395,129.9068,127.9289,,-0.21%
02/04/2014,128.3395,126.402,128.3823,126.402,,1.53%
02/03/2014,126.402,126.1206,126.5773,125.6454,,0.22%
01/31/2014,126.1206,126.3308,126.3308,125.6205,,-0.17%
01/30/2014,126.3308,127.5899,127.5899,126.3181,,-0.99%
01/29/2014,127.5899,126.3838,127.6673,126.1782,,0.95%
01/28/2014,126.3838,125.5139,126.4488,125.5139,,0.69%
01/27/2014,125.5139,127.0015,127.6397,125.3028,,-1.17%
01/24/2014,127.0015,125.9735,127.1769,125.9735,,0.82%
01/23/2014,125.9735,125.7739,126.9457,125.641,,0.16%
01/22/2014,125.7739,124.951,125.8657,124.951,,0.66%
01/21/2014,124.951,125.1627,125.2672,124.7252,,-0.17%
01/17/2014,125.1627,125.1452,125.3366,124.8097,,0.01%
01/16/2014,125.1452,124.908,125.6652,124.863,,0.19%
01/15/2014,124.908,124.7998,125.3145,124.4382,,0.09%
01/14/2014,124.7998,124.5161,124.9034,124.2243,,0.23%
01/13/2014,124.5161,124.5161,124.5161,124.5161,,0.71%
01/10/2014,123.6354,122.3268,123.8518,122.3268,,1.07%
01/09/2014,122.3268,123.6805,123.7833,122.2242,,-1.09%
01/08/2014,123.6805,124.8693,125.0995,123.5833,,-0.95%
01/07/2014,124.8693,125.055,125.5497,124.7728,,-0.15%
01/06/2014,125.055,124.9538,125.3282,124.8771,,0.12%
01/03/2014,124.9074,125.4024,125.4909,124.6661,,-0.39%
01/02/2014,125.4024,125.7515,126.4602,125.3641,,-0.28%
12/31/2013,125.7515,127.1369,127.1369,125.6648,,-1.09%
12/30/2013,127.1369,127.6106,127.8315,127.0714,,-0.37%
12/27/2013,127.6106,127.4828,127.9829,127.349,,0.10%
12/26/2013,127.4828,127.4848,127.8017,127.286,,0.00%
12/24/2013,127.4848,127.3361,127.6621,127.1928,,0.12%
12/23/2013,127.3361,127.5852,127.9514,127.2953,,-0.20%
12/20/2013,127.5852,126.7319,127.7396,126.6936,,0.67%
12/19/2013,126.7319,126.0287,126.7995,125.7246,,0.56%
12/18/2013,126.0287,126.0405,126.4593,125.871,,-0.01%
12/17/2013,126.0405,126.3384,126.4363,125.6759,,-0.24%
12/16/2013,126.3384,126.1128,126.6594,125.5811,,0.18%
12/13/2013,126.1128,126.3287,126.3287,125.8573,,-0.17%
12/12/2013,126.3287,127.0614,127.2382,125.9126,,-0.58%
12/11/2013,127.0614,126.5226,127.0973,126.2492,,0.43%
12/10/2013,126.5226,125.9848,126.9887,125.9848,,0.43%
12/09/2013,125.9848,125.3806,126.2114,125.3806,,0.48%
12/06/2013,125.3806,125.2247,125.8878,125.0219,,0.12%
12/05/2013,125.2247,125.0502,125.4114,124.4891,,0.14%
12/04/2013,125.0502,124.2091,125.3832,124.2091,,0.68%
12/03/2013,124.2091,123.8908,124.4055,123.464,,0.26%
12/02/2013,123.8908,124.2192,124.3325,123.4491,,-0.26%
11/29/2013,124.2192,123.5528,124.6415,123.5528,,0.54%
11/27/2013,123.5528,123.7923,124.2823,123.4798,,-0.22%
11/26/2013,123.8313,123.894,124.2801,123.3862,,-0.05%
11/25/2013,123.894,123.8111,124.2153,123.1887,,0.07%
11/22/2013,123.8111,123.2898,123.9894,123.2426,,0.42%
11/21/2013,123.2898,122.4267,123.5667,122.203,,0.70%
11/20/2013,122.4267,122.0029,122.5091,122.0029,,0.35%
11/19/2013,122.0029,122.4156,122.6236,122.0029,,-0.34%
11/18/2013,122.4156,123.2125,123.3437,122.3944,,-0.65%
11/15/2013,123.2125,123.2266,123.5207,123.0263,,-0.01%
11/14/2013,123.2266,122.8297,123.4188,122.5861,,0.32%
11/13/2013,122.8297,123.1134,123.4606,122.7705,,-0.23%
11/12/2013,123.1134,123.5324,123.8971,123.0005,,-0.34%
11/11/2013,123.5324,123.2578,123.6683,123.1805,,0.22%
11/08/2013,123.2578,122.6904,123.2735,122.368,,0.46%
11/07/2013,122.6904,122.9962,123.3675,122.64,,-0.25%
11/06/2013,122.9962,122.7982,123.5008,122.7982,,0.17%
11/05/2013,122.7904,123.1991,123.3485,122.7103,,-0.33%
11/04/2013,123.1991,123.8667,123.8667,123.0967,,-0.54%
11/01/2013,123.8667,125.2281,125.4584,123.8041,,-1.09%
10/31/2013,125.2281,126.6351,126.6351,125.1943,,-1.11%
10/30/2013,126.6351,126.4931,127.0071,126.3663,,0.11%
10/29/2013,126.4931,126.9081,126.9604,126.2742,,-0.33%
10/28/2013,126.9081,127.5148,127.5148,126.7793,,-0.48%
10/25/2013,127.5148,127.192,127.5857,126.7235,,0.25%
10/24/2013,127.192,127.1134,127.4837,126.5583,,0.06%
10/23/2013,127.1134,128.114,128.1506,127.0654,,-0.78%
10/22/2013,128.114,128.1176,128.7663,127.8586,,0.00%
10/21/2013,128.1176,128.6925,129.113,128.0613,,-0.45%
10/18/2013,128.6925,128.1914,128.9205,128.1047,,0.39%
10/17/2013,128.1914,128.255,128.8506,127.9838,,-0.05%
10/16/2013,128.255,127.7575,128.7758,127.7575,,0.39%
10/15/2013,127.7575,128.3229,128.4137,127.5257,,-0.44%
10/14/2013,128.3229,127.7841,128.4352,127.7841,,0.42%
10/11/2013,127.7841,128.1717,128.1717,127.2409,,-0.30%
10/10/2013,128.1717,127.4037,128.5466,127.4037,,0.60%
10/09/2013,127.4037,128.5172,128.5172,127.1939,,-0.87%
10/08/2013,128.5172,128.1128,128.9799,128.1128,,0.32%
10/07/2013,128.1058,127.2601,128.2784,126.8776,,0.66%
10/04/2013,127.2601,126.9106,127.4159,126.7485,,0.28%
10/03/2013,126.9106,127.225,127.4632,126.8018,,-0.25%
10/02/2013,127.225,126.2813,127.4447,125.8492,,0.75%
10/01/2013,126.2813,127.1103,127.1904,125.825,,-0.65%
09/30/2013,127.1103,128.0086,128.0086,126.903,,-0.70%
09/27/2013,128.0086,127.8105,128.3194,127.5966,,0.15%
09/26/2013,127.8105,127.4462,127.8874,127.1612,,0.29%
09/25/2013,127.4462,126.8541,127.8558,126.8541,,0.47%
09/24/2013,126.8541,127.5868,127.6728,126.6302,,-0.57%
09/23/2013,127.5868,128.294,128.294,127.4869,,-0.55%
09/20/2013,128.294,130.0015,130.0015,128.1533,,-1.31%
09/19/2013,130.0015,128.9249,130.992,128.9249,,0.84%
09/18/2013,128.9249,128.0217,129.4136,127.7253,,0.71%
09/17/2013,128.0217,128.8947,129.2982,127.8184,,-0.68%
09/16/2013,128.8947,129.3204,129.5656,128.4649,,-0.33%
09/13/2013,129.3204,129.9055,129.9055,129.0159,,-0.45%
09/12/2013,129.9055,129.4282,129.9366,128.6485,,0.37%
09/11/2013,129.4282,129.2947,129.7671,129.0688,,0.10%
09/10/2013,129.2947,130.3404,130.3404,128.9034,,-0.80%
09/09/2013,130.3404,130.7701,130.9473,130.1773,,-0.33%
09/06/2013,130.7701,129.7738,130.8355,129.7738,,0.77%
09/05/2013,129.7738,130.2919,130.531,129.3642,,-0.40%
09/04/2013,130.2919,131.6531,131.6531,129.9876,,-1.03%
09/03/2013,131.6531,130.4445,132.01,130.4445,,0.93%
08/30/2013,130.4445,131.6248,131.6248,130.2812,,-0.90%
08/29/2013,131.6248,132.3689,132.3689,131.2179,,-0.56%
08/28/2013,132.3689,132.2671,133.6283,131.9909,,0.08%
08/27/2013,132.2671,131.4466,132.6203,131.3545,,0.62%
08/26/2013,131.4466,130.1809,131.7922,130.1809,,0.97%
08/23/2013,130.1809,128.9987,130.336,128.9987,,0.92%
08/22/2013,128.9987,129.0703,129.502,128.9335,,-0.06%
08/21/2013,129.0703,129.4884,129.7719,128.9661,,-0.32%
08/20/2013,129.4884,130.2028,130.2028,129.1383,,-0.55%
08/19/2013,130.2028,129.6059,130.5384,129.6059,,0.46%
08/16/2013,129.6059,129.5324,129.9133,129.2477,,0.06%
08/15/2013,129.5324,127.998,129.5945,127.7924,,1.20%
08/14/2013,127.998,127.0566,128.0232,126.8019,,0.74%
08/13/2013,127.0566,127.2361,128.0858,126.9434,,-0.14%
08/12/2013,127.2361,125.7598,127.5611,125.7598,,1.32%
08/09/2013,125.5741,125.5619,125.8918,125.2462,,0.44%
08/08/2013,125.024,124.5699,125.1265,123.9948,,1.04%
08/07/2013,123.7342,123.9786,124.1069,123.6052,,-0.44%
08/06/2013,124.2756,125.2289,125.2456,124.1945,,-0.59%
08/05/2013,125.0184,124.9119,125.1832,124.75,,-0.53%
08/02/2013,125.6846,126.0603,126.5523,125.5954,,-0.46%
08/01/2013,126.2615,126.89,127.0588,126.0535,,0.08%
07/31/2013,126.1571,125.4903,126.1902,125.0784,,0.71%
07/30/2013,125.2678,125.6391,126.0809,125.0741,,-0.71%
07/29/2013,126.1692,126.5265,126.5919,125.9051,,-0.35%
07/26/2013,126.6167,127.307,127.307,126.5042,,-0.91%
07/25/2013,127.7838,127.9974,128.3232,127.388,,-0.55%
07/24/2013,128.4953,129.6181,129.8079,128.291,,-0.92%
07/23/2013,129.6824,129.4204,129.9311,129.3227,,-0.14%
07/22/2013,129.8644,129.8994,130.1832,129.5942,,0.16%
07/19/2013,129.6615,129.6461,129.8747,129.4219,,0.13%
07/18/2013,129.4876,128.371,129.6754,128.3682,,0.83%
07/17/2013,128.4184,128.7374,129.0067,128.2081,,-0.50%
07/16/2013,129.0588,129.1945,129.3699,128.7808,,0.54%
07/15/2013,128.372,127.8539,128.4111,127.5689,,-0.06%
07/12/2013,128.4478,128.6058,129.009,128.3647,,-0.12%
07/11/2013,128.6083,128.8497,129.1418,128.0224,,0.24%
07/10/2013,128.3029,128.0112,128.4571,127.932,,0.81%
07/09/2013,127.2737,127.0391,127.3151,126.5911,,0.27%
07/08/2013,126.9254,126.1795,127.0473,126.1181,,1.10%
07/05/2013,125.5383,126.2763,126.3778,125.3277,,-1.00%
07/03/2013,126.8033,126.5634,126.8544,126.315,,0.66%
07/02/2013,125.9754,125.8401,126.1785,125.5987,,0.46%
07/01/2013,125.3931,125.1129,125.5787,125.0462,,0.74%
06/28/2013,124.4663,125.5244,125.5294,124.4387,,-0.69%
06/27/2013,125.3286,125.8174,126.1441,125.0615,,-0.33%
06/26/2013,125.739,125.8864,126.1294,125.453,,-0.53%
06/25/2013,126.4074,127.2761,127.3486,126.2219,,-0.01%
06/24/2013,126.418,126.5829,126.8034,126.0976,,-0.67%
06/21/2013,127.2764,128.3265,128.3303,127.2045,,-0.61%
06/20/2013,128.0609,129.5097,129.5121,127.9487,,-2.96%
06/19/2013,131.9738,131.2308,132.1636,131.0046,,0.82%
06/18/2013,130.8973,130.5361,130.9615,130.5132,,0.10%
06/17/2013,130.7633,130.3465,130.9784,130.1054,,0.30%
06/14/2013,130.3727,130.371,130.8746,130.2201,,0.22%
06/13/2013,130.0811,129.5772,130.1398,129.4131,,-0.02%
06/12/2013,130.1121,130.2399,130.3451,129.8339,,0.13%
06/11/2013,129.9455,129.6605,130.0252,129.3442,,-0.49%
06/10/2013,130.5902,130.7709,130.9187,130.5296,,-0.54%
06/07/2013,131.2979,132.1335,132.2218,130.9372,,-0.34%
06/06/2013,131.7512,131.9652,132.0126,131.5279,,-0.32%
06/05/2013,132.1761,132.4114,132.952,132.1084,,0.03%
06/04/2013,132.1328,131.5079,132.4226,131.3843,,0.24%
06/03/2013,131.8161,131.6818,131.9839,131.208,,0.91%
05/31/2013,130.6295,131.173,131.2612,130.5835,,-0.52%
05/30/2013,131.3124,131.7353,131.8378,131.1075,,-0.40%
05/29/2013,131.8463,132.2912,132.3812,131.3989,,-0.44%
05/28/2013,132.4238,132.3959,132.8597,132.1736,,0.34%
05/24/2013,131.9755,132.3056,132.3506,131.7598,,-0.44%
05/23/2013,132.5625,131.8233,132.8391,131.3207,,0.19%
05/22/2013,132.3145,132.7451,133.1356,132.0309,,-0.06%
05/21/2013,132.3876,132.3047,132.5414,131.7122,,-0.08%
05/20/2013,132.4972,131.8463,132.6223,131.5657,,0.61%
05/17/2013,131.7001,131.3981,131.7195,130.8342,,0.61%
05/16/2013,130.9044,130.9062,131.2413,130.5648,,-0.30%
05/15/2013,131.2985,131.1011,131.5721,130.65,,-0.47%
05/14/2013,131.9191,131.9186,132.1403,131.604,,-0.21%
05/13/2013,132.1976,131.7915,132.6805,131.6872,,0.19%
05/10/2013,131.9441,132.3998,132.4514,131.2977,,-1.08%
05/09/2013,133.384,132.3915,133.384,132.2785,,0.34%
05/08/2013,132.9375,132.6496,133.2191,132.3029,,0.69%
05/07/2013,132.0273,132.2933,132.3703,131.5603,,-0.51%
05/06/2013,132.6981,132.8382,132.8829,132.3674,,-0.32%
05/03/2013,133.1178,132.5275,133.4615,132.4812,,1.16%
05/02/2013,131.5975,132.1849,132.4729,130.9087,,0.21%
05/01/2013,131.3275,132.4578,132.4578,131.2682,,-1.72%
04/30/2013,133.6316,134.1169,134.2365,133.4728,,-0.56%
04/29/2013,134.3837,132.8219,134.4651,132.7159,,1.87%
04/26/2013,131.9185,132.2074,132.2762,131.2679,,-0.53%
04/25/2013,132.6178,131.3287,132.8288,131.3044,,1.54%
04/24/2013,130.6107,130.6564,130.9477,130.3858,,0.40%
04/23/2013,130.0887,130.4358,130.7419,130.0257,,-0.67%
04/22/2013,130.9605,131.462,131.6561,130.4219,,-0.42%
04/19/2013,131.5112,131.6442,131.7727,131.0975,,-0.07%
04/18/2013,131.606,130.9033,131.8263,130.2908,,0.99%
04/17/2013,130.3211,130.3871,130.6188,129.9938,,-0.60%
04/16/2013,131.1062,130.4229,131.1242,129.963,,0.90%
04/15/2013,129.9374,131.4083,131.5168,129.8346,,-2.93%
04/12/2013,133.855,134.3997,134.5243,133.2403,,-0.86%
04/11/2013,135.0209,135.0563,135.4807,134.794,,0.00%
04/10/2013,135.0251,135.1655,135.8657,134.9259,,-0.20%
04/09/2013,135.2981,134.7276,135.3778,134.4353,,0.60%
04/08/2013,134.4943,135.0417,135.1135,134.1459,,0.31%
04/05/2013,134.0849,133.3378,134.2543,133.1886,,0.33%
04/04/2013,133.6427,133.9063,133.9756,133.0525,,-0.21%
04/03/2013,133.9288,135.2847,135.502,133.5305,,-1.17%
04/02/2013,135.5209,136.5127,136.6168,135.2297,,-0.61%
04/01/2013,136.3566,136.3835,137.1001,136.0299,,-0.81%
03/28/2013,137.4762,139.08,139.318,137.0519,,-1.33%
03/27/2013,139.331,138.3572,139.5429,138.3368,,0.60%
03/26/2013,138.5049,138.0563,138.6061,137.8518,,0.52%
03/25/2013,137.7931,138.0136,138.4522,137.7073,,-0.16%
03/22/2013,138.0096,138.17,138.3983,137.5895,,0.00%
03/21/2013,138.0041,138.1866,138.4994,137.6191,,-0.10%
03/20/2013,138.1382,137.8189,138.1438,137.1757,,0.55%
03/19/2013,137.3775,137.599,137.9661,137.1819,,-0.10%
03/18/2013,137.5206,137.5133,137.896,137.2448,,-0.61%
03/15/2013,138.3651,138.8704,139.058,138.1722,,0.09%
03/14/2013,138.2338,137.1576,138.3295,137.0552,,0.69%
03/13/2013,137.2916,137.769,138.0805,136.994,,-0.34%
03/12/2013,137.7645,137.5737,138.3687,137.5477,,0.26%
03/11/2013,137.4127,136.9291,137.5564,136.72,,0.12%
03/08/2013,137.2526,136.5753,137.2693,136.3838,,0.35%
03/07/2013,136.7743,135.6357,136.7817,135.6179,,0.96%
03/06/2013,135.4683,136.3456,136.4232,135.3708,,-0.76%
03/05/2013,136.4995,136.6352,136.9653,136.3031,,0.41%
03/04/2013,135.9466,135.8088,136.0794,135.4753,,0.13%
03/01/2013,135.7656,135.5186,136.119,135.4375,,-0.59%
02/28/2013,136.5666,136.5986,137.072,136.3911,,-0.01%
02/27/2013,136.5855,137.1056,137.6086,136.5471,,-0.36%
02/26/2013,137.0791,136.6285,137.2165,136.4866,,-0.03%
02/25/2013,137.1196,137.8935,137.9099,136.9015,,0.31%
02/22/2013,136.6902,137.3478,137.4081,136.6235,,-0.10%
02/21/2013,136.833,137.3298,137.4231,136.7721,,-1.14%
02/20/2013,138.4064,139.1938,139.2899,137.8414,,-0.60%
02/19/2013,139.2421,139.1454,139.3627,138.6582,,0.03%
02/15/2013,139.1974,139.5843,139.8046,138.8076,,-0.30%
02/14/2013,139.611,140.448,140.4878,139.3062,,-0.63%
02/13/2013,140.4923,140.1687,140.715,140.1343,,0.17%
02/12/2013,140.2585,140.6665,140.6989,140.0605,,-0.18%
02/11/2013,140.511,140.5762,140.6246,139.9852,,-0.49%
02/08/2013,141.2078,141.5728,142.2303,141.1754,,0.02%
02/07/2013,141.1779,142.5702,142.6464,141.1609,,-0.87%
02/06/2013,142.4209,142.3534,142.6948,142.0378,,-0.31%
02/05/2013,142.8593,142.7884,142.985,142.4242,,0.30%
02/04/2013,142.4333,142.6366,143.0611,142.188,,-0.32%
02/01/2013,142.8892,142.8507,143.675,142.7876,,0.35%
01/31/2013,142.3956,142.832,142.8389,141.8277,,-0.40%
01/30/2013,142.9639,142.0783,143.019,141.9524,,1.41%
01/29/2013,140.9774,140.3282,141.1494,140.3282,,0.32%
01/28/2013,140.5304,140.448,140.6307,140.0666,,-0.08%
01/25/2013,140.6473,141.029,141.0769,140.3566,,-0.29%
01/24/2013,141.0598,141.0831,141.3871,140.7948,,-0.38%
01/23/2013,141.5969,141.9707,142.239,141.4344,,-0.21%
01/22/2013,141.89,142.1055,142.2766,141.4727,,0.29%
01/18/2013,141.4769,141.2527,141.5265,140.7474,,0.45%
01/17/2013,140.8471,140.062,141.0992,139.9221,,0.59%
01/16/2013,140.019,139.5199,140.1355,139.4916,,0.07%
01/15/2013,139.9216,139.6255,140.3173,139.569,,0.22%
01/14/2013,139.6168,139.6185,139.8563,139.2026,,0.77%
01/11/2013,138.5452,138.1172,138.8328,137.4294,,0.07%
01/10/2013,138.4461,138.4404,138.6948,138.0951,,0.83%
01/09/2013,137.3019,137.8245,138.1394,137.0224,,-0.44%
01/08/2013,137.9155,138.085,138.271,137.6832,,-0.03%
01/07/2013,137.9636,137.7692,138.3425,137.6051,,0.17%
01/04/2013,137.734,137.5516,138.177,137.3083,,-0.68%
01/03/2013,138.6821,139.3776,139.3944,138.5769,,-0.72%
01/02/2013,139.6896,139.8534,140.8502,139.2208,,0.45%
12/31/2012,139.0707,138.3031,139.605,138.2193,,-0.01%
12/28/2012,139.0837,138.978,139.4593,138.759,,-0.03%
12/27/2012,139.1213,138.9296,139.166,138.6516,,-0.01%
12/26/2012,139.1324,138.8644,139.9806,138.7912,,0.34%
12/24/2012,138.6645,139.0026,139.1626,138.5951,,-0.43%
12/21/2012,139.2618,138.9873,139.4152,138.8796,,0.26%
12/20/2012,138.9069,139.1962,139.3247,138.2255,,-0.46%
12/19/2012,139.5463,140.2886,140.3388,139.4614,,-0.56%
12/18/2012,140.3326,140.3707,140.8629,140.0137,,-0.09%
12/17/2012,140.4619,140.653,140.8774,140.2605,,-0.05%
12/14/2012,140.5362,140.2248,140.7271,139.7998,,0.65%
12/13/2012,139.6311,140.0269,140.4156,139.4749,,-0.90%
12/12/2012,140.8998,140.9959,141.2384,140.4764,,0.20%
12/11/2012,140.6186,141.3858,141.4975,140.3656,,-0.39%
12/10/2012,141.1744,141.6947,141.8635,141.0331,,-0.24%
12/07/2012,141.5128,142.0226,142.4149,141.4878,,-0.66%
12/06/2012,142.4594,143.3325,143.4734,141.9859,,-0.53%
12/05/2012,143.2147,142.6485,143.3045,142.0533,,0.79%
12/04/2012,142.0965,142.9025,142.994,141.8151,,-0.89%
12/03/2012,143.376,143.4738,144.1069,143.1623,,0.40%
11/30/2012,142.8028,143.6298,143.7281,142.6358,,-0.52%
11/29/2012,143.5556,143.9581,144.2749,143.4287,,0.25%
11/28/2012,143.2012,143.4264,143.4296,142.0986,,-0.57%
11/27/2012,144.0289,143.7217,144.0388,143.2335,,0.50%
11/26/2012,143.31,144.184,144.184,143.2266,,-0.53%
11/23/2012,144.0779,143.1576,144.2386,142.8355,,0.68%
11/21/2012,143.1085,142.6986,143.154,142.3874,,0.30%
11/20/2012,142.6859,142.6876,142.8861,142.1736,,-0.01%
11/19/2012,142.7049,141.998,143.0686,141.8724,,1.25%
11/16/2012,140.9461,140.0271,141.0656,139.8124,,0.22%
11/15/2012,140.6419,141.3416,141.6523,140.5476,,-0.61%
11/14/2012,141.5037,141.6339,142.0642,141.2625,,0.39%
11/13/2012,140.9589,140.5115,141.2098,140.2304,,0.37%
11/12/2012,140.4344,140.6831,140.9148,140.0126,,-0.25%
11/09/2012,140.7895,141.0433,141.304,140.1897,,-0.54%
11/08/2012,141.5475,141.0081,141.6792,140.7118,,0.40%
11/07/2012,140.9884,142.3707,142.4051,140.8383,,-1.04%
11/06/2012,142.4656,140.8698,142.5202,140.6946,,1.59%
11/05/2012,140.2293,140.0935,140.522,139.8978,,-0.10%
11/02/2012,140.3656,142.5614,142.6798,140.3201,,-1.90%
11/01/2012,143.0839,143.6588,143.7073,142.9497,,0.24%
10/31/2012,142.7416,143.2081,143.454,142.7105,,0.37%
10/30/2012,142.2211,143.1067,143.3155,142.0861,,-0.20%
10/29/2012,142.5101,142.7801,143.4684,142.3195,,-0.34%
10/26/2012,142.9996,142.8032,143.7438,142.7964,,-0.36%
10/25/2012,143.5193,144.3198,144.4416,143.0797,,-0.19%
10/24/2012,143.7886,144.268,144.5027,143.4557,,-0.26%
10/23/2012,144.1686,144.2222,144.3079,143.1636,,-0.66%
10/22/2012,145.127,146.734,146.955,145.0933,,-0.85%
10/19/2012,146.3712,147.6766,147.8836,146.3199,,-0.86%
10/18/2012,147.642,147.0909,147.6764,146.1625,,0.59%
10/17/2012,146.7818,146.0587,146.8032,145.7276,,0.78%
10/16/2012,145.6473,146.0028,146.2283,145.3535,,0.18%
10/15/2012,145.3848,145.8647,146.1149,144.6306,,-1.04%
10/12/2012,146.9175,147.9599,148.1617,146.4787,,-1.25%
10/11/2012,148.7714,147.6513,149.2904,147.4176,,1.14%
10/10/2012,147.0976,147.484,147.9029,146.9699,,-0.48%
10/09/2012,147.8095,147.3531,148.1882,147.0403,,0.54%
10/08/2012,147.0135,146.5015,147.3761,146.4237,,-0.52%
10/05/2012,147.7888,148.387,148.9442,147.4305,,-0.69%
10/04/2012,148.821,148.1572,149.167,147.8936,,1.05%
10/03/2012,147.2697,148.3091,148.4472,146.9622,,-1.15%
10/02/2012,148.979,149.3317,149.3317,148.3045,,-0.21%
10/01/2012,149.2856,148.1603,149.9076,148.1414,,0.52%
09/28/2012,148.5061,147.0086,148.6717,146.7786,,1.08%
09/27/2012,146.919,146.048,147.0576,145.9771,,0.94%
09/26/2012,145.5466,146.1145,146.1403,144.8674,,-0.91%
09/25/2012,146.8903,146.9609,147.7498,146.37,,0.39%
09/24/2012,146.3266,146.1089,146.4541,145.776,,-0.90%
09/21/2012,147.6541,147.0976,147.9078,146.8601,,0.92%
09/20/2012,146.3034,146.0246,147.0245,145.9717,,-0.50%
09/19/2012,147.0355,147.8457,148.115,146.6633,,-0.26%
09/18/2012,147.4229,147.9358,148.8023,147.3731,,-0.86%
09/17/2012,148.6987,151.3115,151.3115,148.3839,,-2.18%
09/14/2012,152.0129,152.5379,152.7147,151.784,,1.00%
09/13/2012,150.5055,149.5504,150.5468,148.9436,,0.68%
09/12/2012,149.4924,149.2498,149.5092,148.392,,0.55%
09/11/2012,148.6714,147.8932,148.9367,147.8514,,0.57%
09/10/2012,147.8355,147.7671,148.1399,147.3744,,0.39%
09/07/2012,147.2613,146.0755,147.5102,146.0313,,0.87%
09/06/2012,145.9943,146.2825,146.7093,145.628,,0.23%
09/05/2012,145.6529,146.0319,146.5655,145.5477,,-0.62%
09/04/2012,146.5667,148.4435,148.521,146.2812,,0.37%
08/31/2012,146.0275,145.1848,146.1537,144.6089,,0.68%
08/30/2012,145.039,145.1161,145.5585,144.7005,,-0.13%
08/29/2012,145.227,144.3498,145.2944,144.1288,,0.57%
08/28/2012,144.4079,144.405,144.8066,144.006,,-0.20%
08/27/2012,144.6906,146.0087,146.1958,144.5177,,-0.46%
08/24/2012,145.357,146.1104,146.633,145.2548,,-0.42%
08/23/2012,145.9769,146.7439,147.0583,145.4811,,-0.10%
08/22/2012,146.1182,145.6453,146.3922,145.2138,,0.20%
08/21/2012,145.8271,145.0209,146.227,144.9331,,1.21%
08/20/2012,144.086,143.2331,144.0999,142.8075,,0.68%
08/17/2012,143.1148,142.704,143.3365,142.4548,,0.28%
08/16/2012,142.7206,142.3915,143.0897,142.1572,,0.31%
08/15/2012,142.2749,141.7564,142.4278,141.4026,,0.31%
08/14/2012,141.8403,142.3286,142.3709,141.3615,,0.13%
08/13/2012,141.6502,142.7857,143.0247,141.6154,,-1.08%
08/10/2012,143.2009,144.0281,144.1707,143.029,,-1.06%
08/09/2012,144.7398,144.1481,145.5447,143.9191,,0.52%
08/08/2012,143.9937,143.1265,144.0255,142.877,,0.24%
08/07/2012,143.6555,143.5736,143.9882,143.483,,0.45%
08/06/2012,143.0151,142.0342,143.2139,141.848,,0.06%
08/03/2012,142.9237,141.0534,143.5516,140.6889,,1.55%
08/02/2012,140.737,143.0271,143.4874,140.7006,,-1.84%
08/01/2012,143.3789,143.5103,143.6253,142.4874,,-0.55%
07/31/2012,144.169,145.9879,146.0916,143.8861,,-1.00%
07/30/2012,145.6207,144.7736,145.7546,144.5421,,1.49%
07/27/2012,143.4763,143.3223,143.8241,142.8224,,0.74%
07/26/2012,142.4196,142.7585,143.9578,142.1451,,-0.36%
07/25/2012,142.9327,142.8848,143.5509,142.0184,,0.58%
07/24/2012,142.1146,142.4545,143.0914,141.1061,,-1.09%
07/23/2012,143.6794,143.2211,144.3114,142.4843,,-1.72%
07/20/2012,146.193,145.2377,146.2106,144.8567,,0.24%
07/19/2012,145.8439,144.711,145.9008,144.3736,,1.74%
07/18/2012,143.3508,140.6473,143.4002,140.5728,,1.34%
07/17/2012,141.4492,141.4177,142.0604,140.6819,,-0.19%
07/16/2012,141.7145,141.0741,141.8704,140.8111,,0.98%
07/13/2012,140.3428,140.2835,140.7361,139.7497,,1.11%
07/12/2012,138.7976,137.3319,139.1828,137.0259,,0.30%
07/11/2012,138.376,138.1239,139.3073,137.5601,,0.64%
07/10/2012,137.4997,139.2373,139.4416,137.4725,,-1.53%
07/09/2012,139.6408,138.6876,139.8986,138.085,,2.01%
07/06/2012,136.8853,138.7711,139.0475,136.8663,,-2.29%
07/05/2012,140.0924,139.1194,140.1865,138.5552,,0.56%
07/03/2012,139.3146,137.3628,139.3279,137.1491,,2.68%
07/02/2012,135.6749,135.1647,135.6999,134.676,,0.19%
06/29/2012,135.4213,132.5723,135.5917,132.5531,,3.77%
06/28/2012,130.4995,132.2133,132.4621,130.1156,,-1.12%
06/27/2012,131.9817,131.3008,133.1732,131.3008,,0.57%
06/26/2012,131.2372,130.4764,131.2521,130.1244,,0.52%
06/25/2012,130.5643,129.3522,130.5672,129.2511,,1.79%
06/22/2012,128.274,128.3515,128.8319,127.8679,,0.34%
06/21/2012,127.8346,129.3642,129.7253,127.6178,,-1.97%
06/20/2012,130.4093,131.5448,131.8471,129.7603,,-0.79%
06/19/2012,131.4473,130.545,131.718,130.499,,1.02%
06/18/2012,130.1254,129.0808,130.2556,128.464,,1.04%
06/15/2012,128.7892,129.2427,129.6343,128.7168,,-0.03%
06/14/2012,128.8291,127.4655,128.9263,127.2391,,1.17%
06/13/2012,127.3452,128.1582,128.2343,127.2795,,-0.66%
06/12/2012,128.1947,128.018,128.6794,127.8393,,-0.11%
06/11/2012,128.3358,129.4857,129.5526,128.2779,,-0.36%
06/08/2012,128.8026,127.5747,128.9691,127.3142,,-0.34%
06/07/2012,129.2446,129.2423,130.9318,128.9598,,-0.15%
06/06/2012,129.4355,129.0821,129.9793,128.879,,1.38%
06/05/2012,127.6687,127.6173,128.257,127.2757,,0.09%
06/04/2012,127.5493,126.8768,127.6091,126.8016,,0.58%
06/01/2012,126.8123,127.1123,127.8544,126.2241,,-1.22%
05/31/2012,128.3789,129.3204,129.4818,128.3693,,-0.81%
05/30/2012,129.4238,129.807,130.2218,128.972,,-1.30%
05/29/2012,131.1312,132.3349,133.4146,131.0413,,-1.12%
05/25/2012,132.6133,132.9246,132.9412,132.2313,,0.17%
05/24/2012,132.3896,133.3198,133.7518,132.1732,,0.02%
05/23/2012,132.3578,133.0349,133.1934,131.8239,,-1.55%
05/22/2012,134.4469,135.054,136.1102,134.4305,,-0.94%
05/21/2012,135.7211,136.1559,136.2766,135.5266,,-0.21%
05/18/2012,136.0004,135.4954,136.4056,135.4613,,0.71%
05/17/2012,135.0473,134.4795,135.1037,134.2697,,0.54%
05/16/2012,134.3202,132.5943,134.4372,132.5589,,0.33%
05/15/2012,133.8805,133.5223,133.9247,133.0128,,0.57%
05/14/2012,133.1207,133.1255,133.4285,132.7187,,-1.21%
05/11/2012,134.7538,134.7402,135.524,134.5878,,-0.93%
05/10/2012,136.0122,136.0565,136.6722,135.6045,,0.08%
05/09/2012,135.908,135.6458,136.2055,135.1054,,-0.27%
05/08/2012,136.274,136.7558,136.9917,135.2317,,-0.76%
05/07/2012,137.3122,137.2147,137.4851,136.5476,,0.13%
05/04/2012,137.1364,138.425,138.527,136.2582,,-0.90%
05/03/2012,138.3832,139.0905,139.4128,138.2975,,-0.59%
05/02/2012,139.2058,140.7595,140.8724,139.1153,,-1.64%
05/01/2012,141.5304,140.6898,141.7193,140.684,,0.17%
04/30/2012,141.2917,140.1428,141.374,139.8505,,0.47%
04/27/2012,140.6345,139.6813,140.6841,139.6387,,0.77%
04/26/2012,139.5597,139.062,140.0919,139.0435,,0.55%
04/25/2012,138.8026,138.9865,139.2456,137.935,,0.48%
04/24/2012,138.1389,138.2381,138.8974,138.0073,,0.17%
04/23/2012,137.9107,137.5475,137.9107,136.9633,,-0.21%
04/20/2012,138.1999,138.0892,138.6252,137.9581,,0.49%
04/19/2012,137.5226,138.0088,138.1161,137.2761,,0.26%
04/18/2012,137.1674,138.2919,138.3107,137.0985,,-0.93%
04/17/2012,138.4587,138.9294,138.9965,138.4514,,0.16%
04/16/2012,138.2429,138.7518,139.2721,138.0541,,-0.87%
04/13/2012,139.462,140.7225,140.9885,139.3282,,-1.34%
04/12/2012,141.3537,140.134,141.4226,139.9246,,1.24%
04/11/2012,139.6251,139.6956,140.0331,139.3773,,0.17%
04/10/2012,139.3818,141.2011,141.2612,139.3614,,-1.26%
04/09/2012,141.1635,140.8855,141.1635,140.2602,,-0.35%
04/05/2012,141.6643,141.0487,141.784,140.8844,,0.57%
04/04/2012,140.8546,142.3928,142.4078,140.8546,,-1.91%
04/03/2012,143.5999,143.1713,144.069,143.0987,,-0.12%
04/02/2012,143.7664,141.9699,143.8305,141.4954,,1.31%
03/30/2012,141.9021,140.6427,142.8833,140.6,,1.40%
03/29/2012,139.9437,141.7686,142.1509,139.7708,,-1.61%
03/28/2012,142.2276,143.3932,143.6085,142.1138,,-1.23%
03/27/2012,144.0014,144.8281,144.8608,143.8576,,-0.32%
03/26/2012,144.4699,144.231,145.1368,144.1822,,0.29%
03/23/2012,144.0591,143.7927,144.4953,143.4203,,0.78%
03/22/2012,142.9386,143.2475,143.6397,142.4571,,-0.98%
03/21/2012,144.3583,144.4598,144.7882,144.1479,,0.02%
03/20/2012,144.3305,145.124,145.3457,144.1486,,-1.47%
03/19/2012,146.4776,145.616,146.7265,145.5909,,0.17%
03/16/2012,146.2257,145.2151,146.2912,145.2151,,0.44%
03/15/2012,145.5788,144.8091,145.9226,144.7637,,0.65%
03/14/2012,144.6324,145.1956,145.5472,144.6324,,-0.93%
03/13/2012,145.9839,145.5438,146.1416,144.628,,0.76%
03/12/2012,144.8762,144.6295,145.125,143.9559,,-0.36%
03/09/2012,145.3984,144.7679,145.6011,143.8287,,0.82%
03/08/2012,144.219,144.7761,144.9506,143.8631,,0.36%
03/07/2012,143.7001,144.3733,144.3777,143.2349,,-0.18%
03/06/2012,143.9578,145.1521,145.3484,143.8779,,-1.66%
03/05/2012,146.3852,146.2319,147.223,146.2005,,-0.89%
03/02/2012,147.6924,146.807,147.9144,146.4494,,-0.58%
03/01/2012,148.5604,147.7847,148.6311,147.2381,,0.35%
02/29/2012,148.0367,149.19,149.3044,146.5351,,-0.46%
02/28/2012,148.7183,149.1436,149.5408,148.5981,,-0.22%
02/27/2012,149.0454,148.5718,149.6649,148.3892,,-0.21%
02/24/2012,149.3519,148.8755,149.5895,148.3882,,0.51%
02/23/2012,148.5882,148.6324,149.0069,147.8372,,0.20%
02/22/2012,148.2921,146.9558,148.4042,146.9393,,0.39%
02/21/2012,147.7198,146.4251,147.7642,146.2729,,1.35%
02/17/2012,145.7564,145.6572,146.2378,145.1288,,0.38%
02/16/2012,145.2101,144.0622,145.3939,143.7732,,0.35%
02/15/2012,144.7028,145.7097,146.0412,144.3902,,-0.15%
02/14/2012,144.9188,145.4457,145.5731,144.5789,,-0.25%
02/13/2012,145.2825,145.4666,145.699,144.7648,,0.27%
02/10/2012,144.8869,145.5197,145.546,144.4736,,-1.13%
02/09/2012,146.546,146.1338,147.8514,145.9038,,0.45%
02/08/2012,145.8883,146.565,147.2025,145.6121,,-0.11%
02/07/2012,146.0433,145.1684,146.314,144.8328,,0.14%
02/06/2012,145.8447,145.3924,145.8637,144.4343,,0.21%
02/03/2012,145.5442,144.7609,145.6323,144.2928,,0.75%
02/02/2012,144.4537,144.0325,144.7091,143.2845,,0.09%
02/01/2012,144.3208,144.68,144.766,144.1792,,0.11%
01/31/2012,144.1561,145.9938,146.0291,143.5217,,-0.62%
01/30/2012,145.0544,145.9622,145.9622,145.0338,,-1.07%
01/27/2012,146.623,146.5093,146.687,145.3066,,0.25%
01/26/2012,146.2543,147.1753,147.4477,145.8974,,0.45%
01/25/2012,145.601,143.9732,145.8588,143.7443,,1.12%
01/24/2012,143.9862,143.4372,144.3688,142.9632,,0.32%
01/23/2012,143.5295,142.0284,143.673,141.9551,,1.62%
01/20/2012,141.242,141.3515,141.4163,140.5461,,-0.24%
01/19/2012,141.5853,141.9123,142.333,141.1378,,0.31%
01/18/2012,141.1504,141.4816,141.9141,140.7112,,-0.23%
01/17/2012,141.4807,142.2069,142.4541,140.9509,,0.69%
01/13/2012,140.5055,141.4342,141.4342,140.0367,,-0.78%
01/12/2012,141.6074,144.0131,144.3831,141.5912,,-1.09%
01/11/2012,143.1714,143.4225,143.9428,142.5888,,-0.72%
01/10/2012,144.2135,144.4336,145.018,143.9086,,0.79%
01/09/2012,143.0837,142.6777,143.2699,142.2839,,0.37%
01/06/2012,142.5498,142.8818,143.3304,142.0516,,0.15%
01/05/2012,142.3351,143.4952,143.7598,142.2652,,-1.49%
01/04/2012,144.4944,143.7841,144.7746,143.5702,,0.23%
01/03/2012,144.1586,142.4712,144.2822,142.0926,,2.47%
12/30/2011,140.6802,140.4397,141.4179,140.3255,,0.50%
12/29/2011,139.9781,140.1456,140.4313,139.2974,,-0.51%
12/28/2011,140.6948,141.6961,142.3581,140.3666,,-1.01%
12/27/2011,142.1297,140.9946,142.389,140.947,,0.66%
12/23/2011,141.1978,141.3555,141.4996,141.1642,,0.08%
12/22/2011,141.0856,140.8141,141.3504,140.2763,,0.50%
12/21/2011,140.379,139.0871,140.6491,138.7291,,0.58%
12/20/2011,139.5701,138.3408,139.8046,138.212,,1.68%
12/19/2011,137.2633,137.1632,137.7173,136.5853,,0.19%
12/16/2011,137.0063,137.3292,137.4385,136.4467,,0.54%
12/15/2011,136.2643,137.3505,137.6947,136.1699,,-0.20%
12/14/2011,136.5306,139.6235,139.9098,136.3214,,-3.61%
12/13/2011,141.6432,141.4602,142.5646,141.1201,,0.62%
12/12/2011,140.7678,141.1933,141.539,140.0304,,-1.55%
12/09/2011,142.9838,143.6949,143.8765,141.9938,,-0.35%
12/08/2011,143.4792,144.8942,145.6389,142.7773,,-0.78%
12/07/2011,144.6089,145.5072,145.809,144.1207,,-0.85%
12/06/2011,145.8427,144.4578,145.8796,144.17,,0.23%
12/05/2011,145.5054,146.4289,147.1104,145.2302,,-0.54%
12/02/2011,146.2884,147.1503,147.4442,145.8257,,0.27%
12/01/2011,145.8963,146.283,147.0976,145.1214,,-0.18%
11/30/2011,146.1596,143.8068,147.3073,143.8002,,1.21%
11/29/2011,144.4059,143.1375,144.7171,142.892,,0.97%
11/28/2011,143.0226,144.4571,144.4571,142.5659,,0.91%
11/25/2011,141.7362,141.5314,142.9599,141.2115,,-0.49%
11/23/2011,142.4276,141.9873,143.0017,141.543,,-1.32%
11/22/2011,144.3383,144.2576,144.5414,143.1494,,0.88%
11/21/2011,143.083,143.5856,143.9438,142.0105,,-1.25%
11/18/2011,144.898,146.3451,146.3717,143.915,,-0.39%
11/17/2011,145.4653,147.648,148.1322,144.9752,,-2.49%
11/16/2011,149.1856,148.4163,149.6436,148.1938,,0.17%
11/15/2011,148.9389,147.7827,149.1484,147.6913,,0.71%
11/14/2011,147.8865,148.6337,148.8456,147.5818,,-0.70%
11/11/2011,148.9295,148.1019,149.1605,147.9946,,0.53%
11/10/2011,148.1487,149.1091,149.3188,147.4865,,-0.36%
11/09/2011,148.6782,149.8087,150.1659,148.4216,,-1.35%
11/08/2011,150.7089,150.1143,150.7868,149.6894,,0.69%
11/07/2011,149.6769,149.8806,150.2329,149.1858,,0.13%
11/04/2011,149.4832,150.1081,150.17,148.6329,,-0.02%
11/03/2011,149.52,148.823,149.8542,147.9654,,1.33%
11/02/2011,147.5609,148.4695,149.1363,147.2267,,0.22%
11/01/2011,147.2323,146.4365,147.5531,144.9331,,-1.50%
10/31/2011,149.4779,149.6256,149.6559,148.1784,,-0.93%
10/28/2011,150.8745,150.0764,151.2948,149.9081,,0.01%
10/27/2011,150.8557,149.5442,151.3415,149.4831,,2.46%
10/26/2011,147.2336,149.3345,149.6558,147.1655,,-1.00%
10/25/2011,148.7192,148.8916,149.4281,147.8188,,0.62%
10/24/2011,147.8057,146.7,148.0283,146.3447,,1.97%
10/21/2011,144.9473,145.4484,146.3738,144.8843,,1.05%
10/20/2011,143.4456,144.0286,144.2503,141.8712,,-1.03%
10/19/2011,144.9318,146.8312,147.6686,144.853,,-1.33%
10/18/2011,146.8853,145.1699,147.2593,144.8004,,-0.18%
10/17/2011,147.1555,148.1393,148.3678,146.7933,,-0.71%
10/14/2011,148.209,146.7845,148.2917,146.7845,,1.82%
10/13/2011,145.5652,144.9069,145.8543,144.0442,,-0.34%
10/12/2011,146.0667,146.8536,147.1501,145.0914,,0.11%
10/11/2011,145.9048,143.4858,146.1828,142.9364,,1.10%
10/10/2011,144.3176,143.6716,145.1501,143.6716,,1.77%
10/07/2011,141.8116,142.0729,143.4691,141.0757,,-0.69%
10/06/2011,142.7908,141.6317,142.9818,141.0829,,1.70%
10/05/2011,140.4014,139.7313,140.5462,138.7912,,1.48%
10/04/2011,138.3527,138.4838,139.7433,138.068,,-1.39%
10/03/2011,140.2979,140.0769,141.389,138.9639,,0.07%
09/30/2011,140.2016,143.2424,145.3451,140.1167,,-2.61%
09/29/2011,143.9562,142.9381,144.8436,142.8313,,0.50%
09/28/2011,143.2329,146.296,146.5524,143.1584,,-2.61%
09/27/2011,147.0767,147.1901,148.0907,146.566,,2.66%
09/26/2011,143.2628,143.2097,144.0095,141.6049,,0.12%
09/23/2011,143.0863,144.2379,145.7236,142.9827,,-2.80%
09/22/2011,147.2093,149.2083,149.3329,146.9834,,-4.41%
09/21/2011,153.9961,154.9082,155.3024,153.9407,,-0.81%
09/20/2011,155.2538,156.0999,156.3977,154.8405,,0.35%
09/19/2011,154.7106,156.4274,156.4305,154.1382,,-1.76%
09/16/2011,157.4798,158.7682,158.7984,157.2787,,-0.50%
09/15/2011,158.2791,160.0605,160.2068,158.1233,,-0.88%
09/14/2011,159.6802,159.8348,159.9393,159.1142,,-0.32%
09/13/2011,160.1931,160.0548,160.8296,159.5287,,0.29%
09/12/2011,159.733,159.3698,160.6183,158.9192,,-0.54%
09/09/2011,160.6014,161.4187,161.7038,160.1225,,-1.32%
09/08/2011,162.747,162.6357,163.4156,162.3159,,0.29%
09/07/2011,162.2705,161.724,162.8636,161.3999,,0.65%
09/06/2011,161.2232,160.9989,161.6416,160.1509,,-0.79%
09/02/2011,162.5149,163.0279,163.4163,161.87,,-0.24%
09/01/2011,162.9113,163.4363,164.1737,162.8345,,-0.93%
08/31/2011,164.4327,163.0548,164.6703,163.0094,,0.61%
08/30/2011,163.4335,161.393,163.4513,161.3551,,1.25%
08/29/2011,161.4124,161.7053,162.0773,161.3257,,0.17%
08/26/2011,161.1418,159.4358,161.2308,158.3885,,1.17%
08/25/2011,159.2828,158.3087,159.627,157.6807,,0.57%
08/24/2011,158.3737,160.3483,160.9874,158.2103,,-1.44%
08/23/2011,160.6887,160.6472,161.053,159.7789,,0.51%
08/22/2011,159.8813,160.0107,160.024,159.0652,,0.55%
08/19/2011,159.0033,157.8071,159.5046,157.7738,,1.22%
08/18/2011,157.0895,158.5333,158.7031,156.9004,,-1.64%
08/17/2011,159.7031,159.0929,160.5596,159.0929,,0.83%
08/16/2011,158.3815,157.4801,158.9732,157.3607,,-0.01%
08/15/2011,158.3941,157.0814,158.4133,157.0814,,0.87%
08/12/2011,157.0312,157.4851,157.9083,156.9163,,-0.16%
08/11/2011,157.2904,154.614,157.4134,154.6018,,1.62%
08/10/2011,154.7777,155.5625,155.7499,153.776,,1.27%
08/09/2011,152.8335,153.7477,154.9859,152.6062,,-0.15%
08/08/2011,153.0595,154.6288,155.1733,152.9811,,-1.98%
08/05/2011,156.1495,156.6333,157.6133,154.5777,,-0.73%
08/04/2011,157.2922,160.8135,160.965,157.1686,,-2.79%
08/03/2011,161.8011,163.0975,163.3366,161.3359,,-1.01%
08/02/2011,163.4494,162.4562,163.6048,162.0994,,0.59%
08/01/2011,162.4846,163.8427,164.5186,161.8695,,-0.20%
07/29/2011,162.8146,163.1433,163.2005,162.4095,,-0.75%
07/28/2011,164.0526,165.0312,165.155,163.7917,,-0.59%
07/27/2011,165.0295,165.4769,165.8264,164.7836,,-0.48%
07/26/2011,165.8254,165.3722,165.9767,164.2824,,0.75%
07/25/2011,164.5956,164.7931,165.2197,164.0384,,-0.41%
07/22/2011,165.2773,164.4758,165.3551,164.2595,,1.05%
07/21/2011,163.558,164.121,165.4188,163.4003,,-0.59%
07/20/2011,164.5288,165.2836,165.4335,164.1569,,-0.30%
07/19/2011,165.0227,165.5831,166.5228,165.0227,,0.60%
07/18/2011,164.044,164.0434,164.1732,162.9986,,-0.30%
07/15/2011,164.5448,163.4611,165.1252,163.4592,,0.72%
07/14/2011,163.3674,164.7378,164.8163,162.6005,,-0.79%
07/13/2011,164.6637,162.9237,165.2483,162.5485,,1.66%
07/12/2011,161.97,159.0296,161.9938,158.5365,,1.23%
07/11/2011,160.0007,159.4691,160.4579,159.0411,,-0.52%
07/08/2011,160.8306,161.0211,161.4679,159.7549,,-0.16%
07/07/2011,161.0916,159.0573,161.3935,159.0517,,1.49%
07/06/2011,158.7266,158.3607,159.4153,158.3024,,-0.44%
07/05/2011,159.4334,158.461,159.8234,158.2928,,1.64%
07/01/2011,156.8665,156.2139,157.502,155.8001,,-0.80%
06/30/2011,158.1349,159.0521,159.9518,156.8059,,-0.56%
06/29/2011,159.0262,158.8155,159.5914,158.1822,,1.15%
06/28/2011,157.2128,155.8069,157.2401,155.8054,,1.65%
06/27/2011,154.6622,154.711,154.986,153.8469,,-0.54%
06/24/2011,155.5094,156.4253,156.7427,155.1558,,-0.29%
06/23/2011,155.9667,157.8486,157.8657,154.2213,,-2.26%
06/22/2011,159.5741,159.694,160.4832,159.01,,-0.33%
06/21/2011,160.1087,160.2956,160.5873,159.3581,,0.75%
06/20/2011,158.9169,158.0186,159.3342,157.9703,,-0.05%
06/17/2011,158.9996,160.1291,160.3547,158.4096,,-0.56%
06/16/2011,159.892,160.5586,160.9382,159.7877,,-0.89%
06/15/2011,161.3209,163.6672,164.2956,160.721,,-1.79%
06/14/2011,164.2537,163.3963,164.3461,163.2454,,0.35%
06/13/2011,163.6835,165.0661,165.1952,162.9089,,-1.16%
06/10/2011,165.6002,166.2413,166.287,164.7004,,-0.69%
06/09/2011,166.7439,166.5349,168.8691,166.3232,,0.31%
06/08/2011,166.2306,164.2976,166.9554,163.9071,,0.59%
06/07/2011,165.2596,163.658,165.3054,163.4062,,0.34%
06/06/2011,164.694,165.3402,166.4003,164.5866,,-0.72%
06/03/2011,165.8851,165.3731,166.4547,164.6054,,0.13%
06/02/2011,165.6755,165.1535,166.194,164.2909,,0.42%
06/01/2011,164.9848,166.326,166.3612,164.4359,,-0.93%
05/31/2011,166.5416,166.4626,167.2699,165.9895,,0.72%
05/27/2011,165.3465,164.2773,165.4087,164.2651,,1.14%
05/26/2011,163.4876,163.9257,164.2325,162.791,,-0.20%
05/25/2011,163.814,162.6531,164.1592,162.1828,,1.44%
05/24/2011,161.4934,161.8798,162.7783,160.6173,,0.46%
05/23/2011,160.7563,160.8242,161.3277,160.0055,,-0.98%
05/20/2011,162.352,160.8691,162.676,159.6706,,0.93%
05/19/2011,160.8559,162.7475,163.0198,160.8138,,-1.24%
05/18/2011,162.8795,160.728,163.4005,160.3436,,2.50%
05/17/2011,158.9118,159.5461,159.573,156.9549,,-0.20%
05/16/2011,159.2235,159.5568,160.9254,158.9841,,-0.39%
05/13/2011,159.8395,161.102,161.3713,158.2414,,-0.02%
05/12/2011,159.8745,157.1278,160.8572,156.7131,,0.14%
05/11/2011,159.6569,163.6853,164.8862,159.4515,,-3.00%
05/10/2011,164.6022,163.8614,164.9189,162.893,,1.25%
05/09/2011,162.5688,162.0139,162.9189,161.0038,,1.92%
05/06/2011,159.5043,159.568,163.4862,159.4365,,-0.94%
05/05/2011,161.0196,166.3967,166.4186,160.9143,,-4.67%
05/04/2011,168.9085,170.8491,171.3507,168.7487,,-1.91%
05/03/2011,172.1911,172.7773,173.7136,171.642,,-1.15%
05/02/2011,174.1929,173.87,175.6616,173.5297,,-0.70%
04/29/2011,175.4211,173.6019,175.5227,173.1895,,1.39%
04/28/2011,173.0189,173.6112,174.6231,172.3793,,-0.04%
04/27/2011,173.095,173.0797,173.834,172.2081,,-0.35%
04/26/2011,173.7013,173.6473,174.1064,173.3011,,-0.47%
04/25/2011,174.5214,175.4443,175.6758,173.3268,,0.17%
04/21/2011,174.2186,173.8167,174.2838,172.8923,,0.87%
04/20/2011,172.7119,172.7918,173.8973,171.9053,,1.12%
04/19/2011,170.8043,170.077,171.2815,169.4463,,0.58%
04/18/2011,169.8218,170.0674,170.5254,168.8149,,-0.49%
04/15/2011,170.666,169.9025,171.1833,169.3222,,0.45%
04/14/2011,169.8973,168.4023,170.2636,168.055,,0.29%
04/13/2011,169.3991,169.8875,170.8012,168.607,,0.09%
04/12/2011,169.2417,171.9191,172.2936,168.2383,,-2.09%
04/11/2011,172.8619,173.0617,174.1498,172.6214,,-0.59%
04/08/2011,173.8811,173.1569,174.5441,172.3109,,1.45%
04/07/2011,171.4017,171.9306,172.7246,170.594,,-0.02%
04/06/2011,171.4384,171.8431,172.452,171.1206,,0.11%
04/05/2011,171.2484,170.1198,171.3408,170.0778,,0.23%
04/04/2011,170.8514,170.7646,171.1748,170.2848,,0.49%
04/01/2011,170.0157,169.812,170.334,168.9375,,0.27%
03/31/2011,169.5579,167.1644,169.7772,166.9826,,1.79%
03/30/2011,166.5768,166.681,166.9774,165.5742,,0.02%
03/29/2011,166.5502,166.1198,167.4836,165.8603,,-0.04%
03/28/2011,166.6232,167.7198,167.8747,166.5221,,-1.25%
03/25/2011,168.7355,169.0615,169.2466,167.7853,,0.23%
03/24/2011,168.3446,168.086,168.6755,167.5446,,0.45%
03/23/2011,167.5835,167.7024,167.9722,167.1274,,0.47%
03/22/2011,166.804,165.1666,166.8132,164.6351,,0.77%
03/21/2011,165.5269,166.6106,166.6275,164.9392,,0.44%
03/18/2011,164.8079,165.333,165.7565,163.8784,,1.18%
03/17/2011,162.8822,160.0447,163.0266,160.0076,,3.23%
03/16/2011,157.7832,160.0948,160.6924,157.5633,,0.13%
03/15/2011,157.5752,159.1154,159.3367,157.5595,,-3.41%
03/14/2011,163.1375,162.4245,163.5576,162.3483,,-0.13%
03/11/2011,163.349,161.6958,163.8864,161.4222,,-0.64%
03/10/2011,164.3951,165.0665,165.2523,163.2268,,-1.39%
03/09/2011,166.7164,167.932,168.4323,166.0346,,-0.41%
03/08/2011,167.4094,167.7371,168.3327,166.9817,,-0.62%
03/07/2011,168.4538,170.5285,170.5379,168.1072,,-0.49%
03/04/2011,169.2792,169.0878,169.639,168.5069,,0.61%
03/03/2011,168.255,167.5943,168.6854,167.3688,,0.22%
03/02/2011,167.8785,166.9697,168.1673,166.9685,,0.54%
03/01/2011,166.9841,166.9275,167.6162,165.9263,,0.51%
02/28/2011,166.1437,165.7509,166.5502,165.4543,,0.49%
02/25/2011,165.3397,162.72,165.6214,162.0279,,1.84%
02/24/2011,162.3528,163.9363,164.0707,162.1713,,-0.68%
02/23/2011,163.4702,161.1942,163.6974,161.1143,,0.99%
02/22/2011,161.8695,164.2068,164.8145,160.7087,,-0.68%
02/18/2011,162.9797,162.5131,164.1648,162.326,,-0.04%
02/17/2011,163.0455,162.3584,163.3196,161.755,,0.82%
02/16/2011,161.7192,161.838,162.1918,161.3005,,0.05%
02/15/2011,161.6437,162.9899,163.4488,161.0122,,-0.82%
02/14/2011,162.9754,162.7924,164.0263,162.6755,,0.32%
02/11/2011,162.4584,163.1602,163.299,161.979,,-0.49%
02/10/2011,163.2628,163.2819,164.3374,163.1818,,-0.33%
02/09/2011,163.8046,162.9511,164.8161,162.8668,,0.57%
02/08/2011,162.8766,161.92,163.5493,161.8466,,0.07%
02/07/2011,162.7616,164.5724,164.6292,162.6978,,-0.74%
02/04/2011,163.9771,164.4636,165.2048,163.3084,,-0.17%
02/03/2011,164.2549,165.5133,165.8098,163.8311,,-0.65%
02/02/2011,165.3377,164.9441,165.7422,164.3993,,0.46%
02/01/2011,164.5835,163.7232,164.926,163.6444,,0.36%
01/31/2011,163.9999,162.1622,164.0914,161.8102,,1.68%
01/28/2011,161.29,159.5454,161.8786,159.5265,,1.15%
01/27/2011,159.4605,160.764,161.0221,159.2279,,-0.64%
01/26/2011,160.4835,158.9472,160.6892,158.4827,,1.50%
01/25/2011,158.1179,158.6664,158.9979,157.8954,,-1.71%
01/24/2011,160.8751,162.5353,162.6854,160.6059,,-0.64%
01/21/2011,161.9116,161.4596,162.3558,161.1552,,0.59%
01/20/2011,160.9676,160.536,161.1695,158.8619,,-0.53%
01/19/2011,161.8292,163.3983,163.5257,161.5682,,-0.15%
01/18/2011,162.0757,162.4273,162.777,161.5928,,0.25%
01/14/2011,161.6715,160.7671,161.7881,160.4464,,-0.13%
01/13/2011,161.8781,162.5661,162.7719,161.7369,,-0.45%
01/12/2011,162.6079,161.1582,163.467,160.9678,,1.39%
01/11/2011,160.3728,159.9946,160.7482,159.4651,,1.05%
01/10/2011,158.7072,158.014,159.1564,157.6939,,0.54%
01/07/2011,157.8586,157.7888,159.3813,157.3542,,-0.66%
01/06/2011,158.9091,160.7976,161.1204,158.8231,,-1.13%
01/05/2011,160.7289,158.3356,161.0329,158.2333,,0.45%
01/04/2011,160.0123,162.6507,162.7607,159.1782,,-1.50%
01/03/2011,162.444,163.4805,163.685,162.3819,,0.03%
12/31/2010,162.3929,160.7943,162.5677,160.5952,,1.69%
12/30/2010,159.6898,160.9192,160.9395,158.9165,,-0.60%
12/29/2010,160.6539,160.53,161.0567,160.3974,,0.04%
12/28/2010,160.5842,159.7233,160.8057,159.665,,0.96%
12/27/2010,159.0601,158.4567,159.189,158.0412,,0.11%
12/23/2010,158.8899,157.9306,158.9918,157.6621,,0.13%
12/22/2010,158.6797,157.9089,158.7188,157.6338,,0.52%
12/21/2010,157.8518,157.3314,158.2384,157.1999,,0.56%
12/20/2010,156.967,156.2634,156.967,155.3423,,1.15%
12/17/2010,155.1857,153.3827,155.3534,153.2961,,1.09%
12/16/2010,153.511,154.3344,154.4747,153.1531,,-0.71%
12/15/2010,154.6124,154.6133,155.7581,154.1324,,-0.55%
12/14/2010,155.465,156.3834,156.4226,155.2716,,-0.34%
12/13/2010,155.9916,155.2816,156.0159,155.1764,,1.68%
12/10/2010,153.4196,154.5191,154.764,152.7426,,-0.29%
12/09/2010,153.8604,154.1363,154.5974,153.5754,,-0.23%
12/08/2010,154.2075,152.4012,154.3588,152.1314,,0.41%
12/07/2010,153.5708,156.1729,156.7291,153.2166,,-0.41%
12/06/2010,154.2106,153.9619,154.7005,153.5943,,0.26%
12/03/2010,153.8095,152.5228,153.8461,152.0328,,1.31%
12/02/2010,151.8226,151.2797,152.1567,150.7047,,0.73%
12/01/2010,150.7229,148.9954,150.8929,148.6986,,2.72%
11/30/2010,146.7299,146.6175,147.4587,146.2234,,0.01%
11/29/2010,146.7156,146.9794,147.356,146.219,,0.26%
11/26/2010,146.3423,146.0285,146.6916,145.5785,,-0.51%
11/24/2010,147.0931,145.8742,147.2211,145.5534,,1.35%
11/23/2010,145.1331,143.4023,145.433,143.1154,,0.09%
11/22/2010,144.9981,145.371,145.371,143.6672,,-0.07%
11/19/2010,145.1012,145.7449,146.1103,144.6955,,-0.99%
11/18/2010,146.5572,145.7519,146.7165,145.1805,,2.40%
11/17/2010,143.1195,142.7627,144.5935,142.5668,,-0.02%
11/16/2010,143.1461,146.8833,146.9721,142.8832,,-3.84%
11/15/2010,148.8645,148.0933,149.3814,147.7405,,0.72%
11/12/2010,147.7965,151.169,151.3889,147.5057,,-3.86%
11/11/2010,153.7357,154.8694,155.1122,153.4524,,-0.29%
11/10/2010,154.1853,154.8158,155.4302,153.5282,,-1.08%
11/09/2010,155.874,155.8545,157.8376,155.2338,,1.35%
11/08/2010,153.7981,153.0069,154.1174,152.8639,,0.38%
11/05/2010,153.2126,152.5857,153.2393,152.1329,,0.69%
11/04/2010,152.1576,150.3699,152.2407,150.3342,,2.69%
11/03/2010,148.1646,149.3763,149.4419,146.8335,,-0.16%
11/02/2010,148.4023,148.4895,148.8561,148.0508,,0.76%
11/01/2010,147.2782,148.6059,149.1515,147.0069,,0.01%
10/29/2010,147.2686,146.3784,147.4043,146.1906,,0.28%
10/28/2010,146.8621,146.8999,147.246,146.2901,,0.58%
10/27/2010,146.0175,145.7888,146.0936,144.8713,,-0.72%
10/26/2010,147.0763,145.9102,147.2495,145.6453,,0.56%
10/25/2010,146.2623,146.8905,147.223,145.568,,0.99%
10/22/2010,144.8354,145.037,145.3351,144.3922,,0.25%
10/21/2010,144.4684,146.9821,147.053,144.1324,,-1.25%
10/20/2010,146.3018,144.6123,146.4224,143.9054,,1.98%
10/19/2010,143.4661,144.9717,144.9846,143.3363,,-1.88%
10/18/2010,146.2113,144.9835,146.4734,144.8795,,0.37%
10/15/2010,145.6745,147.1761,147.7994,145.486,,-0.85%
10/14/2010,146.9229,147.5503,147.951,146.7352,,0.06%
10/13/2010,146.8343,147.3505,147.6392,146.5301,,0.55%
10/12/2010,146.0337,144.9972,146.4841,144.5988,,0.64%
10/11/2010,145.1062,145.3523,146.4128,144.0765,,0.49%
10/08/2010,144.3944,139.7221,144.446,139.7077,,3.22%
10/07/2010,139.8925,142.336,142.6233,139.7515,,-1.09%
10/06/2010,141.433,141.242,141.9744,140.9842,,0.32%
10/05/2010,140.9786,139.4326,141.1476,139.1422,,1.81%
10/04/2010,138.4738,138.2305,138.8966,138.0016,,-0.48%
10/01/2010,139.1355,140.487,140.8502,138.8737,,-0.83%
09/30/2010,140.2939,140.6127,140.6991,138.3843,,0.07%
09/29/2010,140.1933,138.8354,140.2671,138.2845,,0.37%
09/28/2010,139.6802,139.0895,140.5425,138.9926,,-0.10%
09/27/2010,139.8138,140.5213,140.619,139.1379,,-0.29%
09/24/2010,140.2264,139.1589,140.5163,139.0323,,1.21%
09/23/2010,138.553,137.7888,138.8912,137.5082,,0.38%
09/22/2010,138.0307,138.3637,139.0973,137.5286,,0.57%
09/21/2010,137.2543,138.1266,138.5326,137.1278,,-0.69%
09/20/2010,138.2018,139.3457,139.4612,138.1135,,-0.15%
09/17/2010,138.4152,139.0412,139.0478,137.5963,,0.70%
09/16/2010,137.4492,137.8029,138.0392,136.6182,,-0.12%
09/15/2010,137.6108,137.773,137.8092,137.15,,-0.25%
09/14/2010,137.9589,136.8688,138.1715,136.705,,0.81%
09/13/2010,136.85,136.4914,137.6187,136.3529,,0.91%
09/10/2010,135.618,135.5642,136.2925,135.0539,,0.42%
09/09/2010,135.0542,134.7482,135.51,134.616,,-0.27%
09/08/2010,135.4259,135.451,136.073,135.1492,,0.01%
09/07/2010,135.4093,133.8541,135.6017,133.6457,,0.31%
09/03/2010,134.9887,133.7468,135.0365,133.2977,,1.07%
09/02/2010,133.5562,132.526,133.6043,132.4647,,0.83%
09/01/2010,132.4602,131.8219,132.9497,131.5888,,1.26%
08/31/2010,130.8135,131.4371,132.4263,130.7724,,-1.02%
08/30/2010,132.1616,131.8185,132.5729,131.7667,,0.44%
08/27/2010,131.5846,130.4039,131.9148,129.954,,1.10%
08/26/2010,130.1538,129.842,130.5856,129.69,,1.07%
08/25/2010,128.776,129.1481,129.1772,128.2874,,-0.44%
08/24/2010,129.3401,129.4042,129.739,128.81,,-1.26%
08/23/2010,130.9887,131.826,131.9234,130.71,,-0.30%
08/20/2010,131.387,131.1738,131.6345,130.9016,,-0.56%
08/19/2010,132.1212,133.4934,133.7113,131.8373,,-0.60%
08/18/2010,132.9206,132.4814,133.1485,131.5655,,-0.06%
08/17/2010,132.9994,133.0589,133.65,132.6426,,0.73%
08/16/2010,132.039,132.9717,133.4281,131.9653,,-0.54%
08/13/2010,132.7604,133.1175,133.3121,132.4725,,-0.02%
08/12/2010,132.7854,132.3233,133.6663,132.222,,0.36%
08/11/2010,132.3026,133.0635,133.2348,131.8536,,-1.00%
08/10/2010,133.6366,133.4784,134.4667,132.9642,,-1.00%
08/09/2010,134.9861,135.9634,136.108,134.7923,,-0.24%
08/06/2010,135.315,136.9055,137.4755,134.9468,,-1.12%
08/05/2010,136.8524,138.148,138.4565,136.3876,,-0.11%
08/04/2010,137.0067,136.2031,137.132,135.9199,,1.24%
08/03/2010,135.3231,135.2448,135.8543,135.0059,,-0.20%
08/02/2010,135.5964,135.6308,136.688,135.0683,,1.00%
07/30/2010,134.2481,132.2419,134.2913,131.5758,,1.84%
07/29/2010,131.8179,130.6124,132.0919,130.5124,,1.45%
07/28/2010,129.9303,129.7029,130.4461,129.0756,,0.88%
07/27/2010,128.7907,130.4058,130.5763,128.4029,,-0.75%
07/26/2010,129.7701,129.5119,130.0703,129.258,,-0.10%
07/23/2010,129.9001,130.1701,130.4743,129.7296,,-0.30%
07/22/2010,130.2938,128.807,130.5615,128.7695,,1.84%
07/21/2010,127.9434,128.4188,128.9765,127.7754,,0.33%
07/20/2010,127.5198,126.6653,127.8253,126.2705,,0.38%
07/19/2010,127.0421,127.5932,128.0284,126.45,,-0.41%
07/16/2010,127.5592,129.1009,129.1056,126.9178,,-1.06%
07/15/2010,128.9201,128.0669,129.0109,126.8802,,1.30%
07/14/2010,127.2685,126.9283,128.1447,126.5644,,0.11%
07/13/2010,127.1243,126.2027,127.5282,126.0667,,1.08%
07/12/2010,125.7664,126.439,126.6642,125.5114,,-0.93%
07/09/2010,126.9449,126.4918,127.3497,126.1562,,0.47%
07/08/2010,126.352,126.1716,126.9307,125.4137,,0.39%
07/07/2010,125.8597,124.1747,126.2841,124.1416,,1.52%
07/06/2010,123.9774,125.232,126.1758,123.9421,,-0.01%
07/02/2010,123.9871,125.0845,125.3205,123.818,,-0.58%
07/01/2010,124.7053,124.7794,125.0161,123.408,,-0.83%
06/30/2010,125.7471,124.7208,125.8614,123.9525,,1.22%
06/29/2010,124.2283,125.8094,125.9027,124.0423,,-2.65%
06/28/2010,127.6053,128.6249,128.6293,127.2736,,-0.89%
06/25/2010,128.7508,127.3797,128.9075,127.339,,1.29%
06/24/2010,127.1069,126.8144,127.4076,126.6084,,0.42%
06/23/2010,126.5781,127.9263,127.9935,126.2444,,-0.97%
06/22/2010,127.8164,127.2891,128.5505,127.2083,,-0.45%
06/21/2010,128.3954,130.4494,130.7903,127.6569,,-0.04%
06/18/2010,128.4524,128.2857,129.3017,127.9368,,-0.28%
06/17/2010,128.8184,128.8278,129.4273,128.2085,,0.03%
06/16/2010,128.7771,128.3987,129.0937,127.9331,,-0.01%
06/15/2010,128.7876,127.535,128.8117,127.0716,,1.28%
06/14/2010,127.1607,126.6213,127.5148,126.3951,,1.68%
06/11/2010,125.0619,124.8949,125.3181,124.3278,,0.71%
06/10/2010,124.1814,123.74,125.1867,123.6841,,0.44%
06/09/2010,123.6378,123.4283,124.4216,123.3414,,0.66%
06/08/2010,122.8249,122.502,123.1917,122.0108,,0.43%
06/07/2010,122.3014,121.4127,122.735,121.1931,,0.23%
06/04/2010,122.0239,123.9455,124.2356,121.9377,,-2.10%
06/03/2010,124.6438,123.9984,124.8434,123.2643,,0.56%
06/02/2010,123.9527,123.6778,124.6642,122.9354,,-0.01%
06/01/2010,123.9624,123.8576,125.8536,123.847,,-1.12%
05/28/2010,125.3626,126.8965,127.1379,124.9295,,-1.02%
05/27/2010,126.6528,125.416,126.7029,125.1159,,1.86%
05/26/2010,124.3379,124.4379,125.136,123.778,,1.59%
05/25/2010,122.3947,121.7565,122.717,121.3841,,-1.38%
05/24/2010,124.1039,123.4145,124.5172,123.3198,,0.61%
05/21/2010,123.3455,123.0686,124.592,122.558,,0.28%
05/20/2010,123.0061,122.7955,123.4532,121.5151,,-0.85%
05/19/2010,124.0658,124.175,125.1919,123.1415,,-1.36%
05/18/2010,125.7702,126.611,127.2086,125.2865,,0.53%
05/17/2010,125.1029,127.2915,127.5405,124.6397,,-2.14%
05/14/2010,127.8429,129.5732,130.0942,127.6341,,-2.39%
05/13/2010,130.9686,131.1749,131.9534,130.6641,,-0.25%
05/12/2010,131.2912,131.355,132.1648,130.7145,,0.76%
05/11/2010,130.3043,128.769,130.7985,128.7676,,0.05%
05/10/2010,130.2348,130.8825,131.1795,129.2807,,1.22%
05/07/2010,128.6608,128.3808,129.0124,126.9503,,0.27%
05/06/2010,128.3115,129.7853,130.2572,127.9917,,-1.44%
05/05/2010,130.181,130.5394,130.8328,128.7999,,-1.44%
05/04/2010,132.0838,133.8245,134.0717,131.8465,,-2.20%
05/03/2010,135.0543,134.9155,135.3725,134.3947,,0.26%
04/30/2010,134.7037,134.232,134.7776,133.7056,,0.90%
04/29/2010,133.5043,134.5221,134.7246,133.1158,,-0.29%
04/28/2010,133.8974,133.2699,134.2637,133.2408,,0.40%
04/27/2010,133.3635,134.7422,135.6557,133.2393,,-1.77%
04/26/2010,135.7618,136.7393,136.9238,135.4462,,-0.21%
04/23/2010,136.0527,135.1985,136.3657,134.7104,,0.50%
04/22/2010,135.3789,134.4597,135.409,133.5391,,0.29%
04/21/2010,134.9941,134.2874,135.7457,134.062,,0.37%
04/20/2010,134.49,134.3841,134.8034,134.095,,0.94%
04/19/2010,133.2404,133.4908,134.2411,132.8791,,-1.40%
04/16/2010,135.1308,136.6029,136.8015,134.5106,,-1.19%
04/15/2010,136.7546,136.1837,137.3684,136.0943,,0.14%
04/14/2010,136.5648,135.9625,137.025,135.8051,,0.92%
04/13/2010,135.3247,134.201,135.4993,133.5712,,0.50%
04/12/2010,134.6528,135.212,135.8718,134.4438,,-0.06%
04/09/2010,134.7324,134.9291,135.3076,134.4172,,0.59%
04/08/2010,133.9471,133.9223,134.5048,133.5927,,-0.84%
04/07/2010,135.085,134.7859,135.8264,134.2671,,-0.01%
04/06/2010,135.0982,135.342,136.0072,134.7785,,-0.25%
04/05/2010,135.4368,134.3276,135.5482,134.1299,,1.18%
04/01/2010,133.8558,133.2206,134.0304,132.7585,,1.29%
03/31/2010,132.1517,131.8649,132.4309,131.7144,,-0.39%
03/30/2010,132.6741,132.6223,132.7115,131.9126,,0.46%
03/29/2010,132.0728,130.7987,132.7078,130.7132,,1.83%
03/26/2010,129.7026,130.6016,130.7061,129.5776,,-0.08%
03/25/2010,129.8026,130.9767,131.4052,129.6477,,-0.60%
03/24/2010,130.5921,129.8793,130.8045,129.8382,,-0.91%
03/23/2010,131.7939,131.6732,132.519,131.5933,,-0.21%
03/22/2010,132.0728,131.0191,132.5556,130.332,,-0.23%
03/19/2010,132.3821,133.4031,133.4224,131.6328,,-0.88%
03/18/2010,133.5578,133.5288,133.9246,132.9325,,-0.48%
03/17/2010,134.2027,133.4834,134.2881,133.0718,,0.98%
03/16/2010,132.901,131.9202,133.1773,131.893,,1.17%
03/15/2010,131.3578,131.8534,132.0462,130.913,,-0.82%
03/12/2010,132.4443,133.5476,133.7041,132.0175,,-0.18%
03/11/2010,132.6865,133.3438,133.3585,132.4558,,-0.69%
03/10/2010,133.6101,134.0597,134.9811,132.5755,,-0.24%
03/09/2010,133.9307,133.3361,134.3233,133.0444,,-0.44%
03/08/2010,134.5231,134.8161,135.2488,133.776,,-0.12%
03/05/2010,134.6791,134.5299,135.5753,134.4011,,0.55%
03/04/2010,133.9446,135.5811,135.6097,133.5504,,-1.41%
03/03/2010,135.854,134.7521,136.1537,134.7388,,1.09%
03/02/2010,134.3852,133.3792,134.8773,133.1119,,1.07%
03/01/2010,132.9638,133.8009,134.7825,132.6658,,-0.65%
02/26/2010,133.8318,132.0036,133.9635,131.8726,,1.67%
02/25/2010,131.6358,132.1683,132.2929,130.6706,,-1.28%
02/24/2010,133.3488,132.0168,133.3726,131.9934,,0.83%
02/23/2010,132.256,133.5018,133.6686,132.2257,,-1.57%
02/22/2010,134.3712,134.8267,134.9676,133.5085,,-0.35%
02/19/2010,134.8378,133.3876,134.9076,133.0587,,0.48%
02/18/2010,134.1996,133.2582,134.7515,132.9839,,0.20%
02/17/2010,133.9284,134.409,134.5604,133.3737,,-0.30%
02/16/2010,134.3313,132.8618,134.8753,132.7678,,2.54%
02/12/2010,130.9984,130.213,131.2826,129.4666,,-0.52%
02/11/2010,131.6842,130.8936,131.7933,129.672,,1.38%
02/10/2010,129.8922,129.5425,130.3016,128.1521,,0.44%
02/09/2010,129.3281,129.3226,130.0771,128.1118,,1.05%
02/08/2010,127.9806,128.0569,129.1065,127.2871,,1.12%
02/05/2010,126.5582,127.7812,128.8056,125.5633,,-1.39%
02/04/2010,128.3408,131.0392,131.0685,127.3607,,-2.16%
02/03/2010,131.178,133.3978,133.4054,130.9749,,-1.37%
02/02/2010,133.0017,131.8685,133.2298,131.0582,,1.79%
02/01/2010,130.6602,129.7051,130.9572,129.3919,,1.25%
01/29/2010,129.0506,130.459,131.3062,128.821,,-0.77%
01/28/2010,130.0522,131.1687,131.3448,129.195,,-0.67%
01/27/2010,130.9287,133.0915,133.1014,130.3834,,-2.00%
01/26/2010,133.6062,133.8228,134.2773,132.9147,,-1.11%
01/25/2010,135.1093,135.1011,135.5702,134.71,,0.16%
01/22/2010,134.8958,135.2137,135.8232,134.1645,,-0.54%
01/21/2010,135.6214,136.6323,137.1056,135.037,,-0.51%
01/20/2010,136.3228,137.4699,137.5329,135.4897,,-1.56%
01/19/2010,138.4845,137.3439,138.9807,136.9775,,0.29%
01/15/2010,138.0864,138.8821,139.3017,137.9726,,-0.98%
01/14/2010,139.457,140.1452,140.7016,138.9282,,-0.38%
01/13/2010,139.9948,138.5449,140.1978,137.3904,,0.59%
01/12/2010,139.1714,140.4904,140.9885,138.372,,-2.00%
01/11/2010,142.0089,143.9214,143.9214,141.6573,,-0.28%
01/08/2010,142.4108,141.9158,142.7901,141.7857,,-0.30%
01/07/2010,142.8457,143.7566,144.4969,142.7681,,-1.51%
01/06/2010,145.0288,142.8943,145.115,142.8928,,2.05%
01/05/2010,142.1119,142.4968,142.8614,138.1546,,-0.13%
01/04/2010,142.3014,141.9432,142.715,141.6387,,2.24%
12/31/2009,139.1873,140.2137,140.4383,139.1496,,-0.20%
12/30/2009,139.4723,139.7767,140.0662,139.2602,,-0.12%
12/29/2009,139.6383,140.2386,140.5035,139.3762,,-0.29%
12/28/2009,140.0458,139.431,141.191,139.3017,,1.46%
12/24/2009,138.0283,137.6813,138.4699,137.3193,,0.53%
12/23/2009,137.3017,135.3666,137.3945,135.1349,,1.82%
12/22/2009,134.8537,134.1087,135.7658,133.347,,-0.06%
12/21/2009,134.9398,136.5326,136.5752,134.7211,,-0.41%
12/18/2009,135.4904,136.0941,136.3459,134.5797,,0.31%
12/17/2009,135.0661,135.6583,135.9785,134.3506,,-1.21%
12/16/2009,136.7251,135.7254,137.0579,135.4983,,1.49%
12/15/2009,134.7162,134.127,135.1461,133.9847,,0.20%
12/14/2009,134.4472,133.624,134.7295,133.5674,,0.97%
12/11/2009,133.1536,133.7203,133.8024,132.2494,,0.56%
12/10/2009,132.4124,131.65,133.0345,131.4017,,0.63%
12/09/2009,131.5882,134.3333,134.8115,131.3584,,-1.60%
12/08/2009,133.7297,134.4318,134.5184,133.5121,,-0.75%
12/07/2009,134.7457,134.0702,135.4902,133.7196,,-0.03%
12/04/2009,134.7893,135.8306,137.1036,134.2918,,-0.98%
12/03/2009,136.1255,137.2597,137.4478,135.8498,,-0.38%
12/02/2009,136.6404,137.5458,138.1688,136.2784,,-0.68%
12/01/2009,137.5748,137.1128,138.4268,137.0118,,0.79%
11/30/2009,136.4934,135.361,136.9806,134.5587,,0.86%
11/27/2009,135.3235,133.7536,136.161,131.9292,,-1.40%
11/25/2009,137.2439,135.2293,137.2768,134.7743,,2.45%
11/24/2009,133.9625,135.1799,135.2433,133.3892,,-0.97%
11/23/2009,135.2716,136.8575,137.7284,134.9536,,0.27%
11/20/2009,134.9036,133.7732,135.1326,133.475,,0.14%
11/19/2009,134.7149,135.0622,135.6221,133.7594,,-1.03%
11/18/2009,136.1142,137.7202,137.8469,135.7716,,-0.22%
11/17/2009,136.4165,135.3062,136.6606,135.3062,,0.24%
11/16/2009,136.0834,133.441,136.3487,133.0741,,3.35%
11/13/2009,131.6753,131.5154,132.1295,130.59,,0.16%
11/12/2009,131.4703,132.2162,132.5268,131.2819,,-1.45%
11/11/2009,133.408,133.9121,134.6261,133.1013,,0.56%
11/10/2009,132.6669,132.8915,133.6564,131.6924,,-0.65%
11/09/2009,133.5374,132.9098,133.8238,132.2654,,1.61%
11/06/2009,131.4192,133.4683,133.7234,131.1086,,-1.72%
11/05/2009,133.7152,134.6734,134.9873,133.6716,,-0.86%
11/04/2009,134.8776,135.6497,136.211,134.3625,,0.21%
11/03/2009,134.6014,132.194,134.9532,131.5094,,1.09%
11/02/2009,133.156,132.6648,133.5201,131.9496,,0.98%
10/30/2009,131.8621,133.7737,134.4003,131.4818,,-2.16%
10/29/2009,134.7712,132.1375,135.1904,131.6975,,2.34%
10/28/2009,131.6834,133.3078,133.9169,131.5135,,-2.36%
10/27/2009,134.8714,135.4451,135.9745,134.1699,,-0.20%
10/26/2009,135.1398,137.746,138.5445,134.6318,,-1.59%
10/23/2009,137.318,138.917,139.382,136.997,,-0.45%
10/22/2009,137.937,138.16,138.445,136.863,,-0.70%
10/21/2009,138.906,134.727,139.561,134.701,,2.25%
10/20/2009,135.843,136.499,137.144,135.063,,-0.53%
10/19/2009,136.569,134.819,136.766,134.659,,1.67%
10/16/2009,134.321,132.819,134.376,132.519,,0.75%
10/15/2009,133.317,130.774,133.604,130.489,,0.94%
10/14/2009,132.077,131.891,132.445,131.614,,0.51%
10/13/2009,131.402,132.957,132.969,130.157,,-0.32%
10/12/2009,131.824,131.181,132.243,130.81,,2.05%
10/09/2009,129.177,129.881,130.491,128.787,,-0.99%
10/08/2009,130.471,128.713,131.139,127.794,,2.60%
10/07/2009,127.163,127.783,128.682,126.602,,-0.27%
10/06/2009,127.504,127.291,128.918,127.036,,1.56%
10/05/2009,125.545,123.991,126.207,123.295,,1.10%
10/02/2009,124.174,123.947,125.179,122.782,,-1.01%
10/01/2009,125.447,126.489,127.576,124.644,,-1.75%
09/30/2009,127.683,125.239,127.701,123.904,,2.87%
09/29/2009,124.118,123.572,124.614,122.98,,0.26%
09/28/2009,123.797,122.898,124.404,122.68,,0.35%
09/25/2009,123.367,123.951,124.213,122.678,,-0.25%
09/24/2009,123.676,125.437,125.774,122.774,,-1.95%
09/23/2009,126.132,126.575,126.747,125.192,,-0.96%
09/22/2009,127.355,126.98,127.649,126.308,,1.72%
09/21/2009,125.201,126.135,126.151,124.851,,-1.81%
09/18/2009,127.51,128.296,128.752,127.347,,-1.11%
09/17/2009,128.945,129.418,130.066,128.542,,-0.46%
09/16/2009,129.539,127.276,129.616,127.227,,2.34%
09/15/2009,126.582,125.006,127.08,124.286,,2.00%
09/14/2009,124.104,122.917,124.238,122.617,,0.25%
09/11/2009,123.792,126.36,127.385,123.453,,-1.65%
09/10/2009,125.864,124.884,125.964,123.83,,0.40%
09/09/2009,125.362,125.83,126.533,125.308,,-0.07%
09/08/2009,125.452,125.306,126.663,125.179,,2.05%
09/04/2009,122.931,123.359,123.657,121.956,,-0.54%
09/03/2009,123.601,124.957,124.957,123.036,,0.01%
09/02/2009,123.591,123.016,124.036,122.325,,0.09%
09/01/2009,123.486,125.348,126.743,123.417,,-1.78%
08/31/2009,125.719,126.401,126.408,124.723,,-1.66%
08/28/2009,127.844,128.36,128.673,127.091,,0.88%
08/27/2009,126.726,126.359,126.854,124.938,,0.16%
08/26/2009,126.519,126.944,126.989,125.645,,-0.32%
08/25/2009,126.923,128.348,128.834,126.341,,-1.42%
08/24/2009,128.751,128.325,129.113,127.939,,0.91%
08/21/2009,127.588,127.488,128.464,127.271,,1.29%
08/20/2009,125.963,127.37,127.535,125.743,,-1.02%
08/19/2009,127.262,124.898,127.494,123.999,,0.93%
08/18/2009,126.091,125.726,126.308,124.271,,0.74%
08/17/2009,125.17,124.696,125.325,123.829,,-1.84%
08/14/2009,127.511,130.949,131.021,127.33,,-2.64%
08/13/2009,130.963,132.782,133.104,130.934,,0.52%
08/12/2009,130.28,128.412,130.787,128.174,,1.12%
08/11/2009,128.837,130.701,130.785,128.279,,-0.73%
08/10/2009,129.787,130.887,131.183,129.443,,-0.35%
08/07/2009,130.241,130.223,132.035,129.958,,-0.12%
08/06/2009,130.398,132.285,132.633,129.613,,-1.90%
08/05/2009,132.918,132.493,133.017,131.197,,0.87%
08/04/2009,131.77,129.793,132.498,129.599,,0.40%
08/03/2009,131.246,129.834,131.796,129.457,,3.77%
07/31/2009,126.475,124.856,126.56,122.814,,1.87%
07/30/2009,124.159,121.142,124.248,121.069,,3.92%
07/29/2009,119.476,120.97,121.495,118.876,,-2.48%
07/28/2009,122.509,123.634,123.959,121.67,,-0.97%
07/27/2009,123.711,124.056,124.19,123.05,,0.32%
07/24/2009,123.316,123.36,123.803,122.804,,0.16%
07/23/2009,123.12,121.586,123.548,121.193,,1.24%
07/22/2009,121.616,120.518,122.075,119.807,,0.61%
07/21/2009,120.876,121.33,122.805,120.076,,-0.62%
07/20/2009,121.624,121.939,122.011,120.095,,1.11%
07/17/2009,120.289,118.102,120.623,117.795,,1.63%
07/16/2009,118.359,116.872,118.417,116.652,,0.74%
07/15/2009,117.489,117.425,118.201,117.117,,1.63%
07/14/2009,115.599,115.878,116.246,115.063,,1.34%
07/13/2009,114.075,113.471,114.282,112.602,,0.08%
07/10/2009,113.989,113.391,114.157,112.891,,-0.71%
07/09/2009,114.803,114.598,115.213,113.397,,1.38%
07/08/2009,113.237,115.45,115.484,113.044,,-2.59%
07/07/2009,116.25,119.237,119.237,115.987,,-1.57%
07/06/2009,118.109,117.241,118.871,117.072,,-2.40%
07/02/2009,121.019,122.064,122.19,120.604,,-2.09%
07/01/2009,123.597,123.779,125.156,123.001,,0.87%
06/30/2009,122.536,125.281,125.541,121.011,,-1.83%
06/29/2009,124.824,124.512,125.226,124.31,,0.73%
06/26/2009,123.919,125.186,125.403,123.297,,-0.74%
06/25/2009,124.841,123.736,125.214,116.773,,1.22%
06/24/2009,123.338,123.032,124.299,122.897,,0.43%
06/23/2009,122.809,121.793,123.045,120.917,,1.53%
06/22/2009,120.964,122.821,122.821,120.417,,-3.02%
06/19/2009,124.73,127.015,127.23,124.475,,-1.21%
06/18/2009,126.26,125.966,126.834,125.565,,-0.16%
06/17/2009,126.457,124.649,126.615,124.386,,0.61%
06/16/2009,125.688,127.999,128.326,125.266,,-0.27%
06/15/2009,126.03,126.763,127.645,125.451,,-2.22%
06/12/2009,128.892,129.358,129.776,128.379,,-1.70%
06/11/2009,131.116,129.388,131.585,128.815,,2.20%
06/10/2009,128.296,129.428,129.445,127.797,,0.04%
06/09/2009,128.239,127.371,128.382,126.942,,1.95%
06/08/2009,125.786,125.651,126.748,125.366,,-1.00%
06/05/2009,127.061,128.147,129.252,125.969,,-0.74%
06/04/2009,128.004,124.624,128.408,124.516,,3.06%
06/03/2009,124.2,127.295,127.433,123.384,,-3.34%
06/02/2009,128.49,128.727,128.914,127.796,,-0.51%
06/01/2009,129.149,127.03,129.205,126.864,,3.38%
05/29/2009,124.932,124.825,125.282,124.206,,1.48%
05/28/2009,123.116,121.113,123.511,120.948,,1.37%
05/27/2009,121.449,121.506,121.878,120.734,,0.09%
05/26/2009,121.343,118.876,121.445,118.401,,0.57%
05/22/2009,120.653,120.785,121.034,119.828,,0.97%
05/21/2009,119.499,119.634,119.868,118.247,,-1.50%
05/20/2009,121.32,120.278,122.094,119.957,,1.21%
05/19/2009,119.866,120.828,121.136,119.239,,0.01%
05/18/2009,119.85,117.952,120.048,117.827,,1.83%
05/15/2009,117.697,119.049,119.959,117.459,,-2.08%
05/14/2009,120.202,118.215,120.392,117.855,,0.41%
05/13/2009,119.709,120.934,121.309,119.307,,-1.24%
05/12/2009,121.213,122.12,122.64,120.195,,0.72%
05/11/2009,120.346,119.019,120.436,118.734,,-0.40%
05/08/2009,120.834,120.297,120.876,119.239,,1.25%
05/07/2009,119.338,120.062,120.62,118.297,,0.72%
05/06/2009,118.48,115.822,118.487,115.821,,2.79%
05/05/2009,115.259,115.598,116.166,114.61,,-0.41%
05/04/2009,115.738,114.442,115.775,114.148,,1.41%
05/01/2009,114.129,110.953,114.314,110.906,,3.22%
04/30/2009,110.571,110.574,110.616,109.327,,0.64%
04/29/2009,109.871,108.705,110.104,108.484,,2.21%
04/28/2009,107.494,107.263,107.914,106.824,,-1.02%
04/27/2009,108.603,108.029,109.681,107.082,,-2.19%
04/24/2009,111.03,110.022,111.28,109.973,,1.18%
04/23/2009,109.73,110.425,110.484,109.159,,-0.25%
04/22/2009,110,109.512,110.157,109.047,,0.20%
04/21/2009,109.778,109.195,110.365,107.84,,0.14%
04/20/2009,109.629,111.319,111.605,109.455,,-3.47%
04/17/2009,113.575,113.009,113.87,113.007,,0.27%
04/16/2009,113.268,113.371,114.054,112.876,,-0.44%
04/15/2009,113.763,113.759,114.166,112.929,,0.37%
04/14/2009,113.349,113.617,114.197,112.528,,0.17%
04/13/2009,113.156,113.149,113.898,111.868,,0.03%
04/09/2009,113.121,112.585,113.606,112.502,,1.57%
04/08/2009,111.367,109.698,112.529,109.684,,0.60%
04/07/2009,110.698,111.393,111.871,110.565,,-0.99%
04/06/2009,111.809,113.51,113.573,110.906,,-1.64%
04/03/2009,113.675,112.11,113.719,111.504,,1.23%
04/02/2009,112.295,110.788,112.459,110.785,,3.32%
04/01/2009,108.687,108.611,108.76,107.588,,-1.00%
03/31/2009,109.782,108.668,109.929,107.129,,2.45%
03/30/2009,107.156,108.533,108.966,106.876,,-2.75%
03/27/2009,110.182,111.212,111.463,109.988,,-2.41%
03/26/2009,112.908,113.761,114.557,112.392,,0.43%
03/25/2009,112.43,111.953,113.293,111.558,,-0.89%
03/24/2009,113.443,113.208,113.572,112.385,,-0.67%
03/23/2009,114.204,114.027,114.74,113.333,,1.24%
03/20/2009,112.806,112.574,113.43,111.981,,0.29%
03/19/2009,112.481,110.87,113.546,110.587,,5.66%
03/18/2009,106.458,108.144,108.215,105.751,,-1.67%
03/17/2009,108.268,107.411,108.481,106.871,,0.81%
03/16/2009,107.394,105.517,107.825,105.096,,1.37%
03/13/2009,105.941,107.148,107.669,105.563,,-0.16%
03/12/2009,106.115,102.826,106.266,102.488,,3.34%
03/11/2009,102.687,104.655,105.074,102.552,,-1.98%
03/10/2009,104.762,105.407,106.626,104.558,,-0.07%
03/09/2009,104.833,105.304,106.583,104.532,,-0.95%
03/06/2009,105.834,105.611,106.275,104.894,,1.06%
03/05/2009,104.728,105.536,106.253,104.302,,-1.95%
03/04/2009,106.812,104.337,106.896,104.333,,3.42%
03/03/2009,103.28,102.978,103.749,101.871,,1.26%
03/02/2009,101.999,104.53,104.736,101.679,,-3.76%
02/27/2009,105.988,105.092,106.177,104.133,,-0.66%
02/26/2009,106.689,105.556,107.217,105.215,,1.32%
02/25/2009,105.299,104.118,105.671,103.395,,1.32%
02/24/2009,103.929,102.301,103.942,102.286,,1.31%
02/23/2009,102.583,103.774,104.607,102.111,,-0.29%
02/20/2009,102.884,102.154,102.976,101.479,,-1.13%
02/19/2009,104.057,103.964,104.128,102.352,,1.47%
02/18/2009,102.551,103.113,103.385,102.286,,-0.94%
02/17/2009,103.519,106.278,106.309,103.441,,-4.29%
02/13/2009,108.16,108.899,109.109,107.84,,-0.82%
02/12/2009,109.054,109.731,109.895,108.541,,-0.70%
02/11/2009,109.827,110.326,111.487,109.561,,-0.66%
02/10/2009,110.556,113.261,114.146,110.457,,-2.00%
02/09/2009,112.817,113.165,114.624,112.758,,-0.29%
02/06/2009,113.143,111.992,114.385,110.968,,1.24%
02/05/2009,111.753,110.741,111.821,109.573,,1.37%
02/04/2009,110.245,110.62,111.931,109.88,,0.43%
02/03/2009,109.776,109.668,110.116,108.978,,0.31%
02/02/2009,109.438,109.293,110.564,108.777,,-1.34%
01/30/2009,110.93,110.449,112.072,110.218,,0.07%
01/29/2009,110.849,109.659,111.097,109.133,,-0.36%
01/28/2009,111.255,110.086,112.007,109.976,,0.86%
01/27/2009,110.311,112.784,113.442,110.236,,-3.45%
01/26/2009,114.248,113.631,116.683,113.163,,0.89%
01/23/2009,113.235,109.89,113.928,109.382,,2.67%
01/22/2009,110.292,111.44,111.461,108.221,,-0.80%
01/21/2009,111.18,110.084,111.241,108.958,,0.72%
01/20/2009,110.388,110.579,112.936,109.681,,-2.16%
01/16/2009,112.829,112.566,113.968,112.002,,1.28%
01/15/2009,111.401,111.919,112.324,109.479,,-0.33%
01/14/2009,111.769,113.328,113.345,110.125,,-1.49%
01/13/2009,113.463,112.145,114.618,112.138,,0.12%
01/12/2009,113.325,116.334,116.336,113.281,,-4.18%
01/09/2009,118.268,117.787,118.627,116.549,,1.08%
01/08/2009,116.999,118.355,118.773,116.536,,-1.62%
01/07/2009,118.925,123.147,123.178,118.821,,-3.67%
01/06/2009,123.458,122.626,123.792,121.686,,2.41%
01/05/2009,120.556,118.572,120.894,117.668,,0.63%
01/02/2009,119.806,116.386,120.008,116.117,,2.19%
12/31/2008,117.244,112.58,117.429,112.496,,3.33%
12/30/2008,113.468,113.231,113.658,112.318,,0.02%
12/29/2008,113.441,114.976,115.371,112.601,,0.77%
12/26/2008,112.572,110.788,112.616,110.7,,1.47%
12/24/2008,110.94,110.371,111.655,110.125,,-0.45%
12/23/2008,111.445,110.789,111.876,109.545,,0.61%
12/22/2008,110.772,111.907,112.174,110.682,,-0.45%
12/19/2008,111.277,110.93,112.373,110.848,,-0.89%
12/18/2008,112.279,114.162,114.186,111.927,,-1.45%
12/17/2008,113.936,114.488,115.595,113.129,,0.22%
12/16/2008,113.691,112.824,114.194,112.673,,0.93%
12/15/2008,112.641,114.533,116.066,112.35,,0.00%
12/12/2008,112.644,110.961,113.845,110.181,,-1.46%
12/11/2008,114.311,113.282,115.298,112.752,,2.56%
12/10/2008,111.462,110.564,112.924,109.409,,2.47%
12/09/2008,108.775,109.527,110.186,108.485,,-0.88%
12/08/2008,109.741,108.366,111.166,108.366,,3.44%
12/05/2008,106.092,108.741,108.988,105.878,,-4.06%
12/04/2008,110.578,113.925,114.139,110.478,,-3.60%
12/03/2008,114.711,115.48,116.252,114.138,,-1.41%
12/02/2008,116.351,118.207,118.804,116.351,,-1.57%
12/01/2008,118.201,120.362,120.424,117.394,,-3.71%
11/28/2008,122.753,122.776,123.002,120.505,,-1.06%
11/26/2008,124.067,121.67,124.328,120.937,,2.55%
11/25/2008,120.977,121.732,123.554,120.216,,-2.15%
11/24/2008,123.636,121.073,124.225,120.527,,5.04%
11/21/2008,117.704,118.158,119.201,117.485,,0.21%
11/20/2008,117.454,120.402,120.402,117.212,,-3.52%
11/19/2008,121.741,121.696,124.04,121.45,,-0.50%
11/18/2008,122.351,121.712,124.317,121.709,,-0.52%
11/17/2008,122.987,121.296,124.344,121.258,,-0.90%
11/14/2008,124.103,125.137,125.137,122.591,,0.46%
11/13/2008,123.534,122.794,124.903,120.68,,0.36%
11/12/2008,123.097,125.02,125.396,122.754,,-2.25%
11/11/2008,125.928,128.187,128.431,124.885,,-3.56%
11/10/2008,130.572,132.301,133.436,128.373,,2.25%
11/07/2008,127.705,129.67,129.737,127.496,,-0.68%
11/06/2008,128.574,131.947,132.976,127.498,,-3.52%
11/05/2008,133.271,136.246,137.492,132.789,,-3.17%
11/04/2008,137.628,133.17,139.481,132.672,,4.80%
11/03/2008,131.323,131.71,132.675,130.438,,-0.49%
10/31/2008,131.972,128.549,132.355,128.475,,0.54%
10/30/2008,131.257,135.512,135.801,130.12,,-3.12%
10/29/2008,135.488,132.138,136.837,132.056,,5.81%
10/28/2008,128.049,130.873,131.074,127.192,,0.32%
10/27/2008,127.642,123.653,129.011,123.59,,1.15%
10/24/2008,126.196,123.939,127.975,123.907,,-2.60%
10/23/2008,129.568,129.276,132.067,128.617,,-0.83%
10/22/2008,130.653,134.1,134.126,130.311,,-4.33%
10/21/2008,136.57,137.102,137.285,135.373,,-1.43%
10/20/2008,138.545,140.035,140.307,137.617,,0.36%
10/17/2008,138.051,136.046,139.859,135.658,,1.91%
10/16/2008,135.468,137.188,138.24,133.374,,-2.28%
10/15/2008,138.635,142.167,142.198,138.613,,-4.30%
10/14/2008,144.865,149.665,150.398,144.818,,-0.84%
10/13/2008,146.085,145.3,146.799,144.589,,2.76%
10/10/2008,142.165,146.428,146.517,141.857,,-6.20%
10/09/2008,151.564,152.609,153.109,150.73,,0.04%
10/08/2008,151.506,151.574,152.349,149.473,,-0.39%
10/07/2008,152.101,153.296,154.996,151.108,,0.82%
10/06/2008,150.865,154.085,154.855,150.802,,-5.13%
10/03/2008,159.017,160.17,161.894,157.371,,-0.53%
10/02/2008,159.872,166.224,166.815,159.666,,-4.54%
10/01/2008,167.484,167.688,169.609,165.743,,-0.17%
09/30/2008,167.776,169.072,169.486,166.876,,0.14%
09/29/2008,167.545,172.747,172.806,167.058,,-5.23%
09/26/2008,176.79,178.267,178.34,175.492,,-1.40%
09/25/2008,179.307,177.108,180.483,176.823,,0.49%
09/24/2008,178.439,181.404,182.146,177.827,,-0.51%
09/23/2008,179.352,180.03,181.206,177.516,,-1.29%
09/22/2008,181.705,178.541,182.286,177.686,,3.61%
09/19/2008,175.376,172.282,175.963,172.274,,2.05%
09/18/2008,171.847,176.976,178.118,170.346,,-0.77%
09/17/2008,173.177,169.987,173.238,168.741,,3.46%
09/16/2008,167.391,169.151,169.932,166.777,,-2.96%
09/15/2008,172.495,170.347,175.093,170.022,,-1.86%
09/12/2008,175.763,174.98,177.44,174.809,,1.57%
09/11/2008,173.038,173.5,174.783,171.951,,-0.73%
09/10/2008,174.312,175.608,176.499,173.062,,-0.95%
09/09/2008,175.991,176.052,176.701,174.156,,-1.53%
09/08/2008,178.73,180.489,181.63,177.568,,0.08%
09/05/2008,178.582,179.674,180.905,177.538,,-1.82%
09/04/2008,181.885,183.334,183.521,180.341,,-0.42%
09/03/2008,182.659,181.941,183.058,180.657,,-0.61%
09/02/2008,183.773,182.201,184.076,180.57,,-3.22%
08/29/2008,189.889,190.936,192.666,189.696,,-0.52%
08/28/2008,190.876,195.21,195.804,189.178,,-1.97%
08/27/2008,194.714,196.182,197.187,193.402,,0.50%
08/26/2008,193.752,190.791,194.726,190.741,,0.53%
08/25/2008,192.732,193.658,194.165,191.817,,-0.10%
08/22/2008,192.92,196.483,196.609,192.721,,-2.78%
08/21/2008,198.439,194.848,199.603,194.782,,3.50%
08/20/2008,191.72,191.288,192.737,188.99,,0.81%
08/19/2008,190.171,187.274,192.891,186.874,,0.98%
08/18/2008,188.322,187.432,189.338,186.993,,0.63%
08/15/2008,187.152,187.62,188.626,185.461,,-1.85%
08/14/2008,190.68,193.084,193.393,188.273,,-1.00%
08/13/2008,192.601,188.129,193.826,187.58,,2.75%
08/12/2008,187.451,187.507,189.38,186.543,,-0.54%
08/11/2008,188.467,190.165,190.373,187.475,,-0.44%
08/08/2008,189.299,192.887,193,189.147,,-3.25%
08/07/2008,195.649,197.135,197.905,194.345,,0.48%
08/06/2008,194.714,196.048,197.164,192.974,,-0.43%
08/05/2008,195.556,193.701,198.383,193.683,,-0.82%
08/04/2008,197.176,202.489,202.686,196.106,,-3.51%
08/01/2008,204.346,203.455,207.312,202.38,,-0.37%
07/31/2008,205.103,205.925,207.242,204.463,,-0.42%
07/30/2008,205.964,202.567,206.303,201.332,,1.37%
07/29/2008,203.18,203.85,204.047,200.421,,-0.83%
07/28/2008,204.88,204.967,205.536,203.716,,0.55%
07/25/2008,203.751,205.211,205.412,202.756,,-0.31%
07/24/2008,204.385,206.043,207.099,202.152,,-0.85%
07/23/2008,206.131,207.379,209.976,205.804,,-1.78%
07/22/2008,209.876,213.915,213.954,208.544,,-1.62%
07/21/2008,213.322,214.999,215.322,212.15,,-0.06%
07/18/2008,213.452,216.292,216.979,213.179,,-1.24%
07/17/2008,216.127,221.472,223.277,215.939,,-2.73%
07/16/2008,222.194,222.204,223.633,218.92,,-0.90%
07/15/2008,224.206,230.879,230.929,222.394,,-2.36%
07/14/2008,229.622,228.692,231.126,228.364,,-0.62%
07/11/2008,231.048,232.972,234.614,229.297,,0.49%
07/10/2008,229.918,226.503,230.299,226.23,,1.88%
07/09/2008,225.671,225.845,226.847,224.513,,0.17%
07/08/2008,225.291,229.005,229.075,223.553,,-2.77%
07/07/2008,231.715,234.011,234.317,230.54,,-2.56%
07/03/2008,237.796,238.209,238.521,236.036,,-0.07%
07/02/2008,237.953,235.015,238.233,233.47,,1.18%
07/01/2008,235.168,234.024,235.979,234.011,,0.92%
06/30/2008,233.034,235.848,236.07,231.375,,-0.46%
06/27/2008,234.115,235.493,235.881,233.923,,0.16%
06/26/2008,233.746,229.355,233.987,229.337,,2.55%
06/25/2008,227.931,228.806,228.941,225.188,,-0.48%
06/24/2008,229.023,230.852,230.867,228.125,,-0.52%
06/23/2008,230.215,230.719,230.878,228.147,,0.03%
06/20/2008,230.142,229.675,232.113,229.359,,1.05%
06/19/2008,227.76,230.918,232.602,227.162,,-1.71%
06/18/2008,231.717,230.021,231.834,228.6,,1.19%
06/17/2008,228.989,227.822,229.079,226.969,,0.44%
06/16/2008,227.993,227.779,230.891,227.179,,0.87%
06/13/2008,226.024,224.669,226.359,223.704,,0.14%
06/12/2008,225.7,222.976,226.466,222.314,,0.18%
06/11/2008,225.294,220.828,226.239,220.827,,2.66%
06/10/2008,219.46,221.489,222.79,218.795,,-0.74%
06/09/2008,221.086,224.149,224.228,220.686,,-1.18%
06/06/2008,223.729,219.729,224.616,219.729,,2.84%
06/05/2008,217.55,213.795,217.639,213.05,,2.16%
06/04/2008,212.954,212.85,213.78,211.781,,-0.30%
06/03/2008,213.6,215.77,216.3,213.256,,-0.96%
06/02/2008,215.676,213.194,217.415,213.055,,0.81%
05/30/2008,213.947,212.449,214.277,210.972,,1.39%
05/29/2008,211.021,215.967,217.017,210.557,,-3.00%
05/28/2008,217.55,213.91,218.103,213.726,,0.35%
05/27/2008,216.797,220.974,221.037,216.612,,-1.26%
05/23/2008,219.555,218.631,219.963,217.862,,0.89%
05/22/2008,217.611,221.106,221.666,217.365,,-1.27%
05/21/2008,220.41,218.372,220.764,217.33,,1.52%
05/20/2008,217.102,214.313,218.108,214.249,,1.22%
05/19/2008,214.493,216.611,216.76,213.699,,-0.84%
05/16/2008,216.312,217.258,218.552,215.816,,0.76%
05/15/2008,214.682,215.469,216.998,211.992,,-0.12%
05/14/2008,214.948,216.138,216.539,214.866,,-0.59%
05/13/2008,216.234,215.848,217.489,214.207,,0.53%
05/12/2008,215.089,216.749,217.155,214.9,,-0.66%
05/09/2008,216.511,216.167,216.646,214.432,,1.10%
05/08/2008,214.147,213.116,214.803,213.034,,0.23%
05/07/2008,213.649,212.481,213.73,210.786,,0.43%
05/06/2008,212.729,211.328,214.661,210.525,,0.82%
05/05/2008,211.008,208.844,211.863,208.79,,1.39%
05/02/2008,208.123,204.411,208.353,203.9,,2.02%
05/01/2008,204.003,208.924,208.958,202.307,,-2.18%
04/30/2008,208.552,209.235,210.248,207.614,,-0.34%
04/29/2008,209.255,212.323,212.498,209.015,,-2.19%
04/28/2008,213.949,214.38,214.838,212.8,,0.48%
04/25/2008,212.937,211.094,214.255,211.026,,0.64%
04/24/2008,211.573,214.214,214.417,210.319,,-1.49%
04/23/2008,214.782,213.832,215.062,212.696,,-0.20%
04/22/2008,215.21,213.454,215.909,212.574,,1.39%
04/21/2008,212.252,213.953,214.453,210.642,,-0.96%
04/18/2008,214.31,212.245,214.412,210.985,,-0.04%
04/17/2008,214.395,215.385,216.055,213.755,,-0.28%
04/16/2008,215.002,214.502,215.707,212.956,,1.06%
04/15/2008,212.742,212.371,213.376,212.329,,1.05%
04/14/2008,210.535,209.921,210.646,208.946,,0.63%
04/11/2008,209.218,210.481,211.082,208.648,,-0.69%
04/10/2008,210.676,212.505,212.69,209.597,,-0.14%
04/09/2008,210.966,206.553,212.209,206.529,,2.49%
04/08/2008,205.847,206.486,207.188,205.352,,-0.71%
04/07/2008,207.328,206.106,208.277,205.948,,1.28%
04/04/2008,204.701,202.923,205.034,202.391,,1.06%
04/03/2008,202.551,202.551,204.561,201.844,,-0.28%
04/02/2008,203.123,199.633,203.534,198.309,,1.78%
04/01/2008,199.566,199.468,201.404,197.031,,-1.01%
03/31/2008,201.598,204.899,206.746,200.819,,-1.70%
03/28/2008,205.085,207.213,207.223,203.645,,-1.36%
03/27/2008,207.917,207.144,208.54,205.715,,0.72%
03/26/2008,206.427,205.458,207.324,204.214,,1.54%
03/25/2008,203.301,202.944,203.511,201.585,,1.90%
03/24/2008,199.516,197.6,200.706,197.217,,1.11%
03/20/2008,197.334,197.92,198.938,195.272,,-2.01%
03/19/2008,201.389,208.003,208.153,201.227,,-4.19%
03/18/2008,210.2,208.192,210.328,207.101,,1.98%
03/17/2008,206.116,215.038,215.069,205.202,,-4.50%
03/14/2008,215.831,219.338,220.191,215.201,,-1.43%
03/13/2008,218.968,219.181,225.972,218.279,,0.50%
03/12/2008,217.876,215.907,218.052,215.262,,0.71%
03/11/2008,216.338,218.077,218.496,214.941,,0.53%
03/10/2008,215.207,212.993,215.435,210.456,,0.09%
03/07/2008,215.013,216.26,216.721,214.081,,-0.80%
03/06/2008,216.747,220.092,220.138,214.792,,-1.07%
03/05/2008,219.093,214.44,220.55,214.374,,2.45%
03/04/2008,213.859,218.402,218.434,213.237,,-1.88%
03/03/2008,217.959,217.416,220.022,217.172,,1.13%
02/29/2008,215.521,216.887,217.344,215.107,,-0.43%
02/28/2008,216.462,213.205,216.8,213.173,,1.77%
02/27/2008,212.689,211.69,213.777,210.646,,0.45%
02/26/2008,211.745,208.467,211.745,208.181,,1.31%
02/25/2008,209.002,208.919,210.223,207.762,,0.62%
02/22/2008,207.716,206.259,207.819,205.043,,0.50%
02/21/2008,206.687,206.461,207.716,205.691,,0.62%
02/20/2008,205.406,204.433,205.831,203.696,,0.07%
02/19/2008,205.254,202.956,205.254,202.911,,2.85%
02/15/2008,199.571,200.65,201.551,198.72,,-0.15%
02/14/2008,199.877,197.67,199.948,197.511,,1.91%
02/13/2008,196.126,195.082,196.744,194.69,,0.01%
02/12/2008,196.1,196.978,197.918,195.747,,-0.90%
02/11/2008,197.873,197.634,198.807,197.013,,0.41%
02/08/2008,197.067,194.027,197.897,194.026,,2.18%
02/07/2008,192.861,190.79,192.922,190.281,,1.13%
02/06/2008,190.699,191.036,192.505,190.515,,0.37%
02/05/2008,189.987,190.632,190.836,189.221,,-0.94%
02/04/2008,191.794,189.784,192.249,189.305,,1.03%
02/01/2008,189.845,193.099,197.942,189.598,,-1.27%
01/31/2008,192.286,191.531,192.776,189.828,,0.61%
01/30/2008,191.123,191.3,191.672,190.332,,0.03%
01/29/2008,191.064,190.72,191.157,190.262,,0.90%
01/28/2008,189.355,186.465,189.356,186.423,,0.90%
01/25/2008,187.675,186.869,188.074,186.674,,1.25%
01/24/2008,185.359,183.851,185.504,183.773,,2.32%
01/23/2008,181.157,183.945,184.557,181.026,,-2.24%
01/22/2008,185.316,182.687,186.573,182.451,,-1.52%
01/18/2008,188.174,188.245,188.884,187.41,,0.25%
01/17/2008,187.696,188.561,189.236,187.469,,0.03%
01/16/2008,187.642,188.163,189.141,186.309,,-1.26%
01/15/2008,190.035,191.119,191.545,189.211,,-1.27%
01/14/2008,192.483,192.116,193.626,191.64,,1.19%
01/11/2008,190.216,189.035,190.568,188.652,,0.59%
01/10/2008,189.092,188.786,189.866,187.793,,-0.50%
01/09/2008,190.038,191.875,191.875,189.894,,-0.40%
01/08/2008,190.803,189.737,191.942,189.57,,1.65%
01/07/2008,187.698,189.332,190.009,187.027,,-1.13%
01/04/2008,189.838,190.482,190.798,188.292,,-0.57%
01/03/2008,190.924,190.246,191.913,189.765,,0.71%
01/02/2008,189.581,187.1,189.614,187.088,,2.50%
12/31/2007,184.964,183.925,185.093,183.801,,0.10%
12/28/2007,184.77,185.415,186.576,184.642,,-0.43%
12/27/2007,185.568,184.99,186.927,184.735,,0.10%
12/26/2007,185.38,183.265,185.699,183.165,,1.31%
12/24/2007,182.974,182.836,183.403,182.217,,-0.03%
12/21/2007,183.026,181.253,183.454,181.157,,1.23%
12/20/2007,180.799,181.271,181.878,180.366,,-0.32%
12/19/2007,181.373,180.26,181.869,180.098,,0.92%
12/18/2007,179.724,180.615,181.642,178.902,,-0.21%
12/17/2007,180.104,180.166,180.756,179.246,,-0.31%
12/14/2007,180.656,181.091,181.261,179.646,,-0.17%
12/13/2007,180.966,183.127,183.197,180.787,,-1.27%
12/12/2007,183.287,179.52,183.423,179.412,,2.08%
12/11/2007,179.551,178.493,179.886,178.416,,0.74%
12/10/2007,178.224,177.823,179.744,177.788,,-0.06%
12/07/2007,178.335,178.553,179.016,177.305,,0.13%
12/06/2007,178.104,175.398,178.375,175.145,,1.07%
12/05/2007,176.216,176.948,177.64,176.038,,-0.20%
12/04/2007,176.564,176.085,176.741,175.417,,0.02%
12/03/2007,176.522,175.602,176.738,175.285,,-0.41%
11/30/2007,177.247,178.394,179.112,176.966,,-1.09%
11/29/2007,179.204,181.21,181.686,178.916,,-0.10%
11/28/2007,179.376,180.181,181.257,179.208,,-1.05%
11/27/2007,181.271,182.159,182.617,180.781,,-1.49%
11/26/2007,184.022,185.818,185.9,183.629,,-0.12%
11/23/2007,184.242,182.326,184.352,182.15,,1.31%
11/21/2007,181.854,181.823,182.419,180.977,,-0.27%
11/20/2007,182.345,179.955,182.455,179.915,,1.32%
11/19/2007,179.975,182.149,182.511,179.402,,-0.98%
11/16/2007,181.764,180.951,182.173,180.611,,0.76%
11/15/2007,180.395,182.038,182.045,179.74,,-1.48%
11/14/2007,183.099,181.171,183.702,181.044,,1.60%
11/13/2007,180.217,182.201,182.581,179.735,,-0.99%
11/12/2007,182.011,182.181,182.739,181.104,,-1.36%
11/09/2007,184.529,182.719,184.619,182.62,,0.53%
11/08/2007,183.562,184.208,184.805,182.836,,-0.06%
11/07/2007,183.671,186.346,186.408,182.573,,-0.67%
11/06/2007,184.918,184.309,185.721,184.197,,1.45%
11/05/2007,182.272,182.417,183.726,181.948,,-1.04%
11/02/2007,184.186,183.525,184.429,182.463,,0.91%
11/01/2007,182.529,184.657,184.687,181.045,,-0.54%
10/31/2007,183.524,180.74,183.875,180.736,,1.72%
10/30/2007,180.425,181.279,181.857,180.312,,-1.29%
10/29/2007,182.791,182.076,182.889,181.413,,1.21%
10/26/2007,180.605,180.206,180.712,179.92,,0.77%
10/25/2007,179.222,177.702,179.24,177.182,,1.56%
10/24/2007,176.477,175.952,177.117,175.736,,-0.08%
10/23/2007,176.611,178.332,178.432,176.313,,-0.41%
10/22/2007,177.338,176.098,177.999,175.998,,-0.95%
10/19/2007,179.046,180.427,180.735,178.542,,-0.60%
10/18/2007,180.133,178.89,180.222,178.672,,0.91%
10/17/2007,178.508,178.356,179.587,178.259,,-0.15%
10/16/2007,178.779,179.01,179.288,177.89,,-0.11%
10/15/2007,178.967,178.704,179.386,177.866,,1.15%
10/12/2007,176.937,176.649,177.545,176.556,,-0.16%
10/11/2007,177.214,176.493,177.519,176.374,,1.02%
10/10/2007,175.431,174.567,175.449,174.222,,1.21%
10/09/2007,173.332,172.065,174.431,171.928,,0.70%
10/08/2007,172.123,173.718,174.068,171.884,,-2.05%
10/05/2007,175.725,176.778,176.946,175.5,,-0.84%
10/04/2007,177.217,176.142,177.663,175.291,,0.35%
10/03/2007,176.597,176.455,177.559,175.637,,0.06%
10/02/2007,176.489,176.807,178.068,175.79,,-0.90%
10/01/2007,178.084,178.217,179.187,177.668,,-0.09%
09/28/2007,178.25,179.907,180.379,178.143,,-0.82%
09/27/2007,179.715,178.764,179.887,178.09,,1.31%
09/26/2007,177.395,177.416,179.669,175.902,,0.39%
09/25/2007,176.71,176.96,177.492,176.354,,-0.63%
09/24/2007,177.837,177.575,178.211,177.165,,0.35%
09/21/2007,177.215,177.092,178.307,176.358,,0.02%
09/20/2007,177.182,175.494,177.734,175.407,,0.78%
09/19/2007,175.805,175.318,176.229,174.764,,0.40%
09/18/2007,175.11,174.628,175.381,172.98,,0.33%
09/17/2007,174.536,172.962,174.588,172.897,,1.28%
09/14/2007,172.322,171.938,173.513,171.829,,0.34%
09/13/2007,171.743,171.92,172.526,170.964,,-0.43%
09/12/2007,172.48,170.66,172.604,170.554,,1.31%
09/11/2007,170.244,168.834,170.355,168.506,,0.98%
09/10/2007,168.596,166.887,168.784,166.829,,0.88%
09/07/2007,167.121,166.774,167.437,165.753,,0.16%
09/06/2007,166.848,166.801,167.906,166.35,,-0.04%
09/05/2007,166.915,167.451,167.611,166.208,,-0.07%
09/04/2007,167.035,165.11,167.122,164.672,,0.89%
08/31/2007,165.566,166.675,167.325,165.393,,0.28%
08/30/2007,165.097,164.764,165.793,164.518,,0.40%
08/29/2007,164.433,163.618,164.614,163.217,,0.55%
08/28/2007,163.537,164.082,164.178,162.862,,-0.28%
08/27/2007,163.988,163.625,164.167,162.664,,-0.26%
08/24/2007,164.411,162.865,164.834,162.738,,0.78%
08/23/2007,163.138,163.276,163.992,162.489,,0.73%
08/22/2007,161.95,162.149,162.339,161.245,,0.55%
08/21/2007,161.062,161.66,162.3,160.668,,-0.39%
08/20/2007,161.7,162.843,164.003,161.196,,-1.53%
08/17/2007,164.213,162.597,164.371,162.597,,1.57%
08/16/2007,161.678,164.36,164.967,160.16,,-3.38%
08/15/2007,167.33,167.945,168.798,166.719,,-0.28%
08/14/2007,167.8,168.39,168.568,166.866,,-0.20%
08/13/2007,168.138,168.923,169.839,167.839,,0.32%
08/10/2007,167.598,166.146,168.075,165.814,,0.05%
08/09/2007,167.515,167.554,168.212,166.689,,-0.45%
08/08/2007,168.269,167.466,168.943,167.288,,0.26%
08/07/2007,167.839,168.115,168.285,167.381,,0.19%
08/06/2007,167.516,168.231,168.536,167.05,,-1.23%
08/03/2007,169.597,170.77,172.072,169.374,,-0.46%
08/02/2007,170.388,171.237,171.651,170.14,,-0.25%
08/01/2007,170.82,171.947,172.873,170.406,,-0.94%
07/31/2007,172.446,172.751,173.048,171.484,,0.57%
07/30/2007,171.461,170.617,171.663,170.466,,0.68%
07/27/2007,170.296,168.542,170.588,168.063,,0.92%
07/26/2007,168.736,170.492,171.216,168.347,,-0.50%
07/25/2007,169.577,169.063,169.719,168.119,,0.07%
07/24/2007,169.46,170.16,170.23,168.959,,-0.43%
07/23/2007,170.199,172.078,172.221,169.968,,-1.89%
07/20/2007,173.479,174.624,175.18,173.082,,-0.45%
07/19/2007,174.259,173.45,174.311,173.253,,0.84%
07/18/2007,172.812,170.093,172.877,169.957,,1.78%
07/17/2007,169.796,171.373,171.891,169.676,,-0.76%
07/16/2007,171.102,172.92,172.937,171.028,,-1.97%
07/13/2007,174.536,173.943,174.691,173.432,,0.59%
07/12/2007,173.509,173.876,174.318,172.622,,0.13%
07/11/2007,173.289,173.871,174.084,173.255,,-0.01%
07/10/2007,173.304,171.744,173.376,171.533,,0.91%
07/09/2007,171.744,171.572,172.476,171.529,,0.06%
07/06/2007,171.635,171.128,171.702,170.862,,0.47%
07/05/2007,170.838,170.955,171.4,169.864,,0.43%
07/03/2007,170.104,170.429,170.501,169.525,,-0.22%
07/02/2007,170.478,170.251,170.504,168.739,,0.48%
06/29/2007,169.671,169.513,171.145,169.192,,0.63%
06/28/2007,168.614,169.639,170.182,168.322,,-0.20%
06/27/2007,168.945,167.724,169.167,167.43,,0.25%
06/26/2007,168.522,169.779,169.814,168.454,,-1.02%
06/25/2007,170.254,169.199,170.653,168.91,,-0.37%
06/22/2007,170.888,172.046,172.443,170.401,,-0.87%
06/21/2007,172.396,173.927,174.371,172.001,,-0.68%
06/20/2007,173.57,173.818,176.377,172.949,,0.00%
06/19/2007,173.567,175.142,175.157,173.567,,-1.44%
06/18/2007,176.1,176.583,177.005,175.692,,-0.22%
06/15/2007,176.484,174.404,176.705,174.312,,0.96%
06/14/2007,174.803,172.725,175.023,172.69,,1.53%
06/13/2007,172.173,170.439,172.4,170.206,,0.52%
06/12/2007,171.289,171.327,171.445,169.414,,-0.57%
06/11/2007,172.265,171.165,172.67,170.547,,1.44%
06/08/2007,169.818,171.555,171.59,169.666,,-1.88%
06/07/2007,173.07,173.416,177.104,173.025,,-0.38%
06/06/2007,173.735,174.297,174.678,172.956,,-0.62%
06/05/2007,174.814,175.393,176.364,174.156,,-0.43%
06/04/2007,175.563,174.043,176.169,174.025,,0.88%
06/01/2007,174.029,172.833,174.332,172.639,,0.76%
05/31/2007,172.723,172.183,172.911,171.495,,0.75%
05/30/2007,171.436,169.912,171.587,169.903,,0.80%
05/29/2007,170.082,171.472,171.588,169.605,,-1.33%
05/25/2007,172.366,171.809,172.587,170.968,,1.11%
05/24/2007,170.474,171.767,172.405,170.237,,-0.64%
05/23/2007,171.58,171.978,172.302,171.197,,-0.17%
05/22/2007,171.877,174.522,174.665,171.734,,-1.68%
05/21/2007,174.819,173.704,175.016,172.92,,0.90%
05/18/2007,173.268,173.742,174.439,173.061,,-0.12%
05/17/2007,173.469,171.996,173.531,171.374,,0.38%
05/16/2007,172.809,172.51,172.933,171.808,,-0.24%
05/15/2007,173.23,171.52,173.466,171.372,,0.55%
05/14/2007,172.291,173.616,173.825,172.212,,-0.66%
05/11/2007,173.442,171.227,173.544,171.179,,1.37%
05/10/2007,171.105,171.965,172.066,170.738,,-0.39%
05/09/2007,171.768,172.379,172.41,171.006,,-0.14%
05/08/2007,172.006,171.889,172.436,171.317,,-0.49%
05/07/2007,172.854,174.022,174.027,172.48,,-0.76%
05/04/2007,174.174,174.108,175.303,173.633,,0.25%
05/03/2007,173.746,172.616,174.084,171.897,,0.78%
05/02/2007,172.408,172.904,173.302,171.882,,-0.40%
05/01/2007,173.105,172.901,173.809,172.494,,-0.06%
04/30/2007,173.215,173.334,174.446,172.76,,-0.20%
04/27/2007,173.562,171.548,173.8,171.217,,1.07%
04/26/2007,171.717,173.312,174.191,171.445,,-1.23%
04/25/2007,173.852,172.347,174.127,172.058,,1.26%
04/24/2007,171.691,173.546,173.771,171.142,,-1.04%
04/23/2007,173.488,171.774,173.558,171.77,,0.69%
04/20/2007,172.296,172.302,172.353,171.482,,0.40%
04/19/2007,171.614,172.061,172.193,170.505,,-0.15%
04/18/2007,171.876,171.558,172.237,170.968,,-0.14%
04/17/2007,172.116,172.832,174.001,172.07,,-0.24%
04/16/2007,172.534,174.57,174.634,172.501,,-1.04%
04/13/2007,174.351,174.534,175.193,174.028,,0.25%
04/12/2007,173.922,174.021,174.287,172.858,,0.04%
04/11/2007,173.857,174.89,174.982,173.511,,0.00%
04/10/2007,173.857,173.192,174.384,172.742,,0.95%
04/09/2007,172.227,174.405,175.114,172.227,,-0.72%
04/05/2007,173.482,172.731,173.831,172.613,,0.33%
04/04/2007,172.903,171.278,173.234,170.509,,1.21%
04/03/2007,170.83,171.674,172.015,170.547,,-0.37%
04/02/2007,171.466,171.29,172.333,169.765,,-0.29%
03/30/2007,171.963,173.427,173.445,171.17,,-0.21%
03/29/2007,172.328,170.793,172.675,170.514,,0.87%
03/28/2007,170.843,171.541,171.973,170.544,,0.72%
03/27/2007,169.615,169.124,169.772,168.912,,0.09%
03/26/2007,169.459,169.29,170.164,168.898,,0.29%
03/23/2007,168.975,169.708,170.421,168.956,,-0.43%
03/22/2007,169.707,168.391,169.824,168.096,,1.51%
03/21/2007,167.178,166.936,167.602,166.506,,0.33%
03/20/2007,166.621,166.595,170.588,165.523,,0.04%
03/19/2007,166.558,166.379,166.979,166.201,,-0.10%
03/16/2007,166.728,166.525,167.747,166.087,,0.10%
03/15/2007,166.568,167.693,167.935,166.427,,0.22%
03/14/2007,166.206,165.51,166.36,164.808,,0.05%
03/13/2007,166.12,167.353,168.44,165.908,,-0.67%
03/12/2007,167.242,167.415,167.961,166.616,,-0.36%
03/09/2007,167.843,169.541,169.894,167.736,,-1.08%
03/08/2007,169.667,169.714,170.318,169.208,,0.28%
03/07/2007,169.198,168.043,169.46,167.783,,1.03%
03/06/2007,167.472,167.318,167.563,166.306,,0.93%
03/05/2007,165.935,165.754,166.578,165.049,,-1.28%
03/02/2007,168.082,168.87,169.624,167.909,,-0.99%
03/01/2007,169.76,171.185,171.188,168.824,,-0.73%
02/28/2007,171.013,170.45,171.244,169.588,,-0.56%
02/27/2007,171.981,171.685,173.439,171.003,,-0.88%
02/26/2007,173.503,174.207,174.62,172.974,,0.07%
02/23/2007,173.388,172.382,173.723,172.297,,0.70%
02/22/2007,172.186,170.088,172.524,170.078,,1.38%
02/21/2007,169.837,166.371,170.48,166.365,,1.63%
02/20/2007,167.116,167.304,170.115,165.466,,-0.69%
02/16/2007,168.27,166.551,168.585,166.436,,0.91%
02/15/2007,166.748,166.638,166.877,165.162,,0.64%
02/14/2007,165.687,166.957,167.25,165.185,,-0.60%
02/13/2007,166.691,164.576,166.997,164.459,,1.73%
02/12/2007,163.863,165.683,166.051,163.578,,-2.11%
02/09/2007,167.39,166.575,168.2,166.525,,0.62%
02/08/2007,166.364,163.85,166.64,163.758,,1.13%
02/07/2007,164.504,165.512,166.853,164.132,,-0.59%
02/06/2007,165.476,166.967,167.128,165.167,,0.07%
02/05/2007,165.363,166.72,167.734,165.066,,0.16%
02/02/2007,165.106,164.682,165.293,163.02,,0.17%
02/01/2007,164.818,166.792,167.404,164.604,,-0.77%
01/31/2007,166.094,164.697,167.21,163.354,,0.85%
01/30/2007,164.699,161.186,164.746,158.757,,2.55%
01/29/2007,160.598,162.436,162.91,160.407,,-1.81%
01/26/2007,163.551,162.098,163.707,161.849,,0.72%
01/25/2007,162.378,164.347,164.815,162.176,,-0.97%
01/24/2007,163.969,163.93,164.244,162.477,,-0.55%
01/23/2007,164.88,163.064,164.943,163.024,,2.22%
01/22/2007,161.297,160.936,162.86,160.275,,0.56%
01/19/2007,160.405,157.892,160.496,157.717,,1.93%
01/18/2007,157.369,159.234,159.694,156.665,,-0.78%
01/17/2007,158.613,157.695,159.016,157.239,,0.21%
01/16/2007,158.288,159.277,160.165,157.555,,-0.80%
01/12/2007,159.561,157.188,159.691,156.666,,1.76%
01/11/2007,156.8,157.589,159.236,156.575,,-0.32%
01/10/2007,157.304,156.248,157.79,155.401,,0.91%
01/09/2007,155.88,155.975,156.721,154.708,,-0.76%
01/08/2007,157.068,158.162,158.97,156.807,,-0.56%
01/05/2007,157.954,159.008,159.025,156.719,,-0.79%
01/04/2007,159.21,160.498,161.36,159.183,,-1.22%
01/03/2007,161.172,163.194,163.906,160.917,,-3.21%
12/29/2006,166.509,166.211,166.514,165.147,,0.14%
12/28/2006,166.271,166.4,166.928,165.917,,0.31%
12/27/2006,165.756,166.046,166.282,164.968,,0.00%
12/26/2006,165.755,166.399,166.772,165.432,,-0.43%
12/22/2006,166.478,166.378,166.479,165.78,,0.39%
12/21/2006,165.835,166.27,166.27,165.486,,-0.43%
12/20/2006,166.552,167.53,167.722,166.452,,-0.58%
12/19/2006,167.526,166.157,167.733,165.91,,0.57%
12/18/2006,166.574,167.429,167.589,166.236,,-1.04%
12/15/2006,168.323,169.276,169.351,167.489,,-0.79%
12/14/2006,169.671,169.493,170.566,169.38,,0.78%
12/13/2006,168.354,168.085,168.54,167.679,,0.08%
12/12/2006,168.226,169.306,169.702,167.948,,-0.49%
12/11/2006,169.062,168.39,169.242,167.859,,-0.02%
12/08/2006,169.092,169.876,171.039,169.049,,-0.33%
12/07/2006,169.65,169.324,169.71,168.376,,-0.09%
12/06/2006,169.801,170.828,171.058,169.095,,-1.45%
12/05/2006,172.293,172.014,173.538,171.066,,0.46%
12/04/2006,171.512,173.351,173.36,171.447,,-1.76%
12/01/2006,174.59,174.253,175.527,173.805,,-0.36%
11/30/2006,175.214,173.688,175.581,173.671,,1.16%
11/29/2006,173.206,171.306,173.327,170.989,,0.59%
11/28/2006,172.194,172.257,173.203,171.616,,-0.11%
11/27/2006,172.375,172.197,172.886,171.634,,2.12%
11/24/2006,168.804,168.804,172.946,168.017,,0.00%
11/22/2006,168.804,170.269,172.946,168.017,,-0.58%
11/21/2006,169.788,168.332,169.876,168.228,,1.39%
11/20/2006,167.458,167.966,168.493,166.792,,0.47%
11/17/2006,166.676,165.256,166.781,163.43,,0.31%
11/16/2006,166.163,169.668,169.911,166.078,,-1.51%
11/15/2006,168.712,167.484,169.371,167.277,,0.54%
11/14/2006,167.805,167.724,168.523,166.839,,0.34%
11/13/2006,167.244,167.106,167.757,166.836,,-0.58%
11/10/2006,168.212,170.758,170.976,168.078,,-2.42%
11/09/2006,172.391,171.641,173.4,171.637,,1.08%
11/08/2006,170.544,170.136,171.294,169.674,,-0.03%
11/07/2006,170.593,170.08,171.47,169.915,,0.24%
11/06/2006,170.182,169.33,170.598,168.092,,0.27%
11/03/2006,169.73,169.154,170.175,168.579,,0.52%
11/02/2006,168.857,168.051,171.013,167.914,,0.80%
11/01/2006,167.523,167.061,167.879,166.15,,0.42%
10/31/2006,166.817,166.362,167.179,165.762,,-0.26%
10/30/2006,167.248,168.668,168.794,167.218,,-1.49%
10/27/2006,169.786,170.366,170.713,169.206,,0.38%
10/26/2006,169.145,168.804,169.984,168.75,,-0.19%
10/25/2006,169.466,167.817,170.352,167.69,,1.32%
10/24/2006,167.252,166.184,167.531,165.552,,0.45%
10/23/2006,166.511,165.45,166.683,164.694,,0.10%
10/20/2006,166.337,167.134,167.627,165.921,,-0.53%
10/19/2006,167.229,166.325,167.458,165.949,,1.03%
10/18/2006,165.529,165.878,166.624,165.306,,-0.79%
10/17/2006,166.848,168.967,169.03,166.366,,-0.60%
10/16/2006,167.853,165.182,167.976,165.028,,2.17%
10/13/2006,164.289,163.254,164.975,163.238,,1.33%
10/12/2006,162.136,161.03,162.97,160.636,,0.26%
10/11/2006,161.715,161.289,163.105,160.873,,0.38%
10/10/2006,161.105,162.379,162.967,160.98,,-1.07%
10/09/2006,162.841,162.301,164.126,162.234,,1.54%
10/06/2006,160.373,160.04,160.767,159.142,,0.55%
10/05/2006,159.489,159.106,159.942,158.583,,1.67%
10/04/2006,156.873,157.053,157.444,154.635,,0.51%
10/03/2006,156.075,157.625,157.882,155.707,,-1.68%
10/02/2006,158.734,160.847,161.322,158.71,,-0.76%
09/29/2006,159.957,159.608,160.708,158.63,,0.16%
09/28/2006,159.707,159.521,160.205,158.799,,0.61%
09/27/2006,158.742,159.013,159.261,157.076,,0.48%
09/26/2006,157.983,157.077,158.74,156.938,,0.49%
09/25/2006,157.217,155.774,157.902,155.347,,-0.23%
09/22/2006,157.578,159.358,159.717,157.444,,-0.78%
09/21/2006,158.82,157.097,158.895,156.615,,1.43%
09/20/2006,156.587,156.163,157.62,156.081,,-0.66%
09/19/2006,157.621,159.276,159.702,157.534,,-1.05%
09/18/2006,159.296,157.729,159.905,157.33,,1.17%
09/15/2006,157.454,158.531,158.531,156.78,,-0.81%
09/14/2006,158.745,161.661,161.692,157.954,,-1.61%
09/13/2006,161.343,161.577,162.538,161.069,,-0.21%
09/12/2006,161.678,163.144,163.75,161.54,,-0.60%
09/11/2006,162.656,164.165,164.255,161.95,,-2.58%
09/08/2006,166.966,168.239,168.328,166.911,,-1.23%
09/07/2006,169.043,170.097,170.188,168.715,,-0.84%
09/06/2006,170.468,170.308,171.745,170.277,,-0.10%
09/05/2006,170.647,170.165,172.141,170.141,,0.79%
09/01/2006,169.307,170.439,170.448,169.264,,-0.92%
08/31/2006,170.876,170.048,171.12,169.247,,1.19%
08/30/2006,168.868,168.659,170.213,167.58,,-0.04%
08/29/2006,168.943,170.178,170.198,168.279,,-0.96%
08/28/2006,170.579,171.808,171.859,170.439,,-1.19%
08/25/2006,172.637,173.5,174.116,172.633,,0.15%
08/24/2006,172.386,173.083,173.199,171.758,,0.39%
08/23/2006,171.712,172.059,172.919,171.335,,-0.46%
08/22/2006,172.502,171.163,172.599,170.693,,0.54%
08/21/2006,171.578,171.011,171.701,170.819,,1.01%
08/18/2006,169.855,170.292,170.548,169.194,,0.50%
08/17/2006,169.017,171.578,171.578,169.017,,-1.75%
08/16/2006,172.025,172.034,173.349,171.714,,-0.04%
08/15/2006,172.09,171.836,172.235,170.967,,0.15%
08/14/2006,171.838,171.73,172.043,170.666,,-0.99%
08/11/2006,173.554,177.175,177.33,173.1,,-1.45%
08/10/2006,176.108,178.376,178.477,175.955,,-1.52%
08/09/2006,178.835,177.458,179.789,177.446,,1.28%
08/08/2006,176.573,176.526,177.627,176.198,,-0.37%
08/07/2006,177.227,176.387,178.062,176.267,,-0.14%
08/04/2006,177.484,177.679,178.679,176.937,,0.68%
08/03/2006,176.284,177.725,177.789,176.037,,-1.81%
08/02/2006,179.534,179.367,181.374,179.048,,1.19%
08/01/2006,177.417,178.744,179.257,176.027,,-0.35%
07/31/2006,178.032,176.16,178.234,176.117,,2.12%
07/28/2006,174.33,173.827,175.911,171.999,,0.39%
07/27/2006,173.655,173.738,174.709,173.285,,0.75%
07/26/2006,172.361,172.407,173.04,171.929,,0.06%
07/25/2006,172.254,174.409,174.627,172.008,,-0.19%
07/24/2006,172.576,171.266,172.977,170.046,,0.99%
07/21/2006,170.89,171.77,172.239,168.98,,-0.52%
07/20/2006,171.788,173.309,174.216,171.658,,-0.86%
07/19/2006,173.282,171.326,173.419,171.236,,0.49%
07/18/2006,172.435,176.293,176.379,172.435,,-1.68%
07/17/2006,175.377,178.227,178.918,175.329,,-2.55%
07/14/2006,179.962,180.316,180.565,179.209,,0.60%
07/13/2006,178.888,177.976,179.144,177.518,,0.38%
07/12/2006,178.204,178.542,179.099,176.769,,0.56%
07/11/2006,177.22,176.674,177.71,176.326,,1.31%
07/10/2006,174.935,174.464,179.337,174.332,,-0.02%
07/07/2006,174.966,176.299,176.87,174.163,,-1.23%
07/06/2006,177.149,174.55,177.501,174.282,,1.49%
07/05/2006,174.543,175.111,175.116,173.26,,0.29%
07/03/2006,174.031,173.621,174.227,173.616,,0.46%
06/30/2006,173.235,172.87,173.693,172.588,,1.55%
06/29/2006,170.591,169.345,171.449,169.336,,1.46%
06/28/2006,168.139,168.612,168.806,167.807,,0.23%
06/27/2006,167.758,167.913,169.141,167.444,,-0.20%
06/26/2006,168.088,166.323,168.239,166.05,,0.79%
06/23/2006,166.766,166.429,167.4,166.061,,-0.43%
06/22/2006,167.49,169.015,169.099,167.312,,-0.47%
06/21/2006,168.284,166.758,168.564,166.174,,0.92%
06/20/2006,166.751,167.093,167.41,166.355,,-0.33%
06/19/2006,167.306,168.057,168.508,167.065,,-1.88%
06/16/2006,170.515,169.414,170.61,168.766,,0.69%
06/15/2006,169.35,167.046,170.05,166.726,,2.08%
06/14/2006,165.905,166.215,167.237,165.721,,0.33%
06/13/2006,165.352,167.56,168.204,165.102,,-2.97%
06/12/2006,170.412,171.926,172.482,170.41,,-0.47%
06/09/2006,171.217,172.345,173.661,170.856,,-0.22%
06/08/2006,171.597,172.289,173.107,170.831,,-1.89%
06/07/2006,174.91,173.557,175.331,172.879,,-0.20%
06/06/2006,175.267,176.882,177.697,174.319,,-1.59%
06/05/2006,178.091,179.862,180.036,177.877,,-0.46%
06/02/2006,178.913,176.173,179.236,176.104,,2.26%
06/01/2006,174.959,174.753,176.694,172.514,,-0.97%
05/31/2006,176.679,178.215,178.878,175.824,,-1.10%
05/30/2006,178.652,180.27,180.994,178.557,,-0.36%
05/29/2006,179.299,178.198,180.233,177.522,,0.00%
05/26/2006,179.299,178.198,180.233,177.522,,1.18%
05/25/2006,177.208,175.746,177.557,175.302,,0.95%
05/24/2006,175.537,177.969,178.163,175.444,,-3.02%
05/23/2006,180.998,178.098,180.998,172.01,,2.78%
05/22/2006,176.096,174.951,176.186,173.803,,0.87%
05/19/2006,174.572,177.134,177.165,173.996,,-2.27%
05/18/2006,178.632,179.285,179.775,178.027,,-0.52%
05/17/2006,179.558,182.159,182.406,177.754,,-0.77%
05/16/2006,180.959,181.338,181.782,179.678,,0.64%
05/15/2006,179.812,182.21,182.443,179.574,,-2.96%
05/12/2006,185.293,186.732,187.103,185.119,,-1.20%
05/11/2006,187.535,185.809,188.11,185.809,,1.92%
05/10/2006,183.996,181.686,183.996,181.124,,1.71%
05/09/2006,180.895,178.966,181.348,178.901,,1.55%
05/08/2006,178.138,176.871,178.251,176.12,,-0.43%
05/05/2006,178.907,177.65,179.608,177.65,,0.72%
05/04/2006,177.634,176.94,179.511,176.786,,0.35%
05/03/2006,177.013,178.861,178.967,176.897,,-1.00%
05/02/2006,178.796,179.267,179.671,177.702,,0.34%
05/01/2006,178.183,176.454,178.387,176.454,,1.37%
04/28/2006,175.767,174.408,176.646,174.31,,1.22%
04/27/2006,173.652,175.238,176.389,173.592,,-2.29%
04/26/2006,177.728,177.663,178.508,177.277,,-0.08%
04/25/2006,177.869,177.603,178.766,176.856,,0.58%
04/24/2006,176.846,179.254,179.61,176.691,,-1.76%
04/21/2006,180.014,177.361,180.014,176.582,,1.81%
04/20/2006,176.811,178.957,179.108,175.052,,-1.18%
04/19/2006,178.927,177.588,179.047,177.231,,0.76%
04/18/2006,177.571,175.355,177.644,174.887,,2.08%
04/17/2006,173.946,172.39,174.011,172.277,,1.58%
04/13/2006,171.242,169.77,171.411,169.476,,0.56%
04/12/2006,170.29,170.228,170.962,169.962,,0.16%
04/11/2006,170.021,169.763,170.062,168.733,,0.45%
04/10/2006,169.259,168.462,169.629,168.446,,1.23%
04/07/2006,167.195,167.31,167.506,165.858,,-0.81%
04/06/2006,168.552,168.411,168.799,167.879,,1.08%
04/05/2006,166.745,165.427,166.948,165.012,,1.23%
04/04/2006,164.723,165.565,166.136,164.385,,-1.11%
04/03/2006,166.576,166.704,168.542,166.454,,0.84%
03/31/2006,165.194,166.655,166.718,164.416,,-1.29%
03/30/2006,167.351,165.587,167.466,165.439,,1.34%
03/29/2006,165.132,164.042,165.294,163.964,,0.33%
03/28/2006,164.583,163.26,164.749,163.26,,0.82%
03/27/2006,163.24,162.78,163.659,162.632,,0.16%
03/24/2006,162.972,162.269,164.019,162.203,,0.20%
03/23/2006,162.645,160.006,162.715,159.992,,1.73%
03/22/2006,159.88,160.81,161.493,159.778,,-0.55%
03/21/2006,160.766,159.91,161.032,159.426,,0.52%
03/20/2006,159.927,161.455,161.667,159.693,,-1.39%
03/17/2006,162.186,162.598,163.135,162.068,,-0.12%
03/16/2006,162.38,161.759,163.082,161.13,,0.25%
03/15/2006,161.976,162.273,163.3,161.841,,-0.40%
03/14/2006,162.625,161.293,162.745,160.777,,0.91%
03/13/2006,161.161,159.813,161.477,159.602,,0.82%
03/10/2006,159.846,159.179,160.442,158.615,,0.14%
03/09/2006,159.626,159.437,159.909,158.739,,0.53%
03/08/2006,158.78,159.361,159.366,157.865,,-1.06%
03/07/2006,160.483,162.251,162.634,160.136,,-1.20%
03/06/2006,162.428,164.057,164.057,161.762,,-1.86%
03/03/2006,165.499,165.25,165.599,164.038,,0.50%
03/02/2006,164.679,162.978,164.79,162.79,,1.44%
03/01/2006,162.34,161.957,162.878,161.871,,0.07%
02/28/2006,162.234,161.032,162.357,160.159,,0.99%
02/27/2006,160.645,162.46,162.913,160.021,,-1.99%
02/24/2006,163.902,163.296,164.612,163.081,,1.02%
02/23/2006,162.25,162.405,162.938,161.205,,-0.48%
02/22/2006,163.027,163.954,164.54,162.566,,-1.48%
02/21/2006,165.479,164.318,165.487,163.851,,1.82%
02/20/2006,162.515,162.515,162.556,161.402,,0.00%
02/17/2006,162.515,161.733,162.556,161.402,,1.09%
02/16/2006,160.758,160.296,160.804,158.852,,0.65%
02/15/2006,159.726,161.765,162.054,159.037,,-1.31%
02/14/2006,161.839,162.403,162.437,161.379,,-0.34%
02/13/2006,162.384,164.19,164.194,162.203,,-1.16%
02/10/2006,164.285,166.674,167.361,164.17,,-2.05%
02/09/2006,167.731,167.95,168.147,167.066,,0.53%
02/08/2006,166.841,166.639,168.648,166.435,,-0.12%
02/07/2006,167.042,169.786,169.829,166.971,,-2.09%
02/06/2006,170.612,172.308,172.495,170.483,,-1.13%
02/03/2006,172.555,171.082,172.6,170.698,,1.01%
02/02/2006,170.83,171.331,171.454,169.087,,-0.34%
02/01/2006,171.409,174.198,175.34,170.934,,-1.30%
01/31/2006,173.669,173.784,174.519,172.603,,-0.32%
01/30/2006,174.224,172.605,174.349,172.378,,1.54%
01/27/2006,171.589,171.59,172.525,170.935,,0.98%
01/26/2006,169.926,169.39,170.428,168.563,,-0.11%
01/25/2006,170.115,170.944,170.944,169.872,,-0.02%
01/24/2006,170.141,169.243,171.325,168.724,,0.14%
01/23/2006,169.898,169.449,170.341,169.151,,-0.31%
01/20/2006,170.431,170.044,171.221,170.044,,0.93%
01/19/2006,168.868,167.598,168.951,167.055,,0.91%
01/18/2006,167.339,169.646,169.676,166.71,,-1.33%
01/17/2006,169.589,168.697,169.703,168.597,,1.03%
01/16/2006,167.865,167.865,168.02,166.654,,0.00%
01/13/2006,167.865,166.818,168.02,166.654,,0.51%
01/12/2006,167.005,168.259,168.482,166.913,,-0.57%
01/11/2006,167.969,168.318,168.787,167.274,,-0.36%
01/10/2006,168.582,169.48,169.78,168.184,,-0.33%
01/09/2006,169.135,170.019,170.105,168.24,,-0.71%
01/06/2006,170.352,170.33,171.369,169.775,,0.78%
01/05/2006,169.029,170.588,170.762,168.542,,-1.63%
01/04/2006,171.829,170.75,171.956,170.2,,0.00%
01/03/2006,171.829,170.887,172.918,170.424,,0.40%
01/02/2006,171.149,171.149,171.244,169.752,,0.00%
12/30/2005,171.149,168.826,171.277,168.655,,0.76%
12/29/2005,169.863,170.704,171.665,169.498,,-0.68%
12/28/2005,171.023,169.066,171.887,168.114,,1.57%
12/27/2005,168.383,169.054,171.263,167.791,,-1.71%
12/26/2005,171.313,171.313,171.564,170.07,,0.00%
12/23/2005,171.313,171.086,171.564,170.07,,-0.72%
12/22/2005,172.558,174.941,174.959,171.942,,-1.35%
12/21/2005,174.92,173.893,175.267,172.826,,0.43%
12/20/2005,174.173,173.938,176.517,173.841,,-0.06%
12/19/2005,174.284,175.249,175.258,172.787,,0.49%
12/16/2005,173.426,173.206,174.374,173.133,,-0.40%
12/15/2005,174.131,175.184,177.575,173.939,,-1.65%
12/14/2005,177.051,180.102,180.127,176.968,,-1.77%
12/13/2005,180.24,179.759,180.937,179.585,,1.20%
12/12/2005,178.107,177.587,178.165,176.735,,1.61%
12/09/2005,175.291,178.931,179.343,174.611,,-1.33%
12/08/2005,177.651,174.017,178.295,173.943,,2.82%
12/07/2005,172.776,174.014,174.191,172.207,,0.30%
12/06/2005,172.266,172.165,173.308,171.739,,-0.66%
12/05/2005,173.412,174.578,176.414,172.857,,0.41%
12/02/2005,172.701,170.871,172.829,170.063,,1.62%
12/01/2005,169.94,166.792,170.272,166.787,,2.13%
11/30/2005,166.402,163.884,166.678,163.333,,1.86%
11/29/2005,163.358,164.299,165.352,162.686,,-0.21%
11/28/2005,163.708,164.089,164.694,162.045,,-0.54%
11/23/2005,164.601,164.057,165.117,163.708,,-0.29%
11/22/2005,165.072,164.91,165.331,164.524,,0.49%
11/21/2005,164.272,165.133,165.45,163.87,,-0.09%
11/18/2005,164.42,165.839,165.96,164.069,,-0.98%
11/17/2005,166.055,168.526,168.97,165.927,,-0.87%
11/16/2005,167.519,165.029,167.907,164.945,,1.44%
11/15/2005,165.134,166.212,167.104,164.996,,-0.53%
11/14/2005,166.01,166.789,167.173,165.099,,-0.07%
11/11/2005,166.126,165.118,166.195,164.971,,0.86%
11/10/2005,164.703,165.984,165.984,163.876,,-0.97%
11/09/2005,166.314,166.718,167.782,165.355,,-0.55%
11/08/2005,167.235,166.807,167.808,166.056,,0.09%
11/07/2005,167.078,165.057,167.237,164.361,,0.49%
11/04/2005,166.267,166.669,166.792,165.916,,-0.80%
11/03/2005,167.611,166.424,167.742,165.91,,1.33%
11/02/2005,165.413,165.149,166.643,164.546,,-0.17%
11/01/2005,165.691,166.531,166.531,164.455,,-0.50%
10/31/2005,166.516,168.823,168.839,166.305,,-2.02%
10/28/2005,169.945,170.505,170.53,169,,-0.99%
10/27/2005,171.646,172.726,174.373,170.589,,-0.59%
10/26/2005,172.665,175.569,175.687,171.614,,-1.61%
10/25/2005,175.49,170.159,175.729,170.071,,3.42%
10/24/2005,169.68,168.556,169.887,168.467,,-0.40%
10/21/2005,170.358,169.523,170.358,168.282,,-0.31%
10/20/2005,170.886,173.485,173.589,170.468,,-1.53%
10/19/2005,173.537,174.525,174.905,172.729,,-0.72%
10/18/2005,174.79,175.466,175.523,174.544,,-1.42%
10/17/2005,177.307,177.137,177.463,176.15,,1.85%
10/14/2005,174.087,173.325,174.237,172.098,,-0.41%
10/13/2005,174.812,176.89,176.89,174.23,,-1.24%
10/12/2005,177.011,176.641,177.3,175.817,,0.41%
10/11/2005,176.283,174.093,176.423,173.148,,1.79%
10/10/2005,173.178,173.267,173.422,171.708,,-0.34%
10/07/2005,173.764,174.445,174.577,173.118,,0.04%
10/06/2005,173.7,177.07,177.091,173.517,,-1.90%
10/05/2005,177.062,178.039,179.617,176.9,,-0.39%
10/04/2005,177.75,177.87,178.083,176.048,,-0.60%
10/03/2005,178.816,178.597,179.212,178.107,,0.32%
09/30/2005,178.249,178.561,179.407,177.176,,-0.46%
09/29/2005,179.069,178.983,180.315,177.434,,0.37%
09/28/2005,178.405,173.846,179.01,173.8,,2.58%
09/27/2005,173.923,173.164,174.541,172.949,,-0.32%
09/26/2005,174.487,171.564,174.671,169.656,,1.57%
09/23/2005,171.793,173.566,174.358,171.023,,-1.65%
09/22/2005,174.669,176.578,176.655,173.914,,0.50%
09/21/2005,173.801,175.026,175.92,170.901,,0.66%
09/20/2005,172.666,171.237,173.184,170.626,,-0.82%
09/19/2005,174.1,168.755,174.1,168.628,,4.94%
09/16/2005,165.901,167.271,167.681,165.749,,-1.06%
09/15/2005,167.686,168.164,168.76,166.34,,-0.36%
09/14/2005,168.284,166.24,168.384,165.99,,1.22%
09/13/2005,166.253,166.906,167.444,165.679,,-0.69%
09/12/2005,167.413,168.235,168.267,166.189,,-0.82%
09/09/2005,168.804,169.645,170.017,168.467,,-0.22%
09/08/2005,169.175,169.104,169.591,167.086,,0.31%
09/07/2005,168.655,171.063,171.107,168.018,,-1.68%
09/06/2005,171.534,172.457,172.936,171.163,,-0.26%
09/02/2005,171.975,174.043,174.161,171.487,,-1.19%
09/01/2005,174.046,171.913,174.118,170.777,,1.89%
08/31/2005,170.816,171.975,174.158,169.4,,-0.78%
08/30/2005,172.158,170.946,175.271,170.333,,2.10%
08/29/2005,168.613,171.393,171.424,166.695,,2.57%
08/26/2005,164.393,165.487,165.743,164.262,,-0.26%
08/25/2005,164.821,164.83,165.163,163.499,,-0.57%
08/24/2005,165.762,165.965,165.965,163.83,,0.71%
08/23/2005,164.591,165.197,165.848,163.867,,0.08%
08/22/2005,164.467,163.068,166.125,163.066,,1.16%
08/19/2005,162.583,161.548,162.65,160.96,,1.09%
08/18/2005,160.824,162.213,162.459,160.277,,-0.91%
08/17/2005,162.308,164.629,164.821,162.162,,-1.77%
08/16/2005,165.235,164.42,166.416,164.32,,0.43%
08/15/2005,164.525,165.105,165.189,163.016,,-0.95%
08/12/2005,166.111,166.132,167.643,165.601,,0.19%
08/11/2005,165.804,164.105,165.857,164.105,,1.07%
08/10/2005,164.042,161.599,164.799,161.509,,1.87%
08/09/2005,161.024,161.805,161.817,160.881,,-1.07%
08/08/2005,162.77,163.276,163.957,162.154,,0.32%
08/05/2005,162.243,162.692,162.765,160.793,,0.25%
08/04/2005,161.833,161.736,162.948,161.144,,0.16%
08/03/2005,161.579,163.649,164.168,161.51,,-0.80%
08/02/2005,162.875,161.17,163,160.367,,1.12%
08/01/2005,161.078,159.561,162.006,159.373,,1.10%
07/29/2005,159.33,159.327,159.92,158.814,,0.35%
07/28/2005,158.781,157.453,158.896,157.019,,1.23%
07/27/2005,156.853,156.299,157.143,155.597,,0.48%
07/26/2005,156.098,155.752,157.329,155.666,,0.28%
07/25/2005,155.655,154.522,155.759,153.95,,-0.02%
07/22/2005,155.679,154.97,155.771,154.778,,1.02%
07/21/2005,154.107,155.685,155.69,153.377,,-1.31%
07/20/2005,156.146,156.45,157.03,154.982,,-0.25%
07/19/2005,156.541,157.713,158.03,155.793,,-0.98%
07/18/2005,158.098,158.975,159.32,157.2,,-0.92%
07/15/2005,159.56,160.568,160.766,159.333,,0.15%
07/14/2005,159.318,160.788,161.088,158.37,,-0.47%
07/13/2005,160.071,159.347,161.061,159.135,,0.26%
07/12/2005,159.658,158.663,160.173,158.663,,1.12%
07/11/2005,157.893,156.719,157.978,156.719,,-0.15%
07/08/2005,158.137,159.757,160.615,157.98,,-0.64%
07/07/2005,159.159,157.579,159.368,157.541,,-0.63%
07/06/2005,160.175,159.425,160.467,159.366,,1.09%
07/05/2005,158.452,156.125,159.096,156.079,,2.45%
07/01/2005,154.659,153.412,154.837,153.26,,1.16%
06/30/2005,152.885,153.856,154.71,152.297,,-1.13%
06/29/2005,154.633,154.788,155.476,154.341,,-0.14%
06/28/2005,154.843,156.982,157.156,154.352,,-2.03%
06/27/2005,158.053,159.433,159.446,157.627,,-1.12%
06/24/2005,159.839,160.008,160.105,159.075,,0.48%
06/23/2005,159.072,158.57,159.891,158.57,,0.12%
06/22/2005,158.88,159.79,160.584,158.708,,-0.47%
06/21/2005,159.633,159.9,160.952,159.586,,-1.10%
06/20/2005,161.403,161.608,161.608,160.055,,0.97%
06/17/2005,159.852,158.71,159.879,158.658,,1.52%
06/16/2005,157.466,156.707,157.621,156.692,,0.91%
06/15/2005,156.053,155.307,156.612,155.203,,1.24%
06/14/2005,154.137,154.02,154.713,153.964,,-0.26%
06/13/2005,154.534,152.615,154.669,152.603,,1.41%
06/10/2005,152.39,153.47,153.696,152.305,,-0.85%
06/09/2005,153.7,152.501,153.787,152.085,,0.78%
06/08/2005,152.506,154.006,155.269,152.419,,-1.19%
06/07/2005,154.347,155.356,155.766,154.25,,-0.71%
06/06/2005,155.455,156.276,156.855,155.133,,0.24%
06/03/2005,155.081,153.945,155.191,153.709,,1.24%
06/02/2005,153.185,153.251,154.907,153.101,,-0.41%
06/01/2005,153.813,150.815,153.874,150.644,,2.05%
05/31/2005,150.727,150.556,150.836,149.899,,0.00%
05/27/2005,150.723,150.371,150.976,150.344,,0.24%
05/26/2005,150.355,149.682,150.878,149.507,,0.31%
05/25/2005,149.887,148.308,150.497,148.113,,1.22%
05/24/2005,148.078,147.927,148.303,147.269,,0.30%
05/23/2005,147.631,146.028,148.354,145.996,,1.06%
05/20/2005,146.078,146.887,146.992,145.813,,-0.09%
05/19/2005,146.204,147.145,147.5,146.001,,-0.62%
05/18/2005,147.116,147.897,148.376,146.622,,-0.21%
05/17/2005,147.432,146.864,147.498,146.51,,0.49%
05/16/2005,146.71,146.928,146.933,145.727,,-0.42%
05/13/2005,147.326,148.705,148.728,146.429,,-0.79%
05/12/2005,148.503,150.682,150.743,148.283,,-1.94%
05/11/2005,151.44,151.837,152.295,151.124,,-0.77%
05/10/2005,152.61,152.261,153.741,152.257,,0.35%
05/09/2005,152.081,151.894,152.193,151.423,,0.50%
05/06/2005,151.321,151.634,151.855,150.586,,0.11%
05/05/2005,151.153,151.064,151.216,149.841,,0.35%
05/04/2005,150.62,149.742,151.202,149.131,,0.39%
05/03/2005,150.04,151.93,152.028,149.917,,-1.66%
05/02/2005,152.57,151.588,152.943,151.218,,0.18%
04/29/2005,152.294,153.412,154.042,151.876,,-0.78%
04/28/2005,153.484,153.893,153.893,152.159,,-0.41%
04/27/2005,154.119,157.624,157.705,154.047,,-2.28%
04/26/2005,157.709,157.427,157.739,156.651,,0.02%
04/25/2005,157.674,158.174,159.053,157.602,,0.00%
04/22/2005,157.681,157.053,158.213,157.042,,0.60%
04/21/2005,156.735,155.831,156.806,155.565,,-0.14%
04/20/2005,156.956,156.525,157.313,156.249,,0.79%
04/19/2005,155.73,152.917,155.747,152.887,,2.48%
04/18/2005,151.961,151.89,152.712,151.705,,-0.60%
04/15/2005,152.884,152.833,153.221,152.485,,-0.30%
04/14/2005,153.347,152.861,153.563,151.991,,-0.15%
04/13/2005,153.575,154.612,154.612,153.341,,-1.37%
04/12/2005,155.702,158.016,158.174,155.643,,-1.16%
04/11/2005,157.533,156.391,157.611,155.953,,0.51%
04/08/2005,156.729,158.308,158.308,156.41,,-0.99%
04/07/2005,158.293,161.12,161.199,157.984,,-1.34%
04/06/2005,160.436,160.206,161.667,159.839,,0.07%
04/05/2005,160.324,160.486,161.392,160.265,,-0.60%
04/04/2005,161.286,162.986,163.276,160.975,,-0.68%
04/01/2005,162.389,162.011,162.806,160.999,,0.18%
03/31/2005,162.094,161.034,163.983,161.034,,1.01%
03/30/2005,160.477,159.321,160.658,158.742,,0.78%
03/29/2005,159.234,158.564,159.723,158.235,,0.61%
03/28/2005,158.262,158.109,158.566,157.291,,-0.24%
03/24/2005,158.645,158.817,158.973,157.48,,0.31%
03/23/2005,158.157,159.587,159.659,157.38,,-1.96%
03/22/2005,161.323,162.097,162.499,160.983,,-0.47%
03/21/2005,162.09,163.254,163.329,160.92,,-1.01%
03/18/2005,163.74,163.713,164.408,163.128,,-0.46%
03/17/2005,164.501,166.117,166.189,163.818,,-0.45%
03/16/2005,165.246,164.106,165.691,163.932,,0.58%
03/15/2005,164.3,163.293,164.614,162.695,,1.16%
03/14/2005,162.414,161.765,162.681,161.189,,0.01%
03/11/2005,162.401,160.183,162.517,160.062,,1.05%
03/10/2005,160.721,160.767,161.386,159.973,,-0.38%
03/09/2005,161.341,161.16,161.971,160.176,,0.46%
03/08/2005,160.599,158.362,161.216,158.34,,1.36%
03/07/2005,158.446,158.219,158.534,157.732,,-0.17%
03/04/2005,158.72,157.943,158.907,157.791,,0.48%
03/03/2005,157.967,157.09,158.676,156.989,,0.44%
03/02/2005,157.269,155.598,157.463,155.568,,0.96%
03/01/2005,155.779,156.153,156.334,154.987,,-0.68%
02/28/2005,156.851,156.294,158.321,155.778,,1.10%
02/25/2005,155.146,153.115,155.211,152.779,,1.28%
02/24/2005,153.184,154.295,154.465,152.763,,-0.54%
02/23/2005,154.021,152.24,154.194,151.932,,0.73%
02/22/2005,152.9,150.436,153.033,149.686,,3.05%
02/18/2005,148.369,147.717,148.63,147.657,,0.45%
02/17/2005,147.698,148.092,148.344,147.53,,0.14%
02/16/2005,147.491,147.091,147.74,146.302,,0.09%
02/15/2005,147.365,147.088,147.653,146.617,,0.39%
02/14/2005,146.795,146.492,147.025,145.746,,0.58%
02/11/2005,145.945,145.555,146.037,145.225,,0.21%
02/10/2005,145.64,144.182,145.752,144.06,,1.59%
02/09/2005,143.36,143.069,143.908,141.118,,0.19%
02/08/2005,143.088,141.987,143.206,141.987,,0.47%
02/07/2005,142.412,143.294,143.396,142.203,,-0.57%
02/04/2005,143.231,143.793,144.06,142.928,,-0.22%
02/03/2005,143.546,144.338,144.382,142.625,,-0.74%
02/02/2005,144.61,145.729,145.92,144.507,,-0.64%
02/01/2005,145.536,146.255,146.414,145.478,,-0.88%
01/31/2005,146.821,144.819,146.884,144.346,,0.72%
01/28/2005,145.77,146.545,146.72,145.283,,-0.85%
01/27/2005,147.015,148.33,148.511,146.907,,-0.78%
01/26/2005,148.174,148.142,149.244,147.511,,-0.09%
01/25/2005,148.308,147.335,148.572,146.39,,0.30%
01/24/2005,147.868,147.976,148.331,147.161,,0.59%
01/21/2005,146.997,146.671,148.19,146.569,,0.63%
01/20/2005,146.07,145.507,146.369,145.417,,-0.33%
01/19/2005,146.559,146.319,147.062,146.214,,0.33%
01/18/2005,146.076,148.067,148.327,145.486,,-0.49%
01/14/2005,146.794,147.314,147.677,146.595,,-0.53%
01/13/2005,147.573,145.497,147.752,145.212,,1.66%
01/12/2005,145.157,144.83,145.777,144.089,,-0.09%
01/11/2005,145.282,144.384,145.618,144.024,,0.49%
01/10/2005,144.572,145.191,146.67,144.384,,0.25%
01/07/2005,144.212,144.683,145.098,143.594,,-0.19%
01/06/2005,144.488,141.725,144.607,141.568,,1.62%
01/05/2005,142.18,142.434,142.911,141.672,,-0.15%
01/04/2005,142.393,141.503,142.668,139.983,,-0.63%
01/03/2005,143.295,143.988,144,142.578,,-1.59%
12/31/2004,145.604,145.604,145.604,145.604,,0.00%
12/30/2004,145.604,145.343,145.622,144.659,,-0.40%
12/29/2004,146.196,144.701,146.287,144.286,,1.12%
12/28/2004,144.573,144.289,145.227,144.226,,0.33%
12/27/2004,144.096,146.114,146.192,143.884,,-2.07%
12/23/2004,147.141,146.817,147.715,146.616,,0.16%
12/22/2004,146.91,148.535,148.904,146.206,,-1.15%
12/21/2004,148.622,148.125,148.89,147.608,,-0.02%
12/20/2004,148.647,148.828,149.409,148.145,,-0.57%
12/17/2004,149.504,146.479,149.644,146.334,,2.43%
12/16/2004,145.951,146.859,146.88,145.223,,-0.64%
12/15/2004,146.891,144.316,147.128,144.316,,2.05%
12/14/2004,143.936,143.93,144.129,142.996,,0.31%
12/13/2004,143.494,142.359,143.696,141.935,,1.57%
12/10/2004,141.271,143.521,143.783,140.838,,-1.16%
12/09/2004,142.93,142.549,143.644,142.382,,0.38%
12/08/2004,142.392,141.229,142.846,140.512,,-0.31%
12/07/2004,142.831,145.687,145.687,142.649,,-1.95%
12/06/2004,145.676,145.884,146.116,145.146,,0.31%
12/03/2004,145.221,145.198,145.964,144,,-0.04%
12/02/2004,145.278,151.277,151.277,144.624,,-3.07%
12/01/2004,149.883,153.318,153.808,149.883,,-2.30%
11/30/2004,153.406,154.416,155.152,152.799,,-0.86%
11/29/2004,154.74,154.985,155.794,153.97,,-0.95%
11/26/2004,156.223,156.223,156.223,156.223,,0.00%
11/24/2004,156.223,152.804,156.383,151.899,,2.15%
11/23/2004,152.942,152.332,154.33,152.307,,0.62%
11/22/2004,152.005,153.234,153.331,151.578,,-0.68%
11/19/2004,153.047,151.225,153.304,150.963,,1.20%
11/18/2004,151.236,152.216,152.4,150.531,,-0.83%
11/17/2004,152.496,150.266,152.662,149.87,,1.72%
11/16/2004,149.921,151.577,152.067,149.791,,-1.10%
11/15/2004,151.583,149.672,151.908,149.195,,0.65%
11/12/2004,150.608,151.082,151.456,150.497,,0.16%
11/11/2004,150.367,151.033,151.225,149.912,,-1.05%
11/10/2004,151.97,149.574,152.155,149.512,,1.59%
11/09/2004,149.586,150.541,150.931,149.23,,-1.02%
11/08/2004,151.13,151.109,152.276,150.569,,-0.75%
11/05/2004,152.265,152.072,152.912,151.131,,0.06%
11/04/2004,152.174,154.713,155.209,152.031,,-1.33%
11/03/2004,154.22,153.176,154.425,152.1,,1.16%
11/02/2004,152.453,152.919,153.46,152.018,,-0.52%
11/01/2004,153.253,156.135,156.881,152.551,,-1.48%
10/29/2004,155.549,154.7,155.732,153.993,,0.99%
10/28/2004,154.03,155.114,156.787,153.886,,-1.26%
10/27/2004,155.989,159.46,160.176,155.777,,-2.07%
10/26/2004,159.294,156.97,159.433,156.848,,1.30%
10/25/2004,157.255,158.224,158.596,157.022,,-0.55%
10/22/2004,158.13,157.05,158.818,157.048,,0.63%
10/21/2004,157.143,156.963,157.217,155.949,,0.51%
10/20/2004,156.35,155.176,156.558,154.342,,1.20%
10/19/2004,154.489,152.543,154.519,152.404,,0.90%
10/18/2004,153.118,154.165,154.948,152.726,,-1.20%
10/15/2004,154.976,154.317,155.111,154.006,,0.56%
10/14/2004,154.112,153.557,154.24,153.044,,0.66%
10/13/2004,153.095,151.504,153.465,150.579,,-1.06%
10/12/2004,154.73,156.908,157.02,150.261,,-1.87%
10/11/2004,157.671,157.437,158.008,156.641,,-0.04%
10/08/2004,157.736,156.217,157.841,156.122,,0.86%
10/07/2004,156.397,156.641,157.237,155.809,,0.44%
10/06/2004,155.709,154.702,155.883,154.16,,0.73%
10/05/2004,154.574,153.258,154.933,153.233,,1.69%
10/04/2004,152.005,152.109,152.516,151.761,,-0.86%
10/01/2004,153.318,152.218,153.439,151.792,,0.09%
09/30/2004,153.175,153.313,153.804,152.414,,0.27%
09/29/2004,152.757,151.353,154.009,151.344,,1.23%
09/28/2004,150.899,150.871,151.098,149.902,,0.37%
09/27/2004,150.34,149.73,151.426,149.673,,0.67%
09/24/2004,149.337,149.912,150.104,148.879,,-0.67%
09/23/2004,150.35,149.94,150.73,149.024,,0.17%
09/22/2004,150.101,148.254,150.549,148.071,,1.29%
09/21/2004,148.196,146.323,148.395,146.251,,1.78%
09/20/2004,145.608,145.06,145.69,143.227,,0.48%
09/17/2004,144.917,143.789,145.255,143.602,,1.26%
09/16/2004,143.111,143.731,143.731,141.892,,0.07%
09/15/2004,143.01,143.942,144.513,142.778,,-0.63%
09/14/2004,143.915,144.083,144.417,143.603,,0.33%
09/13/2004,143.444,142.413,143.806,142.306,,1.26%
09/10/2004,141.654,143.383,143.776,141.391,,-0.90%
09/09/2004,142.943,140.895,143.051,140.858,,1.38%
09/08/2004,140.991,141.21,141.989,140.538,,-0.44%
09/07/2004,141.609,141.694,141.794,141.013,,-0.84%
09/03/2004,142.805,143.947,143.977,142.534,,-0.95%
09/02/2004,144.17,145.337,145.619,141.953,,-0.83%
09/01/2004,145.377,144.065,145.694,143.685,,1.27%
08/31/2004,143.556,142.788,143.664,142.017,,0.36%
08/30/2004,143.04,143,143.18,142.101,,0.28%
08/27/2004,142.634,143.51,143.687,142.412,,-0.30%
08/26/2004,143.065,143.64,143.729,142.675,,-0.60%
08/25/2004,143.927,146.121,146.589,143.671,,-1.47%
08/24/2004,146.075,147.575,147.691,145.596,,-1.17%
08/23/2004,147.806,148.277,148.438,147.731,,-0.46%
08/20/2004,148.483,149.367,149.691,148.428,,-0.42%
08/19/2004,149.104,147.413,149.208,147.107,,1.53%
08/18/2004,146.855,147.002,147.265,146.301,,-0.11%
08/17/2004,147.022,146.174,147.291,145.898,,0.60%
08/16/2004,146.152,146.844,146.872,145.859,,-0.49%
08/13/2004,146.872,144.732,146.884,141.681,,1.32%
08/12/2004,144.954,144.162,145.058,144.16,,0.58%
08/11/2004,144.125,144.905,144.937,143.166,,-0.70%
08/10/2004,145.142,145.679,145.796,144.985,,-0.20%
08/09/2004,145.432,144.694,145.678,144.541,,0.43%
08/06/2004,144.805,145.521,145.974,144.459,,-0.65%
08/05/2004,145.756,144.701,145.977,143.875,,1.13%
08/04/2004,144.126,145.854,145.886,143.938,,-1.40%
08/03/2004,146.177,145.818,146.518,145.216,,0.12%
08/02/2004,146.003,145.792,146.427,145.106,,-0.28%
07/30/2004,146.414,146.405,146.835,146.062,,0.30%
07/29/2004,145.975,145.531,146.313,145.013,,0.16%
07/28/2004,145.746,144.826,147.05,144.121,,0.97%
07/27/2004,144.341,144.418,144.743,144.024,,-0.01%
07/26/2004,144.36,144.77,144.803,143.598,,-0.60%
07/23/2004,145.233,144.878,145.447,144.445,,-0.07%
07/22/2004,145.341,144.376,145.773,144.008,,0.77%
07/21/2004,144.229,145.227,145.269,143.821,,-0.82%
07/20/2004,145.416,146.407,146.603,145.27,,-0.89%
07/19/2004,146.727,146.055,147.088,145.945,,0.05%
07/16/2004,146.65,146.906,147.648,146.152,,0.13%
07/15/2004,146.466,147.485,147.778,146.311,,-0.90%
07/14/2004,147.8,145.307,147.872,145.184,,1.84%
07/13/2004,145.135,145.496,145.652,144.529,,-0.54%
07/12/2004,145.924,146.488,147.737,145.808,,-0.80%
07/09/2004,147.096,147.404,147.676,147.024,,-0.26%
07/08/2004,147.482,147.342,147.922,145.907,,0.11%
07/07/2004,147.313,146.617,148.145,146.602,,0.24%
07/06/2004,146.955,146.184,147.044,145.758,,1.23%
07/02/2004,145.174,145.151,146.002,145.007,,-0.39%
07/01/2004,145.746,143.801,146.107,143.443,,1.19%
06/30/2004,144.034,143.672,144.087,142.739,,0.52%
06/29/2004,143.289,143.946,144.326,143.156,,-0.67%
06/28/2004,144.25,146.017,146.301,143.968,,-1.89%
06/25/2004,147.031,146.929,147.417,146.526,,-0.44%
06/24/2004,147.681,146.809,147.759,146.658,,0.89%
06/23/2004,146.383,145.278,146.584,145.169,,0.62%
06/22/2004,145.477,145.511,146.035,144.754,,-0.38%
06/21/2004,146.028,146.877,147.091,145.916,,-0.81%
06/18/2004,147.216,147.392,147.422,146.74,,0.00%
06/17/2004,147.217,146.16,147.403,143.29,,1.40%
06/16/2004,145.178,144.123,145.236,144.116,,0.72%
06/15/2004,144.141,144.409,145.537,143.985,,-0.51%
06/14/2004,144.875,144.882,145.841,144.752,,-0.62%
06/10/2004,145.775,145.871,146.024,144.598,,0.15%
06/09/2004,145.552,145.631,145.779,144.884,,-0.46%
06/08/2004,146.223,148.714,148.895,146.093,,-1.58%
06/07/2004,148.566,147.075,148.935,146.782,,0.27%
06/04/2004,148.165,148.25,149.077,147.814,,-0.54%
06/03/2004,148.962,151.053,151.803,148.044,,-1.42%
06/02/2004,151.113,154.534,154.643,151.004,,-2.50%
06/01/2004,154.994,153.426,155.184,152.916,,3.03%
05/28/2004,150.436,149.582,150.896,149.449,,0.56%
05/27/2004,149.594,150.537,150.914,149.248,,-1.00%
05/26/2004,151.107,151.744,152.477,150.713,,-0.20%
05/25/2004,151.408,151.643,152.23,150.841,,-0.14%
05/24/2004,151.625,148.559,151.743,148.504,,2.22%
05/21/2004,148.329,148.771,149.345,147.677,,-0.02%
05/20/2004,148.366,149.967,150.32,148.255,,-1.49%
05/19/2004,150.612,146.902,150.753,146.833,,2.53%
05/18/2004,146.902,147.49,147.946,146.494,,-0.89%
05/17/2004,148.226,148.89,148.945,147.165,,-0.57%
05/14/2004,149.078,150.171,150.626,148.905,,-0.65%
05/13/2004,150.047,149.666,150.334,148.435,,0.16%
05/12/2004,149.811,150.461,151.191,149.465,,-0.19%
05/11/2004,150.095,148.314,150.155,148.295,,1.25%
05/10/2004,148.249,148.446,149.393,148.16,,-1.96%
05/07/2004,151.212,151.002,151.378,149.876,,0.15%
05/06/2004,150.985,152.475,152.596,150.834,,-0.91%
05/05/2004,152.368,151.725,152.523,151.143,,0.29%
05/04/2004,151.932,150.61,152.075,150.55,,1.00%
05/03/2004,150.422,148.416,150.513,148.213,,1.60%
04/30/2004,148.046,148.327,149.303,147.902,,0.22%
04/29/2004,147.72,146.437,147.942,146.309,,0.71%
04/28/2004,146.673,147.212,147.812,146.452,,-1.30%
04/27/2004,148.602,146.915,148.884,146.871,,1.34%
04/26/2004,146.635,145.779,146.81,145.668,,0.79%
04/23/2004,145.485,145.544,145.651,144.955,,0.23%
04/22/2004,145.153,144.876,145.589,144.439,,0.67%
04/21/2004,144.194,145.718,145.718,144.028,,-2.32%
04/20/2004,147.624,147.636,148.235,147.237,,-0.57%
04/19/2004,148.474,148.959,149.715,148.323,,-0.25%
04/16/2004,148.845,147.009,149.191,146.999,,0.24%
04/15/2004,148.488,149.348,150.464,147.43,,-0.90%
04/14/2004,149.832,148.329,149.832,147.226,,0.82%
04/13/2004,148.613,150.627,150.688,148.285,,-1.89%
04/12/2004,151.475,151.143,151.939,150.67,,-0.06%
04/08/2004,151.567,151.038,151.942,150.705,,0.46%
04/07/2004,150.871,149.806,151.746,148.954,,0.77%
04/06/2004,149.713,148.561,149.79,148.295,,0.70%
04/05/2004,148.668,150.527,150.59,148.361,,-0.94%
04/02/2004,150.08,150.285,150.468,148.844,,0.08%
04/01/2004,149.966,150.916,151.62,149.615,,-0.58%
03/31/2004,150.837,150.961,151.114,148.011,,0.28%
03/30/2004,150.415,148.646,150.672,148.575,,1.63%
03/29/2004,148.002,147.709,148.26,147.117,,-0.05%
03/26/2004,148.069,147.821,148.501,147.006,,0.27%
03/25/2004,147.666,149.148,149.328,147.538,,-1.60%
03/24/2004,150.068,151.678,151.824,149.83,,-0.91%
03/23/2004,151.44,150.94,151.61,150.26,,-0.16%
03/22/2004,151.69,151.65,152.06,151.13,,0.28%
03/19/2004,151.26,151.01,151.52,150.71,,0.07%
03/18/2004,151.16,150.15,151.27,150.07,,0.63%
03/17/2004,150.22,149.23,150.33,148.72,,0.64%
03/16/2004,149.27,148.01,149.49,147.99,,0.66%
03/15/2004,148.29,146.38,148.41,146.27,,1.81%
03/12/2004,145.65,146.76,146.89,144.63,,-0.74%
03/11/2004,146.73,144.41,146.83,144.38,,1.97%
03/10/2004,143.89,144.61,144.61,143.19,,-0.28%
03/09/2004,144.3,143.73,144.37,143.47,,0.24%
03/08/2004,143.96,145.24,145.97,143.65,,-1.44%
03/05/2004,146.06,144.82,146.16,144.75,,0.85%
03/04/2004,144.83,144.35,144.86,143.2,,0.52%
03/03/2004,144.08,145.93,146.09,143.5,,-1.84%
03/02/2004,146.78,147.99,148.27,146.62,,-1.29%
03/01/2004,148.7,147.18,148.82,146.79,,1.54%
02/27/2004,146.45,145.05,146.67,144.91,,0.57%
02/26/2004,145.62,143.85,145.62,143.7,,1.24%
02/25/2004,143.84,143.62,144.43,143.37,,0.49%
02/24/2004,143.14,141.91,143.18,141.82,,1.10%
02/23/2004,141.58,141.07,141.85,140.79,,0.45%
02/20/2004,140.95,141.8,141.8,140.35,,-0.66%
02/19/2004,141.88,141.1,141.95,140.54,,0.64%
02/18/2004,140.98,142.71,142.74,140.79,,-0.74%
02/17/2004,142.03,141.12,142.39,140.49,,1.09%
02/13/2004,140.5,140.12,140.87,140.03,,0.34%
02/12/2004,140.02,139.54,140.29,139.54,,0.47%
02/11/2004,139.37,138.01,139.67,137.55,,0.69%
02/10/2004,138.41,138.4,138.97,137.76,,0.26%
02/09/2004,138.05,137.17,138.13,136.82,,0.55%
02/06/2004,137.3,137.79,138.55,136.93,,-0.30%
02/05/2004,137.72,136.69,137.81,136.1,,0.27%
02/04/2004,137.35,138.86,139.16,137.16,,-0.84%
02/03/2004,138.52,138.73,139.86,138.39,,0.04%
02/02/2004,138.47,137.3,138.52,136.63,,0.62%
01/30/2004,137.62,137.67,138.1,136.83,,0.58%
01/29/2004,136.82,138.21,138.22,136.11,,-1.26%
01/28/2004,138.56,139.21,140.14,138.11,,-0.50%
01/27/2004,139.25,139.87,140.57,139.15,,-0.44%
01/26/2004,139.87,140.05,140.71,139.37,,-0.95%
01/23/2004,141.21,141.74,142.05,140.67,,-0.06%
01/22/2004,141.3,142.57,142.69,139.86,,-0.43%
01/21/2004,141.91,141.87,142.38,141.15,,-0.18%
01/20/2004,142.17,141.32,142.37,140.91,,1.59%
01/16/2004,139.95,137.73,140.01,137.58,,1.85%
01/15/2004,137.41,141.29,141.54,137.25,,-2.28%
01/14/2004,140.61,140.49,140.96,139.79,,-0.04%
01/13/2004,140.66,142.59,142.77,140.56,,-1.16%
01/12/2004,142.31,140.72,142.78,139.75,,0.06%
01/09/2004,142.22,142.54,142.88,141.69,,0.73%
01/08/2004,141.19,139.01,141.5,138.79,,1.42%
01/07/2004,139.22,139.21,139.58,138.48,,-0.61%
01/06/2004,140.08,141.47,142.69,139.93,,-0.24%
01/05/2004,140.42,138.41,140.61,136.15,,3.81%
01/02/2004,135.269,135.269,135.269,135.269,,0.00%
12/31/2003,135.27,136.38,136.39,134.45,,-0.46%
12/30/2003,135.89,135.8,136.5,135.45,,0.58%
12/29/2003,135.1,135.04,135.2,134.2,,0.32%
12/26/2003,134.672,134.672,134.672,134.672,,0.00%
12/24/2003,134.67,134.03,134.77,132.85,,0.74%
12/23/2003,133.68,133.9,134.02,132.84,,-0.16%
12/22/2003,133.89,136,136.42,133.88,,-2.11%
12/19/2003,136.77,137.44,137.57,136.72,,-0.40%
12/18/2003,137.32,137.32,137.58,136.06,,0.39%
12/17/2003,136.79,135.61,137.79,135.57,,0.75%
12/16/2003,135.77,136.26,136.31,135.36,,-0.41%
12/15/2003,136.33,135.12,136.33,134.74,,-0.22%
12/12/2003,136.63,134.69,136.63,132.57,,2.02%
12/11/2003,133.92,134.32,134.84,132.82,,-0.62%
12/10/2003,134.75,135.15,137.12,134.3,,-0.04%
12/09/2003,134.8,135.15,135.39,134.17,,-0.16%
12/08/2003,135.01,132.7,135.31,132.36,,2.44%
12/05/2003,131.8,133.33,133.45,131.7,,-0.74%
12/04/2003,132.78,132.3,133.78,130.95,,0.51%
12/03/2003,132.1,130.84,132.21,130.59,,0.73%
12/02/2003,131.14,129.65,131.26,129.53,,1.63%
12/01/2003,129.04,127.04,129.07,127,,2.34%
11/28/2003,126.087,126.087,126.087,126.087,,0.00%
11/26/2003,126.09,125.33,126.46,125.3,,0.83%
11/25/2003,125.05,124.91,125.16,124.15,,0.18%
11/24/2003,124.82,126.23,126.64,124.4,,-1.64%
11/21/2003,126.9,127.28,127.4,126.55,,-0.09%
11/20/2003,127.01,127.7,128.23,126.73,,-0.59%
11/19/2003,127.76,129.46,129.62,127.69,,-1.72%
11/18/2003,129.99,128.45,130.09,128.12,,1.16%
11/17/2003,128.5,129.94,129.96,127.99,,-1.80%
11/14/2003,130.85,129.83,131.06,129.77,,1.25%
11/13/2003,129.23,128.65,129.28,128.11,,0.58%
11/12/2003,128.48,128.2,129.36,127.12,,0.29%
11/11/2003,128.11,127.33,128.17,127.15,,0.82%
11/10/2003,127.07,127.18,127.26,126.47,,-0.02%
11/07/2003,127.1,126.2,127.91,126.19,,0.75%
11/06/2003,126.15,127.68,128.06,126.04,,-0.90%
11/05/2003,127.3,124.73,127.38,124.59,,1.71%
11/04/2003,125.16,124.95,125.58,124.92,,0.00%
11/03/2003,125.16,126.96,127.04,125.13,,-1.11%
10/31/2003,126.57,126.08,126.64,125.42,,0.59%
10/30/2003,125.83,127.18,127.32,125.58,,-0.95%
10/29/2003,127.04,127.17,127.58,126.38,,0.54%
10/28/2003,126.36,126.06,126.58,125.51,,0.02%
10/27/2003,126.34,126.67,127.4,126.28,,-0.23%
10/24/2003,126.63,126.94,127.47,126.42,,-0.15%
10/23/2003,126.82,125.74,126.86,125.29,,0.96%
10/22/2003,125.62,125.7,126.01,124.91,,0.44%
10/21/2003,125.07,125.12,125.35,124.62,,0.14%
10/20/2003,124.89,125.02,125.49,124.76,,-0.50%
10/17/2003,125.52,126.56,126.59,124.89,,-1.13%
10/16/2003,126.96,127.52,127.97,126.81,,-0.50%
10/15/2003,127.6,127.15,127.77,126.88,,0.16%
10/14/2003,127.4,128.12,128.58,126.93,,-0.79%
10/13/2003,128.42,127.35,128.47,127.17,,0.97%
10/10/2003,127.18,125.21,127.81,125.07,,1.56%
10/09/2003,125.23,123.23,125.36,123.11,,1.76%
10/08/2003,123.07,123.31,123.55,122.63,,-0.27%
10/07/2003,123.4,122.41,123.67,122.38,,0.93%
10/06/2003,122.26,121.72,122.37,121.11,,0.26%
10/03/2003,121.94,121.69,122.93,121.53,,0.01%
10/02/2003,121.93,122,122.21,121.25,,0.65%
10/01/2003,121.14,120.85,121.22,119.96,,0.20%
09/30/2003,120.9,120.72,121.47,120.26,,0.39%
09/29/2003,120.43,119.62,120.6,119.46,,1.19%
09/26/2003,119.01,119.72,119.76,118.9,,-0.86%
09/25/2003,120.04,120.61,120.66,119.99,,-0.02%
09/24/2003,120.07,119.53,120.58,119.26,,1.32%
09/23/2003,118.51,118.86,119.2,118.46,,-0.09%
09/22/2003,118.62,118.53,118.7,118.03,,0.61%
09/19/2003,117.9,117.69,117.98,117.23,,0.38%
09/18/2003,117.45,117.41,117.71,116.79,,-0.20%
09/17/2003,117.69,117.96,118.03,117.16,,-0.10%
09/16/2003,117.81,119.08,119.52,117.75,,-1.19%
09/15/2003,119.23,119.52,119.7,118.84,,-0.38%
09/12/2003,119.68,120.45,120.47,119.07,,-0.76%
09/11/2003,120.6,120.66,121.33,120.32,,-0.04%
09/10/2003,120.65,119.81,120.74,119.43,,0.56%
09/09/2003,119.98,119.92,125.31,118.42,,0.32%
09/08/2003,119.6,119.84,120.56,119.32,,-0.03%
09/05/2003,119.63,119.22,119.89,119.11,,0.27%
09/04/2003,119.31,119.34,119.76,117.56,,-0.20%
09/03/2003,119.55,119.25,119.72,118.65,,0.65%
09/02/2003,118.78,120.87,120.88,118.41,,-2.16%
09/01/2003,121.4,120.9,121.4,120.9,,0.41%
08/29/2003,120.9,120.7,120.98,120.66,,0.42%
08/28/2003,120.4,120.1,120.66,119.85,,0.34%
08/27/2003,119.99,120.31,120.78,119.89,,-0.46%
08/26/2003,120.55,121.05,121.21,120.46,,-0.01%
08/25/2003,120.56,121.19,121.87,120.46,,-0.63%
08/22/2003,121.32,121.05,121.49,120.93,,0.40%
08/21/2003,120.84,120.36,121.45,119.57,,0.62%
08/20/2003,120.1,119.06,120.37,118.94,,1.03%
08/19/2003,118.87,118.89,119.31,118.47,,-0.06%
08/18/2003,118.94,118.58,119.24,118.53,,0.83%
08/15/2003,117.96,118.48,118.49,117.5,,-0.28%
08/14/2003,118.29,118.72,119.41,117.38,,-0.20%
08/13/2003,118.53,118.98,119.41,118.45,,-0.39%
08/12/2003,119,118.54,119.31,118,,0.28%
08/11/2003,118.67,118.55,119.21,118.23,,0.05%
08/08/2003,118.61,119.11,119.21,117.84,,-0.44%
08/07/2003,119.14,118.1,119.32,117.7,,1.23%
08/06/2003,117.69,118.11,118.23,116.9,,0.20%
08/05/2003,117.45,117.64,118.14,117.35,,0.17%
08/04/2003,117.25,117.61,118.38,117.19,,-0.94%
08/01/2003,118.36,116.87,118.47,116.67,,1.68%
07/31/2003,116.4,116.08,116.95,115.93,,0.31%
07/30/2003,116.04,115.88,116.29,115.67,,-0.12%
07/29/2003,116.18,116.18,116.74,115.85,,-0.04%
07/28/2003,116.23,115.7,116.48,115.6,,0.41%
07/25/2003,115.76,115.23,115.99,114.88,,0.34%
07/24/2003,115.37,115.03,115.45,113.04,,0.54%
07/23/2003,114.75,114.35,115.19,113.97,,0.64%
07/22/2003,114.02,115.73,116,113.43,,-1.77%
07/21/2003,116.07,116.38,116.38,115.5,,-0.09%
07/18/2003,116.17,115.52,116.38,115.47,,0.40%
07/17/2003,115.71,115.5,116.43,114.67,,0.26%
07/16/2003,115.41,116.08,116.51,115.03,,-0.60%
07/15/2003,116.11,117.19,117.39,115.88,,-0.90%
07/14/2003,117.17,117.1,117.21,114.56,,0.13%
07/11/2003,117.02,116.94,117.73,116.87,,-0.03%
07/10/2003,117.06,117.95,118.47,117.02,,-1.02%
07/09/2003,118.27,117.92,118.28,117.09,,0.89%
07/08/2003,117.23,116.26,117.25,116.19,,0.47%
07/07/2003,116.68,115.65,116.87,115.58,,0.46%
07/04/2003,116.14,116.14,117.17,116.06,,0.00%
07/03/2003,116.14,116.49,117.17,116.06,,-0.27%
07/02/2003,116.45,116.17,116.75,115.27,,0.04%
07/01/2003,116.4,115.48,116.42,115.11,,0.53%
06/30/2003,115.79,115.22,115.91,115.19,,0.43%
06/27/2003,115.29,115.04,115.62,114.92,,0.51%
06/26/2003,114.71,116.82,116.83,114.55,,-2.17%
06/25/2003,117.25,115.85,117.26,115.72,,1.16%
06/24/2003,115.9,116.59,116.72,115.79,,-0.77%
06/23/2003,116.8,117.19,117.56,116.63,,-0.63%
06/20/2003,117.54,117.41,118.18,117.25,,-0.06%
06/19/2003,117.61,117.13,117.69,116.8,,0.28%
06/18/2003,117.28,117.33,117.57,116.23,,-0.44%
06/17/2003,117.8,117.23,117.87,117.06,,0.68%
06/16/2003,117.01,116.99,117.54,116.35,,0.03%
06/13/2003,116.98,117.97,118.06,116.66,,-1.32%
06/12/2003,118.54,120.06,120.06,118.18,,-1.68%
06/11/2003,120.57,120.39,120.73,119.61,,0.03%
06/10/2003,120.53,119.97,120.57,119.55,,0.43%
06/09/2003,120.01,120.05,120.92,119.94,,-0.68%
06/06/2003,120.83,120.62,120.92,119.86,,0.59%
06/05/2003,120.12,118.99,120.24,118.76,,0.91%
06/04/2003,119.04,119.88,120.54,118.31,,-0.55%
06/03/2003,119.7,119.81,120.12,119.25,,-0.47%
06/02/2003,120.27,119.05,121.69,119,,1.22%
05/30/2003,118.82,118.2,118.97,118.2,,0.59%
05/29/2003,118.12,117,118.39,116.57,,0.71%
05/28/2003,117.29,117.8,118.07,117.02,,-0.80%
05/27/2003,118.24,118.98,118.99,117.33,,-0.51%
05/26/2003,118.85,118.85,119.19,118.72,,0.00%
05/23/2003,118.85,119.03,119.19,118.72,,0.10%
05/22/2003,118.73,119.51,119.71,118.61,,-0.78%
05/21/2003,119.66,118.95,120.44,118.87,,0.73%
05/20/2003,118.79,118.27,118.99,118.13,,0.26%
05/19/2003,118.48,119.58,120.32,118.24,,-0.85%
05/16/2003,119.49,118.87,119.74,118.66,,0.23%
05/15/2003,119.21,119.52,120.13,119.07,,-0.43%
05/14/2003,119.72,119.11,120.03,118.2,,0.58%
05/13/2003,119.03,117.84,119.13,117.36,,1.40%
05/12/2003,117.39,116.74,117.87,116.73,,0.66%
05/09/2003,116.62,114.98,116.71,114.55,,1.54%
05/08/2003,114.85,113.6,115.26,113.55,,0.95%
05/07/2003,113.77,113.26,113.82,112.73,,0.69%
05/06/2003,112.99,113.18,113.65,112.81,,-0.55%
05/05/2003,113.62,112.18,113.7,112.11,,1.42%
05/02/2003,112.03,112.78,112.91,111.73,,-0.55%
05/01/2003,112.65,112.58,113.29,112.51,,0.26%
04/30/2003,112.36,111.9,112.97,111.33,,1.02%
04/29/2003,111.23,110.69,111.46,109.61,,0.23%
04/28/2003,110.97,112.39,112.39,110.86,,-1.47%
04/25/2003,112.62,112.64,113.02,111.92,,-0.22%
04/24/2003,112.87,113.33,113.88,112.04,,-0.41%
04/23/2003,113.33,114.29,114.84,113.11,,-1.04%
04/22/2003,114.52,114.8,115.21,114.45,,-0.78%
04/21/2003,115.42,114.76,115.71,114.59,,0.38%
04/18/2003,114.98,114.98,114.98,113.19,,0.00%
04/17/2003,114.98,113.47,114.98,113.19,,1.36%
04/16/2003,113.44,113.47,113.74,112.73,,-0.03%
04/15/2003,113.47,112.22,113.62,112.21,,1.18%
04/14/2003,112.15,111.88,112.3,111.43,,-0.12%
04/11/2003,112.29,111.26,112.36,110.48,,0.64%
04/10/2003,111.58,112.06,112.15,111.37,,-0.69%
04/09/2003,112.35,111.15,112.39,110.45,,0.94%
04/08/2003,111.3,111.37,111.92,110.44,,-0.30%
04/07/2003,111.63,110.78,112.65,109.82,,0.35%
04/04/2003,111.24,110.21,111.33,107.19,,0.22%
04/03/2003,111,111,111.56,109.24,,-0.31%
04/02/2003,111.35,110.87,111.4,110.52,,-0.65%
04/01/2003,112.08,112.81,113.38,111.92,,-0.96%
03/31/2003,113.17,112.93,113.34,112.11,,0.72%
03/28/2003,112.36,112.65,113.01,112,,-0.25%
03/27/2003,112.64,112.23,112.89,111.57,,1.25%
03/26/2003,111.25,111.73,111.86,110.93,,0.04%
03/25/2003,111.2,112.9,113.01,111,,-0.99%
03/24/2003,112.31,112.49,112.65,111.6,,0.83%
03/21/2003,111.38,112.77,112.79,111.01,,-1.48%
03/20/2003,113.05,113.66,115.26,112.4,,-0.91%
03/19/2003,114.09,115.04,115.48,113.94,,-0.40%
03/18/2003,114.55,114.99,115.59,114.06,,-1.82%
03/17/2003,116.67,118.14,118.41,116.22,,-1.06%
03/14/2003,117.92,117.39,118.46,116.74,,-0.78%
03/13/2003,118.85,121.46,121.46,118.5,,-2.23%
03/12/2003,121.56,120.93,121.73,120.48,,-0.04%
03/11/2003,121.61,122.59,122.69,121,,-1.10%
03/10/2003,122.96,123.72,123.8,122.81,,-0.85%
03/07/2003,124.01,122.49,124.18,122.36,,1.30%
03/06/2003,122.42,122.05,122.53,121.7,,0.53%
03/05/2003,121.77,122.26,122.49,120.98,,-0.43%
03/04/2003,122.29,122.6,123.01,121.61,,0.30%
03/03/2003,121.93,121.79,122.18,121.45,,-0.49%
02/28/2003,122.53,122.85,123.76,121.69,,0.09%
02/27/2003,122.42,123.95,124.13,122.1,,-1.18%
02/26/2003,123.88,121.75,124.01,121.61,,1.81%
02/25/2003,121.68,125.6,126.27,120.71,,-2.69%
02/24/2003,125.05,123.3,125.24,123.27,,2.32%
02/21/2003,122.22,121.02,122.29,120.91,,1.44%
02/20/2003,120.48,120.93,121.08,120.48,,-0.31%
02/19/2003,120.86,120.17,121.03,120.05,,0.45%
02/18/2003,120.32,120.06,120.57,119.95,,-0.21%
02/14/2003,120.57,119.95,120.6,119.56,,0.51%
02/13/2003,119.96,120.17,120.2,119.39,,-0.03%
02/12/2003,119.99,121.59,121.59,119.68,,-1.20%
02/11/2003,121.45,120.71,121.56,119.31,,0.72%
02/10/2003,120.58,121.37,121.53,120.13,,-0.40%
02/07/2003,121.06,120.13,121.49,120.13,,1.20%
02/06/2003,119.62,119.36,120.12,118.79,,0.33%
02/05/2003,119.23,119.61,119.99,118.39,,-0.03%
02/04/2003,119.27,118.61,119.39,118.54,,0.62%
02/03/2003,118.54,118.35,118.85,117.15,,-0.08%
01/31/2003,118.64,118.42,119.05,117.96,,-0.04%
01/30/2003,118.69,118.14,118.81,117.64,,0.70%
01/29/2003,117.87,116.31,120.17,116.29,,1.37%
01/28/2003,116.28,115.88,116.36,115.73,,0.68%
01/27/2003,115.5,117.38,117.38,115.45,,-1.30%
01/24/2003,117.02,115.78,117.12,115.67,,1.14%
01/23/2003,115.7,116.56,116.9,115.43,,-0.47%
01/22/2003,116.25,115.62,116.9,115.44,,0.57%
01/21/2003,115.59,115.69,116.03,114.83,,0.18%
01/20/2003,115.38,115.38,115.51,114.51,,0.00%
01/17/2003,115.38,115.05,115.51,114.51,,-0.08%
01/16/2003,115.47,114.95,116.98,114.7,,0.86%
01/15/2003,114.49,113.89,114.77,113.5,,0.97%
01/14/2003,113.39,113.7,114.06,112.97,,-0.05%
01/13/2003,113.45,113.28,113.7,112.56,,0.37%
01/10/2003,113.03,114.99,115.02,112.78,,-1.40%
01/09/2003,114.64,113.29,114.75,112.74,,1.40%
01/08/2003,113.06,112.91,113.14,111.72,,0.42%
01/07/2003,112.59,112.53,112.95,111.71,,-0.27%
01/06/2003,112.9,113.67,114.21,112.67,,-1.60%
01/03/2003,114.73,113.69,114.9,111.2,,1.41%
01/02/2003,113.13,111.13,113.41,111.13,,2.59%
01/01/2003,110.27,110.27,110.27,110.27,,-0.01%
12/31/2002,110.28,110.21,110.41,107.99,,-0.07%
12/30/2002,110.36,112.81,112.99,110.16,,-2.04%
12/27/2002,112.66,112.57,112.76,111.8,,0.10%
12/26/2002,112.55,112.76,112.89,112.25,,-0.34%
12/25/2002,112.93,112.93,112.96,112.48,,0.00%
12/24/2002,112.93,112.49,112.96,112.48,,0.22%
12/23/2002,112.68,111.72,112.87,109.2,,1.32%
12/20/2002,111.21,110.78,111.25,110.61,,0.40%
12/19/2002,110.77,111.34,112.42,110.63,,-0.18%
12/18/2002,110.97,109.72,111.36,109.06,,0.63%
12/17/2002,110.28,110.47,110.82,109.94,,-0.35%
12/16/2002,110.67,109.84,110.83,108.25,,1.25%
12/13/2002,109.3,108.77,110,108.61,,0.67%
12/12/2002,108.57,107.04,108.75,104.72,,1.62%
12/11/2002,106.84,106.73,107.55,106.5,,-0.03%
12/10/2002,106.87,105.34,106.97,104.89,,1.56%
12/09/2002,105.23,105.33,105.45,104.66,,-0.08%
12/06/2002,105.31,106.05,106.32,105.2,,-0.48%
12/05/2002,105.82,105.46,105.92,104.37,,0.66%
12/04/2002,105.13,104.99,105.97,104.56,,-0.28%
12/03/2002,105.43,106.58,106.66,105.31,,-0.81%
12/02/2002,106.29,105.38,106.76,105.35,,0.99%
11/29/2002,105.25,105.25,105.45,104.75,,0.00%
11/28/2002,105.25,105.25,105.45,104.75,,0.00%
11/27/2002,105.25,104.98,105.45,104.75,,0.71%
11/26/2002,104.51,104.75,104.85,104.02,,-0.25%
11/25/2002,104.77,105.55,105.71,104.65,,-0.93%
11/22/2002,105.75,105.21,105.91,104.96,,0.35%
11/21/2002,105.38,105.21,105.8,104.7,,0.31%
11/20/2002,105.05,104.79,105.14,104.49,,0.89%
11/19/2002,104.12,104.4,104.79,103.86,,0.10%
11/18/2002,104.02,103.03,104.09,102.51,,1.76%
11/15/2002,102.22,101.67,102.38,101.45,,0.92%
11/14/2002,101.29,101.33,101.68,100.69,,0.15%
11/13/2002,101.14,101.66,101.66,100.35,,-0.85%
11/12/2002,102.01,102.49,102.79,101.83,,-0.32%
11/11/2002,102.34,102.64,102.85,101.81,,0.01%
11/08/2002,102.33,102.44,102.93,102.2,,-0.12%
11/07/2002,102.45,103.48,103.97,102.08,,-0.50%
11/06/2002,102.96,103.09,103.46,101.44,,-0.16%
11/05/2002,103.12,103.78,104.12,103.02,,-0.83%
11/04/2002,103.98,104.35,105.57,103.92,,-0.81%
11/01/2002,104.83,105.1,105.24,103.14,,-0.21%
10/31/2002,105.05,105.01,105.41,104.69,,0.38%
10/30/2002,104.65,104.76,105.37,97.93,,0.38%
10/29/2002,104.25,104.73,104.73,103.79,,-0.48%
10/28/2002,104.75,104.86,105.01,104.16,,0.12%
10/25/2002,104.62,105.59,106.02,104.24,,-0.95%
10/24/2002,105.62,105.72,105.92,102.5,,0.09%
10/23/2002,105.53,105.38,105.76,103.85,,0.59%
10/22/2002,104.91,105.04,105.62,104.64,,-0.54%
10/21/2002,105.48,106.49,106.92,105.42,,-1.10%
10/18/2002,106.65,107.26,107.27,104.29,,-0.66%
10/17/2002,107.36,106.63,107.58,105.79,,0.54%
10/16/2002,106.78,107.16,107.34,106.42,,-0.23%
10/15/2002,107.03,106.09,107.36,105.96,,1.07%
10/14/2002,105.9,104.7,106.06,104.08,,1.14%
10/11/2002,104.71,103.62,104.76,103.55,,1.17%
10/10/2002,103.5,104.24,104.32,102.81,,-0.89%
10/09/2002,104.43,104.7,105.05,104.3,,-0.19%
10/08/2002,104.63,103.86,104.94,103.85,,0.43%
10/07/2002,104.18,103.96,104.52,103.51,,0.27%
10/04/2002,103.9,104.46,105.26,103.36,,-0.30%
10/03/2002,104.21,105.95,106.12,104.12,,-2.35%
10/02/2002,106.72,107.09,107.13,106.06,,0.13%
10/01/2002,106.58,106.9,107.41,106,,0.27%
09/30/2002,106.29,106.95,107.52,106.2,,-0.17%
09/27/2002,106.47,106.2,106.85,105.94,,0.36%
09/26/2002,106.09,106.02,106.34,105.25,,0.39%
09/25/2002,105.68,105.92,106.12,105.51,,-0.65%
09/24/2002,106.37,107.28,107.31,105.92,,-0.27%
09/23/2002,106.66,106.78,107.06,106.13,,0.49%
09/20/2002,106.14,106.84,107.7,105.68,,-0.49%
09/19/2002,106.66,107.15,107.59,106.41,,-0.31%
09/18/2002,106.99,106.81,107.44,106.71,,0.63%
09/17/2002,106.32,105.58,106.35,104.99,,-0.08%
09/16/2002,106.4,106.3,107.72,105.61,,0.01%
09/13/2002,106.39,105.59,107.31,105.48,,0.55%
09/12/2002,105.81,106.85,107.06,105.5,,-0.97%
09/11/2002,106.85,106.68,107.18,106.58,,0.04%
09/10/2002,106.81,106.86,107.28,106.59,,0.22%
09/09/2002,106.58,105.21,107.07,104.98,,1.58%
09/06/2002,104.92,104.89,105.65,104.84,,0.92%
09/05/2002,103.96,102.63,104.05,102.62,,1.37%
09/04/2002,102.55,101.4,102.98,101.4,,1.29%
09/03/2002,101.24,102.4,102.43,101.03,,-1.31%
09/02/2002,102.58,102.58,102.63,101.84,,-0.03%
08/30/2002,102.61,102.14,102.63,101.84,,0.54%
08/29/2002,102.06,102.1,102.39,100.76,,-0.15%
08/28/2002,102.21,102.66,102.75,102.12,,-0.75%
08/27/2002,102.98,103.56,103.59,102.92,,-0.44%
08/26/2002,103.44,102.68,103.53,102.6,,1.00%
08/23/2002,102.42,102.22,102.76,101.95,,-0.20%
08/22/2002,102.63,101.65,102.7,101.46,,0.89%
08/21/2002,101.72,100.84,102.07,99.68,,0.73%
08/20/2002,100.98,101.85,102.05,100.88,,-0.91%
08/19/2002,101.91,101.58,101.96,100.76,,-0.01%
08/16/2002,101.92,101.98,102.22,101.77,,-0.27%
08/15/2002,102.2,100.62,102.35,100.59,,1.70%
08/14/2002,100.49,100.73,101.16,100.42,,0.10%
08/13/2002,100.39,99.9,100.69,99.63,,0.46%
08/12/2002,99.93,98.13,100.09,97.49,,2.23%
08/09/2002,97.75,97.27,98.05,97.22,,0.61%
08/08/2002,97.16,97.13,97.79,95.91,,0.13%
08/07/2002,97.03,97.22,97.82,96.04,,-0.60%
08/06/2002,97.62,97.02,97.87,96.99,,0.78%
08/05/2002,96.86,97,97.25,96.22,,-1.47%
08/02/2002,98.31,97.82,98.47,97.39,,0.40%
08/01/2002,97.92,99.34,99.95,97.76,,-0.92%
07/31/2002,98.83,99.22,99.73,98.42,,0.49%
07/30/2002,98.35,97.43,100.26,96.69,,1.35%
07/29/2002,97.04,97.38,98.7,96.07,,-0.79%
07/26/2002,97.81,98.63,98.67,97.46,,-0.76%
07/25/2002,98.56,99.24,99.32,98.11,,-0.89%
07/24/2002,99.45,98.46,99.73,96.12,,1.12%
07/23/2002,98.35,100.25,100.65,97.65,,-2.04%
07/22/2002,100.4,100.79,101.19,99.89,,-0.58%
07/19/2002,100.99,100.38,104.58,99.65,,0.25%
07/18/2002,100.74,100.17,101.04,99.82,,0.20%
07/17/2002,100.54,100.66,100.92,99.94,,-0.29%
07/16/2002,100.83,100.1,100.89,99.85,,1.20%
07/15/2002,99.63,100.07,100.6,99.53,,0.01%
07/12/2002,99.62,100.05,100.11,98.85,,0.10%
07/11/2002,99.52,99.31,99.78,99.12,,0.14%
07/10/2002,99.38,99.22,101.07,99.11,,0.33%
07/09/2002,99.05,98.48,99.39,97.83,,0.78%
07/08/2002,98.28,99.26,99.33,98.19,,-1.65%
07/05/2002,99.93,99.47,99.93,99.47,,0.34%
07/04/2002,99.59,99.59,99.67,98.88,,0.00%
07/03/2002,99.59,99.67,99.67,98.88,,-0.20%
07/02/2002,99.79,100.14,100.7,94.78,,-0.42%
07/01/2002,100.21,99.72,100.56,99.56,,0.69%
06/28/2002,99.52,99.03,99.67,98.47,,0.61%
06/27/2002,98.92,98.9,99.13,98.38,,0.15%
06/26/2002,98.77,98.72,98.86,98.17,,-0.22%
06/25/2002,98.99,99.45,99.83,98.91,,0.01%
06/24/2002,98.98,97.69,99.18,97.56,,1.78%
06/21/2002,97.25,97.48,97.85,96.6,,-0.24%
06/20/2002,97.48,97.64,98.02,96.74,,0.23%
06/19/2002,97.26,97.23,98.17,96.36,,-0.08%
06/18/2002,97.34,97.82,98.09,97.11,,-0.69%
06/17/2002,98.02,97.9,98.7,97.82,,0.17%
06/14/2002,97.85,97.32,97.93,96.77,,0.58%
06/13/2002,97.29,95.77,97.46,95.64,,1.70%
06/12/2002,95.66,95.67,96.31,95.54,,0.28%
06/11/2002,95.39,95.32,96.49,94.13,,-0.33%
06/10/2002,95.71,96.27,96.44,95.66,,-1.15%
06/07/2002,96.82,97.08,97.17,96.42,,-0.50%
06/06/2002,97.31,98.02,98.1,96.73,,-0.23%
06/05/2002,97.53,97.69,97.72,96.99,,-0.73%
06/04/2002,98.25,98.06,98.59,97.77,,0.61%
06/03/2002,97.65,97.44,98.17,97.21,,-0.11%
05/31/2002,97.76,96.82,98.1,96.79,,1.37%
05/30/2002,96.44,98,98.02,96.16,,-2.14%
05/29/2002,98.55,97.34,99.01,97.22,,1.22%
05/28/2002,97.36,97.28,98.08,94.6,,-0.35%
05/27/2002,97.7,97.7,98.3,97.26,,0.00%
05/24/2002,97.7,98.08,98.3,97.26,,-0.64%
05/23/2002,98.33,98.43,98.77,97.84,,0.05%
05/22/2002,98.28,98.44,98.77,97.77,,0.27%
05/21/2002,98.02,98.91,98.99,97.72,,-1.28%
05/20/2002,99.29,99.28,100.11,98.64,,-0.26%
05/17/2002,99.55,99.39,99.64,98.72,,-0.19%
05/16/2002,99.74,99.99,100.13,99.04,,-0.18%
05/15/2002,99.92,100.87,101.58,99.8,,-1.63%
05/14/2002,101.58,100.87,101.76,99.63,,1.01%
05/13/2002,100.56,99.24,100.69,98.94,,0.90%
05/10/2002,99.66,99.29,100.35,99.24,,0.64%
05/09/2002,99.03,99.06,99.4,98.22,,-0.05%
05/08/2002,99.08,98.44,99.55,98.4,,1.06%
05/07/2002,98.04,96.91,98.13,96.51,,0.97%
05/06/2002,97.1,97.16,97.16,96.45,,-0.98%
05/03/2002,98.06,98.01,98.12,97.11,,0.46%
05/02/2002,97.61,97.78,97.91,96.84,,-0.77%
05/01/2002,98.37,98.88,98.89,96.57,,-1.07%
04/30/2002,99.43,98.79,99.76,98.39,,0.82%
04/29/2002,98.62,98.16,98.77,95.16,,0.59%
04/26/2002,98.04,97.62,98.37,97.3,,0.50%
04/25/2002,97.55,98.16,98.79,97.41,,-0.50%
04/24/2002,98.04,98.41,98.5,97.67,,-0.90%
04/23/2002,98.93,98.94,99.43,98.48,,0.06%
04/22/2002,98.87,99.15,99.28,98.12,,0.32%
04/19/2002,98.55,98.09,98.67,97.43,,0.16%
04/18/2002,98.39,98.64,99.35,98.3,,-0.09%
04/17/2002,98.48,96.98,98.52,96.74,,2.18%
04/16/2002,96.38,96.49,96.78,95.9,,0.24%
04/15/2002,96.15,95.05,96.26,94.56,,2.17%
04/12/2002,94.11,95.14,95.59,93.99,,-1.56%
04/11/2002,95.6,96.94,96.95,95.47,,-1.77%
04/10/2002,97.32,97.41,97.93,96.89,,-0.05%
04/09/2002,97.37,97.78,97.86,97.06,,-0.84%
04/08/2002,98.19,98.96,99.4,98.07,,0.05%
04/05/2002,98.14,98.93,99.14,96.46,,-0.75%
04/04/2002,98.88,101.04,101.98,98.72,,-2.10%
04/03/2002,101,102.23,102.27,100.92,,-1.58%
04/02/2002,102.62,101.7,103,101.63,,1.32%
04/01/2002,101.28,100.23,101.37,99.97,,1.70%
03/29/2002,99.59,99.59,99.59,99.59,,0.00%
03/28/2002,99.59,98.6,99.73,98.55,,0.24%
03/27/2002,99.35,99.06,99.52,98.63,,0.77%
03/26/2002,98.59,98.48,99.04,98.06,,0.32%
03/25/2002,98.28,98.19,98.49,97.25,,-0.20%
03/22/2002,98.48,99.38,99.85,98.22,,-0.91%
03/21/2002,99.38,97.71,99.46,97.43,,1.47%
03/20/2002,97.94,98.84,99.55,97.81,,-0.90%
03/19/2002,98.83,98.84,101.19,98.61,,-0.11%
03/18/2002,98.94,98.23,99.02,97.64,,1.01%
03/15/2002,97.95,97.47,98.15,97.31,,0.59%
03/14/2002,97.38,96.34,97.55,96.09,,0.69%
03/13/2002,96.71,97.66,97.69,96.51,,-0.62%
03/12/2002,97.31,96.69,97.39,96.25,,-0.04%
03/11/2002,97.35,96.47,97.53,96.24,,1.59%
03/08/2002,95.83,94.93,95.94,94.92,,0.54%
03/07/2002,95.32,94.67,96.66,94.6,,1.70%
03/06/2002,93.73,93.08,93.82,92.93,,0.56%
03/05/2002,93.21,92.63,93.51,92.54,,0.79%
03/04/2002,92.48,92.2,92.77,92.16,,0.59%
03/01/2002,91.94,90.58,92.22,90.57,,1.61%
02/28/2002,90.48,90.4,91,90.17,,0.21%
02/27/2002,90.29,89.79,90.56,88.13,,0.52%
02/26/2002,89.82,89.16,89.91,89.09,,1.10%
02/25/2002,88.84,89.78,89.86,88.77,,-1.43%
02/22/2002,90.13,90.1,90.56,89.81,,-0.20%
02/21/2002,90.31,89.95,90.61,89.65,,0.69%
02/20/2002,89.69,90,90.17,89.19,,-0.31%
02/19/2002,89.97,90.22,90.35,89.93,,-0.57%
02/18/2002,90.49,90.49,90.49,90.49,,0.00%
02/15/2002,90.49,90.54,90.68,90.33,,-0.14%
02/14/2002,90.62,91.48,91.5,90.61,,-0.58%
02/13/2002,91.15,90.6,92.07,90.51,,0.50%
02/12/2002,90.7,90.59,91.35,90.53,,-0.25%
02/11/2002,90.93,89.53,91.15,89.17,,1.01%
02/08/2002,90.02,89.5,90.05,88.78,,1.03%
02/07/2002,89.1,88.96,89.16,88.06,,0.25%
02/06/2002,88.88,89.56,89.75,88.81,,-0.67%
02/05/2002,89.48,89.11,89.67,89.04,,0.21%
02/04/2002,89.29,89.39,89.65,89.06,,-0.35%
02/01/2002,89.6,88.09,89.7,88.07,,1.46%
01/31/2002,88.31,87.69,88.37,87.4,,1.08%
01/30/2002,87.37,87.44,87.86,86.67,,-0.57%
01/29/2002,87.87,87.76,88.11,86.69,,-0.25%
01/28/2002,88.09,88.78,89.01,87.82,,-1.06%
01/25/2002,89.03,89.07,89.16,88.16,,0.12%
01/24/2002,88.92,88.54,89.35,86.66,,0.40%
01/23/2002,88.57,88.44,88.92,88.24,,0.48%
01/22/2002,88.15,88.9,89,87.27,,-0.66%
01/18/2002,88.74,89.46,89.6,88.68,,-0.72%
01/17/2002,89.38,91.23,91.23,88.8,,-1.91%
01/16/2002,91.12,89.73,91.3,89.73,,0.95%
01/15/2002,90.26,89.97,90.76,89.93,,0.13%
01/14/2002,90.14,90.85,91.04,89.98,,-1.01%
01/11/2002,91.06,91.3,92.06,90.99,,-0.34%
01/10/2002,91.37,91.62,91.7,90.94,,-0.17%
01/09/2002,91.53,91.71,92.4,88.71,,-0.59%
01/08/2002,92.07,91.98,92.19,91.76,,-0.31%
01/07/2002,92.36,91.76,92.7,91.75,,1.00%
01/04/2002,91.45,90.35,91.88,90.28,,2.03%
01/03/2002,89.63,89.9,90.24,89.56,,-0.28%
01/02/2002,89.88,89.03,91.44,89.01,,0.95%
01/01/2002,89.03,89.03,89.72,88.93,,0.00%
12/31/2001,89.03,89.65,89.72,88.93,,-0.85%
12/28/2001,89.79,90.22,90.22,86.74,,-0.50%
12/27/2001,90.24,90.24,90.46,89.99,,-0.66%
12/26/2001,90.84,89.64,91.09,89.62,,1.77%
12/25/2001,89.26,89.26,89.45,86.06,,0.00%
12/24/2001,89.26,89.26,89.45,86.06,,0.00%
12/21/2001,89.26,88.8,89.45,86.06,,0.74%
12/20/2001,88.6,89.15,89.43,85.38,,-0.46%
12/19/2001,89.01,89.2,89.5,88.88,,-0.08%
12/18/2001,89.08,89.26,89.47,88.91,,0.24%
12/17/2001,88.87,88.68,89.21,88.65,,-0.11%
12/14/2001,88.97,87.66,88.99,85.58,,1.78%
12/13/2001,87.41,87.52,87.68,87.15,,-0.17%
12/12/2001,87.56,87.75,88.09,87.54,,-0.38%
12/11/2001,87.89,87.85,88,87.48,,0.13%
12/10/2001,87.78,88.26,88.26,87.61,,-1.07%
12/07/2001,88.73,88.6,88.87,87.52,,0.21%
12/06/2001,88.54,89.85,89.9,88.25,,-1.21%
12/05/2001,89.62,90.35,90.42,89.47,,-0.46%
12/04/2001,90.03,90.94,91.15,89.92,,-1.16%
12/03/2001,91.09,90.55,91.73,90.39,,0.14%
11/30/2001,90.96,89.5,91.1,89.4,,1.80%
11/29/2001,89.35,89.61,89.96,89.21,,-0.18%
11/28/2001,89.51,89.78,90.29,89.37,,-0.81%
11/27/2001,90.24,90.16,90.32,87.91,,1.02%
11/26/2001,89.33,90.18,90.25,88.76,,-0.59%
11/23/2001,89.86,89.86,90.53,89.62,,0.00%
11/22/2001,89.86,89.86,90.53,89.62,,0.00%
11/21/2001,89.86,89.93,90.53,89.62,,-0.08%
11/20/2001,89.93,89.72,90.56,89.65,,0.41%
11/19/2001,89.56,88.96,89.66,85.67,,0.10%
11/16/2001,89.47,89.15,89.67,88.17,,1.35%
11/15/2001,88.28,90.06,90.06,88.15,,-2.54%
11/14/2001,90.582,90.582,90.582,90.582,,-1.70%
11/13/2001,92.151,92.151,92.151,92.151,,1.32%
11/12/2001,90.953,90.953,90.953,90.953,,-0.79%
11/09/2001,91.676,91.676,91.676,91.676,,1.89%
11/08/2001,89.972,89.972,89.972,89.972,,1.22%
11/07/2001,88.886,88.886,88.886,88.886,,0.48%
11/06/2001,88.462,88.462,88.462,88.462,,-0.42%
11/05/2001,88.837,88.837,88.837,88.837,,-0.34%
11/02/2001,89.139,89.139,89.139,89.139,,-0.71%
11/01/2001,89.776,89.776,89.776,89.776,,-0.70%
10/31/2001,90.407,90.407,90.407,90.407,,-0.69%
10/30/2001,91.031,91.031,91.031,91.031,,-0.02%
10/29/2001,91.049,91.049,91.049,91.049,,0.32%
10/26/2001,90.757,90.757,90.757,90.757,,0.20%
10/25/2001,90.58,90.58,90.58,90.58,,-0.14%
10/24/2001,90.706,90.706,90.706,90.706,,0.52%
10/23/2001,90.24,90.24,90.24,90.24,,-0.18%
10/22/2001,90.402,90.402,90.402,90.402,,-0.56%
10/19/2001,90.907,90.907,90.907,90.907,,0.46%
10/18/2001,90.49,90.49,90.49,90.49,,-1.18%
10/17/2001,91.567,91.567,91.567,91.567,,0.11%
10/16/2001,91.466,91.466,91.466,91.466,,0.31%
10/15/2001,91.185,91.185,91.185,91.185,,-1.29%
10/12/2001,92.375,92.375,92.375,92.375,,-1.55%
10/11/2001,93.832,93.832,93.832,93.832,,0.59%
10/10/2001,93.285,93.285,93.285,93.285,,-0.19%
10/09/2001,93.467,93.467,93.467,93.467,,-0.53%
10/08/2001,93.969,93.969,93.969,93.969,,-0.03%
10/05/2001,93.995,93.995,93.995,93.995,,-0.56%
10/04/2001,94.525,94.525,94.525,94.525,,0.91%
10/03/2001,93.674,93.674,93.674,93.674,,-0.56%
10/02/2001,94.206,94.206,94.206,94.206,,-0.71%
10/01/2001,94.88,94.88,94.88,94.88,,-0.24%
09/28/2001,95.107,95.107,95.107,95.107,,0.04%
09/27/2001,95.066,95.066,95.066,95.066,,0.11%
09/26/2001,94.959,94.959,94.959,94.959,,1.14%
09/25/2001,93.885,93.885,93.885,93.885,,-0.47%
09/24/2001,94.333,94.333,94.333,94.333,,-4.18%
09/21/2001,98.452,98.452,98.452,98.452,,-0.67%
09/20/2001,99.112,99.112,99.112,99.112,,-0.39%
09/19/2001,99.496,99.496,99.496,99.496,,-1.61%
09/18/2001,101.129,101.129,101.129,101.129,,-1.77%
09/17/2001,102.952,102.952,102.952,102.952,,-0.81%
09/14/2001,103.797,103.797,104.7,101.43,,2.61%
09/10/2001,101.161,101.161,101.161,101.161,,-0.45%
09/07/2001,101.62,101.62,101.62,101.62,,0.43%
09/06/2001,101.181,101.181,101.181,101.181,,-0.17%
09/05/2001,101.349,101.349,101.349,101.349,,0.00%
09/04/2001,101.351,101.351,101.351,101.351,,-0.83%
09/03/2001,102.2,102.2,102.29,101.28,,-0.02%
08/31/2001,102.225,102.225,102.225,102.225,,0.88%
08/30/2001,101.329,101.329,101.329,101.329,,-1.15%
08/29/2001,102.509,102.509,102.509,102.509,,0.30%
08/28/2001,102.198,102.198,102.198,102.198,,-0.03%
08/27/2001,102.224,102.224,102.224,102.224,,-0.08%
08/24/2001,102.307,102.307,102.307,102.307,,-0.02%
08/23/2001,102.324,102.324,102.324,102.324,,0.31%
08/22/2001,102.009,102.009,102.009,102.009,,-0.34%
08/21/2001,102.352,102.352,102.352,102.352,,0.41%
08/20/2001,101.936,101.936,101.936,101.936,,-0.90%
08/17/2001,102.864,102.864,102.864,102.864,,-0.32%
08/16/2001,103.192,103.192,103.192,103.192,,-0.57%
08/15/2001,103.784,103.784,103.784,103.784,,-0.06%
08/14/2001,103.845,103.845,103.845,103.845,,0.05%
08/13/2001,103.797,103.797,103.797,103.797,,0.28%
08/10/2001,103.508,103.508,103.508,103.508,,0.51%
08/09/2001,102.979,102.979,102.979,102.979,,0.50%
08/08/2001,102.469,102.469,102.469,102.469,,-0.26%
08/07/2001,102.734,102.734,102.734,102.734,,0.39%
08/06/2001,102.338,102.338,102.338,102.338,,0.20%
08/03/2001,102.129,102.129,102.129,102.129,,-0.58%
08/02/2001,102.721,102.721,102.721,102.721,,0.42%
08/01/2001,102.29,102.29,102.29,102.29,,-0.27%
07/31/2001,102.57,102.57,102.57,102.57,,0.08%
07/30/2001,102.492,102.492,102.492,102.492,,-0.67%
07/27/2001,103.187,103.187,103.187,103.187,,0.35%
07/26/2001,102.822,102.822,102.822,102.822,,-0.11%
07/25/2001,102.939,102.939,102.939,102.939,,0.96%
07/24/2001,101.963,101.963,101.963,101.963,,0.21%
07/23/2001,101.748,101.748,101.748,101.748,,0.12%
07/20/2001,101.623,101.623,101.623,101.623,,0.03%
07/19/2001,101.593,101.593,101.593,101.593,,-0.57%
07/18/2001,102.179,102.179,102.179,102.179,,-1.30%
07/17/2001,103.52,103.52,103.52,103.52,,0.93%
07/16/2001,102.57,102.57,102.57,102.57,,-1.03%
07/13/2001,103.641,103.641,103.641,103.641,,-0.93%
07/12/2001,104.613,104.613,104.613,104.613,,1.00%
07/11/2001,103.573,103.573,103.573,103.573,,0.40%
07/10/2001,103.164,103.164,103.164,103.164,,0.13%
07/09/2001,103.027,103.027,103.027,103.027,,-0.23%
07/06/2001,103.267,103.267,103.267,103.267,,1.17%
07/05/2001,102.077,102.077,102.077,102.077,,0.43%
07/04/2001,101.64,101.64,101.72,101.13,,0.00%
07/03/2001,101.636,101.636,101.636,101.636,,0.09%
07/02/2001,101.54,101.54,101.54,101.54,,-0.03%
06/29/2001,101.571,101.571,101.571,101.571,,0.87%
06/28/2001,100.692,100.692,100.692,100.692,,-0.52%
06/27/2001,101.219,101.219,101.219,101.219,,-1.42%
06/26/2001,102.672,102.672,102.672,102.672,,0.25%
06/25/2001,102.412,102.412,102.412,102.412,,-0.09%
06/22/2001,102.506,102.506,102.506,102.506,,-0.26%
06/21/2001,102.777,102.777,102.777,102.777,,0.03%
06/20/2001,102.743,102.743,102.743,102.743,,-2.13%
06/19/2001,104.983,104.983,104.983,104.983,,0.09%
06/18/2001,104.887,104.887,104.887,104.887,,-0.51%
06/15/2001,105.425,105.425,105.425,105.425,,-1.32%
06/14/2001,106.836,106.836,106.836,106.836,,0.09%
06/13/2001,106.743,106.743,106.743,106.743,,-0.42%
06/12/2001,107.195,107.195,107.195,107.195,,0.49%
06/11/2001,106.677,106.677,106.677,106.677,,0.46%
06/08/2001,106.192,106.192,106.192,106.192,,0.83%
06/07/2001,105.318,105.318,105.318,105.318,,-0.16%
06/06/2001,105.485,105.485,105.485,105.485,,-0.42%
06/05/2001,105.934,105.934,105.934,105.934,,0.14%
06/04/2001,105.791,105.791,105.791,105.791,,-0.37%
06/01/2001,106.183,106.183,106.183,106.183,,0.09%
05/31/2001,106.091,106.091,106.091,106.091,,-0.10%
05/30/2001,106.198,106.198,106.198,106.198,,-0.49%
05/29/2001,106.725,106.725,106.725,106.725,,-0.71%
05/28/2001,107.49,107.49,108.58,107.44,,0.05%
05/25/2001,107.44,107.44,107.44,107.44,,-0.86%
05/24/2001,108.374,108.374,108.374,108.374,,-0.96%
05/23/2001,109.42,109.42,109.42,109.42,,-0.25%
05/22/2001,109.693,109.693,109.693,109.693,,-0.56%
05/21/2001,110.308,110.308,110.308,110.308,,-0.47%
05/18/2001,110.832,110.832,110.832,110.832,,1.64%
05/17/2001,109.04,109.04,109.04,109.04,,0.43%
05/16/2001,108.578,108.578,108.578,108.578,,-0.01%
05/15/2001,108.59,108.59,108.59,108.59,,0.46%
05/14/2001,108.096,108.096,108.096,108.096,,0.06%
05/11/2001,108.031,108.031,108.031,108.031,,-0.24%
05/10/2001,108.295,108.295,108.295,108.295,,0.02%
05/09/2001,108.271,108.271,108.271,108.271,,0.33%
05/08/2001,107.916,107.916,107.916,107.916,,-0.26%
05/07/2001,108.192,108.192,108.192,108.192,,-0.76%
05/04/2001,109.016,109.016,109.016,109.016,,-0.09%
05/03/2001,109.116,109.116,109.116,109.116,,0.61%
05/02/2001,108.454,108.454,108.454,108.454,,-0.84%
05/01/2001,109.376,109.376,109.376,109.376,,0.61%
04/30/2001,108.708,108.708,108.708,108.708,,0.36%
04/27/2001,108.316,108.316,108.316,108.316,,-0.32%
04/26/2001,108.661,108.661,108.661,108.661,,1.14%
04/25/2001,107.432,107.432,107.432,107.432,,0.21%
04/24/2001,107.212,107.212,107.212,107.212,,-0.66%
04/23/2001,107.929,107.929,107.929,107.929,,-0.30%
04/20/2001,108.257,108.257,108.257,108.257,,-0.49%
04/19/2001,108.794,108.794,108.794,108.794,,-0.54%
04/18/2001,109.39,109.39,109.39,109.39,,0.01%
04/17/2001,109.381,109.381,109.381,109.381,,-0.79%
04/16/2001,110.249,110.249,110.249,110.249,,0.96%
04/13/2001,109.2,109.2,116.08,109.18,,0.00%
04/12/2001,109.196,109.196,109.196,109.196,,0.21%
04/11/2001,108.97,108.97,108.97,108.97,,-0.06%
04/10/2001,109.03,109.03,109.03,109.03,,1.11%
04/09/2001,107.834,107.834,107.834,107.834,,0.50%
04/06/2001,107.295,107.295,107.295,107.295,,-0.65%
04/05/2001,107.993,107.993,107.993,107.993,,0.48%
04/04/2001,107.481,107.481,107.481,107.481,,1.57%
04/03/2001,105.821,105.821,105.821,105.821,,0.85%
04/02/2001,104.925,104.925,104.925,104.925,,-0.42%
03/30/2001,105.372,105.372,105.372,105.372,,-1.20%
03/29/2001,106.657,106.657,106.657,106.657,,-0.23%
03/28/2001,106.898,106.898,106.898,106.898,,-2.07%
03/27/2001,109.155,109.155,109.155,109.155,,0.86%
03/26/2001,108.226,108.226,108.226,108.226,,0.51%
03/23/2001,107.673,107.673,107.673,107.673,,1.10%
03/22/2001,106.501,106.501,106.501,106.501,,-0.49%
03/21/2001,107.029,107.029,107.029,107.029,,0.24%
03/20/2001,106.773,106.773,106.773,106.773,,0.14%
03/19/2001,106.623,106.623,106.623,106.623,,-0.38%
03/16/2001,107.032,107.032,107.032,107.032,,-0.42%
03/15/2001,107.485,107.485,107.485,107.485,,-0.71%
03/14/2001,108.254,108.254,108.254,108.254,,-1.77%
03/13/2001,110.21,110.21,110.21,110.21,,-0.71%
03/12/2001,110.997,110.997,110.997,110.997,,-0.02%
03/09/2001,111.021,111.021,111.021,111.021,,-0.40%
03/08/2001,111.465,111.465,111.465,111.465,,-0.78%
03/07/2001,112.34,112.34,112.34,112.34,,0.30%
03/06/2001,112.007,112.007,112.007,112.007,,-0.10%
03/05/2001,112.12,112.12,112.12,112.12,,0.90%
03/02/2001,111.124,111.124,111.124,111.124,,0.34%
03/01/2001,110.746,110.746,110.746,110.746,,0.24%
02/28/2001,110.479,110.479,110.479,110.479,,-0.01%
02/27/2001,110.485,110.485,110.485,110.485,,0.30%
02/26/2001,110.15,110.15,110.15,110.15,,-0.29%
02/23/2001,110.465,110.465,110.465,110.465,,0.24%
02/22/2001,110.202,110.202,110.202,110.202,,-0.16%
02/21/2001,110.379,110.379,110.379,110.379,,-0.42%
02/20/2001,110.839,110.839,110.839,110.839,,-0.46%
02/19/2001,111.35,111.35,111.45,110.3,,0.00%
02/16/2001,111.354,111.354,111.354,111.354,,0.38%
02/15/2001,110.927,110.927,110.927,110.927,,-0.82%
02/14/2001,111.847,111.847,111.847,111.847,,-0.65%
02/13/2001,112.578,112.578,112.578,112.578,,0.25%
02/12/2001,112.292,112.292,112.292,112.292,,-0.72%
02/09/2001,113.102,113.102,113.102,113.102,,-0.65%
02/08/2001,113.839,113.839,113.839,113.839,,-0.22%
02/07/2001,114.092,114.092,114.092,114.092,,0.83%
02/06/2001,113.156,113.156,113.156,113.156,,-0.04%
02/05/2001,113.203,113.203,113.203,113.203,,-1.81%
02/02/2001,115.294,115.294,115.294,115.294,,1.61%
02/01/2001,113.464,113.464,113.464,113.464,,1.88%
01/31/2001,111.374,111.374,111.374,111.374,,-0.88%
01/30/2001,112.366,112.366,112.366,112.366,,0.18%
01/29/2001,112.168,112.168,112.168,112.168,,-1.67%
01/26/2001,114.072,114.072,114.072,114.072,,0.18%
01/25/2001,113.864,113.864,113.864,113.864,,0.18%
01/24/2001,113.659,113.659,113.659,113.659,,-0.62%
01/23/2001,114.366,114.366,114.366,114.366,,-0.96%
01/22/2001,115.478,115.478,115.478,115.478,,0.22%
01/19/2001,115.225,115.225,115.225,115.225,,1.05%
01/18/2001,114.024,114.024,114.024,114.024,,1.17%
01/17/2001,112.704,112.704,112.704,112.704,,-1.18%
01/16/2001,114.053,114.053,114.053,114.053,,-0.85%
01/15/2001,115.03,115.03,115.16,113.92,,0.00%
01/12/2001,115.025,115.025,115.025,115.025,,0.26%
01/11/2001,114.732,114.732,114.732,114.732,,-0.71%
01/10/2001,115.55,115.55,115.55,115.55,,0.40%
01/09/2001,115.086,115.086,115.086,115.086,,0.37%
01/08/2001,114.662,114.662,114.662,114.662,,0.73%
01/05/2001,113.833,113.833,113.833,113.833,,0.50%
01/04/2001,113.266,113.266,113.266,113.266,,1.58%
01/03/2001,111.506,111.506,111.506,111.506,,0.05%
01/02/2001,111.451,111.451,111.451,111.451,,-2.76%
12/29/2000,114.613,114.613,114.613,114.613,,1.82%
12/28/2000,112.569,112.569,112.569,112.569,,-0.33%
12/27/2000,112.943,112.943,112.943,112.943,,0.50%
12/26/2000,112.381,112.381,112.381,112.381,,0.75%
12/22/2000,111.542,111.542,111.542,111.542,,-0.39%
12/21/2000,111.98,111.98,111.98,111.98,,0.31%
12/20/2000,111.635,111.635,111.635,111.635,,-1.37%
12/19/2000,113.181,113.181,113.181,113.181,,0.19%
12/18/2000,112.967,112.967,112.967,112.967,,0.81%
12/15/2000,112.056,112.056,112.056,112.056,,1.81%
12/14/2000,110.06,110.06,110.06,110.06,,-1.22%
12/13/2000,111.417,111.417,111.417,111.417,,-1.62%
12/12/2000,113.249,113.249,113.249,113.249,,-2.45%
12/11/2000,116.091,116.091,116.091,116.091,,2.66%
12/08/2000,113.086,113.086,113.086,113.086,,-0.10%
12/07/2000,113.195,113.195,113.195,113.195,,-0.81%
12/06/2000,114.118,114.118,114.118,114.118,,3.27%
12/05/2000,110.5,110.5,110.5,110.5,,-1.49%
12/04/2000,112.175,112.175,112.175,112.175,,1.69%
12/01/2000,110.314,110.314,110.314,110.314,,-1.14%
11/30/2000,111.59,111.59,111.59,111.59,,0.61%
11/29/2000,110.913,110.913,110.913,110.913,,0.05%
11/28/2000,110.853,110.853,110.853,110.853,,-1.73%
11/27/2000,112.808,112.808,112.808,112.808,,0.14%
11/22/2000,112.646,112.646,112.646,112.646,,0.54%
11/21/2000,112.044,112.044,112.044,112.044,,0.32%
11/20/2000,111.687,111.687,111.687,111.687,,0.66%
11/17/2000,110.95,110.95,110.95,110.95,,1.38%
11/16/2000,109.441,109.441,109.441,109.441,,-1.35%
11/15/2000,110.937,110.937,110.937,110.937,,1.39%
11/14/2000,109.415,109.415,109.415,109.415,,1.23%
11/13/2000,108.09,108.09,108.09,108.09,,0.56%
11/10/2000,107.493,107.493,107.493,107.493,,-0.21%
11/09/2000,107.715,107.715,107.715,107.715,,0.54%
11/08/2000,107.135,107.135,107.135,107.135,,0.62%
11/07/2000,106.474,106.474,106.474,106.474,,1.12%
11/06/2000,105.294,105.294,105.294,105.294,,-0.03%
11/03/2000,105.328,105.328,105.328,105.328,,0.80%
11/02/2000,104.492,104.492,104.492,104.492,,0.08%
11/01/2000,104.409,104.409,104.409,104.409,,0.57%
10/31/2000,103.82,103.82,103.82,103.82,,0.27%
10/30/2000,103.538,103.538,103.538,103.538,,-0.31%
10/27/2000,103.863,103.863,103.863,103.863,,-1.22%
10/26/2000,105.141,105.141,105.141,105.141,,-0.41%
10/25/2000,105.578,105.578,105.578,105.578,,-1.39%
10/24/2000,107.068,107.068,107.068,107.068,,-0.66%
10/23/2000,107.777,107.777,107.777,107.777,,0.65%
10/20/2000,107.081,107.081,107.081,107.081,,0.53%
10/19/2000,106.516,106.516,106.516,106.516,,-1.26%
10/18/2000,107.879,107.879,107.879,107.879,,-0.67%
10/17/2000,108.612,108.612,108.612,108.612,,-0.07%
10/16/2000,108.688,108.688,108.688,108.688,,-1.74%
10/13/2000,110.614,110.614,110.614,110.614,,-1.87%
10/12/2000,112.717,112.717,112.717,112.717,,2.25%
10/11/2000,110.233,110.233,110.233,110.233,,0.85%
10/10/2000,109.302,109.302,109.302,109.302,,1.76%
10/09/2000,107.411,107.411,107.411,107.411,,1.05%
10/06/2000,106.299,106.299,106.299,106.299,,-0.27%
10/05/2000,106.586,106.586,106.586,106.586,,-0.96%
10/04/2000,107.621,107.621,107.621,107.621,,-0.74%
10/03/2000,108.419,108.419,108.419,108.419,,0.04%
10/02/2000,108.377,108.377,108.377,108.377,,1.31%
09/29/2000,106.975,106.975,106.975,106.975,,0.48%
09/28/2000,106.461,106.461,106.461,106.461,,-1.86%
09/27/2000,108.483,108.483,108.483,108.483,,0.26%
09/26/2000,108.199,108.199,108.199,108.199,,-0.04%
09/25/2000,108.24,108.24,108.24,108.24,,-0.28%
09/22/2000,108.545,108.545,108.545,108.545,,-1.11%
09/21/2000,109.765,109.765,109.765,109.765,,-0.50%
09/20/2000,110.319,110.319,110.319,110.319,,-0.27%
09/19/2000,110.617,110.617,110.617,110.617,,-0.50%
09/18/2000,111.172,111.172,111.172,111.172,,0.75%
09/15/2000,110.345,110.345,110.345,110.345,,0.62%
09/14/2000,109.664,109.664,109.664,109.664,,0.20%
09/13/2000,109.442,109.442,109.442,109.442,,-0.77%
09/12/2000,110.286,110.286,110.286,110.286,,-0.60%
09/11/2000,110.952,110.952,110.952,110.952,,1.47%
09/08/2000,109.344,109.344,109.344,109.344,,-1.15%
09/07/2000,110.62,110.62,110.62,110.62,,0.47%
09/06/2000,110.107,110.107,110.107,110.107,,0.52%
09/05/2000,109.539,109.539,109.539,109.539,,1.03%
09/01/2000,108.417,108.417,108.417,108.417,,0.23%
08/31/2000,108.17,108.17,108.17,108.17,,0.23%
08/30/2000,107.924,107.924,107.924,107.924,,0.85%
08/29/2000,107.013,107.013,107.013,107.013,,0.48%
08/28/2000,106.507,106.507,106.507,106.507,,1.05%
08/25/2000,105.402,105.402,105.402,105.402,,0.56%
08/24/2000,104.818,104.818,104.818,104.818,,-0.12%
08/23/2000,104.945,104.945,104.945,104.945,,0.78%
08/22/2000,104.136,104.136,104.136,104.136,,-1.10%
08/21/2000,105.295,105.295,105.295,105.295,,1.03%
08/18/2000,104.218,104.218,104.218,104.218,,0.35%
08/17/2000,103.857,103.857,103.857,103.857,,0.24%
08/16/2000,103.61,103.61,103.61,103.61,,0.70%
08/15/2000,102.886,102.886,102.886,102.886,,-0.35%
08/14/2000,103.251,103.251,103.251,103.251,,0.26%
08/11/2000,102.983,102.983,102.983,102.983,,0.15%
08/10/2000,102.832,102.832,102.832,102.832,,0.94%
08/09/2000,101.879,101.879,101.879,101.879,,0.85%
08/08/2000,101.025,101.025,101.025,101.025,,0.49%
08/07/2000,100.535,100.535,100.535,100.535,,-1.08%
08/04/2000,101.633,101.633,101.633,101.633,,0.87%
08/03/2000,100.754,100.754,100.754,100.754,,-0.01%
08/02/2000,100.766,100.766,100.766,100.766,,1.13%
08/01/2000,99.636,99.636,99.636,99.636,,0.64%
07/31/2000,99.004,99.004,99.004,99.004,,-0.88%
07/28/2000,99.878,99.878,99.878,99.878,,0.10%
07/27/2000,99.781,99.781,99.781,99.781,,0.59%
07/26/2000,99.2,99.2,99.2,99.2,,0.07%
07/25/2000,99.132,99.132,99.132,99.132,,-0.36%
07/24/2000,99.491,99.491,99.491,99.491,,-1.38%
07/21/2000,100.885,100.885,100.885,100.885,,-1.03%
07/20/2000,101.936,101.936,101.936,101.936,,-0.33%
07/19/2000,102.27,102.27,102.27,102.27,,-0.83%
07/18/2000,103.126,103.126,103.126,103.126,,1.42%
07/17/2000,101.683,101.683,101.683,101.683,,-0.38%
07/14/2000,102.074,102.074,102.074,102.074,,-0.64%
07/13/2000,102.732,102.732,102.732,102.732,,1.15%
07/12/2000,101.562,101.562,101.562,101.562,,-0.13%
07/11/2000,101.697,101.697,101.697,101.697,,0.26%
07/10/2000,101.432,101.432,101.432,101.432,,-0.20%
07/07/2000,101.632,101.632,101.632,101.632,,0.89%
07/06/2000,100.738,100.738,100.738,100.738,,-1.26%
07/05/2000,102.019,102.019,102.019,102.019,,-2.62%
06/30/2000,104.764,104.764,104.764,104.764,,-0.93%
06/29/2000,105.75,105.75,105.75,105.75,,0.80%
06/28/2000,104.91,104.91,104.91,104.91,,-0.45%
06/27/2000,105.38,105.38,105.38,105.38,,0.78%
06/26/2000,104.564,104.564,104.564,104.564,,-0.30%
06/23/2000,104.883,104.883,104.883,104.883,,-0.72%
06/22/2000,105.642,105.642,105.642,105.642,,1.09%
06/21/2000,104.507,104.507,104.507,104.507,,1.11%
06/20/2000,103.36,103.36,103.36,103.36,,0.35%
06/19/2000,103,103,103,103,,-1.07%
06/16/2000,104.113,104.113,104.113,104.113,,-0.61%
06/15/2000,104.748,104.748,104.748,104.748,,0.27%
06/14/2000,104.47,104.47,104.47,104.47,,-0.01%
06/13/2000,104.484,104.484,104.484,104.484,,0.47%
06/12/2000,103.998,103.998,103.998,103.998,,0.30%
06/09/2000,103.687,103.687,103.687,103.687,,0.46%
06/08/2000,103.214,103.214,103.214,103.214,,0.43%
06/07/2000,102.775,102.775,102.775,102.775,,-1.28%
06/06/2000,104.104,104.104,104.104,104.104,,-0.10%
06/05/2000,104.203,104.203,104.203,104.203,,0.10%
06/02/2000,104.104,104.104,104.104,104.104,,0.63%
06/01/2000,103.451,103.451,103.451,103.451,,0.59%
05/31/2000,102.843,102.843,102.843,102.843,,-1.04%
05/30/2000,103.919,103.919,103.919,103.919,,-0.76%
05/26/2000,104.714,104.714,104.714,104.714,,-0.15%
05/25/2000,104.875,104.875,104.875,104.875,,0.22%
05/24/2000,104.644,104.644,104.644,104.644,,1.33%
05/23/2000,103.271,103.271,103.271,103.271,,0.10%
05/22/2000,103.169,103.169,103.169,103.169,,-0.81%
05/19/2000,104.007,104.007,104.007,104.007,,0.02%
05/18/2000,103.982,103.982,103.982,103.982,,0.83%
05/17/2000,103.124,103.124,103.124,103.124,,0.07%
05/16/2000,103.052,103.052,103.052,103.052,,0.34%
05/15/2000,102.704,102.704,102.704,102.704,,-0.11%
05/12/2000,102.821,102.821,102.821,102.821,,0.43%
05/11/2000,102.38,102.38,102.38,102.38,,0.95%
05/10/2000,101.418,101.418,101.418,101.418,,0.58%
05/09/2000,100.832,100.832,100.832,100.832,,0.59%
05/08/2000,100.24,100.24,100.24,100.24,,0.49%
05/05/2000,99.748,99.748,99.748,99.748,,-0.14%
05/04/2000,99.885,99.885,99.885,99.885,,0.47%
05/03/2000,99.422,99.422,99.422,99.422,,-0.36%
05/02/2000,99.777,99.777,99.777,99.777,,1.28%
05/01/2000,98.518,98.518,98.518,98.518,,1.69%
04/28/2000,96.882,96.882,96.882,96.882,,0.14%
04/27/2000,96.748,96.748,96.748,96.748,,0.01%
04/26/2000,96.739,96.739,96.739,96.739,,-0.82%
04/25/2000,97.539,97.539,97.539,97.539,,-0.15%
04/24/2000,97.683,97.683,97.683,97.683,,0.29%
04/20/2000,97.402,97.402,97.402,97.402,,-0.16%
04/19/2000,97.555,97.555,97.555,97.555,,1.06%
04/18/2000,96.533,96.533,96.533,96.533,,0.40%
04/17/2000,96.15,96.15,96.15,96.15,,0.29%
04/14/2000,95.869,95.869,95.869,95.869,,-0.85%
04/13/2000,96.694,96.694,96.694,96.694,,0.32%
04/12/2000,96.387,96.387,96.387,96.387,,1.86%
04/11/2000,94.628,94.628,94.628,94.628,,-0.02%
04/10/2000,94.646,94.646,94.646,94.646,,-1.14%
04/07/2000,95.741,95.741,95.741,95.741,,-0.22%
04/06/2000,95.954,95.954,95.954,95.954,,-0.78%
04/05/2000,96.704,96.704,96.704,96.704,,0.58%
04/04/2000,96.145,96.145,96.145,96.145,,-1.57%
04/03/2000,97.677,97.677,97.677,97.677,,-0.86%
03/31/2000,98.524,98.524,98.524,98.524,,0.99%
03/30/2000,97.557,97.557,97.557,97.557,,0.57%
03/29/2000,97.005,97.005,97.005,97.005,,-1.07%
03/28/2000,98.058,98.058,98.058,98.058,,-0.60%
03/27/2000,98.648,98.648,98.648,98.648,,-0.08%
03/24/2000,98.73,98.73,98.73,98.73,,0.64%
03/23/2000,98.107,98.107,98.107,98.107,,-0.41%
03/22/2000,98.512,98.512,98.512,98.512,,-0.07%
03/21/2000,98.577,98.577,98.577,98.577,,0.45%
03/20/2000,98.133,98.133,98.133,98.133,,-2.32%
03/17/2000,100.462,100.462,100.462,100.462,,0.14%
03/16/2000,100.319,100.319,100.319,100.319,,0.25%
03/15/2000,100.066,100.066,100.066,100.066,,-0.67%
03/14/2000,100.739,100.739,100.739,100.739,,0.00%
03/13/2000,100.742,100.742,100.742,100.742,,0.72%
03/10/2000,100.022,100.022,100.022,100.022,,-0.51%
03/09/2000,100.531,100.531,100.531,100.531,,1.08%
03/08/2000,99.458,99.458,99.458,99.458,,-2.73%
03/07/2000,102.248,102.248,102.248,102.248,,1.30%
03/06/2000,100.936,100.936,100.936,100.936,,0.85%
03/03/2000,100.082,100.082,100.082,100.082,,0.38%
03/02/2000,99.703,99.703,99.703,99.703,,-0.14%
03/01/2000,99.838,99.838,99.838,99.838,,1.81%
02/29/2000,98.063,98.063,98.063,98.063,,0.76%
02/28/2000,97.319,97.319,97.319,97.319,,-0.33%
02/25/2000,97.642,97.642,97.642,97.642,,-0.63%
02/24/2000,98.26,98.26,98.26,98.26,,0.30%
02/23/2000,97.967,97.967,97.967,97.967,,-0.43%
02/22/2000,98.387,98.387,98.387,98.387,,0.02%
02/18/2000,98.364,98.364,98.364,98.364,,-0.02%
02/17/2000,98.387,98.387,98.387,98.387,,-0.34%
02/16/2000,98.721,98.721,98.721,98.721,,0.26%
02/15/2000,98.462,98.462,98.462,98.462,,-0.44%
02/14/2000,98.897,98.897,98.897,98.897,,0.10%
02/11/2000,98.797,98.797,98.797,98.797,,-0.52%
02/10/2000,99.316,99.316,99.316,99.316,,1.70%
02/09/2000,97.654,97.654,97.654,97.654,,1.27%
02/08/2000,96.431,96.431,96.431,96.431,,-1.27%
02/07/2000,97.674,97.674,97.674,97.674,,-1.31%
02/04/2000,98.967,98.967,98.967,98.967,,1.89%
02/03/2000,97.134,97.134,97.134,97.134,,0.35%
02/02/2000,96.794,96.794,96.794,96.794,,-0.77%
02/01/2000,97.549,97.549,97.549,97.549,,0.76%
01/31/2000,96.815,96.815,96.815,96.815,,0.31%
01/28/2000,96.514,96.514,96.514,96.514,,-0.45%
01/27/2000,96.954,96.954,96.954,96.954,,0.11%
01/26/2000,96.845,96.845,96.845,96.845,,-0.81%
01/25/2000,97.631,97.631,97.631,97.631,,0.60%
01/24/2000,97.048,97.048,97.048,97.048,,-0.43%
01/21/2000,97.466,97.466,97.466,97.466,,-0.19%
01/20/2000,97.65,97.65,97.65,97.65,,0.48%
01/19/2000,97.185,97.185,97.185,97.185,,0.76%
01/18/2000,96.448,96.448,96.448,96.448,,1.30%
01/14/2000,95.212,95.212,95.212,95.212,,1.51%
01/13/2000,93.798,93.798,93.798,93.798,,0.68%
01/12/2000,93.16,93.16,93.16,93.16,,1.21%
01/11/2000,92.048,92.048,92.048,92.048,,1.16%
01/10/2000,90.99,90.99,90.99,90.99,,0.26%
01/07/2000,90.75,90.75,90.75,90.75,,-0.32%
01/06/2000,91.04,91.04,91.04,91.04,,0.04%
01/05/2000,91.002,91.002,91.002,91.002,,-0.54%
01/04/2000,91.495,91.495,91.495,91.495,,-0.60%
01/03/2000,92.045,92.045,92.045,92.045,,-0.25%
