Date,Price,Open,High,Low,Vol,Change %
10/22/2025,62.33,61.62,62.46,61.37,365.98,1.65%
10/21/2025,61.32,60.9,62.1,60.35,379.2,0.51%
10/20/2025,61.01,61.25,61.55,60.07,265.94,-0.46%
10/17/2025,61.29,61,61.47,60.14,378.72,0.38%
10/16/2025,61.06,62.4,62.75,60.84,416.75,-1.37%
10/15/2025,62.22,62.31,62.53,62.02,414.62,-0.27%
10/14/2025,62.39,63.49,63.63,61.5,423.16,-1.47%
10/13/2025,63.32,62.9,63.95,62.9,346.53,0.94%
10/10/2025,62.73,65.27,65.36,62,547.99,-3.82%
10/09/2025,65.22,65.82,66.58,64.96,345.8,-1.55%
10/08/2025,66.25,65.8,66.54,65.76,325.86,1.22%
10/07/2025,65.45,65.48,65.84,64.53,293.95,-0.03%
10/06/2025,65.47,64.9,65.77,64.76,299.84,1.46%
10/03/2025,64.53,64.38,65.02,64.2,311.95,0.66%
10/02/2025,64.11,65.45,66.15,64,480.22,-1.90%
10/01/2025,65.35,66.18,66.57,65.05,420.6,-2.49%
09/30/2025,67.02,67.5,67.71,66.84,19.23,-1.40%
09/29/2025,67.97,69.5,69.91,67.52,107.59,-3.08%
09/26/2025,70.13,69.54,70.76,69.11,110.38,1.02%
09/25/2025,69.42,69.04,69.68,68.42,210.51,0.16%
09/24/2025,69.31,67.88,69.37,67.51,222.73,3.49%
09/23/2025,66.97,65.99,67.42,65.49,344.39,1.52%
09/22/2025,65.97,65.98,66.67,65.35,295.75,-1.06%
09/19/2025,66.68,67.46,67.57,66.44,276.24,-1.13%
09/18/2025,67.44,68,68.42,67.19,254.39,-0.75%
09/17/2025,67.95,68.53,68.59,67.62,233.62,-0.76%
09/16/2025,68.47,67.47,68.69,67.01,305.98,1.53%
09/15/2025,67.44,67.33,67.85,66.78,207.09,0.67%
09/12/2025,66.99,66.24,68.17,65.71,397.41,0.93%
09/11/2025,66.37,67.58,67.62,66.15,247.54,-1.66%
09/10/2025,67.49,66.69,67.78,66.66,274.93,1.66%
09/09/2025,66.39,66.23,67.38,66.12,309.16,0.56%
09/08/2025,66.02,65.55,67.04,65.51,257.32,0.79%
09/05/2025,65.5,66.82,67.05,65.07,327.79,-2.22%
09/04/2025,66.99,67.41,67.41,66.35,295.61,-0.90%
09/03/2025,67.6,69.1,69.24,67.36,393.06,-2.23%
09/02/2025,69.14,68.19,69.53,68.05,346.06,1.45%
09/01/2025,68.15,67.42,68.36,67.12,151.21,0.04%
08/29/2025,68.12,68.24,68.39,67.9,18.13,-0.73%
08/28/2025,68.62,67.71,68.71,67.39,105.36,0.84%
08/27/2025,68.05,67.39,68.12,66.91,131.6,1.23%
08/26/2025,67.22,68.73,68.73,67.11,177.9,-2.30%
08/25/2025,68.8,67.89,69.07,67.57,130.69,2.35%
08/22/2025,67.22,67.05,67.45,66.89,276.32,0.15%
08/21/2025,67.12,66.46,67.25,66.25,275.96,1.22%
08/20/2025,66.31,65.59,66.54,65.31,263.66,1.55%
08/19/2025,65.3,65.98,66.01,65.14,200.65,-1.08%
08/18/2025,66.01,65.26,66.24,64.79,195.57,0.24%
08/15/2025,65.85,66.87,67.06,65.73,251.2,-1.48%
08/14/2025,66.84,65.76,66.99,65.55,275.02,1.84%
08/13/2025,65.63,66.14,66.33,65.01,310.06,-0.74%
08/12/2025,66.12,66.8,67.06,65.98,228.13,-0.77%
08/11/2025,66.63,66.25,67.13,65.81,223.89,0.06%
08/08/2025,66.59,66.42,67.22,65.53,375.28,0.24%
08/07/2025,66.43,66.88,67.68,66.27,319.76,-0.69%
08/06/2025,66.89,67.75,69.18,66.22,395.9,-1.11%
08/05/2025,67.64,68.75,68.87,67.52,334.76,-1.63%
08/04/2025,68.76,69.11,69.98,68,308.42,-1.31%
08/01/2025,69.67,71.83,72,69.4,418.02,-3.94%
07/31/2025,72.53,73.53,73.53,72.4,16.02,-0.97%
07/30/2025,73.24,72.57,73.63,71.75,111.92,1.01%
07/29/2025,72.51,70.28,73.08,69.86,136.65,3.53%
07/28/2025,70.04,68.54,70.45,68.35,203.44,2.34%
07/25/2025,68.44,69.36,69.86,68.31,166.66,0.12%
07/24/2025,68.36,67.99,68.77,67.7,340.03,0.78%
07/23/2025,67.83,68.02,68.26,67.29,327.38,0.09%
07/22/2025,67.77,68.29,68.3,67.35,310.74,-0.89%
07/21/2025,68.38,68.35,68.75,67.71,265.69,-1.30%
07/18/2025,69.28,69.55,70.77,69.14,411.81,-0.35%
07/17/2025,69.52,68.79,69.67,68.27,324.16,1.46%
07/16/2025,68.52,68.98,69.09,67.71,361.65,-0.28%
07/15/2025,68.71,69.15,69.41,68.6,314.88,-0.72%
07/14/2025,69.21,70.5,71.53,69.02,362.84,-1.63%
07/11/2025,70.36,68.84,70.71,68.55,290.55,2.51%
07/10/2025,68.64,70.06,70.48,68.54,345.2,-2.21%
07/09/2025,70.19,69.92,70.71,69.61,273.96,0.06%
07/08/2025,70.15,69.5,70.68,69.03,282.68,0.82%
07/07/2025,69.58,67.64,69.94,67.22,313.88,1.87%
07/04/2025,68.3,68.85,68.89,67.75,160.48,-0.73%
07/03/2025,68.8,68.86,69.14,68.32,313.95,-0.45%
07/02/2025,69.11,67.11,69.21,66.94,384.48,2.98%
07/01/2025,67.11,66.58,67.5,66.34,270.05,-0.74%
06/30/2025,67.61,67.33,68.15,67.03,17.09,-0.24%
06/27/2025,67.77,67.91,68.42,67.2,93.02,0.06%
06/26/2025,67.73,67.77,69.05,67.38,111.54,0.07%
06/25/2025,67.68,67.88,68.78,67.32,214,0.80%
06/24/2025,67.14,68.37,70.2,66.82,453.9,-4.79%
06/23/2025,70.52,78.9,79.4,68.64,789.17,-6.57%
06/20/2025,75.48,75.73,76.01,74,390.1,-2.08%
06/19/2025,77.08,74.95,77.18,74.17,359.43,2.58%
06/18/2025,75.14,75.18,75.74,73,536.52,0.32%
06/17/2025,74.9,72.5,75.53,71.46,514.73,4.04%
06/16/2025,71.99,76,76.45,69.43,527.11,-3.02%
06/13/2025,74.23,70.5,78.5,70.41,1.24M,7.02%
06/12/2025,69.36,70.23,70.4,68.36,507.9,-0.59%
06/11/2025,69.77,66.6,70.83,66.47,511.83,4.34%
06/10/2025,66.87,67.12,68,66.48,343.94,-0.25%
06/09/2025,67.04,66.59,67.19,66.07,281.13,0.86%
06/06/2025,66.47,65.26,66.67,64.8,335.32,1.73%
06/05/2025,65.34,64.77,65.85,64.6,260.73,0.74%
06/04/2025,64.86,65.52,65.95,64.27,376.27,-1.17%
06/03/2025,65.63,65.16,65.95,64.51,357.85,1.55%
06/02/2025,64.63,63.2,65.76,63,478.84,1.14%
05/30/2025,63.9,64.11,64.67,63.65,17.26,-0.39%
05/29/2025,64.15,65.03,66.13,63.79,120.07,-0.26%
05/28/2025,64.32,63.86,65.05,63.51,336,1.18%
05/27/2025,63.57,64.12,64.49,62.96,342.54,-0.86%
05/26/2025,64.12,64.42,64.81,63.89,88.47,-0.14%
05/23/2025,64.21,63.5,64.65,62.8,333.49,0.45%
05/22/2025,63.92,64.14,64.5,63.07,310.83,-0.71%
05/21/2025,64.38,65.45,65.93,64.03,378.48,-0.59%
05/20/2025,64.76,64.91,65.27,64.23,277.36,-0.06%
05/19/2025,64.8,64.73,65.28,63.84,269.75,-0.93%
05/16/2025,65.41,64.7,65.54,64.18,315,1.36%
05/15/2025,64.53,65.42,65.42,63.44,446.38,-2.36%
05/14/2025,66.09,66.56,66.59,65.68,302.75,-0.81%
05/13/2025,66.63,64.93,66.81,64.63,345.46,2.57%
05/12/2025,64.96,64.05,66.4,63.88,417.96,1.64%
05/09/2025,63.91,63.07,64.27,62.84,326.19,1.70%
05/08/2025,62.84,61.06,63.38,61,350.88,2.81%
05/07/2025,61.12,62.5,63.25,60.83,367.74,-1.66%
05/06/2025,62.15,60.28,62.8,60.18,385.65,3.19%
05/05/2025,60.23,59.5,60.82,58.5,321.53,-1.73%
05/02/2025,61.29,61.82,62.72,60.69,373.28,-1.35%
05/01/2025,62.13,61.23,62.4,59.3,449.04,-1.57%
04/30/2025,63.12,64.11,64.33,62.99,24.16,-1.76%
04/29/2025,64.25,65.79,65.83,63.9,120.75,-2.44%
04/28/2025,65.86,67.25,67.57,65.25,139.73,-1.51%
04/25/2025,66.87,66.57,67.18,65.55,183.22,0.48%
04/24/2025,66.55,66.11,67.02,65.8,214.13,2.10%
04/23/2025,65.18,67.01,67.64,64.39,461.72,-1.96%
04/22/2025,66.48,65.8,67.08,65.58,305.54,1.81%
04/21/2025,65.3,66.87,66.87,64.76,156.3,-3.91%
04/17/2025,67.96,66.25,68.14,65.95,301.81,3.20%
04/16/2025,65.85,64.82,66.36,63.79,348.37,1.82%
04/15/2025,64.67,64.96,65.4,64.21,276.51,-0.32%
04/14/2025,64.88,65,65.9,64.02,282.68,0.19%
04/11/2025,64.76,63.16,65.08,62.77,411.66,2.26%
04/10/2025,63.33,65.9,66.08,62,489.76,-3.28%
04/09/2025,65.48,61.13,66.02,58.4,931.66,4.23%
04/08/2025,62.82,64.59,65.21,61.34,667.3,-2.16%
04/07/2025,64.21,64.9,67.43,62.51,881.7,-2.09%
04/04/2025,65.58,70,70.11,64.03,987.63,-6.50%
04/03/2025,70.14,72.7,73.4,69.48,751.22,-6.42%
04/02/2025,74.95,74.52,75.47,73.1,448.93,0.62%
04/01/2025,74.49,74.67,75.29,74.33,440.73,-0.33%
03/31/2025,74.74,73.76,74.81,73.18,23.45,1.51%
03/28/2025,73.63,74.03,74.2,73.22,92.71,-0.54%
03/27/2025,74.03,73.9,74.07,73.23,113.71,0.33%
03/26/2025,73.79,73.27,74.17,73.09,185.49,1.05%
03/25/2025,73.02,73.08,73.57,72.5,224.65,0.90%
03/24/2025,72.37,71.7,72.57,71.26,329.03,1.06%
03/21/2025,71.61,71.8,71.97,71.01,303.43,0.20%
03/20/2025,71.47,70.49,71.76,70.1,364.36,1.64%
03/19/2025,70.32,70.05,70.77,69.51,253.48,0.29%
03/18/2025,70.12,70.44,71.68,69.85,315.81,-0.68%
03/17/2025,70.6,70.18,71.27,70.17,224.67,0.03%
03/14/2025,70.58,70.16,70.75,69.93,238.55,1.00%
03/13/2025,69.88,70.95,71.25,69.66,331.69,-1.51%
03/12/2025,70.95,69.95,71.1,69.48,273.31,2.00%
03/11/2025,69.56,69.05,70.44,68.63,282.86,0.40%
03/10/2025,69.28,70.49,70.88,69.05,275.18,-1.53%
03/07/2025,70.36,69.43,71.4,69.3,395.5,1.30%
03/06/2025,69.46,69.43,69.9,68.74,409.42,0.23%
03/05/2025,69.3,71.02,71.18,68.33,473,-2.45%
03/04/2025,71.04,71.3,71.36,69.75,505.15,-0.81%
03/03/2025,71.62,73.04,73.67,71.17,413.71,-2.13%
02/28/2025,73.18,73.72,73.84,72.97,16.15,-1.16%
02/27/2025,74.04,72.7,74.26,72.49,78.87,2.08%
02/26/2025,72.53,73.16,73.34,72.39,126.28,-0.67%
02/25/2025,73.02,74.74,75.26,72.7,188.29,-1.74%
02/24/2025,74.31,73.76,74.5,73.71,263.74,0.35%
02/21/2025,74.05,76.21,76.32,73.8,325.12,-2.63%
02/20/2025,76.05,75.68,76.71,75.36,309.86,0.50%
02/19/2025,75.67,75.44,76.4,75.38,250.06,0.32%
02/18/2025,75.43,74.95,75.67,74.59,285.65,0.67%
02/17/2025,74.93,74.36,75.07,73.91,189.58,0.25%
02/14/2025,74.74,75,75.85,74.53,302.06,-0.37%
02/13/2025,75.02,74.97,75.37,74.06,331.42,-0.21%
02/12/2025,75.18,76.82,76.91,74.92,371.41,-2.36%
02/11/2025,77,75.94,77.29,75.9,349.47,1.49%
02/10/2025,75.87,74.59,76.23,74.51,271.7,1.62%
02/07/2025,74.66,74.31,75.12,74.26,290.58,0.50%
02/06/2025,74.29,74.71,75.4,74.1,378.11,-0.43%
02/05/2025,74.61,76.21,76.34,74.56,343.53,-2.09%
02/04/2025,76.2,75.4,76.66,74.15,576.12,0.32%
02/03/2025,75.96,76.79,77.34,75.04,548.33,-1.04%
01/31/2025,76.76,77.25,77.51,76.48,17.83,-0.14%
01/30/2025,76.87,76.77,77.63,76,84.79,0.38%
01/29/2025,76.58,77.62,77.7,76.31,104.85,-1.17%
01/28/2025,77.49,77.01,78.18,76.85,215.56,0.53%
01/27/2025,77.08,78.34,79,76.3,247.12,-0.61%
01/24/2025,77.55,77.17,78.08,76.92,380.75,-0.01%
01/23/2025,77.56,78.01,78.8,77.12,379.04,-0.75%
01/22/2025,78.15,78.47,78.91,77.95,347.64,-0.32%
01/21/2025,78.4,78.78,79.37,77.66,382.47,-0.88%
01/20/2025,79.1,79.72,79.99,78.43,276.32,-2.09%
01/17/2025,80.79,81.44,81.93,80.5,309.2,-0.62%
01/16/2025,81.29,82.42,82.57,80.39,453.67,-0.90%
01/15/2025,82.03,80.29,82.63,79.62,484.58,2.64%
01/14/2025,79.92,80.92,81.15,79.87,445.38,-1.35%
01/13/2025,81.01,79.76,81.68,79.76,610.62,1.57%
01/10/2025,79.76,77.26,80.75,77.03,762.62,3.69%
01/09/2025,76.92,76.18,77.27,75.68,302.92,1.00%
01/08/2025,76.16,77.3,77.89,76.04,442.51,-1.16%
01/07/2025,77.05,76.18,77.3,75.91,368.63,0.98%
01/06/2025,76.3,76.58,77.5,75.94,372.57,-0.27%
01/03/2025,76.51,75.98,76.73,75.53,314.61,0.76%
01/02/2025,75.93,74.93,76.55,74.72,365.43,1.73%
12/31/2024,74.64,74.25,74.89,73.84,190.98,0.34%
12/30/2024,74.39,73.81,74.63,73.8,23.42,0.30%
12/27/2024,74.17,73.16,74.29,73.05,82.6,1.24%
12/26/2024,73.26,73.77,74.17,72.99,54.05,-0.43%
12/24/2024,73.58,72.96,73.81,72.79,93.49,1.31%
12/23/2024,72.63,72.86,73.38,71.98,184.07,-0.43%
12/20/2024,72.94,72.57,73.29,72,240.71,0.08%
12/19/2024,72.88,72.91,73.86,72.53,302.55,-0.69%
12/18/2024,73.39,73.26,74.2,72.8,285.3,0.27%
12/17/2024,73.19,73.91,74.18,72.48,270.25,-0.97%
12/16/2024,73.91,74.6,74.6,73.7,234.42,-0.78%
12/13/2024,74.49,73.33,74.59,73.3,246.4,1.47%
12/12/2024,73.41,73.6,74,72.42,324.25,-0.15%
12/11/2024,73.52,72.15,73.75,72.15,308.96,1.84%
12/10/2024,72.19,71.94,72.72,71.53,265.9,0.07%
12/09/2024,72.14,70.92,72.65,70.92,231.21,1.43%
12/06/2024,71.12,72.12,72.19,70.85,290.06,-1.35%
12/05/2024,72.09,72.52,72.92,71.8,318.76,-0.30%
12/04/2024,72.31,73.62,74.28,72.25,340.35,-1.78%
12/03/2024,73.62,71.93,73.93,71.68,365.42,2.49%
12/02/2024,71.83,72,72.89,71.52,289.49,-1.52%
11/29/2024,72.94,73.11,73.47,72.56,23.33,-0.46%
11/28/2024,73.28,72.87,73.49,72.38,49.82,0.62%
11/27/2024,72.83,72.88,73.37,72.27,106.53,0.03%
11/26/2024,72.81,72.85,74.36,72.09,200.7,-0.27%
11/25/2024,73.01,75.38,75.38,72.84,282.16,-2.87%
11/22/2024,75.17,74.29,75.41,73.43,298.3,1.27%
11/21/2024,74.23,73.1,74.4,72.91,307.87,1.95%
11/20/2024,72.81,73.38,73.94,72.7,260.51,-0.68%
11/19/2024,73.31,73.15,73.87,72.61,354.13,0.01%
11/18/2024,73.3,70.8,73.47,70.7,333.85,3.18%
11/15/2024,71.04,72.28,72.49,70.83,307.47,-2.09%
11/14/2024,72.56,72.12,73.22,71.79,264.41,0.39%
11/13/2024,72.28,71.78,72.63,70.72,388.33,0.54%
11/12/2024,71.89,71.97,72.82,71.55,317.34,0.08%
11/11/2024,71.83,73.85,74.13,71.57,366.9,-2.76%
11/08/2024,73.87,75.55,75.61,73.44,324.16,-2.33%
11/07/2024,75.63,74.99,76.08,74.02,397.04,0.95%
11/06/2024,74.92,75.3,75.98,73.34,467.56,-0.81%
11/05/2024,75.53,75,76.24,74.9,296.48,0.60%
11/04/2024,75.08,74,75.4,73.88,299.39,2.71%
11/01/2024,73.1,74.11,74.94,72.89,336.96,-0.08%
10/31/2024,73.16,72.85,73.38,72.2,14.27,0.84%
10/30/2024,72.55,71.39,73.12,71.08,90.92,2.01%
10/29/2024,71.12,72,72.6,70.72,108.89,-0.42%
10/28/2024,71.42,72.77,73.28,71.18,317.18,-6.09%
10/25/2024,76.05,74.66,76.14,74.17,209.78,2.25%
10/24/2024,74.38,75.35,76.54,74,272.67,-0.77%
10/23/2024,74.96,75.73,76.05,74.42,288.44,-1.42%
10/22/2024,76.04,74.23,76.32,73.57,353.15,2.36%
10/21/2024,74.29,73.11,74.57,72.8,279.25,1.68%
10/18/2024,73.06,74.59,74.95,72.5,320.78,-1.87%
10/17/2024,74.45,74.47,74.92,73.26,298.43,0.31%
10/16/2024,74.22,74.71,74.93,73.42,323.37,-0.04%
10/15/2024,74.25,75.22,75.57,73.34,491.23,-4.14%
10/14/2024,77.46,78.55,78.55,74.86,343.07,-2.00%
10/11/2024,79.04,79.14,79.5,78.04,365.34,-0.45%
10/10/2024,79.4,76.76,79.72,76.72,400.89,3.68%
10/09/2024,76.58,77.49,78.02,75.15,497,-0.78%
10/08/2024,77.18,80.96,81.14,76.36,646.38,-4.63%
10/07/2024,80.93,78.07,81.16,77.23,496.8,3.69%
10/04/2024,78.05,77.79,79.3,77.39,562.05,0.55%
10/03/2024,77.62,74.59,77.99,74.31,643.31,5.03%
10/02/2024,73.9,74.47,76.14,73.59,541.74,0.46%
10/01/2024,73.56,71.85,75.45,69.91,869.15,2.49%
09/30/2024,71.77,72.5,73.17,71.26,19.52,-0.29%
09/27/2024,71.98,71.42,72.45,70.91,99.35,0.53%
09/26/2024,71.6,73.4,73.8,70.72,162.22,-2.53%
09/25/2024,73.46,75.18,75.35,73.06,283.66,-2.27%
09/24/2024,75.17,74.13,75.87,73.95,238.47,1.72%
09/23/2024,73.9,74.71,75.17,73.1,273.95,-0.79%
09/20/2024,74.49,74.77,75,74,221.09,-0.52%
09/19/2024,74.88,73.13,75.18,72.91,299.01,1.67%
09/18/2024,73.65,73.69,74.1,72.31,290.81,-0.07%
09/17/2024,73.7,72.91,74.28,72.17,274.59,1.31%
09/16/2024,72.75,72.09,73.39,71.52,232.18,1.59%
09/13/2024,71.61,72.3,73.24,71.46,260.64,-0.50%
09/12/2024,71.97,70.6,72.87,70.59,361.87,1.93%
09/11/2024,70.61,69.68,71.09,69,354.35,2.05%
09/10/2024,69.19,71.92,72.28,68.68,395.71,-3.69%
09/09/2024,71.84,71.66,72.21,70.65,314.52,1.10%
09/06/2024,71.06,72.81,73.53,70.61,374.05,-2.24%
09/05/2024,72.69,72.76,74.2,72.37,394.47,-0.01%
09/04/2024,72.7,73.67,74.8,72.35,523.5,-1.42%
09/03/2024,73.75,77.16,77.55,73.51,568.05,-4.86%
09/02/2024,77.52,76.95,77.63,76.21,181.37,-1.62%
08/30/2024,78.8,79.92,80.6,78.57,17.11,-1.43%
08/29/2024,79.94,78.52,80.78,78.12,97.64,1.64%
08/28/2024,78.65,79.87,80.01,77.95,121.16,-1.13%
08/27/2024,79.55,81.26,81.59,79.47,238.22,-2.31%
08/26/2024,81.43,79.35,81.58,79.24,234.38,3.05%
08/23/2024,79.02,77.25,79.27,77.03,216.34,2.33%
08/22/2024,77.22,75.96,77.7,75.77,277.53,1.54%
08/21/2024,76.05,77.13,78.21,75.65,323.32,-1.49%
08/20/2024,77.2,77.66,78.35,76.55,367.14,-0.59%
08/19/2024,77.66,79.6,79.81,77.48,366.54,-2.54%
08/16/2024,79.68,80.86,81.02,78.62,320.91,-1.68%
08/15/2024,81.04,79.96,81.43,79.61,270.93,1.60%
08/14/2024,79.76,81,81.44,79.6,359.13,-1.15%
08/13/2024,80.69,81.88,82.3,80.55,356.46,-1.96%
08/12/2024,82.3,79.56,82.4,79.46,328.38,3.31%
08/09/2024,79.66,79.03,79.83,78.77,213.07,0.63%
08/08/2024,79.16,78.55,79.37,77.63,320.08,1.06%
08/07/2024,78.33,76.16,78.87,75.95,444.74,2.42%
08/06/2024,76.48,77.45,77.85,75.58,393.03,0.24%
08/05/2024,76.3,77.61,77.74,75.05,557.81,-0.66%
08/02/2024,76.81,79.98,80.46,76.42,501.31,-3.41%
08/01/2024,79.52,81.44,81.8,79.43,364.93,-1.49%
07/31/2024,80.72,79.02,80.95,79.02,12.09,2.66%
07/30/2024,78.63,79.64,79.99,78.43,87.78,-1.44%
07/29/2024,79.78,81.3,81.74,79.36,132.25,-1.66%
07/26/2024,81.13,82.4,82.71,80.33,204.95,-1.51%
07/25/2024,82.37,81.58,82.53,80.09,332.16,0.81%
07/24/2024,81.71,81.46,82.23,80.93,298.2,0.86%
07/23/2024,81.01,82.25,82.79,80.51,384.32,-1.69%
07/22/2024,82.4,82.8,83.22,81.6,341.72,-0.28%
07/19/2024,82.63,84.72,85.35,82.56,362.34,-2.91%
07/18/2024,85.11,85.23,85.81,84.22,368.32,0.04%
07/17/2024,85.08,83.66,85.2,83.43,325.4,1.61%
07/16/2024,83.73,84.78,84.86,83.3,327.85,-1.32%
07/15/2024,84.85,85.1,85.37,84.42,229.27,-0.21%
07/12/2024,85.03,85.69,86.35,84.95,363.93,-0.43%
07/11/2024,85.4,85.45,85.89,84.64,336.7,0.38%
07/10/2024,85.08,84.92,85.66,84,401.56,0.50%
07/09/2024,84.66,85.67,85.85,84.53,354.29,-1.27%
07/08/2024,85.75,86.74,86.92,85.56,303.58,-0.91%
07/05/2024,86.54,87.45,87.95,86.49,265.3,-1.02%
07/04/2024,87.43,87.09,87.59,86.51,179.04,0.10%
07/03/2024,87.34,86.44,87.39,85.89,334.82,1.28%
07/02/2024,86.24,86.71,87.46,86.16,429.15,-0.42%
07/01/2024,86.6,84.9,86.88,84.85,401.36,0.22%
06/28/2024,86.41,86.56,87.22,86.24,20.94,0.02%
06/27/2024,86.39,85.01,86.5,84.88,119.99,1.34%
06/26/2024,85.25,84.89,85.81,84.47,142.86,0.28%
06/25/2024,85.01,86.06,86.23,84.74,197.5,-1.16%
06/24/2024,86.01,84.99,86.16,84.71,179.76,0.90%
06/21/2024,85.24,85.66,86.24,84.84,240.12,-0.55%
06/20/2024,85.71,85.19,85.96,84.95,256.46,0.75%
06/19/2024,85.07,85.4,85.84,84.9,251.83,-0.30%
06/18/2024,85.33,84.31,85.49,83.67,402.24,1.28%
06/17/2024,84.25,82.61,84.55,82.1,359.72,1.97%
06/14/2024,82.62,82.05,83.39,81.92,336.48,-0.16%
06/13/2024,82.75,82.42,83.05,81.8,334,0.18%
06/12/2024,82.6,82.08,83.34,81.96,333.39,0.83%
06/11/2024,81.92,81.97,82.36,81.19,332.53,0.36%
06/10/2024,81.63,79.38,82.17,79.34,344.71,2.52%
06/07/2024,79.62,80.05,80.38,79.32,267.07,-0.31%
06/06/2024,79.87,78.7,80.08,78.38,344.98,1.86%
06/05/2024,78.41,77.29,78.66,77.18,339.35,1.15%
06/04/2024,77.52,78.14,78.22,76.76,472.05,-1.07%
06/03/2024,78.36,81.15,81.65,78.09,458.86,-3.99%
05/31/2024,81.62,81.74,82.18,81.17,17.29,-0.29%
05/30/2024,81.86,83.51,83.77,81.8,105.41,-2.08%
05/29/2024,83.6,84.61,85.02,83.29,127.27,-0.74%
05/28/2024,84.22,83,84.62,83,184.26,1.35%
05/27/2024,83.1,82.2,83.2,82.08,56.71,1.19%
05/24/2024,82.12,81.4,82.46,80.65,180.64,0.93%
05/23/2024,81.36,81.59,82.97,80.93,322.41,-0.66%
05/22/2024,81.9,82.58,82.63,81.57,347.6,-1.18%
05/21/2024,82.88,83.75,83.76,82.04,388.56,-0.99%
05/20/2024,83.71,83.98,84.49,83.11,299.83,-0.32%
05/17/2024,83.98,83.43,84.04,83.08,277.18,0.85%
05/16/2024,83.27,83.03,83.78,82.31,305.71,0.63%
05/15/2024,82.75,82.76,83.07,81.05,385.98,0.45%
05/14/2024,82.38,83.41,83.62,82.1,333.57,-1.18%
05/13/2024,83.36,82.78,83.84,82.26,331.78,0.69%
05/10/2024,82.79,84.21,84.53,82.7,311.45,-1.30%
05/09/2024,83.88,83.79,84.33,83.45,309.45,0.36%
05/08/2024,83.58,83.02,83.82,81.71,395.43,0.51%
05/07/2024,83.16,83.72,83.88,82.41,365.21,-0.20%
05/06/2024,83.33,82.99,83.83,82.77,222.39,0.45%
05/03/2024,82.96,83.9,84.39,82.78,335.57,-0.85%
05/02/2024,83.67,83.59,84.44,83.05,392.64,0.28%
05/01/2024,83.44,85.8,85.89,83.29,482.83,-5.03%
04/30/2024,87.86,88.41,88.79,87.46,14.19,-0.61%
04/29/2024,88.4,89.22,89.29,88.11,99.95,-1.23%
04/26/2024,89.5,89.23,89.83,88.78,113.7,0.55%
04/25/2024,89.01,87.89,89.31,87.31,241.35,1.12%
04/24/2024,88.02,88.45,88.86,87.65,241.64,-0.45%
04/23/2024,88.42,87.2,88.51,86.03,341.78,1.63%
04/22/2024,87,87.07,87.26,85.79,372.13,-0.33%
04/19/2024,87.29,87.04,90.75,86.19,499.71,0.21%
04/18/2024,87.11,87.42,87.8,86.09,433.24,-0.21%
04/17/2024,87.29,90.11,90.17,87.13,462.93,-3.03%
04/16/2024,90.02,90.43,90.84,89.41,323.52,-0.09%
04/15/2024,90.1,90.95,91.05,88.73,410.36,-0.39%
04/12/2024,90.45,90.13,92.18,90.01,401.22,0.79%
04/11/2024,89.74,90.52,90.92,89.38,377.53,-0.82%
04/10/2024,90.48,89.55,90.71,88.83,371.23,1.19%
04/09/2024,89.42,90.63,90.94,89.25,346.43,-1.06%
04/08/2024,90.38,90.09,91.1,88.78,392.34,-0.87%
04/05/2024,91.17,91.21,91.91,90.57,390.78,0.57%
04/04/2024,90.65,89.48,91.3,88.72,390.95,1.45%
04/03/2024,89.35,89.22,89.99,88.67,367.37,0.48%
04/02/2024,88.92,87.62,89.32,87.62,427.94,1.72%
04/01/2024,87.42,86.98,87.98,86.4,274.96,-0.07%
03/28/2024,87.48,86.41,87.52,86.3,18.69,1.61%
03/27/2024,86.09,85.86,86.39,85.17,96.51,-0.19%
03/26/2024,86.25,86.81,87.06,85.8,126.82,-0.58%
03/25/2024,86.75,85.5,87.17,85.4,175,1.55%
03/22/2024,85.43,85.66,86.15,85.11,168.35,-0.41%
03/21/2024,85.78,86.24,86.64,85.06,271.87,-0.20%
03/20/2024,85.95,87.15,87.35,85.59,386.3,-1.64%
03/19/2024,87.38,86.94,87.7,86.48,367.42,0.56%
03/18/2024,86.89,85.32,87.18,85.25,390.07,1.82%
03/15/2024,85.34,85.15,85.55,84.6,287.01,-0.09%
03/14/2024,85.42,84.04,85.69,83.98,383.73,1.65%
03/13/2024,84.03,82.45,84.24,81.96,391.69,2.58%
03/12/2024,81.92,82.45,83.01,81.69,320.25,-0.35%
03/11/2024,82.21,82,82.75,81.08,347.33,0.16%
03/08/2024,82.08,83.18,83.84,81.71,320.3,-1.06%
03/07/2024,82.96,82.92,83.53,82.07,374.57,0.00%
03/06/2024,82.96,82.01,84.05,81.85,372.05,1.12%
03/05/2024,82.04,82.74,83.14,81.72,450.4,-0.92%
03/04/2024,82.8,83.5,84.08,82.57,369.83,-0.90%
03/01/2024,83.55,82.07,84.34,81.81,402.47,-0.08%
02/29/2024,83.62,83.23,83.9,83.05,16.34,-0.07%
02/28/2024,83.68,83.3,84.31,82.6,107.85,0.04%
02/27/2024,83.65,82.64,83.7,82.1,79.81,1.36%
02/26/2024,82.53,81.41,83.07,81,180.34,1.11%
02/23/2024,81.62,83.39,83.48,81.43,226.4,-2.45%
02/22/2024,83.67,83.2,83.96,82.33,275.28,0.77%
02/21/2024,83.03,82.5,83.17,81.66,305.18,0.84%
02/20/2024,82.34,83.24,83.63,82.05,297.03,-1.46%
02/19/2024,83.56,83.28,83.6,82.55,185.06,0.11%
02/16/2024,83.47,82.79,83.66,81.89,337.06,0.74%
02/15/2024,82.86,81.42,83.25,80.72,330.45,1.54%
02/14/2024,81.6,82.6,83.6,81.39,344.36,-1.41%
02/13/2024,82.77,82,83.24,81.96,331.8,0.94%
02/12/2024,82,81.94,82.19,80.77,246.24,-0.23%
02/09/2024,82.19,81.72,82.45,81.21,315.32,0.69%
02/08/2024,81.63,79.3,81.9,79.03,436.5,3.06%
02/07/2024,79.21,78.7,79.5,78.49,291.68,0.79%
02/06/2024,78.59,77.95,79.08,77.63,305.61,0.77%
02/05/2024,77.99,77.9,78.33,76.62,293.37,0.85%
02/02/2024,77.33,79.15,79.44,76.85,411.75,-1.74%
02/01/2024,78.7,80.57,81.55,78.57,525.77,-3.68%
01/31/2024,81.71,82.94,82.94,81.59,14.38,-1.40%
01/30/2024,82.87,82.62,83.3,81.34,89.31,0.57%
01/29/2024,82.4,84.13,84.8,82.03,129.91,-1.38%
01/26/2024,83.55,82.44,83.81,81.31,240.25,1.36%
01/25/2024,82.43,80.31,82.57,80.06,248.18,2.99%
01/24/2024,80.04,79.56,80.73,79.05,230.75,0.62%
01/23/2024,79.55,79.92,80.43,78.7,331.1,-0.64%
01/22/2024,80.06,78.89,80.55,77.81,319.71,1.91%
01/19/2024,78.56,79.1,79.73,78.32,282.31,-0.68%
01/18/2024,79.1,78.15,79.3,77.33,325.29,1.57%
01/17/2024,77.88,77.77,78.19,76.5,355.4,-0.52%
01/16/2024,78.29,78.43,79.4,77.6,298.55,0.18%
01/15/2024,78.15,78.14,78.9,76.85,177.69,-0.18%
01/12/2024,78.29,78.75,80.75,77.96,401.34,1.14%
01/11/2024,77.41,76.7,79.1,76.66,396.77,0.79%
01/10/2024,76.8,77.48,78.73,76.38,353.7,-1.02%
01/09/2024,77.59,76.3,78.19,75.95,346.79,1.93%
01/08/2024,76.12,78.7,78.95,75.26,342.63,-3.35%
01/05/2024,78.76,77.71,79.26,77.66,291,1.51%
01/04/2024,77.59,78.56,79.41,76.5,356.65,-0.84%
01/03/2024,78.25,76.06,78.67,74.79,361.77,3.11%
01/02/2024,75.89,77.39,79.06,75.6,338.35,-1.49%
12/29/2023,77.04,77.38,77.98,76.73,192.95,-1.72%
12/28/2023,78.39,79.8,79.95,78.25,18.78,-1.58%
12/27/2023,79.65,80.79,81.33,79.29,70.39,-1.75%
12/26/2023,81.07,79.04,81.72,78.76,59.74,2.53%
12/22/2023,79.07,79.35,80.37,78.88,119.19,-0.40%
12/21/2023,79.39,79,80.13,77.81,193.32,-0.39%
12/20/2023,79.7,79.17,80.6,79.07,241.81,0.59%
12/19/2023,79.23,78.06,79.67,77.41,214.68,1.64%
12/18/2023,77.95,76.8,79.51,75.76,279.47,1.83%
12/15/2023,76.55,76.66,77.23,75.29,223.09,-0.08%
12/14/2023,76.61,74.76,77.35,74.44,257.52,3.16%
12/13/2023,74.26,73.26,74.7,72.29,260.18,1.39%
12/12/2023,73.24,76.17,76.66,72.86,310.09,-3.67%
12/11/2023,76.03,75.73,76.5,75.01,212.76,0.25%
12/08/2023,75.84,74.59,76.36,74.2,228.45,2.42%
12/07/2023,74.05,74.5,75.48,73.6,297.94,-0.34%
12/06/2023,74.3,77.12,77.65,74.11,385.4,-3.76%
12/05/2023,77.2,78.1,79.09,77,352.89,-1.06%
12/04/2023,78.03,79.5,79.72,77.52,388.38,-1.08%
12/01/2023,78.88,80.67,81.54,78.75,350.25,-4.77%
11/30/2023,82.83,82.78,84.75,82.58,15.08,-0.32%
11/29/2023,83.1,81.91,83.25,80.96,98.24,1.74%
11/28/2023,81.68,80.19,82.16,79.8,112.5,2.13%
11/27/2023,79.98,80.4,81.17,79.13,157.36,-0.74%
11/24/2023,80.58,81.4,82.2,80.13,114.14,-1.03%
11/23/2023,81.42,81.6,81.63,80.19,108.32,-0.66%
11/22/2023,81.96,82.47,82.65,78.41,367.18,-0.59%
11/21/2023,82.45,82.13,82.54,81.43,238.51,0.16%
11/20/2023,82.32,80.3,82.94,79.58,248.33,2.12%
11/17/2023,80.61,77.55,80.81,77.28,340.03,4.12%
11/16/2023,77.42,80.98,81.17,76.6,441.64,-4.63%
11/15/2023,81.18,82.39,83.04,80.79,299.42,-1.56%
11/14/2023,82.47,82.71,83.97,82.06,248.94,-0.06%
11/13/2023,82.52,81.43,82.84,80.41,243.3,1.34%
11/10/2023,81.43,79.85,82.06,79.79,249.55,1.77%
11/09/2023,80.01,79.7,81.48,79.44,306.11,0.59%
11/08/2023,79.54,81.4,81.96,79.2,420.7,-2.54%
11/07/2023,81.61,85.15,85.19,81.4,402.76,-4.19%
11/06/2023,85.18,85.55,86.46,84.88,239.23,0.34%
11/03/2023,84.89,86.92,87.8,84.56,354.85,-2.26%
11/02/2023,86.85,85,87.05,84.64,301.87,2.62%
11/01/2023,84.63,85.45,87.24,84.58,321.66,-3.18%
10/31/2023,87.41,87.9,88.61,87.4,13.68,-0.05%
10/30/2023,87.45,90.07,90.15,87.2,99.04,-3.35%
10/27/2023,90.48,88.4,90.75,87.83,109.14,2.90%
10/26/2023,87.93,89.92,90.4,87.53,198.64,-2.44%
10/25/2023,90.13,88.04,90.35,86.68,290.91,2.34%
10/24/2023,88.07,90.47,90.68,87.35,304.12,-1.96%
10/23/2023,89.83,92.11,92.45,89.62,282.44,-2.53%
10/20/2023,92.16,93.23,93.79,91.66,272.72,-0.24%
10/19/2023,92.38,91.35,93.48,89.57,309,0.96%
10/18/2023,91.5,91.25,93,90.6,348.19,1.78%
10/17/2023,89.9,89.91,91,88.88,252.83,0.28%
10/16/2023,89.65,90.98,91.39,89.5,283.25,-1.36%
10/13/2023,90.89,86.35,91,86.28,424.71,5.69%
10/12/2023,86,85.53,87.64,85.18,370.44,0.21%
10/11/2023,85.82,87.72,88.26,85.21,402.31,-2.09%
10/10/2023,87.65,88.17,88.49,86.91,352.11,-0.57%
10/09/2023,88.15,86.45,89,86,412.76,4.22%
10/06/2023,84.58,84.49,84.95,83.44,424.46,0.61%
10/05/2023,84.07,85.88,86.52,83.84,510.68,-2.03%
10/04/2023,85.81,91.04,91.21,85.75,525.56,-5.62%
10/03/2023,90.92,90.4,91.56,89.5,437.64,0.23%
10/02/2023,90.71,92.18,93.33,90.35,423.48,-4.83%
09/29/2023,95.31,95.07,96.26,94.9,12.84,-0.07%
09/28/2023,95.38,96.74,97.69,94.76,91.45,-1.21%
09/27/2023,96.55,94.12,97.06,94.1,146.72,2.76%
09/26/2023,93.96,93.28,94.21,91.8,169.45,0.72%
09/25/2023,93.29,93.75,94.25,92.54,177.62,0.02%
09/22/2023,93.27,93.37,94.64,92.8,240.04,-0.03%
09/21/2023,93.3,93.08,94.6,92.2,314.69,-0.25%
09/20/2023,93.53,94.49,94.72,92.76,330.59,-0.86%
09/19/2023,94.34,94.66,95.96,94.16,403.4,-0.10%
09/18/2023,94.43,94.28,94.95,93.79,337.78,0.53%
09/15/2023,93.93,94.02,94.63,92.67,316.9,0.25%
09/14/2023,93.7,92.04,94.21,92.02,310,1.98%
09/13/2023,91.88,92.04,92.84,91.63,302.75,-0.20%
09/12/2023,92.06,90.62,92.4,90.52,336.57,1.57%
09/11/2023,90.64,90.83,91.45,90.11,303.42,-0.01%
09/08/2023,90.65,89.79,91.02,89.3,298.14,0.81%
09/07/2023,89.92,90.81,90.89,89.46,213.02,-0.75%
09/06/2023,90.6,90.12,91.1,89.25,282.91,0.62%
09/05/2023,90.04,88.91,91.15,88.06,428.45,1.17%
09/04/2023,89,88.95,89.22,88.26,140.67,0.51%
09/01/2023,88.55,86.82,88.99,86.74,380.76,1.95%
08/31/2023,86.86,86,86.94,85.74,11.27,1.16%
08/30/2023,85.86,85.62,86.23,85.11,86.74,0.43%
08/29/2023,85.49,84.39,85.65,83.8,115.36,1.27%
08/28/2023,84.42,84.87,85.23,84.11,88.35,-0.07%
08/25/2023,84.48,83.26,84.97,82.67,230.35,1.34%
08/24/2023,83.36,82.95,83.62,81.97,253.84,0.18%
08/23/2023,83.21,83.99,84.26,81.94,361.61,-0.98%
08/22/2023,84.03,84.46,84.66,83.85,287.35,-0.51%
08/21/2023,84.46,84.8,85.86,84.31,289.24,-0.40%
08/18/2023,84.8,83.88,85.08,83.33,287.97,0.81%
08/17/2023,84.12,83.2,84.88,83.05,305.58,0.80%
08/16/2023,83.45,85.2,85.36,83.13,334.45,-1.70%
08/15/2023,84.89,86.12,86.68,84.29,305.41,-1.53%
08/14/2023,86.21,86.53,86.71,85.5,267.09,-0.69%
08/11/2023,86.81,86.37,87.35,85.84,318.06,0.47%
08/10/2023,86.4,87.39,88.1,86.2,337.57,-1.31%
08/09/2023,87.55,86,87.65,85.91,388.3,1.60%
08/08/2023,86.17,85.79,86.34,83.32,375.87,0.97%
08/07/2023,85.34,86.23,86.73,85.03,259.62,-1.04%
08/04/2023,86.24,85.31,86.65,85.06,268.75,1.29%
08/03/2023,85.14,83.46,85.41,82.36,392.61,2.33%
08/02/2023,83.2,85.86,85.99,82.74,399.19,-2.01%
08/01/2023,84.91,85.24,85.91,84.21,297.77,-0.76%
07/31/2023,85.56,84.95,85.8,84.4,16.53,0.67%
07/28/2023,84.99,83.71,85.09,83.22,102.84,0.89%
07/27/2023,84.24,82.93,84.5,82.93,110.65,1.59%
07/26/2023,82.92,83.19,83.85,82.58,173.82,-0.86%
07/25/2023,83.64,82.85,83.87,82.22,234.66,1.09%
07/24/2023,82.74,80.95,83.16,80.42,295.1,2.06%
07/21/2023,81.07,79.78,81.24,79.65,294.35,1.80%
07/20/2023,79.64,79.33,80.27,78.66,236.41,0.23%
07/19/2023,79.46,79.84,80.93,79.17,311.44,-0.21%
07/18/2023,79.63,78.52,79.99,78.19,366.47,1.44%
07/17/2023,78.5,79.36,80.64,78.25,341.16,-1.72%
07/14/2023,79.87,81.64,81.7,79.53,311.23,-1.83%
07/13/2023,81.36,80.19,81.75,79.88,416.12,1.56%
07/12/2023,80.11,79.32,80.55,79.21,362.33,0.89%
07/11/2023,79.4,77.82,79.5,77.63,333.84,2.20%
07/10/2023,77.69,78.6,78.77,77.36,288.4,-0.99%
07/07/2023,78.47,76.52,78.54,76.03,331.53,2.55%
07/06/2023,76.52,76.7,77.09,75.03,333.88,-0.17%
07/05/2023,76.65,76.03,76.95,75.3,293.74,0.52%
07/04/2023,76.25,74.89,76.29,74.74,157.96,2.14%
07/03/2023,74.65,75.11,76.6,74.56,328,-0.33%
06/30/2023,74.9,74.22,75.4,74.21,14.7,0.75%
06/29/2023,74.34,73.72,74.98,73.39,72.87,0.42%
06/28/2023,74.03,72.62,74.2,71.57,91.45,2.45%
06/27/2023,72.26,74.28,74.9,72.08,161.15,-2.59%
06/26/2023,74.18,74.5,74.85,73.42,150.17,0.45%
06/23/2023,73.85,74.02,74.44,72.11,169.54,-0.39%
06/22/2023,74.14,77.03,77.2,73.59,329.53,-3.86%
06/21/2023,77.12,75.54,77.24,75.52,236.55,1.61%
06/20/2023,75.9,76.12,77.15,74.51,276.38,-0.25%
06/19/2023,76.09,76.4,76.93,75.34,141.42,-0.68%
06/16/2023,76.61,75.64,76.74,75.08,256.25,1.24%
06/15/2023,75.67,73.41,75.97,72.91,260.41,3.37%
06/14/2023,73.2,74.05,75.49,73.03,318.37,-1.47%
06/13/2023,74.29,72.11,74.66,71.94,321.15,3.41%
06/12/2023,71.84,74.87,74.87,71.58,358.5,-3.94%
06/09/2023,74.79,75.53,76.57,74.71,260.2,-1.54%
06/08/2023,75.96,76.8,77.68,73.58,393.89,-1.29%
06/07/2023,76.95,76.22,77.64,75.51,325.63,0.87%
06/06/2023,76.29,76.55,76.75,74.72,304.58,-0.55%
06/05/2023,76.71,77.68,78.73,76.31,384,0.76%
06/02/2023,76.13,74.28,76.5,74.18,273.54,2.49%
06/01/2023,74.28,72.15,75.25,72.03,349.92,2.23%
05/31/2023,72.66,73.6,73.81,71.39,20.11,-1.20%
05/30/2023,73.54,76.98,77.57,73.2,112.18,-4.58%
05/29/2023,77.07,77.39,77.75,76.15,31.55,0.16%
05/26/2023,76.95,76.09,77.35,75.73,150.62,0.90%
05/25/2023,76.26,78.22,78.5,75.1,237.72,-2.68%
05/24/2023,78.36,77.7,78.66,77.03,285.99,1.98%
05/23/2023,76.84,76.15,77.74,75.65,287.23,1.12%
05/22/2023,75.99,75.63,76.46,74.55,241.96,0.54%
05/19/2023,75.58,76.03,77.5,75.12,240.53,-0.37%
05/18/2023,75.86,76.78,76.99,75.5,232,-1.43%
05/17/2023,76.96,74.67,77.31,74.1,297.06,2.74%
05/16/2023,74.91,75.55,75.95,74.5,216.2,-0.43%
05/15/2023,75.23,74.15,75.75,73.49,240.52,1.43%
05/12/2023,74.17,75.35,75.85,74.03,259.22,-1.08%
05/11/2023,74.98,76.62,77.41,74.61,345.16,-1.87%
05/10/2023,76.41,77.36,77.6,75.68,311.37,-1.33%
05/09/2023,77.44,76.71,77.5,75.07,283.41,0.56%
05/08/2023,77.01,75.23,77.43,74.95,185.75,2.27%
05/05/2023,75.3,72.69,75.75,72.41,265.07,3.86%
05/04/2023,72.5,71.28,73.72,71.28,362.23,0.24%
05/03/2023,72.33,75.31,75.58,71.7,469.62,-3.97%
05/02/2023,75.32,79.28,79.78,75.07,383.59,-5.03%
05/01/2023,79.31,80.11,80.24,78.13,146.56,-0.29%
04/28/2023,79.54,78.25,79.61,77.69,13.3,1.49%
04/27/2023,78.37,77.77,78.61,77.39,104.39,0.88%
04/26/2023,77.69,80.92,81.47,77.46,172.82,-3.81%
04/25/2023,80.77,82.59,83.06,80.35,209.28,-2.37%
04/24/2023,82.73,81.87,82.99,80.48,197.9,1.31%
04/21/2023,81.66,80.79,82.05,80.45,196.85,0.69%
04/20/2023,81.1,82.75,82.92,80.77,302.9,-2.43%
04/19/2023,83.12,84.9,85.15,82.39,333.22,-1.95%
04/18/2023,84.77,84.74,85.41,83.81,315.7,0.01%
04/17/2023,84.76,86.43,86.52,84.34,261.81,-1.80%
04/14/2023,86.31,86.18,86.87,85.53,262.58,0.26%
04/13/2023,86.09,87.19,87.47,86.05,291.94,-1.42%
04/12/2023,87.33,85.59,87.49,85.39,347.8,2.01%
04/11/2023,85.61,84.24,85.67,83.75,262.67,1.70%
04/10/2023,84.18,85.1,85.66,84.09,140.53,-1.10%
04/06/2023,85.12,84.89,85.45,84.05,259.62,0.15%
04/05/2023,84.99,85.22,85.54,84.01,246.48,0.06%
04/04/2023,84.94,84.89,86.04,83.82,308.53,0.01%
04/03/2023,84.93,86,86.44,83.5,478.31,6.47%
03/31/2023,79.77,79.19,79.8,78.54,6.85,0.63%
03/30/2023,79.27,78.23,79.55,77.86,62.92,1.26%
03/29/2023,78.28,78.97,79.68,77.94,79.54,-0.47%
03/28/2023,78.65,78.23,79.2,77.54,145.68,0.68%
03/27/2023,78.12,75,78.42,74.8,146.95,4.17%
03/24/2023,74.99,75.53,76.32,72.68,156.31,-1.21%
03/23/2023,75.91,75.87,77.44,75.12,199.64,-1.02%
03/22/2023,76.69,75.15,77.12,74.5,194.04,1.82%
03/21/2023,75.32,73.64,75.42,72.82,226.84,2.07%
03/20/2023,73.79,73.01,73.87,70.12,282.57,1.12%
03/17/2023,72.97,74.7,75.92,71.4,427.49,-2.32%
03/16/2023,74.7,74.3,75.54,71.86,332.59,1.37%
03/15/2023,73.69,77.82,78.73,71.67,547.56,-4.85%
03/14/2023,77.45,80.54,80.92,76.89,357.86,-4.11%
03/13/2023,80.77,82.6,83.48,78.34,467.28,-2.43%
03/10/2023,82.78,81.47,83.11,80.73,369.28,1.46%
03/09/2023,81.59,82.55,84,81.42,282.56,-1.29%
03/08/2023,82.66,83.03,83.59,82.06,297.09,-0.76%
03/07/2023,83.29,86.23,86.75,82.83,295.19,-3.35%
03/06/2023,86.18,85.83,86.35,84.34,244.34,0.41%
03/03/2023,85.83,84.61,86,82.36,312.9,1.27%
03/02/2023,84.75,84.31,85.1,83.83,214.22,0.52%
03/01/2023,84.31,83.05,84.49,82.61,242.66,0.50%
02/28/2023,83.89,82.3,84.15,82.19,12.3,1.75%
02/27/2023,82.45,83.19,83.6,81.73,58.85,-0.85%
02/24/2023,83.16,82.49,83.39,81.07,107.15,1.16%
02/23/2023,82.21,80.48,82.77,80.4,157.67,2.00%
02/22/2023,80.6,82.78,83.25,80.43,253.14,-2.95%
02/21/2023,83.05,83.86,84.2,82.56,231.63,-1.21%
02/20/2023,84.07,83.15,84.3,82.73,143.85,1.29%
02/17/2023,83,84.6,84.87,81.8,303.66,-2.51%
02/16/2023,85.14,85.27,86.21,84.6,197.02,-0.28%
02/15/2023,85.38,85.2,85.85,83.88,245.98,-0.23%
02/14/2023,85.58,85.83,86.42,84.13,231.63,-1.19%
02/13/2023,86.61,86.51,86.95,85.1,207.62,0.25%
02/10/2023,86.39,84.22,86.9,83.93,297.34,2.24%
02/09/2023,84.5,84.96,85.5,83.05,260.73,-0.69%
02/08/2023,85.09,84.11,85.15,83.51,254.14,1.67%
02/07/2023,83.69,81.26,84.13,81.19,290.98,3.33%
02/06/2023,80.99,79.61,81.43,79.1,325.21,1.31%
02/03/2023,79.94,82.27,84.2,79.62,330.32,-2.71%
02/02/2023,82.17,83.34,83.61,81.25,287.09,-0.81%
02/01/2023,82.84,85.56,86.21,82.37,348.66,-1.95%
01/31/2023,84.49,85.18,85.25,83.73,11.89,-0.48%
01/30/2023,84.9,86.88,87.48,84.66,65.55,-2.03%
01/27/2023,86.66,87.65,88.95,85.69,107.08,-0.93%
01/26/2023,87.47,86.35,88.01,85.74,139.1,1.57%
01/25/2023,86.12,86.28,87,85.41,159.47,-0.01%
01/24/2023,86.13,88.07,88.71,85.8,207.75,-2.34%
01/23/2023,88.19,87.7,89.09,86.92,192.41,0.64%
01/20/2023,87.63,86.42,87.79,85.58,212.92,1.71%
01/19/2023,86.16,84.34,86.85,83.76,250.96,1.39%
01/18/2023,84.98,86.45,87.85,84.36,288.15,-1.09%
01/17/2023,85.92,84.2,86.82,84.04,238.3,1.73%
01/16/2023,84.46,85.36,85.59,83.83,125.96,-0.96%
01/13/2023,85.28,83.91,85.5,83.5,217.4,1.49%
01/12/2023,84.03,82.88,84.62,82.37,264.07,1.65%
01/11/2023,82.67,79.52,83,79.31,273.79,3.21%
01/10/2023,80.1,79.54,80.89,78.81,244.35,0.56%
01/09/2023,79.65,78.42,81.37,78.42,245.12,1.37%
01/06/2023,78.57,78.8,80.59,78.05,215.42,-0.15%
01/05/2023,78.69,78.16,79.97,77.61,259.58,1.09%
01/04/2023,77.84,82.31,82.72,77.72,319.31,-5.19%
01/03/2023,82.1,85.96,87,81.78,302.86,-4.43%
12/30/2022,85.91,83.71,86,82.88,168.65,4.44%
12/29/2022,82.26,82.88,83.14,81.28,10.99,-1.20%
12/28/2022,83.26,84.6,84.76,81.92,57.56,-1.27%
12/27/2022,84.33,84.5,85.6,83.65,62,0.49%
12/23/2022,83.92,81.69,84.12,81.29,82.36,3.63%
12/22/2022,80.98,82.52,83.85,80.67,166.01,-1.48%
12/21/2022,82.2,79.94,82.52,79.55,148.44,2.76%
12/20/2022,79.99,80.25,80.89,78.28,183.95,0.24%
12/19/2022,79.8,79.21,80.87,78.6,174.24,0.96%
12/16/2022,79.04,81.32,81.78,78.29,243.49,-2.67%
12/15/2022,81.21,82.76,83.18,80.83,194.97,-1.80%
12/14/2022,82.7,80.35,83.15,80.11,209.83,2.50%
12/13/2022,80.68,78.13,81.28,78.1,243.82,3.45%
12/12/2022,77.99,76.88,78.59,75.26,213.07,2.48%
12/09/2022,76.1,76.63,77.48,75.11,216.5,-0.07%
12/08/2022,76.15,77.46,79.17,75.74,259.02,-1.32%
12/07/2022,77.17,79.76,80.49,76.91,279.37,-2.75%
12/06/2022,79.35,83.28,83.69,78.7,309.55,-4.03%
12/05/2022,82.68,85.73,88.44,82.52,252.9,-3.38%
12/02/2022,85.57,86.9,87.91,85.16,198.73,-1.51%
12/01/2022,86.88,86.78,89.37,86.26,229.13,1.70%
11/30/2022,85.43,83.77,85.67,83.61,9.05,2.89%
11/29/2022,83.03,82.41,86,82.39,67.93,-0.19%
11/28/2022,83.19,83.58,84.1,80.61,102.56,-0.53%
11/25/2022,83.63,85.5,86.87,83.59,85.31,-2.00%
11/24/2022,85.34,85.04,85.54,83.9,75.61,-0.08%
11/23/2022,85.41,88.47,89.56,84.12,212.14,-3.34%
11/22/2022,88.36,87.76,89.9,87.35,190.85,1.04%
11/21/2022,87.45,87.74,87.98,82.31,354.6,-0.19%
11/18/2022,87.62,90.1,90.63,85.8,379.66,-2.41%
11/17/2022,89.78,92.73,92.91,89.53,313.53,-3.32%
11/16/2022,92.86,94.11,94.79,91.67,257.62,-1.07%
11/15/2022,93.86,92.59,95.77,91.53,317.5,0.77%
11/14/2022,93.14,95.87,96.95,92.5,248.25,-2.97%
11/11/2022,95.99,93.84,96.92,93.69,238.07,2.48%
11/10/2022,93.67,92.53,94.32,91.73,278.53,1.10%
11/09/2022,92.65,95.17,95.65,92.33,308.02,-2.84%
11/08/2022,95.36,98.24,98.3,95,251.67,-2.61%
11/07/2022,97.92,97.31,99.56,96.5,241.94,-0.66%
11/04/2022,98.57,94.58,98.81,94.33,307.09,4.12%
11/03/2022,94.67,95.36,95.98,94.19,229.12,-1.55%
11/02/2022,96.16,94.85,96.5,94.01,253,1.60%
11/01/2022,94.65,92.67,95.55,92.33,247.65,-0.19%
10/31/2022,94.83,96.47,96.47,94.25,15,-0.98%
10/28/2022,95.77,96.58,96.89,94.96,89.94,-1.23%
10/27/2022,96.96,96.05,97.27,95.07,84.57,1.33%
10/26/2022,95.69,92.91,96.25,92.06,138,2.32%
10/25/2022,93.52,93.47,94.38,91.62,165.51,0.28%
10/24/2022,93.26,93.59,94.4,91.22,179.2,-0.26%
10/21/2022,93.5,92.45,93.8,91,203.28,1.21%
10/20/2022,92.38,92.4,94.77,91.91,237.54,-0.03%
10/19/2022,92.41,90.79,92.85,89.32,272.35,2.64%
10/18/2022,90.03,91.99,92.66,88.77,320.42,-1.74%
10/17/2022,91.62,91.71,93.21,90.83,203.8,-0.01%
10/14/2022,91.63,94.53,95.11,91.28,210.77,-3.11%
10/13/2022,94.57,92.49,94.92,91.08,280.52,2.29%
10/12/2022,92.45,93.72,95.17,91.56,257.66,-1.95%
10/11/2022,94.29,95.93,96.46,93.11,259.03,-1.98%
10/10/2022,96.19,98.75,98.75,95.6,215.37,-1.77%
10/07/2022,97.92,94.71,98.58,93.94,269.4,3.71%
10/06/2022,94.42,93.71,94.98,92.72,207.53,1.12%
10/05/2022,93.37,91.89,93.96,90.76,296.2,1.71%
10/04/2022,91.8,88.81,92.4,88.78,282.38,3.31%
10/03/2022,88.86,86.35,89.82,86.35,270.69,1.02%
09/30/2022,87.96,88.53,89.8,87.69,5.89,-0.60%
09/29/2022,88.49,88.97,90.12,87.33,57.86,-0.93%
09/28/2022,89.32,86.14,89.47,84.26,74.33,3.54%
09/27/2022,86.27,84.05,87.15,84.01,104.09,2.63%
09/26/2022,84.06,86.62,87.65,83.65,119.6,-2.43%
09/23/2022,86.15,90.46,90.84,85.5,180.1,-4.76%
09/22/2022,90.46,89.99,92.81,89.3,170.28,0.70%
09/21/2022,89.83,90.74,93.5,89.3,216.93,-0.87%
09/20/2022,90.62,92.15,93.05,89.8,188.56,-1.50%
09/19/2022,92,91.43,92.57,88.5,138.53,0.71%
09/16/2022,91.35,90.51,92.66,90.25,197.48,0.56%
09/15/2022,90.84,94.65,94.66,90.03,257.62,-3.46%
09/14/2022,94.1,93.4,95.8,91.93,259.9,1.00%
09/13/2022,93.17,94.31,95.53,91.05,275.17,-0.88%
09/12/2022,94,92.54,95.17,91.21,210.43,1.25%
09/09/2022,92.84,88.62,93.12,88.6,202.94,4.14%
09/08/2022,89.15,87.7,89.83,87.24,208.66,1.31%
09/07/2022,88,92.81,93.8,87.4,300.2,-5.20%
09/06/2022,92.83,95.19,95.94,92.3,225.95,-3.04%
09/05/2022,95.74,93.02,96.99,93.02,144.26,2.92%
09/02/2022,93.02,92.66,95.32,92.65,210,0.71%
09/01/2022,92.36,95.18,95.68,91.81,297.55,-4.28%
08/31/2022,96.49,99.79,100.46,95.44,10.07,-2.84%
08/30/2022,99.31,104.9,105.45,97.55,59.83,-5.50%
08/29/2022,105.09,100.67,105.48,100.16,53.03,4.06%
08/26/2022,100.99,99.83,101.21,98.1,130.63,1.66%
08/25/2022,99.34,101.73,102.47,99.12,161.49,-1.86%
08/24/2022,101.22,100.19,101.9,99.1,183.73,1.00%
08/23/2022,100.22,96.78,100.45,96.53,210.63,3.88%
08/22/2022,96.48,95.95,97.28,92.36,207.64,-0.25%
08/19/2022,96.72,96.68,97.88,94.25,178.6,0.13%
08/18/2022,96.59,93.29,97.42,93.05,208.55,3.14%
08/17/2022,93.65,92.67,94.48,91.51,199.19,1.42%
08/16/2022,92.34,94.01,95.95,91.71,217.75,-2.90%
08/15/2022,95.1,97.72,98.17,92.78,217.57,-3.11%
08/12/2022,98.15,99.33,100.38,96.94,188.13,-1.46%
08/11/2022,99.6,97.04,100.17,96.63,219.42,2.26%
08/10/2022,97.4,96.34,97.97,93.63,247.74,1.13%
08/09/2022,96.31,96.36,98.4,94.9,219.67,-0.35%
08/08/2022,96.65,94.51,96.82,93.01,201.25,1.82%
08/05/2022,94.92,93.65,96.4,92.78,216.2,0.85%
08/04/2022,94.12,97.1,97.66,93.2,264.81,-2.75%
08/03/2022,96.78,99.73,102.41,96.5,293.11,-3.74%
08/02/2022,100.54,99.87,102.41,98.49,229.68,0.51%
08/01/2022,100.03,103.92,104.43,99.09,272.84,-9.07%
07/29/2022,110.01,108,110.67,106.9,9.13,2.68%
07/28/2022,107.14,107.31,109.06,106,80.84,0.49%
07/27/2022,106.62,104.75,107.86,103.73,77.69,2.13%
07/26/2022,104.4,104.73,107.34,103.99,110,-0.71%
07/25/2022,105.15,103.85,105.38,101.64,123.67,1.89%
07/22/2022,103.2,103.86,105.72,101.9,137.24,-0.64%
07/21/2022,103.86,106.49,106.78,101.5,228.7,-2.86%
07/20/2022,106.92,107.07,107.45,105.08,186.7,-0.40%
07/19/2022,107.35,105.74,107.61,103.6,226.4,1.02%
07/18/2022,106.27,100.82,106.48,99.46,213.5,5.05%
07/15/2022,101.16,99.91,102.64,98.17,218.09,2.08%
07/14/2022,99.1,99.43,100.39,94.5,318.79,-0.47%
07/13/2022,99.57,98.5,101.21,98.28,247.47,0.08%
07/12/2022,99.49,106.25,106.56,98.9,275.62,-7.11%
07/11/2022,107.1,107,107.7,103.64,194.66,0.07%
07/08/2022,107.02,104.65,107.47,103.67,238.35,2.26%
07/07/2022,104.65,100.14,106.35,98.5,279.66,3.93%
07/06/2022,100.69,104.88,105.85,98.5,350.3,-2.02%
07/05/2022,102.77,113.54,114.75,101.1,428.84,-9.45%
07/04/2022,113.5,111.65,114,110.4,100.59,1.68%
07/01/2022,111.63,109.49,112.45,108.03,235.42,-2.77%
06/30/2022,114.81,116.01,116.67,114.22,7.11,-1.25%
06/29/2022,116.26,117.96,120.41,115.2,54.34,-1.46%
06/28/2022,117.98,115.74,118.27,115.72,65.76,2.51%
06/27/2022,115.09,112.92,116.08,111.26,118.1,1.74%
06/24/2022,113.12,110.04,114,109.24,134.18,2.79%
06/23/2022,110.05,109.58,112.7,108.04,195.92,-1.51%
06/22/2022,111.74,114.4,114.45,107.03,293.05,-2.54%
06/21/2022,114.65,114.21,116.25,114.02,204.03,0.46%
06/20/2022,114.13,113.88,114.5,111.52,161.6,0.89%
06/17/2022,113.12,119.13,121.25,111.72,319.91,-5.58%
06/16/2022,119.81,119.65,120.29,115.56,276.68,1.10%
06/15/2022,118.51,120.79,121.88,117.75,231.06,-2.20%
06/14/2022,121.17,121.88,125.19,118.91,291.26,-0.90%
06/13/2022,122.27,121.94,123.7,118.93,257.11,0.21%
06/10/2022,122.01,122.89,124.33,119.81,294.28,-0.86%
06/09/2022,123.07,123.6,124.34,122.5,218.98,-0.41%
06/08/2022,123.58,120.65,124.4,120.45,256.29,2.50%
06/07/2022,120.57,119.94,121.37,118.55,276.72,0.89%
06/06/2022,119.51,121.55,121.95,118.77,204.09,-0.18%
06/03/2022,119.72,118.22,121.45,116.02,141.66,1.79%
06/02/2022,117.61,115.02,118.46,112.45,216.9,1.14%
06/01/2022,116.29,116.08,118.57,115.4,242.16,-5.33%
05/31/2022,122.84,122.2,125.28,121.6,11.56,0.96%
05/30/2022,121.67,119.28,122.01,118.98,42.41,1.88%
05/27/2022,119.43,117.52,119.72,116.63,81.16,1.73%
05/26/2022,117.4,114.35,118,113.85,123.58,2.96%
05/25/2022,114.03,114.12,115.3,113.01,152.33,0.41%
05/24/2022,113.56,112.79,114.63,111.7,191.73,0.12%
05/23/2022,113.42,112.85,114.34,111.86,196.51,0.77%
05/20/2022,112.55,111.45,113.23,110.52,180.89,0.46%
05/19/2022,112.04,108.22,112.31,105.7,272.35,2.69%
05/18/2022,109.11,112.91,114.15,108.35,245.04,-2.52%
05/17/2022,111.93,114.42,115.69,111.09,277.89,-2.02%
05/16/2022,114.24,111.67,114.79,108.84,218.44,2.41%
05/13/2022,111.55,108.25,111.69,107.79,220.32,3.82%
05/12/2022,107.45,107.67,108.71,104.69,264.26,-0.06%
05/11/2022,107.51,101.51,108.29,101.3,287.53,4.93%
05/10/2022,102.46,105.5,106.96,101.54,327.99,-3.28%
05/09/2022,105.94,112.94,113.2,105,302.17,-5.74%
05/06/2022,112.39,111.27,113.5,109.87,249.83,1.34%
05/05/2022,110.9,110.55,114,109.2,279.88,0.69%
05/04/2022,110.14,105.91,111,105.46,241.68,4.93%
05/03/2022,104.97,107.61,108.32,104.62,184.2,-2.43%
05/02/2022,107.58,106.3,108.46,103.1,151.34,-1.61%
04/29/2022,109.34,107.55,110.3,107,12.02,1.63%
04/28/2022,107.59,104.96,108,103.29,73.32,2.16%
04/27/2022,105.32,105.45,106.33,103.27,67.06,0.31%
04/26/2022,104.99,102.53,106.2,101.08,138.2,2.61%
04/25/2022,102.32,105.49,105.85,99.48,156.35,-4.06%
04/22/2022,106.65,108.26,108.76,105.54,125.87,-1.55%
04/21/2022,108.33,107.07,109.8,106.76,185.38,1.43%
04/20/2022,106.8,108.1,109,104.65,243.67,-0.42%
04/19/2022,107.25,112.85,114.21,106.74,239.91,-5.22%
04/18/2022,113.16,112.32,114.84,110.71,132.15,1.31%
04/14/2022,111.7,108.29,112.39,106.63,210.18,2.68%
04/13/2022,108.78,105.44,109,104.06,247.26,3.96%
04/12/2022,104.64,99.35,105.6,98.9,273.95,6.26%
04/11/2022,98.48,103.21,103.3,97.57,238.69,-4.18%
04/08/2022,102.78,101.42,103.3,99.65,217.64,2.19%
04/07/2022,100.58,101.78,103.59,98.41,296.03,-0.48%
04/06/2022,101.07,105.7,108.67,100.54,286.52,-5.22%
04/05/2022,106.64,108.51,109.9,104.53,203.06,-0.83%
04/04/2022,107.53,104.08,108.68,102.89,218.68,3.01%
04/01/2022,104.39,105.25,106.24,102.35,238.62,-3.26%
03/31/2022,107.91,112.81,112.94,106.5,8.68,-4.88%
03/30/2022,113.45,112,114.8,110.74,72.33,2.92%
03/29/2022,110.23,110.1,114.83,104.84,93.68,-2.00%
03/28/2022,112.48,119.9,119.9,109.06,150.82,-6.77%
03/25/2022,120.65,118.88,120.92,115.16,133.46,1.36%
03/24/2022,119.03,121.56,123.74,116.93,177.66,-2.11%
03/23/2022,121.6,114.7,122.34,114.45,224.53,5.30%
03/22/2022,115.48,117.04,119.48,112.64,204.66,-0.12%
03/21/2022,115.62,107.5,116.8,107.06,196.49,7.12%
03/18/2022,107.93,106.8,109.59,105.78,168.91,1.21%
03/17/2022,106.64,98.61,107.5,97.75,200.95,8.79%
03/16/2022,98.02,99.14,103.7,96.93,246.82,-1.89%
03/15/2022,99.91,105.34,105.71,97.44,318.12,-6.54%
03/14/2022,106.9,113.15,113.15,103.49,265.91,-5.12%
03/11/2022,112.67,110.26,113.91,107.13,287.39,3.05%
03/10/2022,109.33,112.65,118.36,109,352.34,-1.63%
03/09/2022,111.14,130.28,131.64,105.6,521.58,-13.16%
03/08/2022,127.98,124.56,133.15,121.31,469.99,3.87%
03/07/2022,123.21,122.79,139.13,119.04,419.93,4.32%
03/04/2022,118.11,114.23,118.98,109.62,334.41,6.93%
03/03/2022,110.46,115.27,119.84,109.4,452.52,-2.19%
03/02/2022,112.93,107.34,115.11,106.83,490.57,7.58%
03/01/2022,104.97,98.43,107.67,98.3,492.51,3.94%
02/28/2022,100.99,101.98,105.07,99.64,22.96,3.12%
02/25/2022,97.93,100.69,101.99,96,68.98,-1.16%
02/24/2022,99.08,98.08,105.79,97.56,167.79,2.31%
02/23/2022,96.84,96.65,98.71,95.81,238.63,0.00%
02/22/2022,96.84,96.55,99.5,95.8,316.38,1.52%
02/21/2022,95.39,94.29,97.4,92.57,217.04,1.98%
02/18/2022,93.54,92.73,94.15,90.12,348.35,0.61%
02/17/2022,92.97,92.2,94.5,92.14,347.79,-1.94%
02/16/2022,94.81,93.49,96.07,91.11,393.79,1.64%
02/15/2022,93.28,95.81,96.26,92.06,378.25,-3.32%
02/14/2022,96.48,95.2,96.78,93.44,373.09,2.16%
02/11/2022,94.44,91.17,95.66,90.51,452.11,3.31%
02/10/2022,91.41,91.75,93.1,90.88,369.01,-0.15%
02/09/2022,91.55,91.08,92.09,90.05,294,0.85%
02/08/2022,90.78,92.63,92.93,89.93,368.55,-2.06%
02/07/2022,92.69,92.75,94,92.13,317.29,-0.62%
02/04/2022,93.27,91.3,93.7,91.2,322.13,2.37%
02/03/2022,91.11,89.07,91.3,88.02,301.79,1.83%
02/02/2022,89.47,89.48,90.52,88.28,319.43,0.35%
02/01/2022,89.16,89.62,89.96,87.72,271.77,-2.25%
01/31/2022,91.21,90.8,91.48,90.61,11.01,1.31%
01/28/2022,90.03,89.98,91.7,89.41,102.01,0.77%
01/27/2022,89.34,89.7,91.04,89,131.7,-0.69%
01/26/2022,89.96,87.95,90.47,87.79,260.11,2.00%
01/25/2022,88.2,86.76,88.37,86.2,256.21,2.24%
01/24/2022,86.27,87.93,88.9,85.04,309.89,-1.84%
01/21/2022,87.89,86.75,88.23,85.71,288.21,-0.55%
01/20/2022,88.38,87.89,89.5,87.05,279.52,-0.07%
01/19/2022,88.44,88.65,89.17,87.61,350.94,1.06%
01/18/2022,87.51,86.47,88.66,86.44,356.88,1.19%
01/17/2022,86.48,86.15,86.71,85.54,139.82,0.49%
01/14/2022,86.06,84.12,86.5,83.99,304.72,1.88%
01/13/2022,84.47,84.87,85.1,83.79,265.2,-0.24%
01/12/2022,84.67,83.78,85.21,83.52,301.39,1.13%
01/11/2022,83.72,81.08,83.98,80.89,324.94,3.52%
01/10/2022,80.87,81.76,82.3,80.5,300.65,-1.08%
01/07/2022,81.75,82,83,81.42,286.11,-0.29%
01/06/2022,81.99,80.22,82.83,79.61,353.16,1.47%
01/05/2022,80.8,80.07,81.5,79.51,331.74,1.00%
01/04/2022,80,78.91,80.55,78.62,291.68,1.29%
01/03/2022,78.98,78.11,79.28,77.04,201.03,1.54%
12/31/2021,77.78,78.81,79.68,77.55,148.96,-1.94%
12/30/2021,79.32,79.19,79.66,78.5,10.9,0.11%
12/29/2021,79.23,79.28,80.17,78.13,69.63,0.37%
12/28/2021,78.94,78.67,79.85,78.48,50.41,0.43%
12/27/2021,78.6,76.32,79.08,75.75,85.39,3.23%
12/24/2021,76.14,76.72,76.79,75.75,30.54,-0.92%
12/23/2021,76.85,75.47,77,74.78,161.24,2.07%
12/22/2021,75.29,74.05,75.67,73.62,166.71,1.77%
12/21/2021,73.98,71.88,74.27,71.24,214.07,3.44%
12/20/2021,71.52,72.82,72.87,69.28,333.76,-2.72%
12/17/2021,73.52,74.5,74.98,72.65,231.41,-2.00%
12/16/2021,75.02,74.47,75.61,74,223.64,1.54%
12/15/2021,73.88,73.25,74.58,72.5,233.19,0.24%
12/14/2021,73.7,74.42,75.16,72.57,277.86,-0.93%
12/13/2021,74.39,75.37,76.39,74.2,265.51,-1.01%
12/10/2021,75.15,73.99,75.71,73.8,221.36,0.98%
12/09/2021,74.42,75.94,76.7,73.84,283.39,-1.85%
12/08/2021,75.82,75.44,76.37,74.38,322.08,0.50%
12/07/2021,75.44,73.6,76.27,73.2,312.28,3.23%
12/06/2021,73.08,70.24,73.8,70.24,255.4,4.58%
12/03/2021,69.88,70.22,72.62,69.24,331.82,0.30%
12/02/2021,69.67,69.72,70.7,65.72,526.6,1.16%
12/01/2021,68.87,69.8,72.87,68.14,420.4,-2.41%
11/30/2021,70.57,74.42,74.56,70.22,24.82,-3.91%
11/29/2021,73.44,73.88,77.02,72.41,126.35,0.99%
11/26/2021,72.72,81.65,81.66,72.14,170.78,-11.55%
11/25/2021,82.22,82.24,82.58,81.7,80.45,-0.04%
11/24/2021,82.25,81.88,83,81.74,231.07,-0.07%
11/23/2021,82.31,79.51,82.6,78.55,366.6,3.27%
11/22/2021,79.7,78.58,80.07,77.58,350.9,1.03%
11/19/2021,78.89,81,82.24,78.05,479.93,-2.89%
11/18/2021,81.24,80.1,81.41,79.28,306.85,1.20%
11/17/2021,80.28,82.05,82.22,79.78,406.75,-2.61%
11/16/2021,82.43,82,83.14,81.52,340.72,0.46%
11/15/2021,82.05,81.92,82.49,80.67,273.72,-0.15%
11/12/2021,82.17,82.83,82.87,81.26,289.3,-0.84%
11/11/2021,82.87,82.85,83.44,81.66,336.14,0.28%
11/10/2021,82.64,84.99,85.5,82.08,366.31,-2.52%
11/09/2021,84.78,83.47,85.3,83.16,346.57,1.62%
11/08/2021,83.43,82.58,84,82.53,269.6,0.83%
11/05/2021,82.74,81.25,83.16,80.26,379.69,2.73%
11/04/2021,80.54,81.58,84.49,80.2,472.43,-1.77%
11/03/2021,81.99,84.07,84.2,81.1,380.11,-3.22%
11/02/2021,84.72,84.45,85.23,83.76,317.07,0.01%
11/01/2021,84.71,83.63,85.12,83.03,302.9,0.39%
10/29/2021,84.38,84.33,84.83,83.79,22.77,0.07%
10/28/2021,84.32,84.21,84.59,82.32,118.14,-0.31%
10/27/2021,84.58,86.07,86.28,84.05,149.75,-2.11%
10/26/2021,86.4,86.03,86.5,85.27,222.56,0.48%
10/25/2021,85.99,85.65,86.7,85.43,294.55,0.54%
10/22/2021,85.53,84.52,85.93,83.82,298.35,1.09%
10/21/2021,84.61,85.9,86.1,83.36,373.65,-1.41%
10/20/2021,85.82,85.19,85.89,83.61,378.69,0.87%
10/19/2021,85.08,84.21,85.4,83.7,371.79,0.89%
10/18/2021,84.33,84.95,86.04,83.95,340.96,-0.62%
10/15/2021,84.86,84.3,85.1,84.16,276.47,1.02%
10/14/2021,84,83.45,84.5,83.18,316.64,0.99%
10/13/2021,83.18,83.1,83.69,82.2,333.68,-0.29%
10/12/2021,83.42,83.49,84.23,82.72,331.41,-0.27%
10/11/2021,83.65,82.65,84.6,82.54,330.44,1.53%
10/08/2021,82.39,82.38,83.43,81.96,360.97,0.54%
10/07/2021,81.95,80.98,82.5,79.08,393.1,1.07%
10/06/2021,81.08,82.57,83.47,80.6,401.36,-1.79%
10/05/2021,82.56,81.27,83.13,81.19,340.27,1.60%
10/04/2021,81.26,79.49,82,78.75,362.37,2.50%
10/01/2021,79.28,78.49,79.41,77.55,282.37,0.97%
09/30/2021,78.52,78.46,79.11,77.6,20.51,-0.15%
09/29/2021,78.64,78.25,79.4,77.5,97.97,-0.57%
09/28/2021,79.09,79.4,80.75,78.1,132.33,-0.55%
09/27/2021,79.53,78.25,79.9,78.21,231.13,1.84%
09/24/2021,78.09,77.26,78.24,76.85,163.23,1.09%
09/23/2021,77.25,75.9,77.35,75.6,226.59,1.39%
09/22/2021,76.19,74.56,76.26,74.49,255.75,2.46%
09/21/2021,74.36,74.33,75.18,73.26,258.71,0.60%
09/20/2021,73.92,75.33,75.4,73.52,313.75,-1.88%
09/17/2021,75.34,75.68,75.78,74.58,254.86,-0.44%
09/16/2021,75.67,75.46,75.87,74.48,236.51,0.28%
09/15/2021,75.46,73.92,76.13,73.78,289.45,2.53%
09/14/2021,73.6,73.62,74.28,73.08,278.58,0.12%
09/13/2021,73.51,72.88,73.92,72.69,244.73,0.81%
09/10/2021,72.92,71.37,73.15,70.94,250.51,2.06%
09/09/2021,71.45,72.61,73.2,70.88,377.81,-1.58%
09/08/2021,72.6,71.64,72.95,71.55,325.36,1.27%
09/07/2021,71.69,72.29,72.81,71.1,257.4,-0.73%
09/06/2021,72.22,72.57,72.78,71.51,127.87,-0.54%
09/03/2021,72.61,72.86,73.69,72.4,211.42,-0.58%
09/02/2021,73.03,71.31,73.47,70.92,255.42,2.01%
09/01/2021,71.59,71.68,72.38,70.42,282.49,-1.92%
08/31/2021,72.99,73.14,73.52,72.62,12.59,-0.57%
08/30/2021,73.41,73.25,73.69,72,68.66,0.98%
08/27/2021,72.7,71.53,72.76,71.17,92.2,2.29%
08/26/2021,71.07,71.94,72.13,70.66,179.57,-1.63%
08/25/2021,72.25,71,72.42,70.5,242.07,1.69%
08/24/2021,71.05,68.66,71.27,68.53,301.3,3.35%
08/23/2021,68.75,64.97,68.9,64.6,271.56,5.48%
08/20/2021,65.18,66.54,66.93,64.94,254.45,-1.91%
08/19/2021,66.45,67.57,67.64,65.57,345.97,-2.61%
08/18/2021,68.23,68.96,70.04,67.23,316.98,-1.16%
08/17/2021,69.03,69.77,70,68.82,239.96,-0.69%
08/16/2021,69.51,70.05,70.45,68.14,294.02,-1.53%
08/13/2021,70.59,71.12,71.38,70,202.42,-1.01%
08/12/2021,71.31,71.57,71.9,70.67,224.99,-0.18%
08/11/2021,71.44,70.83,71.72,69.07,324.04,1.15%
08/10/2021,70.63,69.35,71.24,68.94,246.13,2.30%
08/09/2021,69.04,70.26,70.26,67.6,353.68,-2.35%
08/06/2021,70.7,71.2,72.43,70.28,298.96,-0.83%
08/05/2021,71.29,70.27,71.5,69.75,261.05,1.29%
08/04/2021,70.38,72.33,72.83,70.11,370.13,-2.80%
08/03/2021,72.41,73.08,73.55,71.05,303.73,-0.66%
08/02/2021,72.89,75.39,75.39,72.31,304.87,-4.51%
07/30/2021,76.33,75.81,76.38,75.38,14.39,0.37%
07/29/2021,76.05,74.76,76.15,74.63,78.27,1.75%
07/28/2021,74.74,74.77,75.32,74.42,111.62,0.35%
07/27/2021,74.48,74.67,75.05,74.02,181.94,-0.03%
07/26/2021,74.5,74.12,74.84,72.75,210.64,0.54%
07/23/2021,74.1,73.56,74.22,73.32,181.66,0.42%
07/22/2021,73.79,72.24,73.9,71.74,251.6,2.16%
07/21/2021,72.23,68.92,72.38,68.63,306.32,4.15%
07/20/2021,69.35,68.99,69.73,67.44,316.48,1.06%
07/19/2021,68.62,72.86,73.34,67.75,510.92,-6.75%
07/16/2021,73.59,73.18,74.09,72.34,292.66,0.16%
07/15/2021,73.47,74.5,74.59,73.19,322.33,-1.73%
07/14/2021,74.76,76.28,76.72,73.79,376.94,-2.26%
07/13/2021,76.49,75.25,76.6,74.93,275.91,1.77%
07/12/2021,75.16,75.79,75.84,74.23,262.3,-0.52%
07/09/2021,75.55,74.39,75.8,73.8,248.18,1.93%
07/08/2021,74.12,73.35,74.4,72.11,314.34,0.94%
07/07/2021,73.43,74.69,75.99,72.6,387.43,-1.48%
07/06/2021,74.53,77.06,77.84,74.13,410.7,-3.41%
07/05/2021,77.16,76.23,77.26,75.7,157.22,1.30%
07/02/2021,76.17,75.64,76.43,75.21,236.22,0.44%
07/01/2021,75.84,74.69,76.74,74.55,405.16,0.95%
06/30/2021,75.13,75.18,75.6,74.39,15.06,0.49%
06/29/2021,74.76,74.67,75.51,73.9,94.94,0.11%
06/28/2021,74.68,75.99,76.6,74.51,142.11,-1.97%
06/25/2021,76.18,75.54,76.21,74.95,172.41,0.82%
06/24/2021,75.56,75.3,75.78,74.51,165.05,0.49%
06/23/2021,75.19,74.75,76.02,74.7,229.04,0.51%
06/22/2021,74.81,74.88,75.3,74.32,294.72,-0.12%
06/21/2021,74.9,73.33,74.95,72.98,265.47,1.89%
06/18/2021,73.51,73,73.76,72.18,231.55,0.59%
06/17/2021,73.08,73.8,74.5,72.01,336.64,-1.76%
06/16/2021,74.39,74.26,74.96,73.86,306.09,0.54%
06/15/2021,73.99,73.03,74.33,72.79,228.62,1.55%
06/14/2021,72.86,72.7,73.64,72.59,200.72,0.23%
06/11/2021,72.69,72.41,73.09,71.88,276.48,0.23%
06/10/2021,72.52,72.03,72.93,70.95,346.58,0.42%
06/09/2021,72.22,72.17,72.87,71.82,266.37,0.00%
06/08/2021,72.22,71.42,72.42,70.71,285.23,1.02%
06/07/2021,71.49,71.82,72.27,71.1,224.33,-0.56%
06/04/2021,71.89,71.25,72.17,70.73,222,0.81%
06/03/2021,71.31,71.27,71.99,70.66,229.79,-0.06%
06/02/2021,71.35,70.55,71.48,70.35,221.63,1.57%
06/01/2021,70.25,69.39,71.34,69.29,302.49,1.34%
05/31/2021,69.32,68.98,69.82,68.75,80.18,-0.45%
05/28/2021,69.63,69.69,69.92,69.26,21.26,0.24%
05/27/2021,69.46,68.78,69.51,68.11,86.51,0.86%
05/26/2021,68.87,68.55,69.17,68.02,134.62,0.32%
05/25/2021,68.65,68.47,68.9,67.83,183.13,0.28%
05/24/2021,68.46,66.72,68.64,66.46,227.25,3.04%
05/21/2021,66.44,65.22,66.94,64.57,257.64,2.04%
05/20/2021,65.11,66.63,67.17,64.8,388.16,-2.33%
05/19/2021,66.66,68.41,68.46,65.3,386.89,-2.98%
05/18/2021,68.71,69.61,70.24,67.28,378.02,-1.08%
05/17/2021,69.46,68.92,69.62,68.18,230.78,1.09%
05/14/2021,68.71,67,68.89,66.5,286.13,2.48%
05/13/2021,67.05,68.88,69.04,66.48,312,-3.27%
05/12/2021,69.32,68.78,69.9,68.18,310.3,1.12%
05/11/2021,68.55,68.29,68.75,67.13,321.86,0.34%
05/10/2021,68.32,68.74,69.2,67.41,265.6,0.06%
05/07/2021,68.28,68.26,68.65,67.39,262.58,0.28%
05/06/2021,68.09,68.47,69.37,67.93,273.28,-1.26%
05/05/2021,68.96,69.35,69.95,68.35,283.73,0.12%
05/04/2021,68.88,67.75,69.5,67.37,249.64,1.95%
05/03/2021,67.56,66.7,67.82,66.1,148.71,0.46%
04/30/2021,67.25,68.33,68.4,67.06,14.84,-1.91%
04/29/2021,68.56,67.18,68.95,67.13,91.52,1.92%
04/28/2021,67.27,66.58,67.85,66.13,148.95,1.28%
04/27/2021,66.42,65.76,66.8,65.66,222.92,1.17%
04/26/2021,65.65,66.1,66.26,64.57,257.58,-0.70%
04/23/2021,66.11,65.8,66.3,65.16,187.9,1.09%
04/22/2021,65.4,65.13,65.83,64.58,242.47,0.12%
04/21/2021,65.32,66.22,66.52,64.96,260.88,-1.88%
04/20/2021,66.57,67.2,68.08,65.51,328.24,-0.72%
04/19/2021,67.05,66.7,67.23,66.17,193.81,0.42%
04/16/2021,66.77,66.86,67.38,66.44,212.2,-0.25%
04/15/2021,66.94,66.38,67.03,65.95,240.31,0.54%
04/14/2021,66.58,64.01,66.9,63.88,323.04,4.57%
04/13/2021,63.67,63.24,64.19,63.18,242.41,0.62%
04/12/2021,63.28,63.03,64.31,62.41,257.84,0.52%
04/09/2021,62.95,63.28,63.49,62.57,216.24,-0.40%
04/08/2021,63.2,63.02,63.43,62.38,265.18,0.06%
04/07/2021,63.16,62.6,63.55,61.6,321.39,0.67%
04/06/2021,62.74,62.32,64.28,62.08,307.87,0.95%
04/05/2021,62.15,64.57,64.81,61.25,231.78,-4.18%
04/01/2021,64.86,63.12,65.17,62.38,480.37,2.08%
03/31/2021,63.54,64.13,64.79,63.53,9.7,-0.94%
03/30/2021,64.14,65.2,65.41,63.52,74.36,-1.29%
03/29/2021,64.98,64.58,65.46,63.13,91.75,0.63%
03/26/2021,64.57,62.01,64.89,61.85,147.74,4.23%
03/25/2021,61.95,63.99,64.19,60.98,202.58,-3.82%
03/24/2021,64.41,60.5,64.57,60.47,255.12,5.95%
03/23/2021,60.79,64.3,64.3,60.27,392.6,-5.93%
03/22/2021,64.62,64.53,65.12,63.45,236.34,0.14%
03/19/2021,64.53,62.99,64.95,62.07,446.11,1.98%
03/18/2021,63.28,67.77,68.15,61.45,516.08,-6.94%
03/17/2021,68,68.39,68.89,66.96,309.76,-0.57%
03/16/2021,68.39,68.81,68.94,67.36,248.99,-0.71%
03/15/2021,68.88,69.08,70.03,67.82,262.6,-0.49%
03/12/2021,69.22,69.59,69.9,69.03,251.54,-0.59%
03/11/2021,69.63,68.45,69.84,67.99,289.61,2.55%
03/10/2021,67.9,67.46,68.42,66.5,361.94,0.56%
03/09/2021,67.52,68.13,69.33,67.12,302.61,-1.06%
03/08/2021,68.24,69.97,71.38,67.8,352.59,-1.61%
03/05/2021,69.36,67.16,69.69,66.67,361.76,3.93%
03/04/2021,66.74,64.1,67.75,63.33,510.68,4.17%
03/03/2021,64.07,62.38,64.7,62.38,341.67,2.19%
03/02/2021,62.7,63.12,64.13,62.38,367.12,-1.55%
03/01/2021,63.69,64.85,65.93,63.17,291.91,-3.69%
02/26/2021,66.13,66.89,66.9,65.72,16.1,-1.12%
02/25/2021,66.88,67.2,67.7,66.48,109.65,-0.24%
02/24/2021,67.04,65.06,67.31,64.8,129.71,2.55%
02/23/2021,65.37,65.51,66.79,64.47,231.18,0.20%
02/22/2021,65.24,62.68,65.85,62.55,213.75,3.70%
02/19/2021,62.91,63.3,63.94,62.09,305.83,-1.60%
02/18/2021,63.93,65.02,65.52,63.22,420.56,-0.64%
02/17/2021,64.34,63.15,64.96,62.73,391.26,1.56%
02/16/2021,63.35,63.47,63.7,62.69,284.67,0.08%
02/15/2021,63.3,62.83,63.76,62.82,220.38,1.39%
02/12/2021,62.43,60.82,62.83,60.35,307.72,2.11%
02/11/2021,61.14,61.01,61.5,60.72,209.69,-0.54%
02/10/2021,61.47,61.21,61.69,60.87,287.71,0.62%
02/09/2021,61.09,60.8,61.34,60.05,319.5,0.88%
02/08/2021,60.56,59.43,60.72,59.43,269.31,2.06%
02/05/2021,59.34,59.17,59.79,59.08,229.42,0.85%
02/04/2021,58.84,58.59,59.12,58.04,244.07,0.65%
02/03/2021,58.46,57.85,58.94,57.5,276.86,1.74%
02/02/2021,57.46,56.35,58.05,56.33,337.68,1.97%
02/01/2021,56.35,54.91,56.53,54.6,288.25,0.84%
01/29/2021,55.88,55.52,56.37,55.31,19.94,0.63%
01/28/2021,55.53,55.41,56.59,55.31,122.48,-0.50%
01/27/2021,55.81,56.05,56.49,55.2,132.41,-0.18%
01/26/2021,55.91,55.93,56.34,55.39,163.2,0.05%
01/25/2021,55.88,55.26,56.02,55.07,198.27,0.85%
01/22/2021,55.41,56,56.03,54.48,269.37,-1.23%
01/21/2021,56.1,55.82,56.24,55.49,254.59,0.04%
01/20/2021,56.08,56.07,56.64,55.66,310.89,0.32%
01/19/2021,55.9,55.01,56.08,54.89,261.1,2.10%
01/18/2021,54.75,54.75,55.21,54.49,142.87,-0.64%
01/15/2021,55.1,56.41,56.5,54.64,298.41,-2.34%
01/14/2021,56.42,55.93,56.57,55.24,331.29,0.64%
01/13/2021,56.06,56.83,57.42,55.77,324.3,-0.92%
01/12/2021,56.58,55.66,56.79,55.51,288.14,1.65%
01/11/2021,55.66,56.24,56.39,54.99,295.07,-0.59%
01/08/2021,55.99,54.56,56.36,54.34,336.65,2.96%
01/07/2021,54.38,54.13,54.9,53.94,267.19,0.15%
01/06/2021,54.3,53.52,54.73,53.02,414.41,1.31%
01/05/2021,53.6,50.95,53.9,50.7,455.35,4.91%
01/04/2021,51.09,51.5,53.33,50.56,382.9,-1.37%
12/31/2020,51.8,51.49,51.84,50.9,133.22,0.90%
12/30/2020,51.34,51.32,51.56,51.04,17.63,0.49%
12/29/2020,51.09,51.02,51.63,50.86,91.33,0.45%
12/28/2020,50.86,51.25,52.02,50.53,81.06,-0.84%
12/24/2020,51.29,51.11,51.77,50.62,96.69,0.18%
12/23/2020,51.2,49.7,51.59,49.2,182.63,2.24%
12/22/2020,50.08,50.65,50.86,49.56,194.1,-1.63%
12/21/2020,50.91,52.22,52.32,49.2,288.74,-2.58%
12/18/2020,52.26,51.43,52.48,51.13,246.12,1.48%
12/17/2020,51.5,51.12,51.9,51.08,233.88,0.82%
12/16/2020,51.08,50.64,51.2,50.34,222.74,0.63%
12/15/2020,50.76,50.3,50.89,49.78,190.55,0.93%
12/14/2020,50.29,50.05,50.8,49.13,236.96,0.64%
12/11/2020,49.97,50.45,50.74,49.74,231.87,-0.56%
12/10/2020,50.25,49,51.06,48.86,288.73,2.84%
12/09/2020,48.86,48.84,49.55,48.4,267.79,0.04%
12/08/2020,48.84,48.58,49,48.09,225.24,0.10%
12/07/2020,48.79,49.23,49.43,48.4,207.51,-0.93%
12/04/2020,49.25,48.96,49.92,48.84,253.64,1.11%
12/03/2020,48.71,48,48.94,47.67,274.73,0.95%
12/02/2020,48.25,47.05,48.76,46.82,285.74,1.75%
12/01/2020,47.42,47.79,48.3,46.88,258.69,-0.36%
11/30/2020,47.59,47.91,47.99,46.85,20.68,-1.22%
11/27/2020,48.18,47.81,48.44,47.34,87.75,0.79%
11/26/2020,47.8,48.76,49.09,47.53,88.76,-1.67%
11/25/2020,48.61,47.8,49.06,47.72,231.03,1.57%
11/24/2020,47.86,45.9,48.03,45.89,263.24,3.91%
11/23/2020,46.06,45.08,46.12,44.89,267.25,2.45%
11/20/2020,44.96,44.15,45.24,44.05,264.01,1.72%
11/19/2020,44.2,43.96,44.57,43.79,210.3,-0.32%
11/18/2020,44.34,43.75,44.89,43.48,242.88,1.35%
11/17/2020,43.75,43.89,44.25,43.08,226.35,-0.16%
11/16/2020,43.82,42.71,44.67,42.71,268.43,2.43%
11/13/2020,42.78,43.2,43.34,42.63,216.74,-1.72%
11/12/2020,43.53,43.73,44.5,43.26,266.04,-0.62%
11/11/2020,43.8,43.77,45.3,43.6,346.77,0.44%
11/10/2020,43.61,41.75,44.11,41.71,315.25,2.85%
11/09/2020,42.4,39.65,43.48,39.46,393.05,7.48%
11/06/2020,39.45,40.63,40.69,39.34,255.44,-3.62%
11/05/2020,40.93,40.96,41.53,40.33,219.2,-0.73%
11/04/2020,41.23,40.13,41.33,39.42,250.87,3.83%
11/03/2020,39.71,39.26,40.45,38.65,278.63,1.90%
11/02/2020,38.97,37.37,39.36,35.74,326.07,4.03%
10/30/2020,37.46,37.5,38.1,36.8,20.19,-0.50%
10/29/2020,37.65,39.16,39.45,36.64,112.49,-3.76%
10/28/2020,39.12,40.61,40.7,38.75,163.83,-5.05%
10/27/2020,41.2,40.5,41.47,40.4,207.54,1.83%
10/26/2020,40.46,41.53,41.63,40.22,210.53,-3.14%
10/23/2020,41.77,42.4,42.8,41.5,205.21,-1.63%
10/22/2020,42.46,41.59,42.79,41.46,257.2,1.75%
10/21/2020,41.73,42.91,43.04,41.45,268.88,-3.31%
10/20/2020,43.16,42.45,43.3,42.19,252.05,1.27%
10/19/2020,42.62,42.69,43.23,42.36,209.06,-0.72%
10/16/2020,42.93,43.1,43.21,42.27,197.16,-0.53%
10/15/2020,43.16,43.45,43.48,41.56,295.28,-0.37%
10/14/2020,43.32,42.43,43.45,42.13,279.12,2.05%
10/13/2020,42.45,41.81,42.68,41.66,227.85,1.75%
10/12/2020,41.72,42.6,42.71,41.36,238.87,-2.64%
10/09/2020,42.85,43.36,43.57,42.61,254.62,-1.13%
10/08/2020,43.34,42.15,43.47,41.86,266.26,3.22%
10/07/2020,41.99,41.85,42.42,41.36,241.2,-1.55%
10/06/2020,42.65,41.41,42.84,41.22,291.68,3.29%
10/05/2020,41.29,39.19,41.78,39.14,273.76,5.14%
10/02/2020,39.27,40.65,40.77,38.79,337.41,-4.06%
10/01/2020,40.93,42.17,42.56,39.92,338.72,-0.05%
09/30/2020,40.95,40.66,40.98,40.3,19.38,-0.19%
09/29/2020,41.03,42.47,42.52,40.43,91.6,-3.30%
09/28/2020,42.43,41.87,42.62,41.48,91.82,1.22%
09/25/2020,41.92,41.85,42.33,41.52,129.4,-0.05%
09/24/2020,41.94,41.36,42.02,41.27,162.93,0.41%
09/23/2020,41.77,41.67,42.62,41.21,183.88,0.12%
09/22/2020,41.72,41.79,42.2,41.21,210.74,0.68%
09/21/2020,41.44,43.01,43.3,40.96,217.36,-3.96%
09/18/2020,43.15,43.22,43.8,42.53,204.66,-0.35%
09/17/2020,43.3,42.32,43.5,41.5,237.4,2.56%
09/16/2020,42.22,40.72,42.44,40.59,237.25,4.17%
09/15/2020,40.53,39.7,40.82,39.39,214.8,2.32%
09/14/2020,39.61,39.78,40.09,39.3,200.09,-0.55%
09/11/2020,39.83,39.96,40.34,39.38,211.88,-0.57%
09/10/2020,40.06,40.58,40.96,39.71,208.86,-1.79%
09/09/2020,40.79,39.65,41.2,39.37,278.22,2.54%
09/08/2020,39.78,42.08,42.23,39.31,363.53,-5.31%
09/07/2020,42.01,42.2,42.43,41.51,122.98,-1.52%
09/04/2020,42.66,43.76,44.54,42.3,270.96,-3.20%
09/03/2020,44.07,44.65,44.65,43.15,274.93,-0.81%
09/02/2020,44.43,45.83,46.05,44.2,260.14,-2.52%
09/01/2020,45.58,45.6,46.22,45.47,206.72,0.66%
08/31/2020,45.28,45.8,46.53,45.21,174.31,0.51%
08/28/2020,45.05,45.1,45.3,44.8,21.14,-0.09%
08/27/2020,45.09,45.7,45.87,44.56,102.26,-1.21%
08/26/2020,45.64,45.97,46.1,45.54,132.51,-0.48%
08/25/2020,45.86,45.12,46.07,45.08,178.31,1.62%
08/24/2020,45.13,44.5,45.18,44.29,176.64,1.76%
08/21/2020,44.35,45.03,45.08,43.59,221.99,-1.22%
08/20/2020,44.9,45.14,45.18,44.02,249.74,-1.04%
08/19/2020,45.37,45.17,45.48,44.81,174.88,-0.20%
08/18/2020,45.46,45.27,45.55,44.76,181.69,0.20%
08/17/2020,45.37,44.86,45.41,44.53,164.23,1.27%
08/14/2020,44.8,45.29,45.29,44.47,151.46,-0.36%
08/13/2020,44.96,45.32,45.58,44.82,148.41,-1.03%
08/12/2020,45.43,44.62,45.63,44.49,166.48,2.09%
08/11/2020,44.5,45.05,45.79,44.39,202.74,-1.09%
08/10/2020,44.99,44.66,45.26,44.37,135.3,1.33%
08/07/2020,44.4,45.15,45.3,44.27,171.72,-1.53%
08/06/2020,45.09,45.32,45.71,44.85,184.52,-0.18%
08/05/2020,45.17,44.28,46.23,44.24,246.98,1.67%
08/04/2020,44.43,43.84,44.82,43.24,227.12,0.63%
08/03/2020,44.15,43.53,44.46,42.89,198.7,1.96%
07/31/2020,43.3,43.29,43.44,43.05,14.42,0.84%
07/30/2020,42.94,43.73,43.8,41.38,63.2,-1.85%
07/29/2020,43.75,43.31,43.95,43.2,64.92,1.23%
07/28/2020,43.22,43.55,43.84,43,107.34,-0.44%
07/27/2020,43.41,43.35,43.77,42.39,174.75,0.16%
07/24/2020,43.34,43.27,43.9,42.79,191.05,0.07%
07/23/2020,43.31,44.1,44.77,43.13,262.24,-2.21%
07/22/2020,44.29,44.03,44.4,43.62,202.16,-0.07%
07/21/2020,44.32,43.17,44.89,43.16,229.78,2.40%
07/20/2020,43.28,43.08,43.45,42.36,179.43,0.32%
07/17/2020,43.14,43.4,43.45,42.64,162.4,-0.53%
07/16/2020,43.37,43.71,43.8,43.14,172.16,-0.96%
07/15/2020,43.79,43.07,43.85,42.7,232.18,2.07%
07/14/2020,42.9,42.24,43.22,41.8,221.12,0.42%
07/13/2020,42.72,43.12,43.34,42.14,200.31,-1.20%
07/10/2020,43.24,42.36,43.42,41.32,214.05,2.10%
07/09/2020,42.35,43.3,43.5,41.94,237.75,-2.17%
07/08/2020,43.29,42.81,43.47,42.75,185.14,0.49%
07/07/2020,43.08,43.13,43.45,42.46,183.23,-0.05%
07/06/2020,43.1,42.79,43.71,42.74,185.02,0.70%
07/03/2020,42.8,42.76,42.99,42.32,96.78,-0.79%
07/02/2020,43.14,41.84,43.23,41.73,196.69,2.64%
07/01/2020,42.03,41.58,42.62,41.03,252.52,2.14%
06/30/2020,41.15,41.33,41.62,40.9,12.6,-1.34%
06/29/2020,41.71,40.56,41.95,40.04,86.78,1.68%
06/26/2020,41.02,41.44,41.81,40.29,120.32,-0.07%
06/25/2020,41.05,40.35,41.64,39.47,166.05,1.84%
06/24/2020,40.31,42.45,42.89,39.63,195.72,-5.44%
06/23/2020,42.63,43.21,43.93,42.21,183.03,-1.04%
06/22/2020,43.08,41.74,43.18,41.58,187.65,2.11%
06/19/2020,42.19,41.72,42.92,41.03,217.49,1.64%
06/18/2020,41.51,40.43,41.64,40.06,175.79,1.97%
06/17/2020,40.71,40.61,41.46,40.03,175.24,-0.61%
06/16/2020,40.96,39.94,41.65,38.95,248.58,3.12%
06/15/2020,39.72,38.8,39.9,37.24,215.42,2.56%
06/12/2020,38.73,37.88,39.45,37.01,237.89,0.47%
06/11/2020,38.55,40.95,41.01,37.82,290.17,-7.62%
06/10/2020,41.73,40.72,41.99,40.14,234.19,1.34%
06/09/2020,41.18,41.1,41.45,39.85,222.36,0.93%
06/08/2020,40.8,42.4,43.41,40.68,227.88,-3.55%
06/05/2020,42.3,39.84,42.48,39.72,250.31,5.78%
06/04/2020,39.99,39.6,40.1,39.04,172.61,0.50%
06/03/2020,39.79,39.75,40.53,38.76,239.43,0.56%
06/02/2020,39.57,38.34,39.75,38.26,205.22,3.26%
06/01/2020,38.32,37.56,38.68,37.18,212.78,8.46%
05/29/2020,35.33,35.15,35.37,34.06,14.71,0.11%
05/28/2020,35.29,33.92,35.95,33.62,70.99,1.58%
05/27/2020,34.74,35.93,36.16,33.98,112.25,-3.95%
05/26/2020,36.17,35.66,36.68,35.26,129.98,1.80%
05/25/2020,35.53,34.98,35.97,34.46,28.96,1.14%
05/22/2020,35.13,36.18,36.23,33.54,174.59,-2.58%
05/21/2020,36.06,35.82,36.98,35.75,178.55,0.87%
05/20/2020,35.75,34.45,36.46,34.38,191.27,3.17%
05/19/2020,34.65,35.66,35.76,34.2,188.93,-0.46%
05/18/2020,34.81,32.78,35.72,32.69,232.25,7.11%
05/15/2020,32.5,31.52,32.91,30.94,211.28,4.40%
05/14/2020,31.13,29.52,31.55,28.88,222.21,6.65%
05/13/2020,29.19,29.35,30.55,28.86,221.11,-2.64%
05/12/2020,29.98,30.07,30.7,29.35,202.47,1.18%
05/11/2020,29.63,30.7,31.47,29.35,242.21,-4.33%
05/08/2020,30.97,29.6,31.14,29.43,147.3,5.13%
05/07/2020,29.46,29.64,31.84,29.08,259.89,-0.87%
05/06/2020,29.72,32.27,32.27,28.66,268.46,-4.04%
05/05/2020,30.97,28.1,32.06,27.77,267.14,13.86%
05/04/2020,27.2,26.1,28.08,25.5,215.73,2.87%
05/01/2020,26.44,26.95,27.88,25.76,216.98,4.63%
04/30/2020,25.27,22.87,25.76,22.87,9.69,12.11%
04/29/2020,22.54,20.66,23.88,20.53,86.55,10.17%
04/28/2020,20.46,19.9,21.29,18.73,123.22,2.35%
04/27/2020,19.99,21.55,21.91,19.11,162.39,-6.76%
04/24/2020,21.44,21.93,22.7,20.5,187,0.52%
04/23/2020,21.33,20.89,23.22,20.07,256.3,4.71%
04/22/2020,20.37,20.23,22.45,15.98,344.76,5.38%
04/21/2020,19.33,26.33,26.5,17.51,637.21,-24.40%
04/20/2020,25.57,28.05,28.25,25.37,361.83,-8.94%
04/17/2020,28.08,28.66,28.93,27.58,286.17,0.93%
04/16/2020,27.82,28.05,29,27.2,272.98,0.47%
04/15/2020,27.69,30.26,30.33,27.16,284.34,-6.45%
04/14/2020,29.6,32.25,32.32,29.38,297.55,-6.74%
04/13/2020,31.74,33.99,33.99,30.63,223.29,0.83%
04/09/2020,31.48,33.82,36.4,31.18,493,-4.14%
04/08/2020,32.84,32.63,33.87,31.54,320.61,3.04%
04/07/2020,31.87,33.66,34.18,31.74,303.42,-3.57%
04/06/2020,33.05,31.76,34.24,30.03,296.07,-3.11%
04/03/2020,34.11,29.89,35,28.25,541.28,13.93%
04/02/2020,29.94,25.61,36.29,25.45,612.27,21.02%
04/01/2020,24.74,25.99,26.28,24.52,347.29,8.80%
03/31/2020,22.74,23,23.87,22.59,14.77,-0.09%
03/30/2020,22.76,23.85,24.44,21.65,62.08,-8.70%
03/27/2020,24.93,26.68,27,24.13,112.74,-5.35%
03/26/2020,26.34,27.35,27.75,26.03,139.18,-3.83%
03/25/2020,27.39,27.8,28.29,25.68,154.94,0.88%
03/24/2020,27.15,27.72,28.65,26.69,198.91,0.44%
03/23/2020,27.03,26.75,27.54,24.68,257.59,0.19%
03/20/2020,26.98,28.1,30.94,26.81,313.84,-5.23%
03/19/2020,28.47,27.19,29.42,24.96,335.72,14.43%
03/18/2020,24.88,28.4,29.21,24.52,348.4,-13.40%
03/17/2020,28.73,30.14,31.25,28.5,270.24,-4.39%
03/16/2020,30.05,35.82,35.84,29.45,330.12,-11.23%
03/13/2020,33.85,32.85,36.15,32.5,360.63,1.90%
03/12/2020,33.22,35.99,36.46,32.5,472.74,-7.18%
03/11/2020,35.79,37.27,39.7,35.35,471.77,-3.84%
03/10/2020,37.22,35.84,38.22,35,551.29,8.32%
03/09/2020,34.36,38.28,38.34,31.02,779.72,-24.10%
03/06/2020,45.27,50.25,50.45,45.18,636.39,-9.44%
03/05/2020,49.99,51.66,52.04,49.7,361.04,-2.23%
03/04/2020,51.13,52.11,53.03,51.04,363.5,-1.41%
03/03/2020,51.86,53.47,53.9,51.22,407.55,-0.08%
03/02/2020,51.9,48.95,53.2,48.4,417.56,2.73%
02/28/2020,50.52,51.42,51.52,50.05,20.36,-3.18%
02/27/2020,52.18,53.18,53.25,50.97,112.16,-2.34%
02/26/2020,53.43,55.13,55.45,53.03,171.5,-2.77%
02/25/2020,54.95,56.46,56.98,54.62,210.28,-2.40%
02/24/2020,56.3,57.85,57.86,55.13,236.33,-3.76%
02/21/2020,58.5,59,59.25,57.73,236.49,-1.37%
02/20/2020,59.31,59.31,60,58.9,268.65,0.32%
02/19/2020,59.12,57.6,59.4,57.51,262.15,2.37%
02/18/2020,57.75,57.35,57.83,56.3,249.2,0.14%
02/17/2020,57.67,57.29,57.7,56.83,115.34,0.61%
02/14/2020,57.32,56.41,57.53,56.15,258.14,1.74%
02/13/2020,56.34,55.75,56.83,54.96,325.51,0.99%
02/12/2020,55.79,54.41,56.36,54.39,305.45,3.30%
02/11/2020,54.01,53.62,54.69,53.6,272.81,1.39%
02/10/2020,53.27,54.2,54.71,53.11,280.18,-2.20%
02/07/2020,54.47,55.14,55.4,54.21,270.8,-0.84%
02/06/2020,54.93,55.56,56.58,54.25,379.87,-0.63%
02/05/2020,55.28,54.05,56.46,54.05,412.27,2.45%
02/04/2020,53.96,54.33,55.65,53.69,409.86,-0.90%
02/03/2020,54.45,56.16,56.77,54.08,477.22,-6.38%
01/31/2020,58.16,59.3,59.45,57.94,19.6,-0.22%
01/30/2020,58.29,59.6,59.65,57.71,104.27,-2.54%
01/29/2020,59.81,59.86,60.62,59.26,142.68,0.50%
01/28/2020,59.51,59.03,60.12,58.5,248.95,0.32%
01/27/2020,59.32,60.23,60.49,58.5,259.77,-2.26%
01/24/2020,60.69,62.01,62.46,60.25,257.95,-2.18%
01/23/2020,62.04,62.68,62.69,61.25,361.91,-1.85%
01/22/2020,63.21,64.57,64.58,62.62,273.3,-2.14%
01/21/2020,64.59,65.26,65.35,64.06,248.56,-0.94%
01/20/2020,65.2,65.98,66,64.92,154.79,0.54%
01/17/2020,64.85,64.69,65.6,64.48,238.64,0.36%
01/16/2020,64.62,64.26,64.97,63.9,220.17,0.97%
01/15/2020,64,64.44,64.6,63.55,229.53,-0.76%
01/14/2020,64.49,64.29,65.05,63.92,270.5,0.45%
01/13/2020,64.2,65.13,65.27,63.92,262.47,-1.20%
01/10/2020,64.98,65.29,65.66,64.86,272.17,-0.60%
01/09/2020,65.37,66,66.1,64.56,364.45,-0.11%
01/08/2020,65.44,71.22,71.75,64.94,560.89,-4.15%
01/07/2020,68.27,68.63,68.75,67.65,284.92,-0.93%
01/06/2020,68.91,69.35,70.74,68.21,341.14,0.45%
01/03/2020,68.6,66.28,69.5,66.22,479.7,3.55%
01/02/2020,66.25,66.41,66.58,65.72,205.69,0.38%
12/31/2019,66,66.65,66.93,65.63,171.01,-3.57%
12/30/2019,68.44,68.2,68.99,68.16,29.42,0.41%
12/27/2019,68.16,67.91,68.33,67.57,112.22,0.35%
12/26/2019,67.92,67.27,67.99,67.22,69.82,1.07%
12/24/2019,67.2,66.44,67.26,66.36,106.43,1.22%
12/23/2019,66.39,66.15,66.62,65.81,131.42,0.38%
12/20/2019,66.14,66.56,66.72,65.7,217.98,-0.60%
12/19/2019,66.54,66.19,66.78,66.03,249.54,0.56%
12/18/2019,66.17,65.84,66.43,65.56,262.34,0.11%
12/17/2019,66.1,65.31,66.24,65.12,245.83,1.16%
12/16/2019,65.34,65.05,65.66,64.88,186.09,0.18%
12/13/2019,65.22,64.56,65.79,64.5,232.75,1.59%
12/12/2019,64.2,63.9,64.85,63.87,238.31,0.75%
12/11/2019,63.72,64,64.26,63.01,250.14,-0.96%
12/10/2019,64.34,64.03,64.69,63.78,235.19,0.14%
12/09/2019,64.25,64.29,64.5,63.61,239.77,-0.22%
12/06/2019,64.39,63.41,64.88,62.83,314.6,1.58%
12/05/2019,63.39,62.97,63.91,62.75,294.84,0.62%
12/04/2019,63,61.08,63.51,61,319.04,3.58%
12/03/2019,60.82,61.05,61.58,60.3,248.55,-0.16%
12/02/2019,60.92,60.73,62.09,60.72,297.87,-2.42%
11/29/2019,62.43,63.77,63.86,62.36,19.65,-2.25%
11/28/2019,63.87,63.91,64,63.19,96.08,-0.30%
11/27/2019,64.06,64.02,64.6,63.51,125.47,-0.33%
11/26/2019,64.27,63.7,64.32,63.44,181.1,0.97%
11/25/2019,63.65,63.6,63.8,62.97,212.05,0.41%
11/22/2019,63.39,63.62,64.27,62.98,228.74,-0.91%
11/21/2019,63.97,62.22,64.03,61.92,318.49,2.52%
11/20/2019,62.4,60.94,62.8,60.3,343.31,2.45%
11/19/2019,60.91,62.28,62.57,60.7,296.8,-2.45%
11/18/2019,62.44,63.36,63.57,61.94,228.25,-1.36%
11/15/2019,63.3,62.47,63.65,61.7,255.68,1.64%
11/14/2019,62.28,62.61,63.21,62.15,234.78,-0.14%
11/13/2019,62.37,61.85,62.74,61.22,273.03,0.50%
11/12/2019,62.06,62.11,62.85,61.82,238.17,-0.19%
11/11/2019,62.18,62.6,62.76,61.57,213.34,-0.53%
11/08/2019,62.51,62.29,62.7,60.66,287.67,0.35%
11/07/2019,62.29,61.73,62.89,61.65,261.07,0.89%
11/06/2019,61.74,62.78,63.32,61.59,275.94,-1.94%
11/05/2019,62.96,62.04,63.19,61.85,231.67,1.34%
11/04/2019,62.13,61.8,62.78,61.28,235.38,0.71%
11/01/2019,61.69,59.45,61.82,59.4,236.09,2.42%
10/31/2019,60.23,60.57,61.13,60.07,13.9,-0.63%
10/30/2019,60.61,61.6,61.93,60.45,105.87,-1.59%
10/29/2019,61.59,61.61,61.98,60.66,136.93,0.03%
10/28/2019,61.57,62.04,62.34,61.19,167.86,-0.73%
10/25/2019,62.02,61.5,62.11,60.93,204.45,0.57%
10/24/2019,61.67,60.99,61.9,60.64,215.54,0.82%
10/23/2019,61.17,59.48,61.3,58.85,313.23,2.46%
10/22/2019,59.7,59.05,60.26,58.75,260.6,1.26%
10/21/2019,58.96,59.23,59.55,58.26,212.57,-0.77%
10/18/2019,59.42,59.78,60.29,59.01,228.14,-0.82%
10/17/2019,59.91,58.99,60.04,58.69,269.84,0.82%
10/16/2019,59.42,58.9,59.75,58.36,257.88,1.16%
10/15/2019,58.74,59.3,59.68,58,305.68,-1.03%
10/14/2019,59.35,60.69,60.73,58.5,283.07,-1.92%
10/11/2019,60.51,59.53,60.69,59.21,367.63,2.39%
10/10/2019,59.1,58.04,59.6,57.8,262.53,1.34%
10/09/2019,58.32,58.02,59.35,57.91,266.48,0.14%
10/08/2019,58.24,58.47,58.92,57.38,274.74,-0.19%
10/07/2019,58.35,58.02,59.68,58.02,228.41,-0.03%
10/04/2019,58.37,57.69,58.96,57.67,299.92,1.14%
10/03/2019,57.71,57.54,57.99,56.15,336.9,0.03%
10/02/2019,57.69,59.25,59.5,57.22,307.91,-2.04%
10/01/2019,58.89,59.38,60.1,58.41,291.67,-3.11%
09/30/2019,60.78,62.24,62.24,60.73,22.01,-1.83%
09/27/2019,61.91,62.48,62.75,60.76,97.33,-1.32%
09/26/2019,62.74,62.58,62.92,61.45,115.57,0.56%
09/25/2019,62.39,62.44,62.81,61.23,201.47,-1.13%
09/24/2019,63.1,64.4,64.6,62.3,216.28,-2.58%
09/23/2019,64.77,65.23,65.5,63.53,204.78,0.76%
09/20/2019,64.28,65,65.28,64.05,224.88,-0.19%
09/19/2019,64.4,63.51,65.57,63.46,258.85,1.26%
09/18/2019,63.6,64.23,64.99,63.04,295.05,-1.47%
09/17/2019,64.55,68.15,69.26,63.55,620.49,-6.48%
09/16/2019,69.02,66.45,71.95,64.75,735.54,14.61%
09/13/2019,60.22,60.45,60.81,59.6,195.83,-0.26%
09/12/2019,60.38,61.16,61.39,58.92,358.09,-0.71%
09/11/2019,60.81,62.88,63.27,60.52,315.12,-2.52%
09/10/2019,62.38,62.82,63.78,62.17,267.55,-0.34%
09/09/2019,62.59,61.6,63,61.57,249.71,1.71%
09/06/2019,61.54,60.81,61.88,59.4,287.36,0.97%
09/05/2019,60.95,60.49,62.4,60.25,292.06,0.41%
09/04/2019,60.7,58.17,60.96,58.13,283.1,4.19%
09/03/2019,58.26,58.54,58.87,57.23,265.12,-0.68%
09/02/2019,58.66,58.8,59.26,58.1,121.64,-2.93%
08/30/2019,60.43,60.98,61.17,60.25,25.14,-1.06%
08/29/2019,61.08,60.48,61.19,59.98,131.09,0.98%
08/28/2019,60.49,60.04,61,59.8,134.26,1.65%
08/27/2019,59.51,58.8,60.17,58.51,218.37,1.38%
08/26/2019,58.7,58.35,60.17,58.24,183.3,-1.08%
08/23/2019,59.34,60.11,60.29,58.3,321.24,-0.97%
08/22/2019,59.92,60.43,60.89,59.47,276.11,-0.63%
08/21/2019,60.3,60.11,61.41,60.07,269.68,0.45%
08/20/2019,60.03,59.68,60.32,58.95,245.25,0.49%
08/19/2019,59.74,58.72,59.92,58.64,211.45,1.88%
08/16/2019,58.64,58.41,59.5,58.28,209.43,0.70%
08/15/2019,58.23,59.07,59.42,57.67,298.67,-2.10%
08/14/2019,59.48,61.07,61.08,58.21,320.43,-2.97%
08/13/2019,61.3,58.47,61.5,58,338.08,4.66%
08/12/2019,58.57,58.3,58.88,57.88,221.35,0.07%
08/09/2019,58.53,57.74,59.1,57.11,281.8,2.00%
08/08/2019,57.38,57.48,58.01,56.77,299.69,2.05%
08/07/2019,56.23,58.68,59.23,55.88,485.19,-4.60%
08/06/2019,58.94,59.56,60.56,58.55,328.15,-1.45%
08/05/2019,59.81,61.46,61.56,59.66,378.86,-3.36%
08/02/2019,61.89,61.16,62.95,60.98,364.14,2.30%
08/01/2019,60.5,64.09,64.54,60.02,433.72,-7.17%
07/31/2019,65.17,64.95,65.42,64.95,18.76,0.70%
07/30/2019,64.72,63.91,65.14,63.9,86.1,1.59%
07/29/2019,63.71,63.32,63.9,62.92,101.7,0.39%
07/26/2019,63.46,63.28,63.96,63.01,159.86,0.11%
07/25/2019,63.39,63.21,64.23,63.01,169.84,0.33%
07/24/2019,63.18,64.13,64.66,62.59,301.51,-1.02%
07/23/2019,63.83,63.26,64.46,62.66,272.73,0.90%
07/22/2019,63.26,63.05,64.03,62.77,267.78,1.26%
07/19/2019,62.47,62.5,63.37,61.83,298.98,0.87%
07/18/2019,61.93,63.52,64.46,61.29,374.89,-2.72%
07/17/2019,63.66,64.44,65.28,63.22,274.93,-1.07%
07/16/2019,64.35,66.31,67.09,63.82,356.74,-3.20%
07/15/2019,66.48,66.87,67.47,66.11,283.09,-0.36%
07/12/2019,66.72,66.83,67.29,66.51,244.7,0.30%
07/11/2019,66.52,66.81,67.65,66.43,283.02,-0.73%
07/10/2019,67.01,64.78,67.12,64.63,349.51,4.44%
07/09/2019,64.16,63.81,64.75,63.76,263.89,0.08%
07/08/2019,64.11,64.34,65.14,63.79,253.82,-0.19%
07/05/2019,64.23,63.27,64.52,62.91,203.54,1.47%
07/04/2019,63.3,63.88,64.07,62.95,114.98,-0.81%
07/03/2019,63.82,62.9,64.01,62.09,281.75,2.28%
07/02/2019,62.4,64.8,65.51,62.22,386.94,-4.09%
07/01/2019,65.06,65.05,66.75,64.22,361.41,-2.24%
06/28/2019,66.55,66.51,66.84,66.08,34.62,0.00%
06/27/2019,66.55,66.05,66.82,65.63,103.16,0.09%
06/26/2019,66.49,65.8,66.85,65.6,141.95,2.21%
06/25/2019,65.05,64.89,65.98,64.17,205.8,0.29%
06/24/2019,64.86,65.5,65.79,64.08,217.44,-0.52%
06/21/2019,65.2,64.86,65.76,64,257.92,1.16%
06/20/2019,64.45,62.45,64.82,62.4,394.17,4.25%
06/19/2019,61.82,62.4,62.55,61.4,320.06,-0.51%
06/18/2019,62.14,60.93,62.84,60.25,327.7,1.97%
06/17/2019,60.94,62.07,62.37,60.74,236.16,-1.73%
06/14/2019,62.01,61.25,62.57,60.74,262.31,1.14%
06/13/2019,61.31,59.94,62.64,59.78,435.42,2.23%
06/12/2019,59.97,61.79,61.85,59.57,343.21,-3.72%
06/11/2019,62.29,62.3,62.87,62.01,302.74,0.00%
06/10/2019,62.29,63.58,64.1,62.05,278.49,-1.58%
06/07/2019,63.29,62.4,63.59,61.77,307.96,2.63%
06/06/2019,61.67,60.4,62.43,60.22,343.64,1.72%
06/05/2019,60.63,61.58,62.27,59.45,428.01,-2.16%
06/04/2019,61.97,61,62.12,60.21,370.27,1.13%
06/03/2019,61.28,61.64,62.84,60.55,386.56,-4.98%
05/31/2019,64.49,66.24,66.28,64.37,21.75,-3.56%
05/30/2019,66.87,69.68,69.96,66.31,105.27,-3.71%
05/29/2019,69.45,70.1,70.1,68.08,148.48,-0.94%
05/28/2019,70.11,69.99,70.59,69.58,238.88,0.00%
05/27/2019,70.11,69.15,70.23,68.53,72.18,2.07%
05/24/2019,68.69,67.99,69.3,67.33,292.09,1.37%
05/23/2019,67.76,70.86,70.97,67.02,434.54,-4.55%
05/22/2019,70.99,71.91,72.04,70.42,371.52,-1.65%
05/21/2019,72.18,72.15,72.52,71.63,303.74,0.29%
05/20/2019,71.97,72.5,73.4,71.6,301.98,-0.33%
05/17/2019,72.21,72.82,73.23,71.79,255.53,-0.56%
05/16/2019,72.62,72.05,73.36,71.82,326.44,1.18%
05/15/2019,71.77,70.9,72.25,70.42,272.44,0.74%
05/14/2019,71.24,70.02,71.65,69.93,299.77,1.44%
05/13/2019,70.23,70.83,72.58,69.72,373.47,-0.55%
05/10/2019,70.62,70.45,71.23,70.18,300.46,0.33%
05/09/2019,70.39,70.23,70.65,69.4,328.74,0.03%
05/08/2019,70.37,69.88,70.7,69.33,295.44,0.70%
05/07/2019,69.88,71.15,71.33,69.38,332.07,-1.91%
05/06/2019,71.24,70.59,71.79,68.79,227.02,0.55%
05/03/2019,70.85,70.48,71.54,69.95,249.81,0.14%
05/02/2019,70.75,72,72.22,69.68,346.63,-1.98%
05/01/2019,72.18,71.73,72.36,71.3,230.8,-0.85%
04/30/2019,72.8,71.94,73.27,71.73,25.34,1.05%
04/29/2019,72.04,71.56,72.5,71.06,147.41,-0.15%
04/26/2019,72.15,74.2,74.42,71.3,222.89,-2.96%
04/25/2019,74.35,74.46,75.6,74,309.21,-0.30%
04/24/2019,74.57,74.27,74.73,74.02,276.67,0.08%
04/23/2019,74.51,74.38,74.73,73.99,308.99,0.63%
04/22/2019,74.04,71.93,74.52,71.86,305.17,2.88%
04/18/2019,71.97,71.63,72.04,71.2,259.04,0.49%
04/17/2019,71.62,71.83,72.27,71.45,276.61,-0.14%
04/16/2019,71.72,71.21,71.95,70.74,273.9,0.76%
04/15/2019,71.18,71.55,71.6,70.78,219.15,-0.52%
04/12/2019,71.55,70.95,71.87,70.9,237.22,1.02%
04/11/2019,70.83,71.56,71.68,70.57,278.09,-1.25%
04/10/2019,71.73,70.82,71.78,70.57,288.89,1.59%
04/09/2019,70.61,71.19,71.34,70.3,267.49,-0.69%
04/08/2019,71.1,70.56,71.19,70.43,288.13,1.08%
04/05/2019,70.34,69.13,70.48,68.92,263.87,1.35%
04/04/2019,69.4,69.44,70.03,68.87,281.88,0.13%
04/03/2019,69.31,69.47,69.96,68.8,341.5,-0.09%
04/02/2019,69.37,69.22,69.58,68.69,299.3,0.52%
04/01/2019,69.01,67.58,69.22,67.58,320.77,0.91%
03/29/2019,68.39,68.01,68.89,67.81,20.62,0.84%
03/28/2019,67.82,67.75,68,66.54,131.64,-0.01%
03/27/2019,67.83,67.9,68.35,67.19,148.15,-0.21%
03/26/2019,67.97,67.36,68.23,67.24,197.54,1.13%
03/25/2019,67.21,67,67.65,66.36,216.76,0.27%
03/22/2019,67.03,67.76,67.98,66.2,284.52,-1.22%
03/21/2019,67.86,68.38,68.69,67.59,303.23,-0.93%
03/20/2019,68.5,67.66,68.57,67.19,235.49,1.32%
03/19/2019,67.61,67.49,68.2,67.13,234.14,0.10%
03/18/2019,67.54,67.14,67.69,66.69,208.53,0.57%
03/15/2019,67.16,67.18,67.71,66.13,254.32,-0.10%
03/14/2019,67.23,67.65,68.14,67.03,235.99,-0.47%
03/13/2019,67.55,66.91,67.76,66.7,243.2,1.32%
03/12/2019,66.67,66.7,67.39,66.34,252.13,0.14%
03/11/2019,66.58,65.76,66.75,65.63,247.81,1.28%
03/08/2019,65.74,66.08,66.09,64.02,316.39,-0.84%
03/07/2019,66.3,65.88,67,65.75,276.24,0.47%
03/06/2019,65.99,65.49,66.18,65.22,283.2,0.20%
03/05/2019,65.86,65.46,66.23,65.04,216.39,0.29%
03/04/2019,65.67,64.97,66.34,64.93,233.54,0.92%
03/01/2019,65.07,66.48,67.14,64.59,297.19,-1.45%
02/28/2019,66.03,66.38,66.38,65.67,19.67,-0.54%
02/27/2019,66.39,65.64,66.7,65.27,102.14,1.81%
02/26/2019,65.21,64.79,65.74,64.32,127.6,0.69%
02/25/2019,64.76,66.97,67.47,64.54,220.94,-3.52%
02/22/2019,67.12,66.96,67.73,66.87,177.62,0.07%
02/21/2019,67.07,67.05,67.31,66.69,245.86,-0.01%
02/20/2019,67.08,66.3,67.38,65.63,276.48,0.95%
02/19/2019,66.45,66.44,66.65,65.58,246.65,-0.08%
02/18/2019,66.5,66.39,66.83,65.9,175.24,0.38%
02/15/2019,66.25,64.86,66.39,64.42,294.49,2.60%
02/14/2019,64.57,63.69,64.81,63.25,287.45,1.51%
02/13/2019,63.61,62.7,63.98,62.69,269.68,1.91%
02/12/2019,62.42,61.59,63.34,61.59,278.8,1.48%
02/11/2019,61.51,62.11,62.34,60.9,280.96,-0.95%
02/08/2019,62.1,61.66,62.36,61.04,254.95,0.76%
02/07/2019,61.63,62.5,62.91,60.6,286.17,-1.69%
02/06/2019,62.69,62.06,62.8,61.05,225.57,1.15%
02/05/2019,61.98,62.64,63.02,61.72,215.36,-0.85%
02/04/2019,62.51,62.83,63.63,61.28,297.43,-0.38%
02/01/2019,62.75,61.06,62.97,60.46,267.22,1.39%
01/31/2019,61.89,61.97,62.32,61.57,20.63,0.39%
01/30/2019,61.65,61.26,62.67,61.04,90.93,0.54%
01/29/2019,61.32,59.87,61.79,59.75,142.13,2.32%
01/28/2019,59.93,61.49,61.69,59.49,214.19,-2.77%
01/25/2019,61.64,61.13,61.92,60.7,218.03,0.90%
01/24/2019,61.09,61.02,61.51,60.41,274.48,-0.08%
01/23/2019,61.14,61.37,62.33,60.21,308.46,-0.59%
01/22/2019,61.5,62.59,62.71,60.57,283.22,-1.98%
01/21/2019,62.74,62.74,63.15,62.25,138.08,0.06%
01/18/2019,62.7,61.33,63,61.32,288.91,2.48%
01/17/2019,61.18,61.05,61.54,60.04,278.42,-0.23%
01/16/2019,61.32,60.42,61.45,60.03,315.59,1.12%
01/15/2019,60.64,59.36,60.86,59.11,234.36,2.80%
01/14/2019,58.99,60.62,61.04,58.9,263.28,-2.46%
01/11/2019,60.48,61.19,62.49,60.08,292.79,-1.95%
01/10/2019,61.68,61.15,61.91,60.44,300.92,0.39%
01/09/2019,61.44,59.15,61.69,59.05,329.05,4.63%
01/08/2019,58.72,57.64,58.87,57.13,288.25,2.42%
01/07/2019,57.33,57.41,58.93,57.26,296.58,0.47%
01/04/2019,57.06,55.67,58.31,55.34,321.11,1.98%
01/03/2019,55.95,54.29,56.3,53.93,278.36,1.89%
01/02/2019,54.91,54.12,56.56,52.51,300.95,2.06%
12/31/2018,53.8,53,54.82,52.66,109.11,3.07%
12/28/2018,52.2,53.44,53.8,51.6,17.11,0.08%
12/27/2018,52.16,54.65,54.67,51.94,102.59,-4.24%
12/26/2018,54.47,50.84,55.29,49.93,77,7.93%
12/24/2018,50.47,53.49,54.66,50.36,76.22,-6.22%
12/21/2018,53.82,54.97,55.33,52.79,226.34,-0.98%
12/20/2018,54.35,56.49,56.75,54.28,299.45,-5.05%
12/19/2018,57.24,56.51,58.11,56.04,319.37,1.74%
12/18/2018,56.26,59,59.24,55.89,398.56,-5.62%
12/17/2018,59.61,60.25,61.21,58.64,246.03,-1.11%
12/14/2018,60.28,61.53,61.58,59.92,206.56,-1.90%
12/13/2018,61.45,60.29,62.02,59.33,252.4,2.16%
12/12/2018,60.15,60.67,61.43,59.98,246.92,-0.08%
12/11/2018,60.2,59.91,61.1,59.58,235.33,0.38%
12/10/2018,59.97,61.34,62.33,59.61,264.95,-2.76%
12/07/2018,61.67,60.25,63.73,59.1,423.08,2.68%
12/06/2018,60.06,61.36,61.97,58.36,399.99,-2.44%
12/05/2018,61.56,61.35,63.29,60.8,256.24,-0.84%
12/04/2018,62.08,61.9,63.58,61.24,277.42,0.63%
12/03/2018,61.69,59.98,62.6,59.85,294.77,5.08%
11/30/2018,58.71,59.28,59.93,58.25,27.02,-1.34%
11/29/2018,59.51,59.12,60.37,57.5,94.57,1.28%
11/28/2018,58.76,60.63,61.27,58.55,150.81,-2.41%
11/27/2018,60.21,60.39,61.4,58.92,271.17,-0.45%
11/26/2018,60.48,58.98,61.13,58.6,267.38,2.86%
11/23/2018,58.8,62.58,62.79,58.41,279.67,-6.07%
11/22/2018,62.6,63.6,63.81,62.27,164.11,-1.39%
11/21/2018,63.48,62.6,64.48,62.56,334.98,1.52%
11/20/2018,62.53,66.9,66.9,61.71,417.01,-6.38%
11/19/2018,66.79,66.99,67.64,65.27,262.55,0.04%
11/16/2018,66.76,66.68,68.38,66.06,327.72,0.21%
11/15/2018,66.62,66.12,67.42,65.77,316.04,0.76%
11/14/2018,66.12,65.62,67.63,65.02,379.72,0.99%
11/13/2018,65.47,69.13,69.68,64.61,445.04,-6.63%
11/12/2018,70.12,70.69,71.88,68.87,319.23,-0.09%
11/09/2018,70.18,70.87,70.99,69.13,292.21,-0.67%
11/08/2018,70.65,72.1,73.08,70.56,350.47,-1.97%
11/07/2018,72.07,71.66,73.55,71.36,361.36,-0.08%
11/06/2018,72.13,72.85,73.28,71.18,290.88,-1.42%
11/05/2018,73.17,72.85,74.13,72.26,231.14,0.47%
11/02/2018,72.83,72.75,73.5,72.16,312.87,-0.08%
11/01/2018,72.89,74.69,74.99,72.56,360.16,-3.42%
10/31/2018,75.47,76.28,76.92,75.42,34.7,-0.58%
10/30/2018,75.91,76.82,77.32,75.09,115.19,-1.85%
10/29/2018,77.34,77.64,78.03,76.55,117.94,-0.36%
10/26/2018,77.62,76.6,77.91,75.77,229.75,0.95%
10/25/2018,76.89,75.67,77.08,75.35,215.24,0.95%
10/24/2018,76.17,76.35,77.57,75.11,366.65,-0.35%
10/23/2018,76.44,80.04,80.12,75.88,513.72,-4.25%
10/22/2018,79.83,80.11,80.41,78.99,269.91,0.06%
10/19/2018,79.78,79.44,80.88,79.22,291.07,0.62%
10/18/2018,79.29,80.23,80.31,78.69,359.01,-0.95%
10/17/2018,80.05,81.74,81.85,79.17,336.6,-1.67%
10/16/2018,81.41,80.88,81.75,79.8,329.33,0.78%
10/15/2018,80.78,81,81.92,79.85,284.65,0.44%
10/12/2018,80.43,80.28,81.48,79.23,373.09,0.21%
10/11/2018,80.26,82.47,82.63,79.8,482.51,-3.41%
10/10/2018,83.09,84.98,85.17,82.26,319.09,-2.25%
10/09/2018,85,83.91,85.45,83.73,351.4,1.30%
10/08/2018,83.91,84.17,84.31,82.66,290.09,-0.30%
10/05/2018,84.16,84.89,85.12,83.92,300.62,-0.50%
10/04/2018,84.58,85.99,86.43,84.14,361.25,-1.98%
10/03/2018,86.29,84.79,86.74,84.01,345.22,1.76%
10/02/2018,84.8,84.95,85.38,84.31,268.61,-0.21%
10/01/2018,84.98,82.79,85.45,82.55,347.53,2.73%
09/28/2018,82.72,81.63,82.87,81.6,19.68,1.22%
09/27/2018,81.72,81.8,82.44,81.32,124,0.47%
09/26/2018,81.34,81.45,82.22,81.1,130.53,-0.65%
09/25/2018,81.87,81.35,82.55,81.17,240.4,0.83%
09/24/2018,81.2,78.97,81.48,78.97,243.31,3.05%
09/21/2018,78.8,78.67,80.12,78.23,297.57,0.13%
09/20/2018,78.7,79.44,79.83,78.51,300.16,-0.88%
09/19/2018,79.4,78.97,79.5,78.51,275.87,0.47%
09/18/2018,79.03,77.78,79.73,77.46,259.18,1.26%
09/17/2018,78.05,78.07,78.9,77.73,207.61,-0.05%
09/14/2018,78.09,78.45,78.94,77.37,261.06,-0.12%
09/13/2018,78.18,79.6,79.71,77.87,298.14,-1.96%
09/12/2018,79.74,79.42,80.13,78.75,315.27,0.86%
09/11/2018,79.06,77.38,79.54,77.36,280.31,2.18%
09/10/2018,77.37,77.08,77.92,76.9,244.53,0.70%
09/07/2018,76.83,76.69,77.1,75.88,209,0.43%
09/06/2018,76.5,77.02,77.77,75.64,274.79,-1.00%
09/05/2018,77.27,77.82,78.09,76.91,277.12,-1.15%
09/04/2018,78.17,78.19,79.72,77.44,320.45,0.03%
09/03/2018,78.15,77.69,78.44,77.3,110.91,0.94%
08/31/2018,77.42,77.53,77.79,77,25.83,-0.45%
08/30/2018,77.77,77.33,78.03,77.18,90.22,0.82%
08/29/2018,77.14,75.99,77.42,75.67,130.44,1.57%
08/28/2018,75.95,76.34,76.97,75.73,179.66,-0.34%
08/27/2018,76.21,75.54,76.34,75.39,101.08,0.51%
08/24/2018,75.82,74.73,76.42,74.68,235.09,1.46%
08/23/2018,74.73,74.72,74.87,74.21,199.66,-0.07%
08/22/2018,74.78,72.76,75,72.7,300.69,2.96%
08/21/2018,72.63,72.15,72.95,72.05,201.24,0.58%
08/20/2018,72.21,71.77,72.75,71.42,249.1,0.53%
08/17/2018,71.83,71.35,72.49,71.25,217.16,0.56%
08/16/2018,71.43,70.65,71.52,70.4,227.2,0.95%
08/15/2018,70.76,72.22,72.44,70.3,298.11,-2.35%
08/14/2018,72.46,72.82,73.93,72.16,242.75,-0.21%
08/13/2018,72.61,73,73.09,71.04,220.34,-0.27%
08/10/2018,72.81,71.97,73.14,71.4,228.74,1.03%
08/09/2018,72.07,72.16,72.89,71.86,197.06,-0.29%
08/08/2018,72.28,74.64,74.87,71.65,269.51,-3.17%
08/07/2018,74.65,73.61,74.9,73.57,228.99,1.22%
08/06/2018,73.75,73.21,74.47,73.08,200.58,0.74%
08/03/2018,73.21,73.37,73.73,72.48,175.36,-0.33%
08/02/2018,73.45,72.42,73.75,71.84,226.45,1.46%
08/01/2018,72.39,74.07,74.12,72.13,284.02,-2.51%
07/31/2018,74.25,74.93,75.1,74.14,21.88,-0.96%
07/30/2018,74.97,74.31,75.27,74.14,81.03,0.92%
07/27/2018,74.29,74.5,74.85,73.83,119.34,-0.34%
07/26/2018,74.54,74.37,74.83,73.77,183.35,0.83%
07/25/2018,73.93,73.7,74.6,73.07,210.87,0.67%
07/24/2018,73.44,72.91,74,72.68,215.15,0.52%
07/23/2018,73.06,73.22,74.5,72.52,316.98,-0.01%
07/20/2018,73.07,72.65,73.47,72.26,231.51,0.68%
07/19/2018,72.58,73.06,73.79,71.83,313.81,-0.44%
07/18/2018,72.9,71.74,73.28,71.19,287.11,1.03%
07/17/2018,72.16,72.01,72.78,71.35,286.44,0.45%
07/16/2018,71.84,74.92,75.37,71.52,330,-4.63%
07/13/2018,75.33,74.34,75.93,73.22,302.43,1.18%
07/12/2018,74.45,74.17,75.1,72.67,416.41,1.43%
07/11/2018,73.4,78.78,78.83,73.04,560.84,-6.92%
07/10/2018,78.86,78.25,79.51,78.15,261.55,1.01%
07/09/2018,78.07,77.21,78.31,77.04,212.19,1.24%
07/06/2018,77.11,77.57,77.68,76.36,315.28,-0.36%
07/05/2018,77.39,78.14,78.5,77.3,254.02,-1.09%
07/04/2018,78.24,77.89,78.28,77.61,97.25,0.62%
07/03/2018,77.76,77.4,78.55,76.67,273.46,0.60%
07/02/2018,77.3,78.55,78.95,77.16,265.38,-2.69%
06/29/2018,79.44,77.79,79.7,77.45,17.12,2.04%
06/28/2018,77.85,77.5,78.42,77.09,144.22,0.30%
06/27/2018,77.62,76.54,78.16,76.28,166.19,1.72%
06/26/2018,76.31,74.74,76.72,74.13,289.47,2.11%
06/25/2018,74.73,74.8,75.13,73.74,274.38,-1.09%
06/22/2018,75.55,73.24,75.83,73.24,377.39,3.42%
06/21/2018,73.05,74.46,74.69,72.93,411.81,-2.26%
06/20/2018,74.74,75.2,75.86,74.1,368.84,-0.45%
06/19/2018,75.08,75.24,75.55,74.45,290.59,-0.35%
06/18/2018,75.34,73.06,75.49,72.45,316.12,2.59%
06/15/2018,73.44,75.98,76.06,73,285.8,-3.29%
06/14/2018,75.94,76.56,76.92,75.76,279.21,-1.04%
06/13/2018,76.74,75.4,76.87,75.26,292.47,1.13%
06/12/2018,75.88,76.5,77.07,75.43,260.33,-0.76%
06/11/2018,76.46,76.3,76.84,75.52,231.28,0.00%
06/08/2018,76.46,77.39,77.61,76.12,251.83,-1.11%
06/07/2018,77.32,75.88,77.45,75.44,327.98,2.60%
06/06/2018,75.36,75.19,76.25,74.46,365.65,-0.03%
06/05/2018,75.38,75.4,75.74,73.81,400.85,0.12%
06/04/2018,75.29,76.66,76.95,75.2,324.29,-1.95%
06/01/2018,76.79,77.71,77.95,76.35,296.57,-1.03%
05/31/2018,77.59,77.37,78.75,77.04,21.44,0.12%
05/30/2018,77.5,75.37,77.73,74.81,125.33,2.80%
05/29/2018,75.39,75.82,76.2,74.54,114.46,0.12%
05/28/2018,75.3,76.11,76.17,74.49,65.1,-1.49%
05/25/2018,76.44,78.82,78.88,76.01,275.72,-2.98%
05/24/2018,78.79,79.65,79.78,78.57,228.58,-1.27%
05/23/2018,79.8,79.47,79.85,78.21,292.97,0.29%
05/22/2018,79.57,79.36,80.49,79.16,305.31,0.44%
05/21/2018,79.22,78.61,79.59,78.1,245.77,0.90%
05/18/2018,78.51,79.46,79.87,78.33,277.28,-1.00%
05/17/2018,79.3,79.26,80.5,79.12,330.17,0.03%
05/16/2018,79.28,78.1,79.35,77.61,336.57,1.08%
05/15/2018,78.43,78.42,79.47,77.9,390.92,0.26%
05/14/2018,78.23,77.05,78.53,76.55,290.13,1.44%
05/11/2018,77.12,77.55,77.6,76.95,261.8,-0.45%
05/10/2018,77.47,77.44,78,76.51,314.19,0.34%
05/09/2018,77.21,76.19,77.43,76.08,364.75,3.15%
05/08/2018,74.85,75.6,76.18,73.1,519.8,-1.73%
05/07/2018,76.17,75,76.34,74.83,230.47,1.74%
05/04/2018,74.87,73.74,75.08,73.24,289.86,1.70%
05/03/2018,73.62,73.07,74.09,72.47,382.14,0.35%
05/02/2018,73.36,73.28,73.63,72.38,347.06,0.31%
05/01/2018,73.13,74.65,74.98,72.74,360.97,-2.71%
04/30/2018,75.17,74.62,75.41,73.47,24.76,0.71%
04/27/2018,74.64,74.72,75.03,74.35,156.53,-0.13%
04/26/2018,74.74,74.23,74.97,74.11,179.48,1.00%
04/25/2018,74,74,74.19,73.17,275.13,0.19%
04/24/2018,73.86,75.09,75.47,73.68,330.6,-1.14%
04/23/2018,74.71,73.77,75.1,73.13,317.45,0.88%
04/20/2018,74.06,73.94,74.2,72.83,371.9,0.38%
04/19/2018,73.78,73.72,74.75,73.46,393.96,0.41%
04/18/2018,73.48,71.72,73.93,71.66,352.65,2.65%
04/17/2018,71.58,71.65,71.89,70.83,315.04,0.22%
04/16/2018,71.42,72.7,72.85,71.11,297.44,-1.60%
04/13/2018,72.58,71.94,72.88,71.56,328.5,0.78%
04/12/2018,72.02,72.09,72.49,71.1,330.21,-0.06%
04/11/2018,72.06,71.03,73.09,70.57,495.41,1.44%
04/10/2018,71.04,68.46,71.34,68.46,452.34,3.48%
04/09/2018,68.65,67.1,68.8,67,257.5,2.29%
04/06/2018,67.11,68.09,68.62,66.86,296.09,-1.79%
04/05/2018,68.33,68.36,68.93,67.73,270.82,0.46%
04/04/2018,68.02,68.15,68.28,66.69,361.48,-0.15%
04/03/2018,68.12,67.63,68.46,67.62,232.26,0.71%
04/02/2018,67.64,69.32,70.04,67.49,190.05,-3.74%
03/29/2018,70.27,69.86,70.44,69.1,25.29,1.06%
03/28/2018,69.53,69.72,70.25,68.78,141.89,-0.83%
03/27/2018,70.11,70.13,71.03,69.45,131.39,-0.01%
03/26/2018,70.12,70.43,71.05,69.67,183.69,-0.47%
03/23/2018,70.45,69.11,70.57,68.87,283.01,2.23%
03/22/2018,68.91,69.63,69.7,68.58,286.63,-0.81%
03/21/2018,69.47,67.61,69.86,67.48,401.05,3.04%
03/20/2018,67.42,66.15,67.88,66.15,326.47,2.07%
03/19/2018,66.05,66.01,66.39,65.39,272.42,-0.24%
03/16/2018,66.21,65.07,66.42,64.88,264.21,1.67%
03/15/2018,65.12,64.9,65.38,64.61,208.59,0.35%
03/14/2018,64.89,64.73,65.21,64.06,267.59,0.39%
03/13/2018,64.64,64.92,65.68,64.05,320.57,-0.48%
03/12/2018,64.95,65.5,65.86,64.18,240.03,-0.82%
03/09/2018,65.49,63.93,65.63,63.69,286.49,2.96%
03/08/2018,63.61,64.51,64.56,63.43,294.79,-1.13%
03/07/2018,64.34,65.23,65.8,63.83,332.91,-2.20%
03/06/2018,65.79,65.74,66.16,65.3,199.79,0.38%
03/05/2018,65.54,64.65,65.88,64.1,261.06,1.82%
03/02/2018,64.37,64.07,64.64,63.2,266.38,0.85%
03/01/2018,63.83,64.57,65.04,63.19,340.97,-2.96%
02/28/2018,65.78,66.41,66.87,65.43,27.39,-1.28%
02/27/2018,66.63,67.57,67.61,66.32,106.34,-1.29%
02/26/2018,67.5,67.29,67.9,66.72,188.3,0.28%
02/23/2018,67.31,66.3,67.37,65.79,201.72,1.39%
02/22/2018,66.39,64.91,66.56,64.62,253,1.48%
02/21/2018,65.42,65.05,65.53,64.4,245.87,0.26%
02/20/2018,65.25,65.64,65.81,64.78,289.17,-0.64%
02/19/2018,65.67,64.96,65.9,64.84,125.63,1.28%
02/16/2018,64.84,64.66,65.22,64.19,239.58,0.79%
02/15/2018,64.33,64.44,65.15,63.12,292.91,-0.05%
02/14/2018,64.36,62.84,64.58,61.95,349.1,2.61%
02/13/2018,62.72,62.85,63.1,61.76,367.26,0.21%
02/12/2018,62.59,62.5,64.4,62.5,349.67,-0.32%
02/09/2018,62.79,64.44,64.64,61.77,399.5,-3.12%
02/08/2018,64.81,65.28,65.6,64.1,346.32,-1.07%
02/07/2018,65.51,67.2,67.72,65.16,567.76,-2.02%
02/06/2018,66.86,67.02,67.6,66.53,328.85,-1.12%
02/05/2018,67.62,68.15,68.46,66.9,335.64,-1.40%
02/02/2018,68.58,70,70.02,67.96,307.13,-1.54%
02/01/2018,69.65,69,69.97,68.81,336.92,0.87%
01/31/2018,69.05,68.43,69.15,68.33,20.43,0.04%
01/30/2018,69.02,69.3,69.39,68.4,135.87,-0.63%
01/29/2018,69.46,70.47,70.64,69.07,202.24,-1.50%
01/26/2018,70.52,70.07,70.83,70.05,227.6,0.14%
01/25/2018,70.42,70.95,71.28,69.97,301.93,-0.16%
01/24/2018,70.53,69.97,70.94,69.54,308.37,0.81%
01/23/2018,69.96,69.17,70.24,69.12,343.73,1.35%
01/22/2018,69.03,68.8,69.51,68.39,250.6,0.61%
01/19/2018,68.61,69.01,69.08,68.28,278.36,-1.01%
01/18/2018,69.31,69.53,69.63,68.8,270.23,-0.10%
01/17/2018,69.38,69.35,69.59,68.55,280.42,0.33%
01/16/2018,69.15,70.05,70.13,68.83,322.95,-1.58%
01/15/2018,70.26,69.88,70.37,69.55,173.46,0.56%
01/12/2018,69.87,69.15,69.93,68.59,302.1,0.88%
01/11/2018,69.26,69.15,70.05,69,341.94,0.09%
01/10/2018,69.2,69.12,69.37,68.75,290.54,0.55%
01/09/2018,68.82,68,69.29,67.7,319.92,1.53%
01/08/2018,67.78,67.8,67.99,67.44,210.35,0.24%
01/05/2018,67.62,67.97,68.11,67.26,183.45,-0.66%
01/04/2018,68.07,67.89,68.27,67.62,246.15,0.34%
01/03/2018,67.84,66.54,68.03,66.4,260.86,1.91%
01/02/2018,66.57,66.55,67.29,66.24,211.74,-0.45%
12/29/2017,66.87,66.15,66.98,66.15,157.95,0.22%
12/28/2017,66.72,66.43,66.85,66.23,35.09,0.42%
12/27/2017,66.44,66.76,66.94,66.03,122.43,-0.87%
12/26/2017,67.02,65.2,67.1,65,74.25,2.71%
12/22/2017,65.25,64.63,65.28,64.38,110.42,0.54%
12/21/2017,64.9,64.49,64.93,64.2,155.42,0.53%
12/20/2017,64.56,63.83,64.6,63.67,222.73,1.19%
12/19/2017,63.8,63.41,63.91,63.3,213.19,0.62%
12/18/2017,63.41,63.36,63.91,63,234.62,0.28%
12/15/2017,63.23,63.39,63.68,63.08,213,-0.13%
12/14/2017,63.31,62.81,63.5,62.01,277.67,1.39%
12/13/2017,62.44,63.8,64.32,62.36,354.37,-1.42%
12/12/2017,63.34,64.66,65.83,63.07,508.99,-2.09%
12/11/2017,64.69,63.29,64.93,62.99,488.01,2.03%
12/08/2017,63.4,62.08,63.64,62.01,362.43,1.93%
12/07/2017,62.2,61.3,62.26,61.15,238.96,1.60%
12/06/2017,61.22,62.64,62.93,61.13,314.26,-2.61%
12/05/2017,62.86,62.45,63.15,62.12,219.34,0.66%
12/04/2017,62.45,63.5,63.68,62.31,250.52,-2.01%
12/01/2017,63.73,62.74,64.32,62.59,308.15,0.25%
11/30/2017,63.57,63.28,64.21,63.21,26.21,0.73%
11/29/2017,63.11,63.3,64.07,62.5,178.2,-0.79%
11/28/2017,63.61,63.78,63.89,63.1,186.93,-0.36%
11/27/2017,63.84,63.8,63.99,63.1,249.09,-0.03%
11/24/2017,63.86,63.35,63.95,63.28,152.7,0.49%
11/23/2017,63.55,63.24,63.57,62.88,113.08,0.36%
11/22/2017,63.32,62.78,63.43,62.62,322.87,1.20%
11/21/2017,62.57,62.1,62.87,62.07,338.16,0.56%
11/20/2017,62.22,62.8,62.8,61.44,283.48,-0.80%
11/17/2017,62.72,61.41,62.92,61.08,356.74,2.22%
11/16/2017,61.36,61.88,62.15,61.25,314.06,-0.82%
11/15/2017,61.87,61.55,62.13,61.3,279.41,-0.55%
11/14/2017,62.21,63.06,63.17,61.21,418.94,-1.50%
11/13/2017,63.16,63.68,63.77,62.61,335.15,-0.57%
11/10/2017,63.52,63.8,64.27,63.35,307.97,-0.64%
11/09/2017,63.93,63.52,64.25,63.26,319.86,0.69%
11/08/2017,63.49,63.69,64.64,62.95,418.07,-0.31%
11/07/2017,63.69,64.12,64.65,63.5,389.46,-0.90%
11/06/2017,64.27,62.27,64.44,62.08,356.99,3.54%
11/03/2017,62.07,60.88,62.23,60.6,272.74,2.39%
11/02/2017,60.62,60.5,60.86,60.02,289.3,0.21%
11/01/2017,60.49,61.07,61.7,60,337.76,-1.43%
10/31/2017,61.37,60.86,61.41,60.53,29.12,0.77%
10/30/2017,60.9,60.66,61,60.14,168.54,0.76%
10/27/2017,60.44,59.37,60.65,58.82,209.89,1.92%
10/26/2017,59.3,58.42,59.55,58.05,232.28,1.47%
10/25/2017,58.44,58.44,58.74,57.85,260.55,0.19%
10/24/2017,58.33,57.41,58.57,57.04,334.68,1.67%
10/23/2017,57.37,57.95,58.05,57.27,353.07,-0.66%
10/20/2017,57.75,57.32,57.94,56.6,369.89,0.91%
10/19/2017,57.23,58.24,58.3,57.02,430.67,-1.58%
10/18/2017,58.15,58.16,58.54,57.74,329.33,0.47%
10/17/2017,57.88,57.78,58.35,57.18,405.22,0.10%
10/16/2017,57.82,57.28,58.47,57.12,341.78,1.14%
10/13/2017,57.17,56.44,57.57,56.34,332.6,1.64%
10/12/2017,56.25,56.74,56.83,55.88,339.53,-1.21%
10/11/2017,56.94,56.56,57.09,56.51,85.99,0.58%
10/10/2017,56.61,55.78,56.91,55.73,290.34,1.47%
10/09/2017,55.79,55.5,55.98,55.06,301.15,0.31%
10/06/2017,55.62,56.99,57.28,55.13,395.65,-1.92%
10/05/2017,56.71,55.55,56.94,55.49,194.96,2.00%
10/04/2017,55.6,55.4,55.97,55.19,143.95,-0.32%
10/03/2017,55.78,55.81,56.13,55.45,123.99,-0.20%
10/02/2017,55.89,56.54,56.55,55.31,133.1,-1.58%
09/29/2017,56.79,57.29,57.43,56.44,343.51,-0.65%
09/28/2017,57.16,57.39,58.28,56.56,446.37,-0.71%
09/27/2017,57.57,58.11,58.34,57.25,405.23,-0.60%
09/26/2017,57.92,58.55,58.88,57.22,452.77,-0.87%
09/25/2017,58.43,56.46,58.66,56.23,373.29,3.56%
09/22/2017,56.42,56.16,56.47,55.89,289.05,0.59%
09/21/2017,56.09,55.93,56.18,55.46,324.27,0.29%
09/20/2017,55.93,55.09,56.11,55.02,319.99,1.88%
09/19/2017,54.9,55.2,55.63,54.67,247.22,-0.63%
09/18/2017,55.25,55.41,55.74,54.63,286.39,-0.31%
09/15/2017,55.42,55.11,55.57,54.61,279.43,0.36%
09/14/2017,55.22,54.81,55.66,54.63,340.29,0.60%
09/13/2017,54.89,53.99,54.92,53.82,292.2,1.59%
09/12/2017,54.03,53.77,54.2,53.28,256.35,0.63%
09/11/2017,53.69,53.64,53.93,52.87,218.53,0.21%
09/08/2017,53.58,54.38,54.64,53.34,280.01,-1.38%
09/07/2017,54.33,54.08,54.48,53.75,259.8,0.48%
09/06/2017,54.07,53.19,54.19,53.06,278.9,1.33%
09/05/2017,53.36,52.26,53.62,52.13,210.93,1.89%
09/04/2017,52.37,52.58,52.85,52.01,87.65,-0.80%
09/01/2017,52.79,52.78,52.94,52.24,188.99,-0.13%
08/31/2017,52.86,50.53,52.9,50.49,462.17,4.20%
08/30/2017,50.73,51.65,51.69,50.52,437.32,-1.80%
08/29/2017,51.66,51.54,51.79,50.98,299.42,0.47%
08/28/2017,51.42,52,52.44,51.07,207.89,-1.08%
08/25/2017,51.98,51.91,52.27,51.52,237.6,0.62%
08/24/2017,51.66,52.21,52.39,51.26,252.43,-1.11%
08/23/2017,52.24,51.4,52.29,51.22,237.02,1.28%
08/22/2017,51.58,51.37,51.93,51.08,221.02,0.59%
08/21/2017,51.28,52.63,52.67,50.96,172.77,-2.16%
08/18/2017,52.41,50.61,52.64,50.54,186.53,3.27%
08/17/2017,50.75,50.22,50.84,49.81,231.59,1.30%
08/16/2017,50.1,50.79,51.22,49.99,204.43,-1.05%
08/15/2017,50.63,50.61,50.98,49.98,212.32,0.00%
08/14/2017,50.63,51.86,52.23,50.49,153.85,-2.52%
08/11/2017,51.94,51.82,52.12,51.14,130.26,0.31%
08/10/2017,51.78,52.71,53.47,51.53,285.83,-1.65%
08/09/2017,52.65,52.04,52.78,51.87,162.65,0.88%
08/08/2017,52.19,52.3,52.76,51.87,98.38,-0.44%
08/07/2017,52.42,52.46,52.55,51.43,141.05,-0.08%
08/04/2017,52.46,51.99,52.55,51.48,153.59,0.85%
08/03/2017,52.02,52.31,52.87,51.78,273.92,-0.80%
08/02/2017,52.44,51.57,52.49,51.36,249.25,0.96%
08/01/2017,51.94,52.86,53.08,51.08,223.97,-1.48%
07/31/2017,52.72,52.3,52.9,51.78,376.75,0.96%
07/28/2017,52.22,51.58,52.35,51.33,410.85,1.36%
07/27/2017,51.52,51,51.67,50.58,308.65,0.82%
07/26/2017,51.1,50.74,51.2,50.23,295.74,1.47%
07/25/2017,50.36,48.84,51.06,48.84,252.86,3.15%
07/24/2017,48.82,48.24,49,47.94,229.07,1.06%
07/21/2017,48.31,49.53,49.85,48.05,229.67,-2.44%
07/20/2017,49.52,49.92,50.38,49.41,198.41,-0.82%
07/19/2017,49.93,48.89,50.03,48.82,178.46,1.73%
07/18/2017,49.08,48.68,49.64,48.49,150.83,0.82%
07/17/2017,48.68,49.29,49.5,48.56,149.98,-1.00%
07/14/2017,49.17,48.63,49.35,48.41,177.04,1.01%
07/13/2017,48.68,47.88,48.79,47.47,143.03,1.35%
07/12/2017,48.03,48.44,49.06,47.65,152.24,0.46%
07/11/2017,47.81,47.22,48.5,46.6,133.02,1.36%
07/10/2017,47.17,47.19,47.65,46.39,129.98,0.40%
07/07/2017,46.98,48.05,48.05,46.55,101.63,-2.91%
07/06/2017,48.39,48.62,49.43,48.04,120.25,0.67%
07/05/2017,48.07,50.02,50.11,47.29,144.77,-3.67%
07/04/2017,49.9,49.95,50.19,49.58,66.73,-0.18%
07/03/2017,49.99,49.41,50.01,48.81,95.3,2.50%
06/30/2017,48.77,47.6,49,47.6,308.19,2.39%
06/29/2017,47.63,47.61,48.27,47.34,401.76,0.19%
06/28/2017,47.54,46.54,47.7,46.54,338.4,1.32%
06/27/2017,46.92,46.1,47.3,46,311.31,1.91%
06/26/2017,46.04,45.82,46.42,45.26,211.49,0.63%
06/23/2017,45.75,45.48,45.97,45.24,242.6,0.75%
06/22/2017,45.41,45.06,45.98,44.78,314.72,0.80%
06/21/2017,45.05,46.14,46.86,44.6,290.27,-2.59%
06/20/2017,46.25,47.19,47.44,45.68,248.47,-1.87%
06/19/2017,47.13,47.5,48,47,197.66,-0.51%
06/16/2017,47.37,46.82,47.61,46.81,227.42,0.96%
06/15/2017,46.92,46.8,47.2,46.7,301.4,-0.17%
06/14/2017,47,48.18,48.69,46.74,464.42,-3.53%
06/13/2017,48.72,48.32,48.82,47.87,321.28,0.89%
06/12/2017,48.29,48.06,49.15,48.01,316.56,0.29%
06/09/2017,48.15,47.79,48.56,47.4,285.82,0.61%
06/08/2017,47.86,48.26,48.6,47.56,445.97,-0.42%
06/07/2017,48.06,49.97,50.14,47.96,461.75,-4.11%
06/06/2017,50.12,49.57,50.3,49,329.71,1.31%
06/05/2017,49.47,49.87,50.74,49.04,348.41,-0.96%
06/02/2017,49.95,50.23,50.52,48.95,451.46,-1.34%
06/01/2017,50.63,51.17,51.45,50.23,462.92,0.64%
05/31/2017,50.31,51.92,51.92,49.81,41.68,-2.95%
05/30/2017,51.84,52.25,52.35,51.19,137.21,-0.86%
05/29/2017,52.29,52.24,52.61,51.86,36.59,0.27%
05/26/2017,52.15,51.38,52.3,50.71,265.83,1.34%
05/25/2017,51.46,54.15,54.67,51.03,464.5,-4.63%
05/24/2017,53.96,54.14,54.62,53.66,351.64,-0.35%
05/23/2017,54.15,53.87,54.43,53.2,328.33,0.52%
05/22/2017,53.87,53.85,54.37,53.66,379.12,0.48%
05/19/2017,53.61,52.57,53.82,52.55,333.27,2.09%
05/18/2017,52.51,52.19,52.74,51.11,363.69,0.57%
05/17/2017,52.21,51.2,52.61,51.04,331.36,1.08%
05/16/2017,51.65,51.88,52.36,51.1,340.96,-0.33%
05/15/2017,51.82,50.89,52.63,50.74,331.42,1.93%
05/12/2017,50.84,50.76,51.09,50.33,304.76,0.14%
05/11/2017,50.77,50.28,51.16,50.25,315.59,1.10%
05/10/2017,50.22,48.95,50.63,48.81,368.11,3.06%
05/09/2017,48.73,49.44,49.72,48.39,332.91,-1.24%
05/08/2017,49.34,49.27,49.92,48.48,400.72,0.49%
05/05/2017,49.1,48.45,49.63,46.64,530.44,1.49%
05/04/2017,48.38,50.59,50.73,48.16,541.58,-4.75%
05/03/2017,50.79,50.99,51.14,50.2,357.19,0.65%
05/02/2017,50.46,51.39,52.16,50.14,364.06,-2.06%
05/01/2017,51.52,51.88,51.97,51.22,121.53,-0.41%
04/28/2017,51.73,51.58,52.12,51.31,23.2,0.56%
04/27/2017,51.44,51.57,51.76,50.45,187.13,-0.73%
04/26/2017,51.82,51.81,52.46,51.38,206.56,-0.54%
04/25/2017,52.1,51.6,52.39,51.3,272.76,0.97%
04/24/2017,51.6,52.11,52.57,51.42,267.28,-0.69%
04/21/2017,51.96,53,53.29,51.57,348.48,-1.94%
04/20/2017,52.99,53.09,53.55,52.68,401.85,0.11%
04/19/2017,52.93,54.78,55.2,52.58,435.41,-3.57%
04/18/2017,54.89,55.39,55.48,54.61,373.1,-0.85%
04/17/2017,55.36,55.55,55.98,55.29,158.97,-0.95%
04/13/2017,55.89,55.66,56.06,55.56,325.31,0.05%
04/12/2017,55.86,56.28,56.65,55.5,373.53,-0.66%
04/11/2017,56.23,56.08,56.3,55.45,340.42,0.45%
04/10/2017,55.98,55.19,56.05,55.19,298.9,1.34%
04/07/2017,55.24,54.88,56.08,54.57,317.78,0.64%
04/06/2017,54.89,54.13,55,54.02,239.47,0.97%
04/05/2017,54.36,54.22,55.09,53.97,353.02,0.35%
04/04/2017,54.17,53.18,54.38,52.73,302.11,1.98%
04/03/2017,53.12,53.62,53.74,53.03,241.75,0.55%
03/31/2017,52.83,52.83,53.45,52.35,27.46,-0.25%
03/30/2017,52.96,52.39,53.1,52.03,128.55,1.03%
03/29/2017,52.42,51.43,52.48,51.36,140.44,2.12%
03/28/2017,51.33,50.77,51.87,50.77,186.41,1.14%
03/27/2017,50.75,51.03,51.1,50.03,195.52,-0.10%
03/24/2017,50.8,50.64,51.06,50.4,215.34,0.47%
03/23/2017,50.56,50.83,51.1,50.25,320.21,-0.16%
03/22/2017,50.64,50.86,50.98,49.71,327.91,-0.63%
03/21/2017,50.96,51.7,52.22,50.73,291.71,-1.28%
03/20/2017,51.62,51.8,51.94,51.01,239.25,-0.27%
03/17/2017,51.76,51.74,52.18,51.53,220.35,0.04%
03/16/2017,51.74,52.08,52.65,51.5,281.53,-0.14%
03/15/2017,51.81,51.5,52.15,51.36,327.9,1.75%
03/14/2017,50.92,51.34,51.86,50.25,411.63,-0.84%
03/13/2017,51.35,51.49,51.7,50.85,276.76,-0.04%
03/10/2017,51.37,52.33,53.02,51.14,351.34,-1.57%
03/09/2017,52.19,53.49,53.86,51.5,504.12,-1.73%
03/08/2017,53.11,55.63,55.77,52.93,444.13,-5.03%
03/07/2017,55.92,55.95,56.65,55.56,269.52,-0.16%
03/06/2017,56.01,55.8,56.25,55.32,224.2,0.20%
03/03/2017,55.9,55.18,55.95,55.09,248.71,1.49%
03/02/2017,55.08,56.31,56.44,55.03,350.12,-2.27%
03/01/2017,56.36,56.45,57.05,56.24,261.74,1.39%
02/28/2017,55.59,56.02,56.15,55.23,28.35,-0.61%
02/27/2017,55.93,55.96,56.77,55.86,139.29,-0.11%
02/24/2017,55.99,56.4,56.66,55.74,164.96,-1.04%
02/23/2017,56.58,56.2,57.26,56.18,223.59,1.33%
02/22/2017,55.84,56.74,57.01,55.64,245.16,-1.45%
02/21/2017,56.66,56.17,57.31,56.1,335.44,0.85%
02/20/2017,56.18,55.9,56.42,55.7,209.63,0.66%
02/17/2017,55.81,55.73,55.88,55.1,270.49,0.29%
02/16/2017,55.65,55.74,56.24,55.13,310.84,-0.18%
02/15/2017,55.75,55.82,56.25,55.56,272.52,-0.39%
02/14/2017,55.97,55.75,56.46,55.53,254.98,0.68%
02/13/2017,55.59,56.68,56.81,55.41,234.31,-1.96%
02/10/2017,56.7,55.66,56.88,55.59,284.71,1.92%
02/09/2017,55.63,55.3,55.92,55.23,263.4,0.93%
02/08/2017,55.12,54.5,55.68,54.44,409.83,0.13%
02/07/2017,55.05,55.91,55.98,54.58,317.18,-1.20%
02/06/2017,55.72,56.85,57.13,55.65,252.7,-1.92%
02/03/2017,56.81,56.92,57.3,56.39,264.76,0.44%
02/02/2017,56.56,56.53,57.45,56.33,297.35,-0.42%
02/01/2017,56.8,55.55,56.83,55.36,301.24,1.97%
01/31/2017,55.7,55.25,56,54.9,28.8,0.85%
01/30/2017,55.23,55.47,55.7,54.97,104.9,-0.52%
01/27/2017,55.52,56.09,56.5,54.86,142.07,-1.28%
01/26/2017,56.24,55.39,56.55,55.21,265.72,2.11%
01/25/2017,55.08,55.24,55.65,54.75,275.73,-0.65%
01/24/2017,55.44,55.42,55.87,55.07,254.89,0.38%
01/23/2017,55.23,55.7,55.75,54.65,305.85,-0.47%
01/20/2017,55.49,54.33,55.8,54.18,293.54,2.46%
01/19/2017,54.16,54.29,54.77,53.9,346.87,0.45%
01/18/2017,53.92,55.48,55.9,53.77,360.15,-2.79%
01/17/2017,55.47,55.74,56.95,55.4,335.73,-0.70%
01/16/2017,55.86,55.64,55.92,55.19,112.58,0.74%
01/13/2017,55.45,56,56.21,55.28,247.09,-1.00%
01/12/2017,56.01,55.19,56.43,55.01,331.63,1.65%
01/11/2017,55.1,53.8,55.67,53.7,419.9,2.72%
01/10/2017,53.64,54.95,55.36,53.58,332.98,-2.37%
01/09/2017,54.94,56.81,57,54.74,266.39,-3.78%
01/06/2017,57.1,56.88,57.47,56.28,234.87,0.37%
01/05/2017,56.89,56.35,57.35,56.01,269.61,0.76%
01/04/2017,56.46,55.73,56.55,55.33,282.55,1.78%
01/03/2017,55.47,57.05,58.37,55.3,340.82,-2.38%
01/02/2017,56.82,56.82,56.82,56.82,,0.00%
12/30/2016,56.82,57,57.2,56.46,129.1,1.21%
12/29/2016,56.14,56.01,56.63,55.91,49.08,-0.14%
12/28/2016,56.22,56.06,56.56,55.89,109.91,0.23%
12/27/2016,56.09,55.18,57.15,55.04,67.84,1.69%
12/23/2016,55.16,54.84,55.25,54.26,104.09,0.20%
12/22/2016,55.05,54.55,55.23,54.05,194.66,1.08%
12/21/2016,54.46,55.52,55.87,54.32,277.73,-1.61%
12/20/2016,55.35,55.02,55.92,54.75,257.02,0.78%
12/19/2016,54.92,55.4,55.8,54.69,228.39,-0.53%
12/16/2016,55.21,54.11,55.38,53.71,229.19,2.20%
12/15/2016,54.02,53.76,54.5,53.15,266.15,0.22%
12/14/2016,53.9,55.16,55.81,53.52,353.97,-3.27%
12/13/2016,55.72,55.7,56.44,55.13,283.43,0.05%
12/12/2016,55.69,55.88,57.89,55.11,372.17,2.50%
12/09/2016,54.33,53.97,54.46,53.77,264.8,0.82%
12/08/2016,53.89,53.15,54.05,52.81,334.18,1.68%
12/07/2016,53,53.94,54.23,52.92,298.57,-1.72%
12/06/2016,53.93,54.5,54.94,53.51,280.65,-1.84%
12/05/2016,54.94,54.4,55.33,53.77,288.55,0.88%
12/02/2016,54.46,53.88,54.5,52.84,312.78,0.96%
12/01/2016,53.94,51.72,54.53,51.51,460.86,6.88%
11/30/2016,50.47,46.54,50.49,46.51,43.12,8.82%
11/29/2016,46.38,48.07,48.1,45.92,133.11,-3.86%
11/28/2016,48.24,46.71,48.81,46.28,207.96,2.12%
11/25/2016,47.24,48.96,49.02,46.85,181.17,-3.59%
11/24/2016,49,49.03,49.21,48.76,71.19,0.10%
11/23/2016,48.95,49.2,49.5,48.56,275.29,-0.35%
11/22/2016,49.12,49.25,49.96,48.14,436.93,0.45%
11/21/2016,48.9,46.92,49.15,46.92,282.7,4.35%
11/18/2016,46.86,46.05,46.99,45.75,249.34,0.80%
11/17/2016,46.49,46.44,47.62,45.97,280.94,-0.30%
11/16/2016,46.63,46.88,47.56,46.25,335.48,-0.68%
11/15/2016,46.95,44.7,47.25,44.67,354.27,5.67%
11/14/2016,44.43,44.54,44.99,43.57,260.15,-0.72%
11/11/2016,44.75,45.8,45.89,44.19,286.71,-2.38%
11/10/2016,45.84,46.36,46.92,45.56,302.45,-1.12%
11/09/2016,46.36,46.04,46.95,44.4,448.12,0.70%
11/08/2016,46.04,46.3,46.69,45.6,320.98,-0.24%
11/07/2016,46.15,45.7,46.38,45.38,276.17,1.25%
11/04/2016,45.58,46.43,46.56,45.08,384.56,-1.66%
11/03/2016,46.35,47.15,47.52,45.99,283.66,-1.09%
11/02/2016,46.86,47.9,48.02,46.46,366.82,-2.66%
11/01/2016,48.14,48.72,49.26,47.72,462.8,-0.33%
10/31/2016,48.3,49.41,49.72,47.98,32.21,-2.84%
10/28/2016,49.71,50.41,50.58,49.31,94.84,-1.51%
10/27/2016,50.47,50.05,50.9,49.83,138.09,0.98%
10/26/2016,49.98,50.26,50.69,49.65,304.52,-1.59%
10/25/2016,50.79,51.44,51.83,50.22,237.73,-1.30%
10/24/2016,51.46,51.89,52.01,50.5,277.24,-0.62%
10/21/2016,51.78,51.4,51.94,51.12,249.16,0.78%
10/20/2016,51.38,52.6,52.72,51.17,279.31,-2.45%
10/19/2016,52.67,52.13,53.14,52.09,292.95,1.92%
10/18/2016,51.68,51.72,52.15,51.25,274.17,0.31%
10/17/2016,51.52,51.93,52.29,51.16,247.03,-0.83%
10/14/2016,51.95,52.06,52.55,51.5,248.44,-0.15%
10/13/2016,52.03,51.6,52.15,50.92,310.65,0.42%
10/12/2016,51.81,52.48,52.87,51.61,254.73,-1.14%
10/11/2016,52.41,53.11,53.32,52.12,373.85,-1.37%
10/10/2016,53.14,51.63,53.73,51.3,334.27,2.33%
10/07/2016,51.93,52.72,52.84,51.33,310.02,-1.10%
10/06/2016,52.51,51.76,52.75,51.32,293.87,1.25%
10/05/2016,51.86,51.22,52.09,51.22,302.09,1.95%
10/04/2016,50.87,50.93,51.55,50.34,269.27,-0.04%
10/03/2016,50.89,50.02,51.14,49.74,284.26,3.73%
09/30/2016,49.06,49.18,49.25,48.21,26.94,-0.37%
09/29/2016,49.24,48.87,49.81,47.99,114.83,1.13%
09/28/2016,48.69,46.14,48.96,45.7,188.67,5.92%
09/27/2016,45.97,47.06,47.28,45.63,241.18,-2.91%
09/26/2016,47.35,46.05,47.66,45.74,208.15,3.18%
09/23/2016,45.89,47.42,48.26,45.65,306.86,-3.69%
09/22/2016,47.65,46.99,47.83,46.99,290.33,1.75%
09/21/2016,46.83,46.45,47.14,46.38,249.08,2.07%
09/20/2016,45.88,45.91,46.3,45.09,298.8,-0.15%
09/19/2016,45.95,46.01,46.93,45.85,209.91,0.39%
09/16/2016,45.77,46.31,46.41,45.48,226.32,-1.76%
09/15/2016,46.59,46.06,47,45.67,320.72,1.61%
09/14/2016,45.85,47.33,47.48,45.7,332.96,-2.65%
09/13/2016,47.1,48.17,48.22,46.96,280.02,-2.52%
09/12/2016,48.32,47.81,48.63,46.9,258.76,0.65%
09/09/2016,48.01,49.63,49.7,47.76,262.15,-3.96%
09/08/2016,49.99,48.55,50.14,48.21,327.24,4.19%
09/07/2016,47.98,47.2,48.56,46.97,224.23,1.52%
09/06/2016,47.26,47.43,47.99,46.29,215.06,-0.78%
09/05/2016,47.63,46.7,49.4,46.4,287.95,1.71%
09/02/2016,46.83,45.79,47.02,45.41,279.34,3.04%
09/01/2016,45.45,46.98,47.24,45.32,290.04,-3.38%
08/31/2016,47.04,48.29,48.42,46.96,20.61,-2.75%
08/30/2016,48.37,49.25,49.76,48.23,124.52,-1.81%
08/29/2016,49.26,49.54,49.6,48.97,65.67,-1.32%
08/26/2016,49.92,49.66,50.76,49.12,209.62,0.50%
08/25/2016,49.67,49.03,49.78,48.7,217.13,1.26%
08/24/2016,49.05,49.57,49.87,48.68,280.92,-1.82%
08/23/2016,49.96,49.04,50.21,48.48,314.18,1.63%
08/22/2016,49.16,50.7,50.7,49.07,270.37,-3.38%
08/19/2016,50.88,50.96,51.22,50.32,252.34,-0.02%
08/18/2016,50.89,49.76,51.05,49.52,268.83,2.09%
08/17/2016,49.85,48.88,49.93,48.55,377.4,1.26%
08/16/2016,49.23,48.22,49.36,47.9,331.86,1.82%
08/15/2016,48.35,47.14,48.54,46.84,234.4,2.94%
08/12/2016,46.97,46.18,47.25,45.74,258,2.02%
08/11/2016,46.04,43.78,46.3,43.46,335.53,4.52%
08/10/2016,44.05,44.92,45.68,43.81,284.86,-2.07%
08/09/2016,44.98,45.25,45.77,44.76,216.22,-0.90%
08/08/2016,45.39,44.34,45.71,44.24,221.51,2.53%
08/05/2016,44.27,44.18,44.49,43.51,236.87,-0.05%
08/04/2016,44.29,43.36,44.34,42.51,276.42,2.76%
08/03/2016,43.1,41.94,43.47,41.56,320.44,3.11%
08/02/2016,41.8,42.23,43.18,41.51,262.56,-0.81%
08/01/2016,42.14,43.11,43.85,41.87,234.77,-0.75%
07/29/2016,42.46,42.61,42.83,41.8,21.54,-0.56%
07/28/2016,42.7,43.53,43.72,42.56,110.09,-1.77%
07/27/2016,43.47,44.55,44.91,43.27,194.57,-3.12%
07/26/2016,44.87,44.82,44.96,44.14,240.33,0.34%
07/25/2016,44.72,45.7,45.87,44.55,188.81,-2.12%
07/22/2016,45.69,46.21,46.5,45.17,243.49,-1.10%
07/21/2016,46.2,47.17,47.56,46.05,237.48,-2.06%
07/20/2016,47.17,46.76,47.49,45.9,296.3,1.09%
07/19/2016,46.66,46.93,47.49,46.53,214.36,-0.64%
07/18/2016,46.96,47.92,47.95,46.5,230.5,-1.37%
07/15/2016,47.61,47.03,48.25,46.65,260.43,0.51%
07/14/2016,47.37,46.59,47.47,46.34,289.4,2.40%
07/13/2016,46.26,48.13,48.2,46.09,299.8,-4.56%
07/12/2016,48.47,46.17,48.57,46.09,321.53,4.80%
07/11/2016,46.25,46.49,47.1,45.9,229.28,-1.09%
07/08/2016,46.76,46.6,47.23,46.15,237.28,0.78%
07/07/2016,46.4,49.12,49.59,46.15,328.1,-4.92%
07/06/2016,48.8,48.06,49.31,47.17,279.12,1.75%
07/05/2016,47.96,50.03,50.05,47.54,305.74,-4.27%
07/04/2016,50.1,50.6,50.75,50.03,113.45,-0.50%
07/01/2016,50.35,49.9,50.66,49.25,248.69,1.35%
06/30/2016,49.68,50.21,50.28,49.47,25.41,-1.84%
06/29/2016,50.61,48.84,50.74,48.62,112.96,4.18%
06/28/2016,48.58,47.61,48.79,47.47,173.18,3.01%
06/27/2016,47.16,48.43,48.9,46.69,243.26,-2.58%
06/24/2016,48.41,50.69,50.74,47.54,351.74,-4.91%
06/23/2016,50.91,50.14,51.18,49.89,246.95,2.06%
06/22/2016,49.88,51.06,51.24,49.18,282.72,-1.46%
06/21/2016,50.62,50.43,51.1,49.46,256.95,-0.06%
06/20/2016,50.65,49.42,50.68,49.24,244.41,3.01%
06/17/2016,49.17,47.28,49.4,47.25,222.73,4.20%
06/16/2016,47.19,48.56,48.77,46.94,287.3,-3.63%
06/15/2016,48.97,49.22,49.8,48.39,298.84,-1.73%
06/14/2016,49.83,49.89,50.05,49.2,224.01,-1.03%
06/13/2016,50.35,50.42,50.79,49.61,208.81,-0.38%
06/10/2016,50.54,51.91,52.1,50.33,210.06,-2.71%
06/09/2016,51.95,52.74,52.86,51.53,213.12,-1.07%
06/08/2016,52.51,51.41,52.8,51.32,260.75,2.08%
06/07/2016,51.44,50.46,51.54,50.28,208.82,1.76%
06/06/2016,50.55,49.83,50.83,49.72,223.76,1.83%
06/03/2016,49.64,49.95,50.33,49.3,227.82,-0.80%
06/02/2016,50.04,49.63,50.3,48.84,270.12,0.64%
06/01/2016,49.72,49.65,50,48.65,266,0.06%
05/31/2016,49.69,49.7,50.05,49.23,28.69,-0.14%
05/30/2016,49.76,49.43,49.83,48.92,23.09,0.89%
05/27/2016,49.32,49.42,49.55,48.69,130.18,-0.54%
05/26/2016,49.59,49.76,50.51,49.25,221.26,-0.30%
05/25/2016,49.74,49.16,49.96,48.91,237.79,2.32%
05/24/2016,48.61,48.35,49.24,47.8,211.58,0.54%
05/23/2016,48.35,48.72,48.84,47.58,225.09,-0.76%
05/20/2016,48.72,48.9,49.39,48.07,255.58,-0.18%
05/19/2016,48.81,48.67,48.88,47.38,302.1,-0.25%
05/18/2016,48.93,49.36,49.85,48.45,319.81,-0.71%
05/17/2016,49.28,49.03,49.75,48.57,262.32,0.63%
05/16/2016,48.97,47.8,49.47,47.77,294.38,2.38%
05/13/2016,47.83,47.85,48.12,47.26,239.05,-0.52%
05/12/2016,48.08,47.32,48.19,46.8,353.85,1.01%
05/11/2016,47.6,45.59,47.75,44.8,381.74,4.57%
05/10/2016,45.52,43.49,45.7,43.33,343.21,4.33%
05/09/2016,43.63,45.75,46.48,43.43,364.58,-3.84%
05/06/2016,45.37,45.16,46.12,44.19,283.65,0.80%
05/05/2016,45.01,45.08,46.77,44.65,280.79,0.87%
05/04/2016,44.62,45.21,46.01,44.19,293.82,-0.78%
05/03/2016,44.97,45.8,46.4,44.62,276.4,-1.88%
05/02/2016,45.83,47.37,47.4,45.72,168.09,-4.78%
04/29/2016,48.13,47.9,48.5,47.41,29.52,-0.02%
04/28/2016,48.14,47.1,48.19,46.74,113.08,2.03%
04/27/2016,47.18,46.26,47.45,45.63,150.79,3.15%
04/26/2016,45.74,44.69,46.49,44.36,199.24,2.83%
04/25/2016,44.48,45.13,45.59,44.26,211.68,-1.40%
04/22/2016,45.11,44.75,45.9,44.3,272.85,1.30%
04/21/2016,44.53,45.54,46.18,44.44,312.6,-2.77%
04/20/2016,45.8,43.52,45.88,42.81,297.26,4.02%
04/19/2016,44.03,43.14,44.5,42.6,355.95,2.61%
04/18/2016,42.91,41.8,43.43,40.1,383.37,-0.44%
04/15/2016,43.1,43.8,44.05,42.28,285.17,-1.69%
04/14/2016,43.84,44.01,44.62,43.29,234.37,-0.77%
04/13/2016,44.18,44.44,44.94,43.76,348.59,-1.14%
04/12/2016,44.69,42.7,44.81,42.56,357.35,4.34%
04/11/2016,42.83,42,43.06,41.41,279.92,2.12%
04/08/2016,41.94,39.68,42.01,39.62,340.22,6.37%
04/07/2016,39.43,39.9,40.29,38.7,308.72,-1.03%
04/06/2016,39.84,38.4,39.94,38.34,323.37,5.20%
04/05/2016,37.87,37.5,38.44,37.27,296.45,0.48%
04/04/2016,37.69,38.69,38.92,37.5,286.65,-2.53%
04/01/2016,38.67,40.14,40.43,38.55,286.17,-2.35%
03/31/2016,39.6,39.12,40,38.74,27.8,0.87%
03/30/2016,39.26,39.42,40.61,39.09,103.12,0.31%
03/29/2016,39.14,40.19,40.25,38.76,149.53,-2.81%
03/28/2016,40.27,40.58,41,39.64,78.63,-0.42%
03/24/2016,40.44,40.4,40.64,39.22,203.28,-0.07%
03/23/2016,40.47,41.56,41.82,40.42,240.91,-3.16%
03/22/2016,41.79,41.47,42.08,40.97,268.21,0.60%
03/21/2016,41.54,41.31,41.88,40.48,234.1,0.83%
03/18/2016,41.2,41.38,42.54,41.07,286.65,-0.82%
03/17/2016,41.54,40.45,41.6,40.41,249.23,3.00%
03/16/2016,40.33,39.14,40.44,38.83,263.87,4.10%
03/15/2016,38.74,39.67,39.74,38.32,224.36,-2.00%
03/14/2016,39.53,40.25,40.65,38.82,264.71,-2.13%
03/11/2016,40.39,40.33,41.03,40.02,276.65,0.85%
03/10/2016,40.05,40.89,41.01,39.63,287.78,-2.48%
03/09/2016,41.07,39.65,41.18,39.39,333.49,3.58%
03/08/2016,39.65,40.71,41.48,39.31,352.25,-2.91%
03/07/2016,40.84,38.88,41.04,38.87,341.91,5.48%
03/04/2016,38.72,37.04,38.95,36.82,295.79,4.45%
03/03/2016,37.07,37.05,37.37,36.35,256.49,0.38%
03/02/2016,36.93,36.62,37.4,36.1,278.17,0.33%
03/01/2016,36.81,36.6,37.25,35.95,276.26,2.34%
02/29/2016,35.97,35.1,36.23,34.83,30.24,2.48%
02/26/2016,35.1,35.1,37,34.73,126.42,-0.54%
02/25/2016,35.29,34.39,35.74,33.29,210.57,2.56%
02/24/2016,34.41,32.98,34.67,32.37,344,3.43%
02/23/2016,33.27,34.54,35.11,32.9,348.08,-4.09%
02/22/2016,34.69,33.25,34.97,32.85,233.33,5.09%
02/19/2016,33.01,33.88,34.46,32.68,287.09,-3.70%
02/18/2016,34.28,34.91,35.73,33.79,324.1,-0.64%
02/17/2016,34.5,32.54,34.99,31.82,355.92,7.21%
02/16/2016,32.18,34.51,35.55,31.92,398.49,-3.62%
02/15/2016,33.39,32.77,34.09,32.67,160.51,0.09%
02/12/2016,33.36,31.31,33.44,30.85,394.48,10.98%
02/11/2016,30.06,30.83,31.35,29.92,347.59,-2.53%
02/10/2016,30.84,30.95,31.9,30.35,332.99,1.72%
02/09/2016,30.32,33.17,33.56,30.28,305.77,-7.79%
02/08/2016,32.88,33.99,34.68,32.77,211.55,-3.46%
02/05/2016,34.06,34.39,35.14,33.81,296.57,-1.16%
02/04/2016,34.46,35.32,35.84,34.15,323.93,-1.66%
02/03/2016,35.04,32.41,35.53,32.3,396.58,7.09%
02/02/2016,32.72,34.18,34.18,32.23,346.89,-4.44%
02/01/2016,34.24,35.85,36.25,33.92,331.87,-1.44%
01/29/2016,34.74,34.08,35,33.59,29.66,2.51%
01/28/2016,33.89,32.84,35.84,32.56,195.14,2.39%
01/27/2016,33.1,31.2,33.49,30.83,257.11,4.09%
01/26/2016,31.8,30.01,32.72,29.27,335.09,4.26%
01/25/2016,30.5,32.1,32.81,30,310.14,-5.22%
01/22/2016,32.18,29.62,32.3,29.29,407.78,10.02%
01/21/2016,29.25,27.99,29.84,27.29,394.26,4.91%
01/20/2016,27.88,28.66,28.75,27.1,375.4,-3.06%
01/19/2016,28.76,28.7,30.24,28.6,419.48,0.74%
01/18/2016,28.55,28.73,29.58,27.67,211.26,-1.35%
01/15/2016,28.94,31,31.02,28.82,344.46,-6.74%
01/14/2016,31.03,30.26,31.23,29.73,16.39,2.38%
01/13/2016,30.31,30.82,31.92,29.96,91.96,-1.78%
01/12/2016,30.86,31.54,32.38,30.34,142.53,-2.19%
01/11/2016,31.55,33.34,33.38,31.17,202.06,-5.96%
01/08/2016,33.55,34.02,34.72,32.78,206.97,-0.59%
01/07/2016,33.75,34.52,34.74,32.16,291.51,-1.40%
01/06/2016,34.23,36.64,36.67,34.13,296.86,-6.01%
01/05/2016,36.42,37.27,37.57,36.24,275.47,-2.15%
01/04/2016,37.22,37.85,38.99,36.77,321.84,-0.16%
12/31/2015,37.28,36.57,37.95,36.1,149.6,2.25%
12/30/2015,36.46,37.29,37.55,36.35,173.51,-3.52%
12/29/2015,37.79,36.59,37.98,36.56,171.68,3.19%
12/28/2015,36.62,37.84,37.95,36.41,84.34,-3.35%
12/24/2015,37.89,37.77,38.1,36.91,111.02,1.42%
12/23/2015,37.36,36.37,37.88,36.28,196.98,3.46%
12/22/2015,36.11,36.36,36.72,35.98,166.3,-0.66%
12/21/2015,36.35,36.55,36.75,36.04,175.12,-1.44%
12/18/2015,36.88,36.81,37.73,36.41,218.04,-0.49%
12/17/2015,37.06,37.6,37.93,36.75,200.85,-0.35%
12/16/2015,37.19,38.09,38.45,37.11,18.23,-3.28%
12/15/2015,38.45,37.89,39.41,37.55,73.7,1.40%
12/14/2015,37.92,37.85,38.43,36.33,115.12,-0.03%
12/11/2015,37.93,39.55,39.74,37.36,167.31,-4.53%
12/10/2015,39.73,40.44,40.7,39.46,188.99,-0.95%
12/09/2015,40.11,40.63,41.59,39.57,284.65,-0.37%
12/08/2015,40.26,40.82,41.45,39.81,328.38,-1.15%
12/07/2015,40.73,43.26,43.26,40.6,272.44,-5.28%
12/04/2015,43,43.98,44.82,42.67,345.83,-1.92%
12/03/2015,43.84,42.77,44.69,42.61,271.48,3.18%
12/02/2015,42.49,44.32,44.64,42.43,324.06,-4.39%
12/01/2015,44.44,44.62,45.18,44.03,301.2,-0.38%
11/30/2015,44.61,44.86,45.75,44.44,235.94,-0.56%
11/27/2015,44.86,45.57,45.63,44.79,165.31,-1.32%
11/26/2015,45.46,46.23,46.32,45,97.32,-1.54%
11/25/2015,46.17,46.04,46.5,45.03,229.11,0.11%
11/24/2015,46.12,45.11,46.5,44.92,271.93,2.88%
11/23/2015,44.83,44.46,45.73,43.57,291,0.38%
11/20/2015,44.66,44.38,45.5,44.06,245.34,1.09%
11/19/2015,44.18,44.3,44.76,43.7,201.03,0.09%
11/18/2015,44.14,43.97,44.74,43.34,255.68,1.31%
11/17/2015,43.57,44.7,45.1,43.5,260.7,-2.22%
11/16/2015,44.56,44.7,45.18,43.15,310.12,2.18%
11/13/2015,43.61,44.08,44.85,43.57,28.63,-1.02%
11/12/2015,44.06,45.92,46.27,43.89,132.49,-3.82%
11/11/2015,45.81,47.08,47.73,45.62,193.34,-3.44%
11/10/2015,47.44,47.32,47.86,46.96,206.34,0.53%
11/09/2015,47.19,47.46,48.41,47.01,202.18,-0.49%
11/06/2015,47.42,48.05,48.58,47.27,245.49,-1.17%
11/05/2015,47.98,48.84,49,47.93,228,-1.24%
11/04/2015,48.58,50.25,50.87,48.49,328.14,-3.88%
11/03/2015,50.54,48.9,50.91,48.46,283.36,3.59%
11/02/2015,48.79,49.5,49.69,48.61,224.28,-1.55%
10/30/2015,49.56,48.66,50,48.28,238.59,1.56%
10/29/2015,48.8,49.15,49.38,48.17,213.93,-0.51%
10/28/2015,49.05,46.91,49.23,46.61,306.6,4.79%
10/27/2015,46.81,47.43,47.57,46.41,243.11,-1.54%
10/26/2015,47.54,48,48.33,47.3,193.98,-0.94%
10/23/2015,47.99,48.32,48.65,47.45,242.06,-0.19%
10/22/2015,48.08,47.96,48.73,47.65,201.59,0.48%
10/21/2015,47.85,48.58,48.65,47.5,244.64,-1.77%
10/20/2015,48.71,48.83,49.2,48.22,253.32,0.21%
10/19/2015,48.61,50.38,50.68,48.57,223.31,-3.67%
10/16/2015,50.46,50.21,50.7,49.31,225.96,3.59%
10/15/2015,48.71,49.01,49.38,48.21,16.79,-0.90%
10/14/2015,49.15,49.22,49.52,48.71,63.28,-0.18%
10/13/2015,49.24,50.27,50.7,48.88,108.37,-1.24%
10/12/2015,49.86,52.64,53.31,49.77,166.79,-5.30%
10/09/2015,52.65,53.35,54.05,52.21,174.34,-0.75%
10/08/2015,53.05,51.76,53.52,51.28,219.94,3.35%
10/07/2015,51.33,52.15,53.15,51.21,299.91,-1.14%
10/06/2015,51.92,49.35,52.26,48.86,303.58,5.42%
10/05/2015,49.25,48.08,49.87,47.84,215.45,2.33%
10/02/2015,48.13,47.99,48.5,46.93,201.59,0.92%
10/01/2015,47.69,48.4,49.84,47.62,239.32,-1.41%
09/30/2015,48.37,47.96,49,47.79,219.89,0.29%
09/29/2015,48.23,47.45,48.65,47.25,181.41,1.88%
09/28/2015,47.34,48.34,48.44,47.25,188.28,-2.59%
09/25/2015,48.6,48.17,49.1,47.86,189.4,0.89%
09/24/2015,48.17,47.88,48.47,47.4,198.04,0.88%
09/23/2015,47.75,49.08,50.25,47.68,232.26,-2.71%
09/22/2015,49.08,48.5,49.21,47.7,185.41,0.33%
09/21/2015,48.92,47.64,48.99,47.48,179.9,3.05%
09/18/2015,47.47,49.26,49.75,47.16,225.72,-3.28%
09/17/2015,49.08,49.98,50.14,48.32,228.86,-1.35%
09/16/2015,49.75,48.06,50.34,47.71,288.33,6.69%
09/15/2015,46.63,46.65,46.9,45.98,18.46,0.56%
09/14/2015,46.37,48.08,48.35,46.26,104.06,-3.68%
09/11/2015,48.14,48.64,48.98,47.16,143.41,-1.53%
09/10/2015,48.89,47.46,48.95,46.76,192.42,2.75%
09/09/2015,47.58,49.39,50.04,47.32,173.22,-3.92%
09/08/2015,49.52,47.76,49.85,47.64,253.29,3.97%
09/07/2015,47.63,49.27,49.44,47.5,94.8,-3.99%
09/04/2015,49.61,50.69,51.05,49.25,221.22,-2.11%
09/03/2015,50.68,50.58,52.46,49.82,270.54,0.36%
09/02/2015,50.5,48.62,51,47.74,324.84,1.90%
09/01/2015,49.56,52.92,53.47,48.47,373.64,-8.48%
08/31/2015,54.15,50.05,54.32,48.25,321.32,8.19%
08/28/2015,50.05,47.4,50.98,46.61,418.78,5.24%
08/27/2015,47.56,43.75,47.75,43.7,333.7,10.25%
08/26/2015,43.14,43.32,43.76,42.81,267.56,-0.16%
08/25/2015,43.21,42.79,44.5,42.68,292.1,1.22%
08/24/2015,42.69,45.35,45.46,42.23,305.73,-6.09%
08/21/2015,45.46,46.34,46.51,45.07,231.8,-2.49%
08/20/2015,46.62,47.03,47.38,46.03,221.54,-1.15%
08/19/2015,47.16,48.5,49.11,46.78,250.81,-3.38%
08/18/2015,48.81,48.55,49.04,48.25,191.53,0.14%
08/17/2015,48.74,48.76,49.44,48.35,195.61,-0.59%
08/14/2015,49.03,49.11,49.52,48.8,21.37,-0.39%
08/13/2015,49.22,49.82,50.39,48.85,115.92,-0.89%
08/12/2015,49.66,49.38,50.01,48.72,153.81,0.98%
08/11/2015,49.18,50.22,51.1,48.61,223.21,-2.44%
08/10/2015,50.41,48.43,50.49,48.24,208.26,3.70%
08/07/2015,48.61,49.62,50.06,48.42,245.82,-1.84%
08/06/2015,49.52,49.72,49.83,48.88,236.36,-0.14%
08/05/2015,49.59,50.14,50.99,49.02,280.76,-0.80%
08/04/2015,49.99,49.7,50.45,49.58,221.65,0.95%
08/03/2015,49.52,51.55,52.01,49.36,306.5,-5.15%
07/31/2015,52.21,53.43,53.47,51.63,212.82,-2.06%
07/30/2015,53.31,53.6,54.38,53.02,217.29,-0.13%
07/29/2015,53.38,52.99,54.33,52.51,290.43,0.15%
07/28/2015,53.3,53.08,54.08,52.28,290.6,-0.32%
07/27/2015,53.47,54.45,54.89,52.83,226.37,-2.11%
07/24/2015,54.62,55.39,55.6,54.3,195.04,-1.18%
07/23/2015,55.27,56.04,56.53,55.1,207.13,-1.53%
07/22/2015,56.13,56.88,56.9,55.92,221.46,-1.60%
07/21/2015,57.04,56.55,57.44,56.33,188.88,0.69%
07/20/2015,56.65,57.12,57.44,56.33,161.06,-0.79%
07/17/2015,57.1,56.93,57.35,56.4,157.13,-0.71%
07/16/2015,57.51,57.31,58.21,56.95,14.29,0.81%
07/15/2015,57.05,58.63,58.81,56.86,79.69,-2.50%
07/14/2015,58.51,57.71,58.82,56.43,143.12,1.14%
07/13/2015,57.85,58.35,58.83,56.84,176.81,-1.50%
07/10/2015,58.73,58.49,59.66,57.86,154.37,0.20%
07/09/2015,58.61,57.1,59.27,57.01,277.59,2.73%
07/08/2015,57.05,57.25,57.75,55.87,301.11,0.35%
07/07/2015,56.85,56.85,57.83,55.1,331.59,0.55%
07/06/2015,56.54,60,60,56.38,294.89,-6.27%
07/03/2015,60.32,61.73,62.06,60.12,107.25,-2.82%
07/02/2015,62.07,61.92,63.2,61.75,206,0.10%
07/01/2015,62.01,63.02,63.35,61.84,266.62,-2.48%
06/30/2015,63.59,61.77,63.83,61.71,256.88,2.55%
06/29/2015,62.01,62.85,62.96,61.35,266.55,-1.98%
06/26/2015,63.26,63.34,63.62,62.5,212.12,0.09%
06/25/2015,63.2,63.5,63.95,62.72,213.75,-0.46%
06/24/2015,63.49,64.66,65.05,63.01,256.39,-1.49%
06/23/2015,64.45,63.21,64.89,62.76,266.02,1.75%
06/22/2015,63.34,62.57,63.74,62.1,216.39,0.51%
06/19/2015,63.02,64.2,64.56,62.34,216.17,-1.93%
06/18/2015,64.26,63.74,64.96,63.44,217.21,0.61%
06/17/2015,63.87,63.6,65.47,62.6,331.88,0.27%
06/16/2015,63.7,63.8,64.41,63.42,279.74,1.74%
06/15/2015,62.61,63.62,63.96,62.24,26.68,-1.97%
06/12/2015,63.87,64.87,64.95,63.68,101.41,-1.90%
06/11/2015,65.11,65.57,66.06,64.5,113.46,-0.90%
06/10/2015,65.7,65.04,66.36,64.88,210.4,1.26%
06/09/2015,64.88,62.81,65.23,62.72,223.36,3.49%
06/08/2015,62.69,63.06,63.38,62.47,205.4,-0.98%
06/05/2015,63.31,62.08,63.43,60.94,248.87,2.06%
06/04/2015,62.03,63.81,64.08,61.78,235.21,-2.77%
06/03/2015,63.8,65.38,65.4,63.5,262.66,-2.58%
06/02/2015,65.49,64.9,65.88,64.58,245.91,0.94%
06/01/2015,64.88,65.59,65.8,64.25,217.98,-1.04%
05/29/2015,65.56,62.89,65.83,62.68,278.46,4.76%
05/28/2015,62.58,62.2,62.95,61.24,238.59,0.84%
05/27/2015,62.06,63.89,64.67,61.96,257.06,-2.61%
05/26/2015,63.72,65.7,65.7,63.29,224.13,-2.75%
05/25/2015,65.52,65.56,66.22,64.72,41.14,0.23%
05/22/2015,65.37,66.59,66.64,65.1,184.55,-1.76%
05/21/2015,66.54,64.89,66.88,64.83,250.91,2.32%
05/20/2015,65.03,64.49,65.18,64.1,210.4,1.58%
05/19/2015,64.02,66.19,66.39,63.95,253.35,-3.40%
05/18/2015,66.27,66.91,67.88,65.92,198.22,-0.81%
05/15/2015,66.81,66.75,67,65.37,206.14,0.33%
05/14/2015,66.59,66.54,67.29,66.25,23.19,-0.33%
05/13/2015,66.81,67.32,68.17,66.41,120.83,-0.07%
05/12/2015,66.86,64.77,67.46,64.68,183.27,3.00%
05/11/2015,64.91,65.37,65.75,64.25,202.51,-0.73%
05/08/2015,65.39,65.64,66.12,64.23,248.59,-0.23%
05/07/2015,65.54,67.37,68.49,65.17,292.89,-3.29%
05/06/2015,67.77,67.71,69.63,67.35,296.74,0.37%
05/05/2015,67.52,66.33,68.4,66.14,255.64,1.61%
05/04/2015,66.45,66.4,67.1,65.95,120.21,-0.02%
05/01/2015,66.46,66.78,66.93,65.52,189.32,-0.48%
04/30/2015,66.78,65.63,66.93,65.37,223.48,1.43%
04/29/2015,65.84,64.64,66.72,64.13,238.44,1.86%
04/28/2015,64.64,64.74,65.49,63.9,196.46,-0.29%
04/27/2015,64.83,65.47,65.61,64.4,189.77,-0.69%
04/24/2015,65.28,64.75,65.8,64.48,259.49,0.66%
04/23/2015,64.85,62.88,65.58,62.22,326.74,3.38%
04/22/2015,62.73,61.9,63.33,61.39,230.06,1.05%
04/21/2015,62.08,63.52,63.52,61.65,218.31,-2.16%
04/20/2015,63.45,63.85,64.4,62.1,239.8,0.00%
04/17/2015,63.45,64.02,64.5,62.95,220.12,-0.83%
04/16/2015,63.98,62.9,64.95,62,293.49,6.07%
04/15/2015,60.32,58.74,60.45,58.74,21.18,3.23%
04/14/2015,58.43,58.17,59.24,57.76,106.8,0.86%
04/13/2015,57.93,58.02,59.54,57.46,119.32,0.10%
04/10/2015,57.87,56.84,58.12,56.25,137.66,2.30%
04/09/2015,56.57,56.1,58.02,55.97,174.81,1.84%
04/08/2015,55.55,58.3,58.72,55.45,250.56,-6.01%
04/07/2015,59.1,57.8,59.27,57.02,236.71,1.69%
04/06/2015,58.12,55.18,58.24,55.08,126.8,5.77%
04/02/2015,54.95,56.72,57.28,54,288.97,-3.77%
04/01/2015,57.1,55.18,57.69,54.7,256.9,3.61%
03/31/2015,55.11,56.31,56.33,54.72,238.49,-2.10%
03/30/2015,56.29,55.96,56.65,55.2,220.11,-0.21%
03/27/2015,56.41,58.97,59.04,55.95,223.86,-4.70%
03/26/2015,59.19,56.35,59.78,56.3,334.87,4.80%
03/25/2015,56.48,55.09,57.17,54.7,256.04,2.49%
03/24/2015,55.11,55.83,56.79,54.85,197.48,-1.45%
03/23/2015,55.92,55.24,56.19,54.12,191.64,1.08%
03/20/2015,55.32,54.46,55.67,53.55,186.67,1.64%
03/19/2015,54.43,56.18,56.2,53.91,209.65,-2.65%
03/18/2015,55.91,53.28,56.84,52.68,262.44,4.49%
03/17/2015,53.51,54.1,54.38,52.57,240.29,0.13%
03/16/2015,53.44,54.41,54.64,52.5,15.64,-2.25%
03/13/2015,54.67,57.03,57.4,54.43,84.09,-4.22%
03/12/2015,57.08,57.92,58.81,56.51,129.73,-0.80%
03/11/2015,57.54,56.45,57.95,55.92,176.06,2.04%
03/10/2015,56.39,58.37,58.72,56.12,191.78,-3.66%
03/09/2015,58.53,59.62,60.02,58.38,194.78,-2.01%
03/06/2015,59.73,60.75,61.3,59.17,181.48,-1.24%
03/05/2015,60.48,60.6,61.57,60.08,215.12,-0.12%
03/04/2015,60.55,60.85,60.94,59.47,260.54,-0.77%
03/03/2015,61.02,60,61.81,59.84,281.78,2.49%
03/02/2015,59.54,62.5,62.5,59.34,286.07,-4.86%
02/27/2015,62.58,60.75,62.83,60.51,255.02,4.21%
02/26/2015,60.05,61.85,62.63,59.66,261.45,-2.56%
02/25/2015,61.63,58.75,62.2,58.41,279.65,5.06%
02/24/2015,58.66,59.09,60.3,58.1,245.52,-0.41%
02/23/2015,58.9,60.3,60.67,58.37,268.64,-2.19%
02/20/2015,60.22,60.2,61.15,59.82,221.76,0.02%
02/19/2015,60.21,59.54,60.99,57.8,303.86,-0.53%
02/18/2015,60.53,62.3,62.46,59.25,224.1,-3.20%
02/17/2015,62.53,61.68,63,60.27,277.97,1.84%
02/16/2015,61.4,61.49,62.57,60.71,171.27,-0.20%
02/13/2015,61.52,59.27,61.77,59.08,348.8,7.84%
02/12/2015,57.05,55.12,57.5,54.72,16.21,4.37%
02/11/2015,54.66,56.81,57,53.91,116.81,-3.14%
02/10/2015,56.43,57.79,58.57,56.11,157.17,-3.27%
02/09/2015,58.34,57.93,59.61,57.3,213.52,0.93%
02/06/2015,57.8,56.74,59.06,56.71,253.31,2.17%
02/05/2015,56.57,54.8,57.87,53.07,338.82,4.45%
02/04/2015,54.16,57.19,58.06,53.5,359.74,-6.48%
02/03/2015,57.91,55,59,54.84,414.59,5.77%
02/02/2015,54.75,52.68,55.62,51.41,402.07,3.32%
01/30/2015,52.99,49.15,53.08,48.76,335.02,7.86%
01/29/2015,49.13,48.69,49.25,48.37,236.63,1.36%
01/28/2015,48.47,49.1,49.72,48.29,275.15,-2.28%
01/27/2015,49.6,48.25,49.99,47.67,249.57,2.99%
01/26/2015,48.16,48.56,49.29,47.57,241.38,-1.29%
01/23/2015,48.79,49.11,49.8,48.55,245.34,0.56%
01/22/2015,48.52,48.6,50.45,48.02,321.47,-1.04%
01/21/2015,49.03,48.29,49.59,48.21,268.65,2.17%
01/20/2015,47.99,48.91,49.48,47.78,259.58,-1.74%
01/19/2015,48.84,50.1,50.35,48.68,106.77,-2.65%
01/16/2015,50.17,48.25,50.41,48.07,293.49,5.24%
01/15/2015,47.67,48.68,50.62,47,17.93,-2.09%
01/14/2015,48.69,46.84,49.21,45.59,122.34,4.51%
01/13/2015,46.59,47.06,47.29,45.19,208.06,-1.77%
01/12/2015,47.43,49.93,49.98,47.16,223.92,-5.35%
01/09/2015,50.11,51.25,51.44,48.9,285.72,-1.67%
01/08/2015,50.96,51.06,51.91,49.81,243.42,-0.37%
01/07/2015,51.15,51.15,51.84,49.66,318.28,0.10%
01/06/2015,51.1,53.2,53.6,50.52,338.88,-3.78%
01/05/2015,53.11,56.25,56.3,52.66,289.89,-5.87%
01/02/2015,56.42,58.02,58.54,55.48,177.98,-1.59%
12/31/2014,57.33,57.35,57.68,55.81,148.14,-0.98%
12/30/2014,57.9,57.93,58.39,56.74,154.11,0.03%
12/29/2014,57.88,59.65,60.43,57.37,155.11,-2.64%
12/26/2014,59.45,60.19,60.97,59.21,48.78,-1.31%
12/24/2014,60.24,61.63,61.71,59.37,108.67,-2.35%
12/23/2014,61.69,60.24,62.14,59.84,159.86,2.63%
12/22/2014,60.11,61.99,62.97,59.84,195.79,-2.07%
12/19/2014,61.38,59.85,62.66,59.05,222.07,3.56%
12/18/2014,59.27,60.94,63.7,59.17,294.89,-3.12%
12/17/2014,61.18,59.9,63.4,58.71,304.05,2.21%
12/16/2014,59.86,60.65,61.01,58.5,19.7,-1.97%
12/15/2014,61.06,61.2,63.25,60.2,107.89,-1.28%
12/12/2014,61.85,63.01,63.66,61.35,153.89,-2.87%
12/11/2014,63.68,64.47,65.13,63.05,185.63,-0.87%
12/10/2014,64.24,66.25,66.36,63.56,249.64,-3.89%
12/09/2014,66.84,66,67.04,65.29,190.52,0.98%
12/08/2014,66.19,68.79,68.79,65.93,191.67,-4.17%
12/05/2014,69.07,69.53,69.82,68.1,196.04,-0.82%
12/04/2014,69.64,70.15,70.6,68.81,190.55,-0.40%
12/03/2014,69.92,70.95,71.46,69.5,244.86,-0.88%
12/02/2014,70.54,72.51,73.03,70.4,252.52,-2.76%
12/01/2014,72.54,70.15,73.02,67.53,369.85,3.41%
11/28/2014,70.15,72.58,73.41,69.78,262.03,-3.35%
11/27/2014,72.58,77.4,77.46,71.25,244.65,-6.65%
11/26/2014,77.75,78.28,78.86,77.3,202.19,-0.74%
11/25/2014,78.33,79.45,80.44,78.05,256.83,-1.69%
11/24/2014,79.68,80.5,80.85,79.4,151.15,-0.85%
11/21/2014,80.36,79.95,81.61,79.07,264.61,1.30%
11/20/2014,79.33,78.16,79.95,77.56,206.38,1.57%
11/19/2014,78.1,78.41,79.45,78.04,247.15,-0.47%
11/18/2014,78.47,79.01,79.95,78.21,209.55,-1.06%
11/17/2014,79.31,79.5,79.6,77.94,189.08,-0.13%
11/14/2014,79.41,77.67,79.75,76.76,267.61,1.91%
11/13/2014,77.92,79.97,80.2,77.83,21.79,-3.06%
11/12/2014,80.38,81.25,81.65,79.72,116.12,-1.58%
11/11/2014,81.67,82.13,82.38,80.46,213.42,-0.81%
11/10/2014,82.34,83.26,84.97,81.88,219.91,-1.26%
11/07/2014,83.39,82.67,83.86,82.16,195.44,0.64%
11/06/2014,82.86,83.1,83.27,82.05,224.78,-0.11%
11/05/2014,82.95,82.78,84.45,81.63,364.45,0.16%
11/04/2014,82.82,84.21,84.43,82.08,313.67,-2.31%
11/03/2014,84.78,85.85,86.4,84.01,248.17,-1.26%
10/31/2014,85.86,86.02,86.25,84.6,225.37,-0.44%
10/30/2014,86.24,86.93,87.1,85.71,191.88,-1.01%
10/29/2014,87.12,86.1,87.94,86.06,243.84,1.27%
10/28/2014,86.03,85.5,86.38,85.08,198.86,0.23%
10/27/2014,85.83,86.08,86.25,84.55,228.44,-0.35%
10/24/2014,86.13,86.78,86.78,85.29,208.22,-0.81%
10/23/2014,86.83,84.71,87.19,84.12,306.98,2.50%
10/22/2014,84.71,86.46,87.07,84.47,264.81,-1.75%
10/21/2014,86.22,85.13,86.49,85.1,258.39,0.96%
10/20/2014,85.4,86.35,86.7,84.41,247.6,-0.88%
10/17/2014,86.16,86.5,87.34,85.49,280.47,2.00%
10/16/2014,84.47,83.45,85,82.6,14.94,0.82%
10/15/2014,83.78,85.54,85.62,83.02,86.48,-1.48%
10/14/2014,85.04,88.23,88.74,84.48,141.66,-4.33%
10/13/2014,88.89,89.89,90.18,87.74,146.53,-1.46%
10/10/2014,90.21,89.1,90.49,88.11,197.68,0.18%
10/09/2014,90.05,91.62,91.85,88.42,216.47,-1.46%
10/08/2014,91.38,91.89,91.89,90.57,207.63,-0.79%
10/07/2014,92.11,92.81,92.99,91.4,222.63,-0.73%
10/06/2014,92.79,91.9,93.21,91.25,203.6,0.52%
10/03/2014,92.31,93.75,94.06,91.48,239.6,-1.19%
10/02/2014,93.42,94.3,94.37,91.55,285.9,-0.79%
10/01/2014,94.16,94.77,96.23,93.78,247.99,-0.54%
09/30/2014,94.67,97.15,97.8,94.24,261.95,-2.60%
09/29/2014,97.2,96.81,97.34,96.27,170.23,0.21%
09/26/2014,97,97.11,97.5,96.46,165.6,0.00%
09/25/2014,97,97.03,97.56,96.22,190.33,0.05%
09/24/2014,96.95,96.89,97.33,95.6,216.74,0.10%
09/23/2014,96.85,96.91,97.59,96.55,192.36,-0.12%
09/22/2014,96.97,98.5,98.5,96.38,171.14,-1.44%
09/19/2014,98.39,97.65,98.49,97.18,158.39,0.71%
09/18/2014,97.7,98.69,99.14,97.42,193.58,-1.28%
09/17/2014,98.97,98.95,99.61,98.51,190.17,-0.08%
09/16/2014,99.05,97.96,99.45,97.44,199.77,2.48%
09/15/2014,96.65,96.9,97.33,96.21,19.95,-0.47%
09/12/2014,97.11,98.25,98.8,96.83,103.49,-0.99%
09/11/2014,98.08,98.12,98.49,96.72,144.79,0.04%
09/10/2014,98.04,99.35,99.47,97.6,203.28,-1.13%
09/09/2014,99.16,100.2,100.62,99.03,172.5,-1.04%
09/08/2014,100.2,100.8,101,99.36,197.61,-0.61%
09/05/2014,100.82,101.87,102.44,100.35,202.14,-0.99%
09/04/2014,101.83,102.41,102.95,101.7,218.44,-0.91%
09/03/2014,102.77,100.4,103.13,100.4,233.64,2.42%
09/02/2014,100.34,102.64,102.86,100.17,243.85,-2.38%
09/01/2014,102.79,102.95,103.3,102.56,73.33,-0.39%
08/29/2014,103.19,102.51,103.3,102.49,169.33,0.71%
08/28/2014,102.46,102.54,103.2,102.25,184.78,-0.25%
08/27/2014,102.72,102.42,103.07,102.05,146.23,0.21%
08/26/2014,102.5,102.71,103.4,102.35,149.83,-0.15%
08/25/2014,102.65,102.1,102.82,101.65,82.94,0.35%
08/22/2014,102.29,102.67,102.83,102,132.51,-0.33%
08/21/2014,102.63,102.14,102.79,101.21,179.61,0.34%
08/20/2014,102.28,101.5,102.37,101.44,166.19,0.71%
08/19/2014,101.56,101.62,102.07,101.07,177.1,-0.04%
08/18/2014,101.6,103.21,103.3,101.11,181.1,-1.86%
08/15/2014,103.53,102.05,103.76,102.05,199.63,1.49%
08/14/2014,102.01,104.06,104.33,101.92,18.57,-2.18%
08/13/2014,104.28,102.84,104.35,102.37,99.1,1.22%
08/12/2014,103.02,104.5,104.61,102.65,139.91,-1.59%
08/11/2014,104.68,105,105.43,104.35,143.61,-0.32%
08/08/2014,105.02,105.67,106.85,104.67,203.74,-0.40%
08/07/2014,105.44,104.64,105.92,104.16,189.82,0.81%
08/06/2014,104.59,104.88,105.44,104.54,204.92,-0.02%
08/05/2014,104.61,105.5,105.65,104.07,209.18,-0.76%
08/04/2014,105.41,104.82,105.71,104.52,207.79,0.54%
08/01/2014,104.84,105.6,106.12,104.39,216.36,-1.11%
07/31/2014,106.02,106.06,106.59,105.41,234.55,-0.46%
07/30/2014,106.51,107.5,107.86,105.84,218.39,-1.12%
07/29/2014,107.72,107.46,108.05,107.13,176.64,0.14%
07/28/2014,107.57,108.3,108.38,107.01,139.52,-0.76%
07/25/2014,108.39,107.2,108.46,106.73,253.17,1.23%
07/24/2014,107.07,108.15,108.21,106.83,179.57,-0.89%
07/23/2014,108.03,106.87,108.25,106.87,207.15,0.65%
07/22/2014,107.33,107.8,108.4,106.83,183.1,-0.33%
07/21/2014,107.68,107.15,107.87,106.79,211.7,0.41%
07/18/2014,107.24,108.5,108.62,106.94,210.88,-0.60%
07/17/2014,107.89,107.13,108.6,106.8,296.51,1.93%
07/16/2014,105.85,105.9,106.58,105.72,11.52,-0.16%
07/15/2014,106.02,106.81,106.9,104.39,63.86,-0.90%
07/14/2014,106.98,106.42,107.5,106.21,99.2,0.30%
07/11/2014,106.66,108.58,108.74,106.27,171.04,-1.85%
07/10/2014,108.67,108.15,108.88,107.76,152.47,0.36%
07/09/2014,108.28,108.97,109,108.12,173.18,-0.61%
07/08/2014,108.94,110,110.16,108.69,232.73,-1.18%
07/07/2014,110.24,110.65,110.92,109.88,152.51,-0.36%
07/04/2014,110.64,111.05,111.29,110.56,71.85,-0.32%
07/03/2014,111,111,111.17,110.53,218.98,-0.22%
07/02/2014,111.24,112.19,112.42,110.92,269.76,-0.94%
07/01/2014,112.29,112.5,112.83,111.85,229.19,-0.06%
06/30/2014,112.36,113.3,113.3,112.16,221.84,-0.83%
06/27/2014,113.3,113.07,113.71,112.9,135.71,0.08%
06/26/2014,113.21,114.24,114.29,113,180.86,-0.69%
06/25/2014,114,114.31,114.65,113.23,211.91,-0.40%
06/24/2014,114.46,113.9,114.83,113.55,230.49,0.30%
06/23/2014,114.12,114.99,115.66,113.86,220.72,-0.60%
06/20/2014,114.81,114.92,115.11,114.43,198.84,-0.22%
06/19/2014,115.06,114.22,115.71,114.15,250.24,0.70%
06/18/2014,114.26,113.46,114.54,113.05,240.75,0.71%
06/17/2014,113.45,112.97,113.8,112.16,240.52,0.45%
06/16/2014,112.94,112.73,113.28,112.33,175.9,-0.41%
06/13/2014,113.41,113.75,114.69,112.75,16.05,0.35%
06/12/2014,113.02,110.09,113.34,110,133.07,2.79%
06/11/2014,109.95,109.61,110.25,109.44,131.57,0.39%
06/10/2014,109.52,109.95,110.32,109.1,214.92,-0.43%
06/09/2014,109.99,108.68,110.16,108.55,189.21,1.27%
06/06/2014,108.61,108.85,109.31,108.46,155,-0.17%
06/05/2014,108.79,108.13,108.96,107.77,193.33,0.36%
06/04/2014,108.4,108.89,109.5,108.07,211.09,-0.39%
06/03/2014,108.82,108.8,108.98,108.32,177.67,-0.01%
06/02/2014,108.83,109.7,109.87,108.62,194.25,-0.53%
05/30/2014,109.41,110.02,110.13,109.22,175.05,-0.51%
05/29/2014,109.97,109.89,110.46,109.72,174.68,0.15%
05/28/2014,109.81,110.22,110.4,109.41,175.31,-0.19%
05/27/2014,110.02,110.35,110.8,109.71,173.41,-0.27%
05/26/2014,110.32,110.4,110.55,109.75,29.31,-0.20%
05/23/2014,110.54,110.38,110.7,110.25,143.66,0.16%
05/22/2014,110.36,110.49,111.04,110.17,200.09,-0.17%
05/21/2014,110.55,109.76,110.73,109.7,220,0.78%
05/20/2014,109.69,109.33,110,109.1,172.79,0.29%
05/19/2014,109.37,109.82,110.33,109.3,171.71,-0.35%
05/16/2014,109.75,108.96,110.05,108.88,229.93,-0.62%
05/15/2014,110.44,110.21,110.6,109.75,20.37,0.23%
05/14/2014,110.19,109.39,110.41,109.32,115.26,0.87%
05/13/2014,109.24,108.37,109.46,108.05,130.64,0.77%
05/12/2014,108.41,107.94,108.77,107.94,145.65,0.48%
05/09/2014,107.89,108.08,109.02,107.64,179.23,-0.14%
05/08/2014,108.04,108.07,108.15,107.38,163.88,-0.08%
05/07/2014,108.13,107.17,108.25,106.96,217.14,1.00%
05/06/2014,107.06,107.53,108.21,106.97,194.54,-0.61%
05/05/2014,107.72,108.92,108.92,107.05,139.53,-0.80%
05/02/2014,108.59,107.72,108.99,107.6,215.15,0.77%
05/01/2014,107.76,108.08,108.12,106.85,186.88,-0.29%
04/30/2014,108.07,108.8,108.8,107.55,213.56,-0.84%
04/29/2014,108.98,108.13,109.37,108,206.5,0.80%
04/28/2014,108.12,109.5,110.2,107.86,246.47,-1.33%
04/25/2014,109.58,110.33,110.63,109.25,216.21,-0.68%
04/24/2014,110.33,109.22,110.65,109.07,215.43,1.12%
04/23/2014,109.11,109.5,109.54,108.6,181.74,-0.15%
04/22/2014,109.27,109.94,109.99,108.53,201.11,-0.62%
04/21/2014,109.95,109.76,110.05,108.89,71.87,0.38%
04/17/2014,109.53,109.6,110.19,109.08,163.99,-0.06%
04/16/2014,109.6,109.43,110.36,109,229.36,0.79%
04/15/2014,108.74,108.92,109.11,108.27,19.55,-0.30%
04/14/2014,109.07,107.42,109.12,107.26,95.83,1.62%
04/11/2014,107.33,107.35,107.87,106.98,105.4,-0.12%
04/10/2014,107.46,107.9,107.92,107.26,124.82,-0.48%
04/09/2014,107.98,107.5,108.14,107.12,144.72,0.29%
04/08/2014,107.67,105.97,107.85,105.78,193.36,1.75%
04/07/2014,105.82,106.35,106.63,105.13,215.2,-0.84%
04/04/2014,106.72,106.17,107.04,106.1,184.07,0.54%
04/03/2014,106.15,104.59,106.32,104.45,220.54,1.30%
04/02/2014,104.79,105.32,105.85,103.95,271.6,-0.79%
04/01/2014,105.62,107.66,107.8,105.1,195.03,-1.99%
03/31/2014,107.76,108,108.33,107.05,145.63,-0.29%
03/28/2014,108.07,107.73,108.39,107.62,140.35,0.22%
03/27/2014,107.83,107,107.99,106.77,184.83,0.75%
03/26/2014,107.03,106.97,107.35,106.48,166.38,0.04%
03/25/2014,106.99,106.59,107.48,106.44,167.09,0.17%
03/24/2014,106.81,107.01,107.5,106.45,142.79,-0.10%
03/21/2014,106.92,106.22,107.77,106.01,167.8,0.44%
03/20/2014,106.45,105.9,106.75,105.41,205.21,0.57%
03/19/2014,105.85,106.6,106.87,105.71,188.48,-0.88%
03/18/2014,106.79,106.4,106.85,105.85,170.58,0.52%
03/17/2014,106.24,108.55,108.6,106.16,166.23,-2.15%
03/14/2014,108.57,107.25,108.69,107.24,12.88,1.10%
03/13/2014,107.39,108.26,108.51,106.98,86.26,-0.58%
03/12/2014,108.02,108.41,108.55,107.61,159.23,-0.49%
03/11/2014,108.55,107.88,108.7,107.83,146.85,0.43%
03/10/2014,108.08,108.73,108.85,107.75,149.34,-0.84%
03/07/2014,109,108.3,109.09,107.82,172.05,0.83%
03/06/2014,108.1,107.66,108.54,107.37,228.72,0.32%
03/05/2014,107.76,109.17,109.36,107.55,220.18,-1.41%
03/04/2014,109.3,111.16,111.32,109,218.5,-1.71%
03/03/2014,111.2,109.44,112.39,109.26,291.31,1.95%
02/28/2014,109.07,108.85,109.34,108.4,189.56,0.10%
02/27/2014,108.96,109.41,109.45,108.65,192.91,-0.51%
02/26/2014,109.52,109.56,109.97,109.2,186.71,0.01%
02/25/2014,109.51,110.64,110.64,109.42,198.16,-1.02%
02/24/2014,110.64,109.65,110.77,109.5,202.52,0.72%
02/21/2014,109.85,110.5,110.5,109.35,154.9,-0.41%
02/20/2014,110.3,110.39,110.49,109.58,151.21,-0.15%
02/19/2014,110.47,110.55,110.82,110.02,163.34,0.01%
02/18/2014,110.46,109.07,110.7,108.84,150.35,1.17%
02/17/2014,109.18,109.13,109.4,108.64,56.87,0.09%
02/14/2014,109.08,108.58,109.25,107.85,146.75,0.32%
02/13/2014,108.73,108.68,108.84,108.09,18.08,-0.06%
02/12/2014,108.79,108.78,109.5,108.47,105.89,0.10%
02/11/2014,108.68,108.52,109.24,108.47,137.26,0.05%
02/10/2014,108.63,109.75,109.75,108.4,162.66,-0.86%
02/07/2014,109.57,107.32,109.74,106.88,215.63,2.22%
02/06/2014,107.19,106.28,107.48,106.15,205.08,0.88%
02/05/2014,106.25,106.09,106.44,105.58,193.78,0.44%
02/04/2014,105.78,105.85,106.23,105.49,186.44,-0.25%
02/03/2014,106.04,106.4,106.72,105.4,264.73,-0.34%
01/31/2014,106.4,107.75,107.94,106.3,231.46,-1.44%
01/30/2014,107.95,107.85,108.4,107.65,188.73,0.09%
01/29/2014,107.85,107.36,108.05,106.93,207.31,0.41%
01/28/2014,107.41,106.86,107.79,106.76,188.3,0.67%
01/27/2014,106.69,107.91,108.09,106.45,203.3,-1.10%
01/24/2014,107.88,107.58,108.03,106.23,244.56,0.28%
01/23/2014,107.58,108.14,108.28,107.37,241.8,-0.64%
01/22/2014,108.27,106.9,108.33,106.78,184,1.44%
01/21/2014,106.73,106.35,108,106.28,254.31,0.36%
01/20/2014,106.35,106.28,106.65,105.81,103.66,-0.12%
01/17/2014,106.48,105.55,106.95,105.44,198.42,-0.57%
01/16/2014,107.09,106.82,107.35,106.44,14.56,-0.04%
01/15/2014,107.13,106.17,107.55,105.8,70.78,0.70%
01/14/2014,106.39,106.62,107.14,106.06,111.28,-0.34%
01/13/2014,106.75,107.25,107.64,106.36,151.8,-0.47%
01/10/2014,107.25,106.44,107.58,106.03,198.57,0.81%
01/09/2014,106.39,107.35,108.2,106.12,175.37,-0.71%
01/08/2014,107.15,107.49,107.95,107,185.54,-0.19%
01/07/2014,107.35,107.03,107.72,106.88,188.2,0.58%
01/06/2014,106.73,106.8,107.96,106.58,181.82,-0.15%
01/03/2014,106.89,107.88,108.64,106.79,191.13,-0.83%
01/02/2014,107.78,111,111.35,107.65,200.65,-2.83%
01/01/2014,110.92,110.92,110.92,110.92,,0.11%
12/31/2013,110.8,111.18,111.52,110.4,84.99,-0.37%
12/30/2013,111.21,112.2,112.64,110.9,111.07,-0.86%
12/27/2013,112.18,111.95,112.8,111.5,126.91,0.18%
12/26/2013,111.98,111.99,112.12,111.46,43.62,0.07%
12/24/2013,111.9,111.61,112.06,111.42,52.16,0.30%
12/23/2013,111.56,111.55,111.93,111.27,103.72,-0.19%
12/20/2013,111.77,110.09,111.89,109.87,169.48,1.34%
12/19/2013,110.29,109.25,110.53,109.14,159.79,0.60%
12/18/2013,109.63,108.33,109.73,107.8,187.96,1.10%
12/17/2013,108.44,109.2,109.41,108.2,149.78,-1.84%
12/16/2013,110.47,109.15,110.8,109,23.61,1.51%
12/13/2013,108.83,108.53,109,108.02,98.1,0.15%
12/12/2013,108.67,109.52,109.98,108.44,128.31,-0.94%
12/11/2013,109.7,109.45,109.89,108.62,158.72,0.29%
12/10/2013,109.38,109.31,110.45,108.55,230.62,-0.01%
12/09/2013,109.39,111.69,111.79,109,202.96,-1.99%
12/06/2013,111.61,111.07,112.06,110.94,155.52,0.57%
12/05/2013,110.98,111.65,112.23,110.76,191.81,-0.80%
12/04/2013,111.88,112.91,113.02,111.46,235.35,-0.66%
12/03/2013,112.62,111.53,112.93,111.04,217.61,1.05%
12/02/2013,111.45,109.6,112.34,109.28,266.98,1.60%
11/29/2013,109.69,111.04,111.5,109.62,126.88,-1.06%
11/28/2013,110.86,111.4,111.55,110.61,61.68,-0.40%
11/27/2013,111.31,111,111.65,110.51,193.98,0.39%
11/26/2013,110.88,111.08,111.49,110.41,199.75,-0.11%
11/25/2013,111,109,111.66,108.05,278.78,-0.05%
11/22/2013,111.05,110.07,111.4,109.65,276.25,0.88%
11/21/2013,110.08,107.76,110.25,107.62,253.96,1.87%
11/20/2013,108.06,107.2,108.38,106.51,220.19,1.07%
11/19/2013,106.92,108.3,108.63,106.81,224.43,-1.43%
11/18/2013,108.47,108.5,108.73,107.53,185.49,-0.03%
11/15/2013,108.5,108.38,108.65,107.69,198.64,-0.04%
11/14/2013,108.54,107.17,108.96,107.15,20.85,1.33%
11/13/2013,107.12,105.93,107.45,105.89,114,1.24%
11/12/2013,105.81,106.4,107.38,105.51,156.69,-0.55%
11/11/2013,106.4,105.17,106.56,105.15,172.68,1.22%
11/08/2013,105.12,103.53,105.38,102.98,242.7,1.60%
11/07/2013,103.46,105,105.21,103.24,291.12,-1.69%
11/06/2013,105.24,105.64,106.41,104.82,243.84,-0.09%
11/05/2013,105.33,106.25,106.53,105.19,186.82,-0.85%
11/04/2013,106.23,105.78,106.58,105.13,230.57,0.30%
11/01/2013,105.91,109.05,109.41,105.78,298.58,-2.69%
10/31/2013,108.84,109.69,109.87,108.55,238.84,-0.93%
10/30/2013,109.86,108.76,110.16,108.59,234.6,0.78%
10/29/2013,109.01,109.41,109.46,108.45,185.01,-0.55%
10/28/2013,109.61,107.04,109.68,106.85,266.18,2.51%
10/25/2013,106.93,107.09,107.39,106.27,212.28,-0.06%
10/24/2013,106.99,107.65,108.26,106.9,242.32,-0.75%
10/23/2013,107.8,109.99,110.06,107.35,324.61,-1.97%
10/22/2013,109.97,109.76,110.94,109.57,238.66,0.30%
10/21/2013,109.64,109.96,110.19,109.21,190.11,-0.27%
10/18/2013,109.94,109.13,110.24,108.95,181.54,0.76%
10/17/2013,109.11,110.57,110.66,108.71,233.73,-1.58%
10/16/2013,110.86,109.45,111.23,109.45,15.37,0.82%
10/15/2013,109.96,111.08,111.27,109.53,93.75,-0.97%
10/14/2013,111.04,110.87,111.41,109.87,106.79,-0.22%
10/11/2013,111.28,111.65,111.85,110.51,141.37,-0.47%
10/10/2013,111.8,109.04,112,108.92,212.36,2.51%
10/09/2013,109.06,110.16,110.25,108.12,171.14,-1.00%
10/08/2013,110.16,109.64,110.8,109.38,163.85,0.44%
10/07/2013,109.68,109.21,110.17,107.89,227.74,0.20%
10/04/2013,109.46,108.69,109.77,108.61,144.47,0.42%
10/03/2013,109,108.9,109.85,108.58,212.25,-0.17%
10/02/2013,109.19,107.55,109.48,107.44,177.15,1.16%
10/01/2013,107.94,108.38,108.41,106.81,189.68,-0.40%
09/30/2013,108.37,108.2,108.68,107.22,149.04,-0.24%
09/27/2013,108.63,109,109.67,108.1,190.35,-0.53%
09/26/2013,109.21,108,109.26,108,143.12,0.82%
09/25/2013,108.32,108.73,110.09,107.89,211.6,-0.29%
09/24/2013,108.64,107.96,108.9,107.43,197.99,0.44%
09/23/2013,108.16,109.22,109.45,107.76,169.12,-0.97%
09/20/2013,109.22,108.62,109.67,108.4,160.65,0.42%
09/19/2013,108.76,110.92,111.26,108.52,201.58,-1.66%
09/18/2013,110.6,107.85,111.06,107.64,200.71,2.23%
09/17/2013,108.19,109.5,110,107.41,214.35,-1.71%
09/16/2013,110.07,111.25,111.49,108.73,249.44,-2.40%
09/13/2013,112.78,112.87,112.91,111.6,18.64,0.13%
09/12/2013,112.63,111.51,113.05,111.33,93.45,1.01%
09/11/2013,111.5,111.52,112.49,111.02,109.34,0.22%
09/10/2013,111.25,113,113.55,110.59,176.16,-2.17%
09/09/2013,113.72,115.93,116.18,113,200.57,-2.07%
09/06/2013,116.12,115.35,116.56,115.02,168.83,0.75%
09/05/2013,115.26,114.95,115.55,114.29,151.29,0.30%
09/04/2013,114.91,115.65,116.09,114.4,209.65,-0.67%
09/03/2013,115.68,114.45,116,114.06,234.73,1.18%
09/02/2013,114.33,114,114.57,112.2,90.95,0.28%
08/30/2013,114.01,114.2,115.53,113.63,245.06,-1.00%
08/29/2013,115.16,115.86,117.04,114.18,248.52,-1.24%
08/28/2013,116.61,115.3,117.34,114.81,286.09,1.97%
08/27/2013,114.36,111.16,115.29,110.73,288.71,3.28%
08/26/2013,110.73,111.15,111.68,110.5,92.72,-0.28%
08/23/2013,111.04,109.9,111.23,109.77,219.41,1.04%
08/22/2013,109.9,109.7,110.15,109.4,154.99,0.08%
08/21/2013,109.81,110.11,110.28,109.23,195.77,-0.31%
08/20/2013,110.15,109.67,110.73,108.61,233.19,0.23%
08/19/2013,109.9,110.53,111,109.59,188.06,-0.45%
08/16/2013,110.4,109.42,110.7,109.17,195.85,-0.64%
08/15/2013,111.11,110.35,111.53,110.35,19.27,0.83%
08/14/2013,110.2,109.51,110.36,109.05,97.93,0.35%
08/13/2013,109.82,109.08,110.06,108.95,112.23,0.78%
08/12/2013,108.97,108.13,109.13,107.43,147.83,0.69%
08/09/2013,108.22,106.81,108.32,106.6,148.43,1.44%
08/08/2013,106.68,107.39,107.86,105.85,175.73,-0.71%
08/07/2013,107.44,108.07,108.16,107.07,208.43,-0.68%
08/06/2013,108.18,108.74,109.23,107.46,229.16,-0.48%
08/05/2013,108.7,109.09,109.44,107.55,168.83,-0.23%
08/02/2013,108.95,109.52,110.09,108.38,160.76,-0.54%
08/01/2013,109.54,107.81,109.64,107.52,234.85,1.71%
07/31/2013,107.7,106.84,107.95,105.73,222.57,0.74%
07/30/2013,106.91,107.45,107.56,106.54,160,-0.50%
07/29/2013,107.45,107.19,107.89,106.6,178.93,0.26%
07/26/2013,107.17,107.59,107.79,106.53,119.94,-0.45%
07/25/2013,107.65,107.11,107.87,106.54,176.11,0.43%
07/24/2013,107.19,108.44,108.6,106.25,197.8,-1.13%
07/23/2013,108.42,108.3,108.63,107.56,190.2,0.25%
07/22/2013,108.15,108.3,108.68,107.55,198.42,0.07%
07/19/2013,108.07,108.73,109.18,107.01,212.19,-0.58%
07/18/2013,108.7,108.63,108.87,108.03,196.44,0.08%
07/17/2013,108.61,107.9,108.74,107.3,183.57,-0.72%
07/16/2013,109.4,109.05,109.72,108.63,19.97,0.28%
07/15/2013,109.09,108.99,109.26,107.96,100.86,0.26%
07/12/2013,108.81,107.33,109.14,107.28,127.81,1.00%
07/11/2013,107.73,108.24,108.93,107.02,184.69,-0.72%
07/10/2013,108.51,108.12,108.69,107.71,199.7,0.65%
07/09/2013,107.81,107.27,108.26,106.85,163.66,0.35%
07/08/2013,107.43,108,108.04,106.79,185.82,-0.27%
07/05/2013,107.72,105.54,107.88,105.38,233.34,2.07%
07/04/2013,105.54,105.85,105.99,104.91,81.37,-0.21%
07/03/2013,105.76,104.18,106.03,104.18,258.39,1.69%
07/02/2013,104,102.92,104.12,102.91,186.52,0.97%
07/01/2013,103,101.9,103.71,101.63,230.92,0.82%
06/28/2013,102.16,102.76,103.44,101.87,230.25,-0.64%
06/27/2013,102.82,101.66,103.34,101.66,190.61,1.14%
06/26/2013,101.66,101.1,101.89,100.25,195.23,0.40%
06/25/2013,101.26,101,102.08,100.7,182.09,0.10%
06/24/2013,101.16,100.61,101.64,99.67,254.19,0.25%
06/21/2013,100.91,102.1,103.09,100.04,263.37,-1.21%
06/20/2013,102.15,105.62,105.62,101.75,301.24,-3.74%
06/19/2013,106.12,106.1,106.59,105.45,164.86,0.09%
06/18/2013,106.02,105.66,106.24,105.11,150.87,0.52%
06/17/2013,105.47,105.77,106.67,105.28,160.18,-0.43%
06/14/2013,105.93,104.95,106.64,104.46,197.14,1.61%
06/13/2013,104.25,103.33,104.26,102.75,21.31,0.73%
06/12/2013,103.49,102.56,104.1,102.23,94.92,0.51%
06/11/2013,102.96,103.89,103.89,101.82,156.14,-0.95%
06/10/2013,103.95,104.56,104.76,103.66,159.65,-0.58%
06/07/2013,104.56,103.65,105.01,102.89,234.18,0.92%
06/06/2013,103.61,102.94,103.95,102.81,173.41,0.55%
06/05/2013,103.04,103.48,104.07,102.85,202.95,-0.19%
06/04/2013,103.24,102.02,103.58,101.47,300.89,1.16%
06/03/2013,102.06,100.15,102.48,99.66,255.71,1.66%
05/31/2013,100.39,102.12,102.38,100.03,215.28,-1.76%
05/30/2013,102.19,102.4,102.85,101.08,232.91,-0.23%
05/29/2013,102.43,104.32,104.37,102.17,209.65,-1.73%
05/28/2013,104.23,102.51,104.69,102.48,195.12,1.57%
05/27/2013,102.62,102.52,102.65,102.1,21.12,-0.02%
05/24/2013,102.64,102.55,102.79,101.65,136.63,0.20%
05/23/2013,102.44,102.25,102.68,100.64,230.37,-0.16%
05/22/2013,102.6,103.52,103.79,102.22,207.42,-1.26%
05/21/2013,103.91,104.78,105.15,103.51,179.06,-0.85%
05/20/2013,104.8,104.75,105.31,103.83,164.96,0.15%
05/17/2013,104.64,103.87,104.87,103.35,193.73,0.81%
05/16/2013,103.8,103.74,104.4,102.95,26.35,0.12%
05/15/2013,103.68,102.7,103.82,101.2,106.54,1.05%
05/14/2013,102.6,102.82,103.1,101.96,160.03,-0.21%
05/13/2013,102.82,103.26,103.86,102.25,173.55,-1.05%
05/10/2013,103.91,104.35,104.45,101.56,215.45,-0.54%
05/09/2013,104.47,104.44,104.6,103.45,197.07,0.12%
05/08/2013,104.34,104.11,104.8,103.53,229.32,-0.06%
05/07/2013,104.4,105.4,105.94,104,264.56,-1.01%
05/06/2013,105.46,104.25,105.54,103.89,135.08,1.22%
05/03/2013,104.19,102.8,104.92,102.37,257.17,1.30%
05/02/2013,102.85,99.82,102.98,99.51,287.67,2.90%
05/01/2013,99.95,101.82,102.33,98.76,267.1,-2.36%
04/30/2013,102.37,103.78,104,101.48,253.92,-1.39%
04/29/2013,103.81,102.79,103.94,102.57,200.11,0.63%
04/26/2013,103.16,103.2,103.48,102.25,196.48,-0.24%
04/25/2013,103.41,101.8,103.49,101.35,280.4,1.65%
04/24/2013,101.73,100.34,101.99,100.22,204.01,1.42%
04/23/2013,100.31,100.56,100.59,98.78,242.74,-0.08%
04/22/2013,100.39,99.56,101.04,99.2,210.04,0.74%
04/19/2013,99.65,99.54,100.33,99.04,175.36,0.52%
04/18/2013,99.13,97.46,99.85,96.75,306.94,1.47%
04/17/2013,97.69,100.11,100.46,97.26,292.12,-2.22%
04/16/2013,99.91,99.43,100.37,98,328.74,-0.48%
04/15/2013,100.39,103.03,103.09,100.02,23.65,-2.64%
04/12/2013,103.11,104.29,104.39,101.09,121.49,-1.11%
04/11/2013,104.27,105.5,105.94,103.7,116.87,-1.44%
04/10/2013,105.79,106.19,106.47,105.16,136.06,-0.41%
04/09/2013,106.23,104.78,106.5,104.27,173.29,1.50%
04/08/2013,104.66,104.28,105.55,103.4,245.68,0.52%
04/05/2013,104.12,106.49,106.65,103.62,273.97,-2.09%
04/04/2013,106.34,107.07,108.06,105.29,284.41,-0.72%
04/03/2013,107.11,110.28,110.43,106.78,304.65,-3.23%
04/02/2013,110.69,111.07,111.79,110,205.64,-0.35%
04/01/2013,111.08,110.15,111.33,109.38,102.14,0.96%
03/28/2013,110.02,109.85,110.1,108.98,164.97,0.30%
03/27/2013,109.69,109.4,109.98,108.85,217.52,0.30%
03/26/2013,109.36,108.11,109.59,107.71,207.41,1.10%
03/25/2013,108.17,106.86,109.07,106.8,199.23,0.47%
03/22/2013,107.66,107.31,107.96,106.9,174.36,0.18%
03/21/2013,107.47,108.48,108.75,107.08,190.9,-1.15%
03/20/2013,108.72,107.59,108.92,107.55,169.06,1.18%
03/19/2013,107.45,109.41,109.54,107.25,226.68,-1.88%
03/18/2013,109.51,109.83,109.83,107.78,180.93,-0.28%
03/15/2013,109.82,109.32,110.53,109.02,186.11,0.37%
03/14/2013,109.42,108.36,109.98,108.18,18.27,0.83%
03/13/2013,108.52,109.7,109.89,107.91,106.23,-1.03%
03/12/2013,109.65,110.13,111.2,109.3,146,-0.52%
03/11/2013,110.22,110.67,110.72,109.53,164.82,-0.57%
03/08/2013,110.85,110.9,111.33,109.14,228.95,-0.27%
03/07/2013,111.15,111.08,111.4,110.41,213.07,0.08%
03/06/2013,111.06,111.83,112.23,110.46,201.77,-0.49%
03/05/2013,111.61,110.1,111.93,110.1,233.65,1.38%
03/04/2013,110.09,110.58,110.89,109.58,226.78,-0.28%
03/01/2013,110.4,110.9,111.36,109.82,251.9,-0.88%
02/28/2013,111.38,111.95,112.57,110.87,224.45,-0.44%
02/27/2013,111.87,112.8,113.35,111.65,220.01,-0.75%
02/26/2013,112.71,113.64,114.34,112.41,257.23,-1.51%
02/25/2013,114.44,114.19,115.87,113.31,190.54,0.30%
02/22/2013,114.1,113.6,114.79,113.6,173.5,0.50%
02/21/2013,113.53,115.2,115.31,113.32,248.79,-1.79%
02/20/2013,115.6,117.35,117.66,115.02,219.24,-1.63%
02/19/2013,117.52,117.48,117.6,116.55,134.9,0.12%
02/18/2013,117.38,117.81,118.19,116.92,60.36,-0.24%
02/15/2013,117.66,117.96,118.11,116.28,216.48,-0.29%
02/14/2013,118,117.9,118.29,117.25,186.86,-0.61%
02/13/2013,118.72,118.66,119.12,118.39,27.82,0.05%
02/12/2013,118.66,118.27,118.9,117.81,98,0.45%
02/11/2013,118.13,118.9,119.07,117.54,141.28,-0.65%
02/08/2013,118.9,117.48,119.17,117.31,206.48,1.42%
02/07/2013,117.24,116.9,117.83,116.71,242.3,0.44%
02/06/2013,116.73,116.45,117.05,115.72,207.78,0.18%
02/05/2013,116.52,115.47,117.23,115.01,227.1,0.80%
02/04/2013,115.6,116.5,116.67,115.32,214.96,-0.99%
02/01/2013,116.76,115.77,117.07,115.4,245.85,1.05%
01/31/2013,115.55,114.91,115.76,114.28,195.49,0.57%
01/30/2013,114.9,114.28,115.24,114.07,200.61,0.47%
01/29/2013,114.36,113.48,114.49,113.07,208.91,0.78%
01/28/2013,113.48,113.45,113.8,112.6,172.16,0.18%
01/25/2013,113.28,113.28,113.84,112.83,204.35,0.00%
01/24/2013,113.28,112.76,113.65,112.4,211.58,0.43%
01/23/2013,112.8,112.42,113.15,112.06,239.71,0.34%
01/22/2013,112.42,111.71,112.65,111.35,207.85,0.64%
01/21/2013,111.71,111.67,111.99,111.41,74.58,-0.16%
01/18/2013,111.89,111.1,111.97,110.47,182.51,0.71%
01/17/2013,111.1,109.74,111.38,109.45,206.29,0.44%
01/16/2013,110.61,110.52,110.84,110.24,19.71,0.28%
01/15/2013,110.3,111.93,112.46,110.19,101.26,-1.41%
01/14/2013,111.88,110.62,112.15,110.31,110.23,1.12%
01/11/2013,110.64,111.95,111.95,109.6,168.07,-1.12%
01/10/2013,111.89,111.68,113.29,111.6,196.97,0.12%
01/09/2013,111.76,111.9,112.23,111.11,171.95,-0.16%
01/08/2013,111.94,111.42,112.47,111.12,194,0.48%
01/07/2013,111.4,111.42,111.69,110.54,203.5,0.08%
01/04/2013,111.31,111.72,111.78,110.38,191.33,-0.74%
01/03/2013,112.14,112.2,112.42,111.63,190.29,-0.29%
01/02/2013,112.47,111.5,112.9,111.27,183.14,1.22%
12/31/2012,111.11,110.35,111.34,109.38,98.68,0.44%
12/28/2012,110.62,111.24,111.38,109.83,117.89,-0.16%
12/27/2012,110.8,110.78,111.33,110.1,104.8,-0.24%
12/26/2012,111.07,109.15,111.52,109,75.29,2.09%
12/24/2012,108.8,109.02,109.22,108.13,49.45,-0.16%
12/21/2012,108.97,110.2,110.28,108.66,132.66,-1.12%
12/20/2012,110.2,110.1,110.66,109.7,136.54,-0.14%
12/19/2012,110.36,108.9,110.48,108.74,162.39,1.40%
12/18/2012,108.84,107.98,108.98,107.93,137.27,1.11%
12/17/2012,107.64,108.3,108.5,107.58,129.07,-1.38%
12/14/2012,109.15,108.2,109.58,108.2,16.5,1.15%
12/13/2012,107.91,109.36,109.52,107.8,77.62,-1.45%
12/12/2012,109.5,108.14,110.5,108.14,169.43,1.38%
12/11/2012,108.01,107.45,108.37,107.09,160.06,0.63%
12/10/2012,107.33,107.3,108.54,107.01,168.7,0.29%
12/07/2012,107.02,107.05,107.89,106.66,181.18,-0.01%
12/06/2012,107.03,108.63,109.16,106.63,215.28,-1.64%
12/05/2012,108.81,109.87,110.57,108.64,184.65,-0.94%
12/04/2012,109.84,110.92,110.92,109.15,213.91,-0.97%
12/03/2012,110.92,110.96,112.33,110.6,195.73,-0.28%
11/30/2012,111.23,110.35,111.34,110.25,162.85,0.42%
11/29/2012,110.76,109.7,111.3,109.45,254.91,1.14%
11/28/2012,109.51,109.95,110.17,108.44,192.92,-0.33%
11/27/2012,109.87,111,111.36,109.31,178.24,-0.95%
11/26/2012,110.92,111.16,111.48,110.27,134.49,-0.41%
11/23/2012,111.38,110.47,111.54,110.1,103.82,0.75%
11/22/2012,110.55,110.97,111.17,110.11,55.28,-0.28%
11/21/2012,110.86,110.49,111.46,109.55,192.52,0.94%
11/20/2012,109.83,111.8,111.85,109.01,236.77,-1.67%
11/19/2012,111.7,109.2,112.2,109.19,232.66,2.52%
11/16/2012,108.95,107.69,109.25,107.66,200.9,-1.83%
11/15/2012,110.98,109.68,111.12,109.66,21.03,1.25%
11/14/2012,109.61,108.12,110.35,107.8,113.91,1.25%
11/13/2012,108.26,108.7,108.98,107.38,140.01,-0.74%
11/12/2012,109.07,109.59,110.39,108.56,180.99,-0.30%
11/09/2012,109.4,107.15,109.78,106.25,201.02,2.00%
11/08/2012,107.25,106.92,108.17,106.12,200.13,0.40%
11/07/2012,106.82,110.83,111.64,106.53,265.33,-3.83%
11/06/2012,111.07,107.93,111.31,107.13,259.93,3.10%
11/05/2012,107.73,105.55,108.18,104.76,217.32,1.94%
11/02/2012,105.68,108.07,108.8,105.5,234.75,-2.30%
11/01/2012,108.17,108.49,109.03,107.75,205.33,-0.49%
10/31/2012,108.7,109.14,109.8,108.3,174.27,-0.35%
10/30/2012,109.08,109.36,110.1,108.65,147.69,-0.33%
10/29/2012,109.44,109.65,110.26,108.51,170.6,-0.10%
10/26/2012,109.55,108.49,109.7,107.4,210.56,0.98%
10/25/2012,108.49,107.59,109.28,107.46,216.6,0.59%
10/24/2012,107.85,108.31,109.34,106.8,233.37,-0.37%
10/23/2012,108.25,109.52,109.8,107.31,254.99,-1.09%
10/22/2012,109.44,109.95,110.97,109.12,218.73,-0.64%
10/19/2012,110.14,112.26,113.27,109.9,231.13,-2.03%
10/18/2012,112.42,113.13,113.63,111.57,212.56,-0.71%
10/17/2012,113.22,113.93,114.31,112.8,197.96,-1.61%
10/16/2012,115.07,115.72,116.2,114.5,20.62,-0.63%
10/15/2012,115.8,114.64,115.91,113.58,108.78,1.03%
10/12/2012,114.62,115.96,115.96,113.94,119.85,-0.94%
10/11/2012,115.71,114.56,116.02,114.42,144.68,1.21%
10/10/2012,114.33,114.23,115.59,113.77,180.31,-0.15%
10/09/2012,114.5,112.22,114.72,111.97,213.79,2.40%
10/08/2012,111.82,111.99,112.35,110.54,168.66,-0.18%
10/05/2012,112.02,112.45,113.05,110.54,237.74,-0.50%
10/04/2012,112.58,108.2,112.69,108.02,240.03,4.08%
10/03/2012,108.17,111.36,111.36,107.67,240.5,-3.05%
10/02/2012,111.57,112.28,112.45,111.27,152.72,-0.55%
10/01/2012,112.19,112.34,113.27,111.47,161.82,-0.18%
09/28/2012,112.39,112.53,113.4,111.52,184.8,0.34%
09/27/2012,112.01,110.17,112.5,109.68,226.56,1.79%
09/26/2012,110.04,109.88,110.23,108.45,198.47,-0.37%
09/25/2012,110.45,109.93,111.47,109.44,195.94,0.58%
09/24/2012,109.81,111.5,111.56,108.78,187.25,-1.44%
09/21/2012,111.42,110.5,111.7,110.08,161.97,1.26%
09/20/2012,110.03,108.18,110.65,107.1,250.45,1.70%
09/19/2012,108.19,111.71,112.98,107.4,298.8,-3.43%
09/18/2012,112.03,113.45,114.42,111.61,212.11,-1.55%
09/17/2012,113.79,116.67,117.02,111.5,212.97,-2.46%
09/14/2012,116.66,115.66,117.95,115.58,181.37,-0.21%
09/13/2012,116.9,115.6,117.48,115.45,25.03,0.81%
09/12/2012,115.96,115,116.67,115,135.26,0.49%
09/11/2012,115.4,114.65,115.46,114.37,151.87,0.51%
09/10/2012,114.81,114.55,115.05,113.92,149.7,0.49%
09/07/2012,114.25,112.8,114.65,112.34,227.68,0.67%
09/06/2012,113.49,113.67,115.15,112.55,234.05,0.35%
09/05/2012,113.09,114.1,114.38,112.73,229.6,-0.95%
09/04/2012,114.18,115.51,116.65,113.93,216.75,-1.38%
09/03/2012,115.78,114.7,115.98,114.03,76.84,1.06%
08/31/2012,114.57,112.48,114.93,112.36,209.5,1.70%
08/30/2012,112.65,112.5,113.44,112.25,157.32,0.10%
08/29/2012,112.54,112.34,113.3,111.5,181.93,-0.04%
08/28/2012,112.58,112.68,113.1,111.71,191.61,0.29%
08/27/2012,112.26,113.8,115.5,111.56,171.39,-1.17%
08/24/2012,113.59,114.59,115.28,113,215.53,-1.23%
08/23/2012,115.01,114.84,116.38,114.33,196.03,0.09%
08/22/2012,114.91,114.71,115.27,113.53,203.76,0.24%
08/21/2012,114.64,113.65,115.58,113.65,172.4,0.83%
08/20/2012,113.7,113.83,114.7,112.87,162.57,-0.01%
08/17/2012,113.71,114.48,114.77,112.7,178.79,-2.73%
08/16/2012,116.9,116.55,117.03,115.5,14.43,0.56%
08/15/2012,116.25,113.94,116.72,113.49,83.42,1.95%
08/14/2012,114.03,113.47,114.3,113.22,103.78,0.38%
08/13/2012,113.6,113.4,115.11,113.09,146.51,0.58%
08/10/2012,112.95,113.28,113.54,111.31,139.05,-0.24%
08/09/2012,113.22,111.99,113.53,111.6,141.86,0.96%
08/08/2012,112.14,111.58,113.27,110.85,188.64,0.12%
08/07/2012,112,109.43,112.56,109.13,177.35,2.24%
08/06/2012,109.55,108.6,109.77,107.9,149.98,0.56%
08/03/2012,108.94,105.93,109.13,105.8,215.45,2.87%
08/02/2012,105.9,105.8,107.3,104.97,259.59,-0.06%
08/01/2012,105.96,104.4,106.92,104.06,206.85,0.99%
07/31/2012,104.92,106.12,106.52,104.1,210.36,-1.21%
07/30/2012,106.2,106.37,106.99,105.58,128.63,-0.25%
07/27/2012,106.47,105.19,106.73,105.02,185.6,1.15%
07/26/2012,105.26,104.15,106.18,103.47,218.01,0.84%
07/25/2012,104.38,103.16,104.71,102.1,217.39,0.93%
07/24/2012,103.42,103.09,104.48,102.53,221.46,0.15%
07/23/2012,103.26,106.9,106.94,102.42,215.64,-3.34%
07/20/2012,106.83,107.5,107.7,105.6,168.46,-0.90%
07/19/2012,107.8,105.32,108.18,105.28,199.49,2.51%
07/18/2012,105.16,103.58,105.6,103.22,198.74,1.12%
07/17/2012,104,103.32,104.75,102.77,186.28,0.43%
07/16/2012,103.55,102.76,103.69,102.07,18.63,1.12%
07/13/2012,102.4,100.53,103.44,100.51,110.86,1.32%
07/12/2012,101.07,100.64,101.36,98.51,175.04,0.84%
07/11/2012,100.23,97.97,100.83,97.83,171.82,2.31%
07/10/2012,97.97,99.5,99.65,97.73,201.85,-2.34%
07/09/2012,100.32,98.15,101.06,97.92,225.17,2.17%
07/06/2012,98.19,100.4,100.4,97.73,223.92,-2.49%
07/05/2012,100.7,99.75,102.34,99.3,314.93,0.93%
07/04/2012,99.77,100.75,100.95,99.26,79.56,-0.90%
07/03/2012,100.68,97.24,101.58,97.12,289.69,3.43%
07/02/2012,97.34,97.6,97.87,95.3,245.47,-0.47%
06/29/2012,97.8,92.06,98.29,91.73,275.79,7.05%
06/28/2012,91.36,93.32,93.85,90.88,235.16,-2.29%
06/27/2012,93.5,92.81,93.95,91.7,231.83,0.52%
06/26/2012,93.02,91.3,93.25,90.7,236.48,2.21%
06/25/2012,91.01,91.65,91.75,89.6,211.66,0.03%
06/22/2012,90.98,89.38,91.7,88.49,238.67,1.96%
06/21/2012,89.23,92.55,92.76,88.9,351.7,-3.73%
06/20/2012,92.69,95.71,96.04,92.38,328.77,-3.21%
06/19/2012,95.76,95.91,96.8,94.44,276.73,-0.30%
06/18/2012,96.05,98.04,99.5,95.38,233.81,-1.60%
06/15/2012,97.61,97.9,98.1,96.97,148.88,0.60%
06/14/2012,97.03,97.2,97.8,96.33,35.17,-0.10%
06/13/2012,97.13,97.24,98.38,96.67,138.29,-0.01%
06/12/2012,97.14,96.81,97.97,96.62,245.7,-0.88%
06/11/2012,98,100.24,102.21,96.46,233.78,-1.48%
06/08/2012,99.47,99.3,99.99,97.19,252.95,-0.46%
06/07/2012,99.93,100.91,102.45,99.07,284.01,-0.71%
06/06/2012,100.64,98.9,101.39,98.71,238.42,1.82%
06/05/2012,98.84,99.16,99.63,97.68,145.83,-0.01%
06/04/2012,98.85,98.43,99.15,95.63,174.17,0.43%
06/01/2012,98.43,101.69,101.95,97.54,324.33,-3.38%
05/31/2012,101.87,103.23,104.16,101.27,258.76,-1.55%
05/30/2012,103.47,106.82,106.82,102.85,225.43,-3.01%
05/29/2012,106.68,107.45,107.95,106.06,223.91,-0.40%
05/28/2012,107.11,106.83,108.04,106.8,55.58,0.26%
05/25/2012,106.83,106.55,107.24,106.02,145.99,0.26%
05/24/2012,106.55,106.1,107.25,105.03,191.1,0.94%
05/23/2012,105.56,108.11,108.16,105.39,239.76,-2.63%
05/22/2012,108.41,109.25,109.36,107.79,180.21,-0.37%
05/21/2012,108.81,107.4,109.43,106.75,171.29,1.56%
05/18/2012,107.14,106.75,107.99,106.4,206.5,-0.33%
05/17/2012,107.49,109.43,110.15,106.58,293.24,-3.78%
05/16/2012,111.71,112.02,112.1,110.41,22.42,-0.47%
05/15/2012,112.24,111.17,112.67,110.93,151.54,0.60%
05/14/2012,111.57,112.07,112.07,110.04,199.08,-0.61%
05/11/2012,112.26,112.05,112.8,111.4,189.45,-0.42%
05/10/2012,112.73,112.72,113.64,112.12,198.34,-0.42%
05/09/2012,113.2,113.05,113.27,111.31,239.78,0.42%
05/08/2012,112.73,113.16,113.64,110.53,252.43,-0.38%
05/07/2012,113.16,112.8,113.5,110.34,159.88,-0.02%
05/04/2012,113.18,115.91,116.29,111.76,323.77,-2.50%
05/03/2012,116.08,118.2,118.45,115.92,231.99,-1.79%
05/02/2012,118.2,119.7,119.8,117.64,216.22,-1.22%
05/01/2012,119.66,119.28,120.02,118.8,160.25,0.16%
04/30/2012,119.47,119.7,119.79,118.73,174.06,-0.30%
04/27/2012,119.83,119.6,119.95,119.06,173.89,-0.08%
04/26/2012,119.92,119.05,120.17,118.78,225.24,0.67%
04/25/2012,119.12,118.38,119.25,117.45,242.12,0.81%
04/24/2012,118.16,118.75,118.94,117.85,173.51,-0.46%
04/23/2012,118.71,118.7,118.91,117.21,203.51,-0.04%
04/20/2012,118.76,118.01,119.69,117.87,178.7,0.64%
04/19/2012,118,118.15,119.15,117.68,204.71,0.03%
04/18/2012,117.97,118.45,118.85,116.7,251.11,-0.68%
04/17/2012,118.78,118.53,119.34,117.98,248.48,0.08%
04/16/2012,118.68,121,121,118.2,232.83,-2.59%
04/13/2012,121.83,121.88,122,120.77,15.61,0.10%
04/12/2012,121.71,120.14,121.92,119.28,125.98,1.27%
04/11/2012,120.18,119.87,120.8,119.05,178.71,0.25%
04/10/2012,119.88,122.53,122.83,119.49,223.01,-2.27%
04/09/2012,122.67,122.85,122.86,121.02,91.96,-0.62%
04/05/2012,123.43,122.54,123.54,121.8,183.56,0.89%
04/04/2012,122.34,124.88,124.99,122.3,250.19,-2.02%
04/03/2012,124.86,125.3,125.97,124.3,197.65,-0.45%
04/02/2012,125.43,122.94,125.63,121.7,229.53,2.08%
03/30/2012,122.88,122.6,124.07,122.58,185.19,0.40%
03/29/2012,122.39,124.23,124.64,121.37,224.42,-1.43%
03/28/2012,124.16,125.18,125.18,123.53,212.67,-1.10%
03/27/2012,125.54,125.74,126.18,124.91,211.6,-0.09%
03/26/2012,125.65,125.04,125.89,124.58,128.77,0.42%
03/23/2012,125.13,123.3,127.06,123.1,207.43,1.62%
03/22/2012,123.14,124.04,124.25,122.3,189.19,-0.85%
03/21/2012,124.2,124.21,124.8,123.76,152.41,0.06%
03/20/2012,124.12,125.27,125.44,123.2,185.59,-1.26%
03/19/2012,125.71,125.6,126.05,124.82,128.75,-0.08%
03/16/2012,125.81,122.55,126.16,122.45,159.88,1.83%
03/15/2012,123.55,125.12,125.35,120.97,20.33,-1.14%
03/14/2012,124.97,126.12,126.68,124.64,106.67,-0.99%
03/13/2012,126.22,125.5,126.79,125,133.81,0.70%
03/12/2012,125.34,125.84,125.98,124.2,151.69,-0.51%
03/09/2012,125.98,125.48,126.37,124.69,140.59,0.43%
03/08/2012,125.44,124.05,126.34,123.8,191.53,1.06%
03/07/2012,124.12,122.19,124.45,121.99,199.25,1.75%
03/06/2012,121.98,124.39,124.39,121.59,233.27,-1.47%
03/05/2012,123.8,123.37,124.66,122.66,166.57,0.12%
03/02/2012,123.65,126.16,126.16,123.12,196.63,-2.02%
03/01/2012,126.2,123,128.4,122.49,260.75,2.89%
02/29/2012,122.66,121.61,123.2,120.5,243.68,0.91%
02/28/2012,121.55,123.39,123.95,121.5,195.25,-2.11%
02/27/2012,124.17,125.25,125.51,123,177.94,-1.04%
02/24/2012,125.47,124.01,125.55,123.3,146.86,1.50%
02/23/2012,123.62,122.73,124.5,122.1,214.76,0.59%
02/22/2012,122.9,121.5,123.23,121,180.94,1.02%
02/21/2012,121.66,120.07,121.88,119.21,156.16,1.34%
02/20/2012,120.05,120,121.15,119.8,64.82,0.39%
02/17/2012,119.58,120.13,120.7,118.85,183.83,-0.44%
02/16/2012,120.11,118.9,120.38,118.32,205.13,0.99%
02/15/2012,118.93,117.44,119.99,117.4,223.57,0.65%
02/14/2012,118.16,117.64,118.28,117,24.28,0.20%
02/13/2012,117.93,117.69,118.61,117.35,120.61,0.53%
02/10/2012,117.31,118.61,118.61,116.29,169.31,-1.08%
02/09/2012,118.59,117.7,118.79,117.28,189.77,1.19%
02/08/2012,117.2,116.01,117.97,115.9,217.97,0.83%
02/07/2012,116.23,116.64,117.5,115.6,245.84,0.26%
02/06/2012,115.93,114.58,116.68,113.65,212.32,1.18%
02/03/2012,114.58,112.5,114.71,111.93,235.99,2.24%
02/02/2012,112.07,111.51,112.56,111.04,213.05,0.46%
02/01/2012,111.56,111.3,112.82,111.02,210.93,0.52%
01/31/2012,110.98,110.98,113.9,110.5,238.21,0.21%
01/30/2012,110.75,111.5,111.78,110.25,163.79,-0.64%
01/27/2012,111.46,111,111.99,110.49,218.69,0.60%
01/26/2012,110.79,110.45,111.89,110.27,195.03,0.89%
01/25/2012,109.81,110.22,110.89,108.91,234.59,-0.20%
01/24/2012,110.03,110.84,111.11,109.7,178.43,-0.50%
01/23/2012,110.58,110.04,111.36,109.23,143.54,0.66%
01/20/2012,109.86,111.53,112.06,109.42,161.67,-1.52%
01/19/2012,111.55,111.1,111.75,110.37,173.95,0.80%
01/18/2012,110.66,111.46,112.2,110.33,213.9,-0.78%
01/17/2012,111.53,111.42,112.76,110.56,189.96,0.30%
01/16/2012,111.2,110.7,111.67,110.49,15.27,0.69%
01/13/2012,110.44,111.21,112.5,109.71,108.35,-0.74%
01/12/2012,111.26,112.84,115.12,110.31,148.85,-0.87%
01/11/2012,112.24,113.12,113.76,112.11,191.8,-0.92%
01/10/2012,113.28,112.5,114.01,112.43,186.77,0.74%
01/09/2012,112.45,113.42,113.88,111.8,203.39,-0.54%
01/06/2012,113.06,112.85,113.68,112.03,190.83,0.28%
01/05/2012,112.74,113.5,114.64,112.1,205.41,-0.84%
01/04/2012,113.7,112.1,113.97,111.27,221.27,1.40%
01/03/2012,112.13,108.35,112.44,108.35,178.62,4.42%
12/30/2011,107.38,108,108.25,106.62,93.57,-0.58%
12/29/2011,108.01,107.41,108.1,106.5,108.32,0.42%
12/28/2011,107.56,108.93,109.5,106.77,114.94,-1.56%
12/27/2011,109.27,108.16,109.5,107.85,50.68,1.21%
12/23/2011,107.96,107.77,108.55,107.4,64.61,0.06%
12/22/2011,107.89,107.92,108.5,107.29,111.16,0.17%
12/21/2011,107.71,107.15,108.17,106.16,145.09,0.92%
12/20/2011,106.73,104.3,107.27,103.91,170.24,2.98%
12/19/2011,103.64,103.63,104.57,102.37,147.88,0.28%
12/16/2011,103.35,103.51,104.56,102.46,140.08,-1.66%
12/15/2011,105.09,104.88,106.5,104.88,14.33,0.07%
12/14/2011,105.02,109.47,109.5,104.36,98.85,-4.09%
12/13/2011,109.5,107.23,111.1,107.07,156.39,2.09%
12/12/2011,107.26,108.75,108.75,107,141.32,-1.25%
12/09/2011,108.62,107.66,108.99,107.11,159.31,0.47%
12/08/2011,108.11,109.6,110.67,107.28,172.1,-1.30%
12/07/2011,109.53,110.7,111.49,109,167.44,-1.16%
12/06/2011,110.81,109.19,110.96,109.04,135.06,0.91%
12/05/2011,109.81,110.36,111.62,109.2,145.85,-0.12%
12/02/2011,109.94,109.09,110.41,108.62,156.65,0.87%
12/01/2011,108.99,110.75,111.24,108.18,187.09,-1.38%
11/30/2011,110.52,110.8,112.03,109.65,231.07,-0.27%
11/29/2011,110.82,108.52,111,108.39,223.51,1.67%
11/28/2011,109,106.73,109.49,106.63,209.09,2.44%
11/25/2011,106.4,107.5,107.79,105.85,128.59,-1.28%
11/24/2011,107.78,107.2,108.09,107.04,66.69,0.71%
11/23/2011,107.02,108.61,108.85,106.82,193.01,-1.84%
11/22/2011,109.03,106.62,109.45,106.62,215.45,2.01%
11/21/2011,106.88,107.46,107.74,105.65,183.5,-0.63%
11/18/2011,107.56,107.53,109.99,106.97,207.45,-0.61%
11/17/2011,108.22,110.85,111.98,107.56,269.9,-3.27%
11/16/2011,111.88,112.2,112.5,110.14,271,-0.45%
11/15/2011,112.39,112.03,113.14,111.62,20.24,0.45%
11/14/2011,111.89,114.63,114.83,111.32,122.95,-1.99%
11/11/2011,114.16,113.07,114.91,113.06,132.5,0.40%
11/10/2011,113.71,112.33,114.13,111.3,223.77,1.25%
11/09/2011,112.31,115.42,115.75,111.78,271.93,-2.34%
11/08/2011,115,114.6,116.48,114.2,224.85,0.38%
11/07/2011,114.56,112.41,115.23,111.26,186.13,2.31%
11/04/2011,111.97,110.79,112.48,110.3,178.39,1.03%
11/03/2011,110.83,109.65,111.24,107.83,224.72,1.36%
11/02/2011,109.34,108.87,111.47,108.56,238.27,-0.18%
11/01/2011,109.54,109.09,109.68,106.1,239.03,-0.02%
10/31/2011,109.56,110.13,110.33,108.2,169.59,-0.32%
10/28/2011,109.91,112.13,112.23,109.65,187.75,-1.94%
10/27/2011,112.08,109.5,112.79,109.5,238.41,2.91%
10/26/2011,108.91,110.85,111.78,108.76,205.83,-1.81%
10/25/2011,110.92,111.55,112.15,109.47,256.19,-0.48%
10/24/2011,111.45,109.32,111.6,109.32,188.01,1.73%
10/21/2011,109.56,109.91,111.88,109.25,190.68,-0.18%
10/20/2011,109.76,108.5,110.17,107.31,277.56,1.26%
10/19/2011,108.39,111.07,111.85,108.12,250.46,-2.48%
10/18/2011,111.15,110.16,111.89,108.45,267.36,0.90%
10/17/2011,110.16,112.46,113.86,109.72,203.73,-3.94%
10/14/2011,114.68,111.15,114.8,110.96,19.21,3.21%
10/13/2011,111.11,111.1,111.87,109.07,59.12,-0.22%
10/12/2011,111.36,110.31,113,109.89,126.97,0.57%
10/11/2011,110.73,108.85,111.24,107.45,180.79,1.63%
10/10/2011,108.95,106.01,109.5,105.65,162.62,2.90%
10/07/2011,105.88,105.4,106.64,104.37,170.25,0.14%
10/06/2011,105.73,102.65,105.88,101.53,192.57,2.92%
10/05/2011,102.73,101.81,102.84,100.66,215.94,2.95%
10/04/2011,99.79,100.65,102.41,99.11,264.83,-1.89%
10/03/2011,101.71,102,102.8,100.59,203.33,-1.02%
09/30/2011,102.76,104.91,104.91,101.78,243.64,-1.14%
09/29/2011,103.95,103,105.82,102.35,220.41,0.13%
09/28/2011,103.81,106.75,107.41,103.23,207.77,-3.11%
09/27/2011,107.14,104.77,107.54,104.5,219.79,3.08%
09/26/2011,103.94,103.61,105.34,101.66,200.58,-0.03%
09/23/2011,103.97,105.36,107,103.43,244.21,-1.44%
09/22/2011,105.49,109.5,109.5,104.85,305.83,-4.41%
09/21/2011,110.36,110.25,112.44,108.92,207.91,-0.16%
09/20/2011,110.54,109.2,111.59,108.7,183.67,1.28%
09/19/2011,109.14,111.71,112.11,108.7,166.6,-2.74%
09/16/2011,112.22,112.46,114.25,111.51,219.61,-2.71%
09/15/2011,115.34,112.41,116.1,111.75,17.01,2.62%
09/14/2011,112.4,111.93,112.7,110.83,85.04,0.46%
09/13/2011,111.89,112.85,113.3,111.28,133.94,-0.32%
09/12/2011,112.25,112.43,113.76,110.42,159.2,-0.46%
09/09/2011,112.77,114.26,115.17,110.93,202.67,-1.55%
09/08/2011,114.55,116.05,116.6,113.95,190.73,-1.08%
09/07/2011,115.8,113.41,116.5,112.7,193.49,2.58%
09/06/2011,112.89,109.89,113.61,109.85,188.94,2.55%
09/05/2011,110.08,112.5,112.5,109.9,78.91,-2.00%
09/02/2011,112.33,114.18,114.58,111.36,227.68,-1.71%
09/01/2011,114.29,114.85,115.36,113.61,179.42,-0.49%
08/31/2011,114.85,113.85,115.19,113.52,212.63,0.73%
08/30/2011,114.02,112.36,114.25,111.16,184.91,1.91%
08/29/2011,111.88,110.77,112.73,110.53,92.6,0.47%
08/26/2011,111.36,110.57,111.7,109.3,194.49,0.67%
08/25/2011,110.62,110.32,111.45,109,220.39,0.43%
08/24/2011,110.15,109.66,111,108.71,204.41,0.77%
08/23/2011,109.31,108.1,110.2,107.2,233.27,0.88%
08/22/2011,108.36,108.5,108.75,105.15,245.43,-0.24%
08/19/2011,108.62,106.27,109.4,105.06,253.16,1.52%
08/18/2011,106.99,110.55,110.75,106.27,260.63,-3.26%
08/17/2011,110.6,109.58,111.74,109.09,178.71,1.03%
08/16/2011,109.47,109.48,109.94,108.23,29.2,-0.40%
08/15/2011,109.91,108.1,110,107.4,114.74,1.74%
08/12/2011,108.03,107.94,109.16,106.86,176.27,0.01%
08/11/2011,108.02,105,108.22,104.43,223.11,1.26%
08/10/2011,106.68,104.2,107.11,103.41,260.96,4.01%
08/09/2011,102.57,103.15,105.95,98.74,307.86,-1.13%
08/08/2011,103.74,108.5,108.5,102.7,243.24,-5.15%
08/05/2011,109.37,107.25,110.26,104.3,290.61,1.98%
08/04/2011,107.25,113.5,113.73,107,322.55,-5.28%
08/03/2011,113.23,116.19,116.29,112.84,240.05,-2.77%
08/02/2011,116.46,117,118.4,115.53,210.26,-0.30%
08/01/2011,116.81,117,120.4,114.78,247.67,0.06%
07/29/2011,116.74,117.17,117.7,115.75,196.46,-0.53%
07/28/2011,117.36,117.3,118.71,117.05,187.59,-0.06%
07/27/2011,117.43,118.15,118.5,117.18,177.13,-0.72%
07/26/2011,118.28,117.65,119.05,116.53,177.47,0.29%
07/25/2011,117.94,118.36,118.45,116.92,129.31,-0.62%
07/22/2011,118.67,118.03,118.8,117.35,119.58,0.99%
07/21/2011,117.51,118.35,119.25,116.62,184,-0.54%
07/20/2011,118.15,117.45,118.86,117.06,161.92,0.93%
07/19/2011,117.06,116.5,118.45,116.09,192.54,0.87%
07/18/2011,116.05,117.55,117.8,114.66,152.09,-1.03%
07/15/2011,117.26,116.23,117.75,115.16,143.92,-0.90%
07/14/2011,118.32,118.53,119.4,117.73,17.51,-0.39%
07/13/2011,118.78,116.95,119.86,116.71,107.67,0.87%
07/12/2011,117.75,117.22,117.83,114.95,150.99,0.44%
07/11/2011,117.24,118.27,118.4,115.22,179.64,-0.92%
07/08/2011,118.33,118.51,119.87,116.88,217.55,-0.22%
07/07/2011,118.59,114.4,118.7,113.75,215.11,4.37%
07/06/2011,113.62,113.51,114.32,111.91,183.53,0.01%
07/05/2011,113.61,111.55,114.44,110.45,188.86,1.99%
07/04/2011,111.39,111.3,112.16,111.02,44.89,-0.34%
07/01/2011,111.77,111.8,112.48,109.5,158.45,-0.63%
06/30/2011,112.48,112.3,113.24,110.72,193.59,0.07%
06/29/2011,112.4,108.65,112.67,108.1,230.75,3.33%
06/28/2011,108.78,106.76,109.05,105.35,212.67,2.63%
06/27/2011,105.99,105.36,106.74,102.28,204.81,0.83%
06/24/2011,105.12,108.59,108.7,103.62,264.61,-2.00%
06/23/2011,107.26,113.19,113.4,105.72,463.81,-6.09%
06/22/2011,114.21,110.97,114.48,110.35,220.84,2.94%
06/21/2011,110.95,111.54,113.1,109.92,230.17,-0.66%
06/20/2011,111.69,112.96,113.38,111.23,180.22,-1.34%
06/17/2011,113.21,114.21,114.31,111.05,213.26,-0.71%
06/16/2011,114.02,113.72,114.94,112.55,229.65,-2.63%
06/15/2011,117.1,120.22,121.47,116.8,23.99,-2.55%
06/14/2011,120.16,118.7,120.75,118.56,155.48,0.89%
06/13/2011,119.1,118.46,120.25,117.12,232.15,0.27%
06/10/2011,118.78,119.53,120.07,117.63,186.22,-0.66%
06/09/2011,119.57,117.8,119.86,117.37,233.05,1.46%
06/08/2011,117.85,116.89,118.59,115.75,252.41,0.92%
06/07/2011,116.78,114.3,117.43,113.8,237.25,2.01%
06/06/2011,114.48,115.96,116.14,113.96,154.18,-1.17%
06/03/2011,115.84,115.66,116.25,113.4,194.13,0.26%
06/02/2011,115.54,114.33,115.95,113.74,217.54,0.88%
06/01/2011,114.53,117.07,117.28,113.84,191.59,-1.88%
05/31/2011,116.73,114.52,117.49,114.5,168.24,1.79%
05/30/2011,114.68,114.87,115,114.24,18.83,-0.30%
05/27/2011,115.03,114.94,115.68,114.4,136.99,-0.02%
05/26/2011,115.05,114.73,115.47,114.1,193.65,0.10%
05/25/2011,114.93,112,115.07,111.14,225.72,2.13%
05/24/2011,112.53,109.54,112.65,109.5,193.63,2.21%
05/23/2011,110.1,112.12,112.23,108.58,191.5,-2.04%
05/20/2011,112.39,111.66,112.88,108.6,214.85,0.87%
05/19/2011,111.42,112.5,113.04,111.16,163.74,-0.78%
05/18/2011,112.3,110.56,113.1,110.42,182.84,2.10%
05/17/2011,109.99,110.42,111.82,108.07,226.25,-2.43%
05/16/2011,112.73,113.56,114,112,28.09,-0.97%
05/13/2011,113.83,113.1,114.92,111.72,165.42,0.75%
05/12/2011,112.98,113.23,114.56,110.15,247.29,0.36%
05/11/2011,112.57,117.87,118.43,111.95,282.89,-4.30%
05/10/2011,117.63,115.4,117.95,113.58,267.71,1.49%
05/09/2011,115.9,110.2,116.52,109.05,326.04,6.20%
05/06/2011,109.13,111.77,114.24,105.15,427.37,-1.51%
05/05/2011,110.8,120.5,121.96,109.02,403.81,-8.57%
05/04/2011,121.19,122.14,123.06,120.49,221.79,-1.03%
05/03/2011,122.45,124.3,125.02,121.75,194.44,-2.13%
05/02/2011,125.12,126.1,126.54,121.67,131.02,-0.61%
04/29/2011,125.89,124.9,126.1,124.25,78.86,0.70%
04/28/2011,125.02,125.3,126.66,124.07,192.58,-0.09%
04/27/2011,125.13,123.9,125.8,123.25,209.51,0.80%
04/26/2011,124.14,123.45,124.4,122.78,143.81,0.39%
04/25/2011,123.66,123.99,124.75,122.71,71.95,-0.27%
04/21/2011,123.99,123.85,124.81,123.2,133.92,0.11%
04/20/2011,123.85,121.22,124.23,121.1,168.57,2.08%
04/19/2011,121.33,121.77,122.29,119.03,228.89,-0.23%
04/18/2011,121.61,123.15,123.66,121,158.61,-1.49%
04/15/2011,123.45,122.4,124.02,121.59,143.88,0.89%
04/14/2011,122.36,123.21,123.4,121.9,28.24,-0.42%
04/13/2011,122.88,120.8,123.26,120.2,118.99,1.62%
04/12/2011,120.92,123.34,125.38,120,207.26,-2.47%
04/11/2011,123.98,126.58,127.02,123,169.92,-2.11%
04/08/2011,126.65,122.45,126.91,122.28,153.92,3.24%
04/07/2011,122.67,122.35,122.89,121.38,155.32,0.30%
04/06/2011,122.3,121.72,123.37,121.36,154.92,0.07%
04/05/2011,122.22,120.81,122.89,119.95,199.75,0.96%
04/04/2011,121.06,119.05,121.29,118.75,172.88,1.99%
04/01/2011,118.7,117.61,119.14,116.75,184.82,1.14%
03/31/2011,117.36,115.3,117.7,115.11,178.84,1.94%
03/30/2011,115.13,115.11,115.7,114.5,123.19,-0.03%
03/29/2011,115.16,114.68,115.64,113.52,155.8,0.31%
03/28/2011,114.8,115.75,116,114.55,138.66,-0.68%
03/25/2011,115.59,115.73,116.13,115.2,114.22,-0.11%
03/24/2011,115.72,115.38,115.92,114.5,165.37,0.15%
03/23/2011,115.55,115.9,116.4,115.07,133.35,-0.13%
03/22/2011,115.7,114.98,116.09,114.15,149.46,0.64%
03/21/2011,114.96,114.75,116.22,114.6,161.34,0.90%
03/18/2011,113.93,115.5,117.29,113.07,235.37,-0.84%
03/17/2011,114.9,110.24,115.5,109.45,184.24,3.87%
03/16/2011,110.62,108.25,111.76,107.35,23.23,1.94%
03/15/2011,108.52,113.82,113.82,107.88,101.15,-4.53%
03/14/2011,113.67,113.6,114.18,111.16,125.65,-0.15%
03/11/2011,113.84,115.01,115.68,112.25,165.97,-1.38%
03/10/2011,115.43,116.12,116.55,113.52,201.42,-0.44%
03/09/2011,115.94,112.95,116.18,112.16,191.32,2.55%
03/08/2011,113.06,114.8,115.29,112.13,227.05,-1.72%
03/07/2011,115.04,116.12,118.5,114.5,205.26,-0.80%
03/04/2011,115.97,114.85,116.49,114.79,167.59,1.03%
03/03/2011,114.79,116.65,116.9,113.09,213.74,-1.34%
03/02/2011,116.35,116.2,117.81,114.53,208.29,0.81%
03/01/2011,115.42,111.9,116.76,111.8,194.43,3.24%
02/28/2011,111.8,112.5,114.5,111.25,172.91,-0.30%
02/25/2011,112.14,111.4,113.91,110.52,178.32,0.70%
02/24/2011,111.36,111.98,119.79,109.6,305.89,0.10%
02/23/2011,111.25,106.1,112.46,105.97,258.62,5.17%
02/22/2011,105.78,107.9,108.57,105.56,248.65,0.04%
02/21/2011,105.74,102.96,108.7,102.93,128.96,3.14%
02/18/2011,102.52,102.97,103.5,100.73,209.58,-0.07%
02/17/2011,102.59,104.16,104.3,102.37,210.88,-1.15%
02/16/2011,103.78,101.75,104.52,101.73,208.42,2.11%
02/15/2011,101.64,103.11,104.04,101.3,184.71,-1.40%
02/14/2011,103.08,101.13,104.3,100.91,191.74,1.63%
02/11/2011,101.43,101.56,102.03,100.43,18.9,0.56%
02/10/2011,100.87,101.95,102.88,100.48,130.45,-0.93%
02/09/2011,101.82,100.34,102.25,100.03,136.43,1.90%
02/08/2011,99.92,99.3,100.42,97.51,202.99,0.68%
02/07/2011,99.25,99.83,100.9,98.77,193.65,-0.58%
02/04/2011,99.83,101.86,102.48,99.48,173.53,-1.90%
02/03/2011,101.76,102.62,103.37,101.41,162.56,-0.57%
02/02/2011,102.34,101.7,102.59,101.29,182.25,0.59%
02/01/2011,101.74,101.01,102.08,100.19,181.78,0.72%
01/31/2011,101.01,99.61,101.73,98.5,197.71,1.60%
01/28/2011,99.42,97.44,99.74,97.14,234.92,2.08%
01/27/2011,97.39,98.15,98.95,97.15,201.58,-0.53%
01/26/2011,97.91,95.39,98.34,95.29,205.11,2.79%
01/25/2011,95.25,96.39,96.68,94.75,229.71,-1.41%
01/24/2011,96.61,97.59,98.17,96.23,193.78,-1.01%
01/21/2011,97.6,96.34,97.86,96.26,161.78,1.06%
01/20/2011,96.58,97.88,98.14,95.43,218.21,-1.61%
01/19/2011,98.16,97.75,98.6,97.55,181.44,0.37%
01/18/2011,97.8,97.4,98.37,96.6,203.4,0.38%
01/17/2011,97.43,98.33,98.75,97.4,85.29,-1.27%
01/14/2011,98.68,98.44,99.2,97.74,20.65,0.63%
01/13/2011,98.06,98.22,98.67,97.3,96.06,-0.06%
01/12/2011,98.12,97.64,98.85,97.28,158.64,0.52%
01/11/2011,97.61,95.63,97.82,95.08,160.42,2.00%
01/10/2011,95.7,93.8,95.88,93.6,165.99,2.54%
01/07/2011,93.33,94.38,94.58,92.59,165.97,-1.26%
01/06/2011,94.52,95.7,96.12,94.01,217.45,-1.03%
01/05/2011,95.5,93.35,95.86,92.37,212.4,2.11%
01/04/2011,93.53,94.92,95.74,92.58,184.63,-1.38%
01/03/2011,94.84,94.75,96.17,94.5,82.67,0.09%
12/31/2010,94.75,92.87,95.2,92.18,71.72,1.78%
12/30/2010,93.09,94.18,94.42,92.34,110.4,-1.12%
12/29/2010,94.14,94.34,94.38,93.62,78.32,-0.25%
12/28/2010,94.38,93.9,94.42,93.66,35.35,0.56%
12/27/2010,93.85,93.76,94.52,93.08,38.03,0.09%
12/24/2010,93.77,94.45,94.74,93.18,23.32,-0.51%
12/23/2010,94.25,93.8,94.54,93.28,96.2,0.64%
12/22/2010,93.65,93.48,93.94,93.25,109.91,0.48%
12/21/2010,93.2,92.7,93.5,92.35,107.66,0.50%
12/20/2010,92.74,91.65,92.9,91.02,106.86,1.17%
12/17/2010,91.67,91.89,92.39,90.9,125.78,-0.04%
12/16/2010,91.71,92.04,92.29,91.66,20.78,-0.53%
12/15/2010,92.2,90.98,92.42,90.34,111.13,1.09%
12/14/2010,91.21,91.05,91.73,90.68,119.1,0.02%
12/13/2010,91.19,90.65,92.3,90.33,128.04,0.78%
12/10/2010,90.48,91.06,91.57,89.86,121.14,-0.56%
12/09/2010,90.99,91.27,91.64,90.27,131.08,0.24%
12/08/2010,90.77,90.85,91.74,90.15,170.41,-0.68%
12/07/2010,91.39,90.97,92.86,90.71,202.01,-0.07%
12/06/2010,91.45,91.46,92.03,90.86,142.25,0.03%
12/03/2010,91.42,90.47,91.85,90.1,195.91,0.80%
12/02/2010,90.69,88.81,90.84,88.41,185.73,2.05%
12/01/2010,88.87,85.71,89.02,85.41,180.27,3.43%
11/30/2010,85.92,87.55,87.55,85.43,172.89,-1.63%
11/29/2010,87.34,85.5,87.55,85.5,176.88,2.06%
11/26/2010,85.58,85.89,85.95,84.75,114.25,-0.60%
11/25/2010,86.1,85.83,86.5,85.4,65.18,0.30%
11/24/2010,85.84,83.3,86.25,83.3,183.97,3.11%
11/23/2010,83.25,83.75,84,82.43,181.85,-0.85%
11/22/2010,83.96,84.34,85.45,83.11,148.05,-0.45%
11/19/2010,84.34,85.2,86.15,83.87,207.66,-0.83%
11/18/2010,85.05,83.5,85.5,83.5,183.98,2.13%
11/17/2010,83.28,84.7,85.06,82.96,215.57,-1.71%
11/16/2010,84.73,86.5,86.71,84.5,198.21,-2.27%
11/15/2010,86.7,86.44,87.37,86.35,28.41,0.42%
11/12/2010,86.34,88.69,88.74,85.76,160.87,-2.78%
11/11/2010,88.81,89.16,89.7,88.62,165.06,-0.17%
11/10/2010,88.96,88.05,89.32,87.73,182.37,0.71%
11/09/2010,88.33,88.01,89.02,87.17,200.88,-0.15%
11/08/2010,88.46,88.3,88.72,87.3,127.02,0.40%
11/05/2010,88.11,88.28,88.8,87.31,130.63,0.13%
11/04/2010,88,86.75,88.29,86.63,150.41,1.88%
11/03/2010,86.38,85.88,86.89,85.24,195.89,1.14%
11/02/2010,85.41,84.62,85.89,84.53,176.79,0.93%
11/01/2010,84.62,83.13,85.54,82.82,212,1.77%
10/29/2010,83.15,83.47,83.59,82.21,197.77,-0.53%
10/28/2010,83.59,83.35,83.85,82.97,167.93,0.43%
10/27/2010,83.23,83.59,83.67,81.85,187.59,-0.51%
10/26/2010,83.66,83.3,83.89,82.96,153.05,0.14%
10/25/2010,83.54,83.15,84.2,82.7,199.14,0.70%
10/22/2010,82.96,82.05,83.25,81.83,141.97,1.38%
10/21/2010,81.83,83.69,83.88,81.45,208.82,-2.12%
10/20/2010,83.6,80.92,83.7,80.75,212.2,3.08%
10/19/2010,81.1,84.36,84.45,80.76,245.99,-3.88%
10/18/2010,84.37,83.05,84.5,81.53,182.88,2.33%
10/15/2010,82.45,84.02,84.5,81.95,222.42,-2.46%
10/14/2010,84.53,84.75,85.46,83.84,27.96,-0.13%
10/13/2010,84.64,83.46,84.98,83.46,107.29,1.37%
10/12/2010,83.5,83.41,84,82.48,143.2,-0.26%
10/11/2010,83.72,84.33,84.68,83.3,108.24,-0.37%
10/08/2010,84.03,83.03,84.59,81.86,169.16,0.72%
10/07/2010,83.43,85.3,86.02,82.93,216.16,-1.92%
10/06/2010,85.06,84.78,85.88,84.26,155.27,0.26%
10/05/2010,84.84,83.19,84.93,82.93,153.86,1.87%
10/04/2010,83.28,83.81,84.41,82.9,141.04,-0.56%
10/01/2010,83.75,82.21,83.81,82.21,153.49,1.75%
09/30/2010,82.31,80.79,82.4,80.41,173.95,1.91%
09/29/2010,80.77,78.88,80.93,78.34,187.73,2.62%
09/28/2010,78.71,78.33,79.53,77.74,175.7,0.18%
09/27/2010,78.57,79.01,79.2,77.6,146.39,-0.38%
09/24/2010,78.87,78,79.4,77.69,143.2,0.97%
09/23/2010,78.11,77.93,78.48,76.75,169.29,0.21%
09/22/2010,77.95,78.2,78.84,77.5,157.46,-0.60%
09/21/2010,78.42,79.25,80,78,161.03,-1.13%
09/20/2010,79.32,78.2,79.92,77.63,145.67,1.42%
09/17/2010,78.21,78.46,79.47,77.25,155.05,-0.34%
09/16/2010,78.48,79.13,79.64,77.87,161.82,-0.54%
09/15/2010,78.91,79.12,79.15,78.18,17.66,-0.32%
09/14/2010,79.16,78.93,79.9,78.47,91.97,0.16%
09/13/2010,79.03,78.23,79.41,78.13,113.94,1.11%
09/10/2010,78.16,77.41,78.39,77.05,134.04,0.89%
09/09/2010,77.47,78.33,78.82,77,143.97,-0.90%
09/08/2010,78.17,77.7,78.85,76.78,204.52,0.55%
09/07/2010,77.74,76.99,78.32,75.56,205.67,1.13%
09/06/2010,76.87,76.62,77.18,76.18,62.9,0.26%
09/03/2010,76.67,76.71,77.46,75.33,164.46,-0.34%
09/02/2010,76.93,76.18,77.14,75.21,167.83,0.76%
09/01/2010,76.35,74.46,76.76,74.42,159.77,2.29%
08/31/2010,74.64,76.1,76.8,74.24,192.77,-2.56%
08/30/2010,76.6,76.65,77.05,75.91,74.83,-0.07%
08/27/2010,76.65,74.81,76.93,74.39,188.04,2.17%
08/26/2010,75.02,73.73,75.55,73.38,181.36,2.10%
08/25/2010,73.48,72.33,73.9,71.75,189.41,1.52%
08/24/2010,72.38,73.31,73.66,72.1,191.92,-1.68%
08/23/2010,73.62,74.46,74.9,73.25,132.87,-0.86%
08/20/2010,74.26,75.3,75.77,74,120.71,-1.38%
08/19/2010,75.3,76.3,77.17,75,146.84,-1.53%
08/18/2010,76.47,76.77,76.86,75.3,173.57,-0.60%
08/17/2010,76.93,75.31,77.69,75.31,167.82,2.78%
08/16/2010,74.85,75.12,75.75,74.53,22.08,-0.35%
08/13/2010,75.11,75.68,76.43,74.67,123.24,-0.54%
08/12/2010,75.52,77.1,77.56,75.25,170.68,-2.73%
08/11/2010,77.64,79.49,79.62,76.92,142,-2.46%
08/10/2010,79.6,81,81.13,78.5,181.38,-1.72%
08/09/2010,80.99,80.49,81.38,80.26,105.32,1.04%
08/06/2010,80.16,81.61,82.17,79.56,145.82,-1.78%
08/05/2010,81.61,82.2,82.28,81.05,119.31,-0.72%
08/04/2010,82.2,82.52,82.86,81.6,163.17,-0.58%
08/03/2010,82.68,81.05,82.8,80.64,197.73,2.30%
08/02/2010,80.82,78.11,81.2,78.1,152.06,3.38%
07/30/2010,78.18,77.42,78.31,76.2,156.38,0.76%
07/29/2010,77.59,75.98,78.16,75.6,209.06,2.01%
07/28/2010,76.06,75.86,76.4,74.8,159.86,-0.09%
07/27/2010,76.13,77.45,78.25,75.48,167.48,-1.77%
07/26/2010,77.5,77.45,77.91,76.54,98.28,0.06%
07/23/2010,77.45,77.66,78.1,76.92,119.51,-0.48%
07/22/2010,77.82,75.44,77.92,74.91,167.71,3.25%
07/21/2010,75.37,76.33,77.2,75.06,150.6,-1.12%
07/20/2010,76.22,75.8,76.5,74.75,150.78,0.79%
07/19/2010,75.62,75.13,77.2,74.77,146.29,0.33%
07/16/2010,75.37,76.38,76.48,74.64,124.97,-1.08%
07/15/2010,76.19,76.24,77.4,75.28,13.6,-0.76%
07/14/2010,76.77,76.96,77.79,76.05,70.92,0.16%
07/13/2010,76.65,74.49,76.98,73.67,124.02,3.07%
07/12/2010,74.37,75.19,75.72,73.85,109.33,-1.39%
07/09/2010,75.42,75.08,75.86,74.41,123.29,0.95%
07/08/2010,74.71,74.2,75.25,73.71,147.17,1.63%
07/07/2010,73.51,71.61,74.32,70.88,148.1,2.88%
07/06/2010,71.45,71.47,73.28,70.77,134.11,-0.03%
07/05/2010,71.47,71.56,72.28,71.06,46.92,-0.25%
07/02/2010,71.65,71.75,72.83,71.21,136.17,-0.95%
07/01/2010,72.34,74.65,74.65,71.5,211.21,-3.56%
06/30/2010,75.01,74.9,76.25,74.02,207.09,-0.57%
06/29/2010,75.44,77.75,77.75,74.82,168.85,-2.77%
06/28/2010,77.59,78.14,78.66,77.06,114.96,-0.68%
06/25/2010,78.12,76.42,78.5,75.72,158.18,2.16%
06/24/2010,76.47,76.03,76.7,75.4,146.53,0.26%
06/23/2010,76.27,77.99,78.18,75.54,164.56,-2.27%
06/22/2010,78.04,78.76,79.12,77.56,123,-0.99%
06/21/2010,78.82,78.49,79.86,77.73,149.05,0.77%
06/18/2010,78.22,78.46,78.86,77.25,119.76,-0.58%
06/17/2010,78.68,78.1,79.1,77.64,179.2,0.69%
06/16/2010,78.14,77.19,78.56,76.6,162.55,2.55%
06/15/2010,76.2,75.11,76.34,74.79,24.51,1.33%
06/14/2010,75.2,74.51,76.33,74.44,183.18,1.14%
06/11/2010,74.35,75.38,75.72,73.6,154.98,-1.25%
06/10/2010,75.29,73.92,75.88,73.68,160.43,1.37%
06/09/2010,74.27,72.5,74.75,72.01,142.45,2.72%
06/08/2010,72.3,71.51,72.7,71.26,154.49,0.25%
06/07/2010,72.12,71.55,72.95,70.5,140.83,0.04%
06/04/2010,72.09,75.25,76.55,71.48,177.34,-4.40%
06/03/2010,75.41,74.5,75.58,73.79,171.23,2.25%
06/02/2010,73.75,72.32,74.63,71.97,176.17,1.43%
06/01/2010,72.71,74.82,75.39,71.51,203.03,-2.60%
05/31/2010,74.65,74.02,74.72,74.02,14.78,0.85%
05/28/2010,74.02,74.7,75.74,73.28,142.58,-0.86%
05/27/2010,74.66,71.14,74.95,71.08,169.29,4.07%
05/26/2010,71.74,70.55,72.08,69.69,168.44,3.15%
05/25/2010,69.55,70.92,70.95,68.15,192.34,-2.28%
05/24/2010,71.17,71.8,72.26,70.89,137.7,-0.71%
05/21/2010,71.68,70.83,72.8,70.56,183.16,-0.22%
05/20/2010,71.84,73.75,74.23,70.2,243.99,-2.51%
05/19/2010,73.69,74.05,74.5,72.72,224.49,-0.99%
05/18/2010,74.43,75.77,76.6,74.01,216.55,-0.89%
05/17/2010,75.1,78.05,78.47,74.75,200.85,-2.70%
05/14/2010,77.18,79.73,80,76.8,27.81,-3.66%
05/13/2010,80.11,81.18,81.68,79.7,120.46,-1.34%
05/12/2010,81.2,80.2,81.72,79.93,120.96,0.88%
05/11/2010,80.49,80.22,81,78.91,153.99,0.46%
05/10/2010,80.12,78.9,81.76,78.89,173.96,2.36%
05/07/2010,78.27,79.87,80.65,77.58,230.38,-1.95%
05/06/2010,79.83,82.65,82.98,77.51,231.81,-3.37%
05/05/2010,82.61,85.2,85.95,82.13,224.32,-3.57%
05/04/2010,85.67,88.76,89.05,85.16,194.51,-3.68%
05/03/2010,88.94,87.44,89.58,87.16,94.35,1.72%
04/30/2010,87.44,87.09,87.72,86.75,162.74,0.62%
04/29/2010,86.9,86.24,87.66,85.88,157.01,0.86%
04/28/2010,86.16,85.29,86.3,84.88,187.87,0.44%
04/27/2010,85.78,86.83,87.15,85.2,189.6,-1.21%
04/26/2010,86.83,87.27,87.75,86.46,125.03,-0.48%
04/23/2010,87.25,85.5,87.33,85.21,150.14,1.84%
04/22/2010,85.67,85.68,86.3,84.15,220.27,-0.04%
04/21/2010,85.7,85.17,86.16,84.59,207.89,1.06%
04/20/2010,84.8,84.51,85.5,84.48,164.02,0.68%
04/19/2010,84.23,85.74,85.74,83.25,200.19,-2.05%
04/16/2010,85.99,87.48,87.57,85.12,200.56,-1.35%
04/15/2010,87.17,86.28,87.58,86.1,18.9,1.18%
04/14/2010,86.15,84.68,86.64,84.49,101.21,1.69%
04/13/2010,84.72,84.66,85,83.51,121.59,-0.06%
04/12/2010,84.77,84.87,85.74,84.48,139.42,-0.07%
04/09/2010,84.83,85.18,85.94,83.95,154.82,0.02%
04/08/2010,84.81,85.35,85.55,84.2,157.32,-0.91%
04/07/2010,85.59,85.97,86.47,85.16,152.66,-0.65%
04/06/2010,86.15,85.9,86.63,85.35,119.37,0.31%
04/05/2010,85.88,84.47,86.09,84.05,61.25,2.23%
04/01/2010,84.01,82.44,84.5,82.22,132.42,1.58%
03/31/2010,82.7,81.14,82.82,81.1,152.05,1.75%
03/30/2010,81.28,81.32,81.78,80.71,139.99,0.14%
03/29/2010,81.17,79.48,81.9,79.48,137.93,2.37%
03/26/2010,79.29,79.36,80.68,78.77,159.17,-0.40%
03/25/2010,79.61,79.43,80.46,79.2,167.68,-0.01%
03/24/2010,79.62,80.37,80.37,78.9,174.44,-1.34%
03/23/2010,80.7,80.74,81.17,79.85,147.44,0.20%
03/22/2010,80.54,79.61,80.8,78,159.63,0.83%
03/19/2010,79.88,81.42,81.42,79.2,170.94,-1.96%
03/18/2010,81.48,81.9,81.9,80.9,142.55,-0.59%
03/17/2010,81.96,80.92,82.08,80.53,160.97,3.72%
03/16/2010,79.02,77.6,79.86,77.25,17.22,1.45%
03/15/2010,77.89,79.09,79.53,77.27,77.79,-1.89%
03/12/2010,79.39,80.41,81.29,78.7,111.58,-1.11%
03/11/2010,80.28,80.25,80.67,79.65,137.06,-0.25%
03/10/2010,80.48,79.7,81.46,79.22,179.45,0.71%
03/09/2010,79.91,80.26,80.4,78.7,130.85,-0.70%
03/08/2010,80.47,80.21,80.92,79.45,143.12,0.73%
03/05/2010,79.89,78.93,80.53,78.8,153.68,1.72%
03/04/2010,78.54,79.32,79.42,78.15,186.73,-0.90%
03/03/2010,79.25,78.27,79.58,77.88,174.63,1.37%
03/02/2010,78.18,77.05,79.25,76.55,217.31,1.68%
03/01/2010,76.89,77.69,78.47,76.21,136.79,-0.90%
02/26/2010,77.59,76.45,77.99,75.91,145.25,1.70%
02/25/2010,76.29,77.74,78.42,75.29,174.4,-2.31%
02/24/2010,78.09,77.35,78.5,76.63,153.14,1.09%
02/23/2010,77.25,78.4,78.64,76.57,179.35,-1.73%
02/22/2010,78.61,78.44,78.94,77.85,142.73,0.54%
02/19/2010,78.19,76.99,78.45,76.45,165.17,0.53%
02/18/2010,77.78,75.85,78,75.27,186.46,1.98%
02/17/2010,76.27,75.75,76.48,75.4,178.8,0.78%
02/16/2010,75.68,72.62,76,72.55,149.99,4.37%
02/15/2010,72.51,73.12,73.15,72.29,48.13,-0.53%
02/12/2010,72.9,73.91,74,71.65,160.82,-0.21%
02/11/2010,73.05,72.8,73.58,72.02,21.16,0.70%
02/10/2010,72.54,71.89,73,70.83,141.05,0.57%
02/09/2010,72.13,69.63,72.47,69.61,178.41,2.88%
02/08/2010,70.11,70.36,70.82,69.21,160.46,0.75%
02/05/2010,69.59,72.13,72.52,67.87,282.11,-3.52%
02/04/2010,72.13,75.9,75.95,71.43,248.42,-4.99%
02/03/2010,75.92,75.8,76.99,75.46,229.63,-0.18%
02/02/2010,76.06,73.6,76.17,73,191.91,4.04%
02/01/2010,73.11,71.35,73.65,71.13,150.86,2.31%
01/29/2010,71.46,72.2,73.28,71.02,151.21,-0.93%
01/28/2010,72.13,72.36,73.11,71.51,159.04,-0.15%
01/27/2010,72.24,73.2,73.62,71.28,173.12,-1.43%
01/26/2010,73.29,73.69,73.7,72.45,143.56,-0.54%
01/25/2010,73.69,72.46,73.8,72.46,144.13,1.18%
01/22/2010,72.83,74.4,75.15,72.17,181.08,-2.35%
01/21/2010,74.58,76.06,76.82,74.23,176.44,-2.28%
01/20/2010,76.32,77.5,77.56,75.7,152.77,-1.69%
01/19/2010,77.63,77.23,77.85,75.37,202.06,0.69%
01/18/2010,77.1,76.91,77.59,76.39,67.29,-0.01%
01/15/2010,77.11,78.35,78.35,76.81,144.8,-0.91%
01/14/2010,77.82,78.55,78.98,77.49,22.48,-0.63%
01/13/2010,78.31,78.49,79.09,77.04,105.59,-1.25%
01/12/2010,79.3,80.55,80.86,78.49,149.36,-2.06%
01/11/2010,80.97,81.53,82.45,80.41,137.69,-0.49%
01/08/2010,81.37,81.51,82.05,80.59,157.49,-0.17%
01/07/2010,81.51,82,82.05,81.05,131.28,-0.46%
01/06/2010,81.89,80.38,82.21,79.77,157.87,1.61%
01/05/2010,80.59,80.29,80.84,79.75,131.75,0.59%
01/04/2010,80.12,78.49,80.48,78.34,122.64,2.81%
12/31/2009,77.93,78.65,78.94,77.77,56.43,-0.13%
12/30/2009,78.03,77.53,78.65,77.51,75.65,0.50%
12/29/2009,77.64,77.42,78.03,76.8,68.5,0.41%
12/28/2009,77.32,76.3,77.42,76.2,45.92,1.32%
12/24/2009,76.31,75.53,76.5,74.71,61.26,1.14%
12/23/2009,75.45,73.61,75.66,73.24,113.26,2.71%
12/22/2009,73.46,72.99,74,71.97,102.34,0.64%
12/21/2009,72.99,73.62,74.64,72.48,83.85,-1.03%
12/18/2009,73.75,73.2,74.84,72.76,156.21,0.52%
12/17/2009,73.37,74.78,74.78,72.35,134.13,-0.24%
12/16/2009,73.55,72.29,73.86,72.03,19.33,2.08%
12/15/2009,72.05,72.04,72.81,71.57,81.09,0.22%
12/14/2009,71.89,71.47,72.37,71.16,90.67,0.01%
12/11/2009,71.88,71.85,72.6,71.02,109.28,0.03%
12/10/2009,71.86,72.75,73.26,71.15,130.72,-0.73%
12/09/2009,72.39,75.47,76.19,72,216.4,-3.72%
12/08/2009,75.19,76.78,77.02,75.08,142.07,-1.62%
12/07/2009,76.43,77.83,78.25,76.28,144.24,-1.41%
12/04/2009,77.52,77.59,79.8,76.94,177.56,-1.07%
12/03/2009,78.36,78.09,78.95,77.41,151.56,0.62%
12/02/2009,77.88,79.34,79.67,77.48,150.41,-1.85%
12/01/2009,79.35,78.42,79.91,78.25,147.91,1.12%
11/30/2009,78.47,77.46,79.3,76.4,164,1.67%
11/27/2009,77.18,77.18,77.37,73.7,159.39,0.25%
11/26/2009,76.99,78.31,78.31,76.95,63.36,-1.85%
11/25/2009,78.44,76.6,78.63,76.31,164.22,2.59%
11/24/2009,76.46,77.46,77.84,76.01,190.78,-1.29%
11/23/2009,77.46,77.55,79.58,77.12,151.34,0.34%
11/20/2009,77.2,77.93,78.15,76.5,130.14,-0.57%
11/19/2009,77.64,79.4,79.79,77.2,154.69,-2.30%
11/18/2009,79.47,79.45,80.14,78.67,141.24,0.63%
11/17/2009,78.97,78.8,79.56,78.02,125.36,0.27%
11/16/2009,78.76,76.79,79.27,76.57,142.38,4.25%
11/13/2009,75.55,75.73,76.92,75.03,16.46,-0.62%
11/12/2009,76.02,77.95,78.26,75.63,133.14,-2.48%
11/11/2009,77.95,77.7,78.62,77.07,131.12,0.58%
11/10/2009,77.5,77.5,78.92,76.36,144.84,-0.35%
11/09/2009,77.77,76.26,78.52,76.26,133.92,2.50%
11/06/2009,75.87,78.29,78.81,75.25,174.37,-2.72%
11/05/2009,77.99,78.31,78.95,77.8,132.48,-1.14%
11/04/2009,78.89,77.79,79.45,77.67,148.88,1.00%
11/03/2009,78.11,76.55,78.32,75.08,165.68,2.04%
11/02/2009,76.55,75.24,77.08,74.98,153.81,1.80%
10/30/2009,75.2,78.19,78.23,75.09,162.91,-3.64%
10/29/2009,78.04,75.72,78.63,75.57,159.44,2.87%
10/28/2009,75.86,78,78.1,75.62,150.38,-2.64%
10/27/2009,77.92,77.23,78.45,76.42,166.28,0.85%
10/26/2009,77.26,78.49,80.1,76.62,146.75,-2.10%
10/23/2009,78.92,79.73,80.15,78.05,131.05,-0.74%
10/22/2009,79.51,79.41,79.93,78.3,130.33,-0.23%
10/21/2009,79.69,76.92,80.26,76.04,179.34,3.17%
10/20/2009,77.24,77.72,78.18,76.45,144.63,-0.68%
10/19/2009,77.77,77.09,77.87,76.51,118.85,1.01%
10/16/2009,76.99,76.6,77.22,75.39,128.57,3.41%
10/15/2009,74.45,73.4,74.65,72.84,15.07,1.85%
10/14/2009,73.1,72.75,73.45,72.32,102.06,0.97%
10/13/2009,72.4,71.13,72.83,70.84,119.86,1.46%
10/12/2009,71.36,70.29,72.02,70.29,112.41,1.94%
10/09/2009,70,69.35,70.56,68.85,127.86,0.33%
10/08/2009,69.77,67.4,70.49,67.07,166.6,3.82%
10/07/2009,67.2,69.12,69.45,66.65,141.29,-1.98%
10/06/2009,68.56,68.11,69.74,67.66,122.94,0.76%
10/05/2009,68.04,67.45,68.69,65.9,130.13,-0.04%
10/02/2009,68.07,68.65,68.74,66.74,127.7,-1.62%
10/01/2009,69.19,68.92,69.79,67.61,151.68,0.17%
09/30/2009,69.07,65.35,69.34,65,174.47,5.47%
09/29/2009,65.49,65.93,66,64.66,111.26,-0.08%
09/28/2009,65.54,65.42,66.29,64.49,98.63,0.66%
09/25/2009,65.11,64.81,65.85,64.08,132.66,0.45%
09/24/2009,64.82,67.56,67.98,64.58,195.59,-4.66%
09/23/2009,67.99,70.39,70.48,67.3,161.41,-3.60%
09/22/2009,70.53,68.84,70.75,68.82,108.24,2.68%
09/21/2009,68.69,71.17,71.45,68.07,140.56,-3.69%
09/18/2009,71.32,71.53,71.79,70.51,102.66,-0.32%
09/17/2009,71.55,71.63,72.2,70.92,130.08,-0.17%
09/16/2009,71.67,69.56,71.72,69.01,143.59,6.41%
09/15/2009,67.35,67.55,67.93,66.68,20.73,-0.13%
09/14/2009,67.44,67.68,68,66.66,100.68,-0.37%
09/11/2009,67.69,69.95,70.77,67.05,132.6,-3.11%
09/10/2009,69.86,70.06,70.7,69.11,133.77,0.04%
09/09/2009,69.83,69.45,70.88,69.09,140.77,0.59%
09/08/2009,69.42,66.79,70.1,66.79,150.72,4.34%
09/07/2009,66.53,66.69,68.05,66.38,46.68,-0.43%
09/04/2009,66.82,67.4,67.67,65.96,120.76,-0.45%
09/03/2009,67.12,67.51,68.7,66.95,124.38,-0.80%
09/02/2009,67.66,67.99,68.55,66.76,133.66,-0.10%
09/01/2009,67.73,69.65,71.05,67.61,150.67,-2.76%
08/31/2009,69.65,72.79,72.95,68.85,98.85,-4.31%
08/28/2009,72.79,72.96,73.35,71.9,118.04,0.39%
08/27/2009,72.51,71.55,72.94,70.42,129.52,1.20%
08/26/2009,71.65,71.28,72.48,70.6,131.46,-0.24%
08/25/2009,71.82,73.95,74.23,71.04,132.86,-3.29%
08/24/2009,74.26,74.21,74.75,73.82,87.63,0.09%
08/21/2009,74.19,73.55,74.97,72.65,96.71,1.17%
08/20/2009,73.33,74.74,74.78,73.1,96.09,-1.69%
08/19/2009,74.59,73.13,74.9,71.17,154.56,3.07%
08/18/2009,72.37,70.61,73.2,69.46,123.65,2.59%
08/17/2009,70.54,71.35,71.44,69.21,109.86,-2.58%
08/14/2009,72.41,74.28,74.47,71.86,9.76,-1.46%
08/13/2009,73.48,73.24,74.72,72.96,63.69,0.81%
08/12/2009,72.89,72.49,73.52,71.68,78.3,0.59%
08/11/2009,72.46,73.5,74.19,71.91,86.31,-1.41%
08/10/2009,73.5,73.23,74.26,73.04,77.5,-0.12%
08/07/2009,73.59,74.69,75.55,73.13,103.29,-1.66%
08/06/2009,74.83,75.18,76,74,126.86,-0.90%
08/05/2009,75.51,74.65,75.62,73.2,117.95,1.66%
08/04/2009,74.28,73.31,74.89,72.24,93.96,0.99%
08/03/2009,73.55,71.98,73.95,71.5,112.16,2.58%
07/31/2009,71.7,69.79,72.12,68.06,146.25,2.27%
07/30/2009,70.11,66.37,70.37,66.36,131.17,5.38%
07/29/2009,66.53,69.42,69.89,66.14,152.82,-4.79%
07/28/2009,69.88,70.57,71.36,69.07,118.35,-1.31%
07/27/2009,70.81,70.06,71.28,69.96,108.5,0.70%
07/24/2009,70.32,68.78,70.46,68.69,88.1,1.55%
07/23/2009,69.25,66.87,69.78,66.7,139.82,3.04%
07/22/2009,67.21,66.37,67.48,65.5,117.2,0.51%
07/21/2009,66.87,66.63,67.92,65.69,108.42,0.65%
07/20/2009,66.44,65.03,66.76,65.03,105.9,1.62%
07/17/2009,65.38,63.8,65.93,62.81,121.08,4.19%
07/16/2009,62.75,63.23,63.3,61.99,8.45,-0.54%
07/15/2009,63.09,61.35,63.83,61.33,51.88,3.66%
07/14/2009,60.86,61.09,62.26,60.48,73.72,0.28%
07/13/2009,60.69,60.66,61.59,59.49,90.25,0.28%
07/10/2009,60.52,61.43,61.44,59.53,83.35,-0.95%
07/09/2009,61.1,60.9,62.17,59.76,111.45,1.11%
07/08/2009,60.43,62.5,63.13,60.3,155.15,-4.43%
07/07/2009,63.23,64.36,64.89,62.59,135.05,-1.28%
07/06/2009,64.05,65.2,65.46,63.26,109.85,-2.38%
07/03/2009,65.61,66.25,67.13,65.25,47.66,-1.56%
07/02/2009,66.65,68.9,69.19,66.21,137.41,-3.11%
07/01/2009,68.79,69.9,71.32,68.08,146.08,-0.74%
06/30/2009,69.3,71.3,73.5,68.4,166.26,-2.38%
06/29/2009,70.99,68.95,71.42,68.1,102.02,3.00%
06/26/2009,68.92,70,70.81,68.5,105.71,-1.23%
06/25/2009,69.78,68.11,70.51,68.05,128.02,2.12%
06/24/2009,68.33,68.41,69.31,67.58,121.48,-0.68%
06/23/2009,68.8,66.89,69.25,65.9,137.45,2.72%
06/22/2009,66.98,69.47,69.62,66.12,139.24,-3.19%
06/19/2009,69.19,71.37,71.96,68.63,102.73,-2.63%
06/18/2009,71.06,70.99,71.49,69.8,104.85,0.30%
06/17/2009,70.85,70,71.12,69.02,111.36,0.87%
06/16/2009,70.24,69.89,72.4,69.55,108.24,1.15%
06/15/2009,69.44,70.93,70.93,68.56,22.93,-2.09%
06/12/2009,70.92,71.64,71.64,69.99,74.56,-1.21%
06/11/2009,71.79,70.87,72.27,70.63,93.93,1.40%
06/10/2009,70.8,70,71.2,69.92,95.63,1.69%
06/09/2009,69.62,68.66,70.06,68.24,100.86,2.56%
06/08/2009,67.88,67.79,68.79,66.88,101.28,-0.67%
06/05/2009,68.34,68.66,69.91,67.35,109.83,-0.54%
06/04/2009,68.71,65.94,69.5,65.84,119.55,4.30%
06/03/2009,65.88,67.75,68.65,64.91,132.92,-3.36%
06/02/2009,68.17,67.44,68.55,67.05,113.24,0.29%
06/01/2009,67.97,65.77,68.03,65.49,100.75,3.74%
05/29/2009,65.52,64.02,65.8,63.96,105.96,1.75%
05/28/2009,64.39,61.86,64.68,61.78,110.87,3.02%
05/27/2009,62.5,61.43,62.75,60.99,102.96,2.06%
05/26/2009,61.24,60.03,61.35,58.41,109.11,1.71%
05/25/2009,60.21,61,61.16,59.85,12.3,-0.94%
05/22/2009,60.78,60.12,60.94,59.61,75.69,1.42%
05/21/2009,59.93,60.37,60.68,58.83,97.16,-1.09%
05/20/2009,60.59,58.9,60.8,58.76,111.01,2.83%
05/19/2009,58.92,58.5,59.65,57.69,121.96,0.77%
05/18/2009,58.47,56.17,58.86,55.91,110.78,4.45%
05/15/2009,55.98,58.45,58.91,55.85,113.75,-1.25%
05/14/2009,56.69,57.21,57.28,56,19.36,-1.13%
05/13/2009,57.34,58.36,59.05,56.88,73,-1.04%
05/12/2009,57.94,57.3,58.91,56.87,107.74,0.80%
05/11/2009,57.48,57.8,58.09,56.31,100.99,-1.14%
05/08/2009,58.14,56.64,58.5,56.64,88.85,2.96%
05/07/2009,56.47,56.3,58.22,55.43,124.38,0.57%
05/06/2009,56.15,54.38,56.3,53.86,117.95,3.75%
05/05/2009,54.12,54.62,54.91,53.64,96.87,-0.84%
05/04/2009,54.58,52.6,54.78,52.36,56.19,3.27%
05/01/2009,52.85,50.7,53.05,49.96,95.99,4.04%
04/30/2009,50.8,51.17,51.39,50,118.44,0.04%
04/29/2009,50.78,49.57,51.28,49.25,113.51,1.58%
04/28/2009,49.99,50.08,50.42,48.88,85.77,-0.66%
04/27/2009,50.32,51.04,51.19,48.4,129.74,-2.61%
04/24/2009,51.67,50.13,52.09,49.5,108.07,3.11%
04/23/2009,50.11,49.32,50.51,49.25,92.64,0.60%
04/22/2009,49.81,49.82,50.32,48.85,111.41,-0.02%
04/21/2009,49.82,49.86,50.63,48.31,111.49,-0.08%
04/20/2009,49.86,53.06,53.06,49.6,124.2,-6.54%
04/17/2009,53.35,53.05,53.97,52.63,82.58,0.55%
04/16/2009,53.06,53.25,53.91,52.53,100.24,2.45%
04/15/2009,51.79,51.86,52.87,51.35,14.72,-0.33%
04/14/2009,51.96,52.25,53.56,51.21,64.86,-0.35%
04/13/2009,52.14,53.98,54.12,50.9,29.33,-3.55%
04/09/2009,54.06,52.05,54.27,51.85,79.25,4.79%
04/08/2009,51.59,50.56,53.59,49.8,126.63,0.72%
04/07/2009,51.22,52.44,53.18,50.65,98.28,-1.95%
04/06/2009,52.24,53.5,54.31,51.15,108,-2.30%
04/03/2009,53.47,52.34,54.26,51.48,95.95,1.36%
04/02/2009,52.75,48.59,53.06,48.59,129.67,8.90%
04/01/2009,48.44,48.37,48.7,47.26,118.27,-1.60%
03/31/2009,49.23,48.5,49.81,47.47,112.92,2.58%
03/30/2009,47.99,51.5,51.6,47.66,127.39,-7.68%
03/27/2009,51.98,53.31,53.44,51.17,85.1,-2.77%
03/26/2009,53.46,52.39,53.8,52.3,87.88,3.30%
03/25/2009,51.75,53.04,53.48,51.17,110.51,-3.27%
03/24/2009,53.5,53.23,53.61,52.42,87.13,0.06%
03/23/2009,53.47,51.3,53.86,51.1,103.66,4.39%
03/20/2009,51.22,50.38,51.7,49.74,84.98,1.09%
03/19/2009,50.67,48.21,51.64,48.16,113.96,6.32%
03/18/2009,47.66,47.4,48.94,46.05,114.23,-1.20%
03/17/2009,48.24,45.9,48.65,45.22,108.6,9.69%
03/16/2009,43.98,44.25,44.57,42.59,13.5,-2.11%
03/13/2009,44.93,44.8,46.36,44.13,91.94,-0.35%
03/12/2009,45.09,41.83,45.48,41.48,74.01,8.91%
03/11/2009,41.4,43.81,44.44,41.3,89.25,-5.82%
03/10/2009,43.96,44.4,45.77,43.61,93.91,-0.39%
03/09/2009,44.13,45.42,45.74,43.07,130.05,-1.61%
03/06/2009,44.85,44.28,45.24,43.06,100.86,2.77%
03/05/2009,43.64,46.28,46.42,42.85,114.03,-5.38%
03/04/2009,46.12,43.3,46.54,43.1,113.65,5.54%
03/03/2009,43.7,42.16,44.1,41.6,101.14,3.53%
03/02/2009,42.21,45.56,45.65,41.9,116.67,-8.93%
02/27/2009,46.35,46.29,46.48,44.52,108.4,-0.34%
02/26/2009,46.51,44.4,46.63,44.15,112.67,5.01%
02/25/2009,44.29,42.35,44.5,41.85,126.55,4.21%
02/24/2009,42.5,40.63,42.6,40.43,115.31,3.68%
02/23/2009,40.99,41.66,43.45,40.3,110.19,-2.15%
02/20/2009,41.89,41.41,42.1,39.78,104.74,-0.24%
02/19/2009,41.99,39.91,42.19,39.64,110.21,6.17%
02/18/2009,39.55,40.41,41.77,39.35,104.2,-3.61%
02/17/2009,41.03,43.66,44,40.23,96.93,-5.20%
02/16/2009,43.28,44.3,45.5,43.15,43.74,-3.41%
02/13/2009,44.81,45.97,46.5,44.32,106.41,0.36%
02/12/2009,44.65,44.65,45.14,43.92,12.52,0.84%
02/11/2009,44.28,45.11,45.68,43.93,86.27,-0.74%
02/10/2009,44.61,46.02,48.22,44.38,114.12,-3.06%
02/09/2009,46.02,46.06,48.42,45.53,101.03,-0.41%
02/06/2009,46.21,47,47.48,44.21,106.13,-0.54%
02/05/2009,46.46,44.22,46.6,44.05,93.62,5.23%
02/04/2009,44.15,44.23,45.1,43.7,104.16,0.16%
02/03/2009,44.08,44.51,44.92,43.84,82.59,0.59%
02/02/2009,43.82,46.06,46.56,43.77,89.02,-4.49%
01/30/2009,45.88,45.5,47.75,45.1,106.66,1.06%
01/29/2009,45.4,44.51,46.06,44,119.21,1.11%
01/28/2009,44.9,44.2,46.19,43.76,117.88,2.68%
01/27/2009,43.73,46.94,48.4,43.55,133.76,-6.88%
01/26/2009,46.96,47.46,49.65,46.67,107.58,-2.92%
01/23/2009,48.37,44.66,48.61,43.9,105.14,6.57%
01/22/2009,45.39,45.12,46.64,43.4,143.53,0.82%
01/21/2009,45.02,43.89,45.76,42.85,97.81,3.21%
01/20/2009,43.62,44.6,45.64,42.96,148.69,-1.98%
01/19/2009,44.5,46.3,46.5,43.8,69.63,-4.44%
01/16/2009,46.57,48,49.12,45.94,139.68,4.21%
01/15/2009,44.69,44.97,47.2,43.8,12.98,-0.87%
01/14/2009,45.08,45.08,46,43.74,53.71,0.56%
01/13/2009,44.83,43.1,45.59,41.84,72.2,4.47%
01/12/2009,42.91,44.57,44.7,42.12,74.73,-3.40%
01/09/2009,44.42,45.23,45.67,42.79,90.98,-0.56%
01/08/2009,44.67,46.02,47.36,43.75,118.25,-2.59%
01/07/2009,45.86,50.53,51.4,45.67,130.44,-9.24%
01/06/2009,50.53,48.8,52.21,48.6,119.83,1.83%
01/05/2009,49.62,48.2,50.05,46.31,109.47,5.78%
01/02/2009,46.91,43.85,47.33,41.6,85.07,2.90%
12/31/2008,45.59,40.11,46.31,38.1,72.06,13.55%
12/30/2008,40.15,40.8,40.88,38.58,74.02,-0.99%
12/29/2008,40.55,39.78,43.18,38.15,64.31,5.68%
12/26/2008,38.37,36.58,38.74,36.58,12.38,4.81%
12/24/2008,36.61,40.6,40.6,36.2,55.65,-9.29%
12/23/2008,40.36,41.05,42.02,39.2,79.57,-2.63%
12/22/2008,41.45,44.65,44.77,41.03,75.36,-5.80%
12/19/2008,44,43.42,45.15,43.03,92.71,1.48%
12/18/2008,43.36,45.35,46.68,43.2,107.26,-4.77%
12/17/2008,45.53,47.79,48.91,45.3,131.5,2.18%
12/16/2008,44.56,44.76,46.48,43.9,10.26,-0.09%
12/15/2008,44.6,46,49.96,44.25,81.01,-3.90%
12/12/2008,46.41,46.63,47.2,43.3,85.98,-2.07%
12/11/2008,47.39,42.6,48.36,42,98.17,11.77%
12/10/2008,42.4,42.44,45.27,40.92,115.13,2.09%
12/09/2008,41.53,43.87,44.17,41.25,82.4,-4.35%
12/08/2008,43.42,40.48,44.63,40.48,94.49,9.26%
12/05/2008,39.74,42.35,43.19,39.35,99.2,-6.01%
12/04/2008,42.28,45.1,45.68,41.8,98.34,-6.95%
12/03/2008,45.44,45.9,46.59,44.87,98.71,0.00%
12/02/2008,45.44,47.7,48.97,45.3,121.08,-5.27%
12/01/2008,47.97,53,53,47.5,118,-10.32%
11/28/2008,53.49,53.42,54.9,50.8,74.93,0.68%
11/27/2008,53.13,53.75,53.91,51.98,45.54,-1.47%
11/26/2008,53.92,50.69,54.45,49.81,130.19,7.09%
11/25/2008,50.35,53.7,53.86,50.1,137.8,-6.64%
11/24/2008,53.93,50,54.5,48,109.65,9.64%
11/21/2008,49.19,47.8,50.14,47.4,101.49,2.31%
11/20/2008,48.08,51,51.3,47.46,129.5,-7.04%
11/19/2008,51.72,51.88,52.95,50.61,114.7,-0.23%
11/18/2008,51.84,52.42,53.06,51.25,109.99,-0.90%
11/17/2008,52.31,53.37,56.15,52.04,112.77,-3.56%
11/14/2008,54.24,56.8,56.8,53.42,112.1,4.33%
11/13/2008,51.99,51.96,53.26,50.6,18.63,-0.73%
11/12/2008,52.37,55.62,55.92,51.64,95.87,-6.00%
11/11/2008,55.71,57.53,57.58,54.92,95.23,-5.70%
11/10/2008,59.08,58.38,61.98,56.18,109.3,3.02%
11/07/2008,57.35,56.9,59.43,56.62,89.12,-0.14%
11/06/2008,57.43,61.56,62,56.44,118.29,-7.18%
11/05/2008,61.87,65.95,66,61.13,138.01,-6.88%
11/04/2008,66.44,60.5,67.76,58.38,157.32,9.85%
11/03/2008,60.48,64.3,66.7,60.18,121.34,-7.41%
10/31/2008,65.32,62.52,66.47,60.62,121.1,2.53%
10/30/2008,63.71,66.18,68.35,61.93,122.03,-2.69%
10/29/2008,65.47,62.88,67.12,61.24,146.68,8.59%
10/28/2008,60.29,60.49,62.95,59.47,112.06,-1.82%
10/27/2008,61.41,61.93,63.59,59.02,103.17,-1.03%
10/24/2008,62.05,67.33,67.33,61,119.43,-5.87%
10/23/2008,65.92,65.21,67.7,64,128.47,2.17%
10/22/2008,64.52,68.87,68.87,63.96,118.94,-7.46%
10/21/2008,69.72,73.2,73.29,67.91,105.84,-3.21%
10/20/2008,72.03,70.65,73.61,69.41,123.28,3.49%
10/17/2008,69.6,70.32,71.9,67.4,122.22,4.95%
10/16/2008,66.32,69.5,70.15,65.45,15.39,-6.33%
10/15/2008,70.8,74.3,75.04,69.97,63.77,-5.00%
10/14/2008,74.53,78.46,80.74,74.26,72.7,-3.78%
10/13/2008,77.46,77,78.42,75.54,74.26,4.55%
10/10/2008,74.09,80.5,80.55,73.14,116.79,-10.37%
10/09/2008,82.66,83.62,85.07,80.4,75.42,-2.02%
10/08/2008,84.36,83.94,85.6,81,116.75,-0.35%
10/07/2008,84.66,83.91,87.99,82.84,107.68,1.17%
10/06/2008,83.68,88.3,88.65,83.36,105.24,-7.28%
10/03/2008,90.25,90.48,92.46,88,100.64,-0.34%
10/02/2008,90.56,96.1,97.03,90.26,102.21,-5.00%
10/01/2008,95.33,99.45,100.31,92.87,116.72,-2.89%
09/30/2008,98.17,93.3,99.87,91.1,136.13,4.46%
09/29/2008,93.98,103.29,103.29,92.64,124.82,-9.23%
09/26/2008,103.54,103.77,104,101.2,79.26,-1.01%
09/25/2008,104.6,102.56,105.27,100.01,115.89,2.10%
09/24/2008,102.45,103.48,105.94,101.63,113.89,-0.61%
09/23/2008,103.08,106.09,106.09,100.57,131.24,-2.79%
09/22/2008,106.04,99.5,107.11,99.5,144.3,6.46%
09/19/2008,99.61,95,100.5,94.85,128.5,4.64%
09/18/2008,95.19,94.85,99.69,93.29,128.15,0.37%
09/17/2008,94.84,91.95,95.13,89.03,142.85,6.30%
09/16/2008,89.22,91.57,92.13,88.9,142.74,-3.42%
09/15/2008,92.38,95.99,96.59,91.17,23.33,-5.33%
09/12/2008,97.58,98.01,99.44,96.33,73.12,-0.06%
09/11/2008,97.64,99.2,100.2,96.99,90.89,-1.34%
09/10/2008,98.97,100,102.06,98.1,105.33,-1.37%
09/09/2008,100.34,103.58,103.79,98.94,100.89,-3.00%
09/08/2008,103.44,105.74,106.9,102.34,85.37,-0.62%
09/05/2008,104.09,105.97,106.65,103.43,96.97,-2.08%
09/04/2008,106.3,108.39,109.16,105.16,82.23,-1.63%
09/03/2008,108.06,108.33,108.4,106.17,111.31,-0.26%
09/02/2008,108.34,110.45,110.45,104.14,133.18,-0.98%
09/01/2008,109.41,115.5,115.56,109.17,60.99,-4.07%
08/29/2008,114.05,114.97,116.75,113.5,100.53,-0.11%
08/28/2008,114.17,116.42,118.26,112.81,129.23,-1.76%
08/27/2008,116.22,114.32,117.25,114.32,99.54,1.39%
08/26/2008,114.63,114.45,116.52,111.65,138.78,0.53%
08/25/2008,114.03,113,115.6,113,53.12,0.10%
08/22/2008,113.92,120.16,120.91,113.38,102.59,-5.19%
08/21/2008,120.16,114.75,120.93,114.55,129.45,5.07%
08/20/2008,114.36,113.85,115.59,111.61,108.48,0.98%
08/19/2008,113.25,111.94,115.38,110.7,99.98,1.17%
08/18/2008,111.94,112.3,114.15,110.85,86.28,-0.54%
08/15/2008,112.55,112.78,113.05,110.31,87.53,-0.08%
08/14/2008,112.64,114.41,114.89,111.88,19.16,-0.73%
08/13/2008,113.47,111.55,114.93,111.01,64.64,2.09%
08/12/2008,111.15,112.88,114.31,110.47,77.21,-1.35%
08/11/2008,112.67,113.85,115.32,111.07,82.15,-0.58%
08/08/2008,113.33,117.8,118.1,112.8,88.58,-3.84%
08/07/2008,117.86,117.2,119.75,116.25,112.8,0.74%
08/06/2008,117,116.98,118.77,115.6,107.92,-0.59%
08/05/2008,117.7,119.99,120.05,116.91,107.54,-2.47%
08/04/2008,120.68,125.3,125.3,118.8,103.23,-2.82%
08/01/2008,124.18,123.42,127.94,121.94,101.29,0.16%
07/31/2008,123.98,126.9,127.52,122.92,103.41,-2.45%
07/30/2008,127.1,122.59,127.61,121.42,117.27,3.58%
07/29/2008,122.71,126.12,126.79,120.88,116.65,-2.49%
07/28/2008,125.84,124.4,126.49,124.05,92.68,1.06%
07/25/2008,124.52,126.56,127.51,123.39,91.8,-1.52%
07/24/2008,126.44,125.23,127.25,124.1,110.83,0.92%
07/23/2008,125.29,129.4,129.5,124.61,116.75,-3.29%
07/22/2008,129.55,132.69,133.75,127.6,111.92,-2.31%
07/21/2008,132.61,131.04,133.57,130.19,85.1,1.86%
07/18/2008,130.19,131.59,133.69,129.66,106.51,-0.67%
07/17/2008,131.07,136.31,137.85,130.73,122.82,-3.76%
07/16/2008,136.19,138.76,139.26,132.5,18.02,-1.85%
07/15/2008,138.75,143.85,145.55,134.96,71.87,-3.59%
07/14/2008,143.92,144.37,145.45,142.25,65.25,-0.39%
07/11/2008,144.49,142.14,147.5,141.62,113.26,1.73%
07/10/2008,142.03,136.8,142.41,136.18,91.02,3.99%
07/09/2008,136.58,136.02,138.91,135.9,95.67,0.11%
07/08/2008,136.43,141.86,142.96,135.5,120.48,-3.83%
07/07/2008,141.87,144.4,144.86,140.33,97.76,-1.77%
07/04/2008,144.42,146.3,146.62,144.25,32.44,-1.14%
07/03/2008,146.08,144.76,146.69,144.18,76.77,1.26%
07/02/2008,144.26,141.7,144.95,140.4,96.34,2.55%
07/01/2008,140.67,140.44,143.31,140.11,84.34,0.60%
06/30/2008,139.83,141.29,143.91,139.54,109.03,-0.34%
06/27/2008,140.31,139.2,142.97,138.99,115.53,0.34%
06/26/2008,139.83,134.25,140.56,133.52,119.94,4.09%
06/25/2008,134.33,137,137.22,132,113.46,-1.56%
06/24/2008,136.46,136.38,137.76,135.46,96.12,0.40%
06/23/2008,135.91,134.56,137.34,133.65,99.88,0.78%
06/20/2008,134.86,132,136.8,131.48,97.15,2.17%
06/19/2008,132,136.22,137.4,131.73,130.19,-3.25%
06/18/2008,136.44,133,136.6,132.14,95.4,2.03%
06/17/2008,133.72,134.25,135.28,132,102.51,-0.73%
06/16/2008,134.71,134.79,139.32,132.82,112.99,0.34%
06/13/2008,134.25,136.17,136.21,133.09,8.32,-1.35%
06/12/2008,136.09,135,136.8,131.35,62.79,0.79%
06/11/2008,135.02,131.75,137.3,131.65,100.52,3.05%
06/10/2008,131.02,134.47,137.74,130.5,112.49,-2.16%
06/09/2008,133.91,137.25,137.51,131.6,94.85,-2.75%
06/06/2008,137.69,127.6,138.12,127.23,132.67,7.96%
06/05/2008,127.54,121.75,127.9,121.32,100.94,4.46%
06/04/2008,122.1,124.18,124.9,121.7,108.25,-1.99%
06/03/2008,124.58,127.88,128.09,124.18,116.83,-2.69%
06/02/2008,128.02,127.22,129.25,125.62,124.2,0.19%
05/30/2008,127.78,127,129,125,117.34,0.70%
05/29/2008,126.89,131.55,132.85,126.09,135.17,-3.09%
05/28/2008,130.93,128.19,131.29,126.04,141.51,2.04%
05/27/2008,128.31,132.97,133.41,127.83,112.66,-3.07%
05/26/2008,132.37,131.25,133.16,131.25,8.09,0.61%
05/23/2008,131.57,130.51,133.74,130.07,95.02,0.81%
05/22/2008,130.51,133.67,135.14,130,152.45,-1.65%
05/21/2008,132.7,127.8,133.67,127.8,140.06,3.80%
05/20/2008,127.84,125.2,128.07,124.5,122.45,2.22%
05/19/2008,125.06,125.28,126,123.59,98.56,0.06%
05/16/2008,124.99,123.05,126.34,122.71,124.13,3.08%
05/15/2008,121.25,120.1,124.1,120.1,11.5,-0.50%
05/14/2008,121.86,123.85,124.29,121.45,82.53,-1.80%
05/13/2008,124.1,122.85,124.99,121.95,94.5,0.97%
05/12/2008,122.91,125.63,125.63,122.47,101.93,-1.99%
05/09/2008,125.4,123.5,125.9,123.3,137.56,2.08%
05/08/2008,122.84,122.39,123.93,120.89,137.01,0.43%
05/07/2008,122.32,120.15,122.78,119.34,119.57,1.67%
05/06/2008,120.31,118.13,120.99,117.69,111.12,1.97%
05/05/2008,117.99,114.54,118.58,114.21,63.41,2.99%
05/02/2008,114.56,110.36,114.8,109.8,111.59,3.67%
05/01/2008,110.5,112.74,112.74,108.42,125.55,-0.77%
04/30/2008,111.36,113.5,114.66,111.17,142.25,-1.82%
04/29/2008,113.43,116.74,116.74,113.01,142.96,-2.84%
04/28/2008,116.74,117.32,117.51,116.07,101.96,0.34%
04/25/2008,116.34,113.8,117.56,112.49,148.78,1.75%
04/24/2008,114.34,116.05,116.87,112.57,159.37,-1.82%
04/23/2008,116.46,115.9,116.63,114.58,104.59,0.44%
04/22/2008,115.95,114.35,116.75,113.94,104.72,1.33%
04/21/2008,114.43,113.85,114.86,113.03,98.95,0.45%
04/18/2008,113.92,112.51,114.22,110.62,103.52,1.33%
04/17/2008,112.43,112.83,113.38,111.74,99.01,-0.20%
04/16/2008,112.66,111.33,112.83,110.15,111.08,1.21%
04/15/2008,111.31,109.95,112.08,109.68,12.12,1.34%
04/14/2008,109.84,108.26,110.01,108.09,69.26,1.00%
04/11/2008,108.75,107.88,109.17,107.69,80.66,0.51%
04/10/2008,108.2,108.54,109.98,106.86,90.32,-0.25%
04/09/2008,108.47,106.8,109.5,105.75,110.6,2.00%
04/08/2008,106.34,106.83,107.78,105.72,111.95,-0.75%
04/07/2008,107.14,104.68,107.5,104.6,119.04,2.14%
04/04/2008,104.9,102.85,105.08,102.7,87.07,2.32%
04/03/2008,102.52,103.88,104.5,102.01,105.77,-1.19%
04/02/2008,103.75,100.41,103.98,99.1,119.65,3.57%
04/01/2008,100.17,100.5,101.47,98.99,115.24,-0.13%
03/31/2008,100.3,103.36,105.32,99.14,132.2,-3.34%
03/28/2008,103.77,104.4,105.42,103.05,89.59,-1.17%
03/27/2008,105,104.22,105.6,103.41,119.59,0.97%
03/26/2008,103.99,100.9,104.18,100.75,133.06,3.37%
03/25/2008,100.6,98.97,101.1,98.7,104.97,0.74%
03/24/2008,99.86,99.75,101.28,98.92,45.33,-0.52%
03/20/2008,100.38,100.07,100.81,98,119.44,-0.34%
03/19/2008,100.72,104.93,105.1,100.16,144.15,-4.59%
03/18/2008,105.56,102.31,106.18,101.7,132.09,3.74%
03/17/2008,101.75,106,107.97,99.5,165.41,-5.39%
03/14/2008,107.55,106.64,108.02,106.24,28.28,0.01%
03/13/2008,107.54,106.31,107.88,105.56,71.56,1.20%
03/12/2008,106.27,105.43,106.45,104,80.91,0.97%
03/11/2008,105.25,104.21,105.82,103.3,104.6,1.05%
03/10/2008,104.16,102.3,104.45,101.2,105.13,1.74%
03/07/2008,102.38,102.69,103.98,101.36,117.16,-0.22%
03/06/2008,102.61,101.67,102.95,100.28,120.77,0.95%
03/05/2008,101.64,97.75,102.07,97.52,137.13,4.22%
03/04/2008,97.52,100.6,101.31,96.92,147.81,-2.95%
03/03/2008,100.48,100.12,102.29,99.2,120.13,0.38%
02/29/2008,100.1,101.2,101.27,99.66,114.44,-0.79%
02/28/2008,100.9,98.54,101.27,97.45,125.96,2.68%
02/27/2008,98.27,100,100.53,97.98,126.38,-1.21%
02/26/2008,99.47,98.05,100.03,97.05,116.31,1.82%
02/25/2008,97.69,97.23,98.16,96.34,101.8,0.70%
02/22/2008,97.01,95.9,97.65,95.66,108.15,0.80%
02/21/2008,96.24,98.35,99,95.42,134.02,-2.21%
02/20/2008,98.42,97.82,99.22,96.77,101.34,-0.14%
02/19/2008,98.56,94.84,98.7,94.81,113.11,3.85%
02/18/2008,94.91,94.9,95.44,94.44,36.8,0.30%
02/15/2008,94.63,94.95,95.8,94.02,115.83,-0.48%
02/14/2008,95.09,93.47,95.49,93.38,23.92,1.90%
02/13/2008,93.32,92.99,94,92.39,84,0.50%
02/12/2008,92.86,93.29,94.13,92.08,98.87,-0.72%
02/11/2008,93.53,92.68,94.52,91.09,116.17,1.73%
02/08/2008,91.94,88.78,92.32,88.78,130.33,3.88%
02/07/2008,88.51,87.6,88.77,86.83,102.48,0.83%
02/06/2008,87.78,88.5,89.6,87.53,113.07,-1.17%
02/05/2008,88.82,90.06,90.4,88.05,107.93,-1.82%
02/04/2008,90.47,89.1,91.12,88.63,112.22,1.15%
02/01/2008,89.44,91.5,92.49,88.95,143.04,-3.00%
01/31/2008,92.21,91.6,92.83,90.16,158.23,-0.35%
01/30/2008,92.53,92.45,92.8,91.48,99.22,0.58%
01/29/2008,92,91.55,92.53,91.03,112.44,0.68%
01/28/2008,91.38,90.7,91.75,89.33,111.52,0.53%
01/25/2008,90.9,89.44,91.4,89.32,113.13,2.05%
01/24/2008,89.07,87.4,89.42,86.88,120.66,2.83%
01/23/2008,86.62,88.25,88.67,86.4,130.07,-2.07%
01/22/2008,88.45,87.38,88.86,85,147.86,1.07%
01/21/2008,87.51,89.57,89.65,87.36,62.56,-1.93%
01/18/2008,89.23,88.5,89.98,88.4,106.29,0.54%
01/17/2008,88.75,89.6,90.69,88.21,103.87,-1.11%
01/16/2008,89.75,90.94,91,88.71,14.81,-1.35%
01/15/2008,90.98,92.9,93.25,90.35,70.55,-2.09%
01/14/2008,92.92,91.07,93.05,91.01,79.12,2.03%
01/11/2008,91.07,92.85,93.24,90.83,98.94,-1.25%
01/10/2008,92.22,94.49,95.09,92.13,107.37,-2.28%
01/09/2008,94.37,95.55,96.7,94.1,136.03,-1.22%
01/08/2008,95.54,94.77,96.69,94.47,121.23,1.22%
01/07/2008,94.39,96.69,97.48,93.72,106.5,-2.48%
01/04/2008,96.79,97.77,98,96.18,98.47,-0.83%
01/03/2008,97.6,97.45,98.5,97.04,84.86,-0.25%
01/02/2008,97.84,94.47,98,94.15,83.71,4.25%
12/31/2007,93.85,94.29,95.29,93.25,44.18,-0.03%
12/28/2007,93.88,94.96,95.86,93.8,66.12,-0.95%
12/27/2007,94.78,94,95.87,93.27,68.55,0.89%
12/26/2007,93.94,93,95.06,92.8,44.73,1.34%
12/24/2007,92.7,92.29,92.82,91.35,19.85,0.26%
12/21/2007,92.46,91,92.95,90.61,71.77,1.74%
12/20/2007,90.88,91.91,92.48,90.66,71.7,-0.66%
12/19/2007,91.48,90.5,92.27,89.75,98.55,1.51%
12/18/2007,90.12,91.58,92.89,89.33,111.71,-1.28%
12/17/2007,91.29,91.69,92.42,90.12,87.89,-1.49%
12/14/2007,92.67,92.5,93.66,91.38,15.5,0.60%
12/13/2007,92.12,93.65,94.36,91.92,71.08,-2.02%
12/12/2007,94.02,89.59,94.44,89.34,94.24,4.48%
12/11/2007,89.99,88.28,90.35,88.15,85.22,2.21%
12/10/2007,88.04,88.77,89.85,87.51,83.17,-0.68%
12/07/2007,88.64,90.35,90.79,87.47,87.47,-1.71%
12/06/2007,90.18,88,90.68,86.56,106.54,1.91%
12/05/2007,88.49,89.75,91.91,87.85,118.35,-1.16%
12/04/2007,89.53,89.9,90.45,88.97,104.87,-0.30%
12/03/2007,89.8,88.74,90.43,86.93,113.25,1.74%
11/30/2007,88.26,90.25,90.79,87.55,142.59,-2.17%
11/29/2007,90.22,90.45,92.82,89.73,160.73,0.46%
11/28/2007,89.81,92.36,93.39,89.56,156.21,-2.93%
11/27/2007,92.52,94.47,95.05,92.4,113.7,-2.94%
11/26/2007,95.32,95.9,96.65,94.26,92.86,-0.46%
11/23/2007,95.76,94.42,95.95,93.81,54.07,1.33%
11/22/2007,94.5,95.1,95.29,93.98,30.96,-0.36%
11/21/2007,94.84,95.87,96.53,94.05,115.03,-0.68%
11/20/2007,95.49,92.08,96.24,91.76,118.16,3.48%
11/19/2007,92.28,91.87,92.81,90.98,90.49,0.72%
11/16/2007,91.62,90.25,91.95,90,100.83,0.75%
11/15/2007,90.94,91.24,92.14,89.92,24.31,-0.46%
11/14/2007,91.36,88.99,91.58,88.99,90.89,2.85%
11/13/2007,88.83,91.48,91.95,87.88,108.41,-3.42%
11/12/2007,91.98,92.54,93.46,90.96,98.16,-1.29%
11/09/2007,93.18,93.3,93.8,91.8,88.09,0.42%
11/08/2007,92.79,92.45,94.76,92.27,92.23,-0.48%
11/07/2007,93.24,93.59,95.19,91.74,111.86,-0.02%
11/06/2007,93.26,91.05,93.56,91.05,119.77,3.06%
11/05/2007,90.49,91.84,92.31,90.18,91.89,-1.73%
11/02/2007,92.08,90.2,92.21,89.64,88.15,2.63%
11/01/2007,89.72,90.94,91.71,88.57,127.41,-1.00%
10/31/2007,90.63,86.92,91.18,86.13,117.53,3.65%
10/30/2007,87.44,90.25,90.25,86.64,114.71,-3.19%
10/29/2007,90.32,88.69,90.49,88.69,99.4,1.84%
10/26/2007,88.69,87.55,89.3,87.46,111.33,1.38%
10/25/2007,87.48,85.04,87.59,84.7,113.36,3.69%
10/24/2007,84.37,82.55,85.08,82.41,94.59,1.83%
10/23/2007,82.85,83,84.04,82.35,93.88,-0.50%
10/22/2007,83.27,83.66,84.09,81.63,108.41,-0.62%
10/19/2007,83.79,84.48,84.85,83.08,100.17,-0.96%
10/18/2007,84.6,83,84.88,82.77,111.3,1.77%
10/17/2007,83.13,83.4,84.43,82.65,134.76,-1.22%
10/16/2007,84.16,82.85,84.49,82.84,16.35,1.70%
10/15/2007,82.75,80,83,80,52.77,2.73%
10/12/2007,80.55,80.07,80.92,79.65,54.83,0.50%
10/11/2007,80.15,78.8,80.68,78.69,85.81,1.97%
10/10/2007,78.6,77.38,78.67,77.02,79.15,1.43%
10/09/2007,77.49,76.41,78.15,75.64,97.52,1.19%
10/08/2007,76.58,78.42,78.65,76.15,77.26,-2.94%
10/05/2007,78.9,78.85,79.21,78.17,68.28,-0.09%
10/04/2007,78.97,76.9,79.28,76.56,80.01,2.31%
10/03/2007,77.19,77.45,77.86,76.85,90.71,-0.25%
10/02/2007,77.38,77.56,77.74,76.31,100.38,-0.33%
10/01/2007,77.64,79.25,79.54,76.92,108.14,-1.93%
09/28/2007,79.17,80.25,81.05,78.84,106.64,-1.07%
09/27/2007,80.03,77.77,80.2,77.65,115.41,3.36%
09/26/2007,77.43,77.7,78.29,76.36,132.07,-0.24%
09/25/2007,77.62,78.54,78.63,77.17,103.13,-1.63%
09/24/2007,78.91,78.9,79.48,78.23,84.08,-0.49%
09/21/2007,79.3,79.13,79.94,78.47,98.96,0.27%
09/20/2007,79.09,78.2,79.28,77.76,103.82,0.79%
09/19/2007,78.47,78.29,78.57,77.45,110.8,1.13%
09/18/2007,77.59,77.2,78.6,76.29,116.71,0.79%
09/17/2007,76.98,76.2,77.24,75.52,126.93,1.00%
09/14/2007,76.22,77,77.28,76.07,108.22,-1.52%
09/13/2007,77.4,77.62,77.86,77.18,31.68,-0.36%
09/12/2007,77.68,76.39,77.93,76.09,45.36,1.70%
09/11/2007,76.38,75.95,76.49,75,71.45,1.19%
09/10/2007,75.48,74.83,76.39,73.86,66.58,0.55%
09/07/2007,75.07,74.81,75.22,74.18,73.07,0.40%
09/06/2007,74.77,74.5,75.7,73.74,107.14,0.58%
09/05/2007,74.34,74.25,74.48,73.74,69.18,0.57%
09/04/2007,73.92,73.41,74.05,72.78,90.15,0.69%
09/03/2007,73.41,72.69,73.51,72.69,32.39,0.99%
08/31/2007,72.69,72.03,73.09,71.83,72.64,1.10%
08/30/2007,71.9,72.13,72.47,71.37,84.64,-0.32%
08/29/2007,72.13,70.55,72.28,70.23,106.16,2.24%
08/28/2007,70.55,71.05,71.25,70.21,82.94,-0.56%
08/27/2007,70.95,70.55,71.1,69.49,53.42,0.47%
08/24/2007,70.62,70.04,70.84,69.5,71.23,1.09%
08/23/2007,69.86,69.02,70,68.75,102.48,1.69%
08/22/2007,68.7,68.8,69.45,68.2,89.99,0.01%
08/21/2007,68.69,70.17,70.5,68.14,94.87,-1.66%
08/20/2007,69.85,69.7,70.34,68.93,72.31,-0.84%
08/17/2007,70.44,70.09,71.1,69.39,62.66,1.47%
08/16/2007,69.42,71.25,71.25,68.87,18.15,-3.10%
08/15/2007,71.64,70.9,72.24,70.46,48.31,1.60%
08/14/2007,70.51,70.05,70.9,69.6,59.06,0.40%
08/13/2007,70.23,70.4,71.85,69.89,58.27,-0.23%
08/10/2007,70.39,70.25,70.5,68.95,69.77,0.26%
08/09/2007,70.21,71,71.21,69.25,94.93,-1.10%
08/08/2007,70.99,71.49,72.04,70.61,85.89,-1.13%
08/07/2007,71.8,71.14,72,70.2,91.71,0.89%
08/06/2007,71.17,74.45,74.73,70.87,119.77,-4.79%
08/03/2007,74.75,75.9,76.07,74.45,76.27,-1.33%
08/02/2007,75.76,75.5,76.23,74.24,94.14,0.54%
08/01/2007,75.35,76.95,77.16,74.85,104.82,-2.21%
07/31/2007,77.05,75.6,77.18,75.47,85.5,1.73%
07/30/2007,75.74,76.06,76.51,75.42,78.4,-0.68%
07/27/2007,76.26,75.3,76.4,74.55,77.27,1.44%
07/26/2007,75.18,76.47,77.16,74.81,96.5,-1.49%
07/25/2007,76.32,74.7,76.54,74.23,102.3,1.65%
07/24/2007,75.08,76.85,76.85,74.85,120.19,-2.32%
07/23/2007,76.86,77.32,77.5,76.42,68.29,-1.00%
07/20/2007,77.64,77.98,77.98,77.19,61.9,-0.04%
07/19/2007,77.67,76.74,77.78,76.6,95.49,1.19%
07/18/2007,76.76,75.68,76.84,75.32,90.83,1.63%
07/17/2007,75.53,76.33,76.65,75.03,100.73,-2.33%
07/16/2007,77.33,77.55,78.4,76.48,15.62,-0.31%
07/13/2007,77.57,76.35,77.7,76.1,34.34,1.53%
07/12/2007,76.4,75.44,77.07,75.31,49.75,1.27%
07/11/2007,75.44,76.25,76.44,75.3,53.24,-1.26%
07/10/2007,76.4,75.67,76.63,75.06,46.83,0.82%
07/09/2007,75.78,75.46,76.34,74.91,58.15,0.21%
07/06/2007,75.62,74.59,76.01,74.27,67.99,1.16%
07/05/2007,74.75,72.85,74.93,72.85,103.43,2.33%
07/04/2007,73.05,72.85,73.12,72.43,28.31,0.16%
07/03/2007,72.93,72.69,73.1,72.13,55.7,0.41%
07/02/2007,72.63,71.22,72.77,70.92,96.24,1.71%
06/29/2007,71.41,70.41,71.6,70.41,65.64,1.26%
06/28/2007,70.52,70.49,71.15,70.32,90,-0.01%
06/27/2007,70.53,70.13,71.03,69.4,116.06,0.51%
06/26/2007,70.17,70.9,71.23,70.11,86.33,-1.67%
06/25/2007,71.36,70.75,71.5,69.8,90.83,0.25%
06/22/2007,71.18,70.1,71.5,69.61,86.13,1.37%
06/21/2007,70.22,70.49,71.6,70,86.13,-0.28%
06/20/2007,70.42,71.7,71.96,69.56,135.77,-1.98%
06/19/2007,71.84,72.1,72.25,71.61,86.16,-0.47%
06/18/2007,72.18,71.59,72.25,70.72,94.63,0.99%
06/15/2007,71.47,71.36,71.88,70.7,82.95,0.72%
06/14/2007,70.96,69.95,71.33,69.91,14.66,1.46%
06/13/2007,69.94,68.7,70.36,68.34,42.49,1.67%
06/12/2007,68.79,69.4,69.62,68.3,44.97,-1.11%
06/11/2007,69.56,68.69,69.65,68.2,53.67,1.40%
06/08/2007,68.6,70.9,71.1,68.41,84.12,-3.68%
06/07/2007,71.22,71.05,71.72,70.51,85.11,0.28%
06/06/2007,71.02,70.51,71.4,70.09,92.73,0.81%
06/05/2007,70.45,70.25,70.67,69.85,96.29,0.07%
06/04/2007,70.4,68.94,70.63,68.7,84.61,1.93%
06/01/2007,69.07,68.15,69.25,67.61,103.73,1.51%
05/31/2007,68.04,67.99,68.2,66.8,101.82,0.29%
05/30/2007,67.84,68.32,68.64,67.15,107.18,-0.43%
05/29/2007,68.13,69.84,70.24,67.59,101.98,-2.27%
05/28/2007,69.71,70.5,70.5,69.51,10.82,-1.39%
05/25/2007,70.69,70.85,71.22,69.83,85.44,-0.04%
05/24/2007,70.72,70.65,71.8,70.39,106.83,0.17%
05/23/2007,70.6,69.69,70.84,69.45,119.38,1.55%
05/22/2007,69.52,70.43,70.6,69.46,96.47,-1.38%
05/21/2007,70.49,69.44,70.83,69.1,106.34,1.54%
05/18/2007,69.42,70.35,70.35,69.27,97.42,-1.21%
05/17/2007,70.27,68.1,70.35,68.08,102.5,3.32%
05/16/2007,68.01,67.95,68.54,67.46,16.46,-0.15%
05/15/2007,68.11,66.78,68.18,65.93,79.07,1.92%
05/14/2007,66.83,66.65,67.51,66.51,51.42,0.00%
05/11/2007,66.83,65.68,66.98,65.68,69.67,1.58%
05/10/2007,65.79,65.34,66.34,65.19,95.36,0.90%
05/09/2007,65.2,65.6,66.14,64.14,101.3,-0.52%
05/08/2007,65.54,64.56,65.89,64.46,99.14,1.71%
05/07/2007,64.44,65.18,65.5,63.8,71.65,-1.33%
05/04/2007,65.31,66.02,66.82,64.95,97.94,-1.12%
05/03/2007,66.05,66.39,66.98,65.57,94.93,-0.30%
05/02/2007,66.25,67.24,67.41,65.59,105.7,-1.12%
05/01/2007,67,67.53,68.73,66.89,106.28,-0.96%
04/30/2007,67.65,68.23,68.44,67.45,86.05,-1.11%
04/27/2007,68.41,67.82,68.54,66.73,107.34,1.12%
04/26/2007,67.65,68.57,68.75,67.6,94.83,-1.34%
04/25/2007,68.57,67.17,68.66,67.06,88.33,2.10%
04/24/2007,67.16,68.04,68.55,66.57,89.47,-1.45%
04/23/2007,68.15,66.51,68.2,65.98,83.55,2.50%
04/20/2007,66.49,65.79,66.61,65.48,79.14,0.83%
04/19/2007,65.94,66.2,66.85,65.64,99.37,-0.15%
04/18/2007,66.04,66.12,66.33,64.76,104.91,0.17%
04/17/2007,65.93,67.5,67.84,65.8,96.94,-1.96%
04/16/2007,67.25,68.75,69.17,67,104.86,-2.49%
04/13/2007,68.97,68.91,69.59,68.91,10.85,0.36%
04/12/2007,68.72,67.78,68.87,67.78,30.11,1.30%
04/11/2007,67.84,67.41,68.69,67.32,43.23,0.62%
04/10/2007,67.42,66.89,67.67,66.4,43.12,1.25%
04/09/2007,66.59,67.87,68.79,66.38,28.34,-2.42%
04/05/2007,68.24,68.26,68.87,67.51,64.42,-0.23%
04/04/2007,68.4,67.81,68.52,66.93,89.94,0.87%
04/03/2007,67.81,68.55,68.72,67.04,83.85,-1.35%
04/02/2007,68.74,67.91,69.58,67.48,66.28,0.94%
03/30/2007,68.1,68.25,69.14,67.6,94.48,0.32%
03/29/2007,67.88,65.75,68.36,65.36,127.83,3.19%
03/28/2007,65.78,65.34,66.67,65.19,115.5,1.83%
03/27/2007,64.6,64.6,69,64.03,79.7,0.29%
03/26/2007,64.41,63.55,64.63,63.33,94.26,1.95%
03/23/2007,63.18,62.74,63.68,62.13,101.01,1.07%
03/22/2007,62.51,61.01,62.83,61.01,117.06,2.86%
03/21/2007,60.77,60.45,61.31,60.35,95.39,0.95%
03/20/2007,60.2,60.9,61.06,60,98.31,-0.53%
03/19/2007,60.52,60.64,61.08,60.11,86.25,0.36%
03/16/2007,60.3,60.74,61.57,59.79,89.96,-1.12%
03/15/2007,60.98,61.13,61.85,60.5,8.93,-0.13%
03/14/2007,61.06,60.92,61.51,60.5,43.77,0.26%
03/13/2007,60.9,60.87,62.11,60.5,51.99,0.26%
03/12/2007,60.74,61.01,61.14,60.17,73.77,-0.64%
03/09/2007,61.13,62.33,62.58,61.06,82.33,-1.93%
03/08/2007,62.33,62.46,62.84,61.8,78.87,-0.27%
03/07/2007,62.5,61.55,62.81,61.37,80.41,1.81%
03/06/2007,61.39,60.62,61.5,60.55,81.19,1.40%
03/05/2007,60.54,61.7,61.7,60,82.22,-2.48%
03/02/2007,62.08,61.85,62.69,61.55,78.32,-0.05%
03/01/2007,62.11,61.75,62.74,61.05,96.66,0.36%
02/28/2007,61.89,60.25,62.16,60.24,116.04,0.86%
02/27/2007,61.36,61.29,62.18,60.1,102.58,0.05%
02/26/2007,61.33,61.05,61.59,60.51,71.61,0.74%
02/23/2007,60.88,60.5,61.68,60.32,114.11,0.43%
02/22/2007,60.62,59.26,60.85,58.87,107.15,2.14%
02/21/2007,59.35,57.81,59.94,57.22,121.96,2.36%
02/20/2007,57.98,58.34,58.5,56.81,92.19,-0.28%
02/19/2007,58.14,58.8,59,58.05,39.31,-1.37%
02/16/2007,58.95,57.5,59.03,57.06,74.85,2.34%
02/15/2007,57.6,57.55,58.18,56.2,105.86,0.30%
02/14/2007,57.43,58.65,58.83,57,94.3,0.70%
02/13/2007,57.03,56.64,57.16,56.1,16.41,0.76%
02/12/2007,56.6,58.51,58.68,56.26,57.16,-4.08%
02/09/2007,59.01,59,59.63,58.46,79.56,-0.03%
02/08/2007,59.03,57.26,59.21,56.81,90.63,3.15%
02/07/2007,57.23,58.7,59.46,56.74,115.8,-2.04%
02/06/2007,58.42,58.35,59.42,58.06,106.73,0.55%
02/05/2007,58.1,58.55,59.39,57.85,78.93,-0.53%
02/02/2007,58.41,56.66,58.67,56.65,82.47,2.98%
02/01/2007,56.72,57.16,58.37,56.63,102.08,-1.18%
01/31/2007,57.4,56.25,57.55,55.16,140.12,1.79%
01/30/2007,56.39,53.79,56.48,53.67,114.65,5.05%
01/29/2007,53.68,55.46,55.83,53.56,89.98,-2.91%
01/26/2007,55.29,54.32,55.37,54.16,75.56,2.16%
01/25/2007,54.12,55.55,55.88,54.05,105.9,-2.36%
01/24/2007,55.43,54.9,55.61,53.88,110.56,0.60%
01/23/2007,55.1,52.81,55.18,52.59,115.09,4.55%
01/22/2007,52.7,53.75,54.6,52.18,111.51,-1.38%
01/19/2007,53.44,51.5,53.55,51.5,92.13,3.27%
01/18/2007,51.75,53.1,53.35,50.91,118.79,-1.95%
01/17/2007,52.78,51.78,53.03,50.75,111.43,1.00%
01/16/2007,52.26,53,53.63,52.04,17.37,-1.62%
01/15/2007,53.12,53.09,53.62,52.65,33.03,0.32%
01/12/2007,52.95,52.15,53.11,51.76,69,2.42%
01/11/2007,51.7,53.03,54.42,51.65,89.5,-3.71%
01/10/2007,53.69,55.18,55.31,53.09,102.03,-2.70%
01/09/2007,55.18,55.6,55.63,53.64,111.39,-0.76%
01/08/2007,55.6,55.86,57.19,54.41,118.93,-0.07%
01/05/2007,55.64,54.97,55.76,54.5,100.3,0.96%
01/04/2007,55.11,58.19,58.41,54.76,127.5,-4.92%
01/03/2007,57.96,60.68,60.68,57.42,107.49,-4.10%
01/02/2007,60.44,60.88,61.64,60.15,49.88,-0.69%
12/29/2006,60.86,60.52,61.13,60.04,54.91,0.31%
12/28/2006,60.67,60.56,60.96,60.21,43.09,0.25%
12/27/2006,60.52,61.15,61.59,60.39,46.72,-0.95%
12/26/2006,61.1,62.54,63.3,60.66,32.91,-2.11%
12/22/2006,62.42,62.36,63.03,62.06,37.29,-0.06%
12/21/2006,62.46,63,63.13,61.95,65.63,-1.22%
12/20/2006,63.23,62.71,63.59,62.55,84.75,0.67%
12/19/2006,62.81,62.2,63.27,61.47,79.92,1.09%
12/18/2006,62.13,63.34,63.57,61.94,67.62,-2.14%
12/15/2006,63.49,63,63.61,62.71,55.53,2.21%
12/14/2006,62.12,61.47,62.81,61.43,17.25,1.29%
12/13/2006,61.33,61.33,61.85,61.05,38.36,-0.31%
12/12/2006,61.52,62.15,62.48,61.07,40.22,-0.52%
12/11/2006,61.84,62.16,62.64,61.71,48.21,-0.58%
12/08/2006,62.2,62.81,63.97,62.13,67.6,-0.59%
12/07/2006,62.57,63.28,63.52,62.33,67.67,-0.79%
12/06/2006,63.07,63.5,63.99,62.89,84.46,-0.39%
12/05/2006,63.32,63.65,64.2,62.61,78.64,-0.20%
12/04/2006,63.45,64.59,64.75,63.13,69.09,-1.81%
12/01/2006,64.62,63.8,64.92,63.35,79.57,0.56%
11/30/2006,64.26,62.98,64.77,62.83,118.36,1.89%
11/29/2006,63.07,61.3,63.16,61.2,108.62,3.04%
11/28/2006,61.21,60.62,61.42,60.4,76.6,1.27%
11/27/2006,60.44,59.78,60.6,59.47,87.67,0.68%
11/24/2006,60.03,59.39,60.4,58.9,45.07,1.15%
11/23/2006,59.35,59.53,59.72,58.85,31.32,-0.24%
11/22/2006,59.49,60.39,60.55,58.66,87.83,-1.49%
11/21/2006,60.39,59.15,60.58,59,94.09,2.39%
11/20/2006,58.98,58.5,59.18,58.24,76.36,-0.02%
11/17/2006,58.99,58.49,59.11,57.85,80.63,0.77%
11/16/2006,58.54,60.61,61.37,58.31,117.31,-1.55%
11/15/2006,59.46,59.15,59.76,58.92,21.44,1.05%
11/14/2006,58.84,59.1,59.89,58.8,57.26,-0.36%
11/13/2006,59.05,59.8,60.23,58.54,54.31,-1.11%
11/10/2006,59.71,61.35,61.35,59.6,57.62,-2.63%
11/09/2006,61.32,59.9,61.43,59.76,78.01,2.90%
11/08/2006,59.59,58.9,59.9,58.46,90.62,1.90%
11/07/2006,58.48,59.75,60.05,58.44,88.2,-2.13%
11/06/2006,59.75,58.94,60.4,58.49,104.86,1.01%
11/03/2006,59.15,57.84,59.25,57.78,73.04,2.21%
11/02/2006,57.87,58.77,59.08,57.75,80.91,-1.88%
11/01/2006,58.98,58.85,59.67,58.01,97.51,-0.08%
10/31/2006,59.03,58.77,59.14,57.39,117.54,0.60%
10/30/2006,58.68,61.2,61.2,58.53,119.04,-3.93%
10/27/2006,61.08,60.95,61.33,60.13,80.91,0.51%
10/26/2006,60.77,62.25,62.35,60.47,90.21,-2.06%
10/25/2006,62.05,59.95,62.19,59.75,110.05,3.66%
10/24/2006,59.86,59.07,60.09,58.77,74.34,1.10%
10/23/2006,59.21,59.25,59.75,58.52,69.2,-0.79%
10/20/2006,59.68,61.3,61.55,59.55,84.92,-1.95%
10/19/2006,60.87,59.78,61.25,59.31,98.13,2.17%
10/18/2006,59.58,61.2,61.56,59.32,100.28,-2.23%
10/17/2006,60.94,61.99,62.5,60.57,93,1.63%
10/16/2006,59.96,59.4,60.16,58.82,11.46,0.74%
10/13/2006,59.52,59,60.43,58.82,53,1.29%
10/12/2006,58.76,58.26,59.3,58.16,56.17,0.19%
10/11/2006,58.65,59.42,59.93,58.42,81.62,-1.16%
10/10/2006,59.34,60.28,61.25,59.09,72.11,-1.98%
10/09/2006,60.54,60.25,61.66,59.93,80.81,1.19%
10/06/2006,59.83,59.96,60.32,58.75,76.82,-0.28%
10/05/2006,60,59.53,60.94,59.06,102.66,1.32%
10/04/2006,59.22,58.21,59.53,57.7,104.81,1.35%
10/03/2006,58.43,60.55,60.58,58.25,100.78,-3.34%
10/02/2006,60.45,62.7,62.82,60.3,69.88,-3.25%
09/29/2006,62.48,62.1,62.66,61.01,97.04,-0.10%
09/28/2006,62.54,62.25,63.63,61.87,91.93,0.53%
09/27/2006,62.21,60.21,62.41,59.45,94.84,3.48%
09/26/2006,60.12,61.1,61.24,59.7,82.78,-1.12%
09/25/2006,60.8,60.05,61.65,59.32,83.78,0.65%
09/22/2006,60.41,61.57,62.03,60.11,64.78,-1.52%
09/21/2006,61.34,60.7,61.55,60.34,67.58,1.44%
09/20/2006,60.47,62.19,62.36,60.3,88.21,-2.73%
09/19/2006,62.17,64.1,64.86,61.87,96.46,-2.94%
09/18/2006,64.05,63.47,64.62,63,89.76,1.14%
09/15/2006,63.33,63.61,63.85,62.21,84.55,1.75%
09/14/2006,62.24,63.43,63.77,61.96,15.32,-1.19%
09/13/2006,62.99,62.97,63.83,62.62,51,0.00%
09/12/2006,62.99,64.54,65.44,62.79,64.37,-2.42%
09/11/2006,64.55,65.2,65.31,63.97,72.21,-1.19%
09/08/2006,65.33,66.3,66.9,65.16,71,-1.80%
09/07/2006,66.53,66.93,67.46,66.11,67.14,-0.60%
09/06/2006,66.93,68.25,68.25,66.84,71.49,-1.70%
09/05/2006,68.09,68.2,68.8,67.42,63.49,0.56%
09/04/2006,67.71,69.15,69.49,67.59,36.34,-2.08%
09/01/2006,69.15,70.42,70.66,68.96,60.5,-1.57%
08/31/2006,70.25,70.6,71.06,69.43,89.29,0.10%
08/30/2006,70.18,70.2,70.7,68.82,77.98,0.46%
08/29/2006,69.86,70.55,71.25,69.48,94.26,-1.36%
08/28/2006,70.82,72.21,72.47,70.44,55.65,-2.59%
08/25/2006,72.7,73,74.09,72.5,67.17,0.03%
08/24/2006,72.68,72.05,73,71.73,59.37,0.92%
08/23/2006,72.02,73.1,73.17,71.61,78.16,-1.67%
08/22/2006,73.24,73.55,73.79,72.96,64.9,-0.19%
08/21/2006,73.38,72.59,73.74,72.53,77.93,1.49%
08/18/2006,72.3,71.72,72.65,71.35,62.37,1.01%
08/17/2006,71.58,72.45,72.58,71.31,84.13,-2.05%
08/16/2006,73.08,73.65,73.83,72.72,11.75,-0.98%
08/15/2006,73.8,74.2,74.6,73.55,25.51,-0.67%
08/14/2006,74.3,75.16,75.26,73.7,27.85,-1.76%
08/11/2006,75.63,75.25,76.1,75.1,34.09,0.46%
08/10/2006,75.28,77.27,77.55,75.1,43.07,-2.59%
08/09/2006,77.28,77.56,78.43,77.17,41.97,-0.35%
08/08/2006,77.55,78.3,78.65,77.45,45.33,-0.96%
08/07/2006,78.3,76.15,78.64,76.15,59.65,2.80%
08/04/2006,76.17,76.56,77.17,75.64,46.68,-0.51%
08/03/2006,76.56,77.18,77.18,76.02,59.67,-0.43%
08/02/2006,76.89,75.81,77.47,75.81,77.63,1.32%
08/01/2006,75.89,75.15,76.58,74.65,78.57,0.98%
07/31/2006,75.15,73.22,75.23,72.7,110.07,2.40%
07/28/2006,73.39,75.2,75.54,73.16,77.91,-2.16%
07/27/2006,75.01,73.8,75.36,73.79,81.52,1.36%
07/26/2006,74,73.28,74.73,73,103.44,0.98%
07/25/2006,73.28,74.94,75.41,73.1,91.5,-1.78%
07/24/2006,74.61,73.85,74.8,72.78,91.13,1.17%
07/21/2006,73.75,73.5,74.65,73.29,83.38,0.04%
07/20/2006,73.72,74,74.72,73.2,90.03,-0.24%
07/19/2006,73.9,74.75,75.13,72.59,124.56,-0.62%
07/18/2006,74.36,75.7,77.29,74.3,95.26,-2.05%
07/17/2006,75.92,77.98,78.18,75.67,92.69,-1.75%
07/14/2006,77.27,77.76,78.03,76.76,13.78,0.76%
07/13/2006,76.69,74.76,77.5,74.7,33.59,3.09%
07/12/2006,74.39,73.41,74.74,73.27,40.36,0.98%
07/11/2006,73.67,72.75,74.05,72.55,57.92,1.07%
07/10/2006,72.89,73.2,73.26,72.11,72.09,-0.84%
07/07/2006,73.51,73.7,75.09,73.25,75.48,-0.77%
07/06/2006,74.08,73.95,74.3,73.16,84.22,0.14%
07/05/2006,73.98,72.9,74.22,72.51,77.39,2.03%
07/04/2006,72.51,73.3,73.7,72.45,31.65,-1.20%
07/03/2006,73.39,73.26,73.99,73.17,30.31,-0.16%
06/30/2006,73.51,72.95,73.69,72.61,60.1,0.86%
06/29/2006,72.88,71.69,73.12,71.58,64.34,2.06%
06/28/2006,71.41,71.19,71.87,70.76,79.57,0.61%
06/27/2006,70.98,70.79,71.56,70.65,74.27,0.35%
06/26/2006,70.73,69.86,70.8,69.47,76.18,1.14%
06/23/2006,69.93,69.95,70.38,69.48,65.6,-0.03%
06/22/2006,69.95,69.09,70.17,69.08,91.72,1.13%
06/21/2006,69.17,68.05,69.5,67.57,90.51,1.60%
06/20/2006,68.08,68.02,69.04,67.48,89.28,-0.04%
06/19/2006,68.11,68.75,68.75,67.42,69.45,-1.00%
06/16/2006,68.8,68.93,69.36,67.53,77.62,2.03%
06/15/2006,67.43,67,68,67,12.97,0.67%
06/14/2006,66.98,66.62,67.33,66.33,42.8,0.09%
06/13/2006,66.92,68.7,68.75,66.68,37.44,-2.92%
06/12/2006,68.93,70.5,71.2,68.67,53.95,-2.20%
06/09/2006,70.48,69.18,70.63,68.68,50.06,2.07%
06/08/2006,69.05,69.05,69.2,67.73,70.71,-0.20%
06/07/2006,69.19,70.86,70.99,68.88,86.25,-2.29%
06/06/2006,70.81,71.3,71.66,69.88,88.11,-0.78%
06/05/2006,71.37,72.2,72.67,70.87,80.48,0.48%
06/02/2006,71.03,69.73,71.6,69.53,78.93,2.36%
06/01/2006,69.39,70.25,70.95,69.01,104,-1.45%
05/31/2006,70.41,71,71.15,69.07,100.52,-0.90%
05/30/2006,71.05,70.8,71.99,70.45,71.76,0.65%
05/26/2006,70.59,70.78,71.21,70.19,56.62,-0.17%
05/25/2006,70.71,69.02,70.86,69.02,58.34,2.15%
05/24/2006,69.22,70.5,70.85,68.81,92.87,-2.51%
05/23/2006,71,69.65,71.35,69.57,88.6,2.38%
05/22/2006,69.35,68.95,69.58,67.63,72.46,0.98%
05/19/2006,68.68,70.13,70.26,68.25,77.18,-1.42%
05/18/2006,69.67,68.8,70.08,68.32,82.42,0.91%
05/17/2006,69.04,70.14,70.69,68.64,83.74,-1.71%
05/16/2006,70.24,69.01,70.36,68.58,12.11,0.04%
05/15/2006,70.21,71.5,71.5,68.65,62.4,-2.73%
05/12/2006,72.18,73.04,73.53,71.83,56.11,-0.46%
05/11/2006,72.51,72.34,73.88,72.29,69.7,2.39%
05/10/2006,70.82,70.98,72.58,70.16,68.85,-0.56%
05/09/2006,71.22,70.64,71.78,70.17,82.97,2.73%
05/08/2006,69.33,71.1,71.25,69.06,71.75,-2.19%
05/05/2006,70.88,70.82,71.46,70.14,61.92,0.70%
05/04/2006,70.39,72.55,72.61,69.79,89.52,-4.00%
05/03/2006,73.32,74.9,74.97,72.46,84.49,-2.07%
05/02/2006,74.87,74,74.97,73.53,86.72,2.00%
05/01/2006,73.4,71.98,74.07,71.98,33.06,1.24%
04/28/2006,72.5,70.75,72.65,70.45,85.32,2.08%
04/27/2006,71.02,71.95,72.11,70.67,78.48,-1.96%
04/26/2006,72.44,73.1,73.63,71.73,83.05,-0.03%
04/25/2006,72.46,72.66,74.02,72.04,100.35,-1.90%
04/24/2006,73.86,74.63,74.76,72.7,80.97,-0.42%
04/21/2006,74.17,72.65,74.79,72.2,75.55,1.78%
04/20/2006,72.87,73.44,74.22,72.37,90.08,-0.11%
04/19/2006,72.95,72.35,74,72.22,92.7,1.53%
04/18/2006,71.85,71.5,72.64,71.22,69.98,0.77%
04/17/2006,71.3,70.99,71.62,70.52,38.78,1.65%
04/13/2006,70.14,69.45,70.99,69.08,74.61,1.04%
04/12/2006,69.42,69.15,69.97,69.13,21.1,0.07%
04/11/2006,69.37,68.8,69.7,68.35,34.04,0.90%
04/10/2006,68.75,67.3,68.99,67.3,54.5,2.17%
04/07/2006,67.29,67.62,67.7,66.62,53.86,-0.81%
04/06/2006,67.84,67.5,68.24,67.38,63.93,1.10%
04/05/2006,67.1,66.39,67.4,65.84,72.51,1.07%
04/04/2006,66.39,66.7,66.87,65.73,67.21,-0.67%
04/03/2006,66.84,66.3,67.93,66.26,68.25,1.41%
03/31/2006,65.91,66.75,66.81,65.52,63.55,-0.83%
03/30/2006,66.46,65.6,67.05,65.27,67.96,1.39%
03/29/2006,65.55,64.97,65.87,64.69,77.01,0.89%
03/28/2006,64.97,63.62,65.27,63.44,77.64,2.14%
03/27/2006,63.61,63.5,63.8,62.8,59.55,0.16%
03/24/2006,63.51,63.27,63.9,62.76,61.91,0.38%
03/23/2006,63.27,61.81,63.61,61.42,66.92,2.88%
03/22/2006,61.5,61.99,62.8,61.4,78.38,-1.01%
03/21/2006,62.13,61.32,62.41,60.98,80.1,1.29%
03/20/2006,61.34,63.29,63.56,61.09,62.54,-3.04%
03/17/2006,63.26,64.14,64.35,63.18,49.56,0.56%
03/16/2006,62.91,62.8,63.1,62.15,8.55,-0.05%
03/15/2006,62.94,63.56,64.1,62.51,31.6,-1.61%
03/14/2006,63.97,62.36,64.09,61.83,28,2.85%
03/13/2006,62.2,60.8,62.51,60.6,50.38,2.25%
03/10/2006,60.83,61.15,61.6,60.6,52.81,-0.38%
03/09/2006,61.06,59.86,61.55,59.85,69.45,1.72%
03/08/2006,60.03,61.35,61.42,59.26,73.66,-1.86%
03/07/2006,61.17,62.3,62.84,60.78,65.93,-1.88%
03/06/2006,62.34,64.18,64.18,62.11,69.95,-2.87%
03/03/2006,64.18,64.4,64.64,63.57,62.04,0.17%
03/02/2006,64.07,62.55,64.35,62.55,77.28,2.59%
03/01/2006,62.45,61.95,62.76,61.65,73.24,1.12%
02/28/2006,61.76,60.36,62.1,60.36,67.17,1.26%
02/27/2006,60.99,62.2,62.28,60.73,63.38,-2.57%
02/24/2006,62.6,60.85,62.87,60.8,83.11,3.40%
02/23/2006,60.54,60.17,61.11,59.81,73.04,0.17%
02/22/2006,60.44,61.33,61.42,60,63.19,-1.88%
02/21/2006,61.6,61.51,61.75,60.9,68.19,0.10%
02/20/2006,61.54,60,61.74,60,41.73,2.76%
02/17/2006,59.89,59.45,60.32,59.1,59.44,1.87%
02/16/2006,58.79,58.15,59.5,58.05,60.51,1.10%
02/15/2006,58.15,59.52,59.92,57.9,70.7,-2.30%
02/14/2006,59.52,60.51,60.97,59.3,59.53,0.24%
02/13/2006,59.38,59.26,60.03,58.94,16.03,-0.44%
02/10/2006,59.64,61.23,61.23,59.41,39.06,-1.83%
02/09/2006,60.75,61.23,62.05,60.57,49.28,-0.51%
02/08/2006,61.06,61.51,61.89,60.75,56.1,-0.81%
02/07/2006,61.56,63.21,63.23,61.23,62.52,-2.79%
02/06/2006,63.33,63.85,64.5,63.1,50.55,-0.09%
02/03/2006,63.39,62.75,63.6,62.15,60.82,0.81%
02/02/2006,62.88,64.9,65.52,62.53,79.21,-3.31%
02/01/2006,65.03,65.76,67.27,64.19,80.82,-1.45%
01/31/2006,65.99,66.4,66.94,65.44,72.36,-0.90%
01/30/2006,66.59,66.5,66.8,65.6,59.88,0.53%
01/27/2006,66.24,65.31,66.43,65.25,58.57,2.03%
01/26/2006,64.92,63.95,65.51,63.95,82.6,1.07%
01/25/2006,64.23,65.03,65.17,63.87,84.81,-1.70%
01/24/2006,65.34,65.9,66.35,65.05,76.65,-1.24%
01/23/2006,66.16,67.05,67.11,65.63,72.89,-0.41%
01/20/2006,66.43,65.36,67.32,65.35,79.49,1.84%
01/19/2006,65.23,64.44,65.5,63.8,70.57,1.62%
01/18/2006,64.19,65.24,65.52,63.84,87.53,-1.09%
01/17/2006,64.9,63.55,65.32,63.35,88.29,3.13%
01/16/2006,62.93,62.4,63.18,62.4,7.42,1.08%
01/13/2006,62.26,62.42,63.25,61.77,32.89,-0.57%
01/12/2006,62.62,62.6,63.28,62.48,43.01,0.72%
01/11/2006,62.17,61.95,62.94,61.04,68.57,0.40%
01/10/2006,61.92,61.81,62.61,61.53,56.72,-0.15%
01/09/2006,62.01,62.75,63.21,61.41,55.43,-1.13%
01/06/2006,62.72,61.15,63.09,61.15,69.38,2.60%
01/05/2006,61.13,61.68,62.09,61.05,74.87,-0.89%
01/04/2006,61.68,61.35,61.84,60.36,66.43,0.54%
01/03/2006,61.35,59.35,62.05,59.08,70.86,4.02%
12/30/2005,58.98,57.97,59.23,57.56,28.08,1.57%
12/29/2005,58.07,57.69,58.52,57.2,33.88,0.75%
12/28/2005,57.64,56.05,58.08,55.7,46.43,2.40%
12/27/2005,56.29,56.1,56.46,55.52,20.99,-0.71%
12/23/2005,56.69,57,57,56.04,26.41,0.25%
12/22/2005,56.55,56.24,57.73,56.04,46.22,-0.30%
12/21/2005,56.72,56.17,56.99,55.81,51.47,0.98%
12/20/2005,56.17,56.28,56.66,55.87,48.07,0.11%
12/19/2005,56.11,57.12,57.68,55.91,53.49,-1.79%
12/16/2005,57.13,59.36,59.36,57.06,61.05,-4.54%
12/15/2005,59.85,59.6,60.4,59.2,13.82,0.42%
12/14/2005,59.6,59.56,60.31,59.2,41.8,0.13%
12/13/2005,59.52,59.22,59.98,58.66,60.5,0.13%
12/12/2005,59.44,58.03,59.54,57.6,64.07,3.72%
12/09/2005,57.31,58.9,59.58,57.02,66.13,-2.32%
12/08/2005,58.67,57.15,59.05,56.92,67.76,2.97%
12/07/2005,56.98,58.1,58.44,56.85,74.75,-1.09%
12/06/2005,57.61,57.6,58.16,57.33,57.02,-0.21%
12/05/2005,57.73,57.22,58.57,57.22,75.07,1.19%
12/02/2005,57.05,56.3,57.21,55.71,66.67,1.60%
12/01/2005,56.15,55,56.43,54.63,67.88,2.00%
11/30/2005,55.05,54.01,55.22,53.75,67.32,1.34%
11/29/2005,54.32,54.65,55.39,53.92,61.38,-1.02%
11/28/2005,54.88,55.3,55.75,54.2,59.05,-0.24%
11/25/2005,55.01,55.41,55.66,54.89,29.19,-0.52%
11/24/2005,55.3,56.25,56.45,55.2,30.82,-1.62%
11/23/2005,56.21,56.5,56.6,55.5,58.63,-0.35%
11/22/2005,56.41,55.52,56.66,55.52,56.97,1.93%
11/21/2005,55.34,55.25,56.05,54.75,51.19,0.84%
11/18/2005,54.88,54.92,55.23,54.33,57.04,0.05%
11/17/2005,54.85,55.88,56.78,54.74,68.92,-2.05%
11/16/2005,56,55.11,56.3,54.75,68.87,3.61%
11/15/2005,54.05,54.75,54.75,53.9,7.99,-1.24%
11/14/2005,54.73,55.25,55.72,54.5,34.91,-0.47%
11/11/2005,54.99,55.57,55.82,54.74,41.02,-1.24%
11/10/2005,55.68,56.51,56.75,55.21,53.2,-2.11%
11/09/2005,56.88,57.81,58.44,56.5,70.01,-1.61%
11/08/2005,57.81,58.2,58.28,57.24,58.26,-0.40%
11/07/2005,58.04,58.9,59.25,57.18,63.56,-2.04%
11/04/2005,59.25,60.55,60.55,58.98,48.05,-2.10%
11/03/2005,60.52,58.36,60.65,58.16,63.55,3.67%
11/02/2005,58.38,58.22,58.82,57.44,68.12,0.02%
11/01/2005,58.37,58.07,58.81,57.58,53,0.46%
10/31/2005,58.1,59.24,59.45,57.69,56.15,-2.22%
10/28/2005,59.42,59.2,59.6,58.83,50.57,0.47%
10/27/2005,59.14,58.88,59.62,58.5,62.5,0.46%
10/26/2005,58.87,59.92,60.78,58.8,68.41,-2.27%
10/25/2005,60.24,58.18,60.35,57.83,71.37,3.43%
10/24/2005,58.24,58.01,58.47,57.36,50.42,-0.41%
10/21/2005,58.48,57.7,58.55,57.05,59.49,0.98%
10/20/2005,57.91,58.27,58.88,57.12,65.39,-1.18%
10/19/2005,58.6,58.93,59.65,57.67,74.79,-1.15%
10/18/2005,59.28,60.6,60.6,58.99,67.52,-2.13%
10/17/2005,60.57,60.28,61.12,59.76,72.42,2.06%
10/14/2005,59.35,59.9,60.27,58.9,11.23,-1.31%
10/13/2005,60.14,60.52,60.92,59.47,24.1,-0.71%
10/12/2005,60.57,60.3,61.31,59.92,59.53,0.82%
10/11/2005,60.08,59.08,60.29,58.81,63.48,2.21%
10/10/2005,58.78,59.2,59.66,57.43,47.33,-0.73%
10/07/2005,59.21,59.3,59.3,58.4,47.6,1.44%
10/06/2005,58.37,59.65,59.95,58.24,55.43,-2.91%
10/05/2005,60.12,61.23,62.18,59.73,60.9,-1.80%
10/04/2005,61.22,62.8,62.8,60.31,59.64,-2.52%
10/03/2005,62.8,63.63,63.96,62.39,49,-1.07%
09/30/2005,63.48,63.43,63.95,62.37,57.96,-0.56%
09/29/2005,63.84,63.95,64.28,62.08,69.31,-0.14%
09/28/2005,63.93,62.85,64.72,62.54,66.46,1.52%
09/27/2005,62.97,64.04,64.09,62.7,53.93,-1.50%
09/26/2005,63.93,62.16,64.1,61,61.14,2.39%
09/23/2005,62.44,64.2,64.45,62.01,68.84,-3.34%
09/22/2005,64.6,65.38,65.78,64.2,70.05,-0.20%
09/21/2005,64.73,64.99,65.8,64.53,74.48,0.83%
09/20/2005,64.2,65.5,65.72,63.18,78.19,-2.15%
09/19/2005,65.61,62.35,65.8,62.11,78.08,6.15%
09/16/2005,61.81,63.31,63.61,61.63,59.03,-2.14%
09/15/2005,63.16,63.41,63.96,62.9,12.85,-0.33%
09/14/2005,63.37,61.8,63.59,61.58,37.78,2.86%
09/13/2005,61.61,61.75,62.33,61.15,51.85,-0.31%
09/12/2005,61.8,62.83,63.1,61.14,51.06,-1.65%
09/09/2005,62.84,63.53,64.16,62.39,56.77,-0.38%
09/08/2005,63.08,63.23,63.74,61.59,63.02,0.30%
09/07/2005,62.89,64.15,65,62.58,60.28,-2.75%
09/06/2005,64.67,64.85,66.08,64.2,53.79,-0.28%
09/05/2005,64.85,66,66,64.43,28.81,-1.83%
09/02/2005,66.06,67.39,67.88,64.83,48.21,-2.45%
09/01/2005,67.72,66.7,67.84,66.65,57.37,1.04%
08/31/2005,67.02,68.05,68.24,65.64,77.96,-0.81%
08/30/2005,67.57,66.65,68.89,66.07,98.47,4.16%
08/26/2005,64.87,65.98,66.65,64.59,52.82,-2.11%
08/25/2005,66.27,66.56,66.56,65.25,62.05,0.39%
08/24/2005,66.01,65,66.65,64.29,75.68,2.10%
08/23/2005,64.65,64.39,64.96,63.59,71.12,0.23%
08/22/2005,64.5,64.4,65.38,64.02,55.77,0.22%
08/19/2005,64.36,62.7,64.69,62.5,58.01,3.14%
08/18/2005,62.4,62.45,63.11,61.45,69.25,-0.26%
08/17/2005,62.56,65,65.5,62.38,95.11,-4.36%
08/16/2005,65.41,64.9,65.92,64.9,8.7,-0.26%
08/15/2005,65.58,65.73,66.85,64.79,41.11,-1.31%
08/12/2005,66.45,65.55,66.77,65.1,42.2,1.64%
08/11/2005,65.38,64.15,65.66,63.5,71.04,2.17%
08/10/2005,63.99,62.13,64.24,61.94,83.09,3.24%
08/09/2005,61.98,62.75,63.06,61.87,50.59,-1.15%
08/08/2005,62.7,61.3,62.76,61.24,61.18,2.67%
08/05/2005,61.07,60.5,61.24,60.35,52.11,1.58%
08/04/2005,60.12,59.56,60.86,59.56,47.66,0.79%
08/03/2005,59.65,60.72,61.26,59.37,64.12,-1.60%
08/02/2005,60.62,60.45,60.74,59.65,65.48,0.30%
08/01/2005,60.44,59.85,60.98,59.58,60.88,1.80%
07/29/2005,59.37,59,59.84,58.95,52.11,1.04%
07/28/2005,58.76,58.01,58.97,57.75,56.89,1.29%
07/27/2005,58.01,57.73,58.5,57.55,68.53,-0.03%
07/26/2005,58.03,57.69,58.65,57.35,58.41,0.29%
07/25/2005,57.86,57.55,58,56.56,64.77,0.49%
07/22/2005,57.58,56.1,57.75,55.82,50.98,3.34%
07/21/2005,55.72,56.3,56.68,55.25,64.77,-1.64%
07/20/2005,56.65,57.5,58.3,56.15,72.96,-1.24%
07/19/2005,57.36,57.04,57.53,56.6,59.8,0.65%
07/18/2005,56.99,57.8,58.54,56.49,58.8,-1.08%
07/15/2005,57.61,57.3,58.16,56.5,52.56,0.52%
07/14/2005,57.31,57.95,58.5,56.9,18.23,-1.65%
07/13/2005,58.27,59.01,59.58,57.9,57.59,-0.94%
07/12/2005,58.82,57.65,59.46,57.35,62.3,2.40%
07/11/2005,57.44,57.6,57.79,56.62,52.59,-1.31%
07/08/2005,58.2,59.22,60.36,57.97,58.1,-1.82%
07/07/2005,59.28,60.04,60.7,55.55,79.33,-0.95%
07/06/2005,59.85,58.4,60.01,58.38,61.14,2.68%
07/05/2005,58.29,57.9,58.72,57.85,54.86,0.60%
07/04/2005,57.94,57.65,58.1,57.4,15.5,0.70%
07/01/2005,57.54,55.7,57.92,55.46,45.85,3.53%
06/30/2005,55.58,56.15,56.71,55.04,73.47,-1.02%
06/29/2005,56.15,57.33,57.33,55.86,67.54,-1.80%
06/28/2005,57.18,59.1,59.14,56.85,60.67,-3.58%
06/27/2005,59.3,58.85,59.59,58.7,46.94,1.61%
06/24/2005,58.36,58.32,58.51,57.65,48.64,0.69%
06/23/2005,57.96,56.88,58.55,56.66,63.12,2.44%
06/22/2005,56.58,57.26,58,56.38,61.88,-1.60%
06/21/2005,57.5,57.95,58.48,57.3,69,-1.41%
06/20/2005,58.32,57.8,58.58,57.3,53.72,0.97%
06/17/2005,57.76,56.4,57.95,56.15,53.28,2.74%
06/16/2005,56.22,55.24,56.39,55.08,57.59,3.16%
06/15/2005,54.5,54.1,55.07,54.02,16.95,1.43%
06/14/2005,53.73,54.61,54.71,53.65,33.66,-1.92%
06/13/2005,54.78,52.55,54.86,52.55,34.73,4.01%
06/10/2005,52.67,53.9,54.3,52.56,40.4,-2.14%
06/09/2005,53.82,51.95,53.95,51.61,47.61,3.28%
06/08/2005,52.11,53.05,54.5,51.95,59.69,-1.92%
06/07/2005,53.13,53.65,53.9,52.72,58.5,-1.01%
06/06/2005,53.67,54.3,54.62,53.12,47.08,-0.92%
06/03/2005,54.17,52.39,54.24,52.39,49.01,3.38%
06/02/2005,52.4,53.05,53.97,52.26,60.69,-1.63%
06/01/2005,53.27,50.85,53.46,50.85,59.03,5.01%
05/31/2005,50.73,50.47,50.86,49.87,56.29,0.06%
05/27/2005,50.7,49.96,50.8,49.82,38.62,1.08%
05/26/2005,50.16,50.08,50.79,49.76,55.35,0.18%
05/25/2005,50.07,48.75,50.58,48.62,72.97,2.56%
05/24/2005,48.82,48.51,49.04,48.05,60.45,0.93%
05/23/2005,48.37,47.91,48.8,47.47,54.67,0.71%
05/20/2005,48.03,48.1,48.51,47.6,60.55,0.31%
05/19/2005,47.88,47.9,48.82,47.8,52.81,-0.56%
05/18/2005,48.15,49.6,49.8,47.95,59.55,-2.41%
05/17/2005,49.34,49.4,49.67,48.6,54.51,2.68%
05/16/2005,48.05,48.36,48.36,47.65,16.96,-1.25%
05/13/2005,48.66,48.25,49.07,47.71,40.56,0.66%
05/12/2005,48.34,49.78,49.78,48.18,46.4,-3.46%
05/11/2005,50.07,51.2,51.38,49.82,54.5,-2.64%
05/10/2005,51.43,51.75,52.43,51.01,51.8,0.27%
05/09/2005,51.29,51.4,51.6,50.41,39.58,1.02%
05/06/2005,50.77,51.65,51.98,50.41,43.58,-0.70%
05/05/2005,51.13,51.22,51.91,50.11,49.78,0.31%
05/04/2005,50.97,50.46,51.49,49.66,56.72,0.89%
05/03/2005,50.52,51.78,51.8,50.45,45.36,-1.12%
04/29/2005,51.09,52.59,53.07,50.35,36.47,-2.65%
04/28/2005,52.48,51.85,52.85,50.96,63.04,0.36%
04/27/2005,52.29,54.15,54.35,51.72,43.93,-3.42%
04/26/2005,54.14,54.25,54.38,53.33,46.71,-0.48%
04/25/2005,54.4,55.54,55.74,54.07,42.94,-1.04%
04/22/2005,54.97,54.25,55.4,54.23,38.05,1.78%
04/21/2005,54.01,53.3,54.3,52.9,38.52,0.43%
04/20/2005,53.78,53.3,54.1,53.02,56.44,1.59%
04/19/2005,52.94,51,53,50.95,41.69,4.25%
04/18/2005,50.78,51.15,51.73,50.44,42.31,-1.61%
04/15/2005,51.61,52.35,52.35,51.21,43.08,1.37%
04/14/2005,50.91,50.6,51.14,50.4,12.05,0.85%
04/13/2005,50.48,51.35,51.65,50.41,18.15,-2.89%
04/12/2005,51.98,53.3,53.6,51.6,15.49,-2.31%
04/11/2005,53.21,52.8,53.4,51.52,23.79,0.61%
04/08/2005,52.89,53.4,53.9,52.58,25.39,-2.13%
04/07/2005,54.04,55.4,56.48,53.6,26.94,-2.23%
04/06/2005,55.27,55.38,55.92,54.6,33.72,-0.31%
04/05/2005,55.44,56.2,56.65,55.4,37.22,-1.40%
04/04/2005,56.23,56.8,57.65,55.9,39.78,-0.50%
04/01/2005,56.51,54.52,56.6,54.37,34.44,4.09%
03/31/2005,54.29,53.3,54.95,52.84,44.5,4.22%
03/30/2005,52.09,53.23,53.26,51.8,43.82,-1.77%
03/29/2005,53.03,53,53.5,52.5,43.17,-1.67%
03/24/2005,53.93,53,53.97,53,41,1.68%
03/23/2005,53.04,54.35,54.4,52.65,56.05,-2.84%
03/22/2005,54.59,55.75,55.75,54.4,33.31,-1.90%
03/21/2005,55.65,55.59,55.87,55.05,38.08,0.11%
03/18/2005,55.59,55.03,55.7,54.8,25.12,0.96%
03/17/2005,55.06,55.05,56.15,54.91,44.1,0.47%
03/16/2005,54.8,53.25,54.95,53.17,11.17,1.76%
03/15/2005,53.85,53.68,54.28,53.05,21.86,0.35%
03/14/2005,53.66,53.09,53.7,52.46,19.7,1.05%
03/11/2005,53.1,52,53.4,51.4,22.11,0.84%
03/10/2005,52.66,53.1,53.42,52.1,27.11,-1.35%
03/09/2005,53.38,52.8,54.3,52.67,30.09,1.02%
03/08/2005,52.84,51.75,53.3,51.34,34.62,1.44%
03/07/2005,52.09,51.74,52.2,50.95,31.21,0.56%
03/04/2005,51.8,51.72,52.12,51.3,31.03,-0.29%
03/03/2005,51.95,51.5,53,51.12,47.5,1.43%
03/02/2005,51.22,50.1,51.39,49.85,38.18,2.22%
03/01/2005,50.11,50.08,50.32,49.05,73.06,0.10%
02/28/2005,50.06,50,50.34,49.45,40.76,0.91%
02/25/2005,49.61,49.39,49.9,48.86,49.67,0.34%
02/24/2005,49.44,48.68,49.75,48.45,54.9,1.92%
02/23/2005,48.51,48.62,48.95,48.1,53.77,-0.23%
02/22/2005,48.62,46.73,48.9,46.55,66.35,4.04%
02/21/2005,46.73,46.45,47.08,46.39,31.56,0.84%
02/18/2005,46.34,45.92,46.5,45.8,35.04,1.13%
02/17/2005,45.82,46.55,46.64,45.5,41.34,-0.72%
02/16/2005,46.15,45.4,46.55,44.95,48.32,1.67%
02/15/2005,45.39,45.47,45.7,45.28,25.93,-0.31%
02/14/2005,45.53,45.07,45.85,44.65,36.94,1.63%
02/11/2005,44.8,44.49,44.92,44.35,18.12,0.72%
02/10/2005,44.48,43.25,44.7,43.17,33.22,3.13%
02/09/2005,43.13,42.7,44.12,42.57,33.77,0.14%
02/08/2005,43.07,42.94,43.38,42.46,31.36,0.07%
02/07/2005,43.04,43.7,43.87,42.76,38.51,-1.94%
02/04/2005,43.89,44.03,44.48,43.66,29.4,0.09%
02/03/2005,43.85,44.13,44.13,43.15,34.15,-0.36%
02/02/2005,44.01,44.7,45,43.93,42.84,-1.81%
02/01/2005,44.82,45.48,45.85,44.65,35.04,-2.40%
01/31/2005,45.92,44.5,45.95,43.58,46.08,2.16%
01/28/2005,44.95,46.45,46.48,44.5,40.08,-3.21%
01/27/2005,46.44,46.55,47.35,46.35,38.03,-0.15%
01/26/2005,46.51,46.7,47,45.6,44.28,-0.96%
01/25/2005,46.96,45.79,46.99,45.63,41.53,2.06%
01/24/2005,46.01,46.2,46.44,45.05,38.32,0.61%
01/21/2005,45.73,44.33,46.1,44.3,40.67,3.18%
01/20/2005,44.32,44.2,44.67,43.73,41.47,-0.87%
01/19/2005,44.71,45.07,45.37,44.66,39.36,-1.50%
01/18/2005,45.39,45.83,46.35,44.6,58.32,0.80%
01/17/2005,45.03,45.35,45.4,44.77,18.11,-0.27%
01/14/2005,45.15,45.22,45.3,44.86,8.49,-0.13%
01/13/2005,45.21,43.97,45.47,43.79,22.01,3.50%
01/12/2005,43.68,43.4,43.9,42.5,19.56,1.30%
01/11/2005,43.12,42.95,43.65,42.55,29.36,0.47%
01/10/2005,42.92,43.2,44.85,42.9,27.65,-0.60%
01/07/2005,43.18,42.75,43.75,42.2,29.64,0.77%
01/06/2005,42.85,40.43,43.2,39.82,51.63,5.78%
01/05/2005,40.51,40.8,41,39.9,42.23,-1.29%
01/04/2005,41.04,39.4,41.25,38.81,40.1,1.43%
12/31/2004,40.46,40.37,40.59,40.2,11.1,0.22%
12/30/2004,40.37,40.08,40.45,39.3,28.08,3.06%
12/29/2004,39.17,38.7,39.6,38.4,40.78,-2.25%
12/24/2004,40.07,40.7,40.8,39.95,10.21,-1.57%
12/23/2004,40.71,40.6,40.85,40.12,22.28,0.17%
12/22/2004,40.64,42.17,42.42,40.5,34.94,-4.08%
12/21/2004,42.37,42.43,42.63,41.8,32.59,-0.19%
12/20/2004,42.45,43.1,43.4,41.9,38.07,-2.17%
12/17/2004,43.39,41.7,43.45,41.21,37.3,4.68%
12/16/2004,41.45,42.11,42.15,41.15,6.72,-1.82%
12/15/2004,42.22,39.45,42.3,39.45,18.37,7.57%
12/14/2004,39.25,38.24,39.3,37.73,23.62,3.73%
12/13/2004,37.84,37.8,38.55,37,33.25,1.23%
12/10/2004,37.38,39.85,40.52,37.3,33.3,-5.77%
12/09/2004,39.67,39.03,40.03,38.9,28.95,2.53%
12/08/2004,38.69,38.42,39.25,37.3,44.63,1.10%
12/07/2004,38.27,39.78,39.9,38.05,38.12,-3.48%
12/06/2004,39.65,39.5,40.45,39.3,35.4,0.74%
12/03/2004,39.36,40.1,40.65,38.85,42.9,-1.97%
12/02/2004,40.15,42.4,42.75,39.5,53.89,-5.11%
12/01/2004,42.31,45.35,45.43,42.15,48.75,-7.03%
11/30/2004,45.51,45.62,46.7,44.92,42.57,-0.52%
11/29/2004,45.75,44.7,45.88,44.7,44.38,2.65%
11/26/2004,44.57,44.91,45.05,44.52,19.96,-0.20%
11/25/2004,44.66,45.07,45.51,44.6,21.48,-0.36%
11/24/2004,44.82,44.5,44.95,43.5,39.9,0.83%
11/23/2004,44.45,44.04,45.95,43.84,48.04,0.16%
11/22/2004,44.38,44.95,45.74,44.15,48.57,-1.14%
11/19/2004,44.89,42.78,44.9,42.6,55.48,5.08%
11/18/2004,42.72,42.76,43.4,42.1,51.72,-0.09%
11/17/2004,42.76,42.29,43.12,41.3,55.28,1.11%
11/16/2004,42.29,43.04,43.65,42.2,51.08,4.83%
11/15/2004,40.34,42.19,42.19,40.05,7.31,-4.66%
11/12/2004,42.31,43.4,43.47,42.2,23.27,-1.65%
11/11/2004,43.02,44.55,44.7,42.95,15.77,-3.87%
11/10/2004,44.75,43.46,44.8,43.3,33.62,2.38%
11/09/2004,43.71,46,46.28,43.6,38.14,-4.81%
11/08/2004,45.92,46.3,46.3,45.4,28.84,-1.08%
11/05/2004,46.42,45.8,46.62,45.5,34.18,0.89%
11/04/2004,46.01,47.05,47.65,45.9,44.52,-3.26%
11/03/2004,47.56,46.3,47.85,45.45,44.7,2.17%
11/02/2004,46.55,47.06,47.35,46.4,41.92,-1.08%
11/01/2004,47.06,49.2,49.6,46.21,53.72,-3.92%
10/29/2004,48.98,48,49,47.68,43.93,1.26%
10/28/2004,48.37,48.75,49.75,48.3,64.34,-2.18%
10/27/2004,49.45,51.4,51.94,49.25,65.01,-4.09%
10/26/2004,51.56,50.47,51.6,50.15,43.57,1.54%
10/25/2004,50.78,51.3,51.9,50.45,41.32,-0.86%
10/22/2004,51.22,50.9,51.65,50.9,36.31,0.99%
10/21/2004,50.72,50.55,51.14,50.38,41.28,0.40%
10/20/2004,50.52,48.7,50.62,48.7,56.54,3.59%
10/19/2004,48.77,48.85,48.86,47.9,57.39,-0.29%
10/18/2004,48.91,50.3,50.4,48.37,48.76,-2.04%
10/15/2004,49.93,49.95,50.15,49.44,37.68,-1.79%
10/14/2004,50.84,50.25,50.9,50,11.02,1.58%
10/13/2004,50.05,49.62,50.35,48.5,32.02,0.91%
10/12/2004,49.6,50.55,51.5,49.6,27.95,-2.09%
10/11/2004,50.66,49.6,50.7,49.4,33.19,1.91%
10/08/2004,49.71,48.69,49.75,48.15,43.87,1.66%
10/07/2004,48.9,48.1,49.2,48.1,35.35,1.90%
10/06/2004,47.99,47.1,48.1,46.85,43.71,1.82%
10/05/2004,47.13,45.8,47.41,45.8,43.89,2.04%
10/04/2004,46.19,46.25,46.35,45.85,27.82,-0.92%
10/01/2004,46.62,46.2,46.73,45.9,33.04,0.52%
09/30/2004,46.38,46.02,46.72,45.65,34.75,0.65%
09/29/2004,46.08,46.57,46.7,45.05,40.84,-0.80%
09/28/2004,46.45,46.8,46.8,45.95,41.42,1.13%
09/27/2004,45.93,45.7,46.25,45.5,30.36,1.32%
09/24/2004,45.33,44.91,45.35,44.56,34.01,0.44%
09/23/2004,45.13,44.93,45.75,44.35,43.55,0.45%
09/22/2004,44.93,43.45,45.15,43.2,49.05,3.55%
09/21/2004,43.39,43.1,43.78,42.6,38.16,1.12%
09/20/2004,42.91,42.55,43.17,42.1,36.44,1.08%
09/17/2004,42.45,41,42.52,40.91,56.32,4.17%
09/16/2004,40.75,40.7,41.15,40,56.74,-2.63%
09/15/2004,41.85,41.93,42.3,41.6,10.18,0.29%
09/14/2004,41.73,41.06,42.02,41.06,54.33,1.63%
09/13/2004,41.06,41.05,41.5,40.3,32,2.14%
09/10/2004,40.2,42.2,42.6,40,42.76,-4.78%
09/09/2004,42.22,40.25,42.3,40.1,50.33,4.53%
09/08/2004,40.39,40.64,41.1,40.06,39.61,-0.91%
09/07/2004,40.76,40.62,40.9,40.25,45.87,0.34%
09/06/2004,40.62,41.3,41.4,40.54,22.68,-1.48%
09/03/2004,41.23,41.7,41.8,41.1,33.31,-0.82%
09/02/2004,41.57,41.4,43.04,41.3,55.54,0.24%
09/01/2004,41.47,39.9,41.85,39.7,44.09,4.70%
08/31/2004,39.61,39.75,39.95,39.2,49.06,-2.53%
08/27/2004,40.64,40.87,40.88,40.2,38,0.77%
08/26/2004,40.33,40.8,41.25,39.67,61.69,-0.86%
08/25/2004,40.68,42.55,42.74,40.42,56.25,-3.88%
08/24/2004,42.32,42.8,42.99,42,55.31,-1.65%
08/23/2004,43.03,43.88,44.05,42.96,41.89,-1.17%
08/20/2004,43.54,44.5,45.15,43.3,40.92,-1.78%
08/19/2004,44.33,43.25,44.35,43.18,45.2,3.02%
08/18/2004,43.03,42.83,43.4,42.55,50.02,0.09%
08/17/2004,42.99,42.58,43.17,42.15,46.45,-1.56%
08/16/2004,43.67,43.85,44.11,43.3,11.28,-0.48%
08/13/2004,43.88,42.29,43.92,42,39.55,3.76%
08/12/2004,42.29,41.5,42.56,41.5,27.96,1.73%
08/11/2004,41.57,41.2,41.7,40.4,40.45,0.70%
08/10/2004,41.28,41.41,41.69,41.11,38.57,-0.67%
08/09/2004,41.56,40.4,41.66,40.27,33.09,2.29%
08/06/2004,40.63,41.35,41.5,40.46,38.13,-1.19%
08/05/2004,41.12,39.85,41.3,39.85,37.74,3.58%
08/04/2004,39.7,40.6,40.99,39.7,49.32,-2.31%
08/03/2004,40.64,40.18,40.75,39.92,40.9,1.68%
08/02/2004,39.97,39.7,40.04,39.54,37.04,-0.15%
07/30/2004,40.03,39.55,40.05,39.45,34.62,1.99%
07/29/2004,39.25,39.25,39.38,38.7,47.28,-0.71%
07/28/2004,39.53,38.4,39.68,38.25,57.13,2.57%
07/27/2004,38.54,38.2,38.73,38,36.54,1.13%
07/26/2004,38.11,38.5,38.5,37.75,33.58,-0.42%
07/23/2004,38.27,38.1,38.4,37.85,33.67,0.68%
07/22/2004,38.01,37.2,38.15,37.05,49.92,2.29%
07/21/2004,37.16,37.06,37.66,36.99,36.11,0.41%
07/20/2004,37.01,38,38.15,36.96,46.97,-2.35%
07/19/2004,37.9,37.5,38.23,37.5,35.79,-0.26%
07/16/2004,38,37.56,38.5,37.25,49.53,-0.29%
07/15/2004,38.11,38.18,38.39,37.86,10.55,-1.12%
07/14/2004,38.54,36.9,38.58,36.6,33.33,5.04%
07/13/2004,36.69,36.4,36.88,36.11,29.35,0.16%
07/12/2004,36.63,36.95,37.7,36.6,33.49,-1.13%
07/09/2004,37.05,37.6,37.8,37,33.55,-1.91%
07/08/2004,37.77,36.83,37.8,36.41,54.67,3.17%
07/07/2004,36.61,37.2,37.2,36.26,45.24,-1.53%
07/06/2004,37.18,36.46,37.3,36.46,44.43,2.42%
07/05/2004,36.3,36.1,36.65,36.1,22.36,1.06%
07/02/2004,35.92,35.82,36.35,35.75,35.29,-0.42%
07/01/2004,36.07,34.25,36.45,34.18,57.28,4.55%
06/30/2004,34.5,33.31,34.55,33.26,48.36,4.20%
06/29/2004,33.11,33.48,33.88,33.08,43.97,-1.75%
06/28/2004,33.7,34.6,34.64,33.57,48.62,-3.63%
06/25/2004,34.97,35.2,35.25,34.6,42.54,-0.93%
06/24/2004,35.3,35.12,35.53,35,48.14,0.77%
06/23/2004,35.03,35.6,36,34.85,70.79,-1.63%
06/22/2004,35.61,35.2,35.7,35,48.58,1.37%
06/21/2004,35.13,36.04,36.59,35.05,55.01,-2.98%
06/18/2004,36.21,36.21,36.7,35.81,43.49,0.00%
06/17/2004,36.21,35.34,36.45,35.25,61.84,2.87%
06/16/2004,35.2,35.05,35.48,34.85,49.26,-0.26%
06/15/2004,35.29,35.05,35.9,34.73,8.86,-0.56%
06/14/2004,35.49,35.75,35.9,35.19,34.42,0.14%
06/11/2004,35.44,35.82,35.84,35.42,22.95,-0.84%
06/10/2004,35.74,35.3,35.88,35.3,38.13,1.28%
06/09/2004,35.29,34.75,35.44,34.43,48.81,0.68%
06/08/2004,35.05,35.97,36.55,35,56.26,-2.53%
06/07/2004,35.96,35.67,36.05,34.8,43.61,0.81%
06/04/2004,35.67,36.28,36.28,35.65,43.38,-2.01%
06/03/2004,36.4,36.9,37.77,35.5,57.91,-1.25%
06/02/2004,36.86,38.85,38.95,36.82,51.82,-5.68%
06/01/2004,39.08,37.15,39.12,37.15,48.57,6.83%
05/28/2004,36.58,35.96,36.67,35.96,32.68,0.91%
05/27/2004,36.25,36.96,37.07,35.95,60.87,-2.24%
05/26/2004,37.08,37.5,37.9,37.05,49.11,-0.96%
05/25/2004,37.44,37.92,38.19,37.25,48.43,-1.91%
05/24/2004,38.17,36.1,38.2,36,64.13,4.55%
05/21/2004,36.51,37.26,37.35,36.35,46.09,-2.01%
05/20/2004,37.26,38.15,38.16,37.25,46.7,-1.69%
05/19/2004,37.9,36.6,37.91,36.4,51.08,2.57%
05/18/2004,36.95,37.45,37.72,36.81,53.9,-2.53%
05/17/2004,37.91,38.25,38.5,37.28,41.99,-2.19%
05/14/2004,38.76,38.3,38.9,38.19,12.19,0.70%
05/13/2004,38.49,37.86,38.53,37.5,44.45,1.42%
05/12/2004,37.95,37.46,38.28,36.96,49.22,1.58%
05/11/2004,37.36,35.8,37.4,35.56,46.3,3.86%
05/10/2004,35.97,36.74,37,35.33,58.3,-2.78%
05/07/2004,37,36.75,37.18,36.7,35.27,1.29%
05/06/2004,36.53,36.79,37.2,36.4,49.51,-0.52%
05/05/2004,36.72,35.75,36.9,35.5,55.78,2.20%
05/04/2004,35.93,35.22,36,34.95,41.19,4.21%
04/30/2004,34.48,34.62,35,34.35,38.98,0.29%
04/29/2004,34.38,34.03,34.45,33.65,46.15,0.20%
04/28/2004,34.31,34.12,34.9,33.6,59.39,0.09%
04/27/2004,34.28,33.6,34.45,33.55,56.89,2.08%
04/26/2004,33.58,33.35,33.85,33.25,39.69,1.48%
04/23/2004,33.09,33.3,33.54,32.9,38.21,-0.90%
04/22/2004,33.39,32.58,33.7,32.58,52.23,2.87%
04/21/2004,32.46,32.87,33.08,32.31,57.85,-1.96%
04/20/2004,33.11,33.45,33.45,32.9,51.63,-1.05%
04/19/2004,33.46,33.58,34.2,33.35,42.58,-0.54%
04/16/2004,33.64,33.87,34.05,33.3,44.28,1.57%
04/15/2004,33.12,33.1,33.43,32.78,14.68,-0.99%
04/14/2004,33.45,33,33.55,32.42,33.81,0.78%
04/13/2004,33.19,33.7,33.7,33.08,33.8,-0.45%
04/08/2004,33.34,32.5,33.4,32.5,48.35,2.74%
04/07/2004,32.45,31.35,32.74,31.05,46.9,3.51%
04/06/2004,31.35,30.69,31.35,30.3,43.25,2.15%
04/05/2004,30.69,30.8,30.92,30.15,33.64,1.59%
04/02/2004,30.21,30.89,31.17,29.95,56.88,-4.25%
04/01/2004,31.55,32.23,32.23,30.52,45.32,0.13%
03/31/2004,31.51,32.55,33,31.15,62.65,-2.90%
03/30/2004,32.45,31.6,32.7,31.52,37.89,2.24%
03/29/2004,31.74,31.66,31.76,31.4,26.07,-0.78%
03/26/2004,31.99,31.9,32.25,31.2,39.99,0.50%
03/25/2004,31.83,32.76,32.83,31.7,56.29,-3.57%
03/24/2004,33.01,33.45,33.6,32.6,42.83,-0.90%
03/23/2004,33.31,32.85,33.45,32.53,41.47,1.55%
03/22/2004,32.8,33.04,33.04,32.43,33.43,-1.38%
03/19/2004,33.26,32.9,33.37,32.81,27.02,0.39%
03/18/2004,33.13,33.4,33.4,32.65,43.83,-1.19%
03/17/2004,33.53,32.6,33.58,32.5,63.17,0.24%
03/16/2004,33.45,33.5,33.55,33.2,19.18,-1.04%
03/15/2004,33.8,32.5,33.82,32.34,39.55,4.84%
03/12/2004,32.24,32.88,33.25,31.65,40.69,-1.80%
03/11/2004,32.83,32.27,32.85,32.13,37.5,2.63%
03/10/2004,31.99,32.45,32.57,31.62,47.06,-0.74%
03/09/2004,32.23,32.95,33.14,32.15,44.13,-1.65%
03/08/2004,32.77,33.51,33.57,32.56,31.11,-1.74%
03/05/2004,33.35,33.07,33.58,33.07,36.07,1.40%
03/04/2004,32.89,32.18,33.05,31.81,31.06,2.05%
03/03/2004,32.23,32.95,33.1,32,44.1,-2.78%
03/02/2004,33.15,33.3,33.42,32.9,39.44,-0.57%
03/01/2004,33.34,32.33,33.38,32.15,48.1,3.44%
02/27/2004,32.23,31.59,32.35,31.38,42.78,2.09%
02/26/2004,31.57,31.63,32,31.3,43.49,0.00%
02/25/2004,31.57,30.9,31.79,30.7,64.55,2.47%
02/24/2004,30.81,30.95,31.27,30.68,45.82,0.00%
02/23/2004,30.81,30.55,31.08,30.45,40.92,0.39%
02/20/2004,30.69,31.1,31.2,30,44.04,-0.42%
02/19/2004,30.82,30.96,31.18,30.75,34.15,-0.55%
02/18/2004,30.99,31.14,31.37,30.85,53.78,0.98%
02/17/2004,30.69,30.55,31.1,30.37,35.44,1.22%
02/16/2004,30.32,30.55,30.63,30.3,18.85,-0.82%
02/13/2004,30.57,29.99,30.78,29.9,51.22,1.66%
02/12/2004,30.07,29.65,30.15,29.57,14.62,0.67%
02/11/2004,29.87,30,30.29,29.55,50.23,-0.57%
02/10/2004,30.04,29.29,30.47,29.15,38.52,3.19%
02/09/2004,29.11,29.05,29.18,28.77,30.22,0.97%
02/06/2004,28.83,29.3,29.61,28.61,29.77,-1.50%
02/05/2004,29.27,29,29.37,28.44,44.12,1.35%
02/04/2004,28.88,29.55,29.8,28.85,51.4,-2.10%
02/03/2004,29.5,29.91,30.15,29.43,45.6,-2.41%
02/02/2004,30.23,29,30.38,28.6,40.98,3.60%
01/30/2004,29.18,29.2,29.55,28.95,44.86,0.17%
01/29/2004,29.13,29.8,29.97,28.81,65.45,-2.15%
01/28/2004,29.77,30,30.72,29.47,61.23,-1.52%
01/27/2004,30.23,30.48,30.83,30.05,48.95,-0.72%
01/26/2004,30.45,30.76,30.76,30.1,37.77,-1.65%
01/23/2004,30.96,31.21,31.25,30.75,43.9,-0.48%
01/22/2004,31.11,31.08,31.19,30.2,50.44,0.81%
01/21/2004,30.86,31.13,31.32,30.61,41.07,-1.18%
01/20/2004,31.23,30.8,31.32,30.73,55.24,2.16%
01/19/2004,30.57,30.65,30.7,30.3,22.26,0.33%
01/16/2004,30.47,29.67,30.5,29.45,53.11,-3.45%
01/15/2004,31.56,31.25,31.77,31.25,11.87,1.71%
01/14/2004,31.03,31.42,31.45,30.89,42.7,-1.08%
01/13/2004,31.37,32.02,32.12,31.32,38.53,-1.23%
01/12/2004,31.76,31.43,31.78,30.88,36.78,1.24%
01/09/2004,31.37,31.29,31.8,31.29,36.39,0.93%
01/08/2004,31.08,30.72,31.24,30.55,39.2,1.04%
01/07/2004,30.76,30.64,30.97,30.25,45.1,-0.19%
01/06/2004,30.82,30.72,31.4,30.55,52.35,-0.23%
01/05/2004,30.89,29.65,31,29.65,50.06,5.35%
01/02/2004,29.32,29.57,30.01,29.3,13.21,-2.82%
12/31/2003,30.17,29.85,30.2,29.79,13.73,1.45%
12/30/2003,29.74,29.38,30,29.38,27.66,1.47%
12/29/2003,29.31,29.5,29.53,29.15,23.57,0.86%
12/24/2003,29.06,29.43,29.55,29,13.35,0.07%
12/23/2003,29.04,28.94,29.2,28.47,40.27,0.17%
12/22/2003,28.99,30,30.11,28.9,46.38,-3.53%
12/19/2003,30.05,30.8,31.15,30.02,33.05,-2.44%
12/18/2003,30.8,30.8,30.98,30.1,43.71,0.69%
12/17/2003,30.59,30.08,30.9,30.05,44.04,0.69%
12/16/2003,30.38,30.32,30.6,30,12.08,0.20%
12/15/2003,30.32,29.61,30.42,29.6,35.88,-0.16%
12/12/2003,30.37,29.7,30.5,29.68,38.08,2.71%
12/11/2003,29.57,29.62,29.72,29.13,32.28,-0.30%
12/10/2003,29.66,29.63,30.3,29.43,45.82,0.10%
12/09/2003,29.63,29.9,29.95,29.49,41.65,-1.17%
12/08/2003,29.98,28.91,30.25,28.89,37.02,4.31%
12/05/2003,28.74,29.15,29.24,28.7,30.75,-1.68%
12/04/2003,29.23,29.37,29.65,28.4,60.86,0.31%
12/03/2003,29.14,28.85,29.2,28.59,40.57,0.69%
12/02/2003,28.94,28.25,29.2,28.11,48.18,2.44%
12/01/2003,28.25,28.43,28.43,27.76,52.24,-0.70%
11/28/2003,28.45,28.66,28.77,28.44,19.37,-0.87%
11/27/2003,28.7,28.5,28.75,28.37,21.67,0.81%
11/26/2003,28.47,28.05,28.52,28.05,44.12,1.90%
11/25/2003,27.94,28,28.25,27.4,57.86,0.29%
11/24/2003,27.86,29.01,29.15,27.68,54.29,-5.11%
11/21/2003,29.36,29.75,30,29.2,40.9,-0.68%
11/20/2003,29.56,29.58,30.4,29.4,54.2,-0.74%
11/19/2003,29.78,30.22,30.43,29.6,68.19,-2.26%
11/18/2003,30.47,29,30.52,28.65,62.58,4.89%
11/17/2003,29.05,29.56,29.56,28.94,35.81,-1.73%
11/14/2003,29.56,29.35,29.75,29.22,46.86,1.20%
11/13/2003,29.21,29.2,29.37,28.95,15.83,0.03%
11/12/2003,29.2,29.05,29.29,28.72,33.38,0.38%
11/11/2003,29.09,29.08,29.18,28.65,50.55,0.34%
11/10/2003,28.99,29.26,29.44,28.82,40.99,0.28%
11/07/2003,28.91,28.48,29.2,28.46,36.28,1.76%
11/06/2003,28.41,28.6,28.92,28.2,50.13,-0.66%
11/05/2003,28.6,27.18,28.7,27.12,48.78,5.30%
11/04/2003,27.16,27.36,27.38,26.97,39.68,-0.73%
11/03/2003,27.36,27.98,28.14,27.3,35.27,-1.23%
10/31/2003,27.7,27.3,27.72,27.23,33.62,2.21%
10/30/2003,27.1,27.4,27.46,26.75,57.27,-1.24%
10/29/2003,27.44,28.1,28.54,27.41,62.11,-2.14%
10/28/2003,28.04,28.28,28.4,28.02,47.18,-1.23%
10/27/2003,28.39,28.66,28.8,28.2,35.47,-0.66%
10/24/2003,28.58,28.8,29.25,28.4,41.94,-0.17%
10/23/2003,28.63,28.4,28.7,27.85,49.92,1.24%
10/22/2003,28.28,28.65,29,28.25,56.45,-1.22%
10/21/2003,28.63,28.6,28.99,28.5,41.64,0.03%
10/20/2003,28.62,28.75,28.9,28.05,55.86,-1.41%
10/17/2003,29.03,29.8,30,28.55,61.19,-6.69%
10/16/2003,31.11,30.87,31.2,30.8,9.91,0.78%
10/15/2003,30.87,30.4,31,30.4,33.16,0.59%
10/14/2003,30.69,30.54,31.2,30.39,27.26,0.07%
10/13/2003,30.67,30.71,30.85,30.42,22.48,-0.74%
10/10/2003,30.9,29.7,31.5,29.7,28.25,2.52%
10/09/2003,30.14,28.6,30.22,28.32,32.75,4.91%
10/08/2003,28.73,28.82,28.99,28.35,35.47,-1.03%
10/07/2003,29.03,28.89,29.13,28.5,29.91,0.48%
10/06/2003,28.89,28.94,29.27,28.77,27.13,0.63%
10/03/2003,28.71,28.23,28.77,27.9,29.9,1.56%
10/02/2003,28.27,27.8,28.78,27.8,44.42,1.40%
10/01/2003,27.88,27.58,27.9,27.33,37.8,0.98%
09/30/2003,27.61,26.83,27.8,26.81,46.14,2.91%
09/29/2003,26.83,26.78,27.05,26.74,29.99,0.71%
09/26/2003,26.64,26.7,26.77,26.4,30.81,-0.63%
09/25/2003,26.81,26.85,27.2,26.74,40.45,0.52%
09/24/2003,26.67,25.5,26.95,25.27,52.08,4.51%
09/23/2003,25.52,25.66,26,25.49,39.59,-0.04%
09/22/2003,25.53,25.2,25.7,25.05,34.45,0.83%
09/19/2003,25.32,25.63,25.75,25.1,43.14,-1.06%
09/18/2003,25.59,25.65,25.72,25.25,45.07,-0.31%
09/17/2003,25.67,26.11,26.17,25.5,43.7,-1.23%
09/16/2003,25.99,26.55,26.65,25.87,49.15,-2.66%
09/15/2003,26.7,26.77,26.85,26.5,12.15,-0.26%
09/12/2003,26.77,27.15,27.5,26.25,37.93,-0.93%
09/11/2003,27.02,27.58,27.72,26.92,27.3,-1.82%
09/10/2003,27.52,27.37,27.56,26.92,42.22,0.55%
09/09/2003,27.37,27.13,27.4,27.06,36.51,0.74%
09/08/2003,27.17,27.37,27.37,26.87,40.46,-0.15%
09/05/2003,27.21,27.2,27.45,26.95,35.24,-0.37%
09/04/2003,27.31,27.7,27.87,26.81,51.9,-1.55%
09/03/2003,27.74,27.8,28,27.38,57.19,0.80%
09/02/2003,27.52,29.32,29.32,27.43,72.27,-5.91%
09/01/2003,29.25,29.45,29.55,29.06,22.15,-0.81%
08/29/2003,29.49,29.6,29.89,29.46,31.78,0.17%
08/28/2003,29.44,29.38,29.57,29.17,36.08,0.89%
08/27/2003,29.18,29.75,29.77,29.1,41.62,-1.98%
08/26/2003,29.77,29.4,29.84,29.4,40.21,0.24%
08/22/2003,29.7,29.59,29.91,29.55,27.85,-0.03%
08/21/2003,29.71,28.85,30.15,28.85,50.77,3.02%
08/20/2003,28.84,28.46,28.94,28.02,34.8,1.30%
08/19/2003,28.47,28.68,28.9,28.18,33.97,-0.66%
08/18/2003,28.66,29.2,29.3,28.63,29.61,-0.52%
08/15/2003,28.81,29.15,29.38,28.6,30.94,-0.07%
08/14/2003,28.83,28.92,29.25,28.38,13.97,-0.62%
08/13/2003,29.01,29.97,30.11,28.84,58.45,-2.88%
08/12/2003,29.87,29.85,30.2,29.35,43.88,-0.13%
08/11/2003,29.91,29.85,30.05,29.67,36.57,-0.27%
08/08/2003,29.99,30.1,30.58,29.7,43.75,-0.86%
08/07/2003,30.25,29.56,30.3,29.56,35.25,2.61%
08/06/2003,29.48,30.2,30.59,29.3,42.24,-1.50%
08/05/2003,29.93,29.52,30.16,29.38,39.7,1.35%
08/04/2003,29.53,29.63,30.11,29.52,33.45,-1.53%
08/01/2003,29.99,28.45,30.05,28.4,47.49,5.71%
07/31/2003,28.37,28.55,28.87,28.23,38.83,-0.46%
07/30/2003,28.5,28.05,28.58,27.86,42.62,1.42%
07/29/2003,28.1,27.9,28.23,27.76,30.78,0.25%
07/28/2003,28.03,28,28.25,27.61,29.35,-0.53%
07/25/2003,28.18,28.05,28.25,27.8,35.45,0.07%
07/24/2003,28.16,27.75,28.25,27.45,41.24,1.37%
07/23/2003,27.78,27.75,27.86,27.29,50.96,1.05%
07/22/2003,27.49,28.5,28.59,27.4,50.83,-4.18%
07/21/2003,28.69,29,29,28.26,40.75,-0.83%
07/18/2003,28.93,28.7,28.97,28.36,34.81,1.08%
07/17/2003,28.62,28.55,28.74,28.33,42.11,-0.35%
07/16/2003,28.72,29.09,29.22,28.45,11.84,-1.54%
07/15/2003,29.17,29.1,29.2,28.68,31.55,0.73%
07/14/2003,28.96,28.95,29.3,28.65,42.48,-0.79%
07/11/2003,29.19,28.98,29.6,28.65,37.03,1.07%
07/10/2003,28.88,28.71,29.4,28.62,38.01,0.59%
07/09/2003,28.71,27.85,28.8,27.85,37.44,2.65%
07/08/2003,27.97,27.6,28.04,27.21,38.14,0.54%
07/07/2003,27.82,27.85,27.99,27.55,26.83,0.69%
07/04/2003,27.63,28.22,28.5,27.59,27.51,-2.02%
07/03/2003,28.2,28.13,28.76,27.99,42.25,0.82%
07/02/2003,27.97,28.15,28.55,27.92,33.65,-1.20%
07/01/2003,28.31,28.2,28.36,27.65,42.6,-0.07%
06/30/2003,28.33,27.55,28.35,27.1,38.75,3.77%
06/27/2003,27.3,27.15,27.62,27.01,30.35,0.96%
06/26/2003,27.04,27.6,27.65,27.01,38.9,-2.21%
06/25/2003,27.65,26.8,27.75,26.51,51.09,3.87%
06/24/2003,26.62,26.95,26.95,26.55,27.59,-1.15%
06/23/2003,26.93,27.15,27.53,26.67,35.41,-0.33%
06/20/2003,27.02,26.29,27.16,26.29,47.26,2.78%
06/19/2003,26.29,26.15,26.45,25.8,45.69,0.11%
06/18/2003,26.26,26.47,26.51,25.8,61.39,-1.54%
06/17/2003,26.67,26.68,27.1,26.3,36.91,0.08%
06/16/2003,26.65,26.65,26.75,26.11,45.25,-2.95%
06/13/2003,27.46,27.83,28.37,27.1,17.03,-1.33%
06/12/2003,27.83,28.4,28.43,27.68,32.26,-1.97%
06/11/2003,28.39,27.9,28.52,27.78,32.39,1.10%
06/10/2003,28.08,28.17,28.17,27.44,35.6,0.83%
06/09/2003,27.85,27.78,28.2,27.3,34.59,0.25%
06/06/2003,27.78,27.6,27.87,27.3,32.22,1.24%
06/05/2003,27.44,26.6,27.7,26.35,36.34,2.35%
06/04/2003,26.81,27.1,27.57,26.58,38.3,-1.72%
06/03/2003,27.28,27.7,27.7,27.06,41.11,-0.37%
06/02/2003,27.38,26.7,27.54,26.5,47.83,4.03%
05/30/2003,26.32,26.19,26.72,26,35.05,1.11%
05/29/2003,26.03,25.65,26.25,25.27,46.92,1.72%
05/28/2003,25.59,26.2,26.35,25.5,37.74,-2.85%
05/27/2003,26.34,26.28,26.71,25.7,41.8,0.38%
05/23/2003,26.24,26.04,26.48,26.02,30.1,1.04%
05/22/2003,25.97,26.15,26.18,25.62,47.03,-0.92%
05/21/2003,26.21,25.75,26.7,25.73,57.08,2.18%
05/20/2003,25.65,25.7,25.85,25.32,48.14,0.16%
05/19/2003,25.61,26.3,26.5,25.41,45.98,-1.88%
05/16/2003,26.1,25.61,26.19,25.3,48.46,-2.36%
05/15/2003,26.73,26.65,27.01,26.53,12.21,-0.07%
05/14/2003,26.75,25.89,26.95,25.73,45.39,3.28%
05/13/2003,25.9,25.39,25.93,25.1,29.67,4.06%
05/12/2003,24.89,25.58,25.9,24.84,51.07,-0.84%
05/09/2003,25.1,24.8,25.47,24.54,46.11,1.83%
05/08/2003,24.65,24.15,24.9,23.94,48.55,2.24%
05/07/2003,24.11,23.85,24.16,23.37,45.78,2.29%
05/06/2003,23.57,24.25,24.29,23.45,41.85,0.21%
05/02/2003,23.52,24,24.39,23.34,36.48,-1.26%
05/01/2003,23.82,24,24.1,23.71,28.62,0.59%
04/30/2003,23.68,23.35,24.24,23.3,52.36,1.81%
04/29/2003,23.26,23.2,23.4,23.05,41.44,-1.02%
04/28/2003,23.5,23.75,23.93,23.3,39.23,-2.45%
04/25/2003,24.09,24.55,24.65,23.9,51.57,-0.99%
04/24/2003,24.33,24.6,24.66,23.5,61.44,0.29%
04/23/2003,24.26,25.6,25.84,24.16,53.49,-4.71%
04/22/2003,25.46,25.95,26.11,25.4,49.34,-1.62%
04/17/2003,25.88,25.1,25.9,25.1,35.77,3.44%
04/16/2003,25.02,25.22,25.45,24.8,35.68,-0.71%
04/15/2003,25.2,24.9,25.37,24.5,20.13,0.84%
04/14/2003,24.99,24.65,25.08,24.2,34.18,0.97%
04/11/2003,24.75,24.75,24.82,24.03,28.47,1.14%
04/10/2003,24.47,25.1,25.34,24.3,26.54,-3.09%
04/09/2003,25.25,24.8,25.4,24.47,31.31,2.64%
04/08/2003,24.6,24.1,24.88,23.86,30.46,0.08%
04/07/2003,24.58,24.3,24.9,23.4,34.85,-0.41%
04/04/2003,24.68,25.38,25.38,24.3,40.13,-3.22%
04/03/2003,25.5,25.04,25.87,24.53,39.49,1.15%
04/02/2003,25.21,26.18,26.3,25.05,37.61,-4.36%
04/01/2003,26.36,27.56,27.56,26.25,36.96,-3.02%
03/31/2003,27.18,26.36,27.5,26.36,31.66,3.15%
03/28/2003,26.35,27.15,27.74,26.3,35.04,-1.75%
03/27/2003,26.82,25.58,27,25.58,48.27,6.05%
03/26/2003,25.29,25.8,25.8,25.05,39.08,1.93%
03/25/2003,24.81,26.4,26.92,24.6,41.17,-4.91%
03/24/2003,26.09,24.5,26.35,24.5,43.66,7.15%
03/21/2003,24.35,25.95,26,24,56.65,-4.51%
03/20/2003,25.5,26.11,27.5,25.3,57.73,-4.67%
03/19/2003,26.75,27.75,28,26.7,52.99,-1.83%
03/18/2003,27.25,28.7,28.8,26.4,57.59,-7.56%
03/17/2003,29.48,30.35,31.65,29,41.19,-6.05%
03/14/2003,31.38,32.2,33.33,30.55,11.39,-3.24%
03/13/2003,32.43,33.85,34.06,32.25,29.65,-4.36%
03/12/2003,33.91,32.98,34.01,32.78,29.13,1.86%
03/11/2003,33.29,33.94,34,33.05,30.45,-1.19%
03/10/2003,33.69,34.55,34.55,33.63,27.89,-1.20%
03/07/2003,34.1,33.68,34.2,33.41,41.84,1.70%
03/06/2003,33.53,33.3,33.71,33.3,36.81,1.61%
03/05/2003,33,33.32,33.8,32.55,36.57,-0.27%
03/04/2003,33.09,32.48,33.5,32.45,38.31,1.88%
03/03/2003,32.48,32.45,32.52,32.01,34.95,-0.95%
02/28/2003,32.79,33.1,33.45,32.75,38.5,-0.76%
02/27/2003,33.04,33.7,33.8,32.8,53.57,-0.09%
02/26/2003,33.07,32.65,33.38,32.45,46.3,2.32%
02/25/2003,32.32,33.55,33.94,32.2,50.12,-2.50%
02/24/2003,33.15,32.55,33.2,32.4,37.25,2.73%
02/21/2003,32.27,31.99,32.5,31.8,37.85,2.25%
02/20/2003,31.56,32.32,32.4,31.54,45.55,-2.38%
02/19/2003,32.33,32.1,32.6,32.05,29.58,-0.65%
02/18/2003,32.54,31.92,32.55,31.68,28.89,1.94%
02/17/2003,31.92,32.66,32.66,31.8,21.39,-1.78%
02/14/2003,32.5,32.6,32.76,32.15,51.68,-1.69%
02/13/2003,33.06,32.68,33.1,32.68,14.02,1.88%
02/12/2003,32.45,32.5,32.83,32.1,34.3,0.25%
02/11/2003,32.37,31.7,32.48,31.58,40.81,2.11%
02/10/2003,31.7,32.6,32.7,31.64,45.88,-1.98%
02/07/2003,32.34,31.75,32.5,31.68,33.26,2.86%
02/06/2003,31.44,31.21,32,31.2,41.68,0.26%
02/05/2003,31.36,31.15,31.8,30.7,45.28,0.87%
02/04/2003,31.09,30.46,31.2,30.1,38.64,2.78%
02/03/2003,30.25,30.89,30.92,30.22,30.68,-2.73%
01/31/2003,31.1,31.2,31.39,30.92,32.71,-0.35%
01/30/2003,31.21,30.82,31.28,30.74,34.6,0.61%
01/29/2003,31.02,30.25,31.26,29.84,53.42,2.48%
01/28/2003,30.27,30.3,30.33,30.05,33.68,1.37%
01/27/2003,29.86,30.75,30.75,29.83,39.22,-2.07%
01/24/2003,30.49,29.9,30.53,29.6,49.03,2.59%
01/23/2003,29.72,30.3,30.5,29.61,48.8,-2.04%
01/22/2003,30.34,30.6,30.8,30.15,43.49,-1.30%
01/21/2003,30.74,30.82,31.21,30,56.63,0.29%
01/20/2003,30.65,30.75,30.83,30.53,20.67,0.36%
01/17/2003,30.54,30.11,30.7,30,43.54,-3.54%
01/16/2003,31.66,31.3,31.8,31.1,13.41,1.41%
01/15/2003,31.22,30.54,31.25,30.51,22.56,1.99%
01/14/2003,30.61,29.95,31.25,29.9,39.53,1.36%
01/13/2003,30.2,29.3,30.45,29.2,25.39,1.79%
01/10/2003,29.67,29.6,30,29.1,38.45,0.10%
01/09/2003,29.64,29.27,29.72,28.85,37.75,2.95%
01/08/2003,28.79,29.32,29.32,27.85,49.88,-1.84%
01/07/2003,29.33,29.9,29.95,29.1,44.22,-2.88%
01/06/2003,30.2,30.69,30.88,29.9,49.12,-1.85%
01/03/2003,30.77,29.65,30.8,29.64,35.93,4.55%
01/02/2003,29.43,29.3,29.58,29,25.75,2.69%
12/31/2002,28.66,29,29.44,28.64,15.23,-3.37%
12/30/2002,29.66,30.6,31.02,29.59,30.47,-1.66%
12/27/2002,30.16,30.3,30.39,29.85,27.94,1.86%
12/24/2002,29.61,29.8,29.82,29.4,13.5,-0.37%
12/23/2002,29.72,28.9,29.85,28.82,29.87,4.87%
12/20/2002,28.34,28.15,28.51,28.08,33.4,0.43%
12/19/2002,28.22,28.85,29.4,28.2,50.95,-0.95%
12/18/2002,28.49,27.81,29,27.55,58.04,2.04%
12/17/2002,27.92,28.17,28.17,27.75,31.1,-1.62%
12/16/2002,28.38,27.71,28.4,27.65,17.47,4.30%
12/13/2002,27.21,27.2,27.74,26.94,38.3,1.27%
12/12/2002,26.87,26.35,26.94,26.24,33.54,2.36%
12/11/2002,26.25,26.35,26.72,26.1,37.26,-0.64%
12/10/2002,26.42,25.67,26.48,25.47,37.33,2.56%
12/09/2002,25.76,25.9,25.92,25.61,27.08,1.18%
12/06/2002,25.46,25.9,26,25.38,24.74,-1.32%
12/05/2002,25.8,25.32,25.9,25.2,35.29,2.46%
12/04/2002,25.18,25.78,26,25.12,38.64,-2.59%
12/03/2002,25.85,25.8,26.1,25.61,51.17,0.90%
12/02/2002,25.62,25.35,25.75,25.17,44.34,1.83%
11/29/2002,25.16,25.08,25.25,24.95,21.47,0.60%
11/28/2002,25.01,25.35,25.37,24.95,15.38,-0.95%
11/27/2002,25.25,25.04,25.42,25.04,41.92,1.61%
11/26/2002,24.85,24.78,25,24.67,46.67,0.73%
11/25/2002,24.67,25.51,25.71,24.65,43.91,-2.14%
11/22/2002,25.21,24.85,25.33,24.75,45.93,1.53%
11/21/2002,24.83,24.65,25.06,24.65,46.27,1.22%
11/20/2002,24.53,24.15,24.65,24.07,42.79,1.87%
11/19/2002,24.08,24.6,24.78,24.05,42.91,-0.82%
11/18/2002,24.28,23.59,24.38,23.52,44.17,3.98%
11/15/2002,23.35,23.1,23.39,22.98,34.49,2.37%
11/14/2002,22.81,22.85,23.02,22.56,15.75,0.48%
11/13/2002,22.7,24,24.04,22.6,57.26,-4.30%
11/12/2002,23.72,23.84,24.1,23.6,36.13,-0.29%
11/11/2002,23.79,23.75,24.3,23.65,41.56,0.89%
11/08/2002,23.58,23.66,23.92,23.32,49.16,0.43%
11/07/2002,23.48,23.86,24.6,23.25,64.12,-0.93%
11/06/2002,23.7,24.03,24.39,23.6,52.09,-1.74%
11/05/2002,24.12,25.05,25.13,24.1,45.83,-3.60%
11/04/2002,25.02,25.25,25.54,25,45.69,-1.53%
11/01/2002,25.41,25.77,26.05,25.4,40.69,-1.21%
10/31/2002,25.72,25.41,25.85,25.38,36.59,1.66%
10/30/2002,25.3,25.36,25.7,25.05,45.66,-0.04%
10/29/2002,25.31,25.68,25.78,25.3,23.48,-1.44%
10/28/2002,25.68,25.6,25.8,25.12,41.5,0.86%
10/25/2002,25.46,26.5,26.62,25.35,52.42,-3.78%
10/24/2002,26.46,26.56,26.81,26.36,34.12,-0.19%
10/23/2002,26.51,26.4,26.75,26.3,39.79,0.30%
10/22/2002,26.43,26.49,26.76,26.15,49.32,-0.60%
10/21/2002,26.59,27.72,27.75,26.52,58.03,-4.49%
10/18/2002,27.84,27.74,27.95,27.65,32.58,-0.46%
10/17/2002,27.97,27.68,28.09,27.55,41.7,-2.13%
10/16/2002,28.58,28.5,28.7,28.34,10.03,0.28%
10/15/2002,28.5,28.36,28.78,28.3,26.06,0.00%
10/14/2002,28.5,28.06,28.54,27.88,21.1,1.82%
10/11/2002,27.99,27.9,28.1,27.85,24.17,0.90%
10/10/2002,27.74,28,28,27.35,27.11,-1.39%
10/09/2002,28.13,28.09,28.4,27.87,31.44,0.14%
10/08/2002,28.09,28.2,28.2,27.6,32.75,-0.50%
10/07/2002,28.23,28.5,28.6,28.02,29.98,0.39%
10/04/2002,28.12,28.34,28.48,27.9,34.69,-0.50%
10/03/2002,28.26,28.92,29.05,28.15,43.11,-1.94%
10/02/2002,28.82,28.98,29.24,28.73,36.73,-0.65%
10/01/2002,29.01,28.85,29.39,28.7,37.89,0.90%
09/30/2002,28.75,29.3,29.3,28.69,33.37,-0.45%
09/27/2002,28.88,28.91,29.15,28.66,33.71,-0.03%
09/26/2002,28.89,29.1,29.2,28.66,25.38,-0.58%
09/25/2002,29.06,29.02,29.23,28.83,28.92,-0.17%
09/24/2002,29.11,29.45,29.88,28.99,34.28,-0.07%
09/23/2002,29.13,28.86,29.37,28.72,37.42,2.46%
09/20/2002,28.43,28.4,28.7,28.35,27.65,0.18%
09/19/2002,28.38,28.42,28.65,28.09,35.96,0.21%
09/18/2002,28.32,28.17,28.54,28.06,41.31,1.25%
09/17/2002,27.97,27.27,28.08,27.27,45.48,-1.93%
09/16/2002,28.52,28.68,28.68,28.21,31.99,0.74%
09/13/2002,28.31,27.78,28.43,27.62,14.83,2.09%
09/12/2002,27.73,28.51,28.59,27.48,26.76,-2.32%
09/11/2002,28.39,28.38,28.75,28.36,22.49,-0.66%
09/10/2002,28.58,28.57,29.02,28.52,29.05,0.32%
09/09/2002,28.49,28.61,28.65,28.05,22.8,0.71%
09/06/2002,28.29,28.1,28.95,28.07,40.08,2.28%
09/05/2002,27.66,27.48,27.7,27.13,42.41,2.07%
09/04/2002,27.1,26.54,27.35,26.54,38.65,1.99%
09/03/2002,26.57,27.3,27.35,26.45,50.55,-3.52%
09/02/2002,27.54,27.4,27.56,27.25,15.78,0.25%
08/30/2002,27.47,27.35,27.64,27.29,24.03,-0.18%
08/29/2002,27.52,26.85,27.57,26.77,30.82,2.12%
08/28/2002,26.95,27.29,27.29,26.81,40.01,-0.99%
08/27/2002,27.22,27.68,27.92,27.17,46.69,0.85%
08/23/2002,26.99,26.96,27.1,26.79,37.2,-0.11%
08/22/2002,27.02,27.4,27.59,27,33.66,-1.42%
08/21/2002,27.41,26.8,27.68,26.77,57.48,1.14%
08/20/2002,27.1,27.3,27.45,27.04,36.66,-0.59%
08/19/2002,27.26,26.8,27.5,26.75,37.52,0.96%
08/16/2002,27,26.69,27.2,26.53,37.5,0.75%
08/15/2002,26.8,26.4,26.92,26.32,9.58,1.59%
08/14/2002,26.38,26.59,26.6,26.34,23.11,0.88%
08/13/2002,26.15,25.97,26.28,25.82,27.56,0.42%
08/12/2002,26.04,25.3,26.05,25,34.25,2.76%
08/09/2002,25.34,25.19,25.37,24.92,21.89,0.92%
08/08/2002,25.11,24.95,25.2,24.75,26.31,0.64%
08/07/2002,24.95,25.32,25.49,24.76,31.06,-2.27%
08/06/2002,25.53,24.89,25.56,24.84,36,2.57%
08/05/2002,24.89,25.35,25.45,24.73,31.61,-1.66%
08/02/2002,25.31,24.9,25.33,24.65,40.28,1.20%
08/01/2002,25.01,25.35,25.63,24.99,34.79,-1.69%
07/31/2002,25.44,25.82,26.01,25.4,38.7,-0.93%
07/30/2002,25.68,25.03,25.82,25.03,39.9,2.72%
07/29/2002,25,25.03,25.08,24.8,25.76,-0.12%
07/26/2002,25.03,25.15,25.16,24.8,27.5,-0.91%
07/25/2002,25.26,25.42,25.47,25.05,27.61,-0.28%
07/24/2002,25.33,25.35,25.54,24.65,61.43,1.16%
07/23/2002,25.04,25.46,25.57,24.98,42.26,-1.49%
07/22/2002,25.42,25.23,26.15,25.15,48.52,-3.82%
07/19/2002,26.43,26.11,26.52,25.85,48.1,0.57%
07/18/2002,26.28,26.3,26.4,26.16,27.4,-0.61%
07/17/2002,26.44,26.35,26.5,26.05,38.02,0.61%
07/16/2002,26.28,26.14,26.41,25.9,15.6,0.84%
07/15/2002,26.06,26.5,26.66,26.05,41.23,-0.99%
07/12/2002,26.32,26.1,26.44,26.05,26.39,1.39%
07/11/2002,25.96,25.72,26.07,25.7,19.69,0.12%
07/10/2002,25.93,25.38,26.02,25.31,37.08,3.02%
07/09/2002,25.17,25.1,25.2,24.75,33.27,0.36%
07/08/2002,25.08,25.7,25.75,24.96,30.32,-2.53%
07/05/2002,25.73,25.65,25.75,25.42,10.77,0.70%
07/04/2002,25.55,25.88,25.94,25.5,12.35,-1.12%
07/03/2002,25.84,25.73,25.96,25.52,32.96,0.35%
07/02/2002,25.75,25.61,25.97,25.6,37,0.43%
07/01/2002,25.64,25.5,25.72,25.39,29.58,0.23%
06/28/2002,25.58,25.5,25.68,25.18,28.65,0.51%
06/27/2002,25.45,25.24,25.59,25.24,35.48,0.83%
06/26/2002,25.24,25.3,25.35,24.66,40.15,0.16%
06/25/2002,25.2,25.45,25.85,25.15,45.59,-0.28%
06/24/2002,25.27,24.89,25.32,24.76,38.42,2.10%
06/21/2002,24.75,25.15,25.4,24.35,39.44,-1.28%
06/20/2002,25.07,24.72,25.1,24.52,42.93,2.12%
06/19/2002,24.55,24.9,25.2,24.5,45.01,-0.97%
06/18/2002,24.79,25.05,25.1,24.75,26.34,-1.78%
06/17/2002,25.24,25.28,25.64,25.05,37.23,1.00%
06/14/2002,24.99,24.85,25.1,24.35,39.11,3.87%
06/13/2002,24.06,23.75,24.23,23.75,22.4,2.34%
06/12/2002,23.51,23.4,23.7,23.24,35.15,0.90%
06/11/2002,23.3,23.65,23.74,23.22,38.95,-1.52%
06/10/2002,23.66,23.94,24.07,23.62,31.05,-1.38%
06/07/2002,23.99,24.05,24.25,23.9,23.17,-0.95%
06/06/2002,24.22,24.4,24.55,23.63,41.67,0.17%
06/05/2002,24.18,24.1,24.3,24,33.05,-1.10%
05/31/2002,24.45,24.3,24.8,24.1,26.66,1.66%
05/30/2002,24.05,24.68,24.68,23.93,45.46,-4.26%
05/29/2002,25.12,24.5,25.18,24.4,38.37,1.45%
05/28/2002,24.76,24.95,25.3,24.75,47.94,-0.72%
05/27/2002,24.94,25.27,25.27,24.91,20.61,-0.95%
05/24/2002,25.18,25.43,25.55,24.98,45.88,-0.83%
05/23/2002,25.39,25.75,25.98,25.35,44.56,-0.43%
05/22/2002,25.5,25.8,25.85,25.35,55.43,-0.39%
05/21/2002,25.6,26.28,26.3,25.5,54.49,-2.96%
05/20/2002,26.38,26.36,26.67,26.15,34.93,0.08%
05/17/2002,26.36,26.64,26.64,25.75,43.21,0.53%
05/16/2002,26.22,26.3,26.61,26.09,17.6,0.19%
05/15/2002,26.17,27.1,27.1,26.15,26.39,-4.17%
05/14/2002,27.31,26.8,27.35,26.8,28.29,2.75%
05/13/2002,26.58,25.9,26.6,25.9,26.29,0.76%
05/10/2002,26.38,25.95,26.56,25.95,22.26,1.70%
05/09/2002,25.94,25.9,26.2,25.58,29.18,-0.35%
05/08/2002,26.03,25.74,26.1,25.4,34.56,2.44%
05/07/2002,25.41,25.4,25.53,24.78,47.75,-1.32%
05/03/2002,25.75,25.54,25.78,24.98,42.23,1.26%
05/02/2002,25.43,25.62,25.65,24.79,52.15,-1.70%
05/01/2002,25.87,26,26.2,25.77,39.93,-2.27%
04/30/2002,26.47,26.55,26.71,26.26,39.14,-0.79%
04/29/2002,26.68,25.95,26.73,25.85,26.9,1.87%
04/26/2002,26.19,25.75,26.22,25.63,27.98,1.00%
04/25/2002,25.93,25.65,26.25,25.37,53.92,0.66%
04/24/2002,25.76,25.56,25.78,25.37,36.52,-0.92%
04/23/2002,26,26.05,26.15,25.7,47.37,0.42%
04/22/2002,25.89,26.3,26.39,25.32,47.12,0.15%
04/19/2002,25.85,25.4,25.9,25.16,37.85,0.31%
04/18/2002,25.77,25.45,26.05,25.45,50.3,1.54%
04/17/2002,25.38,25.08,25.43,24.82,57.27,3.25%
04/16/2002,24.58,24.1,24.91,24.08,59.81,-0.49%
04/15/2002,24.7,24.62,24.8,24.35,16.33,1.69%
04/12/2002,24.29,24.6,25,23.81,33.46,-3.00%
04/11/2002,25.04,25.91,25.91,25,25.85,-3.73%
04/10/2002,26.01,25.95,26.3,25.73,26.33,-0.27%
04/09/2002,26.08,26.6,26.7,26.05,27.13,-3.48%
04/08/2002,27.02,26.78,27.43,26.4,34.39,3.96%
04/05/2002,25.99,26.75,27.3,25.3,37.42,-4.83%
04/04/2002,27.31,27.28,28.15,26.8,59.02,0.15%
04/03/2002,27.27,26.98,27.4,26.8,28.56,-1.41%
04/02/2002,27.66,26.36,27.68,26.35,44.78,6.71%
03/28/2002,25.92,25.62,25.95,25.3,36.82,1.89%
03/27/2002,25.44,25.65,25.72,25.32,31.9,0.51%
03/26/2002,25.31,25.14,25.35,24.75,39.74,0.72%
03/25/2002,25.13,25.15,25.17,24.65,25.43,-0.91%
03/22/2002,25.36,25.26,25.68,25.1,35.43,-0.24%
03/21/2002,25.42,24.55,25.58,24.4,35.14,3.08%
03/20/2002,24.66,25.17,25.6,24.6,46.58,-1.00%
03/19/2002,24.91,25.12,25.23,24.73,38.02,-0.64%
03/18/2002,25.07,24.4,25.2,24.16,35.86,2.12%
03/15/2002,24.55,24.15,24.85,24.15,42.93,2.04%
03/14/2002,24.06,23.8,24.23,23.46,16.75,0.71%
03/13/2002,23.89,24.2,24.25,23.6,21.8,0.80%
03/12/2002,23.7,23.67,23.9,23.37,19.95,-0.80%
03/11/2002,23.89,23.8,24.05,23.53,23.14,2.40%
03/08/2002,23.33,23.05,23.35,22.65,32.56,0.13%
03/07/2002,23.3,23.1,24.15,22.9,48.93,2.55%
03/06/2002,22.72,22.91,23,22.18,36.55,-0.31%
03/05/2002,22.79,22.15,22.92,22.1,44.43,3.87%
03/04/2002,21.94,21.85,22.02,21.62,31.24,0.23%
03/01/2002,21.89,21.35,22.25,21.2,51.92,2.63%
02/28/2002,21.33,20.9,21.4,20.85,44.56,2.30%
02/27/2002,20.85,20.8,21.32,20.63,51.02,-0.05%
02/26/2002,20.86,19.85,21.06,19.85,47.06,4.40%
02/25/2002,19.98,20.3,20.34,19.96,34.86,-1.91%
02/22/2002,20.37,20.37,20.57,20.2,26.09,0.00%
02/21/2002,20.37,20.3,20.66,20.03,37.78,2.57%
02/20/2002,19.86,20.3,20.3,19.8,29.17,-3.22%
02/19/2002,20.52,20.35,20.7,20.31,28.17,0.93%
02/18/2002,20.33,20.87,20.89,20.3,16.27,-2.59%
02/15/2002,20.87,21,21.08,20.65,29.77,0.24%
02/14/2002,20.82,21.05,21.4,20.8,43.26,0.58%
02/13/2002,20.7,20.35,21,20.28,22.64,1.17%
02/12/2002,20.46,21.3,21.38,20.4,34.17,-4.57%
02/11/2002,21.44,19.65,21.71,19.5,51.03,8.72%
02/08/2002,19.72,19.35,19.8,19.28,28.06,2.65%
02/07/2002,19.21,19.25,19.27,18.85,30.87,-0.52%
02/06/2002,19.31,19.6,19.77,19.25,39.37,-1.28%
02/05/2002,19.56,19.77,19.77,19.3,30.74,-1.26%
02/04/2002,19.81,19.8,19.92,19.6,33.8,-0.85%
02/01/2002,19.98,19.36,20.03,18.8,55.58,4.17%
01/31/2002,19.18,19,19.22,18.75,34.51,2.08%
01/30/2002,18.79,18.92,19.05,18.38,48.27,-2.34%
01/29/2002,19.24,19.5,19.53,19.08,33.17,-2.09%
01/28/2002,19.65,19.6,19.75,19.4,30.63,1.45%
01/25/2002,19.37,19.35,19.6,18.77,32.97,1.25%
01/24/2002,19.13,19.19,19.25,18.7,37.01,-0.31%
01/23/2002,19.19,18.86,19.29,18.86,35.12,2.35%
01/22/2002,18.75,18.6,19.25,18.56,48.16,0.97%
01/21/2002,18.57,18.52,18.66,18.41,14.83,0.65%
01/18/2002,18.45,18.6,18.8,18.3,28.18,0.22%
01/17/2002,18.41,19.15,19.38,18.23,53.49,-4.91%
01/16/2002,19.36,19.32,19.44,18.94,18.66,-1.73%
01/15/2002,19.7,19.88,20.1,19.67,14.4,-0.40%
01/14/2002,19.78,20.6,20.68,19.6,18.97,-5.18%
01/11/2002,20.86,21.22,21.25,20.6,16.78,-2.02%
01/10/2002,21.29,20.9,21.3,20.45,19.22,1.91%
01/09/2002,20.89,21.4,21.55,20.85,23.98,-5.13%
01/08/2002,22.02,21.94,22.15,21.55,27.08,-0.05%
01/07/2002,22.03,22,22.4,21.65,70.39,-0.68%
01/04/2002,22.18,20.9,22.2,20.9,35.5,7.36%
01/03/2002,20.66,21,21.1,20.62,33.34,-1.62%
01/02/2002,21,19.46,21,19.46,31.01,5.53%
12/31/2001,19.9,20.2,20.23,19.85,7.5,-1.97%
12/28/2001,20.3,20.78,20.9,20.25,25.67,-0.20%
12/27/2001,20.34,20.88,20.88,19.98,26.85,5.17%
12/24/2001,19.34,19.58,19.68,19.32,7.54,-0.10%
12/21/2001,19.36,19.25,19.55,19.2,25.82,1.20%
12/20/2001,19.13,19.4,19.86,19.04,36.81,-1.75%
12/19/2001,19.47,19.25,19.76,19.25,35.39,1.51%
12/18/2001,19.18,19.05,19.39,18.86,27.83,0.63%
12/17/2001,19.06,19.05,19.38,18.65,33.7,3.70%
12/14/2001,18.38,18.03,18.5,17.97,22.61,3.26%
12/13/2001,17.8,18.09,18.38,17.73,23.73,-2.20%
12/12/2001,18.2,17.85,18.55,17.7,28.73,1.62%
12/11/2001,17.91,18.2,18.21,17.8,32.85,-1.43%
12/10/2001,18.17,18.7,18.7,18.1,21.18,-4.52%
12/07/2001,19.03,18.47,19.2,17.75,32.53,3.48%
12/06/2001,18.39,19.33,19.75,18.12,32.16,-4.32%
12/05/2001,19.22,19.2,20.25,19.15,35.64,-0.36%
12/04/2001,19.29,19.85,20.04,19.26,38.89,-2.13%
12/03/2001,19.71,18.92,19.98,18.65,38.08,2.98%
11/30/2001,19.14,18.45,19.18,17.98,29.79,3.97%
11/29/2001,18.41,18.9,18.9,18.2,35.43,-1.50%
11/28/2001,18.69,18.84,19.05,18.5,34.23,-1.74%
11/27/2001,19.02,18.48,19.22,18.15,42.33,3.59%
11/26/2001,18.36,18.6,18.9,18.1,32.17,-4.77%
11/23/2001,19.28,19.9,20.02,18.6,26.76,-3.12%
11/22/2001,19.9,18.8,20.08,18.7,41.56,6.25%
11/21/2001,18.73,19,19.2,18.55,38.02,-0.11%
11/20/2001,18.75,17.79,19.12,17.79,51.77,4.11%
11/19/2001,18.01,17.4,18.05,16.65,38,1.46%
11/16/2001,17.75,17.63,18.1,17.25,44.71,0.40%
11/15/2001,17.68,17.99,18.8,16.8,13.77,-5.71%
11/14/2001,18.75,20.32,20.32,18.65,41.84,-9.90%
11/13/2001,20.81,20.4,21.05,20,28.25,2.06%
11/12/2001,20.39,21.63,21.63,19.85,30.75,-4.63%
11/09/2001,21.38,20.35,21.65,20.35,38.25,5.42%
11/08/2001,20.28,19.5,20.37,19.5,46.5,4.91%
11/07/2001,19.33,19.05,19.52,18.85,27.3,1.36%
11/06/2001,19.07,19.45,19.46,18.81,23.51,-1.90%
11/05/2001,19.44,19.72,19.95,19.16,26.33,-1.67%
11/02/2001,19.77,19.8,19.85,19.04,41.07,0.76%
11/01/2001,19.62,20.35,20.5,19.55,37.03,-3.68%
10/31/2001,20.37,21,21,20.05,38.99,-2.58%
10/30/2001,20.91,21.11,21.21,20.86,32.76,-0.90%
10/29/2001,21.1,21.25,21.52,20.95,29.61,0.38%
10/26/2001,21.02,21.15,21.25,20.92,25.27,0.05%
10/25/2001,21.01,21.32,21.55,21,40.63,-1.18%
10/24/2001,21.26,20.75,21.51,20.53,51.18,1.53%
10/23/2001,20.94,21.16,21.57,20.93,37.96,-0.52%
10/22/2001,21.05,21.33,21.59,20.95,25.96,-1.41%
10/19/2001,21.35,20.8,21.55,20.48,31.33,3.54%
10/18/2001,20.62,21,21.02,20.32,37.22,-1.76%
10/17/2001,20.99,21.7,21.7,20.84,34.36,-3.27%
10/16/2001,21.7,21.63,21.93,21.45,8.2,0.09%
10/15/2001,21.68,21.7,21.9,21.44,18.49,-0.23%
10/12/2001,21.73,22.95,23.02,21.22,30.14,-3.25%
10/11/2001,22.46,22.25,22.7,22.15,25.51,2.04%
10/10/2001,22.01,21.8,22.45,21.77,20.92,0.59%
10/09/2001,21.88,21.77,22,21.6,19.61,1.44%
10/08/2001,21.57,21.8,22.1,21.53,24.59,-0.28%
10/05/2001,21.63,22.32,22.82,21.6,33.76,-2.35%
10/04/2001,22.15,21.65,22.38,21.53,37.83,2.93%
10/03/2001,21.52,21.82,21.94,21.29,32.65,-2.40%
10/02/2001,22.05,22.79,22.79,22.02,30.57,-3.67%
10/01/2001,22.89,23.2,23.25,22.25,27.38,-1.59%
09/28/2001,23.26,23.13,23.33,22.92,33.15,2.06%
09/27/2001,22.79,22.8,23.12,22.15,38.45,-0.91%
09/26/2001,23,22,23.05,20.7,59.05,2.77%
09/25/2001,22.38,22.5,23.15,21.35,54.48,1.63%
09/24/2001,22.02,25.1,25.16,21.7,77.07,-13.44%
09/21/2001,25.44,26,26.48,25.29,45.35,-1.85%
09/20/2001,25.92,26.4,26.86,25.83,50.07,-1.52%
09/19/2001,26.32,27.38,27.6,25.65,64.69,-3.48%
09/18/2001,27.27,28.5,28.52,27.2,56.46,-3.91%
09/17/2001,28.38,29.43,29.8,28.35,65.67,-3.57%
09/14/2001,29.43,28.45,29.82,28.45,44.31,4.73%
09/13/2001,28.1,27.74,28.18,27.55,15.67,0.29%
09/12/2001,28.02,29.1,29.5,28,34.93,-3.58%
09/11/2001,29.06,27.39,31.05,27.25,49.53,5.87%
09/10/2001,27.45,27.6,27.75,27.4,29.51,-0.87%
09/07/2001,27.69,26.95,27.8,26.9,47.58,2.71%
09/06/2001,26.96,26.33,27,26.32,40.71,2.43%
09/05/2001,26.32,26.24,26.6,26.06,27.41,0.23%
09/04/2001,26.26,26.52,26.6,26.13,32.17,-1.06%
09/03/2001,26.54,26.5,26.68,26.5,12.84,0.49%
08/31/2001,26.41,26.15,26.47,26.15,18.82,1.23%
08/30/2001,26.09,26.4,26.42,26.03,30.14,-1.66%
08/29/2001,26.53,26.57,26.79,26.2,39.59,0.23%
08/28/2001,26.47,25.85,26.55,25.8,30.99,2.00%
08/24/2001,25.95,25.84,26.2,25.62,38.93,1.37%
08/23/2001,25.6,25.3,25.7,25.26,31.53,1.03%
08/22/2001,25.34,25.9,25.94,25.33,35.42,-0.59%
08/21/2001,25.49,25.24,25.55,25.02,30.15,1.76%
08/20/2001,25.05,24.68,25.15,24.5,28.96,1.29%
08/17/2001,24.73,25.74,25.85,24.65,45.43,-3.21%
08/16/2001,25.55,25.55,25.75,25.45,9.16,0.00%
08/15/2001,25.55,26.1,26.33,25.51,29.21,-1.69%
08/14/2001,25.99,25.95,26.04,25.75,19.18,0.43%
08/13/2001,25.88,26.15,26.28,25.8,25.76,-0.38%
08/10/2001,25.98,25.89,26.4,25.86,24.75,1.17%
08/09/2001,25.68,25.7,25.92,25.51,14.17,-0.08%
08/08/2001,25.7,26.28,26.41,25.57,28.48,-1.46%
08/07/2001,26.08,25.8,26.55,25.8,26.4,0.97%
08/06/2001,25.83,25.62,25.88,25.6,16.89,0.54%
08/03/2001,25.69,26.09,26.09,25.6,23.98,-1.68%
08/02/2001,26.13,24.97,26.18,24.97,36.22,4.69%
08/01/2001,24.96,25.09,25.2,24.7,26.06,1.09%
07/31/2001,24.69,24.87,25.1,24.67,18.93,-1.08%
07/30/2001,24.96,25.19,25.19,24.9,15.99,-0.91%
07/27/2001,25.19,25.2,25.36,24.7,32.08,0.20%
07/26/2001,25.14,25.32,25.51,25.1,27.23,-0.44%
07/25/2001,25.25,25,25.45,24.95,39.4,1.41%
07/24/2001,24.9,25,25.08,24.85,23.87,-0.08%
07/23/2001,24.92,25.1,25.18,24.75,26.94,1.14%
07/20/2001,24.64,24.35,24.8,24.15,31.42,2.45%
07/19/2001,24.05,24.22,24.92,23.97,51.31,-0.70%
07/18/2001,24.22,24.65,24.9,24.2,43.51,-2.69%
07/17/2001,24.89,24.95,25.54,24.87,37.18,0.44%
07/16/2001,24.78,24.95,25,24.56,9.73,-0.76%
07/13/2001,24.97,25.3,25.3,24.94,33.03,-0.68%
07/12/2001,25.14,25.25,25.28,24.53,33.73,-1.49%
07/11/2001,25.52,25.62,25.92,25.25,32,-1.58%
07/10/2001,25.93,26.18,26.26,25.75,29.78,-0.84%
07/09/2001,26.15,26.7,26.76,26.15,28.19,-2.46%
07/06/2001,26.81,25.84,26.9,25.81,34.2,3.75%
07/05/2001,25.84,25.9,25.95,25.3,26.33,0.16%
07/04/2001,25.8,25.5,25.85,25.5,10.66,1.74%
07/03/2001,25.36,25.55,25.61,25.07,29.64,-1.09%
07/02/2001,25.64,26.3,26.42,25.1,31.89,-1.69%
06/29/2001,26.08,25.6,26.1,25.42,32.96,2.68%
06/28/2001,25.4,25.68,25.77,24.91,50.51,-1.01%
06/27/2001,25.66,26.55,26.68,25.24,51.64,-4.93%
06/26/2001,26.99,27.25,27.31,26.7,30.34,-0.30%
06/25/2001,27.07,26.65,27.08,26.65,24.26,1.81%
06/22/2001,26.59,26.48,26.94,26.22,30.43,1.10%
06/21/2001,26.3,26.24,26.47,25.87,44.28,0.80%
06/20/2001,26.09,26.88,27.15,26.05,49.74,-3.30%
06/19/2001,26.98,27.1,27.34,26.72,41.24,-0.11%
06/18/2001,27.01,28.08,28.08,26.97,40.11,-3.95%
06/15/2001,28.12,28.57,28.57,27.98,36.1,-4.97%
06/14/2001,29.59,29.13,29.82,29.04,11.8,0.85%
06/13/2001,29.34,29.79,29.83,29.25,16.72,-0.41%
06/12/2001,29.46,29.6,29.62,29.03,20.05,-0.37%
06/11/2001,29.57,29.72,30,29.44,19.74,0.44%
06/08/2001,29.44,28.45,29.5,28.45,19.39,3.30%
06/07/2001,28.5,28.84,28.84,28.43,27.6,-1.59%
06/06/2001,28.96,29.18,29.25,28.7,22.17,-2.43%
06/05/2001,29.68,29.32,29.69,28.93,29.04,1.44%
06/04/2001,29.26,29.43,29.71,29.03,33.08,0.65%
06/01/2001,29.07,29.27,29.27,28.7,28.28,-0.92%
05/31/2001,29.34,28.89,29.35,28.38,30.99,0.69%
05/30/2001,29.14,29.28,29.3,28.88,34.74,-0.10%
05/29/2001,29.17,28.47,29.23,28.42,33.98,2.42%
05/25/2001,28.48,28.43,28.65,28.38,27.67,-0.18%
05/24/2001,28.53,29.17,29.48,28.2,54.77,-2.43%
05/23/2001,29.24,29.28,29.4,29.05,30.24,-0.41%
05/22/2001,29.36,29.5,29.6,29.31,29.74,-0.20%
05/21/2001,29.42,29.68,29.68,29.22,33.97,0.10%
05/18/2001,29.39,28.6,29.45,28.58,35.1,3.27%
05/17/2001,28.46,28.3,28.55,28.16,25.53,0.35%
05/16/2001,28.36,28.16,28.88,27.95,9.44,0.71%
05/15/2001,28.16,28.35,28.4,27.96,18.33,-0.42%
05/14/2001,28.28,28.19,28.36,27.78,15.43,0.32%
05/11/2001,28.19,28.4,28.45,28.12,13.91,-1.02%
05/10/2001,28.48,28.5,28.8,28,20.26,1.17%
05/09/2001,28.15,28.09,28.18,27.5,21.97,0.90%
05/08/2001,27.9,27.6,28.05,27.6,23.11,-1.03%
05/04/2001,28.19,28.25,28.37,27.9,25.08,0.43%
05/03/2001,28.07,27.7,28.15,27.01,40.74,1.74%
05/02/2001,27.59,27.8,27.89,27.51,34.38,-2.61%
05/01/2001,28.33,27.62,28.4,27.62,26,1.58%
04/30/2001,27.89,27.9,28.48,27.52,34.56,0.36%
04/27/2001,27.79,27.7,28,27.57,28.47,0.69%
04/26/2001,27.6,26.98,27.95,26.9,39.95,2.91%
04/25/2001,26.82,26.22,26.9,26.2,32.37,1.90%
04/24/2001,26.32,26.75,26.92,26.3,36.15,-0.87%
04/23/2001,26.55,26.35,26.83,26.35,28.43,0.61%
04/20/2001,26.39,26.9,26.95,26.35,30.51,-1.64%
04/19/2001,26.83,27.3,27.42,26.68,32.51,-1.69%
04/18/2001,27.29,27.2,27.4,26.8,41.67,-1.23%
04/17/2001,27.63,27.95,28.25,27.51,40.31,0.95%
04/12/2001,27.37,27.07,27.87,27.05,50.96,3.17%
04/11/2001,26.53,26.25,26.75,26.19,6.18,-0.04%
04/10/2001,26.54,25.57,26.77,25.46,30.75,4.98%
04/09/2001,25.28,25.15,25.58,25.08,21.65,0.44%
04/06/2001,25.17,25.28,25.37,25.04,18.84,-0.59%
04/05/2001,25.32,25.26,25.95,25.09,31.96,0.00%
04/04/2001,25.32,25.17,25.48,25.06,42.62,2.22%
04/03/2001,24.77,24.25,24.8,24.16,30.81,2.74%
04/02/2001,24.11,24.85,24.9,24.1,24.04,-2.55%
03/30/2001,24.74,25,25.05,24.55,23.25,0.98%
03/29/2001,24.5,24.8,25.2,24.33,44.61,-3.05%
03/28/2001,25.27,25.65,25.95,25.25,32.46,-2.39%
03/27/2001,25.89,25.55,25.97,25.54,28.47,1.93%
03/26/2001,25.4,25.54,25.8,25.36,26.79,0.08%
03/23/2001,25.38,24.9,25.58,24.8,38.6,3.05%
03/22/2001,24.63,25.1,25.28,24.6,32.85,-1.48%
03/21/2001,25,24.55,25.2,24.5,38.34,1.54%
03/20/2001,24.62,24.81,25.19,24.6,32.92,-0.77%
03/19/2001,24.81,25.3,25.4,24.73,32.38,-0.96%
03/16/2001,25.05,25.09,25.95,25,43.6,3.56%
03/15/2001,24.19,24.15,24.54,23.9,12.86,1.09%
03/14/2001,23.93,25.15,25.56,23.75,26.14,-5.34%
03/13/2001,25.28,25.95,25.95,25.25,20.28,-2.39%
03/12/2001,25.9,26.1,26.25,25.88,23.21,-1.63%
03/09/2001,26.33,26.59,26.68,26.25,18.66,-1.31%
03/08/2001,26.68,27.1,27.25,26.65,25.47,-2.02%
03/07/2001,27.23,26.63,27.25,26.42,28.81,2.83%
03/06/2001,26.48,26.79,26.81,26.32,21.45,-0.86%
03/05/2001,26.71,26.18,26.9,26.18,22,2.73%
03/02/2001,26,26.01,26.32,25.9,22.8,0.58%
03/01/2001,25.85,25.7,25.95,25.4,24.35,1.10%
02/28/2001,25.57,25.95,26.42,25.5,34.01,-1.73%
02/27/2001,26.02,25.95,26.32,25.7,30.55,-0.34%
02/26/2001,26.11,26.5,26.67,26.05,34.72,-1.55%
02/23/2001,26.52,26.45,27.05,26.28,35.41,0.23%
02/22/2001,26.46,26.7,26.8,26.05,30.65,0.34%
02/21/2001,26.37,26.74,26.85,26.25,23.02,-0.94%
02/20/2001,26.62,27.34,27.46,26.6,27.62,-2.53%
02/19/2001,27.31,27.4,27.62,27.07,16.18,1.56%
02/16/2001,26.89,26.85,27.05,26.82,19.64,0.94%
02/15/2001,26.64,27,27.18,26.35,41.05,-2.35%
02/14/2001,27.28,27.56,28.26,27.22,39.53,-4.15%
02/13/2001,28.46,28.85,29,28.35,15.55,-1.86%
02/12/2001,29,29.3,29.39,28.75,19.27,-0.85%
02/09/2001,29.25,30,30,29.23,15.81,-1.98%
02/08/2001,29.84,29.7,30.36,28.99,20.88,-0.23%
02/07/2001,29.91,28.6,29.95,28.6,22.61,4.22%
02/06/2001,28.7,28.25,28.89,28.25,15.12,0.88%
02/05/2001,28.45,29.2,29.2,28.08,21.1,-2.54%
02/02/2001,29.19,27.9,29.3,27.7,27.33,3.88%
02/01/2001,28.1,26.55,28.25,26.35,37.55,5.40%
01/31/2001,26.66,27.1,27.22,26.31,36.55,-0.86%
01/30/2001,26.89,26.58,27.08,26.3,30.97,1.09%
01/29/2001,26.6,26.85,27.48,26.25,39.54,-1.41%
01/26/2001,26.98,26.5,27,26.2,22.35,1.97%
01/25/2001,26.46,26.3,26.52,25.94,25.8,0.76%
01/24/2001,26.26,26.5,26.79,25.83,36.41,-1.54%
01/23/2001,26.67,26.4,26.72,26.2,36.74,0.53%
01/22/2001,26.53,26.9,27.28,26.5,30.92,-1.89%
01/19/2001,27.04,25.5,27.16,25.38,39.38,5.54%
01/18/2001,25.62,24.9,25.7,24.55,36.14,3.35%
01/17/2001,24.79,25.69,25.75,24.33,48.77,-5.38%
01/16/2001,26.2,26.18,26.5,26.03,10.6,0.08%
01/15/2001,26.18,25.98,26.28,25.75,13.48,1.67%
01/12/2001,25.75,25.8,25.85,25.59,15.52,0.55%
01/11/2001,25.61,25.55,25.9,25.2,24.68,1.07%
01/10/2001,25.34,24.78,25.4,24.42,29.65,3.05%
01/09/2001,24.59,24.5,24.83,24.12,33.45,0.65%
01/08/2001,24.43,25.33,25.63,24.4,27.82,-2.98%
01/05/2001,25.18,25.4,26.02,25.15,34.99,-0.67%
01/04/2001,25.35,25.09,25.85,24.77,32.81,1.28%
01/03/2001,25.03,24.5,25.3,24.2,36.4,3.00%
01/02/2001,24.3,24.4,24.9,24.2,25.21,1.80%
12/29/2000,23.87,23.15,24.15,23.02,16.64,0.67%
12/28/2000,23.71,23.65,23.93,23.63,23.31,-1.37%
12/27/2000,24.04,24.3,24.54,23.94,24.79,1.61%
12/22/2000,23.66,23.85,23.87,23.51,13.15,0.21%
12/21/2000,23.61,23.56,24.08,23.4,36.43,2.79%
12/20/2000,22.97,25.2,25.23,22.9,35.7,-8.12%
12/19/2000,25,26.25,26.25,24.95,34.4,-4.73%
12/18/2000,26.24,26.14,26.84,25.98,29.92,1.35%
12/15/2000,25.89,25.65,26.1,25.33,24.3,2.09%
12/14/2000,25.36,25.6,25.92,25.2,5.18,0.88%
12/13/2000,25.14,27.4,27.4,25,15.44,-7.10%
12/12/2000,27.06,27.6,27.82,26.8,19.91,-1.74%
12/11/2000,27.54,26.98,27.6,26.77,20.97,3.69%
12/08/2000,26.56,27.3,27.3,26.13,22.89,-3.31%
12/07/2000,27.47,28.36,28.45,27.2,26.64,-1.93%
12/06/2000,28.01,27.84,28.43,26.7,37.08,0.79%
12/05/2000,27.79,29.55,29.65,27.65,46.74,-5.28%
12/04/2000,29.34,30.5,30.81,29.2,38.63,-2.75%
12/01/2000,30.17,31.88,32.32,30.1,33.04,-5.36%
11/30/2000,31.88,32.64,33.15,31.8,36.86,-2.45%
11/29/2000,32.68,32,32.75,31.95,35.46,1.52%
11/28/2000,32.19,33,33,32.1,29.19,-2.63%
11/27/2000,33.06,33,33.45,32.91,25.55,-0.18%
11/24/2000,33.12,33.25,33.41,33.1,10.71,-0.48%
11/23/2000,33.28,33.24,33.65,32.9,12.51,0.12%
11/22/2000,33.24,32.73,33.32,32.65,21.07,0.42%
11/21/2000,33.1,33,33.48,32.85,23.52,0.09%
11/20/2000,33.07,33.38,33.95,32.8,35.11,-0.03%
11/17/2000,33.08,32.3,33.1,32.2,25.16,0.95%
11/16/2000,32.77,32.8,33.12,32.7,29.24,-3.33%
11/15/2000,33.9,32.8,34,32.8,8.63,3.70%
11/14/2000,32.69,32.98,33.55,32.25,17.94,-0.76%
11/13/2000,32.94,32.3,32.98,31.95,26.93,2.87%
11/10/2000,32.02,32.1,32.2,31.8,22.67,-0.44%
11/09/2000,32.16,31.32,32.2,31.31,31.02,2.68%
11/08/2000,31.32,31.68,31.74,30.88,25.26,-1.14%
11/07/2000,31.68,31.27,31.7,31.12,21.89,1.25%
11/06/2000,31.29,30.63,31.3,30.4,24.2,1.43%
11/03/2000,30.85,30.5,31,30.32,21.51,0.23%
11/02/2000,30.78,30.85,31.13,30.45,31.61,-1.69%
11/01/2000,31.31,31.1,31.71,31.05,29.11,1.79%
10/31/2000,30.76,31.09,31.1,30.38,32.66,-1.22%
10/30/2000,31.14,30.74,31.38,30.74,16.15,0.61%
10/27/2000,30.95,31.85,32.08,30.75,29.98,-3.16%
10/26/2000,31.96,31.4,32.16,31.27,35.54,1.91%
10/25/2000,31.36,31.8,32.15,31.3,26.09,-0.73%
10/24/2000,31.59,32.05,32.29,31.55,26.54,-1.56%
10/23/2000,32.09,32.05,32.18,31.32,29.23,1.49%
10/20/2000,31.62,30.92,31.7,30.68,28.85,2.86%
10/19/2000,30.74,31.1,31.7,30.7,34.94,-1.16%
10/18/2000,31.1,31.6,32.05,30.85,32.33,-0.10%
10/17/2000,31.13,31.45,31.58,30.56,42.69,-2.41%
10/16/2000,31.9,31.95,32.97,31.85,9.88,-1.91%
10/13/2000,32.52,34.85,35.07,32.5,23.41,-5.98%
10/12/2000,34.59,31.58,35.3,31.55,26.5,8.81%
10/11/2000,31.79,32.65,32.65,31.5,21.21,-0.19%
10/10/2000,31.85,31.1,31.9,31,20.9,3.54%
10/09/2000,30.76,30.7,30.96,30.24,17.37,2.19%
10/06/2000,30.1,30.1,30.22,29.85,14.36,0.70%
10/05/2000,29.89,29.9,29.95,29.42,28.42,-2.06%
10/04/2000,30.52,30.75,30.75,30.35,22.21,-1.71%
10/03/2000,31.05,31,31.19,30.7,21.9,-0.10%
10/02/2000,31.08,30.2,31.27,30.1,23.79,4.16%
09/29/2000,29.84,29.47,30,29.35,26.73,1.98%
09/28/2000,29.26,30.35,30.35,29.25,35.64,-4.19%
09/27/2000,30.54,30.6,31.27,30.5,30.67,0.39%
09/26/2000,30.42,30.4,30.75,30.27,34.57,0.60%
09/25/2000,30.24,30.25,30.97,29.9,47.45,-3.23%
09/22/2000,31.25,32.8,33.08,31.2,44.28,-4.52%
09/21/2000,32.73,33.55,34.08,32.7,49.3,-2.99%
09/20/2000,33.74,34.25,34.81,33.7,45.12,0.33%
09/19/2000,33.63,34.38,34.46,33.6,42.97,-2.41%
09/18/2000,34.46,33.8,34.98,33.75,36.74,1.41%
09/15/2000,33.98,32.8,34.05,32.65,37.45,6.39%
09/14/2000,31.94,31.7,32.02,31.4,16.54,1.30%
09/13/2000,31.53,32.01,32.37,31.3,23.41,-2.92%
09/12/2000,32.48,33.9,34.37,32.26,23.67,-3.39%
09/11/2000,33.62,32.2,34.25,32.1,41.22,2.56%
09/08/2000,32.78,33.85,33.85,32.35,40.61,-5.12%
09/07/2000,34.55,34.35,34.6,33.46,39.01,0.79%
09/06/2000,34.28,33.05,34.3,33.03,37.68,3.94%
09/05/2000,32.98,32.8,33,32.38,29.72,0.43%
09/04/2000,32.84,31.95,32.85,31.95,13.76,3.11%
09/01/2000,31.85,31.65,31.87,31.46,15.43,0.41%
08/31/2000,31.72,31.75,32.12,31.62,26.86,-0.81%
08/30/2000,31.98,31.36,32,30.67,37.3,1.98%
08/29/2000,31.36,31.49,31.49,31.1,13.2,3.19%
08/25/2000,30.39,30.57,30.62,30.17,23,0.13%
08/24/2000,30.35,30.81,30.86,30.22,27.12,-1.11%
08/23/2000,30.69,30.9,31.18,30.55,33.75,2.54%
08/22/2000,29.93,30.8,31.24,29.9,43.04,-2.19%
08/21/2000,30.6,30.6,31.15,30.58,27.11,0.53%
08/18/2000,30.44,30.4,30.91,30.3,23.95,0.93%
08/17/2000,30.16,30,30.77,30,36.03,-7.29%
08/16/2000,32.53,31.6,32.68,31.6,10.1,1.09%
08/15/2000,32.18,31.5,32.8,31.5,23.14,2.22%
08/14/2000,31.48,30.5,31.5,30.5,13.73,2.98%
08/11/2000,30.57,30.65,31.44,30.5,16.67,-1.00%
08/10/2000,30.88,29.8,31.08,29.63,26.34,3.38%
08/09/2000,29.87,29.8,30.15,29.52,30.01,3.36%
08/08/2000,28.9,28.55,28.95,28.37,16.52,1.33%
08/07/2000,28.52,29.45,29.5,28.47,23.13,-2.89%
08/04/2000,29.37,28.45,29.55,28.45,28.66,3.74%
08/03/2000,28.31,27.6,28.35,27.6,29.26,2.61%
08/02/2000,27.59,27.6,27.87,27.5,33.78,1.66%
08/01/2000,27.14,26.8,27.45,26.73,25,0.78%
07/31/2000,26.93,27.35,27.45,26.65,23.7,-1.57%
07/28/2000,27.36,27.35,27.62,27.25,26.27,0.77%
07/27/2000,27.15,27,27.25,26.9,26.7,1.19%
07/26/2000,26.83,26.9,27.45,26.78,35.04,-0.41%
07/25/2000,26.94,26.9,27.27,26.81,36,0.07%
07/24/2000,26.92,27.5,27.67,26.9,31.78,-2.18%
07/21/2000,27.52,28.3,28.3,27.47,48.23,-2.65%
07/20/2000,28.27,28.75,29.06,28.25,39.67,-2.11%
07/19/2000,28.88,29.35,29.45,28.72,38.83,-1.50%
07/18/2000,29.32,28.5,29.8,28.4,44.16,2.66%
07/17/2000,28.56,28.9,28.9,28.52,29.78,-4.42%
07/14/2000,29.88,30.05,30.05,29.7,11.29,-1.26%
07/13/2000,30.26,29.65,30.3,29.4,26.41,1.99%
07/12/2000,29.67,28.95,29.8,28.81,19.26,1.54%
07/11/2000,29.22,28.65,29.29,28.51,32.33,1.28%
07/10/2000,28.85,29.35,29.63,28.75,31.94,-2.86%
07/07/2000,29.7,29.65,29.75,29.1,32.94,0.10%
07/06/2000,29.67,29.4,29.95,28.92,41.35,0.99%
07/05/2000,29.38,29.22,29.4,28.55,44.58,-0.68%
07/04/2000,29.58,30.4,30.59,29.5,28.79,-4.89%
07/03/2000,31.1,30.65,31.25,30.62,9.65,1.73%
06/30/2000,30.57,30.67,31.15,30.45,23.08,-0.75%
06/29/2000,30.8,30.01,30.95,29.96,28.75,2.29%
06/28/2000,30.11,30.03,30.57,29.97,25.26,-0.43%
06/27/2000,30.24,29.65,30.55,29.36,36.47,1.65%
06/26/2000,29.75,30.65,30.8,29.73,28.26,-2.11%
06/23/2000,30.39,30.4,30.6,29.8,32.24,0.80%
06/22/2000,30.15,29.2,30.25,29,39.01,2.80%
06/21/2000,29.33,29.1,30.11,28.58,47.09,1.07%
06/20/2000,29.02,27.86,29.1,27.85,30.89,3.72%
06/19/2000,27.98,27.95,28.15,27.58,31.39,-1.31%
06/16/2000,28.35,29.15,29.15,27.69,48.02,-9.31%
06/15/2000,31.26,30.65,31.38,30.56,14.72,0.77%
06/14/2000,31.02,31.41,31.41,30.87,27.27,-1.49%
06/13/2000,31.49,30.9,31.7,30.9,31.18,0.90%
06/12/2000,31.21,29.85,31.27,29.8,26.92,5.51%
06/09/2000,29.58,28.9,29.63,28.84,21.41,1.75%
06/08/2000,29.07,29.15,29.48,28.7,25.56,-0.51%
06/07/2000,29.22,28.55,29.28,27.9,36.01,2.20%
06/06/2000,28.59,28.45,28.8,28.31,25.44,0.78%
06/05/2000,28.37,29.4,29.41,28.26,32.14,-2.34%
06/02/2000,29.05,29.2,29.42,28.75,20.95,-0.48%
06/01/2000,29.19,28.4,29.2,28.4,28.67,3.11%
05/31/2000,28.31,29.1,29.52,28.2,38.34,-2.24%
05/30/2000,28.96,28.65,29.13,28.65,24.23,-0.89%
05/26/2000,29.22,29.4,29.47,29,19.72,0.10%
05/25/2000,29.19,28.61,29.2,28.37,33,2.03%
05/24/2000,28.61,27.7,28.65,27.7,28.9,4.04%
05/23/2000,27.5,27.5,27.6,27.1,29.94,0.26%
05/22/2000,27.43,28.55,28.6,27.19,40.6,-4.06%
05/19/2000,28.59,28.7,29.2,28.15,39.91,-1.14%
05/18/2000,28.92,28,28.95,28,38.7,3.69%
05/17/2000,27.89,27.95,28.12,27.62,33.21,-3.09%
05/16/2000,28.78,28.36,28.85,28.35,8.05,1.59%
05/15/2000,28.33,27.64,28.52,27.48,19.85,1.00%
05/12/2000,28.05,27.55,28.38,27.3,18.15,2.19%
05/11/2000,27.45,26.45,27.6,26.32,27.99,3.90%
05/10/2000,26.42,26.6,26.74,26.32,26.1,-1.49%
05/09/2000,26.82,25.71,26.95,25.71,27.93,2.84%
05/08/2000,26.08,25.3,26.15,25.25,23.07,3.12%
05/05/2000,25.29,25.16,25.4,24.95,17.92,0.56%
05/04/2000,25.15,24.9,25.5,24.73,27.63,0.60%
05/03/2000,25,25.15,25.7,24.9,41.79,-0.32%
05/02/2000,25.08,24.1,25.37,24.05,40.26,4.98%
04/28/2000,23.89,23.95,24.35,23.85,39.06,0.55%
04/27/2000,23.76,23.05,23.85,23.05,35.87,3.39%
04/26/2000,22.98,23.3,23.35,22.95,26.61,-1.50%
04/25/2000,23.33,23.85,23.85,23.3,26.92,-2.10%
04/20/2000,23.83,23.75,23.97,23.55,22.81,0.25%
04/19/2000,23.77,23,24,23,39.18,3.12%
04/18/2000,23.05,23.15,23.2,22.67,29.79,1.36%
04/17/2000,22.74,22.15,22.93,21.9,35.67,1.47%
04/14/2000,22.41,22.95,23.15,22.35,32.23,-1.10%
04/13/2000,22.66,23.09,23.15,22.6,12.95,-1.99%
04/12/2000,23.12,21.9,23.2,21.9,24.42,6.69%
04/11/2000,21.67,21.8,22.02,21.4,29.27,1.74%
04/10/2000,21.3,22.4,22.4,21.3,31.55,-5.67%
04/07/2000,22.58,23.35,23.55,22.5,22.6,-3.71%
04/06/2000,23.45,23.9,24.13,23.42,24.65,-1.26%
04/05/2000,23.75,23.4,23.91,23.35,31.76,0.42%
04/04/2000,23.65,24.35,24.44,23.62,33.49,-3.51%
04/03/2000,24.51,25,25.22,24.5,21.51,-1.05%
03/31/2000,24.77,24.8,25.27,24.58,28.67,0.57%
03/30/2000,24.63,24.4,24.76,24.37,31.03,0.94%
03/29/2000,24.4,25.24,25.27,24.25,48.3,-4.35%
03/28/2000,25.51,25.55,25.96,25.3,29.36,-0.66%
03/27/2000,25.68,25.65,25.9,25.38,20.91,-0.89%
03/24/2000,25.91,25.75,26.34,25.75,26.39,1.69%
03/23/2000,25.48,25.35,25.79,25.32,27.84,0.31%
03/22/2000,25.4,25.45,26.18,25.26,36.45,-1.24%
03/21/2000,25.72,25.2,25.85,25.14,34.77,2.02%
03/20/2000,25.21,26.4,26.43,25.2,37.89,-5.08%
03/17/2000,26.56,26.9,27.14,26.45,34.13,-3.10%
03/16/2000,27.41,27.2,27.77,26.9,9.26,-0.44%
03/15/2000,27.53,28.35,28.47,27.35,24.35,-2.86%
03/14/2000,28.34,29,29.13,28.2,27.37,-1.90%
03/13/2000,28.89,28.9,29.13,28.55,20.73,-0.17%
03/10/2000,28.94,29.05,29.4,28.63,20.33,-1.19%
03/09/2000,29.29,29.35,29.9,28.39,32.88,1.70%
03/08/2000,28.8,31.4,31.4,28.3,34.8,-9.72%
03/07/2000,31.9,30.1,31.95,30.1,30.29,7.66%
03/06/2000,29.63,28.95,29.69,28.95,21.03,2.21%
03/03/2000,28.99,28.95,29.28,28.7,21.04,-0.79%
03/02/2000,29.22,28.7,29.47,28.55,32.68,0.55%
03/01/2000,29.06,28,29.14,28,42.11,3.45%
02/29/2000,28.09,27.35,28.12,27.35,26.42,2.48%
02/28/2000,27.41,27.2,27.78,27.2,21.13,-0.25%
02/25/2000,27.48,27.25,28,27.12,29.82,0.40%
02/24/2000,27.37,27,27.5,27,32.29,1.15%
02/23/2000,27.06,26.5,27.14,26.44,34.47,1.81%
02/22/2000,26.58,25.85,26.75,25.73,32.88,2.51%
02/21/2000,25.93,26.35,26.4,25.78,18.43,-1.11%
02/18/2000,26.22,26.65,26.77,26.2,21.42,-1.69%
02/17/2000,26.67,27.15,27.16,26.55,30.1,-2.56%
02/16/2000,27.37,27.15,27.47,26.9,28.33,0.88%
02/15/2000,27.13,27.2,27.48,26.98,32.35,-5.67%
02/14/2000,28.76,27.85,28.78,27.82,13.06,3.38%
02/11/2000,27.82,27.5,28.2,27.45,32.91,1.24%
02/10/2000,27.48,26.75,27.62,26.75,34.47,2.08%
02/09/2000,26.92,26.45,26.99,26.06,32.44,2.09%
02/08/2000,26.37,26.73,26.86,26.32,29,-1.90%
02/07/2000,26.88,26.85,27.05,26.67,20.02,-0.70%
02/04/2000,27.07,26.65,27.1,26.2,30.38,1.54%
02/03/2000,26.66,26.12,26.69,26.07,30.38,2.82%
02/02/2000,25.93,26.62,26.82,25.82,45.9,-1.74%
02/01/2000,26.39,26.1,26.6,26.08,40.36,1.62%
01/31/2000,25.97,25.4,26.19,25.21,38.61,1.13%
01/28/2000,25.68,25.45,25.92,25.38,22.23,0.23%
01/27/2000,25.62,25.9,26.38,25.45,34.84,-1.95%
01/26/2000,26.13,26.9,26.95,26.05,37.18,-1.54%
01/25/2000,26.54,25.88,26.65,25.58,39.69,1.84%
01/24/2000,26.06,26.68,26.85,25.88,37.45,-1.10%
01/21/2000,26.35,26.55,27.11,25.9,46.27,0.96%
01/20/2000,26.1,25.98,26.43,25.63,47.96,1.01%
01/19/2000,25.84,26.3,26.3,25.65,38.02,-0.81%
01/18/2000,26.05,25.95,26.13,25.62,39.95,1.56%
01/17/2000,25.65,25.55,25.75,25.42,16.29,0.71%
01/14/2000,25.47,24.98,25.56,24.98,8.82,1.96%
01/13/2000,24.98,24.84,25.25,24.7,22.31,0.69%
01/12/2000,24.81,24.35,25.1,23.97,28.46,0.77%
01/11/2000,24.62,23.9,24.67,23.83,17.41,3.75%
01/10/2000,23.73,23.04,23.78,23.04,26.39,2.77%
01/07/2000,23.09,23.57,23.98,23.05,34.83,-2.24%
01/06/2000,23.62,23.55,24.22,23.35,44.66,-0.46%
01/05/2000,23.73,24.25,24.37,23.7,30.31,-2.71%
01/04/2000,24.39,23.9,24.7,23.89,32.51,-2.75%
