Date,Price,Open,High,Low,Vol.,Change %
10/22/2025,4.9815,4.9433,5,4.9167,13.78K,0.93%
10/21/2025,4.9358,5.05,5.072,4.9145,0.39K,-1.99%
10/20/2025,5.036,4.9885,5.076,4.971,33.17K,1.02%
10/19/2025,4.9853,4.991,5.0165,4.9808,0.71K,0.32%
10/17/2025,4.9695,4.9875,5.0245,4.8835,42.19K,-0.59%
10/16/2025,4.999,4.9765,5.0165,4.9305,41.84K,-0.31%
10/15/2025,5.0145,5.0105,5.0825,4.945,39.51K,-0.17%
10/14/2025,5.023,5.1325,5.178,4.9315,64.24K,-2.35%
10/13/2025,5.144,4.923,5.18,4.9225,1.35K,5.11%
10/10/2025,4.894,5.1405,5.1785,4.822,78.40K,-4.47%
10/09/2025,5.123,5.0805,5.261,5.04,70.17K,0.56%
10/08/2025,5.0945,5.094,5.156,5.065,42.26K,-0.06%
10/07/2025,5.0975,5.042,5.1465,5.032,42.49K,1.18%
10/06/2025,5.038,5.089,5.124,5.0145,39.93K,-1.39%
10/03/2025,5.109,4.954,5.1205,4.938,53.04K,3.22%
10/02/2025,4.9495,4.892,4.9895,4.85,45.08K,1.37%
10/01/2025,4.8825,4.879,4.904,4.816,33.39K,0.54%
09/30/2025,4.8565,4.9055,4.913,4.82,38.78K,-0.73%
09/29/2025,4.892,4.76,4.9205,4.7505,40.79K,3.08%
09/26/2025,4.746,4.75,4.77,4.692,1.61K,0.29%
09/25/2025,4.7325,4.8515,4.9045,4.7335,0.78K,-1.17%
09/24/2025,4.7885,4.615,4.82,4.593,1.47K,3.66%
09/23/2025,4.6195,4.615,4.621,4.6005,0.42K,0.26%
09/22/2025,4.6075,4.6225,4.623,4.583,0.54K,-0.43%
09/19/2025,4.6275,4.6,4.6425,4.589,18.24K,0.59%
09/18/2025,4.6005,4.615,4.631,4.5765,22.97K,-0.68%
09/17/2025,4.632,4.699,4.704,4.583,32.28K,-1.32%
09/16/2025,4.694,4.7195,4.722,4.6805,24.93K,-0.50%
09/15/2025,4.7175,4.6525,4.726,4.6385,25.29K,1.41%
09/12/2025,4.652,4.6725,4.6995,4.643,27.58K,-0.13%
09/11/2025,4.658,4.605,4.684,4.597,26.14K,0.87%
09/10/2025,4.618,4.5745,4.626,4.5635,27.10K,1.06%
09/09/2025,4.5695,4.565,4.59,4.546,25.40K,0.22%
09/08/2025,4.5595,4.543,4.579,4.5255,23.67K,0.19%
09/05/2025,4.551,4.566,4.62,4.5365,33.44K,-0.16%
09/04/2025,4.5585,4.6145,4.6205,4.552,24.60K,-1.54%
09/03/2025,4.63,4.6455,4.675,4.602,30.54K,-0.24%
09/02/2025,4.641,4.592,4.649,4.541,52.27K,1.28%
09/01/2025,4.5825,4.5843,4.6125,4.57,9.83K,-0.06%
08/31/2025,4.5853,4.5925,4.5925,4.5742,,-0.11%
08/29/2025,4.5905,4.5445,4.594,4.5365,31.30K,1.13%
08/28/2025,4.539,4.5,4.555,4.4845,28.79K,1.51%
08/27/2025,4.4715,4.517,4.517,4.4345,2.20K,-0.85%
08/26/2025,4.51,4.5155,4.5355,4.5005,0.30K,-0.36%
08/25/2025,4.5265,4.51,4.539,4.51,0.25K,-0.02%
08/22/2025,4.5275,4.517,4.5485,4.497,23.05K,0.35%
08/21/2025,4.5115,4.504,4.523,4.4815,22.21K,0.02%
08/20/2025,4.5105,4.4945,4.517,4.4815,13.41K,0.49%
08/19/2025,4.4885,4.5425,4.5565,4.487,10.38K,-1.05%
08/18/2025,4.536,4.549,4.5665,4.5145,10.09K,0.97%
08/15/2025,4.4925,4.497,4.518,4.466,19.76K,0.29%
08/14/2025,4.4795,4.4975,4.5145,4.4495,24.63K,-0.40%
08/13/2025,4.4975,4.5165,4.55,4.484,28.42K,-0.62%
08/12/2025,4.5255,4.4505,4.539,4.4435,32.70K,1.93%
08/11/2025,4.44,4.4835,4.485,4.4275,27.99K,-0.70%
08/08/2025,4.4715,4.414,4.4915,4.4015,39.34K,1.66%
08/07/2025,4.3985,4.4125,4.449,4.3905,29.95K,-0.33%
08/06/2025,4.413,4.381,4.4355,4.38,25.28K,0.62%
08/05/2025,4.386,4.4585,4.471,4.3725,31.66K,-1.16%
08/04/2025,4.4375,4.4505,4.48,4.4005,32.37K,0.05%
08/01/2025,4.4355,4.433,4.451,4.364,51.33K,1.86%
07/31/2025,4.3545,4.6395,4.652,4.3325,116.94K,-22.05%
07/30/2025,5.586,5.66,5.83,4.503,94.05K,-0.37%
07/29/2025,5.607,5.557,5.6575,5.557,1.04K,0.17%
07/28/2025,5.5975,5.778,5.7965,5.5225,0.57K,-3.24%
07/25/2025,5.785,5.827,5.838,5.744,24.77K,-0.28%
07/24/2025,5.8015,5.8445,5.9585,5.781,31.96K,-0.31%
07/23/2025,5.8195,5.765,5.93,5.722,39.42K,1.71%
07/22/2025,5.7215,5.641,5.7715,5.575,34.62K,1.49%
07/21/2025,5.6375,5.591,5.6685,5.5635,23.56K,0.59%
07/18/2025,5.6045,5.498,5.615,5.4955,24.64K,1.67%
07/17/2025,5.5125,5.5175,5.5295,5.474,21.91K,-0.24%
07/16/2025,5.526,5.5155,5.5665,5.468,31.46K,-0.92%
07/15/2025,5.5775,5.525,5.6125,5.4925,31.00K,0.49%
07/14/2025,5.5505,5.583,5.603,5.455,33.68K,-0.96%
07/11/2025,5.6045,5.629,5.6625,5.4735,37.76K,0.24%
07/10/2025,5.591,5.541,5.6855,5.5255,45.79K,1.90%
07/09/2025,5.4865,5.48,5.7305,5.425,85.17K,-3.50%
07/08/2025,5.6855,5.012,5.8955,4.9725,81.24K,13.12%
07/07/2025,5.026,5.0645,5.0925,4.9825,41.99K,-0.72%
07/04/2025,5.0625,5.143,5.145,5.0345,13.09K,-1.54%
07/03/2025,5.1415,5.1995,5.2045,5.1205,31.76K,-1.08%
07/02/2025,5.1975,5.0985,5.212,5.077,33.63K,1.92%
07/01/2025,5.0995,5.109,5.1925,5.0755,39.32K,0.33%
06/30/2025,5.0825,5.1245,5.1385,5.0625,24.04K,-0.79%
06/27/2025,5.123,5.109,5.1455,5.021,43.61K,0.60%
06/26/2025,5.0925,4.95,5.11,4.947,1.94K,3.65%
06/25/2025,4.913,4.8905,4.8915,4.89,0.71K,0.95%
06/24/2025,4.867,4.8635,4.8685,4.8635,0.51K,0.50%
06/23/2025,4.843,4.8185,4.908,4.8165,0.82K,0.20%
06/20/2025,4.8335,4.851,4.8735,4.743,46.27K,0.42%
06/19/2025,4.8135,4.856,4.8683,4.7773,13.54K,-0.81%
06/18/2025,4.853,4.7845,4.871,4.7845,29.83K,0.91%
06/17/2025,4.809,4.821,4.8405,4.777,30.13K,-0.56%
06/16/2025,4.836,4.7645,4.868,4.728,36.72K,0.45%
06/13/2025,4.8145,4.8425,4.857,4.709,43.87K,-0.43%
06/12/2025,4.8355,4.8065,4.8495,4.765,36.07K,0.44%
06/11/2025,4.8145,4.8905,4.9135,4.776,51.83K,-1.74%
06/10/2025,4.9,4.903,4.926,4.851,35.94K,-0.51%
06/09/2025,4.925,4.8385,4.9395,4.8245,36.33K,1.59%
06/06/2025,4.848,4.911,4.9495,4.823,45.90K,-1.72%
06/05/2025,4.933,4.8985,5.0615,4.88,55.86K,0.95%
06/04/2025,4.8865,4.863,4.916,4.839,33.66K,1.09%
06/03/2025,4.834,4.8485,4.8695,4.7185,47.86K,-0.50%
06/02/2025,4.8585,4.72,4.9495,4.72,60.05K,3.87%
05/30/2025,4.6775,4.6745,4.727,4.646,38.76K,0.04%
05/29/2025,4.6755,4.679,4.7455,4.6515,39.93K,0.54%
05/28/2025,4.6505,4.72,4.74,4.6445,1.03K,-1.37%
05/27/2025,4.715,4.859,4.859,4.712,1.30K,-2.45%
05/26/2025,4.8333,4.8515,4.8865,4.8172,16.53K,-0.38%
05/25/2025,4.8518,4.8738,4.8793,4.8468,50.40K,0.32%
05/23/2025,4.8365,4.6785,4.89,4.629,51.34K,3.36%
05/22/2025,4.6795,4.6625,4.7435,4.569,47.87K,0.16%
05/21/2025,4.672,4.6765,4.712,4.6485,33.01K,0.39%
05/20/2025,4.654,4.6635,4.6815,4.5855,32.92K,-0.35%
05/19/2025,4.6705,4.6085,4.6785,4.561,32.64K,1.68%
05/16/2025,4.5935,4.682,4.698,4.569,34.22K,-1.92%
05/15/2025,4.6835,4.6435,4.7075,4.5715,32.19K,0.71%
05/14/2025,4.6505,4.711,4.737,4.628,30.44K,-1.54%
05/13/2025,4.723,4.6305,4.7315,4.605,33.77K,2.21%
05/12/2025,4.621,4.69,4.7295,4.5895,43.12K,-0.69%
05/09/2025,4.653,4.6035,4.74,4.4775,48.54K,1.06%
05/08/2025,4.604,4.6185,4.6775,4.5425,43.09K,-1.19%
05/07/2025,4.6595,4.7595,4.807,4.6125,41.11K,-2.48%
05/06/2025,4.778,4.705,4.793,4.672,36.10K,1.68%
05/05/2025,4.699,4.704,4.7655,4.663,25.20K,0.56%
05/02/2025,4.673,4.639,4.7435,4.618,40.56K,0.97%
05/01/2025,4.628,4.6155,4.683,4.5975,32.18K,0.41%
04/30/2025,4.609,4.8625,4.8655,4.524,63.22K,-5.41%
04/29/2025,4.8725,4.897,4.9635,4.8435,36.95K,0.16%
04/28/2025,4.8645,4.867,4.8935,4.8,1.32K,-0.62%
04/25/2025,4.895,4.937,4.9465,4.7905,39.21K,-0.32%
04/24/2025,4.9105,4.884,4.942,4.8605,27.97K,0.32%
04/23/2025,4.895,4.9085,4.9825,4.871,32.08K,-0.67%
04/22/2025,4.928,4.7735,4.942,4.77,32.76K,3.10%
04/21/2025,4.78,4.7565,4.8565,4.7375,18.09K,0.87%
04/17/2025,4.739,4.677,4.751,4.5645,50.46K,1.14%
04/16/2025,4.6855,4.613,4.6985,4.5435,45.70K,1.29%
04/15/2025,4.626,4.653,4.6645,4.535,47.32K,0.01%
04/14/2025,4.6255,4.59,4.687,4.5205,47.03K,2.27%
04/11/2025,4.523,4.3785,4.565,4.327,64.98K,4.30%
04/10/2025,4.3365,4.4665,4.467,4.31,64.71K,3.43%
04/09/2025,4.1925,4.1075,4.4715,4.038,80.89K,1.17%
04/08/2025,4.144,4.3135,4.365,4.0925,88.56K,-1.00%
04/07/2025,4.186,4.35,4.465,4.03,142.01K,-4.91%
04/04/2025,4.402,4.814,4.8245,4.372,109.84K,-8.83%
04/03/2025,4.8285,5,5,4.808,69.87K,-4.21%
04/02/2025,5.0405,5.0295,5.145,4.985,46.22K,0.11%
04/01/2025,5.035,5.055,5.1155,5.0045,49.68K,0.02%
03/31/2025,5.034,5.13,5.146,4.985,53.78K,-1.87%
03/28/2025,5.13,5.1195,5.1675,5.062,51.75K,0.62%
03/27/2025,5.0985,5.217,5.242,5.083,1.77K,-2.30%
03/26/2025,5.2185,5.2075,5.2985,5.204,1.05K,0.65%
03/25/2025,5.185,5.056,5.2,5.056,1.07K,1.82%
03/24/2025,5.0925,5.0965,5.1845,5.075,49.58K,-0.41%
03/21/2025,5.1135,5.1105,5.1375,5.027,42.31K,0.03%
03/20/2025,5.112,5.124,5.1485,5.056,47.43K,0.24%
03/19/2025,5.1,5.0045,5.1245,4.9965,42.35K,1.66%
03/18/2025,5.0165,4.979,5.025,4.956,44.37K,1.16%
03/17/2025,4.959,4.8845,4.984,4.875,34.52K,1.29%
03/14/2025,4.896,4.928,4.9575,4.871,36.18K,-0.60%
03/13/2025,4.9255,4.841,4.9345,4.7965,47.66K,1.57%
03/12/2025,4.8495,4.7935,4.9035,4.775,54.55K,1.75%
03/11/2025,4.766,4.648,4.8045,4.626,50.26K,2.13%
03/10/2025,4.6665,4.714,4.734,4.63,35.66K,-0.92%
03/07/2025,4.71,4.7755,4.7955,4.6805,54.59K,-2.03%
03/06/2025,4.8075,4.804,4.851,4.735,54.37K,0.28%
03/05/2025,4.794,4.58,4.825,4.5465,86.76K,5.21%
03/04/2025,4.5565,4.588,4.6325,4.5185,48.37K,-1.10%
03/03/2025,4.607,4.5765,4.6535,4.5365,49.07K,1.30%
02/28/2025,4.548,4.5955,4.597,4.5115,43.88K,-1.53%
02/27/2025,4.6185,4.5835,4.6685,4.549,52.00K,1.25%
02/26/2025,4.5615,4.6535,4.7125,4.55,1.62K,1.29%
02/25/2025,4.5035,4.528,4.679,4.497,1.31K,-1.31%
02/24/2025,4.5635,4.5905,4.627,4.5495,37.12K,-1.13%
02/21/2025,4.6155,4.6655,4.669,4.588,37.13K,-1.08%
02/20/2025,4.666,4.6205,4.69,4.5985,29.29K,1.13%
02/19/2025,4.614,4.6425,4.6625,4.602,24.43K,-0.61%
02/18/2025,4.6425,4.6915,4.718,4.5945,35.14K,-0.47%
02/14/2025,4.6645,4.783,4.8365,4.6365,116.10K,-2.38%
02/13/2025,4.778,4.695,4.7905,4.6835,78.51K,1.56%
02/12/2025,4.7045,4.5975,4.7125,4.5755,77.94K,2.25%
02/11/2025,4.601,4.6935,4.7,4.541,103.14K,-2.25%
02/10/2025,4.707,4.598,4.715,4.5705,107.86K,2.57%
02/07/2025,4.589,4.458,4.608,4.457,92.76K,2.87%
02/06/2025,4.461,4.437,4.5095,4.411,64.52K,0.38%
02/05/2025,4.444,4.359,4.4565,4.343,56.00K,2.08%
02/04/2025,4.3535,4.332,4.372,4.3065,44.13K,1.11%
02/03/2025,4.3055,4.2585,4.3375,4.1835,69.19K,0.62%
01/31/2025,4.279,4.3075,4.319,4.257,48.63K,-0.66%
01/30/2025,4.3075,4.287,4.3455,4.261,39.23K,1.10%
01/29/2025,4.2605,4.2365,4.276,4.2365,1.15K,0.85%
01/28/2025,4.2245,4.247,4.249,4.222,0.70K,0.39%
01/27/2025,4.208,4.25,4.255,4.2,0.83K,-2.06%
01/24/2025,4.2965,4.305,4.36,4.292,0.49K,-0.21%
01/23/2025,4.3055,4.239,4.3065,4.236,0.46K,0.10%
01/22/2025,4.301,4.3395,4.341,4.2815,48.40K,-0.92%
01/21/2025,4.341,4.3565,4.3815,4.27,107.04K,-0.63%
01/17/2025,4.3685,4.435,4.47,4.3445,74.08K,-1.63%
01/16/2025,4.441,4.3975,4.447,4.385,63.44K,1.18%
01/15/2025,4.389,4.349,4.4045,4.3175,55.35K,1.07%
01/14/2025,4.3425,4.3265,4.366,4.3105,51.19K,0.39%
01/13/2025,4.3255,4.284,4.3435,4.2735,48.74K,0.50%
01/10/2025,4.304,4.3135,4.36,4.282,66.26K,-0.13%
01/09/2025,4.3095,4.269,4.3495,4.257,66.13K,1.20%
01/08/2025,4.2585,4.1765,4.273,4.167,71.30K,1.50%
01/07/2025,4.1955,4.152,4.213,4.1405,58.96K,0.82%
01/06/2025,4.1615,4.0765,4.2005,4.0585,92.82K,2.16%
01/03/2025,4.0735,4.035,4.0825,4.009,44.29K,1.18%
01/02/2025,4.026,4.031,4.058,4.005,50.06K,-0.01%
12/31/2024,4.0265,4.09,4.098,4.0075,42.75K,-1.62%
12/30/2024,4.093,4.126,4.1485,4.0815,34.05K,-0.18%
12/27/2024,4.1005,4.126,4.126,4.0945,0.51K,-0.18%
12/26/2024,4.108,4.079,4.119,4.074,0.24K,0.46%
12/24/2024,4.089,4.0935,4.0935,4.0805,0.11K,0.63%
12/23/2024,4.0635,4.0855,4.0985,4.06,1.00K,-0.38%
12/20/2024,4.079,4.0715,4.076,4.059,0.70K,0.58%
12/19/2024,4.0555,4.0815,4.0905,4.05,0.28K,-1.93%
12/18/2024,4.1355,4.096,4.14,4.0675,0.09K,0.25%
12/17/2024,4.125,4.1735,4.1735,4.1205,0.31K,-1.09%
12/16/2024,4.1705,4.181,4.193,4.15,0.25K,-0.16%
12/13/2024,4.177,4.207,4.212,4.169,0.29K,-1.14%
12/12/2024,4.225,4.265,4.303,4.22,0.25K,-0.47%
12/11/2024,4.245,4.2725,4.3005,4.217,0.46K,-0.20%
12/10/2024,4.2535,4.254,4.255,4.2215,0.11K,-0.11%
12/09/2024,4.258,4.184,4.2725,4.172,0.46K,1.90%
12/06/2024,4.1785,4.1775,4.2335,4.174,0.04K,0.10%
12/05/2024,4.1745,4.176,4.197,4.169,0.44K,-0.20%
12/04/2024,4.183,4.171,4.192,4.164,0.12K,-0.04%
12/03/2024,4.1845,4.1225,4.201,4.115,0.16K,1.73%
12/02/2024,4.1135,4.1105,4.1305,4.0675,0.35K,-0.22%
11/29/2024,4.1225,4.124,4.146,4.1195,0.17K,0.13%
11/27/2024,4.117,4.121,4.1375,4.1165,0.54K,1.03%
11/26/2024,4.075,4.1,4.1335,4.0715,3.24K,-1.13%
11/25/2024,4.1215,4.13,4.146,4.1145,1.00K,0.48%
11/22/2024,4.102,4.1215,4.132,4.0785,0.54K,-0.87%
11/21/2024,4.138,4.161,4.1735,4.116,0.38K,-0.62%
11/20/2024,4.164,4.1775,4.184,4.1505,0.22K,0.26%
11/19/2024,4.153,4.148,4.18,4.11,0.46K,0.47%
11/18/2024,4.1335,4.0915,4.1425,4.084,0.21K,1.41%
11/15/2024,4.076,4.1055,4.19,4.076,0.62K,-0.71%
11/14/2024,4.105,4.092,4.1115,4.0265,1.09K,0.07%
11/13/2024,4.102,4.1565,4.1735,4.0865,0.35K,-1.25%
11/12/2024,4.154,4.2555,4.2555,4.15,0.31K,-2.10%
11/11/2024,4.243,4.3355,4.3355,4.24,0.30K,-1.75%
11/08/2024,4.3185,4.4415,4.4445,4.311,0.23K,-2.74%
11/07/2024,4.44,4.254,4.4535,4.254,0.43K,4.24%
11/06/2024,4.2595,4.4645,4.4645,4.24,0.46K,-4.94%
11/05/2024,4.481,4.4475,4.4945,4.4475,0.24K,0.98%
11/04/2024,4.4375,4.4045,4.4515,4.3935,0.25K,1.27%
11/01/2024,4.382,4.382,4.4145,4.367,0.28K,0.70%
10/31/2024,4.3515,4.36,4.3875,4.347,0.24K,-0.19%
10/30/2024,4.36,4.3745,4.385,4.3425,0.23K,-0.01%
10/29/2024,4.3605,4.368,4.43,4.3305,70.50K,-0.05%
10/28/2024,4.3625,4.3695,4.3845,4.333,41.31K,-0.18%
10/25/2024,4.3705,4.364,4.389,4.325,45.44K,0.44%
10/24/2024,4.3515,4.3335,4.3995,4.3225,65.85K,0.35%
10/23/2024,4.3365,4.3875,4.396,4.31,50.10K,-1.00%
10/22/2024,4.3805,4.359,4.407,4.343,41.33K,0.48%
10/21/2024,4.3595,4.3895,4.457,4.3475,57.28K,-0.57%
10/18/2024,4.3845,4.3335,4.413,4.326,46.73K,1.38%
10/17/2024,4.325,4.3705,4.4135,4.2915,58.52K,-0.97%
10/16/2024,4.3675,4.3415,4.395,4.3295,44.70K,0.69%
10/15/2024,4.3375,4.4035,4.4115,4.3295,58.64K,-1.55%
10/14/2024,4.406,4.452,4.471,4.385,68.15K,-1.95%
10/11/2024,4.4935,4.4475,4.499,4.418,53.34K,1.49%
10/10/2024,4.4275,4.414,4.454,4.381,61.82K,0.64%
10/09/2024,4.3995,4.474,4.5045,4.3735,63.95K,-1.28%
10/08/2024,4.4565,4.5595,4.581,4.4235,89.11K,-2.41%
10/07/2024,4.5665,4.573,4.609,4.515,56.02K,-0.16%
10/04/2024,4.574,4.5495,4.6065,4.536,57.82K,0.46%
10/03/2024,4.553,4.6645,4.6665,4.519,62.12K,-2.06%
10/02/2024,4.649,4.5735,4.667,4.5565,49.13K,1.31%
10/01/2024,4.589,4.5525,4.625,4.5325,61.24K,0.79%
09/30/2024,4.553,4.649,4.79,4.497,104.13K,-1.01%
09/27/2024,4.5995,4.6475,4.659,4.5765,78.15K,-0.23%
09/26/2024,4.61,4.4595,4.621,4.449,1.49K,3.35%
09/25/2024,4.4605,4.4995,4.521,4.427,1.36K,-0.03%
09/24/2024,4.462,4.3175,4.502,4.3175,1.80K,3.30%
09/23/2024,4.3195,4.297,4.3345,4.2575,1.61K,0.08%
09/20/2024,4.316,4.331,4.3575,4.301,0.51K,-0.12%
09/19/2024,4.321,4.228,4.3485,4.22,0.69K,1.12%
09/18/2024,4.273,4.225,4.3055,4.223,1.22K,0.55%
09/17/2024,4.2495,4.2485,4.2805,4.233,0.44K,-0.02%
09/16/2024,4.2505,4.198,4.293,4.184,0.53K,0.89%
09/13/2024,4.213,4.1975,4.219,4.173,0.14K,0.98%
09/12/2024,4.172,4.145,4.206,4.145,0.79K,1.26%
09/11/2024,4.12,4.099,4.148,4.0915,0.24K,1.07%
09/10/2024,4.0765,4.107,4.134,4.065,0.49K,-1.13%
09/09/2024,4.123,4.0515,4.1325,4.049,0.21K,1.74%
09/06/2024,4.0525,4.1105,4.139,4.047,0.16K,-1.53%
09/05/2024,4.1155,4.0635,4.143,4.0275,0.34K,1.42%
09/04/2024,4.058,4.063,4.0945,4.0275,0.46K,-0.33%
09/03/2024,4.0715,4.1735,4.1735,4.0375,0.43K,-2.68%
09/02/2024,4.1837,4.219,4.2218,4.1632,,-0.83%
09/01/2024,4.2188,4.2185,4.2272,4.2127,,0.71%
08/30/2024,4.189,4.187,4.25,4.187,0.17K,-0.23%
08/29/2024,4.1985,4.2,4.2225,4.172,0.52K,0.62%
08/28/2024,4.1725,4.2475,4.2505,4.1615,1.55K,-2.00%
08/27/2024,4.2575,4.22,4.268,4.22,1.44K,0.53%
08/26/2024,4.235,4.212,4.252,4.212,2.14K,0.57%
08/23/2024,4.211,4.148,4.22,4.1475,0.47K,1.36%
08/22/2024,4.1545,4.2165,4.2205,4.14,0.40K,-1.01%
08/21/2024,4.197,4.163,4.2095,4.163,0.32K,0.70%
08/20/2024,4.168,4.198,4.2105,4.155,0.52K,-0.49%
08/19/2024,4.1885,4.166,4.201,4.1615,0.45K,0.95%
08/16/2024,4.149,4.135,4.163,4.0995,0.80K,-0.10%
08/15/2024,4.153,4.052,4.1605,4.052,1.07K,2.64%
08/14/2024,4.046,4.053,4.0885,4.038,0.59K,-0.25%
08/13/2024,4.056,4.0795,4.0795,4.024,0.21K,-0.47%
08/12/2024,4.075,4.0055,4.085,4.004,0.10K,1.82%
08/09/2024,4.002,4.0215,4.039,3.993,0.34K,0.81%
08/08/2024,3.97,3.95,3.993,3.95,0.69K,0.16%
08/07/2024,3.9635,4.005,4.023,3.955,0.37K,-1.80%
08/06/2024,4.036,4.0415,4.046,3.978,0.37K,0.64%
08/05/2024,4.0105,4.1315,4.1355,3.957,0.13K,-2.54%
08/02/2024,4.115,4.081,4.143,4.0725,0.18K,0.49%
08/01/2024,4.095,4.2035,4.2035,4.078,0.53K,-2.21%
07/31/2024,4.1875,4.149,4.221,4.149,0.15K,2.18%
07/30/2024,4.098,4.107,4.112,4.06,0.16K,0.33%
07/29/2024,4.0845,4.1115,4.15,4.061,51.25K,-0.96%
07/26/2024,4.124,4.1165,4.156,4.1,52.56K,-0.04%
07/25/2024,4.1255,4.082,4.156,4.036,76.85K,0.40%
07/24/2024,4.109,4.166,4.178,4.076,84.44K,-1.24%
07/23/2024,4.1605,4.1945,4.214,4.1355,56.02K,-0.88%
07/22/2024,4.1975,4.236,4.2615,4.162,72.58K,-0.92%
07/19/2024,4.2365,4.262,4.291,4.228,60.98K,-1.00%
07/18/2024,4.2795,4.415,4.428,4.2525,91.54K,-2.93%
07/17/2024,4.4085,4.457,4.4835,4.401,60.75K,-0.92%
07/16/2024,4.4495,4.512,4.525,4.4285,60.39K,-1.70%
07/15/2024,4.5265,4.5815,4.6025,4.5015,56.40K,-1.45%
07/12/2024,4.593,4.5275,4.6015,4.476,62.44K,1.92%
07/11/2024,4.5065,4.594,4.6255,4.5025,77.71K,-2.21%
07/10/2024,4.6085,4.583,4.657,4.5475,61.07K,0.68%
07/09/2024,4.5775,4.6065,4.6515,4.551,59.97K,-0.88%
07/08/2024,4.618,4.671,4.671,4.5885,72.15K,-0.73%
07/05/2024,4.652,4.526,4.6995,4.513,125.28K,2.00%
07/04/2024,4.561,4.532,4.5853,4.5137,,0.61%
07/03/2024,4.5335,4.4275,4.5625,4.4135,63.12K,2.59%
07/02/2024,4.419,4.4165,4.472,4.391,51.69K,0.02%
07/01/2024,4.418,4.376,4.438,4.3525,47.46K,0.60%
06/28/2024,4.3915,4.3355,4.428,4.3315,51.67K,0.99%
06/27/2024,4.3485,4.3735,4.3935,4.329,50.88K,-0.34%
06/26/2024,4.3635,4.367,4.3945,4.3355,1.22K,-0.05%
06/25/2024,4.3655,4.4155,4.4505,4.353,0.33K,-1.34%
06/24/2024,4.425,4.407,4.4465,4.397,0.64K,-0.03%
06/21/2024,4.4265,4.5255,4.529,4.419,0.50K,-2.09%
06/20/2024,4.521,4.461,4.5305,4.4435,1.05K,0.42%
06/19/2024,4.5023,4.4908,4.5693,4.475,,1.24%
06/18/2024,4.447,4.4445,4.458,4.364,0.69K,0.44%
06/17/2024,4.4275,4.478,4.478,4.3885,0.36K,-0.96%
06/14/2024,4.4705,4.4855,4.496,4.446,0.26K,-0.03%
06/13/2024,4.472,4.5155,4.545,4.453,0.36K,-1.82%
06/12/2024,4.555,4.5025,4.595,4.494,0.25K,1.37%
06/11/2024,4.4935,4.54,4.551,4.4345,0.69K,-1.01%
06/10/2024,4.5395,4.447,4.5475,4.447,1.47K,1.40%
06/07/2024,4.477,4.6595,4.66,4.452,0.30K,-4.07%
06/06/2024,4.667,4.604,4.6725,4.604,0.27K,1.76%
06/05/2024,4.5865,4.5545,4.6035,4.52,0.56K,1.08%
06/04/2024,4.5375,4.665,4.6665,4.5265,0.24K,-2.74%
06/03/2024,4.6655,4.626,4.684,4.6015,0.31K,1.35%
05/31/2024,4.6035,4.6305,4.6685,4.5795,0.20K,-1.20%
05/30/2024,4.6595,4.75,4.75,4.635,0.32K,-2.74%
05/29/2024,4.791,4.875,4.8935,4.75,71.90K,-1.32%
05/28/2024,4.855,4.76,4.903,4.751,101.46K,0.66%
05/27/2024,4.8232,4.7675,4.848,4.7512,,1.17%
05/26/2024,4.7672,4.7585,4.7828,4.7585,,0.29%
05/24/2024,4.7535,4.776,4.823,4.7465,59.53K,-0.81%
05/23/2024,4.7925,4.8025,4.8625,4.7435,91.87K,-1.15%
05/22/2024,4.8485,5.104,5.133,4.7915,136.67K,-5.04%
05/21/2024,5.106,5.1075,5.1795,5.0125,101.49K,0.53%
05/20/2024,5.079,5.08,5.199,5.004,114.89K,0.57%
05/17/2024,5.05,4.8825,5.0895,4.8485,107.94K,3.55%
05/16/2024,4.877,4.9225,5.02,4.8415,106.74K,-0.96%
05/15/2024,4.9245,4.9,5.128,4.814,177.91K,0.60%
05/14/2024,4.895,4.77,5.026,4.7665,253.20K,2.71%
05/13/2024,4.766,4.653,4.776,4.616,98.63K,2.22%
05/10/2024,4.6625,4.6015,4.7455,4.597,153.56K,1.69%
05/09/2024,4.585,4.5415,4.6035,4.5185,92.94K,0.94%
05/08/2024,4.5425,4.5915,4.598,4.505,79.25K,-1.37%
05/07/2024,4.6055,4.6095,4.645,4.567,87.98K,-0.21%
05/06/2024,4.615,4.5755,4.6385,4.5355,72.96K,1.27%
05/03/2024,4.557,4.502,4.569,4.483,75.36K,1.62%
05/02/2024,4.4845,4.569,4.582,4.466,90.81K,-1.35%
05/01/2024,4.546,4.541,4.5975,4.5125,80.01K,-0.41%
04/30/2024,4.5645,4.679,4.6945,4.54,108.24K,-2.39%
04/29/2024,4.6765,4.5815,4.681,4.566,102.19K,2.35%
04/26/2024,4.569,4.555,4.6095,4.5395,1.99K,0.83%
04/25/2024,4.5315,4.476,4.572,4.464,2.44K,1.23%
04/24/2024,4.4765,4.4395,4.5075,4.4355,1.39K,0.61%
04/23/2024,4.4495,4.4975,4.5005,4.407,1.50K,-0.98%
04/22/2024,4.4935,4.5125,4.563,4.4785,1.86K,-0.45%
04/19/2024,4.514,4.441,4.5255,4.4175,1.29K,1.36%
04/18/2024,4.4535,4.3515,4.4645,4.339,1.85K,2.33%
04/17/2024,4.352,4.316,4.3915,4.3015,1.47K,0.73%
04/16/2024,4.3205,4.3885,4.3885,4.2935,1.95K,-1.64%
04/15/2024,4.3925,4.3625,4.401,4.293,1.66K,2.72%
04/12/2024,4.276,4.275,4.373,4.2655,1.13K,0.22%
04/11/2024,4.2665,4.2765,4.305,4.2445,0.74K,-0.52%
04/10/2024,4.289,4.3095,4.3355,4.25,1.32K,-0.14%
04/09/2024,4.295,4.305,4.3385,4.2675,1.45K,0.16%
04/08/2024,4.288,4.2315,4.3145,4.188,1.15K,0.82%
04/05/2024,4.253,4.237,4.2575,4.199,0.57K,-0.30%
04/04/2024,4.266,4.2285,4.2665,4.2245,0.97K,1.31%
04/03/2024,4.211,4.095,4.232,4.0905,0.92K,2.98%
04/02/2024,4.089,4.069,4.1095,4.0675,0.57K,0.55%
04/01/2024,4.0665,4.073,4.09,4.046,0.48K,1.37%
03/29/2024,4.0115,4.0115,4.0115,4.0115,,-0.34%
03/28/2024,4.025,4.025,4.055,4.009,0.45K,0.19%
03/27/2024,4.0175,4.01,4.0315,3.9865,0.25K,0.22%
03/26/2024,4.0085,4.0115,4.028,3.981,75.59K,-0.19%
03/25/2024,4.016,3.999,4.047,3.9905,81.45K,0.21%
03/22/2024,4.0075,4.0655,4.0665,3.9965,94.83K,-1.26%
03/21/2024,4.0585,4.09,4.128,4.041,105.55K,0.17%
03/20/2024,4.0515,4.068,4.0955,4.027,97.06K,-0.56%
03/19/2024,4.0745,4.1355,4.1365,4.0575,106.63K,-1.34%
03/18/2024,4.13,4.121,4.164,4.102,104.89K,0.13%
03/15/2024,4.1245,4.0515,4.137,4.045,128.32K,1.95%
03/14/2024,4.0455,4.06,4.081,4.0175,112.48K,-0.36%
03/13/2024,4.06,3.9375,4.069,3.919,161.60K,3.26%
03/12/2024,3.932,3.9315,3.952,3.902,81.02K,0.09%
03/11/2024,3.9285,3.8935,3.932,3.8785,59.15K,0.95%
03/08/2024,3.8915,3.9255,3.9465,3.8815,84.13K,-0.88%
03/07/2024,3.926,3.8725,3.942,3.8695,87.75K,1.32%
03/06/2024,3.875,3.8435,3.897,3.837,69.94K,0.73%
03/05/2024,3.847,3.8575,3.8735,3.838,58.91K,-0.26%
03/04/2024,3.857,3.8575,3.888,3.8435,60.88K,-0.12%
03/01/2024,3.8615,3.847,3.873,3.818,63.31K,0.38%
02/29/2024,3.847,3.839,3.8685,3.834,63.45K,0.17%
02/28/2024,3.8405,3.854,3.8545,3.8215,58.45K,-0.01%
02/27/2024,3.841,3.827,3.853,3.827,1.10K,0.41%
02/26/2024,3.8255,3.8745,3.878,3.826,0.55K,-1.68%
02/23/2024,3.891,3.9055,3.9085,3.8565,0.51K,-0.40%
02/22/2024,3.9065,3.89,3.9075,3.876,0.64K,0.67%
02/21/2024,3.8805,3.864,3.909,3.864,0.32K,0.27%
02/20/2024,3.87,3.8155,3.8665,3.8075,0.32K,1.55%
02/19/2024,3.811,3.8167,3.8293,3.8033,,-0.15%
02/18/2024,3.8167,3.822,3.8222,3.8098,,-0.70%
02/16/2024,3.8435,3.778,3.846,3.775,0.34K,2.13%
02/15/2024,3.7635,3.716,3.766,3.716,0.30K,1.51%
02/14/2024,3.7075,3.703,3.7265,3.7015,0.23K,-0.28%
02/13/2024,3.718,3.733,3.7635,3.712,0.48K,-0.42%
02/12/2024,3.7335,3.684,3.735,3.68,0.26K,1.11%
02/09/2024,3.6925,3.7195,3.723,3.6755,0.34K,-0.59%
02/08/2024,3.7145,3.7655,3.7725,3.6945,0.51K,-0.96%
02/07/2024,3.7505,3.796,3.805,3.7485,0.34K,-1.21%
02/06/2024,3.7965,3.7905,3.8075,3.784,0.17K,0.22%
02/05/2024,3.788,3.833,3.8455,3.784,0.42K,-1.25%
02/02/2024,3.836,3.8665,3.8685,3.8335,0.21K,-0.79%
02/01/2024,3.8665,3.8975,3.8975,3.8635,0.24K,-1.29%
01/31/2024,3.917,3.921,3.9535,3.897,0.53K,-0.11%
01/30/2024,3.9215,3.8985,3.9265,3.8765,0.22K,1.10%
01/29/2024,3.879,3.853,3.89,3.8275,73.98K,0.70%
01/26/2024,3.852,3.868,3.8865,3.845,78.62K,-0.44%
01/25/2024,3.869,3.8735,3.8935,3.8585,93.20K,-0.44%
01/24/2024,3.886,3.806,3.888,3.795,141.25K,2.44%
01/23/2024,3.7935,3.7485,3.8085,3.7475,92.92K,0.80%
01/22/2024,3.7635,3.7895,3.7915,3.744,71.48K,-0.61%
01/19/2024,3.7865,3.7565,3.792,3.743,74.80K,1.11%
01/18/2024,3.745,3.744,3.759,3.7145,79.63K,0.32%
01/17/2024,3.733,3.77,3.7705,3.7225,86.89K,-0.89%
01/16/2024,3.7665,3.745,3.79,3.744,130.16K,-0.31%
01/15/2024,3.7782,3.7508,3.7888,3.7468,,0.74%
01/14/2024,3.7503,3.7452,3.7513,3.7452,,0.26%
01/12/2024,3.7405,3.791,3.819,3.735,90.09K,-0.95%
01/11/2024,3.7765,3.787,3.824,3.7685,82.45K,-0.12%
01/10/2024,3.781,3.763,3.793,3.754,91.94K,0.60%
01/09/2024,3.7585,3.8235,3.8405,3.757,101.67K,-1.35%
01/08/2024,3.81,3.8075,3.833,3.7895,83.58K,0.11%
01/05/2024,3.806,3.8495,3.866,3.801,95.23K,-0.99%
01/04/2024,3.844,3.8745,3.8845,3.8175,71.01K,-0.45%
01/03/2024,3.8615,3.8715,3.879,3.831,80.17K,-0.49%
01/02/2024,3.8805,3.8955,3.912,3.861,76.72K,-0.47%
01/01/2024,3.8988,3.8915,3.8998,3.8915,,0.21%
12/29/2023,3.8905,3.9165,3.9355,3.878,54.67K,-0.87%
12/28/2023,3.9245,3.956,3.967,3.913,65.79K,-0.72%
12/27/2023,3.953,3.9065,3.96,3.9045,1.04K,1.52%
12/26/2023,3.894,3.9,3.935,3.8935,0.24K,-0.36%
12/25/2023,3.9082,3.901,3.9097,3.901,,0.27%
12/22/2023,3.8975,3.9165,3.921,3.891,0.16K,-0.33%
12/21/2023,3.9105,3.89,3.92,3.883,0.41K,0.21%
12/20/2023,3.9025,3.923,3.923,3.8795,0.14K,0.21%
12/19/2023,3.8945,3.891,3.9235,3.891,0.04K,1.18%
12/18/2023,3.849,3.866,3.873,3.8425,0.03K,-0.99%
12/15/2023,3.8875,3.9025,3.9025,3.8545,0.12K,-0.06%
12/14/2023,3.89,3.8325,3.907,3.8325,0.30K,2.77%
12/13/2023,3.785,3.7785,3.8355,3.764,0.14K,-0.04%
12/12/2023,3.7865,3.801,3.8115,3.791,0.14K,0.22%
12/11/2023,3.778,3.805,3.8085,3.7715,0.31K,-1.20%
12/08/2023,3.824,3.795,3.85,3.795,0.20K,0.90%
12/07/2023,3.79,3.725,3.7925,3.725,0.12K,1.72%
12/06/2023,3.726,3.7755,3.8175,3.7265,0.22K,-1.32%
12/05/2023,3.776,3.8205,3.8205,3.768,0.31K,-1.31%
12/04/2023,3.826,3.8765,3.877,3.817,0.40K,-2.41%
12/01/2023,3.9205,3.8475,3.9195,3.839,1.00K,2.04%
11/30/2023,3.842,3.8315,3.8455,3.8045,0.47K,0.68%
11/29/2023,3.816,3.839,3.8495,3.8195,0.41K,-0.07%
11/28/2023,3.8185,3.7735,3.8335,3.765,2.17K,1.17%
11/27/2023,3.7745,3.807,3.81,3.77,0.76K,-0.81%
11/24/2023,3.8055,3.7875,3.815,3.7725,0.74K,0.83%
11/23/2023,3.7743,3.7647,3.7975,3.76,,-0.19%
11/22/2023,3.7815,3.816,3.816,3.757,0.79K,-1.19%
11/21/2023,3.827,3.8205,3.8405,3.807,0.43K,0.12%
11/20/2023,3.8225,3.744,3.822,3.744,0.47K,1.85%
11/17/2023,3.753,3.714,3.7535,3.6985,0.25K,0.90%
11/16/2023,3.7195,3.7305,3.757,3.7055,0.27K,-0.44%
11/15/2023,3.736,3.69,3.7395,3.69,0.22K,0.90%
11/14/2023,3.7025,3.688,3.727,3.6755,0.20K,0.52%
11/13/2023,3.6835,3.619,3.681,3.603,0.35K,2.09%
11/10/2023,3.608,3.658,3.66,3.6075,0.25K,-1.49%
11/09/2023,3.6625,3.6725,3.681,3.6465,0.28K,0.11%
11/08/2023,3.6585,3.6965,3.7185,3.6545,0.40K,-1.07%
11/07/2023,3.698,3.7225,3.7225,3.665,0.42K,-0.98%
11/06/2023,3.7345,3.705,3.735,3.7005,0.18K,1.01%
11/03/2023,3.697,3.71,3.717,3.6705,0.15K,0.26%
11/02/2023,3.6875,3.69,3.7055,3.6775,0.31K,0.60%
11/01/2023,3.6655,3.678,3.7015,3.665,0.30K,0.05%
10/31/2023,3.6635,3.665,3.678,3.647,0.09K,-0.27%
10/30/2023,3.6735,3.659,3.717,3.659,0.13K,0.75%
10/27/2023,3.646,3.5935,3.6595,3.581,102.14K,1.72%
10/26/2023,3.5845,3.589,3.6195,3.572,73.83K,-0.18%
10/25/2023,3.591,3.6315,3.649,3.582,70.33K,-0.91%
10/24/2023,3.624,3.5815,3.6395,3.5625,89.81K,1.05%
10/23/2023,3.5865,3.559,3.5945,3.5195,83.73K,0.66%
10/20/2023,3.563,3.585,3.59,3.5465,73.26K,-1.06%
10/19/2023,3.601,3.584,3.612,3.5665,66.12K,0.39%
10/18/2023,3.587,3.59,3.6305,3.575,69.58K,0.24%
10/17/2023,3.5785,3.5815,3.593,3.5315,86.04K,-0.10%
10/16/2023,3.582,3.5705,3.6055,3.5635,57.58K,0.31%
10/13/2023,3.571,3.587,3.6165,3.557,64.95K,-0.56%
10/12/2023,3.591,3.6115,3.6485,3.5695,69.71K,-0.58%
10/11/2023,3.612,3.631,3.664,3.5985,52.51K,-0.61%
10/10/2023,3.634,3.656,3.6745,3.591,57.84K,-0.33%
10/09/2023,3.646,3.6275,3.673,3.6135,64.06K,0.51%
10/06/2023,3.6275,3.566,3.645,3.5515,89.05K,2.13%
10/05/2023,3.552,3.583,3.603,3.549,58.69K,-1.03%
10/04/2023,3.589,3.6185,3.622,3.549,76.86K,-0.88%
10/03/2023,3.621,3.648,3.648,3.5815,69.45K,-0.56%
10/02/2023,3.6415,3.754,3.7615,3.6275,74.92K,-2.57%
09/29/2023,3.7375,3.7125,3.786,3.7115,82.33K,0.80%
09/28/2023,3.708,3.6465,3.715,3.6255,73.77K,2.16%
09/27/2023,3.6295,3.632,3.642,3.623,0.98K,-0.17%
09/26/2023,3.6355,3.6675,3.6675,3.62,0.54K,-0.66%
09/25/2023,3.6595,3.6905,3.6905,3.6445,0.42K,-0.61%
09/22/2023,3.682,3.6995,3.727,3.677,0.18K,-0.04%
09/21/2023,3.6835,3.723,3.733,3.629,0.49K,-2.09%
09/20/2023,3.762,3.739,3.7735,3.726,0.08K,0.75%
09/19/2023,3.734,3.765,3.7655,3.7205,0.20K,-0.81%
09/18/2023,3.7645,3.7925,3.806,3.756,0.19K,-0.61%
09/15/2023,3.7875,3.825,3.8355,3.777,0.12K,-0.53%
09/14/2023,3.8075,3.8005,3.8225,3.778,0.10K,0.73%
09/13/2023,3.78,3.774,3.803,3.7675,0.06K,0.04%
09/12/2023,3.7785,3.787,3.787,3.763,0.11K,-0.47%
09/11/2023,3.7965,3.718,3.8,3.718,0.14K,2.43%
09/08/2023,3.7065,3.7545,3.7545,3.7075,0.05K,-1.21%
09/07/2023,3.752,3.773,3.7785,3.73,0.33K,-0.62%
09/06/2023,3.7755,3.8315,3.8315,3.773,0.14K,-1.63%
09/05/2023,3.838,3.849,3.8495,3.785,0.09K,0.16%
09/04/2023,3.832,3.854,3.8725,3.8163,,-0.60%
09/03/2023,3.855,3.8505,3.8567,3.8475,,0.36%
09/01/2023,3.841,3.82,3.8945,3.82,0.13K,0.84%
08/31/2023,3.809,3.811,3.8195,3.7935,0.13K,-0.57%
08/30/2023,3.831,3.805,3.833,3.805,0.61K,0.34%
08/29/2023,3.818,3.7845,3.822,3.772,1.72K,1.09%
08/28/2023,3.777,3.808,3.81,3.7725,1.14K,0.08%
08/25/2023,3.774,3.78,3.816,3.7565,1.06K,-0.21%
08/24/2023,3.782,3.8165,3.8165,3.777,0.61K,-1.10%
08/23/2023,3.824,3.7985,3.8295,3.7875,0.77K,1.28%
08/22/2023,3.7755,3.775,3.7955,3.7625,0.60K,0.99%
08/21/2023,3.7385,3.7445,3.7445,3.7235,0.58K,0.34%
08/18/2023,3.726,3.705,3.7235,3.6935,0.28K,0.40%
08/17/2023,3.711,3.655,3.73,3.651,0.15K,0.94%
08/16/2023,3.6765,3.6925,3.7,3.664,0.22K,-0.24%
08/15/2023,3.6855,3.744,3.7575,3.6745,0.33K,-1.44%
08/14/2023,3.7395,3.72,3.749,3.715,0.19K,0.05%
08/11/2023,3.7375,3.7595,3.7595,3.729,0.45K,-1.14%
08/10/2023,3.7805,3.7985,3.8405,3.77,0.15K,-0.46%
08/09/2023,3.798,3.788,3.819,3.788,0.17K,0.42%
08/08/2023,3.782,3.85,3.85,3.746,0.40K,-1.72%
08/07/2023,3.848,3.862,3.862,3.8475,0.10K,-0.79%
08/04/2023,3.8785,3.9345,3.9345,3.8535,0.23K,-0.81%
08/03/2023,3.91,3.8545,3.913,3.834,0.14K,1.47%
08/02/2023,3.8535,3.9155,3.916,3.8495,0.43K,-1.61%
08/01/2023,3.9165,4.0195,4.0225,3.9165,0.39K,-2.43%
07/31/2023,4.014,3.955,4.02,3.955,0.15K,1.99%
07/28/2023,3.9355,3.8705,3.939,3.87,0.13K,1.55%
07/27/2023,3.8755,3.905,3.9435,3.838,76.40K,-0.68%
07/26/2023,3.902,3.9265,3.9265,3.8765,65.16K,-0.34%
07/25/2023,3.9155,3.8485,3.9415,3.8445,85.94K,1.56%
07/24/2023,3.8555,3.8185,3.8605,3.782,77.21K,0.98%
07/21/2023,3.818,3.828,3.874,3.809,59.75K,-0.43%
07/20/2023,3.8345,3.8155,3.8885,3.811,69.44K,0.54%
07/19/2023,3.814,3.833,3.8385,3.781,55.19K,-0.40%
07/18/2023,3.8295,3.843,3.8545,3.803,61.15K,-0.38%
07/17/2023,3.844,3.927,3.927,3.8115,79.08K,-2.26%
07/14/2023,3.933,3.953,3.954,3.9035,78.20K,-0.18%
07/13/2023,3.94,3.854,3.953,3.842,103.64K,2.26%
07/12/2023,3.853,3.7725,3.8605,3.7665,77.86K,2.31%
07/11/2023,3.766,3.789,3.8225,3.752,64.23K,-0.49%
07/10/2023,3.7845,3.782,3.799,3.7425,46.99K,0.07%
07/07/2023,3.782,3.7425,3.7875,3.7255,52.20K,1.27%
07/06/2023,3.7345,3.7615,3.776,3.7225,60.47K,-0.90%
07/05/2023,3.7685,3.7935,3.8095,3.7325,70.90K,-0.42%
07/04/2023,3.7843,3.7915,3.8093,3.775,,-0.26%
07/03/2023,3.794,3.7655,3.8075,3.7595,48.35K,0.92%
06/30/2023,3.7595,3.6995,3.7705,3.6945,58.63K,1.64%
06/29/2023,3.699,3.729,3.752,3.683,75.09K,-0.99%
06/28/2023,3.736,3.787,3.7905,3.7125,0.95K,-1.15%
06/27/2023,3.7795,3.8,3.823,3.769,0.71K,-0.38%
06/26/2023,3.794,3.8165,3.8365,3.7765,1.11K,-0.39%
06/23/2023,3.809,3.8905,3.8905,3.793,0.39K,-2.23%
06/22/2023,3.896,3.903,3.9585,3.887,0.33K,-0.36%
06/21/2023,3.91,3.8875,3.92,3.85,0.82K,0.54%
06/20/2023,3.889,3.882,3.9015,3.846,0.37K,0.64%
06/19/2023,3.8643,3.8723,3.8878,3.8518,,-0.25%
06/18/2023,3.8738,3.8883,3.895,3.8725,,-0.51%
06/16/2023,3.8935,3.8945,3.9185,3.884,0.17K,-0.17%
06/15/2023,3.9,3.8205,3.9,3.8165,0.19K,0.71%
06/14/2023,3.8725,3.8105,3.8705,3.8085,0.13K,0.96%
06/13/2023,3.8355,3.79,3.854,3.79,0.20K,2.02%
06/12/2023,3.7595,3.764,3.779,3.745,0.16K,-0.92%
06/09/2023,3.7945,3.8005,3.8185,3.779,0.08K,-0.13%
06/08/2023,3.7995,3.759,3.8,3.75,0.12K,1.04%
06/07/2023,3.7605,3.7715,3.81,3.7565,0.17K,-0.37%
06/06/2023,3.7745,3.767,3.767,3.7445,0.12K,0.01%
06/05/2023,3.774,3.7245,3.7715,3.719,0.12K,1.06%
06/02/2023,3.7345,3.718,3.789,3.718,0.10K,0.43%
06/01/2023,3.7185,3.695,3.715,3.695,0.07K,2.00%
05/31/2023,3.6455,3.6395,3.66,3.6395,0.29K,-0.65%
05/30/2023,3.6695,3.67,3.7015,3.6525,0.27K,-0.06%
05/29/2023,3.6717,3.6742,3.7105,3.6582,,-0.09%
05/28/2023,3.675,3.6715,3.6875,3.6715,,-0.19%
05/26/2023,3.682,3.5925,3.6845,3.583,70.14K,2.62%
05/25/2023,3.588,3.5655,3.618,3.546,83.71K,0.74%
05/24/2023,3.5615,3.6405,3.6475,3.545,102.90K,-2.54%
05/23/2023,3.6545,3.6805,3.705,3.622,69.19K,-0.83%
05/22/2023,3.685,3.7275,3.7375,3.6675,55.95K,-1.26%
05/19/2023,3.732,3.6975,3.7675,3.6765,59.32K,1.15%
05/18/2023,3.6895,3.746,3.7645,3.6805,60.35K,-1.73%
05/17/2023,3.7545,3.662,3.774,3.6525,82.45K,2.39%
05/16/2023,3.667,3.743,3.7545,3.657,74.94K,-2.24%
05/15/2023,3.751,3.7235,3.779,3.7005,59.89K,0.60%
05/12/2023,3.7285,3.701,3.7515,3.677,80.77K,0.50%
05/11/2023,3.71,3.852,3.8555,3.684,131.14K,-3.41%
05/10/2023,3.841,3.9035,3.9185,3.8285,76.40K,-1.55%
05/09/2023,3.9015,3.924,3.924,3.881,46.22K,-0.71%
05/08/2023,3.9295,3.8925,3.9595,3.8765,40.07K,1.20%
05/05/2023,3.883,3.861,3.906,3.825,59.64K,0.52%
05/04/2023,3.863,3.855,3.9075,3.826,68.25K,0.47%
05/03/2023,3.845,3.8685,3.872,3.83,51.30K,-0.45%
05/02/2023,3.8625,3.9355,3.953,3.857,57.60K,-1.82%
05/01/2023,3.934,3.895,4.005,3.8705,59.06K,1.12%
04/28/2023,3.8905,3.891,3.9185,3.857,58.93K,0.17%
04/27/2023,3.884,3.857,3.9,3.8165,81.38K,0.61%
04/26/2023,3.8605,3.861,3.9005,3.8485,1.48K,0.05%
04/25/2023,3.8585,3.968,3.976,3.845,1.83K,-2.59%
04/24/2023,3.961,3.992,3.998,3.959,0.95K,-0.55%
04/21/2023,3.983,4.022,4.0255,3.98,0.75K,-1.15%
04/20/2023,4.0295,4.08,4.0805,4.0135,0.47K,-1.21%
04/19/2023,4.079,4.0905,4.0905,4.037,0.28K,-0.37%
04/18/2023,4.094,4.074,4.1035,4.066,0.90K,0.65%
04/17/2023,4.0675,4.0985,4.1265,4.0635,0.78K,-0.88%
04/14/2023,4.1035,4.123,4.181,4.091,0.68K,-0.38%
04/13/2023,4.119,4.0705,4.134,4.055,0.78K,0.94%
04/12/2023,4.0805,4.035,4.085,3.9935,0.43K,1.44%
04/11/2023,4.0225,3.996,4.056,3.996,0.41K,1.08%
04/10/2023,3.9795,4.0205,4.0385,3.968,0.13K,-0.95%
04/06/2023,4.0175,3.992,4.032,3.978,0.20K,0.71%
04/05/2023,3.989,3.982,3.99,3.9495,0.15K,0.35%
04/04/2023,3.975,4.048,4.067,3.9545,0.25K,-1.84%
04/03/2023,4.0495,4.083,4.0955,4.043,0.15K,-1.20%
03/31/2023,4.0985,4.107,4.118,4.027,0.19K,0.07%
03/30/2023,4.0955,4.076,4.1205,4.064,0.28K,0.22%
03/29/2023,4.0865,4.0765,4.1335,4.0495,74.24K,0.02%
03/28/2023,4.0855,4.097,4.113,4.059,77.25K,0.17%
03/27/2023,4.0785,4.075,4.102,4.0235,67.62K,0.09%
03/24/2023,4.075,4.1015,4.1485,4.0505,85.51K,-1.18%
03/23/2023,4.1235,4.043,4.1265,4.0225,79.53K,1.95%
03/22/2023,4.0445,4.0015,4.1075,3.9715,78.06K,1.26%
03/21/2023,3.994,3.9555,4.0345,3.9285,69.31K,1.08%
03/20/2023,3.9515,3.9085,3.97,3.855,73.79K,1.52%
03/17/2023,3.8925,3.8765,3.9525,3.87,72.13K,0.72%
03/16/2023,3.8645,3.8835,3.903,3.822,85.38K,0.56%
03/15/2023,3.843,4.005,4.0275,3.84,131.41K,-4.00%
03/14/2023,4.003,4.042,4.0525,3.982,71.16K,-1.25%
03/13/2023,4.0535,4.0075,4.0775,3.9215,133.48K,0.57%
03/10/2023,4.0305,4.007,4.0635,3.967,84.98K,-0.21%
03/09/2023,4.039,4.027,4.055,3.9955,54.53K,0.30%
03/08/2023,4.027,3.9675,4.0725,3.961,79.04K,1.31%
03/07/2023,3.975,4.075,4.095,3.963,77.40K,-2.78%
03/06/2023,4.0885,4.065,4.093,4.0085,63.75K,0.53%
03/03/2023,4.067,4.0745,4.1175,4.0605,50.21K,-0.22%
03/02/2023,4.076,4.1685,4.174,4.047,80.03K,-2.02%
03/01/2023,4.16,4.0745,4.1745,4.065,87.33K,1.72%
02/28/2023,4.0895,4.01,4.0945,3.9915,71.44K,1.96%
02/27/2023,4.011,3.96,4.024,3.937,83.88K,1.43%
02/24/2023,3.9545,4.055,4.078,3.955,1.35K,-2.49%
02/23/2023,4.0555,4.173,4.1795,4.038,0.80K,-3.12%
02/22/2023,4.186,4.192,4.198,4.142,0.64K,-0.72%
02/21/2023,4.2165,4.1135,4.2165,4.1115,1.48K,0.86%
02/20/2023,4.1807,4.1195,4.198,4.102,,1.49%
02/19/2023,4.1195,4.1288,4.1305,4.1178,,0.33%
02/17/2023,4.106,4.1155,4.1275,4.056,0.24K,-0.46%
02/16/2023,4.125,4.0495,4.1325,4.0495,1.00K,2.70%
02/15/2023,4.0165,4.066,4.0675,3.991,0.36K,-1.64%
02/14/2023,4.0835,4.0755,4.114,4.056,0.47K,0.44%
02/13/2023,4.0655,4.02,4.073,4.02,0.11K,1.02%
02/10/2023,4.0245,4.0735,4.0735,4.0175,0.20K,-1.91%
02/09/2023,4.103,4.09,4.1215,4.0755,0.10K,1.48%
02/08/2023,4.043,4.1,4.1,4.027,0.18K,-1.10%
02/07/2023,4.088,4.0495,4.075,4.0165,0.24K,1.11%
02/06/2023,4.043,4.064,4.0755,4.023,0.11K,-0.50%
02/03/2023,4.0635,4.102,4.1345,4.0415,0.11K,-0.84%
02/02/2023,4.098,4.188,4.188,4.0945,0.06K,-0.46%
02/01/2023,4.117,4.2145,4.2145,4.1165,0.10K,-2.66%
01/31/2023,4.2295,4.1665,4.232,4.1415,0.08K,0.55%
01/30/2023,4.2065,4.197,4.22,4.1885,0.09K,-0.38%
01/27/2023,4.2225,4.282,4.287,4.172,63.41K,-1.05%
01/26/2023,4.2675,4.2645,4.29,4.2325,58.23K,0.54%
01/25/2023,4.2445,4.2645,4.2735,4.211,51.11K,-0.09%
01/24/2023,4.2485,4.259,4.2825,4.2155,51.17K,-0.19%
01/23/2023,4.2565,4.2795,4.3025,4.226,57.18K,0.12%
01/20/2023,4.2515,4.245,4.2795,4.2065,59.75K,0.47%
01/19/2023,4.2315,4.2265,4.2685,4.168,78.54K,-0.07%
01/18/2023,4.2345,4.2335,4.355,4.205,104.62K,0.27%
01/17/2023,4.223,4.2105,4.2445,4.1105,113.11K,1.92%
01/16/2023,4.1433,4.2062,4.2105,4.1382,,-1.49%
01/15/2023,4.206,4.2198,4.2198,4.2058,,-0.24%
01/13/2023,4.216,4.173,4.2225,4.1285,69.52K,0.46%
01/12/2023,4.1965,4.1755,4.2115,4.1295,96.27K,0.73%
01/11/2023,4.166,4.08,4.185,4.0655,88.48K,2.17%
01/10/2023,4.0775,4.012,4.0835,3.9875,72.22K,1.27%
01/09/2023,4.0265,3.9235,4.0445,3.9235,102.47K,2.95%
01/06/2023,3.911,3.8255,3.93,3.7985,96.75K,2.36%
01/05/2023,3.821,3.7405,3.842,3.7215,76.73K,2.15%
01/04/2023,3.7405,3.771,3.807,3.7085,80.27K,-0.69%
01/03/2023,3.7665,3.8355,3.8715,3.7585,83.90K,-1.92%
01/02/2023,3.8403,3.8192,3.848,3.8185,,0.78%
12/30/2022,3.8105,3.8285,3.8515,3.7955,43.08K,-0.35%
12/29/2022,3.824,3.835,3.852,3.8075,36.87K,-0.47%
12/28/2022,3.842,3.8505,3.862,3.8235,0.40K,0.05%
12/27/2022,3.84,3.82,3.934,3.82,0.32K,-0.45%
12/26/2022,3.8575,3.8125,3.8675,3.8125,,1.29%
12/23/2022,3.8085,3.78,3.8135,3.768,0.25K,1.36%
12/22/2022,3.7575,3.8435,3.8435,3.752,0.19K,-1.40%
12/21/2022,3.811,3.825,3.826,3.795,0.20K,0.30%
12/20/2022,3.7995,3.764,3.8115,3.725,0.16K,0.40%
12/19/2022,3.7845,3.81,3.8105,3.754,0.26K,0.57%
12/16/2022,3.763,3.7845,3.7845,3.75,0.24K,-0.04%
12/15/2022,3.7645,3.86,3.86,3.7635,0.49K,-2.94%
12/14/2022,3.8785,3.841,3.877,3.8395,0.32K,0.94%
12/13/2022,3.8425,3.818,3.9235,3.818,0.56K,1.08%
12/12/2022,3.8015,3.837,3.848,3.7935,0.25K,-2.01%
12/09/2022,3.8795,3.9035,3.9035,3.859,0.20K,-0.14%
12/08/2022,3.885,3.84,3.905,3.84,0.18K,0.62%
12/07/2022,3.861,3.82,3.8565,3.8115,0.06K,1.13%
12/06/2022,3.818,3.79,3.8535,3.79,0.16K,0.61%
12/05/2022,3.795,3.871,3.894,3.7775,0.49K,-1.48%
12/02/2022,3.852,3.798,3.857,3.7555,0.30K,0.86%
12/01/2022,3.819,3.78,3.82,3.759,0.44K,2.13%
11/30/2022,3.7395,3.642,3.772,3.642,0.43K,2.72%
11/29/2022,3.6405,3.635,3.672,3.633,0.22K,0.68%
11/28/2022,3.616,3.5875,3.625,3.5485,1.57K,-0.45%
11/25/2022,3.6325,3.6495,3.685,3.6195,0.78K,-0.19%
11/24/2022,3.6395,3.6472,3.671,3.624,,0.51%
11/23/2022,3.621,3.63,3.656,3.6,0.60K,0.10%
11/22/2022,3.6175,3.581,3.6695,3.581,0.68K,1.13%
11/21/2022,3.577,3.6525,3.6525,3.56,0.71K,-1.72%
11/18/2022,3.6395,3.69,3.7095,3.6425,0.78K,-1.45%
11/17/2022,3.693,3.762,3.764,3.68,0.82K,-2.19%
11/16/2022,3.7755,3.805,3.82,3.762,0.90K,-1.20%
11/15/2022,3.8215,3.8335,3.886,3.7995,0.83K,-0.35%
11/14/2022,3.835,3.9275,3.955,3.8195,0.57K,-1.98%
11/11/2022,3.9125,3.7865,3.9425,3.7865,0.46K,4.11%
11/10/2022,3.758,3.6985,3.791,3.6455,0.38K,1.55%
11/09/2022,3.7005,3.6615,3.7365,3.636,0.45K,0.45%
11/08/2022,3.684,3.579,3.7,3.568,0.72K,2.13%
11/07/2022,3.607,3.606,3.65,3.5865,0.69K,-2.09%
11/04/2022,3.684,3.4205,3.705,3.4205,0.50K,7.48%
11/03/2022,3.4275,3.45,3.4515,3.3825,0.37K,-1.10%
11/02/2022,3.4655,3.465,3.4925,3.436,0.35K,-0.09%
11/01/2022,3.4685,3.375,3.49,3.375,0.09K,2.86%
10/31/2022,3.372,3.3915,3.393,3.361,0.45K,-1.58%
10/28/2022,3.426,3.49,3.49,3.4205,0.16K,-2.66%
10/27/2022,3.5195,3.539,3.5565,3.491,82.34K,-0.72%
10/26/2022,3.545,3.4055,3.5545,3.3825,97.90K,4.36%
10/25/2022,3.397,3.4315,3.441,3.3625,60.02K,-0.98%
10/24/2022,3.4305,3.485,3.5045,3.4225,70.07K,-1.27%
10/21/2022,3.4745,3.398,3.4825,3.3455,84.80K,1.88%
10/20/2022,3.4105,3.3255,3.437,3.303,77.24K,2.79%
10/19/2022,3.318,3.366,3.3755,3.307,65.74K,-1.31%
10/18/2022,3.362,3.413,3.4355,3.339,72.59K,-1.57%
10/17/2022,3.4155,3.4125,3.4675,3.3905,56.83K,-0.23%
10/14/2022,3.4235,3.4635,3.501,3.4005,70.50K,-0.49%
10/13/2022,3.4405,3.4285,3.477,3.354,85.97K,0.45%
10/12/2022,3.425,3.4245,3.465,3.398,56.58K,-1.07%
10/11/2022,3.462,3.4365,3.4745,3.3835,60.60K,0.92%
10/10/2022,3.4305,3.384,3.477,3.371,58.57K,1.30%
10/07/2022,3.3865,3.4395,3.448,3.373,53.15K,-1.73%
10/06/2022,3.446,3.5415,3.593,3.431,67.87K,-1.56%
10/05/2022,3.5005,3.494,3.5555,3.4465,59.97K,0.30%
10/04/2022,3.49,3.4165,3.5315,3.402,76.84K,2.35%
10/03/2022,3.41,3.3965,3.424,3.352,49.58K,-0.07%
09/30/2022,3.4125,3.427,3.4745,3.3885,75.36K,-0.16%
09/29/2022,3.418,3.381,3.4335,3.3055,86.45K,1.35%
09/28/2022,3.3725,3.304,3.403,3.259,1.00K,2.35%
09/27/2022,3.295,3.305,3.3615,3.29,0.18K,-0.30%
09/26/2022,3.305,3.3565,3.369,3.2935,0.51K,-1.55%
09/23/2022,3.357,3.47,3.47,3.3375,0.32K,-3.59%
09/22/2022,3.482,3.451,3.516,3.439,0.14K,0.04%
09/21/2022,3.4805,3.5095,3.5235,3.435,0.30K,-1.01%
09/20/2022,3.516,3.5405,3.5575,3.5,0.22K,-0.27%
09/19/2022,3.5255,3.54,3.541,3.49,0.08K,-0.16%
09/16/2022,3.531,3.48,3.554,3.4435,0.14K,0.86%
09/15/2022,3.501,3.529,3.56,3.483,0.16K,-0.81%
09/14/2022,3.5295,3.5405,3.564,3.5205,0.18K,-1.02%
09/13/2022,3.566,3.6205,3.695,3.5365,0.42K,-1.37%
09/12/2022,3.6155,3.554,3.6225,3.537,0.34K,1.19%
09/09/2022,3.573,3.5635,3.6265,3.543,0.14K,1.20%
09/08/2022,3.5305,3.4515,3.5505,3.4515,0.10K,2.81%
09/07/2022,3.434,3.407,3.4555,3.407,0.20K,-0.88%
09/06/2022,3.4645,3.392,3.495,3.3915,0.20K,0.32%
09/05/2022,3.4535,3.3887,3.466,3.3857,,1.91%
09/04/2022,3.3887,3.395,3.4,3.3613,,-0.83%
09/02/2022,3.417,3.418,3.4545,3.3895,0.16K,0.25%
09/01/2022,3.4085,3.5025,3.5025,3.412,0.21K,-3.14%
08/31/2022,3.519,3.5695,3.582,3.4495,0.36K,-0.86%
08/30/2022,3.5495,3.6085,3.6085,3.5365,0.34K,-1.64%
08/29/2022,3.6085,3.699,3.699,3.564,0.78K,-2.39%
08/26/2022,3.697,3.702,3.7825,3.6815,0.52K,-0.04%
08/25/2022,3.6985,3.6435,3.705,3.6435,0.49K,1.38%
08/24/2022,3.648,3.681,3.681,3.637,0.41K,-1.30%
08/23/2022,3.696,3.656,3.727,3.6405,0.44K,1.18%
08/22/2022,3.653,3.665,3.683,3.6095,0.28K,-0.42%
08/19/2022,3.6685,3.6415,3.67,3.6275,0.10K,0.96%
08/18/2022,3.6335,3.571,3.659,3.571,0.15K,1.30%
08/17/2022,3.587,3.6345,3.642,3.578,0.23K,-1.09%
08/16/2022,3.6265,3.6025,3.639,3.6025,0.36K,0.14%
08/15/2022,3.6215,3.6255,3.6255,3.5655,0.16K,-1.42%
08/12/2022,3.6735,3.6985,3.705,3.652,0.17K,-1.02%
08/11/2022,3.7115,3.649,3.711,3.649,0.14K,1.53%
08/10/2022,3.6555,3.595,3.6605,3.5755,0.18K,1.75%
08/09/2022,3.5925,3.5895,3.63,3.585,0.08K,-0.01%
08/08/2022,3.593,3.5725,3.622,3.546,0.12K,0.96%
08/05/2022,3.559,3.4815,3.575,3.4815,0.14K,2.04%
08/04/2022,3.488,3.442,3.511,3.442,0.20K,0.46%
08/03/2022,3.472,3.5135,3.515,3.4585,0.11K,-1.43%
08/02/2022,3.5225,3.54,3.54,3.465,0.06K,-0.69%
08/01/2022,3.547,3.553,3.567,3.5245,0.05K,-0.78%
07/29/2022,3.575,3.5005,3.596,3.4765,0.28K,2.70%
07/28/2022,3.481,3.481,3.52,3.476,0.26K,1.49%
07/27/2022,3.43,3.3925,3.478,3.368,57.76K,1.34%
07/26/2022,3.3845,3.3675,3.4655,3.349,64.28K,0.89%
07/25/2022,3.3545,3.323,3.405,3.3135,55.13K,0.15%
07/22/2022,3.3495,3.305,3.399,3.2955,60.95K,1.55%
07/21/2022,3.2985,3.3135,3.324,3.2505,53.92K,-0.80%
07/20/2022,3.325,3.2945,3.3755,3.2915,61.78K,1.03%
07/19/2022,3.291,3.3155,3.328,3.253,56.25K,-1.64%
07/18/2022,3.346,3.2465,3.371,3.217,62.48K,3.46%
07/15/2022,3.234,3.2285,3.2775,3.1315,80.37K,0.70%
07/14/2022,3.2115,3.3105,3.33,3.1745,71.20K,-3.34%
07/13/2022,3.3225,3.261,3.343,3.2165,87.21K,1.05%
07/12/2022,3.288,3.4255,3.457,3.2465,61.62K,-4.15%
07/11/2022,3.4305,3.505,3.5205,3.3865,60.90K,-2.60%
07/08/2022,3.522,3.543,3.5715,3.444,58.22K,-1.40%
07/07/2022,3.572,3.441,3.58,3.3965,90.16K,4.81%
07/06/2022,3.408,3.4265,3.4595,3.273,82.34K,-0.20%
07/05/2022,3.415,3.615,3.6235,3.4,107.35K,-4.72%
07/04/2022,3.584,3.6117,3.6172,3.5457,,-0.76%
07/03/2022,3.6115,3.612,3.6235,3.608,,0.21%
07/01/2022,3.604,3.678,3.7025,3.5535,68.28K,-2.86%
06/30/2022,3.71,3.772,3.795,3.6725,55.88K,-1.86%
06/29/2022,3.7805,3.758,3.819,3.708,49.66K,0.05%
06/28/2022,3.7785,3.755,3.8495,3.7425,0.96K,0.39%
06/27/2022,3.764,3.7845,3.8125,3.7425,0.70K,0.53%
06/24/2022,3.744,3.757,3.7905,3.6545,0.39K,0.04%
06/23/2022,3.7425,3.938,3.938,3.7365,0.35K,-5.18%
06/22/2022,3.947,4.0145,4.0145,3.8925,0.69K,-2.41%
06/21/2022,4.0445,4.03,4.086,3.972,1.04K,0.84%
06/20/2022,4.011,4.0385,4.0385,3.946,,-0.66%
06/19/2022,4.0375,4.0228,4.04,4.018,,0.39%
06/17/2022,4.022,4.121,4.121,4.013,0.36K,-2.33%
06/16/2022,4.118,4.1855,4.223,4.062,1.59K,-1.33%
06/15/2022,4.1735,4.1485,4.2125,4.145,0.50K,0.17%
06/14/2022,4.1665,4.2125,4.2595,4.14,0.54K,-1.26%
06/13/2022,4.2195,4.24,4.2685,4.187,0.17K,-1.93%
06/10/2022,4.3025,4.365,4.3865,4.286,0.27K,-1.90%
06/09/2022,4.386,4.424,4.43,4.365,0.10K,-1.54%
06/08/2022,4.4545,4.4395,4.455,4.413,0.36K,0.34%
06/07/2022,4.4395,4.409,4.46,4.3795,0.30K,0.01%
06/06/2022,4.439,4.463,4.467,4.411,0.42K,-0.84%
06/03/2022,4.4765,4.561,4.579,4.4675,0.09K,-1.72%
06/02/2022,4.555,4.354,4.571,4.354,0.65K,5.21%
06/01/2022,4.3295,4.275,4.348,4.2675,0.16K,0.71%
05/31/2022,4.299,4.355,4.359,4.2805,0.59K,-0.81%
05/30/2022,4.334,4.3225,4.3595,4.3098,,0.25%
05/29/2022,4.3232,4.3215,4.326,4.317,,0.39%
05/27/2022,4.3065,4.28,4.313,4.267,0.28K,1.12%
05/26/2022,4.259,4.2685,4.28,4.2035,41.96K,0.11%
05/25/2022,4.2545,4.314,4.3225,4.223,44.20K,-1.17%
05/24/2022,4.305,4.341,4.3415,4.2565,45.14K,-0.93%
05/23/2022,4.3455,4.2945,4.355,4.272,50.50K,1.65%
05/20/2022,4.275,4.2775,4.3275,4.2505,45.49K,-0.19%
05/19/2022,4.283,4.155,4.298,4.1445,56.57K,2.50%
05/18/2022,4.1785,4.2295,4.248,4.1315,45.56K,-1.43%
05/17/2022,4.239,4.203,4.2835,4.203,45.16K,1.13%
05/16/2022,4.1915,4.1795,4.22,4.1335,41.78K,0.40%
05/13/2022,4.175,4.086,4.185,4.055,49.92K,1.82%
05/12/2022,4.1005,4.2115,4.223,4.037,67.53K,-2.58%
05/11/2022,4.209,4.155,4.25,4.1485,54.18K,1.31%
05/10/2022,4.1545,4.196,4.258,4.1285,57.71K,-0.93%
05/09/2022,4.1935,4.238,4.245,4.124,68.33K,-1.72%
05/06/2022,4.267,4.2905,4.319,4.231,47.86K,-0.57%
05/05/2022,4.2915,4.367,4.44,4.2765,61.50K,-1.07%
05/04/2022,4.338,4.299,4.3835,4.251,50.39K,1.28%
05/03/2022,4.283,4.2855,4.36,4.2635,52.69K,0.35%
05/02/2022,4.268,4.393,4.404,4.204,47.30K,-3.19%
04/29/2022,4.4085,4.444,4.512,4.3715,49.49K,-0.56%
04/28/2022,4.4335,4.4645,4.4935,4.3865,50.92K,-0.75%
04/27/2022,4.467,4.4155,4.497,4.4155,1.44K,0.30%
04/26/2022,4.4535,4.487,4.5345,4.4,0.82K,-0.19%
04/25/2022,4.462,4.5785,4.607,4.42,1.48K,-2.84%
04/22/2022,4.5925,4.681,4.7135,4.582,0.40K,-2.57%
04/21/2022,4.7135,4.68,4.724,4.643,0.57K,1.05%
04/20/2022,4.6645,4.715,4.718,4.636,1.07K,-1.37%
04/19/2022,4.7295,4.8135,4.817,4.696,0.75K,-1.71%
04/18/2022,4.812,4.7815,4.8425,4.6995,0.23K,1.94%
04/15/2022,4.7205,4.7205,4.7205,4.7205,,-0.24%
04/14/2022,4.732,4.714,4.736,4.6795,0.21K,0.22%
04/13/2022,4.7215,4.7055,4.76,4.684,0.25K,0.04%
04/12/2022,4.7195,4.6465,4.725,4.636,0.34K,1.69%
04/11/2022,4.641,4.7395,4.7395,4.6365,0.26K,-1.91%
04/08/2022,4.7315,4.723,4.7555,4.717,0.14K,0.58%
04/07/2022,4.704,4.7065,4.724,4.688,0.69K,-0.78%
04/06/2022,4.741,4.7405,4.781,4.7045,0.34K,-1.16%
04/05/2022,4.7965,4.7875,4.8365,4.7565,0.23K,0.29%
04/04/2022,4.7825,4.693,4.807,4.693,0.21K,1.96%
04/01/2022,4.6905,4.717,4.75,4.6815,0.27K,-1.29%
03/31/2022,4.752,4.7165,4.754,4.715,0.15K,-0.01%
03/30/2022,4.7525,4.7535,4.8195,4.7325,0.11K,0.45%
03/29/2022,4.731,4.7245,4.7575,4.699,37.96K,0.12%
03/28/2022,4.7255,4.696,4.739,4.642,45.40K,0.57%
03/25/2022,4.6985,4.7275,4.773,4.686,37.05K,-0.93%
03/24/2022,4.7425,4.776,4.8175,4.7085,43.51K,-0.71%
03/23/2022,4.7765,4.71,4.7855,4.689,33.27K,1.63%
03/22/2022,4.7,4.704,4.769,4.68,38.07K,-0.22%
03/21/2022,4.7105,4.727,4.732,4.656,32.80K,-0.61%
03/18/2022,4.7395,4.702,4.76,4.673,39.26K,0.80%
03/17/2022,4.702,4.621,4.717,4.6105,45.49K,2.21%
03/16/2022,4.6005,4.501,4.6405,4.4985,46.02K,1.94%
03/15/2022,4.513,4.5155,4.543,4.4685,47.63K,-0.22%
03/14/2022,4.523,4.598,4.6155,4.496,50.65K,-2.22%
03/11/2022,4.6255,4.6335,4.724,4.5945,40.58K,-0.58%
03/10/2022,4.6525,4.5965,4.6785,4.574,45.46K,1.75%
03/09/2022,4.5725,4.7105,4.7885,4.553,60.81K,-2.92%
03/08/2022,4.71,4.745,4.967,4.603,89.60K,-0.44%
03/07/2022,4.731,4.92,5.0395,4.668,96.67K,-4.18%
03/04/2022,4.9375,4.7825,4.949,4.751,97.43K,3.26%
03/03/2022,4.7815,4.671,4.7985,4.6615,91.70K,2.49%
03/02/2022,4.6655,4.571,4.705,4.5525,79.62K,1.50%
03/01/2022,4.5965,4.506,4.602,4.492,69.00K,3.19%
02/28/2022,4.4545,4.4925,4.532,4.45,59.50K,-0.68%
02/25/2022,4.485,4.5075,4.5285,4.456,57.82K,0.61%
02/24/2022,4.458,4.4685,4.5835,4.4465,0.88K,-0.61%
02/23/2022,4.4855,4.517,4.5355,4.455,1.12K,-0.64%
02/22/2022,4.5145,4.513,4.547,4.478,1.43K,0.76%
02/21/2022,4.4805,4.5205,4.544,4.4675,,-0.88%
02/20/2022,4.5205,4.5165,4.5217,4.506,,-0.08%
02/18/2022,4.524,4.5065,4.572,4.5065,0.19K,-0.06%
02/17/2022,4.5265,4.5465,4.5465,4.476,0.25K,-0.29%
02/16/2022,4.5395,4.535,4.5885,4.5205,0.33K,0.11%
02/15/2022,4.5345,4.4825,4.5415,4.4825,0.21K,0.61%
02/14/2022,4.507,4.4695,4.5125,4.451,0.18K,-0.03%
02/11/2022,4.5085,4.612,4.612,4.461,0.48K,-3.21%
02/10/2022,4.658,4.617,4.699,4.5865,0.55K,1.22%
02/09/2022,4.602,4.456,4.6325,4.4295,0.31K,3.08%
02/08/2022,4.4645,4.4815,4.4825,4.417,0.28K,-0.07%
02/07/2022,4.4675,4.5105,4.5145,4.45,0.32K,-0.50%
02/04/2022,4.49,4.504,4.5125,4.4305,0.20K,0.40%
02/03/2022,4.472,4.4785,4.4785,4.46,0.12K,-0.48%
02/02/2022,4.4935,4.4365,4.5015,4.4365,0.22K,1.40%
02/01/2022,4.4315,4.33,4.4415,4.3275,0.18K,2.43%
01/31/2022,4.3265,4.336,4.349,4.287,0.17K,0.32%
01/28/2022,4.3125,4.412,4.412,4.308,0.46K,-2.51%
01/27/2022,4.4235,4.457,4.491,4.399,69.84K,-2.03%
01/26/2022,4.515,4.4565,4.5345,4.419,62.13K,1.46%
01/25/2022,4.45,4.456,4.478,4.3855,54.59K,0.85%
01/24/2022,4.4125,4.522,4.538,4.3865,79.00K,-2.46%
01/21/2022,4.524,4.5295,4.5805,4.484,68.20K,-1.28%
01/20/2022,4.5825,4.449,4.586,4.444,73.19K,2.52%
01/19/2022,4.47,4.4035,4.4885,4.392,61.27K,2.00%
01/18/2022,4.3825,4.431,4.449,4.376,87.04K,-1.15%
01/17/2022,4.4335,4.4443,4.4455,4.3827,,-0.23%
01/16/2022,4.4435,4.428,4.447,4.428,,0.52%
01/14/2022,4.4205,4.5115,4.5475,4.4125,70.02K,-2.76%
01/13/2022,4.546,4.557,4.577,4.5045,62.79K,-0.67%
01/12/2022,4.5765,4.4315,4.601,4.42,106.93K,3.33%
01/11/2022,4.429,4.372,4.4385,4.366,46.66K,1.77%
01/10/2022,4.352,4.4015,4.431,4.3305,45.32K,-1.32%
01/07/2022,4.41,4.354,4.4175,4.3435,46.40K,1.27%
01/06/2022,4.3545,4.392,4.408,4.3135,56.25K,-1.34%
01/05/2022,4.4135,4.4725,4.473,4.372,51.73K,-1.37%
01/04/2022,4.475,4.4245,4.4785,4.378,55.94K,1.21%
01/03/2022,4.4215,4.4585,4.4805,4.335,38.42K,-0.94%
12/31/2021,4.4635,4.3895,4.474,4.382,36.98K,1.62%
12/30/2021,4.3925,4.417,4.4355,4.3795,35.14K,-0.40%
12/29/2021,4.41,4.44,4.44,4.395,0.81K,-0.44%
12/28/2021,4.4295,4.4395,4.49,4.4245,0.31K,-0.89%
12/27/2021,4.4695,4.389,4.4865,4.36,0.16K,1.46%
12/24/2021,4.405,4.405,4.405,4.405,,0.35%
12/23/2021,4.3895,4.3855,4.403,4.345,0.28K,0.01%
12/22/2021,4.389,4.347,4.391,4.347,0.40K,1.07%
12/21/2021,4.3425,4.3335,4.346,4.329,0.20K,1.22%
12/20/2021,4.29,4.28,4.2995,4.2305,0.33K,-0.06%
12/17/2021,4.2925,4.319,4.321,4.2705,0.16K,-0.23%
12/16/2021,4.3025,4.24,4.3165,4.2385,0.28K,2.92%
12/15/2021,4.1805,4.266,4.266,4.117,0.22K,-1.75%
12/14/2021,4.255,4.272,4.291,4.2555,0.06K,-0.62%
12/13/2021,4.2815,4.322,4.322,4.276,0.08K,-0.08%
12/10/2021,4.285,4.323,4.353,4.28,0.14K,-1.08%
12/09/2021,4.332,4.3685,4.3715,4.3,0.09K,-1.38%
12/08/2021,4.3925,4.348,4.384,4.3235,0.18K,1.23%
12/07/2021,4.339,4.318,4.3545,4.314,0.04K,0.03%
12/06/2021,4.3375,4.2955,4.342,4.269,0.05K,1.68%
12/03/2021,4.266,4.278,4.3205,4.2635,0.30K,-0.78%
12/02/2021,4.2995,4.2405,4.307,4.2405,0.16K,1.24%
12/01/2021,4.247,4.3155,4.3455,4.21,0.12K,-0.78%
11/30/2021,4.2805,4.357,4.3635,4.275,0.24K,-1.41%
11/29/2021,4.3415,4.3375,4.368,4.324,0.42K,1.26%
11/26/2021,4.2875,4.473,4.5015,4.286,1.59K,-3.43%
11/25/2021,4.44,4.47,4.5,4.4165,,-0.55%
11/24/2021,4.4645,4.421,4.493,4.3925,1.61K,0.93%
11/23/2021,4.4235,4.391,4.45,4.3745,0.43K,0.59%
11/22/2021,4.3975,4.394,4.421,4.3505,0.73K,-0.06%
11/19/2021,4.4,4.2995,4.412,4.2995,1.02K,2.21%
11/18/2021,4.305,4.2295,4.322,4.228,0.85K,0.87%
11/17/2021,4.268,4.349,4.3615,4.1975,0.48K,-1.99%
11/16/2021,4.3545,4.4155,4.442,4.333,0.37K,-1.05%
11/15/2021,4.4005,4.454,4.4795,4.393,0.37K,-1.05%
11/12/2021,4.447,4.405,4.453,4.3775,0.28K,1.11%
11/11/2021,4.398,4.337,4.42,4.335,0.18K,1.73%
11/10/2021,4.323,4.3675,4.41,4.288,0.30K,-1.13%
11/09/2021,4.3725,4.4075,4.435,4.3385,0.18K,-0.50%
11/08/2021,4.3945,4.375,4.4075,4.3335,0.27K,1.36%
11/05/2021,4.3355,4.316,4.35,4.279,0.13K,0.61%
11/04/2021,4.309,4.3465,4.3865,4.2755,0.07K,0.00%
11/03/2021,4.309,4.3585,4.43,4.275,0.21K,-0.98%
11/02/2021,4.3515,4.365,4.3745,4.3205,0.33K,-0.63%
11/01/2021,4.379,4.379,4.3885,4.3255,0.18K,0.46%
10/29/2021,4.359,4.4155,4.428,4.33,0.35K,-1.55%
10/28/2021,4.4275,4.364,4.4455,4.35,0.19K,0.87%
10/27/2021,4.3895,4.4955,4.51,4.363,71.05K,-2.15%
10/26/2021,4.486,4.53,4.5545,4.472,58.89K,-0.93%
10/25/2021,4.528,4.514,4.5685,4.5015,54.92K,0.67%
10/22/2021,4.498,4.5625,4.619,4.461,88.78K,-1.33%
10/21/2021,4.5585,4.7335,4.7575,4.537,82.45K,-3.72%
10/20/2021,4.7345,4.6875,4.749,4.5935,71.77K,0.67%
10/19/2021,4.703,4.716,4.815,4.6685,73.56K,-0.48%
10/18/2021,4.7255,4.7305,4.823,4.6855,76.63K,-0.08%
10/15/2021,4.7295,4.6185,4.781,4.6035,95.10K,2.12%
10/14/2021,4.6315,4.4905,4.6365,4.483,91.56K,2.56%
10/13/2021,4.516,4.3225,4.528,4.305,104.41K,4.40%
10/12/2021,4.3255,4.339,4.3955,4.2865,65.22K,-0.94%
10/11/2021,4.3665,4.2795,4.385,4.2555,60.62K,2.13%
10/08/2021,4.2755,4.2495,4.301,4.2225,51.72K,0.75%
10/07/2021,4.2435,4.1755,4.26,4.1625,41.51K,2.31%
10/06/2021,4.1475,4.182,4.2185,4.114,48.58K,-1.07%
10/05/2021,4.1925,4.239,4.242,4.151,41.33K,-1.09%
10/04/2021,4.2385,4.2145,4.303,4.1775,45.60K,1.19%
10/01/2021,4.1885,4.1065,4.21,4.0585,51.97K,2.43%
09/30/2021,4.089,4.1775,4.208,4.0545,72.32K,-2.62%
09/29/2021,4.199,4.2485,4.2575,4.1665,47.16K,-1.17%
09/28/2021,4.2485,4.276,4.3,4.2325,0.51K,-0.99%
09/27/2021,4.291,4.289,4.308,4.258,0.50K,0.15%
09/24/2021,4.2845,4.229,4.299,4.22,0.50K,1.26%
09/23/2021,4.231,4.225,4.267,4.1965,0.22K,-0.49%
09/22/2021,4.252,4.1135,4.274,4.1105,0.33K,3.05%
09/21/2021,4.126,4.1375,4.1785,4.0205,0.42K,0.30%
09/20/2021,4.1135,4.219,4.234,4.094,0.30K,-3.09%
09/17/2021,4.2445,4.294,4.353,4.238,0.31K,-0.83%
09/16/2021,4.28,4.403,4.403,4.256,0.14K,-2.82%
09/15/2021,4.404,4.309,4.4185,4.309,0.18K,1.97%
09/14/2021,4.319,4.363,4.363,4.295,0.32K,-1.05%
09/13/2021,4.365,4.424,4.4675,4.3315,0.45K,-1.91%
09/10/2021,4.45,4.282,4.461,4.277,0.59K,3.87%
09/09/2021,4.284,4.224,4.2985,4.222,0.23K,1.22%
09/08/2021,4.2325,4.2745,4.296,4.206,0.28K,-1.10%
09/07/2021,4.2795,4.3285,4.3435,4.256,0.21K,-1.21%
09/06/2021,4.332,4.3325,4.3457,4.304,,-0.01%
09/05/2021,4.3325,4.335,4.3422,4.3315,,0.03%
09/03/2021,4.331,4.292,4.338,4.2885,0.16K,0.73%
09/02/2021,4.2995,4.2805,4.303,4.267,0.12K,0.60%
09/01/2021,4.274,4.3615,4.3615,4.2545,0.26K,-2.20%
08/31/2021,4.37,4.374,4.38,4.337,0.71K,-0.02%
08/30/2021,4.371,4.3345,4.3965,4.333,0.57K,1.10%
08/27/2021,4.3235,4.239,4.3325,4.2295,1.66K,1.68%
08/26/2021,4.252,4.2685,4.275,4.224,0.78K,-0.42%
08/25/2021,4.27,4.248,4.3,4.242,0.56K,0.23%
08/24/2021,4.26,4.2095,4.295,4.1945,0.37K,0.92%
08/23/2021,4.221,4.137,4.2335,4.137,0.47K,2.31%
08/20/2021,4.1255,4.0475,4.138,4.046,1.28K,2.10%
08/19/2021,4.0405,4.1135,4.1285,3.9675,0.64K,-1.86%
08/18/2021,4.117,4.222,4.2415,4.0975,0.39K,-2.01%
08/17/2021,4.2015,4.3265,4.3265,4.2,0.35K,-2.74%
08/16/2021,4.32,4.342,4.36,4.2995,0.77K,-1.43%
08/13/2021,4.3825,4.35,4.4185,4.35,0.11K,0.75%
08/12/2021,4.35,4.3975,4.399,4.3335,0.12K,-0.23%
08/11/2021,4.36,4.3415,4.363,4.3225,0.10K,0.32%
08/10/2021,4.346,4.2865,4.353,4.2865,0.08K,1.49%
08/09/2021,4.282,4.3,4.321,4.24,0.36K,-1.31%
08/06/2021,4.339,4.3325,4.383,4.3245,0.50K,0.12%
08/05/2021,4.334,4.3275,4.34,4.3,0.11K,0.29%
08/04/2021,4.3215,4.379,4.387,4.31,0.17K,-1.23%
08/03/2021,4.3755,4.416,4.4245,4.3335,0.22K,-0.96%
08/02/2021,4.418,4.4785,4.5,4.4,0.59K,-1.06%
07/30/2021,4.4655,4.5085,4.5085,4.4475,0.12K,-0.93%
07/29/2021,4.5075,4.4695,4.5095,4.4695,0.29K,0.57%
07/28/2021,4.482,4.558,4.5875,4.4295,79.78K,-1.38%
07/27/2021,4.5445,4.593,4.6275,4.505,86.63K,-0.88%
07/26/2021,4.585,4.449,4.6085,4.419,106.74K,4.20%
07/23/2021,4.4,4.3375,4.4605,4.3335,88.24K,1.44%
07/22/2021,4.3375,4.28,4.3445,4.273,57.62K,1.53%
07/21/2021,4.272,4.2595,4.29,4.226,51.38K,0.21%
07/20/2021,4.263,4.201,4.27,4.1945,63.30K,1.46%
07/19/2021,4.2015,4.31,4.31,4.1665,99.00K,-2.81%
07/16/2021,4.323,4.3115,4.3445,4.3015,45.62K,0.00%
07/15/2021,4.323,4.266,4.3465,4.2515,66.98K,1.30%
07/14/2021,4.2675,4.2925,4.307,4.2575,51.69K,-0.92%
07/13/2021,4.307,4.329,4.3425,4.255,62.16K,-0.21%
07/12/2021,4.316,4.3465,4.364,4.2805,55.99K,-0.68%
07/09/2021,4.3455,4.27,4.369,4.2535,81.77K,1.90%
07/08/2021,4.2645,4.308,4.324,4.2325,72.14K,-1.34%
07/07/2021,4.3225,4.2505,4.362,4.2475,81.23K,1.68%
07/06/2021,4.251,4.281,4.4025,4.234,147.24K,-2.14%
07/05/2021,4.344,4.3135,4.3575,4.309,,1.59%
07/02/2021,4.276,4.2425,4.2945,4.2275,52.90K,0.94%
07/01/2021,4.236,4.289,4.3145,4.2265,70.96K,-1.24%
06/30/2021,4.289,4.2575,4.335,4.2515,71.40K,0.57%
06/29/2021,4.2645,4.278,4.281,4.203,68.65K,-0.36%
06/28/2021,4.28,4.2845,4.3045,4.2535,1.44K,-0.24%
06/25/2021,4.2905,4.3145,4.3305,4.2675,0.83K,-0.38%
06/24/2021,4.307,4.3135,4.321,4.2615,0.29K,-0.45%
06/23/2021,4.3265,4.227,4.338,4.227,0.74K,2.41%
06/22/2021,4.2245,4.179,4.2475,4.173,0.53K,0.96%
06/21/2021,4.1845,4.137,4.1895,4.1125,0.70K,0.55%
06/18/2021,4.1615,4.1775,4.2195,4.125,0.27K,-0.50%
06/17/2021,4.1825,4.278,4.3405,4.16,0.62K,-4.69%
06/16/2021,4.3885,4.3405,4.4005,4.2745,0.73K,1.18%
06/15/2021,4.3375,4.5315,4.5315,4.32,0.78K,-4.27%
06/14/2021,4.531,4.5655,4.5705,4.5085,0.24K,-0.23%
06/11/2021,4.5415,4.491,4.595,4.486,0.25K,1.17%
06/10/2021,4.489,4.5195,4.5205,4.448,0.30K,-1.00%
06/09/2021,4.5345,4.544,4.561,4.49,0.20K,-0.54%
06/08/2021,4.559,4.5225,4.561,4.473,0.25K,0.65%
06/07/2021,4.5295,4.5285,4.533,4.485,0.29K,-0.04%
06/04/2021,4.5315,4.47,4.538,4.4465,0.31K,1.46%
06/03/2021,4.4665,4.6095,4.619,4.4335,0.47K,-2.80%
06/02/2021,4.595,4.6575,4.6655,4.585,0.19K,-1.32%
06/01/2021,4.6565,4.6925,4.697,4.646,0.32K,-0.52%
05/31/2021,4.681,4.693,4.7047,4.6525,,-0.27%
05/30/2021,4.6937,4.6723,4.695,4.6697,,0.27%
05/28/2021,4.681,4.676,4.681,4.6005,0.65K,0.32%
05/27/2021,4.666,4.519,4.68,4.509,0.84K,3.01%
05/26/2021,4.5295,4.5105,4.547,4.4945,65.58K,0.51%
05/25/2021,4.5065,4.5315,4.5815,4.491,86.45K,-0.42%
05/24/2021,4.5255,4.502,4.5415,4.444,79.53K,0.99%
05/21/2021,4.481,4.535,4.5625,4.469,105.06K,-1.90%
05/20/2021,4.568,4.572,4.625,4.523,102.54K,-0.19%
05/19/2021,4.5765,4.7065,4.728,4.5285,142.07K,-3.15%
05/18/2021,4.7255,4.7155,4.782,4.704,78.11K,0.30%
05/17/2021,4.7115,4.6675,4.722,4.6405,76.76K,1.22%
05/14/2021,4.6545,4.686,4.712,4.606,115.49K,-0.77%
05/13/2021,4.6905,4.719,4.7675,4.6435,113.72K,-0.96%
05/12/2021,4.736,4.8,4.8245,4.706,108.33K,-0.55%
05/11/2021,4.762,4.665,4.8035,4.6625,109.38K,0.98%
05/10/2021,4.716,4.78,4.888,4.6875,160.25K,-0.68%
05/07/2021,4.7485,4.609,4.751,4.5975,120.25K,3.17%
05/06/2021,4.6025,4.519,4.6125,4.5005,79.80K,1.74%
05/05/2021,4.524,4.556,4.5725,4.5035,64.61K,0.06%
05/04/2021,4.5215,4.5285,4.5625,4.49,64.43K,-0.15%
05/03/2021,4.5285,4.462,4.5355,4.435,40.97K,1.35%
04/30/2021,4.468,4.483,4.5305,4.446,74.28K,-0.41%
04/29/2021,4.4865,4.5,4.551,4.4645,92.26K,-0.26%
04/28/2021,4.498,4.483,4.517,4.4175,2.64K,0.25%
04/27/2021,4.487,4.446,4.5225,4.446,1.78K,0.99%
04/26/2021,4.443,4.3385,4.4545,4.3355,1.66K,2.37%
04/23/2021,4.34,4.27,4.3475,4.27,0.79K,1.45%
04/22/2021,4.278,4.294,4.294,4.256,0.90K,-0.15%
04/21/2021,4.2845,4.215,4.3,4.215,1.03K,1.55%
04/20/2021,4.219,4.246,4.2965,4.2075,0.45K,-0.57%
04/19/2021,4.243,4.18,4.28,4.159,0.52K,1.70%
04/16/2021,4.172,4.2375,4.2455,4.168,0.28K,-1.21%
04/15/2021,4.223,4.1215,4.2345,4.1115,0.73K,2.21%
04/14/2021,4.1315,4.0425,4.136,4.0385,0.50K,2.35%
04/13/2021,4.0365,4.012,4.0515,4.012,0.42K,0.35%
04/12/2021,4.0225,4.057,4.062,3.9965,0.59K,-0.54%
04/09/2021,4.0445,4.097,4.1005,4.0425,0.37K,-1.33%
04/08/2021,4.099,4.067,4.1,4.05,0.43K,1.02%
04/07/2021,4.0575,4.1085,4.116,4.038,0.24K,-1.47%
04/06/2021,4.118,4.1365,4.137,4.0815,0.15K,-0.52%
04/05/2021,4.1395,4.0345,4.154,4.0345,0.34K,3.64%
04/01/2021,3.994,3.99,4.014,3.95,0.15K,-0.15%
03/31/2021,4,3.983,4.0135,3.96,0.31K,0.45%
03/30/2021,3.982,4.036,4.0465,3.97,0.08K,-1.30%
03/29/2021,4.0345,4.08,4.0825,4.008,61.61K,-0.82%
03/26/2021,4.068,3.997,4.083,3.994,63.83K,2.26%
03/25/2021,3.978,4.026,4.046,3.942,108.97K,-2.12%
03/24/2021,4.064,4.0265,4.105,4.017,73.58K,-0.38%
03/23/2021,4.0795,4.1445,4.165,4.016,81.75K,-1.45%
03/22/2021,4.1395,4.1075,4.148,4.076,58.81K,0.64%
03/19/2021,4.113,4.063,4.1215,4.0105,75.17K,0.12%
03/18/2021,4.108,4.144,4.157,4.048,67.41K,-0.27%
03/17/2021,4.119,4.0625,4.1615,4.046,58.92K,1.17%
03/16/2021,4.0715,4.1415,4.1495,4.0405,72.25K,-1.67%
03/15/2021,4.1405,4.16,4.19,4.1105,60.22K,0.01%
03/12/2021,4.14,4.144,4.158,4.0665,68.50K,0.02%
03/11/2021,4.139,4.0355,4.15,4.0095,89.65K,2.64%
03/10/2021,4.0325,4.0135,4.0625,3.9815,74.71K,0.60%
03/09/2021,4.0085,4.0795,4.121,3.972,105.19K,-2.06%
03/08/2021,4.093,4.117,4.1705,3.9965,112.00K,0.43%
03/05/2021,4.0755,3.9535,4.1105,3.9015,130.26K,2.44%
03/04/2021,3.9785,4.1065,4.1505,3.849,172.33K,-3.95%
03/03/2021,4.142,4.208,4.2215,4.102,106.17K,-1.89%
03/02/2021,4.222,4.1005,4.2275,4.0415,125.09K,2.65%
03/01/2021,4.113,4.106,4.181,4.089,106.83K,0.50%
02/26/2021,4.0925,4.2055,4.2555,4.0765,176.04K,-4.01%
02/25/2021,4.2635,4.3215,4.3755,4.191,167.03K,-0.88%
02/24/2021,4.3015,4.208,4.325,4.146,2.49K,2.78%
02/23/2021,4.185,4.1515,4.2295,4.0945,1.41K,0.93%
02/22/2021,4.1465,4.075,4.2135,4.075,2.04K,1.70%
02/19/2021,4.077,3.911,4.095,3.8915,1.06K,4.40%
02/18/2021,3.905,3.8295,3.93,3.829,0.51K,2.13%
02/17/2021,3.8235,3.827,3.8375,3.7985,0.50K,-0.29%
02/16/2021,3.8345,3.8,3.841,3.8,0.42K,0.33%
02/15/2021,3.8218,3.8005,3.834,3.7997,,0.57%
02/14/2021,3.8003,3.796,3.8087,3.796,,0.34%
02/12/2021,3.7875,3.768,3.7995,3.743,0.21K,0.37%
02/11/2021,3.7735,3.754,3.7825,3.754,0.14K,0.01%
02/10/2021,3.773,3.7245,3.7865,3.7245,0.13K,1.45%
02/09/2021,3.719,3.675,3.7195,3.675,0.26K,1.43%
02/08/2021,3.6665,3.6485,3.675,3.6265,0.11K,1.09%
02/05/2021,3.627,3.5605,3.636,3.5605,0.09K,2.03%
02/04/2021,3.555,3.5665,3.5785,3.5435,0.19K,-0.29%
02/03/2021,3.5655,3.5115,3.5625,3.51,0.17K,1.16%
02/02/2021,3.5245,3.525,3.5315,3.5145,0.07K,-0.59%
02/01/2021,3.5455,3.547,3.581,3.528,0.10K,-0.35%
01/29/2021,3.558,3.576,3.6035,3.539,0.30K,-0.61%
01/28/2021,3.58,3.542,3.5905,3.501,0.15K,0.63%
01/27/2021,3.5575,3.617,3.628,3.5205,105.18K,-1.71%
01/26/2021,3.6195,3.6295,3.6415,3.581,60.31K,-0.28%
01/25/2021,3.6295,3.6215,3.6405,3.592,63.75K,0.10%
01/22/2021,3.626,3.647,3.652,3.5635,82.15K,-0.59%
01/21/2021,3.6475,3.644,3.6735,3.6335,54.04K,0.16%
01/20/2021,3.6415,3.627,3.664,3.616,52.14K,0.22%
01/19/2021,3.6335,3.593,3.6535,3.5585,110.27K,0.46%
01/18/2021,3.6168,3.5762,3.6488,3.5737,,1.14%
01/17/2021,3.576,3.6,3.606,3.5585,,-0.72%
01/15/2021,3.602,3.6735,3.684,3.5865,72.98K,-1.71%
01/14/2021,3.6645,3.6105,3.675,3.6015,71.34K,1.31%
01/13/2021,3.617,3.646,3.6495,3.605,64.87K,0.32%
01/12/2021,3.6055,3.558,3.6485,3.557,78.26K,1.15%
01/11/2021,3.5645,3.6925,3.6925,3.5515,95.19K,-2.97%
01/08/2021,3.6735,3.706,3.734,3.629,106.39K,-0.61%
01/07/2021,3.696,3.6615,3.7115,3.6405,63.68K,1.25%
01/06/2021,3.6505,3.6465,3.7075,3.6245,93.05K,0.30%
01/05/2021,3.6395,3.556,3.663,3.556,65.95K,2.39%
01/04/2021,3.5545,3.527,3.607,3.522,78.59K,0.98%
01/01/2021,3.52,3.52,3.52,3.52,,0.03%
12/31/2020,3.519,3.5445,3.5595,3.5055,42.98K,-0.85%
12/30/2020,3.549,3.5525,3.583,3.5405,39.01K,-0.13%
12/29/2020,3.5535,3.5795,3.5805,3.546,0.24K,-0.46%
12/28/2020,3.57,3.5815,3.61,3.568,0.08K,0.24%
12/24/2020,3.5615,3.5545,3.567,3.5485,0.07K,0.18%
12/23/2020,3.555,3.5115,3.5585,3.48,0.11K,1.02%
12/22/2020,3.519,3.5775,3.5775,3.5085,0.44K,-1.58%
12/21/2020,3.5755,3.628,3.628,3.547,0.11K,-1.50%
12/18/2020,3.63,3.6,3.641,3.5945,0.13K,0.83%
12/17/2020,3.6,3.5645,3.608,3.5645,0.04K,1.19%
12/16/2020,3.5575,3.543,3.57,3.5385,0.09K,0.44%
12/15/2020,3.542,3.501,3.5485,3.5,0.16K,0.51%
12/14/2020,3.524,3.5355,3.548,3.5065,0.18K,-0.06%
12/11/2020,3.526,3.5955,3.618,3.4935,0.09K,-1.30%
12/10/2020,3.5725,3.4935,3.5835,3.4855,0.08K,1.77%
12/09/2020,3.5105,3.5045,3.5185,3.492,0.10K,0.40%
12/08/2020,3.4965,3.4855,3.498,3.4665,0.09K,-0.50%
12/07/2020,3.514,3.534,3.5365,3.4775,0.07K,-0.20%
12/04/2020,3.521,3.4815,3.527,3.4815,0.06K,0.99%
12/03/2020,3.4865,3.482,3.514,3.471,0.09K,0.06%
12/02/2020,3.4845,3.4785,3.491,3.4415,0.14K,0.13%
12/01/2020,3.48,3.464,3.511,3.4585,0.38K,1.35%
11/30/2020,3.4335,3.421,3.4915,3.421,0.16K,0.63%
11/27/2020,3.412,3.347,3.416,3.347,0.65K,1.92%
11/26/2020,3.3478,3.3117,3.3585,3.309,,0.90%
11/25/2020,3.318,3.32,3.338,3.288,1.03K,0.32%
11/24/2020,3.3075,3.274,3.322,3.27,0.55K,1.30%
11/23/2020,3.265,3.295,3.295,3.243,0.63K,-0.99%
11/20/2020,3.2975,3.2125,3.3055,3.2115,0.39K,2.77%
11/19/2020,3.2085,3.202,3.222,3.1865,0.28K,0.16%
11/18/2020,3.2035,3.21,3.2415,3.202,0.46K,0.02%
11/17/2020,3.203,3.227,3.227,3.187,0.27K,-0.68%
11/16/2020,3.225,3.2,3.26,3.2,0.25K,1.40%
11/13/2020,3.1805,3.14,3.19,3.14,0.07K,1.03%
11/12/2020,3.148,3.1345,3.1625,3.1245,0.13K,0.33%
11/11/2020,3.1375,3.159,3.173,3.123,0.05K,-0.70%
11/10/2020,3.1595,3.159,3.1605,3.105,0.15K,0.00%
11/09/2020,3.1595,3.1645,3.2065,3.144,0.21K,0.08%
11/06/2020,3.157,3.1125,3.174,3.1085,0.13K,1.40%
11/05/2020,3.1135,3.1025,3.1285,3.0875,0.14K,0.13%
11/04/2020,3.1095,3.113,3.1165,3.045,0.09K,0.52%
11/03/2020,3.0935,3.0905,3.1185,3.0895,0.11K,0.41%
11/02/2020,3.081,3.055,3.091,3.052,0.06K,0.97%
10/30/2020,3.0515,3.068,3.068,3.045,0.26K,-0.28%
10/29/2020,3.06,3.081,3.081,3.0595,0.02K,-0.13%
10/28/2020,3.064,3.088,3.1065,3.042,89.55K,-0.95%
10/27/2020,3.0935,3.0915,3.1125,3.08,56.27K,0.13%
10/26/2020,3.0895,3.1415,3.143,3.077,74.73K,-1.26%
10/23/2020,3.129,3.164,3.1645,3.1245,50.62K,-0.78%
10/22/2020,3.1535,3.1955,3.196,3.1425,74.34K,-1.41%
10/21/2020,3.1985,3.1415,3.218,3.1405,80.17K,1.60%
10/20/2020,3.148,3.0835,3.1705,3.073,78.89K,2.01%
10/19/2020,3.086,3.0605,3.108,3.057,53.71K,0.60%
10/16/2020,3.0675,3.0875,3.096,3.0555,49.49K,-0.58%
10/15/2020,3.0855,3.0505,3.0935,3.0245,73.52K,1.15%
10/14/2020,3.0505,3.0415,3.0685,3.038,44.20K,0.20%
10/13/2020,3.0445,3.0635,3.067,3.0265,60.94K,-0.64%
10/12/2020,3.064,3.0795,3.093,3.052,50.42K,-0.60%
10/09/2020,3.0825,3.042,3.098,3.039,77.72K,1.33%
10/08/2020,3.042,3.0315,3.0475,3.0115,60.11K,0.30%
10/07/2020,3.033,2.927,3.055,2.9225,88.20K,2.35%
10/06/2020,2.9635,2.9635,2.9765,2.9205,45.41K,0.02%
10/05/2020,2.963,2.98,2.9845,2.932,56.24K,-0.49%
10/02/2020,2.9775,2.8775,2.9865,2.8345,112.08K,3.91%
10/01/2020,2.8655,3.016,3.0465,2.854,116.11K,-5.51%
09/30/2020,3.0325,2.9955,3.0415,2.9755,81.63K,1.42%
09/29/2020,2.99,3,3.006,2.955,67.93K,0.07%
09/28/2020,2.988,2.9885,3.0065,2.9735,0.28K,0.56%
09/25/2020,2.9715,2.976,2.992,2.9425,0.48K,0.13%
09/24/2020,2.9675,2.96,2.9775,2.9145,0.18K,-0.84%
09/23/2020,2.9925,3.06,3.06,2.9495,0.30K,-2.21%
09/22/2020,3.06,3.043,3.083,3.0425,0.26K,0.94%
09/21/2020,3.0315,3.1,3.11,3.027,0.21K,-2.65%
09/18/2020,3.114,3.0845,3.114,3.065,0.16K,1.48%
09/17/2020,3.0685,3.036,3.078,3.0195,0.18K,0.33%
09/16/2020,3.0585,3.0435,3.0735,3.043,0.20K,-0.08%
09/15/2020,3.061,3.0695,3.0805,3.043,0.32K,-0.13%
09/14/2020,3.065,3.0485,3.071,3.0265,0.37K,0.96%
09/11/2020,3.036,2.9735,3.045,2.9735,0.30K,1.45%
09/10/2020,2.9925,3.0515,3.0515,2.9545,0.30K,-1.76%
09/09/2020,3.046,3.0055,3.0525,3.0055,0.73K,0.86%
09/08/2020,3.02,3.071,3.0775,2.9975,0.17K,-1.62%
09/07/2020,3.0697,3.074,3.088,3.0427,,-0.16%
09/06/2020,3.0745,3.079,3.079,3.0623,,0.61%
09/04/2020,3.056,2.962,3.074,2.962,0.36K,2.91%
09/03/2020,2.9695,3.007,3.007,2.955,0.09K,-1.51%
09/02/2020,3.015,2.9975,3.0325,2.9955,0.12K,-0.25%
09/01/2020,3.0225,3.047,3.083,3.014,0.17K,-1.08%
08/31/2020,3.0555,3.0345,3.06,3.0335,0.15K,1.44%
08/28/2020,3.012,3.012,3.023,3.0085,0.45K,1.23%
08/27/2020,2.9755,2.983,2.9955,2.9415,0.87K,0.24%
08/26/2020,2.9685,2.9535,2.983,2.943,0.19K,0.92%
08/25/2020,2.9415,2.9335,2.9505,2.9195,0.39K,0.31%
08/24/2020,2.9325,2.939,2.969,2.924,0.30K,0.29%
08/21/2020,2.924,3,3.0035,2.918,0.40K,-1.91%
08/20/2020,2.981,2.9865,3.002,2.959,0.17K,-1.55%
08/19/2020,3.028,2.983,3.03,2.983,0.27K,1.59%
08/18/2020,2.9805,2.913,2.985,2.899,0.47K,2.46%
08/17/2020,2.909,2.8645,2.9235,2.86,0.19K,1.43%
08/14/2020,2.868,2.8005,2.8675,2.8005,0.09K,1.85%
08/13/2020,2.816,2.8575,2.8675,2.781,0.24K,-2.86%
08/12/2020,2.899,2.832,2.906,2.832,0.22K,0.52%
08/11/2020,2.884,2.874,2.886,2.858,0.10K,0.47%
08/10/2020,2.8705,2.8145,2.885,2.8145,0.10K,2.44%
08/07/2020,2.802,2.904,2.904,2.791,0.31K,-4.01%
08/06/2020,2.919,2.9045,2.9195,2.9045,0.29K,-0.21%
08/05/2020,2.925,2.92,2.941,2.92,0.03K,0.76%
08/04/2020,2.903,2.8975,2.907,2.8975,0.05K,-0.60%
08/03/2020,2.9205,2.842,2.9215,2.8415,0.04K,1.51%
07/31/2020,2.877,2.9105,2.9105,2.8745,0.36K,-1.54%
07/30/2020,2.922,2.9215,2.923,2.889,0.31K,0.10%
07/29/2020,2.919,2.9145,2.9435,2.895,57.12K,0.05%
07/28/2020,2.9175,2.909,2.94,2.879,70.94K,0.69%
07/27/2020,2.8975,2.8925,2.92,2.882,59.87K,0.17%
07/24/2020,2.8925,2.9215,2.9305,2.8665,80.31K,-1.57%
07/23/2020,2.9385,2.9265,2.954,2.899,56.70K,0.48%
07/22/2020,2.9245,2.9635,2.982,2.8915,72.71K,-1.13%
07/21/2020,2.958,2.921,2.975,2.9195,51.62K,1.46%
07/20/2020,2.9155,2.9065,2.944,2.8815,59.31K,0.38%
07/17/2020,2.9045,2.898,2.9175,2.88,49.75K,0.10%
07/16/2020,2.9015,2.894,2.906,2.845,71.22K,0.57%
07/15/2020,2.885,2.939,2.976,2.873,86.43K,-1.62%
07/14/2020,2.9325,2.916,2.946,2.898,83.11K,-0.76%
07/13/2020,2.955,2.9195,2.993,2.8955,104.54K,1.98%
07/10/2020,2.8975,2.8425,2.917,2.8225,81.46K,2.08%
07/09/2020,2.8385,2.8285,2.8755,2.8235,78.98K,0.51%
07/08/2020,2.824,2.785,2.8255,2.785,59.18K,0.97%
07/07/2020,2.797,2.79,2.799,2.746,62.73K,0.81%
07/06/2020,2.7745,2.749,2.7925,2.7235,86.67K,2.80%
07/03/2020,2.699,2.733,2.737,2.698,,-1.80%
07/02/2020,2.7485,2.759,2.769,2.7305,66.23K,0.53%
07/01/2020,2.734,2.7305,2.7585,2.7065,76.63K,0.20%
06/30/2020,2.7285,2.698,2.737,2.6955,69.03K,1.34%
06/29/2020,2.6925,2.67,2.7055,2.668,61.50K,0.79%
06/26/2020,2.6715,2.675,2.705,2.665,0.90K,-0.04%
06/25/2020,2.6725,2.6445,2.675,2.644,0.27K,0.70%
06/24/2020,2.654,2.666,2.684,2.637,0.31K,-0.38%
06/23/2020,2.664,2.66,2.6705,2.6305,0.51K,0.24%
06/22/2020,2.6575,2.62,2.6625,2.62,0.17K,1.39%
06/19/2020,2.621,2.612,2.657,2.607,0.30K,0.75%
06/18/2020,2.6015,2.5995,2.633,2.599,0.53K,0.02%
06/17/2020,2.601,2.5725,2.6075,2.567,0.36K,0.93%
06/16/2020,2.577,2.6035,2.62,2.548,0.78K,-0.06%
06/15/2020,2.5785,2.5975,2.609,2.555,0.38K,-1.23%
06/12/2020,2.6105,2.575,2.626,2.575,2.17K,0.58%
06/11/2020,2.5955,2.6735,2.6735,2.57,0.11K,-2.63%
06/10/2020,2.6655,2.6185,2.7025,2.6185,0.12K,2.24%
06/09/2020,2.607,2.593,2.611,2.574,0.20K,1.28%
06/08/2020,2.574,2.56,2.5915,2.5455,0.61K,0.43%
06/05/2020,2.563,2.5015,2.5735,2.499,0.15K,2.66%
06/04/2020,2.4965,2.49,2.5085,2.49,0.07K,0.06%
06/03/2020,2.495,2.509,2.51,2.4985,0.05K,-0.14%
06/02/2020,2.4985,2.4745,2.5025,2.469,0.03K,0.83%
06/01/2020,2.478,2.4585,2.48,2.4575,0.11K,1.79%
05/29/2020,2.4345,2.426,2.441,2.426,0.08K,0.54%
05/28/2020,2.4215,2.408,2.4255,2.408,0.08K,1.66%
05/27/2020,2.382,2.411,2.422,2.3585,73.62K,-1.51%
05/26/2020,2.4185,2.3975,2.439,2.386,70.77K,0.52%
05/25/2020,2.406,2.398,2.414,2.386,,0.38%
05/24/2020,2.397,2.393,2.399,2.387,,0.44%
05/22/2020,2.3865,2.4275,2.431,2.3715,60.70K,-1.87%
05/21/2020,2.432,2.4605,2.468,2.422,56.13K,-1.14%
05/20/2020,2.46,2.41,2.465,2.401,54.34K,1.74%
05/19/2020,2.418,2.4245,2.4385,2.4035,59.83K,0.58%
05/18/2020,2.404,2.3375,2.4285,2.334,65.07K,3.15%
05/15/2020,2.3305,2.362,2.3755,2.3285,48.38K,-0.66%
05/14/2020,2.346,2.353,2.365,2.314,53.81K,0.00%
05/13/2020,2.346,2.3355,2.375,2.3325,43.80K,-0.55%
05/12/2020,2.359,2.384,2.3865,2.3305,48.17K,-0.88%
05/11/2020,2.38,2.4095,2.43,2.367,59.01K,-1.08%
05/08/2020,2.406,2.379,2.43,2.378,34.75K,1.07%
05/07/2020,2.3805,2.342,2.391,2.334,52.22K,1.43%
05/06/2020,2.347,2.3325,2.3655,2.3185,45.06K,0.62%
05/05/2020,2.3325,2.321,2.34,2.307,38.37K,0.86%
05/04/2020,2.3125,2.305,2.322,2.284,30.43K,0.02%
05/01/2020,2.312,2.34,2.342,2.286,42.86K,-1.37%
04/30/2020,2.344,2.377,2.395,2.335,52.27K,-1.12%
04/29/2020,2.3705,2.3425,2.386,2.337,46.81K,0.96%
04/28/2020,2.348,2.3475,2.3755,2.3315,1.19K,0.02%
04/27/2020,2.3475,2.36,2.382,2.323,0.56K,0.43%
04/24/2020,2.3375,2.3145,2.3605,2.294,0.85K,0.99%
04/23/2020,2.3145,2.2935,2.34,2.2865,0.59K,0.56%
04/22/2020,2.3015,2.2725,2.3035,2.234,0.81K,2.33%
04/21/2020,2.249,2.321,2.3215,2.197,3.15K,-3.39%
04/20/2020,2.328,2.348,2.36,2.305,1.26K,-1.10%
04/17/2020,2.354,2.341,2.3645,2.338,0.28K,2.26%
04/16/2020,2.302,2.302,2.3245,2.299,0.44K,-0.09%
04/15/2020,2.304,2.337,2.337,2.2875,0.33K,-1.45%
04/14/2020,2.338,2.3365,2.343,2.321,0.52K,1.10%
04/13/2020,2.3125,2.305,2.35,2.2735,1.12K,1.87%
04/10/2020,2.27,2.27,2.27,2.27,,0.09%
04/09/2020,2.268,2.288,2.288,2.257,0.71K,0.07%
04/08/2020,2.2665,2.265,2.289,2.253,0.45K,-0.46%
04/07/2020,2.277,2.227,2.2905,2.227,0.30K,2.52%
04/06/2020,2.221,2.1895,2.2305,2.1895,0.20K,1.16%
04/03/2020,2.1955,2.2115,2.227,2.1895,0.28K,-1.19%
04/02/2020,2.222,2.185,2.23,2.185,0.16K,1.97%
04/01/2020,2.179,2.215,2.215,2.1635,0.19K,-2.37%
03/31/2020,2.232,2.192,2.2365,2.18,0.22K,3.31%
03/30/2020,2.1605,2.161,2.171,2.154,0.19K,-0.53%
03/27/2020,2.172,2.1845,2.2035,2.158,54.31K,-0.28%
03/26/2020,2.178,2.204,2.2155,2.159,60.76K,-1.18%
03/25/2020,2.204,2.1995,2.227,2.1495,74.58K,1.10%
03/24/2020,2.18,2.087,2.2395,2.0845,91.04K,3.78%
03/23/2020,2.1005,2.1465,2.1465,2.0205,84.92K,-3.27%
03/20/2020,2.1715,2.1485,2.2365,2.093,88.78K,-0.64%
03/19/2020,2.1855,2.1625,2.199,1.9725,101.07K,1.60%
03/18/2020,2.151,2.317,2.3415,2.111,105.93K,-7.02%
03/17/2020,2.3135,2.386,2.4255,2.302,101.65K,-3.30%
03/16/2020,2.3925,2.51,2.5155,2.335,114.11K,-2.90%
03/13/2020,2.464,2.443,2.532,2.4015,124.91K,-0.34%
03/12/2020,2.4725,2.4775,2.4845,2.428,116.12K,-1.18%
03/11/2020,2.502,2.541,2.542,2.4725,74.67K,-0.77%
03/10/2020,2.5215,2.487,2.5655,2.482,93.80K,0.44%
03/09/2020,2.5105,2.535,2.535,2.4565,120.97K,-1.95%
03/06/2020,2.5605,2.57,2.577,2.532,99.17K,-0.49%
03/05/2020,2.573,2.5825,2.6,2.561,62.32K,-0.50%
03/04/2020,2.586,2.587,2.6,2.57,58.22K,0.51%
03/03/2020,2.573,2.6165,2.625,2.5465,100.56K,-0.85%
03/02/2020,2.595,2.522,2.613,2.501,106.89K,2.17%
02/28/2020,2.54,2.5565,2.5775,2.506,130.45K,-1.22%
02/27/2020,2.5715,2.5665,2.582,2.5255,110.45K,-0.08%
02/26/2020,2.5735,2.5665,2.581,2.5485,1.25K,-0.27%
02/25/2020,2.5805,2.577,2.5945,2.562,0.65K,-0.04%
02/24/2020,2.5815,2.593,2.593,2.5645,0.61K,-1.19%
02/21/2020,2.6125,2.594,2.62,2.567,0.64K,0.77%
02/20/2020,2.5925,2.6175,2.6245,2.585,0.78K,-0.69%
02/19/2020,2.6105,2.614,2.6305,2.582,0.61K,0.08%
02/18/2020,2.6085,2.6105,2.635,2.598,0.26K,-0.44%
02/17/2020,2.62,2.607,2.633,2.602,,0.50%
02/16/2020,2.607,2.599,2.61,2.599,,0.12%
02/14/2020,2.604,2.6165,2.6205,2.6005,0.31K,-0.52%
02/13/2020,2.6175,2.595,2.6305,2.59,0.31K,0.46%
02/12/2020,2.6055,2.5875,2.614,2.587,0.83K,0.70%
02/11/2020,2.5875,2.5815,2.6095,2.5725,0.23K,1.29%
02/10/2020,2.5545,2.548,2.5795,2.546,0.22K,-0.10%
02/07/2020,2.557,2.596,2.5965,2.5505,0.36K,-1.52%
02/06/2020,2.5965,2.5895,2.6245,2.5895,0.50K,0.70%
02/05/2020,2.5785,2.5495,2.604,2.5485,0.37K,1.30%
02/04/2020,2.5455,2.5085,2.571,2.5085,0.65K,1.39%
02/03/2020,2.5105,2.511,2.5615,2.491,0.54K,-0.38%
01/31/2020,2.52,2.5495,2.5655,2.509,0.47K,-0.30%
01/30/2020,2.5275,2.5475,2.5525,2.523,0.14K,-1.04%
01/29/2020,2.554,2.588,2.6065,2.553,87.19K,-0.99%
01/28/2020,2.5795,2.5935,2.6085,2.5775,100.47K,-0.65%
01/27/2020,2.5965,2.6675,2.673,2.5915,118.99K,-3.26%
01/24/2020,2.684,2.731,2.736,2.6775,72.57K,-1.54%
01/23/2020,2.726,2.768,2.7725,2.711,88.85K,-1.41%
01/22/2020,2.765,2.788,2.805,2.7635,71.19K,-1.02%
01/21/2020,2.7935,2.847,2.861,2.79,103.87K,-1.78%
01/20/2020,2.844,2.852,2.861,2.837,,-0.25%
01/19/2020,2.851,2.846,2.851,2.845,,0.19%
01/17/2020,2.8455,2.852,2.8755,2.8415,59.52K,-0.05%
01/16/2020,2.847,2.8625,2.886,2.8415,73.55K,-0.66%
01/15/2020,2.866,2.87,2.8705,2.8365,55.20K,-0.26%
01/14/2020,2.8735,2.856,2.8745,2.8495,74.97K,0.44%
01/13/2020,2.861,2.8055,2.864,2.8055,73.10K,1.69%
01/10/2020,2.8135,2.8,2.836,2.7955,60.79K,0.41%
01/09/2020,2.802,2.808,2.819,2.7955,53.12K,-0.36%
01/08/2020,2.812,2.7955,2.814,2.763,77.70K,0.66%
01/07/2020,2.7935,2.789,2.804,2.78,59.47K,0.13%
01/06/2020,2.79,2.765,2.7955,2.7645,59.57K,0.11%
01/03/2020,2.787,2.825,2.8255,2.7595,74.75K,-1.35%
01/02/2020,2.825,2.8035,2.8295,2.794,72.46K,0.68%
01/01/2020,2.806,2.798,2.807,2.798,,0.32%
12/31/2019,2.797,2.8205,2.822,2.796,42.72K,-1.29%
12/30/2019,2.8335,2.8255,2.838,2.819,46.91K,0.21%
12/27/2019,2.8275,2.849,2.849,2.816,0.18K,-0.70%
12/26/2019,2.8475,2.833,2.855,2.8325,0.14K,0.33%
12/25/2019,2.838,2.825,2.842,2.825,,0.41%
12/24/2019,2.8265,2.8185,2.83,2.812,0.16K,0.61%
12/23/2019,2.8095,2.801,2.807,2.794,0.38K,0.16%
12/20/2019,2.805,2.8245,2.8255,2.7975,0.21K,-0.76%
12/19/2019,2.8265,2.8005,2.826,2.8005,0.48K,0.55%
12/18/2019,2.811,2.7945,2.8105,2.7945,0.62K,-0.05%
12/17/2019,2.8125,2.807,2.8165,2.805,0.48K,0.12%
12/16/2019,2.809,2.7885,2.8145,2.7855,2.32K,1.13%
12/13/2019,2.7775,2.816,2.825,2.7675,0.45K,-0.54%
12/12/2019,2.7925,2.778,2.809,2.7675,0.24K,0.25%
12/11/2019,2.7855,2.77,2.7915,2.7675,0.29K,0.87%
12/10/2019,2.7615,2.7455,2.7625,2.7445,0.26K,0.27%
12/09/2019,2.754,2.7355,2.7565,2.7205,0.38K,1.23%
12/06/2019,2.7205,2.6705,2.7475,2.665,0.11K,2.33%
12/05/2019,2.6585,2.659,2.6655,2.6545,0.33K,0.15%
12/04/2019,2.6545,2.6195,2.6605,2.6195,0.19K,1.39%
12/03/2019,2.618,2.645,2.645,2.6215,0.08K,-1.04%
12/02/2019,2.6455,2.649,2.657,2.644,0.11K,-0.40%
11/29/2019,2.656,2.6655,2.6655,2.649,0.24K,-0.52%
11/28/2019,2.67,2.694,2.695,2.667,,-0.76%
11/27/2019,2.6905,2.6825,2.7025,2.6825,0.66K,0.17%
11/26/2019,2.686,2.653,2.687,2.6445,1.48K,1.22%
11/25/2019,2.6535,2.65,2.6735,2.6405,0.71K,0.08%
11/22/2019,2.6515,2.631,2.653,2.623,0.51K,0.91%
11/21/2019,2.6275,2.6495,2.6525,2.6255,0.81K,-0.92%
11/20/2019,2.652,2.6535,2.666,2.6455,1.15K,-0.26%
11/19/2019,2.659,2.6245,2.663,2.6225,0.91K,1.31%
11/18/2019,2.6245,2.642,2.648,2.621,1.03K,-0.68%
11/15/2019,2.6425,2.63,2.6465,2.6295,0.42K,0.61%
11/14/2019,2.6265,2.645,2.66,2.623,0.76K,-0.64%
11/13/2019,2.6435,2.653,2.6545,2.6375,0.76K,-0.25%
11/12/2019,2.65,2.664,2.687,2.647,0.47K,-0.67%
11/11/2019,2.668,2.692,2.692,2.6625,0.25K,-0.67%
11/08/2019,2.686,2.722,2.7245,2.681,0.74K,-1.68%
11/07/2019,2.732,2.671,2.7325,2.671,0.59K,2.34%
11/06/2019,2.6695,2.703,2.703,2.6675,0.31K,-1.31%
11/05/2019,2.705,2.6685,2.714,2.668,0.70K,1.10%
11/04/2019,2.6755,2.667,2.6805,2.66,0.35K,0.68%
11/01/2019,2.6575,2.6505,2.668,2.642,0.41K,0.57%
10/31/2019,2.6425,2.6865,2.689,2.635,0.32K,-1.78%
10/30/2019,2.6905,2.686,2.6935,2.6675,0.11K,-0.04%
10/29/2019,2.6915,2.682,2.697,2.6725,52.04K,0.32%
10/28/2019,2.683,2.685,2.689,2.6735,49.12K,0.28%
10/25/2019,2.6755,2.6665,2.6905,2.659,57.34K,0.28%
10/24/2019,2.668,2.669,2.6795,2.659,61.06K,-0.13%
10/23/2019,2.6715,2.6355,2.6745,2.6145,75.68K,1.46%
10/22/2019,2.633,2.645,2.6505,2.6295,46.14K,-0.51%
10/21/2019,2.6465,2.6395,2.66,2.6305,54.49K,0.40%
10/18/2019,2.636,2.6,2.646,2.585,71.81K,1.48%
10/17/2019,2.5975,2.587,2.6175,2.577,53.90K,0.31%
10/16/2019,2.5895,2.6125,2.613,2.573,54.26K,-0.94%
10/15/2019,2.614,2.632,2.6415,2.606,53.71K,-0.76%
10/14/2019,2.634,2.6275,2.6345,2.594,58.73K,0.23%
10/11/2019,2.628,2.611,2.6385,2.606,71.34K,0.55%
10/10/2019,2.6135,2.569,2.62,2.5475,76.15K,1.77%
10/09/2019,2.568,2.567,2.5795,2.5605,46.71K,-0.02%
10/08/2019,2.5685,2.573,2.6015,2.5615,62.32K,-0.33%
10/07/2019,2.577,2.557,2.5895,2.5525,49.61K,0.57%
10/04/2019,2.5625,2.5535,2.566,2.53,48.82K,0.35%
10/03/2019,2.5535,2.566,2.582,2.5385,51.49K,-0.66%
10/02/2019,2.5705,2.565,2.5855,2.5475,62.20K,0.39%
10/01/2019,2.5605,2.574,2.577,2.515,74.86K,-0.70%
09/30/2019,2.5785,2.598,2.6185,2.5725,50.07K,-0.73%
09/27/2019,2.5975,2.577,2.613,2.5705,59.06K,1.03%
09/26/2019,2.571,2.602,2.61,2.5705,0.80K,-1.34%
09/25/2019,2.606,2.5985,2.607,2.5825,0.51K,0.17%
09/24/2019,2.6015,2.6055,2.615,2.595,0.48K,-0.19%
09/23/2019,2.6065,2.5915,2.613,2.57,0.23K,0.19%
09/20/2019,2.6015,2.6095,2.623,2.587,0.29K,-0.06%
09/19/2019,2.603,2.606,2.615,2.6,0.22K,-0.17%
09/18/2019,2.6075,2.6275,2.6305,2.5995,0.13K,-0.53%
09/17/2019,2.6215,2.63,2.63,2.6035,0.24K,-0.47%
09/16/2019,2.634,2.697,2.697,2.633,0.88K,-2.21%
09/13/2019,2.6935,2.64,2.6975,2.64,0.23K,2.22%
09/12/2019,2.635,2.6295,2.6575,2.59,0.54K,1.00%
09/11/2019,2.609,2.6115,2.631,2.607,0.14K,-0.51%
09/10/2019,2.6225,2.63,2.63,2.605,0.15K,0.04%
09/09/2019,2.6215,2.617,2.622,2.612,0.24K,-0.27%
09/06/2019,2.6285,2.6285,2.642,2.6175,0.29K,-0.30%
09/05/2019,2.6365,2.5995,2.6405,2.5835,0.67K,1.80%
09/04/2019,2.59,2.5265,2.59,2.5265,0.65K,2.64%
09/03/2019,2.5235,2.5365,2.5365,2.4925,0.77K,-0.34%
09/02/2019,2.532,2.552,2.567,2.528,,-0.78%
09/01/2019,2.552,2.557,2.557,2.547,,0.20%
08/30/2019,2.547,2.572,2.577,2.5445,0.33K,-1.03%
08/29/2019,2.5735,2.5535,2.588,2.5505,2.56K,0.57%
08/28/2019,2.559,2.552,2.5655,2.542,2.10K,0.35%
08/27/2019,2.55,2.541,2.572,2.5325,1.23K,0.14%
08/26/2019,2.5465,2.52,2.549,2.5,1.24K,0.47%
08/23/2019,2.5345,2.563,2.574,2.53,0.28K,-1.05%
08/22/2019,2.5615,2.581,2.586,2.552,0.48K,-1.06%
08/21/2019,2.589,2.5795,2.592,2.579,0.53K,0.29%
08/20/2019,2.5815,2.602,2.6025,2.5755,0.19K,-0.90%
08/19/2019,2.605,2.598,2.6175,2.598,0.14K,0.25%
08/16/2019,2.5985,2.591,2.596,2.59,0.11K,0.00%
08/15/2019,2.5985,2.606,2.606,2.5875,0.29K,0.12%
08/14/2019,2.5955,2.6105,2.6105,2.5875,0.29K,-1.44%
08/13/2019,2.6335,2.602,2.6395,2.5805,0.50K,1.76%
08/12/2019,2.588,2.5965,2.5965,2.5805,0.71K,-0.17%
08/09/2019,2.5925,2.616,2.616,2.587,0.57K,-0.69%
08/08/2019,2.6105,2.5935,2.616,2.5935,0.17K,1.38%
08/07/2019,2.575,2.574,2.592,2.551,0.41K,0.53%
08/06/2019,2.5615,2.548,2.572,2.548,0.79K,0.49%
08/05/2019,2.549,2.5625,2.565,2.548,0.59K,-1.11%
08/02/2019,2.5775,2.6145,2.629,2.567,0.69K,-3.48%
08/01/2019,2.6705,2.665,2.67,2.625,0.33K,-0.04%
07/31/2019,2.6715,2.688,2.688,2.67,0.86K,-0.43%
07/30/2019,2.683,2.7045,2.7045,2.681,0.29K,-1.27%
07/29/2019,2.7175,2.6905,2.721,2.6815,55.52K,1.21%
07/26/2019,2.685,2.7065,2.712,2.684,58.82K,-0.68%
07/25/2019,2.7035,2.7115,2.7385,2.7,63.42K,-0.31%
07/24/2019,2.712,2.706,2.7205,2.698,50.45K,0.44%
07/23/2019,2.7,2.716,2.73,2.6875,65.12K,-0.81%
07/22/2019,2.722,2.753,2.7595,2.718,66.57K,-1.11%
07/19/2019,2.7525,2.7195,2.803,2.715,132.64K,1.57%
07/18/2019,2.71,2.701,2.7205,2.6925,51.68K,-0.22%
07/17/2019,2.716,2.695,2.717,2.682,54.35K,0.59%
07/16/2019,2.7,2.715,2.7355,2.694,67.46K,-0.41%
07/15/2019,2.711,2.6975,2.728,2.6855,60.29K,0.63%
07/12/2019,2.694,2.688,2.7145,2.6725,57.60K,0.24%
07/11/2019,2.6875,2.689,2.698,2.6785,62.90K,-0.24%
07/10/2019,2.694,2.628,2.6995,2.625,86.28K,2.63%
07/09/2019,2.625,2.6575,2.659,2.612,78.23K,-1.28%
07/08/2019,2.659,2.6695,2.689,2.6545,58.27K,-0.08%
07/05/2019,2.661,2.6845,2.6875,2.6445,69.03K,-0.71%
07/04/2019,2.68,2.685,2.687,2.67,,-0.11%
07/03/2019,2.683,2.665,2.686,2.6365,52.69K,0.71%
07/02/2019,2.664,2.688,2.6965,2.6555,66.39K,-0.89%
07/01/2019,2.688,2.75,2.757,2.677,86.27K,-0.94%
06/28/2019,2.7135,2.721,2.728,2.7025,53.97K,-0.11%
06/27/2019,2.7165,2.7135,2.728,2.7,70.43K,0.04%
06/26/2019,2.7155,2.729,2.7525,2.7025,0.90K,-0.77%
06/25/2019,2.7365,2.709,2.746,2.702,1.13K,1.11%
06/24/2019,2.7065,2.7045,2.7125,2.684,1.48K,0.04%
06/21/2019,2.7055,2.716,2.7195,2.688,1.06K,-0.26%
06/20/2019,2.7125,2.695,2.73,2.695,0.56K,1.19%
06/19/2019,2.6805,2.7035,2.7075,2.6755,0.21K,-0.81%
06/18/2019,2.7025,2.645,2.7105,2.645,0.57K,2.15%
06/17/2019,2.6455,2.638,2.654,2.6195,0.69K,0.55%
06/14/2019,2.631,2.648,2.648,2.6295,0.40K,-1.02%
06/13/2019,2.658,2.6535,2.662,2.637,0.55K,0.11%
06/12/2019,2.655,2.6715,2.6715,2.641,0.41K,-0.67%
06/11/2019,2.673,2.6755,2.698,2.6675,0.46K,0.39%
06/10/2019,2.6625,2.6405,2.6665,2.6395,0.36K,1.25%
06/07/2019,2.6295,2.6505,2.6525,2.6045,0.43K,-0.83%
06/06/2019,2.6515,2.6405,2.6505,2.636,0.24K,1.03%
06/05/2019,2.6245,2.669,2.6735,2.6245,0.91K,-1.70%
06/04/2019,2.67,2.657,2.6705,2.643,0.29K,0.72%
06/03/2019,2.651,2.625,2.6555,2.6235,0.21K,0.40%
05/31/2019,2.6405,2.6435,2.653,2.6355,0.52K,-0.60%
05/30/2019,2.6565,2.671,2.6715,2.6435,0.41K,-0.28%
05/29/2019,2.664,2.696,2.698,2.6585,60.70K,-1.19%
05/28/2019,2.696,2.701,2.718,2.6885,63.39K,-0.63%
05/27/2019,2.713,2.7,2.717,2.696,,0.44%
05/26/2019,2.701,2.699,2.703,2.695,,0.06%
05/24/2019,2.6995,2.6815,2.7085,2.6805,54.24K,0.71%
05/23/2019,2.6805,2.6755,2.689,2.6545,70.82K,0.09%
05/22/2019,2.678,2.715,2.719,2.67,65.88K,-1.36%
05/21/2019,2.715,2.7275,2.7425,2.7055,60.84K,-0.40%
05/20/2019,2.726,2.7325,2.7505,2.712,47.18K,-0.46%
05/17/2019,2.7385,2.748,2.753,2.721,55.66K,-0.35%
05/16/2019,2.748,2.7465,2.7775,2.738,60.33K,0.18%
05/15/2019,2.743,2.7225,2.7525,2.7155,68.13K,0.66%
05/14/2019,2.725,2.72,2.738,2.714,62.62K,0.22%
05/13/2019,2.719,2.768,2.7735,2.709,78.97K,-2.00%
05/10/2019,2.7745,2.7675,2.797,2.756,91.46K,0.11%
05/09/2019,2.7715,2.7695,2.778,2.731,89.88K,-0.11%
05/08/2019,2.7745,2.7875,2.81,2.76,94.12K,-0.39%
05/07/2019,2.7855,2.8275,2.841,2.7755,103.41K,-1.56%
05/06/2019,2.8295,2.799,2.8485,2.7415,89.11K,0.37%
05/03/2019,2.819,2.782,2.833,2.775,80.32K,1.42%
05/02/2019,2.7795,2.793,2.8065,2.7715,81.05K,-0.79%
05/01/2019,2.8015,2.9075,2.9135,2.7865,112.25K,-3.53%
04/30/2019,2.904,2.892,2.9235,2.88,64.72K,0.24%
04/29/2019,2.897,2.8935,2.907,2.873,70.62K,0.19%
04/26/2019,2.8915,2.864,2.8945,2.8625,1.04K,0.92%
04/25/2019,2.865,2.912,2.92,2.86,0.56K,-1.66%
04/24/2019,2.9135,2.9005,2.9175,2.898,0.86K,0.53%
04/23/2019,2.898,2.9085,2.915,2.8825,0.41K,-0.24%
04/22/2019,2.905,2.9305,2.932,2.898,0.33K,-0.45%
04/19/2019,2.918,2.918,2.918,2.918,,-0.17%
04/18/2019,2.923,2.964,2.964,2.914,0.45K,-1.58%
04/17/2019,2.97,2.9485,2.996,2.944,0.45K,1.21%
04/16/2019,2.9345,2.939,2.9435,2.931,0.77K,-0.14%
04/15/2019,2.9385,2.95,2.95,2.921,0.66K,-0.37%
04/12/2019,2.9495,2.8995,2.955,2.8995,0.77K,1.99%
04/11/2019,2.892,2.9245,2.929,2.89,0.36K,-1.31%
04/10/2019,2.9305,2.935,2.9355,2.9205,0.11K,-0.27%
04/09/2019,2.9385,2.9355,2.961,2.9335,0.40K,0.05%
04/08/2019,2.937,2.9225,2.939,2.914,0.16K,1.28%
04/05/2019,2.9,2.922,2.9245,2.8935,0.21K,-0.51%
04/04/2019,2.915,2.949,2.954,2.91,0.25K,-1.27%
04/03/2019,2.9525,2.911,2.9555,2.9105,0.35K,1.44%
04/02/2019,2.9105,2.933,2.9395,2.9045,0.41K,-0.61%
04/01/2019,2.9285,2.95,2.99,2.92,0.45K,-0.37%
03/29/2019,2.9395,2.908,2.9435,2.903,0.27K,2.17%
03/28/2019,2.877,2.8605,2.891,2.86,0.16K,0.49%
03/27/2019,2.863,2.863,2.8755,2.8435,58.23K,0.32%
03/26/2019,2.854,2.8565,2.867,2.846,62.77K,-0.09%
03/25/2019,2.8565,2.843,2.8595,2.8345,68.37K,0.49%
03/22/2019,2.8425,2.9105,2.915,2.8395,103.69K,-2.19%
03/21/2019,2.906,2.9275,2.969,2.892,92.47K,-0.51%
03/20/2019,2.921,2.9195,2.942,2.9075,60.26K,-0.07%
03/19/2019,2.923,2.9125,2.944,2.908,63.28K,0.48%
03/18/2019,2.909,2.9095,2.9325,2.899,60.30K,0.10%
03/15/2019,2.906,2.889,2.9245,2.884,71.26K,0.50%
03/14/2019,2.8915,2.9325,2.9345,2.882,68.74K,-1.50%
03/13/2019,2.9355,2.9295,2.9395,2.9135,49.40K,0.24%
03/12/2019,2.9285,2.9065,2.957,2.905,68.21K,0.95%
03/11/2019,2.901,2.8915,2.9115,2.884,43.18K,0.26%
03/08/2019,2.8935,2.9145,2.9185,2.8745,66.54K,-0.58%
03/07/2019,2.9105,2.9265,2.929,2.8945,59.93K,-0.27%
03/06/2019,2.9185,2.9345,2.9445,2.9155,51.45K,-0.51%
03/05/2019,2.9335,2.911,2.9515,2.9075,61.97K,0.84%
03/04/2019,2.909,2.933,2.955,2.8965,70.59K,-0.78%
03/01/2019,2.932,2.9435,2.977,2.9225,75.97K,-0.54%
02/28/2019,2.948,2.967,2.968,2.939,70.21K,-0.49%
02/27/2019,2.9625,2.9495,2.9725,2.9345,73.98K,0.49%
02/26/2019,2.948,2.95,2.9595,2.9365,0.93K,0.03%
02/25/2019,2.947,2.9485,2.9755,2.941,0.71K,-0.07%
02/22/2019,2.949,2.9015,2.952,2.899,0.68K,1.78%
02/21/2019,2.8975,2.91,2.914,2.891,0.64K,-0.77%
02/20/2019,2.92,2.875,2.9235,2.875,0.36K,1.48%
02/19/2019,2.8775,2.817,2.877,2.8095,0.18K,1.39%
02/18/2019,2.838,2.816,2.848,2.803,,0.78%
02/17/2019,2.816,2.815,2.817,2.811,,0.48%
02/15/2019,2.8025,2.7725,2.823,2.762,0.15K,0.86%
02/14/2019,2.7785,2.801,2.8015,2.76,0.19K,0.09%
02/13/2019,2.776,2.787,2.787,2.77,0.05K,0.04%
02/12/2019,2.775,2.791,2.795,2.7635,0.05K,-0.64%
02/11/2019,2.793,2.8125,2.8125,2.7825,0.10K,-0.75%
02/08/2019,2.814,2.8235,2.836,2.8125,0.27K,-0.64%
02/07/2019,2.832,2.8415,2.851,2.83,0.32K,-0.28%
02/06/2019,2.84,2.8265,2.848,2.8255,0.10K,0.69%
02/05/2019,2.8205,2.805,2.8235,2.805,0.09K,0.82%
02/04/2019,2.7975,2.7735,2.803,2.76,0.49K,0.72%
02/01/2019,2.7775,2.7835,2.7845,2.766,0.28K,-0.41%
01/31/2019,2.789,2.7785,2.7985,2.7765,0.35K,0.61%
01/30/2019,2.772,2.7435,2.7865,2.7435,0.21K,1.72%
01/29/2019,2.725,2.6805,2.7255,2.6785,66.81K,1.68%
01/28/2019,2.68,2.733,2.7335,2.676,77.15K,-1.80%
01/25/2019,2.729,2.645,2.737,2.6445,93.39K,3.20%
01/24/2019,2.6445,2.6535,2.664,2.6345,59.05K,-0.38%
01/23/2019,2.6545,2.663,2.6765,2.648,59.25K,-0.19%
01/22/2019,2.6595,2.715,2.7155,2.6505,92.24K,-0.84%
01/21/2019,2.682,2.709,2.71,2.675,,-1.00%
01/20/2019,2.709,2.712,2.716,2.709,,-0.37%
01/18/2019,2.719,2.697,2.727,2.6865,78.07K,1.46%
01/17/2019,2.68,2.6715,2.712,2.6585,65.82K,0.24%
01/16/2019,2.6735,2.641,2.68,2.636,72.87K,1.48%
01/15/2019,2.6345,2.63,2.664,2.63,65.69K,-0.02%
01/14/2019,2.635,2.6535,2.661,2.6165,69.05K,-1.01%
01/11/2019,2.662,2.635,2.667,2.6335,66.90K,0.93%
01/10/2019,2.6375,2.66,2.6705,2.629,71.64K,-0.73%
01/09/2019,2.657,2.6515,2.6865,2.6485,78.68K,0.04%
01/08/2019,2.656,2.638,2.658,2.6235,66.00K,0.72%
01/07/2019,2.637,2.65,2.6595,2.6315,57.83K,-0.40%
01/04/2019,2.6475,2.576,2.655,2.567,83.28K,3.10%
01/03/2019,2.568,2.6015,2.6205,2.543,88.58K,-2.10%
01/02/2019,2.623,2.642,2.675,2.5945,85.02K,-1.09%
01/01/2019,2.652,2.643,2.654,2.638,,0.80%
12/31/2018,2.631,2.678,2.7035,2.6245,44.01K,-1.88%
12/28/2018,2.6815,2.6815,2.7255,2.671,53.56K,0.39%
12/27/2018,2.671,2.704,2.706,2.6695,0.27K,-1.24%
12/26/2018,2.7045,2.654,2.7095,2.6535,0.11K,1.63%
12/25/2018,2.661,2.664,2.671,2.649,,-0.19%
12/24/2018,2.666,2.66,2.67,2.66,0.11K,-0.39%
12/21/2018,2.6765,2.7,2.7105,2.675,0.10K,-0.89%
12/20/2018,2.7005,2.6825,2.7045,2.657,0.22K,-0.70%
12/19/2018,2.7195,2.6635,2.7205,2.6635,0.12K,2.05%
12/18/2018,2.665,2.7425,2.75,2.656,0.21K,-3.25%
12/17/2018,2.7545,2.748,2.752,2.7195,0.12K,-0.25%
12/14/2018,2.7615,2.7595,2.762,2.7335,0.08K,-0.18%
12/13/2018,2.7665,2.7885,2.8,2.767,0.17K,-0.18%
12/12/2018,2.7715,2.7675,2.772,2.765,0.08K,0.13%
12/11/2018,2.768,2.74,2.779,2.74,0.06K,1.76%
12/10/2018,2.72,2.7315,2.7515,2.717,0.05K,-1.43%
12/07/2018,2.7595,2.7545,2.7735,2.746,0.18K,0.56%
12/06/2018,2.744,2.7645,2.7645,2.715,0.27K,-1.12%
12/05/2018,2.775,2.7555,2.773,2.7555,0.42K,0.65%
12/04/2018,2.757,2.805,2.814,2.7515,0.11K,-1.83%
12/03/2018,2.8085,2.83,2.8505,2.79,0.07K,0.79%
11/30/2018,2.7865,2.784,2.793,2.7745,0.07K,-0.05%
11/29/2018,2.788,2.791,2.793,2.786,0.25K,-0.61%
11/28/2018,2.805,2.725,2.808,2.725,1.72K,3.28%
11/27/2018,2.716,2.7575,2.758,2.719,1.83K,-1.72%
11/26/2018,2.7635,2.7745,2.787,2.75,1.47K,-0.38%
11/23/2018,2.774,2.7875,2.8045,2.759,0.41K,-0.86%
11/22/2018,2.798,2.783,2.801,2.772,,-0.09%
11/21/2018,2.8005,2.7655,2.8015,2.765,0.45K,1.05%
11/20/2018,2.7715,2.7985,2.8415,2.757,0.90K,-1.14%
11/19/2018,2.8035,2.78,2.8075,2.77,1.16K,0.00%
11/16/2018,2.8035,2.7595,2.806,2.7555,0.50K,1.80%
11/15/2018,2.754,2.74,2.772,2.74,0.27K,1.32%
11/14/2018,2.718,2.675,2.7195,2.675,0.20K,0.85%
11/13/2018,2.695,2.678,2.753,2.671,0.24K,0.39%
11/12/2018,2.6845,2.6925,2.705,2.68,0.26K,-0.24%
11/09/2018,2.691,2.728,2.732,2.689,0.13K,-1.88%
11/08/2018,2.7425,2.7325,2.744,2.7205,0.13K,-0.67%
11/07/2018,2.761,2.742,2.774,2.742,0.13K,0.78%
11/06/2018,2.7395,2.7645,2.768,2.737,0.23K,-0.89%
11/05/2018,2.764,2.802,2.802,2.755,0.12K,-1.74%
11/02/2018,2.813,2.7235,2.8205,2.7185,0.40K,3.10%
11/01/2018,2.7285,2.672,2.731,2.666,0.30K,2.31%
10/31/2018,2.667,2.6735,2.683,2.66,0.72K,-0.21%
10/30/2018,2.6725,2.7235,2.736,2.672,0.32K,-2.48%
10/29/2018,2.7405,2.747,2.78,2.69,83.69K,-0.02%
10/26/2018,2.741,2.7525,2.754,2.7075,99.87K,-0.49%
10/25/2018,2.7545,2.747,2.7735,2.7155,95.14K,-0.11%
10/24/2018,2.7575,2.761,2.804,2.743,81.79K,-0.02%
10/23/2018,2.758,2.778,2.785,2.739,89.12K,-0.99%
10/22/2018,2.7855,2.777,2.8335,2.7725,85.47K,0.27%
10/19/2018,2.778,2.7325,2.788,2.728,87.97K,1.15%
10/18/2018,2.7465,2.775,2.782,2.726,102.09K,-1.13%
10/17/2018,2.778,2.7815,2.8045,2.754,97.05K,-0.05%
10/16/2018,2.7795,2.7795,2.793,2.758,76.62K,-0.32%
10/15/2018,2.7885,2.8085,2.839,2.772,87.16K,-0.43%
10/12/2018,2.8005,2.7755,2.8325,2.7745,98.63K,-0.09%
10/11/2018,2.803,2.749,2.816,2.713,150.78K,0.81%
10/10/2018,2.7805,2.814,2.82,2.741,98.41K,-0.93%
10/09/2018,2.8065,2.7685,2.8185,2.7505,102.48K,1.43%
10/08/2018,2.767,2.7685,2.781,2.735,80.90K,0.14%
10/05/2018,2.763,2.7895,2.7945,2.7455,88.55K,-0.52%
10/04/2018,2.7775,2.823,2.8665,2.7715,97.91K,-1.99%
10/03/2018,2.834,2.8,2.8395,2.7965,81.36K,0.98%
10/02/2018,2.8065,2.7845,2.8525,2.76,101.14K,0.68%
10/01/2018,2.7875,2.801,2.8225,2.7555,92.44K,-0.62%
09/28/2018,2.805,2.774,2.813,2.763,97.88K,0.79%
09/27/2018,2.783,2.816,2.828,2.7635,98.38K,-1.26%
09/26/2018,2.8185,2.814,2.83,2.808,0.40K,0.14%
09/25/2018,2.8145,2.82,2.832,2.794,0.72K,-0.44%
09/24/2018,2.827,2.834,2.8565,2.816,0.38K,-0.74%
09/21/2018,2.848,2.755,2.851,2.7445,2.31K,4.27%
09/20/2018,2.7315,2.721,2.7645,2.707,0.16K,0.37%
09/19/2018,2.7215,2.7275,2.7415,2.715,0.71K,-0.06%
09/18/2018,2.723,2.5925,2.728,2.5905,1.03K,3.01%
09/17/2018,2.6435,2.599,2.646,2.599,0.24K,0.21%
09/14/2018,2.638,2.6845,2.6845,2.621,0.25K,-1.42%
09/13/2018,2.676,2.6955,2.6985,2.6675,0.17K,0.26%
09/12/2018,2.669,2.6035,2.678,2.6035,0.23K,2.07%
09/11/2018,2.615,2.617,2.654,2.5795,0.08K,-0.25%
09/10/2018,2.6215,2.6265,2.628,2.6185,0.04K,0.21%
09/07/2018,2.616,2.6255,2.6415,2.609,0.10K,-0.53%
09/06/2018,2.63,2.6155,2.656,2.6065,0.24K,1.00%
09/05/2018,2.604,2.597,2.6145,2.5895,0.32K,0.29%
09/04/2018,2.5965,2.6505,2.66,2.5755,0.83K,-2.55%
08/31/2018,2.6645,2.6875,2.703,2.6565,0.65K,-1.66%
08/30/2018,2.7095,2.723,2.7235,2.6805,2.14K,-0.37%
08/29/2018,2.7195,2.7345,2.7405,2.705,1.45K,-0.93%
08/28/2018,2.745,2.718,2.752,2.699,1.05K,1.03%
08/27/2018,2.717,2.705,2.727,2.702,0.29K,0.31%
08/24/2018,2.7085,2.6495,2.7205,2.6495,0.45K,1.75%
08/23/2018,2.662,2.6725,2.674,2.625,0.66K,-0.67%
08/22/2018,2.68,2.6915,2.6945,2.66,0.36K,-0.76%
08/21/2018,2.7005,2.674,2.708,2.674,0.22K,0.97%
08/20/2018,2.6745,2.663,2.686,2.652,0.40K,1.50%
08/17/2018,2.635,2.6245,2.6745,2.6085,0.29K,0.46%
08/16/2018,2.623,2.5925,2.6425,2.575,0.32K,2.14%
08/15/2018,2.568,2.69,2.69,2.566,0.56K,-4.54%
08/14/2018,2.69,2.743,2.743,2.687,0.22K,-1.75%
08/13/2018,2.738,2.7515,2.7625,2.7215,0.16K,-0.44%
08/10/2018,2.75,2.774,2.774,2.7425,0.10K,-0.81%
08/09/2018,2.7725,2.776,2.821,2.769,0.16K,0.54%
08/08/2018,2.7575,2.761,2.7755,2.746,0.16K,-0.05%
08/07/2018,2.759,2.733,2.771,2.733,0.21K,0.75%
08/06/2018,2.7385,2.758,2.7615,2.7185,0.50K,-1.19%
08/03/2018,2.7715,2.7375,2.788,2.7235,0.20K,0.95%
08/02/2018,2.7455,2.759,2.764,2.7285,0.88K,-0.42%
08/01/2018,2.757,2.8325,2.8325,2.7445,0.09K,-2.94%
07/31/2018,2.8405,2.796,2.844,2.7785,0.13K,1.41%
07/30/2018,2.801,2.8175,2.8175,2.781,0.19K,-0.04%
07/27/2018,2.802,2.8075,2.835,2.781,83.19K,-0.57%
07/26/2018,2.818,2.8615,2.8645,2.8015,102.28K,0.02%
07/25/2018,2.8175,2.804,2.867,2.7935,102.25K,0.25%
07/24/2018,2.8105,2.742,2.835,2.7335,143.29K,2.33%
07/23/2018,2.7465,2.7515,2.7765,2.734,86.56K,-0.34%
07/20/2018,2.756,2.7175,2.761,2.6825,118.94K,2.24%
07/19/2018,2.6955,2.7655,2.7785,2.6735,148.36K,-2.34%
07/18/2018,2.76,2.7445,2.771,2.7155,106.26K,0.47%
07/17/2018,2.747,2.7655,2.7995,2.7415,90.92K,-0.63%
07/16/2018,2.7645,2.776,2.798,2.7445,84.32K,-0.40%
07/13/2018,2.7755,2.776,2.7885,2.7495,90.76K,-0.05%
07/12/2018,2.777,2.7505,2.792,2.731,110.52K,1.22%
07/11/2018,2.7435,2.83,2.8305,2.717,165.56K,-3.38%
07/10/2018,2.8395,2.87,2.8805,2.8135,98.14K,-0.37%
07/09/2018,2.85,2.8235,2.877,2.815,114.51K,0.92%
07/06/2018,2.824,2.8305,2.839,2.7825,128.80K,-0.07%
07/05/2018,2.826,2.935,2.9405,2.8205,208.62K,-3.12%
07/03/2018,2.917,2.945,2.9665,2.908,99.94K,-0.92%
07/02/2018,2.944,2.9695,2.973,2.921,91.25K,-0.74%
06/29/2018,2.966,2.97,2.997,2.958,87.62K,-0.19%
06/28/2018,2.9715,2.998,3.004,2.9515,112.59K,-0.87%
06/27/2018,2.9975,3.01,3.016,2.975,2.24K,-0.25%
06/26/2018,3.005,2.996,3.011,2.987,3.97K,0.22%
06/25/2018,2.9985,3.049,3.053,2.98,2.52K,-1.30%
06/22/2018,3.038,3.04,3.056,3.027,1.74K,0.18%
06/21/2018,3.0325,3.0545,3.0645,3.03,1.20K,-0.61%
06/20/2018,3.051,3.053,3.0755,3.0345,1.83K,-0.23%
06/19/2018,3.058,3.1375,3.141,3.049,1.58K,-1.91%
06/18/2018,3.1175,3.1455,3.155,3.11,0.24K,-1.20%
06/15/2018,3.1555,3.2125,3.2225,3.144,0.62K,-2.37%
06/14/2018,3.232,3.262,3.262,3.199,0.39K,-0.97%
06/13/2018,3.2635,3.2545,3.2755,3.2355,0.20K,0.12%
06/12/2018,3.2595,3.25,3.276,3.246,0.31K,-0.21%
06/11/2018,3.2665,3.3075,3.3075,3.256,0.59K,-1.31%
06/08/2018,3.31,3.2815,3.3125,3.266,0.39K,0.78%
06/07/2018,3.2845,3.28,3.323,3.2715,0.52K,0.38%
06/06/2018,3.272,3.209,3.2835,3.209,0.29K,2.00%
06/05/2018,3.208,3.1385,3.254,3.1385,0.38K,2.04%
06/04/2018,3.144,3.1035,3.15,3.102,0.10K,1.14%
06/01/2018,3.1085,3.0775,3.108,3.0725,0.33K,1.09%
05/31/2018,3.075,3.0955,3.0955,3.0575,0.16K,-0.15%
05/30/2018,3.0795,3.05,3.082,3.0265,0.44K,0.56%
05/29/2018,3.0625,3.081,3.1135,3.03,161.46K,-0.49%
05/25/2018,3.0775,3.102,3.117,3.069,89.12K,-0.60%
05/24/2018,3.096,3.069,3.1025,3.066,85.71K,0.83%
05/23/2018,3.0705,3.122,3.132,3.0485,125.18K,-1.96%
05/22/2018,3.132,3.1005,3.1485,3.088,112.35K,1.08%
05/21/2018,3.0985,3.065,3.1115,3.065,89.59K,1.14%
05/18/2018,3.0635,3.0835,3.091,3.0555,74.73K,-0.83%
05/17/2018,3.089,3.078,3.101,3.069,81.08K,0.60%
05/16/2018,3.0705,3.0605,3.08,3.044,77.78K,0.47%
05/15/2018,3.056,3.088,3.103,3.0345,103.72K,-1.20%
05/14/2018,3.093,3.111,3.131,3.0765,81.00K,-0.59%
05/11/2018,3.1115,3.1095,3.1265,3.1015,78.01K,0.05%
05/10/2018,3.11,3.061,3.118,3.052,113.51K,1.72%
05/09/2018,3.0575,3.0685,3.0695,3.04,82.87K,-0.05%
05/08/2018,3.059,3.0735,3.091,3.014,131.18K,-0.65%
05/07/2018,3.079,3.085,3.1045,3.0625,57.38K,-0.21%
05/04/2018,3.0855,3.0915,3.105,3.053,80.79K,0.16%
05/03/2018,3.0805,3.0635,3.1215,3.0565,110.56K,0.39%
05/02/2018,3.0685,3.051,3.088,3.0475,91.64K,1.02%
05/01/2018,3.0375,3.0705,3.085,3.0195,97.58K,-1.19%
04/30/2018,3.074,3.072,3.089,3.0575,66.65K,0.15%
04/27/2018,3.0695,3.14,3.146,3.052,108.79K,-1.82%
04/26/2018,3.1265,3.144,3.1505,3.1,1.48K,-0.62%
04/25/2018,3.146,3.1445,3.164,3.132,1.59K,-0.21%
04/24/2018,3.1525,3.1155,3.176,3.1115,0.62K,1.03%
04/23/2018,3.1205,3.1395,3.169,3.09,0.66K,-0.78%
04/20/2018,3.145,3.1385,3.156,3.1205,0.74K,0.08%
04/19/2018,3.1425,3.17,3.2,3.128,0.95K,-0.87%
04/18/2018,3.17,3.097,3.185,3.0915,1.08K,2.54%
04/17/2018,3.0915,3.108,3.1095,3.069,1.02K,-0.48%
04/16/2018,3.1065,3.074,3.126,3.074,0.52K,0.79%
04/13/2018,3.082,3.082,3.1,3.073,0.45K,0.26%
04/12/2018,3.074,3.1225,3.1245,3.057,0.40K,-1.68%
04/11/2018,3.1265,3.1435,3.1565,3.116,0.32K,-0.62%
04/10/2018,3.146,3.11,3.15,3.105,0.22K,1.93%
04/09/2018,3.0865,3.0565,3.094,3.0565,0.32K,0.57%
04/06/2018,3.069,3.044,3.0685,3.0435,0.14K,-0.52%
04/05/2018,3.085,3.0345,3.089,3.033,0.58K,2.12%
04/04/2018,3.021,3.075,3.075,2.9835,1.46K,-1.74%
04/03/2018,3.0745,3.051,3.076,3.051,0.45K,0.44%
04/02/2018,3.061,3.051,3.0825,3.051,0.21K,0.79%
03/29/2018,3.037,3.0395,3.055,3.03,0.11K,0.78%
03/28/2018,3.0135,2.9985,3.0135,2.9835,0.83K,0.43%
03/27/2018,3.0005,2.984,3.024,2.9775,109.83K,1.03%
03/26/2018,2.97,2.9795,3.002,2.9375,123.57K,-0.77%
03/23/2018,2.993,3.023,3.0305,2.9705,136.92K,-0.89%
03/22/2018,3.02,3.0785,3.089,3.003,125.08K,-1.26%
03/21/2018,3.0585,3.0385,3.093,3.015,119.31K,0.67%
03/20/2018,3.038,3.076,3.094,3.029,108.99K,-1.43%
03/19/2018,3.082,3.115,3.1155,3.058,92.06K,-0.82%
03/16/2018,3.1075,3.1265,3.1495,3.09,78.95K,-0.64%
03/15/2018,3.1275,3.1495,3.166,3.1075,79.32K,-0.98%
03/14/2018,3.1585,3.134,3.192,3.1265,113.11K,0.65%
03/13/2018,3.138,3.121,3.1445,3.1025,81.59K,0.45%
03/12/2018,3.124,3.147,3.1555,3.1095,89.73K,-0.38%
03/09/2018,3.136,3.078,3.147,3.0555,117.78K,1.85%
03/08/2018,3.079,3.135,3.1395,3.0705,94.99K,-1.82%
03/07/2018,3.136,3.155,3.1585,3.1175,92.63K,-0.73%
03/06/2018,3.159,3.1285,3.178,3.1265,83.85K,0.99%
03/05/2018,3.128,3.1325,3.1385,3.0955,79.05K,0.11%
03/02/2018,3.1245,3.1235,3.1455,3.1085,78.42K,0.05%
03/01/2018,3.123,3.1285,3.1475,3.098,110.39K,-0.30%
02/28/2018,3.1325,3.1835,3.186,3.1255,94.83K,-1.69%
02/27/2018,3.1865,3.2235,3.237,3.163,103.01K,-0.78%
02/26/2018,3.2115,3.2165,3.245,3.2025,3.34K,-0.36%
02/23/2018,3.223,3.244,3.244,3.2055,1.18K,-0.85%
02/22/2018,3.2505,3.207,3.2505,3.167,0.85K,0.76%
02/21/2018,3.226,3.1935,3.234,3.182,0.42K,0.77%
02/20/2018,3.2015,3.2815,3.2815,3.194,0.38K,-1.73%
02/16/2018,3.258,3.255,3.275,3.245,0.38K,0.11%
02/15/2018,3.2545,3.251,3.2575,3.23,0.24K,0.29%
02/14/2018,3.245,3.16,3.2445,3.151,0.24K,2.32%
02/13/2018,3.1715,3.09,3.176,3.09,0.17K,2.42%
02/12/2018,3.0965,3.0585,3.099,3.058,0.24K,1.74%
02/09/2018,3.0435,3.09,3.094,3.0425,0.08K,-1.57%
02/08/2018,3.092,3.12,3.12,3.0725,0.20K,-0.19%
02/07/2018,3.098,3.19,3.19,3.0985,0.23K,-3.19%
02/06/2018,3.2,3.195,3.225,3.1935,0.16K,-0.97%
02/05/2018,3.2315,3.1845,3.2625,3.184,0.13K,1.05%
02/02/2018,3.198,3.222,3.253,3.1865,0.28K,-0.68%
02/01/2018,3.22,3.2165,3.23,3.197,0.98K,0.42%
01/31/2018,3.2065,3.2015,3.239,3.2015,0.18K,0.22%
01/30/2018,3.1995,3.216,3.216,3.1825,0.24K,0.17%
01/29/2018,3.194,3.2,3.2355,3.191,84.80K,-0.16%
01/26/2018,3.199,3.204,3.228,3.185,99.41K,-0.54%
01/25/2018,3.2165,3.23,3.258,3.196,130.08K,-0.37%
01/24/2018,3.2285,3.1185,3.2425,3.114,172.47K,3.78%
01/23/2018,3.111,3.1985,3.2125,3.108,173.58K,-2.74%
01/22/2018,3.1985,3.1865,3.2185,3.1795,85.89K,0.35%
01/19/2018,3.1875,3.201,3.234,3.18,94.36K,-0.36%
01/18/2018,3.199,3.192,3.216,3.184,84.68K,0.31%
01/17/2018,3.189,3.219,3.221,3.1785,96.40K,-0.95%
01/16/2018,3.2195,3.224,3.291,3.1835,230.07K,0.03%
01/12/2018,3.2185,3.2255,3.249,3.216,84.10K,-0.45%
01/11/2018,3.233,3.236,3.2565,3.2065,96.62K,-0.08%
01/10/2018,3.2355,3.2205,3.2745,3.2175,96.99K,0.61%
01/09/2018,3.216,3.2305,3.259,3.2125,99.57K,-0.25%
01/08/2018,3.224,3.2335,3.2455,3.2205,87.80K,-0.17%
01/05/2018,3.2295,3.2585,3.276,3.2225,84.95K,-1.03%
01/04/2018,3.263,3.257,3.298,3.245,105.44K,0.17%
01/03/2018,3.2575,3.2775,3.28,3.2365,104.30K,-0.63%
01/02/2018,3.278,3.2965,3.3095,3.2675,107.29K,-0.68%
12/29/2017,3.3005,3.3065,3.3145,3.26,105.01K,-0.24%
12/28/2017,3.3085,3.282,3.322,3.2695,111.15K,1.05%
12/27/2017,3.274,3.2645,3.2865,3.244,0.74K,0.08%
12/26/2017,3.2715,3.2365,3.274,3.2225,0.17K,1.30%
12/22/2017,3.2295,3.1875,3.2335,3.1875,0.17K,0.61%
12/21/2017,3.21,3.184,3.208,3.175,0.36K,0.72%
12/20/2017,3.187,3.1615,3.192,3.155,0.12K,1.40%
12/19/2017,3.143,3.1245,3.146,3.11,0.10K,0.18%
12/18/2017,3.1375,3.1355,3.1365,3.106,0.18K,0.40%
12/15/2017,3.125,3.058,3.13,3.055,0.14K,2.01%
12/14/2017,3.0635,3.0345,3.0725,3.0345,0.16K,0.62%
12/13/2017,3.0445,3.0145,3.051,3.0135,0.27K,1.00%
12/12/2017,3.0145,3.0045,3.015,2.995,0.17K,0.37%
12/11/2017,3.0035,2.965,3.009,2.957,0.14K,1.11%
12/08/2017,2.9705,2.9725,2.9815,2.964,0.07K,0.49%
12/07/2017,2.956,2.961,2.9695,2.95,0.07K,0.08%
12/06/2017,2.9535,2.9405,2.98,2.9405,0.26K,0.54%
12/05/2017,2.9375,3.0905,3.091,2.9345,0.32K,-4.66%
12/04/2017,3.081,3.096,3.103,3.079,0.12K,-0.10%
12/01/2017,3.084,3.059,3.1065,3.059,0.25K,0.93%
11/30/2017,3.0555,3.0815,3.0815,3.0565,0.37K,-0.15%
11/29/2017,3.06,3.1,3.1015,3.0565,1.09K,-0.70%
11/28/2017,3.0815,3.139,3.139,3.075,2.04K,-1.93%
11/27/2017,3.142,3.181,3.182,3.13,0.44K,-1.09%
11/24/2017,3.1765,3.139,3.1825,3.134,0.43K,1.03%
11/22/2017,3.144,3.134,3.149,3.1295,0.61K,0.27%
11/21/2017,3.1355,3.0955,3.1365,3.095,0.52K,1.13%
11/20/2017,3.1005,3.08,3.101,3.059,0.64K,0.81%
11/17/2017,3.0755,3.0605,3.08,3.047,0.27K,0.64%
11/16/2017,3.056,3.063,3.0735,3.0495,0.11K,-0.20%
11/15/2017,3.062,3.0635,3.0685,3.044,0.17K,-0.36%
11/14/2017,3.073,3.1265,3.134,3.061,0.34K,-1.63%
11/13/2017,3.124,3.091,3.14,3.08,0.28K,1.31%
11/10/2017,3.0835,3.1005,3.1125,3.08,0.40K,-0.32%
11/09/2017,3.0935,3.09,3.1,3.067,0.25K,-0.42%
11/08/2017,3.1065,3.0985,3.113,3.0765,0.52K,0.31%
11/07/2017,3.097,3.168,3.168,3.092,0.25K,-2.15%
11/06/2017,3.165,3.1235,3.172,3.1235,0.21K,1.28%
11/03/2017,3.125,3.149,3.1585,3.113,0.24K,-0.81%
11/02/2017,3.1505,3.163,3.164,3.139,0.10K,0.03%
11/01/2017,3.1495,3.15,3.1805,3.142,0.17K,1.34%
10/31/2017,3.108,3.109,3.1265,3.103,0.07K,-0.35%
10/30/2017,3.119,3.1065,3.119,3.106,0.19K,0.50%
10/27/2017,3.1035,3.1785,3.1795,3.073,141.96K,-2.33%
10/26/2017,3.1775,3.1865,3.2,3.158,95.89K,-0.17%
10/25/2017,3.183,3.1985,3.203,3.144,105.99K,-0.47%
10/24/2017,3.198,3.185,3.239,3.182,109.97K,0.31%
10/23/2017,3.188,3.17,3.1895,3.152,86.15K,0.71%
10/20/2017,3.1655,3.172,3.2105,3.143,110.76K,-0.06%
10/19/2017,3.1675,3.1755,3.1865,3.138,96.32K,-0.33%
10/18/2017,3.178,3.2,3.216,3.171,119.82K,-0.55%
10/17/2017,3.1955,3.2425,3.243,3.1875,113.64K,-1.34%
10/16/2017,3.239,3.1335,3.2595,3.112,173.73K,3.37%
10/13/2017,3.1335,3.122,3.1425,3.1125,92.66K,0.43%
10/12/2017,3.12,3.0935,3.136,3.0835,94.69K,0.79%
10/11/2017,3.0955,3.064,3.0995,3.0525,107.25K,1.14%
10/10/2017,3.0605,3.0285,3.0705,3.0275,99.23K,0.97%
10/09/2017,3.031,3.0185,3.0365,3.012,77.52K,0.07%
10/06/2017,3.029,3.0405,3.056,3.018,67.37K,-0.57%
10/05/2017,3.0465,2.9565,3.05,2.954,85.89K,2.96%
10/04/2017,2.959,2.9575,2.972,2.947,45.59K,-0.15%
10/03/2017,2.9635,2.945,2.972,2.926,55.30K,0.27%
10/02/2017,2.9555,2.9585,2.99,2.9375,53.50K,0.02%
09/29/2017,2.955,2.9775,2.9925,2.9455,87.85K,-1.34%
09/28/2017,2.995,2.954,2.9925,2.954,0.00K,1.99%
09/27/2017,2.9365,2.9235,2.95,2.9235,0.06K,0.36%
09/26/2017,2.926,2.9505,2.969,2.9175,0.08K,-0.63%
09/25/2017,2.9445,2.943,2.944,2.9375,0.04K,-0.24%
09/22/2017,2.9515,2.916,2.946,2.916,0.02K,0.34%
09/21/2017,2.9415,2.9485,2.9545,2.932,0.03K,-1.16%
09/20/2017,2.976,2.987,2.995,2.971,0.03K,0.00%
09/19/2017,2.976,2.972,2.9795,2.972,0.04K,0.00%
09/18/2017,2.976,2.98,2.98,2.9725,0.05K,0.68%
09/15/2017,2.956,2.961,2.961,2.9535,0.02K,-0.29%
09/14/2017,2.9645,2.951,2.968,2.951,0.05K,-0.79%
09/13/2017,2.988,2.998,2.998,2.9825,0.02K,-1.81%
09/12/2017,3.043,3.0575,3.0575,3.03,0.06K,-0.98%
09/11/2017,3.073,3.0705,3.075,3.0705,0.11K,0.80%
09/08/2017,3.0485,3.1565,3.1565,3.046,0.36K,-3.24%
09/07/2017,3.1505,3.1415,3.1425,3.1415,0.10K,-0.25%
09/06/2017,3.1585,3.1455,3.162,3.1455,0.14K,0.77%
09/05/2017,3.1345,3.1335,3.135,3.1325,0.00K,0.32%
09/01/2017,3.1245,3.121,3.121,3.1095,0.12K,0.60%
08/31/2017,3.106,3.12,3.128,3.102,0.02K,0.37%
08/30/2017,3.0945,3.0955,3.0955,3.0955,0.06K,-0.32%
08/29/2017,3.1045,3.0925,3.1215,3.0765,73.06K,0.60%
08/28/2017,3.086,3.062,3.1095,3.0595,51.73K,0.97%
08/25/2017,3.0565,3.0605,3.078,3.0405,56.52K,0.00%
08/24/2017,3.0565,3.0065,3.0715,3.0025,57.75K,1.78%
08/23/2017,3.003,3.0085,3.012,2.985,45.59K,-0.15%
08/22/2017,3.0075,2.9995,3.036,2.988,48.45K,0.20%
08/21/2017,3.0015,2.96,3.023,2.953,38.10K,1.35%
08/18/2017,2.9615,2.934,2.9825,2.9315,29.83K,0.02%
08/17/2017,2.961,2.934,2.9345,2.934,24.40K,-0.50%
08/16/2017,2.976,2.9,3.001,2.8995,38.84K,2.41%
08/15/2017,2.906,2.921,2.9365,2.8985,23.04K,-0.72%
08/14/2017,2.927,2.934,2.941,2.91,21.45K,-0.20%
08/11/2017,2.933,2.927,2.943,2.8935,28.20K,0.76%
08/10/2017,2.911,2.9375,2.9445,2.9085,0.25K,-0.80%
08/09/2017,2.9345,2.95,2.9595,2.9265,0.35K,-0.53%
08/08/2017,2.95,2.9105,2.9505,2.9105,0.21K,1.20%
08/07/2017,2.915,2.898,2.931,2.8825,0.89K,0.78%
08/04/2017,2.8925,2.8995,2.9045,2.876,0.21K,0.26%
08/03/2017,2.885,2.896,2.9,2.874,0.21K,-0.22%
08/02/2017,2.8915,2.8835,2.895,2.8775,0.13K,0.09%
08/01/2017,2.889,2.8905,2.8965,2.8835,0.07K,-0.38%
07/31/2017,2.9,2.894,2.915,2.8915,0.21K,0.61%
07/28/2017,2.8825,2.8625,2.8885,2.8495,0.37K,0.17%
07/27/2017,2.8775,2.873,2.8975,2.862,79.19K,0.19%
07/26/2017,2.872,2.8425,2.9055,2.832,150.12K,0.90%
07/25/2017,2.8465,2.7445,2.854,2.7345,154.05K,4.02%
07/24/2017,2.7365,2.7255,2.7445,2.717,45.12K,0.51%
07/21/2017,2.7225,2.7175,2.7505,2.712,63.67K,0.24%
07/20/2017,2.716,2.7075,2.723,2.6985,53.02K,0.20%
07/19/2017,2.7105,2.729,2.7355,2.706,56.38K,-0.73%
07/18/2017,2.7305,2.728,2.7335,2.712,53.54K,0.24%
07/17/2017,2.724,2.6915,2.7375,2.6835,71.75K,1.23%
07/14/2017,2.691,2.6655,2.696,2.663,56.42K,1.11%
07/13/2017,2.6615,2.685,2.6965,2.66,57.79K,-0.84%
07/12/2017,2.684,2.675,2.6985,2.672,59.01K,0.45%
07/11/2017,2.672,2.651,2.677,2.642,61.70K,0.93%
07/10/2017,2.6475,2.6525,2.6605,2.631,55.75K,0.02%
07/07/2017,2.647,2.662,2.6695,2.6405,53.57K,-0.54%
07/06/2017,2.6615,2.6615,2.671,2.6515,49.55K,0.06%
07/05/2017,2.66,2.6875,2.6915,2.6435,99.03K,-1.23%
07/03/2017,2.693,2.711,2.7165,2.685,54.17K,-0.66%
06/30/2017,2.711,2.6965,2.7185,2.682,66.29K,0.58%
06/29/2017,2.6955,2.675,2.7155,2.6705,82.58K,1.01%
06/28/2017,2.6685,2.6505,2.67,2.643,1.08K,0.53%
06/27/2017,2.6545,2.6325,2.6605,2.6225,1.31K,0.84%
06/26/2017,2.6325,2.628,2.637,2.6225,0.22K,0.11%
06/23/2017,2.6295,2.602,2.65,2.599,0.15K,0.98%
06/22/2017,2.604,2.6,2.62,2.5835,0.33K,-0.17%
06/21/2017,2.6085,2.564,2.6115,2.564,0.60K,1.74%
06/20/2017,2.564,2.5945,2.5945,2.56,1.02K,-1.31%
06/19/2017,2.598,2.5735,2.605,2.5725,1.23K,1.03%
06/16/2017,2.5715,2.5725,2.5825,2.5645,0.44K,-0.35%
06/15/2017,2.5805,2.5825,2.5975,2.549,19.48K,-0.27%
06/14/2017,2.5875,2.61,2.617,2.5745,22.01K,-0.82%
06/13/2017,2.609,2.625,2.637,2.593,23.27K,-0.69%
06/12/2017,2.627,2.6565,2.6585,2.621,25.94K,-1.18%
06/09/2017,2.6585,2.6225,2.661,2.608,27.10K,1.49%
06/08/2017,2.6195,2.5635,2.627,2.5555,29.00K,2.16%
06/07/2017,2.564,2.559,2.5705,2.5465,23.24K,0.18%
06/06/2017,2.5595,2.571,2.5775,2.529,13.51K,-0.41%
06/05/2017,2.57,2.585,2.585,2.554,8.78K,-0.64%
06/02/2017,2.5865,2.593,2.593,2.538,14.02K,-0.48%
06/01/2017,2.599,2.5995,2.607,2.5745,12.99K,0.23%
05/31/2017,2.593,2.584,2.601,2.568,13.48K,0.58%
05/30/2017,2.578,2.579,2.6075,2.554,8.25K,0.19%
05/26/2017,2.573,2.5975,2.6015,2.5665,0.18K,-1.17%
05/25/2017,2.6035,2.5855,2.6225,2.5855,0.27K,0.52%
05/24/2017,2.59,2.605,2.605,2.565,0.10K,-0.48%
05/23/2017,2.6025,2.594,2.6045,2.594,0.06K,0.02%
05/22/2017,2.602,2.598,2.6035,2.5955,0.08K,0.54%
05/19/2017,2.588,2.5445,2.592,2.542,0.08K,1.97%
05/18/2017,2.538,2.536,2.542,2.502,0.07K,-0.59%
05/17/2017,2.553,2.55,2.554,2.533,0.13K,-0.14%
05/16/2017,2.5565,2.5405,2.557,2.535,0.19K,0.47%
05/15/2017,2.5445,2.5395,2.5625,2.5395,0.04K,0.59%
05/12/2017,2.5295,2.5135,2.5315,2.5135,0.03K,0.64%
05/11/2017,2.5135,2.5135,2.55,2.5105,0.08K,0.54%
05/10/2017,2.5,2.497,2.513,2.4965,0.10K,-0.16%
05/09/2017,2.504,2.4985,2.5145,2.4985,0.09K,0.16%
05/08/2017,2.5,2.5405,2.5405,2.489,0.10K,-1.40%
05/05/2017,2.5355,2.514,2.547,2.514,0.07K,0.68%
05/04/2017,2.5185,2.5485,2.5485,2.5095,0.08K,-1.24%
05/03/2017,2.55,2.5865,2.5865,2.528,0.12K,-3.08%
05/02/2017,2.631,2.655,2.655,2.616,0.37K,-0.94%
05/01/2017,2.656,2.6,2.6745,2.5905,0.40K,2.06%
04/28/2017,2.6025,2.592,2.61,2.583,0.60K,0.37%
04/27/2017,2.593,2.6015,2.6015,2.5655,85.88K,-0.10%
04/26/2017,2.5955,2.586,2.602,2.58,0.75K,0.39%
04/25/2017,2.5855,2.5595,2.5995,2.5555,0.78K,1.02%
04/24/2017,2.5595,2.554,2.5795,2.544,0.57K,0.55%
04/21/2017,2.5455,2.547,2.572,2.5355,0.69K,-0.20%
04/20/2017,2.5505,2.526,2.5615,2.513,0.74K,0.31%
04/19/2017,2.5425,2.5365,2.5635,2.5045,0.53K,0.32%
04/18/2017,2.5345,2.594,2.596,2.522,0.93K,-2.67%
04/17/2017,2.604,2.585,2.6125,2.574,0.30K,0.99%
04/13/2017,2.5785,2.55,2.5955,2.55,0.56K,0.98%
04/12/2017,2.5535,2.6145,2.616,2.546,0.92K,-2.37%
04/11/2017,2.6155,2.61,2.6275,2.5945,2.24K,0.17%
04/10/2017,2.611,2.652,2.652,2.607,0.56K,-1.64%
04/07/2017,2.6545,2.667,2.667,2.615,0.55K,-0.43%
04/06/2017,2.666,2.6835,2.693,2.6605,0.23K,-0.84%
04/05/2017,2.6885,2.6355,2.702,2.6355,0.67K,2.58%
04/04/2017,2.621,2.613,2.628,2.61,0.07K,0.34%
04/03/2017,2.612,2.658,2.6625,2.612,0.39K,-1.80%
03/31/2017,2.66,2.6845,2.6865,2.644,0.60K,-0.69%
03/30/2017,2.6785,2.6735,2.721,2.6735,0.25K,0.04%
03/29/2017,2.6775,2.668,2.687,2.657,71.49K,0.06%
03/28/2017,2.676,2.6375,2.678,2.615,75.55K,1.67%
03/27/2017,2.632,2.635,2.6375,2.5665,96.55K,0.04%
03/24/2017,2.631,2.651,2.6525,2.617,49.01K,-0.51%
03/23/2017,2.6445,2.639,2.655,2.615,73.65K,0.53%
03/22/2017,2.6305,2.6065,2.642,2.5875,69.45K,0.46%
03/21/2017,2.6185,2.654,2.6605,2.6035,76.75K,-1.82%
03/20/2017,2.667,2.6895,2.7,2.652,63.85K,-0.91%
03/17/2017,2.6915,2.6765,2.6965,2.658,44.06K,0.52%
03/16/2017,2.6775,2.6695,2.6975,2.6665,57.34K,0.79%
03/15/2017,2.6565,2.6435,2.677,2.637,51.11K,0.82%
03/14/2017,2.635,2.628,2.6505,2.599,65.01K,0.36%
03/13/2017,2.6255,2.599,2.6395,2.597,55.46K,1.18%
03/10/2017,2.595,2.5775,2.616,2.5735,67.34K,0.58%
03/09/2017,2.58,2.59,2.6,2.5585,75.31K,-0.79%
03/08/2017,2.6005,2.6145,2.6345,2.588,70.14K,-0.69%
03/07/2017,2.6185,2.654,2.664,2.608,69.66K,-1.26%
03/06/2017,2.652,2.7075,2.7095,2.646,65.16K,-1.65%
03/03/2017,2.6965,2.687,2.7115,2.6775,49.42K,0.22%
03/02/2017,2.6905,2.738,2.745,2.681,55.24K,-1.66%
03/01/2017,2.736,2.714,2.7685,2.706,67.92K,0.81%
02/28/2017,2.714,2.6945,2.723,2.678,54.54K,0.59%
02/27/2017,2.698,2.686,2.704,2.6675,63.22K,0.35%
02/24/2017,2.6885,2.6475,2.6965,2.6475,1.02K,1.40%
02/23/2017,2.6515,2.7435,2.7435,2.6475,0.68K,-3.23%
02/22/2017,2.74,2.7495,2.7515,2.7205,0.29K,-0.42%
02/21/2017,2.7515,2.721,2.767,2.721,0.43K,1.38%
02/17/2017,2.714,2.7235,2.742,2.693,0.35K,-0.51%
02/16/2017,2.728,2.762,2.77,2.711,0.84K,-0.87%
02/15/2017,2.752,2.756,2.762,2.738,1.04K,0.22%
02/14/2017,2.746,2.7925,2.82,2.7225,1.27K,-1.58%
02/13/2017,2.79,2.782,2.8205,2.782,0.29K,0.54%
02/10/2017,2.775,2.6685,2.787,2.6685,0.10K,4.30%
02/09/2017,2.6605,2.6745,2.6765,2.6515,0.14K,-0.49%
02/08/2017,2.6735,2.6715,2.6875,2.6715,0.14K,1.29%
02/07/2017,2.6395,2.655,2.655,2.6385,0.87K,-0.70%
02/06/2017,2.658,2.64,2.6625,2.637,0.32K,1.35%
02/03/2017,2.6225,2.691,2.6925,2.6245,0.33K,-2.60%
02/02/2017,2.6925,2.722,2.723,2.677,0.39K,-0.92%
02/01/2017,2.7175,2.7375,2.74,2.7125,0.19K,-0.59%
01/31/2017,2.7335,2.7135,2.736,2.7135,0.04K,2.72%
01/30/2017,2.661,2.68,2.68,2.6575,0.21K,-1.06%
01/27/2017,2.6895,2.661,2.6965,2.6545,40.80K,0.62%
01/26/2017,2.673,2.7145,2.73,2.6505,58.10K,-1.37%
01/25/2017,2.71,2.708,2.732,2.685,77.60K,0.06%
01/24/2017,2.7085,2.647,2.7155,2.6395,77.40K,2.30%
01/23/2017,2.6475,2.621,2.668,2.613,52.06K,0.86%
01/20/2017,2.625,2.612,2.645,2.5875,59.68K,0.56%
01/19/2017,2.6105,2.6145,2.634,2.5815,57.87K,-0.23%
01/18/2017,2.6165,2.618,2.6305,2.607,51.70K,-0.32%
01/17/2017,2.625,2.701,2.7125,2.6045,114.59K,-2.42%
01/13/2017,2.69,2.667,2.716,2.642,82.49K,0.69%
01/12/2017,2.6715,2.602,2.6755,2.6,88.52K,2.34%
01/11/2017,2.6105,2.6095,2.631,2.597,66.76K,-0.08%
01/10/2017,2.6125,2.532,2.63,2.53,90.99K,2.92%
01/09/2017,2.5385,2.544,2.5505,2.5195,58.42K,-0.29%
01/06/2017,2.546,2.535,2.548,2.5125,52.46K,0.33%
01/05/2017,2.5375,2.557,2.5885,2.5305,67.50K,-0.74%
01/04/2017,2.5565,2.488,2.563,2.4725,71.97K,2.71%
01/03/2017,2.489,2.507,2.5485,2.486,68.38K,-0.66%
12/30/2016,2.5055,2.488,2.519,2.4875,32.87K,0.70%
12/29/2016,2.488,2.506,2.526,2.484,42.19K,-0.36%
12/28/2016,2.497,2.521,2.5225,2.493,0.19K,-0.62%
12/27/2016,2.5125,2.4705,2.5215,2.453,0.12K,1.47%
12/23/2016,2.476,2.506,2.5075,2.476,0.21K,-0.84%
12/22/2016,2.497,2.47,2.4995,2.46,0.21K,0.12%
12/21/2016,2.494,2.5135,2.5135,2.494,0.06K,-0.22%
12/20/2016,2.4995,2.4825,2.5035,2.4825,0.41K,0.12%
12/19/2016,2.4965,2.5455,2.546,2.4795,0.15K,-2.52%
12/16/2016,2.561,2.573,2.576,2.544,0.18K,-1.39%
12/15/2016,2.597,2.6105,2.6105,2.5845,0.09K,-0.17%
12/14/2016,2.6015,2.59,2.6105,2.575,0.17K,0.25%
12/13/2016,2.595,2.5915,2.623,2.568,0.08K,-0.80%
12/12/2016,2.616,2.659,2.664,2.604,0.17K,-1.10%
12/09/2016,2.645,2.65,2.658,2.6435,0.11K,0.82%
12/08/2016,2.6235,2.637,2.662,2.619,0.14K,-0.68%
12/07/2016,2.6415,2.6605,2.694,2.6275,0.12K,-1.33%
12/06/2016,2.677,2.689,2.689,2.657,0.09K,-0.65%
12/05/2016,2.6945,2.605,2.7055,2.605,0.07K,2.77%
12/02/2016,2.622,2.6265,2.6265,2.595,0.09K,-0.64%
12/01/2016,2.639,2.627,2.641,2.615,0.17K,0.36%
11/30/2016,2.6295,2.5635,2.65,2.5635,0.26K,0.88%
11/29/2016,2.6065,2.6175,2.638,2.59,0.24K,-2.05%
11/28/2016,2.661,2.67,2.7445,2.644,3.09K,-0.45%
11/25/2016,2.673,2.616,2.701,2.616,1.40K,2.43%
11/23/2016,2.6095,2.549,2.622,2.5285,1.35K,2.41%
11/22/2016,2.548,2.523,2.577,2.523,1.06K,1.13%
11/21/2016,2.5195,2.476,2.5365,2.4705,1.93K,2.00%
11/18/2016,2.47,2.4765,2.5005,2.453,0.51K,-0.94%
11/17/2016,2.4935,2.455,2.506,2.441,0.29K,0.93%
11/16/2016,2.4705,2.508,2.5095,2.448,0.56K,-1.48%
11/15/2016,2.5075,2.5285,2.5685,2.4325,0.36K,-0.63%
11/14/2016,2.5235,2.5325,2.5935,2.501,0.53K,0.44%
11/11/2016,2.5125,2.5395,2.7325,2.507,1.13K,-1.62%
11/10/2016,2.554,2.4565,2.581,2.456,0.53K,3.76%
11/09/2016,2.4615,2.382,2.462,2.3305,0.32K,3.29%
11/08/2016,2.383,2.307,2.385,2.296,0.69K,3.00%
11/07/2016,2.3135,2.263,2.3205,2.263,0.40K,1.98%
11/04/2016,2.2685,2.24,2.269,2.24,0.14K,0.73%
11/03/2016,2.252,2.226,2.251,2.223,0.12K,0.83%
11/02/2016,2.2335,2.22,2.2315,2.21,0.06K,0.09%
11/01/2016,2.2315,2.2115,2.233,2.2115,0.23K,1.06%
10/31/2016,2.208,2.2035,2.2145,2.19,0.25K,0.50%
10/28/2016,2.197,2.189,2.2005,2.189,0.04K,1.55%
10/27/2016,2.1635,2.1425,2.167,2.1305,61.40K,0.84%
10/26/2016,2.1455,2.139,2.149,2.1265,54.33K,0.33%
10/25/2016,2.1385,2.0965,2.1465,2.0935,90.33K,2.17%
10/24/2016,2.093,2.089,2.1035,2.0855,50.71K,0.22%
10/21/2016,2.0885,2.096,2.101,2.086,39.91K,-0.36%
10/20/2016,2.096,2.1015,2.1115,2.0845,43.37K,-0.36%
10/19/2016,2.1035,2.1,2.111,2.0875,63.36K,-0.09%
10/18/2016,2.1055,2.1035,2.123,2.0915,60.72K,-0.07%
10/17/2016,2.107,2.109,2.12,2.1,59.95K,-0.17%
10/14/2016,2.1105,2.126,2.132,2.1045,68.07K,-0.54%
10/13/2016,2.122,2.176,2.18,2.1165,97.46K,-2.50%
10/12/2016,2.1765,2.188,2.194,2.175,43.91K,-0.41%
10/11/2016,2.1855,2.1945,2.1995,2.17,59.88K,-0.55%
10/10/2016,2.1975,2.1695,2.2025,2.1645,64.20K,1.57%
10/07/2016,2.1635,2.1545,2.183,2.1475,60.79K,0.37%
10/06/2016,2.1555,2.1685,2.1715,2.1455,43.20K,-0.42%
10/05/2016,2.1645,2.172,2.1815,2.1585,37.07K,-0.12%
10/04/2016,2.167,2.192,2.196,2.163,53.15K,-1.14%
10/03/2016,2.192,2.2145,2.216,2.167,70.44K,-0.84%
09/30/2016,2.2105,2.191,2.219,2.1805,60.15K,0.94%
09/29/2016,2.19,2.204,2.2055,2.1815,61.74K,0.25%
09/28/2016,2.1845,2.1665,2.2,2.1665,0.34K,0.78%
09/27/2016,2.1675,2.193,2.193,2.1675,0.13K,-1.28%
09/26/2016,2.1955,2.189,2.196,2.1795,0.13K,-0.09%
09/23/2016,2.1975,2.192,2.2035,2.185,0.13K,0.23%
09/22/2016,2.1925,2.1595,2.198,2.1595,0.23K,1.93%
09/21/2016,2.151,2.153,2.1605,2.1495,0.09K,-0.49%
09/20/2016,2.1615,2.1605,2.1625,2.154,0.13K,0.32%
09/19/2016,2.1545,2.154,2.1545,2.1515,0.05K,-0.12%
09/16/2016,2.157,2.1485,2.1605,2.148,0.08K,0.00%
09/15/2016,2.157,2.1585,2.16,2.146,0.11K,0.16%
09/14/2016,2.1535,2.109,2.1535,2.109,0.30K,2.55%
09/13/2016,2.1,2.0985,2.1125,2.095,0.15K,0.02%
09/12/2016,2.0995,2.083,2.105,2.0775,0.12K,0.36%
09/09/2016,2.092,2.0935,2.0935,2.0885,0.05K,-0.36%
09/08/2016,2.0995,2.0975,2.0995,2.086,0.10K,0.12%
09/07/2016,2.097,2.109,2.1095,2.093,0.08K,0.43%
09/06/2016,2.088,2.084,2.0945,2.072,0.61K,0.58%
09/02/2016,2.076,2.086,2.086,2.0755,0.27K,0.12%
09/01/2016,2.0735,2.084,2.085,2.073,0.10K,-0.07%
08/31/2016,2.075,2.082,2.0825,2.0755,0.10K,0.02%
08/30/2016,2.0745,2.0845,2.0845,2.072,0.21K,-0.10%
08/29/2016,2.0765,2.0755,2.0855,2.0755,0.49K,-0.24%
08/26/2016,2.0815,2.0935,2.101,2.075,0.64K,0.12%
08/25/2016,2.079,2.0885,2.0955,2.079,1.05K,-0.05%
08/24/2016,2.08,2.121,2.127,2.0795,0.81K,-1.89%
08/23/2016,2.12,2.1475,2.1525,2.1155,0.36K,-1.19%
08/22/2016,2.1455,2.1725,2.1725,2.137,0.67K,-1.20%
08/19/2016,2.1715,2.176,2.178,2.167,0.13K,-0.05%
08/18/2016,2.1725,2.168,2.193,2.168,0.25K,0.72%
08/17/2016,2.157,2.1745,2.1745,2.153,0.29K,-0.87%
08/16/2016,2.176,2.163,2.1715,2.163,0.05K,0.93%
08/15/2016,2.156,2.1465,2.158,2.1445,0.54K,0.56%
08/12/2016,2.144,2.191,2.191,2.1415,0.23K,-2.28%
08/11/2016,2.194,2.187,2.196,2.1815,0.13K,0.87%
08/10/2016,2.175,2.1545,2.2005,2.1545,0.16K,0.95%
08/09/2016,2.1545,2.162,2.162,2.15,0.05K,-0.71%
08/08/2016,2.17,2.177,2.185,2.17,0.23K,0.46%
08/05/2016,2.16,2.183,2.1855,2.159,0.11K,-0.92%
08/04/2016,2.18,2.185,2.185,2.1625,0.45K,-1.07%
08/03/2016,2.2035,2.1855,2.2035,2.185,0.58K,-0.47%
08/02/2016,2.214,2.1985,2.239,2.198,0.11K,0.43%
08/01/2016,2.2045,2.229,2.2455,2.1925,0.28K,-0.92%
07/29/2016,2.225,2.205,2.229,2.196,0.03K,0.56%
07/28/2016,2.2125,2.2055,2.217,2.2055,0.04K,1.26%
07/27/2016,2.185,2.224,2.2345,2.1815,67.02K,-1.82%
07/26/2016,2.2255,2.226,2.2315,2.199,50.06K,0.38%
07/25/2016,2.217,2.2355,2.246,2.207,58.90K,-0.83%
07/22/2016,2.2355,2.2685,2.2705,2.2255,64.95K,-1.02%
07/21/2016,2.2585,2.245,2.273,2.245,53.58K,0.20%
07/20/2016,2.254,2.259,2.2685,2.221,63.22K,-0.40%
07/19/2016,2.263,2.241,2.2665,2.2235,63.25K,1.16%
07/18/2016,2.237,2.22,2.2465,2.203,74.26K,0.16%
07/15/2016,2.2335,2.238,2.2715,2.2305,63.65K,-0.42%
07/14/2016,2.243,2.239,2.257,2.227,54.11K,0.13%
07/13/2016,2.24,2.2145,2.2775,2.2065,96.29K,1.22%
07/12/2016,2.213,2.147,2.225,2.1445,73.43K,3.05%
07/11/2016,2.1475,2.125,2.1675,2.1215,51.99K,1.34%
07/08/2016,2.119,2.121,2.142,2.1165,44.18K,-0.21%
07/07/2016,2.1235,2.1545,2.1625,2.117,53.42K,-1.39%
07/06/2016,2.1535,2.184,2.19,2.133,71.26K,-1.37%
07/05/2016,2.1835,2.23,2.248,2.162,111.38K,-1.51%
07/01/2016,2.217,2.2015,2.2375,2.1635,67.24K,0.98%
06/30/2016,2.1955,2.194,2.206,2.1735,57.40K,0.43%
06/29/2016,2.186,2.1835,2.197,2.1615,49.76K,0.60%
06/28/2016,2.173,2.1275,2.182,2.12,0.30K,2.33%
06/27/2016,2.1235,2.1135,2.1415,2.106,0.36K,0.50%
06/24/2016,2.113,2.1585,2.1585,2.0765,0.77K,-2.33%
06/23/2016,2.1635,2.1295,2.17,2.1295,1.00K,1.33%
06/22/2016,2.135,2.124,2.1425,2.1105,0.30K,0.87%
06/21/2016,2.1165,2.085,2.126,2.075,0.20K,1.05%
06/20/2016,2.0945,2.054,2.1,2.054,0.30K,2.00%
06/17/2016,2.0535,2.0585,2.0695,2.0515,0.16K,0.15%
06/16/2016,2.0505,2.09,2.093,2.0385,0.32K,-1.98%
06/15/2016,2.092,2.0585,2.1175,2.057,0.53K,2.45%
06/14/2016,2.042,2.0605,2.0605,2.034,0.44K,-0.63%
06/13/2016,2.055,2.0375,2.0665,2.034,0.16K,1.08%
06/10/2016,2.033,2.042,2.042,2.0205,0.14K,-0.44%
06/09/2016,2.042,2.068,2.0875,2.0175,0.15K,-1.11%
06/08/2016,2.065,2.0585,2.0825,2.0585,0.17K,0.51%
06/07/2016,2.0545,2.119,2.119,2.052,0.30K,-3.14%
06/06/2016,2.121,2.135,2.1445,2.119,0.13K,0.26%
06/03/2016,2.1155,2.077,2.13,2.077,0.08K,2.00%
06/02/2016,2.074,2.0785,2.081,2.066,0.12K,-0.17%
06/01/2016,2.0775,2.0895,2.0905,2.061,0.63K,-1.07%
05/31/2016,2.1,2.1175,2.1175,2.08,0.11K,-0.90%
05/27/2016,2.119,2.1095,2.132,2.1095,0.03K,0.78%
05/26/2016,2.1025,2.102,2.125,2.0965,57.84K,0.05%
05/25/2016,2.1015,2.0655,2.109,2.065,64.97K,1.69%
05/24/2016,2.0665,2.0495,2.0895,2.049,60.15K,0.56%
05/23/2016,2.055,2.0535,2.064,2.0435,51.84K,-0.02%
05/20/2016,2.0555,2.0635,2.086,2.0515,45.63K,-0.27%
05/19/2016,2.061,2.0615,2.0705,2.038,60.39K,-0.84%
05/18/2016,2.0785,2.089,2.097,2.048,70.98K,-0.50%
05/17/2016,2.089,2.09,2.1115,2.069,58.06K,0.00%
05/16/2016,2.089,2.074,2.1065,2.0625,62.45K,0.72%
05/13/2016,2.074,2.076,2.088,2.0625,62.03K,-0.02%
05/12/2016,2.0745,2.097,2.139,2.059,96.22K,-1.38%
05/11/2016,2.1035,2.0985,2.132,2.0935,64.28K,0.53%
05/10/2016,2.0925,2.1005,2.12,2.0905,63.01K,-0.66%
05/09/2016,2.1065,2.15,2.1555,2.1005,77.41K,-2.21%
05/06/2016,2.154,2.144,2.17,2.1355,63.63K,0.00%
05/05/2016,2.154,2.182,2.1905,2.143,66.97K,-1.49%
05/04/2016,2.1865,2.217,2.222,2.1795,59.89K,-1.46%
05/03/2016,2.219,2.265,2.2695,2.211,70.43K,-2.10%
05/02/2016,2.2665,2.287,2.294,2.2565,29.60K,-0.74%
04/29/2016,2.2835,2.2275,2.2985,2.225,69.03K,2.33%
04/28/2016,2.2315,2.2315,2.241,2.208,51.11K,0.50%
04/27/2016,2.2205,2.249,2.25,2.1995,1.27K,-1.00%
04/26/2016,2.243,2.256,2.262,2.2255,0.88K,-0.49%
04/25/2016,2.254,2.2685,2.2725,2.244,1.22K,-0.55%
04/22/2016,2.2665,2.2555,2.3025,2.2405,0.66K,0.60%
04/21/2016,2.253,2.2375,2.284,2.2215,0.89K,0.51%
04/20/2016,2.2415,2.225,2.246,2.202,0.92K,0.61%
04/19/2016,2.228,2.1705,2.2305,2.1495,0.41K,2.70%
04/18/2016,2.1695,2.146,2.178,2.134,0.39K,0.56%
04/15/2016,2.1575,2.165,2.167,2.1435,0.19K,-0.83%
04/14/2016,2.1755,2.1775,2.18,2.149,0.36K,0.14%
04/13/2016,2.1725,2.1545,2.1805,2.153,0.40K,1.02%
04/12/2016,2.1505,2.09,2.16,2.0825,0.28K,2.65%
04/11/2016,2.095,2.0955,2.1075,2.0825,0.29K,0.10%
04/08/2016,2.093,2.089,2.1025,2.0795,0.54K,0.43%
04/07/2016,2.084,2.1535,2.158,2.0765,0.45K,-3.07%
04/06/2016,2.15,2.1485,2.156,2.1375,0.50K,0.28%
04/05/2016,2.144,2.156,2.1615,2.1405,0.38K,-0.09%
04/04/2016,2.146,2.174,2.1765,2.1435,0.24K,-1.04%
04/01/2016,2.1685,2.19,2.1965,2.1675,0.10K,-0.89%
03/31/2016,2.188,2.182,2.201,2.1735,0.35K,-0.32%
03/30/2016,2.195,2.222,2.2225,2.1855,0.20K,-0.86%
03/29/2016,2.214,2.242,2.248,2.197,66.65K,-1.42%
03/28/2016,2.246,2.2365,2.2555,2.2215,26.26K,0.76%
03/24/2016,2.229,2.2395,2.2435,2.2055,54.45K,-0.29%
03/23/2016,2.2355,2.288,2.2965,2.2305,62.92K,-2.36%
03/22/2016,2.2895,2.29,2.2945,2.272,35.36K,-0.13%
03/21/2016,2.2925,2.292,2.302,2.27,44.87K,0.44%
03/18/2016,2.2825,2.29,2.3235,2.276,61.57K,-0.44%
03/17/2016,2.2925,2.2535,2.2975,2.252,72.92K,2.62%
03/16/2016,2.234,2.238,2.268,2.223,49.14K,0.02%
03/15/2016,2.2335,2.2415,2.245,2.207,43.07K,-0.27%
03/14/2016,2.2395,2.2385,2.2775,2.227,56.34K,-0.07%
03/11/2016,2.241,2.226,2.2565,2.2175,50.02K,0.95%
03/10/2016,2.22,2.234,2.242,2.207,53.45K,-0.56%
03/09/2016,2.2325,2.22,2.253,2.2045,64.63K,0.47%
03/08/2016,2.222,2.274,2.2765,2.2035,82.51K,-2.69%
03/07/2016,2.2835,2.276,2.2925,2.245,80.42K,0.40%
03/04/2016,2.2745,2.2105,2.304,2.208,104.96K,2.99%
03/03/2016,2.2085,2.191,2.22,2.1705,63.00K,1.26%
03/02/2016,2.181,2.142,2.2,2.1355,70.18K,1.65%
03/01/2016,2.1455,2.129,2.148,2.0955,59.11K,0.61%
02/29/2016,2.1325,2.1245,2.134,2.099,57.13K,0.35%
02/26/2016,2.125,2.086,2.164,2.082,97.52K,2.66%
02/25/2016,2.07,2.1165,2.12,2.0665,0.72K,-1.33%
02/24/2016,2.098,2.098,2.1195,2.0655,0.34K,-0.43%
02/23/2016,2.107,2.1205,2.122,2.0925,0.37K,-0.43%
02/22/2016,2.116,2.0805,2.129,2.0805,0.45K,1.85%
02/19/2016,2.0775,2.077,2.092,2.065,0.14K,0.14%
02/18/2016,2.0745,2.072,2.077,2.055,0.17K,-0.12%
02/17/2016,2.077,2.052,2.081,2.0485,0.18K,1.12%
02/16/2016,2.054,2.06,2.085,2.052,0.55K,1.13%
02/12/2016,2.031,2.0145,2.041,2.014,0.10K,1.12%
02/11/2016,2.0085,2.021,2.0315,2.0055,0.16K,-1.01%
02/10/2016,2.029,2.0445,2.0445,2.0025,0.17K,-0.61%
02/09/2016,2.0415,2.0915,2.097,2.022,0.14K,-2.39%
02/08/2016,2.0915,2.0895,2.1025,2.077,0.09K,-0.64%
02/05/2016,2.105,2.1195,2.127,2.088,0.10K,-1.36%
02/04/2016,2.134,2.112,2.136,2.1095,0.11K,1.74%
02/03/2016,2.0975,2.0455,2.103,2.043,0.12K,1.89%
02/02/2016,2.0585,2.0665,2.0795,2.047,0.09K,-0.02%
02/01/2016,2.059,2.06,2.062,2.039,0.23K,-0.56%
01/29/2016,2.0705,2.0515,2.071,2.0515,0.03K,0.73%
01/28/2016,2.0555,2.0655,2.0655,2.0555,0.02K,-0.41%
01/27/2016,2.064,2.038,2.0755,2.031,60.95K,1.30%
01/26/2016,2.0375,1.993,2.0495,1.981,64.78K,1.98%
01/25/2016,1.998,2.0015,2.015,1.9815,50.54K,-0.22%
01/22/2016,2.0025,1.995,2.023,1.9885,51.75K,0.30%
01/21/2016,1.9965,1.98,2.0015,1.9575,55.97K,1.89%
01/20/2016,1.9595,1.9705,1.991,1.953,52.54K,-0.91%
01/19/2016,1.9775,1.9385,2.013,1.9355,82.22K,1.75%
01/15/2016,1.9435,1.979,1.985,1.9365,46.20K,-1.64%
01/14/2016,1.976,1.956,1.992,1.9425,64.15K,1.02%
01/13/2016,1.956,1.9595,1.98,1.951,51.72K,-0.15%
01/12/2016,1.959,1.975,1.981,1.9525,55.04K,-0.68%
01/11/2016,1.9725,2.013,2.0155,1.9665,69.51K,-2.45%
01/08/2016,2.022,2.0225,2.0515,2.011,57.49K,0.00%
01/07/2016,2.022,2.091,2.094,1.99,109.45K,-3.16%
01/06/2016,2.088,2.095,2.0955,2.0715,39.36K,-0.36%
01/05/2016,2.0955,2.0825,2.1115,2.0735,41.86K,0.77%
01/04/2016,2.0795,2.1335,2.1395,2.069,57.20K,-2.60%
12/31/2015,2.135,2.147,2.148,2.117,24.05K,-0.54%
12/30/2015,2.1465,2.138,2.1485,2.126,25.89K,0.68%
12/29/2015,2.132,2.085,2.143,2.085,0.56K,2.72%
12/28/2015,2.0755,2.1245,2.1245,2.074,0.11K,-2.12%
12/24/2015,2.1205,2.129,2.129,2.11,0.10K,-0.02%
12/23/2015,2.121,2.108,2.127,2.0975,0.14K,0.71%
12/22/2015,2.106,2.1335,2.1365,2.1045,0.09K,-1.47%
12/21/2015,2.1375,2.1135,2.1375,2.1045,0.07K,1.30%
12/18/2015,2.11,2.065,2.1085,2.065,0.08K,3.38%
12/17/2015,2.041,2.063,2.066,2.037,0.08K,-1.35%
12/16/2015,2.069,2.0475,2.083,2.0475,0.07K,0.73%
12/15/2015,2.054,2.103,2.103,2.045,0.10K,-2.61%
12/14/2015,2.109,2.11,2.1165,2.091,0.09K,-0.21%
12/11/2015,2.1135,2.065,2.133,2.065,0.20K,2.08%
12/10/2015,2.0705,2.068,2.0695,2.058,0.06K,0.29%
12/09/2015,2.0645,2.056,2.089,2.056,0.20K,0.58%
12/08/2015,2.0525,2.0465,2.0695,2.04,0.22K,0.17%
12/07/2015,2.049,2.0725,2.0765,2.046,0.20K,-1.37%
12/04/2015,2.0775,2.0605,2.0805,2.0515,0.20K,0.83%
12/03/2015,2.0605,2.044,2.0625,2.03,0.18K,1.38%
12/02/2015,2.0325,2.082,2.089,2.033,0.40K,-1.88%
12/01/2015,2.0715,2.07,2.08,2.069,0.98K,1.25%
11/30/2015,2.046,2.0445,2.068,2.0445,0.21K,-0.46%
11/27/2015,2.0555,2.1185,2.1185,2.055,0.57K,0.24%
11/25/2015,2.0505,2.0595,2.0725,2.036,1.30K,-0.56%
11/24/2015,2.062,2.022,2.0765,2.013,2.16K,2.03%
11/23/2015,2.021,2.0545,2.0545,2.003,0.71K,-1.80%
11/20/2015,2.058,2.09,2.108,2.034,0.40K,-1.15%
11/19/2015,2.082,2.076,2.0935,2.0645,0.68K,-0.02%
11/18/2015,2.0825,2.103,2.107,2.075,0.47K,-1.28%
11/17/2015,2.1095,2.1225,2.131,2.076,0.24K,-0.61%
11/16/2015,2.1225,2.1605,2.1745,2.114,0.69K,-2.37%
11/13/2015,2.174,2.1755,2.177,2.163,0.22K,-0.23%
11/12/2015,2.179,2.2235,2.2235,2.166,0.33K,-2.02%
11/11/2015,2.224,2.224,2.2295,2.206,0.13K,0.04%
11/10/2015,2.223,2.234,2.243,2.211,0.43K,-0.65%
11/09/2015,2.2375,2.238,2.256,2.235,0.25K,-0.56%
11/06/2015,2.25,2.2665,2.2665,2.246,0.61K,-0.53%
11/05/2015,2.262,2.3285,2.3345,2.2595,0.22K,-2.84%
11/04/2015,2.328,2.344,2.3615,2.3235,0.12K,-0.34%
11/03/2015,2.336,2.326,2.3365,2.3075,0.17K,0.52%
11/02/2015,2.324,2.3065,2.325,2.3065,0.07K,0.02%
10/30/2015,2.3235,2.331,2.333,2.3175,0.06K,-0.13%
10/29/2015,2.3265,2.356,2.356,2.326,0.05K,-1.52%
10/28/2015,2.3625,2.3665,2.3725,2.3255,58.18K,0.02%
10/27/2015,2.362,2.35,2.38,2.342,42.96K,0.21%
10/26/2015,2.357,2.35,2.381,2.3325,39.27K,0.30%
10/23/2015,2.35,2.3805,2.418,2.342,64.82K,-1.41%
10/22/2015,2.3835,2.36,2.405,2.355,52.30K,0.97%
10/21/2015,2.3605,2.359,2.365,2.3305,46.79K,-0.21%
10/20/2015,2.3655,2.3645,2.383,2.351,40.91K,-0.08%
10/19/2015,2.3675,2.4015,2.4065,2.357,39.66K,-1.50%
10/16/2015,2.4035,2.43,2.435,2.381,40.39K,-0.80%
10/15/2015,2.423,2.415,2.4355,2.402,40.65K,0.31%
10/14/2015,2.4155,2.382,2.4225,2.3775,33.73K,1.17%
10/13/2015,2.3875,2.4085,2.4135,2.377,38.89K,-1.16%
10/12/2015,2.4155,2.4185,2.437,2.404,36.23K,0.06%
10/09/2015,2.414,2.3515,2.4375,2.346,75.81K,3.03%
10/08/2015,2.343,2.367,2.3725,2.318,45.06K,-1.01%
10/07/2015,2.367,2.357,2.396,2.352,41.86K,0.51%
10/06/2015,2.355,2.358,2.376,2.3255,34.05K,-0.02%
10/05/2015,2.3555,2.3355,2.3735,2.3295,35.21K,1.29%
10/02/2015,2.3255,2.308,2.3465,2.273,43.13K,0.91%
10/01/2015,2.3045,2.338,2.3765,2.297,52.45K,-1.56%
09/30/2015,2.341,2.257,2.3575,2.2535,69.06K,3.98%
09/29/2015,2.2515,2.2475,2.2695,2.2255,38.30K,-0.02%
09/28/2015,2.252,2.2885,2.294,2.2375,0.37K,-1.47%
09/25/2015,2.2855,2.302,2.3105,2.28,0.38K,-0.80%
09/24/2015,2.304,2.298,2.316,2.2785,0.43K,0.30%
09/23/2015,2.297,2.302,2.3205,2.294,0.35K,-0.09%
09/22/2015,2.299,2.384,2.384,2.29,0.30K,-3.79%
09/21/2015,2.3895,2.3755,2.41,2.373,0.13K,0.08%
09/18/2015,2.3875,2.465,2.465,2.378,0.10K,-2.67%
09/17/2015,2.453,2.472,2.486,2.4385,0.14K,0.00%
09/16/2015,2.453,2.438,2.456,2.4305,0.17K,1.01%
09/15/2015,2.4285,2.401,2.4305,2.392,0.13K,0.87%
09/14/2015,2.4075,2.4445,2.4445,2.4035,0.12K,-1.91%
09/11/2015,2.4545,2.463,2.463,2.4295,0.04K,0.27%
09/10/2015,2.448,2.426,2.4705,2.426,0.04K,0.43%
09/09/2015,2.4375,2.4305,2.473,2.4235,0.21K,0.18%
09/08/2015,2.433,2.3485,2.442,2.3405,0.38K,5.21%
09/04/2015,2.3125,2.3645,2.3645,2.3115,0.08K,-3.04%
09/03/2015,2.385,2.354,2.4155,2.354,0.11K,2.29%
09/02/2015,2.3315,2.303,2.345,2.303,0.10K,1.26%
09/01/2015,2.3025,2.3345,2.336,2.301,0.21K,-1.54%
08/31/2015,2.3385,2.339,2.3405,2.296,0.06K,-0.32%
08/28/2015,2.346,2.3255,2.357,2.3115,0.18K,0.51%
08/27/2015,2.334,2.2625,2.339,2.2625,1.17K,4.01%
08/26/2015,2.244,2.3015,2.3015,2.237,0.29K,-2.77%
08/25/2015,2.308,2.272,2.3115,2.2525,0.66K,2.37%
08/24/2015,2.2545,2.29,2.29,2.212,0.95K,-2.06%
08/21/2015,2.302,2.318,2.321,2.279,1.11K,-0.75%
08/20/2015,2.3195,2.278,2.3315,2.2775,0.25K,1.84%
08/19/2015,2.2775,2.277,2.2945,2.263,0.23K,-0.37%
08/18/2015,2.286,2.319,2.319,2.277,0.13K,-1.53%
08/17/2015,2.3215,2.331,2.333,2.314,0.08K,-1.28%
08/14/2015,2.3515,2.348,2.358,2.339,0.25K,-0.11%
08/13/2015,2.354,2.3505,2.3785,2.335,0.25K,0.09%
08/12/2015,2.352,2.32,2.3565,2.298,0.70K,0.73%
08/11/2015,2.335,2.42,2.4305,2.325,0.18K,-2.91%
08/10/2015,2.405,2.3195,2.4105,2.3195,0.33K,2.91%
08/07/2015,2.337,2.344,2.35,2.323,0.24K,-0.34%
08/06/2015,2.345,2.3575,2.3575,2.3435,0.36K,-0.38%
08/05/2015,2.354,2.359,2.3625,2.3505,0.54K,-0.57%
08/04/2015,2.3675,2.3725,2.375,2.355,0.06K,0.66%
08/03/2015,2.352,2.35,2.358,2.3315,0.60K,-0.72%
07/31/2015,2.369,2.3745,2.3755,2.365,0.07K,-0.55%
07/30/2015,2.382,2.4205,2.4205,2.365,0.32K,-1.06%
07/29/2015,2.4075,2.413,2.446,2.387,48.77K,0.21%
07/28/2015,2.4025,2.346,2.4165,2.3455,55.53K,2.08%
07/27/2015,2.3535,2.384,2.3885,2.3375,49.66K,-1.22%
07/24/2015,2.3825,2.376,2.399,2.3505,57.45K,-0.13%
07/23/2015,2.3855,2.4315,2.45,2.3575,64.11K,-1.75%
07/22/2015,2.428,2.4745,2.4815,2.4225,42.34K,-1.88%
07/21/2015,2.4745,2.471,2.516,2.471,39.61K,-0.28%
07/20/2015,2.4815,2.497,2.503,2.4655,38.91K,-0.58%
07/17/2015,2.496,2.517,2.5335,2.476,38.74K,-1.07%
07/16/2015,2.523,2.5145,2.5445,2.5075,36.28K,0.06%
07/15/2015,2.5215,2.5375,2.5735,2.501,45.24K,-0.53%
07/14/2015,2.535,2.54,2.5475,2.509,38.29K,-0.37%
07/13/2015,2.5445,2.53,2.5645,2.4965,47.63K,0.28%
07/10/2015,2.5375,2.55,2.572,2.5215,39.66K,-0.55%
07/09/2015,2.5515,2.496,2.5965,2.487,79.04K,2.18%
07/08/2015,2.497,2.4635,2.5215,2.381,113.77K,2.06%
07/07/2015,2.4465,2.538,2.5455,2.387,118.54K,-3.61%
07/06/2015,2.538,2.634,2.6095,2.504,100.37K,-3.53%
07/02/2015,2.631,2.6285,2.646,2.621,31.12K,0.02%
07/01/2015,2.6305,2.6145,2.6495,2.6025,48.06K,0.59%
06/30/2015,2.615,2.634,2.6415,2.589,60.39K,-0.70%
06/29/2015,2.6335,2.62,2.655,2.616,53.11K,-0.23%
06/26/2015,2.6395,2.623,2.65,2.62,0.61K,0.71%
06/25/2015,2.621,2.6225,2.63,2.593,1.20K,-0.17%
06/24/2015,2.6255,2.6165,2.65,2.605,0.74K,0.34%
06/23/2015,2.6165,2.5755,2.633,2.5755,0.86K,1.73%
06/22/2015,2.572,2.5785,2.5855,2.565,0.38K,-0.12%
06/19/2015,2.575,2.6125,2.618,2.567,2.16K,-1.38%
06/18/2015,2.611,2.637,2.6405,2.6075,0.21K,0.12%
06/17/2015,2.608,2.624,2.6295,2.606,0.09K,-0.44%
06/16/2015,2.6195,2.6475,2.657,2.6185,0.15K,-1.15%
06/15/2015,2.65,2.6645,2.6645,2.634,0.25K,-1.23%
06/12/2015,2.683,2.6825,2.6855,2.6665,0.25K,0.34%
06/11/2015,2.674,2.7475,2.7475,2.664,0.66K,-2.83%
06/10/2015,2.752,2.739,2.77,2.739,0.58K,1.25%
06/09/2015,2.718,2.7105,2.7375,2.7105,0.54K,0.65%
06/08/2015,2.7005,2.699,2.7065,2.697,0.94K,0.17%
06/05/2015,2.696,2.675,2.7045,2.675,0.07K,0.19%
06/04/2015,2.691,2.708,2.7135,2.685,0.13K,-1.43%
06/03/2015,2.73,2.7295,2.7465,2.729,0.09K,-0.36%
06/02/2015,2.74,2.734,2.7475,2.725,0.23K,0.55%
06/01/2015,2.725,2.7255,2.745,2.7195,0.18K,-0.29%
05/29/2015,2.733,2.783,2.783,2.732,0.12K,-1.41%
05/28/2015,2.772,2.775,2.775,2.766,0.07K,0.13%
05/27/2015,2.7685,2.777,2.7905,2.7585,49.65K,-0.34%
05/26/2015,2.778,2.7995,2.8345,2.773,58.46K,-1.17%
05/22/2015,2.811,2.852,2.8555,2.7895,45.93K,-1.32%
05/21/2015,2.8485,2.829,2.8605,2.828,31.65K,0.69%
05/20/2015,2.829,2.8375,2.8435,2.8205,39.04K,-0.30%
05/19/2015,2.8375,2.9085,2.913,2.826,55.54K,-2.37%
05/18/2015,2.9065,2.9255,2.949,2.893,43.99K,-0.62%
05/15/2015,2.9245,2.92,2.9315,2.8955,38.10K,0.03%
05/14/2015,2.9235,2.9325,2.939,2.9065,29.85K,-0.19%
05/13/2015,2.929,2.928,2.9475,2.912,45.25K,-0.09%
05/12/2015,2.9315,2.911,2.946,2.9,41.10K,0.98%
05/11/2015,2.903,2.9285,2.9295,2.896,35.91K,-0.60%
05/08/2015,2.9205,2.915,2.933,2.888,40.32K,0.09%
05/07/2015,2.918,2.9275,2.9375,2.905,38.31K,-0.27%
05/06/2015,2.926,2.931,2.947,2.902,44.24K,-0.31%
05/05/2015,2.935,2.9105,2.956,2.8995,50.42K,0.50%
05/04/2015,2.9205,2.932,2.933,2.8925,30.41K,-0.31%
05/01/2015,2.9295,2.885,2.9375,2.875,43.68K,1.49%
04/30/2015,2.8865,2.7935,2.89,2.788,65.83K,3.13%
04/29/2015,2.799,2.786,2.804,2.76,41.16K,0.54%
04/28/2015,2.784,2.7765,2.7905,2.7525,0.61K,0.32%
04/27/2015,2.775,2.747,2.786,2.744,0.62K,0.84%
04/24/2015,2.752,2.6965,2.7605,2.692,0.54K,1.93%
04/23/2015,2.7,2.6745,2.704,2.662,1.25K,0.99%
04/22/2015,2.6735,2.703,2.709,2.671,0.96K,-1.16%
04/21/2015,2.705,2.735,2.737,2.695,0.44K,-1.02%
04/20/2015,2.733,2.8225,2.8225,2.723,0.36K,-1.42%
04/17/2015,2.7725,2.7705,2.805,2.763,0.89K,0.02%
04/16/2015,2.772,2.724,2.782,2.724,0.38K,2.19%
04/15/2015,2.7125,2.7025,2.727,2.6715,0.50K,0.37%
04/14/2015,2.7025,2.725,2.725,2.679,0.41K,-0.68%
04/13/2015,2.721,2.738,2.7595,2.7145,0.31K,-0.57%
04/10/2015,2.7365,2.7275,2.7755,2.7275,0.39K,0.22%
04/09/2015,2.7305,2.738,2.759,2.725,0.39K,-0.11%
04/08/2015,2.7335,2.75,2.7665,2.731,0.24K,-1.12%
04/07/2015,2.7645,2.725,2.7775,2.724,0.18K,1.67%
04/06/2015,2.719,2.75,2.83,2.6975,0.22K,-0.62%
04/03/2015,2.736,2.736,2.736,2.736,,0.00%
04/02/2015,2.736,2.759,2.7595,2.7215,0.11K,-0.51%
04/01/2015,2.75,2.757,2.757,2.7105,0.10K,0.33%
03/31/2015,2.741,2.7755,2.7755,2.74,0.15K,-1.49%
03/30/2015,2.7825,2.752,2.7905,2.752,0.10K,0.54%
03/27/2015,2.7675,2.806,2.8095,2.756,51.79K,-1.55%
03/26/2015,2.811,2.7905,2.869,2.7835,53.17K,0.68%
03/25/2015,2.792,2.794,2.808,2.773,43.33K,-0.39%
03/24/2015,2.803,2.878,2.8875,2.775,62.10K,0.48%
03/23/2015,2.7895,2.761,2.9145,2.755,69.36K,1.03%
03/20/2015,2.761,2.6655,2.774,2.645,77.78K,3.80%
03/19/2015,2.66,2.61,2.6675,2.5955,61.36K,3.48%
03/18/2015,2.5705,2.637,2.6455,2.5525,72.25K,-2.37%
03/17/2015,2.633,2.6625,2.6765,2.609,46.02K,-1.29%
03/16/2015,2.6675,2.673,2.6845,2.651,30.53K,0.15%
03/13/2015,2.6635,2.662,2.6905,2.6465,38.56K,0.19%
03/12/2015,2.6585,2.6055,2.68,2.5985,60.64K,2.01%
03/11/2015,2.606,2.62,2.6475,2.5995,40.77K,-0.69%
03/10/2015,2.624,2.668,2.6695,2.6055,42.21K,-1.74%
03/09/2015,2.6705,2.6135,2.6775,2.5925,50.10K,2.36%
03/06/2015,2.609,2.652,2.656,2.605,42.86K,-1.64%
03/05/2015,2.6525,2.6625,2.6795,2.6475,29.77K,-0.26%
03/04/2015,2.6595,2.655,2.676,2.6375,32.32K,0.11%
03/03/2015,2.6565,2.692,2.695,2.629,49.18K,-1.52%
03/02/2015,2.6975,2.6985,2.718,2.677,42.09K,0.22%
02/27/2015,2.6915,2.698,2.7,2.66,40.26K,-0.11%
02/26/2015,2.6945,2.645,2.714,2.636,62.85K,1.41%
02/25/2015,2.657,2.655,2.6605,2.629,1.21K,0.34%
02/24/2015,2.648,2.588,2.67,2.5765,1.50K,2.08%
02/23/2015,2.594,2.606,2.618,2.578,0.71K,-0.15%
02/20/2015,2.598,2.619,2.625,2.581,0.52K,-0.95%
02/19/2015,2.623,2.6105,2.625,2.5865,0.78K,0.25%
02/18/2015,2.6165,2.5775,2.6395,2.571,0.45K,1.18%
02/17/2015,2.586,2.625,2.625,2.5575,0.42K,-0.96%
02/13/2015,2.611,2.6135,2.6395,2.5995,0.69K,0.25%
02/12/2015,2.6045,2.554,2.6175,2.554,0.12K,2.38%
02/11/2015,2.544,2.572,2.585,2.5415,0.40K,-0.51%
02/10/2015,2.557,2.5645,2.5845,2.53,0.50K,-1.04%
02/09/2015,2.584,2.5865,2.59,2.566,0.31K,-0.15%
02/06/2015,2.588,2.596,2.6135,2.57,0.14K,-0.31%
02/05/2015,2.596,2.5935,2.604,2.5405,0.15K,0.17%
02/04/2015,2.5915,2.5795,2.6125,2.56,0.31K,0.33%
02/03/2015,2.583,2.509,2.595,2.509,0.23K,3.63%
02/02/2015,2.4925,2.4745,2.5145,2.472,0.06K,-0.12%
01/30/2015,2.4955,2.435,2.514,2.435,0.15K,1.67%
01/29/2015,2.4545,2.465,2.4685,2.43,0.18K,-1.01%
01/28/2015,2.4795,2.4625,2.5,2.4505,48.91K,0.69%
01/27/2015,2.4625,2.541,2.5435,2.446,58.05K,-3.17%
01/26/2015,2.543,2.495,2.5545,2.419,83.32K,1.66%
01/23/2015,2.5015,2.582,2.5855,2.489,49.90K,-2.99%
01/22/2015,2.5785,2.6075,2.6125,2.556,42.68K,-1.30%
01/21/2015,2.6125,2.594,2.6335,2.5325,53.90K,0.71%
01/20/2015,2.594,2.6335,2.636,2.555,81.57K,-0.88%
01/16/2015,2.617,2.582,2.634,2.5405,63.06K,2.31%
01/15/2015,2.558,2.535,2.595,2.517,90.31K,2.10%
01/14/2015,2.5055,2.609,2.617,2.4235,124.43K,-5.24%
01/13/2015,2.644,2.7215,2.729,2.586,70.16K,-2.99%
01/12/2015,2.7255,2.757,2.76,2.7,55.60K,-1.05%
01/09/2015,2.7545,2.767,2.776,2.7385,45.11K,-0.54%
01/08/2015,2.7695,2.764,2.794,2.7535,47.90K,0.40%
01/07/2015,2.7585,2.76,2.7765,2.748,36.92K,-0.31%
01/06/2015,2.767,2.7695,2.782,2.7565,34.05K,0.04%
01/05/2015,2.766,2.814,2.827,2.744,51.07K,-1.83%
01/02/2015,2.8175,2.8255,2.841,2.801,24.54K,-0.28%
12/31/2014,2.8255,2.853,2.861,2.8155,21.86K,-1.00%
12/30/2014,2.854,2.8135,2.8655,2.813,33.05K,0.87%
12/29/2014,2.8295,2.8125,2.85,2.779,0.39K,0.21%
12/26/2014,2.8235,2.8605,2.8655,2.816,0.07K,-1.40%
12/24/2014,2.8635,2.8785,2.8785,2.86,0.06K,-0.42%
12/23/2014,2.8755,2.884,2.8865,2.87,0.10K,-0.19%
12/22/2014,2.881,2.8965,2.9065,2.8805,0.10K,-0.40%
12/19/2014,2.8925,2.864,2.9055,2.864,0.07K,1.14%
12/18/2014,2.86,2.865,2.89,2.8495,0.43K,-0.59%
12/17/2014,2.877,2.87,2.8985,2.8355,0.11K,0.35%
12/16/2014,2.867,2.865,2.8795,2.8525,0.10K,-0.71%
12/15/2014,2.8875,2.938,2.9495,2.8755,0.09K,-1.84%
12/12/2014,2.9415,2.9295,2.944,2.9295,0.14K,0.38%
12/11/2014,2.9305,2.91,2.9385,2.91,0.08K,0.96%
12/10/2014,2.9025,2.926,2.9325,2.9015,0.05K,-1.12%
12/09/2014,2.9355,2.885,2.9515,2.881,0.12K,1.38%
12/08/2014,2.8955,2.9035,2.9075,2.894,0.09K,-0.62%
12/05/2014,2.9135,2.9425,2.9425,2.9115,0.19K,-0.34%
12/04/2014,2.9235,2.9315,2.9315,2.9185,0.09K,1.48%
12/03/2014,2.881,2.89,2.89,2.873,0.20K,-0.74%
12/02/2014,2.9025,2.8895,2.902,2.865,0.11K,-0.27%
12/01/2014,2.9105,2.8185,2.9165,2.7945,0.28K,1.91%
11/28/2014,2.856,2.941,2.941,2.8555,0.22K,-3.61%
11/26/2014,2.963,2.96,2.974,2.95,0.22K,-0.35%
11/25/2014,2.9735,3.0135,3.027,2.9605,3.25K,-1.15%
11/24/2014,3.008,3.038,3.0495,3.0035,0.37K,-0.84%
11/21/2014,3.0335,3.0225,3.077,3.014,0.32K,0.46%
11/20/2014,3.0195,3.0285,3.0295,3,0.20K,-0.74%
11/19/2014,3.042,3.0075,3.0455,2.99,0.31K,1.37%
11/18/2014,3.001,3.0285,3.0395,2.995,0.20K,-1.22%
11/17/2014,3.038,3.043,3.0475,3.0265,0.16K,-0.21%
11/14/2014,3.0445,2.9975,3.047,2.9885,0.20K,1.64%
11/13/2014,2.9955,3.021,3.05,2.988,0.09K,-1.01%
11/12/2014,3.026,3.036,3.0415,3.0235,0.09K,-0.30%
11/11/2014,3.035,3.018,3.0445,2.992,0.18K,0.48%
11/10/2014,3.0205,3.0335,3.049,3.015,0.24K,-0.54%
11/07/2014,3.037,3.0195,3.045,3.011,0.07K,0.70%
11/06/2014,3.016,3.006,3.02,2.9975,0.13K,0.28%
11/05/2014,3.0075,3.011,3.0135,2.966,0.17K,-0.36%
11/04/2014,3.0185,3.0575,3.0685,3.004,0.37K,-1.53%
11/03/2014,3.0655,3.0455,3.069,3.041,0.11K,0.61%
10/31/2014,3.047,3.058,3.089,3.04,0.16K,-0.46%
10/30/2014,3.061,3.0825,3.0825,3.04,0.07K,-1.40%
10/29/2014,3.1045,3.09,3.114,3.0725,45.39K,0.37%
10/28/2014,3.093,3.059,3.096,3.0555,41.66K,0.95%
10/27/2014,3.064,3.044,3.074,3.0265,42.66K,0.76%
10/24/2014,3.041,3.035,3.059,3.0295,30.53K,0.03%
10/23/2014,3.04,3.0135,3.049,3.009,33.87K,0.75%
10/22/2014,3.0175,3.029,3.045,3.011,32.43K,-0.35%
10/21/2014,3.028,2.9865,3.0355,2.9745,42.98K,1.34%
10/20/2014,2.988,3.0085,3.0175,2.967,31.73K,-0.52%
10/17/2014,3.0035,2.9855,3.0125,2.9515,44.46K,0.74%
10/16/2014,2.9815,3.0135,3.0265,2.9525,79.23K,-0.91%
10/15/2014,3.009,3.0805,3.085,2.9925,77.03K,-2.62%
10/14/2014,3.09,3.0415,3.1045,3.032,62.85K,1.63%
10/13/2014,3.0405,3.032,3.0545,3.021,46.79K,0.18%
10/10/2014,3.035,3.03,3.043,2.9895,65.32K,0.17%
10/09/2014,3.03,3.024,3.059,3.0185,57.72K,0.88%
10/08/2014,3.0035,3.0325,3.049,2.996,67.26K,-1.17%
10/07/2014,3.039,3.0415,3.0435,3.0175,32.82K,0.12%
10/06/2014,3.0355,3.0015,3.0435,2.991,34.11K,1.23%
10/03/2014,2.9985,3.0085,3.017,2.9915,31.59K,0.00%
10/02/2014,2.9985,3.025,3.0395,2.9855,50.42K,-1.24%
10/01/2014,3.036,3.007,3.049,3,44.75K,0.95%
09/30/2014,3.0075,3.043,3.06,3.006,53.92K,-1.60%
09/29/2014,3.0565,3.037,3.0675,3.0125,49.88K,0.74%
09/26/2014,3.034,3.034,3.049,3.031,0.46K,0.13%
09/25/2014,3.03,3.05,3.051,3.025,0.69K,-0.75%
09/24/2014,3.053,3.03,3.06,3.025,0.28K,0.61%
09/23/2014,3.0345,3.051,3.051,3.0315,0.21K,-0.12%
09/22/2014,3.038,3.07,3.07,3.03,0.26K,-1.71%
09/19/2014,3.091,3.0935,3.105,3.078,0.27K,-0.08%
09/18/2014,3.0935,3.1315,3.136,3.091,0.14K,-1.54%
09/17/2014,3.142,3.1575,3.1575,3.136,0.11K,-0.68%
09/16/2014,3.1635,3.096,3.205,3.083,0.31K,2.56%
09/15/2014,3.0845,3.0895,3.0895,3.0645,0.36K,-0.66%
09/12/2014,3.105,3.097,3.1065,3.079,0.12K,0.47%
09/11/2014,3.0905,3.09,3.112,3.062,0.21K,-0.58%
09/10/2014,3.1085,3.102,3.115,3.0925,0.13K,0.29%
09/09/2014,3.0995,3.159,3.159,3.092,0.34K,-2.08%
09/08/2014,3.1655,3.199,3.206,3.1615,0.22K,-0.05%
09/05/2014,3.167,3.1545,3.167,3.1485,0.05K,0.59%
09/04/2014,3.1485,3.135,3.1705,3.131,0.24K,0.77%
09/03/2014,3.1245,3.1535,3.1585,3.123,0.36K,-0.81%
09/02/2014,3.15,3.149,3.1665,3.1405,0.44K,-0.10%
08/29/2014,3.153,3.14,3.168,3.14,0.22K,0.29%
08/28/2014,3.144,3.1975,3.198,3.137,0.50K,-1.30%
08/27/2014,3.1855,3.1955,3.1985,3.1785,0.35K,-0.38%
08/26/2014,3.1975,3.217,3.22,3.192,0.46K,-0.88%
08/25/2014,3.226,3.2115,3.2325,3.203,0.28K,0.44%
08/22/2014,3.212,3.182,3.214,3.1775,0.12K,0.91%
08/21/2014,3.183,3.1725,3.19,3.1605,0.16K,-0.05%
08/20/2014,3.1845,3.0985,3.185,3.098,0.40K,2.66%
08/19/2014,3.102,3.128,3.132,3.1005,1.09K,-0.58%
08/18/2014,3.12,3.112,3.134,3.107,0.55K,0.22%
08/15/2014,3.113,3.096,3.1175,3.082,0.36K,0.39%
08/14/2014,3.101,3.117,3.127,3.095,0.65K,-0.66%
08/13/2014,3.1215,3.155,3.155,3.12,1.52K,-1.28%
08/12/2014,3.162,3.172,3.194,3.153,0.55K,-0.58%
08/11/2014,3.1805,3.1875,3.228,3.176,0.40K,0.03%
08/08/2014,3.1795,3.181,3.1865,3.1675,0.53K,-0.06%
08/07/2014,3.1815,3.181,3.1865,3.1645,0.56K,0.33%
08/06/2014,3.171,3.2075,3.209,3.1665,0.17K,-1.23%
08/05/2014,3.2105,3.2465,3.25,3.2045,0.13K,-1.22%
08/04/2014,3.25,3.2165,3.253,3.2125,0.07K,0.92%
08/01/2014,3.2205,3.235,3.257,3.216,0.11K,-0.48%
07/31/2014,3.236,3.237,3.257,3.237,0.08K,-0.31%
07/30/2014,3.246,3.2165,3.25,3.2165,0.09K,0.84%
07/29/2014,3.219,3.2445,3.2545,3.2145,34.47K,-0.76%
07/28/2014,3.2435,3.247,3.252,3.226,32.31K,0.09%
07/25/2014,3.2405,3.2645,3.279,3.238,41.60K,-0.80%
07/24/2014,3.2665,3.206,3.269,3.202,58.54K,1.86%
07/23/2014,3.207,3.2055,3.218,3.192,30.73K,-0.03%
07/22/2014,3.208,3.198,3.236,3.196,42.99K,0.28%
07/21/2014,3.199,3.1875,3.204,3.1735,36.81K,0.46%
07/18/2014,3.1845,3.2165,3.219,3.1675,45.36K,-1.12%
07/17/2014,3.2205,3.216,3.226,3.202,38.52K,0.19%
07/16/2014,3.2145,3.247,3.256,3.2095,41.02K,-1.08%
07/15/2014,3.2495,3.2535,3.261,3.2235,44.63K,0.02%
07/14/2014,3.249,3.2705,3.2945,3.2435,35.27K,-0.61%
07/11/2014,3.269,3.271,3.2745,3.2465,37.51K,0.06%
07/10/2014,3.267,3.2535,3.2765,3.233,43.79K,0.58%
07/09/2014,3.248,3.2615,3.2755,3.246,40.51K,-0.28%
07/08/2014,3.257,3.2585,3.294,3.2485,46.42K,-0.12%
07/07/2014,3.261,3.2755,3.286,3.237,48.97K,-0.56%
07/03/2014,3.2795,3.259,3.282,3.2465,46.93K,0.44%
07/02/2014,3.265,3.204,3.2665,3.183,52.82K,1.90%
07/01/2014,3.204,3.203,3.2135,3.194,36.05K,0.02%
06/30/2014,3.2035,3.165,3.2105,3.162,43.91K,1.12%
06/27/2014,3.168,3.172,3.1895,3.162,40.49K,-0.02%
06/26/2014,3.1685,3.1675,3.1735,3.1515,0.92K,0.09%
06/25/2014,3.1655,3.144,3.1685,3.1225,0.68K,0.64%
06/24/2014,3.1455,3.135,3.149,3.1285,0.44K,0.06%
06/23/2014,3.1435,3.1245,3.1515,3.1245,0.36K,0.93%
06/20/2014,3.1145,3.0775,3.1185,3.0775,0.45K,1.27%
06/19/2014,3.0755,3.066,3.075,3.048,0.38K,0.47%
06/18/2014,3.061,3.0645,3.0715,3.0535,0.27K,0.02%
06/17/2014,3.0605,3.0445,3.063,3.041,0.35K,0.44%
06/16/2014,3.047,3.0265,3.056,3.0265,0.12K,0.59%
06/13/2014,3.029,3.019,3.041,3.019,0.60K,0.38%
06/12/2014,3.0175,3.0375,3.045,3.013,0.31K,-0.74%
06/11/2014,3.04,3.047,3.0625,3.0325,0.20K,-0.39%
06/10/2014,3.052,3.042,3.057,3.022,0.24K,0.33%
06/09/2014,3.042,3.043,3.0515,3.02,0.54K,-0.28%
06/06/2014,3.0505,3.0845,3.0845,3.0375,0.30K,-1.26%
06/05/2014,3.0895,3.09,3.101,3.079,0.36K,-0.05%
06/04/2014,3.091,3.12,3.12,3.085,0.61K,-1.40%
06/03/2014,3.135,3.1355,3.1375,3.126,0.19K,-1.04%
06/02/2014,3.168,3.162,3.1685,3.157,0.09K,1.52%
05/30/2014,3.1205,3.14,3.1525,3.1205,0.06K,-0.67%
05/29/2014,3.1415,3.17,3.17,3.14,0.19K,-1.01%
05/28/2014,3.1735,3.171,3.1905,3.1605,28.67K,-0.13%
05/27/2014,3.1775,3.1655,3.1925,3.164,37.96K,0.32%
05/23/2014,3.1675,3.137,3.1755,3.136,28.68K,0.81%
05/22/2014,3.142,3.128,3.155,3.12,41.97K,0.61%
05/21/2014,3.123,3.1435,3.148,3.0985,40.53K,-0.70%
05/20/2014,3.145,3.162,3.1775,3.123,35.70K,-0.69%
05/19/2014,3.167,3.1445,3.184,3.1405,33.83K,0.64%
05/16/2014,3.147,3.1445,3.1595,3.1275,34.86K,0.08%
05/15/2014,3.1445,3.153,3.171,3.141,40.40K,-0.49%
05/14/2014,3.16,3.136,3.178,3.1225,44.94K,0.78%
05/13/2014,3.1355,3.1425,3.154,3.122,39.86K,-0.44%
05/12/2014,3.1495,3.085,3.1555,3.084,55.56K,2.16%
05/09/2014,3.083,3.0595,3.089,3.0525,38.35K,0.67%
05/08/2014,3.0625,3.037,3.0695,3.0275,38.25K,0.99%
05/07/2014,3.0325,3.056,3.062,3.0155,40.40K,-0.80%
05/06/2014,3.057,3.053,3.066,3.0475,25.21K,0.11%
05/05/2014,3.0535,3.073,3.082,3.0485,18.67K,-0.54%
05/02/2014,3.07,3.026,3.0785,3.0135,36.86K,1.61%
05/01/2014,3.0215,3.0175,3.034,3.003,28.77K,-0.20%
04/30/2014,3.0275,3.074,3.0795,3.015,51.01K,-1.48%
04/29/2014,3.073,3.0935,3.0985,3.0665,40.10K,-1.00%
04/28/2014,3.104,3.107,3.1185,3.0915,0.61K,-0.13%
04/25/2014,3.108,3.0965,3.1135,3.0895,0.47K,0.15%
04/24/2014,3.1035,3.051,3.11,3.051,1.10K,1.72%
04/23/2014,3.051,3.0465,3.055,3.0315,0.41K,0.13%
04/22/2014,3.047,3.0265,3.0525,3.0215,0.29K,0.21%
04/21/2014,3.0405,3.0325,3.049,3.03,0.25K,-0.08%
04/17/2014,3.043,3.03,3.0505,3.0215,0.15K,0.68%
04/16/2014,3.0225,2.99,3.053,2.985,0.37K,1.17%
04/15/2014,2.9875,3.043,3.043,2.962,0.77K,-1.94%
04/14/2014,3.0465,3.0405,3.055,3.0375,0.39K,0.20%
04/11/2014,3.0405,3.0375,3.0675,3.0305,0.41K,-0.03%
04/10/2014,3.0415,3.0415,3.042,3.0175,0.58K,0.33%
04/09/2014,3.0315,3.047,3.0475,3.003,0.55K,-0.46%
04/08/2014,3.0455,3.03,3.056,3.025,0.45K,0.23%
04/07/2014,3.0385,3,3.0525,2.9815,0.41K,0.55%
04/04/2014,3.022,3.0345,3.0595,3.015,0.20K,-0.17%
04/03/2014,3.027,3.0305,3.0365,3.008,0.27K,-0.57%
04/02/2014,3.0445,3.037,3.071,3.0365,0.22K,0.36%
04/01/2014,3.0335,3.033,3.0385,3.019,0.15K,0.30%
03/31/2014,3.0245,3.025,3.043,3.02,0.42K,-0.49%
03/28/2014,3.0395,3.0115,3.043,3.0035,0.38K,1.55%
03/27/2014,2.993,2.964,3.002,2.9625,42.11K,0.93%
03/26/2014,2.9655,2.9935,3.013,2.9595,46.10K,-1.33%
03/25/2014,3.0055,2.9435,3.019,2.9395,62.19K,2.04%
03/24/2014,2.9455,2.947,2.969,2.921,43.42K,-0.17%
03/21/2014,2.9505,2.9315,2.98,2.917,44.53K,0.75%
03/20/2014,2.9285,2.9795,2.996,2.9135,64.66K,-1.96%
03/19/2014,2.987,2.951,2.998,2.877,107.68K,1.20%
03/18/2014,2.9515,2.95,2.9925,2.939,48.32K,-0.02%
03/17/2014,2.952,2.9445,2.986,2.9215,50.71K,0.05%
03/14/2014,2.9505,2.916,2.9625,2.912,46.58K,0.94%
03/13/2014,2.923,2.956,2.977,2.9145,60.24K,-1.32%
03/12/2014,2.962,2.95,2.9815,2.908,93.72K,0.34%
03/11/2014,2.952,3.042,3.057,2.942,82.36K,-2.62%
03/10/2014,3.0315,3.0775,3.0775,2.9955,79.36K,-1.65%
03/07/2014,3.0825,3.217,3.22,3.077,94.14K,-4.21%
03/06/2014,3.218,3.2015,3.219,3.194,32.41K,0.48%
03/05/2014,3.2025,3.211,3.2355,3.201,35.57K,-0.37%
03/04/2014,3.2145,3.1725,3.222,3.166,51.13K,1.34%
03/03/2014,3.172,3.1895,3.1975,3.1565,46.02K,-0.49%
02/28/2014,3.1875,3.2045,3.212,3.178,44.34K,-0.42%
02/27/2014,3.201,3.1965,3.2135,3.1835,49.75K,-0.96%
02/26/2014,3.232,3.235,3.2565,3.208,0.61K,-0.39%
02/25/2014,3.2445,3.253,3.253,3.2245,0.20K,-0.38%
02/24/2014,3.257,3.2415,3.257,3.2175,0.44K,-0.58%
02/21/2014,3.276,3.2685,3.2785,3.2685,0.54K,0.06%
02/20/2014,3.274,3.2735,3.2835,3.2625,1.13K,-0.27%
02/19/2014,3.283,3.284,3.298,3.28,0.52K,-0.05%
02/18/2014,3.2845,3.29,3.3,3.25,0.45K,0.58%
02/14/2014,3.2655,3.2525,3.269,3.2485,0.69K,0.48%
02/13/2014,3.25,3.2515,3.2525,3.221,0.51K,-0.17%
02/12/2014,3.2555,3.2355,3.26,3.2355,1.06K,1.24%
02/11/2014,3.2155,3.219,3.231,3.2065,0.41K,-0.31%
02/10/2014,3.2255,3.243,3.243,3.217,0.50K,-0.36%
02/07/2014,3.237,3.242,3.2445,3.2365,0.35K,0.28%
02/06/2014,3.228,3.1975,3.2365,3.1975,0.08K,1.22%
02/05/2014,3.189,3.1995,3.205,3.1885,0.23K,-0.13%
02/04/2014,3.193,3.19,3.201,3.1895,0.15K,0.19%
02/03/2014,3.187,3.2025,3.2025,3.18,0.12K,-0.41%
01/31/2014,3.2,3.209,3.2145,3.195,0.17K,-0.90%
01/30/2014,3.229,3.2365,3.238,3.2155,0.07K,-0.35%
01/29/2014,3.2405,3.2515,3.269,3.237,38.92K,-0.38%
01/28/2014,3.253,3.2565,3.2735,3.246,38.51K,-0.18%
01/27/2014,3.259,3.261,3.2875,3.2535,44.40K,-0.38%
01/24/2014,3.2715,3.2785,3.2995,3.2605,49.01K,-0.43%
01/23/2014,3.2855,3.326,3.3385,3.2765,66.31K,-1.54%
01/22/2014,3.337,3.346,3.355,3.323,30.06K,-0.42%
01/21/2014,3.351,3.3415,3.358,3.315,52.68K,0.19%
01/17/2014,3.3445,3.337,3.364,3.3265,30.25K,0.06%
01/16/2014,3.3425,3.352,3.3695,3.3285,38.30K,-0.46%
01/15/2014,3.358,3.3325,3.3635,3.308,47.72K,0.66%
01/14/2014,3.336,3.3425,3.3505,3.3205,29.96K,-0.31%
01/13/2014,3.3465,3.345,3.3735,3.3145,43.80K,0.15%
01/10/2014,3.3415,3.295,3.3465,3.2895,46.98K,1.29%
01/09/2014,3.299,3.3425,3.3565,3.2885,56.66K,-1.30%
01/08/2014,3.3425,3.3565,3.377,3.335,38.93K,-0.51%
01/07/2014,3.3595,3.3595,3.366,3.342,36.08K,0.00%
01/06/2014,3.3595,3.3505,3.3645,3.3305,38.06K,0.13%
01/03/2014,3.355,3.385,3.3875,3.3455,36.14K,-0.78%
01/02/2014,3.3815,3.3985,3.4245,3.376,42.68K,-0.44%
12/31/2013,3.3965,3.3785,3.408,3.3665,28.53K,0.41%
12/30/2013,3.3825,3.383,3.3925,3.3715,23.68K,-0.44%
12/27/2013,3.3975,3.397,3.408,3.386,0.30K,-0.41%
12/26/2013,3.4115,3.3955,3.4135,3.3895,0.10K,0.83%
12/24/2013,3.3835,3.3165,3.3935,3.3165,0.17K,1.97%
12/23/2013,3.318,3.3175,3.3215,3.3105,0.13K,0.09%
12/20/2013,3.315,3.3135,3.3225,3.3105,0.14K,0.35%
12/19/2013,3.3035,3.329,3.329,3.2855,0.08K,-0.69%
12/18/2013,3.3265,3.3285,3.336,3.315,0.29K,-0.20%
12/17/2013,3.333,3.3375,3.344,3.322,0.07K,-0.25%
12/16/2013,3.3415,3.314,3.342,3.3125,0.14K,0.57%
12/13/2013,3.3225,3.3045,3.3295,3.3,0.22K,0.56%
12/12/2013,3.304,3.301,3.3175,3.2985,0.09K,-0.06%
12/11/2013,3.306,3.2795,3.3045,3.2755,0.11K,0.87%
12/10/2013,3.2775,3.261,3.2885,3.261,0.40K,0.29%
12/09/2013,3.268,3.257,3.2695,3.244,0.18K,0.35%
12/06/2013,3.2565,3.2275,3.2675,3.2275,0.40K,0.57%
12/05/2013,3.238,3.239,3.24,3.2325,0.13K,-0.58%
12/04/2013,3.257,3.195,3.255,3.1865,0.18K,2.34%
12/03/2013,3.1825,3.174,3.189,3.174,0.07K,-0.31%
12/02/2013,3.1925,3.209,3.2145,3.186,0.33K,-0.72%
11/29/2013,3.2155,3.208,3.219,3.194,0.08K,0.70%
11/27/2013,3.193,3.212,3.226,3.1875,0.22K,-0.78%
11/26/2013,3.218,3.235,3.238,3.2085,0.63K,-0.33%
11/25/2013,3.2285,3.2205,3.2735,3.2085,0.61K,0.31%
11/22/2013,3.2185,3.1945,3.2225,3.188,0.47K,0.69%
11/21/2013,3.1965,3.15,3.201,3.15,0.60K,1.00%
11/20/2013,3.165,3.1645,3.179,3.1505,0.52K,0.08%
11/19/2013,3.1625,3.141,3.172,3.135,0.33K,0.22%
11/18/2013,3.1555,3.1735,3.1795,3.155,0.31K,-0.69%
11/15/2013,3.1775,3.1705,3.189,3.1545,0.25K,0.33%
11/14/2013,3.167,3.184,3.189,3.151,0.43K,0.03%
11/13/2013,3.166,3.2275,3.2275,3.16,0.34K,-2.28%
11/12/2013,3.24,3.2595,3.2595,3.2235,0.15K,-0.77%
11/11/2013,3.265,3.2695,3.281,3.253,0.11K,0.17%
11/08/2013,3.2595,3.2445,3.269,3.2365,0.21K,0.17%
11/07/2013,3.254,3.26,3.26,3.2375,0.49K,0.35%
11/06/2013,3.2425,3.2665,3.279,3.2365,0.05K,-0.66%
11/05/2013,3.264,3.2685,3.271,3.255,0.11K,0.18%
11/04/2013,3.258,3.3065,3.3075,3.255,0.10K,-1.36%
11/01/2013,3.303,3.3065,3.3095,3.302,0.03K,-0.05%
10/31/2013,3.3045,3.306,3.3155,3.3015,0.10K,-0.71%
10/30/2013,3.328,3.2955,3.3275,3.2955,0.21K,1.53%
10/29/2013,3.278,3.263,3.296,3.246,48.08K,0.28%
10/28/2013,3.269,3.276,3.2855,3.257,32.04K,0.00%
10/25/2013,3.269,3.2675,3.273,3.234,49.18K,0.17%
10/24/2013,3.2635,3.267,3.281,3.2455,50.50K,-0.12%
10/23/2013,3.2675,3.3335,3.3345,3.26,63.57K,-2.04%
10/22/2013,3.3355,3.302,3.355,3.296,60.52K,0.97%
10/21/2013,3.3035,3.2945,3.3115,3.282,26.92K,0.14%
10/18/2013,3.299,3.301,3.3205,3.287,42.75K,0.06%
10/17/2013,3.297,3.309,3.325,3.271,48.68K,-0.33%
10/16/2013,3.308,3.302,3.329,3.2635,58.64K,0.02%
10/15/2013,3.3075,3.2955,3.31,3.281,36.97K,0.14%
10/14/2013,3.303,3.268,3.3175,3.2445,49.19K,1.04%
10/11/2013,3.269,3.2435,3.2735,3.225,49.41K,0.63%
10/10/2013,3.2485,3.228,3.2525,3.215,53.91K,0.54%
10/09/2013,3.231,3.2895,3.2985,3.22,66.90K,-1.87%
10/08/2013,3.2925,3.2995,3.3215,3.2825,43.07K,-0.12%
10/07/2013,3.2965,3.2985,3.313,3.264,36.99K,-0.14%
10/04/2013,3.301,3.2795,3.317,3.258,38.14K,0.99%
10/03/2013,3.2685,3.309,3.325,3.2615,37.08K,-1.43%
10/02/2013,3.316,3.2815,3.3195,3.248,44.78K,1.28%
10/01/2013,3.274,3.3245,3.3375,3.249,51.91K,-1.47%
09/30/2013,3.323,3.31,3.3395,3.294,39.05K,-0.20%
09/27/2013,3.3295,3.3,3.331,3.2915,35.96K,0.74%
09/26/2013,3.305,3.265,3.3195,3.2645,0.68K,1.04%
09/25/2013,3.271,3.265,3.2755,3.2545,0.23K,0.48%
09/24/2013,3.2555,3.2905,3.2925,3.238,0.37K,-1.27%
09/23/2013,3.2975,3.2975,3.304,3.268,0.17K,-0.65%
09/20/2013,3.319,3.348,3.35,3.3025,0.38K,-0.81%
09/19/2013,3.346,3.3135,3.353,3.3135,0.09K,2.06%
09/18/2013,3.2785,3.2205,3.321,3.2145,0.30K,1.72%
09/17/2013,3.223,3.2205,3.234,3.211,0.10K,0.03%
09/16/2013,3.222,3.23,3.241,3.22,0.09K,0.58%
09/13/2013,3.2035,3.2015,3.22,3.191,0.13K,-0.20%
09/12/2013,3.21,3.2485,3.2525,3.1945,0.30K,-1.40%
09/11/2013,3.2555,3.27,3.2775,3.255,0.24K,-0.17%
09/10/2013,3.261,3.266,3.29,3.2555,0.16K,-0.46%
09/09/2013,3.276,3.2795,3.2955,3.27,0.20K,0.54%
09/06/2013,3.2585,3.2435,3.281,3.2435,0.10K,0.51%
09/05/2013,3.242,3.237,3.2485,3.224,0.14K,0.09%
09/04/2013,3.239,3.3,3.3,3.23,0.15K,-1.89%
09/03/2013,3.3015,3.26,3.322,3.251,0.22K,2.20%
08/30/2013,3.2305,3.2635,3.275,3.221,0.37K,-0.81%
08/29/2013,3.257,3.312,3.3145,3.252,0.36K,-1.47%
08/28/2013,3.3055,3.3305,3.347,3.302,0.75K,-0.75%
08/27/2013,3.3305,3.337,3.375,3.3115,0.40K,0.26%
08/26/2013,3.322,3.352,3.39,3.3,0.28K,-0.87%
08/23/2013,3.351,3.3265,3.363,3.3265,0.14K,0.60%
08/22/2013,3.331,3.304,3.3705,3.304,0.26K,0.70%
08/21/2013,3.308,3.3205,3.3325,3.2925,0.26K,-0.90%
08/20/2013,3.338,3.327,3.34,3.305,0.20K,0.18%
08/19/2013,3.332,3.358,3.358,3.3225,0.30K,-0.97%
08/16/2013,3.3645,3.3605,3.373,3.3585,0.12K,0.78%
08/15/2013,3.3385,3.325,3.362,3.29,0.11K,-0.04%
08/14/2013,3.34,3.31,3.345,3.3,0.09K,0.66%
08/13/2013,3.318,3.3015,3.34,3.3005,0.08K,0.41%
08/12/2013,3.3045,3.288,3.3215,3.288,0.15K,-0.12%
08/09/2013,3.3085,3.266,3.3155,3.2485,0.18K,1.10%
08/08/2013,3.2725,3.1985,3.276,3.1985,0.57K,3.01%
08/07/2013,3.177,3.1595,3.188,3.14,0.11K,-0.02%
08/06/2013,3.1775,3.1915,3.2045,3.175,0.15K,0.13%
08/05/2013,3.1735,3.1805,3.1805,3.1635,0.10K,-0.14%
08/02/2013,3.178,3.1595,3.2035,3.1525,0.12K,0.22%
08/01/2013,3.171,3.125,3.1915,3.1165,0.41K,1.47%
07/31/2013,3.125,3.075,3.1255,3.075,0.24K,2.51%
07/30/2013,3.0485,3.09,3.09,3.045,0.17K,-1.90%
07/29/2013,3.1075,3.105,3.1175,3.086,47.44K,0.06%
07/26/2013,3.1055,3.1905,3.194,3.0945,56.00K,-2.51%
07/25/2013,3.1855,3.183,3.1955,3.15,46.68K,0.20%
07/24/2013,3.179,3.21,3.234,3.165,57.09K,-0.59%
07/23/2013,3.198,3.176,3.218,3.1635,43.37K,0.41%
07/22/2013,3.185,3.1455,3.215,3.144,55.83K,1.43%
07/19/2013,3.14,3.1295,3.1625,3.1125,42.56K,0.27%
07/18/2013,3.1315,3.133,3.1395,3.1065,34.48K,0.10%
07/17/2013,3.1285,3.1745,3.198,3.1125,66.55K,-1.82%
07/16/2013,3.1865,3.1485,3.1915,3.133,42.87K,1.34%
07/15/2013,3.1445,3.16,3.169,3.1245,40.18K,-0.33%
07/12/2013,3.155,3.1775,3.1935,3.136,40.98K,-0.71%
07/11/2013,3.1775,3.0965,3.201,3.09,77.65K,2.80%
07/10/2013,3.091,3.065,3.0995,3.031,55.38K,0.86%
07/09/2013,3.0645,3.1015,3.116,3.025,57.95K,-1.13%
07/08/2013,3.0995,3.0775,3.11,3.058,40.53K,1.13%
07/05/2013,3.065,3.169,3.1785,3.0485,68.97K,-3.45%
07/03/2013,3.1745,3.137,3.179,3.133,48.97K,1.00%
07/02/2013,3.143,3.153,3.166,3.127,53.68K,-0.44%
07/01/2013,3.157,3.045,3.1745,3.033,67.63K,3.25%
06/28/2013,3.0575,3.056,3.089,3.0155,57.41K,-0.07%
06/27/2013,3.0595,3.05,3.0775,3.035,59.28K,0.67%
06/26/2013,3.039,3.0655,3.088,3.0165,0.42K,-1.09%
06/25/2013,3.0725,3.0225,3.0815,2.983,0.49K,1.57%
06/24/2013,3.025,3.0875,3.0875,2.9895,0.25K,-2.31%
06/21/2013,3.0965,3.0505,3.1075,3.0285,0.25K,0.98%
06/20/2013,3.0665,3.132,3.132,3.041,0.83K,-2.53%
06/19/2013,3.146,3.164,3.1775,3.128,0.47K,-0.47%
06/18/2013,3.161,3.212,3.2135,3.151,0.64K,-1.31%
06/17/2013,3.203,3.2275,3.2275,3.192,0.10K,-0.16%
06/14/2013,3.208,3.21,3.22,3.1955,0.37K,0.52%
06/13/2013,3.1915,3.219,3.235,3.1875,0.32K,-1.27%
06/12/2013,3.2325,3.203,3.238,3.184,0.41K,0.95%
06/11/2013,3.202,3.253,3.28,3.1875,0.68K,-1.42%
06/10/2013,3.248,3.254,3.254,3.21,0.22K,-0.82%
06/07/2013,3.275,3.3425,3.3425,3.2725,0.18K,-1.52%
06/06/2013,3.3255,3.3595,3.3595,3.3165,0.44K,-1.57%
06/05/2013,3.3785,3.384,3.398,3.372,0.08K,0.07%
06/04/2013,3.376,3.3425,3.3785,3.3425,0.12K,1.15%
06/03/2013,3.3375,3.331,3.343,3.3085,0.05K,1.14%
05/31/2013,3.3,3.321,3.321,3.275,0.17K,-0.69%
05/30/2013,3.323,3.3255,3.329,3.305,0.14K,0.79%
05/29/2013,3.297,3.31,3.324,3.272,51.07K,-0.54%
05/28/2013,3.315,3.2925,3.3455,3.2675,61.81K,0.59%
05/24/2013,3.2955,3.3235,3.3295,3.2815,42.95K,-0.26%
05/23/2013,3.304,3.3705,3.3705,3.267,81.48K,-2.26%
05/22/2013,3.3805,3.3365,3.418,3.336,73.35K,1.11%
05/21/2013,3.3435,3.3575,3.3815,3.3225,54.54K,-0.49%
05/20/2013,3.36,3.3175,3.3725,3.271,60.94K,1.11%
05/17/2013,3.323,3.2865,3.3455,3.2805,53.56K,0.87%
05/16/2013,3.2945,3.278,3.313,3.2315,69.75K,0.90%
05/15/2013,3.265,3.293,3.3115,3.224,64.87K,-0.70%
05/14/2013,3.288,3.353,3.379,3.275,57.38K,-2.13%
05/13/2013,3.3595,3.375,3.3805,3.3375,45.13K,0.19%
05/10/2013,3.353,3.335,3.3855,3.304,72.52K,0.37%
05/09/2013,3.3405,3.366,3.3785,3.315,63.21K,-0.89%
05/08/2013,3.3705,3.3045,3.399,3.291,79.29K,2.06%
05/07/2013,3.3025,3.297,3.3475,3.263,79.22K,-0.24%
05/06/2013,3.3105,3.3005,3.33,3.28,43.64K,-0.12%
05/03/2013,3.3145,3.1095,3.317,3.106,119.53K,6.76%
05/02/2013,3.1045,3.066,3.1375,3.066,72.27K,0.80%
05/01/2013,3.08,3.1895,3.196,3.0425,61.28K,-3.37%
04/30/2013,3.1875,3.2235,3.2475,3.172,53.01K,-1.21%
04/29/2013,3.2265,3.178,3.242,3.1555,47.03K,1.40%
04/26/2013,3.182,3.25,3.2825,3.1745,1.28K,-1.76%
04/25/2013,3.239,3.1675,3.2615,3.1545,1.23K,2.48%
04/24/2013,3.1605,3.082,3.192,3.082,0.76K,2.03%
04/23/2013,3.0975,3.1225,3.1335,3.069,1.36K,-1.26%
04/22/2013,3.137,3.15,3.153,3.091,1.45K,-0.60%
04/19/2013,3.156,3.199,3.203,3.119,0.99K,-1.74%
04/18/2013,3.212,3.186,3.217,3.068,1.21K,0.52%
04/17/2013,3.1955,3.315,3.3195,3.184,1.48K,-3.60%
04/16/2013,3.315,3.288,3.3165,3.2405,2.21K,0.99%
04/15/2013,3.2825,3.36,3.362,3.207,0.96K,-2.32%
04/12/2013,3.3605,3.43,3.4395,3.3395,0.85K,-2.44%
04/11/2013,3.4445,3.4235,3.4465,3.4,0.20K,0.47%
04/10/2013,3.4285,3.446,3.45,3.417,0.17K,-0.67%
04/09/2013,3.4515,3.3935,3.4595,3.3935,0.31K,2.09%
04/08/2013,3.381,3.3635,3.3965,3.359,0.78K,0.81%
04/05/2013,3.354,3.3735,3.3735,3.3405,0.34K,-0.22%
04/04/2013,3.3615,3.3395,3.3795,3.319,0.54K,0.55%
04/03/2013,3.343,3.3895,3.3915,3.3335,0.40K,-1.36%
04/02/2013,3.389,3.383,3.3935,3.3705,0.43K,0.12%
04/01/2013,3.385,3.3955,3.3955,3.352,0.46K,-0.81%
03/28/2013,3.4125,3.4645,3.467,3.4115,0.23K,-1.19%
03/27/2013,3.4535,3.4565,3.4655,3.435,0.17K,0.32%
03/26/2013,3.4425,3.452,3.4765,3.4385,45.92K,-0.07%
03/25/2013,3.445,3.4655,3.4865,3.4385,47.76K,-0.61%
03/22/2013,3.466,3.443,3.477,3.432,44.68K,0.90%
03/21/2013,3.435,3.438,3.495,3.421,63.30K,-0.33%
03/20/2013,3.4465,3.392,3.4535,3.3905,50.11K,1.20%
03/19/2013,3.4055,3.4135,3.441,3.388,58.31K,-0.66%
03/18/2013,3.428,3.509,3.51,3.41,79.98K,-2.63%
03/15/2013,3.5205,3.5345,3.56,3.515,48.03K,-0.45%
03/14/2013,3.5365,3.5295,3.5495,3.5115,42.62K,0.33%
03/13/2013,3.525,3.549,3.567,3.5215,47.87K,-0.83%
03/12/2013,3.5545,3.52,3.576,3.5,63.08K,1.07%
03/11/2013,3.517,3.508,3.5225,3.475,48.43K,0.23%
03/08/2013,3.509,3.518,3.534,3.499,47.16K,-0.33%
03/07/2013,3.5205,3.505,3.5345,3.4925,40.82K,0.79%
03/06/2013,3.493,3.5215,3.5415,3.487,48.07K,-0.63%
03/05/2013,3.515,3.52,3.5445,3.5145,45.95K,0.39%
03/04/2013,3.5015,3.502,3.5265,3.4825,56.51K,0.01%
03/01/2013,3.501,3.553,3.558,3.4725,73.03K,-1.31%
02/28/2013,3.5475,3.578,3.602,3.5445,62.71K,-0.55%
02/27/2013,3.567,3.5895,3.595,3.564,51.91K,-0.21%
02/26/2013,3.5745,3.5295,3.58,3.5275,0.97K,0.63%
02/25/2013,3.552,3.5525,3.58,3.5295,0.81K,0.27%
02/22/2013,3.5425,3.5825,3.595,3.535,0.55K,-0.55%
02/21/2013,3.562,3.616,3.616,3.546,0.49K,-1.52%
02/20/2013,3.617,3.6635,3.6745,3.6035,0.45K,-1.15%
02/19/2013,3.659,3.713,3.722,3.6565,0.78K,-2.32%
02/15/2013,3.746,3.749,3.7535,3.733,0.38K,0.01%
02/14/2013,3.7455,3.7485,3.7575,3.739,0.12K,-0.16%
02/13/2013,3.7515,3.756,3.7645,3.7415,0.32K,-0.04%
02/12/2013,3.753,3.7285,3.753,3.723,0.15K,0.58%
02/11/2013,3.7315,3.759,3.7595,3.725,0.08K,-0.98%
02/08/2013,3.7685,3.755,3.7765,3.755,0.14K,0.87%
02/07/2013,3.736,3.752,3.752,3.735,0.24K,-0.33%
02/06/2013,3.7485,3.775,3.775,3.7465,0.14K,-0.77%
02/05/2013,3.7775,3.7765,3.788,3.774,0.29K,0.05%
02/04/2013,3.7755,3.7925,3.7925,3.7735,0.12K,-0.01%
02/03/2013,3.776,3.731,3.776,3.731,0.11K,-0.41%
02/01/2013,3.7915,3.735,3.7895,3.7345,0.18K,1.39%
01/31/2013,3.7395,3.7555,3.7755,3.7345,0.19K,-0.49%
01/30/2013,3.758,3.7095,3.762,3.708,0.44K,1.80%
01/29/2013,3.6915,3.6585,3.694,3.6525,49.61K,0.82%
01/28/2013,3.6615,3.656,3.677,3.6445,38.17K,0.62%
01/27/2013,3.639,3.665,3.665,3.634,0.19K,-0.36%
01/25/2013,3.652,3.6725,3.6995,3.6405,47.93K,-0.67%
01/24/2013,3.6765,3.6725,3.6965,3.661,40.55K,-0.22%
01/23/2013,3.6845,3.705,3.7115,3.6765,40.04K,-0.55%
01/22/2013,3.705,3.684,3.7075,3.662,55.09K,1.15%
01/20/2013,3.663,3.66,3.678,3.652,0.14K,-0.43%
01/18/2013,3.679,3.6585,3.6975,3.655,40.57K,0.46%
01/17/2013,3.662,3.617,3.667,3.601,54.30K,1.54%
01/16/2013,3.6065,3.6395,3.6455,3.5995,44.58K,-0.85%
01/15/2013,3.6375,3.6445,3.651,3.606,53.06K,0.10%
01/14/2013,3.634,3.6595,3.689,3.633,50.25K,-0.14%
01/13/2013,3.639,3.671,3.675,3.643,0.17K,-0.41%
01/11/2013,3.654,3.7135,3.718,3.652,45.93K,-1.48%
01/10/2013,3.709,3.671,3.718,3.666,42.88K,1.05%
01/09/2013,3.6705,3.6795,3.7075,3.6645,40.26K,-0.04%
01/08/2013,3.672,3.684,3.6915,3.66,37.41K,-0.16%
01/07/2013,3.678,3.7035,3.7135,3.6525,39.01K,-0.03%
01/06/2013,3.679,3.684,3.69,3.671,0.29K,-0.39%
01/04/2013,3.6935,3.6935,3.707,3.671,45.82K,-0.63%
01/03/2013,3.717,3.7315,3.759,3.69,44.09K,-0.51%
01/02/2013,3.736,3.651,3.759,3.644,48.42K,2.29%
12/31/2012,3.6525,3.588,3.655,3.5815,26.44K,1.76%
12/28/2012,3.5895,3.6025,3.6225,3.586,25.54K,-0.19%
12/27/2012,3.5965,3.59,3.605,3.59,0.25K,0.15%
12/26/2012,3.591,3.568,3.607,3.557,0.19K,1.41%
12/24/2012,3.541,3.5665,3.5665,3.543,0.07K,-0.59%
12/21/2012,3.562,3.5405,3.5685,3.538,0.52K,0.89%
12/20/2012,3.5305,3.595,3.595,3.525,0.10K,-1.93%
12/19/2012,3.6,3.6505,3.6525,3.596,0.29K,-1.32%
12/18/2012,3.648,3.6535,3.657,3.639,0.08K,-0.37%
12/17/2012,3.6615,3.677,3.677,3.651,0.06K,-0.45%
12/14/2012,3.678,3.669,3.687,3.6685,0.18K,0.60%
12/13/2012,3.656,3.6975,3.6975,3.651,0.12K,-1.51%
12/12/2012,3.712,3.69,3.7115,3.6755,0.07K,0.81%
12/11/2012,3.682,3.7,3.7,3.6785,0.16K,-0.53%
12/10/2012,3.7015,3.666,3.713,3.666,0.56K,1.19%
12/07/2012,3.658,3.6445,3.67,3.64,0.24K,0.51%
12/06/2012,3.6395,3.651,3.6805,3.633,0.07K,-1.13%
12/05/2012,3.681,3.65,3.6865,3.646,0.08K,0.86%
12/04/2012,3.6495,3.6345,3.6635,3.6345,0.10K,-0.11%
12/03/2012,3.6535,3.6425,3.6575,3.6405,0.10K,0.23%
11/30/2012,3.645,3.5905,3.643,3.5905,0.28K,1.21%
11/29/2012,3.6015,3.555,3.617,3.555,0.38K,1.98%
11/28/2012,3.5315,3.5395,3.5435,3.49,0.45K,-0.38%
11/27/2012,3.545,3.544,3.557,3.525,0.86K,0.06%
11/26/2012,3.543,3.5265,3.544,3.5155,1.45K,0.28%
11/23/2012,3.533,3.519,3.534,3.4885,0.49K,0.91%
11/21/2012,3.501,3.5265,3.5315,3.4785,0.55K,-0.58%
11/20/2012,3.5215,3.527,3.539,3.5155,0.32K,-0.33%
11/19/2012,3.533,3.485,3.5425,3.479,0.25K,2.18%
11/16/2012,3.4575,3.4775,3.4775,3.4295,0.11K,-0.33%
11/15/2012,3.469,3.4565,3.479,3.4565,0.19K,0.25%
11/14/2012,3.4605,3.4735,3.4955,3.449,0.16K,-0.50%
11/13/2012,3.478,3.4615,3.491,3.4415,0.16K,0.10%
11/12/2012,3.4745,3.454,3.4815,3.454,0.18K,0.65%
11/09/2012,3.452,3.4895,3.4895,3.411,1.29K,-0.68%
11/08/2012,3.4755,3.464,3.476,3.449,0.09K,0.81%
11/07/2012,3.4475,3.5075,3.546,3.438,0.22K,-1.84%
11/06/2012,3.512,3.4875,3.521,3.4865,0.05K,1.05%
11/05/2012,3.4755,3.475,3.4865,3.4545,0.09K,-0.33%
11/02/2012,3.487,3.5495,3.5495,3.48,0.07K,-1.98%
11/01/2012,3.5575,3.5495,3.57,3.546,0.05K,0.98%
10/31/2012,3.523,3.5445,3.5605,3.5195,0.04K,0.33%
10/30/2012,3.5115,3.513,3.533,3.498,0.05K,0.49%
10/29/2012,3.4945,3.561,3.5625,3.482,33.56K,-1.56%
10/26/2012,3.55,3.5555,3.5685,3.523,50.39K,-0.01%
10/25/2012,3.5505,3.5745,3.5905,3.538,47.52K,-0.49%
10/24/2012,3.568,3.572,3.5975,3.5475,43.93K,-0.04%
10/23/2012,3.5695,3.6235,3.641,3.548,55.45K,-1.45%
10/22/2012,3.622,3.6375,3.6525,3.6085,43.85K,-0.43%
10/19/2012,3.6375,3.733,3.7475,3.627,61.61K,-2.82%
10/18/2012,3.743,3.7435,3.765,3.721,44.08K,-0.13%
10/17/2012,3.748,3.71,3.755,3.6885,48.54K,1.30%
10/16/2012,3.7,3.696,3.7235,3.686,30.11K,-0.04%
10/15/2012,3.7015,3.703,3.7105,3.646,48.60K,-0.04%
10/12/2012,3.703,3.745,3.7565,3.693,45.03K,-1.29%
10/11/2012,3.7515,3.7115,3.7785,3.692,45.57K,0.90%
10/10/2012,3.718,3.7245,3.728,3.6935,40.27K,0.00%
10/09/2012,3.718,3.7255,3.753,3.707,47.28K,0.00%
10/08/2012,3.718,3.77,3.77,3.702,37.28K,-1.59%
10/05/2012,3.778,3.7895,3.81,3.75,43.90K,-0.21%
10/04/2012,3.786,3.773,3.813,3.766,40.19K,0.05%
10/03/2012,3.784,3.7935,3.7945,3.761,37.45K,-0.45%
10/02/2012,3.801,3.776,3.8225,3.768,39.91K,0.41%
10/01/2012,3.7855,3.7505,3.798,3.7215,45.94K,0.73%
09/28/2012,3.758,3.7465,3.777,3.739,45.00K,0.37%
09/27/2012,3.744,3.7165,3.7485,3.7,48.43K,0.86%
09/26/2012,3.712,3.741,3.7475,3.686,0.22K,-1.33%
09/25/2012,3.762,3.7475,3.7855,3.7385,0.11K,0.71%
09/24/2012,3.7355,3.766,3.766,3.729,0.11K,-1.52%
09/21/2012,3.793,3.789,3.8115,3.7815,0.14K,0.80%
09/20/2012,3.763,3.794,3.794,3.7505,0.13K,-1.44%
09/19/2012,3.818,3.7975,3.834,3.793,0.25K,0.70%
09/18/2012,3.7915,3.77,3.797,3.77,0.05K,-0.13%
09/17/2012,3.7965,3.8055,3.8055,3.745,0.05K,-1.06%
09/14/2012,3.837,3.756,3.8355,3.756,0.26K,3.34%
09/13/2012,3.713,3.6985,3.748,3.6645,0.12K,0.45%
09/12/2012,3.6965,3.6925,3.7295,3.6835,0.17K,-0.11%
09/11/2012,3.7005,3.652,3.705,3.652,0.16K,0.24%
09/10/2012,3.6915,3.6475,3.6965,3.6475,0.15K,1.21%
09/07/2012,3.6475,3.5275,3.654,3.5275,0.14K,3.68%
09/06/2012,3.518,3.5225,3.5315,3.5,0.17K,-0.33%
09/05/2012,3.5295,3.471,3.5245,3.4655,0.42K,1.73%
09/04/2012,3.4695,3.48,3.489,3.47,0.09K,0.35%
08/31/2012,3.4575,3.4465,3.457,3.439,0.23K,0.32%
08/30/2012,3.4465,3.4385,3.478,3.4385,0.21K,-0.04%
08/29/2012,3.448,3.464,3.465,3.432,1.92K,-0.55%
08/28/2012,3.467,3.4745,3.4745,3.447,1.94K,-0.34%
08/27/2012,3.479,3.485,3.4935,3.467,0.13K,-0.20%
08/24/2012,3.486,3.476,3.489,3.4625,0.48K,-0.26%
08/23/2012,3.495,3.473,3.5125,3.469,0.60K,1.07%
08/22/2012,3.458,3.44,3.4775,3.433,0.28K,0.03%
08/21/2012,3.457,3.3815,3.468,3.3815,0.39K,2.43%
08/20/2012,3.375,3.3995,3.4105,3.359,0.37K,-1.42%
08/17/2012,3.4235,3.3865,3.425,3.383,0.19K,1.06%
08/16/2012,3.3875,3.358,3.3885,3.348,0.15K,0.98%
08/15/2012,3.3545,3.3605,3.3675,3.3445,0.08K,-0.30%
08/14/2012,3.3645,3.3735,3.3735,3.3535,0.02K,0.16%
08/13/2012,3.359,3.398,3.398,3.348,0.04K,-1.15%
08/10/2012,3.398,3.3845,3.41,3.367,0.13K,-0.92%
08/09/2012,3.4295,3.44,3.44,3.4115,0.06K,0.10%
08/08/2012,3.426,3.4275,3.435,3.421,0.19K,-0.55%
08/07/2012,3.445,3.378,3.4515,3.378,0.48K,1.50%
08/06/2012,3.394,3.3665,3.3935,3.352,0.03K,0.64%
08/03/2012,3.3725,3.3245,3.373,3.319,0.35K,2.32%
08/02/2012,3.296,3.356,3.372,3.297,0.20K,-2.50%
08/01/2012,3.3805,3.369,3.3785,3.353,1.15K,-1.26%
07/31/2012,3.4235,3.4575,3.4575,3.422,0.69K,0.03%
07/30/2012,3.4225,3.428,3.428,3.4225,0.28K,-0.10%
07/27/2012,3.426,3.391,3.439,3.379,48.83K,0.96%
07/26/2012,3.3935,3.386,3.438,3.3535,67.19K,0.56%
07/25/2012,3.3745,3.363,3.404,3.332,55.62K,0.64%
07/24/2012,3.353,3.38,3.4015,3.3385,54.77K,-0.80%
07/23/2012,3.38,3.4375,3.4445,3.342,61.34K,-1.97%
07/20/2012,3.448,3.527,3.5285,3.418,69.21K,-2.45%
07/19/2012,3.5345,3.474,3.545,3.4695,54.75K,1.74%
07/18/2012,3.474,3.4685,3.4835,3.435,32.72K,0.54%
07/17/2012,3.4555,3.4875,3.5125,3.4325,45.45K,-0.85%
07/16/2012,3.485,3.504,3.508,3.4655,30.96K,-0.54%
07/13/2012,3.504,3.4205,3.5075,3.4125,44.88K,2.61%
07/12/2012,3.415,3.4305,3.439,3.3845,42.67K,-0.94%
07/11/2012,3.4475,3.3885,3.4525,3.3885,45.06K,1.46%
07/10/2012,3.398,3.438,3.44,3.382,40.28K,-0.98%
07/09/2012,3.4315,3.4125,3.44,3.3965,31.77K,0.65%
07/06/2012,3.4095,3.491,3.505,3.405,43.32K,-2.39%
07/05/2012,3.493,3.5385,3.54,3.4695,64.17K,-1.33%
07/03/2012,3.54,3.467,3.5565,3.463,53.75K,2.05%
07/02/2012,3.469,3.495,3.5025,3.4525,48.96K,-0.79%
06/29/2012,3.4965,3.343,3.515,3.33,75.84K,4.95%
06/28/2012,3.3315,3.3495,3.3675,3.316,47.89K,-0.70%
06/27/2012,3.355,3.3245,3.3585,3.3075,0.67K,1.08%
06/26/2012,3.319,3.335,3.3385,3.304,1.21K,-0.12%
06/25/2012,3.323,3.3135,3.342,3.2895,1.23K,0.32%
06/22/2012,3.3125,3.3095,3.319,3.2695,0.45K,0.27%
06/21/2012,3.3035,3.3825,3.3825,3.301,0.26K,-2.64%
06/20/2012,3.393,3.4245,3.437,3.366,0.27K,-1.31%
06/19/2012,3.438,3.3995,3.4435,3.387,0.23K,1.13%
06/18/2012,3.3995,3.4505,3.4505,3.373,0.23K,0.35%
06/15/2012,3.3875,3.381,3.4195,3.381,0.21K,0.85%
06/14/2012,3.359,3.332,3.3665,3.332,0.21K,0.43%
06/13/2012,3.3445,3.36,3.36,3.3235,0.17K,0.10%
06/12/2012,3.341,3.31,3.36,3.31,0.17K,-0.22%
06/11/2012,3.3485,3.3755,3.38,3.3395,0.16K,1.75%
06/08/2012,3.291,3.356,3.356,3.2765,0.11K,-2.53%
06/07/2012,3.3765,3.3765,3.4355,3.3375,0.79K,-0.24%
06/06/2012,3.3845,3.3175,3.383,3.3175,0.19K,2.72%
06/05/2012,3.295,3.3515,3.3515,3.2925,0.05K,-0.56%
06/04/2012,3.3135,3.3475,3.35,3.335,0.03K,-0.20%
06/01/2012,3.32,3.3695,3.38,3.31,0.14K,-1.50%
05/31/2012,3.3705,3.375,3.376,3.3495,0.04K,-0.71%
05/30/2012,3.3945,3.449,3.449,3.3815,0.20K,-1.95%
05/29/2012,3.462,3.449,3.5085,3.4485,90.08K,0.41%
05/25/2012,3.448,3.4325,3.4675,3.4175,46.04K,0.57%
05/24/2012,3.4285,3.4485,3.4515,3.4045,62.55K,0.96%
05/23/2012,3.396,3.464,3.4775,3.3865,68.80K,-2.61%
05/22/2012,3.487,3.529,3.5335,3.452,52.62K,-0.43%
05/21/2012,3.502,3.45,3.538,3.436,55.39K,0.97%
05/18/2012,3.4685,3.464,3.516,3.4315,58.33K,-0.30%
05/17/2012,3.479,3.478,3.5215,3.453,59.37K,0.03%
05/16/2012,3.478,3.505,3.515,3.449,68.72K,-1.12%
05/15/2012,3.5175,3.5125,3.5585,3.486,63.02K,-1.03%
05/14/2012,3.554,3.648,3.6745,3.501,70.85K,-2.58%
05/11/2012,3.648,3.6795,3.6835,3.6165,54.91K,-1.15%
05/10/2012,3.6905,3.662,3.7135,3.6435,55.36K,0.85%
05/09/2012,3.6595,3.689,3.6945,3.61,69.03K,-0.49%
05/08/2012,3.6775,3.7655,3.7655,3.6565,59.75K,-2.54%
05/07/2012,3.7735,3.7075,3.7785,3.6665,37.64K,1.41%
05/04/2012,3.721,3.736,3.755,3.7025,50.07K,-0.40%
05/03/2012,3.736,3.785,3.791,3.727,45.90K,-1.35%
05/02/2012,3.787,3.8385,3.8395,3.7665,47.77K,-1.47%
05/01/2012,3.8435,3.837,3.8555,3.812,35.71K,0.37%
04/30/2012,3.8295,3.8365,3.8615,3.7965,50.31K,0.12%
04/27/2012,3.825,3.779,3.8395,3.7545,58.39K,1.43%
04/26/2012,3.771,3.716,3.788,3.7005,1.16K,1.78%
04/25/2012,3.705,3.686,3.7175,3.6715,1.37K,0.73%
04/24/2012,3.678,3.6315,3.69,3.631,2.33K,1.29%
04/23/2012,3.631,3.668,3.674,3.6095,0.37K,-1.94%
04/20/2012,3.703,3.6355,3.712,3.6355,0.36K,1.93%
04/19/2012,3.633,3.6335,3.654,3.6105,0.31K,-0.07%
04/18/2012,3.6355,3.649,3.6745,3.62,0.25K,-0.44%
04/17/2012,3.6515,3.62,3.653,3.608,0.19K,0.51%
04/16/2012,3.633,3.619,3.639,3.5775,0.24K,0.04%
04/13/2012,3.6315,3.7205,3.722,3.611,0.50K,-2.50%
04/12/2012,3.7245,3.659,3.7345,3.6585,0.24K,2.21%
04/11/2012,3.644,3.6565,3.668,3.638,0.20K,-0.29%
04/10/2012,3.6545,3.759,3.78,3.656,0.18K,-1.89%
04/09/2012,3.725,3.784,3.8015,3.7125,0.31K,-2.00%
04/05/2012,3.801,3.7975,3.829,3.7815,0.12K,0.13%
04/04/2012,3.796,3.8955,3.8955,3.7955,0.08K,-3.26%
04/03/2012,3.924,3.917,3.9495,3.889,0.13K,-0.03%
04/02/2012,3.925,3.8695,3.9355,3.842,0.17K,2.49%
03/30/2012,3.8295,3.839,3.8505,3.827,0.04K,0.74%
03/29/2012,3.8015,3.8125,3.8125,3.77,0.11K,0.24%
03/28/2012,3.7925,3.8675,3.87,3.7825,48.94K,-2.26%
03/27/2012,3.88,3.897,3.904,3.855,43.66K,-0.19%
03/26/2012,3.8875,3.8055,3.8995,3.795,48.33K,2.07%
03/23/2012,3.8085,3.773,3.825,3.7625,51.13K,1.14%
03/22/2012,3.7655,3.836,3.857,3.7525,54.48K,-2.08%
03/21/2012,3.8455,3.839,3.87,3.8275,37.84K,0.39%
03/20/2012,3.8305,3.905,3.91,3.8135,42.19K,-2.01%
03/19/2012,3.909,3.8845,3.9195,3.855,38.42K,0.80%
03/16/2012,3.878,3.8965,3.94,3.8675,49.33K,-0.50%
03/15/2012,3.8975,3.8345,3.903,3.825,45.16K,1.29%
03/14/2012,3.848,3.912,3.918,3.8255,44.05K,-1.40%
03/13/2012,3.9025,3.843,3.9185,3.8415,49.67K,1.69%
03/12/2012,3.8375,3.855,3.865,3.817,37.75K,-0.54%
03/09/2012,3.8585,3.7945,3.8775,3.788,53.14K,1.77%
03/08/2012,3.7915,3.771,3.831,3.765,46.17K,0.65%
03/07/2012,3.767,3.739,3.786,3.714,52.65K,0.79%
03/06/2012,3.7375,3.8635,3.883,3.7305,59.11K,-3.16%
03/05/2012,3.8595,3.9045,3.9325,3.8355,43.24K,-1.11%
03/02/2012,3.903,3.9315,3.9495,3.889,41.24K,-0.72%
03/01/2012,3.9315,3.8635,3.9385,3.8485,48.23K,1.34%
02/29/2012,3.8795,3.9175,3.9615,3.805,60.54K,-1.07%
02/28/2012,3.9215,3.889,3.9575,3.867,53.65K,0.89%
02/27/2012,3.887,3.864,3.892,3.8305,0.34K,0.50%
02/24/2012,3.8675,3.822,3.8845,3.8,0.28K,1.48%
02/23/2012,3.811,3.8285,3.841,3.784,0.43K,-0.74%
02/22/2012,3.8395,3.8335,3.854,3.7995,0.20K,-0.07%
02/21/2012,3.842,3.8055,3.845,3.7335,0.45K,3.46%
02/17/2012,3.7135,3.8305,3.8305,3.708,0.15K,-2.17%
02/16/2012,3.796,3.78,3.816,3.738,0.58K,-0.29%
02/15/2012,3.807,3.836,3.8655,3.797,0.34K,-0.35%
02/14/2012,3.8205,3.84,3.849,3.7935,0.31K,-0.61%
02/13/2012,3.844,3.887,3.898,3.827,0.74K,-0.57%
02/10/2012,3.866,3.9615,3.9615,3.8575,0.12K,-2.91%
02/09/2012,3.982,3.901,3.9835,3.8905,0.84K,1.71%
02/08/2012,3.915,3.8845,3.9365,3.8845,0.40K,0.84%
02/07/2012,3.8825,3.86,3.886,3.819,0.30K,0.28%
02/06/2012,3.8715,3.88,3.88,3.8585,0.07K,-0.95%
02/03/2012,3.9085,3.79,3.918,3.79,0.16K,3.17%
02/02/2012,3.7885,3.846,3.846,3.78,0.04K,-1.57%
02/01/2012,3.849,3.785,3.8525,3.7775,0.09K,1.37%
01/31/2012,3.797,3.833,3.8795,3.772,0.18K,-0.95%
01/30/2012,3.8335,3.8385,3.8465,3.8205,0.19K,-1.43%
01/27/2012,3.889,3.89,3.939,3.863,42.77K,-0.32%
01/26/2012,3.9015,3.8495,3.9105,3.8305,40.98K,1.88%
01/25/2012,3.8295,3.8225,3.857,3.76,53.18K,0.58%
01/24/2012,3.8075,3.815,3.826,3.7495,48.69K,0.24%
01/23/2012,3.7985,3.751,3.8195,3.722,37.45K,1.43%
01/20/2012,3.745,3.812,3.834,3.731,48.08K,-1.46%
01/19/2012,3.8005,3.7575,3.8215,3.757,45.97K,1.28%
01/18/2012,3.7525,3.7235,3.7725,3.6955,45.26K,0.62%
01/17/2012,3.7295,3.634,3.759,3.594,63.57K,2.54%
01/13/2012,3.637,3.64,3.689,3.579,56.13K,-0.33%
01/12/2012,3.649,3.55,3.671,3.522,61.17K,2.90%
01/11/2012,3.546,3.5,3.5565,3.4705,49.43K,0.94%
01/10/2012,3.513,3.424,3.5175,3.404,42.60K,2.84%
01/09/2012,3.416,3.4345,3.442,3.378,34.69K,-0.55%
01/06/2012,3.435,3.4115,3.465,3.3935,37.02K,0.25%
01/05/2012,3.4265,3.434,3.48,3.3845,42.33K,-0.23%
01/04/2012,3.4345,3.521,3.5245,3.42,40.44K,-2.66%
01/03/2012,3.5285,3.454,3.539,3.454,33.63K,2.69%
12/30/2011,3.436,3.3875,3.4585,3.3775,20.61K,1.96%
12/29/2011,3.37,3.355,3.4015,3.325,23.31K,0.18%
12/28/2011,3.364,3.41,3.4345,3.3485,0.11K,-1.26%
12/27/2011,3.407,3.42,3.443,3.4155,0.07K,-1.73%
12/23/2011,3.467,3.445,3.475,3.443,0.03K,1.58%
12/22/2011,3.413,3.3915,3.4275,3.36,0.22K,0.59%
12/21/2011,3.393,3.377,3.422,3.3475,0.11K,0.76%
12/20/2011,3.3675,3.2845,3.3875,3.2845,0.07K,1.83%
12/19/2011,3.307,3.33,3.33,3.266,0.14K,-0.69%
12/16/2011,3.33,3.298,3.363,3.297,0.30K,1.96%
12/15/2011,3.266,3.2965,3.316,3.2545,0.24K,-0.37%
12/14/2011,3.278,3.4135,3.4195,3.259,0.29K,-4.71%
12/13/2011,3.44,3.45,3.492,3.406,0.20K,-0.65%
12/12/2011,3.4625,3.505,3.5095,3.4455,0.18K,-2.60%
12/09/2011,3.555,3.493,3.5565,3.4895,0.14K,1.63%
12/08/2011,3.498,3.554,3.6,3.491,0.06K,-1.58%
12/07/2011,3.554,3.5795,3.5895,3.5375,0.05K,-0.55%
12/06/2011,3.5735,3.5415,3.5965,3.5385,0.02K,-1.12%
12/05/2011,3.614,3.58,3.58,3.546,0.01K,0.88%
12/02/2011,3.5825,3.582,3.615,3.5615,0.09K,1.42%
12/01/2011,3.5325,3.576,3.576,3.5215,0.09K,-1.15%
11/30/2011,3.5735,3.3715,3.592,3.3205,0.13K,5.46%
11/29/2011,3.3885,3.3665,3.411,3.359,0.06K,0.68%
11/28/2011,3.3655,3.304,3.404,3.304,1.63K,2.67%
11/25/2011,3.278,3.2665,3.323,3.234,0.41K,-0.26%
11/23/2011,3.2865,3.32,3.3625,3.2435,0.30K,-1.63%
11/22/2011,3.341,3.346,3.3685,3.32,0.42K,0.88%
11/21/2011,3.312,3.399,3.399,3.2895,0.49K,-2.93%
11/18/2011,3.412,3.3655,3.4435,3.35,0.15K,0.57%
11/17/2011,3.3925,3.4335,3.475,3.372,1.10K,-2.90%
11/16/2011,3.494,3.502,3.5455,3.452,0.25K,-0.48%
11/15/2011,3.511,3.514,3.52,3.4715,0.37K,0.39%
11/14/2011,3.4975,3.523,3.587,3.4875,0.24K,0.69%
11/11/2011,3.4735,3.397,3.486,3.3845,0.28K,2.63%
11/10/2011,3.3845,3.406,3.41,3.335,0.19K,-1.94%
11/09/2011,3.4515,3.58,3.6005,3.401,0.19K,-2.61%
11/08/2011,3.544,3.589,3.589,3.5325,0.39K,-0.06%
11/07/2011,3.546,3.65,3.65,3.5395,0.19K,-0.80%
11/04/2011,3.5745,3.62,3.6595,3.556,0.49K,-0.64%
11/03/2011,3.5975,3.562,3.6025,3.491,0.11K,0.22%
11/02/2011,3.5895,3.5685,3.61,3.5585,0.14K,2.21%
11/01/2011,3.512,3.6405,3.66,3.481,0.25K,-3.57%
10/31/2011,3.642,3.697,3.697,3.5885,0.20K,-2.00%
10/28/2011,3.7165,3.683,3.725,3.654,0.41K,0.66%
10/27/2011,3.692,3.4995,3.7215,3.498,58.94K,5.79%
10/26/2011,3.49,3.4135,3.588,3.396,60.72K,2.03%
10/25/2011,3.4205,3.4605,3.539,3.358,59.87K,-0.83%
10/24/2011,3.449,3.2455,3.47,3.223,56.77K,7.01%
10/21/2011,3.223,3.085,3.278,3.077,52.72K,5.41%
10/20/2011,3.0575,3.2215,3.235,3.031,63.34K,-6.15%
10/19/2011,3.258,3.374,3.3775,3.206,50.17K,-3.04%
10/18/2011,3.36,3.334,3.4205,3.2575,64.71K,-0.53%
10/17/2011,3.378,3.4375,3.4635,3.332,49.51K,-0.89%
10/14/2011,3.4085,3.328,3.4355,3.3125,43.91K,3.07%
10/13/2011,3.307,3.3575,3.3745,3.286,51.70K,-2.55%
10/12/2011,3.3935,3.275,3.4115,3.2385,47.03K,3.13%
10/11/2011,3.2905,3.361,3.387,3.2305,43.42K,-2.30%
10/10/2011,3.368,3.28,3.391,3.2775,38.98K,2.89%
10/07/2011,3.2735,3.273,3.338,3.258,51.95K,0.83%
10/06/2011,3.2465,3.127,3.2805,3.1185,48.10K,4.52%
10/05/2011,3.106,3.135,3.1705,3.0255,59.89K,0.08%
10/04/2011,3.1035,3.051,3.155,3.031,64.20K,-1.49%
10/03/2011,3.1505,3.14,3.179,2.994,72.69K,-0.05%
09/30/2011,3.152,3.23,3.318,3.095,76.05K,-2.90%
09/29/2011,3.246,3.186,3.2895,3.08,71.71K,0.09%
09/28/2011,3.243,3.41,3.4125,3.1635,0.37K,-5.62%
09/27/2011,3.436,3.3445,3.475,3.307,0.25K,4.79%
09/26/2011,3.279,3.315,3.35,3.068,0.50K,0.09%
09/23/2011,3.276,3.462,3.486,3.2395,0.55K,-5.97%
09/22/2011,3.484,3.694,3.709,3.4295,0.21K,-7.33%
09/21/2011,3.7595,3.718,3.775,3.6895,0.14K,1.02%
09/20/2011,3.7215,3.76,3.814,3.718,0.15K,-1.48%
09/19/2011,3.7775,3.9095,3.9095,3.7645,0.33K,-3.81%
09/16/2011,3.927,3.95,3.9835,3.922,0.08K,-0.65%
09/15/2011,3.9525,3.907,3.9655,3.907,0.30K,1.50%
09/14/2011,3.894,3.92,3.9365,3.89,0.09K,-1.82%
09/13/2011,3.966,3.9565,3.9865,3.9565,0.05K,0.09%
09/12/2011,3.9625,3.96,3.9835,3.917,0.10K,-0.89%
09/09/2011,3.998,4.0505,4.0505,3.996,0.03K,-3.39%
09/08/2011,4.1385,4.088,4.14,4.088,0.07K,0.28%
09/07/2011,4.127,4.13,4.13,4.13,0.05K,1.89%
09/06/2011,4.0505,4.09,4.09,4.045,0.04K,-1.67%
09/02/2011,4.1195,4.125,4.125,4.093,0.05K,-0.87%
09/01/2011,4.1555,4.153,4.1555,4.1385,0.02K,-1.05%
08/31/2011,4.1995,4.168,4.208,4.168,0.01K,1.54%
08/30/2011,4.136,4.1145,4.183,4.1145,0.06K,0.93%
08/29/2011,4.098,4.0875,4.121,4.075,0.51K,-0.22%
08/26/2011,4.107,4.0955,4.126,4.06,0.51K,0.49%
08/25/2011,4.087,4.03,4.106,4.019,0.33K,2.05%
08/24/2011,4.005,4.014,4.025,3.995,0.31K,0.02%
08/23/2011,4.004,3.951,4.041,3.951,0.32K,1.02%
08/22/2011,3.9635,3.9625,4.001,3.9405,0.24K,-0.69%
08/19/2011,3.991,3.967,4.022,3.9555,0.16K,0.40%
08/18/2011,3.975,4.032,4.032,3.9405,0.24K,-1.65%
08/17/2011,4.0415,3.9845,4.085,3.9845,0.06K,0.96%
08/16/2011,4.003,4.0405,4.0405,3.966,0.10K,-0.94%
08/15/2011,4.041,4.0515,4.0515,4.0085,0.65K,0.50%
08/12/2011,4.021,4.017,4.0395,4.0025,0.11K,0.07%
08/11/2011,4.018,3.993,4.079,3.964,0.30K,3.07%
08/10/2011,3.8985,4.0565,4.0585,3.886,0.22K,-2.05%
08/09/2011,3.98,3.895,4.0625,3.847,0.13K,0.21%
08/08/2011,3.9715,4.068,4.133,3.937,0.31K,-3.77%
08/05/2011,4.127,4.229,4.229,4.0945,0.24K,-2.80%
08/04/2011,4.246,4.3485,4.3485,4.225,0.20K,-2.09%
08/03/2011,4.3365,4.35,4.395,4.341,0.12K,-1.56%
08/02/2011,4.405,4.4205,4.4335,4.3895,0.19K,-0.34%
08/01/2011,4.42,4.5165,4.5165,4.405,0.33K,-1.55%
07/29/2011,4.4895,4.5,4.51,4.435,0.20K,0.23%
07/28/2011,4.479,4.465,4.4805,4.465,0.03K,0.73%
07/27/2011,4.4465,4.4795,4.4885,4.421,26.99K,-0.70%
07/26/2011,4.478,4.409,4.486,4.3955,28.09K,1.62%
07/25/2011,4.4065,4.3975,4.42,4.3705,27.02K,-0.08%
07/22/2011,4.41,4.385,4.426,4.375,21.59K,0.60%
07/21/2011,4.3835,4.436,4.4595,4.365,32.15K,-1.18%
07/20/2011,4.436,4.47,4.48,4.427,23.67K,-0.72%
07/19/2011,4.468,4.412,4.496,4.4045,32.41K,1.48%
07/18/2011,4.403,4.415,4.4485,4.372,33.65K,-0.23%
07/15/2011,4.413,4.3855,4.4265,4.355,32.17K,0.75%
07/14/2011,4.38,4.3915,4.4175,4.3675,32.77K,-0.53%
07/13/2011,4.4035,4.389,4.439,4.373,39.18K,0.27%
07/12/2011,4.3915,4.374,4.4085,4.3145,37.90K,0.54%
07/11/2011,4.368,4.4105,4.42,4.334,41.00K,-1.00%
07/08/2011,4.412,4.4265,4.4565,4.3755,40.94K,-0.68%
07/07/2011,4.442,4.335,4.4435,4.3255,42.14K,2.47%
07/06/2011,4.335,4.341,4.348,4.301,30.72K,-0.29%
07/05/2011,4.3475,4.3,4.354,4.2825,34.54K,1.05%
07/01/2011,4.3025,4.272,4.3175,4.2485,29.21K,0.47%
06/30/2011,4.2825,4.226,4.2875,4.206,36.41K,1.38%
06/29/2011,4.224,4.115,4.234,4.1125,51.55K,2.99%
06/28/2011,4.1015,4.083,4.1135,4.0635,0.21K,0.98%
06/27/2011,4.0615,4.097,4.1005,4.05,0.27K,-1.16%
06/24/2011,4.109,4.0805,4.136,4.074,0.43K,1.46%
06/23/2011,4.05,4.0655,4.079,4.031,0.71K,-1.22%
06/22/2011,4.1,4.103,4.1045,4.0635,1.34K,0.00%
06/21/2011,4.1,4.09,4.134,4.0765,0.86K,0.37%
06/20/2011,4.085,4.1025,4.1025,4.0225,0.73K,-0.69%
06/17/2011,4.1135,4.1325,4.1615,4.0905,0.17K,-0.38%
06/16/2011,4.129,4.13,4.1405,4.058,0.27K,-0.08%
06/15/2011,4.1325,4.155,4.1745,4.122,0.15K,-0.80%
06/14/2011,4.166,4.045,4.1695,4.045,0.61K,2.97%
06/13/2011,4.046,4.0555,4.058,4.0365,0.43K,-0.50%
06/10/2011,4.0665,4.12,4.1225,4.0395,0.16K,-1.25%
06/09/2011,4.118,4.1235,4.1245,4.0585,0.35K,-0.01%
06/08/2011,4.1185,4.16,4.16,4.0985,0.19K,-1.00%
06/07/2011,4.16,4.129,4.172,4.129,0.22K,0.20%
06/06/2011,4.1515,4.147,4.168,4.1315,0.09K,0.17%
06/03/2011,4.1445,4.101,4.151,4.0755,0.14K,1.22%
06/02/2011,4.0945,4.097,4.111,4.053,0.04K,-0.53%
06/01/2011,4.1165,4.177,4.192,4.102,0.23K,-1.70%
05/31/2011,4.1875,4.191,4.2115,4.158,0.14K,-0.19%
05/27/2011,4.1955,4.1345,4.1975,4.1345,0.03K,2.06%
05/26/2011,4.111,4.1025,4.137,4.0715,32.11K,0.10%
05/25/2011,4.107,4.0195,4.127,4.0005,37.67K,2.34%
05/24/2011,4.013,3.9775,4.058,3.962,33.38K,0.54%
05/23/2011,3.9915,4.102,4.1105,3.9505,43.09K,-3.15%
05/20/2011,4.1215,4.049,4.1485,4.038,33.62K,1.70%
05/19/2011,4.0525,4.096,4.1195,4.0345,32.12K,-1.28%
05/18/2011,4.105,4.036,4.124,4.023,38.34K,2.66%
05/17/2011,3.9985,3.97,4.0395,3.947,38.00K,0.20%
05/16/2011,3.9905,4.005,4.0195,3.9465,29.55K,0.18%
05/13/2011,3.9835,3.9715,4.047,3.9505,42.05K,0.33%
05/12/2011,3.9705,3.912,3.9935,3.8535,47.79K,1.46%
05/11/2011,3.9135,4.0445,4.0685,3.898,41.76K,-3.18%
05/10/2011,4.042,4.055,4.084,4.004,27.82K,0.63%
05/09/2011,4.0165,3.985,4.0705,3.975,31.87K,1.03%
05/06/2011,3.9755,3.986,4.0595,3.928,51.08K,-0.56%
05/05/2011,3.998,4.126,4.142,3.9645,50.80K,-3.29%
05/04/2011,4.134,4.246,4.2545,4.125,35.61K,-2.80%
05/03/2011,4.253,4.175,4.267,4.158,36.91K,1.36%
05/02/2011,4.196,4.187,4.21,4.1075,25.09K,0.41%
04/29/2011,4.179,4.2625,4.284,4.158,24.29K,-1.94%
04/28/2011,4.2615,4.271,4.325,4.225,35.98K,0.57%
04/27/2011,4.2375,4.3555,4.3555,4.22,1.28K,-2.14%
04/26/2011,4.33,4.319,4.351,4.2665,1.32K,0.37%
04/25/2011,4.314,4.3995,4.3995,4.272,0.52K,-2.18%
04/21/2011,4.41,4.37,4.4095,4.333,0.41K,1.38%
04/20/2011,4.35,4.2605,4.36,4.26,1.04K,2.59%
04/19/2011,4.24,4.229,4.268,4.1925,2.21K,0.75%
04/18/2011,4.2085,4.25,4.2965,4.183,1.19K,-1.41%
04/15/2011,4.2685,4.3005,4.3195,4.2445,0.47K,-0.61%
04/14/2011,4.2945,4.3,4.322,4.2555,0.24K,-0.26%
04/13/2011,4.3055,4.3865,4.407,4.299,0.44K,-2.01%
04/12/2011,4.394,4.4575,4.47,4.3755,1.19K,-1.69%
04/11/2011,4.4695,4.5415,4.5415,4.4605,0.63K,-0.92%
04/08/2011,4.511,4.4285,4.53,4.428,0.69K,1.93%
04/07/2011,4.4255,4.372,4.439,4.3675,0.22K,1.06%
04/06/2011,4.379,4.2695,4.385,4.2695,0.23K,2.46%
04/05/2011,4.274,4.2735,4.2965,4.225,0.22K,0.22%
04/04/2011,4.2645,4.2715,4.318,4.2365,0.26K,-0.07%
04/01/2011,4.2675,4.277,4.277,4.223,0.17K,-1.15%
03/31/2011,4.317,4.266,4.32,4.2565,0.26K,0.78%
03/30/2011,4.2835,4.3545,4.3745,4.2555,0.45K,-1.45%
03/29/2011,4.3465,4.351,4.37,4.2925,28.87K,-0.08%
03/28/2011,4.35,4.4275,4.4355,4.3315,25.82K,-1.56%
03/25/2011,4.419,4.4235,4.454,4.399,25.98K,-0.12%
03/24/2011,4.4245,4.425,4.4545,4.392,28.69K,-0.09%
03/23/2011,4.4285,4.308,4.441,4.29,34.67K,2.68%
03/22/2011,4.313,4.2965,4.3195,4.271,20.97K,0.63%
03/21/2011,4.286,4.3565,4.3685,4.2665,28.04K,-1.22%
03/18/2011,4.339,4.348,4.376,4.3015,28.70K,-0.12%
03/17/2011,4.344,4.176,4.3675,4.146,43.22K,3.49%
03/16/2011,4.1975,4.19,4.27,4.17,47.44K,1.46%
03/15/2011,4.137,4.2215,4.2215,4.076,57.24K,-1.18%
03/14/2011,4.1865,4.2275,4.2275,4.14,34.80K,-0.50%
03/11/2011,4.2075,4.21,4.245,4.086,43.78K,0.24%
03/10/2011,4.1975,4.215,4.229,4.136,40.45K,-0.36%
03/09/2011,4.2125,4.345,4.379,4.183,54.67K,-2.90%
03/08/2011,4.3385,4.3455,4.3585,4.254,36.30K,0.27%
03/07/2011,4.327,4.488,4.5165,4.304,40.83K,-3.53%
03/04/2011,4.4855,4.491,4.554,4.465,30.79K,-0.10%
03/03/2011,4.49,4.494,4.5485,4.4705,29.12K,-0.18%
03/02/2011,4.498,4.465,4.5185,4.454,25.07K,-0.26%
03/01/2011,4.5095,4.4995,4.525,4.4485,32.52K,0.29%
02/28/2011,4.4965,4.4635,4.5065,4.4255,25.75K,0.93%
02/25/2011,4.455,4.351,4.479,4.337,35.82K,2.76%
02/24/2011,4.3355,4.324,4.3535,4.237,0.90K,1.20%
02/23/2011,4.284,4.328,4.344,4.2585,0.35K,-1.64%
02/22/2011,4.3555,4.4955,4.5075,4.32,0.71K,-2.97%
02/18/2011,4.489,4.4795,4.53,4.4345,0.25K,-0.04%
02/17/2011,4.491,4.4915,4.516,4.4225,0.57K,0.34%
02/16/2011,4.476,4.53,4.5355,4.473,0.29K,-1.43%
02/15/2011,4.541,4.633,4.6345,4.527,0.20K,-1.98%
02/14/2011,4.6325,4.5765,4.6325,4.5745,0.70K,2.00%
02/11/2011,4.5415,4.5655,4.57,4.497,0.15K,-0.16%
02/10/2011,4.549,4.515,4.5485,4.4985,0.22K,0.42%
02/09/2011,4.53,4.5705,4.5775,4.496,0.14K,-1.09%
02/08/2011,4.58,4.538,4.6,4.538,0.01K,-0.02%
02/07/2011,4.581,4.624,4.632,4.546,0.02K,-0.09%
02/04/2011,4.585,4.5445,4.6145,4.5445,0.03K,0.77%
02/03/2011,4.55,4.5575,4.56,4.536,0.02K,0.02%
02/02/2011,4.549,4.551,4.551,4.534,0.03K,-0.04%
02/01/2011,4.551,4.4705,4.5515,4.4705,0.06K,1.96%
01/31/2011,4.4635,4.3685,4.465,4.3685,0.07K,1.95%
01/28/2011,4.378,4.299,4.4085,4.299,0.03K,0.91%
01/27/2011,4.3385,4.29,4.3555,4.2755,38.27K,1.68%
01/26/2011,4.267,4.251,4.299,4.224,25.50K,0.97%
01/25/2011,4.226,4.3435,4.3525,4.208,41.86K,-2.82%
01/24/2011,4.3485,4.309,4.3725,4.309,25.82K,0.92%
01/21/2011,4.309,4.254,4.3375,4.245,33.83K,0.87%
01/20/2011,4.272,4.357,4.389,4.2285,49.52K,-2.24%
01/19/2011,4.37,4.434,4.4675,4.3475,42.92K,-1.31%
01/18/2011,4.428,4.4305,4.463,4.3665,35.02K,0.36%
01/14/2011,4.412,4.354,4.4395,4.3465,32.95K,0.80%
01/13/2011,4.377,4.417,4.4255,4.3425,32.09K,-0.78%
01/12/2011,4.4115,4.3485,4.4355,4.34,29.20K,1.44%
01/11/2011,4.349,4.287,4.362,4.273,32.01K,1.98%
01/10/2011,4.2645,4.286,4.3275,4.254,26.98K,-0.42%
01/07/2011,4.2825,4.3275,4.352,4.2505,41.74K,-1.09%
01/06/2011,4.3295,4.404,4.426,4.3115,33.81K,-1.78%
01/05/2011,4.408,4.383,4.4195,4.2905,39.09K,0.89%
01/04/2011,4.369,4.4345,4.466,4.353,39.10K,-1.99%
01/03/2011,4.4575,4.455,4.498,4.42,18.39K,0.24%
12/31/2010,4.447,4.37,4.452,4.3675,12.12K,1.94%
12/30/2010,4.3625,4.3125,4.379,4.304,16.85K,1.22%
12/29/2010,4.31,4.291,4.3265,4.291,0.11K,-0.37%
12/28/2010,4.326,4.2985,4.3295,4.28,0.11K,1.12%
12/27/2010,4.278,4.2745,4.2855,4.2535,0.07K,0.51%
12/23/2010,4.2565,4.28,4.281,4.224,0.12K,-0.39%
12/22/2010,4.273,4.2905,4.2905,4.26,0.17K,-0.04%
12/21/2010,4.2745,4.2645,4.282,4.2625,0.14K,1.66%
12/20/2010,4.2045,4.195,4.217,4.16,0.25K,1.13%
12/17/2010,4.1575,4.183,4.183,4.133,0.05K,1.02%
12/16/2010,4.1155,4.111,4.1175,4.091,0.20K,-0.36%
12/15/2010,4.1305,4.1805,4.1805,4.085,0.06K,-1.80%
12/14/2010,4.206,4.202,4.215,4.19,0.02K,0.04%
12/13/2010,4.2045,4.112,4.2125,4.112,0.12K,2.29%
12/10/2010,4.1105,4.106,4.136,4.0875,0.04K,0.60%
12/09/2010,4.086,4.14,4.1415,4.071,0.01K,-0.33%
12/08/2010,4.0995,4.0155,4.111,4.01,0.18K,1.23%
12/07/2010,4.0495,4.0135,4.125,4.0035,0.12K,1.04%
12/06/2010,4.008,4,4.0205,3.975,0.21K,0.23%
12/03/2010,3.999,3.956,4,3.955,0.04K,0.50%
12/02/2010,3.979,3.945,3.988,3.937,0.10K,0.80%
12/01/2010,3.9475,3.869,3.9445,3.8235,0.09K,3.19%
11/30/2010,3.8255,3.782,3.828,3.7715,0.18K,1.59%
11/29/2010,3.7655,3.794,3.794,3.7455,0.07K,0.24%
11/26/2010,3.7565,3.773,3.7905,3.701,1.25K,-0.08%
11/24/2010,3.7595,3.7035,3.779,3.7035,0.34K,1.48%
11/23/2010,3.7045,3.7705,3.774,3.6615,0.36K,-1.36%
11/22/2010,3.7555,3.845,3.8695,3.732,0.45K,-2.12%
11/19/2010,3.837,3.84,3.8695,3.789,0.20K,0.09%
11/18/2010,3.8335,3.762,3.85,3.745,0.26K,2.79%
11/17/2010,3.7295,3.728,3.765,3.617,0.38K,0.07%
11/16/2010,3.727,3.896,3.9095,3.69,1.00K,-5.01%
11/15/2010,3.9235,3.8525,3.9505,3.852,0.25K,0.73%
11/12/2010,3.895,3.9785,4.03,3.884,0.17K,-3.22%
11/11/2010,4.0245,3.9845,4.08,3.9845,0.32K,1.30%
11/10/2010,3.973,3.9905,4.017,3.947,0.10K,-1.83%
11/09/2010,4.047,3.949,4.0425,3.932,0.25K,2.17%
11/08/2010,3.961,3.9775,3.981,3.9335,0.13K,0.19%
11/05/2010,3.9535,3.933,3.992,3.926,0.19K,0.93%
11/04/2010,3.917,3.8325,3.9135,3.8325,0.11K,3.34%
11/03/2010,3.7905,3.8355,3.8355,3.7765,0.12K,-1.39%
11/02/2010,3.844,3.797,3.8435,3.7905,0.01K,1.41%
11/01/2010,3.7905,3.7745,3.8155,3.7705,0.09K,1.38%
10/29/2010,3.739,3.7615,3.763,3.729,0.07K,-1.41%
10/28/2010,3.7925,3.826,3.8305,3.797,0.01K,0.45%
10/27/2010,3.7755,3.881,3.9,3.7605,39.98K,-2.42%
10/26/2010,3.869,3.856,3.893,3.8395,29.64K,0.16%
10/25/2010,3.863,3.813,3.8895,3.81,31.80K,1.74%
10/22/2010,3.797,3.767,3.82,3.7515,31.83K,0.41%
10/21/2010,3.7815,3.802,3.85,3.7655,43.50K,-0.32%
10/20/2010,3.7935,3.7275,3.818,3.72,33.69K,0.96%
10/19/2010,3.7575,3.8515,3.8675,3.721,51.80K,-2.53%
10/18/2010,3.855,3.836,3.88,3.778,30.28K,0.42%
10/15/2010,3.839,3.808,3.8645,3.7945,41.30K,0.62%
10/14/2010,3.8155,3.8205,3.8675,3.7615,32.52K,-0.13%
10/13/2010,3.8205,3.804,3.841,3.795,27.54K,0.82%
10/12/2010,3.7895,3.7855,3.8135,3.7175,33.03K,0.00%
10/11/2010,3.7895,3.784,3.82,3.7725,24.60K,0.40%
10/08/2010,3.7745,3.689,3.8015,3.6565,41.90K,2.58%
10/07/2010,3.6795,3.7625,3.7845,3.6565,41.65K,-1.96%
10/06/2010,3.753,3.7255,3.7895,3.723,24.96K,0.71%
10/05/2010,3.7265,3.666,3.745,3.6445,29.03K,1.71%
10/04/2010,3.664,3.697,3.719,3.653,20.10K,-0.72%
10/01/2010,3.6905,3.655,3.722,3.6535,24.90K,1.07%
09/30/2010,3.6515,3.652,3.669,3.62,28.93K,-0.27%
09/29/2010,3.6615,3.634,3.6735,3.6195,26.06K,0.70%
09/28/2010,3.636,3.5865,3.6345,3.5705,0.31K,1.10%
09/27/2010,3.5965,3.5965,3.611,3.594,0.32K,-0.57%
09/24/2010,3.617,3.595,3.632,3.595,0.49K,0.78%
09/23/2010,3.589,3.565,3.5925,3.565,0.15K,0.73%
09/22/2010,3.563,3.5,3.572,3.5,0.12K,2.37%
09/21/2010,3.4805,3.5075,3.515,3.48,0.14K,-0.66%
09/20/2010,3.5035,3.519,3.5325,3.505,0.02K,-0.53%
09/17/2010,3.522,3.4885,3.551,3.4885,0.10K,0.84%
09/16/2010,3.4925,3.4535,3.51,3.4495,0.35K,0.79%
09/15/2010,3.465,3.461,3.4705,3.453,0.03K,-0.04%
09/14/2010,3.4665,3.467,3.4945,3.439,0.07K,-0.32%
09/13/2010,3.4775,3.4655,3.488,3.4655,0.04K,2.17%
09/10/2010,3.4035,3.415,3.4455,3.3985,0.10K,-1.08%
09/09/2010,3.4405,3.426,3.436,3.42,0.21K,-1.62%
09/08/2010,3.497,3.4675,3.495,3.4675,0.43K,0.81%
09/07/2010,3.469,3.5,3.5,3.4475,0.04K,-0.84%
09/03/2010,3.4985,3.478,3.528,3.478,0.04K,0.14%
09/02/2010,3.4935,3.473,3.501,3.473,0.04K,0.52%
09/01/2010,3.4755,3.4325,3.479,3.4245,0.18K,3.18%
08/31/2010,3.3685,3.403,3.403,3.363,0.05K,-1.66%
08/30/2010,3.4255,3.4135,3.43,3.4,0.21K,1.53%
08/27/2010,3.374,3.299,3.3925,3.299,1.45K,1.80%
08/26/2010,3.3145,3.2365,3.32,3.235,0.96K,2.92%
08/25/2010,3.2205,3.231,3.2655,3.193,0.34K,-0.94%
08/24/2010,3.251,3.28,3.28,3.2235,0.79K,-1.50%
08/23/2010,3.3005,3.308,3.308,3.285,0.13K,0.03%
08/20/2010,3.2995,3.3285,3.3285,3.263,0.28K,-0.84%
08/19/2010,3.3275,3.351,3.389,3.3015,0.14K,-0.91%
08/18/2010,3.358,3.3365,3.361,3.32,0.06K,0.34%
08/17/2010,3.3465,3.288,3.358,3.288,0.16K,1.78%
08/16/2010,3.288,3.268,3.3045,3.26,0.08K,0.84%
08/13/2010,3.2605,3.288,3.3105,3.248,0.20K,-0.99%
08/12/2010,3.293,3.257,3.3005,3.243,0.11K,0.92%
08/11/2010,3.263,3.3195,3.322,3.2565,0.16K,-1.76%
08/10/2010,3.3215,3.3605,3.3605,3.2835,0.19K,-1.22%
08/09/2010,3.3625,3.3795,3.3965,3.356,0.07K,0.33%
08/06/2010,3.3515,3.36,3.38,3.3505,0.67K,-0.30%
08/05/2010,3.3615,3.412,3.412,3.3545,0.11K,-1.49%
08/04/2010,3.4125,3.3635,3.4025,3.3615,0.08K,1.37%
08/03/2010,3.3665,3.3745,3.3745,3.348,0.39K,-0.93%
08/02/2010,3.398,3.322,3.3995,3.322,1.06K,2.35%
07/30/2010,3.32,3.278,3.323,3.267,0.16K,0.64%
07/29/2010,3.299,3.2575,3.3035,3.2575,0.67K,1.65%
07/28/2010,3.2455,3.198,3.265,3.186,31.31K,1.22%
07/27/2010,3.2065,3.2275,3.2365,3.176,33.80K,-0.51%
07/26/2010,3.223,3.1975,3.238,3.166,29.01K,1.19%
07/23/2010,3.185,3.162,3.226,3.144,28.50K,0.65%
07/22/2010,3.1645,3.069,3.193,3.0475,42.16K,2.31%
07/21/2010,3.093,3.0235,3.1065,2.998,41.51K,3.05%
07/20/2010,3.0015,2.9315,3.03,2.9315,34.90K,2.16%
07/19/2010,2.938,2.933,2.9625,2.925,23.53K,0.29%
07/16/2010,2.9295,3.02,3.03,2.9285,33.94K,-2.74%
07/15/2010,3.012,3,3.045,2.987,27.36K,0.12%
07/14/2010,3.0085,3.039,3.056,2.9855,29.76K,-0.30%
07/13/2010,3.0175,3.025,3.043,2.972,21.10K,0.28%
07/12/2010,3.009,3.0565,3.065,2.985,21.32K,-1.46%
07/09/2010,3.0535,3.0295,3.0705,3.016,18.42K,1.26%
07/08/2010,3.0155,3.038,3.0545,2.991,22.76K,0.02%
07/07/2010,3.015,2.9645,3.047,2.9435,21.80K,1.48%
07/06/2010,2.971,2.9285,3.02,2.905,30.25K,1.89%
07/02/2010,2.916,2.8955,2.958,2.8945,23.93K,1.36%
07/01/2010,2.877,2.91,2.936,2.8555,36.67K,-2.49%
06/30/2010,2.9505,2.934,2.9745,2.8705,35.86K,0.68%
06/29/2010,2.9305,3.0915,3.098,2.9235,36.81K,-4.87%
06/28/2010,3.0805,3.1,3.1115,3.062,0.52K,-0.74%
06/25/2010,3.1035,3.009,3.1075,2.982,0.63K,2.90%
06/24/2010,3.016,2.963,3.0215,2.9545,0.17K,2.36%
06/23/2010,2.9465,2.972,2.998,2.93,1.53K,-1.85%
06/22/2010,3.002,2.97,3.001,2.93,0.71K,1.71%
06/21/2010,2.9515,2.937,3.041,2.9345,0.25K,2.02%
06/18/2010,2.893,2.932,2.932,2.858,0.53K,-0.77%
06/17/2010,2.9155,2.989,2.989,2.9045,0.52K,-2.99%
06/16/2010,3.0055,3.0525,3.0525,2.9645,0.42K,-0.32%
06/15/2010,3.015,2.981,3.035,2.97,0.41K,0.40%
06/14/2010,3.003,2.956,3.0315,2.956,0.87K,3.04%
06/11/2010,2.9145,2.892,2.9485,2.881,0.71K,1.46%
06/10/2010,2.8725,2.8375,2.914,2.8155,0.15K,0.44%
06/09/2010,2.86,2.8325,2.88,2.7795,0.25K,2.51%
06/08/2010,2.79,2.77,2.8145,2.742,0.09K,0.49%
06/07/2010,2.7765,2.8,2.8055,2.737,0.16K,-1.87%
06/04/2010,2.8295,2.965,2.9955,2.805,0.38K,-4.30%
06/03/2010,2.9565,3.0805,3.0805,2.94,0.18K,-3.08%
06/02/2010,3.0505,3.052,3.0675,2.985,0.09K,-0.73%
06/01/2010,3.073,3.1325,3.1415,3.032,0.12K,-1.35%
05/28/2010,3.115,3.1675,3.175,3.1175,0.07K,-1.70%
05/27/2010,3.169,3.065,3.18,3.065,0.04K,2.87%
05/26/2010,3.0805,3.0885,3.1185,3.0525,25.89K,1.27%
05/25/2010,3.042,3.119,3.1195,3.0075,37.34K,-3.35%
05/24/2010,3.1475,3.0905,3.151,3.0585,31.29K,2.83%
05/21/2010,3.061,2.946,3.1145,2.9415,47.97K,3.96%
05/20/2010,2.9445,2.993,3.0455,2.9005,49.11K,-0.51%
05/19/2010,2.9595,2.9965,3.0135,2.9265,41.26K,-2.36%
05/18/2010,3.031,2.966,3.069,2.941,38.26K,3.38%
05/17/2010,2.932,3.114,3.123,2.914,46.20K,-6.45%
05/14/2010,3.134,3.22,3.228,3.117,34.65K,-3.02%
05/13/2010,3.2315,3.176,3.259,3.1755,28.67K,1.36%
05/12/2010,3.188,3.1725,3.244,3.135,31.24K,-0.58%
05/11/2010,3.2065,3.227,3.2375,3.1285,30.46K,-0.67%
05/10/2010,3.228,3.1905,3.2675,3.1665,32.69K,2.66%
05/07/2010,3.1445,3.0775,3.179,3.062,47.86K,0.88%
05/06/2010,3.117,3.1515,3.209,3.05,58.53K,-1.09%
05/05/2010,3.1515,3.1705,3.2055,3.0055,61.58K,-0.85%
05/04/2010,3.1785,3.295,3.328,3.166,44.39K,-3.49%
05/03/2010,3.2935,3.356,3.3635,3.2735,24.52K,-1.79%
04/30/2010,3.3535,3.3585,3.3935,3.3355,31.88K,0.09%
04/29/2010,3.3505,3.402,3.413,3.334,30.05K,-0.80%
04/28/2010,3.3775,3.373,3.394,3.3355,0.84K,0.12%
04/27/2010,3.3735,3.539,3.541,3.3595,0.78K,-4.66%
04/26/2010,3.5385,3.55,3.561,3.5275,0.75K,0.48%
04/23/2010,3.5215,3.5165,3.53,3.475,0.63K,0.70%
04/22/2010,3.497,3.515,3.54,3.475,1.27K,-1.41%
04/21/2010,3.547,3.52,3.548,3.4855,0.73K,0.62%
04/20/2010,3.525,3.511,3.5605,3.511,0.63K,0.48%
04/19/2010,3.508,3.5215,3.539,3.464,0.47K,-0.50%
04/16/2010,3.5255,3.6,3.616,3.505,0.45K,-2.38%
04/15/2010,3.6115,3.6215,3.6235,3.575,0.61K,-0.25%
04/14/2010,3.6205,3.605,3.629,3.6025,0.40K,0.26%
04/13/2010,3.611,3.587,3.6105,3.5605,0.06K,0.99%
04/12/2010,3.5755,3.635,3.6545,3.56,0.20K,-0.69%
04/09/2010,3.6005,3.6075,3.6285,3.5935,0.10K,0.08%
04/08/2010,3.5975,3.5715,3.6,3.555,0.14K,-0.29%
04/07/2010,3.608,3.631,3.631,3.585,0.08K,-0.54%
04/06/2010,3.6275,3.631,3.6485,3.6135,0.14K,-0.40%
04/05/2010,3.642,3.5935,3.646,3.5935,0.10K,1.35%
04/01/2010,3.5935,3.5585,3.61,3.555,0.10K,0.86%
03/31/2010,3.563,3.558,3.579,3.535,0.16K,-0.25%
03/30/2010,3.572,3.546,3.5825,3.5095,0.12K,1.03%
03/29/2010,3.5355,3.4115,3.549,3.4115,34.57K,3.89%
03/26/2010,3.403,3.3535,3.434,3.3375,29.71K,0.67%
03/25/2010,3.3805,3.33,3.387,3.3205,25.10K,1.05%
03/24/2010,3.3455,3.375,3.3875,3.321,24.15K,-0.99%
03/23/2010,3.379,3.3855,3.4095,3.358,22.11K,-0.04%
03/22/2010,3.3805,3.377,3.39,3.3105,30.28K,0.24%
03/19/2010,3.3725,3.3945,3.424,3.3565,24.59K,-0.68%
03/18/2010,3.3955,3.4245,3.428,3.3755,19.93K,-0.66%
03/17/2010,3.418,3.374,3.436,3.3715,22.36K,1.58%
03/16/2010,3.365,3.322,3.384,3.31,25.25K,1.51%
03/15/2010,3.315,3.383,3.3915,3.29,25.63K,-1.92%
03/12/2010,3.38,3.39,3.4065,3.3585,23.20K,0.09%
03/11/2010,3.377,3.38,3.3995,3.3385,31.16K,0.27%
03/10/2010,3.368,3.399,3.446,3.3505,34.93K,-1.28%
03/09/2010,3.4115,3.425,3.425,3.355,25.37K,0.03%
03/08/2010,3.4105,3.418,3.465,3.3855,26.18K,-0.20%
03/05/2010,3.4175,3.3755,3.4585,3.3655,29.96K,1.24%
03/04/2010,3.3755,3.422,3.435,3.3485,34.23K,-1.73%
03/03/2010,3.435,3.4055,3.472,3.351,40.08K,0.69%
03/02/2010,3.4115,3.3455,3.415,3.29,31.18K,1.84%
03/01/2010,3.35,3.383,3.487,3.322,46.16K,2.01%
02/26/2010,3.284,3.23,3.295,3.203,32.37K,2.31%
02/25/2010,3.21,3.2375,3.2875,3.166,35.26K,-1.11%
02/24/2010,3.246,3.224,3.254,3.1875,0.29K,0.62%
02/23/2010,3.226,3.306,3.356,3.206,0.61K,-2.82%
02/22/2010,3.3195,3.3675,3.368,3.2995,0.40K,-1.48%
02/19/2010,3.3695,3.256,3.37,3.2245,0.89K,2.21%
02/18/2010,3.2965,3.2175,3.3325,3.19,0.42K,1.45%
02/17/2010,3.2495,3.227,3.269,3.21,0.27K,0.57%
02/16/2010,3.231,3.0925,3.2325,3.075,0.37K,4.48%
02/12/2010,3.0925,3.1465,3.1465,3.0635,0.44K,-1.61%
02/11/2010,3.143,3.014,3.1495,3.014,0.11K,4.80%
02/10/2010,2.999,2.986,3.0085,2.9415,0.29K,0.08%
02/09/2010,2.9965,2.906,3.006,2.906,0.10K,2.55%
02/08/2010,2.922,2.88,2.924,2.8775,0.13K,1.95%
02/05/2010,2.866,2.894,2.9,2.83,0.15K,-0.71%
02/04/2010,2.8865,2.9955,2.9955,2.865,0.13K,-3.15%
02/03/2010,2.9805,3.1325,3.15,2.965,0.19K,-3.75%
02/02/2010,3.0965,3.0905,3.123,3.0655,0.10K,0.18%
02/01/2010,3.091,3.015,3.1135,3.015,0.08K,1.03%
01/29/2010,3.0595,3.105,3.155,3.045,0.08K,-1.50%
01/28/2010,3.106,3.2095,3.2495,3.1025,0.13K,-3.62%
01/27/2010,3.2225,3.3395,3.357,3.174,41.57K,-3.50%
01/26/2010,3.3395,3.383,3.3965,3.306,27.22K,-1.58%
01/25/2010,3.393,3.326,3.4025,3.324,25.19K,1.37%
01/22/2010,3.347,3.2915,3.3735,3.267,39.55K,1.58%
01/21/2010,3.295,3.358,3.4065,3.2815,37.50K,-1.79%
01/20/2010,3.355,3.4495,3.47,3.3385,27.97K,-2.67%
01/19/2010,3.447,3.369,3.46,3.358,26.38K,2.41%
01/15/2010,3.366,3.4055,3.426,3.348,19.85K,-0.63%
01/14/2010,3.3875,3.42,3.444,3.383,26.18K,-0.37%
01/13/2010,3.4,3.3295,3.4285,3.315,30.96K,1.51%
01/12/2010,3.3495,3.4455,3.4625,3.305,33.04K,-2.66%
01/11/2010,3.441,3.43,3.504,3.413,21.42K,1.19%
01/08/2010,3.4005,3.434,3.448,3.3915,26.08K,-0.77%
01/07/2010,3.427,3.4905,3.544,3.4255,24.01K,-1.93%
01/06/2010,3.4945,3.419,3.522,3.4125,25.93K,2.37%
01/05/2010,3.4135,3.4135,3.4295,3.382,18.11K,0.22%
01/04/2010,3.406,3.35,3.429,3.3465,22.61K,1.78%
12/31/2009,3.3465,3.343,3.379,3.336,9.79K,0.04%
12/30/2009,3.345,3.302,3.362,3.2935,12.37K,1.19%
12/29/2009,3.3055,3.2915,3.309,3.29,0.23K,-0.68%
12/28/2009,3.328,3.3305,3.332,3.306,0.25K,1.37%
12/24/2009,3.283,3.194,3.259,3.194,0.17K,2.71%
12/23/2009,3.1965,3.104,3.2005,3.141,0.04K,2.09%
12/22/2009,3.131,3.1265,3.1305,3.1115,0.03K,-0.65%
12/21/2009,3.1515,3.1365,3.1585,3.136,0.10K,0.64%
12/18/2009,3.1315,3.142,3.142,3.105,0.06K,0.34%
12/17/2009,3.121,3.168,3.1775,3.113,0.10K,-2.41%
12/16/2009,3.198,3.1445,3.207,3.1445,0.05K,2.06%
12/15/2009,3.1335,3.153,3.1545,3.1065,0.08K,-0.32%
12/14/2009,3.1435,3.1365,3.151,3.113,0.10K,0.61%
12/11/2009,3.1245,3.132,3.132,3.107,0.23K,0.97%
12/10/2009,3.0945,3.114,3.13,3.076,0.10K,-0.63%
12/09/2009,3.114,3.153,3.1715,3.1,0.19K,-1.33%
12/08/2009,3.156,3.1995,3.23,3.139,0.14K,-1.39%
12/07/2009,3.2005,3.2015,3.208,3.155,0.15K,-0.87%
12/04/2009,3.2285,3.22,3.2565,3.193,0.07K,-0.25%
12/03/2009,3.2365,3.24,3.2475,3.23,0.02K,-0.40%
12/02/2009,3.2495,3.255,3.26,3.2375,0.49K,0.85%
12/01/2009,3.222,3.175,3.2095,3.1495,0.13K,1.70%
11/30/2009,3.168,3.125,3.1735,3.125,0.13K,1.65%
11/27/2009,3.1165,3.16,3.16,3.03,0.17K,-1.98%
11/25/2009,3.1795,3.1415,3.192,3.1415,0.66K,1.70%
11/24/2009,3.1265,3.15,3.15,3.104,0.55K,-0.60%
11/23/2009,3.1455,3.1445,3.185,3.1265,1.77K,0.85%
11/20/2009,3.119,3.1025,3.131,3.065,0.50K,0.89%
11/19/2009,3.0915,3.1445,3.1445,3.075,0.10K,-0.95%
11/18/2009,3.121,3.128,3.179,3.1155,0.27K,0.08%
11/17/2009,3.1185,3.109,3.1255,3.085,0.34K,0.14%
11/16/2009,3.114,3.006,3.1375,3.006,0.86K,4.39%
11/13/2009,2.983,2.956,2.9825,2.9445,0.09K,0.88%
11/12/2009,2.957,2.994,2.9995,2.9405,0.32K,-0.61%
11/11/2009,2.975,2.977,3.03,2.9665,0.17K,0.17%
11/10/2009,2.97,2.954,2.98,2.954,0.87K,-0.20%
11/09/2009,2.976,2.991,3.0075,2.977,0.26K,0.51%
11/06/2009,2.961,2.962,2.9965,2.936,1.46K,-0.10%
11/05/2009,2.964,2.97,2.9765,2.965,0.06K,-1.18%
11/04/2009,2.9995,3.0015,3.0155,2.9915,0.14K,1.25%
11/03/2009,2.9625,2.9615,2.9835,2.904,0.58K,0.41%
11/02/2009,2.9505,2.952,2.986,2.948,0.07K,-0.34%
10/30/2009,2.9605,3.037,3.039,2.958,1.27K,-2.42%
10/29/2009,3.034,2.942,3.0405,2.942,0.36K,3.53%
10/28/2009,2.9305,3.011,3.034,2.919,28.46K,-2.28%
10/27/2009,2.999,2.9835,3.029,2.944,26.35K,-0.40%
10/26/2009,3.011,3.034,3.069,2.976,24.37K,-0.77%
10/23/2009,3.0345,3.02,3.062,2.994,21.42K,1.22%
10/22/2009,2.998,3.0125,3.031,2.977,22.90K,-1.25%
10/21/2009,3.036,2.9255,3.0575,2.8905,32.61K,3.55%
10/20/2009,2.932,2.957,2.999,2.9125,29.50K,-1.16%
10/19/2009,2.9665,2.8455,2.969,2.8055,28.66K,4.25%
10/16/2009,2.8455,2.863,2.875,2.81,16.61K,-0.47%
10/15/2009,2.859,2.85,2.8815,2.777,20.61K,0.51%
10/14/2009,2.8445,2.824,2.86,2.806,17.85K,1.79%
10/13/2009,2.7945,2.845,2.8855,2.756,22.22K,-2.19%
10/12/2009,2.857,2.85,2.877,2.838,10.75K,0.67%
10/09/2009,2.838,2.8865,2.8915,2.8225,17.28K,-2.09%
10/08/2009,2.8985,2.7885,2.901,2.785,30.44K,4.28%
10/07/2009,2.7795,2.766,2.804,2.751,20.89K,-0.18%
10/06/2009,2.7845,2.7305,2.815,2.727,20.98K,2.11%
10/05/2009,2.727,2.689,2.74,2.653,16.43K,1.70%
10/02/2009,2.6815,2.718,2.725,2.64,21.96K,-2.03%
10/01/2009,2.737,2.8145,2.8225,2.7055,22.43K,-2.91%
09/30/2009,2.819,2.7175,2.8285,2.7135,30.06K,3.30%
09/29/2009,2.729,2.71,2.7495,2.687,17.20K,0.31%
09/28/2009,2.7205,2.671,2.723,2.671,0.07K,-0.51%
09/25/2009,2.7345,2.67,2.7345,2.67,0.09K,1.15%
09/24/2009,2.7035,2.764,2.779,2.6885,0.10K,-3.52%
09/23/2009,2.802,2.84,2.8445,2.7535,0.10K,-1.98%
09/22/2009,2.8585,2.8585,2.8585,2.8585,0.05K,2.11%
09/21/2009,2.7995,2.7965,2.815,2.75,0.09K,0.76%
09/18/2009,2.7785,2.894,2.894,2.7775,0.11K,-3.84%
09/17/2009,2.8895,2.931,2.931,2.903,0.03K,-1.38%
09/16/2009,2.93,2.8495,2.927,2.8495,0.01K,3.24%
09/15/2009,2.838,2.7925,2.85,2.7925,0.02K,1.45%
09/14/2009,2.7975,2.7735,2.802,2.7725,0.04K,-1.50%
09/11/2009,2.84,2.8775,2.89,2.8225,0.03K,-1.05%
09/10/2009,2.87,2.906,2.906,2.8405,0.22K,-1.64%
09/09/2009,2.918,2.949,2.949,2.9165,0.02K,-1.08%
09/08/2009,2.95,2.95,2.95,2.95,0.02K,3.13%
09/04/2009,2.8605,2.88,2.8855,2.84,0.03K,0.07%
09/03/2009,2.8585,2.8295,2.8665,2.813,0.03K,1.38%
09/02/2009,2.8195,2.791,2.812,2.74,0.03K,0.27%
09/01/2009,2.812,2.883,2.8955,2.7955,0.07K,-0.32%
08/31/2009,2.821,2.968,2.968,2.806,0.06K,-4.18%
08/28/2009,2.944,2.898,2.9825,2.898,0.34K,3.05%
08/27/2009,2.857,2.8735,2.887,2.832,0.58K,-0.26%
08/26/2009,2.8645,2.83,2.9095,2.83,0.85K,0.09%
08/25/2009,2.862,2.886,2.9,2.8415,0.27K,-1.99%
08/24/2009,2.92,2.9055,2.9215,2.877,0.21K,1.23%
08/21/2009,2.8845,2.754,2.883,2.716,0.19K,5.10%
08/20/2009,2.7445,2.771,2.785,2.725,0.10K,-0.62%
08/19/2009,2.7615,2.775,2.784,2.6585,0.23K,-0.13%
08/18/2009,2.765,2.804,2.8115,2.727,0.18K,-0.34%
08/17/2009,2.7745,2.778,2.7875,2.734,0.12K,-2.31%
08/14/2009,2.84,2.902,2.912,2.83,0.32K,-2.67%
08/13/2009,2.918,2.85,2.93,2.85,0.15K,3.22%
08/12/2009,2.827,2.7565,2.8295,2.723,0.06K,3.14%
08/11/2009,2.741,2.7835,2.8,2.74,0.22K,-1.23%
08/10/2009,2.775,2.781,2.827,2.77,0.48K,-0.52%
08/07/2009,2.7895,2.7275,2.812,2.7045,0.23K,1.23%
08/06/2009,2.7555,2.8005,2.8005,2.74,0.11K,-2.13%
08/05/2009,2.8155,2.8,2.836,2.7955,0.34K,0.61%
08/04/2009,2.7985,2.7,2.7975,2.7,0.03K,2.08%
08/03/2009,2.7415,2.716,2.756,2.716,0.06K,4.46%
07/31/2009,2.6245,2.591,2.6305,2.591,0.25K,2.28%
07/30/2009,2.566,2.49,2.565,2.49,0.12K,3.57%
07/29/2009,2.4775,2.531,2.539,2.45,23.42K,-1.71%
07/28/2009,2.5205,2.545,2.5715,2.4975,20.23K,-0.96%
07/27/2009,2.545,2.5305,2.579,2.5175,17.53K,0.91%
07/24/2009,2.522,2.495,2.544,2.4895,12.81K,-0.08%
07/23/2009,2.524,2.5145,2.5385,2.4725,22.44K,-0.06%
07/22/2009,2.5255,2.456,2.538,2.43,21.96K,3.04%
07/21/2009,2.451,2.4715,2.4945,2.4305,17.74K,-0.73%
07/20/2009,2.469,2.4185,2.4895,2.41,17.50K,1.90%
07/17/2009,2.423,2.388,2.439,2.367,15.77K,1.40%
07/16/2009,2.3895,2.3865,2.41,2.357,14.78K,-0.10%
07/15/2009,2.392,2.2985,2.4055,2.2955,21.29K,4.05%
07/14/2009,2.299,2.238,2.311,2.219,20.80K,3.42%
07/13/2009,2.223,2.215,2.2395,2.183,14.80K,0.52%
07/10/2009,2.2115,2.222,2.243,2.1865,14.51K,-1.16%
07/09/2009,2.2375,2.163,2.2435,2.155,19.25K,3.64%
07/08/2009,2.159,2.201,2.24,2.142,20.39K,-2.99%
07/07/2009,2.2255,2.262,2.297,2.2005,15.45K,-1.64%
07/06/2009,2.2625,2.2705,2.311,2.2055,16.05K,-1.87%
07/02/2009,2.3055,2.3355,2.344,2.266,14.67K,-1.07%
07/01/2009,2.3305,2.274,2.369,2.2705,16.83K,2.57%
06/30/2009,2.272,2.328,2.365,2.237,20.70K,-2.32%
06/29/2009,2.326,2.296,2.357,2.2555,13.41K,1.02%
06/26/2009,2.3025,2.313,2.3355,2.2835,0.75K,-0.30%
06/25/2009,2.3095,2.2685,2.335,2.24,0.73K,1.56%
06/24/2009,2.274,2.1925,2.2905,2.174,0.15K,3.13%
06/23/2009,2.205,2.1345,2.207,2.122,0.57K,3.13%
06/22/2009,2.138,2.2225,2.223,2.13,0.45K,-5.25%
06/19/2009,2.2565,2.272,2.298,2.2365,0.29K,-0.88%
06/18/2009,2.2765,2.2715,2.2725,2.24,0.11K,0.55%
06/17/2009,2.264,2.267,2.2825,2.2275,0.26K,0.13%
06/16/2009,2.261,2.298,2.322,2.2425,0.24K,-1.29%
06/15/2009,2.2905,2.382,2.382,2.279,0.14K,-3.70%
06/12/2009,2.3785,2.4225,2.423,2.37,0.06K,-2.92%
06/11/2009,2.45,2.377,2.456,2.3555,0.07K,3.29%
06/10/2009,2.372,2.3615,2.4,2.3515,0.06K,0.04%
06/09/2009,2.371,2.279,2.3735,2.279,0.12K,4.96%
06/08/2009,2.259,2.2875,2.3075,2.2395,0.14K,-1.35%
06/05/2009,2.29,2.3305,2.331,2.2415,0.15K,-0.72%
06/04/2009,2.3065,2.243,2.315,2.2265,0.10K,4.04%
06/03/2009,2.217,2.296,2.3225,2.205,0.14K,-3.67%
06/02/2009,2.3015,2.346,2.346,2.2855,0.07K,-0.90%
06/01/2009,2.3225,2.191,2.327,2.191,0.10K,5.59%
05/29/2009,2.1995,2.1405,2.2045,2.1405,0.15K,2.76%
05/28/2009,2.1405,2.0915,2.167,2.0915,0.10K,0.92%
05/27/2009,2.121,2.14,2.159,2.0925,14.09K,-0.93%
05/26/2009,2.141,2.0955,2.1475,2.04,17.76K,2.07%
05/22/2009,2.0975,2.06,2.1215,2.041,13.45K,2.27%
05/21/2009,2.051,2.099,2.1,2.0135,16.79K,-2.63%
05/20/2009,2.1065,2.075,2.14,2.062,13.92K,1.79%
05/19/2009,2.0695,2.068,2.129,2.05,14.67K,-0.12%
05/18/2009,2.072,2.0185,2.0745,1.979,15.12K,2.70%
05/15/2009,2.0175,2.037,2.0465,1.9735,16.08K,-0.47%
05/14/2009,2.027,2.02,2.05,1.967,16.81K,-0.20%
05/13/2009,2.031,2.102,2.124,2.0145,16.98K,-2.64%
05/12/2009,2.086,2.0785,2.155,2.063,16.01K,-0.12%
05/11/2009,2.0885,2.145,2.154,2.058,14.95K,-2.66%
05/08/2009,2.1455,2.162,2.206,2.099,15.10K,-0.88%
05/07/2009,2.1645,2.1885,2.217,2.114,14.18K,-1.03%
05/06/2009,2.187,2.074,2.2015,2.061,15.82K,5.02%
05/05/2009,2.0825,2.14,2.177,2.0645,13.35K,-2.87%
05/04/2009,2.144,2.1135,2.17,2.1135,9.23K,2.05%
05/01/2009,2.101,2.0415,2.12,2.0375,10.38K,2.61%
04/30/2009,2.0475,2.0125,2.073,1.9935,10.13K,2.12%
04/29/2009,2.005,1.9175,2.0295,1.911,13.07K,4.56%
04/28/2009,1.9175,1.97,1.992,1.905,0.30K,-3.50%
04/27/2009,1.987,2.0375,2.07,1.9535,0.57K,-3.14%
04/24/2009,2.0515,1.975,2.064,1.965,0.36K,2.94%
04/23/2009,1.993,2.03,2.095,1.972,0.38K,-3.28%
04/22/2009,2.0605,2.055,2.0825,2.03,0.42K,-1.08%
04/21/2009,2.083,2.08,2.086,2.01,0.35K,-0.97%
04/20/2009,2.1035,2.184,2.184,2.0755,0.31K,-4.21%
04/17/2009,2.196,2.178,2.2035,2.1335,0.33K,0.99%
04/16/2009,2.1745,2.1745,2.1745,2.1745,0.24K,-1.34%
04/15/2009,2.204,2.11,2.233,2.11,0.51K,3.86%
04/14/2009,2.122,2.1445,2.223,2.09,0.32K,-0.49%
04/13/2009,2.1325,2.1,2.17,2.1,0.24K,2.65%
04/09/2009,2.0775,1.997,2.0825,1.997,0.27K,3.59%
04/08/2009,2.0055,1.99,2.0165,1.957,0.13K,0.45%
04/07/2009,1.9965,1.966,2.0155,1.963,0.51K,1.71%
04/06/2009,1.963,2.0015,2.031,1.9475,0.36K,-2.14%
04/03/2009,2.006,1.884,2.018,1.884,0.41K,5.91%
04/02/2009,1.894,1.8535,1.901,1.8515,1.22K,2.24%
04/01/2009,1.8525,1.84,1.855,1.802,0.11K,0.19%
03/31/2009,1.849,1.7855,1.861,1.784,0.14K,4.43%
03/30/2009,1.7705,1.8455,1.8455,1.7695,0.15K,-3.57%
03/27/2009,1.836,1.865,1.897,1.8015,9.51K,-1.02%
03/26/2009,1.855,1.8,1.877,1.7975,11.75K,2.88%
03/25/2009,1.803,1.7935,1.825,1.765,10.79K,-0.17%
03/24/2009,1.806,1.8565,1.879,1.78,11.93K,-1.90%
03/23/2009,1.841,1.8,1.875,1.8,11.20K,2.51%
03/20/2009,1.796,1.8105,1.853,1.787,11.11K,-0.64%
03/19/2009,1.8075,1.752,1.828,1.744,13.81K,5.30%
03/18/2009,1.7165,1.725,1.7695,1.6935,11.90K,-0.44%
03/17/2009,1.724,1.738,1.763,1.708,11.72K,-1.32%
03/16/2009,1.747,1.667,1.755,1.6595,18.24K,4.96%
03/13/2009,1.6645,1.651,1.6965,1.6375,11.06K,2.46%
03/12/2009,1.6245,1.631,1.69,1.585,11.68K,-0.06%
03/11/2009,1.6255,1.685,1.698,1.6185,13.19K,-3.50%
03/10/2009,1.6845,1.649,1.706,1.6385,12.56K,2.74%
03/09/2009,1.6395,1.6925,1.701,1.626,12.90K,-2.93%
03/06/2009,1.689,1.642,1.7185,1.636,10.29K,2.15%
03/05/2009,1.6535,1.715,1.72,1.634,12.16K,-2.39%
03/04/2009,1.694,1.607,1.737,1.5925,20.63K,5.58%
03/03/2009,1.6045,1.521,1.631,1.515,13.91K,5.84%
03/02/2009,1.516,1.5495,1.5495,1.506,9.73K,-1.46%
02/27/2009,1.5385,1.5695,1.578,1.477,12.71K,-2.56%
02/26/2009,1.579,1.5295,1.605,1.525,13.76K,3.14%
02/25/2009,1.531,1.5315,1.54,1.4985,0.67K,2.48%
02/24/2009,1.494,1.44,1.537,1.42,1.33K,3.46%
02/23/2009,1.444,1.4415,1.485,1.43,0.71K,1.33%
02/20/2009,1.425,1.466,1.474,1.416,0.25K,-3.75%
02/19/2009,1.4805,1.447,1.498,1.447,0.20K,2.39%
02/18/2009,1.446,1.4365,1.4525,1.425,0.20K,0.91%
02/17/2009,1.433,1.5315,1.5315,1.4295,1.88K,-7.40%
02/13/2009,1.5475,1.5565,1.5735,1.537,0.94K,0.32%
02/12/2009,1.5425,1.565,1.566,1.5135,0.80K,-0.26%
02/11/2009,1.5465,1.58,1.58,1.519,0.66K,-2.21%
02/10/2009,1.5815,1.61,1.635,1.557,0.67K,-2.38%
02/09/2009,1.62,1.6475,1.66,1.61,0.63K,-0.98%
02/06/2009,1.636,1.5175,1.6345,1.5175,0.31K,8.56%
02/05/2009,1.507,1.518,1.55,1.492,0.44K,-2.02%
02/04/2009,1.538,1.525,1.5685,1.519,0.28K,0.59%
02/03/2009,1.529,1.4525,1.531,1.4525,0.50K,6.25%
02/02/2009,1.439,1.4535,1.4615,1.417,0.25K,-2.47%
01/30/2009,1.4755,1.4555,1.471,1.4225,0.02K,0.75%
01/29/2009,1.4645,1.4305,1.4715,1.4305,0.03K,-2.11%
01/28/2009,1.496,1.494,1.5535,1.472,14.17K,0.77%
01/27/2009,1.4845,1.5865,1.625,1.4545,16.62K,-6.43%
01/26/2009,1.5865,1.467,1.631,1.443,16.65K,7.78%
01/23/2009,1.472,1.389,1.479,1.373,12.42K,5.44%
01/22/2009,1.396,1.4785,1.483,1.385,12.64K,-2.62%
01/21/2009,1.4335,1.4805,1.5175,1.426,12.08K,-4.72%
01/20/2009,1.5045,1.5295,1.575,1.465,14.07K,-1.51%
01/16/2009,1.5275,1.492,1.565,1.4885,13.07K,5.09%
01/15/2009,1.4535,1.4775,1.5135,1.4335,12.97K,-2.29%
01/14/2009,1.4875,1.526,1.545,1.451,15.27K,-3.85%
01/13/2009,1.547,1.468,1.552,1.4135,15.74K,3.93%
01/12/2009,1.4885,1.5495,1.596,1.455,14.42K,-4.55%
01/09/2009,1.5595,1.484,1.565,1.474,18.04K,5.44%
01/08/2009,1.479,1.506,1.5225,1.4465,16.17K,-2.15%
01/07/2009,1.5115,1.587,1.6225,1.5,13.72K,-4.52%
01/06/2009,1.583,1.4525,1.587,1.45,16.84K,8.50%
01/05/2009,1.459,1.469,1.498,1.416,10.65K,-0.14%
01/02/2009,1.461,1.3955,1.485,1.3715,8.42K,3.62%
12/31/2008,1.41,1.325,1.4145,1.314,9.03K,6.78%
12/30/2008,1.3205,1.3085,1.33,1.2855,4.12K,1.23%
12/29/2008,1.3045,1.3015,1.314,1.3,0.20K,0.73%
12/26/2008,1.295,1.2635,1.309,1.2595,0.25K,2.33%
12/24/2008,1.2655,1.3065,1.3095,1.2665,0.09K,-0.59%
12/23/2008,1.273,1.308,1.309,1.2745,0.25K,-4.93%
12/22/2008,1.339,1.451,1.4575,1.3345,0.23K,1.32%
12/19/2008,1.3215,1.2865,1.331,1.2815,0.30K,2.09%
12/18/2008,1.2945,1.3545,1.361,1.2815,0.35K,-5.27%
12/17/2008,1.3665,1.39,1.408,1.3395,0.06K,-0.55%
12/16/2008,1.374,1.4,1.4325,1.3805,0.07K,-2.10%
12/15/2008,1.4035,1.47,1.47,1.403,0.05K,-1.51%
12/12/2008,1.425,1.3855,1.461,1.3855,0.04K,-5.41%
12/11/2008,1.5065,1.477,1.511,1.477,0.07K,1.11%
12/10/2008,1.49,1.4685,1.5075,1.457,0.11K,3.44%
12/09/2008,1.4405,1.47,1.47,1.4145,0.15K,-3.55%
12/08/2008,1.4935,1.4255,1.537,1.4255,0.14K,8.74%
12/05/2008,1.3735,1.4565,1.4565,1.3705,0.22K,-6.63%
12/04/2008,1.471,1.559,1.5665,1.445,0.21K,-5.37%
12/03/2008,1.5545,1.587,1.5925,1.521,0.29K,-2.84%
12/02/2008,1.6,1.5985,1.6115,1.58,0.17K,-1.45%
12/01/2008,1.6235,1.6495,1.67,1.5915,0.24K,-1.25%
11/28/2008,1.644,1.6485,1.6545,1.627,0.03K,-2.49%
11/26/2008,1.686,1.6995,1.707,1.692,0.03K,2.00%
11/25/2008,1.653,1.6695,1.693,1.6225,0.32K,-1.17%
11/24/2008,1.6725,1.6215,1.723,1.5555,0.28K,5.92%
11/21/2008,1.579,1.5405,1.632,1.54,0.15K,0.19%
11/20/2008,1.576,1.59,1.598,1.545,0.15K,-1.75%
11/19/2008,1.604,1.6775,1.6775,1.598,0.24K,-3.66%
11/18/2008,1.665,1.646,1.692,1.6215,0.27K,0.30%
11/17/2008,1.66,1.684,1.6925,1.635,0.23K,-2.95%
11/14/2008,1.7105,1.7,1.7305,1.7,0.12K,5.23%
11/13/2008,1.6255,1.621,1.728,1.621,0.14K,-1.99%
11/12/2008,1.6585,1.671,1.671,1.591,0.06K,0.48%
11/11/2008,1.6505,1.7455,1.7455,1.648,0.13K,-5.98%
11/10/2008,1.7555,1.779,1.88,1.753,0.48K,3.30%
11/07/2008,1.6995,1.7355,1.7445,1.7,0.13K,-1.34%
11/06/2008,1.7225,1.81,1.81,1.7125,0.06K,-5.31%
11/05/2008,1.819,1.929,1.929,1.806,0.13K,-7.24%
11/04/2008,1.961,1.866,2.0125,1.8,0.11K,6.34%
11/03/2008,1.844,1.893,1.893,1.7975,0.06K,0.52%
10/31/2008,1.8345,1.888,1.892,1.803,0.07K,-3.22%
10/30/2008,1.8955,2.0475,2.1515,1.87,0.03K,-9.22%
10/29/2008,2.088,1.93,2.12,1.8495,17.02K,12.35%
10/28/2008,1.8585,1.76,1.9495,1.7205,13.47K,2.96%
10/27/2008,1.805,1.69,1.8365,1.6265,15.61K,7.03%
10/24/2008,1.6865,1.87,1.88,1.656,12.85K,-6.54%
10/23/2008,1.8045,1.8315,1.872,1.718,16.95K,-3.27%
10/22/2008,1.8655,2.0105,2.023,1.806,14.73K,-7.05%
10/21/2008,2.007,2.128,2.1775,1.992,16.21K,-5.17%
10/20/2008,2.1165,2.15,2.2645,2.097,11.26K,-2.89%
10/17/2008,2.1795,2.169,2.2345,2.042,12.12K,4.51%
10/16/2008,2.0855,2.1595,2.2185,2.0405,15.88K,-5.65%
10/15/2008,2.2105,2.4,2.4015,2.146,13.42K,-7.68%
10/14/2008,2.3945,2.343,2.5295,2.3345,15.57K,3.55%
10/13/2008,2.3125,2.1815,2.3605,2.16,11.18K,7.83%
10/10/2008,2.1445,2.295,2.2995,2.05,17.89K,-10.87%
10/09/2008,2.406,2.325,2.4375,2.256,10.38K,2.17%
10/08/2008,2.355,2.4195,2.5645,2.285,15.49K,-7.08%
10/07/2008,2.5345,2.468,2.594,2.4025,13.07K,1.66%
10/06/2008,2.493,2.645,2.645,2.3525,16.17K,-7.32%
10/03/2008,2.69,2.63,2.718,2.571,15.14K,2.38%
10/02/2008,2.6275,2.7615,2.824,2.603,11.47K,-5.81%
10/01/2008,2.7895,2.891,2.9345,2.749,12.93K,-3.11%
09/30/2008,2.879,2.8695,2.91,2.765,13.23K,-0.95%
09/29/2008,2.9065,3.0775,3.0775,2.85,11.56K,-5.60%
09/26/2008,3.079,3.125,3.1255,3.0515,0.22K,-1.94%
09/25/2008,3.14,3.112,3.14,3.0835,0.12K,0.92%
09/24/2008,3.1115,3.1495,3.179,3.0945,0.09K,-1.44%
09/23/2008,3.157,3.271,3.271,3.1365,0.13K,-3.13%
09/22/2008,3.259,3.2,3.3,3.2,0.14K,2.50%
09/19/2008,3.1795,3.0715,3.2095,3.0525,0.12K,3.33%
09/18/2008,3.077,3.0915,3.1585,3.03,0.07K,0.80%
09/17/2008,3.0525,3.092,3.1225,3.0425,0.08K,-1.41%
09/16/2008,3.096,3.117,3.1215,3.053,0.12K,-1.60%
09/15/2008,3.1465,3.2055,3.2185,3.0845,0.24K,-1.61%
09/12/2008,3.198,3.145,3.2325,3.1255,0.29K,2.14%
09/11/2008,3.131,3.1155,3.136,3.0685,0.11K,0.32%
09/10/2008,3.121,3.058,3.1335,3.057,0.03K,0.84%
09/09/2008,3.095,3.1125,3.1325,3.063,0.06K,-0.31%
09/08/2008,3.1045,3.1605,3.1725,3.1,0.08K,-0.21%
09/05/2008,3.111,3.22,3.22,3.11,0.21K,-5.12%
09/04/2008,3.279,3.3315,3.363,3.26,0.06K,-1.47%
09/03/2008,3.328,3.2855,3.34,3.2745,0.05K,1.19%
09/02/2008,3.289,3.35,3.35,3.19,0.13K,-3.25%
08/29/2008,3.3995,3.363,3.4015,3.363,0.04K,-0.32%
08/28/2008,3.4105,3.4415,3.455,3.406,0.08K,-1.57%
08/27/2008,3.465,3.447,3.493,3.4375,0.54K,0.90%
08/26/2008,3.434,3.4795,3.4795,3.4005,0.29K,-1.29%
08/25/2008,3.479,3.476,3.5045,3.4575,0.19K,0.24%
08/22/2008,3.4705,3.5485,3.552,3.459,0.21K,-2.13%
08/21/2008,3.546,3.426,3.5525,3.426,0.18K,4.28%
08/20/2008,3.4005,3.433,3.4725,3.397,0.25K,-0.87%
08/19/2008,3.4305,3.3055,3.457,3.2845,0.30K,3.52%
08/18/2008,3.314,3.3455,3.3635,3.284,0.07K,-0.23%
08/15/2008,3.3215,3.3,3.335,3.285,0.06K,0.50%
08/14/2008,3.305,3.349,3.4,3.3045,0.10K,-1.34%
08/13/2008,3.35,3.239,3.355,3.239,0.08K,3.78%
08/12/2008,3.228,3.28,3.295,3.2255,0.18K,-1.97%
08/11/2008,3.293,3.32,3.334,3.296,0.17K,-1.23%
08/08/2008,3.334,3.3925,3.3925,3.3115,0.19K,-2.46%
08/07/2008,3.418,3.4095,3.456,3.408,0.28K,-0.13%
08/06/2008,3.4225,3.4215,3.47,3.419,0.20K,0.23%
08/05/2008,3.4145,3.429,3.456,3.4,0.20K,-0.70%
08/04/2008,3.4385,3.55,3.55,3.425,0.30K,-3.78%
08/01/2008,3.5735,3.6565,3.6565,3.559,0.06K,-2.26%
07/31/2008,3.656,3.657,3.6615,3.65,0.05K,0.44%
07/30/2008,3.64,3.5725,3.664,3.54,0.05K,1.38%
07/29/2008,3.5905,3.616,3.627,3.558,10.93K,-0.60%
07/28/2008,3.612,3.608,3.6345,3.588,6.48K,0.19%
07/25/2008,3.605,3.5815,3.614,3.569,9.35K,0.78%
07/24/2008,3.577,3.629,3.66,3.555,13.26K,-2.20%
07/23/2008,3.6575,3.69,3.703,3.6155,14.98K,-0.89%
07/22/2008,3.6905,3.699,3.745,3.6595,10.89K,0.26%
07/21/2008,3.681,3.669,3.7135,3.6675,6.70K,0.33%
07/18/2008,3.669,3.695,3.7,3.6505,11.16K,-1.24%
07/17/2008,3.715,3.653,3.7315,3.638,13.23K,1.77%
07/16/2008,3.6505,3.6875,3.716,3.6305,13.28K,-1.34%
07/15/2008,3.7,3.744,3.7575,3.665,13.73K,-1.39%
07/14/2008,3.752,3.7455,3.782,3.7105,7.61K,0.32%
07/11/2008,3.74,3.7225,3.799,3.719,8.63K,0.58%
07/10/2008,3.7185,3.7265,3.791,3.672,11.26K,-0.55%
07/09/2008,3.739,3.697,3.753,3.642,14.01K,1.15%
07/08/2008,3.6965,3.8375,3.861,3.684,20.86K,-3.96%
07/07/2008,3.849,3.8745,3.9,3.803,15.01K,-2.53%
07/03/2008,3.949,4.0235,4.045,3.926,15.83K,-2.82%
07/02/2008,4.0635,3.894,4.08,3.8775,22.95K,3.91%
07/01/2008,3.9105,3.8695,3.9245,3.85,8.34K,0.72%
06/30/2008,3.8825,3.88,3.913,3.8325,12.24K,0.12%
06/27/2008,3.878,3.825,3.885,3.807,13.13K,1.28%
06/26/2008,3.829,3.8,3.861,3.796,0.13K,1.42%
06/25/2008,3.7755,3.763,3.808,3.7485,0.08K,-0.32%
06/24/2008,3.7875,3.7915,3.8025,3.7775,0.06K,-0.56%
06/23/2008,3.809,3.782,3.814,3.7735,0.14K,-0.59%
06/20/2008,3.8315,3.768,3.84,3.768,0.21K,1.39%
06/19/2008,3.779,3.747,3.8015,3.747,0.61K,0.84%
06/18/2008,3.7475,3.651,3.76,3.651,0.15K,2.67%
06/17/2008,3.65,3.6285,3.6695,3.6285,0.40K,-0.41%
06/16/2008,3.665,3.5875,3.6985,3.5875,0.17K,2.09%
06/13/2008,3.59,3.555,3.612,3.5405,0.23K,1.44%
06/12/2008,3.539,3.57,3.5825,3.51,0.13K,-1.15%
06/11/2008,3.58,3.556,3.592,3.556,0.04K,0.51%
06/10/2008,3.562,3.611,3.611,3.556,0.25K,-1.44%
06/09/2008,3.614,3.6405,3.6645,3.586,0.20K,-0.29%
06/06/2008,3.6245,3.5705,3.6605,3.5705,0.09K,2.26%
06/05/2008,3.5445,3.535,3.555,3.5155,0.23K,-0.03%
06/04/2008,3.5455,3.567,3.575,3.545,0.10K,-0.95%
06/03/2008,3.5795,3.587,3.5995,3.5645,0.17K,-0.51%
06/02/2008,3.598,3.57,3.606,3.5595,0.26K,-0.22%
05/30/2008,3.606,3.5715,3.6125,3.565,0.16K,1.29%
05/29/2008,3.56,3.683,3.683,3.5555,0.14K,-3.65%
05/28/2008,3.695,3.729,3.7295,3.6365,12.68K,-0.57%
05/27/2008,3.716,3.7455,3.75,3.6875,8.70K,-0.54%
05/23/2008,3.736,3.7035,3.745,3.6485,8.46K,0.63%
05/22/2008,3.7125,3.741,3.7895,3.6605,12.70K,-0.85%
05/21/2008,3.7445,3.7685,3.781,3.721,9.28K,-0.85%
05/20/2008,3.7765,3.7725,3.8005,3.731,10.27K,0.03%
05/19/2008,3.7755,3.836,3.858,3.7425,9.75K,-1.33%
05/16/2008,3.8265,3.7405,3.8595,3.7395,12.95K,2.35%
05/15/2008,3.7385,3.678,3.7725,3.6665,12.26K,1.56%
05/14/2008,3.681,3.7325,3.7435,3.6525,9.80K,-1.35%
05/13/2008,3.7315,3.7465,3.793,3.7085,10.11K,-0.48%
05/12/2008,3.7495,3.712,3.775,3.6855,10.94K,0.89%
05/09/2008,3.7165,3.796,3.8,3.6775,12.47K,-1.87%
05/08/2008,3.7875,3.8395,3.851,3.753,9.59K,-1.21%
05/07/2008,3.834,3.8795,3.885,3.8165,8.91K,-1.15%
05/06/2008,3.8785,3.942,3.942,3.8325,11.01K,-1.75%
05/05/2008,3.9475,3.828,4.2605,3.82,19.52K,3.32%
05/02/2008,3.8205,3.724,3.8525,3.7,14.34K,3.41%
05/01/2008,3.6945,3.9075,3.93,3.6675,24.64K,-5.38%
04/30/2008,3.9045,3.8895,3.927,3.8455,9.45K,0.61%
04/29/2008,3.881,3.918,3.93,3.851,11.77K,-1.35%
04/28/2008,3.934,3.9295,3.945,3.906,0.47K,0.49%
04/25/2008,3.915,3.873,3.928,3.8115,0.31K,1.01%
04/24/2008,3.876,3.8945,3.915,3.867,0.46K,-0.69%
04/23/2008,3.903,3.9555,3.972,3.879,0.40K,-1.45%
04/22/2008,3.9605,3.897,3.98,3.897,0.29K,2.43%
04/21/2008,3.8665,3.8795,3.89,3.8525,0.13K,-0.62%
04/18/2008,3.8905,3.9165,3.946,3.816,0.10K,-0.58%
04/17/2008,3.913,3.945,4.036,3.909,0.13K,-1.07%
04/16/2008,3.9555,3.837,4.006,3.837,0.60K,2.50%
04/15/2008,3.859,3.9,3.909,3.845,0.03K,-0.96%
04/14/2008,3.8965,3.943,3.943,3.85,0.10K,-1.19%
04/11/2008,3.9435,3.9065,3.97,3.9065,0.12K,0.63%
04/10/2008,3.919,3.98,4.009,3.91,0.10K,-1.88%
04/09/2008,3.994,3.875,4.0065,3.862,0.06K,2.75%
04/08/2008,3.887,3.9,3.92,3.8785,0.04K,-2.19%
04/07/2008,3.974,3.9565,3.985,3.93,0.34K,0.57%
04/04/2008,3.9515,3.8805,3.9585,3.8625,0.15K,1.48%
04/03/2008,3.894,3.875,3.915,3.8365,0.32K,0.49%
04/02/2008,3.875,3.785,3.886,3.78,0.05K,1.87%
04/01/2008,3.804,3.804,3.8165,3.728,0.06K,-0.60%
03/31/2008,3.827,3.833,3.86,3.81,0.08K,-0.01%
03/28/2008,3.8275,3.917,3.917,3.824,0.02K,-1.17%
03/27/2008,3.873,3.74,3.894,3.7205,13.27K,3.97%
03/26/2008,3.725,3.689,3.75,3.675,10.10K,1.26%
03/25/2008,3.6785,3.619,3.71,3.5985,11.45K,1.55%
03/24/2008,3.6225,3.55,3.6475,3.525,7.27K,1.37%
03/20/2008,3.5735,3.62,3.62,3.461,17.09K,-1.65%
03/19/2008,3.6335,3.72,3.767,3.6105,12.40K,-3.02%
03/18/2008,3.7465,3.721,3.7625,3.6605,9.00K,1.67%
03/17/2008,3.685,3.8275,3.88,3.654,17.38K,-3.74%
03/14/2008,3.828,3.808,3.9,3.79,8.96K,0.08%
03/13/2008,3.825,3.8205,3.864,3.787,7.87K,-0.31%
03/12/2008,3.837,3.792,3.8445,3.75,8.08K,1.36%
03/11/2008,3.7855,3.8,3.8905,3.762,12.11K,-0.25%
03/10/2008,3.795,3.9155,3.925,3.7695,13.54K,-3.23%
03/07/2008,3.9215,3.898,3.945,3.856,9.68K,0.46%
03/06/2008,3.9035,3.964,4.024,3.85,13.52K,-1.97%
03/05/2008,3.982,3.8265,3.985,3.792,13.89K,4.20%
03/04/2008,3.8215,3.935,3.9515,3.803,11.69K,-2.72%
03/03/2008,3.9285,3.8465,3.967,3.8355,13.21K,1.91%
02/29/2008,3.855,3.878,3.892,3.8005,8.97K,-0.59%
02/28/2008,3.878,3.8375,3.9105,3.825,12.36K,0.82%
02/27/2008,3.8465,3.832,3.862,3.798,0.49K,1.57%
02/26/2008,3.787,3.736,3.8115,3.715,0.33K,1.04%
02/25/2008,3.748,3.827,3.8585,3.718,0.78K,-1.30%
02/22/2008,3.7975,3.8115,3.8115,3.758,0.12K,-0.51%
02/21/2008,3.817,3.735,3.846,3.733,0.63K,2.77%
02/20/2008,3.714,3.698,3.723,3.6805,0.09K,-0.34%
02/19/2008,3.7265,3.548,3.7375,3.548,0.30K,5.54%
02/15/2008,3.531,3.49,3.5725,3.478,0.15K,1.04%
02/14/2008,3.4945,3.585,3.585,3.475,0.05K,-1.20%
02/13/2008,3.537,3.5195,3.565,3.5075,0.03K,-0.80%
02/12/2008,3.5655,3.5435,3.5935,3.543,0.05K,0.10%
02/11/2008,3.562,3.5525,3.5795,3.5305,0.11K,0.78%
02/08/2008,3.5345,3.43,3.5515,3.43,0.33K,2.11%
02/07/2008,3.4615,3.298,3.463,3.2975,0.15K,4.29%
02/06/2008,3.319,3.209,3.325,3.209,0.06K,2.96%
02/05/2008,3.2235,3.314,3.317,3.2095,0.06K,-2.61%
02/04/2008,3.31,3.307,3.33,3.2775,0.11K,0.81%
02/01/2008,3.2835,3.303,3.3345,3.278,0.07K,-0.71%
01/31/2008,3.307,3.2625,3.33,3.213,0.11K,2.19%
01/30/2008,3.236,3.269,3.277,3.2405,0.02K,-1.91%
01/29/2008,3.299,3.184,3.3185,3.18,15.69K,3.43%
01/28/2008,3.1895,3.19,3.2195,3.1165,9.64K,0.17%
01/25/2008,3.184,3.192,3.2455,3.164,9.34K,0.39%
01/24/2008,3.1715,3.13,3.21,3.127,11.06K,3.24%
01/23/2008,3.072,3.1805,3.2,3.065,16.85K,-3.89%
01/22/2008,3.1965,3.2395,3.275,3.012,26.28K,-1.17%
01/18/2008,3.2345,3.152,3.2455,3.145,10.10K,1.65%
01/17/2008,3.182,3.1725,3.246,3.13,12.21K,0.30%
01/16/2008,3.1725,3.21,3.2335,3.147,11.95K,-2.13%
01/15/2008,3.2415,3.342,3.36,3.1815,14.45K,-2.92%
01/14/2008,3.339,3.305,3.36,3.3,12.06K,1.06%
01/11/2008,3.304,3.281,3.327,3.253,9.70K,0.69%
01/10/2008,3.2815,3.293,3.3065,3.215,12.89K,-0.06%
01/09/2008,3.2835,3.259,3.3785,3.259,12.51K,-0.45%
01/08/2008,3.2985,3.1305,3.32,3.13,19.91K,5.01%
01/07/2008,3.141,3.131,3.189,3.106,8.78K,-0.52%
01/04/2008,3.1575,3.182,3.235,3.105,16.17K,-0.96%
01/03/2008,3.188,3.0625,3.19,3.055,12.61K,4.05%
01/02/2008,3.064,3.041,3.12,3.0355,8.86K,0.76%
12/31/2007,3.041,3.0735,3.0945,3.022,5.61K,-1.01%
12/28/2007,3.072,3.12,3.12,3.068,5.98K,-1.54%
12/27/2007,3.12,3.2,3.2,3.105,0.07K,-1.42%
12/26/2007,3.165,3.1705,3.1705,3.16,0.02K,0.44%
12/24/2007,3.151,3.166,3.1915,3.152,0.09K,1.78%
12/21/2007,3.096,3.02,3.093,3.02,0.15K,4.44%
12/20/2007,2.9645,2.982,2.9825,2.9545,0.26K,0.30%
12/19/2007,2.9555,2.92,2.9685,2.915,0.14K,2.53%
12/18/2007,2.8825,2.877,2.91,2.873,0.11K,-0.19%
12/17/2007,2.888,2.976,2.976,2.8815,0.18K,-2.32%
12/14/2007,2.9565,2.942,2.967,2.924,0.09K,-0.10%
12/13/2007,2.9595,3.0145,3.0145,2.944,0.17K,-2.44%
12/12/2007,3.0335,3.008,3.06,2.9875,0.09K,-1.61%
12/11/2007,3.083,3.066,3.0765,3.028,0.72K,-0.10%
12/10/2007,3.086,3.0955,3.1115,3.0825,0.21K,-1.01%
12/07/2007,3.1175,3.131,3.1385,3.112,0.19K,2.50%
12/06/2007,3.0415,3.06,3.067,3.0135,0.12K,0.15%
12/05/2007,3.037,3.023,3.0525,3.011,0.06K,0.56%
12/04/2007,3.02,2.991,3.04,2.991,0.10K,-1.77%
12/03/2007,3.0745,3.1345,3.1345,3.07,0.05K,-3.27%
11/30/2007,3.1785,3.1625,3.188,3.1625,0.15K,2.93%
11/29/2007,3.088,3.106,3.11,3.092,0.07K,2.35%
11/28/2007,3.017,2.992,3.035,2.9595,0.21K,1.33%
11/27/2007,2.9775,2.9955,3.022,2.965,0.18K,-1.94%
11/26/2007,3.0365,3.055,3.06,2.989,0.43K,0.90%
11/23/2007,3.0095,2.888,3.02,2.888,0.10K,3.53%
11/21/2007,2.907,3.05,3.05,2.901,0.53K,-4.48%
11/20/2007,3.0435,3.0035,3.065,2.95,0.20K,1.47%
11/19/2007,2.9995,3.152,3.166,3.0135,0.26K,-5.54%
11/16/2007,3.1755,3.1,3.187,3.059,0.08K,2.58%
11/15/2007,3.0955,3.29,3.29,3.082,0.25K,-6.51%
11/14/2007,3.311,3.17,3.317,3.163,0.21K,6.02%
11/13/2007,3.123,3.1,3.139,3.0785,0.36K,0.00%
11/12/2007,3.123,3.1635,3.1635,3.057,0.19K,-1.12%
11/09/2007,3.1585,3.195,3.195,3.13,0.10K,-1.77%
11/08/2007,3.2155,3.26,3.26,3.2,0.21K,-1.65%
11/07/2007,3.2695,3.373,3.3855,3.27,0.27K,-2.42%
11/06/2007,3.3505,3.3545,3.365,3.339,0.03K,1.18%
11/05/2007,3.3115,3.31,3.341,3.31,0.18K,-0.63%
11/02/2007,3.3325,3.375,3.38,3.322,0.15K,-1.11%
11/01/2007,3.37,3.4625,3.467,3.355,0.05K,-3.15%
10/31/2007,3.4795,3.496,3.5085,3.476,0.03K,-0.26%
10/30/2007,3.4885,3.4475,3.4885,3.4475,0.07K,-0.92%
10/29/2007,3.521,3.55,3.5895,3.5155,6.20K,-0.47%
10/26/2007,3.5375,3.485,3.55,3.485,6.42K,1.48%
10/25/2007,3.486,3.46,3.495,3.455,5.58K,0.97%
10/24/2007,3.4525,3.498,3.507,3.43,10.40K,-1.74%
10/23/2007,3.5135,3.515,3.5505,3.484,7.65K,0.77%
10/22/2007,3.4865,3.535,3.657,3.45,12.94K,-1.83%
10/19/2007,3.5515,3.54,3.573,3.52,6.77K,0.28%
10/18/2007,3.5415,3.5825,3.6065,3.528,10.94K,-1.52%
10/17/2007,3.596,3.6325,3.659,3.572,10.89K,-1.24%
10/16/2007,3.641,3.6825,3.7085,3.602,11.39K,-1.22%
10/15/2007,3.686,3.6475,3.738,3.6475,10.45K,0.92%
10/12/2007,3.6525,3.6545,3.693,3.6305,8.10K,-0.45%
10/11/2007,3.669,3.701,3.732,3.63,12.40K,-0.68%
10/10/2007,3.694,3.622,3.7265,3.606,10.82K,2.11%
10/09/2007,3.6175,3.619,3.6735,3.5825,9.06K,0.12%
10/08/2007,3.613,3.7345,3.76,3.581,12.05K,-3.02%
10/05/2007,3.7255,3.7385,3.757,3.7135,7.46K,-0.33%
10/04/2007,3.738,3.749,3.7585,3.702,9.93K,-0.68%
10/03/2007,3.7635,3.728,3.78,3.717,11.95K,1.41%
10/02/2007,3.711,3.6805,3.767,3.656,14.47K,0.53%
10/01/2007,3.6915,3.6405,3.695,3.64,8.35K,1.41%
09/28/2007,3.64,3.646,3.698,3.626,7.74K,-0.22%
09/27/2007,3.648,3.618,3.6775,3.614,8.32K,1.00%
09/26/2007,3.612,3.623,3.648,3.5995,0.06K,-0.33%
09/25/2007,3.624,3.6385,3.641,3.596,0.03K,-0.44%
09/24/2007,3.64,3.627,3.6495,3.627,0.03K,1.51%
09/21/2007,3.586,3.583,3.6305,3.5655,0.07K,-0.14%
09/20/2007,3.591,3.573,3.605,3.5655,0.25K,0.43%
09/19/2007,3.5755,3.516,3.5905,3.516,0.04K,3.71%
09/18/2007,3.4475,3.4125,3.495,3.4125,0.04K,0.82%
09/17/2007,3.4195,3.421,3.435,3.3985,0.04K,0.86%
09/14/2007,3.3905,3.419,3.4565,3.38,0.08K,-0.18%
09/13/2007,3.3965,3.3435,3.426,3.3435,0.03K,1.09%
09/12/2007,3.36,3.3665,3.3785,3.3315,0.14K,-0.81%
09/11/2007,3.3875,3.336,3.39,3.335,0.12K,4.04%
09/10/2007,3.256,3.2625,3.267,3.226,0.02K,0.14%
09/07/2007,3.2515,3.303,3.303,3.2435,0.09K,-1.66%
09/06/2007,3.3065,3.267,3.33,3.26,0.03K,1.13%
09/05/2007,3.2695,3.307,3.3075,3.26,0.08K,-1.33%
09/04/2007,3.3135,3.2955,3.32,3.2955,0.06K,-2.63%
08/31/2007,3.403,3.4115,3.4115,3.387,0.04K,1.52%
08/30/2007,3.352,3.337,3.359,3.337,0.03K,0.03%
08/29/2007,3.351,3.288,3.357,3.2695,0.54K,1.04%
08/28/2007,3.3165,3.36,3.36,3.27,0.27K,-1.32%
08/27/2007,3.361,3.3515,3.4645,3.3515,0.18K,0.34%
08/24/2007,3.3495,3.26,3.375,3.226,0.13K,2.26%
08/23/2007,3.2755,3.274,3.297,3.269,0.60K,1.72%
08/22/2007,3.22,3.177,3.2415,3.177,0.45K,1.95%
08/21/2007,3.1585,3.1815,3.1815,3.14,0.26K,-0.22%
08/20/2007,3.1655,3.217,3.2175,3.1595,0.09K,0.51%
08/17/2007,3.1495,3.14,3.19,3.0745,0.19K,1.84%
08/16/2007,3.0925,3.245,3.245,3.0625,0.61K,-7.02%
08/15/2007,3.326,3.3005,3.34,3.3005,0.12K,-1.13%
08/14/2007,3.364,3.404,3.42,3.36,0.06K,-2.11%
08/13/2007,3.4365,3.386,3.435,3.386,0.09K,2.41%
08/10/2007,3.3555,3.3535,3.3755,3.288,0.12K,-0.12%
08/09/2007,3.3595,3.4095,3.4095,3.338,0.13K,-2.31%
08/08/2007,3.439,3.498,3.498,3.416,0.22K,-1.95%
08/07/2007,3.5075,3.4725,3.52,3.47,0.16K,0.98%
08/06/2007,3.4735,3.464,3.477,3.451,0.15K,-0.19%
08/03/2007,3.48,3.5825,3.5825,3.47,0.17K,-2.52%
08/02/2007,3.57,3.608,3.608,3.563,0.05K,-0.29%
08/01/2007,3.5805,3.58,3.5885,3.554,0.07K,-1.69%
07/31/2007,3.642,3.594,3.6455,3.594,0.05K,1.60%
07/30/2007,3.5845,3.5485,3.585,3.5485,0.06K,1.06%
07/27/2007,3.547,3.5325,3.572,3.502,9.74K,0.70%
07/26/2007,3.5225,3.57,3.5805,3.505,12.93K,-0.93%
07/25/2007,3.5555,3.602,3.626,3.5215,14.86K,-1.77%
07/24/2007,3.6195,3.641,3.7025,3.595,13.73K,-1.01%
07/23/2007,3.6565,3.704,3.748,3.635,10.12K,-1.32%
07/20/2007,3.7055,3.6495,3.725,3.6475,10.35K,1.19%
07/19/2007,3.662,3.5635,3.665,3.5635,12.38K,2.78%
07/18/2007,3.563,3.5325,3.5745,3.5255,0.01K,0.30%
07/17/2007,3.5525,3.56,3.5695,3.5105,8.31K,-0.27%
07/16/2007,3.562,3.59,3.613,3.5515,5.66K,-0.86%
07/13/2007,3.593,3.5785,3.6145,3.532,9.16K,0.34%
07/12/2007,3.581,3.6005,3.66,3.5605,9.39K,-1.12%
07/11/2007,3.6215,3.5935,3.64,3.578,8.08K,0.32%
07/10/2007,3.61,3.6205,3.66,3.575,8.46K,-0.54%
07/09/2007,3.6295,3.5945,3.665,3.589,10.26K,0.97%
07/06/2007,3.5945,3.5855,3.604,3.5625,8.48K,0.03%
07/05/2007,3.5935,3.5325,3.5985,3.53,11.70K,1.37%
07/03/2007,3.545,3.52,3.56,3.4945,8.24K,0.51%
07/02/2007,3.527,3.4485,3.5335,3.4375,10.11K,2.22%
06/29/2007,3.4505,3.432,3.475,3.42,8.63K,0.67%
06/28/2007,3.4275,3.367,3.455,3.3465,11.39K,2.02%
06/27/2007,3.3595,3.321,3.3695,3.3,0.27K,1.24%
06/26/2007,3.3185,3.397,3.397,3.3345,0.24K,-2.43%
06/25/2007,3.401,3.3695,3.4025,3.318,0.04K,0.43%
06/22/2007,3.3865,3.4,3.4205,3.3825,0.11K,-0.53%
06/21/2007,3.4045,3.435,3.435,3.369,0.17K,-1.15%
06/20/2007,3.444,3.44,3.4475,3.393,0.39K,1.31%
06/19/2007,3.3995,3.373,3.4135,3.369,0.20K,-0.64%
06/18/2007,3.4215,3.4575,3.497,3.4095,0.19K,-0.10%
06/15/2007,3.425,3.3725,3.4325,3.3505,0.14K,0.97%
06/14/2007,3.392,3.3335,3.42,3.3165,0.37K,2.26%
06/13/2007,3.317,3.24,3.322,3.2345,0.61K,0.91%
06/12/2007,3.287,3.305,3.305,3.27,0.14K,-2.04%
06/11/2007,3.3555,3.335,3.359,3.315,0.04K,3.01%
06/08/2007,3.2575,3.26,3.29,3.25,0.13K,-3.58%
06/07/2007,3.3785,3.3915,3.393,3.3525,0.09K,-0.75%
06/06/2007,3.404,3.4175,3.4175,3.403,0.02K,-1.05%
06/05/2007,3.44,3.475,3.475,3.426,0.03K,-0.72%
06/04/2007,3.465,3.413,3.486,3.409,0.36K,1.88%
06/01/2007,3.401,3.4025,3.4025,3.39,0.04K,0.28%
05/31/2007,3.3915,3.35,3.393,3.35,0.15K,2.77%
05/30/2007,3.3,3.315,3.315,3.2685,0.11K,-0.60%
05/29/2007,3.32,3.31,3.3635,3.2635,11.32K,-0.02%
05/25/2007,3.3205,3.1805,3.3225,3.165,10.14K,4.40%
05/24/2007,3.1805,3.309,3.3385,3.1725,13.22K,-3.64%
05/23/2007,3.3005,3.3065,3.3325,3.255,11.40K,-0.06%
05/22/2007,3.3025,3.39,3.4375,3.2915,12.14K,-2.88%
05/21/2007,3.4005,3.3245,3.405,3.302,9.23K,2.32%
05/18/2007,3.3235,3.3065,3.34,3.23,11.69K,0.51%
05/17/2007,3.3065,3.423,3.44,3.2285,15.96K,-3.39%
05/16/2007,3.4225,3.532,3.5375,3.415,12.05K,-3.25%
05/15/2007,3.5375,3.491,3.5535,3.4565,9.55K,1.16%
05/14/2007,3.497,3.5905,3.6085,3.4785,10.82K,-2.97%
05/11/2007,3.604,3.5665,3.6365,3.5265,8.60K,1.05%
05/10/2007,3.5665,3.66,3.6835,3.56,11.30K,-3.06%
05/09/2007,3.679,3.7335,3.755,3.63,13.04K,-1.17%
05/08/2007,3.7225,3.7095,3.754,3.69,9.14K,0.19%
05/07/2007,3.7155,3.748,3.79,3.7035,5.72K,-1.14%
05/04/2007,3.7585,3.733,3.807,3.708,10.10K,0.86%
05/03/2007,3.7265,3.637,3.75,3.627,8.85K,2.25%
05/02/2007,3.6445,3.617,3.66,3.592,7.83K,0.28%
05/01/2007,3.6345,3.5355,3.6565,3.528,10.61K,2.19%
04/30/2007,3.5565,3.532,3.5885,3.513,9.24K,0.68%
04/27/2007,3.5325,3.505,3.56,3.456,10.79K,0.91%
04/26/2007,3.5005,3.596,3.596,3.472,0.48K,-2.78%
04/25/2007,3.6005,3.577,3.618,3.559,0.25K,1.12%
04/24/2007,3.5605,3.6475,3.675,3.5345,0.18K,-2.22%
04/23/2007,3.6415,3.6105,3.6575,3.5825,0.36K,0.68%
04/20/2007,3.617,3.58,3.659,3.58,0.22K,0.71%
04/19/2007,3.5915,3.642,3.642,3.536,0.23K,-0.83%
04/18/2007,3.6215,3.6615,3.6925,3.615,0.09K,-1.55%
04/17/2007,3.6785,3.575,3.695,3.52,0.17K,3.87%
04/16/2007,3.5415,3.535,3.598,3.52,0.24K,0.18%
04/13/2007,3.535,3.528,3.55,3.515,0.19K,0.91%
04/12/2007,3.503,3.611,3.611,3.47,0.16K,-2.31%
04/11/2007,3.586,3.62,3.62,3.56,0.16K,1.64%
04/10/2007,3.528,3.5245,3.551,3.5015,0.31K,0.58%
04/09/2007,3.5075,3.4345,3.53,3.38,0.13K,3.93%
04/05/2007,3.375,3.359,3.408,3.347,0.08K,-0.25%
04/04/2007,3.3835,3.299,3.385,3.292,0.25K,2.24%
04/03/2007,3.3095,3.234,3.315,3.234,0.34K,4.19%
04/02/2007,3.1765,3.1775,3.1815,3.125,0.15K,1.03%
03/30/2007,3.144,3.12,3.15,3.12,0.09K,1.88%
03/29/2007,3.086,3.067,3.094,3.042,0.17K,0.77%
03/28/2007,3.0625,3.051,3.0785,3.0135,8.48K,0.16%
03/27/2007,3.0575,3.1385,3.1475,3.04,10.44K,-2.58%
03/26/2007,3.1385,3.069,3.1475,3.069,8.15K,2.26%
03/23/2007,3.069,3.0825,3.133,3.063,9.04K,-0.13%
03/22/2007,3.073,3.0375,3.095,3.0375,10.75K,1.79%
03/21/2007,3.019,3.016,3.054,2.9855,10.48K,-0.49%
03/20/2007,3.034,3.022,3.065,3.005,9.06K,0.41%
03/19/2007,3.0215,3.012,3.0435,2.9675,7.95K,0.35%
03/16/2007,3.011,2.985,3.02,2.951,11.10K,0.77%
03/15/2007,2.988,2.85,2.993,2.8405,16.34K,5.73%
03/14/2007,2.826,2.7915,2.865,2.787,9.92K,0.05%
03/13/2007,2.8245,2.854,2.872,2.7905,8.14K,-0.86%
03/12/2007,2.849,2.78,2.855,2.7595,5.66K,2.33%
03/09/2007,2.784,2.826,2.83,2.7765,6.33K,-1.75%
03/08/2007,2.8335,2.798,2.874,2.778,10.88K,1.85%
03/07/2007,2.782,2.734,2.8,2.7125,8.70K,2.52%
03/06/2007,2.7135,2.66,2.745,2.66,5.82K,1.61%
03/05/2007,2.6705,2.693,2.704,2.625,9.41K,-1.35%
03/02/2007,2.707,2.7585,2.78,2.683,8.22K,-1.72%
03/01/2007,2.7545,2.765,2.818,2.735,9.84K,0.09%
02/28/2007,2.752,2.743,2.815,2.719,11.15K,-2.58%
02/27/2007,2.825,2.864,2.865,2.745,12.41K,-1.45%
02/26/2007,2.8665,2.853,2.8975,2.8465,0.28K,0.61%
02/23/2007,2.849,2.808,2.869,2.8075,0.13K,2.70%
02/22/2007,2.774,2.685,2.798,2.673,0.22K,4.19%
02/21/2007,2.6625,2.5935,2.676,2.58,0.13K,2.58%
02/20/2007,2.5955,2.641,2.641,2.585,0.17K,-2.22%
02/16/2007,2.6545,2.675,2.675,2.6355,0.07K,-0.75%
02/15/2007,2.6745,2.6535,2.6915,2.648,0.08K,3.38%
02/14/2007,2.587,2.6115,2.627,2.575,0.03K,-0.31%
02/13/2007,2.595,2.5795,2.61,2.557,0.03K,4.26%
02/12/2007,2.489,2.5375,2.5535,2.482,0.07K,-1.52%
02/09/2007,2.5275,2.465,2.54,2.465,0.04K,2.79%
02/08/2007,2.459,2.449,2.466,2.41,0.06K,-0.12%
02/07/2007,2.462,2.475,2.485,2.462,0.04K,-1.60%
02/06/2007,2.502,2.444,2.5,2.444,0.04K,3.24%
02/05/2007,2.4235,2.453,2.455,2.4325,0.02K,-0.35%
02/02/2007,2.432,2.54,2.54,2.4065,0.22K,-4.23%
02/01/2007,2.5395,2.585,2.585,2.53,0.04K,-2.38%
01/31/2007,2.6015,2.604,2.608,2.6,0.12K,1.21%
01/30/2007,2.5705,2.569,2.5825,2.569,0.07K,1.12%
01/29/2007,2.542,2.635,2.654,2.515,11.72K,-3.60%
01/26/2007,2.637,2.6475,2.66,2.585,6.50K,-0.66%
01/25/2007,2.6545,2.612,2.6815,2.5965,8.87K,2.04%
01/24/2007,2.6015,2.5875,2.6175,2.575,8.54K,0.85%
01/23/2007,2.5795,2.52,2.615,2.5165,9.38K,1.98%
01/22/2007,2.5295,2.5235,2.554,2.5,5.89K,0.50%
01/19/2007,2.517,2.485,2.544,2.481,7.19K,1.00%
01/18/2007,2.492,2.555,2.6085,2.48,11.52K,-3.02%
01/17/2007,2.5695,2.56,2.577,2.5205,8.99K,-0.31%
01/16/2007,2.5775,2.609,2.6275,2.485,9.99K,-0.98%
01/12/2007,2.603,2.653,2.659,2.595,6.90K,-2.11%
01/11/2007,2.659,2.6725,2.7,2.6085,7.96K,-0.19%
01/10/2007,2.664,2.555,2.6855,2.555,14.12K,4.23%
01/09/2007,2.556,2.532,2.58,2.495,8.36K,1.11%
01/08/2007,2.528,2.535,2.5895,2.47,10.19K,-0.28%
01/05/2007,2.535,2.611,2.65,2.52,11.01K,-2.57%
01/04/2007,2.602,2.66,2.66,2.5565,11.45K,-1.77%
01/03/2007,2.649,2.798,2.798,2.645,16.75K,-7.73%
01/02/2007,2.871,2.871,2.871,2.767,5.88K,0.00%
12/29/2006,2.871,2.8925,2.92,2.83,2.42K,-0.83%
12/28/2006,2.895,2.912,2.914,2.882,2.70K,-0.33%
12/27/2006,2.9045,2.9185,2.9185,2.8765,0.10K,1.10%
12/26/2006,2.873,2.8805,2.8805,2.8625,0.03K,0.67%
12/22/2006,2.854,2.8785,2.885,2.855,0.14K,-0.92%
12/21/2006,2.8805,2.94,2.94,2.864,0.15K,-2.60%
12/20/2006,2.9575,3.015,3.015,2.9485,0.23K,-1.99%
12/19/2006,3.0175,3.049,3.049,3.009,0.13K,-0.40%
12/18/2006,3.0295,3.032,3.034,3.0075,0.07K,0.43%
12/15/2006,3.0165,3.05,3.06,3,0.20K,-1.34%
12/14/2006,3.0575,3.086,3.0935,3.0745,0.06K,0.81%
12/13/2006,3.033,3.062,3.062,3.0325,0.22K,-1.99%
12/12/2006,3.0945,3.102,3.12,3.095,0.02K,-1.17%
12/11/2006,3.131,3.135,3.16,3.135,0.01K,0.45%
12/08/2006,3.117,3.0975,3.13,3.0975,0.04K,0.32%
12/07/2006,3.107,3.15,3.15,3.1,0.04K,-1.57%
12/06/2006,3.1565,3.239,3.239,3.16,0.04K,-2.65%
12/05/2006,3.2425,3.215,3.246,3.215,0.08K,2.30%
12/04/2006,3.1695,3.179,3.179,3.179,0.02K,0.13%
12/01/2006,3.1655,3.16,3.175,3.15,0.04K,-0.74%
11/30/2006,3.189,3.161,3.205,3.161,0.10K,1.29%
11/29/2006,3.1485,3.1675,3.189,3.125,0.17K,-0.06%
11/28/2006,3.1505,3.1995,3.1995,3.14,0.10K,-1.53%
11/27/2006,3.1995,3.25,3.25,3.194,0.70K,2.48%
11/24/2006,3.122,3.1355,3.2375,3.113,0.03K,-0.60%
11/23/2006,3.141,3.145,3.145,3.085,,0.61%
11/22/2006,3.122,3.1415,3.165,3.114,0.02K,-0.24%
11/21/2006,3.1295,3.1,3.145,3.1,0.39K,2.39%
11/20/2006,3.0565,3.05,3.0895,3.05,0.05K,-0.47%
11/17/2006,3.071,3.0375,3.04,3,0.29K,0.56%
11/16/2006,3.054,3.1,3.105,3.055,0.05K,-1.64%
11/15/2006,3.105,3.105,3.1125,3.07,0.09K,0.16%
11/14/2006,3.1,3.1,3.105,3.07,0.40K,0.37%
11/13/2006,3.0885,3.129,3.13,3.07,0.27K,-0.37%
11/10/2006,3.1,3.32,3.32,3.11,0.18K,-6.60%
11/09/2006,3.319,3.2565,3.3225,3.25,0.14K,2.00%
11/08/2006,3.254,3.366,3.3665,3.25,0.07K,-3.51%
11/07/2006,3.3725,3.347,3.404,3.347,0.19K,0.91%
11/06/2006,3.342,3.2975,3.332,3.2975,0.04K,0.44%
11/03/2006,3.3275,3.29,3.335,3.29,0.01K,0.88%
11/02/2006,3.2985,3.2865,3.2865,3.25,0.03K,1.70%
11/01/2006,3.2435,3.3535,3.3535,3.245,0.18K,-3.15%
10/31/2006,3.349,3.36,3.36,3.342,0.01K,-0.34%
10/30/2006,3.3605,3.4,3.4,3.318,0.05K,-1.31%
10/27/2006,3.405,3.4,3.42,3.3825,6.18K,0.15%
10/26/2006,3.4,3.4025,3.433,3.38,5.47K,-0.13%
10/25/2006,3.4045,3.417,3.422,3.361,7.25K,-0.39%
10/24/2006,3.418,3.448,3.463,3.35,8.60K,-0.96%
10/23/2006,3.451,3.4625,3.48,3.405,6.54K,-0.32%
10/20/2006,3.462,3.5095,3.52,3.435,5.54K,-1.35%
10/19/2006,3.5095,3.489,3.52,3.475,4.78K,0.39%
10/18/2006,3.496,3.5,3.5295,3.465,4.95K,0.00%
10/17/2006,3.496,3.578,3.595,3.481,9.54K,-2.37%
10/16/2006,3.581,3.41,3.585,3.396,11.90K,4.91%
10/13/2006,3.4135,3.388,3.445,3.375,5.16K,0.80%
10/12/2006,3.3865,3.405,3.429,3.335,7.52K,-0.69%
10/11/2006,3.41,3.38,3.4325,3.3505,5.17K,0.95%
10/10/2006,3.378,3.418,3.4325,3.3625,5.97K,-1.03%
10/09/2006,3.413,3.4,3.45,3.3875,5.21K,0.72%
10/06/2006,3.3885,3.296,3.425,3.2925,9.86K,2.68%
10/05/2006,3.3,3.206,3.33,3.206,7.16K,2.95%
10/04/2006,3.2055,3.279,3.355,3.185,14.62K,-2.35%
10/03/2006,3.2825,3.4295,3.435,3.28,13.32K,-4.29%
10/02/2006,3.4295,3.4605,3.51,3.402,7.23K,-0.90%
09/29/2006,3.4605,3.43,3.485,3.41,8.22K,0.95%
09/28/2006,3.428,3.4865,3.5155,3.4,7.11K,-1.65%
09/27/2006,3.4855,3.476,3.52,3.445,0.14K,0.49%
09/26/2006,3.4685,3.457,3.485,3.43,0.23K,0.54%
09/25/2006,3.45,3.375,3.425,3.3725,0.24K,0.19%
09/22/2006,3.4435,3.43,3.465,3.42,0.10K,0.44%
09/21/2006,3.4285,3.3885,3.435,3.385,0.08K,1.62%
09/20/2006,3.374,3.37,3.385,3.305,0.37K,-0.07%
09/19/2006,3.3765,3.416,3.416,3.3775,0.08K,-1.16%
09/18/2006,3.416,3.345,3.42,3.345,0.04K,3.09%
09/15/2006,3.3135,3.345,3.369,3.29,0.10K,-1.91%
09/14/2006,3.378,3.4175,3.4175,3.38,0.04K,-0.35%
09/13/2006,3.39,3.395,3.44,3.35,0.20K,0.21%
09/12/2006,3.383,3.43,3.459,3.39,0.16K,-1.30%
09/11/2006,3.4275,3.45,3.45,3.43,0.15K,-4.09%
09/08/2006,3.5735,3.6495,3.6495,3.57,0.05K,-2.26%
09/07/2006,3.656,3.671,3.671,3.635,0.01K,-0.83%
09/06/2006,3.6865,3.63,3.675,3.625,0.14K,1.43%
09/05/2006,3.6345,3.4785,3.6525,3.4785,0.20K,4.77%
09/01/2006,3.469,3.472,3.4895,3.45,0.10K,0.23%
08/31/2006,3.461,3.456,3.475,3.445,0.03K,3.08%
08/30/2006,3.3575,3.3955,3.4275,3.36,0.03K,-0.93%
08/29/2006,3.389,3.455,3.455,3.3565,0.69K,-1.97%
08/28/2006,3.457,3.443,3.443,3.425,0.06K,0.42%
08/25/2006,3.4425,3.44,3.455,3.415,0.13K,0.41%
08/24/2006,3.4285,3.475,3.475,3.39,0.91K,-1.17%
08/23/2006,3.469,3.47,3.525,3.47,0.56K,-0.69%
08/22/2006,3.493,3.44,3.4975,3.44,0.28K,-0.61%
08/21/2006,3.5145,3.39,3.535,3.39,0.08K,2.63%
08/18/2006,3.4245,3.375,3.45,3.375,0.09K,2.45%
08/17/2006,3.3425,3.504,3.509,3.34,0.14K,-3.26%
08/16/2006,3.455,3.475,3.515,3.475,0.21K,-1.75%
08/15/2006,3.5165,3.51,3.515,3.47,0.40K,-0.30%
08/14/2006,3.527,3.4605,3.525,3.45,0.67K,1.92%
08/11/2006,3.4605,3.5935,3.63,3.405,0.17K,-4.14%
08/10/2006,3.61,3.69,3.69,3.605,0.07K,-2.22%
08/09/2006,3.692,3.5775,3.705,3.5625,0.12K,2.91%
08/08/2006,3.5875,3.585,3.6,3.5775,0.35K,-0.19%
08/07/2006,3.5945,3.61,3.635,3.61,0.45K,-0.55%
08/04/2006,3.6145,3.509,3.63,3.509,0.23K,4.15%
08/03/2006,3.4705,3.57,3.57,3.44,0.15K,-2.84%
08/02/2006,3.572,3.56,3.598,3.555,0.05K,-0.03%
08/01/2006,3.573,3.575,3.585,3.565,0.16K,0.65%
07/31/2006,3.55,3.53,3.53,3.513,0.11K,0.64%
07/28/2006,3.5275,3.49,3.53,3.435,0.13K,1.41%
07/27/2006,3.4785,3.445,3.51,3.429,6.09K,0.84%
07/26/2006,3.4495,3.461,3.462,3.38,5.26K,-0.33%
07/25/2006,3.461,3.375,3.475,3.35,6.00K,2.34%
07/24/2006,3.382,3.305,3.385,3.21,8.57K,1.78%
07/21/2006,3.323,3.405,3.46,3.2425,6.93K,-2.54%
07/20/2006,3.4095,3.595,3.619,3.38,7.46K,-5.12%
07/19/2006,3.5935,3.57,3.605,3.45,6.83K,0.53%
07/18/2006,3.5745,3.59,3.68,3.531,5.56K,-0.69%
07/17/2006,3.5995,3.7125,3.72,3.51,5.84K,-3.04%
07/14/2006,3.7125,3.673,3.725,3.6455,4.29K,0.98%
07/13/2006,3.6765,3.66,3.688,3.6145,5.13K,0.31%
07/12/2006,3.665,3.61,3.77,3.61,7.90K,0.83%
07/11/2006,3.635,3.5825,3.655,3.555,4.93K,1.47%
07/10/2006,3.5825,3.549,3.595,3.48,4.67K,0.99%
07/07/2006,3.5475,3.617,3.6195,3.536,4.82K,-1.92%
07/06/2006,3.617,3.395,3.635,3.37,9.54K,6.26%
07/05/2006,3.404,3.36,3.4395,3.345,6.18K,1.46%
07/03/2006,3.355,3.359,3.365,3.34,8.41K,0.00%
06/30/2006,3.355,3.305,3.455,3.305,1.14K,1.02%
06/29/2006,3.321,3.172,3.345,3.1355,10.01K,2.44%
06/28/2006,3.242,3.122,3.24,3.122,0.07K,3.48%
06/27/2006,3.133,3.252,3.252,3.1,1.20K,-4.57%
06/26/2006,3.283,3.1865,3.288,3.17,0.34K,2.48%
06/23/2006,3.2035,3.085,3.2075,3.085,0.19K,3.46%
06/22/2006,3.0965,3.255,3.2965,3.11,0.30K,-1.85%
06/21/2006,3.155,3.148,3.1575,3.125,0.08K,0.67%
06/20/2006,3.134,3.07,3.145,3.04,0.47K,0.24%
06/19/2006,3.1265,3.25,3.26,3.1,0.13K,-4.14%
06/16/2006,3.2615,3.211,3.265,3.22,0.53K,2.72%
06/15/2006,3.175,3.05,3.27,3.05,0.22K,5.10%
06/14/2006,3.021,2.989,3.04,2.948,1.13K,1.05%
06/13/2006,2.9895,3.188,3.188,2.98,0.09K,-6.97%
06/12/2006,3.2135,3.195,3.31,3.165,0.11K,-1.20%
06/09/2006,3.2525,3.417,3.425,3.23,0.44K,-2.68%
06/08/2006,3.342,3.57,3.57,3.35,0.48K,-6.31%
06/07/2006,3.567,3.4405,3.52,3.34,0.15K,2.87%
06/06/2006,3.4675,3.48,3.48,3.44,0.03K,-3.30%
06/05/2006,3.586,3.59,3.59,3.54,0.19K,0.46%
06/02/2006,3.5695,3.4805,3.565,3.4805,0.06K,3.34%
06/01/2006,3.454,3.565,3.58,3.33,0.37K,-4.23%
05/31/2006,3.6065,3.665,3.695,3.58,0.38K,-1.35%
05/30/2006,3.656,3.75,3.78,3.625,0.15K,-4.17%
05/26/2006,3.815,3.7,3.82,3.66,6.06K,2.90%
05/25/2006,3.7075,3.634,3.77,3.52,6.42K,1.88%
05/24/2006,3.639,3.86,3.875,3.54,10.20K,-6.34%
05/23/2006,3.8855,3.45,3.895,3.39,10.76K,12.25%
05/22/2006,3.4615,3.45,3.505,3.276,9.87K,-0.22%
05/19/2006,3.469,3.655,3.718,3.43,9.59K,-6.52%
05/18/2006,3.711,3.66,3.74,3.565,5.87K,1.08%
05/17/2006,3.6715,3.839,3.896,3.642,10.30K,-4.44%
05/16/2006,3.842,3.729,3.845,3.55,7.27K,2.55%
05/15/2006,3.7465,3.864,3.92,3.464,8.91K,-3.04%
05/12/2006,3.864,3.93,3.949,3.808,9.02K,-1.50%
05/11/2006,3.923,3.688,4.04,3.678,11.07K,6.37%
05/10/2006,3.688,3.596,3.704,3.595,8.12K,2.56%
05/09/2006,3.596,3.4895,3.6,3.487,10.81K,2.70%
05/08/2006,3.5015,3.495,3.538,3.4115,6.82K,0.23%
05/05/2006,3.4935,3.477,3.555,3.45,7.40K,0.40%
05/04/2006,3.4795,3.2985,3.505,3.2735,11.14K,5.28%
05/03/2006,3.305,3.2705,3.31,3.215,6.66K,0.87%
05/02/2006,3.2765,3.33,3.34,3.23,8.46K,-1.33%
05/01/2006,3.3205,3.249,3.325,3.2,4.97K,3.11%
04/28/2006,3.2205,3.185,3.29,3.171,9.81K,1.24%
04/27/2006,3.181,3.314,3.3455,3.16,12.47K,-5.36%
04/26/2006,3.361,3.314,3.377,3.277,1.49K,1.77%
04/25/2006,3.3025,3.094,3.304,3.066,1.69K,6.39%
04/24/2006,3.104,3.13,3.15,3.09,0.98K,-0.93%
04/21/2006,3.133,2.938,3.135,2.895,0.26K,6.15%
04/20/2006,2.9515,2.94,2.955,2.83,0.16K,0.07%
04/19/2006,2.9495,2.97,2.9865,2.915,0.85K,-0.49%
04/18/2006,2.964,2.8965,2.96,2.896,0.24K,2.45%
04/17/2006,2.893,2.898,2.919,2.8695,0.29K,2.90%
04/13/2006,2.8115,2.7685,2.816,2.7685,0.37K,1.52%
04/12/2006,2.7695,2.718,2.783,2.7,0.08K,1.80%
04/11/2006,2.7205,2.726,2.726,2.705,0.50K,0.46%
04/10/2006,2.708,2.647,2.7085,2.647,0.29K,2.61%
04/07/2006,2.639,2.638,2.641,2.59,0.21K,-0.19%
04/06/2006,2.644,2.619,2.644,2.617,0.46K,1.97%
04/05/2006,2.593,2.5515,2.593,2.5515,0.02K,2.43%
04/04/2006,2.5315,2.5435,2.548,2.527,0.12K,-0.47%
04/03/2006,2.5435,2.457,2.55,2.519,0.15K,3.44%
03/31/2006,2.459,2.5,2.5,2.448,0.07K,-0.79%
03/30/2006,2.4785,2.439,2.483,2.439,0.07K,1.64%
03/29/2006,2.4385,2.436,2.452,2.407,8.67K,0.41%
03/28/2006,2.4285,2.428,2.437,2.4165,7.95K,-0.06%
03/27/2006,2.43,2.401,2.438,2.389,9.13K,1.48%
03/24/2006,2.3945,2.397,2.412,2.381,7.96K,-0.15%
03/23/2006,2.398,2.337,2.399,2.335,9.83K,2.52%
03/22/2006,2.339,2.326,2.351,2.3165,8.07K,0.65%
03/21/2006,2.324,2.334,2.375,2.323,7.63K,-0.43%
03/20/2006,2.334,2.4,2.4,2.333,8.99K,-1.10%
03/17/2006,2.36,2.265,2.363,2.2625,14.80K,4.17%
03/16/2006,2.2655,2.249,2.272,2.2325,7.11K,0.67%
03/15/2006,2.2505,2.2525,2.284,2.2445,8.24K,-0.16%
03/14/2006,2.254,2.245,2.261,2.215,7.96K,0.38%
03/13/2006,2.2455,2.2075,2.25,2.205,5.63K,1.61%
03/10/2006,2.21,2.196,2.213,2.155,9.19K,0.66%
03/09/2006,2.1955,2.16,2.208,2.16,6.36K,1.48%
03/08/2006,2.1635,2.172,2.18,2.138,10.20K,-0.62%
03/07/2006,2.177,2.198,2.208,2.156,13.45K,-0.89%
03/06/2006,2.1965,2.262,2.265,2.186,8.47K,-2.98%
03/03/2006,2.264,2.2695,2.28,2.259,6.02K,-0.15%
03/02/2006,2.2675,2.235,2.273,2.218,8.96K,1.43%
03/01/2006,2.2355,2.1775,2.24,2.167,9.80K,2.62%
02/28/2006,2.1785,2.13,2.192,2.118,10.07K,2.25%
02/27/2006,2.1305,2.209,2.215,2.117,16.36K,-3.62%
02/24/2006,2.2105,2.2035,2.233,2.201,0.93K,0.27%
02/23/2006,2.2045,2.223,2.24,2.213,0.72K,-2.56%
02/22/2006,2.2625,2.2545,2.269,2.242,0.16K,-0.26%
02/21/2006,2.2685,2.2285,2.267,2.2215,0.74K,3.42%
02/17/2006,2.1935,2.228,2.234,2.203,0.05K,-0.81%
02/16/2006,2.2115,2.178,2.215,2.125,0.13K,1.54%
02/15/2006,2.178,2.252,2.252,2.181,0.21K,-3.48%
02/14/2006,2.2565,2.22,2.258,2.22,0.07K,1.37%
02/13/2006,2.226,2.227,2.234,2.224,0.10K,0.52%
02/10/2006,2.2145,2.264,2.267,2.176,0.26K,-3.47%
02/09/2006,2.294,2.285,2.3025,2.285,0.05K,1.33%
02/08/2006,2.264,2.27,2.28,2.24,0.22K,-0.20%
02/07/2006,2.2685,2.315,2.316,2.272,0.13K,-2.18%
02/06/2006,2.319,2.3075,2.32,2.288,0.07K,1.02%
02/03/2006,2.2955,2.2945,2.2945,2.285,0.12K,0.00%
02/02/2006,2.2955,2.249,2.29,2.244,0.19K,2.57%
02/01/2006,2.238,2.219,2.233,2.219,0.06K,1.02%
01/31/2006,2.2155,2.207,2.209,2.205,0.06K,-0.05%
01/30/2006,2.2165,2.21,2.2165,2.208,0.19K,-0.74%
01/27/2006,2.233,2.2005,2.2375,2.196,8.64K,1.43%
01/26/2006,2.2015,2.2025,2.2175,2.191,7.82K,-0.09%
01/25/2006,2.2035,2.153,2.204,2.1475,13.54K,2.37%
01/24/2006,2.1525,2.1205,2.153,2.101,13.28K,1.56%
01/23/2006,2.1195,2.09,2.125,2.083,7.50K,1.41%
01/20/2006,2.09,2.11,2.122,2.0825,0.97K,-0.99%
01/19/2006,2.111,2.117,2.13,2.105,6.21K,-0.42%
01/18/2006,2.12,2.108,2.1295,2.08,7.28K,0.43%
01/17/2006,2.111,2.11,2.125,2.0915,6.36K,-0.07%
01/13/2006,2.1125,2.114,2.1205,2.088,7.80K,1.20%
01/12/2006,2.0875,2.095,2.103,2.08,6.65K,-0.36%
01/11/2006,2.095,2.106,2.1125,2.094,5.39K,-0.57%
01/10/2006,2.107,2.102,2.122,2.091,8.08K,0.48%
01/09/2006,2.097,2.0805,2.12,2.08,9.71K,0.53%
01/06/2006,2.086,2.0625,2.095,2.04,8.70K,1.24%
01/05/2006,2.0605,2.0975,2.0985,2.058,9.18K,-1.76%
01/04/2006,2.0975,2.048,2.11,2.045,11.04K,2.39%
01/03/2006,2.0485,2.0345,2.053,2.0025,9.97K,0.32%
12/30/2005,2.042,2.035,2.055,2.03,6.61K,-0.17%
12/29/2005,2.0455,2.0675,2.069,2.026,7.10K,-3.92%
12/28/2005,2.129,2.13,2.13,2.118,0.30K,0.07%
12/27/2005,2.1275,2.12,2.128,2.12,0.28K,1.09%
12/23/2005,2.1045,2.085,2.092,2.085,0.20K,1.62%
12/22/2005,2.071,2.062,2.062,2.0535,0.09K,0.53%
12/21/2005,2.06,2.062,2.062,2.051,0.47K,-0.10%
12/20/2005,2.062,2.061,2.064,2.055,0.04K,0.39%
12/19/2005,2.054,2.0705,2.074,2.055,0.11K,-0.75%
12/16/2005,2.0695,2.029,2.074,2.029,0.05K,1.40%
12/15/2005,2.041,2.034,2.052,2.034,0.12K,1.57%
12/14/2005,2.0095,2.076,2.076,2.005,0.11K,-2.76%
12/13/2005,2.0665,2.023,2.07,2.023,0.06K,2.00%
12/12/2005,2.026,2.067,2.068,2.026,0.03K,-2.13%
12/09/2005,2.07,2.07,2.07,2.068,0.10K,0.15%
12/08/2005,2.067,2.068,2.07,2.065,0.04K,-0.22%
12/07/2005,2.0715,2.048,2.072,2.048,0.04K,2.45%
12/06/2005,2.022,2.007,2.03,2.007,0.05K,-1.15%
12/05/2005,2.0455,2.042,2.042,2.04,0.08K,1.21%
12/02/2005,2.021,2.0385,2.05,2.02,0.24K,-0.91%
12/01/2005,2.0395,1.966,2.034,1.951,0.40K,3.76%
11/30/2005,1.9655,1.962,1.968,1.9575,0.08K,0.79%
11/29/2005,1.95,1.941,1.962,1.941,0.20K,-1.66%
11/28/2005,1.983,1.93,1.98,1.93,0.37K,2.80%
11/23/2005,1.929,1.8925,1.925,1.873,0.60K,1.55%
11/22/2005,1.8995,1.96,1.96,1.89,0.97K,-3.14%
11/21/2005,1.961,1.947,1.964,1.941,0.54K,-0.15%
11/18/2005,1.964,1.962,1.97,1.957,0.24K,1.71%
11/17/2005,1.931,1.9215,1.936,1.9,0.38K,0.47%
11/16/2005,1.922,1.913,1.926,1.899,0.72K,0.16%
11/15/2005,1.919,1.9,1.92,1.9,0.20K,0.97%
11/14/2005,1.9005,1.89,1.912,1.89,0.16K,0.56%
11/11/2005,1.89,1.85,1.8845,1.85,0.93K,1.89%
11/10/2005,1.855,1.828,1.858,1.828,0.92K,2.18%
11/09/2005,1.8155,1.817,1.824,1.815,0.34K,-0.36%
11/08/2005,1.822,1.814,1.814,1.814,0.31K,-0.52%
11/07/2005,1.8315,1.824,1.824,1.824,0.38K,0.14%
11/04/2005,1.829,1.8215,1.829,1.8215,0.08K,1.05%
11/03/2005,1.81,1.805,1.812,1.805,0.40K,-0.14%
11/02/2005,1.8125,1.8,1.815,1.7895,0.31K,0.75%
11/01/2005,1.799,1.774,1.798,1.774,0.42K,0.39%
10/31/2005,1.792,1.79,1.808,1.79,0.64K,-0.55%
10/28/2005,1.802,1.784,1.798,1.761,0.60K,-0.11%
10/27/2005,1.804,1.8165,1.8285,1.795,8.95K,-0.77%
10/26/2005,1.818,1.824,1.845,1.782,12.45K,-0.36%
10/25/2005,1.8245,1.7845,1.825,1.77,8.16K,2.24%
10/24/2005,1.7845,1.7945,1.805,1.75,7.26K,-0.47%
10/21/2005,1.793,1.794,1.798,1.7225,22.35K,0.00%
10/20/2005,1.793,1.8065,1.858,1.79,14.81K,-0.72%
10/19/2005,1.806,1.825,1.8255,1.7885,10.00K,-1.07%
10/18/2005,1.8255,1.82,1.835,1.809,7.47K,0.25%
10/17/2005,1.821,1.76,1.832,1.7565,11.83K,3.67%
10/14/2005,1.7565,1.7705,1.778,1.737,13.10K,-0.48%
10/13/2005,1.765,1.794,1.81,1.761,10.21K,-1.59%
10/12/2005,1.7935,1.8335,1.838,1.792,9.31K,-2.26%
10/11/2005,1.835,1.805,1.8365,1.803,7.15K,1.61%
10/10/2005,1.806,1.808,1.823,1.805,5.78K,-0.14%
10/07/2005,1.8085,1.783,1.809,1.776,6.70K,1.43%
10/06/2005,1.783,1.7865,1.791,1.772,6.60K,-0.20%
10/05/2005,1.7865,1.766,1.789,1.756,6.88K,1.16%
10/04/2005,1.766,1.759,1.768,1.75,5.44K,0.40%
10/03/2005,1.759,1.7345,1.76,1.7225,7.82K,1.82%
09/30/2005,1.7275,1.738,1.747,1.72,7.74K,-0.69%
09/29/2005,1.7395,1.75,1.7535,1.733,6.62K,-2.44%
09/28/2005,1.783,1.7695,1.783,1.758,0.46K,1.19%
09/27/2005,1.762,1.754,1.765,1.754,1.00K,-0.48%
09/26/2005,1.7705,1.7285,1.764,1.7285,0.66K,2.31%
09/23/2005,1.7305,1.75,1.75,1.728,0.04K,-0.66%
09/22/2005,1.742,1.75,1.75,1.742,0.09K,0.32%
09/21/2005,1.7365,1.696,1.737,1.696,0.04K,2.39%
09/20/2005,1.696,1.696,1.696,1.696,0.01K,0.62%
09/19/2005,1.6855,1.625,1.687,1.625,0.76K,3.91%
09/16/2005,1.622,1.629,1.629,1.609,0.46K,-0.58%
09/15/2005,1.6315,1.626,1.636,1.62,0.04K,-0.34%
09/14/2005,1.637,1.6515,1.6515,1.639,0.07K,-0.94%
09/13/2005,1.6525,1.65,1.658,1.647,0.03K,-1.11%
09/12/2005,1.671,1.64,1.667,1.64,0.05K,2.77%
09/09/2005,1.626,1.635,1.636,1.619,0.20K,-1.12%
09/08/2005,1.6445,1.672,1.672,1.644,0.05K,-1.70%
09/07/2005,1.673,1.673,1.685,1.67,0.09K,-0.80%
09/06/2005,1.6865,1.707,1.707,1.707,0.01K,-0.79%
09/02/2005,1.7,1.666,1.71,1.666,0.02K,1.55%
09/01/2005,1.674,1.6435,1.675,1.6435,0.23K,0.36%
08/31/2005,1.668,1.672,1.673,1.64,0.05K,0.00%
08/30/2005,1.668,1.664,1.671,1.66,0.04K,0.27%
08/29/2005,1.6635,1.68,1.694,1.673,0.67K,-1.16%
08/26/2005,1.683,1.666,1.685,1.661,0.24K,2.68%
08/25/2005,1.639,1.657,1.66,1.6355,0.30K,-1.03%
08/24/2005,1.656,1.6625,1.671,1.645,0.89K,-1.31%
08/23/2005,1.678,1.673,1.685,1.659,0.24K,0.36%
08/22/2005,1.672,1.651,1.666,1.648,0.75K,1.92%
08/19/2005,1.6405,1.626,1.643,1.626,0.14K,-0.06%
08/18/2005,1.6415,1.635,1.665,1.635,0.12K,0.15%
08/17/2005,1.639,1.6925,1.6925,1.625,0.25K,-3.16%
08/16/2005,1.6925,1.685,1.698,1.679,0.20K,0.45%
08/15/2005,1.685,1.667,1.672,1.656,0.10K,1.84%
08/12/2005,1.6545,1.65,1.65,1.65,0.10K,1.57%
08/11/2005,1.629,1.622,1.622,1.622,0.02K,0.65%
08/10/2005,1.6185,1.605,1.616,1.605,0.03K,1.63%
08/09/2005,1.5925,1.609,1.609,1.588,0.20K,-2.21%
08/08/2005,1.6285,1.629,1.629,1.625,0.01K,-0.15%
08/05/2005,1.631,1.628,1.635,1.628,0.10K,-0.15%
08/04/2005,1.6335,1.64,1.64,1.631,0.14K,-1.03%
08/03/2005,1.6505,1.64,1.65,1.635,0.09K,0.55%
08/02/2005,1.6415,1.631,1.643,1.628,0.12K,-0.03%
08/01/2005,1.642,1.62,1.635,1.613,0.12K,1.20%
07/29/2005,1.6225,1.624,1.624,1.61,0.04K,-0.03%
07/28/2005,1.623,1.602,1.615,1.602,0.03K,-0.25%
07/27/2005,1.627,1.606,1.635,1.601,11.08K,1.31%
07/26/2005,1.606,1.6155,1.6205,1.6025,6.82K,-0.74%
07/25/2005,1.618,1.6015,1.6195,1.601,7.67K,0.90%
07/22/2005,1.6035,1.575,1.6115,1.57,9.59K,2.13%
07/21/2005,1.57,1.591,1.606,1.567,10.17K,-1.35%
07/20/2005,1.5915,1.585,1.597,1.576,5.72K,0.32%
07/19/2005,1.5865,1.569,1.5875,1.557,6.46K,1.28%
07/18/2005,1.5665,1.561,1.589,1.5585,7.69K,0.29%
07/15/2005,1.562,1.547,1.567,1.543,4.90K,0.97%
07/14/2005,1.547,1.5495,1.575,1.543,8.44K,-0.16%
07/13/2005,1.5495,1.539,1.5695,1.535,8.74K,0.68%
07/12/2005,1.539,1.562,1.568,1.525,6.95K,-1.41%
07/11/2005,1.561,1.558,1.582,1.547,9.13K,0.32%
07/08/2005,1.556,1.535,1.566,1.528,6.90K,1.34%
07/07/2005,1.5355,1.528,1.5425,1.506,5.83K,0.36%
07/06/2005,1.53,1.513,1.5385,1.506,6.61K,1.39%
07/05/2005,1.509,1.4785,1.512,1.4735,8.33K,2.41%
07/01/2005,1.4735,1.4735,1.526,1.46,18.67K,-2.42%
06/30/2005,1.51,1.558,1.574,1.505,13.70K,-3.33%
06/29/2005,1.562,1.55,1.564,1.526,8.32K,-1.01%
06/28/2005,1.578,1.587,1.587,1.57,0.50K,-0.57%
06/27/2005,1.587,1.578,1.583,1.578,0.13K,0.41%
06/24/2005,1.5805,1.575,1.578,1.567,0.16K,1.31%
06/23/2005,1.56,1.5485,1.562,1.53,0.14K,-0.54%
06/22/2005,1.5685,1.558,1.57,1.55,0.62K,-0.76%
06/21/2005,1.5805,1.57,1.5805,1.557,0.30K,0.57%
06/20/2005,1.5715,1.575,1.575,1.563,0.08K,-0.66%
06/17/2005,1.582,1.576,1.584,1.573,0.04K,2.13%
06/16/2005,1.549,1.524,1.548,1.524,0.17K,1.34%
06/15/2005,1.5285,1.525,1.525,1.524,0.04K,1.36%
06/14/2005,1.508,1.526,1.526,1.504,0.92K,-0.59%
06/13/2005,1.517,1.5315,1.535,1.505,0.15K,-1.08%
06/10/2005,1.5335,1.518,1.53,1.518,0.18K,1.09%
06/09/2005,1.517,1.512,1.524,1.502,0.02K,-0.13%
06/08/2005,1.519,1.5015,1.511,1.5015,0.01K,0.20%
06/07/2005,1.516,1.523,1.523,1.522,0.07K,-0.85%
06/06/2005,1.529,1.535,1.535,1.522,0.14K,0.43%
06/03/2005,1.5225,1.525,1.525,1.512,0.09K,2.63%
06/02/2005,1.4835,1.46,1.49,1.46,0.25K,2.35%
06/01/2005,1.4495,1.4115,1.46,1.41,0.26K,1.90%
05/31/2005,1.4225,1.408,1.41,1.408,0.04K,0.42%
05/27/2005,1.4165,1.423,1.423,1.415,0.07K,-2.28%
05/26/2005,1.4495,1.4175,1.455,1.408,17.48K,2.11%
05/25/2005,1.4195,1.4065,1.42,1.402,8.33K,1.03%
05/24/2005,1.405,1.389,1.416,1.386,10.07K,1.19%
05/23/2005,1.3885,1.37,1.395,1.358,10.63K,0.98%
05/20/2005,1.375,1.36,1.379,1.353,6.95K,0.88%
05/19/2005,1.363,1.374,1.381,1.361,6.90K,-0.94%
05/18/2005,1.376,1.3485,1.378,1.346,10.01K,2.04%
05/17/2005,1.3485,1.351,1.362,1.331,9.55K,0.19%
05/16/2005,1.346,1.3585,1.3605,1.33,13.41K,-0.48%
05/13/2005,1.3525,1.382,1.385,1.344,19.29K,-1.71%
05/12/2005,1.376,1.442,1.442,1.371,23.18K,-4.61%
05/11/2005,1.4425,1.456,1.458,1.433,6.60K,-1.00%
05/10/2005,1.457,1.447,1.46,1.4425,5.73K,0.73%
05/09/2005,1.4465,1.4365,1.462,1.435,7.57K,0.38%
05/06/2005,1.441,1.433,1.45,1.426,6.50K,0.77%
05/05/2005,1.43,1.43,1.442,1.416,10.18K,0.07%
05/04/2005,1.429,1.441,1.455,1.409,13.45K,-1.00%
05/03/2005,1.4435,1.452,1.455,1.432,7.45K,-0.79%
05/02/2005,1.455,1.4595,1.4625,1.438,6.02K,-0.61%
04/29/2005,1.464,1.439,1.4685,1.43,7.55K,1.39%
04/28/2005,1.444,1.44,1.447,1.425,12.04K,-0.72%
04/27/2005,1.4545,1.4625,1.465,1.432,1.64K,-0.72%
04/26/2005,1.465,1.49,1.49,1.462,0.40K,-1.55%
04/25/2005,1.488,1.464,1.486,1.46,0.67K,0.07%
04/22/2005,1.487,1.48,1.495,1.48,0.11K,0.30%
04/21/2005,1.4825,1.5005,1.5005,1.4705,0.43K,-1.66%
04/20/2005,1.5075,1.485,1.509,1.483,0.12K,2.52%
04/19/2005,1.4705,1.4525,1.469,1.4525,0.20K,1.84%
04/18/2005,1.444,1.444,1.444,1.431,0.32K,0.00%
04/15/2005,1.444,1.4275,1.451,1.422,0.19K,1.16%
04/14/2005,1.4275,1.448,1.451,1.41,0.39K,-2.06%
04/13/2005,1.4575,1.47,1.47,1.447,0.33K,-2.31%
04/12/2005,1.492,1.525,1.529,1.49,0.09K,-1.87%
04/11/2005,1.5205,1.516,1.52,1.516,0.10K,1.10%
04/08/2005,1.504,1.503,1.503,1.5,0.01K,0.07%
04/07/2005,1.503,1.503,1.507,1.503,0.01K,-0.07%
04/06/2005,1.504,1.495,1.504,1.486,0.01K,1.59%
04/05/2005,1.4805,1.469,1.476,1.469,0.01K,-0.70%
04/04/2005,1.491,1.478,1.491,1.47,0.02K,0.71%
04/01/2005,1.4805,1.485,1.489,1.473,0.05K,-1.10%
03/31/2005,1.497,1.51,1.51,1.494,0.06K,0.67%
03/30/2005,1.487,1.471,1.471,1.471,0.01K,1.12%
03/29/2005,1.4705,1.455,1.478,1.451,9.73K,1.10%
03/28/2005,1.4545,1.46,1.4665,1.4485,5.03K,0.07%
03/24/2005,1.4535,1.451,1.467,1.442,9.36K,0.62%
03/23/2005,1.4445,1.496,1.5,1.443,23.20K,-3.54%
03/22/2005,1.4975,1.49,1.508,1.484,9.76K,0.57%
03/21/2005,1.489,1.507,1.5125,1.472,9.75K,-1.19%
03/18/2005,1.507,1.5045,1.519,1.487,9.68K,0.17%
03/17/2005,1.5045,1.506,1.51,1.4925,6.35K,-0.10%
03/16/2005,1.506,1.489,1.514,1.483,10.28K,1.04%
03/15/2005,1.4905,1.47,1.505,1.465,0.04K,1.36%
03/14/2005,1.4705,1.476,1.486,1.455,10.13K,-0.57%
03/11/2005,1.479,1.495,1.495,1.456,9.91K,-1.14%
03/10/2005,1.496,1.5035,1.508,1.475,10.19K,-0.50%
03/09/2005,1.5035,1.498,1.51,1.477,7.29K,0.27%
03/08/2005,1.4995,1.4935,1.521,1.4885,8.77K,0.20%
03/07/2005,1.4965,1.494,1.504,1.482,6.52K,0.17%
03/04/2005,1.494,1.474,1.507,1.465,8.57K,1.22%
03/03/2005,1.476,1.476,1.486,1.464,6.02K,-0.07%
03/02/2005,1.477,1.464,1.483,1.442,8.86K,0.85%
03/01/2005,1.4645,1.5,1.5,1.458,8.15K,-2.27%
02/28/2005,1.4985,1.4825,1.508,1.475,8.68K,0.84%
02/25/2005,1.486,1.48,1.487,1.444,12.32K,0.13%
02/24/2005,1.484,1.476,1.476,1.462,0.19K,-0.93%
02/23/2005,1.498,1.481,1.498,1.476,0.07K,0.47%
02/22/2005,1.491,1.4965,1.503,1.48,0.47K,0.03%
02/18/2005,1.4905,1.482,1.492,1.482,0.10K,0.03%
02/17/2005,1.49,1.442,1.495,1.436,0.25K,3.15%
02/16/2005,1.4445,1.437,1.443,1.428,0.05K,-0.58%
02/15/2005,1.453,1.455,1.455,1.455,1.24K,1.29%
02/14/2005,1.4345,1.435,1.435,1.435,0.00K,1.20%
02/11/2005,1.4175,1.416,1.418,1.416,0.01K,-0.18%
02/10/2005,1.42,1.393,1.42,1.39,0.01K,2.75%
02/09/2005,1.382,1.371,1.375,1.371,0.04K,-0.07%
02/08/2005,1.383,1.378,1.378,1.378,0.06K,0.07%
02/07/2005,1.382,1.379,1.392,1.379,0.20K,0.99%
02/04/2005,1.3685,1.3825,1.3825,1.369,0.06K,-0.87%
02/03/2005,1.3805,1.367,1.377,1.367,0.05K,-0.29%
02/02/2005,1.3845,1.38,1.384,1.38,0.05K,-1.49%
02/01/2005,1.4055,1.4,1.407,1.396,0.12K,-1.09%
01/31/2005,1.421,1.421,1.421,1.41,0.03K,-0.14%
01/28/2005,1.423,1.42,1.42,1.418,0.06K,-0.28%
01/27/2005,1.427,1.433,1.438,1.413,8.54K,-0.59%
01/26/2005,1.4355,1.427,1.437,1.412,5.80K,0.45%
01/25/2005,1.429,1.427,1.436,1.41,6.63K,-0.07%
01/24/2005,1.43,1.435,1.451,1.424,5.02K,-0.31%
01/21/2005,1.4345,1.4135,1.44,1.411,9.19K,1.38%
01/20/2005,1.415,1.4045,1.415,1.397,4.76K,0.39%
01/19/2005,1.4095,1.4,1.423,1.4,8.63K,0.57%
01/18/2005,1.4015,1.399,1.405,1.372,6.39K,0.18%
01/14/2005,1.399,1.399,1.4,1.378,4.27K,1.30%
01/13/2005,1.381,1.4025,1.404,1.376,5.84K,-1.64%
01/12/2005,1.404,1.4,1.414,1.3905,5.80K,0.50%
01/11/2005,1.397,1.37,1.405,1.369,6.72K,2.01%
01/10/2005,1.3695,1.368,1.378,1.36,4.46K,-0.04%
01/07/2005,1.37,1.375,1.388,1.3655,7.14K,-0.36%
01/06/2005,1.375,1.375,1.389,1.361,7.85K,0.00%
01/05/2005,1.375,1.348,1.375,1.3375,9.50K,2.38%
01/04/2005,1.343,1.4725,1.4725,1.3235,28.71K,-8.86%
01/03/2005,1.4735,1.4565,1.4775,1.439,10.31K,1.45%
12/30/2004,1.4525,1.445,1.455,1.44,3.70K,0.52%
12/29/2004,1.445,1.451,1.453,1.433,7.89K,-1.83%
12/28/2004,1.472,1.4565,1.472,1.4565,0.33K,1.06%
12/27/2004,1.4565,1.441,1.453,1.44,0.21K,1.32%
12/23/2004,1.4375,1.422,1.429,1.422,0.14K,0.91%
12/22/2004,1.4245,1.465,1.467,1.425,0.26K,-2.26%
12/21/2004,1.4575,1.424,1.457,1.424,0.23K,1.75%
12/20/2004,1.4325,1.422,1.433,1.419,0.18K,1.49%
12/17/2004,1.4115,1.413,1.413,1.405,0.14K,0.68%
12/16/2004,1.402,1.41,1.412,1.4,0.09K,0.18%
12/15/2004,1.3995,1.384,1.398,1.382,0.02K,1.56%
12/14/2004,1.378,1.374,1.375,1.374,0.22K,0.66%
12/13/2004,1.369,1.37,1.37,1.366,0.06K,2.24%
12/10/2004,1.339,1.3295,1.342,1.3295,0.08K,0.71%
12/09/2004,1.3295,1.315,1.327,1.315,0.17K,0.15%
12/08/2004,1.3275,1.32,1.3265,1.32,0.18K,-2.68%
12/07/2004,1.364,1.391,1.391,1.3625,0.03K,-2.15%
12/06/2004,1.394,1.382,1.396,1.382,0.01K,-0.50%
12/03/2004,1.401,1.383,1.401,1.38,0.10K,0.97%
12/02/2004,1.3875,1.422,1.425,1.382,0.34K,-4.11%
12/01/2004,1.447,1.436,1.446,1.4335,0.21K,0.56%
11/30/2004,1.439,1.4415,1.4415,1.435,0.32K,-0.31%
11/29/2004,1.4435,1.443,1.446,1.4395,0.49K,0.52%
11/24/2004,1.436,1.43,1.434,1.4275,0.52K,1.31%
11/23/2004,1.4175,1.409,1.423,1.409,0.50K,0.60%
11/22/2004,1.409,1.41,1.41,1.399,0.30K,-1.05%
11/19/2004,1.424,1.414,1.426,1.414,0.33K,0.49%
11/18/2004,1.417,1.42,1.42,1.418,0.18K,1.21%
11/17/2004,1.4,1.364,1.4,1.364,0.18K,2.79%
11/16/2004,1.362,1.355,1.364,1.355,0.18K,-1.63%
11/15/2004,1.3845,1.389,1.389,1.375,0.01K,-0.57%
11/12/2004,1.3925,1.367,1.392,1.367,0.17K,1.75%
11/11/2004,1.3685,1.3605,1.3785,1.3605,0.23K,0.77%
11/10/2004,1.358,1.358,1.358,1.358,0.06K,-0.91%
11/09/2004,1.3705,1.356,1.369,1.356,0.07K,1.03%
11/08/2004,1.3565,1.369,1.369,1.362,0.12K,-0.07%
11/05/2004,1.3575,1.343,1.362,1.343,0.29K,1.19%
11/04/2004,1.3415,1.346,1.346,1.346,0.06K,1.25%
11/03/2004,1.325,1.325,1.325,1.325,0.00K,0.72%
11/02/2004,1.3155,1.316,1.316,1.316,0.01K,1.00%
11/01/2004,1.3025,1.304,1.304,1.304,0.00K,-2.25%
10/29/2004,1.3325,1.308,1.334,1.307,0.02K,6.73%
10/28/2004,1.2485,1.25,1.26,1.25,0.10K,-3.07%
10/27/2004,1.288,1.277,1.295,1.275,5.04K,0.51%
10/26/2004,1.2815,1.276,1.293,1.271,4.08K,0.39%
10/25/2004,1.2765,1.3055,1.316,1.2565,8.35K,-2.22%
10/22/2004,1.3055,1.309,1.321,1.28,5.30K,-0.61%
10/21/2004,1.3135,1.3,1.321,1.293,6.14K,0.92%
10/20/2004,1.3015,1.297,1.307,1.265,9.09K,0.35%
10/19/2004,1.297,1.28,1.308,1.28,5.94K,1.01%
10/18/2004,1.284,1.3075,1.3125,1.27,9.10K,-1.91%
10/15/2004,1.309,1.272,1.314,1.27,11.16K,3.11%
10/14/2004,1.2695,1.2895,1.303,1.248,20.13K,-1.44%
10/13/2004,1.288,1.448,1.448,1.27,30.46K,-11.05%
10/12/2004,1.448,1.467,1.469,1.423,7.40K,-1.40%
10/11/2004,1.4685,1.469,1.48,1.46,4.79K,-0.07%
10/08/2004,1.4695,1.4275,1.482,1.4235,11.03K,2.94%
10/07/2004,1.4275,1.422,1.4385,1.4195,4.38K,0.32%
10/06/2004,1.423,1.401,1.428,1.3955,7.97K,1.53%
10/05/2004,1.4015,1.397,1.405,1.389,6.27K,0.32%
10/04/2004,1.397,1.4035,1.408,1.381,5.48K,-0.50%
10/01/2004,1.404,1.393,1.404,1.385,7.41K,0.57%
09/30/2004,1.396,1.392,1.408,1.3805,10.58K,0.22%
09/29/2004,1.393,1.37,1.396,1.362,9.82K,1.60%
09/28/2004,1.371,1.3725,1.3735,1.3635,0.29K,-0.58%
09/27/2004,1.379,1.371,1.3815,1.371,0.15K,1.58%
09/24/2004,1.3575,1.359,1.359,1.349,0.15K,-0.11%
09/23/2004,1.359,1.352,1.358,1.352,0.17K,-0.84%
09/22/2004,1.3705,1.346,1.372,1.346,0.05K,2.16%
09/21/2004,1.3415,1.336,1.35,1.336,0.68K,1.71%
09/20/2004,1.319,1.314,1.314,1.314,0.02K,1.38%
09/17/2004,1.301,1.299,1.301,1.299,0.04K,0.08%
09/16/2004,1.3,1.27,1.3,1.27,0.04K,2.36%
09/15/2004,1.27,1.2795,1.2795,1.2715,0.28K,-0.74%
09/14/2004,1.2795,1.275,1.276,1.275,0.05K,-0.43%
09/13/2004,1.285,1.285,1.2805,1.28,0.01K,0.35%
09/10/2004,1.2805,1.287,1.287,1.287,0.02K,1.27%
09/09/2004,1.2645,1.263,1.263,1.263,0.32K,0.60%
09/08/2004,1.257,1.257,1.258,1.257,0.01K,-1.18%
09/07/2004,1.272,1.24,1.2725,1.239,0.02K,2.62%
09/03/2004,1.2395,1.242,1.242,1.225,0.12K,-0.68%
09/02/2004,1.248,1.265,1.265,1.245,0.01K,-2.27%
09/01/2004,1.277,1.2785,1.2785,1.274,0.15K,-0.35%
08/31/2004,1.2815,1.265,1.27,1.265,0.42K,1.30%
08/30/2004,1.265,1.265,1.265,1.265,0.00K,0.32%
08/27/2004,1.261,1.266,1.266,1.259,0.36K,0.72%
08/26/2004,1.252,1.249,1.259,1.248,0.08K,0.85%
08/25/2004,1.2415,1.227,1.254,1.242,0.23K,0.04%
08/24/2004,1.241,1.254,1.254,1.242,0.08K,-0.04%
08/23/2004,1.2415,1.26,1.26,1.232,0.19K,-1.97%
08/20/2004,1.2665,1.267,1.276,1.265,0.15K,-1.78%
08/19/2004,1.2895,1.275,1.289,1.267,0.04K,1.66%
08/18/2004,1.2685,1.26,1.262,1.26,0.03K,-2.65%
08/17/2004,1.303,1.306,1.307,1.295,0.20K,-0.53%
08/16/2004,1.31,1.311,1.311,1.305,0.06K,-0.15%
08/13/2004,1.312,1.305,1.315,1.297,0.04K,3.80%
08/12/2004,1.264,1.276,1.276,1.267,0.13K,-0.39%
08/11/2004,1.269,1.269,1.269,1.269,0.01K,1.20%
08/10/2004,1.254,1.25,1.251,1.247,0.21K,1.25%
08/09/2004,1.2385,1.252,1.252,1.233,0.43K,-2.63%
08/06/2004,1.272,1.263,1.263,1.263,0.02K,0.08%
08/05/2004,1.271,1.308,1.308,1.308,0.01K,-1.13%
08/04/2004,1.2855,1.293,1.293,1.273,0.08K,-0.58%
08/03/2004,1.293,1.282,1.293,1.282,0.01K,0.12%
08/02/2004,1.2915,1.2905,1.296,1.2905,0.04K,-0.50%
07/30/2004,1.298,1.289,1.294,1.289,1.15K,1.25%
07/29/2004,1.282,1.258,1.274,1.256,0.15K,0.87%
07/28/2004,1.271,1.221,1.28,1.221,13.99K,4.10%
07/27/2004,1.221,1.25,1.253,1.2165,8.62K,-2.32%
07/26/2004,1.25,1.246,1.263,1.238,4.55K,0.16%
07/23/2004,1.248,1.286,1.287,1.232,11.88K,-3.03%
07/22/2004,1.287,1.275,1.29,1.27,6.32K,0.94%
07/21/2004,1.275,1.2855,1.2855,1.255,7.14K,-0.82%
07/20/2004,1.2855,1.305,1.307,1.271,9.20K,-1.49%
07/19/2004,1.305,1.3115,1.317,1.298,4.50K,-0.42%
07/16/2004,1.3105,1.2875,1.315,1.285,8.93K,1.79%
07/15/2004,1.2875,1.2875,1.293,1.276,5.11K,0.82%
07/14/2004,1.277,1.2775,1.289,1.2665,5.65K,-0.08%
07/13/2004,1.278,1.2775,1.293,1.264,6.27K,0.04%
07/12/2004,1.2775,1.281,1.3,1.275,6.75K,-0.27%
07/09/2004,1.281,1.25,1.29,1.248,11.15K,2.40%
07/08/2004,1.251,1.2545,1.2575,1.226,7.04K,-0.32%
07/07/2004,1.255,1.22,1.26,1.216,8.85K,3.04%
07/06/2004,1.218,1.2355,1.2425,1.195,7.69K,-0.16%
07/02/2004,1.22,1.222,1.23,1.208,4.16K,-0.16%
07/01/2004,1.222,1.208,1.234,1.201,6.49K,1.16%
06/30/2004,1.208,1.189,1.217,1.174,8.89K,2.81%
06/29/2004,1.175,1.213,1.214,1.168,11.54K,-2.93%
06/28/2004,1.2105,1.206,1.216,1.206,0.72K,0.00%
06/25/2004,1.2105,1.218,1.218,1.193,0.02K,-1.14%
06/24/2004,1.2245,1.195,1.229,1.1915,1.26K,2.38%
06/23/2004,1.196,1.166,1.192,1.166,0.13K,2.57%
06/22/2004,1.166,1.196,1.196,1.165,0.03K,-2.67%
06/21/2004,1.198,1.201,1.201,1.187,0.40K,0.21%
06/18/2004,1.1955,1.2015,1.2015,1.191,0.01K,-0.50%
06/17/2004,1.2015,1.192,1.202,1.192,0.08K,1.74%
06/16/2004,1.181,1.172,1.172,1.172,0.06K,-0.96%
06/15/2004,1.1925,1.15,1.195,1.141,0.09K,3.25%
06/14/2004,1.155,1.162,1.162,1.151,0.41K,-1.62%
06/10/2004,1.174,1.17,1.1745,1.144,0.14K,0.77%
06/09/2004,1.165,1.223,1.223,1.173,0.02K,-5.86%
06/08/2004,1.2375,1.2375,1.2375,1.2375,0.15K,-2.10%
06/07/2004,1.264,1.264,1.264,1.264,0.01K,2.85%
06/04/2004,1.229,1.229,1.229,1.229,0.06K,-1.17%
06/03/2004,1.2435,1.23,1.259,1.246,0.05K,-0.16%
06/02/2004,1.2455,1.2955,1.297,1.2465,0.03K,-3.45%
06/01/2004,1.29,1.293,1.293,1.286,0.15K,1.22%
05/28/2004,1.2745,1.2655,1.279,1.2655,0.01K,0.63%
05/27/2004,1.2665,1.244,1.27,1.244,0.01K,2.84%
05/26/2004,1.2315,1.234,1.248,1.2145,6.89K,-0.20%
05/25/2004,1.234,1.2335,1.245,1.224,0.21K,0.00%
05/24/2004,1.234,1.2215,1.2495,1.207,7.62K,0.98%
05/21/2004,1.222,1.1865,1.229,1.1815,11.81K,2.99%
05/20/2004,1.1865,1.195,1.197,1.168,6.17K,-0.84%
05/19/2004,1.1965,1.15,1.198,1.149,11.20K,3.73%
05/18/2004,1.1535,1.1445,1.154,1.129,6.69K,0.79%
05/17/2004,1.1445,1.178,1.183,1.138,6.98K,-2.84%
05/14/2004,1.178,1.1785,1.196,1.167,7.17K,-0.08%
05/13/2004,1.179,1.184,1.192,1.168,5.90K,-0.72%
05/12/2004,1.1875,1.1945,1.201,1.17,6.64K,-0.54%
05/11/2004,1.194,1.1665,1.195,1.165,7.84K,2.27%
05/10/2004,1.1675,1.1895,1.19,1.148,10.83K,-1.93%
05/07/2004,1.1905,1.235,1.235,1.182,10.82K,-3.76%
05/06/2004,1.237,1.242,1.254,1.226,9.10K,-0.40%
05/05/2004,1.242,1.2285,1.244,1.225,6.26K,1.10%
05/04/2004,1.2285,1.2275,1.236,1.2165,3.86K,0.24%
05/03/2004,1.2255,1.208,1.235,1.203,6.37K,1.49%
04/30/2004,1.2075,1.192,1.214,1.18,6.24K,1.26%
04/29/2004,1.1925,1.17,1.1955,1.1615,11.36K,1.27%
04/28/2004,1.1775,1.171,1.178,1.166,0.28K,-4.85%
04/27/2004,1.2375,1.239,1.239,1.23,0.32K,-0.48%
04/26/2004,1.2435,1.246,1.248,1.243,0.20K,-0.04%
04/23/2004,1.244,1.231,1.253,1.23,0.07K,1.30%
04/22/2004,1.228,1.2295,1.2375,1.216,0.53K,-0.12%
04/21/2004,1.2295,1.257,1.257,1.222,0.19K,-6.22%
04/20/2004,1.311,1.325,1.328,1.305,0.04K,-3.39%
04/19/2004,1.357,1.334,1.36,1.334,0.06K,1.27%
04/16/2004,1.34,1.2965,1.338,1.2965,0.07K,3.84%
04/15/2004,1.2905,1.285,1.293,1.278,0.16K,-0.46%
04/14/2004,1.2965,1.271,1.3015,1.268,0.41K,1.09%
04/13/2004,1.2825,1.29,1.29,1.268,0.39K,-0.58%
04/12/2004,1.29,1.294,1.294,1.272,0.05K,-1.30%
04/08/2004,1.307,1.303,1.305,1.297,0.21K,-0.31%
04/07/2004,1.311,1.318,1.318,1.297,0.05K,-0.53%
04/06/2004,1.318,1.311,1.32,1.306,0.04K,0.65%
04/05/2004,1.3095,1.346,1.346,1.294,0.06K,-2.78%
04/02/2004,1.347,1.3715,1.3725,1.344,0.01K,-1.75%
04/01/2004,1.371,1.3675,1.369,1.359,0.13K,0.96%
03/31/2004,1.358,1.356,1.359,1.3525,0.07K,1.46%
03/30/2004,1.3385,1.336,1.336,1.335,0.09K,-1.44%
03/29/2004,1.358,1.3485,1.367,1.343,5.53K,0.70%
03/26/2004,1.3485,1.342,1.357,1.3345,7.79K,0.37%
03/25/2004,1.3435,1.351,1.3525,1.319,9.19K,-0.81%
03/24/2004,1.3545,1.356,1.368,1.342,7.11K,-0.33%
03/23/2004,1.359,1.353,1.36,1.3165,11.42K,0.44%
03/22/2004,1.353,1.38,1.385,1.35,8.58K,-1.81%
03/19/2004,1.378,1.37,1.388,1.365,3.89K,0.51%
03/18/2004,1.371,1.3505,1.378,1.349,6.25K,1.52%
03/17/2004,1.3505,1.366,1.3695,1.342,6.94K,-1.13%
03/16/2004,1.366,1.351,1.373,1.348,7.01K,1.26%
03/15/2004,1.349,1.3135,1.3515,1.3135,7.89K,2.70%
03/12/2004,1.3135,1.3385,1.344,1.3,9.23K,-1.90%
03/11/2004,1.339,1.287,1.34,1.285,11.19K,4.04%
03/10/2004,1.287,1.273,1.296,1.27,7.58K,1.18%
03/09/2004,1.272,1.294,1.304,1.256,13.46K,-1.93%
03/08/2004,1.297,1.343,1.349,1.285,7.61K,-3.43%
03/05/2004,1.343,1.3225,1.343,1.293,10.45K,1.55%
03/04/2004,1.3225,1.308,1.326,1.29,7.75K,1.22%
03/03/2004,1.3065,1.374,1.376,1.275,21.53K,-5.05%
03/02/2004,1.376,1.3985,1.403,1.3655,7.40K,-1.61%
03/01/2004,1.3985,1.3485,1.399,1.3475,9.36K,3.90%
02/27/2004,1.346,1.353,1.3555,1.3295,9.49K,-0.59%
02/26/2004,1.354,1.31,1.355,1.3035,15.99K,3.28%
02/25/2004,1.311,1.349,1.351,1.308,0.95K,-1.24%
02/24/2004,1.3275,1.313,1.324,1.313,0.72K,1.14%
02/23/2004,1.3125,1.302,1.32,1.302,0.09K,0.54%
02/20/2004,1.3055,1.326,1.3365,1.3,0.43K,-1.47%
02/19/2004,1.325,1.3085,1.325,1.307,0.24K,2.36%
02/18/2004,1.2945,1.335,1.335,1.275,0.28K,0.12%
02/17/2004,1.293,1.302,1.302,1.28,0.11K,4.61%
02/13/2004,1.236,1.2365,1.247,1.2365,0.13K,0.12%
02/12/2004,1.2345,1.225,1.241,1.225,0.30K,1.94%
02/11/2004,1.211,1.1765,1.213,1.1765,0.02K,3.11%
02/10/2004,1.1745,1.185,1.185,1.175,0.04K,-0.68%
02/09/2004,1.1825,1.185,1.187,1.182,0.09K,0.51%
02/06/2004,1.1765,1.166,1.1775,1.166,0.05K,0.51%
02/05/2004,1.1705,1.1785,1.1785,1.168,0.05K,-0.04%
02/04/2004,1.171,1.1655,1.169,1.1655,0.04K,0.52%
02/03/2004,1.165,1.1415,1.166,1.1415,0.03K,2.15%
02/02/2004,1.1405,1.148,1.148,1.139,0.05K,-0.13%
01/30/2004,1.142,1.1395,1.1425,1.1395,0.03K,2.01%
01/29/2004,1.1195,1.1255,1.126,1.119,0.02K,-1.15%
01/28/2004,1.1325,1.113,1.134,1.1115,7.74K,1.66%
01/27/2004,1.114,1.1165,1.124,1.111,6.99K,-0.22%
01/26/2004,1.1165,1.1225,1.125,1.1125,4.50K,-0.71%
01/23/2004,1.1245,1.12,1.127,1.114,5.03K,0.40%
01/22/2004,1.12,1.1195,1.131,1.118,7.43K,0.22%
01/21/2004,1.1175,1.1185,1.13,1.111,0.03K,0.00%
01/20/2004,1.1175,1.1,1.1215,1.098,11.08K,2.15%
01/16/2004,1.094,1.0815,1.097,1.078,6.23K,0.92%
01/15/2004,1.084,1.094,1.099,1.067,11.64K,-0.91%
01/14/2004,1.094,1.0855,1.103,1.0765,7.89K,0.78%
01/13/2004,1.0855,1.0825,1.104,1.082,9.27K,0.28%
01/12/2004,1.0825,1.1065,1.11,1.08,8.55K,-1.90%
01/09/2004,1.1035,1.107,1.108,1.092,6.62K,-0.45%
01/08/2004,1.1085,1.0665,1.11,1.061,14.89K,3.94%
01/07/2004,1.0665,1.0695,1.078,1.054,9.38K,-0.37%
01/06/2004,1.0705,1.087,1.096,1.059,17.88K,-1.52%
01/05/2004,1.087,1.0625,1.091,1.0625,14.88K,3.97%
12/31/2003,1.0455,1.043,1.051,1.0425,3.35K,0.24%
12/30/2003,1.043,1.0425,1.045,1.0295,6.52K,-0.05%
12/29/2003,1.0435,1.0415,1.0415,1.041,0.03K,2.00%
12/24/2003,1.023,1.02,1.0205,1.0185,0.07K,0.44%
12/23/2003,1.0185,1.02,1.024,1.02,0.09K,1.14%
12/22/2003,1.007,1.015,1.015,1.0125,0.22K,-1.71%
12/19/2003,1.0245,1.0195,1.0265,1.0195,0.01K,0.89%
12/18/2003,1.0155,0.997,1.005,0.997,0.02K,1.86%
12/17/2003,0.997,1,1,0.998,0.22K,-0.75%
12/16/2003,1.0045,1.003,1.005,0.9985,0.18K,1.01%
12/15/2003,0.9945,0.994,0.994,0.9875,0.33K,0.66%
12/12/2003,0.988,0.9815,0.985,0.9815,0.04K,1.02%
12/11/2003,0.978,0.9745,0.9775,0.97,0.02K,-0.15%
12/10/2003,0.9795,0.98,0.981,0.98,0.12K,0.05%
12/09/2003,0.979,0.9805,0.9805,0.975,0.01K,1.14%
12/08/2003,0.968,0.978,0.9845,0.9685,0.45K,-0.31%
12/05/2003,0.971,0.9765,0.978,0.972,0.04K,0.62%
12/04/2003,0.965,0.9775,0.9775,0.965,0.05K,-1.43%
12/03/2003,0.979,0.973,0.989,0.973,0.06K,0.67%
12/02/2003,0.9725,0.956,0.965,0.956,0.02K,1.35%
12/01/2003,0.9595,0.95,0.955,0.95,0.02K,5.15%
11/26/2003,0.9125,0.9075,0.911,0.907,0.07K,2.53%
11/25/2003,0.89,0.909,0.909,0.9,1.34K,-1.93%
11/24/2003,0.9075,0.895,0.908,0.895,1.78K,1.17%
11/21/2003,0.897,0.893,0.897,0.8875,0.44K,1.24%
11/20/2003,0.886,0.918,0.918,0.8855,0.56K,-3.70%
11/19/2003,0.92,0.9225,0.925,0.918,0.23K,-1.55%
11/18/2003,0.9345,0.93,0.93,0.93,0.01K,1.52%
11/17/2003,0.9205,0.9205,0.9205,0.9205,0.04K,-3.51%
11/14/2003,0.954,0.9475,0.954,0.9475,0.02K,0.95%
11/13/2003,0.945,0.951,0.9515,0.9465,0.02K,-0.63%
11/12/2003,0.951,0.947,0.95,0.9455,0.01K,0.42%
11/11/2003,0.947,0.929,0.9445,0.929,0.03K,1.77%
11/10/2003,0.9305,0.9385,0.9385,0.93,0.03K,-1.64%
11/07/2003,0.946,0.9425,0.954,0.942,0.09K,0.42%
11/06/2003,0.942,0.959,0.959,0.9425,0.01K,-1.72%
11/05/2003,0.9585,0.956,0.96,0.952,0.02K,-0.10%
11/04/2003,0.9595,0.9595,0.9595,0.9595,0.01K,2.57%
11/03/2003,0.9355,0.937,0.937,0.93,0.12K,-0.58%
10/31/2003,0.941,0.9405,0.9405,0.9405,0.00K,0.59%
10/30/2003,0.9355,0.936,0.936,0.936,0.00K,1.80%
10/29/2003,0.919,0.904,0.9195,0.904,8.31K,1.66%
10/28/2003,0.904,0.907,0.9135,0.901,4.42K,-0.39%
10/27/2003,0.9075,0.8925,0.908,0.892,8.09K,1.62%
10/24/2003,0.893,0.906,0.908,0.886,10.67K,-1.49%
10/23/2003,0.9065,0.9125,0.9135,0.8955,7.92K,-0.77%
10/22/2003,0.9135,0.906,0.917,0.902,6.46K,0.83%
10/21/2003,0.906,0.9105,0.913,0.901,6.47K,-0.60%
10/20/2003,0.9115,0.895,0.913,0.8945,7.00K,1.90%
10/17/2003,0.8945,0.893,0.8975,0.883,6.68K,0.06%
10/16/2003,0.894,0.896,0.902,0.888,6.99K,-0.45%
10/15/2003,0.898,0.874,0.902,0.874,7.57K,2.75%
10/14/2003,0.874,0.8875,0.8985,0.869,9.88K,-1.52%
10/13/2003,0.8875,0.864,0.89,0.864,10.46K,2.78%
10/10/2003,0.8635,0.853,0.8645,0.8505,8.61K,1.17%
10/09/2003,0.8535,0.854,0.8605,0.8515,10.21K,-0.12%
10/08/2003,0.8545,0.846,0.8545,0.846,8.54K,0.89%
10/07/2003,0.847,0.84,0.848,0.838,13.09K,1.13%
10/06/2003,0.8375,0.837,0.844,0.8325,5.76K,0.06%
10/03/2003,0.837,0.8335,0.8395,0.833,6.87K,0.42%
10/02/2003,0.8335,0.8235,0.837,0.823,12.25K,1.28%
10/01/2003,0.823,0.819,0.8275,0.8175,8.70K,0.55%
09/30/2003,0.8185,0.8245,0.826,0.8145,8.56K,-0.67%
09/29/2003,0.824,0.8205,0.8275,0.815,8.69K,0.61%
09/26/2003,0.819,0.83,0.83,0.8195,0.22K,-1.33%
09/25/2003,0.83,0.83,0.83,0.83,0.89K,0.36%
09/24/2003,0.827,0.832,0.832,0.83,0.01K,0.43%
09/23/2003,0.8235,0.8285,0.8285,0.8245,0.01K,-0.66%
09/22/2003,0.829,0.8315,0.8315,0.8285,0.02K,0.06%
09/19/2003,0.8285,0.8295,0.8295,0.8295,0.00K,0.24%
09/18/2003,0.8265,0.825,0.825,0.825,0.05K,0.43%
09/17/2003,0.823,0.823,0.823,0.823,0.17K,1.04%
09/16/2003,0.8145,0.8105,0.8105,0.8105,0.03K,-0.61%
09/15/2003,0.8195,0.8215,0.8215,0.8215,0.01K,0.68%
09/12/2003,0.814,0.815,0.815,0.815,0.00K,-1.51%
09/11/2003,0.8265,0.807,0.82,0.807,0.00K,2.35%
09/10/2003,0.8075,0.813,0.813,0.807,0.01K,-1.22%
09/09/2003,0.8175,0.8175,0.8175,0.8175,0.00K,-1.27%
09/08/2003,0.828,0.8275,0.832,0.8275,0.01K,-0.36%
09/05/2003,0.831,0.831,0.831,0.831,0.51K,1.59%
09/04/2003,0.818,0.8275,0.8275,0.818,0.02K,-1.39%
09/03/2003,0.8295,0.826,0.826,0.824,0.27K,1.78%
09/02/2003,0.815,0.818,0.818,0.8165,0.02K,0.87%
08/29/2003,0.808,0.8065,0.808,0.8065,0.16K,1.89%
08/28/2003,0.793,0.794,0.794,0.788,0.25K,-0.31%
08/27/2003,0.7955,0.7925,0.796,0.7895,0.64K,-0.19%
08/26/2003,0.797,0.8115,0.8115,0.797,0.69K,-1.30%
08/25/2003,0.8075,0.804,0.805,0.804,0.11K,0.19%
08/22/2003,0.806,0.81,0.813,0.81,0.11K,0.06%
08/21/2003,0.8055,0.7995,0.806,0.7995,0.27K,-0.25%
08/20/2003,0.8075,0.8045,0.8045,0.8015,0.10K,0.37%
08/19/2003,0.8045,0.8045,0.8045,0.8045,0.01K,0.81%
08/18/2003,0.798,0.798,0.7985,0.798,0.00K,0.63%
08/15/2003,0.793,0.7935,0.7935,0.7935,0.00K,-0.88%
08/14/2003,0.8,0.7875,0.801,0.7875,0.01K,0.82%
08/13/2003,0.7935,0.7905,0.793,0.79,0.01K,0.38%
08/12/2003,0.7905,0.791,0.791,0.7895,0.01K,-2.17%
08/11/2003,0.808,0.808,0.808,0.808,0.00K,0.69%
08/08/2003,0.8025,0.8025,0.8025,0.8025,0.01K,-1.65%
08/07/2003,0.816,0.815,0.815,0.815,0.06K,1.37%
08/06/2003,0.805,0.8075,0.8075,0.8065,0.02K,-0.49%
08/05/2003,0.809,0.814,0.814,0.81,0.01K,-0.12%
08/04/2003,0.81,0.8095,0.8105,0.8095,0.01K,-1.10%
08/01/2003,0.819,0.8225,0.8225,0.821,0.01K,-0.24%
07/31/2003,0.821,0.809,0.821,0.807,0.02K,2.31%
07/30/2003,0.8025,0.8095,0.8095,0.8095,0.01K,-0.43%
07/29/2003,0.806,0.8065,0.811,0.8035,10.55K,-0.19%
07/28/2003,0.8075,0.804,0.815,0.804,10.46K,1.19%
07/25/2003,0.798,0.7925,0.806,0.7905,15.75K,0.57%
07/24/2003,0.7935,0.781,0.795,0.781,9.71K,1.86%
07/23/2003,0.779,0.7725,0.782,0.7725,6.26K,0.84%
07/22/2003,0.7725,0.7775,0.779,0.77,6.44K,-0.52%
07/21/2003,0.7765,0.787,0.789,0.773,7.60K,-1.33%
07/18/2003,0.787,0.7815,0.7895,0.7815,4.37K,0.64%
07/17/2003,0.782,0.793,0.799,0.781,13.52K,-1.39%
07/16/2003,0.793,0.7935,0.798,0.7895,4.95K,-0.13%
07/15/2003,0.794,0.798,0.7995,0.791,10.85K,-0.50%
07/14/2003,0.798,0.779,0.7995,0.778,13.58K,2.31%
07/11/2003,0.78,0.7795,0.7845,0.777,4.79K,-0.19%
07/10/2003,0.7815,0.78,0.788,0.7765,15.21K,0.06%
07/09/2003,0.781,0.768,0.782,0.768,10.51K,1.63%
07/08/2003,0.7685,0.769,0.774,0.7655,6.62K,-0.32%
07/07/2003,0.771,0.751,0.772,0.751,10.08K,2.66%
07/03/2003,0.751,0.761,0.762,0.7505,4.82K,-1.38%
07/02/2003,0.7615,0.752,0.7625,0.7495,7.59K,1.40%
07/01/2003,0.751,0.753,0.754,0.7465,11.36K,-0.27%
06/30/2003,0.753,0.7615,0.764,0.748,8.72K,-1.18%
06/27/2003,0.762,0.758,0.7645,0.755,15.06K,0.99%
06/26/2003,0.7545,0.758,0.758,0.754,0.40K,-0.92%
06/25/2003,0.7615,0.7655,0.7655,0.759,0.09K,-1.23%
06/24/2003,0.771,0.768,0.7705,0.768,0.01K,0.13%
06/23/2003,0.77,0.771,0.773,0.768,0.16K,-0.84%
06/20/2003,0.7765,0.7825,0.7825,0.776,0.01K,-0.89%
06/19/2003,0.7835,0.784,0.784,0.784,0.00K,0.45%
06/18/2003,0.78,0.783,0.7845,0.781,0.01K,-0.38%
06/17/2003,0.783,0.7695,0.7695,0.7695,0.02K,2.62%
06/16/2003,0.763,0.7635,0.7645,0.7625,0.10K,0.00%
06/13/2003,0.763,0.768,0.768,0.763,0.00K,-1.68%
06/12/2003,0.776,0.7685,0.7755,0.7685,0.00K,0.84%
06/11/2003,0.7695,0.769,0.769,0.769,0.04K,0.07%
06/10/2003,0.769,0.77,0.77,0.767,0.00K,-0.39%
06/09/2003,0.772,0.774,0.774,0.774,0.01K,-1.66%
06/06/2003,0.785,0.784,0.784,0.784,0.00K,0.13%
06/05/2003,0.784,0.784,0.784,0.784,,0.26%
06/04/2003,0.782,0.782,0.782,0.782,0.09K,-0.38%
06/03/2003,0.785,0.7865,0.7865,0.7865,0.06K,-0.82%
06/02/2003,0.7915,0.7875,0.794,0.787,0.19K,0.96%
05/30/2003,0.784,0.7805,0.785,0.7805,0.09K,1.29%
05/29/2003,0.774,0.775,0.775,0.774,0.00K,0.52%
05/28/2003,0.77,0.7775,0.781,0.765,9.32K,-1.03%
05/27/2003,0.778,0.7665,0.782,0.7665,7.20K,1.43%
05/23/2003,0.767,0.7685,0.7695,0.764,4.81K,-0.13%
05/22/2003,0.768,0.771,0.779,0.7655,11.20K,-0.39%
05/21/2003,0.771,0.7605,0.774,0.7605,10.45K,0.98%
05/20/2003,0.7635,0.7615,0.7645,0.7555,9.90K,0.00%
05/19/2003,0.7635,0.7615,0.7645,0.758,5.58K,0.26%
05/16/2003,0.7615,0.76,0.7655,0.759,8.67K,0.07%
05/15/2003,0.761,0.759,0.768,0.758,7.53K,0.00%
05/14/2003,0.761,0.7625,0.766,0.7575,9.80K,-0.46%
05/13/2003,0.7645,0.7535,0.765,0.751,13.55K,1.66%
05/12/2003,0.752,0.74,0.753,0.73,13.96K,1.83%
05/09/2003,0.7385,0.7395,0.7445,0.736,5.87K,-0.34%
05/08/2003,0.741,0.735,0.744,0.735,11.30K,0.82%
05/07/2003,0.735,0.724,0.737,0.718,11.57K,1.52%
05/06/2003,0.724,0.717,0.725,0.716,3.67K,0.84%
05/05/2003,0.718,0.719,0.7205,0.715,1.78K,-0.14%
05/02/2003,0.719,0.7295,0.7315,0.717,9.01K,-1.44%
05/01/2003,0.7295,0.7315,0.738,0.726,11.35K,-0.21%
04/30/2003,0.731,0.729,0.732,0.726,6.70K,0.27%
04/29/2003,0.729,0.7195,0.731,0.719,9.89K,1.67%
04/28/2003,0.717,0.72,0.724,0.72,0.04K,-0.14%
04/25/2003,0.718,0.7165,0.7165,0.7165,0.07K,0.07%
04/24/2003,0.7175,0.711,0.7155,0.711,0.01K,-1.10%
04/23/2003,0.7255,0.728,0.728,0.724,0.03K,0.28%
04/22/2003,0.7235,0.7295,0.7295,0.723,0.01K,-1.03%
04/21/2003,0.731,0.7285,0.7285,0.7285,0.01K,-1.15%
04/17/2003,0.7395,0.735,0.74,0.733,0.01K,0.48%
04/16/2003,0.736,0.74,0.74,0.7265,0.08K,0.00%
04/15/2003,0.736,0.7265,0.738,0.7265,0.03K,1.31%
04/14/2003,0.7265,0.7225,0.725,0.7225,0.02K,-0.21%
04/11/2003,0.728,0.717,0.731,0.717,0.02K,1.53%
04/10/2003,0.717,0.7235,0.7235,0.7165,0.01K,-0.62%
04/09/2003,0.7215,0.7175,0.723,0.7175,0.01K,-0.48%
04/08/2003,0.725,0.725,0.725,0.725,0.05K,-0.82%
04/07/2003,0.731,0.735,0.735,0.731,0.01K,1.46%
04/04/2003,0.7205,0.72,0.722,0.7175,0.13K,0.98%
04/03/2003,0.7135,0.717,0.717,0.715,0.03K,-1.04%
04/02/2003,0.721,0.723,0.723,0.7205,0.01K,-0.83%
04/01/2003,0.727,0.725,0.729,0.724,0.04K,1.39%
03/31/2003,0.717,0.7225,0.7225,0.72,0.02K,-1.78%
03/28/2003,0.73,0.726,0.7295,0.7225,0.03K,-0.21%
03/27/2003,0.7315,0.754,0.754,0.7285,18.41K,-2.79%
03/26/2003,0.7525,0.77,0.77,0.752,12.90K,-2.40%
03/25/2003,0.771,0.7675,0.7725,0.761,8.00K,0.33%
03/24/2003,0.7685,0.782,0.782,0.7635,4.18K,-1.35%
03/21/2003,0.779,0.7675,0.78,0.7675,7.85K,1.43%
03/20/2003,0.768,0.777,0.7805,0.7625,6.92K,-1.22%
03/19/2003,0.7775,0.7645,0.779,0.763,9.12K,1.70%
03/18/2003,0.7645,0.7725,0.7735,0.763,6.12K,-0.91%
03/17/2003,0.7715,0.7535,0.773,0.749,10.36K,2.25%
03/14/2003,0.7545,0.7525,0.758,0.746,7.57K,0.33%
03/13/2003,0.752,0.757,0.765,0.748,9.04K,-0.66%
03/12/2003,0.757,0.7675,0.7675,0.7555,5.73K,-1.11%
03/11/2003,0.7655,0.7545,0.768,0.7545,7.20K,1.26%
03/10/2003,0.756,0.7695,0.77,0.754,7.95K,-1.75%
03/07/2003,0.7695,0.757,0.7695,0.752,11.37K,1.92%
03/06/2003,0.755,0.763,0.768,0.754,11.36K,-1.24%
03/05/2003,0.7645,0.779,0.781,0.759,19.89K,-2.11%
03/04/2003,0.781,0.793,0.795,0.779,6.40K,-1.45%
03/03/2003,0.7925,0.783,0.794,0.7805,6.94K,1.47%
02/28/2003,0.781,0.792,0.794,0.7765,8.75K,-1.64%
02/27/2003,0.794,0.801,0.802,0.792,16.15K,-0.63%
02/26/2003,0.799,0.788,0.8,0.788,0.29K,2.11%
02/25/2003,0.7825,0.7795,0.781,0.7795,0.38K,-0.82%
02/24/2003,0.789,0.784,0.7885,0.783,0.29K,1.15%
02/21/2003,0.78,0.76,0.781,0.76,0.10K,3.31%
02/20/2003,0.755,0.747,0.7555,0.747,0.03K,0.80%
02/19/2003,0.749,0.74,0.748,0.74,0.13K,0.81%
02/18/2003,0.743,0.7425,0.7425,0.7425,0.02K,-2.04%
02/14/2003,0.7585,0.753,0.7565,0.749,0.04K,0.73%
02/13/2003,0.753,0.763,0.763,0.752,0.02K,-2.71%
02/12/2003,0.774,0.7725,0.7725,0.7725,0.03K,-0.58%
02/11/2003,0.7785,0.7775,0.7775,0.7775,0.00K,0.00%
02/10/2003,0.7785,0.782,0.782,0.779,0.01K,1.57%
02/07/2003,0.7665,0.7655,0.7665,0.7655,0.01K,-0.58%
02/06/2003,0.771,0.772,0.772,0.7685,0.01K,-1.41%
02/05/2003,0.782,0.78,0.7825,0.78,0.01K,-0.06%
02/04/2003,0.7825,0.7895,0.7895,0.783,0.01K,-1.20%
02/03/2003,0.792,0.7945,0.7945,0.791,0.01K,-0.69%
01/31/2003,0.7975,0.792,0.7935,0.792,0.01K,0.50%
01/30/2003,0.7935,0.779,0.792,0.779,0.00K,3.73%
01/29/2003,0.765,0.7575,0.769,0.754,6.45K,1.06%
01/28/2003,0.757,0.76,0.7635,0.755,4.94K,-0.39%
01/27/2003,0.76,0.7675,0.7675,0.756,5.17K,-1.11%
01/24/2003,0.7685,0.771,0.777,0.7665,10.13K,-0.19%
01/23/2003,0.77,0.7715,0.78,0.7685,6.36K,-0.39%
01/22/2003,0.773,0.7685,0.777,0.764,4.50K,0.52%
01/21/2003,0.769,0.7655,0.778,0.764,9.69K,1.45%
01/17/2003,0.758,0.7605,0.764,0.755,5.83K,-0.39%
01/16/2003,0.761,0.764,0.771,0.7605,10.39K,-0.52%
01/15/2003,0.765,0.7595,0.767,0.758,8.70K,0.66%
01/14/2003,0.76,0.751,0.762,0.749,8.64K,1.00%
01/13/2003,0.7525,0.7435,0.755,0.7415,8.18K,1.07%
01/10/2003,0.7445,0.7505,0.757,0.741,10.86K,-0.80%
01/09/2003,0.7505,0.7445,0.755,0.7435,11.84K,0.54%
01/08/2003,0.7465,0.735,0.748,0.73,15.84K,1.43%
01/07/2003,0.736,0.7385,0.7385,0.731,10.84K,-0.41%
01/06/2003,0.739,0.7315,0.739,0.728,8.60K,1.03%
01/03/2003,0.7315,0.7175,0.733,0.7165,11.22K,1.88%
01/02/2003,0.718,0.7025,0.719,0.7,13.57K,2.21%
12/31/2002,0.7025,0.705,0.705,0.694,12.75K,-0.21%
12/30/2002,0.704,0.706,0.709,0.7,7.43K,0.00%
12/27/2002,0.704,0.7,0.7015,0.7,0.02K,0.50%
12/26/2002,0.7005,0.7005,0.7005,0.6995,0.02K,-0.85%
12/24/2002,0.7065,0.718,0.7185,0.7055,0.12K,-1.60%
12/23/2002,0.718,0.7165,0.7165,0.7165,0.01K,0.35%
12/20/2002,0.7155,0.7155,0.7175,0.715,0.13K,-0.35%
12/19/2002,0.718,0.721,0.723,0.7195,0.04K,-0.55%
12/18/2002,0.722,0.727,0.727,0.727,0.21K,-0.96%
12/17/2002,0.729,0.733,0.7335,0.729,0.01K,0.21%
12/16/2002,0.7275,0.7235,0.7235,0.7235,0.11K,-0.21%
12/13/2002,0.729,0.729,0.729,0.729,0.01K,-1.22%
12/12/2002,0.738,0.741,0.7455,0.7375,0.01K,-0.40%
12/11/2002,0.741,0.741,0.742,0.7355,0.11K,-0.13%
12/10/2002,0.742,0.7395,0.742,0.7395,0.00K,0.88%
12/09/2002,0.7355,0.7355,0.7355,0.7355,,-1.41%
12/06/2002,0.746,0.7475,0.7475,0.739,0.01K,0.13%
12/05/2002,0.745,0.7535,0.7535,0.752,0.01K,-1.78%
12/04/2002,0.7585,0.754,0.7575,0.754,0.02K,0.00%
12/03/2002,0.7585,0.7575,0.7575,0.7575,0.01K,-0.46%
12/02/2002,0.762,0.766,0.766,0.762,0.00K,1.26%
11/27/2002,0.7525,0.7315,0.7535,0.7315,0.19K,2.80%
11/26/2002,0.732,0.737,0.738,0.731,0.64K,-0.95%
11/25/2002,0.739,0.7375,0.7405,0.7375,0.37K,-0.07%
11/22/2002,0.7395,0.743,0.743,0.743,3.55K,-0.40%
11/21/2002,0.7425,0.7415,0.743,0.7415,0.12K,0.07%
11/20/2002,0.742,0.74,0.747,0.74,0.20K,1.64%
11/19/2002,0.73,0.7315,0.7315,0.731,0.05K,-0.14%
11/18/2002,0.731,0.729,0.729,0.729,0.11K,1.32%
11/15/2002,0.7215,0.725,0.725,0.7215,0.05K,0.91%
11/14/2002,0.715,0.7175,0.718,0.717,0.02K,-0.76%
11/13/2002,0.7205,0.7175,0.718,0.716,0.05K,-0.48%
11/12/2002,0.724,0.725,0.725,0.7225,0.05K,0.00%
11/11/2002,0.724,0.727,0.727,0.7235,0.02K,0.70%
11/08/2002,0.719,0.719,0.721,0.719,0.01K,0.14%
11/07/2002,0.718,0.733,0.733,0.7185,0.32K,-2.05%
11/06/2002,0.733,0.73,0.73,0.73,0.04K,0.69%
11/05/2002,0.728,0.728,0.731,0.7265,0.02K,-0.41%
11/04/2002,0.731,0.732,0.732,0.73,0.01K,0.34%
11/01/2002,0.7285,0.72,0.73,0.72,0.01K,1.25%
10/31/2002,0.7195,0.7195,0.7195,0.7195,0.00K,1.91%
10/30/2002,0.706,0.7105,0.7105,0.7105,0.00K,0.28%
10/29/2002,0.704,0.713,0.7135,0.7,11.45K,-1.33%
10/28/2002,0.7135,0.715,0.7205,0.7105,13.78K,-0.14%
10/25/2002,0.7145,0.699,0.715,0.696,14.16K,1.64%
10/24/2002,0.703,0.6955,0.7045,0.695,7.17K,1.22%
10/23/2002,0.6945,0.697,0.707,0.6915,8.11K,-0.43%
10/22/2002,0.6975,0.7035,0.7045,0.6965,8.47K,-0.85%
10/21/2002,0.7035,0.691,0.705,0.6905,13.14K,1.59%
10/18/2002,0.6925,0.694,0.698,0.6885,7.93K,-0.65%
10/17/2002,0.697,0.6735,0.698,0.6735,17.91K,3.26%
10/16/2002,0.675,0.6765,0.685,0.671,7.43K,-0.22%
10/15/2002,0.6765,0.672,0.682,0.67,8.35K,0.82%
10/14/2002,0.671,0.6835,0.6835,0.668,7.51K,-1.83%
10/11/2002,0.6835,0.6745,0.686,0.6715,11.85K,1.86%
10/10/2002,0.671,0.6645,0.674,0.6645,5.98K,1.05%
10/09/2002,0.664,0.6645,0.6675,0.661,2.95K,-0.08%
10/08/2002,0.6645,0.664,0.668,0.663,3.36K,-0.08%
10/07/2002,0.665,0.6635,0.667,0.657,4.06K,0.45%
10/04/2002,0.662,0.668,0.671,0.6615,4.34K,-0.90%
10/03/2002,0.668,0.676,0.676,0.6675,6.06K,-1.18%
10/02/2002,0.676,0.6715,0.679,0.6715,4.56K,0.82%
10/01/2002,0.6705,0.666,0.671,0.6615,5.94K,0.68%
09/30/2002,0.666,0.665,0.6665,0.6595,6.96K,-0.15%
09/27/2002,0.667,0.68,0.6815,0.667,10.76K,-1.33%
09/26/2002,0.676,0.6785,0.6785,0.6755,0.09K,0.30%
09/25/2002,0.674,0.6735,0.6735,0.6735,0.06K,0.67%
09/24/2002,0.6695,0.67,0.67,0.669,0.04K,-0.74%
09/23/2002,0.6745,0.6745,0.6745,0.6745,0.01K,-0.74%
09/20/2002,0.6795,0.675,0.675,0.675,0.00K,0.82%
09/19/2002,0.674,0.6745,0.6745,0.6735,0.01K,-0.15%
09/18/2002,0.675,0.675,0.675,0.675,,-1.53%
09/17/2002,0.6855,0.6865,0.6875,0.6865,0.01K,-0.07%
09/16/2002,0.686,0.686,0.686,0.686,,-1.58%
09/13/2002,0.697,0.6955,0.6965,0.6955,0.01K,-0.71%
09/12/2002,0.702,0.6975,0.703,0.6965,0.03K,-0.28%
09/11/2002,0.704,0.703,0.703,0.703,0.00K,-0.28%
09/10/2002,0.706,0.701,0.7035,0.701,0.05K,1.66%
09/09/2002,0.6945,0.696,0.696,0.696,0.01K,2.21%
09/06/2002,0.6795,0.674,0.674,0.674,0.01K,0.89%
09/05/2002,0.6735,0.67,0.6735,0.67,0.04K,-0.81%
09/04/2002,0.679,0.6765,0.6765,0.6765,0.05K,-0.22%
09/03/2002,0.6805,0.6815,0.6815,0.6815,0.00K,-1.73%
08/30/2002,0.6925,0.6945,0.6945,0.694,0.01K,0.29%
08/29/2002,0.6905,0.688,0.6915,0.688,0.01K,0.58%
08/28/2002,0.6865,0.6935,0.697,0.6855,0.85K,-0.72%
08/27/2002,0.6915,0.6905,0.6925,0.6865,0.53K,0.14%
08/26/2002,0.6905,0.692,0.694,0.689,0.22K,0.44%
08/23/2002,0.6875,0.6885,0.6885,0.686,0.05K,0.07%
08/22/2002,0.687,0.6875,0.6875,0.687,0.12K,1.33%
08/21/2002,0.678,0.687,0.6875,0.678,2.47K,-0.95%
08/20/2002,0.6845,0.685,0.685,0.685,0.01K,1.18%
08/19/2002,0.6765,0.6755,0.6755,0.6755,0.01K,-0.15%
08/16/2002,0.6775,0.688,0.688,0.683,0.05K,-1.02%
08/15/2002,0.6845,0.679,0.6895,0.679,0.32K,1.86%
08/14/2002,0.672,0.673,0.6785,0.673,0.35K,-0.88%
08/13/2002,0.678,0.678,0.678,0.678,0.02K,-0.44%
08/12/2002,0.681,0.672,0.682,0.672,0.04K,0.07%
08/09/2002,0.6805,0.6805,0.6805,0.6805,0.00K,0.44%
08/08/2002,0.6775,0.678,0.68,0.678,0.01K,0.52%
08/07/2002,0.674,0.679,0.685,0.6745,0.05K,-0.59%
08/06/2002,0.678,0.679,0.6815,0.6785,0.09K,0.44%
08/05/2002,0.675,0.6765,0.6765,0.671,0.04K,-1.39%
08/02/2002,0.6845,0.6845,0.6845,0.6845,0.01K,-0.44%
08/01/2002,0.6875,0.679,0.686,0.6785,3.10K,0.51%
07/31/2002,0.684,0.6965,0.6965,0.685,0.06K,-1.65%
07/30/2002,0.6955,0.698,0.698,0.6945,0.01K,-0.43%
07/29/2002,0.6985,0.69,0.701,0.69,13.72K,1.16%
07/26/2002,0.6905,0.6895,0.7,0.688,6.75K,0.07%
07/25/2002,0.69,0.6985,0.706,0.686,11.00K,-0.93%
07/24/2002,0.6965,0.698,0.702,0.6795,9.20K,-0.21%
07/23/2002,0.698,0.7055,0.711,0.6955,9.70K,-1.06%
07/22/2002,0.7055,0.719,0.72,0.7025,10.65K,-1.88%
07/19/2002,0.719,0.7325,0.7325,0.716,18.77K,-1.84%
07/18/2002,0.7325,0.7355,0.7385,0.729,12.57K,-0.41%
07/17/2002,0.7355,0.741,0.752,0.735,10.93K,-1.08%
07/16/2002,0.7435,0.74,0.747,0.739,7.24K,0.61%
07/15/2002,0.739,0.744,0.746,0.738,8.96K,-0.81%
07/12/2002,0.745,0.751,0.754,0.742,9.77K,-0.80%
07/11/2002,0.751,0.758,0.7585,0.747,14.01K,-0.99%
07/10/2002,0.7585,0.761,0.766,0.7565,4.15K,-0.39%
07/09/2002,0.7615,0.7615,0.765,0.756,3.42K,-0.07%
07/08/2002,0.762,0.763,0.769,0.753,6.18K,0.93%
07/03/2002,0.755,0.761,0.763,0.7535,8.92K,-0.98%
07/02/2002,0.7625,0.7745,0.7745,0.7595,8.92K,-1.55%
07/01/2002,0.7745,0.7745,0.779,0.7715,6.61K,0.00%
06/28/2002,0.7745,0.761,0.7785,0.76,15.86K,1.91%
06/27/2002,0.76,0.758,0.768,0.758,10.77K,0.73%
06/26/2002,0.7545,0.748,0.7515,0.747,0.07K,0.20%
06/25/2002,0.753,0.753,0.753,0.753,0.02K,1.21%
06/24/2002,0.744,0.7445,0.7445,0.7425,0.04K,-0.33%
06/21/2002,0.7465,0.751,0.751,0.7465,0.08K,-1.13%
06/20/2002,0.755,0.755,0.755,0.7525,0.04K,-0.79%
06/19/2002,0.761,0.7615,0.7615,0.7615,0.00K,-0.33%
06/18/2002,0.7635,0.761,0.7675,0.761,0.14K,-0.07%
06/17/2002,0.764,0.763,0.765,0.763,0.23K,-0.52%
06/14/2002,0.768,0.7585,0.7585,0.7585,0.04K,-0.13%
06/13/2002,0.769,0.7655,0.7655,0.7655,0.01K,0.26%
06/12/2002,0.767,0.7665,0.7665,0.7665,0.00K,-0.13%
06/11/2002,0.768,0.765,0.765,0.765,0.00K,-1.98%
06/10/2002,0.7835,0.7795,0.7825,0.7795,0.01K,0.13%
06/07/2002,0.7825,0.779,0.7795,0.778,0.02K,0.13%
06/06/2002,0.7815,0.787,0.789,0.787,0.11K,-0.57%
06/05/2002,0.786,0.786,0.786,0.786,0.05K,-0.32%
06/04/2002,0.7885,0.775,0.792,0.775,0.01K,1.28%
06/03/2002,0.7785,0.7785,0.7785,0.7785,0.05K,1.50%
05/31/2002,0.767,0.7615,0.7615,0.7615,0.05K,1.66%
05/30/2002,0.7545,0.757,0.757,0.754,0.01K,0.47%
05/29/2002,0.751,0.7575,0.7655,0.7505,10.96K,-0.79%
05/28/2002,0.757,0.739,0.76,0.739,16.86K,2.44%
05/24/2002,0.739,0.736,0.744,0.735,8.83K,0.41%
05/23/2002,0.736,0.7285,0.739,0.725,9.42K,1.10%
05/22/2002,0.728,0.7275,0.732,0.723,5.04K,0.07%
05/21/2002,0.7275,0.726,0.73,0.7225,3.17K,0.21%
05/20/2002,0.726,0.7285,0.729,0.7225,4.53K,-0.34%
05/17/2002,0.7285,0.7385,0.74,0.724,10.79K,-1.35%
05/16/2002,0.7385,0.7475,0.7475,0.737,6.03K,-1.20%
05/15/2002,0.7475,0.7455,0.748,0.7405,4.67K,0.34%
05/14/2002,0.745,0.7385,0.75,0.734,13.55K,1.02%
05/13/2002,0.7375,0.7395,0.7405,0.732,4.70K,-0.14%
05/10/2002,0.7385,0.73,0.739,0.73,4.29K,1.16%
05/09/2002,0.73,0.732,0.741,0.7285,7.91K,-0.41%
05/08/2002,0.733,0.725,0.735,0.7245,5.39K,0.96%
05/07/2002,0.726,0.715,0.727,0.712,6.69K,1.54%
05/06/2002,0.715,0.725,0.725,0.7125,6.92K,-1.24%
05/03/2002,0.724,0.7355,0.7365,0.7185,9.27K,-1.56%
05/02/2002,0.7355,0.7265,0.736,0.724,6.47K,0.89%
05/01/2002,0.729,0.74,0.74,0.724,10.00K,-1.35%
04/30/2002,0.739,0.7395,0.7405,0.735,6.13K,-0.20%
04/29/2002,0.7405,0.74,0.7535,0.7375,11.60K,0.20%
04/26/2002,0.739,0.737,0.7405,0.737,0.03K,0.82%
04/25/2002,0.733,0.7315,0.736,0.73,0.03K,-0.81%
04/24/2002,0.739,0.733,0.7385,0.733,0.03K,0.61%
04/23/2002,0.7345,0.737,0.739,0.735,0.02K,-1.61%
04/22/2002,0.7465,0.75,0.752,0.7455,0.03K,1.43%
04/19/2002,0.736,0.7325,0.7375,0.7325,0.11K,0.82%
04/18/2002,0.73,0.7395,0.741,0.7295,0.06K,-1.28%
04/17/2002,0.7395,0.735,0.742,0.735,0.06K,1.37%
04/16/2002,0.7295,0.7225,0.732,0.7225,0.02K,1.39%
04/15/2002,0.7195,0.715,0.721,0.713,0.02K,-0.14%
04/12/2002,0.7205,0.7215,0.7215,0.7195,0.06K,-0.83%
04/11/2002,0.7265,0.729,0.732,0.7265,0.02K,-0.14%
04/10/2002,0.7275,0.726,0.7285,0.721,0.21K,-0.34%
04/09/2002,0.73,0.727,0.731,0.727,0.04K,0.55%
04/08/2002,0.726,0.722,0.727,0.722,0.06K,0.00%
04/05/2002,0.726,0.739,0.739,0.7235,0.03K,-1.29%
04/04/2002,0.7355,0.7425,0.7425,0.734,0.07K,-1.34%
04/03/2002,0.7455,0.756,0.756,0.745,0.04K,-2.74%
04/02/2002,0.7665,0.772,0.772,0.765,0.14K,-0.13%
04/01/2002,0.7675,0.765,0.7675,0.764,0.08K,0.13%
03/28/2002,0.7665,0.7565,0.768,0.7565,0.13K,1.59%
03/27/2002,0.7545,0.7525,0.7545,0.75,0.04K,1.21%
03/26/2002,0.7455,0.748,0.749,0.736,6.71K,1.08%
03/25/2002,0.7375,0.748,0.749,0.736,9.74K,-1.47%
03/22/2002,0.7485,0.762,0.7625,0.748,7.59K,-1.84%
03/21/2002,0.7625,0.766,0.766,0.76,5.04K,-0.46%
03/20/2002,0.766,0.7695,0.7715,0.764,4.59K,-0.58%
03/19/2002,0.7705,0.7645,0.773,0.764,8.85K,0.78%
03/18/2002,0.7645,0.751,0.7695,0.751,10.58K,1.87%
03/15/2002,0.7505,0.746,0.755,0.745,4.38K,0.74%
03/14/2002,0.745,0.7395,0.7485,0.738,3.89K,0.61%
03/13/2002,0.7405,0.7405,0.748,0.739,6.49K,-0.13%
03/12/2002,0.7415,0.746,0.7485,0.739,3.24K,-0.60%
03/11/2002,0.746,0.752,0.753,0.7455,3.33K,-0.86%
03/08/2002,0.7525,0.748,0.755,0.745,4.24K,0.60%
03/07/2002,0.748,0.75,0.759,0.746,8.06K,-0.33%
03/06/2002,0.7505,0.736,0.754,0.735,7.40K,1.35%
03/05/2002,0.7405,0.7415,0.745,0.7365,5.11K,-0.13%
03/04/2002,0.7415,0.733,0.747,0.7315,7.60K,1.23%
03/01/2002,0.7325,0.7205,0.738,0.713,9.89K,1.67%
02/28/2002,0.7205,0.7205,0.725,0.7145,8.03K,0.00%
02/27/2002,0.7205,0.7085,0.7255,0.7075,12.48K,2.20%
02/26/2002,0.705,0.7115,0.7115,0.704,0.05K,-0.56%
02/25/2002,0.709,0.7055,0.7055,0.704,0.06K,0.85%
02/22/2002,0.703,0.7045,0.706,0.704,0.07K,-2.02%
02/21/2002,0.7175,0.713,0.713,0.712,0.00K,0.77%
02/20/2002,0.712,0.7075,0.713,0.7075,0.04K,0.21%
02/19/2002,0.7105,0.72,0.72,0.714,0.02K,-3.60%
02/15/2002,0.737,0.737,0.737,0.737,0.01K,-1.40%
02/14/2002,0.7475,0.7525,0.7525,0.748,0.06K,-0.86%
02/13/2002,0.754,0.753,0.753,0.753,0.01K,2.52%
02/12/2002,0.7355,0.7325,0.7325,0.7325,0.04K,0.68%
02/11/2002,0.7305,0.734,0.734,0.73,0.01K,-0.81%
02/08/2002,0.7365,0.7395,0.7395,0.7395,0.01K,-0.41%
02/07/2002,0.7395,0.7285,0.7395,0.7285,0.02K,1.02%
02/06/2002,0.732,0.7315,0.7315,0.7315,0.01K,-0.41%
02/05/2002,0.735,0.736,0.7365,0.735,0.04K,0.48%
02/04/2002,0.7315,0.7395,0.7395,0.7365,0.03K,-1.08%
02/01/2002,0.7395,0.7385,0.7385,0.7385,0.00K,0.48%
01/31/2002,0.736,0.7045,0.7045,0.7045,0.09K,5.14%
01/30/2002,0.7,0.702,0.7025,0.699,0.09K,0.14%
01/29/2002,0.699,0.7,0.703,0.6955,6.77K,-0.21%
01/28/2002,0.7005,0.7115,0.7115,0.699,8.29K,-1.55%
01/25/2002,0.7115,0.715,0.721,0.707,8.14K,-0.56%
01/24/2002,0.7155,0.7075,0.718,0.706,6.84K,0.99%
01/23/2002,0.7085,0.7025,0.712,0.697,5.61K,0.85%
01/22/2002,0.7025,0.6985,0.703,0.692,6.43K,0.57%
01/18/2002,0.6985,0.705,0.708,0.697,5.40K,-1.34%
01/17/2002,0.708,0.7085,0.712,0.703,4.30K,-0.07%
01/16/2002,0.7085,0.702,0.714,0.6975,7.66K,1.00%
01/15/2002,0.7015,0.708,0.712,0.697,5.10K,-0.92%
01/14/2002,0.708,0.7075,0.714,0.702,5.52K,-0.07%
01/11/2002,0.7085,0.7055,0.7115,0.699,6.65K,0.43%
01/10/2002,0.7055,0.715,0.718,0.702,7.58K,-1.40%
01/09/2002,0.7155,0.709,0.724,0.707,9.75K,0.99%
01/08/2002,0.7085,0.714,0.72,0.708,15.26K,-0.91%
01/07/2002,0.715,0.6725,0.715,0.6725,18.75K,6.00%
01/04/2002,0.6745,0.664,0.676,0.664,5.45K,1.58%
01/03/2002,0.664,0.659,0.667,0.6565,8.30K,0.91%
01/02/2002,0.658,0.66,0.667,0.6565,10.13K,-0.15%
12/31/2001,0.659,0.672,0.6775,0.659,9.24K,-2.73%
12/28/2001,0.6775,0.686,0.6865,0.676,4.72K,-0.95%
12/27/2001,0.684,0.688,0.688,0.6845,0.32K,-0.80%
12/26/2001,0.6895,0.69,0.69,0.69,0.06K,1.03%
12/21/2001,0.6825,0.6805,0.685,0.68,0.11K,0.89%
12/20/2001,0.6765,0.678,0.678,0.677,0.06K,0.07%
12/19/2001,0.676,0.6845,0.6845,0.6765,0.22K,-1.67%
12/18/2001,0.6875,0.683,0.6895,0.682,0.09K,1.18%
12/17/2001,0.6795,0.675,0.6755,0.674,0.02K,0.44%
12/14/2001,0.6765,0.6725,0.68,0.6725,0.15K,0.22%
12/13/2001,0.675,0.674,0.6765,0.672,0.69K,-0.15%
12/12/2001,0.676,0.68,0.68,0.6735,0.04K,-1.46%
12/11/2001,0.686,0.684,0.6915,0.6835,0.13K,0.59%
12/10/2001,0.682,0.681,0.683,0.678,0.03K,-0.07%
12/07/2001,0.6825,0.693,0.693,0.685,0.02K,-1.59%
12/06/2001,0.6935,0.708,0.708,0.694,0.05K,-0.93%
12/05/2001,0.7,0.698,0.701,0.69,0.03K,-0.85%
12/04/2001,0.706,0.706,0.7115,0.706,0.06K,-0.70%
12/03/2001,0.711,0.7205,0.723,0.709,0.10K,-2.47%
11/30/2001,0.729,0.725,0.7285,0.725,0.05K,1.18%
11/29/2001,0.7205,0.7135,0.726,0.7135,0.59K,1.69%
11/28/2001,0.7085,0.702,0.7095,0.7,0.90K,0.21%
11/27/2001,0.707,0.707,0.711,0.702,0.15K,3.14%
11/26/2001,0.6855,0.68,0.6945,0.68,0.05K,0.88%
11/21/2001,0.6795,0.684,0.6845,0.679,0.06K,0.59%
11/20/2001,0.6755,0.68,0.683,0.6765,0.09K,-1.53%
11/19/2001,0.686,0.69,0.6925,0.687,0.42K,0.22%
11/16/2001,0.6845,0.684,0.6845,0.6725,0.13K,1.33%
11/15/2001,0.6755,0.6705,0.674,0.6705,0.18K,-0.59%
11/14/2001,0.6795,0.6865,0.693,0.678,0.18K,0.07%
11/13/2001,0.679,0.653,0.683,0.653,0.23K,2.80%
11/12/2001,0.6605,0.644,0.655,0.6425,0.01K,2.64%
11/09/2001,0.6435,0.6255,0.6425,0.625,0.05K,4.21%
11/08/2001,0.6175,0.6125,0.621,0.6125,0.01K,1.48%
11/07/2001,0.6085,0.615,0.615,0.608,0.03K,-1.62%
11/06/2001,0.6185,0.6215,0.623,0.6215,0.26K,0.00%
11/05/2001,0.6185,0.618,0.622,0.617,0.04K,0.32%
11/02/2001,0.6165,0.616,0.616,0.616,0.00K,-1.04%
11/01/2001,0.623,0.627,0.627,0.627,0.01K,-0.72%
10/31/2001,0.6275,0.6275,0.6275,0.6275,0.12K,-1.95%
10/30/2001,0.64,0.635,0.638,0.634,0.17K,1.43%
10/29/2001,0.631,0.629,0.6355,0.6245,5.40K,-0.63%
10/26/2001,0.635,0.626,0.639,0.6245,7.37K,1.44%
10/25/2001,0.626,0.6235,0.63,0.6225,4.88K,0.56%
10/24/2001,0.6225,0.63,0.632,0.6205,6.40K,-1.19%
10/23/2001,0.63,0.63,0.63,0.63,13.99K,0.80%
10/22/2001,0.625,0.6235,0.6275,0.62,4.11K,0.24%
10/19/2001,0.6235,0.632,0.6335,0.6225,6.87K,-1.34%
10/18/2001,0.632,0.636,0.639,0.63,7.74K,-1.10%
10/17/2001,0.639,0.6495,0.652,0.639,9.47K,-0.78%
10/16/2001,0.644,0.646,0.65,0.642,4.96K,0.70%
10/15/2001,0.6395,0.6385,0.642,0.638,2.23K,-0.16%
10/12/2001,0.6405,0.646,0.651,0.638,10.81K,-0.16%
10/11/2001,0.6415,0.639,0.644,0.638,4.55K,0.23%
10/10/2001,0.64,0.6415,0.642,0.6365,3.92K,-0.23%
10/09/2001,0.6415,0.6435,0.6435,0.635,4.23K,-0.31%
10/08/2001,0.6435,0.64,0.6475,0.64,2.12K,0.47%
10/05/2001,0.6405,0.6385,0.646,0.636,5.43K,-0.62%
10/04/2001,0.6445,0.6425,0.646,0.642,3.97K,0.47%
10/03/2001,0.6415,0.643,0.6495,0.637,7.66K,-1.31%
10/02/2001,0.65,0.649,0.654,0.649,5.35K,-0.08%
10/01/2001,0.6505,0.6475,0.654,0.645,6.15K,-0.23%
09/28/2001,0.652,0.6565,0.6615,0.651,6.51K,-0.69%
09/27/2001,0.6565,0.657,0.662,0.656,4.40K,0.23%
09/26/2001,0.655,0.6545,0.655,0.6535,0.18K,0.69%
09/25/2001,0.6505,0.656,0.656,0.6505,0.95K,-0.84%
09/24/2001,0.656,0.6575,0.6575,0.655,0.03K,-0.38%
09/21/2001,0.6585,0.657,0.6575,0.657,0.01K,1.39%
09/20/2001,0.6495,0.648,0.6495,0.648,0.11K,-0.23%
09/19/2001,0.651,0.6515,0.6515,0.6515,0.03K,-0.46%
09/18/2001,0.654,0.6625,0.663,0.656,0.07K,0.08%
09/17/2001,0.6535,0.655,0.656,0.655,0.02K,-0.98%
09/14/2001,0.66,0.66,0.66,0.66,0.00K,0.92%
09/11/2001,0.654,0.653,0.655,0.653,,0.08%
09/10/2001,0.6535,0.655,0.655,0.655,0.01K,-0.15%
09/07/2001,0.6545,0.662,0.662,0.662,0.14K,-1.28%
09/06/2001,0.663,0.67,0.67,0.66,0.11K,-1.70%
09/05/2001,0.6745,0.675,0.675,0.6745,0.00K,-0.22%
09/04/2001,0.676,0.6765,0.677,0.6755,0.01K,-1.17%
08/31/2001,0.684,0.684,0.684,0.684,0.03K,-0.36%
08/30/2001,0.6865,0.695,0.695,0.695,0.01K,-1.51%
08/29/2001,0.697,0.6925,0.6995,0.6915,0.48K,0.50%
08/28/2001,0.6935,0.699,0.7,0.6905,0.61K,-0.43%
08/27/2001,0.6965,0.6855,0.693,0.6855,2.52K,1.68%
08/24/2001,0.685,0.685,0.693,0.685,0.34K,-0.36%
08/23/2001,0.6875,0.688,0.689,0.686,2.63K,1.03%
08/22/2001,0.6805,0.68,0.68,0.68,0.08K,0.89%
08/21/2001,0.6745,0.675,0.675,0.674,0.01K,-0.66%
08/20/2001,0.679,0.69,0.69,0.682,0.57K,-1.52%
08/17/2001,0.6895,0.681,0.69,0.681,0.01K,2.68%
08/16/2001,0.6715,0.669,0.6715,0.668,0.13K,1.36%
08/15/2001,0.6625,0.667,0.667,0.662,0.04K,-0.97%
08/14/2001,0.669,0.66,0.6695,0.66,0.02K,1.21%
08/13/2001,0.661,0.67,0.67,0.6635,0.04K,-0.75%
08/10/2001,0.666,0.666,0.666,0.666,0.02K,-0.67%
08/09/2001,0.6705,0.665,0.667,0.663,0.05K,0.75%
08/08/2001,0.6655,0.67,0.67,0.666,0.01K,-1.11%
08/07/2001,0.673,0.6725,0.6725,0.6715,0.01K,-0.30%
08/06/2001,0.675,0.675,0.675,0.675,0.00K,-0.88%
08/03/2001,0.681,0.6815,0.6815,0.6805,0.20K,-0.58%
08/02/2001,0.685,0.693,0.693,0.685,0.05K,-0.87%
08/01/2001,0.691,0.681,0.681,0.681,0.01K,0.73%
07/31/2001,0.686,0.683,0.6885,0.683,0.13K,0.51%
07/30/2001,0.6825,0.6825,0.6825,0.6825,0.00K,0.59%
07/27/2001,0.6785,0.686,0.691,0.676,5.39K,-1.02%
07/26/2001,0.6855,0.6875,0.69,0.681,5.06K,-0.29%
07/25/2001,0.6875,0.6855,0.69,0.677,12.49K,0.29%
07/24/2001,0.6855,0.6855,0.694,0.685,6.17K,-0.36%
07/23/2001,0.688,0.699,0.699,0.684,5.55K,-1.71%
07/20/2001,0.7,0.695,0.703,0.694,1.69K,0.57%
07/19/2001,0.696,0.706,0.715,0.6945,9.36K,-1.49%
07/18/2001,0.7065,0.7205,0.723,0.704,10.52K,-1.74%
07/17/2001,0.719,0.7095,0.722,0.7035,11.95K,1.34%
07/16/2001,0.7095,0.709,0.711,0.705,2.25K,0.35%
07/13/2001,0.707,0.7035,0.709,0.702,3.18K,0.21%
07/12/2001,0.7055,0.7135,0.717,0.705,4.03K,-1.12%
07/11/2001,0.7135,0.717,0.718,0.7095,4.62K,-0.63%
07/10/2001,0.718,0.71,0.7195,0.7095,5.06K,1.20%
07/09/2001,0.7095,0.7085,0.711,0.7065,3.19K,-0.21%
07/06/2001,0.711,0.707,0.714,0.705,3.44K,0.71%
07/05/2001,0.706,0.714,0.714,0.705,3.85K,-1.12%
07/03/2001,0.714,0.72,0.721,0.7135,4.26K,-0.97%
07/02/2001,0.721,0.712,0.722,0.709,4.30K,1.05%
06/29/2001,0.7135,0.7165,0.7185,0.71,6.85K,-0.49%
06/28/2001,0.717,0.7305,0.731,0.714,13.49K,-1.24%
06/27/2001,0.726,0.724,0.7275,0.724,0.18K,0.48%
06/26/2001,0.7225,0.719,0.7225,0.719,0.16K,0.70%
06/25/2001,0.7175,0.717,0.719,0.717,0.02K,0.00%
06/22/2001,0.7175,0.719,0.719,0.719,0.07K,-0.97%
06/21/2001,0.7245,0.717,0.724,0.714,0.18K,0.84%
06/20/2001,0.7185,0.7205,0.7245,0.72,0.38K,-1.51%
06/19/2001,0.7295,0.73,0.73,0.729,0.23K,0.62%
06/18/2001,0.725,0.727,0.727,0.724,0.55K,0.07%
06/15/2001,0.7245,0.7255,0.7315,0.7235,0.02K,-0.96%
06/14/2001,0.7315,0.732,0.732,0.7315,0.12K,0.27%
06/13/2001,0.7295,0.7305,0.7305,0.7295,0.41K,-0.48%
06/12/2001,0.733,0.734,0.734,0.729,0.02K,-0.48%
06/11/2001,0.7365,0.7395,0.7395,0.738,0.12K,0.14%
06/08/2001,0.7355,0.743,0.743,0.743,0.06K,-2.58%
06/07/2001,0.755,0.756,0.756,0.756,0.00K,-0.40%
06/06/2001,0.758,0.764,0.764,0.759,0.01K,-1.04%
06/05/2001,0.766,0.766,0.766,0.766,0.00K,1.26%
06/04/2001,0.7565,0.755,0.757,0.755,0.01K,0.07%
06/01/2001,0.756,0.759,0.7605,0.7565,0.15K,-0.66%
05/31/2001,0.761,0.767,0.767,0.761,0.02K,-0.72%
05/30/2001,0.7665,0.772,0.774,0.7675,0.41K,-0.07%
05/29/2001,0.767,0.794,0.794,0.766,12.08K,-3.22%
05/25/2001,0.7925,0.7935,0.7955,0.7885,3.41K,-0.13%
05/24/2001,0.7935,0.79,0.803,0.7895,7.54K,0.38%
05/23/2001,0.7905,0.79,0.793,0.786,6.06K,-0.13%
05/22/2001,0.7915,0.8025,0.8025,0.7905,11.54K,-1.43%
05/21/2001,0.803,0.787,0.805,0.786,22.60K,1.97%
05/18/2001,0.7875,0.7685,0.7885,0.768,16.18K,2.47%
05/17/2001,0.7685,0.766,0.773,0.7575,9.43K,1.59%
05/16/2001,0.7565,0.756,0.762,0.7475,7.75K,0.20%
05/15/2001,0.755,0.757,0.762,0.7525,4.17K,0.00%
05/14/2001,0.755,0.7635,0.7635,0.751,6.57K,-1.11%
05/11/2001,0.7635,0.759,0.7665,0.758,4.17K,0.53%
05/10/2001,0.7595,0.7625,0.771,0.756,6.58K,-0.52%
05/09/2001,0.7635,0.77,0.771,0.7575,8.42K,-0.65%
05/08/2001,0.7685,0.7865,0.7865,0.7665,14.23K,-2.29%
05/07/2001,0.7865,0.786,0.79,0.785,2.48K,0.13%
05/04/2001,0.7855,0.7915,0.7915,0.78,5.42K,-0.76%
05/03/2001,0.7915,0.796,0.7995,0.788,7.49K,-0.63%
05/02/2001,0.7965,0.7825,0.798,0.782,18.44K,1.59%
05/01/2001,0.784,0.7765,0.7855,0.774,8.83K,0.90%
04/30/2001,0.777,0.77,0.777,0.761,7.93K,0.97%
04/27/2001,0.7695,0.7675,0.775,0.765,10.24K,0.59%
04/26/2001,0.765,0.7675,0.7775,0.766,0.08K,-0.58%
04/25/2001,0.7695,0.768,0.776,0.767,0.18K,0.46%
04/24/2001,0.766,0.764,0.764,0.764,0.01K,0.33%
04/23/2001,0.7635,0.771,0.771,0.7625,0.04K,-1.99%
04/20/2001,0.779,0.7805,0.7825,0.78,0.02K,0.26%
04/19/2001,0.777,0.7845,0.785,0.779,0.02K,-1.46%
04/18/2001,0.7885,0.7695,0.79,0.7695,0.09K,2.74%
04/17/2001,0.7675,0.769,0.7695,0.7685,0.05K,-0.52%
04/16/2001,0.7715,0.772,0.7755,0.772,0.04K,0.13%
04/12/2001,0.7705,0.7735,0.774,0.77,0.01K,0.26%
04/11/2001,0.7685,0.779,0.78,0.771,0.31K,-0.58%
04/10/2001,0.773,0.777,0.779,0.7735,0.01K,1.24%
04/09/2001,0.7635,0.759,0.765,0.759,0.03K,1.26%
04/06/2001,0.754,0.768,0.768,0.7555,0.07K,-2.27%
04/05/2001,0.7715,0.7715,0.7715,0.7715,0.00K,0.39%
04/04/2001,0.7685,0.774,0.7745,0.7695,0.06K,0.00%
04/03/2001,0.7685,0.7685,0.7685,0.767,0.08K,0.65%
04/02/2001,0.7635,0.767,0.7675,0.764,0.01K,-0.39%
03/30/2001,0.7665,0.779,0.779,0.7675,0.02K,-1.48%
03/29/2001,0.778,0.7725,0.7795,0.77,0.08K,0.65%
03/28/2001,0.773,0.7925,0.796,0.773,8.06K,-2.40%
03/27/2001,0.792,0.785,0.794,0.7815,6.54K,0.96%
03/26/2001,0.7845,0.787,0.7975,0.781,8.57K,-0.19%
03/23/2001,0.786,0.789,0.79,0.785,6.10K,0.26%
03/22/2001,0.784,0.79,0.793,0.7805,13.61K,-1.07%
03/21/2001,0.7925,0.797,0.799,0.79,8.03K,-1.06%
03/20/2001,0.801,0.799,0.796,0.79,5.57K,0.38%
03/19/2001,0.798,0.793,0.799,0.791,6.52K,0.76%
03/16/2001,0.792,0.8105,0.8105,0.791,1.96K,-2.28%
03/15/2001,0.8105,0.814,0.815,0.8075,5.58K,-0.31%
03/14/2001,0.813,0.819,0.8225,0.8085,7.77K,-0.79%
03/13/2001,0.8195,0.825,0.825,0.815,7.72K,-1.09%
03/12/2001,0.8285,0.83,0.8305,0.821,8.31K,-0.48%
03/09/2001,0.8325,0.8255,0.834,0.825,5.26K,0.73%
03/08/2001,0.8265,0.84,0.84,0.8255,10.22K,-1.61%
03/07/2001,0.84,0.8485,0.849,0.8385,9.72K,-1.00%
03/06/2001,0.8485,0.838,0.853,0.8375,12.07K,1.25%
03/05/2001,0.838,0.827,0.844,0.825,15.19K,1.21%
03/02/2001,0.828,0.8235,0.829,0.8215,7.70K,0.49%
03/01/2001,0.824,0.816,0.83,0.816,12.20K,0.98%
02/28/2001,0.816,0.8095,0.82,0.806,7.65K,0.80%
02/27/2001,0.8095,0.812,0.813,0.804,12.32K,0.00%
02/26/2001,0.8095,0.801,0.812,0.801,0.15K,1.38%
02/23/2001,0.7985,0.806,0.806,0.798,0.22K,-0.68%
02/22/2001,0.804,0.807,0.807,0.8035,0.18K,0.00%
02/21/2001,0.804,0.815,0.815,0.803,0.34K,-2.37%
02/20/2001,0.8235,0.824,0.826,0.82,0.28K,-0.48%
02/16/2001,0.8275,0.827,0.8275,0.827,0.23K,-0.24%
02/15/2001,0.8295,0.8345,0.8355,0.829,0.01K,0.67%
02/14/2001,0.824,0.822,0.822,0.818,0.07K,-0.12%
02/13/2001,0.825,0.828,0.829,0.827,0.12K,0.86%
02/12/2001,0.818,0.818,0.82,0.817,0.03K,-0.30%
02/09/2001,0.8205,0.83,0.8325,0.818,0.58K,-1.08%
02/08/2001,0.8295,0.829,0.8295,0.8265,0.01K,0.24%
02/07/2001,0.8275,0.827,0.8305,0.827,0.10K,-0.18%
02/06/2001,0.829,0.825,0.825,0.824,0.05K,0.67%
02/05/2001,0.8235,0.837,0.837,0.824,0.17K,-1.79%
02/02/2001,0.8385,0.839,0.839,0.8345,0.20K,-0.65%
02/01/2001,0.844,0.846,0.846,0.841,0.01K,0.24%
01/31/2001,0.842,0.8455,0.8455,0.8425,0.18K,0.36%
01/30/2001,0.839,0.831,0.839,0.831,0.08K,0.78%
01/29/2001,0.8325,0.84,0.84,0.83,4.34K,-0.89%
01/26/2001,0.84,0.837,0.842,0.8345,4.98K,0.36%
01/25/2001,0.837,0.833,0.841,0.8265,6.58K,0.24%
01/24/2001,0.835,0.8465,0.8485,0.825,12.30K,-1.59%
01/23/2001,0.8485,0.847,0.8585,0.845,6.22K,0.12%
01/22/2001,0.8475,0.845,0.855,0.845,4.53K,0.00%
01/19/2001,0.8475,0.861,0.861,0.8465,6.95K,-1.63%
01/18/2001,0.8615,0.828,0.864,0.828,22.39K,4.11%
01/17/2001,0.8275,0.824,0.831,0.8195,4.65K,0.55%
01/16/2001,0.823,0.841,0.841,0.816,9.43K,-2.20%
01/12/2001,0.8415,0.829,0.844,0.829,8.61K,1.32%
01/11/2001,0.8305,0.8255,0.8385,0.8255,7.58K,0.54%
01/10/2001,0.826,0.825,0.834,0.824,5.40K,0.12%
01/09/2001,0.825,0.8285,0.837,0.8245,7.51K,-0.42%
01/08/2001,0.8285,0.824,0.835,0.8155,9.77K,0.49%
01/05/2001,0.8245,0.81,0.825,0.809,11.80K,1.66%
01/04/2001,0.811,0.8185,0.8235,0.809,7.63K,-0.73%
01/03/2001,0.817,0.812,0.822,0.802,11.86K,0.68%
01/02/2001,0.8115,0.8405,0.8405,0.809,14.63K,-3.74%
12/29/2000,0.843,0.8435,0.8495,0.841,3.52K,-0.77%
12/28/2000,0.8495,0.8475,0.852,0.843,3.39K,-0.12%
12/27/2000,0.8505,0.8525,0.8525,0.8515,0.03K,-1.73%
12/26/2000,0.8655,0.867,0.867,0.867,0.01K,0.58%
12/22/2000,0.8605,0.855,0.8605,0.854,0.27K,0.47%
12/21/2000,0.8565,0.851,0.8575,0.847,0.13K,-0.64%
12/20/2000,0.862,0.8625,0.868,0.856,0.15K,-1.43%
12/19/2000,0.8745,0.87,0.875,0.87,0.14K,-0.11%
12/18/2000,0.8755,0.8705,0.876,0.87,0.06K,0.29%
12/15/2000,0.873,0.894,0.894,0.872,0.17K,-2.24%
12/14/2000,0.893,0.886,0.894,0.886,0.18K,1.02%
12/13/2000,0.884,0.8825,0.8855,0.8825,0.06K,-0.28%
12/12/2000,0.8865,0.888,0.8885,0.883,0.08K,-0.73%
12/11/2000,0.893,0.8935,0.8945,0.8935,0.15K,-0.11%
12/08/2000,0.894,0.893,0.894,0.8915,0.81K,1.25%
12/07/2000,0.883,0.886,0.886,0.875,0.56K,0.51%
12/06/2000,0.8785,0.875,0.8795,0.875,0.21K,0.98%
12/05/2000,0.87,0.86,0.872,0.86,0.36K,0.81%
12/04/2000,0.863,0.8585,0.864,0.8585,0.12K,0.41%
12/01/2000,0.8595,0.855,0.86,0.855,0.10K,1.66%
11/30/2000,0.8455,0.853,0.8555,0.847,0.36K,-1.46%
11/29/2000,0.858,0.853,0.8635,0.852,1.10K,0.23%
11/28/2000,0.856,0.8515,0.856,0.85,1.21K,1.12%
11/27/2000,0.8465,0.8435,0.846,0.843,0.77K,2.61%
11/22/2000,0.825,0.8265,0.827,0.8185,0.14K,-0.90%
11/21/2000,0.8325,0.826,0.833,0.824,0.85K,0.36%
11/20/2000,0.8295,0.827,0.8285,0.8225,0.31K,0.06%
11/17/2000,0.829,0.8225,0.8295,0.8215,0.23K,0.48%
11/16/2000,0.825,0.826,0.826,0.824,0.30K,-0.84%
11/15/2000,0.832,0.836,0.836,0.829,1.21K,-0.12%
11/14/2000,0.833,0.83,0.834,0.8295,0.14K,0.85%
11/13/2000,0.826,0.82,0.8265,0.82,0.48K,-2.02%
11/10/2000,0.843,0.842,0.8425,0.839,0.25K,-0.18%
11/09/2000,0.8445,0.8365,0.847,0.8365,0.30K,0.54%
11/08/2000,0.84,0.8365,0.8405,0.834,0.58K,0.66%
11/07/2000,0.8345,0.834,0.839,0.833,0.61K,0.42%
11/06/2000,0.831,0.8425,0.8425,0.8375,0.02K,-1.25%
11/03/2000,0.8415,0.8475,0.8515,0.8415,0.06K,0.00%
11/02/2000,0.8415,0.8415,0.843,0.839,0.02K,0.24%
11/01/2000,0.8395,0.8475,0.8485,0.839,0.05K,-1.47%
10/31/2000,0.852,0.859,0.859,0.859,0.04K,0.41%
10/30/2000,0.8485,0.8465,0.8465,0.844,0.07K,0.53%
10/27/2000,0.844,0.8315,0.8485,0.831,7.16K,1.50%
10/26/2000,0.8315,0.853,0.8545,0.8285,13.38K,-2.46%
10/25/2000,0.8525,0.866,0.866,0.851,13.14K,-1.50%
10/24/2000,0.8655,0.868,0.8735,0.865,5.38K,-0.23%
10/23/2000,0.8675,0.863,0.869,0.859,4.60K,0.64%
10/20/2000,0.862,0.873,0.8755,0.861,7.99K,-1.26%
10/19/2000,0.873,0.871,0.876,0.869,6.43K,0.11%
10/18/2000,0.872,0.883,0.8855,0.865,13.45K,-1.25%
10/17/2000,0.883,0.8935,0.894,0.8755,9.46K,-1.23%
10/16/2000,0.894,0.892,0.896,0.8865,4.52K,0.17%
10/13/2000,0.8925,0.881,0.895,0.878,7.64K,1.19%
10/12/2000,0.882,0.9,0.904,0.881,12.54K,-2.22%
10/11/2000,0.902,0.904,0.9055,0.8925,5.13K,-0.39%
10/10/2000,0.9055,0.896,0.906,0.896,5.05K,1.00%
10/09/2000,0.8965,0.905,0.906,0.89,8.47K,-1.05%
10/06/2000,0.906,0.9125,0.9125,0.902,3.84K,-0.55%
10/05/2000,0.911,0.8995,0.916,0.8945,8.10K,1.33%
10/04/2000,0.899,0.9015,0.9015,0.893,5.84K,-0.39%
10/03/2000,0.9025,0.901,0.903,0.889,12.05K,0.39%
10/02/2000,0.899,0.917,0.92,0.8985,20.03K,-2.34%
09/29/2000,0.9205,0.9185,0.927,0.916,5.18K,0.16%
09/28/2000,0.919,0.915,0.921,0.913,7.34K,0.16%
09/27/2000,0.9175,0.913,0.9215,0.9125,0.19K,-0.33%
09/26/2000,0.9205,0.9295,0.93,0.9215,0.11K,-1.23%
09/25/2000,0.932,0.924,0.934,0.924,0.11K,0.76%
09/22/2000,0.925,0.929,0.933,0.925,0.20K,-0.70%
09/21/2000,0.9315,0.911,0.9325,0.911,0.05K,2.64%
09/20/2000,0.9075,0.917,0.92,0.908,0.08K,-2.16%
09/19/2000,0.9275,0.924,0.929,0.922,0.07K,0.27%
09/18/2000,0.925,0.928,0.93,0.925,0.06K,-0.22%
09/15/2000,0.927,0.932,0.933,0.926,0.03K,-0.54%
09/14/2000,0.932,0.9355,0.9355,0.9325,0.25K,-0.11%
09/13/2000,0.933,0.935,0.935,0.9325,0.03K,-0.05%
09/12/2000,0.9335,0.919,0.934,0.9185,0.22K,1.63%
09/11/2000,0.9185,0.915,0.9195,0.9115,0.08K,0.27%
09/08/2000,0.916,0.917,0.9225,0.9165,0.04K,0.71%
09/07/2000,0.9095,0.908,0.9125,0.908,0.07K,0.44%
09/06/2000,0.9055,0.904,0.906,0.904,0.09K,-0.55%
09/05/2000,0.9105,0.904,0.911,0.902,0.04K,1.73%
09/01/2000,0.895,0.894,0.8955,0.893,0.03K,0.34%
08/31/2000,0.892,0.893,0.894,0.893,0.03K,-0.11%
08/30/2000,0.893,0.89,0.894,0.8885,0.24K,1.19%
08/29/2000,0.8825,0.8685,0.882,0.8685,0.37K,2.14%
08/28/2000,0.864,0.8645,0.8645,0.8625,0.03K,-0.29%
08/25/2000,0.8665,0.8635,0.864,0.86,0.06K,0.23%
08/24/2000,0.8645,0.864,0.865,0.864,0.95K,0.52%
08/23/2000,0.86,0.8615,0.866,0.8595,0.23K,-0.12%
08/22/2000,0.861,0.8605,0.861,0.859,0.07K,0.41%
08/21/2000,0.8575,0.863,0.8665,0.856,0.19K,-1.15%
08/18/2000,0.8675,0.874,0.874,0.868,0.23K,-0.40%
08/17/2000,0.871,0.868,0.87,0.868,0.01K,0.29%
08/16/2000,0.8685,0.868,0.868,0.868,0.01K,-0.46%
08/15/2000,0.8725,0.8715,0.875,0.8715,0.01K,0.40%
08/14/2000,0.869,0.865,0.8685,0.865,0.04K,0.87%
08/11/2000,0.8615,0.86,0.86,0.86,0.00K,-0.58%
08/10/2000,0.8665,0.8665,0.8665,0.8665,0.00K,-1.03%
08/09/2000,0.8755,0.868,0.875,0.8665,0.03K,1.39%
08/08/2000,0.8635,0.869,0.87,0.8635,0.13K,-1.03%
08/07/2000,0.8725,0.87,0.87,0.87,0.02K,-0.17%
08/04/2000,0.874,0.8685,0.8745,0.8685,0.00K,0.46%
08/03/2000,0.87,0.868,0.869,0.866,0.03K,-0.11%
08/02/2000,0.871,0.874,0.8765,0.8715,0.04K,-0.40%
08/01/2000,0.8745,0.8675,0.876,0.8675,0.20K,-0.11%
07/31/2000,0.8755,0.8675,0.876,0.8675,0.09K,0.69%
07/28/2000,0.8695,0.8735,0.8735,0.8675,0.04K,-0.23%
07/27/2000,0.8715,0.858,0.874,0.8575,8.55K,1.22%
07/26/2000,0.861,0.869,0.87,0.8575,9.75K,-1.03%
07/25/2000,0.87,0.868,0.871,0.864,5.91K,0.17%
07/24/2000,0.8685,0.8615,0.8725,0.8615,6.09K,0.17%
07/21/2000,0.867,0.848,0.868,0.847,11.75K,2.24%
07/20/2000,0.848,0.847,0.8495,0.8425,7.06K,0.12%
07/19/2000,0.847,0.8465,0.853,0.8435,7.29K,0.00%
07/18/2000,0.847,0.8455,0.852,0.8445,9.99K,0.12%
07/17/2000,0.846,0.832,0.85,0.8285,16.96K,2.05%
07/14/2000,0.829,0.8295,0.8325,0.8225,4.63K,-0.06%
07/13/2000,0.8295,0.832,0.836,0.828,6.51K,-0.30%
07/12/2000,0.832,0.824,0.836,0.821,8.77K,0.73%
07/11/2000,0.826,0.821,0.829,0.821,5.05K,0.61%
07/10/2000,0.821,0.8115,0.8235,0.8095,5.08K,0.92%
07/07/2000,0.8135,0.8115,0.8145,0.808,3.47K,0.25%
07/06/2000,0.8115,0.8215,0.823,0.808,10.31K,-1.34%
07/05/2000,0.8225,0.824,0.826,0.818,5.09K,-0.18%
06/30/2000,0.824,0.819,0.827,0.819,3.86K,0.67%
06/29/2000,0.8185,0.8305,0.8305,0.8145,11.47K,-0.61%
06/28/2000,0.8235,0.829,0.829,0.826,0.09K,0.12%
06/27/2000,0.8225,0.8275,0.832,0.822,0.48K,-0.54%
06/26/2000,0.827,0.8205,0.827,0.8205,0.03K,1.53%
06/23/2000,0.8145,0.8215,0.8215,0.809,0.10K,-0.73%
06/22/2000,0.8205,0.828,0.831,0.8195,0.29K,-0.85%
06/21/2000,0.8275,0.818,0.8265,0.815,0.16K,1.41%
06/20/2000,0.816,0.824,0.827,0.8155,0.14K,-1.81%
06/19/2000,0.831,0.8285,0.8285,0.8285,0.18K,0.48%
06/16/2000,0.827,0.826,0.827,0.826,0.07K,0.73%
06/15/2000,0.821,0.816,0.819,0.8055,0.02K,1.11%
06/14/2000,0.812,0.8055,0.811,0.8055,0.06K,1.00%
06/13/2000,0.804,0.8015,0.8015,0.8015,0.02K,0.88%
06/12/2000,0.797,0.797,0.797,0.791,0.01K,-0.44%
06/09/2000,0.8005,0.7995,0.7995,0.7995,0.05K,0.06%
06/08/2000,0.8,0.791,0.799,0.791,0.16K,0.38%
06/07/2000,0.797,0.8005,0.8005,0.7895,0.29K,-1.18%
06/06/2000,0.8065,0.808,0.808,0.808,0.02K,0.31%
06/05/2000,0.804,0.8035,0.804,0.803,0.01K,1.13%
06/02/2000,0.795,0.8135,0.8135,0.7955,0.06K,-2.21%
06/01/2000,0.813,0.817,0.817,0.8155,0.02K,-0.37%
05/31/2000,0.816,0.803,0.808,0.803,0.08K,0.31%
05/30/2000,0.8135,0.836,0.836,0.81,0.22K,-2.63%
05/26/2000,0.8355,0.833,0.8375,0.8275,2.66K,0.36%
05/25/2000,0.8325,0.839,0.839,0.827,8.56K,-0.72%
05/24/2000,0.8385,0.8325,0.846,0.831,8.86K,0.48%
05/23/2000,0.8345,0.83,0.838,0.83,4.88K,0.42%
05/22/2000,0.831,0.841,0.8445,0.828,7.77K,-1.36%
05/19/2000,0.8425,0.845,0.846,0.836,6.19K,-0.30%
05/18/2000,0.845,0.844,0.855,0.841,6.14K,0.24%
05/17/2000,0.843,0.849,0.854,0.8425,9.72K,-0.94%
05/16/2000,0.851,0.8405,0.855,0.8385,7.63K,1.25%
05/15/2000,0.8405,0.845,0.848,0.839,5.18K,-0.47%
05/12/2000,0.8445,0.827,0.849,0.827,9.82K,1.75%
05/11/2000,0.83,0.8285,0.835,0.825,6.14K,0.18%
05/10/2000,0.8285,0.829,0.844,0.826,8.47K,-0.24%
05/09/2000,0.8305,0.835,0.8365,0.827,7.54K,-0.60%
05/08/2000,0.8355,0.8395,0.847,0.8335,10.36K,-0.59%
05/05/2000,0.8405,0.818,0.843,0.816,15.17K,2.56%
05/04/2000,0.8195,0.817,0.824,0.812,7.24K,0.12%
05/03/2000,0.8185,0.8215,0.824,0.8135,7.10K,-0.37%
05/02/2000,0.8215,0.801,0.8255,0.798,160.92K,2.69%
05/01/2000,0.8,0.795,0.8,0.795,2.35K,0.50%
04/28/2000,0.796,0.7965,0.808,0.795,11.69K,-0.06%
04/27/2000,0.7965,0.7905,0.798,0.787,14.06K,1.08%
04/26/2000,0.788,0.791,0.792,0.787,0.18K,-0.76%
04/25/2000,0.794,0.78,0.7935,0.78,0.41K,2.92%
04/24/2000,0.7715,0.77,0.77,0.763,0.04K,0.06%
04/20/2000,0.771,0.7725,0.773,0.771,0.03K,-0.45%
04/19/2000,0.7745,0.772,0.779,0.771,0.26K,0.65%
04/18/2000,0.7695,0.764,0.768,0.764,0.35K,2.81%
04/17/2000,0.7485,0.75,0.7525,0.749,0.05K,-1.32%
04/14/2000,0.7585,0.766,0.766,0.7585,0.22K,-2.07%
04/13/2000,0.7745,0.777,0.7775,0.7725,0.07K,-0.96%
04/12/2000,0.782,0.7805,0.7805,0.7805,0.01K,-0.32%
04/11/2000,0.7845,0.786,0.787,0.786,0.13K,0.58%
04/10/2000,0.78,0.7735,0.7805,0.7735,0.76K,0.97%
04/07/2000,0.7725,0.768,0.774,0.768,0.04K,0.65%
04/06/2000,0.7675,0.779,0.78,0.7675,0.56K,-3.40%
04/05/2000,0.7945,0.7965,0.799,0.7965,0.03K,-0.25%
04/04/2000,0.7965,0.8,0.8025,0.796,0.01K,-1.12%
04/03/2000,0.8055,0.7995,0.8045,0.7965,0.16K,-0.37%
03/31/2000,0.8085,0.809,0.809,0.805,0.01K,-0.31%
03/30/2000,0.811,0.8155,0.8155,0.8135,0.12K,0.50%
03/29/2000,0.807,0.8035,0.8085,0.8,5.70K,0.37%
03/28/2000,0.804,0.802,0.8065,0.799,5.94K,0.19%
03/27/2000,0.8025,0.809,0.8115,0.795,7.65K,-1.05%
03/24/2000,0.811,0.818,0.82,0.809,6.09K,-0.86%
03/23/2000,0.818,0.815,0.8185,0.81,5.17K,0.12%
03/22/2000,0.817,0.8175,0.826,0.8135,9.58K,-0.18%
03/21/2000,0.8185,0.806,0.822,0.805,7.44K,1.36%
03/20/2000,0.8075,0.8175,0.819,0.806,5.95K,-0.86%
03/17/2000,0.8145,0.819,0.821,0.8125,7.55K,-0.61%
03/16/2000,0.8195,0.8085,0.8225,0.806,9.35K,1.05%
03/15/2000,0.811,0.8025,0.814,0.8015,6.78K,1.00%
03/14/2000,0.803,0.787,0.81,0.787,9.85K,1.65%
03/13/2000,0.79,0.7895,0.7935,0.782,5.36K,-0.19%
03/10/2000,0.7915,0.8,0.803,0.79,4.39K,-0.94%
03/09/2000,0.799,0.7895,0.7995,0.787,4.68K,1.20%
03/08/2000,0.7895,0.7945,0.7945,0.7815,8.20K,-0.63%
03/07/2000,0.7945,0.804,0.81,0.7915,6.92K,-1.24%
03/06/2000,0.8045,0.806,0.808,0.797,6.49K,0.19%
03/03/2000,0.803,0.797,0.8055,0.788,6.35K,0.75%
03/02/2000,0.797,0.7985,0.8055,0.791,6.41K,-0.75%
03/01/2000,0.803,0.7985,0.81,0.793,9.80K,0.63%
02/29/2000,0.798,0.795,0.8035,0.781,13.39K,0.50%
02/28/2000,0.794,0.825,0.827,0.7915,20.65K,-3.35%
02/25/2000,0.8215,0.835,0.835,0.8215,0.34K,-2.26%
02/24/2000,0.8405,0.846,0.849,0.8445,0.17K,-0.53%
02/23/2000,0.845,0.843,0.843,0.842,0.61K,1.44%
02/22/2000,0.833,0.8325,0.834,0.8255,0.22K,-0.48%
02/18/2000,0.837,0.842,0.8425,0.8405,0.01K,-0.53%
02/17/2000,0.8415,0.836,0.8405,0.836,0.01K,1.02%
02/16/2000,0.833,0.828,0.8325,0.8275,0.05K,0.12%
02/15/2000,0.832,0.849,0.8495,0.828,0.01K,-2.00%
02/14/2000,0.849,0.842,0.848,0.842,0.01K,-0.12%
02/11/2000,0.85,0.8545,0.857,0.8495,0.07K,-0.53%
02/10/2000,0.8545,0.8405,0.8545,0.8405,0.15K,3.26%
02/09/2000,0.8275,0.8295,0.8295,0.823,0.03K,0.24%
02/08/2000,0.8255,0.8305,0.8305,0.829,0.01K,-0.84%
02/07/2000,0.8325,0.8295,0.8295,0.8285,0.01K,0.00%
02/04/2000,0.8325,0.822,0.8265,0.822,0.38K,0.24%
02/03/2000,0.8305,0.83,0.831,0.826,0.05K,0.36%
02/02/2000,0.8275,0.846,0.846,0.831,0.07K,-2.42%
02/01/2000,0.848,0.855,0.855,0.844,0.04K,-0.76%
01/31/2000,0.8545,0.8445,0.8545,0.8445,0.03K,1.73%
01/28/2000,0.84,0.852,0.8565,0.84,0.30K,-0.53%
01/27/2000,0.8445,0.842,0.848,0.831,10.03K,0.36%
01/26/2000,0.8415,0.842,0.853,0.835,13.68K,-0.12%
01/25/2000,0.8425,0.8555,0.862,0.841,18.22K,-1.63%
01/24/2000,0.8565,0.87,0.87,0.856,8.16K,-1.89%
01/21/2000,0.873,0.8725,0.881,0.868,7.08K,0.00%
01/20/2000,0.873,0.881,0.885,0.8675,9.73K,-1.08%
01/19/2000,0.8825,0.865,0.883,0.865,10.60K,1.91%
01/18/2000,0.866,0.867,0.8695,0.851,8.71K,0.41%
01/14/2000,0.8625,0.858,0.863,0.855,3.76K,0.70%
01/13/2000,0.8565,0.865,0.867,0.855,9.59K,-1.10%
01/12/2000,0.866,0.844,0.8695,0.843,17.38K,2.67%
01/11/2000,0.8435,0.8455,0.851,0.842,5.94K,-0.35%
01/10/2000,0.8465,0.853,0.8545,0.84,7.13K,-0.88%
01/07/2000,0.854,0.853,0.8625,0.8495,6.23K,0.12%
01/06/2000,0.853,0.856,0.8565,0.848,6.94K,-0.41%
01/05/2000,0.8565,0.845,0.859,0.838,9.24K,1.00%
01/04/2000,0.848,0.8615,0.862,0.845,12.25K,-1.74%
