Date,Price,Open,High,Low,Vol,Change %
10/22/2025,58.26,57.57,58.38,57.34,4.55,1.27%
10/21/2025,57.53,56.95,58.08,56.35,0.29,0.89%
10/20/2025,57.02,57.32,57.43,55.96,317.39,0.12%
10/19/2025,56.95,57.29,57.44,56.95,5.52,-0.35%
10/17/2025,57.15,57.03,57.32,56.15,373.61,0.28%
10/16/2025,56.99,58.34,58.63,56.78,276.29,-1.47%
10/15/2025,57.84,58.15,58.93,57.78,229.48,-0.74%
10/14/2025,58.27,59.17,59.39,57.29,232.45,-1.35%
10/13/2025,59.07,58.65,59.69,58.41,0.64,0.29%
10/10/2025,58.9,61.49,61.67,58.22,339.1,-4.24%
10/09/2025,61.51,62.31,62.87,61.25,259.17,-1.66%
10/08/2025,62.55,62.05,62.92,62.05,273.32,1.33%
10/07/2025,61.73,61.73,62.11,60.72,245.12,0.06%
10/06/2025,61.69,61.14,62.12,61.04,224.68,1.33%
10/03/2025,60.88,60.7,61.38,60.55,240.04,0.66%
10/02/2025,60.48,61.78,62.54,60.4,290.51,-2.10%
10/01/2025,61.78,62.46,62.89,61.4,274.34,-0.95%
09/30/2025,62.37,63.14,63.26,62.03,271.65,-1.70%
09/29/2025,63.45,65.07,65.4,62.98,294.29,-3.45%
09/26/2025,65.72,65.2,66.42,64.66,284.99,1.14%
09/25/2025,64.98,64.8,65.34,64.06,258.35,-0.02%
09/24/2025,64.99,63.64,65.05,63.25,282.72,2.49%
09/23/2025,63.41,62.33,63.89,61.85,265.95,1.23%
09/22/2025,62.64,62.74,63.18,61.98,18.65,-0.06%
09/19/2025,62.68,63.59,63.65,62.6,87.17,-1.40%
09/18/2025,63.57,63.99,64.55,63.33,82.32,-0.75%
09/17/2025,64.05,64.59,64.67,63.69,165.43,-0.73%
09/16/2025,64.52,63.31,64.76,62.89,234.25,2.38%
09/15/2025,63.02,62.69,63.38,62.26,143.25,0.53%
09/12/2025,62.69,62.27,63.98,61.69,313.27,0.51%
09/11/2025,62.37,63.8,63.8,62.21,222.66,-2.04%
09/10/2025,63.67,62.74,64.08,62.72,260.68,1.66%
09/09/2025,62.63,62.43,63.67,62.37,268.53,0.59%
09/08/2025,62.26,62,63.34,61.85,237.29,0.63%
09/05/2025,61.87,63.33,63.49,61.45,294.54,-2.54%
09/04/2025,63.48,63.82,63.84,62.72,251.69,-0.77%
09/03/2025,63.97,65.62,65.72,63.72,298.74,-2.47%
09/02/2025,65.59,63.95,66.03,63.66,320.22,1.47%
09/01/2025,64.64,64.61,64.88,63.67,60.13,1.06%
08/31/2025,63.96,63.98,64.01,63.92,,-0.08%
08/29/2025,64.01,64.26,64.55,63.88,183.26,-0.91%
08/28/2025,64.6,63.87,64.7,63.35,208.93,0.70%
08/27/2025,64.15,63.31,64.23,62.95,193.48,1.42%
08/26/2025,63.25,64.75,64.76,63.13,199.1,-2.39%
08/25/2025,64.8,63.88,65.1,63.53,185.27,1.79%
08/22/2025,63.66,63.5,63.93,63.31,223.17,0.22%
08/21/2025,63.52,62.85,63.67,62.52,250.17,0.49%
08/20/2025,63.21,62.6,63.55,62.39,27.16,1.38%
08/19/2025,62.35,63.27,63.39,62.25,99.48,-1.69%
08/18/2025,63.42,63,63.79,62.18,95.11,0.99%
08/15/2025,62.8,63.91,64.15,62.68,197.39,-1.81%
08/14/2025,63.96,62.79,64.1,62.58,251.65,3.28%
08/13/2025,61.93,62.38,62.59,61.29,211.24,-0.88%
08/12/2025,62.48,63.2,63.48,62.35,205.01,-0.97%
08/11/2025,63.09,62.65,63.54,62.21,146.96,-1.24%
08/08/2025,63.88,63.85,64.58,62.77,322.94,0.00%
08/07/2025,63.88,64.36,65.11,63.7,300.52,-0.73%
08/06/2025,64.35,65.15,66.75,63.64,353.83,-1.24%
08/05/2025,65.16,66.21,66.39,65.03,279.03,-1.70%
08/04/2025,66.29,66.85,67.74,65.46,277.38,-1.54%
08/01/2025,67.33,69.35,69.58,67.05,355.82,-2.79%
07/31/2025,69.26,70.3,70.41,68.56,247.03,-1.06%
07/30/2025,70,69.34,70.51,68.45,345.34,1.14%
07/29/2025,69.21,67.04,69.76,66.53,329.11,3.75%
07/28/2025,66.71,65.15,67.14,65.05,262.04,2.38%
07/25/2025,65.16,66.15,66.74,65,234.28,-1.32%
07/24/2025,66.03,65.42,66.39,65.33,281.21,1.20%
07/23/2025,65.25,65.49,65.78,64.71,251.83,-1.45%
07/22/2025,66.21,67.12,67.13,65.99,18.61,-1.47%
07/21/2025,67.2,67.32,67.76,66.46,81.19,-0.21%
07/18/2025,67.34,67.6,68.96,67.2,107.63,-0.30%
07/17/2025,67.54,66.6,67.69,66.29,188.8,1.75%
07/16/2025,66.38,66.73,67.01,65.42,248.35,1.55%
07/15/2025,65.37,65.67,66.06,65.18,236.06,-0.67%
07/14/2025,65.81,67.35,68.16,65.64,229.76,-3.86%
07/11/2025,68.45,66.85,68.77,66.5,226.3,2.82%
07/10/2025,66.57,68.29,68.65,66.45,258.65,-2.65%
07/09/2025,68.38,68.18,68.94,67.7,223.95,0.07%
07/08/2025,68.33,67.96,68.91,67.33,219.88,0.59%
07/07/2025,67.93,65.7,68.32,65.4,332.95,2.17%
07/04/2025,66.49,67.13,67.16,66.05,56.22,-0.76%
07/03/2025,67,67.5,67.58,66.53,220.44,-0.67%
07/02/2025,67.45,65.56,67.58,65.23,265.2,3.06%
07/01/2025,65.45,64.96,65.98,64.67,193.16,0.52%
06/30/2025,65.11,65.15,65.82,64.5,193.29,-0.63%
06/27/2025,65.52,65.3,66.09,64.8,236.28,0.43%
06/26/2025,65.24,64.98,66.42,64.66,233.77,0.49%
06/25/2025,64.92,65.12,66.03,64.51,278.5,0.85%
06/24/2025,64.37,67.74,67.83,64,541.48,-6.04%
06/23/2025,68.51,78,78.4,66.6,728.87,-8.57%
06/20/2025,74.93,74.6,77.58,74.3,34.05,1.50%
06/19/2025,73.82,73.88,75.73,72.65,250.83,-1.76%
06/18/2025,75.14,75.61,76.07,72.94,524.54,0.40%
06/17/2025,74.84,71.11,75.54,71,154.26,4.28%
06/16/2025,71.77,76.54,77.49,69.38,367.31,0.67%
06/13/2025,71.29,67.5,74.63,67.11,715.81,6.98%
06/12/2025,66.64,67.68,67.93,65.51,297.7,-0.39%
06/11/2025,66.9,63.67,67.11,63.54,260.69,4.68%
06/10/2025,63.91,64.1,65.1,63.51,207.74,-0.48%
06/09/2025,64.22,63.81,64.34,63.27,137.42,-0.56%
06/06/2025,64.58,63.33,64.8,62.82,310.13,1.91%
06/05/2025,63.37,62.76,63.98,62.5,232.42,0.83%
06/04/2025,62.85,63.36,63.96,62.17,321.13,-0.88%
06/03/2025,63.41,63.02,63.89,62.4,291.26,1.42%
06/02/2025,62.52,61.11,63.88,61.06,403.58,2.85%
05/30/2025,60.79,60.94,61.72,59.74,384.93,-0.25%
05/29/2025,60.94,61.83,63.07,60.55,299.86,-1.46%
05/28/2025,61.84,61.04,62.54,60.85,260.37,1.56%
05/27/2025,60.89,61.7,62.14,60.26,291.32,-0.98%
05/26/2025,61.49,61.53,62.03,61.26,49.02,-0.71%
05/25/2025,61.93,61.73,62.15,61.58,,0.65%
05/23/2025,61.53,60.81,61.88,60.02,273.39,0.54%
05/22/2025,61.2,61.33,61.75,60.25,258.55,-0.60%
05/21/2025,61.57,62.27,64.19,61.28,302.7,-1.58%
05/20/2025,62.56,62.68,63.17,62.19,25.62,-0.21%
05/19/2025,62.69,62.75,63.4,61.57,95.57,1.16%
05/16/2025,61.97,61.22,62.18,60.78,250.32,1.34%
05/15/2025,61.15,62.4,62.46,60.08,264.08,-2.44%
05/14/2025,62.68,63.2,63.23,62.31,203.84,-0.90%
05/13/2025,63.25,61.55,63.44,61.23,203.23,2.75%
05/12/2025,61.56,60.97,63.13,60.56,243.29,0.88%
05/09/2025,61.02,60.25,61.45,59.89,239.64,1.85%
05/08/2025,59.91,57.93,60.29,57.74,281,3.17%
05/07/2025,58.07,58.98,60.26,57.81,295.24,-1.73%
05/06/2025,59.09,57.25,59.84,57.03,343.89,3.43%
05/05/2025,57.13,56.76,57.7,55.3,308.39,-1.99%
05/02/2025,58.29,58.99,59.87,57.74,322.1,-1.60%
05/01/2025,59.24,58.16,59.5,56.39,364.22,1.77%
04/30/2025,58.21,60.16,60.43,57.91,419.55,-3.66%
04/29/2025,60.42,61.87,62.07,60.12,312.37,-2.63%
04/28/2025,62.05,63.49,63.92,61.48,276.12,-1.54%
04/25/2025,63.02,62.86,63.41,61.8,283.76,0.37%
04/24/2025,62.79,62.34,63.31,61.99,264.91,0.84%
04/23/2025,62.27,64,64.87,61.53,397.84,-3.17%
04/22/2025,64.31,63.43,65.09,63.43,34.95,1.95%
04/21/2025,63.08,64.3,64.42,62.45,82.67,-2.47%
04/17/2025,64.68,62.63,64.86,62.61,111.48,3.54%
04/16/2025,62.47,61.54,62.98,60.44,213.19,2.83%
04/15/2025,60.75,61.09,61.57,60.38,206.48,-0.49%
04/14/2025,61.05,61.15,62.07,60.12,224.09,-0.73%
04/11/2025,61.5,60.2,61.87,59.43,306.23,2.38%
04/10/2025,60.07,62.71,63.34,58.76,391.83,-3.66%
04/09/2025,62.35,58.32,62.93,55.12,592.25,4.65%
04/08/2025,59.58,61.03,61.75,57.88,557.66,-1.85%
04/07/2025,60.7,61.12,63.9,58.95,597.62,-2.08%
04/04/2025,61.99,66.64,66.9,60.45,559.64,-7.41%
04/03/2025,66.95,70.38,70.41,65.98,459.24,-6.64%
04/02/2025,71.71,71.2,72.28,70.59,286.5,0.72%
04/01/2025,71.2,71.39,72.1,71.03,272.83,-0.39%
03/31/2025,71.48,69.43,71.83,68.81,313.09,3.06%
03/28/2025,69.36,69.91,70.09,68.87,246.65,-0.80%
03/27/2025,69.92,69.96,69.97,69.12,211.83,0.39%
03/26/2025,69.65,69.16,70.22,69.06,262.41,0.94%
03/25/2025,69,69.16,69.68,68.52,258.41,-0.16%
03/24/2025,69.11,68.35,69.33,67.95,247.02,1.22%
03/21/2025,68.28,68.35,68.65,67.65,198.96,0.03%
03/20/2025,68.26,67.29,68.47,66.88,25.12,1.64%
03/19/2025,67.16,66.72,67.63,66.21,73.08,0.39%
03/18/2025,66.9,67.4,68.72,66.56,110.34,-0.70%
03/17/2025,67.37,67.1,68.1,67.01,210.19,0.69%
03/14/2025,66.91,66.48,67.19,66.33,161.84,0.97%
03/13/2025,66.27,67.38,67.65,66.08,212.01,-1.65%
03/12/2025,67.38,66.31,67.53,65.83,175.05,2.20%
03/11/2025,65.93,65.6,66.79,65,134.71,0.38%
03/10/2025,65.68,66.78,67.24,65.45,173.46,-2.03%
03/07/2025,67.04,66.34,68.22,66.12,329.71,1.02%
03/06/2025,66.36,66.39,67.09,65.59,341.63,0.08%
03/05/2025,66.31,68.08,68.1,65.22,382.49,-2.86%
03/04/2025,68.26,68.46,68.56,66.77,386.75,-0.16%
03/03/2025,68.37,69.95,70.6,67.89,332.75,-1.99%
02/28/2025,69.76,70.17,70.29,69.14,250.07,-0.84%
02/27/2025,70.35,68.82,70.54,68.61,265.93,2.52%
02/26/2025,68.62,69.11,69.28,68.36,255.6,-0.45%
02/25/2025,68.93,70.92,71.26,68.68,267.31,-2.50%
02/24/2025,70.7,69.8,70.94,69.8,205.47,0.43%
02/21/2025,70.4,72.58,72.77,70.17,268.47,-2.99%
02/20/2025,72.57,72.18,73.25,71.85,26.71,0.44%
02/19/2025,72.25,71.78,73.04,71.71,69.01,0.56%
02/18/2025,71.85,70.7,72.07,70.12,130.94,1.61%
02/14/2025,70.71,71.38,71.88,70.5,213.47,-0.60%
02/13/2025,71.14,71.08,71.46,70.16,220.02,-0.14%
02/12/2025,71.24,72.98,73,71.03,221.77,-2.52%
02/11/2025,73.08,72.11,73.33,72,195.49,1.49%
02/10/2025,72.01,70.77,72.2,70.61,160.44,1.42%
02/07/2025,71,70.56,71.41,70.47,273.77,0.55%
02/06/2025,70.61,71.18,71.85,70.43,299.04,-0.59%
02/05/2025,71.03,72.76,72.97,70.96,289.9,-2.30%
02/04/2025,72.7,72.35,73.35,70.67,452.96,-0.63%
02/03/2025,73.16,74.14,75.18,72.05,517.85,0.87%
01/31/2025,72.53,73.2,73.84,71.94,376.34,-0.27%
01/30/2025,72.73,73,73.84,72.02,336.48,0.15%
01/29/2025,72.62,73.95,74.08,72.33,312.73,-1.56%
01/28/2025,73.77,73.15,74.31,72.93,326.08,0.82%
01/27/2025,73.17,74.54,75.15,72.38,334.42,-2.00%
01/24/2025,74.66,74.3,75.21,74.01,319.68,0.05%
01/23/2025,74.62,75.39,76,74.14,350.69,-1.09%
01/22/2025,75.44,75.88,76.45,75.28,315.33,-0.59%
01/21/2025,75.89,78.19,78.47,75.49,28.41,-2.56%
01/17/2025,77.88,78.75,79.44,77.76,112.41,-1.02%
01/16/2025,78.68,80.4,80.59,77.87,159.95,-0.04%
01/15/2025,78.71,76.84,79.39,76.16,355.67,3.06%
01/14/2025,76.37,77.24,77.51,76.2,338.2,-1.20%
01/13/2025,77.3,75.68,77.64,75.67,493.44,2.05%
01/10/2025,75.75,73.57,76.89,73.33,448.29,3.43%
01/09/2025,73.24,72.66,73.61,72.2,162,0.78%
01/08/2025,72.67,73.81,74.44,72.51,261.48,-1.22%
01/07/2025,73.57,72.81,73.82,72.51,188.74,0.89%
01/06/2025,72.92,73.31,74.18,72.54,221.84,-0.40%
01/03/2025,73.21,72.46,73.5,72.1,220.66,0.98%
01/02/2025,72.5,71.45,73.12,71.31,182.49,1.75%
12/31/2024,71.25,70.69,71.52,70.43,63.63,1.02%
12/30/2024,70.53,70,71.05,69.75,93.1,0.50%
12/27/2024,70.18,69.27,70.32,69.06,79.13,1.37%
12/26/2024,69.23,69.72,70.25,68.94,69.64,-0.59%
12/24/2024,69.64,69.04,69.94,68.95,40.39,1.21%
12/23/2024,68.81,68.97,69.5,68.22,90.95,-0.30%
12/20/2024,69.02,68.83,69.38,68.05,114.62,-0.52%
12/19/2024,69.38,69.6,70.58,69.1,291.66,-0.91%
12/18/2024,70.02,69.82,70.8,69.39,326.61,0.53%
12/17/2024,69.65,70.23,70.54,68.81,280.9,-0.91%
12/16/2024,70.29,71,71,69.98,210.75,-0.75%
12/13/2024,70.82,69.64,70.94,69.51,201.26,1.67%
12/12/2024,69.66,69.97,70.27,68.74,231.02,-0.30%
12/11/2024,69.87,68.15,70.08,68.12,231.68,2.34%
12/10/2024,68.27,67.86,68.72,67.45,157.46,0.26%
12/09/2024,68.09,66.93,68.59,66.85,176.71,1.66%
12/06/2024,66.98,68.08,68.13,66.71,207.12,-1.44%
12/05/2024,67.96,68.38,68.77,67.66,129.14,-0.34%
12/04/2024,68.19,69.58,70.11,68.14,141.67,-1.94%
12/03/2024,69.54,67.89,69.83,67.65,134.42,2.51%
12/02/2024,67.84,67.77,68.83,67.44,95,0.18%
11/29/2024,67.72,68.39,69.32,67.6,106.39,-0.92%
11/27/2024,68.35,68.57,69.01,67.81,87.85,-0.13%
11/26/2024,68.44,68.7,69.91,67.73,98.59,-0.20%
11/25/2024,68.58,70.96,70.96,68.36,146.7,-3.09%
11/22/2024,70.77,69.85,71.02,68.96,209.42,1.43%
11/21/2024,69.77,68.83,70.09,68.62,131.44,1.48%
11/20/2024,68.75,69.28,69.96,68.64,235.64,-0.71%
11/19/2024,69.24,69.08,69.74,68.48,349.7,0.10%
11/18/2024,69.17,66.77,69.37,66.53,300.55,3.36%
11/15/2024,66.92,68.45,68.51,66.71,200.77,-2.35%
11/14/2024,68.53,67.97,69.24,67.77,176.09,0.40%
11/13/2024,68.26,67.82,68.69,66.8,254.21,0.43%
11/12/2024,67.97,68.04,68.97,67.65,181.18,0.07%
11/11/2024,67.92,69.99,70.3,67.79,215.31,-3.12%
11/08/2024,70.11,71.8,71.87,69.67,211.74,-2.57%
11/07/2024,71.96,71.41,72.41,70.27,187.3,1.01%
11/06/2024,71.24,71.57,72.18,69.35,158.53,-0.45%
11/05/2024,71.56,71.17,72.2,70.86,108.65,0.75%
11/04/2024,71.03,69.87,71.36,69.84,108.26,2.82%
11/01/2024,69.08,69.96,70.95,68.9,110.38,0.39%
10/31/2024,68.81,68.65,70.31,67.87,109.2,0.92%
10/30/2024,68.18,66.97,68.73,66.88,92.73,2.05%
10/29/2024,66.81,67.63,68.09,66.32,93.13,-0.25%
10/28/2024,66.98,68.58,68.6,66.59,141.39,-6.12%
10/25/2024,71.35,70.02,71.52,69.63,99.41,2.16%
10/24/2024,69.84,70.62,71.87,69.41,83.73,-0.75%
10/23/2024,70.37,70.94,71.29,69.76,119.31,-1.91%
10/22/2024,71.74,69.96,72.09,69.35,330.46,2.43%
10/21/2024,70.04,68.94,70.39,68.46,302.75,1.97%
10/18/2024,68.69,70.17,70.67,68.17,335.56,-2.00%
10/17/2024,70.09,70.11,70.53,68.89,228.84,0.39%
10/16/2024,69.82,70.39,70.69,69.12,181.55,-0.27%
10/15/2024,70.01,71.14,71.57,69.2,244.86,-4.41%
10/14/2024,73.24,74.26,74.35,71.24,174.47,-2.15%
10/11/2024,74.85,75,75.28,73.85,217.34,-0.35%
10/10/2024,75.11,72.73,75.45,72.62,206.39,3.47%
10/09/2024,72.59,73.27,73.82,71,228.02,-0.53%
10/08/2024,72.98,76.63,77.7,72.12,329.53,-4.56%
10/07/2024,76.47,73.76,76.7,73.01,257.21,3.79%
10/04/2024,73.68,73.35,74.84,72.94,262.04,0.70%
10/03/2024,73.17,70.49,73.51,70.08,275.08,4.99%
10/02/2024,69.69,70.3,71.95,69.45,241.14,0.43%
10/01/2024,69.39,68.05,71.36,65.99,353.03,2.39%
09/30/2024,67.77,68.08,68.83,67.14,189.29,0.15%
09/27/2024,67.67,66.95,68.13,66.58,169.9,0.71%
09/26/2024,67.19,69.3,69.47,66.49,274.69,-2.81%
09/25/2024,69.13,70.84,71.04,68.69,272.17,-2.41%
09/24/2024,70.84,69.96,71.6,69.69,167.02,1.77%
09/23/2024,69.61,70.43,70.94,68.73,185.35,-1.96%
09/20/2024,71,71.18,71.45,70.37,307,-0.22%
09/19/2024,71.16,69.15,71.53,69.13,354.93,1.83%
09/18/2024,69.88,69.98,70.31,68.58,367.19,-0.11%
09/17/2024,69.96,69.35,70.65,68.51,289.93,1.36%
09/16/2024,69.02,68.22,69.61,67.7,235.88,1.87%
09/13/2024,67.75,68.35,69.35,67.58,230.3,-0.59%
09/12/2024,68.15,66.68,68.93,66.55,221.59,2.33%
09/11/2024,66.6,65.73,67.14,64.99,237.2,2.24%
09/10/2024,65.14,67.97,68.3,64.61,257.97,-4.08%
09/09/2024,67.91,67.42,68.14,66.61,163.36,1.39%
09/06/2024,66.98,68.66,69.41,66.51,165.62,-2.22%
09/05/2024,68.5,68.52,70.01,68.13,210.22,-0.03%
09/04/2024,68.52,69.54,70.61,68.16,235.03,-1.54%
09/03/2024,69.59,72.64,73.35,69.37,231.78,-5.68%
09/02/2024,73.78,73,74.39,72.89,,1.10%
09/01/2024,72.98,73.33,73.42,72.97,,0.45%
08/30/2024,72.65,74.69,75.31,72.46,210.33,-2.71%
08/29/2024,74.67,73.31,75.51,72.92,224.37,1.67%
08/28/2024,73.44,74.71,74.88,72.92,131.59,-1.37%
08/27/2024,74.46,75.93,76.21,74.34,154.88,-2.24%
08/26/2024,76.17,74.13,76.4,74.08,209.3,3.03%
08/23/2024,73.93,72.21,74.17,72.12,131.32,2.28%
08/22/2024,72.28,71.36,72.77,71,143.77,1.37%
08/21/2024,71.3,72.42,73.39,70.88,178.98,-2.56%
08/20/2024,73.17,73.74,74.38,72.54,329.28,-0.67%
08/19/2024,73.66,75.47,75.73,73.45,422.1,-2.49%
08/16/2024,75.54,76.81,76.98,74.52,317.68,-1.88%
08/15/2024,76.99,76.07,77.38,75.7,237.54,1.52%
08/14/2024,75.84,77.1,77.52,75.66,344.94,-1.25%
08/13/2024,76.8,78.09,78.43,76.65,283.2,-2.12%
08/12/2024,78.46,75.62,78.54,75.44,244.98,3.77%
08/09/2024,75.61,74.86,75.79,74.7,143.83,0.76%
08/08/2024,75.04,74.37,75.27,73.53,205.55,1.17%
08/07/2024,74.17,72,74.73,71.75,215.9,2.53%
08/06/2024,72.34,73.14,73.77,71.46,175.21,0.19%
08/05/2024,72.2,73.26,73.53,70.88,228.05,-0.54%
08/02/2024,72.59,75.89,76.3,72.12,216.86,-3.73%
08/01/2024,75.4,77.47,77.72,75.32,182.47,-1.87%
07/31/2024,76.84,74.37,77.54,74.27,239.72,4.01%
07/30/2024,73.88,74.87,74.92,73.73,229.37,-1.23%
07/29/2024,74.8,76.02,76.52,74.34,178.81,-1.58%
07/26/2024,76,77.18,77.41,75.08,161.41,-1.44%
07/25/2024,77.11,76.43,77.28,75.05,224.03,0.69%
07/24/2024,76.58,76.35,77.08,75.93,184.2,0.87%
07/23/2024,75.92,77.15,77.63,75.45,191.99,-3.16%
07/22/2024,78.4,78.95,79.13,77.55,345.24,-0.31%
07/19/2024,78.64,80.88,81.34,78.59,427.06,-3.27%
07/18/2024,81.3,81.68,82.27,80.61,398.37,-0.17%
07/17/2024,81.44,79.82,81.63,79.43,419.58,2.17%
07/16/2024,79.71,80.85,80.87,79.22,272.2,-1.40%
07/15/2024,80.84,80.96,81.35,80.36,216.42,-0.22%
07/12/2024,81.02,81.55,82.29,80.91,276.67,-0.44%
07/11/2024,81.38,81.35,81.83,80.6,205.1,0.38%
07/10/2024,81.07,80.92,81.6,79.95,193.21,0.63%
07/09/2024,80.56,81.45,81.65,80.42,166.79,-1.18%
07/08/2024,81.52,82.36,82.5,81.29,143.02,-0.90%
07/05/2024,82.26,82.75,83.58,82.19,168.8,-2.00%
07/04/2024,83.94,83.61,84.2,83.03,,1.11%
07/03/2024,83.02,82.25,83.07,81.59,156.73,1.36%
07/02/2024,81.91,82.39,83.22,81.83,225.17,-0.50%
07/01/2024,82.32,80.56,82.58,80.49,214.49,2.08%
06/28/2024,80.64,80.96,81.78,80.15,110.62,-0.24%
06/27/2024,80.83,80.14,81.21,79.81,158.9,0.80%
06/26/2024,80.19,79.97,80.85,79.5,147.98,0.15%
06/25/2024,80.07,80.97,81.12,79.8,173.57,-0.98%
06/24/2024,80.86,79.77,80.99,79.52,158.61,1.13%
06/21/2024,79.96,80.44,80.94,79.59,163.22,-1.64%
06/20/2024,81.29,80.75,81.52,80.3,420.5,0.87%
06/19/2024,80.59,80.78,81.16,80.31,,-0.15%
06/18/2024,80.71,79.92,80.85,79.17,485.71,1.24%
06/17/2024,79.72,78.12,80.01,77.58,402.74,2.14%
06/14/2024,78.05,77.65,78.8,77.42,316.38,-0.27%
06/13/2024,78.26,78.01,78.54,77.35,301.73,0.14%
06/12/2024,78.15,77.8,78.94,77.56,209.18,0.77%
06/11/2024,77.55,77.65,77.99,76.86,202.57,0.28%
06/10/2024,77.33,74.97,77.85,74.94,181.84,2.81%
06/07/2024,75.22,75.38,75.9,74.93,139.59,-0.03%
06/06/2024,75.24,74.03,75.47,73.82,145.06,1.92%
06/05/2024,73.82,72.72,74.07,72.69,159.6,1.04%
06/04/2024,73.06,73.89,73.99,72.44,209.68,-1.39%
06/03/2024,74.09,76.73,77.23,73.84,219.93,-3.44%
05/31/2024,76.73,77.5,78.27,76.37,157.56,-1.04%
05/30/2024,77.54,78.87,78.97,77.3,176.67,-1.60%
05/29/2024,78.8,79.78,80.11,78.57,123.48,-0.69%
05/28/2024,79.35,77.36,79.79,77.24,121.48,0.89%
05/27/2024,78.65,77.84,78.8,77.75,,1.84%
05/24/2024,77.23,76.62,77.55,75.75,139.52,1.01%
05/23/2024,76.46,76.9,78.21,76.03,125.72,-0.89%
05/22/2024,77.15,77.9,78.03,76.85,139.45,-1.92%
05/21/2024,78.66,79.23,79.3,77.65,371.67,-0.81%
05/20/2024,79.3,79.58,80.11,78.67,342.09,-0.35%
05/17/2024,79.58,78.92,79.66,78.58,321.03,1.07%
05/16/2024,78.74,78.36,79.3,77.75,277.25,0.74%
05/15/2024,78.16,78.03,78.43,76.36,299.56,0.66%
05/14/2024,77.65,78.72,78.86,77.26,259.53,-1.21%
05/13/2024,78.6,77.76,78.99,77.35,200.28,0.98%
05/10/2024,77.84,79.11,79.47,77.73,164.35,-1.22%
05/09/2024,78.8,78.79,79.32,78.46,184.46,0.31%
05/08/2024,78.56,77.96,78.8,76.63,228.44,0.64%
05/07/2024,78.06,78.39,78.8,77.29,192.57,-0.10%
05/06/2024,78.14,77.88,78.68,77.56,152.59,0.49%
05/03/2024,77.76,78.61,79.17,77.62,217.26,-0.92%
05/02/2024,78.48,78.6,79.34,77.91,174.67,0.05%
05/01/2024,78.44,80.86,80.9,78.28,235.28,-3.49%
04/30/2024,81.28,82.16,82.65,80.34,233.66,-0.91%
04/29/2024,82.03,82.99,83.19,81.81,170.81,-1.32%
04/26/2024,83.13,82.97,83.63,82.59,98.78,0.46%
04/25/2024,82.75,82.09,83,81.27,132.56,0.80%
04/24/2024,82.09,82.6,82.9,81.71,142.45,-0.57%
04/23/2024,82.56,81.43,82.62,80.25,172.23,0.81%
04/22/2024,81.9,81.84,82.29,80.7,313.91,-0.39%
04/19/2024,82.22,81.99,85.64,81.13,556.46,0.15%
04/18/2024,82.1,82.28,82.84,81.06,366.75,-0.06%
04/17/2024,82.15,84.82,84.97,82.01,387.63,-3.16%
04/16/2024,84.83,85.16,85.6,84.22,217.44,-0.04%
04/15/2024,84.86,84.99,85.5,83.49,253.34,-0.26%
04/12/2024,85.08,85,86.97,84.67,245.33,0.75%
04/11/2024,84.45,85.6,85.89,84.25,249.97,-1.16%
04/10/2024,85.44,84.57,85.6,83.86,233.96,1.16%
04/09/2024,84.46,85.69,86.07,84.29,198.56,-1.25%
04/08/2024,85.53,85.19,86.21,83.93,207.99,-0.66%
04/05/2024,86.1,85.98,86.83,85.62,211.84,0.34%
04/04/2024,85.81,84.82,86.41,83.94,218.7,1.42%
04/03/2024,84.61,84.54,85.27,83.99,190.9,0.46%
04/02/2024,84.22,83.14,84.56,82.96,197.83,1.69%
04/01/2024,82.82,82.36,83.46,81.84,199.89,0.49%
03/28/2024,82.42,81.11,82.46,80.91,148.49,2.03%
03/27/2024,80.78,80.71,81.12,79.99,109.07,-0.32%
03/26/2024,81.04,81.44,81.77,80.63,118.75,-0.42%
03/25/2024,81.38,80.4,81.84,80.13,153.14,1.51%
03/22/2024,80.17,80.39,80.97,79.99,103.44,-0.58%
03/21/2024,80.64,81,81.38,79.91,115.75,-0.78%
03/20/2024,81.27,82.53,82.65,80.83,351.16,-1.76%
03/19/2024,82.73,82.21,83.12,81.81,341.7,0.69%
03/18/2024,82.16,80.58,82.5,80.56,323.92,1.96%
03/15/2024,80.58,80.58,80.89,80.01,215.8,-0.20%
03/14/2024,80.74,79.24,81.03,79.15,248.8,1.82%
03/13/2024,79.3,77.72,79.46,77.31,209.24,2.65%
03/12/2024,77.25,77.71,78.31,77.01,178.8,-0.36%
03/11/2024,77.53,77.24,78.03,76.43,175.74,0.04%
03/08/2024,77.5,78.77,79.29,77.05,175.73,-1.05%
03/07/2024,78.32,78.41,78.89,77.47,215.58,-0.11%
03/06/2024,78.41,77.44,79.69,77.25,200.04,1.29%
03/05/2024,77.41,78.19,78.64,77.05,220.43,-0.97%
03/04/2024,78.17,79.24,79.53,77.93,154.86,-1.16%
03/01/2024,79.09,77.49,79.87,77.3,175.93,2.12%
02/29/2024,77.45,77.5,78.35,77.2,154.8,-0.49%
02/28/2024,77.83,77.88,78.83,77.17,142.99,-0.51%
02/27/2024,78.23,77.11,78.33,76.67,98.88,1.48%
02/26/2024,77.09,76.04,77.55,75.5,117.05,1.33%
02/23/2024,76.08,77.71,77.74,75.89,134.05,-2.37%
02/22/2024,77.93,77.46,78.17,76.62,145.39,0.80%
02/21/2024,77.31,76.74,77.45,75.95,133.71,0.35%
02/20/2024,77.04,78.34,78.56,76.8,435.24,-1.37%
02/19/2024,78.11,78.16,78.56,77.64,,-0.45%
02/16/2024,78.46,77.63,78.52,76.69,451.36,1.12%
02/15/2024,77.59,76.33,78.07,75.52,342.33,1.61%
02/14/2024,76.36,77.48,78.43,76.12,276.33,-1.55%
02/13/2024,77.56,76.9,78.1,76.77,253.5,0.96%
02/12/2024,76.82,76.54,77,75.49,169.64,0.07%
02/09/2024,76.77,76.32,77.17,75.88,172,0.76%
02/08/2024,76.19,74.12,76.49,73.65,229.89,3.08%
02/07/2024,73.91,73.53,74.25,73.29,133.42,0.74%
02/06/2024,73.37,72.81,73.88,72.48,123.62,0.71%
02/05/2024,72.85,72.7,73.3,71.49,151.3,0.76%
02/02/2024,72.3,73.9,74.46,71.84,216.06,-2.02%
02/01/2024,73.79,75.54,76.75,73.68,238.84,-2.54%
01/31/2024,75.71,77.66,77.91,75.38,104.94,-2.50%
01/30/2024,77.65,76.75,77.95,75.73,118.71,1.28%
01/29/2024,76.67,78.72,79.09,76.3,103.54,-1.53%
01/26/2024,77.86,77.1,78.09,75.92,135.88,0.87%
01/25/2024,77.19,75.3,77.32,75.05,89.28,2.95%
01/24/2024,74.98,74.47,75.7,73.85,100.36,0.96%
01/23/2024,74.27,74.62,75.1,73.35,107.72,-0.66%
01/22/2024,74.76,73.6,75.46,72.56,372.28,2.06%
01/19/2024,73.25,73.92,74.63,72.99,360.03,-0.95%
01/18/2024,73.95,72.73,74.19,72.1,396.28,2.03%
01/17/2024,72.48,72.11,72.86,70.62,348.48,-0.06%
01/16/2024,72.52,72.73,73.68,71.39,312.94,-0.37%
01/15/2024,72.79,72.69,73.09,71.41,,0.00%
01/12/2024,72.79,73.16,75.28,72.48,244.2,0.97%
01/11/2024,72.09,71.35,73.81,71.24,240.34,0.91%
01/10/2024,71.44,72.2,73.55,71.09,198.04,-1.18%
01/09/2024,72.29,70.92,72.99,70.63,204.37,1.93%
01/08/2024,70.92,73.6,73.98,70.25,193.27,-3.98%
01/05/2024,73.86,72.51,74.3,72.35,164.95,2.07%
01/04/2024,72.36,73.2,74.12,71.24,144.6,-0.73%
01/03/2024,72.89,70.77,73.36,69.56,129.06,3.21%
01/02/2024,70.62,71.9,73.8,70.32,108.52,-1.88%
01/01/2024,71.97,71.67,72.24,71.67,,0.18%
12/29/2023,71.84,72.15,72.8,71.47,63.48,-0.18%
12/28/2023,71.97,74.04,74.62,71.92,94.29,-3.19%
12/27/2023,74.34,75.57,75.81,74.01,80.38,-1.81%
12/26/2023,75.71,73.74,76.31,73.32,56.76,2.60%
12/25/2023,73.79,73.49,73.94,73.48,,0.08%
12/22/2023,73.73,74.07,75.11,73.55,76.79,-0.45%
12/21/2023,74.06,73.99,74.78,72.65,81.11,-0.52%
12/20/2023,74.45,74.31,75.56,73.87,98.97,0.69%
12/19/2023,73.94,72.93,74.45,72.14,230.04,1.54%
12/18/2023,72.82,72.05,74.61,70.99,354.89,1.45%
12/15/2023,71.78,71.91,72.56,70.64,262.87,-0.18%
12/14/2023,71.91,70.08,72.73,69.82,224.16,3.14%
12/13/2023,69.72,68.99,70.15,67.98,185.24,1.26%
12/12/2023,68.85,71.67,72.2,68.49,189.45,-3.79%
12/11/2023,71.56,71.36,72.03,70.61,119.85,0.17%
12/08/2023,71.44,70,71.81,69.75,124.73,2.66%
12/07/2023,69.59,69.57,70.7,69.08,144.37,-0.09%
12/06/2023,69.65,72.33,72.84,69.39,183.91,-3.97%
12/05/2023,72.53,73.59,74.34,72.24,142.71,-1.08%
12/04/2023,73.32,74.76,75.2,72.87,158.42,-1.25%
12/01/2023,74.25,75.71,76.81,74.13,127.63,-2.37%
11/30/2023,76.05,77.79,79.67,75.16,209.44,-2.49%
11/29/2023,77.99,76.67,78.18,75.87,112.41,1.83%
11/28/2023,76.59,75.32,77.13,74.88,121.44,2.00%
11/27/2023,75.09,75.57,76.42,74.35,84.35,-0.90%
11/24/2023,75.77,76.94,77.25,75.32,74.98,-0.75%
11/23/2023,76.34,76.69,76.81,75.31,,-1.18%
11/22/2023,77.25,77.92,78.11,73.98,99.86,-0.86%
11/21/2023,77.92,77.69,78.04,77.04,69.05,0.12%
11/20/2023,77.83,75.8,78.46,75.41,270.64,2.35%
11/17/2023,76.04,73.11,76.19,72.91,368.48,4.04%
11/16/2023,73.09,76.71,76.8,72.37,428.82,-4.82%
11/15/2023,76.79,78.1,78.69,76.45,253.17,-1.77%
11/14/2023,78.17,78.48,79.65,77.73,166.18,-0.03%
11/13/2023,78.19,77.18,78.54,76.19,157.42,1.35%
11/10/2023,77.15,75.65,77.71,75.36,159.39,1.85%
11/09/2023,75.75,75.63,77.12,75.18,172.86,0.58%
11/08/2023,75.31,77.03,77.43,74.92,219.2,-2.46%
11/07/2023,77.21,80.69,80.79,76.99,198.96,-4.21%
11/06/2023,80.6,80.76,81.9,80.33,131.58,0.46%
11/03/2023,80.23,82.25,83.2,79.84,213.05,-2.35%
11/02/2023,82.16,80.44,82.44,80.01,158.21,2.57%
11/01/2023,80.1,80.98,82.82,79.96,160.14,-0.50%
10/31/2023,80.5,81.96,82.77,80.26,135.89,-1.44%
10/30/2023,81.68,84.25,84.39,81.16,119.75,-3.57%
10/27/2023,84.7,82.88,85,82.41,101.15,2.62%
10/26/2023,82.54,84.58,84.85,81.97,107.55,-2.54%
10/25/2023,84.69,82.99,84.85,81.44,141.32,2.07%
10/24/2023,82.97,85.05,85.22,82.16,136.15,-1.72%
10/23/2023,84.42,86.69,87,84.3,101.18,-4.16%
10/20/2023,88.08,89.09,89.85,87.53,311.92,-0.33%
10/19/2023,88.37,87.22,89.54,85.44,384.03,1.26%
10/18/2023,87.27,86.41,88.57,86.25,384.53,2.14%
10/17/2023,85.44,85.69,86.44,84.39,229.52,0.21%
10/16/2023,85.26,86.37,86.94,85,205.58,-1.26%
10/13/2023,86.35,82.27,86.51,82.17,290.38,5.56%
10/12/2023,81.8,81.84,83.75,81.31,296.21,-0.33%
10/11/2023,82.07,84.16,84.72,81.63,286.84,-2.45%
10/10/2023,84.13,84.7,84.94,83.39,246.75,-0.56%
10/09/2023,84.6,83.2,85.56,82.95,246.68,4.08%
10/06/2023,81.28,81.05,81.69,80.2,277.71,0.58%
10/05/2023,80.81,82.85,83.23,80.61,234.18,-2.11%
10/04/2023,82.55,87.44,87.76,82.5,217.23,-5.59%
10/03/2023,87.44,87.01,88.25,86.17,204.06,0.31%
10/02/2023,87.17,88.83,89.89,86.83,161.57,-1.84%
09/29/2023,88.8,89.7,90.96,88.45,156.93,-0.88%
09/28/2023,89.59,91.44,92.48,89.31,226.83,-1.87%
09/27/2023,91.3,88.92,91.73,88.8,293.27,2.84%
09/26/2023,88.78,88.3,89.09,86.74,137.24,0.69%
09/25/2023,88.17,88.83,89.07,87.52,161.52,-0.20%
09/22/2023,88.35,88.27,89.65,87.82,253.89,0.03%
09/21/2023,88.32,88.07,89.5,87.15,162.03,-1.49%
09/20/2023,89.66,90.63,91.07,88.97,457.85,-0.91%
09/19/2023,90.48,90.97,92.43,90.31,537.52,-0.11%
09/18/2023,90.58,90.41,91.36,89.91,414.19,0.62%
09/15/2023,90.02,90.07,90.56,88.65,321.84,0.46%
09/14/2023,89.61,88.19,90.2,88.04,257.68,1.97%
09/13/2023,87.88,88.07,88.92,87.66,250.86,-0.32%
09/12/2023,88.16,86.62,88.62,86.58,217.68,1.73%
09/11/2023,86.66,86.74,87.49,86.12,179,-0.17%
09/08/2023,86.81,86.01,87.2,85.49,125.62,0.77%
09/07/2023,86.15,86.8,86.99,85.68,111.07,-0.74%
09/06/2023,86.79,86.02,87.27,85.31,135.35,0.91%
09/05/2023,86.01,85.19,87.25,84.29,154.05,0.22%
09/04/2023,85.82,85.85,86.14,85.28,,-0.03%
09/03/2023,85.85,86.06,86.06,85.73,,1.30%
09/01/2023,84.75,82.9,85.19,82.78,169.83,2.16%
08/31/2023,82.96,81.14,83.02,81,150.23,2.27%
08/30/2023,81.12,80.78,81.54,80.43,80.26,0.55%
08/29/2023,80.68,79.55,80.91,78.94,88.15,1.27%
08/28/2023,79.67,79.69,80.44,79.25,71.33,0.23%
08/25/2023,79.49,78.49,79.98,77.82,165.22,1.06%
08/24/2023,78.66,78.3,78.95,77.32,149.9,0.09%
08/23/2023,78.59,79.35,79.6,77.34,127.19,-1.32%
08/22/2023,79.64,80.25,80.37,79.46,287.49,-0.60%
08/21/2023,80.12,80.76,81.75,79.97,361.84,-0.67%
08/18/2023,80.66,79.58,80.97,79.02,377.45,0.95%
08/17/2023,79.9,78.91,80.61,78.6,239.17,1.11%
08/16/2023,79.02,80.74,80.97,78.68,237.71,-1.84%
08/15/2023,80.5,81.98,82.33,79.95,198.94,-1.73%
08/14/2023,81.92,82.46,82.51,81.19,126.69,-0.79%
08/11/2023,82.57,82.33,83.16,81.75,174.3,0.34%
08/10/2023,82.29,83.51,84.16,82.04,166.86,-1.67%
08/09/2023,83.69,82.34,83.91,82.11,279.75,1.61%
08/08/2023,82.36,82.04,82.52,79.52,187.84,1.07%
08/07/2023,81.49,82.27,82.73,81.08,123.01,-0.95%
08/04/2023,82.27,81.22,82.66,81.04,108.12,1.47%
08/03/2023,81.08,79.4,81.4,78.33,150.29,2.46%
08/02/2023,79.13,81.54,81.95,78.68,135.8,-2.21%
08/01/2023,80.92,81.25,81.74,80.17,105.36,-0.49%
07/31/2023,81.32,80.23,81.5,79.72,92.51,1.42%
07/28/2023,80.18,79.33,80.29,78.67,101.33,0.69%
07/27/2023,79.63,78.49,80.08,78.47,138.78,1.57%
07/26/2023,78.4,78.88,79.31,78.17,112.97,-1.01%
07/25/2023,79.2,78.47,79.46,77.93,122.79,1.02%
07/24/2023,78.4,76.62,78.89,76.16,109.57,2.11%
07/21/2023,76.78,75.45,76.98,75.45,106.73,1.49%
07/20/2023,75.65,75.33,76.15,74.52,340.96,0.48%
07/19/2023,75.29,75.75,76.87,75.02,385.6,-0.49%
07/18/2023,75.66,74.08,75.9,73.82,388.37,2.13%
07/17/2023,74.08,74.88,76,73.78,248.26,-1.65%
07/14/2023,75.32,77.02,77.11,75.06,204.78,-1.88%
07/13/2023,76.76,75.64,77.15,75.23,297.92,1.62%
07/12/2023,75.54,74.7,75.94,74.53,251.4,1.11%
07/11/2023,74.71,73.13,74.82,72.94,193.29,2.41%
07/10/2023,72.95,73.76,74.06,72.63,143.74,-1.11%
07/07/2023,73.77,71.85,73.82,71.22,178.32,2.76%
07/06/2023,71.79,71.85,72.37,70.28,217.75,-0.13%
07/05/2023,71.88,70.25,72.25,70.03,214.79,1.15%
07/04/2023,71.06,70.08,71.34,69.91,,1.64%
07/03/2023,69.91,70.61,71.88,69.82,107.16,-1.23%
06/30/2023,70.78,69.95,71.17,69.69,136.64,1.09%
06/29/2023,70.02,69.37,70.73,69.11,106.17,0.42%
06/28/2023,69.73,68.2,69.9,67.27,159.54,2.70%
06/27/2023,67.9,69.63,70.29,67.71,170.46,-2.36%
06/26/2023,69.54,69.93,70.24,68.88,94.21,0.32%
06/23/2023,69.32,69.66,69.77,67.52,113.92,-0.45%
06/22/2023,69.63,72.4,72.62,69.07,234.79,-3.99%
06/21/2023,72.52,70.86,72.69,70.8,97.51,1.87%
06/20/2023,71.19,71.69,72.38,69.76,430.49,-0.17%
06/19/2023,71.31,71.47,72.25,70.83,,-0.22%
06/18/2023,71.47,71.59,71.67,71.42,,-0.64%
06/16/2023,71.93,70.81,72.03,70.18,297.84,1.58%
06/15/2023,70.81,68.92,71.15,68.14,262.83,3.43%
06/14/2023,68.46,69.51,70.64,68.26,212.22,-1.61%
06/13/2023,69.58,67.45,69.97,67.31,253.16,3.40%
06/12/2023,67.29,70.42,70.49,66.96,223.62,-4.32%
06/09/2023,70.33,71.11,71.93,70.26,160.29,-1.55%
06/08/2023,71.44,72.57,73.37,69.21,236.21,-1.65%
06/07/2023,72.64,71.7,73.29,71.14,109.56,1.10%
06/06/2023,71.85,72.09,72.42,70.29,118.29,-0.57%
06/05/2023,72.26,75.1,75.7,71.85,148.98,0.58%
06/02/2023,71.84,70.25,72.24,70.1,110.94,2.34%
06/01/2023,70.2,67.81,71.14,67.67,135.27,2.87%
05/31/2023,68.24,69.67,69.81,67.21,157.34,-1.95%
05/30/2023,69.6,73.22,73.62,69.16,117.5,-4.49%
05/29/2023,72.87,73.22,73.55,72.05,,-0.48%
05/28/2023,73.22,73.11,73.45,73.06,,0.63%
05/26/2023,72.76,71.99,73.12,71.59,77.58,1.15%
05/25/2023,71.93,74.18,74.34,71.03,154.73,-3.18%
05/24/2023,74.29,73.68,74.65,73.09,121.83,1.98%
05/23/2023,72.85,72,73.72,71.63,92.34,1.11%
05/22/2023,72.05,71.87,72.53,70.67,263.98,0.50%
05/19/2023,71.69,72.06,73.58,71.18,312.43,-0.35%
05/18/2023,71.94,72.82,72.97,71.52,239.92,-1.30%
05/17/2023,72.89,70.6,73.3,70.05,219.09,2.89%
05/16/2023,70.84,71.28,71.76,70.44,153.07,-0.35%
05/15/2023,71.09,70.02,71.67,69.39,159.52,1.53%
05/12/2023,70.02,71.47,71.74,69.93,115.9,-1.21%
05/11/2023,70.88,72.54,73.47,70.65,172.29,-2.26%
05/10/2023,72.52,73.48,73.81,71.78,172.14,-1.49%
05/09/2023,73.62,72.72,73.69,71.28,135.29,0.75%
05/08/2023,73.07,71.27,73.56,70.96,125.43,2.53%
05/05/2023,71.27,68.63,71.72,68.46,115.12,4.03%
05/04/2023,68.51,68.27,69.76,63.9,160.32,-0.06%
05/03/2023,68.55,71.43,71.67,67.9,188.01,-4.19%
05/02/2023,71.55,75.55,75.96,71.32,152.45,-5.24%
05/01/2023,75.51,76.47,76.49,74.4,64.06,-1.44%
04/28/2023,76.61,74.71,76.74,73.8,111.02,2.72%
04/27/2023,74.58,74.3,75.12,73.88,125.42,0.53%
04/26/2023,74.19,76.93,77.7,73.94,180.08,-3.49%
04/25/2023,76.87,78.55,78.9,76.33,134.66,-2.20%
04/24/2023,78.6,77.82,79,76.57,103.04,1.15%
04/21/2023,77.71,76.85,78.14,76.49,109.19,0.44%
04/20/2023,77.37,79.03,79.07,76.97,361.41,-2.36%
04/19/2023,79.24,80.96,81.24,78.53,350.78,-2.05%
04/18/2023,80.9,81,81.52,79.91,311.78,0.09%
04/17/2023,80.83,82.42,82.62,80.46,229.97,-1.94%
04/14/2023,82.43,82.3,82.99,81.64,205.48,0.48%
04/13/2023,82.04,83.07,83.27,82,155.56,-1.26%
04/12/2023,83.09,81.38,83.38,81.21,220.62,1.96%
04/11/2023,81.49,79.87,81.55,79.4,158.75,2.16%
04/10/2023,79.77,80.5,81.19,79.65,120.66,-1.13%
04/06/2023,80.68,80.45,80.97,79.69,103.59,0.06%
04/05/2023,80.63,81.01,81.25,79.75,109.75,-0.11%
04/04/2023,80.72,80.49,81.81,79.64,148.22,0.35%
04/03/2023,80.44,80.6,81.77,79.04,287.98,6.12%
03/31/2023,75.8,74.44,75.83,73.89,125.24,1.76%
03/30/2023,74.49,73.07,74.72,72.76,99.83,1.87%
03/29/2023,73.12,73.74,74.48,72.92,133.99,-0.30%
03/28/2023,73.34,72.93,74.04,72.33,138.51,0.56%
03/27/2023,72.93,69.75,73.2,69.27,125.01,5.07%
03/24/2023,69.41,69.67,70.53,67.02,153.65,-1.01%
03/23/2023,70.12,70.07,71.79,69.3,166.52,-1.27%
03/22/2023,71.02,69.57,71.43,69.03,148.11,1.94%
03/21/2023,69.67,67.83,69.77,66.9,409.5,2.73%
03/20/2023,67.82,66.9,67.9,64.36,418.54,1.33%
03/17/2023,66.93,68.47,69.83,65.38,482.49,-2.32%
03/16/2023,68.52,68.38,69.53,65.89,251.5,1.15%
03/15/2023,67.74,71.69,72.71,65.79,356.42,-5.25%
03/14/2023,71.49,74.77,75.02,70.94,216.69,-4.57%
03/13/2023,74.91,76.77,77.56,72.44,167.4,-2.44%
03/10/2023,76.78,75.78,77.2,74.92,143.19,1.24%
03/09/2023,75.84,76.65,78.17,75.57,147.72,-1.26%
03/08/2023,76.81,77.36,77.88,76.26,136.03,-1.17%
03/07/2023,77.72,80.59,81.04,77.18,163,-3.53%
03/06/2023,80.56,80.04,80.72,78.44,80.13,0.97%
03/03/2023,79.79,78.02,80,76,99.09,1.89%
03/02/2023,78.31,77.9,78.72,77.39,61.37,0.62%
03/01/2023,77.83,76.93,78,76.3,104.5,0.83%
02/28/2023,77.19,75.87,77.93,75.68,88.93,1.82%
02/27/2023,75.81,76.61,76.95,75.14,79.74,-0.86%
02/24/2023,76.47,75.85,76.75,74.3,101.33,1.15%
02/23/2023,75.6,74.19,76.17,74.07,99.17,1.90%
02/22/2023,74.19,76.29,76.72,74.05,98.82,-2.84%
02/21/2023,76.36,76.64,77.74,75.9,402.35,-1.22%
02/20/2023,77.3,76.69,77.74,76.33,,0.82%
02/19/2023,76.67,76.69,76.82,76.53,,0.16%
02/17/2023,76.55,78.35,78.5,75.32,343.63,-2.78%
02/16/2023,78.74,78.68,79.76,78.18,204.09,-0.11%
02/15/2023,78.83,79.04,79.37,77.47,150.59,-0.52%
02/14/2023,79.24,79.5,79.84,77.71,192.27,-1.36%
02/13/2023,80.33,80.05,80.78,78.67,155.59,0.51%
02/10/2023,79.92,77.81,80.5,77.68,151.98,2.11%
02/09/2023,78.27,78.69,79.04,76.76,132.72,-0.53%
02/08/2023,78.69,77.7,78.78,77.32,155.18,1.68%
02/07/2023,77.39,74.83,77.82,74.71,186.67,3.92%
02/06/2023,74.47,73.64,74.87,72.64,120.92,0.99%
02/03/2023,73.74,76.25,78.28,73.47,126.22,-3.23%
02/02/2023,76.2,77.06,77.54,75.3,94.84,-0.69%
02/01/2023,76.73,79.35,80.01,76.37,113.87,-3.08%
01/31/2023,79.17,78.19,79.53,76.85,88.38,1.27%
01/30/2023,78.18,80.12,80.78,77.96,101.7,-2.23%
01/27/2023,79.96,81.44,82.69,79.32,123.92,-1.62%
01/26/2023,81.28,80.44,82.38,80.21,98.18,1.04%
01/25/2023,80.44,80.44,81.5,79.77,101.06,0.00%
01/24/2023,80.44,81.94,82.51,79.98,93.04,-1.82%
01/23/2023,81.93,82.12,82.89,81.32,104.29,0.36%
01/20/2023,81.64,80.84,81.91,79.91,300.15,1.28%
01/19/2023,80.61,79.43,81.49,78.45,321.13,1.02%
01/18/2023,79.8,81.34,82.66,79.21,326.23,-0.81%
01/17/2023,80.45,80.34,81.51,78.8,267.91,1.78%
01/16/2023,79.04,79.78,79.92,78.8,,-0.93%
01/15/2023,79.78,80.17,80.19,79.78,,-0.41%
01/13/2023,80.11,78.58,80.37,78.23,189.32,1.86%
01/12/2023,78.65,77.9,79.37,77.35,188.06,1.25%
01/11/2023,77.68,75.06,78.06,74.56,179.83,3.06%
01/10/2023,75.37,75.16,76.16,74.16,164.98,0.60%
01/09/2023,74.92,73.87,76.97,73.79,154.2,1.19%
01/06/2023,74.04,74.18,75.71,73.52,95.22,0.16%
01/05/2023,73.92,73.51,75.15,72.74,112.45,1.12%
01/04/2023,73.1,77.41,77.62,73.01,149.77,-5.21%
01/03/2023,77.12,80.66,81.62,76.81,139.84,-4.16%
01/02/2023,80.47,80.57,80.61,80.18,,0.02%
12/30/2022,80.45,78.75,80.81,77.85,72.81,2.48%
12/29/2022,78.5,79.01,79.01,76.94,53.32,-0.73%
12/28/2022,79.08,80.02,80.02,77.45,62.68,-0.70%
12/27/2022,79.64,79.99,81.21,79.28,67.69,-1.64%
12/26/2022,80.97,79.92,81.06,79.92,,1.67%
12/23/2022,79.64,78.14,80.19,77.87,79.46,2.87%
12/22/2022,77.42,78.28,79.77,77.01,62.7,-1.05%
12/21/2022,78.24,76,78.56,75.81,65.19,2.64%
12/20/2022,76.23,75.77,76.96,74.46,254.79,1.13%
12/19/2022,75.38,74.62,76.64,74.03,257.46,1.24%
12/16/2022,74.46,76.33,76.58,73.4,271.86,-2.22%
12/15/2022,76.15,77.4,77.83,75.41,188.5,-1.50%
12/14/2022,77.31,75.22,77.76,74.96,185.52,2.48%
12/13/2022,75.44,73.43,76.3,73.33,190.74,2.95%
12/12/2022,73.28,72.02,74,70.48,148.97,2.91%
12/09/2022,71.21,71.92,73,70.31,146.59,-0.52%
12/08/2022,71.58,72.65,75.19,71.27,245.39,-0.97%
12/07/2022,72.28,74.73,75.53,72.06,148.54,-2.93%
12/06/2022,74.46,77.46,78.05,73.62,120.67,-3.40%
12/05/2022,77.08,80.03,82.75,76.92,105.02,-3.71%
12/02/2022,80.05,81.35,82.12,79.73,96.43,-1.34%
12/01/2022,81.14,80.61,83.27,80.07,116.2,0.60%
11/30/2022,80.66,78.98,81.41,78.48,90.29,3.04%
11/29/2022,78.28,76.66,79.73,76.4,109.11,1.23%
11/28/2022,77.33,76.19,77.89,73.77,132.62,1.18%
11/25/2022,76.43,77.57,79.92,76.37,59.52,-1.95%
11/24/2022,77.95,77.53,78.19,76.92,,-0.15%
11/23/2022,78.07,80.86,81.7,76.95,120.39,-3.29%
11/22/2022,80.73,80.14,82.03,79.74,85.2,0.86%
11/21/2022,80.04,80.26,80.5,75.27,475.1,-0.09%
11/18/2022,80.11,81.86,82.43,77.59,480.54,-1.58%
11/17/2022,81.4,84.98,84.98,81.19,390.06,-4.24%
11/16/2022,85,86.23,86.9,83.67,191.29,-1.45%
11/15/2022,86.25,84.62,88.05,83.54,239.6,1.28%
11/14/2022,85.16,88.24,89.03,84.51,183.53,-3.40%
11/11/2022,88.16,85.4,89.2,85.36,154.79,2.92%
11/10/2022,85.66,84.96,86.49,83.9,160.49,0.78%
11/09/2022,85,87.73,88.26,84.69,200.28,-3.41%
11/08/2022,88,90.82,91.1,87.63,162.91,-3.01%
11/07/2022,90.73,90.5,92.53,89.31,143.34,-0.79%
11/04/2022,91.45,86.92,91.67,86.84,104.87,4.90%
11/03/2022,87.18,88.32,88.53,86.55,80.43,-1.89%
11/02/2022,88.86,87.42,89.14,86.6,86.74,1.92%
11/01/2022,87.19,85.2,88.27,84.85,81.92,2.10%
10/31/2022,85.4,87.06,87.36,84.16,81.4,-1.40%
10/28/2022,86.61,87.41,87.51,85.86,78.71,-1.39%
10/27/2022,87.83,87.06,88.45,86.12,110.53,1.33%
10/26/2022,86.68,84.03,87.17,83.17,80.03,2.81%
10/25/2022,84.31,83.93,85,82.14,77.8,0.86%
10/24/2022,83.59,84.05,84.8,81.61,58.38,-0.43%
10/21/2022,83.95,83.78,84.64,82.05,83.09,-0.66%
10/20/2022,84.51,84.91,87.14,84.16,338.34,-0.01%
10/19/2022,84.52,82.91,85.02,81.72,357.72,2.99%
10/18/2022,82.07,84.8,85.53,81.3,367.5,-2.91%
10/17/2022,84.53,84.63,86.18,83.7,174.19,-0.14%
10/14/2022,84.65,88.15,88.52,84.22,161.13,-3.75%
10/13/2022,87.95,86.01,88.38,84.43,185.66,2.20%
10/12/2022,86.06,87.25,88.66,85.05,211.34,-2.17%
10/11/2022,87.97,89.75,90.15,86.59,187.52,-2.08%
10/10/2022,89.84,92.23,92.34,89.29,156.09,-1.65%
10/07/2022,91.35,88.12,92,87.15,242.27,4.29%
10/06/2022,87.59,87.12,88.2,86.15,108.49,0.86%
10/05/2022,86.84,85.3,87.42,84.53,160.03,1.57%
10/04/2022,85.5,82.57,85.98,82.33,156,3.39%
10/03/2022,82.7,80.29,83.61,80.19,135.99,5.06%
09/30/2022,78.72,80.86,81.72,78.36,95.34,-2.11%
09/29/2022,80.42,81,81.99,79.45,127.46,-1.01%
09/28/2022,81.24,77.38,81.4,75.84,156.31,4.41%
09/27/2022,77.81,75.9,78.92,75.88,123.82,2.14%
09/26/2022,76.18,78.75,79.76,75.7,106.23,-2.65%
09/23/2022,78.25,83.15,83.45,77.64,143.23,-5.76%
09/22/2022,83.03,82.54,85.44,81.89,121.08,0.73%
09/21/2022,82.43,83.6,85.99,82,144.13,-1.80%
09/20/2022,83.94,85.02,86.12,83.01,279.81,-1.66%
09/19/2022,85.36,84.81,85.88,81.73,262.9,0.71%
09/16/2022,84.76,84.66,86.18,83.86,231.14,0.13%
09/15/2022,84.65,88.7,88.7,84.09,182.29,-3.86%
09/14/2022,88.05,87.24,89.63,85.75,208.02,1.34%
09/13/2022,86.89,87.82,88.9,84.66,183.48,-0.59%
09/12/2022,87.41,85.84,88.64,84.78,133.78,1.22%
09/09/2022,86.36,82.3,86.68,82.23,139.12,3.96%
09/08/2022,83.07,81.57,83.72,80.89,131.42,1.76%
09/07/2022,81.63,86.53,87.33,81.18,123.25,-5.64%
09/06/2022,86.51,86.49,89.99,85.88,104.66,-2.75%
09/05/2022,88.96,88.27,90.37,87.98,,0.80%
09/04/2022,88.25,86.91,88.28,86.91,,2.05%
09/02/2022,86.48,85.99,89.15,85.93,81.8,0.30%
09/01/2022,86.22,88.31,89.1,85.62,85.18,-3.16%
08/31/2022,89.03,91.85,92.26,87.92,99.45,-2.35%
08/30/2022,91.17,95.8,96.82,90.06,120.37,-5.22%
08/29/2022,96.19,92.28,96.46,91.66,85.04,4.11%
08/26/2022,92.39,92.68,93.62,90.69,100.62,0.22%
08/25/2022,92.19,94.82,95.3,91.95,81.5,-2.34%
08/24/2022,94.4,93.23,94.92,92.36,92.6,1.23%
08/23/2022,93.25,90.1,93.65,90.1,92.18,3.20%
08/22/2022,90.36,89.63,91.03,86.28,352.67,-0.09%
08/19/2022,90.44,90,91.69,87.95,255.42,0.37%
08/18/2022,90.11,87.1,91.03,86.92,247.56,2.76%
08/17/2022,87.69,86.71,88.66,85.48,187.6,1.78%
08/16/2022,86.16,87.39,90.07,85.37,191.53,-3.03%
08/15/2022,88.85,91.3,91.47,86.29,134.21,-2.85%
08/12/2022,91.46,93.33,94.02,90.53,132.28,-2.21%
08/11/2022,93.53,90.82,94.17,90.57,162.98,2.55%
08/10/2022,91.2,89.71,91.63,87.04,157.22,1.71%
08/09/2022,89.67,89.87,91.8,88.29,130.89,-0.29%
08/08/2022,89.93,87.52,90.06,86.33,130.08,2.10%
08/05/2022,88.08,87.04,89.72,86.06,134.18,0.59%
08/04/2022,87.56,89.99,90.88,86.62,107.06,-2.43%
08/03/2022,89.74,92.69,95.33,89.47,141.6,-3.73%
08/02/2022,93.22,92.2,95.09,91.11,133.9,0.90%
08/01/2022,92.39,96.44,96.68,90.96,144.82,-4.51%
07/29/2022,96.75,95.42,99.75,94.59,116.64,2.22%
07/28/2022,94.65,96.09,97.82,94.28,96.14,-0.67%
07/27/2022,95.29,93.51,96.53,92.3,105.4,2.59%
07/26/2022,92.88,93.95,96.6,92.64,89.07,-1.63%
07/25/2022,94.42,92.83,94.62,90.79,92.7,2.15%
07/22/2022,92.43,93.78,95.24,91.77,106.6,-1.44%
07/21/2022,93.78,96.88,96.93,91.84,106.7,-6.11%
07/20/2022,99.88,100.34,100.72,98.16,315.62,-0.85%
07/19/2022,100.74,98.86,100.99,96.52,327.21,1.33%
07/18/2022,99.42,94.34,99.62,92.88,291.7,5.13%
07/15/2022,94.57,93.51,96.05,91.64,189.25,1.87%
07/14/2022,92.83,94.14,94.49,88.23,255.52,-1.07%
07/13/2022,93.83,93.3,95.34,91.14,187.17,0.56%
07/12/2022,93.31,100.57,100.57,92.83,191.25,-7.81%
07/11/2022,101.21,101.33,102,97.94,142.49,-0.32%
07/08/2022,101.53,98.92,101.97,98.4,124.09,2.30%
07/07/2022,99.25,94.62,100.78,93,144.92,4.50%
07/06/2022,94.98,97.44,99.11,92.18,166.6,-1.60%
07/05/2022,96.52,105.6,108.28,94.62,199.37,-12.57%
07/04/2022,110.4,108.17,110.77,107.25,,2.04%
07/03/2022,108.19,108.67,108.81,108.14,,2.66%
07/01/2022,105.39,103.33,106.26,101.94,99.69,2.22%
06/30/2022,103.1,106.67,107.76,102.68,156.01,-3.65%
06/29/2022,107.01,109,111.14,106.45,101.28,-1.73%
06/28/2022,108.89,107,109.31,106.59,107.61,2.36%
06/27/2022,106.38,104.37,107.28,102.48,90.13,1.85%
06/24/2022,104.45,101.31,105.44,100.84,116.65,2.83%
06/23/2022,101.58,102.53,104.62,100.24,120.06,-2.32%
06/22/2022,103.99,107.33,107.56,99.66,141.2,-5.05%
06/21/2022,109.52,108.75,111.16,106.82,427.26,0.62%
06/20/2022,108.84,108.97,109.17,106.84,,-0.09%
06/19/2022,108.94,108.97,109.34,108.78,,0.88%
06/17/2022,107.99,114.74,116.58,106.4,426,-6.30%
06/16/2022,115.25,114.09,115.73,110.43,291.85,1.91%
06/15/2022,113.09,116.41,116.93,112.37,198.93,-2.73%
06/14/2022,116.26,118.45,120.88,114.2,203.95,-1.68%
06/13/2022,118.25,117.71,119.57,114.9,150.05,0.11%
06/10/2022,118.12,119.07,120.15,115.84,133.85,-0.81%
06/09/2022,119.09,120.11,120.4,118.52,122.09,-0.58%
06/08/2022,119.78,117.7,120.75,117.02,131.93,2.29%
06/07/2022,117.1,116.66,118,115.04,140.8,0.90%
06/06/2022,116.06,118.17,118.28,115.15,77.61,-0.15%
06/03/2022,116.23,114.9,117.77,112.73,74.48,1.69%
06/02/2022,114.3,112.27,115.1,108.94,114.86,1.40%
06/01/2022,112.72,112.74,115,111.86,91.07,0.72%
05/31/2022,111.91,112.1,117.07,111.5,113.51,-4.85%
05/30/2022,117.61,115.58,117.79,115.39,,1.73%
05/29/2022,115.61,115.3,115.81,115.2,,3.01%
05/27/2022,112.23,111.25,112.42,110.06,57.72,0.88%
05/26/2022,111.25,108.05,111.88,107.6,78.22,3.25%
05/25/2022,107.75,107.68,108.97,106.71,56.92,0.51%
05/24/2022,107.2,107.68,108.76,105.94,65.22,-0.32%
05/23/2022,107.54,107.34,108.76,106.32,70.51,-2.48%
05/20/2022,110.28,109.26,111.04,108.13,229.93,0.35%
05/19/2022,109.89,106.96,110.16,103.24,340.08,2.66%
05/18/2022,107.04,110.77,112.39,106.06,311.84,-2.36%
05/17/2022,109.63,111.61,113.2,108.96,204.75,-1.96%
05/16/2022,111.82,109,112.47,106.27,166.04,2.94%
05/13/2022,108.63,104.91,108.77,104.64,134.31,4.05%
05/12/2022,104.4,103.94,105.55,101.11,179.61,0.36%
05/11/2022,104.03,97.74,104.74,96.93,179.72,5.67%
05/10/2022,98.45,100.96,102.78,97.61,156.44,-3.26%
05/09/2022,101.77,108.97,109,100.81,148.44,-6.06%
05/06/2022,108.33,107.07,109.53,105.72,119.33,1.49%
05/05/2022,106.74,106.07,109.77,104.95,97.44,0.49%
05/04/2022,106.22,101.99,107,101.41,92.05,5.27%
05/03/2022,100.9,103.19,104.06,100.58,97.51,-2.44%
05/02/2022,103.42,102.15,104.19,98.87,89.43,0.47%
04/29/2022,102.94,103.12,105.99,102.14,98.35,-0.51%
04/28/2022,103.47,100.59,103.77,98.75,104.93,2.77%
04/27/2022,100.68,100.76,101.68,98.65,76.99,0.27%
04/26/2022,100.41,97.77,101.5,96.37,100.12,2.81%
04/25/2022,97.67,100.38,100.48,94.47,87.65,-3.34%
04/22/2022,101.05,102.01,103.34,100.08,60.24,-1.86%
04/21/2022,102.96,101.66,104.47,101.25,74.66,0.75%
04/20/2022,102.19,102.38,103.96,99.88,299.03,0.14%
04/19/2022,102.05,107.06,108.37,101.51,339.81,-5.17%
04/18/2022,107.61,106.46,109.2,105.43,202.72,1.16%
04/14/2022,106.38,103.79,107,101.69,159.77,2.50%
04/13/2022,103.79,100.35,104,99.51,186.11,3.63%
04/12/2022,100.15,94.84,100.82,94.52,168.89,6.63%
04/11/2022,93.92,97.84,97.95,92.6,156.57,-3.90%
04/08/2022,97.73,96.31,98.12,94.72,135.35,2.32%
04/07/2022,95.51,96.29,97.95,93.21,168.76,0.10%
04/06/2022,95.41,99.95,102.63,94.93,159.99,-5.23%
04/05/2022,100.68,102.16,104.07,98.63,107.31,-1.14%
04/04/2022,101.84,97.68,102.44,96.83,123.55,4.02%
04/01/2022,97.9,99.77,100,96.22,132.55,-0.63%
03/31/2022,98.52,105.3,105.64,97.88,185.64,-6.78%
03/30/2022,105.68,103.04,106.44,102.41,83.36,3.56%
03/29/2022,102.05,101.29,105.45,96.52,119.63,-1.32%
03/28/2022,103.42,110.22,110.22,100.43,125.75,-6.88%
03/25/2022,111.06,108.29,111.26,105.86,103.66,1.49%
03/24/2022,109.43,111.41,113.51,107.79,106.02,-2.29%
03/23/2022,111.99,105.84,112.34,105.69,120.34,2.49%
03/22/2022,109.27,110.91,113.35,107.1,318.63,-0.64%
03/21/2022,109.97,103.62,111.08,102.47,279.31,6.67%
03/18/2022,103.09,102.23,104.67,100.96,207.44,1.42%
03/17/2022,101.65,94.08,102.69,93.41,221.54,8.61%
03/16/2022,93.59,93.7,97.93,92.68,163.42,-1.27%
03/15/2022,94.79,100.55,100.92,92.2,205.7,-6.32%
03/14/2022,101.18,106.64,106.65,97.89,162.18,-4.82%
03/11/2022,106.3,103,107.17,101.27,166.35,3.21%
03/10/2022,102.99,106.59,110.91,102.38,203.84,-1.96%
03/09/2022,105.05,120.66,122.73,99.55,249.98,-12.20%
03/08/2022,119.65,116.98,124.98,113.66,200.16,3.32%
03/07/2022,115.8,116.03,126.42,111.87,202.56,3.29%
03/04/2022,112.11,105.04,112.54,104.36,167.99,7.17%
03/03/2022,104.61,107.27,112.65,103.14,190.66,-2.29%
03/02/2022,107.06,103.43,108.91,101.86,219.17,6.84%
03/01/2022,100.21,93.88,103.06,93.21,285.55,7.18%
02/28/2022,93.5,92.97,96.92,92.42,176.43,4.02%
02/25/2022,89.89,91.48,93.73,88.49,160.46,-1.15%
02/24/2022,90.94,91.08,98.44,89.65,289.12,0.28%
02/23/2022,90.69,90.31,92.36,89.34,150.13,-1.33%
02/22/2022,91.91,91.32,94.95,89.06,789.04,-0.80%
02/21/2022,92.65,91.62,93.91,89.08,,1.12%
02/20/2022,91.62,91.22,91.74,91.08,,1.56%
02/18/2022,90.21,90.06,91.07,87.46,566.36,0.19%
02/17/2022,90.04,89.25,91.51,88.83,442.04,-1.95%
02/16/2022,91.83,90.31,93.07,88.2,351.33,1.80%
02/15/2022,90.21,92.84,93.16,88.94,258.03,-3.52%
02/14/2022,93.5,92.06,93.83,90.45,213.15,2.28%
02/11/2022,91.42,88.56,92.74,87.79,310.81,3.23%
02/10/2022,88.56,88.84,90.26,87.87,255.08,0.03%
02/09/2022,88.53,88.4,89.17,87.15,255.17,0.72%
02/08/2022,87.9,89.98,90.07,87.07,188.54,-2.08%
02/07/2022,89.77,89.88,90.97,89.08,247.67,-0.62%
02/04/2022,90.33,88.33,90.98,88.18,175.47,2.13%
02/03/2022,88.45,86.4,88.59,85.24,220.87,2.03%
02/02/2022,86.69,86.64,87.93,85.56,189.9,0.27%
02/01/2022,86.46,86.45,87.12,84.92,151.6,-0.03%
01/31/2022,86.49,85.92,86.68,84.96,144.7,1.24%
01/28/2022,85.43,86,87.36,85.06,144.85,0.16%
01/27/2022,85.29,85.71,87.08,84.9,153.94,-0.78%
01/26/2022,85.96,84.1,86.51,83.84,175.93,1.88%
01/25/2022,84.37,83.32,84.54,82.14,223.59,2.38%
01/24/2022,82.41,83.84,85.1,81.06,153.83,-2.06%
01/21/2022,84.14,83.65,84.53,81.96,159.57,-1.65%
01/20/2022,85.55,85.06,87.1,84.2,532.2,-0.29%
01/19/2022,85.8,85.89,86.79,84.99,511.05,1.14%
01/18/2022,84.83,83.77,85.98,82.93,494,1.36%
01/17/2022,83.69,83.84,83.95,82.94,,-0.17%
01/16/2022,83.83,83.78,84.09,83.68,,0.64%
01/14/2022,83.3,81.21,83.79,81.1,323.11,2.06%
01/13/2022,81.62,82.12,82.29,80.91,289.31,-0.49%
01/12/2022,82.02,80.71,82.41,80.55,303.16,1.67%
01/11/2022,80.67,77.87,80.95,77.83,270.56,3.82%
01/10/2022,77.7,78.51,78.92,77.34,210.84,-0.94%
01/07/2022,78.44,79,79.82,78.07,229.28,-0.56%
01/06/2022,78.88,76.79,79.56,76.28,244,1.82%
01/05/2022,77.47,76.88,78.16,76.25,197.97,0.95%
01/04/2022,76.74,75.8,77.4,75.47,156.45,1.17%
01/03/2022,75.85,75.53,76.18,74.01,112.23,1.30%
12/31/2021,74.88,76.12,76.68,74.63,63.14,-2.26%
12/30/2021,76.61,76.2,77.06,75.42,61.02,0.56%
12/29/2021,76.18,75.71,76.99,75.01,78.61,0.77%
12/28/2021,75.6,75.58,76.5,75.12,66.33,0.56%
12/27/2021,75.18,73,75.68,72.22,76.67,2.40%
12/23/2021,73.42,72.59,73.6,71.84,95.32,1.51%
12/22/2021,72.33,70.97,72.71,70.48,94.3,2.13%
12/21/2021,70.82,68.94,71.21,68.27,99.77,3.22%
12/20/2021,68.61,69.88,69.98,66.12,492.22,-2.98%
12/17/2021,70.72,71.79,72.05,69.7,351.3,-1.98%
12/16/2021,72.15,71.28,72.74,70.87,329.08,2.11%
12/15/2021,70.66,70.12,71.45,69.21,191.2,0.20%
12/14/2021,70.52,70.91,71.79,69.32,177.57,-0.76%
12/13/2021,71.06,71.84,72.82,70.54,209.97,-0.59%
12/10/2021,71.48,70.52,72.15,70.19,185.5,0.97%
12/09/2021,70.79,72.36,73.13,70.23,144.3,-1.93%
12/08/2021,72.18,71.62,72.75,70.74,162.64,0.47%
12/07/2021,71.84,69.28,72.72,69.28,176.32,3.67%
12/06/2021,69.3,66.85,69.95,66.62,109.15,4.84%
12/03/2021,66.1,67.17,68.96,65.45,136.24,-0.26%
12/02/2021,66.27,65.38,67.23,62.26,188.62,1.38%
12/01/2021,65.37,66.68,69.18,64.62,164.81,-0.73%
11/30/2021,65.85,69.69,70.86,64.16,184.46,-5.42%
11/29/2021,69.62,68.93,72.48,68.4,169.53,2.62%
11/26/2021,67.84,77.75,78.07,67.14,239.79,-12.36%
11/25/2021,77.41,78.38,78.65,77.28,,-0.51%
11/24/2021,77.81,77.9,78.59,77.41,83.84,-0.17%
11/23/2021,77.94,75.81,78.23,74.77,171.03,2.39%
11/22/2021,76.12,75.07,76.47,74.06,112.64,0.24%
11/19/2021,75.94,78.29,79.33,75.09,623.45,-3.15%
11/18/2021,78.41,77.49,78.8,76.44,426.77,1.11%
11/17/2021,77.55,79.6,79.71,76.93,504.94,-2.75%
11/16/2021,79.74,79.8,80.68,78.97,208.6,-0.01%
11/15/2021,79.75,79.59,80.04,78.28,185.74,0.08%
11/12/2021,79.69,80.08,80.36,78.67,185.2,-0.91%
11/11/2021,80.42,80.1,80.95,78.98,209.7,0.45%
11/10/2021,80.06,82.89,83.3,79.53,242.72,-3.03%
11/09/2021,82.56,80.87,82.99,80.56,249.6,2.25%
11/08/2021,80.74,80,81.42,79.95,165.37,0.76%
11/05/2021,80.13,78.32,80.51,77.78,184.24,3.13%
11/04/2021,77.7,78.93,82.05,77.23,249.2,-2.35%
11/03/2021,79.57,81.7,81.7,78.52,189.15,-3.48%
11/02/2021,82.44,82.3,82.86,81.49,147.57,-0.01%
11/01/2021,82.45,81.58,83.07,81.05,150.56,0.82%
10/29/2021,81.78,81.71,81.96,80.14,173.71,0.39%
10/28/2021,81.46,81.05,81.85,79.37,155.2,-0.02%
10/27/2021,81.48,83.11,83.21,80.84,142.73,-2.26%
10/26/2021,83.36,82.61,83.51,81.97,171.17,0.91%
10/25/2021,82.61,82.64,83.83,82.24,255.2,0.13%
10/22/2021,82.5,81.43,82.92,80.62,173.25,1.40%
10/21/2021,81.36,82.45,82.71,79.79,169.88,-2.47%
10/20/2021,83.42,82.46,83.65,80.78,530.69,1.19%
10/19/2021,82.44,81.58,82.99,81.08,531.47,0.92%
10/18/2021,81.69,82,83.18,81.21,501.07,-0.05%
10/15/2021,81.73,80.93,82,80.86,284.73,1.19%
10/14/2021,80.77,79.94,81.14,79.79,300.57,1.19%
10/13/2021,79.82,79.83,80.36,78.78,304.96,-0.13%
10/12/2021,79.92,79.89,80.79,78.88,358.2,0.00%
10/11/2021,79.92,79.01,81.08,78.95,452.23,1.47%
10/08/2021,78.76,78.47,79.62,78.2,446.5,1.03%
10/07/2021,77.96,76.63,78.54,74.67,265.13,1.17%
10/06/2021,77.06,78.58,79.39,76.48,200.17,-1.92%
10/05/2021,78.57,77.29,79.09,77.17,238.92,1.60%
10/04/2021,77.33,75.63,78.07,75.03,216.82,2.32%
10/01/2021,75.58,74.74,75.68,73.92,169.25,1.18%
09/30/2021,74.7,74.47,75.72,72.82,239.15,0.27%
09/29/2021,74.5,73.95,75.39,73.37,169.91,-0.53%
09/28/2021,74.9,75.05,76.26,73.86,177.68,-0.24%
09/27/2021,75.08,73.83,75.35,73.79,207.11,2.00%
09/24/2021,73.61,72.91,73.86,72.47,152.84,0.90%
09/23/2021,72.95,71.6,73.1,71.29,185.63,1.47%
09/22/2021,71.89,70.48,71.96,70.27,146.9,1.99%
09/21/2021,70.49,70.43,71.48,69.39,393.4,0.50%
09/20/2021,70.14,71.81,71.93,69.71,377.95,-2.34%
09/17/2021,71.82,72.33,72.5,71.03,288.46,-0.76%
09/16/2021,72.37,72.42,72.72,71.29,232.72,0.06%
09/15/2021,72.33,70.47,72.87,70.43,268.43,2.99%
09/14/2021,70.23,70.38,70.97,69.75,242.42,0.06%
09/13/2021,70.19,69.35,70.68,69.26,194.03,1.04%
09/10/2021,69.47,67.73,69.71,67.48,199.52,2.28%
09/09/2021,67.92,69.11,69.61,67.35,238.5,-1.64%
09/08/2021,69.05,68.13,69.49,68.08,186.53,1.35%
09/07/2021,68.13,68.9,69.24,67.44,139.43,-0.97%
09/06/2021,68.8,68.75,69.47,68.27,,0.07%
09/05/2021,68.75,69.22,69.23,68.73,,-0.46%
09/03/2021,69.07,69.51,70.27,68.87,101.34,-0.95%
09/02/2021,69.73,67.99,70.31,67.58,137.71,2.06%
09/01/2021,68.32,68.31,68.98,66.92,124.27,0.09%
08/31/2021,68.26,68.89,69.07,67.92,90.7,-0.97%
08/30/2021,68.93,68.94,69.36,67.53,129.09,0.66%
08/27/2021,68.48,67.47,68.69,67.18,107.41,2.06%
08/26/2021,67.1,67.78,67.97,66.71,102,-1.41%
08/25/2021,68.06,67.33,68.23,66.63,107.2,1.20%
08/24/2021,67.25,65.24,67.49,65.15,91.59,2.92%
08/23/2021,65.34,61.75,65.66,61.5,106.6,5.15%
08/20/2021,62.14,63.65,64.04,61.82,365.01,-2.14%
08/19/2021,63.5,64.45,64.57,62.41,494.97,-2.62%
08/18/2021,65.21,66.34,67.23,64.17,386.36,-1.70%
08/17/2021,66.34,67.17,67.46,66.09,232.41,-1.06%
08/16/2021,67.05,67.63,68.03,65.51,205.58,-1.70%
08/13/2021,68.21,68.75,68.99,67.55,145.27,-1.00%
08/12/2021,68.9,69.15,69.39,68.24,182.54,-0.17%
08/11/2021,69.02,68.28,69.19,66.47,223.82,1.41%
08/10/2021,68.06,66.62,68.66,66.29,188.99,2.65%
08/09/2021,66.3,67.62,67.67,65,247.22,-2.64%
08/06/2021,68.1,68.77,69.87,67.62,273.91,-0.93%
08/05/2021,68.74,67.64,68.97,67.22,146.62,1.40%
08/04/2021,67.79,69.88,70.31,67.52,243.6,-3.20%
08/03/2021,70.03,70.86,71.29,68.65,174.91,-0.82%
08/02/2021,70.61,73.11,73.19,69.96,138.72,-3.58%
07/30/2021,73.23,72.75,73.52,72.3,97.78,0.34%
07/29/2021,72.98,71.8,73.02,71.66,110.6,1.66%
07/28/2021,71.79,71.36,72,71.16,96.97,0.91%
07/27/2021,71.14,71.61,71.76,70.62,114.13,-0.28%
07/26/2021,71.34,71.46,71.71,69.9,105.91,-0.06%
07/23/2021,71.38,70.97,71.48,70.69,73.54,0.34%
07/22/2021,71.14,69.5,71.26,69.11,134.22,2.26%
07/21/2021,69.57,65.86,69.75,65.86,151.83,3.53%
07/20/2021,67.2,66.61,67.61,65.01,561.63,1.28%
07/19/2021,66.35,71.09,71.4,65.56,731.96,-7.28%
07/16/2021,71.56,71.21,72.04,70.16,359.21,0.25%
07/15/2021,71.38,72.43,72.48,71.02,329.01,-1.73%
07/14/2021,72.64,74.58,74.89,71.7,375.43,-2.74%
07/13/2021,74.69,73.51,74.9,73.07,286.33,1.70%
07/12/2021,73.44,73.92,74.15,72.45,221.74,-0.50%
07/09/2021,73.81,72.51,73.98,71.97,185.31,2.20%
07/08/2021,72.22,71.55,72.51,70.1,247.36,1.01%
07/07/2021,71.5,73,74.06,70.44,223.71,-1.49%
07/06/2021,72.58,74.43,76.07,72.16,254.31,-4.81%
07/05/2021,76.25,75.15,76.4,74.75,,1.48%
07/04/2021,75.14,75.22,75.28,75,,1.05%
07/02/2021,74.36,74.07,74.67,73.57,163.67,0.04%
07/01/2021,74.33,72.78,75.23,72.66,289.38,2.14%
06/30/2021,72.77,72.77,73.45,72.1,146.95,0.64%
06/29/2021,72.31,72.04,73.07,71.28,113.12,0.15%
06/28/2021,72.2,73.27,73.7,71.92,104.66,-1.54%
06/25/2021,73.33,72.65,73.4,72.11,144.56,0.96%
06/24/2021,72.63,72.56,72.86,71.64,131.48,0.37%
06/23/2021,72.36,72.1,73.33,72.01,170.19,-0.67%
06/22/2021,72.85,73.04,73.47,72.47,498.56,-0.37%
06/21/2021,73.12,71.15,73.28,70.78,591.31,2.57%
06/18/2021,71.29,70.8,71.82,69.87,420.11,0.72%
06/17/2021,70.78,71.48,72.1,69.54,343.67,-1.63%
06/16/2021,71.95,72.13,72.74,71.42,281.18,0.13%
06/15/2021,71.86,70.91,72.2,70.54,195.7,1.74%
06/14/2021,70.63,70.36,71.4,70.36,163.55,0.04%
06/11/2021,70.6,69.91,70.86,69.47,396.29,0.73%
06/10/2021,70.09,69.61,70.46,68.51,205.08,0.43%
06/09/2021,69.79,69.81,70.43,69.29,168.12,-0.11%
06/08/2021,69.87,69.08,70.08,68.29,166.36,1.20%
06/07/2021,69.04,69.25,69.76,68.71,156.7,-0.50%
06/04/2021,69.39,68.71,69.51,68.12,138.05,1.15%
06/03/2021,68.6,68.59,69.18,67.98,108.64,-0.04%
06/02/2021,68.63,67.8,68.77,67.59,110.81,1.64%
06/01/2021,67.52,66.45,68.64,66.19,148.83,0.84%
05/31/2021,66.96,66.58,67.41,66.41,,0.56%
05/30/2021,66.59,66.7,66.75,66.53,,0.74%
05/28/2021,66.1,66.68,67.28,65.95,186.24,-0.75%
05/27/2021,66.6,65.93,66.66,65.23,113.06,0.97%
05/26/2021,65.96,65.75,66.15,65.02,122.47,0.26%
05/25/2021,65.79,65.76,66.18,65.14,229.42,0.02%
05/24/2021,65.78,63.61,65.87,63.45,155.5,3.82%
05/21/2021,63.36,61.73,63.82,61.36,187.39,2.29%
05/20/2021,61.94,63.35,63.95,61.67,524.17,-2.23%
05/19/2021,63.35,65.3,65.35,61.95,615.26,-3.28%
05/18/2021,65.5,66.31,67.02,64.14,484.42,-1.18%
05/17/2021,66.28,65.44,66.42,64.83,229.56,1.41%
05/14/2021,65.36,63.84,65.6,63.35,246.22,2.38%
05/13/2021,63.84,65.78,65.83,63.12,247.68,-3.42%
05/12/2021,66.1,65.44,66.63,64.98,256.7,1.23%
05/11/2021,65.3,64.94,65.51,63.71,195.32,0.57%
05/10/2021,64.93,65.25,66,63.96,193.2,0.08%
05/07/2021,64.88,64.86,65.2,63.89,168.37,0.32%
05/06/2021,64.67,65.26,65.93,64.47,117.49,-1.40%
05/05/2021,65.59,66.2,66.67,64.89,187.51,-0.03%
05/04/2021,65.61,64.43,66.12,64.21,148.65,1.86%
05/03/2021,64.41,63.48,64.58,62.82,86.7,1.47%
04/30/2021,63.48,64.76,64.83,63,159.45,-2.16%
04/29/2021,64.88,63.59,65.32,63.53,119.35,1.77%
04/28/2021,63.75,62.92,64.37,62.54,127.27,1.51%
04/27/2021,62.8,61.8,63.15,61.8,111.62,1.62%
04/26/2021,61.8,62.03,62.18,60.56,103.53,-0.35%
04/23/2021,62.02,61.56,62.3,61.14,104.73,1.11%
04/22/2021,61.34,61.05,61.79,60.55,99.27,0.11%
04/21/2021,61.27,62.33,62.47,60.79,123.25,-2.23%
04/20/2021,62.67,63.53,64.38,61.49,476.05,-1.20%
04/19/2021,63.43,63.01,63.69,62.67,279.37,0.38%
04/16/2021,63.19,63.35,63.94,62.88,265.8,-0.50%
04/15/2021,63.51,62.97,63.62,62.61,243.64,0.46%
04/14/2021,63.22,60.52,63.51,60.43,318.18,4.95%
04/13/2021,60.24,59.69,60.63,59.69,198.23,0.82%
04/12/2021,59.75,59.43,60.78,58.77,200.51,0.67%
04/09/2021,59.35,59.78,59.94,59.13,207.85,-0.47%
04/08/2021,59.63,59.56,59.93,58.85,232.13,-0.30%
04/07/2021,59.81,59.28,60.06,58.16,193.63,0.74%
04/06/2021,59.37,58.87,60.89,58.66,211.41,1.18%
04/05/2021,58.68,61.48,61.48,57.68,162.51,-4.55%
04/01/2021,61.48,59.48,61.75,58.91,224.08,3.89%
03/31/2021,59.18,60.4,61.17,58.88,145.02,-2.28%
03/30/2021,60.56,61.92,62.22,59.95,134.61,-1.58%
03/29/2021,61.53,60.94,61.74,59.42,142.06,0.94%
03/26/2021,60.96,58.44,61.34,58.33,183.9,4.08%
03/25/2021,58.57,60.8,60.84,57.46,198.97,-4.23%
03/24/2021,61.16,57.42,61.31,57.33,190.27,5.85%
03/23/2021,57.78,61.18,61.25,57.29,310.15,-6.14%
03/22/2021,61.56,61.6,62.04,60.35,404.37,0.20%
03/19/2021,61.44,59.65,61.8,59.01,723.88,2.30%
03/18/2021,60.06,64.44,64.88,58.28,728.88,-7.07%
03/17/2021,64.63,64.87,65.4,63.64,300.15,-0.35%
03/16/2021,64.86,65.34,65.48,63.87,213.77,-0.89%
03/15/2021,65.44,65.56,66.44,64.22,193.97,-0.30%
03/12/2021,65.64,65.95,66.22,65.4,166.57,-0.55%
03/11/2021,66,64.62,66.17,64.49,217.43,2.45%
03/10/2021,64.42,63.81,64.9,63.1,217.2,0.67%
03/09/2021,63.99,64.6,65.87,63.6,275.96,-1.45%
03/08/2021,64.93,66.5,67.79,64.45,203.12,-1.50%
03/05/2021,65.92,63.94,66.23,63.59,231.06,3.62%
03/04/2021,63.62,60.93,64.62,60.36,241.24,4.12%
03/03/2021,61.1,59.4,61.75,59.08,170.7,2.57%
03/02/2021,59.57,60.04,60.98,59.2,149.34,-1.41%
03/01/2021,60.42,61.42,62.67,59.77,153.33,-1.32%
02/26/2021,61.23,63.17,63.24,61.04,124.26,-3.15%
02/25/2021,63.22,63.22,63.56,62.45,180.38,0.35%
02/24/2021,63,61.07,63.28,60.77,149.43,2.56%
02/23/2021,61.43,61.9,62.71,60.44,150.92,-0.44%
02/22/2021,61.7,58.93,62.22,58.82,505.77,4.12%
02/19/2021,59.26,60.18,60.32,58.6,608.59,-2.10%
02/18/2021,60.53,61.71,62.29,59.81,538.43,-1.03%
02/17/2021,61.16,60.28,61.75,59.56,383.87,1.80%
02/16/2021,60.08,59.83,60.78,59.34,485.73,-0.02%
02/15/2021,60.09,60.36,60.95,59.96,,-0.46%
02/14/2021,60.37,60.01,60.75,60.01,,1.67%
02/12/2021,59.38,57.82,59.72,57.31,272.11,2.13%
02/11/2021,58.14,58.26,58.57,57.75,187.76,-0.73%
02/10/2021,58.57,58.33,58.77,57.98,186.03,0.55%
02/09/2021,58.25,57.99,58.49,57.17,246.49,0.73%
02/08/2021,57.83,56.95,57.98,56.86,152.37,1.99%
02/05/2021,56.7,56.32,57.11,56.32,170.65,1.12%
02/04/2021,56.07,55.8,56.41,55.16,147.93,0.95%
02/03/2021,55.54,54.96,56.16,54.66,173.15,1.68%
02/02/2021,54.62,53.35,55.09,53.32,182.83,2.25%
02/01/2021,53.42,51.9,53.6,51.53,126.46,2.57%
01/29/2021,52.08,52.03,53.13,51.85,99.6,-0.31%
01/28/2021,52.24,52.54,53.43,51.94,114.94,-0.93%
01/27/2021,52.73,52.67,53.16,51.77,131.52,0.40%
01/26/2021,52.52,52.81,53.12,52.2,90.35,-0.28%
01/25/2021,52.67,52.08,52.84,51.75,94.9,0.92%
01/22/2021,52.19,53.01,53.08,51.38,110.82,-1.62%
01/21/2021,53.05,52.81,53.3,52.64,131.54,-0.49%
01/20/2021,53.31,53.06,53.83,52.83,400.3,0.62%
01/19/2021,52.98,52,53.18,51.81,533.78,1.18%
01/18/2021,52.36,52.2,52.61,51.83,,0.31%
01/17/2021,52.2,52.09,52.38,52.09,,-0.42%
01/15/2021,52.42,53.77,53.86,51.89,391.29,-2.24%
01/14/2021,53.62,52.89,53.79,52.3,320.72,1.25%
01/13/2021,52.96,53.34,53.94,52.6,269.31,-0.53%
01/12/2021,53.24,52.19,53.47,52.08,231.07,1.86%
01/11/2021,52.27,52.55,52.69,51.51,216.27,0.02%
01/08/2021,52.26,50.9,52.74,50.86,256.96,2.73%
01/07/2021,50.87,50.55,51.3,50.44,177.01,0.36%
01/06/2021,50.69,49.93,50.98,49.53,255.4,1.36%
01/05/2021,50.01,47.54,50.27,47.39,277.27,4.71%
01/04/2021,47.76,48.49,49.94,47.31,172.92,-1.79%
12/31/2020,48.63,48.41,48.68,47.88,53.38,0.27%
12/30/2020,48.5,48.26,48.78,47.76,71.1,0.75%
12/29/2020,48.14,47.87,48.49,47.82,61.07,0.77%
12/28/2020,47.77,48.39,49.07,47.63,67.47,-1.20%
12/24/2020,48.35,48.2,48.72,47.69,31.48,0.23%
12/23/2020,48.24,46.93,48.6,46.3,78.58,2.29%
12/22/2020,47.16,48,48.06,46.72,63.09,-1.69%
12/21/2020,47.97,49.26,49.31,46.25,478.1,-2.58%
12/18/2020,49.24,48.57,49.43,48.27,300.14,1.44%
12/17/2020,48.54,48.07,48.8,48,243.86,1.13%
12/16/2020,48,47.77,48.12,47.34,226.21,0.46%
12/15/2020,47.78,47.18,47.89,46.72,219.99,1.34%
12/14/2020,47.15,46.92,47.57,45.88,203.13,0.86%
12/11/2020,46.75,47.15,47.46,46.51,181.85,-0.45%
12/10/2020,46.96,45.87,47.88,45.72,172.15,2.71%
12/09/2020,45.72,45.75,46.43,45.14,149.4,-0.17%
12/08/2020,45.8,45.82,46.09,45.32,141.09,-0.33%
12/07/2020,45.95,46.24,46.7,45.54,138.58,-1.01%
12/04/2020,46.42,45.76,46.8,45.76,118.56,1.38%
12/03/2020,45.79,45.14,45.98,44.84,104,0.77%
12/02/2020,45.44,44.54,46.04,44.1,119.96,1.59%
12/01/2020,44.73,45.25,45.86,44.32,95,-1.71%
11/30/2020,45.51,45.57,45.98,44.64,105.31,-0.50%
11/27/2020,45.74,46.12,46.27,44.77,77.04,1.69%
11/26/2020,44.98,45.77,46.09,44.73,,-2.03%
11/25/2020,45.91,45.05,46.44,44.87,120.32,1.77%
11/24/2020,45.11,43.04,45.38,43.04,150.46,4.23%
11/23/2020,43.28,42.64,43.56,42.52,98.45,2.03%
11/20/2020,42.42,41.88,42.54,41.61,276.34,1.24%
11/19/2020,41.9,41.87,42.15,41.26,313.38,-0.26%
11/18/2020,42.01,41.55,42.68,41.3,322.65,0.86%
11/17/2020,41.65,41.65,41.93,40.81,236.67,0.19%
11/16/2020,41.57,40.44,42.35,40.4,238.44,2.90%
11/13/2020,40.4,41.21,41.21,40.33,201.43,-2.44%
11/12/2020,41.41,41.72,42.45,41.16,180.09,-0.79%
11/11/2020,41.74,42.08,43.33,41.61,216.25,0.17%
11/10/2020,41.67,40.19,42.12,39.72,214.04,2.58%
11/09/2020,40.62,37.64,41.63,37.52,281.67,8.35%
11/06/2020,37.49,38.82,38.92,37.4,182.65,-4.14%
11/05/2020,39.11,39.42,39.67,38.6,97.35,-0.91%
11/04/2020,39.47,38.46,39.56,37.59,156.1,3.90%
11/03/2020,37.99,37.37,38.63,36.93,171.28,2.18%
11/02/2020,37.18,35.5,37.5,34.04,156.51,2.85%
10/30/2020,36.15,36.41,36.93,35.57,125.09,-0.99%
10/29/2020,36.51,37.76,38.1,35.28,185.12,-3.21%
10/28/2020,37.72,39.3,39.33,37.32,163.97,-5.39%
10/27/2020,39.87,38.95,40.13,38.83,93.88,2.52%
10/26/2020,38.89,39.98,40.04,38.61,102.22,-3.14%
10/23/2020,40.15,40.91,41.21,39.88,68.68,-1.93%
10/22/2020,40.94,40.31,41.31,40,86.93,1.56%
10/21/2020,40.31,41.45,41.85,40.07,101.48,-3.33%
10/20/2020,41.7,40.93,41.9,40.46,360.57,1.56%
10/19/2020,41.06,40.92,41.46,40.77,314.65,-0.15%
10/16/2020,41.12,41.16,41.3,40.34,256.54,-0.29%
10/15/2020,41.24,41.43,41.57,39.52,281.94,-0.24%
10/14/2020,41.34,40.49,41.43,40.12,264.49,2.10%
10/13/2020,40.49,39.8,40.79,39.65,248.71,1.91%
10/12/2020,39.73,40.72,40.75,39.36,186.65,-2.88%
10/09/2020,40.91,41.6,41.74,40.68,173.38,-1.35%
10/08/2020,41.47,40.23,41.59,40.05,263.97,3.08%
10/07/2020,40.23,40.12,40.61,39.57,229.63,-1.71%
10/06/2020,40.93,39.62,41.11,39.37,198.24,3.62%
10/05/2020,39.5,37.34,39.96,37.32,163.79,5.78%
10/02/2020,37.34,38.92,38.93,36.93,162.58,-4.28%
10/01/2020,39.01,40.15,40.7,37.92,171.2,-3.61%
09/30/2020,40.47,39.43,40.61,38.95,155.54,2.30%
09/29/2020,39.56,40.84,40.94,38.7,152.53,-3.21%
09/28/2020,40.87,40.24,41.06,40.05,61.39,0.89%
09/25/2020,40.51,40.35,40.89,40,79.14,-0.17%
09/24/2020,40.58,39.87,40.64,39.41,78.41,0.90%
09/23/2020,40.22,40.03,41.04,39.56,87.56,1.06%
09/22/2020,39.8,39.84,40.27,39.19,287.81,0.66%
09/21/2020,39.54,41.19,41.49,38.87,405.21,-4.31%
09/18/2020,41.32,41.2,41.72,40.52,269.71,0.24%
09/17/2020,41.22,40.41,41.48,39.67,270.18,2.00%
09/16/2020,40.41,38.65,40.59,38.62,283.42,4.82%
09/15/2020,38.55,37.6,38.82,37.36,217.08,2.64%
09/14/2020,37.56,37.6,37.97,37.12,185.19,-0.24%
09/11/2020,37.65,37.34,38.12,37.02,152.7,-0.03%
09/10/2020,37.66,38.16,38.53,37.27,171.07,-1.95%
09/09/2020,38.41,37.18,38.78,36.6,197.32,3.28%
09/08/2020,37.19,39.86,39.96,36.58,269.13,-5.13%
09/07/2020,39.2,38.77,39.53,38.77,,1.16%
09/06/2020,38.75,39.47,39.48,38.57,,-3.49%
09/04/2020,40.15,41.6,42.19,39.75,115.67,-3.76%
09/03/2020,41.72,41.96,42.14,40.61,114.48,-0.31%
09/02/2020,41.85,43.35,43.51,41.59,120.08,-2.86%
09/01/2020,43.08,43.12,43.7,43.04,110.25,0.42%
08/31/2020,42.9,43.3,43.89,42.84,77.85,-0.90%
08/28/2020,43.29,43.27,43.69,43.03,102.45,-0.05%
08/27/2020,43.31,43.78,43.81,42.68,93.85,-0.87%
08/26/2020,43.69,43.74,44.05,43.32,80.8,0.09%
08/25/2020,43.65,42.71,43.84,42.63,108.41,1.68%
08/24/2020,42.93,42.72,43.13,42.51,84.97,0.73%
08/21/2020,42.62,43.01,43.22,41.74,84.77,-0.47%
08/20/2020,42.82,42.95,42.98,41.63,377.07,-0.67%
08/19/2020,43.11,42.81,43.21,42.55,304.94,-0.02%
08/18/2020,43.12,43.05,43.29,42.4,285.14,-0.12%
08/17/2020,43.17,42.45,43.25,42.09,193.11,2.03%
08/14/2020,42.31,42.62,42.84,41.93,180.37,-0.49%
08/13/2020,42.52,42.88,43.1,42.37,179.53,-1.00%
08/12/2020,42.95,41.92,43.17,41.8,198.19,2.58%
08/11/2020,41.87,42.21,43.14,41.75,160.19,-0.71%
08/10/2020,42.17,41.63,42.54,41.43,142.8,1.64%
08/07/2020,41.49,42.19,42.44,41.33,143.4,-1.68%
08/06/2020,42.2,42.42,42.87,41.89,115.16,-0.54%
08/05/2020,42.43,41.8,43.68,41.66,224.29,1.24%
08/04/2020,41.91,41.08,42.28,40.43,191.8,1.45%
08/03/2020,41.31,40.7,41.49,39.89,120.59,1.82%
07/31/2020,40.57,40.65,40.86,39.96,102.57,0.82%
07/30/2020,40.24,41.59,41.64,39,162.72,-3.13%
07/29/2020,41.54,41.29,41.81,41.19,109.96,0.63%
07/28/2020,41.28,41.88,42.12,41.08,74,-1.24%
07/27/2020,41.8,41.45,41.99,40.69,119.48,0.84%
07/24/2020,41.45,41.23,41.81,40.83,83.04,0.58%
07/23/2020,41.21,42.1,42.51,40.99,104.7,-1.97%
07/22/2020,42.04,41.68,42.16,41.31,93.95,0.29%
07/21/2020,41.92,40.8,42.51,40.74,389.12,2.44%
07/20/2020,40.92,40.77,41.02,39.97,329.77,0.42%
07/17/2020,40.75,40.9,41.05,40.18,272.44,-0.44%
07/16/2020,40.93,41.19,41.38,40.69,203.85,-1.14%
07/15/2020,41.4,40.79,41.46,40.32,248.3,2.10%
07/14/2020,40.55,39.84,40.8,39.31,238.3,0.57%
07/13/2020,40.32,40.57,40.91,39.7,207.2,-1.08%
07/10/2020,40.76,39.83,40.92,38.77,185.49,2.33%
07/09/2020,39.83,41.03,41.12,39.45,170.99,-2.95%
07/08/2020,41.04,40.57,41.16,40.4,130.35,0.84%
07/07/2020,40.7,40.75,41.01,40,96.87,-0.07%
07/06/2020,40.73,40.43,41.19,39.95,166.94,1.12%
07/03/2020,40.28,40.23,40.5,39.86,,-1.18%
07/02/2020,40.76,39.85,40.84,39.57,151.37,2.10%
07/01/2020,39.92,39.88,40.61,39.11,207.27,1.47%
06/30/2020,39.34,39.76,40.12,38.96,228.32,-1.18%
06/29/2020,39.81,38.12,39.99,37.69,145.18,3.00%
06/26/2020,38.65,39.23,39.5,37.96,130.78,-0.67%
06/25/2020,38.91,38.26,39.38,37.32,136.44,1.83%
06/24/2020,38.21,40.16,40.68,37.52,163.08,-5.68%
06/23/2020,40.51,40.78,41.74,39.9,102.6,-0.54%
06/22/2020,40.73,39.02,40.77,39,315.26,2.26%
06/19/2020,39.83,39.03,40.6,38.51,497.18,2.00%
06/18/2020,39.05,38,39.17,37.4,341.48,2.20%
06/17/2020,38.21,38.21,39.01,37.48,289.58,-1.14%
06/16/2020,38.65,37.38,39.36,36.67,299.66,3.26%
06/15/2020,37.43,36.26,37.54,34.66,262.24,2.52%
06/12/2020,36.51,36.46,37.22,34.74,203.85,-0.16%
06/11/2020,36.57,39.25,39.25,35.68,231.68,-8.07%
06/10/2020,39.78,38.72,40.07,37.98,136.5,1.58%
06/09/2020,39.16,38.51,39.31,37.33,140.18,1.90%
06/08/2020,38.43,39.67,40.69,38.24,151.63,-3.44%
06/05/2020,39.8,37.64,39.89,37.35,139.94,5.51%
06/04/2020,37.72,37.06,37.91,36.71,109.72,0.35%
06/03/2020,37.59,37.09,38.4,36.24,160.9,1.43%
06/02/2020,37.06,35.94,37.29,35.64,123.23,3.55%
06/01/2020,35.79,35.62,36.23,34.65,140.98,-0.14%
05/29/2020,35.84,34.06,36.11,32.76,162.34,5.23%
05/28/2020,34.06,32.48,34.57,31.63,141.69,2.50%
05/27/2020,33.23,34.54,34.7,32.2,127.38,-4.43%
05/26/2020,34.77,33.77,35.16,32.9,137.75,2.51%
05/25/2020,33.92,32.92,34.18,32.72,,3.10%
05/24/2020,32.9,33.38,33.42,32.5,,-2.23%
05/22/2020,33.65,34.41,34.48,31.28,137.02,-2.01%
05/21/2020,34.34,33.93,35.05,33.78,127.18,1.18%
05/20/2020,33.94,32.41,34.22,32.11,128.95,6.20%
05/19/2020,31.96,32.39,32.91,31.13,430.82,0.98%
05/18/2020,31.65,29.81,33.1,29.55,561.53,7.22%
05/15/2020,29.52,28.02,29.82,27.53,425.17,5.88%
05/14/2020,27.88,25.97,28.27,25.56,413.44,8.57%
05/13/2020,25.68,25.8,26.96,25.25,460.74,-2.47%
05/12/2020,26.33,25.39,26.87,25.15,459.49,4.98%
05/11/2020,25.08,25.91,26.73,24.79,436.58,-4.17%
05/08/2020,26.17,24.81,26.29,24.73,392.79,5.40%
05/07/2020,24.83,25.56,27.79,24.38,497.36,-3.08%
05/06/2020,25.62,27.45,27.98,24.55,414.93,-3.28%
05/05/2020,26.49,23.56,27.4,23.38,405.07,16.29%
05/04/2020,22.78,21.87,23.79,20.84,274.82,2.20%
05/01/2020,22.29,22.04,23.4,20.86,330.61,2.01%
04/30/2020,21.85,19.33,22.3,19.15,434.79,14.28%
04/29/2020,19.12,18.01,20.36,17.4,380.71,8.64%
04/28/2020,17.6,18.24,19.66,17.27,613.95,-2.65%
04/27/2020,18.08,21.13,21.45,17.78,367.14,-14.80%
04/24/2020,21.22,21.85,22.96,20.73,362.38,-1.03%
04/23/2020,21.44,20.99,23.4,20.32,344.88,3.62%
04/22/2020,20.69,20.26,22.79,17.43,530.4,78.82%
04/21/2020,11.57,21.32,22.58,6.5,2.29M,-43.37%
04/20/2020,20.43,24.76,24.92,20.19,1.32M,-18.38%
04/17/2020,25.03,26.42,26.78,24.57,712.98,-1.96%
04/16/2020,25.53,26.26,27,24.93,439.67,-1.96%
04/15/2020,26.04,27.84,28.14,25.84,367.57,-4.96%
04/14/2020,27.4,29.2,29.95,27.25,436.46,-6.36%
04/13/2020,29.26,30.3,30.57,28.26,399.07,1.53%
04/09/2020,28.82,30.82,33.15,28.63,438.04,-4.47%
04/08/2020,30.17,29.21,31.05,29.05,393.26,5.16%
04/07/2020,28.69,30.21,31.3,28.53,317.26,-4.30%
04/06/2020,29.98,29.2,31.27,28.13,209.52,-2.98%
04/03/2020,30.9,27.34,31.62,26.53,317.83,10.16%
04/02/2020,28.05,24.19,30.16,23.92,447.84,18.16%
04/01/2020,23.74,24.18,24.72,23.63,276.33,-3.14%
03/31/2020,24.51,24.25,25.73,24.06,209.61,1.74%
03/30/2020,24.09,24.68,25.01,23.31,276.61,-4.21%
03/27/2020,25.15,26.23,26.43,24.59,199.03,-2.18%
03/26/2020,25.71,27.04,27.46,25.47,219.09,-5.34%
03/25/2020,27.16,26.64,27.59,25.56,183.31,3.66%
03/24/2020,26.2,25.87,27.28,25.44,191.67,2.83%
03/23/2020,25.48,24.4,26.12,22.74,198.6,12.59%
03/20/2020,22.63,25.59,28.49,22.39,1.13M,-12.66%
03/19/2020,25.91,22.82,28.28,21.77,1.19M,24.39%
03/18/2020,20.83,27.3,27.6,20.52,1.00M,-23.78%
03/17/2020,27.33,28.99,30.61,27.06,520.08,-5.76%
03/16/2020,29,32.69,33.8,28.5,443.05,-9.69%
03/13/2020,32.11,31.35,34.38,30.8,355.35,0.41%
03/12/2020,31.98,33.43,34.05,30.5,506.87,-4.22%
03/11/2020,33.39,35,36.7,32.97,321.92,-3.86%
03/10/2020,34.73,30.75,35.35,30.58,415.57,10.36%
03/09/2020,31.47,32.87,35.19,27.83,673.03,-24.19%
03/06/2020,41.51,46.22,46.53,41.29,398.33,-9.88%
03/05/2020,46.06,47.38,47.72,45.82,164.22,-1.90%
03/04/2020,46.95,47.1,48.56,46.82,155.22,-0.80%
03/03/2020,47.33,47.98,48.82,46.64,199.81,0.87%
03/02/2020,46.92,43.93,47.71,43.4,190.39,4.41%
02/28/2020,44.94,46.68,47.2,44.07,230.76,-4.97%
02/27/2020,47.29,48.7,48.9,46.1,195.82,-3.25%
02/26/2020,48.88,50.22,50.57,48.44,179.52,-2.36%
02/25/2020,50.06,51.5,52.15,49.85,144.47,-2.95%
02/24/2020,51.58,52.79,52.79,50.61,137.67,-3.59%
02/21/2020,53.5,53.93,54.02,52.72,142.13,-0.71%
02/20/2020,53.88,53.7,54.66,53.44,676.18,0.73%
02/19/2020,53.49,52.36,53.87,52.16,655.5,2.29%
02/18/2020,52.29,52.49,52.65,51.15,723.14,0.17%
02/17/2020,52.2,52.34,52.59,52.05,,-0.31%
02/16/2020,52.36,52.45,52.63,52.34,,0.08%
02/14/2020,52.32,51.73,52.56,51.55,281.39,1.28%
02/13/2020,51.66,51.87,52.19,50.82,311.01,0.49%
02/12/2020,51.41,50.16,51.93,50.16,292.2,2.47%
02/11/2020,50.17,49.78,50.86,49.78,252.29,0.78%
02/10/2020,49.78,50.34,50.71,49.63,206.92,-1.52%
02/07/2020,50.55,51.31,51.66,50.32,230.88,-1.15%
02/06/2020,51.14,51.35,52.34,50.42,146.7,0.43%
02/05/2020,50.92,49.68,52.01,49.64,172.74,2.25%
02/04/2020,49.8,50.04,51.7,49.5,161.51,-0.95%
02/03/2020,50.28,51.15,52.05,49.98,195.73,-2.71%
01/31/2020,51.68,52.97,53.42,51.09,154.05,-1.05%
01/30/2020,52.23,53.1,53.27,51.75,140.67,-2.21%
01/29/2020,53.41,54,54.39,52.87,110.23,-0.21%
01/28/2020,53.52,52.72,54.08,52.72,107.71,0.64%
01/27/2020,53.18,53.57,53.72,52.16,101.53,-1.88%
01/24/2020,54.2,55.72,55.97,53.88,82.34,-2.54%
01/23/2020,55.61,56.13,56.43,54.82,149.95,-2.03%
01/22/2020,56.76,58.24,58.35,56.07,124.61,-2.77%
01/21/2020,58.38,59.35,59.77,57.71,648.34,-0.60%
01/20/2020,58.73,59.28,59.32,58.56,,-0.91%
01/19/2020,59.27,59.36,59.66,59.2,,1.18%
01/17/2020,58.58,58.61,59,58.31,415.85,0.09%
01/16/2020,58.53,58.12,58.88,57.6,426.33,1.19%
01/15/2020,57.84,58.23,58.41,57.42,271.2,-0.72%
01/14/2020,58.26,58.06,58.73,57.74,262.79,0.31%
01/13/2020,58.08,59.08,59.21,57.93,295.82,-1.54%
01/10/2020,58.99,59.51,59.67,58.79,256.06,-0.76%
01/09/2020,59.44,59.85,60.17,58.55,268.85,-0.03%
01/08/2020,59.46,62.63,65.4,58.99,436.61,-4.88%
01/07/2020,62.51,62.67,62.92,61.96,173.85,-0.84%
01/06/2020,63.04,63.43,64.45,62.43,176.99,0.35%
01/03/2020,62.82,60.96,63.8,60.91,236.06,3.07%
01/02/2020,60.95,61.29,61.32,60.42,101.52,-0.62%
01/01/2020,61.33,61.52,61.54,61.33,,0.92%
12/31/2019,60.77,61.41,61.61,60.43,91.86,-1.09%
12/30/2019,61.44,61.49,62.14,60.84,88.44,-0.15%
12/27/2019,61.53,61.51,61.76,61.06,71.75,0.08%
12/26/2019,61.48,61.07,61.6,60.9,47.13,0.47%
12/25/2019,61.19,61.45,61.52,61.17,,0.41%
12/24/2019,60.94,60.49,60.99,60.33,34.21,0.98%
12/23/2019,60.35,60.19,60.59,59.95,74.62,0.17%
12/20/2019,60.25,60.84,60.93,59.85,201.74,-1.52%
12/19/2019,61.18,60.81,61.4,60.69,426.34,0.54%
12/18/2019,60.85,60.49,61.11,60.24,553.57,-0.03%
12/17/2019,60.87,60.16,60.97,59.97,416.42,1.21%
12/16/2019,60.14,59.83,60.29,59.62,234.08,0.27%
12/13/2019,59.98,59.26,60.39,59.19,243.57,1.56%
12/12/2019,59.06,58.77,59.61,58.67,200.56,0.70%
12/11/2019,58.65,58.98,59.1,58.02,194.37,-0.83%
12/10/2019,59.14,58.8,59.4,58.46,199.4,0.37%
12/09/2019,58.92,59.03,59.14,58.18,176.14,-0.30%
12/06/2019,59.1,58.26,59.74,57.62,190.65,1.30%
12/05/2019,58.34,58.3,59,58.01,149.07,0.00%
12/04/2019,58.34,56.33,58.56,56.21,175.81,4.12%
12/03/2019,56.03,56,56.72,55.32,125.74,0.21%
12/02/2019,55.91,55.45,56.64,55.39,146.3,1.40%
11/29/2019,55.14,58.08,58.24,55.01,123.68,-5.06%
11/28/2019,58.08,57.97,58.29,57.64,,0.05%
11/27/2019,58.05,58.2,58.6,57.46,86.58,-0.46%
11/26/2019,58.32,57.85,58.47,57.66,76.46,0.71%
11/25/2019,57.91,57.83,58.02,57.12,68.81,0.43%
11/22/2019,57.66,58.22,58.56,57.39,78.27,-1.28%
11/21/2019,58.41,56.91,58.5,56.46,122.17,2.46%
11/20/2019,57.01,55.26,57.37,54.85,674.89,3.00%
11/19/2019,55.35,57,57.21,55.16,566.26,-3.13%
11/18/2019,57.14,57.97,58.17,56.64,420.05,-1.19%
11/15/2019,57.83,57.01,58.09,56.53,269.45,1.67%
11/14/2019,56.88,57.42,57.85,56.76,238.3,-0.56%
11/13/2019,57.2,56.83,57.6,56.27,212.62,0.62%
11/12/2019,56.85,56.91,57.59,56.59,214.64,-0.09%
11/11/2019,56.9,57.38,57.4,56.28,179.07,-0.63%
11/08/2019,57.26,57.11,57.48,55.77,195.4,0.19%
11/07/2019,57.15,56.37,57.85,56.31,254.73,1.37%
11/06/2019,56.38,57.3,57.87,56.16,136.88,-1.59%
11/05/2019,57.29,56.6,57.55,56.36,95.62,1.22%
11/04/2019,56.6,56.47,57.45,55.92,140.31,0.59%
11/01/2019,56.27,54.19,56.39,54.14,110.91,3.72%
10/31/2019,54.25,54.99,55.64,53.84,183.13,-1.54%
10/30/2019,55.1,55.62,55.88,54.58,235.05,-1.04%
10/29/2019,55.68,55.88,56.04,54.74,107.44,-0.39%
10/28/2019,55.9,56.7,56.99,55.68,88.18,-1.43%
10/25/2019,56.71,56.13,56.79,55.65,60.7,0.78%
10/24/2019,56.27,55.9,56.55,55.46,99.43,0.50%
10/23/2019,55.99,54.31,56.1,53.69,123.07,2.77%
10/22/2019,54.48,53.6,54.81,53.23,506.57,1.81%
10/21/2019,53.51,53.83,54.17,52.85,509.43,-0.67%
10/18/2019,53.87,54.2,54.69,53.44,472.56,-0.30%
10/17/2019,54.03,53.08,54.26,52.73,316.37,1.09%
10/16/2019,53.45,52.98,53.82,52.6,233.7,1.08%
10/15/2019,52.88,53.56,53.84,52.46,239.81,-1.44%
10/14/2019,53.65,54.97,54.99,52.86,186.99,-2.06%
10/11/2019,54.78,53.87,54.99,53.67,328.28,2.28%
10/10/2019,53.56,52.61,53.98,51.4,219.64,1.81%
10/09/2019,52.61,52.57,53.71,52.3,215.92,-0.02%
10/08/2019,52.62,52.7,53.22,51.78,232.32,-0.17%
10/07/2019,52.71,52.59,53.96,52.52,191.66,-0.06%
10/04/2019,52.74,52.19,53.26,51.98,132.86,0.73%
10/03/2019,52.36,52.31,52.77,50.89,183.88,-0.29%
10/02/2019,52.51,53.85,54.28,52.05,162.1,-1.85%
10/01/2019,53.5,54.13,54.73,52.95,158.3,-0.89%
09/30/2019,53.98,56.39,56.4,53.89,135.51,-3.24%
09/27/2019,55.79,56.3,56.61,54.64,162.93,-0.87%
09/26/2019,56.28,56.55,56.65,55.25,140.39,-0.07%
09/25/2019,56.32,56.45,56.8,55.37,119.73,-1.33%
09/24/2019,57.08,58.21,58.26,56.47,135.65,-2.29%
09/23/2019,58.42,58.98,59.11,57.13,111.66,0.57%
09/20/2019,58.09,58.69,59.24,57.93,576.02,-0.17%
09/19/2019,58.19,58.17,59.49,58.02,722.34,0.26%
09/18/2019,58.04,58.62,59.27,57.58,654.34,-1.79%
09/17/2019,59.1,61.72,62.39,58.27,722,-5.70%
09/16/2019,62.67,60.16,63.89,58.62,733.51,14.36%
09/13/2019,54.8,55.11,55.61,54.38,207.13,-0.45%
09/12/2019,55.05,55.85,56.28,53.93,236.13,-1.11%
09/11/2019,55.67,57.76,58.19,55.54,226.63,-2.83%
09/10/2019,57.29,57.91,58.64,57.09,167.4,-0.76%
09/09/2019,57.73,56.68,58.05,56.51,164.54,2.30%
09/06/2019,56.43,56.01,56.84,54.75,141.72,0.48%
09/05/2019,56.16,55.77,57.59,55.6,108.84,0.11%
09/04/2019,56.1,53.75,56.39,53.65,120.85,4.35%
09/03/2019,53.76,54.76,55.01,52.71,164.95,-1.65%
09/02/2019,54.66,54.81,55.22,54.36,,-0.26%
09/01/2019,54.8,55,55,54.56,,-0.16%
08/30/2019,54.89,56.32,56.46,54.34,126.35,-2.76%
08/29/2019,56.45,55.69,56.62,55.23,137.59,1.53%
08/28/2019,55.6,55.54,56.51,55.15,140.05,1.52%
08/27/2019,54.77,53.65,55.54,53.57,93.59,2.37%
08/26/2019,53.5,53.16,55.06,52.84,94.84,-0.96%
08/23/2019,54.02,55.16,55.41,53.12,119.11,-2.07%
08/22/2019,55.16,55.7,56.23,54.7,99.66,-0.59%
08/21/2019,55.49,55.78,56.85,55.35,163.4,-1.14%
08/20/2019,56.13,56.13,56.6,55.16,659.26,-0.02%
08/19/2019,56.14,54.95,56.32,54.79,584.01,2.43%
08/16/2019,54.81,54.61,55.62,54.22,395.16,0.72%
08/15/2019,54.42,54.92,55.32,53.77,373.77,-1.50%
08/14/2019,55.25,56.73,56.84,54,307.93,-3.24%
08/13/2019,57.1,54.68,57.4,54.13,322.7,4.10%
08/12/2019,54.85,54.22,55.05,53.46,270.69,0.88%
08/09/2019,54.37,52.72,54.75,52.31,293.44,3.64%
08/08/2019,52.46,52.24,52.97,51.84,288.28,2.80%
08/07/2019,51.03,53.37,53.74,50.5,289.72,-4.78%
08/06/2019,53.59,54.8,55.28,53.28,190.87,-1.81%
08/05/2019,54.58,55.36,55.51,54.22,227.25,-1.96%
08/02/2019,55.67,54.83,56.09,54.22,156.65,3.07%
08/01/2019,54.01,57.96,58.05,53.67,172.78,-7.88%
07/31/2019,58.63,58.42,58.86,57.85,130.34,0.89%
07/30/2019,58.11,57.07,58.51,57.05,106.38,2.02%
07/29/2019,56.96,56.31,57.19,55.94,72.79,1.12%
07/26/2019,56.33,56.05,56.69,55.83,68.93,0.30%
07/25/2019,56.16,56,57.11,55.94,98.78,0.29%
07/24/2019,56,57.26,57.74,55.45,127.54,-1.50%
07/23/2019,56.85,56.28,57.54,55.82,64.91,1.12%
07/22/2019,56.22,56.2,57.04,55.83,619.48,0.82%
07/19/2019,55.76,55.84,56.49,55.12,734.39,0.61%
07/18/2019,55.42,56.72,57.45,54.85,764.49,-2.64%
07/17/2019,56.92,57.65,58.49,56.36,375.22,-1.42%
07/16/2019,57.74,59.39,60.17,57.19,303.56,-3.25%
07/15/2019,59.68,60.36,60.99,59.3,201.71,-1.03%
07/12/2019,60.3,60.5,60.82,60.03,169.14,0.03%
07/11/2019,60.28,60.5,61.02,60.22,195.35,-0.40%
07/10/2019,60.52,58.45,60.62,58.45,220.59,4.45%
07/09/2019,57.94,57.69,59,57.42,136.81,0.31%
07/08/2019,57.76,57.89,58.55,57.4,127.04,0.30%
07/05/2019,57.59,57.51,57.88,56.38,94.39,1.39%
07/04/2019,56.8,57.41,57.57,56.48,,-1.11%
07/03/2019,57.44,56.59,57.57,56.13,126.68,1.95%
07/02/2019,56.34,59.23,59.48,56.18,150.55,-4.73%
07/01/2019,59.14,59.14,60.32,58.4,116.36,1.06%
06/28/2019,58.52,59.28,59.84,57.8,78.96,-1.63%
06/27/2019,59.49,59.3,59.76,58.66,89.55,0.10%
06/26/2019,59.43,58.86,59.95,58.69,143.2,2.66%
06/25/2019,57.89,57.8,58.86,57.24,100.69,-0.07%
06/24/2019,57.93,57.8,58.26,56.82,90.44,0.75%
06/21/2019,57.5,57.3,58.04,56.71,105.86,0.75%
06/20/2019,57.07,54.38,57.37,54.35,854.51,5.74%
06/19/2019,53.97,54.3,54.65,53.5,667.51,-0.26%
06/18/2019,54.11,52.15,54.53,51.72,618.3,3.72%
06/17/2019,52.17,52.71,53,51.82,235.03,-1.14%
06/14/2019,52.77,52.44,53.26,51.95,166.4,0.44%
06/13/2019,52.54,51.31,53.67,51.18,277.8,2.28%
06/12/2019,51.37,53.3,53.3,50.98,209.21,-4.02%
06/11/2019,53.52,53.6,54.25,53.18,162.28,0.07%
06/10/2019,53.48,54.4,54.99,53.26,151.79,-1.26%
06/07/2019,54.16,53.24,54.45,52.77,162.42,2.71%
06/06/2019,52.73,51.8,53.43,51.33,132.88,1.74%
06/05/2019,51.83,53.01,53.56,50.79,139,-3.36%
06/04/2019,53.63,53,53.94,52.56,122.91,0.47%
06/03/2019,53.38,53.54,54.73,52.22,138.15,-0.48%
05/31/2019,53.64,56.67,56.77,53.19,151.76,-5.46%
05/30/2019,56.74,59.21,59.8,56.49,130.18,-3.75%
05/29/2019,58.95,59.29,59.29,57.22,355.56,-0.67%
05/28/2019,59.35,59.01,59.7,58.26,243.44,0.32%
05/27/2019,59.16,58.77,59.26,58.14,,0.66%
05/26/2019,58.77,58.94,59,58.67,,0.10%
05/24/2019,58.71,58.3,59.17,57.58,99.29,1.24%
05/23/2019,57.99,61.35,61.48,57.42,142.98,-5.71%
05/22/2019,61.5,63.04,63.08,61.1,110.3,-2.58%
05/21/2019,63.13,63.3,63.78,62.78,641.68,-0.13%
05/20/2019,63.21,63.09,63.96,62.6,678.77,0.46%
05/17/2019,62.92,63.3,63.82,62.7,537.03,-0.22%
05/16/2019,63.06,62.33,63.69,62.31,312.35,1.32%
05/15/2019,62.24,61.56,62.57,61.05,235.84,0.45%
05/14/2019,61.96,61.06,62.28,60.87,192.36,1.23%
05/13/2019,61.21,61.8,63.48,60.81,212.38,-0.95%
05/10/2019,61.8,61.74,62.59,61.54,167.01,-0.02%
05/09/2019,61.81,62.13,62.32,61.05,160.9,-0.66%
05/08/2019,62.22,61.58,62.47,61.17,166.73,1.15%
05/07/2019,61.51,62.15,62.59,60.77,164.32,-1.38%
05/06/2019,62.37,61.54,63.05,60.1,101.99,0.53%
05/03/2019,62.04,61.63,62.61,61.39,92.36,0.23%
05/02/2019,61.9,63.7,63.76,61.06,151.23,-2.81%
05/01/2019,63.69,63.53,64.01,62.88,86.96,-0.45%
04/30/2019,63.98,63.5,64.81,63.35,117.93,0.64%
04/29/2019,63.57,62.98,63.76,62.56,113.37,0.30%
04/26/2019,63.38,65.25,65.25,62.36,132.1,-2.91%
04/25/2019,65.28,65.85,66.3,64.98,116.59,-0.93%
04/24/2019,65.89,66.13,66.37,65.7,133.18,-0.53%
04/23/2019,66.24,65.75,66.44,65.55,138.84,1.05%
04/22/2019,65.55,64.07,65.99,64.05,763.53,2.31%
04/18/2019,64.07,63.85,64.24,63.55,508.98,0.31%
04/17/2019,63.87,64.46,64.72,63.76,466.68,-0.50%
04/16/2019,64.19,63.72,64.5,63.15,255.95,0.99%
04/15/2019,63.56,63.9,63.96,63.2,230.46,-0.72%
04/12/2019,64.02,63.81,64.7,63.74,210.95,0.55%
04/11/2019,63.67,64.51,64.55,63.39,279.41,-1.52%
04/10/2019,64.65,64.2,64.71,64.01,265.38,1.08%
04/09/2019,63.96,64.4,64.69,63.64,249.48,-0.58%
04/08/2019,64.33,63.37,64.4,63.18,407.31,1.87%
04/05/2019,63.15,62.23,63.38,61.92,187.72,1.54%
04/04/2019,62.19,62.56,62.84,61.99,198.61,-0.53%
04/03/2019,62.52,62.7,63.04,62.11,205.84,-0.14%
04/02/2019,62.61,61.92,62.8,61.71,314.02,1.46%
04/01/2019,61.71,60.36,61.9,60.36,172.8,2.37%
03/29/2019,60.28,59.67,60.87,59.6,140.05,1.34%
03/28/2019,59.48,59.61,59.73,58.41,120.08,-0.22%
03/27/2019,59.61,60.16,60.35,59.01,153.54,-0.82%
03/26/2019,60.1,59.22,60.5,59.22,210.85,1.73%
03/25/2019,59.08,59.24,59.58,58.45,129.81,-0.35%
03/22/2019,59.29,60.09,60.29,58.52,125.19,-1.51%
03/21/2019,60.2,60.25,60.61,59.92,138.51,-0.05%
03/20/2019,60.23,59.29,60.28,58.56,786.34,1.59%
03/19/2019,59.29,59.31,59.86,58.89,602.72,-0.15%
03/18/2019,59.38,58.75,59.54,58.37,512.12,0.95%
03/15/2019,58.82,58.82,59.25,58.03,261.23,-0.15%
03/14/2019,58.91,58.65,59.06,58.32,248.5,0.55%
03/13/2019,58.59,57.4,58.8,57.34,257.2,2.43%
03/12/2019,57.2,57.1,57.87,57.08,184.75,0.14%
03/11/2019,57.12,56.43,57.35,56.32,181.51,1.22%
03/08/2019,56.43,56.74,56.84,54.87,212.99,-1.05%
03/07/2019,57.03,56.57,57.37,56.48,176.81,0.72%
03/06/2019,56.62,56.65,56.81,55.83,164.86,-0.56%
03/05/2019,56.94,56.93,57.56,56.47,101.46,-0.05%
03/04/2019,56.97,56.15,57.39,56.15,107.42,1.39%
03/01/2019,56.19,57.6,58.26,55.97,113.83,-2.46%
02/28/2019,57.61,57.43,57.83,56.86,89.12,0.42%
02/27/2019,57.37,56.35,57.83,56.18,99.45,2.50%
02/26/2019,55.97,55.9,56.54,55.47,74.98,0.09%
02/25/2019,55.92,57.62,58,55.55,111.78,-3.17%
02/22/2019,57.75,57.35,58.28,57.22,110.19,0.50%
02/21/2019,57.46,57.66,58.04,57.14,92.64,0.52%
02/20/2019,57.16,56.39,57.6,55.77,685.11,1.26%
02/19/2019,56.45,56.15,56.73,55.66,838.3,0.32%
02/18/2019,56.27,56.33,56.73,56.12,,-0.11%
02/17/2019,56.33,56.17,56.39,56.11,,0.63%
02/15/2019,55.98,54.86,56.26,54.62,503.86,2.17%
02/14/2019,54.79,54.31,55.08,53.51,306.67,0.88%
02/13/2019,54.31,53.71,54.98,53.65,307.07,1.57%
02/12/2019,53.47,52.78,54.41,52.67,245.52,1.31%
02/11/2019,52.78,53.04,53.11,51.62,287.88,-0.58%
02/08/2019,53.09,52.96,53.35,52.44,196.42,0.17%
02/07/2019,53,54.26,54.55,52.15,249.43,-2.47%
02/06/2019,54.34,54.05,54.64,53.21,154.06,0.63%
02/05/2019,54,55.13,55.53,53.83,117.78,-1.62%
02/04/2019,54.89,55.6,56.05,53.62,132.9,-1.19%
02/01/2019,55.55,54.44,55.92,53.64,110.68,2.79%
01/31/2019,54.04,54.44,55.61,53.87,161.05,-0.79%
01/30/2019,54.47,53.54,55.17,53.39,147.36,1.62%
01/29/2019,53.6,52.37,54.21,52.14,87.48,2.51%
01/28/2019,52.29,53.91,53.91,51.62,90.02,-3.13%
01/25/2019,53.98,53.45,54.21,53.19,78.93,1.05%
01/24/2019,53.42,52.76,53.73,52.36,96.97,0.94%
01/23/2019,52.92,53.28,53.92,52.15,81.27,-0.17%
01/22/2019,53.01,53.95,54.51,52.04,951.16,-2.27%
01/21/2019,54.24,53.66,54.48,53.58,,1.10%
01/20/2019,53.65,53.97,54.05,53.59,,-0.72%
01/18/2019,54.04,52.53,54.14,52.37,669.5,3.21%
01/17/2019,52.36,52.6,52.88,51.29,530.18,-0.48%
01/16/2019,52.61,52.29,52.81,51.55,280.99,0.42%
01/15/2019,52.39,51.08,52.58,50.93,220.63,3.13%
01/14/2019,50.8,52.03,52.42,50.66,243.31,-2.14%
01/11/2019,51.91,52.61,53.61,51.48,205.03,-1.89%
01/10/2019,52.91,52.5,53.09,51.72,219.26,0.42%
01/09/2019,52.69,50.16,52.87,50.05,249.46,5.15%
01/08/2019,50.11,49.09,50.25,48.62,213.14,2.64%
01/07/2019,48.82,48.61,50.11,48.44,155.86,1.12%
01/04/2019,48.28,47.17,49.53,46.97,146.54,1.86%
01/03/2019,47.4,46.56,47.81,45.7,135.8,1.15%
01/02/2019,46.86,46.12,48.1,44.67,149.76,2.11%
01/01/2019,45.89,45.77,45.95,45.73,,0.37%
12/31/2018,45.72,45.43,46.8,45.03,78.64,0.26%
12/28/2018,45.6,45.73,46.5,44.7,86.78,1.56%
12/27/2018,44.9,46.87,47.01,44.65,79.7,-3.52%
12/26/2018,46.54,43.07,47.31,42.81,95.75,7.83%
12/25/2018,43.16,43,43.25,42.88,,0.79%
12/24/2018,42.82,45.74,46.51,42.67,55.88,-6.69%
12/21/2018,45.89,46.53,47.06,45.4,106.7,-0.65%
12/20/2018,46.19,47.77,47.84,46,97.13,-4.11%
12/19/2018,48.17,46.31,48.36,46.3,817.72,3.37%
12/18/2018,46.6,49.46,49.9,46.11,949.32,-7.17%
12/17/2018,50.2,51.52,52.15,49.32,563.28,-2.47%
12/14/2018,51.47,53.04,53.19,51.11,271.68,-2.57%
12/13/2018,52.83,51.43,53.5,50.6,261.44,2.86%
12/12/2018,51.36,52.14,53.06,51.16,230.13,-0.93%
12/11/2018,51.84,51.1,52.61,50.89,215.76,1.25%
12/10/2018,51.2,52.21,53.01,50.73,184.11,-3.05%
12/07/2018,52.81,51.98,54.44,50.83,213.57,2.15%
12/06/2018,51.7,53.15,53.53,50.31,163,-2.67%
12/05/2018,53.12,52.79,54.67,52.37,101.47,-0.64%
12/04/2018,53.46,53.31,54.77,52.67,133.28,0.60%
12/03/2018,53.14,51.93,54,51.93,116.87,4.01%
11/30/2018,51.09,51.31,51.95,49.83,95.04,-1.03%
11/29/2018,51.62,50.48,52.34,49.6,76.23,2.24%
11/28/2018,50.49,52.3,52.7,50.27,86.18,-2.40%
11/27/2018,51.73,51.72,52.53,50.49,65.37,-0.14%
11/26/2018,51.8,50.71,52.41,50.25,73.81,2.39%
11/23/2018,50.59,54.8,55,50.33,80.97,-6.35%
11/22/2018,54.02,54.64,54.82,53.53,,-1.42%
11/21/2018,54.8,53.52,55.98,53.52,91.61,2.30%
11/20/2018,53.57,57.51,57.56,52.94,123.43,-6.35%
11/19/2018,57.2,57.03,57.58,55.28,699.68,0.92%
11/16/2018,56.68,56.78,58.16,56.12,715.91,0.00%
11/15/2018,56.68,56.24,57.48,55.8,589.35,0.43%
11/14/2018,56.44,55.49,57.55,55.3,417.86,1.07%
11/13/2018,55.84,59.03,59.51,54.9,422.82,-7.06%
11/12/2018,60.08,60.85,61.44,58.83,252.37,-0.46%
11/09/2018,60.36,60.92,60.98,59.45,235.67,-0.82%
11/08/2018,60.86,61.82,62.56,60.6,220.85,-1.55%
11/07/2018,61.82,61.87,63.34,61.36,225.4,-0.83%
11/06/2018,62.34,62.84,63.42,61.45,172.78,-1.38%
11/05/2018,63.21,63.02,64.24,62.67,127.24,-0.11%
11/02/2018,63.28,63.66,64.09,62.77,142.2,-0.83%
11/01/2018,63.81,65.03,65.53,63.23,141.56,-2.49%
10/31/2018,65.44,66.41,67.14,64.95,124.59,-1.31%
10/30/2018,66.31,66.81,67.41,65.51,98.15,-1.34%
10/29/2018,67.21,67.66,68.09,66.48,67.94,-0.80%
10/26/2018,67.75,67.1,67.99,66.34,86.33,0.46%
10/25/2018,67.44,66.47,67.76,66.15,97.09,0.72%
10/24/2018,66.96,66.32,67.84,66.22,113.22,0.51%
10/23/2018,66.62,69.61,69.76,65.94,116.4,-3.95%
10/22/2018,69.36,69.6,69.84,68.46,513.77,0.12%
10/19/2018,69.28,68.76,69.9,68.62,547.54,0.83%
10/18/2018,68.71,69.94,69.99,68.53,531.31,-1.42%
10/17/2018,69.7,72.07,72.29,69.38,431.86,-2.87%
10/16/2018,71.76,71.54,72.14,70.87,249.39,0.21%
10/15/2018,71.61,71.66,72.53,70.7,211.95,0.60%
10/12/2018,71.18,70.89,71.89,70.47,218.95,0.52%
10/11/2018,70.81,72.54,72.63,70.37,263.44,-3.04%
10/10/2018,73.03,74.65,74.94,72.27,220.78,-2.38%
10/09/2018,74.81,74.14,75.16,73.91,192.73,0.86%
10/08/2018,74.17,74.4,74.49,72.98,174.36,-0.12%
10/05/2018,74.26,74.5,75.14,73.76,175.28,0.01%
10/04/2018,74.25,76.05,76.31,73.8,228.83,-2.61%
10/03/2018,76.24,74.95,76.72,74.05,173.87,1.60%
10/02/2018,75.04,75.12,75.72,74.78,115.24,-0.13%
10/01/2018,75.14,73.07,75.58,72.77,140.27,2.85%
09/28/2018,73.06,72.02,73.56,71.75,140.98,1.53%
09/27/2018,71.96,71.86,72.42,71.57,99.47,0.77%
09/26/2018,71.41,71.91,72.21,71.31,101.11,-0.96%
09/25/2018,72.1,71.94,72.46,71.7,157.77,0.47%
09/24/2018,71.76,70.75,72.24,70.68,168.96,1.98%
09/21/2018,70.37,69.99,71.38,69.62,307.24,0.07%
09/20/2018,70.32,70.98,71.35,70.03,607.52,-0.64%
09/19/2018,70.77,69.46,71.07,69.36,606.34,1.70%
09/18/2018,69.59,68.58,70.17,68.29,513.86,1.32%
09/17/2018,68.68,68.7,69.5,68.31,235.31,-0.13%
09/14/2018,68.77,68.63,69.7,67.79,225.31,0.53%
09/13/2018,68.41,70.02,70.04,68.16,247.84,-2.49%
09/12/2018,70.16,69.61,70.89,69.24,311.69,1.62%
09/11/2018,69.04,67.41,69.74,67.37,249.45,2.42%
09/10/2018,67.41,67.64,68.33,67.19,180.45,-0.21%
09/07/2018,67.55,67.66,67.85,66.67,121.68,0.04%
09/06/2018,67.52,68.34,68.72,66.72,135.4,-1.32%
09/05/2018,68.42,69.09,69.27,68.27,97.37,-1.64%
09/04/2018,69.56,69.49,70.98,68.78,140.85,-0.80%
09/03/2018,70.12,69.91,70.2,69.54,,0.29%
09/02/2018,69.92,69.91,69.99,69.88,,0.79%
08/31/2018,69.37,69.64,69.91,69.22,68.32,-0.63%
08/30/2018,69.81,69.37,70.07,69.21,85.73,0.93%
08/29/2018,69.17,68.23,69.39,68.04,65.27,1.39%
08/28/2018,68.22,68.6,68.85,67.91,64.79,-0.47%
08/27/2018,68.54,68.2,68.62,68.02,46.53,0.26%
08/24/2018,68.36,67.58,68.96,67.47,90.81,1.23%
08/23/2018,67.53,67.72,67.75,67.01,82.89,0.03%
08/22/2018,67.51,65.72,67.78,65.63,76.33,2.54%
08/21/2018,65.84,65.44,66.49,65.31,437.16,0.64%
08/20/2018,65.42,65.21,65.62,64.85,496.52,0.32%
08/17/2018,65.21,64.85,65.76,64.69,309.21,0.51%
08/16/2018,64.88,64.35,64.95,63.89,233.78,0.65%
08/15/2018,64.46,65.92,66.22,63.93,291.03,-2.82%
08/14/2018,66.33,66.75,67.72,65.9,170.9,-0.36%
08/13/2018,66.57,67.07,67.19,65.09,204.72,-0.55%
08/10/2018,66.94,66.06,67.17,65.49,174.04,1.21%
08/09/2018,66.14,65.95,66.75,65.87,164,-0.17%
08/08/2018,66.25,68.26,68.55,65.64,226.33,-3.04%
08/07/2018,68.33,67.89,68.86,67.77,145.59,0.57%
08/06/2018,67.94,67.55,68.73,67.38,119.01,0.88%
08/03/2018,67.35,67.69,67.94,66.68,80.14,-0.46%
08/02/2018,67.66,66.63,68.05,65.82,106.91,1.74%
08/01/2018,66.5,67.34,67.47,66.19,123.66,-1.67%
07/31/2018,67.63,68.83,68.95,66.97,106.27,-1.91%
07/30/2018,68.95,67.86,69.19,67.81,95.96,1.80%
07/27/2018,67.73,68.43,68.63,67.38,96.06,-1.02%
07/26/2018,68.43,68.05,68.64,67.73,78.39,0.62%
07/25/2018,68.01,67.43,68.23,66.97,108.41,1.22%
07/24/2018,67.19,66.68,67.64,66.44,80.64,0.66%
07/23/2018,66.75,66.59,67.64,66.26,104.68,-2.21%
07/20/2018,68.26,68.03,68.91,67.69,500.97,0.03%
07/19/2018,68.24,67.96,68.79,66.62,719.52,0.72%
07/18/2018,67.75,66.72,68.01,66.29,472.61,0.88%
07/17/2018,67.16,67.11,67.61,66.35,362.13,0.13%
07/16/2018,67.07,69.52,69.78,66.7,298.48,-4.12%
07/13/2018,69.95,69.38,70.6,68.76,234,0.87%
07/12/2018,69.35,69.21,69.81,68.09,292.14,0.71%
07/11/2018,68.86,72.67,72.76,68.4,311.2,-5.10%
07/10/2018,72.56,72.19,72.98,72.08,211.6,0.81%
07/09/2018,71.98,71.59,72.18,71.13,197.88,0.57%
07/06/2018,71.57,70.86,71.68,69.93,179.03,1.33%
07/05/2018,70.63,71.68,72.34,70.35,213.33,-4.72%
07/04/2018,74.13,74.62,74.76,73.52,,3.55%
07/03/2018,71.59,71.75,72.85,70.43,200.26,-0.04%
07/02/2018,71.62,72,72.4,70.74,207.69,-1.16%
06/29/2018,72.46,71.66,72.8,71.33,143.6,0.91%
06/28/2018,71.81,70.7,72.31,70.69,188.22,0.77%
06/27/2018,71.26,69.46,71.48,69.28,199.73,2.86%
06/26/2018,69.28,67.23,69.58,66.77,214.87,3.34%
06/25/2018,67.04,67.55,67.76,66.81,278.84,-0.87%
06/22/2018,67.63,65.14,68.25,64.99,456.82,4.27%
06/21/2018,64.86,64.9,65.56,63.9,230.13,-1.29%
06/20/2018,65.71,64.93,66.35,64.79,801.63,1.25%
06/19/2018,64.9,65.7,65.74,64.23,629.99,-1.20%
06/18/2018,65.69,64.22,65.82,63.4,543.02,1.30%
06/15/2018,64.85,66.82,66.89,64.09,387.35,-2.76%
06/14/2018,66.69,66.49,67.03,66.18,294.35,0.26%
06/13/2018,66.52,65.94,66.78,65.44,258.19,0.36%
06/12/2018,66.28,66.03,66.62,65.8,159.49,0.38%
06/11/2018,66.03,65.5,66.28,64.79,156.89,0.55%
06/08/2018,65.67,65.95,66.16,65.1,182.49,-0.33%
06/07/2018,65.89,65.03,66.03,64.78,228.72,1.84%
06/06/2018,64.7,65.43,65.91,64.22,167.64,-1.16%
06/05/2018,65.46,64.93,65.49,64.15,168.07,1.21%
06/04/2018,64.68,65.65,65.99,64.54,179.15,-1.66%
06/01/2018,65.77,66.96,67.19,65.48,231.16,-1.70%
05/31/2018,66.91,68.1,68.15,66.44,235.53,-1.72%
05/30/2018,68.08,66.7,68.52,66.25,149.26,2.19%
05/29/2018,66.62,67.29,67.42,65.72,179.22,-0.64%
05/28/2018,67.05,67.39,67.41,65.81,,-0.46%
05/27/2018,67.36,67.44,67.48,67.02,,-0.62%
05/25/2018,67.78,70.53,70.67,67.33,180.12,-3.97%
05/24/2018,70.58,71.76,71.85,70.4,119.99,-1.58%
05/23/2018,71.71,71.93,72.05,70.99,143.17,-0.68%
05/22/2018,72.2,72.62,72.9,71.82,723.46,-0.21%
05/21/2018,72.35,71.5,72.68,71.32,579.27,1.37%
05/18/2018,71.37,71.64,71.86,71.09,462.17,-0.28%
05/17/2018,71.57,71.62,72.37,71.22,460.64,0.01%
05/16/2018,71.56,71.14,71.67,70.75,320.92,0.27%
05/15/2018,71.37,71.22,71.95,70.48,349.96,0.54%
05/14/2018,70.99,70.5,71.24,70.24,243.62,0.44%
05/11/2018,70.68,71.39,71.56,70.44,222.41,-0.88%
05/10/2018,71.31,71.15,71.8,70.5,231.76,0.37%
05/09/2018,71.05,69.97,71.28,69.79,268.13,3.02%
05/08/2018,68.97,69.93,70.3,67.57,312.74,-2.34%
05/07/2018,70.62,69.69,70.73,69.42,229.75,1.49%
05/04/2018,69.58,68.31,69.82,67.97,160.91,1.93%
05/03/2018,68.26,67.57,68.43,67.1,165.85,0.72%
05/02/2018,67.77,67.34,67.96,66.8,230.12,0.95%
05/01/2018,67.13,68.51,68.78,66.77,167.99,-1.97%
04/30/2018,68.48,68.04,69.25,67.09,190,0.74%
04/27/2018,67.98,68.08,68.24,67.53,112.37,-0.15%
04/26/2018,68.08,67.89,68.66,67.64,155.32,0.24%
04/25/2018,67.92,67.64,68.03,66.97,164.74,0.52%
04/24/2018,67.57,68.78,69.19,67.38,150.59,-1.31%
04/23/2018,68.47,68.05,68.85,67.02,214.76,0.10%
04/20/2018,68.4,68.22,68.66,67.49,724.91,0.10%
04/19/2018,68.33,68.73,69.55,68,860.39,-0.20%
04/18/2018,68.47,66.69,68.9,66.54,674.7,2.95%
04/17/2018,66.51,66.4,66.72,65.59,471.09,0.47%
04/16/2018,66.2,67.29,67.68,66.09,370.37,-1.68%
04/13/2018,67.33,67.11,67.63,66.59,290.83,0.57%
04/12/2018,66.95,66.69,67.22,65.94,267.76,0.31%
04/11/2018,66.74,65.42,67.38,65.09,411.99,1.99%
04/10/2018,65.44,63.31,65.77,63.18,347.17,3.17%
04/09/2018,63.43,62.03,63.62,62.01,268.23,2.14%
04/06/2018,62.1,63.77,63.77,61.86,313.82,-2.27%
04/05/2018,63.54,63.63,64.1,63.06,167.18,0.33%
04/04/2018,63.33,63.53,63.61,62.06,215.05,-0.20%
04/03/2018,63.46,62.82,63.8,62.82,136.62,0.75%
04/02/2018,62.99,64.84,65.35,62.8,134.94,-2.90%
03/29/2018,64.87,64.7,65.19,64.12,155.61,0.81%
03/28/2018,64.35,64.65,65.08,63.68,169.97,-1.27%
03/27/2018,65.18,65.41,66.27,64.49,156.31,-0.35%
03/26/2018,65.41,65.81,66.37,64.94,116.65,-0.46%
03/23/2018,65.71,64.2,65.82,63.98,172.41,2.38%
03/22/2018,64.18,65.29,65.52,64,205.32,-1.19%
03/21/2018,64.95,63.53,65.35,63.35,192.77,2.22%
03/20/2018,63.54,62.2,63.98,62.13,717.71,2.27%
03/19/2018,62.13,62.3,62.44,61.45,557.26,-0.45%
03/16/2018,62.41,61.24,62.6,61.14,437.18,1.89%
03/15/2018,61.25,61,61.6,60.86,321.84,0.38%
03/14/2018,61.02,60.88,61.34,60.18,316.24,0.44%
03/13/2018,60.75,61.33,61.97,60.29,325.78,-0.95%
03/12/2018,61.33,61.95,62.22,60.63,191.75,-0.95%
03/09/2018,61.92,60.26,62.04,60.08,286.79,3.10%
03/08/2018,60.06,61.22,61.25,59.91,359.79,-1.57%
03/07/2018,61.02,62.13,62.46,60.48,269.07,-2.29%
03/06/2018,62.45,62.43,63.05,62.03,197.58,0.10%
03/05/2018,62.39,61.37,62.61,60.94,120.24,2.13%
03/02/2018,61.09,61.2,61.41,59.99,153.17,0.48%
03/01/2018,60.8,61.39,61.64,60.02,200.03,-1.09%
02/28/2018,61.47,62.7,63.29,61.2,197.82,-2.27%
02/27/2018,62.9,63.85,63.92,62.52,128.97,-1.36%
02/26/2018,63.77,63.47,64.07,62.91,84.48,0.57%
02/23/2018,63.41,62.44,63.54,62.16,102.52,1.29%
02/22/2018,62.6,61.17,62.87,60.61,153.23,1.76%
02/21/2018,61.52,61.38,61.67,60.72,104.67,-0.44%
02/20/2018,61.79,61.51,62.65,61.43,794.48,-0.95%
02/19/2018,62.38,61.71,62.49,61.67,,1.07%
02/18/2018,61.72,61.51,61.74,61.51,,0.28%
02/16/2018,61.55,61.28,61.87,60.76,524.97,0.62%
02/15/2018,61.17,60.55,61.46,59.59,576.51,1.09%
02/14/2018,60.51,58.88,60.79,58.09,451.59,2.51%
02/13/2018,59.03,59.24,59.53,58.23,320.33,-0.08%
02/12/2018,59.08,58.77,60.61,58.77,298.9,0.15%
02/09/2018,58.99,60.3,60.6,57.9,309.83,-3.20%
02/08/2018,60.94,61.45,61.82,60.09,375.4,-0.99%
02/07/2018,61.55,63.63,63.86,61.07,368.47,-2.47%
02/06/2018,63.11,63.15,63.94,62.8,257,-1.13%
02/05/2018,63.83,64.69,64.97,63.12,330.34,-1.91%
02/02/2018,65.07,65.78,66,64.17,312.49,-0.73%
02/01/2018,65.55,64.53,65.96,64.43,226.7,1.53%
01/31/2018,64.56,63.68,64.73,63.54,155.55,0.33%
01/30/2018,64.35,65.39,65.39,63.78,175.05,-1.59%
01/29/2018,65.39,66.01,66.23,64.81,162.52,-0.88%
01/26/2018,65.97,65.18,66.17,64.77,178.24,0.92%
01/25/2018,65.37,65.65,66.39,64.96,212.87,0.02%
01/24/2018,65.36,64.25,65.79,64.18,231.91,1.63%
01/23/2018,64.31,63.85,64.69,63.56,131.41,1.16%
01/22/2018,63.57,63.5,64.13,63.05,625.66,0.41%
01/19/2018,63.31,63.68,63.73,62.78,674.5,-0.91%
01/18/2018,63.89,64,64.28,63.44,511.53,-0.05%
01/17/2018,63.92,63.82,64.14,63.25,369.42,0.39%
01/16/2018,63.67,64.33,64.83,63.34,458.6,-1.64%
01/15/2018,64.73,64.28,64.89,64.11,,0.70%
01/14/2018,64.28,64.42,64.44,64.19,,0.08%
01/12/2018,64.23,63.5,64.41,62.98,323.62,0.86%
01/11/2018,63.68,63.34,64.53,63.27,466.04,0.41%
01/10/2018,63.42,63.31,63.54,62.95,316.42,0.87%
01/09/2018,62.87,61.89,63.36,61.78,365.11,1.86%
01/08/2018,61.72,61.59,61.93,61.35,296.58,0.50%
01/05/2018,61.41,61.8,61.96,61.07,190.82,-0.79%
01/04/2018,61.9,61.83,62.05,61.49,255.67,0.57%
01/03/2018,61.55,60.37,61.83,60.28,283.96,1.94%
01/02/2018,60.38,60.21,60.75,60.14,132.94,0.23%
01/01/2018,60.24,60.26,60.28,60.15,,-0.33%
12/29/2017,60.44,59.94,60.53,59.86,108.83,0.95%
12/28/2017,59.87,59.58,59.97,59.47,70.99,0.30%
12/27/2017,59.69,59.83,59.95,59.35,62.18,-0.52%
12/26/2017,60,58.48,60.04,58.39,85.05,2.41%
12/25/2017,58.59,58.41,58.62,58.38,,0.09%
12/22/2017,58.54,58.22,58.57,57.93,75.74,0.24%
12/21/2017,58.4,58.05,58.42,57.68,99.55,0.46%
12/20/2017,58.13,57.68,58.16,57.49,88.74,0.99%
12/19/2017,57.56,57.34,57.8,57.2,420.78,0.59%
12/18/2017,57.22,57.4,57.81,56.88,539.95,-0.19%
12/15/2017,57.33,57.19,57.51,56.99,357.15,0.44%
12/14/2017,57.08,56.67,57.27,56.11,367.23,0.87%
12/13/2017,56.59,57.43,57.81,56.53,348.66,-1.00%
12/12/2017,57.16,58.11,58.6,56.89,363.79,-1.53%
12/11/2017,58.05,57.32,58.12,57,244.82,1.06%
12/08/2017,57.44,56.7,57.83,56.61,241.57,1.22%
12/07/2017,56.75,56.09,56.83,55.88,186.34,1.29%
12/06/2017,56.03,57.53,57.63,55.95,215.25,-2.84%
12/05/2017,57.67,57.51,57.97,57.11,138.59,0.31%
12/04/2017,57.49,58.44,58.44,57.37,116.25,-1.52%
12/01/2017,58.38,57.38,58.9,57.35,160.63,1.62%
11/30/2017,57.45,57.45,58.03,56.89,160.84,0.16%
11/29/2017,57.36,57.84,58.34,56.82,152.13,-1.19%
11/28/2017,58.05,57.99,58.15,57.5,108,-0.19%
11/27/2017,58.16,58.92,58.93,57.6,204.06,-1.27%
11/24/2017,58.91,58.01,58.99,57.74,118.9,0.91%
11/23/2017,58.38,57.97,58.58,57.76,,0.62%
11/22/2017,58.02,57.26,58.13,57.1,279.28,1.93%
11/21/2017,56.92,56.51,57.29,56.43,149.28,0.89%
11/20/2017,56.42,56.8,56.93,55.75,593.24,-0.51%
11/17/2017,56.71,55.46,56.82,55.39,734.88,2.46%
11/16/2017,55.35,55.51,55.83,55.15,438.93,-0.31%
11/15/2017,55.52,55.25,55.74,55.08,319.26,-0.66%
11/14/2017,55.89,56.96,56.98,55,350.79,-1.90%
11/13/2017,56.97,57.16,57.37,56.52,288.05,-0.02%
11/10/2017,56.98,57.26,57.57,56.79,199.49,-0.71%
11/09/2017,57.39,57.07,57.76,56.92,243.1,0.60%
11/08/2017,57.05,57.22,58.14,56.65,325.03,-0.66%
11/07/2017,57.43,57.49,57.9,57.06,248.34,-0.24%
11/06/2017,57.57,56.2,57.83,55.88,228.3,3.06%
11/03/2017,55.86,54.92,55.97,54.63,137.71,1.99%
11/02/2017,54.77,54.52,55.04,54.19,129.58,0.48%
11/01/2017,54.51,54.86,55.42,54.11,154.43,-0.15%
10/31/2017,54.59,54.29,55.05,54.15,128.57,0.40%
10/30/2017,54.37,54.35,54.64,53.96,156.29,0.52%
10/27/2017,54.09,53.01,54.36,52.46,173.33,2.33%
10/26/2017,52.86,52.43,53.06,52.16,168,0.82%
10/25/2017,52.43,52.75,52.77,52.13,207.83,-0.46%
10/24/2017,52.67,52.08,52.82,51.73,172.52,1.13%
10/23/2017,52.08,52.29,52.48,51.86,129.82,0.46%
10/20/2017,51.84,51.59,52.09,50.87,674.14,0.64%
10/19/2017,51.51,52.26,52.39,51.28,690.48,-1.44%
10/18/2017,52.26,52.17,52.56,51.92,555.51,0.29%
10/17/2017,52.11,52.2,52.51,51.48,503.67,-0.06%
10/16/2017,52.14,51.7,52.65,51.63,331.18,0.79%
10/13/2017,51.73,51.07,52.03,51.02,274.21,1.57%
10/12/2017,50.93,51.29,51.42,50.48,260.48,-1.30%
10/11/2017,51.6,51.24,51.69,50.91,268.31,0.72%
10/10/2017,51.23,49.87,51.38,49.87,276.77,2.60%
10/09/2017,49.93,49.65,50.13,49.48,192.69,0.56%
10/06/2017,49.65,51.11,51.17,49.44,294.24,-2.93%
10/05/2017,51.15,50.2,51.53,50.19,209.26,1.65%
10/04/2017,50.32,50.5,50.96,50.11,197.93,-0.83%
10/03/2017,50.74,50.92,51.04,50.45,129.95,-0.31%
10/02/2017,50.9,51.84,51.98,50.39,168.63,-2.02%
09/29/2017,51.95,51.94,52.08,51.59,173.58,0.15%
09/28/2017,51.87,52.35,53.11,51.51,259.41,-1.07%
09/27/2017,52.43,52.4,52.62,51.93,197.83,1.06%
09/26/2017,51.88,52.12,52.43,51.43,709.52,-0.65%
09/25/2017,52.22,50.68,52.28,50.39,701.24,3.08%
09/22/2017,50.66,50.73,50.78,50.29,473.8,0.22%
09/21/2017,50.55,50.72,50.81,50.07,580.57,0.28%
09/20/2017,50.41,49.84,50.65,49.75,35.49,1.88%
09/19/2017,49.48,49.91,50.42,49.33,143.38,-0.86%
09/18/2017,49.91,49.85,50.33,49.19,189.61,0.04%
09/15/2017,49.89,49.72,50.13,49.41,433.6,0.00%
09/14/2017,49.89,49.31,50.5,49.15,709.04,1.20%
09/13/2017,49.3,48.34,49.4,48.12,706.93,2.22%
09/12/2017,48.23,48.12,48.44,47.73,676.04,0.33%
09/11/2017,48.07,47.58,48.27,47,774.47,1.24%
09/08/2017,47.48,49.09,49.26,47.27,843.76,-3.28%
09/07/2017,49.09,49.14,49.33,48.63,702.51,-0.14%
09/06/2017,49.16,48.59,49.42,48.52,788.96,1.03%
09/05/2017,48.66,47.28,48.98,47.15,1.03M,2.64%
09/04/2017,47.41,47.31,47.66,47.16,,0.19%
09/03/2017,47.32,47.31,47.42,47.3,,0.06%
09/01/2017,47.29,47.08,47.35,46.56,742.81,0.13%
08/31/2017,47.23,45.95,47.47,45.58,915.71,2.76%
08/30/2017,45.96,46.31,46.72,45.84,882.98,-1.03%
08/29/2017,46.44,46.86,46.96,45.76,895.64,-0.28%
08/28/2017,46.57,47.89,48.2,46.15,921.29,-2.72%
08/25/2017,47.87,47.62,47.91,47.39,646.52,0.93%
08/24/2017,47.43,48.36,48.43,47.06,831.36,-2.02%
08/23/2017,48.41,47.64,48.5,47.53,701.69,1.62%
08/22/2017,47.64,47.45,48.03,47.2,38.4,0.57%
08/21/2017,47.37,48.72,48.75,47.03,129.19,-2.35%
08/18/2017,48.51,46.93,48.74,46.78,253.07,3.02%
08/17/2017,47.09,46.8,47.19,46.46,608.31,0.66%
08/16/2017,46.78,47.72,47.99,46.67,815.54,-1.62%
08/15/2017,47.55,47.49,47.9,47.02,770.36,-0.08%
08/14/2017,47.59,48.79,49.16,47.43,763.24,-2.52%
08/11/2017,48.82,48.52,48.98,47.98,804.24,0.47%
08/10/2017,48.59,49.68,50.22,48.35,1.14M,-1.96%
08/09/2017,49.56,49,49.72,48.9,858.25,0.79%
08/08/2017,49.17,49.31,49.79,48.86,924.24,-0.81%
08/07/2017,49.57,49.72,49.87,48.7,217.07,-0.32%
08/04/2017,49.73,49.12,49.78,48.66,116.13,1.10%
08/03/2017,49.19,49.74,50.09,48.95,156.68,-1.09%
08/02/2017,49.73,49,49.78,48.7,165.46,0.89%
08/01/2017,49.29,50.3,50.51,48.49,210.22,-1.93%
07/31/2017,50.26,49.97,50.49,49.3,170.17,0.90%
07/28/2017,49.81,49.27,49.9,49,154.6,1.30%
07/27/2017,49.17,48.79,49.36,48.35,165.41,0.66%
07/26/2017,48.85,48.64,48.98,47.98,174.91,1.73%
07/25/2017,48.02,46.63,48.78,46.53,222.88,3.25%
07/24/2017,46.51,45.78,46.68,45.58,92.77,1.22%
07/21/2017,45.95,47.02,47.38,45.73,68.28,-2.07%
07/20/2017,46.92,47.27,47.74,46.81,720.62,-0.85%
07/19/2017,47.32,46.48,47.46,46.32,846.62,1.57%
07/18/2017,46.59,46.17,47.14,46.02,639.64,0.78%
07/17/2017,46.23,46.89,47.08,46.1,397.39,-1.11%
07/14/2017,46.75,46.26,46.93,45.97,367.34,1.08%
07/13/2017,46.25,45.62,46.43,45.16,303.17,1.29%
07/12/2017,45.66,45.9,46.65,45.28,300.44,0.95%
07/11/2017,45.23,44.76,45.98,44.03,312.58,1.41%
07/10/2017,44.6,44.5,45.03,43.83,269.33,0.47%
07/07/2017,44.39,45.56,45.61,43.96,209.56,-2.87%
07/06/2017,45.7,45.87,46.73,45.37,198.12,0.79%
07/05/2017,45.34,47.25,47.52,44.73,195.83,-3.80%
07/04/2017,47.13,47.06,47.31,46.74,,-0.34%
07/03/2017,47.29,46.51,47.32,46.14,97.26,2.16%
06/30/2017,46.29,45.16,46.59,45.14,154.94,2.41%
06/29/2017,45.2,45.12,45.7,44.91,150.42,0.47%
06/28/2017,44.99,43.89,45.14,43.89,139.85,1.12%
06/27/2017,44.49,43.65,44.7,43.55,139.06,2.02%
06/26/2017,43.61,43.38,43.9,42.87,108.67,0.79%
06/23/2017,43.27,42.99,43.46,42.76,179.37,0.70%
06/22/2017,42.97,42.72,43.54,42.49,84.31,0.51%
06/21/2017,42.75,43.61,44.43,42.27,196.53,-1.75%
06/20/2017,43.51,44.33,44.69,42.94,894.1,-2.07%
06/19/2017,44.43,44.89,45.28,44.26,620.97,-1.20%
06/16/2017,44.97,44.46,45.18,44.46,393.72,0.65%
06/15/2017,44.68,44.9,45.03,44.45,339.52,-0.56%
06/14/2017,44.93,46.13,46.68,44.74,460.27,-3.73%
06/13/2017,46.67,46.22,46.77,45.79,336.77,1.28%
06/12/2017,46.08,45.8,46.71,45.66,666.77,0.55%
06/09/2017,45.83,45.71,46.18,45.27,735.93,0.42%
06/08/2017,45.64,45.85,46.18,45.2,927.7,-0.17%
06/07/2017,45.72,47.98,48.23,45.65,1.18M,-5.13%
06/06/2017,48.19,47.4,48.4,46.94,825.06,1.67%
06/05/2017,47.4,47.71,48.42,46.86,710.2,-0.98%
06/02/2017,47.87,48.26,48.42,46.98,154.53,-1.50%
06/01/2017,48.6,48.84,49.4,48.15,149.7,0.08%
05/31/2017,48.56,49.88,49.95,47.98,152.46,-2.70%
05/30/2017,49.91,50.23,50.53,49.27,111.36,-0.12%
05/29/2017,49.97,49.95,50.29,49.52,,0.06%
05/28/2017,49.94,49.93,50.04,49.85,,-0.22%
05/26/2017,50.05,49,50.18,48.44,128.5,1.85%
05/25/2017,49.14,51.47,52.22,48.7,160.74,-4.75%
05/24/2017,51.59,51.71,52.1,51.26,196.03,-0.25%
05/23/2017,51.72,51.29,52.04,50.85,113.57,1.15%
05/22/2017,51.13,50.93,51.43,50.75,564.31,0.91%
05/19/2017,50.67,49.67,50.9,49.6,652.62,2.03%
05/18/2017,49.66,49.25,49.93,48.38,601.37,0.51%
05/17/2017,49.41,48.53,49.84,48.37,418.36,0.84%
05/16/2017,49,49.12,49.69,48.51,293.86,-0.33%
05/15/2017,49.16,48.19,49.97,48.08,295.66,2.06%
05/12/2017,48.17,48.15,48.44,47.7,207.15,-0.06%
05/11/2017,48.2,47.81,48.58,47.73,245.36,1.05%
05/10/2017,47.7,46.55,48.13,46.4,309.82,3.09%
05/09/2017,46.27,46.92,47.17,45.92,265.04,-1.22%
05/08/2017,46.84,46.69,47.38,46.11,268.24,0.52%
05/05/2017,46.6,45.89,47.04,44.13,296.72,1.53%
05/04/2017,45.9,47.96,48.11,45.67,229.99,-4.73%
05/03/2017,48.18,48.52,48.57,47.65,176.5,0.40%
05/02/2017,47.99,49.09,49.6,47.69,145.01,-2.38%
05/01/2017,49.16,49.47,49.61,48.89,111.91,-0.93%
04/28/2017,49.62,49.59,50.09,49.12,175.35,0.63%
04/27/2017,49.31,49.52,49.76,48.55,250.77,-1.30%
04/26/2017,49.96,49.71,50.52,49.29,111.61,0.81%
04/25/2017,49.56,49.22,49.83,48.87,587.24,0.67%
04/24/2017,49.23,49.68,50.22,49.03,517.9,-0.79%
04/21/2017,49.62,50.71,50.93,49.2,687.47,-1.29%
04/20/2017,50.27,50.63,50.97,50.18,33.75,-0.34%
04/19/2017,50.44,52.36,52.65,50.09,133.17,-3.76%
04/18/2017,52.41,52.75,52.85,52.1,202.04,-0.46%
04/17/2017,52.65,52.97,53.21,52.55,326.34,-1.00%
04/13/2017,53.18,52.85,53.39,52.82,480.84,0.13%
04/12/2017,53.11,53.4,53.76,52.71,629.81,-0.54%
04/11/2017,53.4,53.13,53.45,52.7,598,0.60%
04/10/2017,53.08,52.31,53.18,52.29,565.44,1.61%
04/07/2017,52.24,51.7,52.94,51.49,796.44,1.04%
04/06/2017,51.7,50.8,51.82,50.77,473.02,1.08%
04/05/2017,51.15,51.18,51.88,50.74,651.4,0.24%
04/04/2017,51.03,50.24,51.3,49.88,532.05,1.57%
04/03/2017,50.24,50.69,50.83,50.12,440.72,-0.71%
03/31/2017,50.6,50.32,50.85,49.9,527.61,0.50%
03/30/2017,50.35,49.6,50.47,49.27,580.67,1.70%
03/29/2017,49.51,48.47,49.63,48.38,548.62,2.36%
03/28/2017,48.37,47.89,48.74,47.8,502.38,1.34%
03/27/2017,47.73,48.12,48.28,47.08,466.18,-0.50%
03/24/2017,47.97,47.67,48.2,47.54,421.03,0.57%
03/23/2017,47.7,48.15,48.48,47.58,499.88,-0.71%
03/22/2017,48.04,48.16,48.32,47.01,680.85,1.48%
03/21/2017,47.34,47.93,48.73,47.23,28.08,-1.82%
03/20/2017,48.22,48.7,48.74,47.84,142.26,-1.15%
03/17/2017,48.78,48.79,49.2,48.6,172.34,0.06%
03/16/2017,48.75,49.01,49.62,48.45,516.85,-0.23%
03/15/2017,48.86,48.76,49.04,48.16,655.79,2.39%
03/14/2017,47.72,48.45,48.79,47.09,857.71,-1.40%
03/13/2017,48.4,48.45,48.68,47.9,601.36,-0.19%
03/10/2017,48.49,49.61,50.11,48.31,796.96,-1.60%
03/09/2017,49.28,50.22,50.84,48.59,1.07M,-1.99%
03/08/2017,50.28,52.79,52.92,50.05,963.39,-5.38%
03/07/2017,53.14,53.17,53.8,52.71,494.68,-0.11%
03/06/2017,53.2,53.19,53.56,52.76,503.69,-0.24%
03/03/2017,53.33,52.58,53.39,52.55,436.36,1.37%
03/02/2017,52.61,53.69,53.8,52.54,638.39,-2.27%
03/01/2017,53.83,53.95,54.44,53.63,491.29,-0.33%
02/28/2017,54.01,54.04,54.23,53.18,593.91,-0.07%
02/27/2017,54.05,54.02,54.61,53.94,394.38,0.11%
02/24/2017,53.99,54.33,54.51,53.76,395.26,-0.84%
02/23/2017,54.45,53.91,54.94,53.87,529.88,1.60%
02/22/2017,53.59,54.26,54.6,53.35,499.48,-0.87%
02/21/2017,54.06,53.48,54.68,53.35,44.05,0.17%
02/20/2017,53.97,53.78,54.24,53.73,,0.33%
02/19/2017,53.79,53.86,53.96,53.78,,0.73%
02/17/2017,53.4,53.47,53.52,52.88,195.35,0.07%
02/16/2017,53.36,53.01,53.59,52.68,343.36,0.47%
02/15/2017,53.11,53,53.51,52.73,463.64,-0.17%
02/14/2017,53.2,52.91,53.72,52.86,493.02,0.51%
02/13/2017,52.93,53.8,53.95,52.77,586.03,-1.73%
02/10/2017,53.86,53.15,54.13,52.9,596.45,1.62%
02/09/2017,53,52.37,53.21,52.37,610.2,1.26%
02/08/2017,52.34,51.64,52.67,51.22,767.38,0.33%
02/07/2017,52.17,53.14,53.24,51.63,624.06,-1.58%
02/06/2017,53.01,53.81,54.13,52.91,425.09,-1.52%
02/03/2017,53.83,53.68,54.22,53.4,462.62,0.54%
02/02/2017,53.54,53.57,54.34,53.35,492.55,-0.63%
02/01/2017,53.88,52.76,53.91,52.64,577.24,2.03%
01/31/2017,52.81,52.6,53.56,52.24,586.68,0.34%
01/30/2017,52.63,53.15,53.46,52.41,486.31,-1.02%
01/27/2017,53.17,53.74,54.08,52.58,495.56,-1.13%
01/26/2017,53.78,52.96,54.06,52.79,578.07,1.95%
01/25/2017,52.75,52.95,53.47,52.56,589.71,-0.81%
01/24/2017,53.18,52.86,53.56,52.67,520.29,0.82%
01/23/2017,52.75,53.33,53.47,52.21,455.33,0.63%
01/20/2017,52.42,51.45,52.9,51.39,567.23,2.04%
01/19/2017,51.37,51.39,51.87,51.02,122.59,0.57%
01/18/2017,51.08,52.52,52.79,50.91,236.24,-2.67%
01/17/2017,52.48,52.55,53.52,52.12,606.02,-0.08%
01/16/2017,52.52,52.46,52.72,52.13,,0.13%
01/15/2017,52.45,52.53,52.56,52.39,,0.15%
01/13/2017,52.37,53.05,53.17,52.27,477.99,-1.21%
01/12/2017,53.01,52.37,53.5,52.12,660.7,1.45%
01/11/2017,52.25,50.81,52.78,50.75,815.85,2.81%
01/10/2017,50.82,51.83,52.37,50.71,632.57,-2.19%
01/09/2017,51.96,53.75,53.83,51.76,564.89,-3.76%
01/06/2017,53.99,53.73,54.32,53.32,528.33,0.43%
01/05/2017,53.76,53.39,54.12,52.79,517.36,0.94%
01/04/2017,53.26,52.49,53.43,52.15,512.64,1.78%
01/03/2017,52.33,54.2,55.24,52.11,727.79,-3.15%
01/02/2017,54.03,54.09,54.18,54.01,,0.58%
12/30/2016,53.72,53.87,54.09,53.41,271.09,-0.09%
12/29/2016,53.77,53.66,54.21,53.46,360.19,-0.54%
12/28/2016,54.06,53.93,54.37,53.56,322.54,0.30%
12/27/2016,53.9,53.29,54.1,53.03,277.31,1.33%
12/26/2016,53.19,53.33,53.34,53.14,,0.32%
12/23/2016,53.02,52.68,53.28,52.26,285.17,0.13%
12/22/2016,52.95,52.52,53.19,52.08,393.49,0.88%
12/21/2016,52.49,53.56,53.79,52.32,471.99,0.50%
12/20/2016,52.23,52.11,52.7,51.85,26.17,0.21%
12/19/2016,52.12,52.15,52.52,51.51,129.99,0.42%
12/16/2016,51.9,51.1,52.08,50.5,252.57,1.96%
12/15/2016,50.9,50.79,51.48,49.95,551.76,-0.27%
12/14/2016,51.04,52.45,52.78,50.67,677.96,-3.66%
12/13/2016,52.98,52.51,53.41,52.35,638.4,0.28%
12/12/2016,52.83,52.58,54.51,52.18,847.03,2.58%
12/09/2016,51.5,50.92,51.66,50.86,652.04,1.30%
12/08/2016,50.84,49.88,50.98,49.61,780.06,2.15%
12/07/2016,49.77,50.93,51.2,49.72,816.88,-2.28%
12/06/2016,50.93,50.97,51.6,50.28,642.75,-1.66%
12/05/2016,51.79,51.46,52.42,50.93,600.78,0.21%
12/02/2016,51.68,51.01,51.73,50.18,667.1,1.21%
12/01/2016,51.06,49.07,51.8,48.98,974.81,3.28%
11/30/2016,49.44,45.24,49.9,45.22,1.31M,9.31%
11/29/2016,45.23,46.88,46.98,44.82,732.82,-3.93%
11/28/2016,47.08,45.43,47.65,45.14,734.38,2.21%
11/25/2016,46.06,47.97,48.26,45.88,465.98,-4.00%
11/24/2016,47.98,48.03,48.26,47.8,,0.04%
11/23/2016,47.96,47.94,48.43,47.4,556.86,-0.15%
11/22/2016,48.03,48.37,49.2,47.17,826.21,1.14%
11/21/2016,47.49,45.83,47.8,45.77,34.92,3.94%
11/18/2016,45.69,44.93,45.77,44.55,155.65,0.59%
11/17/2016,45.42,45.37,46.58,44.88,284.87,-0.33%
11/16/2016,45.57,45.77,46.41,45.03,658.17,-0.52%
11/15/2016,45.81,43.76,46.09,43.55,706.18,5.75%
11/14/2016,43.32,43.2,43.81,42.2,704.77,-0.21%
11/11/2016,43.41,44.35,44.63,43.03,631.14,-2.80%
11/10/2016,44.66,45.31,45.64,44.25,686.34,-1.35%
11/09/2016,45.27,44.82,45.95,43.07,946.51,0.64%
11/08/2016,44.98,44.97,45.39,44.41,669.64,0.20%
11/07/2016,44.89,44.45,45.01,44.11,605.73,1.86%
11/04/2016,44.07,44.63,44.87,43.57,736.69,-1.32%
11/03/2016,44.66,45.48,45.9,44.37,540.44,-1.50%
11/02/2016,45.34,46.32,46.47,44.96,674.32,-2.85%
11/01/2016,46.67,46.77,47.35,46.2,834.99,-0.41%
10/31/2016,46.86,48.25,48.74,46.63,649.24,-3.78%
10/28/2016,48.7,49.61,49.81,48.42,550.08,-2.05%
10/27/2016,49.72,49.22,50.06,49,543.17,1.10%
10/26/2016,49.18,49.31,50.1,48.87,679.32,-1.56%
10/25/2016,49.96,50.49,50.93,49.27,553.78,-1.11%
10/24/2016,50.52,50.85,50.98,49.62,623.4,-0.65%
10/21/2016,50.85,50.66,51.02,50.21,551.3,0.83%
10/20/2016,50.43,51.4,51.58,50.25,24.86,-2.27%
10/19/2016,51.6,50.77,51.93,50.69,132.43,2.60%
10/18/2016,50.29,50.04,50.78,49.76,192.8,0.70%
10/17/2016,49.94,50.23,50.58,49.47,418.72,-0.81%
10/14/2016,50.35,50.58,51.14,49.9,519.43,-0.18%
10/13/2016,50.44,50,50.59,49.36,740.68,0.52%
10/12/2016,50.18,50.84,51.17,49.89,533.88,-1.20%
10/11/2016,50.79,51.1,51.54,50.39,765.61,-1.09%
10/10/2016,51.35,49.57,51.6,49.15,686.07,3.09%
10/07/2016,49.81,50.59,50.74,49.4,618.81,-1.25%
10/06/2016,50.44,49.65,50.63,49.33,547.92,1.22%
10/05/2016,49.83,49.26,49.97,49.1,520.07,2.34%
10/04/2016,48.69,48.65,49.26,48.26,513.71,-0.25%
10/03/2016,48.81,48.04,49.02,47.78,458.02,1.18%
09/30/2016,48.24,47.76,48.3,47.04,496.52,0.86%
09/29/2016,47.83,47.2,48.32,46.6,702.65,1.66%
09/28/2016,47.05,44.96,47.45,44.35,1.01M,5.33%
09/27/2016,44.67,45.62,45.96,44.19,630.76,-2.74%
09/26/2016,45.93,44.62,46.2,44.43,527.12,3.26%
09/23/2016,44.48,46.07,46.55,44.22,718.4,-3.97%
09/22/2016,46.32,45.62,46.52,45.52,521.68,2.16%
09/21/2016,45.34,44.5,45.65,44.5,585.99,4.37%
09/20/2016,43.44,43.13,44.05,42.55,37.38,0.32%
09/19/2016,43.3,43.18,44.15,43.12,129.86,0.63%
09/16/2016,43.03,43.71,43.75,42.74,231.19,-2.00%
09/15/2016,43.91,43.7,44.34,43.26,537.19,0.76%
09/14/2016,43.58,45,45.33,43.42,705.86,-2.94%
09/13/2016,44.9,46.06,46.13,44.77,657.78,-3.00%
09/12/2016,46.29,45.57,46.51,44.72,745.02,0.89%
09/09/2016,45.88,47.36,47.36,45.56,688.19,-3.65%
09/08/2016,47.62,46.12,47.75,45.77,761.94,4.66%
09/07/2016,45.5,44.85,46.17,44.55,572.88,1.49%
09/06/2016,44.83,44.15,46.53,43.84,932.15,-0.53%
09/05/2016,45.07,44.12,46.53,44.07,,2.18%
09/04/2016,44.11,44.15,44.38,44.1,,-0.74%
09/02/2016,44.44,43.55,44.67,43.16,576.92,2.97%
09/01/2016,43.16,44.85,45.08,43,605,-3.45%
08/31/2016,44.7,46.24,46.41,44.51,549.01,-3.56%
08/30/2016,46.35,46.98,47.49,46.21,464.45,-1.34%
08/29/2016,46.98,47.22,47.28,46.62,309.25,-1.39%
08/26/2016,47.64,47.37,48.46,46.94,558.34,0.65%
08/25/2016,47.33,46.8,47.46,46.42,458.82,1.20%
08/24/2016,46.77,47.59,47.74,46.45,603.5,-2.77%
08/23/2016,48.1,47.39,48.32,46.59,623.9,2.23%
08/22/2016,47.05,48.4,48.4,46.75,36.53,-3.03%
08/19/2016,48.52,48.33,48.75,47.93,162.44,0.62%
08/18/2016,48.22,46.9,48.38,46.63,229.28,3.06%
08/17/2016,46.79,46.37,46.95,45.84,563.35,0.45%
08/16/2016,46.58,45.59,46.73,45.34,550.44,1.84%
08/15/2016,45.74,44.74,45.93,44.38,522.53,2.81%
08/12/2016,44.49,43.46,44.78,43.31,536.08,2.30%
08/11/2016,43.49,41.48,43.86,41.1,682.24,4.27%
08/10/2016,41.71,42.74,43.39,41.42,676.15,-2.48%
08/09/2016,42.77,42.83,43.52,42.47,624.7,-0.58%
08/08/2016,43.02,41.99,43.39,41.81,562.53,2.92%
08/05/2016,41.8,41.84,42.1,41.06,550.19,-0.31%
08/04/2016,41.93,41.16,42.08,40.43,598.84,2.69%
08/03/2016,40.83,39.7,41.2,39.19,655.19,3.34%
08/02/2016,39.51,40.08,40.91,39.26,534.51,-1.37%
08/01/2016,40.06,41.35,41.88,39.82,533.02,-3.70%
07/29/2016,41.6,41.12,41.67,40.57,478.76,1.12%
07/28/2016,41.14,41.93,42.22,41.04,447.91,-1.86%
07/27/2016,41.92,42.66,43.2,41.68,537.39,-2.33%
07/26/2016,42.92,43.07,43.39,42.36,461.32,-0.49%
07/25/2016,43.13,44.2,44.37,42.97,389.84,-2.40%
07/22/2016,44.19,44.6,44.97,43.74,428.41,-1.25%
07/21/2016,44.75,45.65,46.09,44.52,432.97,-0.42%
07/20/2016,44.94,44.59,45.25,43.69,29.39,0.65%
07/19/2016,44.65,45.23,45.67,44.53,128.13,-1.30%
07/18/2016,45.24,46.12,46.14,44.86,211.39,-1.55%
07/15/2016,45.95,45.52,46.33,45.05,430.26,0.59%
07/14/2016,45.68,45.14,45.8,44.95,573.76,2.08%
07/13/2016,44.75,46.58,46.71,44.56,686.25,-4.38%
07/12/2016,46.8,44.58,46.93,44.51,658.26,4.56%
07/11/2016,44.76,45.07,45.77,44.42,533.66,-1.43%
07/08/2016,45.41,45.19,45.97,44.77,583.08,0.60%
07/07/2016,45.14,47.88,48.25,44.87,710.89,-4.83%
07/06/2016,47.43,46.83,47.95,45.92,607.66,1.78%
07/05/2016,46.6,49.11,49.35,46.33,609.19,-4.21%
07/04/2016,48.65,49.01,49.35,48.54,,-0.73%
07/03/2016,49.01,49.14,49.22,48.94,,0.04%
07/01/2016,48.99,48.38,49.3,47.9,405.19,1.37%
06/30/2016,48.33,49.55,49.62,48.17,508.74,-3.11%
06/29/2016,49.88,48.06,50,47.98,511.48,4.24%
06/28/2016,47.85,46.59,48.18,46.54,498.85,3.28%
06/27/2016,46.33,47.81,47.96,45.83,504.61,-2.75%
06/24/2016,47.64,50.3,50.45,46.7,649.45,-4.93%
06/23/2016,50.11,49.08,50.23,49.08,401.89,1.99%
06/22/2016,49.13,50.22,50.54,48.4,569.94,0.57%
06/21/2016,48.85,49.14,49.32,48.16,30.11,-1.05%
06/20/2016,49.37,48.29,49.42,48.14,98.29,2.90%
06/17/2016,47.98,45.99,48.29,45.83,226.65,3.83%
06/16/2016,46.21,47.45,47.75,45.91,507.91,-3.75%
06/15/2016,48.01,47.9,48.72,47.28,527.87,-0.99%
06/14/2016,48.49,48.52,48.69,47.84,456.14,-0.80%
06/13/2016,48.88,48.85,49.28,48.16,506.04,-0.39%
06/10/2016,49.07,50.47,50.73,48.8,596.12,-2.95%
06/09/2016,50.56,51.45,51.67,50.23,560.72,-1.31%
06/08/2016,51.23,50.41,51.62,50.32,656.42,1.73%
06/07/2016,50.36,49.71,50.53,49.44,542.25,1.35%
06/06/2016,49.69,48.88,49.9,48.71,450.47,2.20%
06/03/2016,48.62,49.04,49.41,48.33,481.03,-1.12%
06/02/2016,49.17,48.9,49.47,47.97,564.85,0.33%
06/01/2016,49.01,48.82,49.25,47.75,568.84,-0.18%
05/31/2016,49.1,49.54,50.1,48.81,476.99,-0.83%
05/30/2016,49.51,49.56,49.75,49.08,,-0.14%
05/29/2016,49.58,49.54,49.71,49.54,,0.51%
05/27/2016,49.33,49.31,49.6,48.69,406.39,-0.30%
05/26/2016,49.48,49.7,50.21,49.22,488.47,-0.16%
05/25/2016,49.56,49.09,49.75,48.65,550.5,1.93%
05/24/2016,48.62,48.08,49.27,47.64,475.97,1.12%
05/23/2016,48.08,48.46,48.5,47.4,475.45,0.69%
05/20/2016,47.75,48.2,48.79,47.44,28.52,-0.85%
05/19/2016,48.16,47.87,48.28,46.73,108.82,-0.06%
05/18/2016,48.19,48.53,48.95,47.75,343.18,-0.25%
05/17/2016,48.31,47.9,48.76,47.53,470.44,1.24%
05/16/2016,47.72,46.28,47.98,46.15,550.86,3.27%
05/13/2016,46.21,46.41,46.49,45.75,519.36,-1.05%
05/12/2016,46.7,46,47.02,45.61,715.1,1.02%
05/11/2016,46.23,44.6,46.36,43.96,869.96,3.52%
05/10/2016,44.66,43.25,44.79,43.03,709.42,2.81%
05/09/2016,43.44,45,45.94,43.24,767.57,-2.73%
05/06/2016,44.66,44.52,45.34,43.54,695.31,0.77%
05/05/2016,44.32,44.04,46.07,43.96,746.16,1.23%
05/04/2016,43.78,43.85,44.88,43.22,711.13,0.30%
05/03/2016,43.65,44.92,45.35,43.32,625.55,-2.52%
05/02/2016,44.78,45.9,46.15,44.54,464.03,-2.48%
04/29/2016,45.92,45.9,46.78,45.24,598.44,-0.24%
04/28/2016,46.03,45.3,46.14,44.94,487.41,1.54%
04/27/2016,45.33,44.64,45.62,43.77,648.03,2.93%
04/26/2016,44.04,42.96,44.83,42.5,564.39,3.28%
04/25/2016,42.64,43.75,44.04,42.58,606.38,-2.49%
04/22/2016,43.73,43.42,44.45,43.11,575.11,1.27%
04/21/2016,43.18,43.97,44.49,43.05,671.1,1.29%
04/20/2016,42.63,40.8,42.91,39.85,30.09,3.77%
04/19/2016,41.08,40.04,41.53,39.58,101.73,3.27%
04/18/2016,39.78,38.75,40.24,37.61,342.46,-1.44%
04/15/2016,40.36,41.43,41.73,39.98,520.15,-2.75%
04/14/2016,41.5,41.54,42.16,40.84,488.61,-0.62%
04/13/2016,41.76,41.63,42.42,41.24,730.44,-0.97%
04/12/2016,42.17,40.35,42.25,40.09,796.84,4.48%
04/11/2016,40.36,39.72,40.75,39.25,679.35,1.61%
04/08/2016,39.72,37.52,39.84,37.45,817.23,6.60%
04/07/2016,37.26,37.76,38.3,36.69,626.75,-1.30%
04/06/2016,37.75,36.52,37.9,36.43,751.05,5.18%
04/05/2016,35.89,35.5,36.58,35.24,485.54,0.53%
04/04/2016,35.7,36.61,37.21,35.46,549.48,-2.96%
04/01/2016,36.79,38.14,38.56,36.63,547.19,-4.04%
03/31/2016,38.34,38.3,39.04,37.57,532.15,0.05%
03/30/2016,38.32,38.52,39.85,38.14,542.47,0.10%
03/29/2016,38.28,39.32,39.48,37.91,488.03,-2.82%
03/28/2016,39.39,39.55,40.14,38.86,299.78,-0.18%
03/24/2016,39.46,39.73,39.77,38.33,495.17,-0.83%
03/23/2016,39.79,41.19,41.34,39.67,492,-4.00%
03/22/2016,41.45,41.59,41.9,40.77,463.69,3.86%
03/21/2016,39.91,39.06,40.3,38.61,31.92,1.19%
03/18/2016,39.44,40.25,41.2,39.15,130.15,-1.89%
03/17/2016,40.2,38.59,40.36,38.47,298.01,4.52%
03/16/2016,38.46,36.74,38.63,36.61,494.17,5.83%
03/15/2016,36.34,37.37,37.4,35.96,446.1,-2.26%
03/14/2016,37.18,38.17,38.77,36.68,489.94,-3.43%
03/11/2016,38.5,37.99,39.02,37.92,564.79,1.74%
03/10/2016,37.84,38.17,38.48,37.21,701.44,-1.18%
03/09/2016,38.29,36.36,38.51,36.24,740.63,4.90%
03/08/2016,36.5,37.94,38.39,36.12,706.93,-3.69%
03/07/2016,37.9,36.2,38.11,36.09,709.87,5.51%
03/04/2016,35.92,34.66,36.34,34.4,578.29,3.91%
03/03/2016,34.57,34.73,35.32,34.19,512.96,-0.26%
03/02/2016,34.66,33.89,35.17,33.55,597.83,0.76%
03/01/2016,34.4,33.9,34.76,33.37,566.23,1.93%
02/29/2016,33.75,32.72,33.98,32.32,512.47,2.96%
02/26/2016,32.78,33.04,34.69,32.64,646.29,-0.88%
02/25/2016,33.07,32.19,33.49,31.07,611.87,2.86%
02/24/2016,32.15,31.28,32.4,30.56,652.25,0.88%
02/23/2016,31.87,33.34,33.53,31.22,539.38,1.24%
02/22/2016,31.48,29.72,32.05,29.48,26.32,6.21%
02/19/2016,29.64,30.6,30.73,29.05,103.2,-3.67%
02/18/2016,30.77,31.35,31.98,30.27,225.5,0.36%
02/17/2016,30.66,29.14,31.49,28.73,578.64,5.58%
02/16/2016,29.04,29.08,31.53,28.7,651.96,-5.11%
02/15/2016,30.6,29.08,30.69,28.97,,5.26%
02/14/2016,29.08,29.06,29.18,28.97,,-1.24%
02/12/2016,29.44,27.3,29.66,26.95,675.16,12.32%
02/11/2016,26.21,27.34,27.48,26.05,795.97,-4.52%
02/10/2016,27.45,28.36,29.22,27.24,781.28,-1.75%
02/09/2016,27.94,30.17,30.61,27.74,738.22,-5.89%
02/08/2016,29.69,30.97,31.38,29.57,603.65,-3.88%
02/05/2016,30.89,31.64,32.45,30.63,616.53,-2.62%
02/04/2016,31.72,32.71,33.6,31.53,696.72,-1.73%
02/03/2016,32.28,29.75,32.75,29.4,811.7,8.03%
02/02/2016,29.88,31.37,31.53,29.57,602.56,-5.50%
02/01/2016,31.62,33.83,34.18,31.29,595.61,-5.95%
01/29/2016,33.62,33.7,34.4,32.65,618.11,1.20%
01/28/2016,33.22,32.19,34.82,31.74,833.38,2.85%
01/27/2016,32.3,30.55,32.84,30.14,738.55,2.70%
01/26/2016,31.45,29.81,32.41,29.25,642.43,3.66%
01/25/2016,30.34,32.05,32.74,29.68,606.89,-5.75%
01/22/2016,32.19,29.84,32.35,29.53,636.57,9.01%
01/21/2016,29.53,28.35,30.25,27.87,694.04,11.22%
01/20/2016,26.55,28.33,28.58,26.19,32.11,-6.71%
01/19/2016,28.46,29.2,30.21,28.21,188.03,-5.21%
01/18/2016,30.02,29.76,30.88,29.67,,0.94%
01/17/2016,29.75,30.68,30.68,29.36,,1.10%
01/15/2016,29.42,31.18,31.18,29.13,329.09,-5.71%
01/14/2016,31.2,30.6,31.77,30.28,537.91,2.36%
01/13/2016,30.48,30.54,31.71,30.1,637.9,0.13%
01/12/2016,30.44,31.11,32.21,29.93,627.22,-3.09%
01/11/2016,31.41,32.94,33.2,30.88,648.64,-5.28%
01/08/2016,33.16,33.3,34.34,32.64,596.5,-0.33%
01/07/2016,33.27,34.09,34.26,32.1,617.41,-2.06%
01/06/2016,33.97,36.18,36.39,33.77,563.81,-5.56%
01/05/2016,35.97,36.9,37.1,35.74,410.13,-2.15%
01/04/2016,36.76,37.6,38.39,36.33,431.99,-0.76%
12/31/2015,37.04,36.81,37.79,36.22,283.62,1.20%
12/30/2015,36.6,37.36,37.4,36.4,267.91,-3.35%
12/29/2015,37.87,36.7,37.94,36.66,241.95,2.88%
12/28/2015,36.81,38,38.09,36.6,220.64,-3.39%
12/24/2015,38.1,37.86,38.28,37.38,205.87,1.60%
12/23/2015,37.5,36.47,37.95,36.28,374.66,3.76%
12/22/2015,36.14,35.8,36.54,35.66,302.26,4.03%
12/21/2015,34.74,34.58,34.86,33.98,27.29,0.03%
12/18/2015,34.73,34.87,35.57,34.29,116.04,-0.63%
12/17/2015,34.95,35.8,35.84,34.63,196.23,-1.60%
12/16/2015,35.52,36.79,37.35,35.29,402.97,-4.90%
12/15/2015,37.35,36.32,37.88,36.03,474.16,2.86%
12/14/2015,36.31,35.4,36.7,34.53,550.48,1.94%
12/11/2015,35.62,36.63,36.84,35.16,505.41,-3.10%
12/10/2015,36.76,37.27,37.54,36.38,513.94,-1.08%
12/09/2015,37.16,37.86,38.99,36.87,646.17,-0.93%
12/08/2015,37.51,37.68,38.58,36.64,767.18,-0.37%
12/07/2015,37.65,40.1,40.15,37.5,635.41,-5.80%
12/04/2015,39.97,41.31,42,39.6,510.76,-2.70%
12/03/2015,41.08,40.15,41.78,40.07,496.88,2.85%
12/02/2015,39.94,41.69,41.97,39.84,545.29,-4.56%
12/01/2015,41.85,41.73,42.23,41.17,415.54,0.48%
11/30/2015,41.65,41.77,42.61,41.5,369.51,-0.14%
11/27/2015,41.71,43.25,43.3,41.67,316.48,-2.07%
11/26/2015,42.59,43.08,43.29,42.3,,-1.05%
11/25/2015,43.04,42.69,43.25,41.72,383.16,0.40%
11/24/2015,42.87,42.04,43.46,41.86,430.3,2.68%
11/23/2015,41.75,41.49,42.75,40.41,516.19,3.37%
11/20/2015,40.39,40.54,40.99,38.99,33.71,-0.37%
11/19/2015,40.54,40.72,41.05,39.89,131.36,-0.52%
11/18/2015,40.75,41.11,41.55,39.91,251.52,0.20%
11/17/2015,40.67,41.96,42.03,40.58,363.71,-2.56%
11/16/2015,41.74,40.92,42.25,40.06,535.18,2.45%
11/13/2015,40.74,41.61,42.21,40.22,480.89,-2.42%
11/12/2015,41.75,43.05,43.33,41.54,545.35,-2.75%
11/11/2015,42.93,43.63,44.11,42.62,502.37,-2.90%
11/10/2015,44.21,44.1,44.76,43.57,445.97,0.78%
11/09/2015,43.87,44.52,45.12,43.64,487.99,-0.95%
11/06/2015,44.29,45.41,45.64,44.11,448.13,-2.01%
11/05/2015,45.2,46.57,46.65,45.12,437.65,-2.42%
11/04/2015,46.32,47.74,48.28,46.17,459.31,-3.30%
11/03/2015,47.9,46.11,48.36,45.96,434.57,3.81%
11/02/2015,46.14,46.43,46.73,45.56,305.52,-0.97%
10/30/2015,46.59,45.74,47.03,45.48,363.31,1.15%
10/29/2015,46.06,46.06,46.79,45.16,436.51,0.26%
10/28/2015,45.94,43.44,46.22,43.06,521.52,6.34%
10/27/2015,43.2,43.78,43.91,42.58,370.83,-1.77%
10/26/2015,43.98,44.74,44.94,43.64,302.08,-1.39%
10/23/2015,44.6,45.44,45.75,44.2,406.58,-1.72%
10/22/2015,45.38,45.27,46.1,44.9,322.74,0.40%
10/21/2015,45.2,45.88,46.08,44.86,384.29,-0.77%
10/20/2015,45.55,46.25,46.52,45.23,38.95,-0.74%
10/19/2015,45.89,47.27,47.49,45.85,125.84,-2.90%
10/16/2015,47.26,46.87,47.5,46.16,198.13,1.90%
10/15/2015,46.38,46.28,47.02,45.23,370.94,-0.56%
10/14/2015,46.64,46.69,46.96,45.94,348.24,-0.04%
10/13/2015,46.66,47.46,48.43,46.44,465.39,-0.93%
10/12/2015,47.1,49.51,50.13,47.04,408.66,-5.10%
10/09/2015,49.63,49.69,50.92,49.17,508.68,0.40%
10/08/2015,49.43,48.11,50.07,47.76,509.76,3.39%
10/07/2015,47.81,49,49.71,47.7,547.49,-1.48%
10/06/2015,48.53,46.2,49.08,45.73,453.1,4.91%
10/05/2015,46.26,45.65,46.94,45.21,323.06,1.58%
10/02/2015,45.54,45.07,45.81,43.97,420.74,1.79%
10/01/2015,44.74,45.38,47.1,44.63,478.98,-0.78%
09/30/2015,45.09,44.92,45.85,44.68,355.85,-0.31%
09/29/2015,45.23,44.5,45.7,44.3,265.18,1.80%
09/28/2015,44.43,45.38,45.5,44.3,273.91,-2.78%
09/25/2015,45.7,45.05,46.38,44.86,338.62,1.76%
09/24/2015,44.91,44.62,45.18,43.71,371.98,0.97%
09/23/2015,44.48,46.54,47.15,44.41,411.96,-2.95%
09/22/2015,45.83,46.45,46.48,45.14,29.99,-1.82%
09/21/2015,46.68,44.97,46.74,44.69,104.53,4.48%
09/18/2015,44.68,46.89,47.03,44.24,211.3,-4.73%
09/17/2015,46.9,47.13,47.71,46.33,366.39,-0.53%
09/16/2015,47.15,45.16,47.35,44.82,421.98,5.74%
09/15/2015,44.59,44.11,45.25,43.92,335.95,1.34%
09/14/2015,44,44.78,44.97,43.59,326.27,-1.41%
09/11/2015,44.63,45.71,45.88,44.16,395.84,-2.81%
09/10/2015,45.92,44.16,46.04,43.36,498.99,4.01%
09/09/2015,44.15,45.79,46.26,44.05,422.74,-3.90%
09/08/2015,45.94,45.82,46.41,44.14,508.82,2.77%
09/07/2015,44.7,45.72,45.92,44.15,,-2.23%
09/06/2015,45.72,45.72,45.87,45.61,,-0.72%
09/04/2015,46.05,46.68,47.23,45.61,385.63,-1.50%
09/03/2015,46.75,46.11,48.42,45.65,539.45,1.08%
09/02/2015,46.25,44.26,46.77,43.21,689.3,1.85%
09/01/2015,45.41,48.1,48.87,44.15,713.42,-7.70%
08/31/2015,49.2,45,49.33,43.6,757.5,8.80%
08/28/2015,45.22,42.68,45.9,41.78,666.33,6.25%
08/27/2015,42.56,38.96,42.86,38.95,533.68,10.26%
08/26/2015,38.6,39.69,39.86,38.52,368.72,-1.81%
08/25/2015,39.31,38.18,39.89,38.16,375.65,2.80%
08/24/2015,38.24,40.3,40.47,37.75,468.37,-5.46%
08/21/2015,40.45,41.03,41.4,39.86,377.18,-1.68%
08/20/2015,41.14,40.58,41.48,40.21,24.78,0.83%
08/19/2015,40.8,42.41,42.68,40.4,107.58,-4.27%
08/18/2015,42.62,41.88,42.9,41.43,200.19,1.79%
08/17/2015,41.87,42.18,42.69,41.64,314.28,-1.48%
08/14/2015,42.5,42.23,42.96,41.35,317.21,0.64%
08/13/2015,42.23,43.34,43.72,41.91,420.15,-2.47%
08/12/2015,43.3,43.27,43.87,42.8,492.27,0.51%
08/11/2015,43.08,44.81,45.34,42.69,538.01,-4.18%
08/10/2015,44.96,43.58,45.01,43.35,491.43,2.48%
08/07/2015,43.87,44.82,45.16,43.7,400.07,-1.77%
08/06/2015,44.66,45.16,45.27,44.2,360.98,-1.09%
08/05/2015,45.15,45.96,46.7,44.83,367.33,-1.29%
08/04/2015,45.74,45.35,46.23,45.29,285.79,1.26%
08/03/2015,45.17,46.86,46.94,45.08,371.09,-4.14%
07/31/2015,47.12,48.47,48.62,46.7,334.47,-2.89%
07/30/2015,48.52,48.83,49.36,48.34,247.66,-0.55%
07/29/2015,48.79,47.81,49.52,47.39,366.89,1.69%
07/28/2015,47.98,47.02,48.44,46.68,338.11,1.24%
07/27/2015,47.39,48,48.2,46.91,273.61,-1.56%
07/24/2015,48.14,48.79,49.03,47.72,278.23,-0.64%
07/23/2015,48.45,49.23,49.63,48.21,316.06,-1.50%
07/22/2015,49.19,50.71,50.71,49.04,347.99,-2.32%
07/21/2015,50.36,49.95,51.02,49.77,23.13,0.42%
07/20/2015,50.15,50.76,51.26,49.85,102.6,-1.45%
07/17/2015,50.89,50.91,51.23,50.14,203.49,-0.04%
07/16/2015,50.91,51.62,52.17,50.84,319.17,-0.97%
07/15/2015,51.41,53.4,53.5,51.21,334.56,-3.07%
07/14/2015,53.04,52,53.43,50.88,422.76,1.61%
07/13/2015,52.2,52.15,53.17,51.26,359.48,-1.02%
07/10/2015,52.74,52.48,53.89,51.96,349.08,-0.08%
07/09/2015,52.78,51.83,53.54,51.48,382.33,2.19%
07/08/2015,51.65,52.91,52.96,50.91,434.75,-1.30%
07/07/2015,52.33,52.75,53.43,50.58,527.27,-0.38%
07/06/2015,52.53,56.42,56.79,52.41,540.61,-5.39%
07/03/2015,55.52,56.6,56.78,55.42,,-2.48%
07/02/2015,56.93,56.87,57.95,56.5,297.05,-0.05%
07/01/2015,56.96,58.98,58.98,56.68,373.41,-4.22%
06/30/2015,59.47,58.27,59.69,57.94,282.48,1.95%
06/29/2015,58.33,58.84,59.27,58.04,286.04,-2.18%
06/26/2015,59.63,59.66,59.96,58.76,231.96,-0.12%
06/25/2015,59.7,60.22,60.46,59.43,222.34,-0.95%
06/24/2015,60.27,61.14,61.57,59.8,312.99,-1.21%
06/23/2015,61.01,60.21,61.49,59.55,336.22,2.23%
06/22/2015,59.68,59.44,60.3,58.93,26.74,0.12%
06/19/2015,59.61,60.5,60.56,58.88,116.66,-1.39%
06/18/2015,60.45,59.78,60.89,59.25,181.88,0.88%
06/17/2015,59.92,60.03,61.38,58.85,396.16,-0.08%
06/16/2015,59.97,59.6,60.37,59.42,233.94,0.76%
06/15/2015,59.52,59.9,59.98,58.73,275.19,-0.73%
06/12/2015,59.96,60.55,60.63,59.73,246.9,-1.33%
06/11/2015,60.77,61.14,61.53,60.21,352.42,-1.07%
06/10/2015,61.43,60.58,61.82,60.45,459.77,2.14%
06/09/2015,60.14,58.31,60.68,58.23,405.49,3.44%
06/08/2015,58.14,58.96,59.13,57.86,339.85,-1.67%
06/05/2015,59.13,57.99,59.23,56.83,461.02,1.95%
06/04/2015,58,59.57,59.94,57.83,363.35,-2.75%
06/03/2015,59.64,61.02,61.43,59.34,371.3,-2.64%
06/02/2015,61.26,60.18,61.58,60.09,344.51,1.76%
06/01/2015,60.2,60.29,60.64,59.33,292.19,-0.17%
05/29/2015,60.3,57.97,60.7,57.72,452.22,4.54%
05/28/2015,57.68,57.63,58.07,56.51,340.68,0.30%
05/27/2015,57.51,58.32,58.95,57.36,314.92,-0.90%
05/26/2015,58.03,60.05,60.25,57.71,330.13,-3.03%
05/25/2015,59.85,59.93,60.24,59.11,,-0.12%
05/24/2015,59.92,60.01,60.01,59.78,,0.33%
05/22/2015,59.72,60.66,60.8,59.35,230.31,-1.65%
05/21/2015,60.72,58.81,60.94,58.69,329.77,2.95%
05/20/2015,58.98,58.32,59.04,58.1,287.13,3.00%
05/19/2015,57.26,59.54,59.63,57.09,30.3,-3.65%
05/18/2015,59.43,59.85,60.88,59.06,144.39,-0.44%
05/15/2015,59.69,59.67,59.97,58.42,222.09,-0.32%
05/14/2015,59.88,60.1,60.84,59.36,361.43,-1.02%
05/13/2015,60.5,61.23,61.85,60.02,426.84,-0.41%
05/12/2015,60.75,59.27,61.36,59.12,397.35,2.53%
05/11/2015,59.25,59.43,59.85,58.75,332.69,-0.24%
05/08/2015,59.39,59.02,59.9,58.14,434.58,0.76%
05/07/2015,58.94,60.69,61.31,58.49,437.02,-3.27%
05/06/2015,60.93,60.72,62.58,60.54,423.58,0.88%
05/05/2015,60.4,58.95,61.1,58.63,389.74,2.49%
05/04/2015,58.93,59.3,59.73,58.45,215.05,-0.37%
05/01/2015,59.15,59.79,59.9,58.32,244.75,-0.80%
04/30/2015,59.63,58.55,59.85,58.38,340.32,1.79%
04/29/2015,58.58,56.93,59.33,56.54,411.1,2.66%
04/28/2015,57.06,56.65,57.83,56.07,281.86,0.12%
04/27/2015,56.99,57.3,57.89,56.52,250.56,-0.28%
04/24/2015,57.15,57.53,57.95,56.5,328.32,-1.02%
04/23/2015,57.74,56.28,58.41,55.76,415.57,2.81%
04/22/2015,56.16,56.34,57.19,55.73,329.63,1.63%
04/21/2015,55.26,56.41,56.91,55.01,29.6,-1.99%
04/20/2015,56.38,56.16,57.17,54.85,112.38,1.15%
04/17/2015,55.74,56.56,56.88,55.31,230.62,-1.71%
04/16/2015,56.71,55.92,57.42,55.07,413.13,0.57%
04/15/2015,56.39,53.55,56.69,53.39,508.9,5.82%
04/14/2015,53.29,52.05,53.79,51.83,431.03,2.66%
04/13/2015,51.91,51.81,53.1,51.47,375.53,0.52%
04/10/2015,51.64,50.73,51.93,50.08,395.14,1.67%
04/09/2015,50.79,51,52.07,50.51,449.53,0.73%
04/08/2015,50.42,53.18,53.23,50.37,552.63,-6.60%
04/07/2015,53.98,51.95,54.13,51.17,548.87,3.53%
04/06/2015,52.14,49.47,52.24,49.47,325.28,6.11%
04/03/2015,49.14,49.14,49.14,49.14,,0.00%
04/02/2015,49.14,49.59,50.27,48.11,453.39,-1.90%
04/01/2015,50.09,47.55,50.45,47.05,451.1,5.23%
03/31/2015,47.6,48.73,48.73,47.28,365.75,-2.22%
03/30/2015,48.68,48.57,49.16,47.61,355.87,-0.39%
03/27/2015,48.87,51.01,51.38,48.21,384.09,-4.98%
03/26/2015,51.43,49.02,52.48,48.73,515.28,4.51%
03/25/2015,49.21,47.72,49.46,47,398.8,3.58%
03/24/2015,47.51,47.46,48.56,46.67,309.55,0.13%
03/23/2015,47.45,46.41,47.61,45.33,292.42,3.78%
03/20/2015,45.72,43.99,46.53,43.31,22.46,4.00%
03/19/2015,43.96,44.6,44.71,42.75,106.91,-1.57%
03/18/2015,44.66,42.51,45.34,42.03,220.64,2.76%
03/17/2015,43.46,43.84,44.2,42.41,346.31,-0.96%
03/16/2015,43.88,44.81,45,42.85,367.6,-2.14%
03/13/2015,44.84,46.93,47.28,44.75,395.72,-4.70%
03/12/2015,47.05,48.44,48.76,46.86,358.38,-2.33%
03/11/2015,48.17,48.77,49.05,47.33,404.59,-0.25%
03/10/2015,48.29,50.08,50.36,48.2,395.76,-3.42%
03/09/2015,50,49.6,50.79,49.25,409.88,0.79%
03/06/2015,49.61,50.89,51.22,48.88,406.84,-2.27%
03/05/2015,50.76,51.62,52.4,50.61,370.95,-1.49%
03/04/2015,51.53,50.61,51.99,49.6,463.99,2.00%
03/03/2015,50.52,49.8,50.83,49.45,370.6,1.88%
03/02/2015,49.59,49.45,51.04,48.71,427.18,-0.34%
02/27/2015,49.76,48.97,49.94,48.46,399.49,3.30%
02/26/2015,48.17,51,51.22,47.8,459.58,-5.53%
02/25/2015,50.99,49.16,51.28,48.43,429.52,3.47%
02/24/2015,49.28,49.42,50.33,48.68,293.1,-0.34%
02/23/2015,49.45,50.75,50.99,48.67,475.38,-1.77%
02/20/2015,50.34,51.24,51.85,49.91,30.66,-1.60%
02/19/2015,51.16,50.55,52.14,49.15,125.21,-1.88%
02/18/2015,52.14,53.24,53.41,50.32,257.48,-2.60%
02/17/2015,53.53,52.75,54.15,50.81,518.8,-0.15%
02/16/2015,53.61,54.04,54.08,52.92,,-0.82%
02/15/2015,54.06,53.75,54.42,53.71,,2.42%
02/13/2015,52.78,51.35,53.43,51.03,437.07,3.07%
02/12/2015,51.21,49.42,51.6,49.14,563.66,4.85%
02/11/2015,48.84,50.98,51.14,48.05,519.27,-2.36%
02/10/2015,50.02,52.43,52.65,49.86,501.7,-5.37%
02/09/2015,52.86,52.01,53.99,51.65,536.36,2.26%
02/06/2015,51.69,50.86,53.16,50.72,584.98,2.40%
02/05/2015,50.48,48.67,52.1,47.36,596.85,4.19%
02/04/2015,48.45,51.67,52.56,47.95,577.52,-8.67%
02/03/2015,53.05,49.79,54.24,49.69,644.92,7.02%
02/02/2015,49.57,47.59,50.56,46.67,511.41,2.76%
01/30/2015,48.24,44.63,48.35,44.31,454.14,8.33%
01/29/2015,44.53,44.43,44.96,43.58,300.73,0.18%
01/28/2015,44.45,45.83,45.83,44.08,365.44,-3.85%
01/27/2015,46.23,45.13,46.55,44.81,313.14,2.39%
01/26/2015,45.15,45.2,46.41,44.35,310.64,-0.97%
01/23/2015,45.59,46.63,47.76,45.21,374.29,-1.55%
01/22/2015,46.31,47.35,49.09,45.87,426.83,-3.08%
01/21/2015,47.78,46.69,48.2,46.55,340.25,3.00%
01/20/2015,46.39,48.69,48.77,45.89,49.74,-2.91%
01/19/2015,47.78,48.84,49.19,47.64,,-2.18%
01/18/2015,48.85,48.95,49.06,48.78,,0.32%
01/16/2015,48.69,46.35,48.87,45.95,175.63,5.28%
01/15/2015,46.25,48.6,51.27,46.07,478.34,-4.60%
01/14/2015,48.48,46.16,48.91,45.01,510.25,5.64%
01/13/2015,45.89,45.69,46.79,44.2,476.54,-0.39%
01/12/2015,46.07,48.19,48.19,45.62,394.95,-4.74%
01/09/2015,48.36,48.92,49.61,47.16,421.01,-0.88%
01/08/2015,48.79,48.78,49.65,47.73,362.08,0.29%
01/07/2015,48.65,48,49.31,46.83,460.08,1.50%
01/06/2015,47.93,50,50.37,47.55,451.64,-4.22%
01/05/2015,50.04,52.61,52.73,49.68,375.78,-5.03%
01/02/2015,52.69,53.76,55.11,52.03,268.71,-3.44%
01/01/2015,54.56,53.73,54.85,53.72,,2.43%
12/31/2014,53.27,53.87,54.02,52.44,233.52,-1.57%
12/30/2014,54.12,53.72,54.32,52.7,218.56,0.95%
12/29/2014,53.61,55.05,55.74,52.9,241.38,-2.05%
12/26/2014,54.73,55.86,56.59,54.51,127.2,-2.13%
12/25/2014,55.92,55.87,56.05,55.73,,0.14%
12/24/2014,55.84,56.8,57.15,55.07,174.97,-2.24%
12/23/2014,57.12,55.39,57.56,55.06,274,3.37%
12/22/2014,55.26,57.75,58.53,55.13,277.32,-2.23%
12/19/2014,56.52,55.5,56.91,54.2,26.47,4.45%
12/18/2014,54.11,55.83,58.73,54.05,106.32,-4.18%
12/17/2014,56.47,55.5,58.98,54.21,351.98,0.97%
12/16/2014,55.93,55.4,57.15,53.6,518.78,0.04%
12/15/2014,55.91,57.07,58.73,55.02,424.95,-3.29%
12/12/2014,57.81,59.17,59.57,57.34,414.22,-3.57%
12/11/2014,59.95,61.12,61.68,58.96,392.49,-1.62%
12/10/2014,60.94,63.33,63.43,60.43,456.17,-4.51%
12/09/2014,63.82,63.01,64.2,62.25,322.8,1.22%
12/08/2014,63.05,65.46,65.55,62.78,330.08,-4.24%
12/05/2014,65.84,66.8,66.89,65.17,276.53,-1.45%
12/04/2014,66.81,67.4,68.22,66.09,237.01,-0.85%
12/03/2014,67.38,67.6,68.23,66.8,293.48,0.75%
12/02/2014,66.88,69.24,69.32,66.67,360.3,-3.07%
12/01/2014,69,66,69.54,63.72,504.12,4.31%
11/28/2014,66.15,73.5,73.56,65.69,552.88,-3.50%
11/27/2014,68.55,73.54,73.55,67.77,,-6.98%
11/26/2014,73.69,73.87,74.48,73.3,258.38,-0.54%
11/25/2014,74.09,75.51,76.58,73.71,294.45,-2.23%
11/24/2014,75.78,76.62,77.02,75.45,194.75,-0.95%
11/21/2014,76.51,76.29,77.83,75.62,275.32,1.23%
11/20/2014,75.58,74.25,75.76,74.17,28.25,1.34%
11/19/2014,74.58,74.23,75.4,73.88,116.28,-0.04%
11/18/2014,74.61,75.49,76.44,74.12,186.21,-1.36%
11/17/2014,75.64,75.93,76.18,74.71,279.46,-0.24%
11/14/2014,75.82,74.36,76.3,73.25,355.25,2.17%
11/13/2014,74.21,76.95,77.16,74.07,447.01,-3.85%
11/12/2014,77.18,77.5,78.08,76.63,359.95,-0.98%
11/11/2014,77.94,77.18,78.04,76.42,314.31,0.70%
11/10/2014,77.4,78.5,79.85,77.13,319.49,-1.59%
11/07/2014,78.65,77.86,79.41,77.47,306.08,0.95%
11/06/2014,77.91,78.87,78.98,77.12,292.9,-0.98%
11/05/2014,78.68,77.36,79.35,76.46,447.69,1.93%
11/04/2014,77.19,78.22,78.41,75.84,432.76,-2.02%
11/03/2014,78.78,80.59,80.98,78.08,386.05,-2.19%
10/31/2014,80.54,81.04,81.27,79.55,294.18,-0.71%
10/30/2014,81.12,81.93,82.09,80.72,270.07,-1.31%
10/29/2014,82.2,81.55,82.88,81.44,283.76,0.96%
10/28/2014,81.42,80.64,81.66,80.36,226.07,0.52%
10/27/2014,81,81.27,81.29,79.44,285.33,-0.01%
10/24/2014,81.01,81.95,81.95,80.36,272.51,-1.32%
10/23/2014,82.09,80.42,82.37,80.05,354.84,1.95%
10/22/2014,80.52,82.55,83.15,80.22,352.22,-2.77%
10/21/2014,82.81,82.76,84.05,82.29,23.44,0.12%
10/20/2014,82.71,83.13,83.48,81.55,83.7,-0.05%
10/17/2014,82.75,83.18,84.45,82.44,174.14,0.06%
10/16/2014,82.7,81.06,84.83,79.78,424.52,1.12%
10/15/2014,81.78,82.32,82.45,80.01,487.72,-0.07%
10/14/2014,81.84,84.98,85.6,81.32,475.83,-4.55%
10/13/2014,85.74,85.2,85.87,84.07,292.35,-0.09%
10/10/2014,85.82,84.39,86.29,83.59,396.53,0.06%
10/09/2014,85.77,87.73,87.95,84.06,345.02,-1.76%
10/08/2014,87.31,88.43,88.63,86.83,373.75,-1.73%
10/07/2014,88.85,90.45,90.57,88.38,300.11,-1.65%
10/06/2014,90.34,89.77,90.74,88.76,276.61,0.67%
10/03/2014,89.74,91.38,91.79,89.36,342.8,-1.40%
10/02/2014,91.01,90.74,91.54,88.18,449.55,0.31%
10/01/2014,90.73,91.36,92.96,90.47,389.25,-0.47%
09/30/2014,91.16,94.34,94.9,90.86,429.25,-3.61%
09/29/2014,94.57,93.35,94.64,92.74,261.25,1.10%
09/26/2014,93.54,92.47,93.86,92.23,258.89,1.09%
09/25/2014,92.53,92.89,93.54,92.05,248.85,-0.29%
09/24/2014,92.8,91.72,93.29,91.12,282.63,1.35%
09/23/2014,91.56,90.7,92.09,90.58,247.77,0.04%
09/22/2014,91.52,92.22,92.64,91.2,23.94,-0.96%
09/19/2014,92.41,92.97,93.22,91.85,92.78,-0.71%
09/18/2014,93.07,93.97,94.82,92.85,170.77,-1.43%
09/17/2014,94.42,94.71,95.06,93.74,305.83,-0.48%
09/16/2014,94.88,92.81,95.19,92.46,294.72,2.11%
09/15/2014,92.92,92.13,93.03,90.63,260.51,0.70%
09/12/2014,92.27,93.05,93.67,91.96,297.77,-0.60%
09/11/2014,92.83,91.71,93.44,90.43,403.18,1.27%
09/10/2014,91.67,92.79,93.03,91.22,295.31,-1.16%
09/09/2014,92.75,93.11,93.94,92.52,275.88,0.10%
09/08/2014,92.66,93.49,93.62,91.8,277.99,-0.68%
09/05/2014,93.29,94.57,94.99,92.86,261.39,-1.23%
09/04/2014,94.45,95.07,95.39,94.16,254.14,-1.14%
09/03/2014,95.54,93.28,95.83,93.06,294.4,2.86%
09/02/2014,92.88,95.81,95.91,92.68,320.36,-3.08%
09/01/2014,95.83,95.76,95.9,95.51,,-0.14%
08/29/2014,95.96,94.56,96,94.48,234.97,1.49%
08/28/2014,94.55,93.75,94.71,93.45,262.29,0.71%
08/27/2014,93.88,93.88,94.24,93.36,174.91,0.02%
08/26/2014,93.86,93.36,94.35,93.35,176.28,0.55%
08/25/2014,93.35,93.34,93.95,93.05,137.42,-0.32%
08/22/2014,93.65,93.89,94.04,92.92,191.46,-0.33%
08/21/2014,93.96,93.49,94.45,92.5,226.34,-2.20%
08/20/2014,96.07,94.7,96.47,94.7,22.89,1.68%
08/19/2014,94.48,96.56,97.05,94.26,109.04,-2.00%
08/18/2014,96.41,97.1,97.16,95.81,157.54,-0.97%
08/15/2014,97.35,95.5,97.41,95.32,269.75,1.85%
08/14/2014,95.58,97.3,97.59,95.26,350.62,-2.06%
08/13/2014,97.59,97.2,97.78,96.75,253.7,0.23%
08/12/2014,97.37,97.84,97.94,96.81,242.59,-0.72%
08/11/2014,98.08,97.54,98.58,97.37,241.49,0.44%
08/08/2014,97.65,97.64,98.45,97.15,266.01,0.32%
08/07/2014,97.34,96.89,97.72,96.55,286.53,0.43%
08/06/2014,96.92,97.62,98.13,96.69,263.6,-0.47%
08/05/2014,97.38,98.41,98.67,97,242.24,-0.93%
08/04/2014,98.29,97.67,98.67,97.43,204.26,0.42%
08/01/2014,97.88,97.7,98.1,97.09,274.99,-0.30%
07/31/2014,98.17,99.47,99.85,97.6,335.79,-2.09%
07/30/2014,100.27,101.03,101.67,99.42,263.97,-0.69%
07/29/2014,100.97,101.6,101.83,100.37,258.06,-0.69%
07/28/2014,101.67,101.87,102.1,100.9,197.82,-0.41%
07/25/2014,102.09,102.04,102.53,101,284.92,0.02%
07/24/2014,102.07,103.2,103.31,101.88,194.4,-1.02%
07/23/2014,103.12,101.96,103.34,101.79,260.65,-1.24%
07/22/2014,104.42,104.58,105.25,103.89,43.19,-0.16%
07/21/2014,104.59,102.97,104.99,102.65,126.99,1.42%
07/18/2014,103.13,103.72,103.94,102.58,172.53,-0.06%
07/17/2014,103.19,101.49,103.9,101.27,342.87,1.97%
07/16/2014,101.2,100.21,101.6,100.07,240.2,1.24%
07/15/2014,99.96,100.93,101.06,99.01,331.2,-0.94%
07/14/2014,100.91,100.46,101.2,100.22,252.68,0.08%
07/11/2014,100.83,102.86,102.92,100.44,272.55,-2.04%
07/10/2014,102.93,101.95,103,101.55,238.08,0.63%
07/09/2014,102.29,103.45,103.6,101.85,250.99,-1.07%
07/08/2014,103.4,103.39,104.2,103.01,249.38,-0.13%
07/07/2014,103.53,104.06,104.09,103.19,189.25,-0.22%
07/04/2014,103.76,104.11,104.13,103.64,,-0.29%
07/03/2014,104.06,104.27,104.29,103.67,169.94,-0.40%
07/02/2014,104.48,105.21,105.53,104.1,240.07,-0.82%
07/01/2014,105.34,105.44,106.09,104.6,221.69,-0.03%
06/30/2014,105.37,105.69,105.76,104.66,215.33,-0.35%
06/27/2014,105.74,105.64,106.19,105.33,128.98,-0.09%
06/26/2014,105.84,106.71,106.81,105.03,195.72,-0.62%
06/25/2014,106.5,106.14,107.5,105.47,249.06,0.44%
06/24/2014,106.03,106.02,106.46,105.25,175.21,-0.13%
06/23/2014,106.17,107.42,107.45,105.91,175.47,-1.02%
06/20/2014,107.26,106.6,107.73,106.33,31.67,0.78%
06/19/2014,106.43,106.11,106.7,105.32,123.12,0.43%
06/18/2014,105.97,106.6,106.97,105.8,176.26,-0.37%
06/17/2014,106.36,106.59,107.18,106.01,252.97,-0.51%
06/16/2014,106.9,106.88,107.54,106.57,204.79,-0.01%
06/13/2014,106.91,106.84,107.68,106.37,255.39,0.36%
06/12/2014,106.53,104.47,106.95,104.35,321.5,2.04%
06/11/2014,104.4,104.3,104.81,104.17,187.73,0.05%
06/10/2014,104.35,104.46,105.06,103.98,255.6,-0.06%
06/09/2014,104.41,102.78,104.57,102.62,246.72,1.70%
06/06/2014,102.66,102.44,103.07,102.3,197.76,0.18%
06/05/2014,102.48,102.37,102.69,101.6,200.4,-0.16%
06/04/2014,102.64,102.79,103.69,102.34,208.54,-0.02%
06/03/2014,102.66,102.44,102.86,102.23,160.21,0.19%
06/02/2014,102.47,102.92,103.35,102.1,159.04,-0.23%
05/30/2014,102.71,103.51,103.56,102.4,169.73,-0.84%
05/29/2014,103.58,103.06,103.94,102.61,205.51,0.84%
05/28/2014,102.72,104.14,104.39,102.64,239.13,-1.34%
05/27/2014,104.11,104.34,104.5,103.57,174.39,-0.16%
05/26/2014,104.28,104.2,104.38,103.93,,-0.07%
05/23/2014,104.35,103.71,104.5,103.64,160.56,0.59%
05/22/2014,103.74,103.85,104.22,103.55,159.18,-0.32%
05/21/2014,104.07,102.96,104.29,102.78,272.13,1.59%
05/20/2014,102.44,102.6,102.86,102.1,48.32,-0.17%
05/19/2014,102.61,102.13,103.09,101.97,121.11,0.58%
05/16/2014,102.02,101.56,102.23,101.39,147.9,0.51%
05/15/2014,101.5,102.03,102.26,101.27,276.06,-0.85%
05/14/2014,102.37,101.91,102.65,101.83,234.48,0.66%
05/13/2014,101.7,100.63,102.05,100.36,253.59,1.10%
05/12/2014,100.59,100.12,100.93,99.93,211.65,0.60%
05/09/2014,99.99,100.27,101.18,99.71,271.34,-0.27%
05/08/2014,100.26,100.82,100.93,99.87,252.61,-0.51%
05/07/2014,100.77,99.83,100.99,99.78,291.27,1.28%
05/06/2014,99.5,99.38,100.42,99.32,251.21,0.02%
05/05/2014,99.48,99.96,100.44,98.91,190,-0.28%
05/02/2014,99.76,99.17,100.14,99.17,213.63,0.34%
05/01/2014,99.42,99.72,99.89,98.74,235.46,-0.32%
04/30/2014,99.74,100.76,100.76,99.35,282.98,-1.52%
04/29/2014,101.28,100.89,102.2,100.71,218.69,0.44%
04/28/2014,100.84,100.49,101.52,100.33,231.59,0.24%
04/25/2014,100.6,101.93,102.05,100.48,221.6,-1.31%
04/24/2014,101.94,101.54,102.35,101.4,202.28,0.49%
04/23/2014,101.44,101.86,102.08,101.2,250.65,-0.68%
04/22/2014,102.13,104.36,104.36,101.69,46.49,-2.15%
04/21/2014,104.37,104.54,104.77,103.85,115.1,0.07%
04/17/2014,104.3,103.84,104.78,103.54,191.34,0.52%
04/16/2014,103.76,103.76,104.99,103.12,279.39,0.01%
04/15/2014,103.75,103.6,104.05,102.91,215.85,-0.29%
04/14/2014,104.05,103.56,104.55,103.34,237.21,0.30%
04/11/2014,103.74,103.34,104.44,103.01,261.92,0.33%
04/10/2014,103.4,103.44,103.81,103.1,222.17,-0.19%
04/09/2014,103.6,102.35,103.77,102.03,324.66,1.01%
04/08/2014,102.56,100.69,102.71,100.68,299.55,2.11%
04/07/2014,100.44,100.91,101.32,99.92,254.88,-0.69%
04/04/2014,101.14,100.38,101.63,100.28,193.53,0.85%
04/03/2014,100.29,99.29,100.49,99.07,195.43,0.67%
04/02/2014,99.62,99.64,99.83,98.86,231.6,-0.12%
04/01/2014,99.74,101.53,101.57,99.28,237.56,-1.81%
03/31/2014,101.58,101.69,101.97,100.88,167.57,-0.09%
03/28/2014,101.67,101.34,102.24,101.18,166.33,0.39%
03/27/2014,101.28,100.3,101.7,100.03,202.2,1.02%
03/26/2014,100.26,99.18,100.46,99.1,211.37,1.08%
03/25/2014,99.19,99.43,100.25,98.8,217.01,-0.41%
03/24/2014,99.6,99.49,100.29,99.05,151.71,0.14%
03/21/2014,99.46,98.59,100.25,98.25,191.29,0.03%
03/20/2014,99.43,100.39,100.82,99.08,33.88,-0.94%
03/19/2014,100.37,99.53,100.47,99.34,110.32,0.67%
03/18/2014,99.7,97.97,99.78,97.75,192.51,1.65%
03/17/2014,98.08,99.39,99.39,97.37,227.39,-0.82%
03/14/2014,98.89,98.25,99.28,98.06,226.3,0.70%
03/13/2014,98.2,98.1,98.6,97.67,268.07,0.21%
03/12/2014,97.99,99.48,99.6,97.55,416.93,-2.04%
03/11/2014,100.03,100.94,101.52,99.32,294.2,-1.08%
03/10/2014,101.12,102.75,102.82,100.85,225.29,-1.42%
03/07/2014,102.58,101.97,102.91,101.57,226.15,1.00%
03/06/2014,101.56,101.04,102.08,100.13,291.85,0.11%
03/05/2014,101.45,103.35,103.53,100.85,267.84,-1.82%
03/04/2014,103.33,104.89,104.96,102.85,210.01,-1.52%
03/03/2014,104.92,103,105.22,102.95,295.82,2.27%
02/28/2014,102.59,102.15,102.96,101.8,178.28,0.19%
02/27/2014,102.4,102.57,103.08,101.75,196.49,-0.19%
02/26/2014,102.59,102.04,102.9,101.58,196.52,0.75%
02/25/2014,101.83,102.8,102.84,101.02,187.22,-0.96%
02/24/2014,102.82,102.29,103.45,101.97,177.86,0.61%
02/21/2014,102.2,102.87,102.92,101.69,173.26,-0.70%
02/20/2014,102.92,103.41,103.5,102.75,36.26,-0.38%
02/19/2014,103.31,103.14,103.8,102.4,116.16,0.86%
02/18/2014,102.43,100.32,103.25,100.23,177.37,1.83%
02/17/2014,100.58,100.59,100.83,100.23,,0.28%
02/14/2014,100.3,100.34,100.47,99.43,229.78,-0.05%
02/13/2014,100.35,100.27,100.66,99.4,221.72,-0.02%
02/12/2014,100.37,100.46,101.38,100.04,318.69,0.43%
02/11/2014,99.94,99.97,100.6,99.6,233.93,-0.12%
02/10/2014,100.06,100.05,100.55,99.11,251.13,0.18%
02/07/2014,99.88,97.97,100.24,97.11,270.41,2.09%
02/06/2014,97.84,97.25,98.83,97.25,234.28,0.47%
02/05/2014,97.38,97.67,98.26,96.8,237.67,0.20%
02/04/2014,97.19,96.53,97.82,96.37,204.28,0.79%
02/03/2014,96.43,97.4,97.94,96.26,293.31,-1.09%
01/31/2014,97.49,97.97,98.39,97.1,253.46,-0.75%
01/30/2014,98.23,97.42,98.59,97.33,199.42,0.89%
01/29/2014,97.36,97.17,97.75,96.32,200.49,-0.05%
01/28/2014,97.41,95.66,97.66,95.63,206.49,1.77%
01/27/2014,95.72,96.9,97.18,95.21,235.11,-0.95%
01/24/2014,96.64,97.37,97.8,96.25,239.67,-0.70%
01/23/2014,97.32,96.69,97.84,96.41,274.08,0.61%
01/22/2014,96.73,95.2,96.89,95.12,252.35,1.83%
01/21/2014,94.99,94,95.23,93.43,35.63,1.12%
01/20/2014,93.93,94.31,94.31,93.66,,-0.46%
01/17/2014,94.37,94.17,94.94,93.94,119.89,0.44%
01/16/2014,93.96,94.29,94.64,93.6,165.14,-0.22%
01/15/2014,94.17,92.65,94.64,92.43,263.3,1.71%
01/14/2014,92.59,91.51,92.88,91.5,243.47,0.86%
01/13/2014,91.8,92.83,92.88,91.43,212.21,-0.99%
01/10/2014,92.72,92.3,93.38,91.99,255.99,1.16%
01/09/2014,91.66,92.58,92.93,91.24,255.78,-0.73%
01/08/2014,92.33,93.96,94.18,92.26,244.86,-1.43%
01/07/2014,93.67,93.6,94.22,93.35,177.18,0.26%
01/06/2014,93.43,94.18,94.59,93.2,189.38,-0.56%
01/03/2014,93.96,95.47,95.74,93.86,215.52,-1.55%
01/02/2014,95.44,98.5,98.97,95.34,251.25,-3.30%
01/01/2014,98.7,98.61,98.76,98.54,,0.28%
12/31/2013,98.42,99.25,99.39,98.15,113.91,-0.88%
12/30/2013,99.29,100.15,100.42,99.13,118.36,-1.03%
12/27/2013,100.32,99.63,100.75,99.37,127.2,0.77%
12/26/2013,99.55,99.2,99.7,99.05,65.67,0.33%
12/24/2013,99.22,98.62,99.3,98.53,51.88,0.31%
12/23/2013,98.91,99.2,99.31,98.64,107.27,-0.41%
12/20/2013,99.32,98.7,99.4,98.54,151.28,0.56%
12/19/2013,98.77,97.69,99.17,97.5,23.58,0.99%
12/18/2013,97.8,97.3,98.01,97.02,84.63,0.60%
12/17/2013,97.22,97.3,97.9,97,120.13,-0.27%
12/16/2013,97.48,96.55,97.69,96.21,187.59,0.91%
12/13/2013,96.6,97.58,97.62,96.26,233.16,-0.92%
12/12/2013,97.5,97.55,98.18,97.31,205.75,0.06%
12/11/2013,97.44,98.65,98.75,97.2,274.19,-1.09%
12/10/2013,98.51,97.25,98.74,97.24,264.84,1.20%
12/09/2013,97.34,97.66,97.97,97.1,210.09,-0.32%
12/06/2013,97.65,97.38,98.07,97.08,223.94,0.28%
12/05/2013,97.38,97.33,97.99,97.01,216.39,0.19%
12/04/2013,97.2,96.9,97.58,96.3,325.86,1.21%
12/03/2013,96.04,93.86,96.96,93.67,319.27,2.37%
12/02/2013,93.82,92.71,94.08,92.56,234.8,1.19%
11/29/2013,92.72,92.33,93.9,92.06,143.21,0.48%
11/28/2013,92.28,92.19,92.36,92.08,,-0.03%
11/27/2013,92.3,93.5,93.6,91.77,230.88,-1.47%
11/26/2013,93.68,94.21,94.69,93.43,160.18,-0.44%
11/25/2013,94.09,94.15,94.5,93.08,270.86,-0.79%
11/22/2013,94.84,95.29,95.57,94.05,257.84,-0.63%
11/21/2013,95.44,93.73,95.63,93.47,222.14,2.26%
11/20/2013,93.33,93.33,93.93,92.73,27.44,-0.01%
11/19/2013,93.34,93,93.46,92.43,131.46,0.33%
11/18/2013,93.03,93.78,94.3,92.72,169.44,-0.86%
11/15/2013,93.84,93.89,94.55,93.58,204.37,0.09%
11/14/2013,93.76,93.5,94.43,92.51,315.07,-0.13%
11/13/2013,93.88,93.07,94.54,92.93,305.01,0.90%
11/12/2013,93.04,95,95.22,92.86,353.69,-2.21%
11/11/2013,95.14,94.45,95.38,94.11,206.72,0.57%
11/08/2013,94.6,94.36,94.92,93.9,241.69,0.42%
11/07/2013,94.2,94.91,95.31,93.8,260.6,-0.63%
11/06/2013,94.8,93.74,95.4,93.65,282.72,1.53%
11/05/2013,93.37,94.47,94.9,93.07,226.45,-1.32%
11/04/2013,94.62,94.52,95.11,94.06,219.11,0.01%
11/01/2013,94.61,96.32,96.65,94.36,282.14,-1.84%
10/31/2013,96.38,96.62,97.03,96.03,255.4,-0.40%
10/30/2013,96.77,97.77,97.82,96.55,268.14,-1.46%
10/29/2013,98.2,98.54,98.57,97.69,183.24,-0.49%
10/28/2013,98.68,97.88,98.82,97.37,230.16,0.85%
10/25/2013,97.85,97.19,98.06,96.99,192.63,0.76%
10/24/2013,97.11,97.1,97.69,95.95,248.74,0.26%
10/23/2013,96.86,98.12,98.29,96.16,356.19,-0.96%
10/22/2013,97.8,99.06,99.77,97.5,30.73,-1.43%
10/21/2013,99.22,100.63,100.95,98.98,90.82,-1.58%
10/18/2013,100.81,100.72,101.71,100.51,116.68,0.14%
10/17/2013,100.67,102.13,102.32,100.03,266.63,-1.58%
10/16/2013,102.29,100.88,102.97,100.75,235.24,1.07%
10/15/2013,101.21,102.19,102.46,100.87,240.22,-1.17%
10/14/2013,102.41,101.37,102.62,101.06,170.67,0.38%
10/11/2013,102.02,102.94,102.95,100.6,298.22,-0.96%
10/10/2013,103.01,101.46,103.57,101.16,296.86,1.38%
10/09/2013,101.61,103.49,103.75,101.18,283.13,-1.82%
10/08/2013,103.49,103.16,104.08,102.85,194.2,0.45%
10/07/2013,103.03,103.45,103.74,101.86,269.03,-0.78%
10/04/2013,103.84,102.92,104.19,102.9,165.2,0.51%
10/03/2013,103.31,103.82,104.38,102.87,226.23,-0.76%
10/02/2013,104.1,101.62,104.23,101.43,300.53,2.02%
10/01/2013,102.04,102.31,102.58,101.06,223.03,-0.28%
09/30/2013,102.33,102.46,102.76,101.05,226.71,-0.52%
09/27/2013,102.87,102.91,103.77,102.36,232.3,-0.16%
09/26/2013,103.03,102.3,103.29,102.2,183.78,0.36%
09/25/2013,102.66,103.41,103.96,102.2,236.2,-0.46%
09/24/2013,103.13,103.44,103.64,102.3,259.54,-0.44%
09/23/2013,103.59,104.89,105.12,103.12,223.39,-1.04%
09/20/2013,104.68,106.37,106.46,104.32,39.27,-1.61%
09/19/2013,106.39,108.22,108.99,106.08,139.84,-1.55%
09/18/2013,108.07,105.53,108.49,105.32,199.89,2.51%
09/17/2013,105.42,106.22,106.43,104.94,304.85,-1.10%
09/16/2013,106.59,107.5,108,106.06,282.89,-1.50%
09/13/2013,108.21,108.64,108.74,107.23,207.04,-0.36%
09/12/2013,108.6,107.77,109.16,107.3,249.78,0.97%
09/11/2013,107.56,107.36,108.09,106.53,238.24,0.16%
09/10/2013,107.39,108.92,108.95,106.39,325.31,-1.94%
09/09/2013,109.52,110.28,110.46,108.76,266.92,-0.91%
09/06/2013,110.53,108.52,110.7,108.12,269.87,1.99%
09/05/2013,108.37,107.59,108.54,107.13,184.89,1.06%
09/04/2013,107.23,108.44,108.61,106.77,224.38,-1.21%
09/03/2013,108.54,107.07,108.83,104.21,288.02,1.68%
09/02/2013,106.75,105.91,107.29,105.86,,-0.84%
08/30/2013,107.65,108.17,108.75,106.75,239.63,-1.06%
08/29/2013,108.8,109.53,110.07,107.72,250.04,-1.18%
08/28/2013,110.1,109.22,112.24,109.11,336.17,1.00%
08/27/2013,109.01,106.14,109.32,105.88,295.93,2.92%
08/26/2013,105.92,106.91,107.37,105.56,166,-0.47%
08/23/2013,106.42,105.22,106.94,104.3,259.55,1.32%
08/22/2013,105.03,103.86,105.25,103.53,204.69,1.14%
08/21/2013,103.85,105.18,105.35,103.5,259.24,-1.06%
08/20/2013,104.96,106.93,107.1,104.5,39.88,-2.00%
08/19/2013,107.1,107.78,107.8,106.56,102.78,-0.34%
08/16/2013,107.46,107.18,108.17,106.56,179.86,0.12%
08/15/2013,107.33,106.98,107.87,106.6,251.87,0.45%
08/14/2013,106.85,106.54,107.06,105.6,270.92,0.02%
08/13/2013,106.83,106.15,107.2,105.56,276.77,0.68%
08/12/2013,106.11,105.84,106.46,105.03,257.14,0.13%
08/09/2013,105.97,103.87,106.24,103.62,303.8,2.49%
08/08/2013,103.4,104.18,104.96,102.22,320.07,-0.93%
08/07/2013,104.37,105.68,105.77,104.1,294.24,-0.88%
08/06/2013,105.3,106.48,107.27,104.86,273,-1.18%
08/05/2013,106.56,106.84,107.69,105.7,204.86,-0.36%
08/02/2013,106.94,107.8,108.82,106.45,249.31,-0.88%
08/01/2013,107.89,105.26,108.06,105.1,267.59,2.72%
07/31/2013,105.03,103.15,105.43,102.93,299.13,1.89%
07/30/2013,103.08,104.52,104.54,102.67,235.61,-1.41%
07/29/2013,104.55,104.61,105.37,103.87,206.33,-0.14%
07/26/2013,104.7,105.56,105.63,103.9,208.86,-0.75%
07/25/2013,105.49,105.37,105.87,104.08,270.58,0.09%
07/24/2013,105.39,107.36,107.52,104.79,278.26,-1.72%
07/23/2013,107.23,107,107.55,105.46,241.64,0.30%
07/22/2013,106.91,108.34,108.79,106.43,29.38,-1.06%
07/19/2013,108.05,108.12,109.32,107.48,112.37,0.01%
07/18/2013,108.04,106.56,108.43,106.15,155.96,1.47%
07/17/2013,106.48,105.78,106.6,105.11,262.79,0.45%
07/16/2013,106,106.44,107.18,105.66,250.92,-0.30%
07/15/2013,106.32,106.05,106.63,104.65,210.81,0.35%
07/12/2013,105.95,104.58,106.33,104.36,234.76,0.99%
07/11/2013,104.91,106.15,107.45,104.31,316.73,-1.51%
07/10/2013,106.52,104.57,106.66,104.21,404.82,2.89%
07/09/2013,103.53,103,104.76,102.31,285.67,0.38%
07/08/2013,103.14,103.95,104.12,102.13,253.2,-0.08%
07/05/2013,103.22,101.09,103.68,100.71,256.03,1.79%
07/04/2013,101.4,101.27,101.57,100.71,,0.16%
07/03/2013,101.24,99.61,102.18,99.59,353.25,1.65%
07/02/2013,99.6,98.06,99.87,97.78,285.78,1.64%
07/01/2013,97.99,96.58,98.28,96.07,229.19,1.48%
06/28/2013,96.56,96.81,97.82,96.33,247.61,-0.50%
06/27/2013,97.05,95.52,97.41,95.35,269.31,1.62%
06/26/2013,95.5,95.17,95.7,93.68,291.42,0.19%
06/25/2013,95.32,95.02,96.17,94.59,267.54,0.15%
06/24/2013,95.18,93.85,95.59,92.67,315.82,1.59%
06/21/2013,93.69,94.96,95.84,93.12,340.9,-1.79%
06/20/2013,95.4,98.02,98.03,94.89,26.73,-2.89%
06/19/2013,98.24,98.59,99.01,97.57,111.3,-0.20%
06/18/2013,98.44,97.93,98.67,97.41,145.62,0.69%
06/17/2013,97.77,97.85,98.74,97.38,242.79,-0.08%
06/14/2013,97.85,96.64,98.25,96.42,240.91,1.20%
06/13/2013,96.69,95.77,96.92,95.02,224.45,0.84%
06/12/2013,95.88,94.89,96.45,94.46,244.87,0.52%
06/11/2013,95.38,95.76,95.91,94.04,257.47,-0.41%
06/10/2013,95.77,96.09,96.25,95.19,234.6,-0.27%
06/07/2013,96.03,94.72,96.39,93.72,330.83,1.34%
06/06/2013,94.76,93.7,95.32,93.69,267.16,1.09%
06/05/2013,93.74,93.86,94.48,93.41,268.91,0.46%
06/04/2013,93.31,93.35,94.41,92.38,301.14,-0.15%
06/03/2013,93.45,91.73,93.7,91.26,287.47,1.61%
05/31/2013,91.97,93.64,93.85,91.56,267.98,-1.75%
05/30/2013,93.61,92.89,93.99,91.65,294.86,0.52%
05/29/2013,93.13,95.05,95.22,92.83,293.46,-1.98%
05/28/2013,95.01,93.89,95.92,93.23,240.99,1.25%
05/27/2013,93.83,93.54,94.03,93.25,,-0.33%
05/24/2013,94.15,94.37,94.39,93.04,203.99,-0.11%
05/23/2013,94.25,94.18,94.46,92.21,323.63,-0.03%
05/22/2013,94.28,95.9,96.19,94.01,336.5,-1.96%
05/21/2013,96.16,96.7,96.97,95.5,259.16,-0.57%
05/20/2013,96.71,95.93,97.11,95.23,118.62,0.72%
05/17/2013,96.02,95.15,96.45,94.79,187.75,0.90%
05/16/2013,95.16,94.34,95.57,93.23,297.86,0.91%
05/15/2013,94.3,94.13,94.44,92.13,360.68,0.10%
05/14/2013,94.21,94.93,95.66,93.85,269.4,-1.01%
05/13/2013,95.17,95.76,95.81,94.47,297.04,-0.91%
05/10/2013,96.04,96.16,96.24,93.37,354.12,-0.36%
05/09/2013,96.39,96.6,96.77,95.35,272.2,-0.24%
05/08/2013,96.62,95.56,96.77,95.24,276.32,1.05%
05/07/2013,95.62,95.79,96.26,94.92,260.14,-0.56%
05/06/2013,96.16,95.58,97.17,94.85,271,0.58%
05/03/2013,95.61,93.99,96.04,93.56,297.52,1.72%
05/02/2013,93.99,91,94.25,90.65,310.81,3.25%
05/01/2013,91.03,93.08,93.26,90.11,332.38,-2.60%
04/30/2013,93.46,94.42,94.62,92.86,277.5,-1.10%
04/29/2013,94.5,92.7,94.69,92.43,214.61,1.61%
04/26/2013,93,93.24,93.58,92.06,240.97,-0.68%
04/25/2013,93.64,91.58,93.87,91.11,270.12,2.42%
04/24/2013,91.43,89.6,91.72,89.21,257.74,2.52%
04/23/2013,89.18,89.28,89.6,87.8,288.8,0.47%
04/22/2013,88.76,87.96,89.13,87.55,35.73,0.85%
04/19/2013,88.01,88.37,88.79,87.56,100.65,0.32%
04/18/2013,87.73,86.39,88.51,85.61,228.2,1.21%
04/17/2013,86.68,88.8,89.09,86.06,294.27,-2.30%
04/16/2013,88.72,87.42,88.96,86.06,287.41,0.01%
04/15/2013,88.71,90.95,90.98,87.2,362.52,-2.83%
04/12/2013,91.29,93.49,93.52,90.27,325.58,-2.37%
04/11/2013,93.51,94.56,94.64,93.06,222.44,-1.19%
04/10/2013,94.64,93.96,94.82,93.4,248.56,0.47%
04/09/2013,94.2,93.49,94.48,92.86,234.72,0.90%
04/08/2013,93.36,93.02,93.75,92.46,212.12,0.71%
04/05/2013,92.7,93.36,93.57,91.91,267.28,-0.60%
04/04/2013,93.26,94.5,94.84,92.12,355.32,-1.26%
04/03/2013,94.45,96.93,96.96,94.18,302.24,-2.82%
04/02/2013,97.19,97,97.44,95.91,209.88,0.12%
04/01/2013,97.07,97.36,97.8,95.92,192.4,-0.16%
03/28/2013,97.23,96.68,97.35,96.26,174.39,0.67%
03/27/2013,96.58,96.18,96.84,95.58,207.78,0.25%
03/26/2013,96.34,94.75,96.45,94.67,214.35,1.61%
03/25/2013,94.81,93.72,95.65,93.7,270.65,1.17%
03/22/2013,93.71,92.33,93.94,92.33,202.67,1.36%
03/21/2013,92.45,93.4,93.53,91.84,214.13,-0.55%
03/20/2013,92.96,92.09,93.28,92.09,27.76,0.87%
03/19/2013,92.16,93.8,94.09,92.03,96.8,-1.69%
03/18/2013,93.74,93.26,93.94,91.76,151.21,0.31%
03/15/2013,93.45,93.15,93.84,93,175.61,0.45%
03/14/2013,93.03,92.51,93.25,92.01,174.7,0.55%
03/13/2013,92.52,92.62,93.4,91.91,251.34,-0.02%
03/12/2013,92.54,91.94,93.47,91.6,283.11,0.52%
03/11/2013,92.06,91.83,92.15,90.89,194.61,0.12%
03/08/2013,91.95,91.42,92.03,90.83,219.96,0.43%
03/07/2013,91.56,90.42,91.73,90.22,234.92,1.25%
03/06/2013,90.43,90.83,91.17,89.55,244.17,-0.43%
03/05/2013,90.82,90.23,90.99,90.02,209.87,0.78%
03/04/2013,90.12,90.71,90.91,89.33,231.11,-0.62%
03/01/2013,90.68,91.76,91.97,90.04,248.47,-1.49%
02/28/2013,92.05,92.89,93.18,91.57,218.12,-0.77%
02/27/2013,92.76,92.72,93.37,92.18,201.51,0.14%
02/26/2013,92.63,91.92,93.44,91.92,230.84,-0.52%
02/25/2013,93.11,93.23,94.46,92.07,217.52,-0.02%
02/22/2013,93.13,92.96,93.48,92.44,204.26,0.31%
02/21/2013,92.84,94.72,94.92,92.63,286.43,-1.72%
02/20/2013,94.46,96.66,97.07,93.92,30.29,-2.28%
02/19/2013,96.66,95.97,96.73,95.25,118.31,0.83%
02/15/2013,95.86,97.34,97.47,95.21,223.59,-1.49%
02/14/2013,97.31,97.17,97.71,96.77,174.6,0.31%
02/13/2013,97.01,97.59,98.11,96.63,246.44,-0.51%
02/12/2013,97.51,96.96,97.79,96.68,239.8,0.49%
02/11/2013,97.03,95.79,97.09,94.97,283.96,1.37%
02/08/2013,95.72,95.92,96.57,95.27,229.24,-0.11%
02/07/2013,95.83,96.86,97.21,95.54,275.47,-0.82%
02/06/2013,96.62,96.64,96.99,95.04,282.8,-0.02%
02/05/2013,96.64,96.13,97.07,95.91,188.84,0.49%
02/04/2013,96.17,97.72,97.76,95.89,196.98,-1.64%
02/01/2013,97.77,97.42,98.15,96.51,270.28,0.29%
01/31/2013,97.49,97.96,98.04,96.84,230.63,-0.46%
01/30/2013,97.94,97.32,98.24,97.32,211.28,0.38%
01/29/2013,97.57,96.46,97.82,96.29,252.93,1.17%
01/28/2013,96.44,96.04,96.81,95.47,167.19,0.58%
01/25/2013,95.88,95.95,96.56,95.43,184.87,-0.07%
01/24/2013,95.95,95.5,96.68,95.12,232.04,0.76%
01/23/2013,95.23,96.76,96.92,94.95,318.01,-1.05%
01/22/2013,96.24,95.25,96.38,94.98,37.96,0.71%
01/18/2013,95.56,95.19,95.67,94.91,118.55,0.07%
01/17/2013,95.49,94.19,96.04,93.8,178.29,1.33%
01/16/2013,94.24,93.4,94.36,93.1,241.53,1.03%
01/15/2013,93.28,94.2,94.44,93.22,248.14,-0.91%
01/14/2013,94.14,93.74,94.29,92.95,248.6,0.62%
01/11/2013,93.56,93.87,94.13,92.65,257.82,-0.28%
01/10/2013,93.82,93.19,94.7,93.08,279.3,0.77%
01/09/2013,93.1,93.15,93.65,92.68,201.39,-0.05%
01/08/2013,93.15,93.32,93.8,92.67,195.87,-0.04%
01/07/2013,93.19,93.21,93.35,92.42,166.29,0.11%
01/04/2013,93.09,92.86,93.21,91.52,210.75,0.18%
01/03/2013,92.92,92.91,93.3,92.49,189.81,-0.21%
01/02/2013,93.12,91.78,93.87,91.56,203.87,1.42%
12/31/2012,91.82,90.41,91.99,90,119.53,1.12%
12/28/2012,90.8,91.15,91.49,90.32,131.37,-0.08%
12/27/2012,90.87,91,91.44,90.05,152.77,-0.12%
12/26/2012,90.98,88.62,91.3,88.59,141.6,2.67%
12/24/2012,88.61,88.6,88.86,88.2,48.52,-0.06%
12/21/2012,88.66,90.02,90.07,87.96,180.38,-1.63%
12/20/2012,90.13,89.69,90.54,89.26,178.14,0.69%
12/19/2012,89.51,87.94,89.9,87.81,36.81,1.80%
12/18/2012,87.93,87.45,88.16,87.21,93.13,0.84%
12/17/2012,87.2,86.88,87.71,86.48,157.23,0.54%
12/14/2012,86.73,86.13,86.92,86.05,218.27,0.98%
12/13/2012,85.89,86.77,86.97,85.81,228.42,-1.01%
12/12/2012,86.77,85.69,87.68,85.68,300.35,1.14%
12/11/2012,85.79,85.7,86.37,85.21,217.86,0.27%
12/10/2012,85.56,85.98,86.78,85.33,211.6,-0.43%
12/07/2012,85.93,86.39,86.92,85.77,244.99,-0.38%
12/06/2012,86.26,87.87,88.23,85.68,269.29,-1.84%
12/05/2012,87.88,88.5,89.05,87.46,220.85,-0.70%
12/04/2012,88.5,88.93,89.18,87.57,206.27,-0.66%
12/03/2012,89.09,88.85,90.33,88.66,235.99,0.20%
11/30/2012,88.91,87.66,88.99,87.47,216.21,0.95%
11/29/2012,88.07,86.57,88.69,86.55,270.03,1.83%
11/28/2012,86.49,87.33,87.34,85.36,249.74,-0.79%
11/27/2012,87.18,87.82,88.25,86.83,210.47,-0.64%
11/26/2012,87.74,88.21,88.29,87.27,156.59,-0.61%
11/23/2012,88.28,87.68,88.53,86.71,104.94,1.03%
11/21/2012,87.38,87.28,87.89,86.37,220.98,0.73%
11/20/2012,86.75,89.15,89.19,86.17,322.63,-2.83%
11/19/2012,89.28,87.3,89.8,87.11,247.08,3.01%
11/16/2012,86.67,85.28,87.01,85.02,40.71,1.43%
11/15/2012,85.45,86.36,86.83,84.68,168.1,-1.01%
11/14/2012,86.32,85.37,86.65,84.93,265.31,1.10%
11/13/2012,85.38,85.59,85.95,84.57,352.25,-0.22%
11/12/2012,85.57,86.19,86.54,85.27,280.69,-0.58%
11/09/2012,86.07,85,86.77,84.13,322.4,1.15%
11/08/2012,85.09,84.52,85.7,84.22,296.6,0.77%
11/07/2012,84.44,88.42,88.8,84.05,422.21,-4.81%
11/06/2012,88.71,85.67,89.22,85.42,303.43,3.57%
11/05/2012,85.65,84.65,85.9,84.34,221.4,0.93%
11/02/2012,84.86,86.91,87.24,84.66,297.31,-2.56%
11/01/2012,87.09,86.1,87.42,85.92,197.18,0.99%
10/31/2012,86.24,85.73,87.19,85.61,212.58,0.65%
10/30/2012,85.68,85.31,86.24,85.1,106.22,0.16%
10/29/2012,85.54,86.43,86.43,84.66,145.73,-0.86%
10/26/2012,86.28,86,86.37,85,212.38,0.27%
10/25/2012,86.05,85.65,86.75,85.23,208.68,0.37%
10/24/2012,85.73,86.6,87.47,84.94,298.16,-1.08%
10/23/2012,86.67,89.14,89.29,85.69,309.49,-2.32%
10/22/2012,88.73,89.52,90.8,88.21,23.96,-1.47%
10/19/2012,90.05,92.04,93.05,89.83,123.65,-2.23%
10/18/2012,92.1,92.06,92.59,90.66,184.65,-0.02%
10/17/2012,92.12,92.08,92.85,91.55,226.34,0.03%
10/16/2012,92.09,91.76,92.32,91.3,232.22,0.26%
10/15/2012,91.85,91.63,92.2,89.79,269.02,-0.01%
10/12/2012,91.86,92.41,92.64,91.16,198.46,-0.23%
10/11/2012,92.07,91.27,92.94,91.09,300.09,0.90%
10/10/2012,91.25,92.26,93.66,91.02,303.5,-1.23%
10/09/2012,92.39,89.62,92.91,89.29,378.04,3.43%
10/08/2012,89.33,89.85,89.89,88.21,202.69,-0.61%
10/05/2012,89.88,91.51,91.71,89.01,279.13,-2.00%
10/04/2012,91.71,88.01,91.84,87.91,291.39,4.05%
10/03/2012,88.14,91.64,91.82,87.7,339.51,-4.08%
10/02/2012,91.89,92.41,92.94,91.62,177.73,-0.64%
10/01/2012,92.48,92.15,93.33,91.26,216.01,0.31%
09/28/2012,92.19,92.35,92.71,91.4,210.2,0.37%
09/27/2012,91.85,90.08,92.39,89.88,237.29,2.08%
09/26/2012,89.98,90.82,91.34,88.95,272.06,-1.52%
09/25/2012,91.37,92.11,93.2,90.57,239.02,-0.61%
09/24/2012,91.93,93.18,93.18,91.06,188.32,-1.03%
09/21/2012,92.89,92.93,93.84,92.59,181.04,1.11%
09/20/2012,91.87,91.77,92.37,90.66,30.14,-0.12%
09/19/2012,91.98,95.49,96.17,91.25,133.04,-3.47%
09/18/2012,95.29,96.71,97.23,95.11,196.21,-1.38%
09/17/2012,96.62,99.15,99.52,94.65,308.27,-2.40%
09/14/2012,99,98.04,100.42,97.99,271.79,0.70%
09/13/2012,98.31,96.93,98.58,96.51,291.06,1.34%
09/12/2012,97.01,96.85,98.06,96.31,223.53,-0.16%
09/11/2012,97.17,96.29,97.31,96.08,222.01,0.65%
09/10/2012,96.54,96.24,96.63,95.34,222,0.12%
09/07/2012,96.42,94.7,96.74,94.08,293.03,0.93%
09/06/2012,95.53,96,97.71,94.59,327.08,0.18%
09/05/2012,95.36,95.61,96.03,94.26,233.04,0.06%
09/04/2012,95.3,96.38,97.37,94.97,256.15,-1.21%
08/31/2012,96.47,94.75,96.92,94.51,249.06,1.96%
08/30/2012,94.62,95.3,95.6,93.95,192.46,-0.91%
08/29/2012,95.49,96.08,96.37,94.76,185.89,-0.87%
08/28/2012,96.33,95.66,96.54,95.14,198.46,0.90%
08/27/2012,95.47,96.67,97.72,94.41,230.84,-0.71%
08/24/2012,96.15,96.06,97.17,95.41,204.23,-0.12%
08/23/2012,96.27,97.3,98.29,95.75,225.16,-1.02%
08/22/2012,97.26,96.94,97.54,96.26,217.44,0.60%
08/21/2012,96.68,95.97,97.6,95.81,33.07,0.74%
08/20/2012,95.97,96.36,96.53,95.02,113.31,-0.04%
08/17/2012,96.01,95.23,96.28,94.98,162.59,0.43%
08/16/2012,95.6,94.21,95.75,93.93,212.63,1.35%
08/15/2012,94.33,93.25,94.9,92.68,281.64,0.96%
08/14/2012,93.43,92.71,93.92,92.56,200.41,0.75%
08/13/2012,92.73,93.25,94.14,92.05,280.27,-0.15%
08/10/2012,92.87,93.46,93.87,91.71,224.51,-0.52%
08/09/2012,93.36,93.43,94.21,93.07,258.64,0.01%
08/08/2012,93.35,93.41,94.72,92.82,269.93,-0.34%
08/07/2012,93.67,92.05,94.42,91.78,260.01,1.59%
08/06/2012,92.2,91.34,92.33,90.63,194.37,0.88%
08/03/2012,91.4,87.26,91.74,87.23,301.78,4.90%
08/02/2012,87.13,88.87,89.63,86.92,302.7,-2.00%
08/01/2012,88.91,88.03,89.47,87.51,281.2,0.97%
07/31/2012,88.06,89.67,90.3,87.31,282.85,-1.92%
07/30/2012,89.78,90.14,90.95,89.33,191.1,-0.39%
07/27/2012,90.13,89.43,90.45,89.13,210.41,0.83%
07/26/2012,89.39,89.1,90.47,88.07,233.4,0.47%
07/25/2012,88.97,88.2,89.36,86.84,289.55,0.53%
07/24/2012,88.5,88.05,89.09,87.43,309.87,0.41%
07/23/2012,88.14,91.61,91.64,87.91,290.36,-3.61%
07/20/2012,91.44,92.22,92.3,90.66,22.1,-1.32%
07/19/2012,92.66,90.08,92.94,89.86,102.93,3.10%
07/18/2012,89.87,89.13,90.04,88.59,192.85,0.73%
07/17/2012,89.22,88.26,89.46,87.41,262.79,0.89%
07/16/2012,88.43,87.13,88.48,86.41,223.12,1.53%
07/13/2012,87.1,85.86,87.61,85.58,260.83,1.18%
07/12/2012,86.08,86.2,86.37,84.21,240.73,0.31%
07/11/2012,85.81,84.01,86.49,84.01,307.82,2.26%
07/10/2012,83.91,85.84,85.95,83.65,291.41,-2.42%
07/09/2012,85.99,84.2,86.48,84,256.9,1.82%
07/06/2012,84.45,86.73,87.13,84.02,296.2,-3.18%
07/05/2012,87.22,87.75,88.98,86.5,368.62,-0.50%
07/03/2012,87.66,83.67,88.04,83.33,336.19,4.67%
07/02/2012,83.75,84.65,85.05,82.1,299.1,-1.42%
06/29/2012,84.96,78.46,85.34,78.28,439.01,9.36%
06/28/2012,77.69,80.48,80.84,77.28,310.15,-3.14%
06/27/2012,80.21,79.47,80.92,78.68,253.01,1.07%
06/26/2012,79.36,79.23,79.68,78.36,253.3,0.19%
06/25/2012,79.21,80.2,80.68,78.03,249,-0.69%
06/22/2012,79.76,78.11,80.37,77.56,293.22,1.99%
06/21/2012,78.2,81.08,81.2,77.93,376.97,-4.40%
06/20/2012,81.8,84.04,84.34,80.91,37.37,-2.65%
06/19/2012,84.03,83.06,84.41,82.28,109.01,0.91%
06/18/2012,83.27,85.09,85.6,82.04,216.96,-0.90%
06/15/2012,84.03,84.33,84.8,83.42,216.55,0.14%
06/14/2012,83.91,82.44,84.42,82.27,278.94,1.56%
06/13/2012,82.62,83.51,84.01,82.15,327.54,-0.84%
06/12/2012,83.32,81.18,83.72,81.07,320.8,0.75%
06/11/2012,82.7,85.72,86.64,81.11,343.21,-1.66%
06/08/2012,84.1,83.63,84.67,82,304.64,-0.85%
06/07/2012,84.82,85.5,87.03,83.43,339,-0.24%
06/06/2012,85.02,84.12,86.27,84.03,313.1,0.87%
06/05/2012,84.29,84.14,84.92,83.31,246.36,0.37%
06/04/2012,83.98,82.96,84.38,81.21,309.78,0.90%
06/01/2012,83.23,86.44,86.59,82.29,407.58,-3.81%
05/31/2012,86.53,87.55,88.28,85.86,345.43,-1.47%
05/30/2012,87.82,90.86,90.92,87.27,297.2,-3.24%
05/29/2012,90.76,91,92.21,90.25,262.56,-0.11%
05/25/2012,90.86,90.79,91.32,90.2,153.92,0.22%
05/24/2012,90.66,90.53,91.52,89.81,231.52,0.85%
05/23/2012,89.9,91.54,91.72,89.28,275.52,-1.92%
05/22/2012,91.66,92.64,93.01,91.39,27.36,-0.98%
05/21/2012,92.57,91.27,93.06,90.84,107.24,1.19%
05/18/2012,91.48,92.86,92.88,90.93,211.75,-1.17%
05/17/2012,92.56,92.77,93.88,92.09,280.07,-0.27%
05/16/2012,92.81,93.16,94.16,91.81,308.37,-1.24%
05/15/2012,93.98,93.91,95.48,93.02,284.71,-0.84%
05/14/2012,94.78,95.79,95.83,93.65,251.99,-1.40%
05/11/2012,96.13,96.53,97.2,95.56,260.54,-0.98%
05/10/2012,97.08,96.45,97.69,96.08,282.31,0.28%
05/09/2012,96.81,97.38,97.39,95.17,332.87,-0.21%
05/08/2012,97.01,97.96,98.12,95.52,333.77,-0.95%
05/07/2012,97.94,98.05,98.24,95.34,300.47,-0.56%
05/04/2012,98.49,102.59,102.72,97.51,443.06,-3.95%
05/03/2012,102.54,105.39,105.42,102.36,316.88,-2.55%
05/02/2012,105.22,105.98,106.05,104.91,256.65,-0.89%
05/01/2012,106.16,104.89,106.43,104.39,245.92,1.23%
04/30/2012,104.87,104.93,105.16,103.88,211.45,-0.06%
04/27/2012,104.93,104.1,105,103.74,182.1,0.36%
04/26/2012,104.55,103.96,104.92,103.84,192.83,0.41%
04/25/2012,104.12,103.76,104.57,103.11,276.65,0.55%
04/24/2012,103.55,103.11,104.1,102.79,196.14,0.43%
04/23/2012,103.11,103.82,103.9,101.82,213.2,0.06%
04/20/2012,103.05,102.57,104.27,102.45,23.58,0.76%
04/19/2012,102.27,102.73,103.21,101.67,91.4,-0.39%
04/18/2012,102.67,104.22,104.51,102.19,195.81,-1.47%
04/17/2012,104.2,103.15,105.07,102.66,244.52,1.23%
04/16/2012,102.93,102.8,103.37,101.8,284.96,0.10%
04/13/2012,102.83,103.66,103.9,102.61,227.26,-0.78%
04/12/2012,103.64,102.55,104.24,102.39,271.29,0.92%
04/11/2012,102.7,100.94,103.13,100.84,283.01,1.66%
04/10/2012,101.02,102.33,102.96,100.68,312.93,-1.41%
04/09/2012,102.46,102.53,102.6,100.81,205.92,-0.82%
04/05/2012,103.31,101.96,103.4,101.37,242.9,1.81%
04/04/2012,101.47,104.09,104.12,101.08,300.73,-2.44%
04/03/2012,104.01,105.04,105.18,103.59,245.54,-1.16%
04/02/2012,105.23,103.27,105.49,102.06,278.1,2.15%
03/30/2012,103.02,103.29,104.15,102.78,244.16,0.23%
03/29/2012,102.78,105.58,105.7,102.13,319.99,-2.50%
03/28/2012,105.41,106.81,106.94,104.67,309.06,-1.79%
03/27/2012,107.33,107.09,107.73,106.52,209.04,0.28%
03/26/2012,107.03,106.79,107.32,106.19,162.28,0.15%
03/23/2012,106.87,105.52,108.25,105.16,260.27,1.44%
03/22/2012,105.35,106.81,107.12,104.5,295.47,-1.79%
03/21/2012,107.27,106.33,107.64,106.06,252.6,1.57%
03/20/2012,105.61,107.82,107.91,105.35,26.44,-2.29%
03/19/2012,108.09,107.18,108.24,106.55,110.35,0.96%
03/16/2012,107.06,105.44,107.34,105.13,192.99,1.86%
03/15/2012,105.11,105.5,106.18,103.78,371.04,-0.30%
03/14/2012,105.43,106.69,107.02,105.12,283.51,-1.20%
03/13/2012,106.71,106.55,107.35,105.67,282.35,0.35%
03/12/2012,106.34,107.5,107.56,105.38,234.73,-0.99%
03/09/2012,107.4,106.91,108.2,106.13,292.69,0.77%
03/08/2012,106.58,106.24,107.2,105.84,296.55,0.40%
03/07/2012,106.16,104.93,106.55,104.35,333.24,1.39%
03/06/2012,104.7,107.11,107.34,104.51,332.56,-1.89%
03/05/2012,106.72,106.75,107.42,105.5,237.45,0.02%
03/02/2012,106.7,108.75,109.03,105.8,299.66,-1.97%
03/01/2012,108.84,106.82,110.55,106.55,389.84,1.65%
02/29/2012,107.07,106.46,107.43,104.84,353.13,0.49%
02/28/2012,106.55,107.95,108.79,106.3,278.72,-1.85%
02/27/2012,108.56,109.67,109.77,107.27,277.6,-1.10%
02/24/2012,109.77,108.66,109.95,107.95,267.71,1.80%
02/23/2012,107.83,105.95,108.74,105.45,325.66,1.46%
02/22/2012,106.28,106.01,106.72,105.61,241.33,0.42%
02/21/2012,105.84,104.65,106.07,104.26,32.98,2.52%
02/17/2012,103.24,102.35,104.14,102.25,134.5,0.91%
02/16/2012,102.31,101.9,102.69,100.84,197.31,0.50%
02/15/2012,101.8,100.9,102.54,100.61,278.27,1.05%
02/14/2012,100.74,100.73,101.84,100.28,314.29,-0.17%
02/13/2012,100.91,99.33,100.87,99.09,268.06,2.27%
02/10/2012,98.67,99.89,99.89,97.32,307.56,-1.17%
02/09/2012,99.84,99.1,100.18,98.66,295.43,1.14%
02/08/2012,98.71,98.77,100.09,98.1,364.74,0.30%
02/07/2012,98.41,97.13,99.13,95.84,400.23,1.55%
02/06/2012,96.91,97.74,97.75,96.38,257.72,-0.95%
02/03/2012,97.84,96.61,98.03,96.01,318.64,1.54%
02/02/2012,96.36,97.11,97.99,95.44,331.24,-1.28%
02/01/2012,97.61,98.38,99.49,97.11,293.55,-0.88%
01/31/2012,98.48,98.88,101.29,97.86,373.89,-0.30%
01/30/2012,98.78,100,100.05,98.43,215.83,-0.78%
01/27/2012,99.56,99.93,100.63,99.13,253.46,-0.14%
01/26/2012,99.7,99.96,101.39,99.23,260.74,0.30%
01/25/2012,99.4,99.2,100.4,97.53,322.79,0.45%
01/24/2012,98.95,99.88,100.18,98.25,242.48,-0.63%
01/23/2012,99.58,98.34,100.24,97.4,238.96,1.14%
01/20/2012,98.46,100.39,100.74,97.91,34.9,-1.92%
01/19/2012,100.39,101.14,102.06,99.98,120.17,-0.20%
01/18/2012,100.59,100.91,102.06,99.84,269.39,-0.12%
01/17/2012,100.71,98.95,101.01,98.6,322.04,2.04%
01/13/2012,98.7,99.2,100.19,97.7,335.62,-0.40%
01/12/2012,99.1,101,102.98,98.5,370.51,-1.75%
01/11/2012,100.87,102.2,102.46,100.55,311.64,-1.34%
01/10/2012,102.24,101.3,103.41,101.3,291.27,0.92%
01/09/2012,101.31,101.92,102.15,100.1,311.87,-0.25%
01/06/2012,101.56,101.35,102.8,100.88,290.46,-0.25%
01/05/2012,101.81,103.29,103.73,101.3,295.62,-1.37%
01/04/2012,103.22,102.99,103.74,101.88,271.71,0.25%
01/03/2012,102.96,99.7,103.18,99.65,275.48,4.18%
12/30/2011,98.83,99.78,100.16,98.61,154.06,-0.82%
12/29/2011,99.65,99.59,99.92,98.3,153.92,0.29%
12/28/2011,99.36,101.25,101.71,99.11,164.66,-1.95%
12/27/2011,101.34,99.92,101.77,99.37,124.24,1.67%
12/23/2011,99.68,99.48,100.23,99.24,95.27,0.15%
12/22/2011,99.53,99.03,100.05,98.51,151.56,0.87%
12/21/2011,98.67,97.53,99.25,96.8,219.51,1.49%
12/20/2011,97.22,94.14,97.45,94.14,35.84,3.56%
12/19/2011,93.88,93.76,94.42,92.54,114.56,0.37%
12/16/2011,93.53,93.42,94.79,92.52,205.89,-0.36%
12/15/2011,93.87,94.89,95.99,93.31,273.76,-1.14%
12/14/2011,94.95,100.33,100.33,94.21,377.48,-5.18%
12/13/2011,100.14,97.85,101.25,97.64,380.75,2.42%
12/12/2011,97.77,99.58,99.68,97.54,279.15,-1.65%
12/09/2011,99.41,98.08,99.91,97.36,318.77,1.09%
12/08/2011,98.34,100.84,101.73,97.71,340.68,-2.14%
12/07/2011,100.49,101.11,101.94,99.67,330.53,-0.78%
12/06/2011,101.28,100.45,101.42,100.2,217.03,0.29%
12/05/2011,100.99,101.23,102.44,100.24,239.38,0.03%
12/02/2011,100.96,100,101.56,99.76,245.92,0.76%
12/01/2011,100.2,100.51,101.17,98.87,275.86,-0.16%
11/30/2011,100.36,99.48,101.75,98.92,302.86,0.57%
11/29/2011,99.79,97.75,100.15,97.23,320.86,1.61%
11/28/2011,98.21,97.5,100.74,97.13,311.74,1.49%
11/25/2011,96.77,95.79,97.55,94.99,185.84,0.62%
11/23/2011,96.17,97.79,97.87,95.35,283.45,-1.88%
11/22/2011,98.01,97.2,98.7,96.55,319.25,1.12%
11/21/2011,96.92,97.54,97.86,95.24,279.1,-0.50%
11/18/2011,97.41,98.61,100.15,96.64,38.55,-1.43%
11/17/2011,98.82,101.76,103.37,98.28,194.04,-3.67%
11/16/2011,102.59,99.32,102.89,98.39,379.61,3.24%
11/15/2011,99.37,98.04,99.84,97.51,353.32,1.25%
11/14/2011,98.14,99.3,99.69,97.19,351.52,-0.86%
11/11/2011,98.99,97.51,99.4,97.35,282.79,1.24%
11/10/2011,97.78,95.75,98.35,95.2,347.73,2.13%
11/09/2011,95.74,96.81,97.84,94.54,445.71,-1.10%
11/08/2011,96.8,95.87,97.08,95.23,313.57,1.34%
11/07/2011,95.52,94.4,96.11,93.23,321.19,1.34%
11/04/2011,94.26,94.24,94.93,92.87,295.46,0.20%
11/03/2011,94.07,92.99,94.61,90.87,299.99,1.69%
11/02/2011,92.51,91.6,93.79,90.97,265.63,0.35%
11/01/2011,92.19,92.58,92.88,89.17,351.34,-1.07%
10/31/2011,93.19,93.53,93.8,91.36,228.56,-0.14%
10/28/2011,93.32,93.93,93.93,92.01,276.76,-0.68%
10/27/2011,93.96,90.98,94.25,90.74,327.45,4.17%
10/26/2011,90.2,92.59,93.92,90,411.45,-3.19%
10/25/2011,93.17,91.69,94.65,91.1,489.37,2.08%
10/24/2011,91.27,87.05,91.88,87,484.14,4.43%
10/21/2011,87.4,86.5,88.89,85.95,296.56,2.46%
10/20/2011,85.3,86.1,86.94,84.1,31.26,-0.94%
10/19/2011,86.11,88.26,89.51,85.87,112.02,-2.52%
10/18/2011,88.34,86.2,89.03,85.55,203.77,2.27%
10/17/2011,86.38,87.48,88.18,85.88,227.3,-0.48%
10/14/2011,86.8,84.47,87.42,83.77,274.85,3.05%
10/13/2011,84.23,84.93,85.39,83.17,360.27,-1.57%
10/12/2011,85.57,85.2,86.59,84.52,294.23,-0.28%
10/11/2011,85.81,85.7,86.64,83.97,362.32,0.47%
10/10/2011,85.41,82.75,86.09,82.75,264.83,2.93%
10/07/2011,82.98,82.57,84,81.36,377.54,0.47%
10/06/2011,82.59,79.71,82.9,79.08,386.09,3.65%
10/05/2011,79.68,78.25,79.91,76.94,336.07,5.30%
10/04/2011,75.67,76.4,78.4,74.95,428.11,-2.50%
10/03/2011,77.61,78.92,79.64,76.25,392.78,-2.01%
09/30/2011,79.2,83.07,83.23,78.53,367.96,-3.58%
09/29/2011,82.14,80.67,83.98,79.64,351.35,1.15%
09/28/2011,81.21,83.76,84.62,80.49,282.85,-3.84%
09/27/2011,84.45,81.48,84.77,80.92,313.57,5.25%
09/26/2011,80.24,79.64,81.56,77.11,325.67,0.49%
09/23/2011,79.85,80.4,81.81,77.55,427.57,-0.82%
09/22/2011,80.51,84.81,85,79.66,460,-6.30%
09/21/2011,85.92,86.51,87.99,84.65,298.91,-1.12%
09/20/2011,86.89,85.84,87.46,85.11,30,1.39%
09/19/2011,85.7,87.75,87.75,84.79,132.22,-2.57%
09/16/2011,87.96,89.11,89.78,87,210.96,-1.61%
09/15/2011,89.4,88.6,90.15,88.01,296.29,0.55%
09/14/2011,88.91,89.88,90.25,88.21,330.98,-1.44%
09/13/2011,90.21,88.95,90.52,87.81,364.26,2.29%
09/12/2011,88.19,86.7,88.97,85,355.07,1.09%
09/09/2011,87.24,88.77,89.5,85.64,349.24,-2.03%
09/08/2011,89.05,90.11,90.23,88.4,336.73,-0.32%
09/07/2011,89.34,86.5,90.48,86.15,313.73,3.86%
09/06/2011,86.02,86.46,86.6,83.2,316.17,-0.50%
09/02/2011,86.45,88.78,88.99,85.42,307.28,-2.79%
09/01/2011,88.93,88.73,89.9,88.21,282.34,0.14%
08/31/2011,88.81,88.79,89.54,87.67,317.7,-0.10%
08/30/2011,88.9,87.51,89.21,86.46,315.38,1.87%
08/29/2011,87.27,85.33,87.62,85.11,208.61,2.23%
08/26/2011,85.37,85.09,85.64,82.95,283.26,0.08%
08/25/2011,85.3,85.17,86.56,83.01,357.82,0.16%
08/24/2011,85.16,85.67,86.59,84.55,294.93,-0.33%
08/23/2011,85.44,84.45,86.39,83.4,353.95,1.57%
08/22/2011,84.12,82.42,84.67,81.13,30.15,2.26%
08/19/2011,82.26,81.3,83.55,79.17,148.81,-0.15%
08/18/2011,82.38,87.41,87.53,81.15,331.28,-5.94%
08/17/2011,87.58,87.1,89,86.65,344.49,1.07%
08/16/2011,86.65,87.68,87.93,85.62,375.34,-1.40%
08/15/2011,87.88,85.59,88.05,84.4,292.8,2.93%
08/12/2011,85.38,85.55,87.37,84.02,350.09,-0.40%
08/11/2011,85.72,81.95,85.97,81.03,502.09,3.41%
08/10/2011,82.89,81.9,83.14,79.53,520.14,4.53%
08/09/2011,79.3,81.1,83.05,75.71,605.8,-2.47%
08/08/2011,81.31,85.71,85.73,80.17,521.07,-6.41%
08/05/2011,86.88,86.5,88.32,82.87,512.49,0.29%
08/04/2011,86.63,91.94,92.59,86.04,535.94,-5.77%
08/03/2011,91.93,93.15,93.75,91.22,350.22,-1.98%
08/02/2011,93.79,95.02,95.68,93.08,328.18,-1.16%
08/01/2011,94.89,96.2,98.6,93.42,398.86,-0.85%
07/29/2011,95.7,97.16,97.39,94.95,284.39,-1.79%
07/28/2011,97.44,97.27,98.01,96.51,236.25,0.04%
07/27/2011,97.4,99.18,99.5,97.14,304.52,-2.20%
07/26/2011,99.59,99.15,100.62,97.76,332.69,0.39%
07/25/2011,99.2,99.76,99.87,98.52,205.21,-0.67%
07/22/2011,99.87,99.2,100.19,98.43,223.27,0.75%
07/21/2011,99.13,98.36,100.16,97.2,293.97,1.01%
07/20/2011,98.14,98.11,99.02,96.64,35.29,0.66%
07/19/2011,97.5,96.16,98.65,95.93,138.05,1.64%
07/18/2011,95.93,97.37,97.69,94.69,203.97,-1.35%
07/15/2011,97.24,96.03,97.74,95.21,266.46,1.62%
07/14/2011,95.69,97.59,98.88,94.53,403.42,-2.41%
07/13/2011,98.05,96.72,99.21,96.53,355.1,0.64%
07/12/2011,97.43,95.09,97.5,93.55,343.49,2.40%
07/11/2011,95.15,96.1,96.75,94.14,311.45,-1.09%
07/08/2011,96.2,98.79,99.18,95.6,348,-2.50%
07/07/2011,98.67,97.04,99.42,96.99,339.27,2.09%
07/06/2011,96.65,97,97.79,95.9,288.32,-0.25%
07/05/2011,96.89,94.98,97.48,94.34,275.65,2.05%
07/01/2011,94.94,95.12,95.39,93.45,263.63,-0.50%
06/30/2011,95.42,95.08,95.82,93.88,276.58,0.69%
06/29/2011,94.77,93.37,95.84,92.66,348.79,2.02%
06/28/2011,92.89,90.71,93.37,90.44,279.02,2.52%
06/27/2011,90.61,91.16,91.3,89.61,278.68,-0.60%
06/24/2011,91.16,92.29,92.34,89.82,337.77,0.15%
06/23/2011,91.02,94.4,94.47,89.69,484.06,-4.60%
06/22/2011,95.41,93.76,95.7,93.24,296.28,2.15%
06/21/2011,93.4,93.49,94.74,92.5,41.37,0.15%
06/20/2011,93.26,92.8,93.49,91.14,136.84,0.27%
06/17/2011,93.01,95.1,95.4,91.84,245.01,-2.04%
06/16/2011,94.95,95.29,95.75,94.29,336.01,0.15%
06/15/2011,94.81,99.68,99.95,94.01,508.72,-4.59%
06/14/2011,99.37,97.09,99.64,96.51,347.72,2.13%
06/13/2011,97.3,98.77,99.32,96.13,381.99,-2.00%
06/10/2011,99.29,101.84,102.15,98.6,379.24,-2.59%
06/09/2011,101.93,100.83,102.44,100.74,345.54,1.18%
06/08/2011,100.74,99.58,101.89,98.02,484.28,1.67%
06/07/2011,99.09,98.82,99.75,97.74,415.37,0.08%
06/06/2011,99.01,100.42,100.68,98.55,289.67,-1.21%
06/03/2011,100.22,100.87,100.87,98.12,351.31,-0.18%
06/02/2011,100.4,99.79,100.93,98.46,389.64,0.11%
06/01/2011,100.29,102.68,103.31,99.63,376.48,-2.35%
05/31/2011,102.7,100.69,103.39,99.6,319.04,2.10%
05/27/2011,100.59,100.16,101.24,100.04,212.25,0.36%
05/26/2011,100.23,101.24,101.9,99.61,332.14,-1.08%
05/25/2011,101.32,99.27,101.63,98.2,354.88,1.74%
05/24/2011,99.59,97.54,100.09,96.61,339.53,1.93%
05/23/2011,97.7,99.68,100.04,96.37,296.83,-1.80%
05/20/2011,99.49,98.6,99.9,95.99,33.93,1.07%
05/19/2011,98.44,99.76,100.79,98.16,142.67,-1.66%
05/18/2011,100.1,97.57,100.99,97.46,285.3,3.29%
05/17/2011,96.91,96.98,97.81,95.02,399.13,-0.47%
05/16/2011,97.37,99.36,99.65,96.83,335.32,-2.29%
05/13/2011,99.65,98.81,100.7,97.09,367.72,0.69%
05/12/2011,98.97,98.59,100.49,95.25,522.5,0.77%
05/11/2011,98.21,103.69,104.6,97.5,524.76,-5.46%
05/10/2011,103.88,102.44,103.95,100.12,439.61,1.30%
05/09/2011,102.55,98.11,103.4,97.42,469.29,5.53%
05/06/2011,97.18,99.76,102.38,94.63,606.53,-2.63%
05/05/2011,99.8,108.78,109.38,98.25,670.08,-8.64%
05/04/2011,109.24,110.68,111.22,108.48,333.02,-1.63%
05/03/2011,111.05,112.98,113.22,110.3,300.33,-2.18%
05/02/2011,113.52,113.89,114.83,110.82,310.99,-0.36%
04/29/2011,113.93,112.82,114.18,112.25,201.83,0.95%
04/28/2011,112.86,113.13,113.97,111.69,301.6,0.09%
04/27/2011,112.76,111.89,113.4,110.71,338.7,0.49%
04/26/2011,112.21,112.15,112.64,111.12,234.44,-0.06%
04/25/2011,112.28,112.34,113.48,111.08,209.68,-0.01%
04/21/2011,112.29,111.37,112.48,111,240.46,0.75%
04/20/2011,111.45,108.45,111.66,107.96,291.55,3.05%
04/19/2011,108.15,107.52,108.45,105.5,37.09,0.96%
04/18/2011,107.12,109.43,109.44,106.54,138.18,-2.32%
04/15/2011,109.66,108.45,110.1,107.21,224.39,1.43%
04/14/2011,108.11,107.32,108.55,105.77,352.07,0.93%
04/13/2011,107.11,106.02,107.43,105.31,456.86,0.81%
04/12/2011,106.25,108.97,110.24,105.47,555.63,-3.34%
04/11/2011,109.92,113.28,113.46,108.68,364.35,-2.54%
04/08/2011,112.79,110.32,113.21,110.11,319.48,2.26%
04/07/2011,110.3,108.67,110.44,108.23,334.91,1.35%
04/06/2011,108.83,107.99,109.15,107.72,255.6,0.45%
04/05/2011,108.34,108.2,108.6,107.5,249.36,-0.12%
04/04/2011,108.47,108.29,108.78,107.58,228.49,0.49%
04/01/2011,107.94,106.62,108.47,106.3,283.71,1.14%
03/31/2011,106.72,104.31,106.83,104.12,270.63,2.35%
03/30/2011,104.27,104.45,105.15,103.44,256.9,-0.50%
03/29/2011,104.79,103.94,105,102.7,246.82,0.78%
03/28/2011,103.98,105.43,105.76,103.6,223.08,-1.35%
03/25/2011,105.4,105.46,105.95,104.5,235.66,-0.19%
03/24/2011,105.6,105.52,106.69,104.76,258.02,-0.14%
03/23/2011,105.75,104.85,106.34,104.38,254.57,1.68%
03/22/2011,104,102.1,104.54,101.43,31.92,1.63%
03/21/2011,102.33,102.12,103.35,101.66,103.96,1.25%
03/18/2011,101.07,101.78,103.66,100.14,217.68,-0.35%
03/17/2011,101.42,98.1,101.99,96.6,261.57,3.51%
03/16/2011,97.98,97.4,99.6,96.22,357.94,0.82%
03/15/2011,97.18,101.86,101.87,96.71,388.74,-3.96%
03/14/2011,101.19,100.31,101.89,98.47,289.43,0.03%
03/11/2011,101.16,102.64,103,99.01,342.53,-1.50%
03/10/2011,102.7,104.45,105.06,100.62,432.99,-1.61%
03/09/2011,104.38,104.96,105.92,103.9,353.95,-0.61%
03/08/2011,105.02,104.85,105.79,103.33,420.04,-0.40%
03/07/2011,105.44,104.65,106.95,104.25,404.44,0.98%
03/04/2011,104.42,101.7,105.17,101.54,369.15,2.46%
03/03/2011,101.91,102.39,102.94,100.15,382.56,-0.31%
03/02/2011,102.23,100.48,102.5,99.21,446.38,2.61%
03/01/2011,99.63,96.97,100.69,96.37,322.43,2.74%
02/28/2011,96.97,98.5,99.96,96.71,262,-0.93%
02/25/2011,97.88,96.63,99.2,96.17,307.9,0.62%
02/24/2011,97.28,98.97,103.41,95.62,507.46,-0.84%
02/23/2011,98.1,95.68,100,95.14,489.67,4.84%
02/22/2011,93.57,86.33,94.49,86.25,37.93,8.55%
02/18/2011,86.2,86.4,87.88,85.65,155.3,-0.19%
02/17/2011,86.36,85.25,86.63,84.38,176.13,1.61%
02/16/2011,84.99,84.44,85.95,84.12,297.66,0.79%
02/15/2011,84.32,84.84,85.97,83.85,284.17,-0.58%
02/14/2011,84.81,85.5,86.52,84.58,319.33,-0.90%
02/11/2011,85.58,87.7,87.77,85.1,383.39,-1.33%
02/10/2011,86.73,86.93,87.9,85.96,419.19,0.02%
02/09/2011,86.71,87.35,87.95,86.36,367.21,-0.26%
02/08/2011,86.94,87.41,88.11,85.88,414.88,-0.62%
02/07/2011,87.48,89.06,89.54,87.18,324.98,-1.74%
02/04/2011,89.03,90.63,91.67,88.45,359.93,-1.67%
02/03/2011,90.54,90.93,92.05,90,290.49,-0.35%
02/02/2011,90.86,90.51,91.78,90.1,312.11,0.10%
02/01/2011,90.77,92.2,92.45,90.33,392.88,-1.54%
01/31/2011,92.19,89.97,92.84,88.4,436.8,3.19%
01/28/2011,89.34,85.28,89.73,85.11,584.79,4.32%
01/27/2011,85.64,87.55,87.66,85.21,369.38,-1.94%
01/26/2011,87.33,86.23,87.79,86.03,347.75,1.32%
01/25/2011,86.19,87.7,87.85,86.12,338.65,-1.91%
01/24/2011,87.87,89.26,89.63,87.27,356.09,-1.39%
01/21/2011,89.11,89.45,90.22,88.87,287.81,0.28%
01/20/2011,88.86,90.7,90.86,88,25.96,-2.20%
01/19/2011,90.86,91.34,92.1,90.47,109.53,-0.57%
01/18/2011,91.38,91.51,91.9,90.55,211.93,-0.17%
01/14/2011,91.54,90.99,91.69,90.1,313.33,0.15%
01/13/2011,91.4,92,92.37,90.75,358.9,-0.50%
01/12/2011,91.86,91.18,92.39,90.79,382.69,0.82%
01/11/2011,91.11,89.31,91.39,88.93,429.76,2.08%
01/10/2011,89.25,89,89.98,88.13,430.28,1.39%
01/07/2011,88.03,88.18,89.48,87.25,444.81,-0.40%
01/06/2011,88.38,90.47,90.71,87.85,440.46,-2.13%
01/05/2011,90.3,89.29,90.84,88.1,416.91,1.03%
01/04/2011,89.38,91.5,92.07,88.36,415.52,-2.37%
01/03/2011,91.55,91.31,92.58,91.21,225.19,0.19%
12/31/2010,91.38,89.67,92.06,89.05,171.01,1.71%
12/30/2010,89.84,90.98,91.4,89.02,209.65,-1.40%
12/29/2010,91.12,91.27,91.53,90.8,117.85,-0.40%
12/28/2010,91.49,90.79,91.67,90.75,104.42,0.54%
12/27/2010,91,91.07,91.88,90.51,104.32,-0.56%
12/23/2010,91.51,90.61,91.63,90.33,145.01,1.14%
12/22/2010,90.48,89.99,90.8,89.85,187.39,0.73%
12/21/2010,89.82,89.22,90.1,89.06,187.32,1.14%
12/20/2010,88.81,88.18,88.98,87.26,33.05,0.90%
12/17/2010,88.02,87.87,88.52,87.01,152.4,0.36%
12/16/2010,87.7,88.48,88.65,87.63,221.15,-1.04%
12/15/2010,88.62,88.28,89.09,86.83,355.06,0.39%
12/14/2010,88.28,88.19,88.95,87.74,281.85,-0.37%
12/13/2010,88.61,87.68,89.49,87.44,329.77,0.93%
12/10/2010,87.79,88.51,89,87.1,313.84,-0.66%
12/09/2010,88.37,88.55,89.42,87.71,353.96,0.10%
12/08/2010,88.28,88.35,88.99,87.33,383.14,-0.46%
12/07/2010,88.69,88.92,90.76,88.04,462.69,-0.77%
12/06/2010,89.38,89.44,89.76,88.56,293.84,0.21%
12/03/2010,89.19,87.94,89.49,87.14,354.64,1.35%
12/02/2010,88,86.8,88.13,86.27,330.64,1.44%
12/01/2010,86.75,83.66,86.95,83.63,340.74,3.14%
11/30/2010,84.11,85.81,85.9,83.55,338.36,-1.89%
11/29/2010,85.73,83.9,85.9,83.59,335.8,2.35%
11/26/2010,83.76,84.21,84.53,82.78,174.18,-0.12%
11/24/2010,83.86,80.99,84.25,80.97,324.51,3.21%
11/23/2010,81.25,81.61,82.1,80.28,351.86,-0.60%
11/22/2010,81.74,82.15,82.87,80.68,290.22,0.28%
11/19/2010,81.51,82.24,82.75,80.59,36.97,-0.42%
11/18/2010,81.85,80.45,82.35,80.44,160.41,1.75%
11/17/2010,80.44,82.44,82.67,80.06,334.53,-2.31%
11/16/2010,82.34,84.58,84.74,82.03,454.83,-2.97%
11/15/2010,84.86,84.87,85.77,84.48,315.26,-0.02%
11/12/2010,84.88,87.73,87.85,84.52,478.82,-3.34%
11/11/2010,87.81,87.85,88.63,87.54,343.01,0.00%
11/10/2010,87.81,86.45,88.21,86.1,472.84,1.26%
11/09/2010,86.72,86.75,87.63,85.48,368,-0.39%
11/08/2010,87.06,87.39,87.49,85.96,309.97,0.24%
11/05/2010,86.85,86.6,87.43,85.96,315.28,0.42%
11/04/2010,86.49,85.09,86.83,84.92,318,2.13%
11/03/2010,84.69,84.37,85.36,83.57,393.74,0.94%
11/02/2010,83.9,82.88,84.47,82.83,281.83,1.15%
11/01/2010,82.95,81.45,83.86,81.32,358.54,1.87%
10/29/2010,81.43,81.92,82.12,80.56,313.87,-0.91%
10/28/2010,82.18,81.99,82.64,81.5,296.75,0.29%
10/27/2010,81.94,82.48,82.69,80.52,375.25,-0.74%
10/26/2010,82.55,82.47,82.88,81.81,265.93,0.04%
10/25/2010,82.52,82.01,83.28,81.45,339.4,1.02%
10/22/2010,81.69,80.73,82.07,80.41,256.38,1.40%
10/21/2010,80.56,82.55,82.7,80.09,378.29,-1.48%
10/20/2010,81.77,79.48,82.03,79.35,40.71,2.87%
10/19/2010,79.49,82.95,83.21,79.25,151.36,-4.32%
10/18/2010,83.08,81.38,83.28,80.35,225.08,2.25%
10/15/2010,81.25,82.77,83.33,80.75,345.84,-1.74%
10/14/2010,82.69,83.23,84.12,82.21,340.96,-0.39%
10/13/2010,83.01,81.72,83.45,81.68,330.29,1.64%
10/12/2010,81.67,81.94,82.33,80.88,333.58,-0.66%
10/11/2010,82.21,82.95,83.5,81.82,234.32,-0.54%
10/08/2010,82.66,81.43,83.13,80.3,414.08,1.21%
10/07/2010,81.67,83.27,84.43,81,450.95,-1.87%
10/06/2010,83.23,82.6,84.09,82.29,349.17,0.50%
10/05/2010,82.82,81.37,82.99,81.15,336.83,1.66%
10/04/2010,81.47,81.68,82.38,80.77,313.31,-0.13%
10/01/2010,81.58,79.84,81.75,79.7,359.94,2.01%
09/30/2010,79.97,77.91,80.18,77.55,418.63,2.71%
09/29/2010,77.86,76.2,78.13,75.6,388.99,2.21%
09/28/2010,76.18,76.23,77.12,75.53,329.35,-0.44%
09/27/2010,76.52,76.47,77.17,75.52,289.64,0.04%
09/24/2010,76.49,74.95,76.68,74.66,288.5,1.74%
09/23/2010,75.18,74.84,75.61,73.58,295.9,0.63%
09/22/2010,74.71,74.79,76,73.84,343.85,1.62%
09/21/2010,73.52,74.57,74.6,72.81,34.58,-1.79%
09/20/2010,74.86,73.59,75.45,73.32,132.43,1.63%
09/17/2010,73.66,74.47,75.25,72.75,195.83,-1.22%
09/16/2010,74.57,75.76,75.99,74.11,289.28,-1.91%
09/15/2010,76.02,76.64,76.65,74.66,356.33,-1.02%
09/14/2010,76.8,77.17,77.99,76.21,416.11,-0.51%
09/13/2010,77.19,76.36,78.04,76.36,349.16,0.97%
09/10/2010,76.45,74.4,76.73,74.37,431.37,2.96%
09/09/2010,74.25,74.92,75.96,73.88,372.88,-0.56%
09/08/2010,74.67,73.91,75.39,73.37,359.76,0.78%
09/07/2010,74.09,74.3,74.63,72.63,406.64,-0.68%
09/03/2010,74.6,74.93,75.44,73.2,379.3,-0.56%
09/02/2010,75.02,73.91,75.14,73.11,340.17,1.50%
09/01/2010,73.91,71.7,74.48,71.67,396.61,2.77%
08/31/2010,71.92,74.07,74.73,71.53,469.41,-3.72%
08/30/2010,74.7,75.5,75.58,74.01,260.67,-0.63%
08/27/2010,75.17,73.18,75.59,72.04,477.9,2.47%
08/26/2010,73.36,72.82,73.98,72.54,362.83,1.16%
08/25/2010,72.52,71.47,72.97,70.76,343.41,1.24%
08/24/2010,71.63,72.95,73.05,71.32,340.99,-2.01%
08/23/2010,73.1,73.9,74.48,72.75,252.44,-0.49%
08/20/2010,73.46,74.45,74.6,73.19,33.38,-1.30%
08/19/2010,74.43,75.27,76.1,73.96,123.22,-1.31%
08/18/2010,75.42,75.45,75.74,73.83,247.1,-0.46%
08/17/2010,75.77,75.06,76.63,75.01,347.43,0.70%
08/16/2010,75.24,75.6,75.95,74.86,237.46,-0.20%
08/13/2010,75.39,75.75,76.74,75.01,286.13,-0.46%
08/12/2010,75.74,77.31,77.97,75.52,430.79,-2.92%
08/11/2010,78.02,80.22,80.44,77.25,416.89,-2.78%
08/10/2010,80.25,81.44,81.62,79.2,385.85,-1.51%
08/09/2010,81.48,80.91,81.76,80.71,267.08,0.97%
08/06/2010,80.7,82.12,82.67,80.04,397.53,-1.60%
08/05/2010,82.01,82.44,82.48,81.56,234.81,-0.56%
08/04/2010,82.47,82.42,82.97,81.62,293.32,-0.10%
08/03/2010,82.55,81.41,82.64,81.11,290.98,1.49%
08/02/2010,81.34,78.95,81.77,78.83,306.1,3.03%
07/30/2010,78.95,78.25,79.05,76.83,294.43,0.75%
07/29/2010,78.36,76.89,78.89,76.45,350.58,1.78%
07/28/2010,76.99,77.08,77.74,75.9,314.17,-0.66%
07/27/2010,77.5,78.92,79.69,76.79,377.84,-1.87%
07/26/2010,78.98,78.98,79.33,78.06,227.66,0.00%
07/23/2010,78.98,79.27,79.6,78.4,259.74,-0.40%
07/22/2010,79.3,76.43,79.42,76.16,358.82,3.58%
07/21/2010,76.56,77.85,78.57,76.2,322.41,-1.14%
07/20/2010,77.44,76.4,77.57,75.65,34.22,1.18%
07/19/2010,76.54,75.72,77.69,75.5,169.55,0.70%
07/16/2010,76.01,76.82,77.15,75.25,225.25,-0.80%
07/15/2010,76.62,76.76,77.66,75.33,366.02,-0.55%
07/14/2010,77.04,77.13,78.15,76.38,364.47,-0.14%
07/13/2010,77.15,75.06,77.37,74.25,361.79,2.94%
07/12/2010,74.95,76.3,76.43,74.52,309.17,-1.50%
07/09/2010,76.09,75.85,76.48,75,269.89,0.86%
07/08/2010,75.44,74.85,76,74.38,325.81,1.85%
07/07/2010,74.07,72.07,74.92,71.44,288.66,2.90%
07/06/2010,71.98,72.06,73.86,71.09,325.73,-0.22%
07/02/2010,72.14,72.67,73.38,71.62,256.17,-1.11%
07/01/2010,72.95,75.37,75.4,72.05,405.08,-3.54%
06/30/2010,75.63,75.46,76.83,74.39,357.75,-0.41%
06/29/2010,75.94,78.15,78.32,75.21,323.27,-2.95%
06/28/2010,78.25,79,79.38,77.72,223.31,-0.77%
06/25/2010,78.86,76.56,79.19,75.9,316.46,3.07%
06/24/2010,76.51,76,76.57,75.32,260.4,0.21%
06/23/2010,76.35,77.52,77.83,75.17,365.04,-1.11%
06/22/2010,77.21,77.35,78.1,76.53,27.34,-0.78%
06/21/2010,77.82,77.5,78.92,76.88,124.29,0.83%
06/18/2010,77.18,76.55,77.45,75.56,157.43,0.51%
06/17/2010,76.79,77.45,77.79,76.17,303.28,-1.13%
06/16/2010,77.67,77.06,78.13,76.06,323.36,0.95%
06/15/2010,76.94,74.77,77.16,74.62,308.29,2.42%
06/14/2010,75.12,74.06,75.99,74.04,321.67,1.82%
06/11/2010,73.78,75.52,75.64,73.26,421.74,-2.25%
06/10/2010,75.48,73.87,76.3,73.72,430.04,1.48%
06/09/2010,74.38,72.51,74.96,72.03,436.98,3.32%
06/08/2010,71.99,71.16,72.6,70.75,421.97,0.77%
06/07/2010,71.44,70.35,72.49,69.51,417.31,-0.10%
06/04/2010,71.51,74.61,75.42,70.73,448.49,-4.15%
06/03/2010,74.61,73.7,74.95,72.32,439.43,2.40%
06/02/2010,72.86,71.94,73.93,71.68,391.03,0.39%
06/01/2010,72.58,73.97,75.33,71.64,438.59,-1.88%
05/28/2010,73.97,74.9,75.72,73.13,420.67,-0.78%
05/27/2010,74.55,70.74,74.95,70.67,401.81,4.25%
05/26/2010,71.51,70.06,71.7,69.21,405.52,4.01%
05/25/2010,68.75,69.9,70.04,67.15,395.4,-2.08%
05/24/2010,70.21,70.62,70.96,69.57,279.82,0.24%
05/21/2010,70.04,69.52,71.23,69,449.43,2.98%
05/20/2010,68.01,71.2,71.29,64.24,33.22,-2.66%
05/19/2010,69.87,69.11,71.43,67.9,129.17,0.66%
05/18/2010,69.41,70.5,72.52,68.91,206.38,-0.96%
05/17/2010,70.08,71.79,72.25,69.27,355.83,-2.14%
05/14/2010,71.61,73.99,74.13,70.83,373.98,-3.75%
05/13/2010,74.4,75.47,76.45,73.62,532.33,-1.65%
05/12/2010,75.65,75.89,77,74.75,475.85,-0.94%
05/11/2010,76.37,77.26,77.68,75.36,441.54,-0.56%
05/10/2010,76.8,76.11,78.51,75.8,447.16,2.25%
05/07/2010,75.11,76.95,78.19,74.51,601.53,-2.59%
05/06/2010,77.11,79.63,80.39,74.58,605.01,-3.58%
05/05/2010,79.97,82.13,82.83,79.15,512.29,-3.35%
05/04/2010,82.74,86.09,86.24,82.05,497.43,-4.00%
05/03/2010,86.19,86.2,87.15,85.83,324.73,0.05%
04/30/2010,86.15,85.58,86.5,85.16,392.14,1.15%
04/29/2010,85.17,83.33,85.63,83.01,393.69,2.34%
04/28/2010,83.22,81.84,83.44,81.29,400.7,0.95%
04/27/2010,82.44,83.89,84.33,81.7,462.84,-2.09%
04/26/2010,84.2,85.22,85.63,83.73,337.12,-1.08%
04/23/2010,85.12,83.75,85.19,82.92,322.55,1.70%
04/22/2010,83.7,83.47,84.07,81.73,433.95,0.02%
04/21/2010,83.68,84.03,84.64,82.92,428.24,0.28%
04/20/2010,83.45,81.69,83.65,81.51,33.43,2.46%
04/19/2010,81.45,82.92,83,80.53,122.83,-2.15%
04/16/2010,83.24,85.35,85.44,82.52,268.76,-2.65%
04/15/2010,85.51,85.91,86.27,85.27,274.1,-0.38%
04/14/2010,85.84,83.82,86.39,83.71,425.17,2.13%
04/13/2010,84.05,84.36,84.42,82.51,552.3,-0.34%
04/12/2010,84.34,85.17,85.71,84.08,421.9,-0.68%
04/09/2010,84.92,85.56,86.37,84.12,442.94,-0.55%
04/08/2010,85.39,85.64,85.88,84.38,389.6,-0.57%
04/07/2010,85.88,86.76,87,85.52,379.53,-1.11%
04/06/2010,86.84,86.74,87.09,86.13,290.48,0.25%
04/05/2010,86.62,85.31,86.9,85.06,244.11,2.06%
04/01/2010,84.87,83.36,85.37,83.21,234.24,1.33%
03/31/2010,83.76,82.5,83.85,82.22,371.96,1.69%
03/30/2010,82.37,82.5,82.74,81.77,244.44,0.24%
03/29/2010,82.17,80.24,82.78,80.18,311.04,2.71%
03/26/2010,80,80.13,81.46,79.54,324.61,-0.66%
03/25/2010,80.53,80.25,81.48,80.1,296.27,-0.10%
03/24/2010,80.61,81.58,81.64,79.88,307.76,-1.59%
03/23/2010,81.91,81.81,82.2,80.85,261.87,0.81%
03/22/2010,81.25,80.93,81.49,78.57,32.68,0.71%
03/19/2010,80.68,82.17,82.17,79.86,150.68,-1.85%
03/18/2010,82.2,82.85,82.85,81.68,208.34,-0.88%
03/17/2010,82.93,82.05,83.09,81.72,275.21,1.51%
03/16/2010,81.7,79.84,82.1,79.32,290.18,2.38%
03/15/2010,79.8,81.13,81.31,79.13,283.14,-1.77%
03/12/2010,81.24,82.2,83.16,80.57,337.2,-1.06%
03/11/2010,82.11,81.98,82.38,81.33,279.16,0.02%
03/10/2010,82.09,81.38,83.03,80.81,430.15,0.74%
03/09/2010,81.49,81.75,81.91,80.16,332.13,-0.46%
03/08/2010,81.87,81.79,82.41,80.75,295.35,0.45%
03/05/2010,81.5,80.58,82.07,80.47,299.63,1.61%
03/04/2010,80.21,81.01,81.09,79.7,278.89,-0.82%
03/03/2010,80.87,79.64,81.23,79.44,306.91,1.49%
03/02/2010,79.68,78.88,80.95,78.26,301.7,1.25%
03/01/2010,78.7,79.84,80.62,78.06,298.72,-1.21%
02/26/2010,79.66,78.33,80.05,77.82,319.04,1.91%
02/25/2010,78.17,80.31,80.32,77.05,346.03,-2.29%
02/24/2010,80,79.13,80.45,78.25,289.32,1.45%
02/23/2010,78.86,80.03,80.39,78.22,316.88,-1.62%
02/22/2010,80.16,80.1,80.51,79.45,34.94,0.44%
02/19/2010,79.81,78.37,80.1,77.76,183.23,0.95%
02/18/2010,79.06,77.29,79.29,76.32,274.17,2.24%
02/17/2010,77.33,77.32,77.82,76.53,283.82,0.42%
02/16/2010,77.01,74.02,77.42,73.71,365.03,3.89%
02/12/2010,74.13,75.3,75.35,72.66,335.81,-1.53%
02/11/2010,75.28,74.65,75.69,73.38,464.44,1.02%
02/10/2010,74.52,73.79,74.97,72.6,422.06,1.04%
02/09/2010,73.75,71.68,74.15,71.32,429.85,2.59%
02/08/2010,71.89,72.18,72.39,70.77,345.64,0.98%
02/05/2010,71.19,73.04,73.94,69.5,596.14,-2.67%
02/04/2010,73.14,77.09,77.17,72.42,523.89,-4.99%
02/03/2010,76.98,76.99,78.04,76.52,391.29,-0.32%
02/02/2010,77.23,74.94,77.41,74.4,366.27,3.76%
02/01/2010,74.43,72.84,74.99,72.49,277.41,2.11%
01/29/2010,72.89,73.89,74.82,72.43,335.27,-1.02%
01/28/2010,73.64,73.75,74.49,72.93,292.91,-0.04%
01/27/2010,73.67,74.69,75.09,72.65,356.18,-1.39%
01/26/2010,74.71,75.28,75.39,73.82,256.21,-0.73%
01/25/2010,75.26,74.24,75.42,74.06,280.56,0.97%
01/22/2010,74.54,75.84,76.5,74.01,348.82,-2.02%
01/21/2010,76.08,77.56,78.36,75.66,327.42,-1.98%
01/20/2010,77.62,78.88,79.03,76.96,40.68,-1.77%
01/19/2010,79.02,77.85,79.15,76.76,186.88,1.31%
01/15/2010,78,79.2,79.31,77.7,200.56,-1.75%
01/14/2010,79.39,79.63,80.36,78.92,275.4,-0.33%
01/13/2010,79.65,80.06,80.67,78.37,401.63,-1.41%
01/12/2010,80.79,82.07,82.34,79.91,333.87,-2.10%
01/11/2010,82.52,82.88,83.95,81.96,296.3,-0.28%
01/08/2010,82.75,82.65,83.47,81.8,310.38,0.11%
01/07/2010,82.66,83.2,83.36,82.26,246.63,-0.63%
01/06/2010,83.18,81.43,83.52,80.85,370.06,1.72%
01/05/2010,81.77,81.63,82,80.95,258.89,0.32%
01/04/2010,81.51,79.63,81.79,79.63,263.54,2.71%
12/31/2009,79.36,79.28,80,79.16,120.37,0.10%
12/30/2009,79.28,78.8,79.8,78.46,156.08,0.52%
12/29/2009,78.87,78.66,79.39,78.02,137.09,0.13%
12/28/2009,78.77,77.92,79.12,77.76,108.9,0.92%
12/24/2009,78.05,76.59,78.25,76.19,102.48,1.80%
12/23/2009,76.67,74.52,77,74.25,205.59,3.05%
12/22/2009,74.4,73.43,74.91,72.72,196.83,2.66%
12/21/2009,72.47,73.05,74.32,71.99,25.99,-1.21%
12/18/2009,73.36,72.6,74.69,72.55,122.74,0.98%
12/17/2009,72.65,72.74,73.13,71.21,173.96,-0.01%
12/16/2009,72.66,70.78,73.55,70.59,298.38,2.79%
12/15/2009,70.69,69.57,71.15,69.31,262.95,1.70%
12/14/2009,69.51,69.63,70.22,68.59,268.93,-0.52%
12/11/2009,69.87,70.57,71.2,69.46,343.41,-0.95%
12/10/2009,70.54,70.8,71.39,69.81,407.66,-0.18%
12/09/2009,70.67,73.12,73.87,70.13,526.97,-2.69%
12/08/2009,72.62,74,74.39,72.43,424.77,-1.77%
12/07/2009,73.93,75.8,76.1,73.7,359.25,-2.04%
12/04/2009,75.47,75.83,77.9,74.85,411.58,-1.29%
12/03/2009,76.46,76.51,77.5,75.54,351.79,-0.18%
12/02/2009,76.6,77.9,78.59,76.22,340.9,-2.26%
12/01/2009,78.37,77.35,79.04,77.01,310.48,1.41%
11/30/2009,77.28,76.05,78,75.13,358.54,1.62%
11/27/2009,76.05,77.8,77.94,72.39,301.35,-2.45%
11/25/2009,77.96,75.83,78.09,75.5,337.39,2.55%
11/24/2009,76.02,77.45,77.8,75.6,413.03,-1.99%
11/23/2009,77.56,77.8,79.92,77.15,382.89,1.09%
11/20/2009,76.72,77.59,77.99,76.2,35.05,-0.96%
11/19/2009,77.46,79.63,79.87,77.06,175.23,-2.66%
11/18/2009,79.58,79.38,80.33,78.67,253.66,0.56%
11/17/2009,79.14,78.93,79.73,78.14,319.24,0.30%
11/16/2009,78.9,76.58,79.43,76.35,361.39,3.34%
11/13/2009,76.35,76.78,77.67,75.57,335.37,-0.77%
11/12/2009,76.94,79.25,79.69,76.52,412.83,-2.95%
11/11/2009,79.28,78.88,80.1,78.57,297.82,0.29%
11/10/2009,79.05,79.24,80.51,77.89,371.09,-0.48%
11/09/2009,79.43,77.87,80.19,77.77,327.4,2.58%
11/06/2009,77.43,79.8,80.34,76.71,395.8,-2.75%
11/05/2009,79.62,80.29,80.52,79.34,257.6,-0.97%
11/04/2009,80.4,79.47,81.06,79.12,366.1,1.01%
11/03/2009,79.6,78.09,79.77,76.55,373.99,1.88%
11/02/2009,78.13,77.02,78.66,76.56,371.01,1.47%
10/30/2009,77,79.98,80.21,76.85,412.39,-3.59%
10/29/2009,79.87,78.75,80.46,77.03,360.58,3.11%
10/28/2009,77.46,79.47,79.83,77.06,359.44,-2.63%
10/27/2009,79.55,78.68,79.89,77.81,375.67,1.11%
10/26/2009,78.68,79.65,81.58,77.97,363.91,-2.26%
10/23/2009,80.5,81.26,81.78,79.55,293.75,-0.85%
10/22/2009,81.19,81.04,81.5,79.86,295.41,-0.22%
10/21/2009,81.37,78.69,82,77.64,395.74,2.88%
10/20/2009,79.09,79.61,80.05,78.05,40.16,-0.65%
10/19/2009,79.61,78.56,79.69,78.05,131.53,1.38%
10/16/2009,78.53,77.76,78.75,76.82,238.42,1.22%
10/15/2009,77.58,75.34,77.97,74.79,355.57,3.19%
10/14/2009,75.18,74.4,75.53,74.4,296.01,1.39%
10/13/2009,74.15,73.17,74.55,72.83,361.15,1.20%
10/12/2009,73.27,72.24,73.84,72.05,260.23,2.09%
10/09/2009,71.77,71.42,72.35,70.62,322.28,0.11%
10/08/2009,71.69,69.8,72.55,69.17,405.21,3.05%
10/07/2009,69.57,71.16,71.76,68.88,346.92,-1.85%
10/06/2009,70.88,70.26,71.97,70.06,313.29,0.67%
10/05/2009,70.41,69.81,71,68.05,346.92,0.66%
10/02/2009,69.95,70.35,70.69,68.32,312.01,-1.23%
10/01/2009,70.82,70.4,71.39,69.13,334.69,0.30%
09/30/2009,70.61,66.71,70.72,66.22,386.69,5.85%
09/29/2009,66.71,67.11,67.33,65.82,247.35,-0.19%
09/28/2009,66.84,66.15,67.54,65.41,231.41,1.24%
09/25/2009,66.02,65.92,67.09,65.05,315.32,0.20%
09/24/2009,65.89,68.33,68.77,65.6,357.46,-4.47%
09/23/2009,68.97,71.63,71.81,68.04,307.58,-3.61%
09/22/2009,71.55,69.67,71.85,69.61,31.2,2.64%
09/21/2009,69.71,71.78,72.2,68.96,142.85,-3.23%
09/18/2009,72.04,72.4,72.66,71.27,165.7,-0.59%
09/17/2009,72.47,72.31,73.16,71.66,235.71,-0.06%
09/16/2009,72.51,70.4,72.56,70.14,291.95,2.23%
09/15/2009,70.93,68.78,71.19,68.48,288.04,3.01%
09/14/2009,68.86,69.15,69.51,68.02,255.72,-0.62%
09/11/2009,69.29,72.05,72.9,68.82,374.69,-3.68%
09/10/2009,71.94,71.64,72.44,70.86,345.55,0.88%
09/09/2009,71.31,71.33,72.52,70.66,331.98,0.30%
09/08/2009,71.1,67.87,71.79,67.54,374.24,4.53%
09/04/2009,68.02,68.19,68.78,67.12,229.78,0.09%
09/03/2009,67.96,68.15,69.4,67.66,231.97,-0.13%
09/02/2009,68.05,67.7,68.8,67.05,269.5,0.00%
09/01/2009,68.05,69.85,71.37,68,336.84,-2.73%
08/31/2009,69.96,71,73.36,69.13,276.97,-3.82%
08/28/2009,72.74,72.86,73.52,71.78,239.22,0.34%
08/27/2009,72.49,71.36,72.95,69.83,272.73,1.48%
08/26/2009,71.43,71.35,72.64,70.67,255.5,-0.86%
08/25/2009,72.05,73.97,75,71.11,324.4,-3.12%
08/24/2009,74.37,73.75,74.81,73.57,208.7,0.65%
08/21/2009,73.89,72.88,74.72,72.03,246.23,1.86%
08/20/2009,72.54,72.15,72.88,71.65,35.49,0.17%
08/19/2009,72.42,70.25,72.8,68.05,126.68,4.67%
08/18/2009,69.19,66.8,70.29,66.11,182.99,3.66%
08/17/2009,66.75,67.69,67.69,65.23,264.79,-1.13%
08/14/2009,67.51,70.9,71.6,67.12,320.14,-4.27%
08/13/2009,70.52,70.54,72.21,70.05,322.97,0.51%
08/12/2009,70.16,69.67,71.13,68.84,342.27,1.02%
08/11/2009,69.45,70.76,71.25,68.71,389.08,-1.63%
08/10/2009,70.6,70.67,71.57,70.09,304.09,-0.47%
08/07/2009,70.93,71.81,72.84,70.38,367.02,-1.40%
08/06/2009,71.94,71.83,72.42,70.18,328.67,-0.04%
08/05/2009,71.97,71.82,72.1,69.71,307.55,0.77%
08/04/2009,71.42,71.34,71.95,70.16,285.88,-0.22%
08/03/2009,71.58,69.3,72.2,69.09,323.46,3.07%
07/31/2009,69.45,66.69,69.74,64.96,400.84,3.75%
07/30/2009,66.94,62.86,67.29,62.76,344.22,5.67%
07/29/2009,63.35,66.68,67.01,62.7,342.41,-5.77%
07/28/2009,67.23,68.26,68.86,66.48,253.56,-1.68%
07/27/2009,68.38,68.05,68.99,67.6,245.18,0.48%
07/24/2009,68.05,66.62,68.2,66.46,217.27,1.33%
07/23/2009,67.16,65.4,67.49,64.4,321.63,2.69%
07/22/2009,65.4,65.03,65.77,63.76,319.99,1.05%
07/21/2009,64.72,64.2,65.53,63.51,32.22,1.16%
07/20/2009,63.98,63.38,64.9,63.19,125.15,0.66%
07/17/2009,63.56,62.24,63.99,61.04,186.32,2.48%
07/16/2009,62.02,62,62.25,60.29,250.04,0.78%
07/15/2009,61.54,59.79,62,59.65,279.73,3.39%
07/14/2009,59.52,60.14,61.46,59.15,305.95,-0.28%
07/13/2009,59.69,59.86,60.67,58.32,301.91,-0.33%
07/10/2009,59.89,60.45,60.89,58.72,264.75,-0.86%
07/09/2009,60.41,60.38,61.62,59.25,314.8,0.45%
07/08/2009,60.14,62.31,62.68,60.01,334.96,-4.43%
07/07/2009,62.93,64.19,64.91,62.21,262.36,-1.75%
07/06/2009,64.05,66.49,67.17,63.4,256.99,-4.02%
07/02/2009,66.73,69.22,69.74,66.26,243.25,-3.72%
07/01/2009,69.31,70.45,71.85,68.52,304.64,-0.83%
06/30/2009,69.89,71.6,73.38,68.9,331.55,-2.24%
06/29/2009,71.49,69.25,71.92,68.36,229.88,3.37%
06/26/2009,69.16,70.34,71.29,68.81,208.03,-1.52%
06/25/2009,70.23,68.29,70.93,68.11,254.94,2.27%
06/24/2009,68.67,68.55,69.86,68.06,242.86,-0.82%
06/23/2009,69.24,67.15,69.68,66.37,279.9,3.45%
06/22/2009,66.93,69.89,69.89,66.25,32.07,-3.77%
06/19/2009,69.55,71.35,72.3,68.9,115.71,-2.55%
06/18/2009,71.37,70.82,71.75,70.22,178.85,0.48%
06/17/2009,71.03,70.26,71.28,69,265.58,0.79%
06/16/2009,70.47,70.31,72.77,69.8,266.35,-0.21%
06/15/2009,70.62,72.2,72.35,69.58,242.21,-1.97%
06/12/2009,72.04,72.43,72.63,70.8,224.6,-0.88%
06/11/2009,72.68,71.46,73.23,71.32,314.79,1.89%
06/10/2009,71.33,70.51,71.79,70.43,346.25,1.89%
06/09/2009,70.01,68.69,70.69,68.43,316.88,2.82%
06/08/2009,68.09,68.32,68.95,66.78,289.28,-0.51%
06/05/2009,68.44,68.73,70.32,67.54,329.26,-0.54%
06/04/2009,68.81,66.09,69.6,65.92,304.67,4.07%
06/03/2009,66.12,68.25,68.95,64.95,322.37,-3.54%
06/02/2009,68.55,68.04,69.05,67.5,266.86,-0.04%
06/01/2009,68.58,66.48,68.68,66.23,234.08,3.42%
05/29/2009,66.31,64.77,66.64,64.68,261.37,1.89%
05/28/2009,65.08,62.91,65.44,62.75,281.44,2.57%
05/27/2009,63.45,62.87,63.82,62.19,261.89,1.60%
05/26/2009,62.45,61.5,62.54,59.53,267.13,1.26%
05/22/2009,61.67,61.05,61.98,60.5,186.3,1.02%
05/21/2009,61.05,61.68,61.87,59.92,237.41,-1.60%
05/20/2009,62.04,60.18,62.26,59.86,270.02,4.01%
05/19/2009,59.65,59.16,60.48,58.55,40.96,1.05%
05/18/2009,59.03,56.47,59.33,56.12,134.71,4.77%
05/15/2009,56.34,58.54,58.88,56.07,216.09,-3.89%
05/14/2009,58.62,57.73,59,56.55,260.46,1.03%
05/13/2009,58.02,59.29,59.9,57.41,311.8,-1.41%
05/12/2009,58.85,58.1,60.08,57.81,305.96,0.60%
05/11/2009,58.5,58.49,58.63,56.78,290.03,-0.22%
05/08/2009,58.63,56.5,58.75,56.15,291.82,3.39%
05/07/2009,56.71,56.3,58.57,55.46,377.83,0.66%
05/06/2009,56.34,54.12,56.47,53.57,334.3,4.64%
05/05/2009,53.84,54.46,54.83,53.5,234.31,-1.16%
05/04/2009,54.47,52.62,54.64,52.56,229.78,2.39%
05/01/2009,53.2,50.95,53.65,50.43,248.75,4.07%
04/30/2009,51.12,50.79,51.94,50.21,208.3,0.29%
04/29/2009,50.97,49.25,51.42,49.12,234.83,2.10%
04/28/2009,49.92,50.1,50.19,48.55,186.82,-0.44%
04/27/2009,50.14,51.45,51.45,48.01,265.29,-2.74%
04/24/2009,51.55,49.65,51.75,49.06,230.87,3.89%
04/23/2009,49.62,48.49,49.92,48.37,227.3,1.58%
04/22/2009,48.85,48.68,49.09,47.7,238.73,5.03%
04/21/2009,46.51,45.26,47.2,43.83,23.86,1.37%
04/20/2009,45.88,50.16,50.31,45.44,89.9,-8.84%
04/17/2009,50.33,49.93,51.37,49.41,137.02,0.70%
04/16/2009,49.98,49.7,50.48,49.11,196.96,1.48%
04/15/2009,49.25,49.16,50.79,48.91,228.06,-0.32%
04/14/2009,49.41,49.96,51.12,48.85,284.71,-1.28%
04/13/2009,50.05,52,52.15,48.84,290.46,-4.19%
04/09/2009,52.24,49.96,52.45,49.72,294.84,5.79%
04/08/2009,49.38,48.47,51.3,47.37,352.61,0.47%
04/07/2009,49.15,51.39,51.82,48.4,254.03,-3.72%
04/06/2009,51.05,52.4,53.6,49.81,228.98,-2.78%
04/03/2009,52.51,52.36,53.9,51.02,212.17,-0.25%
04/02/2009,52.64,48.45,52.87,48.45,270.27,8.78%
04/01/2009,48.39,48.96,48.96,47.26,234.22,-2.56%
03/31/2009,49.66,48.64,50,47.77,240.25,2.58%
03/30/2009,48.41,52.25,52.25,48.11,222.17,-7.58%
03/27/2009,52.38,54,54.28,51.64,181.17,-3.61%
03/26/2009,54.34,52.84,54.66,52.76,196.92,2.98%
03/25/2009,52.77,53.73,54.18,51.86,283.73,-2.24%
03/24/2009,53.98,53.83,54.2,52.45,212.79,0.33%
03/23/2009,53.8,52.13,54.05,51.62,229.89,5.37%
03/20/2009,51.06,51.06,52.13,50.3,25.55,-1.07%
03/19/2009,51.61,49.73,52.25,48.78,96.38,7.21%
03/18/2009,48.14,48.67,49.87,46.92,125.34,-2.07%
03/17/2009,49.16,47.06,49.82,46.53,214.93,3.82%
03/16/2009,47.35,45.2,47.63,43.62,240.08,2.38%
03/13/2009,46.25,47.21,48.14,45.6,221.03,-1.66%
03/12/2009,47.03,42.73,47.22,42.51,316.57,11.10%
03/11/2009,42.33,45.57,46.04,42.08,339.88,-7.39%
03/10/2009,45.71,47.25,48.32,45.33,289.16,-2.89%
03/09/2009,47.07,45.76,48.83,44.97,390.59,3.41%
03/06/2009,45.52,43.61,46.3,43.45,306.35,4.38%
03/05/2009,43.61,45.42,45.7,42.86,228.19,-3.90%
03/04/2009,45.38,41.38,45.76,41.04,319.76,8.96%
03/03/2009,41.65,40.1,42.07,39.44,241.54,3.74%
03/02/2009,40.15,44.34,44.49,39.84,245.23,-10.30%
02/27/2009,44.76,44.59,44.91,42.55,274.58,-1.02%
02/26/2009,45.22,42.39,45.3,42.27,287.2,6.40%
02/25/2009,42.5,39.92,42.83,39.4,323.43,6.36%
02/24/2009,39.96,38.1,40.13,37.65,238.19,3.95%
02/23/2009,38.44,39.73,41.49,37.87,285.91,-1.28%
02/20/2009,38.94,38.86,39.5,36.91,25.55,-1.37%
02/19/2009,39.48,34.75,39.85,34.59,82.55,14.04%
02/18/2009,34.62,35.02,36.22,34.13,73.86,-0.89%
02/17/2009,34.93,37.81,38.49,34.45,153.71,-6.88%
02/13/2009,37.51,34.36,38.25,33.81,281.71,10.39%
02/12/2009,33.98,35.92,36.25,33.55,326.18,-5.45%
02/11/2009,35.94,38.15,38.47,35.65,315.65,-4.29%
02/10/2009,37.55,39.76,41.8,37.35,359.67,-5.08%
02/09/2009,39.56,39.88,42.43,39.42,317.5,-1.52%
02/06/2009,40.17,41,42.68,38.6,518.38,-2.43%
02/05/2009,41.17,40.3,41.25,39.46,229.73,2.11%
02/04/2009,40.32,40.93,41.92,39.74,254.2,-1.13%
02/03/2009,40.78,40.28,41.17,39.65,244.62,1.75%
02/02/2009,40.08,41.75,42.31,39.83,263.65,-3.84%
01/30/2009,41.68,41.65,43.44,41.02,237.73,0.58%
01/29/2009,41.44,42.22,42.32,40.18,245.85,-1.71%
01/28/2009,42.16,41.99,43.6,40.6,291.42,1.39%
01/27/2009,41.58,45.65,47.49,41.41,308.44,-9.08%
01/26/2009,45.73,46.05,48.59,45.25,277.5,-1.59%
01/23/2009,46.47,43.26,47,41.4,269.76,6.41%
01/22/2009,43.67,44.21,45.1,40.41,317.57,0.28%
01/21/2009,43.55,40.91,44.43,40.24,276.26,12.42%
01/20/2009,38.74,36.14,39.55,32.7,28.52,6.11%
01/16/2009,36.51,35.28,36.87,34.18,97.98,3.14%
01/15/2009,35.4,37.34,37.99,33.2,179.93,-5.04%
01/14/2009,37.28,38.72,39.45,35.52,311.08,-1.32%
01/13/2009,37.78,37.49,39.5,36.1,340.62,0.51%
01/12/2009,37.59,40.55,40.8,37.48,272.83,-7.94%
01/09/2009,40.83,42.45,42.7,39.38,277.43,-2.09%
01/08/2009,41.7,42.63,43.63,40.54,312.49,-2.18%
01/07/2009,42.63,48.41,49.09,42.41,306.26,-12.25%
01/06/2009,48.58,48.4,50.47,47.6,331.31,-0.47%
01/05/2009,48.81,47.04,49.28,45.56,258.76,5.33%
01/02/2009,46.34,43.72,46.74,41.05,184.68,3.90%
12/31/2008,44.6,39.17,45.54,36.94,188.6,14.27%
12/30/2008,39.03,40.01,40.39,37.93,137.26,-2.47%
12/29/2008,40.02,38.4,42.2,37.53,150.6,6.13%
12/26/2008,37.71,35.7,38.03,35.6,64.55,6.68%
12/24/2008,35.35,39.15,39.69,35.13,93.38,-9.31%
12/23/2008,38.98,39.55,40.65,37.79,146.2,-2.33%
12/22/2008,39.91,42.79,43.44,39.5,149.14,17.83%
12/19/2008,33.87,36.26,37.59,32.4,24.69,-6.49%
12/18/2008,36.22,40.32,40.9,35.98,96,-9.59%
12/17/2008,40.06,43.75,45.5,39.88,174.26,-8.12%
12/16/2008,43.6,44.95,46.53,42.56,259.9,-2.04%
12/15/2008,44.51,46.77,50.05,44.1,256.31,-3.82%
12/12/2008,46.28,47,47.51,43.32,291.63,-3.54%
12/11/2008,47.98,44.05,49.12,43.28,317.27,10.25%
12/10/2008,43.52,42.4,46.17,41.89,362.39,3.45%
12/09/2008,42.07,44.05,44.57,41.83,240.87,-3.75%
12/08/2008,43.71,41.64,44.7,41.55,289.53,7.11%
12/05/2008,40.81,43.78,44.47,40.5,327.14,-6.55%
12/04/2008,43.67,47,47.27,43.36,232.45,-6.67%
12/03/2008,46.79,47.76,48.1,46.26,217.57,-0.36%
12/02/2008,46.96,48.85,50.25,46.82,233.25,-4.71%
12/01/2008,49.28,54.62,54.62,48.62,217.05,-9.46%
11/28/2008,54.43,54.3,55.98,51.12,129.16,-0.02%
11/26/2008,54.44,50.65,54.97,50.15,243.44,7.23%
11/25/2008,50.77,54.3,54.66,50.52,228.41,-6.84%
11/24/2008,54.5,50.97,55.3,48.8,233.07,9.15%
11/21/2008,49.93,48.57,51.12,48.25,213.65,0.62%
11/20/2008,49.62,53.1,53.3,48.5,38.95,-7.46%
11/19/2008,53.62,54.7,55.34,52.79,161.38,-1.42%
11/18/2008,54.39,55.01,55.98,53.96,189.69,-1.02%
11/17/2008,54.95,56.74,58.98,54.72,337.54,-3.66%
11/14/2008,57.04,59.39,59.96,55.69,245.86,-2.06%
11/13/2008,58.24,55.44,59.66,54.67,322.69,3.70%
11/12/2008,56.16,59,59.5,55.5,261.42,-5.34%
11/11/2008,59.33,62.14,62.28,58.32,258.31,-4.94%
11/10/2008,62.41,61.8,65.56,59.1,286.65,2.24%
11/07/2008,61.04,60.67,62.82,59.97,236.05,0.44%
11/06/2008,60.77,65.02,65.5,60.16,292.02,-6.94%
11/05/2008,65.3,70,70.46,65,272.47,-7.42%
11/04/2008,70.53,63.8,71.77,62.25,329.19,10.36%
11/03/2008,63.91,67.37,69.19,63.63,236.43,-5.75%
10/31/2008,67.81,65.58,68.6,63.12,256.88,2.80%
10/30/2008,65.96,68.11,70.6,64.04,279.2,-2.28%
10/29/2008,67.5,64.5,69.24,63.65,315.42,7.60%
10/28/2008,62.73,62.24,65.2,61.61,222.08,-0.78%
10/27/2008,63.22,64.78,65.77,61.3,234.15,-1.45%
10/24/2008,64.15,69.42,69.5,62.65,253.81,-5.44%
10/23/2008,67.84,67.21,69.42,65.9,256.89,1.63%
10/22/2008,66.75,71.47,71.8,66.2,272.32,-5.84%
10/21/2008,70.89,75.62,75.69,69.77,24.68,-4.53%
10/20/2008,74.25,72.16,76.12,71.77,137.3,3.34%
10/17/2008,71.85,72.3,74.3,69.84,141.91,2.86%
10/16/2008,69.85,73.6,74.5,68.57,283.09,-6.29%
10/15/2008,74.54,78.75,79.17,73.55,221.14,-5.20%
10/14/2008,78.63,82,84.83,78.31,266.14,-3.15%
10/13/2008,81.19,80.12,82.52,79.45,210.71,4.49%
10/10/2008,77.7,84.93,85.13,77.09,364,-10.27%
10/09/2008,86.59,88.8,89.82,84.19,248.21,-2.65%
10/08/2008,88.95,89.56,90.99,86.05,339.34,-1.23%
10/07/2008,90.06,88.96,93.02,87.87,342.92,2.56%
10/06/2008,87.81,92.5,92.68,87.56,281.99,-6.47%
10/03/2008,93.88,93.85,96.03,91.3,238.98,-0.10%
10/02/2008,93.97,98.73,100.37,93.56,223.27,-4.63%
10/01/2008,98.53,101.86,102.84,95.95,280.3,-2.10%
09/30/2008,100.64,95.4,102.46,93.36,252.74,4.43%
09/29/2008,96.37,106.89,106.91,95.04,248.52,-9.84%
09/26/2008,106.89,107.7,108.11,104.25,168.45,-1.05%
09/25/2008,108.02,105.53,108.67,103.22,245.16,2.17%
09/24/2008,105.73,106.93,109.5,104.8,233.42,-0.83%
09/23/2008,106.61,108.98,109.58,104.05,316.03,-11.83%
09/22/2008,120.92,104.97,130,103.35,41.53,15.66%
09/19/2008,104.55,97.95,105.25,97.39,184.77,6.81%
09/18/2008,97.88,97.1,102.24,95.73,243.36,0.74%
09/17/2008,97.16,92.81,97.63,91.36,343.69,6.59%
09/16/2008,91.15,94.23,94.32,90.51,327.16,-4.76%
09/15/2008,95.71,101,101.19,94,334.9,-5.41%
09/12/2008,101.18,101.15,102.89,99.99,273.12,0.31%
09/11/2008,100.87,102.78,103.95,100.1,311.51,-1.67%
09/10/2008,102.58,102.2,104.97,101.36,331.52,-0.66%
09/09/2008,103.26,106.66,106.77,101.74,332.46,-2.90%
09/08/2008,106.34,107.75,109.89,104.7,317.92,0.10%
09/05/2008,106.23,107.48,108.1,105.13,249.11,-1.54%
09/04/2008,107.89,109.4,110.6,106.52,264.19,-1.34%
09/03/2008,109.35,110.24,110.3,107.22,247.58,-0.33%
09/02/2008,109.71,116.65,118.6,105.46,389.71,-4.98%
08/29/2008,115.46,115.75,118.76,115,216.48,-0.11%
08/28/2008,115.59,118.16,120.5,114.08,272.32,-2.17%
08/27/2008,118.15,116.04,119.63,115.64,265.81,1.62%
08/26/2008,116.27,115.5,117.89,112.36,311.87,1.01%
08/25/2008,115.11,114.69,116.06,113.68,174.45,0.45%
08/22/2008,114.59,121.55,121.86,114.18,276.22,-5.44%
08/21/2008,121.18,115.86,122.04,115.4,308.11,5.39%
08/20/2008,114.98,115.11,117.03,112.61,45.77,0.39%
08/19/2008,114.53,113.11,116.65,111.64,149.29,1.47%
08/18/2008,112.87,113.94,115.35,112,178.63,-0.79%
08/15/2008,113.77,114.83,115.2,111.34,276.81,-1.08%
08/14/2008,115.01,116.39,117.42,112.59,268.2,-0.85%
08/13/2008,116,113.09,117.46,112.87,322.97,2.65%
08/12/2008,113.01,114.53,115.95,112.31,303.79,-1.26%
08/11/2008,114.45,115.2,116.9,112.72,295.33,-0.65%
08/08/2008,115.2,119.9,120.08,114.62,297.33,-4.02%
08/07/2008,120.02,118.8,121.78,117.91,304.2,1.21%
08/06/2008,118.58,118.75,120.49,117.11,307.99,-0.50%
08/05/2008,119.17,121,121.23,118,316.59,-1.84%
08/04/2008,121.41,125.98,126.35,119.5,294.05,-2.95%
08/01/2008,125.1,124.06,128.6,122.1,277.31,0.82%
07/31/2008,124.08,126.9,127.89,122.71,280.83,-2.12%
07/30/2008,126.77,121.9,127.39,120.8,309.08,3.75%
07/29/2008,122.19,124.94,125.85,120.42,263.55,-2.04%
07/28/2008,124.73,123.41,125.22,122.63,197.07,1.19%
07/25/2008,123.26,125.6,126.51,122.5,217.95,-1.78%
07/24/2008,125.49,124.46,126.44,123.5,267.71,0.84%
07/23/2008,124.44,128.5,128.7,124.12,293.2,-2.74%
07/22/2008,127.95,131.04,132.07,125.63,44.13,-2.36%
07/21/2008,131.04,128.88,132.05,128.63,133.66,1.68%
07/18/2008,128.88,129.56,132.04,128.23,208.7,-0.32%
07/17/2008,129.29,135.11,136.75,129,379.08,-3.95%
07/16/2008,134.6,138.77,139.3,132,293.86,-2.98%
07/15/2008,138.74,145.19,146.73,135.92,392.23,-4.44%
07/14/2008,145.18,144.69,146.37,142.49,252.61,0.07%
07/11/2008,145.08,141.8,147.27,141.44,334.94,2.42%
07/10/2008,141.65,135.8,142.13,135.43,294.34,4.12%
07/09/2008,136.05,136,138.28,135.34,299.14,0.01%
07/08/2008,136.04,141.59,142.44,135.14,382.4,-3.77%
07/07/2008,141.37,144.27,144.53,139.5,304.15,-2.70%
07/03/2008,145.29,144.19,145.85,143.22,193.84,1.20%
07/02/2008,143.57,141.44,144.32,140.01,253.4,1.84%
07/01/2008,140.97,140.18,143.33,139.95,238.75,0.69%
06/30/2008,140,140.6,143.67,139.17,253.43,-0.15%
06/27/2008,140.21,139.44,142.99,138.61,277.52,0.41%
06/26/2008,139.64,134.52,140.39,133.68,295.77,3.78%
06/25/2008,134.55,137.07,137.58,131.95,290.4,-1.79%
06/24/2008,137,137.25,138.75,135.9,229.37,0.19%
06/23/2008,136.74,134.8,138.14,134.05,248.74,1.57%
06/20/2008,134.62,132.06,136.8,131.19,37.3,2.04%
06/19/2008,131.93,136.09,137.82,131.48,194.15,-3.48%
06/18/2008,136.68,133.5,136.88,131.82,225.86,1.99%
06/17/2008,134.01,133.6,135.23,132,307.17,-0.45%
06/16/2008,134.61,134.41,139.89,132.84,291.34,-0.19%
06/13/2008,134.86,136.97,137.08,133.46,262.88,-1.37%
06/12/2008,136.74,136.54,137.46,131.55,418.09,0.26%
06/11/2008,136.38,131.79,138.3,131.35,374.43,3.86%
06/10/2008,131.31,135.02,137.98,130.8,394.36,-2.26%
06/09/2008,134.35,137.97,138.25,133,348.55,-3.02%
06/06/2008,138.54,128.2,139.12,127.81,508.75,8.41%
06/05/2008,127.79,122.23,128.38,121.61,333.37,4.49%
06/04/2008,122.3,124.23,125.1,121.84,335.55,-1.62%
06/03/2008,124.31,127.5,127.98,123.87,301.12,-2.70%
06/02/2008,127.76,127.63,129.35,125.22,304.81,0.32%
05/30/2008,127.35,126.59,128.3,124.67,309.34,0.58%
05/29/2008,126.62,130.75,133.12,126.11,424.27,-3.37%
05/28/2008,131.03,128.3,131.58,125.96,369.87,1.69%
05/27/2008,128.85,131.68,133.65,128.18,326.6,-2.53%
05/23/2008,132.19,130.75,133.71,130.16,321.34,1.05%
05/22/2008,130.81,133.89,135.09,130.07,425.1,-1.77%
05/21/2008,133.17,129.1,134.15,128.6,362.02,3.18%
05/20/2008,129.07,127.49,129.6,126.67,59.34,1.59%
05/19/2008,127.05,126.35,127.77,125.28,213.09,0.60%
05/16/2008,126.29,124.4,127.82,124.04,269.77,1.75%
05/15/2008,124.12,123.83,126.64,120.75,411.68,-0.08%
05/14/2008,124.22,125.97,126.04,123.77,313.21,-1.26%
05/13/2008,125.8,123.76,126.98,123.1,375.77,1.26%
05/12/2008,124.23,125.84,126.4,123.7,347.94,-1.37%
05/09/2008,125.96,124.28,126.27,124.08,338.77,1.84%
05/08/2008,123.69,123.81,124.61,121.58,387.99,0.13%
05/07/2008,123.53,121.76,123.93,120.54,366.21,1.39%
05/06/2008,121.84,119.9,122.73,119.33,331.91,1.56%
05/05/2008,119.97,116.5,120.36,116.05,265.27,3.14%
05/02/2008,116.32,112.25,116.8,111.78,287.46,3.38%
05/01/2008,112.52,114.6,115.23,110.3,291.26,-0.83%
04/30/2008,113.46,115.36,116.7,113.3,313.04,-1.88%
04/29/2008,115.63,118.84,118.84,114.95,303.54,-2.63%
04/28/2008,118.75,118.95,119.93,118.16,201.65,0.19%
04/25/2008,118.52,115.95,119.55,114.51,288.73,2.12%
04/24/2008,116.06,117.93,118.3,114.25,319.98,-1.89%
04/23/2008,118.3,118.33,118.69,116.45,243.83,-0.90%
04/22/2008,119.37,117.53,119.9,116.85,54.46,1.61%
04/21/2008,117.48,116.93,117.83,115.65,134.02,0.68%
04/18/2008,116.69,115,117,112.72,206.38,1.59%
04/17/2008,114.86,115,115.54,114.1,227.42,-0.06%
04/16/2008,114.93,113.85,115.14,112.19,297.36,1.00%
04/15/2008,113.79,111.8,114.08,111.8,222.35,1.82%
04/14/2008,111.76,110,111.99,109.56,199.91,1.47%
04/11/2008,110.14,110.06,110.82,108.92,240.81,0.03%
04/10/2008,110.11,110.7,112.2,108.75,312.66,-0.69%
04/09/2008,110.87,108.75,112.21,107.95,326.22,2.18%
04/08/2008,108.5,108.88,109.64,107.64,307.8,-0.54%
04/07/2008,109.09,106.12,109.48,105.86,278.97,2.69%
04/04/2008,106.23,104.26,106.38,104.03,231.01,2.31%
04/03/2008,103.83,104.53,106.44,103.21,322.59,-0.95%
04/02/2008,104.83,100.83,105.1,99.84,295.76,3.81%
04/01/2008,100.98,101.57,102.55,99.55,299.41,-0.59%
03/31/2008,101.58,105.12,106.78,100.25,332.27,-3.83%
03/28/2008,105.62,107.19,107.63,104.71,261.69,-1.82%
03/27/2008,107.58,106,108.22,105.03,311.98,1.59%
03/26/2008,105.9,101.55,106.36,101.43,330.87,4.62%
03/25/2008,101.22,100.43,101.86,99.13,303.74,0.36%
03/24/2008,100.86,101.7,102.42,99.95,190.18,-0.96%
03/20/2008,101.84,102.1,102.69,98.65,332.79,-2.53%
03/19/2008,104.48,108.8,108.98,102.95,55.6,-4.51%
03/18/2008,109.42,106.15,109.8,105.68,187.05,3.54%
03/17/2008,105.68,110.1,111.8,103.23,336.08,-4.11%
03/14/2008,110.21,110.24,110.92,108.84,293.22,-0.11%
03/13/2008,110.33,110.06,111,108.76,327.86,0.37%
03/12/2008,109.92,108.65,110.2,107.09,342.58,1.08%
03/11/2008,108.75,107.91,109.72,106.61,349.82,0.79%
03/10/2008,107.9,105.25,108.21,104.08,340.55,2.62%
03/07/2008,105.15,105.58,106.54,103.91,292.4,-0.30%
03/06/2008,105.47,104.64,105.97,102.85,337.77,0.91%
03/05/2008,104.52,99.88,104.95,99.55,414.31,5.02%
03/04/2008,99.52,102.35,103.33,98.87,366.72,-2.86%
03/03/2008,102.45,101.63,103.95,100.77,281.85,0.60%
02/29/2008,101.84,102.55,103.05,101.36,225.73,-0.73%
02/28/2008,102.59,99.63,102.97,98.91,287.91,2.96%
02/27/2008,99.64,101.2,102.08,99.43,267.76,-1.23%
02/26/2008,100.88,99.35,101.43,98.46,265.97,1.66%
02/25/2008,99.23,98.99,99.7,97.75,206.04,0.43%
02/22/2008,98.81,97.5,99.37,97.16,245.95,0.59%
02/21/2008,98.23,100.01,100.33,96.87,312.1,-2.49%
02/20/2008,100.74,99.98,101.32,98.4,59,0.73%
02/19/2008,100.01,95.37,100.1,95.23,194.05,4.72%
02/15/2008,95.5,95.22,96.67,94.66,215.23,0.04%
02/14/2008,95.46,93.29,95.6,93.25,271.47,2.35%
02/13/2008,93.27,92.5,93.89,91.9,270.31,0.53%
02/12/2008,92.78,93.61,94.15,92.06,294.31,-0.87%
02/11/2008,93.59,91.76,94.72,90.92,320.86,1.98%
02/08/2008,91.77,88.29,91.98,88,339.27,4.15%
02/07/2008,88.11,87.06,88.4,86.24,281.57,1.11%
02/06/2008,87.14,88.27,88.94,86.66,301.81,-1.44%
02/05/2008,88.41,89.98,90,87.5,259.72,-1.79%
02/04/2008,90.02,88.66,90.83,88.07,229.47,1.19%
02/01/2008,88.96,91.36,92.12,88.46,287.49,-3.04%
01/31/2008,91.75,91.77,92.3,89.58,316.99,-0.63%
01/30/2008,92.33,92.37,92.71,91.24,241.1,0.75%
01/29/2008,91.64,91.05,92.42,90.33,216.74,0.71%
01/28/2008,90.99,90.62,91.36,88.78,261.94,0.31%
01/25/2008,90.71,89.55,91.38,89.51,306.72,1.45%
01/24/2008,89.41,87.72,89.75,87,286.69,2.78%
01/23/2008,86.99,89.15,89.44,86.65,261.82,-3.18%
01/22/2008,89.85,90.58,91,86.11,59.19,-0.79%
01/18/2008,90.57,89.9,91.32,89.61,164.88,0.49%
01/17/2008,90.13,91,92.19,89.57,209.72,-0.78%
01/16/2008,90.84,91.68,91.9,89.26,353.6,-1.15%
01/15/2008,91.9,94.24,94.38,90.98,316.09,-2.44%
01/14/2008,94.2,92.92,94.43,92.41,257.79,1.63%
01/11/2008,92.69,94.24,94.65,92.31,293.79,-1.09%
01/10/2008,93.71,95.79,96.24,93.25,315.91,-2.05%
01/09/2008,95.67,96.24,97.97,95.42,346.5,-0.69%
01/08/2008,96.33,95.35,97.54,95.26,287.52,1.30%
01/07/2008,95.09,97.79,98.4,94.47,258.89,-2.88%
01/04/2008,97.91,99.17,99.41,97.1,231.79,-1.28%
01/03/2008,99.18,99.23,100.09,98.45,241.27,-0.44%
01/02/2008,99.62,96.05,100,96.05,227.1,3.79%
12/31/2007,95.98,96.12,96.78,94.73,108.6,-0.02%
12/28/2007,96,96.84,97.92,95.87,143.68,-0.64%
12/27/2007,96.62,95.81,97.79,95.22,148.82,0.68%
12/26/2007,95.97,93.99,96.54,93.99,119.88,1.95%
12/24/2007,94.13,93.58,94.23,92.5,55.64,0.88%
12/21/2007,93.31,91.04,93.84,90.83,189.55,2.47%
12/20/2007,91.06,91.39,92.25,90.57,165.41,-0.20%
12/19/2007,91.24,90.35,92.35,89.7,207.86,0.83%
12/18/2007,90.49,90.97,92.88,88.88,44.57,-0.15%
12/17/2007,90.63,91.43,91.95,89.49,128.73,-0.70%
12/14/2007,91.27,92.57,93.38,90.6,234.01,-1.06%
12/13/2007,92.25,94.21,94.85,91.85,339.59,-2.27%
12/12/2007,94.39,89.45,94.85,89.26,358.04,4.85%
12/11/2007,90.02,88.22,90.55,87.92,260.04,2.46%
12/10/2007,87.86,88.27,89.8,87.09,288.6,-0.48%
12/07/2007,88.28,90.53,90.68,87.07,288.37,-2.16%
12/06/2007,90.23,87.27,90.73,85.82,279.6,3.13%
12/05/2007,87.49,88.23,90.39,86.82,295.12,-0.94%
12/04/2007,88.32,89.68,89.98,87.34,281.15,-1.11%
12/03/2007,89.31,88.79,89.99,87.14,308.01,0.68%
11/30/2007,88.71,91.19,91.52,88.45,298.16,-2.53%
11/29/2007,91.01,91.36,95.17,90.43,409.51,0.43%
11/28/2007,90.62,94.56,95.22,90.33,353.78,-4.02%
11/27/2007,94.42,96.88,97.28,94.21,266.5,-3.36%
11/26/2007,97.7,98.28,99.11,96.5,231.37,-0.49%
11/23/2007,98.18,97.36,98.47,96.16,82.09,0.91%
11/21/2007,97.29,98.09,99.29,96.31,287.61,-0.75%
11/20/2007,98.03,94.88,98.62,93.99,286.53,3.58%
11/19/2007,94.64,93.88,95.15,93.16,240.22,-0.48%
11/16/2007,95.1,93.7,95.73,93.2,63.1,1.79%
11/15/2007,93.43,93.95,94.64,91.86,226.71,-0.70%
11/14/2007,94.09,91.35,94.37,91.21,280.74,3.20%
11/13/2007,91.17,93.59,94.7,90.13,502.95,-3.65%
11/12/2007,94.62,96.01,96.2,93.54,317.04,-1.76%
11/09/2007,96.32,95.91,96.68,94.54,329.49,0.90%
11/08/2007,95.46,95.84,97.7,94.93,347.19,-0.94%
11/07/2007,96.37,96.83,98.62,94.62,448.36,-0.34%
11/06/2007,96.7,94.46,97.1,94.41,302.22,2.89%
11/05/2007,93.98,95.93,96.12,93.72,279.96,-2.03%
11/02/2007,95.93,93.65,96.03,93.05,254.48,2.61%
11/01/2007,93.49,95.15,96.24,92.06,349.18,-1.10%
10/31/2007,94.53,89.72,95.28,88.92,402.15,4.59%
10/30/2007,90.38,93.67,93.68,89.53,300.42,-3.37%
10/29/2007,93.53,91.72,93.8,91.52,279.08,1.82%
10/26/2007,91.86,90.36,92.22,90.2,318.75,1.55%
10/25/2007,90.46,87.63,90.6,87.54,282.49,3.86%
10/24/2007,87.1,85.17,87.79,84.68,296.43,2.15%
10/23/2007,85.27,85.77,86.79,84.82,262.3,-2.62%
10/22/2007,87.56,88.86,88.86,86.17,64.58,-1.17%
10/19/2007,88.6,89.74,90.07,87.86,176.59,-0.97%
10/18/2007,89.47,87.1,89.78,87.1,195.96,2.37%
10/17/2007,87.4,87.5,89,86.91,323.89,-0.24%
10/16/2007,87.61,86.5,88.2,86.13,340.71,1.72%
10/15/2007,86.13,83.91,86.71,83.5,238.65,2.92%
10/12/2007,83.69,82.87,84.05,82.69,205.95,0.73%
10/11/2007,83.08,81.32,83.67,81.25,289.29,2.19%
10/10/2007,81.3,80.22,81.35,79.72,264.14,1.30%
10/09/2007,80.26,79.26,81.1,78.39,324.88,1.57%
10/08/2007,79.02,81.11,81.11,78.35,253.11,-2.71%
10/05/2007,81.22,81.4,81.68,80.51,230.87,-0.27%
10/04/2007,81.44,79.68,81.75,78.91,252.12,1.88%
10/03/2007,79.94,80.23,80.88,79.57,227.31,-0.14%
10/02/2007,80.05,80.22,80.43,78.87,219.22,-0.24%
10/01/2007,80.24,81.75,82.02,79.45,269.04,-1.74%
09/28/2007,81.66,82.95,83.76,81.39,294.4,-1.47%
09/27/2007,82.88,80.63,83.09,80.5,292.7,3.21%
09/26/2007,80.3,79.32,80.82,78.44,342.1,0.97%
09/25/2007,79.53,80.61,80.62,78.96,249.62,-1.75%
09/24/2007,80.95,81.3,81.6,80.37,200.78,-0.82%
09/21/2007,81.62,81.78,82.4,80.55,225.62,-2.04%
09/20/2007,83.32,81.73,83.9,81.61,71.31,1.70%
09/19/2007,81.93,82.17,82.51,80.87,203.17,0.52%
09/18/2007,81.51,80.86,82.38,80.23,237.63,1.17%
09/17/2007,80.57,79.03,80.92,78.25,270.76,1.86%
09/14/2007,79.1,79.92,80.36,78.75,257.06,-1.24%
09/13/2007,80.09,79.65,80.2,79.19,237.51,0.23%
09/12/2007,79.91,78.16,80.18,78.01,302.93,2.15%
09/11/2007,78.23,77.79,78.37,76.92,291.8,0.95%
09/10/2007,77.49,76.46,78.47,75.52,296.68,1.03%
09/07/2007,76.7,76.59,77,75.63,222.96,0.52%
09/06/2007,76.3,75.88,77.43,75.33,330.62,0.75%
09/05/2007,75.73,75.12,75.92,74.75,226.38,0.87%
09/04/2007,75.08,73.9,75.25,73.48,221.91,1.40%
08/31/2007,74.04,73.6,74.44,73.4,166.66,0.93%
08/30/2007,73.36,73.5,73.96,72.75,180.83,-0.20%
08/29/2007,73.51,71.58,73.64,71.41,213.07,2.48%
08/28/2007,71.73,72.12,72.25,71.2,181.54,-0.33%
08/27/2007,71.97,71.04,72.14,70.2,186.01,1.24%
08/24/2007,71.09,70.02,71.35,69.52,164.27,1.80%
08/23/2007,69.83,69.35,70.08,69.03,170.98,0.82%
08/22/2007,69.26,69.64,70.3,68.63,207.89,-0.30%
08/21/2007,69.47,70.9,71.5,68.76,53.6,-2.32%
08/20/2007,71.12,71.77,71.77,70.05,138.08,-1.19%
08/17/2007,71.98,71.67,72.54,71,170.22,1.38%
08/16/2007,71,73.14,73.14,70.1,293.84,-3.18%
08/15/2007,73.33,72.69,74.23,72.32,280.13,1.31%
08/14/2007,72.38,71.55,72.77,71.36,231.54,1.06%
08/13/2007,71.62,71.47,73.19,71.12,245.9,0.21%
08/10/2007,71.47,71.59,71.69,70.1,226.67,-0.17%
08/09/2007,71.59,72.27,72.4,70.5,269.87,-0.78%
08/08/2007,72.15,72.38,73.2,71.85,263.75,-0.37%
08/07/2007,72.42,72.06,72.62,71.14,284.13,0.50%
08/06/2007,72.06,75.04,75.1,71.6,292.99,-4.53%
08/03/2007,75.48,76.89,77.36,75.04,233.02,-1.80%
08/02/2007,76.86,76.74,77.44,75.52,214.01,0.43%
08/01/2007,76.53,77.94,78.77,76.09,306.68,-2.15%
07/31/2007,78.21,76.7,78.28,76.6,196.46,1.80%
07/30/2007,76.83,76.92,77.33,76.05,189.46,-0.25%
07/27/2007,77.02,75.05,77.12,74.7,216.57,2.76%
07/26/2007,74.95,76.31,77.24,74.6,269.58,-1.23%
07/25/2007,75.88,73.35,76.38,73.1,216.08,3.15%
07/24/2007,73.56,74.89,74.93,72.91,243.5,-1.78%
07/23/2007,74.89,75.69,75.69,74.44,166.78,-0.90%
07/20/2007,75.57,75.96,76.13,75.16,42.66,-0.46%
07/19/2007,75.92,75.07,76,74.63,126.82,1.16%
07/18/2007,75.05,74.21,75.28,73.9,172.32,1.39%
07/17/2007,74.02,74.28,75.35,73.5,262.64,-0.18%
07/16/2007,74.15,74.01,74.5,73.63,203.49,0.30%
07/13/2007,73.93,72.72,74.01,72.26,243.39,1.97%
07/12/2007,72.5,72.45,73.8,71.92,250.48,-0.08%
07/11/2007,72.56,72.61,73.03,72.08,207.52,-0.34%
07/10/2007,72.81,72.05,73.08,71.6,214.25,0.86%
07/09/2007,72.19,72.75,73,71.81,227.74,-0.85%
07/06/2007,72.81,71.8,72.94,71.56,219.3,1.39%
07/05/2007,71.81,71.25,72.35,70.8,226.31,0.56%
07/03/2007,71.41,71.28,71.49,70.7,140.58,0.45%
07/02/2007,71.09,70.52,71.34,69.57,217.11,0.58%
06/29/2007,70.68,69.58,71.06,69.46,200.61,1.60%
06/28/2007,69.57,69,70.52,68.92,261.46,0.87%
06/27/2007,68.97,67.83,69.36,67.07,259.46,1.77%
06/26/2007,67.77,69.02,69.19,67.6,199.71,-2.04%
06/25/2007,69.18,68.85,69.45,67.55,240.25,0.06%
06/22/2007,69.14,68.66,69.5,68.17,191.21,0.71%
06/21/2007,68.65,68.7,69.88,68.28,228.41,0.67%
06/20/2007,68.19,69.02,69.17,67.29,49.96,-1.32%
06/19/2007,69.1,69.01,69.56,68.4,127.21,0.01%
06/18/2007,69.09,68.13,69.15,67.4,145.14,1.60%
06/15/2007,68,67.69,68.3,67.24,194.41,0.52%
06/14/2007,67.65,66.03,67.89,65.95,228.28,2.10%
06/13/2007,66.26,65.22,66.48,64.91,231.77,1.39%
06/12/2007,65.35,65.88,66.08,64.87,187.7,-0.94%
06/11/2007,65.97,64.7,66.07,64.52,234.65,1.87%
06/08/2007,64.76,66.7,66.83,64.56,284.37,-3.24%
06/07/2007,66.93,65.9,67.42,65.82,275.77,1.47%
06/06/2007,65.96,65.67,66.31,65.21,222.16,0.53%
06/05/2007,65.61,66.05,66.2,65.23,200.8,-0.91%
06/04/2007,66.21,64.87,66.48,64.53,228.63,1.74%
06/01/2007,65.08,64.23,65.25,63.8,225.8,1.67%
05/31/2007,64.01,63.31,64.27,62.43,275.96,0.82%
05/30/2007,63.49,63.26,63.87,62.88,215.02,0.54%
05/29/2007,63.15,64.98,65.24,62.54,221.02,-3.14%
05/25/2007,65.2,64.48,65.3,64.21,144.49,1.59%
05/24/2007,64.18,65.72,66.15,63.82,212.99,-2.42%
05/23/2007,65.77,65.61,66.2,65.05,230.83,1.23%
05/22/2007,64.97,66.27,66.35,64.8,24.19,-1.96%
05/21/2007,66.27,64.95,66.38,64.45,114.93,2.05%
05/18/2007,64.94,64.92,65.64,64.57,173.06,0.12%
05/17/2007,64.86,62.62,65.09,62.48,267.96,3.69%
05/16/2007,62.55,63.15,63.3,61.9,216.16,-0.98%
05/15/2007,63.17,62.54,63.3,62.07,185.33,1.14%
05/14/2007,62.46,62.42,63.07,62.14,200.43,0.14%
05/11/2007,62.37,61.89,62.56,61.68,216.92,0.91%
05/10/2007,61.81,61.57,62.5,61.38,256.97,0.42%
05/09/2007,61.55,62.18,62.48,60.68,275.34,-1.14%
05/08/2007,62.26,61.64,62.58,61.21,277.67,1.29%
05/07/2007,61.47,61.71,62.06,60.85,248.5,-0.74%
05/04/2007,61.93,63.25,63.44,61.56,232.53,-1.99%
05/03/2007,63.19,63.48,64.09,62.74,213.56,-0.77%
05/02/2007,63.68,64.43,64.67,63.05,239.56,-1.12%
05/01/2007,64.4,65.66,66.15,64.15,263.83,-1.99%
04/30/2007,65.71,66.36,66.65,65.53,225.41,-1.13%
04/27/2007,66.46,65.3,66.7,64.58,218.28,2.15%
04/26/2007,65.06,65.68,66.4,64.82,213.02,-1.18%
04/25/2007,65.84,64.61,65.92,64.52,199.32,1.95%
04/24/2007,64.58,65.75,66.3,64.1,253.74,-1.99%
04/23/2007,65.89,64.11,65.96,63.7,190.34,3.96%
04/20/2007,63.38,61.79,63.6,61.77,31.95,2.51%
04/19/2007,61.83,62.99,63.27,61.34,84.61,-2.06%
04/18/2007,63.13,63.25,63.41,62.4,118.23,0.05%
04/17/2007,63.1,63.6,64.64,63.05,217.73,-0.80%
04/16/2007,63.61,63.41,64.21,62.55,231.8,-0.03%
04/13/2007,63.63,63.9,64.58,63.38,229.09,-0.34%
04/12/2007,63.85,61.92,63.96,61.86,269.31,2.97%
04/11/2007,62.01,61.81,62.56,61.53,248.04,0.19%
04/10/2007,61.89,61.72,62.28,61.35,241.52,0.62%
04/09/2007,61.51,64.29,64.36,61.35,274.02,-4.31%
04/05/2007,64.28,64.39,64.94,63.6,203.94,-0.16%
04/04/2007,64.38,64.52,65.09,63.56,254.55,-0.40%
04/03/2007,64.64,65.8,65.94,63.96,200.46,-1.97%
04/02/2007,65.94,66.03,66.69,65.08,208.92,0.11%
03/30/2007,65.87,66.05,66.78,65.51,247.79,-0.24%
03/29/2007,66.03,64.03,66.5,63.5,301.25,3.04%
03/28/2007,64.08,64.4,64.96,63.36,245.55,1.83%
03/27/2007,62.93,62.83,68.09,62.24,191.03,0.03%
03/26/2007,62.91,62.34,63.3,62.34,229.56,1.01%
03/23/2007,62.28,61.97,62.65,61.25,210.69,0.96%
03/22/2007,61.69,60.02,62.05,59.95,236.87,3.49%
03/21/2007,59.61,59.65,60.13,59.21,199.4,5.08%
03/20/2007,56.73,56.67,57.58,56.1,38.92,0.25%
03/19/2007,56.59,57.11,57.59,56.3,114.24,-0.91%
03/16/2007,57.11,57.53,58.29,56.17,149.06,-0.76%
03/15/2007,57.55,58.2,58.64,57.4,197.14,-1.05%
03/14/2007,58.16,58.17,58.44,57.3,226.84,0.40%
03/13/2007,57.93,59.01,59.95,57.75,291.85,-1.66%
03/12/2007,58.91,59.96,59.96,58.6,256.1,-1.90%
03/09/2007,60.05,61.71,61.83,59.87,248.69,-2.58%
03/08/2007,61.64,61.74,62.3,61.2,239.56,-0.29%
03/07/2007,61.82,60.79,62.1,60.64,253.46,1.86%
03/06/2007,60.69,59.89,60.8,59.65,223.86,1.03%
03/05/2007,60.07,61.3,61.3,59.55,230.68,-2.55%
03/02/2007,61.64,61.84,62.4,61.16,178.22,-0.58%
03/01/2007,62,61.82,62.49,60.8,242.34,0.34%
02/28/2007,61.79,60.28,62.1,59.92,270.67,0.54%
02/27/2007,61.46,61.44,62.25,60.06,291.7,0.11%
02/26/2007,61.39,60.88,61.75,60.65,203.51,0.41%
02/23/2007,61.14,60.72,61.8,60.5,261.83,0.31%
02/22/2007,60.95,60.13,61.25,59.61,259.09,1.46%
02/21/2007,60.07,58.89,60.63,58.07,243.53,3.44%
02/20/2007,58.07,58.87,59.25,57.32,78.74,-2.22%
02/16/2007,59.39,58.04,59.45,57.59,183.35,2.41%
02/15/2007,57.99,58.03,58.51,56.62,213.96,-0.02%
02/14/2007,58,59.03,59.26,57.5,254.61,-1.79%
02/13/2007,59.06,57.61,59.6,57.24,266.26,2.16%
02/12/2007,57.81,59.68,59.76,57.38,277.17,-3.47%
02/09/2007,59.89,59.78,60.8,59.3,316.79,0.30%
02/08/2007,59.71,57.73,59.87,57.3,301.78,3.47%
02/07/2007,57.71,59.12,59.85,57.25,335.59,-1.99%
02/06/2007,58.88,58.9,59.99,58.5,276.43,0.24%
02/05/2007,58.74,59.25,59.95,58.46,251.45,-0.47%
02/02/2007,59.02,57.39,59.25,57.05,213.51,3.00%
02/01/2007,57.3,57.89,58.86,57.1,282.64,-1.44%
01/31/2007,58.14,56.9,58.2,55.75,315.02,2.05%
01/30/2007,56.97,53.87,57.05,53.82,279.88,5.48%
01/29/2007,54.01,55.63,55.96,53.75,209.14,-2.54%
01/26/2007,55.42,54.33,55.58,54.2,167.98,2.19%
01/25/2007,54.23,55.39,55.9,54.1,214.45,-2.06%
01/24/2007,55.37,54.97,55.45,53.66,250.6,0.60%
01/23/2007,55.04,52.64,55.15,52.41,243.68,7.65%
01/22/2007,51.13,52.09,53.44,50.8,51.51,-1.65%
01/19/2007,51.99,50.47,52.05,50.12,118.6,2.99%
01/18/2007,50.48,52.4,52.69,49.9,167.28,-3.37%
01/17/2007,52.24,51.2,52.4,50.28,244.37,2.01%
01/16/2007,51.21,52.94,53.55,50.53,276.1,-3.36%
01/12/2007,52.99,52.07,53.11,51.56,317.9,2.14%
01/11/2007,51.88,53.59,54.73,51.8,341.66,-3.96%
01/10/2007,54.02,55.75,55.81,53.44,282.51,-2.91%
01/09/2007,55.64,56.12,56.2,53.88,333.33,-0.80%
01/08/2007,56.09,56.24,57.72,55.1,298.73,-0.39%
01/05/2007,56.31,55.41,56.4,54.9,250.13,1.30%
01/04/2007,55.59,58.35,58.58,55.39,324.01,-4.68%
01/03/2007,58.32,60.95,60.97,57.72,248.55,-4.47%
01/02/2007,61.05,61.05,61.05,61.05,14.6,0.00%
12/29/2006,61.05,60.5,61.2,59.9,105.64,0.86%
12/28/2006,60.53,60.41,60.85,60.05,111.1,0.31%
12/27/2006,60.34,60.91,61.34,60.25,108.79,-1.24%
12/26/2006,61.1,62.44,63.2,60.5,121.34,-2.10%
12/22/2006,62.41,62.67,63.09,62.1,80.12,-0.40%
12/21/2006,62.66,63.58,63.59,62.3,142.11,-1.66%
12/20/2006,63.72,63.5,64.15,63.18,179.71,0.90%
12/19/2006,63.15,62.19,63.45,61.65,44.21,1.51%
12/18/2006,62.21,63.2,63.5,62.07,139.76,-1.92%
12/15/2006,63.43,62.52,63.5,62.28,114.37,1.47%
12/14/2006,62.51,61.52,62.8,61.41,186.37,1.86%
12/13/2006,61.37,60.97,61.85,60.74,215.43,0.57%
12/12/2006,61.02,61.3,62.01,60.65,210.42,-0.33%
12/11/2006,61.22,62.21,62.25,61.05,197.11,-1.31%
12/08/2006,62.03,62.75,63.65,61.95,217.5,-0.74%
12/07/2006,62.49,62.31,62.76,61.55,255.42,0.48%
12/06/2006,62.19,62.42,63.01,61.84,221.14,-0.38%
12/05/2006,62.43,62.42,63.25,61.53,227.43,-0.02%
12/04/2006,62.44,63.81,63.82,61.9,162.01,-1.56%
12/01/2006,63.43,62.85,63.7,62.24,176.6,0.48%
11/30/2006,63.13,62.32,63.77,62.2,220.01,1.07%
11/29/2006,62.46,60.99,62.54,60.95,215.4,2.41%
11/28/2006,60.99,60.4,61.2,60.21,151.5,1.11%
11/27/2006,60.32,59.89,60.44,59.26,143.84,1.82%
11/24/2006,59.24,59.24,59.24,59.24,,0.00%
11/22/2006,59.24,60.05,60.35,58.35,172.82,-1.55%
11/21/2006,60.17,58.96,60.4,58.61,145.38,2.33%
11/20/2006,58.8,58.73,59.04,57.97,142.5,5.36%
11/17/2006,55.81,56.25,56.48,54.86,45.67,-0.80%
11/16/2006,56.26,58.77,59.32,55.92,177.34,-4.25%
11/15/2006,58.76,58.45,59.4,58.3,188.95,0.82%
11/14/2006,58.28,58.6,59.15,58.15,242.61,-0.51%
11/13/2006,58.58,59.6,59.92,58.25,220.01,-1.69%
11/10/2006,59.59,61.03,61.17,59.45,195.45,-2.57%
11/09/2006,61.16,60,61.33,59.9,230.43,2.22%
11/08/2006,59.83,59.16,60.3,58.88,242.87,1.53%
11/07/2006,58.93,60.12,60.2,58.89,237.07,-1.82%
11/06/2006,60.02,59.15,60.56,58.5,193.57,1.49%
11/03/2006,59.14,57.86,59.35,57.77,169.66,2.18%
11/02/2006,57.88,58.6,58.96,57.6,183.14,-1.41%
11/01/2006,58.71,58.6,59.45,57.8,181.84,-0.03%
10/31/2006,58.73,58.41,58.8,57.05,211.04,0.63%
10/30/2006,58.36,60.75,61.05,58.22,168.4,-3.93%
10/27/2006,60.75,60.3,61,59.85,149.48,0.65%
10/26/2006,60.36,61.58,61.79,60.1,165.97,-1.69%
10/25/2006,61.4,59.5,61.65,59.23,190.64,3.45%
10/24/2006,59.35,58.89,59.7,58.42,132.91,0.92%
10/23/2006,58.81,59.43,59.47,58.12,149.82,3.50%
10/20/2006,56.82,58.61,59.4,56.55,44.43,-2.87%
10/19/2006,58.5,57.72,58.95,57.45,104.8,1.47%
10/18/2006,57.65,59.1,59.5,57.35,130.29,-2.17%
10/17/2006,58.93,60.05,60.54,58.65,171.71,-1.69%
10/16/2006,59.94,58.86,60.12,58.06,139.8,2.34%
10/13/2006,58.57,58.34,59.46,58.06,127.4,1.23%
10/12/2006,57.86,57.4,58.47,57.22,162.87,0.47%
10/11/2006,57.59,58.52,59.1,57.37,180.44,-1.59%
10/10/2006,58.52,59.95,60.68,58.4,170.23,-2.40%
10/09/2006,59.96,59.9,61.3,59.78,156.18,0.33%
10/06/2006,59.76,60.04,60.28,58.84,166.5,-0.45%
10/05/2006,60.03,59.76,60.97,59.34,152.69,1.04%
10/04/2006,59.41,58.5,59.78,57.75,178.94,1.24%
10/03/2006,58.68,60.9,61.15,58.43,169.19,-3.85%
10/02/2006,61.03,62.8,63.32,60.84,108.5,-2.99%
09/29/2006,62.91,62.7,63.1,61.45,145.46,0.24%
09/28/2006,62.76,62.99,64,62.39,150.19,-0.32%
09/27/2006,62.96,61.14,63.1,60.1,148.25,3.20%
09/26/2006,61.01,61.44,62,60.6,132.65,-0.72%
09/25/2006,61.45,60.25,62.15,59.52,122.24,1.49%
09/22/2006,60.55,61.71,62.26,60.19,122.45,-1.69%
09/21/2006,61.59,60.81,61.8,60.65,105.73,1.87%
09/20/2006,60.46,61.7,61.83,60,38.75,-1.95%
09/19/2006,61.66,63.85,64.46,61.55,105.49,-3.35%
09/18/2006,63.8,63.49,64.45,62.85,113.82,0.74%
09/15/2006,63.33,63.45,63.66,62.03,137.55,0.17%
09/14/2006,63.22,64.27,64.65,63,151.78,-1.17%
09/13/2006,63.97,63.84,64.75,63.5,168.43,0.33%
09/12/2006,63.76,65.59,66.44,63.59,150.65,-2.82%
09/11/2006,65.61,66.01,66.5,64.85,140.7,-0.97%
09/08/2006,66.25,67.2,67.6,66,120.86,-1.59%
09/07/2006,67.32,67.55,67.98,66.76,98.58,-0.27%
09/06/2006,67.5,68.65,68.85,67.45,112.1,-1.60%
09/05/2006,68.6,69.25,69.59,67.77,78.92,-0.85%
09/01/2006,69.19,70.29,70.66,69.01,53.47,-1.52%
08/31/2006,70.26,70.45,70.82,69.35,89.59,0.33%
08/30/2006,70.03,69.77,70.53,68.65,80.22,0.46%
08/29/2006,69.71,70.46,70.9,69.3,81.67,-1.27%
08/28/2006,70.61,72.2,72.2,70.15,75.58,-2.62%
08/25/2006,72.51,72.8,73.75,72.38,77.21,0.21%
08/24/2006,72.36,71.65,73,71.37,53.96,0.84%
08/23/2006,71.76,72.85,72.94,71.1,89.38,-1.20%
08/22/2006,72.63,72.45,72.85,72.1,34.59,0.25%
08/21/2006,72.45,71.22,72.56,71.14,80.34,1.84%
08/18/2006,71.14,70.48,71.19,69.6,71.42,1.54%
08/17/2006,70.06,71.65,71.75,70,104.17,-2.55%
08/16/2006,71.89,72.93,73.15,71.53,90.07,-1.59%
08/15/2006,73.05,73.38,73.9,72.82,76.42,-0.65%
08/14/2006,73.53,73.79,73.95,72.6,82.05,-1.10%
08/11/2006,74.35,74,74.81,73.75,117.63,0.47%
08/10/2006,74,76.25,76.52,73.9,142.3,-3.08%
08/09/2006,76.35,76.33,77.4,76.05,137.25,0.05%
08/08/2006,76.31,77.05,77.45,76.15,92.34,-0.87%
08/07/2006,76.98,74.78,77.3,74.55,129,2.97%
08/04/2006,74.76,75.6,75.68,74.15,76.39,-0.93%
08/03/2006,75.46,76,76.19,74.65,85.48,-0.46%
08/02/2006,75.81,74.92,76.5,74.9,92.49,1.20%
08/01/2006,74.91,74.4,75.45,74.02,87.11,0.69%
07/31/2006,74.4,73.5,74.48,72.77,100.53,1.58%
07/28/2006,73.24,74.5,74.85,72.8,88.59,-1.74%
07/27/2006,74.54,73.9,74.92,73.72,79.26,0.81%
07/26/2006,73.94,73.8,74.8,73.52,82.01,0.26%
07/25/2006,73.75,75.1,75.78,73.55,84.88,-1.73%
07/24/2006,75.05,74.45,75.2,73.5,76.89,0.83%
07/21/2006,74.43,74.07,75.2,73.9,78.12,1.85%
07/20/2006,73.08,73,73.5,72.05,34.81,0.58%
07/19/2006,72.66,73.9,74.11,71.65,101.69,-1.20%
07/18/2006,73.54,75.2,76.55,73.5,90.99,-2.34%
07/17/2006,75.3,76.91,77.74,75.2,120.24,-2.25%
07/14/2006,77.03,76.67,78.4,76.67,122.62,0.43%
07/13/2006,76.7,74.98,76.85,74.91,144.01,2.33%
07/12/2006,74.95,74.03,75.05,73.8,122.02,1.07%
07/11/2006,74.16,73.51,74.6,73.34,98.07,0.75%
07/10/2006,73.61,73.94,73.95,72.9,104.86,-0.65%
07/07/2006,74.09,75.02,75.78,73.85,102.43,-1.40%
07/06/2006,75.14,75.2,75.35,74.3,92.58,-0.07%
07/05/2006,75.19,73.95,75.4,73.38,91.57,1.70%
07/03/2006,73.93,73.93,73.93,73.93,,0.00%
06/30/2006,73.93,73.51,74.15,73.35,100.75,0.56%
06/29/2006,73.52,72.2,73.55,72.15,81.82,1.84%
06/28/2006,72.19,71.91,72.77,71.6,90.12,0.38%
06/27/2006,71.92,71.74,72.5,71.6,81.24,0.17%
06/26/2006,71.8,70.86,71.9,70.4,95.88,1.31%
06/23/2006,70.87,70.85,71.3,70.28,77.73,0.04%
06/22/2006,70.84,70.34,71.2,70.05,102.92,0.73%
06/21/2006,70.33,69.34,70.75,68.8,118.19,2.02%
06/20/2006,68.94,69.01,69.89,68.55,41.98,-0.06%
06/19/2006,68.98,69.87,70.11,68.55,95.56,-1.29%
06/16/2006,69.88,69.58,70.45,68.8,90.44,0.55%
06/15/2006,69.5,69.03,70.25,69,135.91,0.52%
06/14/2006,69.14,68.45,69.4,68.1,107.29,0.85%
06/13/2006,68.56,70.24,70.43,68.3,147.28,-2.56%
06/12/2006,70.36,71.6,72.32,70.2,113.77,-1.77%
06/09/2006,71.63,70.28,71.8,69.95,112.12,1.82%
06/08/2006,70.35,70.86,70.9,69.1,131.03,-0.66%
06/07/2006,70.82,72.4,72.58,70.5,128.51,-2.32%
06/06/2006,72.5,72.64,72.9,71.35,94.6,-0.14%
06/05/2006,72.6,72.7,73.84,72.1,89.82,0.37%
06/02/2006,72.33,70.25,72.7,70.07,113.07,2.83%
06/01/2006,70.34,71.26,71.9,70.05,129.41,-1.33%
05/31/2006,71.29,71.95,72.16,70.05,149.1,-1.03%
05/30/2006,72.03,71.31,72.75,71.2,81.01,0.92%
05/26/2006,71.37,71.3,71.9,70.86,71.61,0.07%
05/25/2006,71.32,69.91,71.38,69.36,87.14,2.09%
05/24/2006,69.86,71.58,71.65,69.8,118.27,-2.65%
05/23/2006,71.76,70.05,72.15,69.85,113.47,3.65%
05/22/2006,69.23,68.52,69.9,67.42,49.37,1.02%
05/19/2006,68.53,69.45,69.93,68.01,82.47,-1.32%
05/18/2006,69.45,68.65,69.5,67.85,82.16,1.11%
05/17/2006,68.69,69.35,70.1,68.2,128.97,-1.21%
05/16/2006,69.53,69.21,70.7,68.51,118.76,0.17%
05/15/2006,69.41,71.9,72.04,69.35,118.93,-3.65%
05/12/2006,72.04,73.1,73.35,71.65,101.83,-1.75%
05/11/2006,73.32,72.13,73.9,71.98,135.85,1.65%
05/10/2006,72.13,70.65,72.2,69.65,151.86,2.04%
05/09/2006,70.69,69.84,71.45,69.62,149.15,1.32%
05/08/2006,69.77,70.05,70.56,68.25,122.34,-0.60%
05/05/2006,70.19,70.2,70.7,69.7,119.45,0.36%
05/04/2006,69.94,72.17,72.47,69.3,158.82,-3.24%
05/03/2006,72.28,74.63,74.99,72.25,119.11,-3.12%
05/02/2006,74.61,73.8,74.9,73.5,112.6,1.23%
05/01/2006,73.7,71.7,73.75,71.42,83.65,2.53%
04/28/2006,71.88,70.99,72.65,70.49,155.58,1.28%
04/27/2006,70.97,71.93,72.01,70.75,108.95,-1.33%
04/26/2006,71.93,72.85,73.22,71.85,107.09,-1.30%
04/25/2006,72.88,73.28,74,71.75,146.84,-0.61%
04/24/2006,73.33,75.35,75.35,72.95,125.46,-2.45%
04/21/2006,75.17,73.5,75.35,72.73,100.74,4.48%
04/20/2006,71.95,72.03,72.49,70.7,45.81,-0.30%
04/19/2006,72.17,71.29,72.4,70.7,89.72,1.15%
04/18/2006,71.35,70.27,71.6,70.15,96.04,1.35%
04/17/2006,70.4,69.55,70.45,69.3,98.6,1.56%
04/13/2006,69.32,68.52,69.4,67.87,119.37,1.02%
04/12/2006,68.62,68.95,69.6,68.45,123.41,-0.52%
04/11/2006,68.98,68.67,69.45,68,125.62,0.35%
04/10/2006,68.74,67.4,68.95,67.22,108.02,2.00%
04/07/2006,67.39,67.85,67.85,66.65,109.2,-0.81%
04/06/2006,67.94,67.11,68.2,67.1,111.11,1.30%
04/05/2006,67.07,66.2,67.25,65.74,99.79,1.27%
04/04/2006,66.23,66.65,66.65,65.6,108.41,-0.76%
04/03/2006,66.74,66.25,67.9,66.2,94.63,0.17%
03/31/2006,66.63,67.05,67.14,65.6,139.34,-0.77%
03/30/2006,67.15,66.51,67.3,66.05,95.67,1.05%
03/29/2006,66.45,66.1,66.7,65.58,112.1,0.58%
03/28/2006,66.07,64.22,66.2,64.05,101.38,2.98%
03/27/2006,64.16,64.4,64.55,63.45,62.12,-0.16%
03/24/2006,64.26,63.87,64.75,63.4,91.95,0.55%
03/23/2006,63.91,61.9,64,61.87,136.67,3.46%
03/22/2006,61.77,62.28,62.85,61.61,96.04,1.98%
03/21/2006,60.57,60.41,61,59.6,30.64,0.25%
03/20/2006,60.42,62.75,62.99,60.25,77.27,-3.74%
03/17/2006,62.77,63.45,63.7,62.7,67.47,-1.27%
03/16/2006,63.58,62.05,63.9,61.65,100.87,2.27%
03/15/2006,62.17,62.94,63.2,62,96.65,-1.47%
03/14/2006,63.1,61.75,63.37,61.27,108.48,2.15%
03/13/2006,61.77,60.05,61.9,59.58,127.87,3.02%
03/10/2006,59.96,60.56,60.78,59.7,98.52,-0.84%
03/09/2006,60.47,60.01,60.9,59.55,118.69,0.75%
03/08/2006,60.02,61.55,61.68,59.25,132.36,-2.53%
03/07/2006,61.58,62.32,62.75,61.1,120.05,-1.33%
03/06/2006,62.41,63.75,63.92,61.8,98.68,-1.98%
03/03/2006,63.67,63.53,63.79,62.7,97.54,0.49%
03/02/2006,63.36,61.96,63.55,61.8,97.32,2.24%
03/01/2006,61.97,61.58,62.35,61.46,91.94,0.91%
02/28/2006,61.41,60.9,61.5,60.3,133.72,0.67%
02/27/2006,61,62.8,62.85,60.85,93.77,-3.04%
02/24/2006,62.91,60.5,63.25,60.47,134.35,3.91%
02/23/2006,60.54,60.91,61.15,59.7,122.12,-0.77%
02/22/2006,61.01,62.5,62.59,60.52,106.29,-0.15%
02/21/2006,61.1,61.25,61.5,60.5,44.13,2.04%
02/17/2006,59.88,58.8,60,58.68,95.55,2.43%
02/16/2006,58.46,57.7,58.8,57.55,93.51,1.41%
02/15/2006,57.65,59.49,60.05,57.6,136.09,-3.22%
02/14/2006,59.57,61.18,61.3,59.5,132.02,-2.73%
02/13/2006,61.24,62.1,62.18,60.85,91.96,-0.97%
02/10/2006,61.84,62.64,63,61.2,146.06,-1.25%
02/09/2006,62.62,62.57,63.7,62.34,133.58,0.11%
02/08/2006,62.55,63.19,63.49,62.3,150.44,-0.86%
02/07/2006,63.09,65.1,65.1,63,145.68,-3.10%
02/06/2006,65.11,65.6,66.62,64.9,97.54,-0.40%
02/03/2006,65.37,64.7,65.4,63.95,110.82,1.07%
02/02/2006,64.68,66.2,67.19,64.4,150.16,-2.82%
02/01/2006,66.56,67.8,69,66.3,140.03,-2.00%
01/31/2006,67.92,68.4,68.65,67.35,118.87,-0.63%
01/30/2006,68.35,67.85,68.45,67.25,92.44,0.87%
01/27/2006,67.76,66.49,67.95,66.35,112.32,2.26%
01/26/2006,66.26,65.85,66.9,65.31,124.7,0.62%
01/25/2006,65.85,67.1,67.1,65.45,138.33,-1.80%
01/24/2006,67.06,68.1,68.11,67,100.19,-1.53%
01/23/2006,68.1,68.45,69.2,67.6,84.18,-0.37%
01/20/2006,68.35,66.85,68.8,66.78,41.69,2.27%
01/19/2006,66.83,65.85,66.9,65.25,64.89,1.67%
01/18/2006,65.73,66.35,66.93,65.25,87.07,-0.87%
01/17/2006,66.31,64.82,66.35,64.6,117.43,3.74%
01/13/2006,63.92,63.92,64.33,63.13,115.94,-0.03%
01/12/2006,63.94,63.98,65.05,63.86,111.4,0.00%
01/11/2006,63.94,63.35,64.8,62.6,166.38,0.90%
01/10/2006,63.37,63.38,64.2,63.05,111.89,-0.20%
01/09/2006,63.5,64.15,64.61,62.9,115.56,-1.11%
01/06/2006,64.21,62.6,64.45,62.6,110.76,2.26%
01/05/2006,62.79,63.4,63.74,62.6,104.04,-0.99%
01/04/2006,63.42,63,63.65,62.26,105.19,0.44%
01/03/2006,63.14,61.04,63.8,60.81,130.64,3.44%
12/30/2005,61.04,60.39,61.25,59.73,72.71,1.19%
12/29/2005,60.32,59.89,60.85,59.4,64.92,0.84%
12/28/2005,59.82,58.19,60.45,57.76,87.69,2.85%
12/27/2005,58.16,58.3,58.3,57.3,55.48,-0.46%
12/23/2005,58.43,58.26,58.75,57.65,37.52,0.26%
12/22/2005,58.28,58.6,59.29,57.72,60.47,-0.48%
12/21/2005,58.56,58.3,58.7,57.55,84.51,1.00%
12/20/2005,57.98,57.3,58.2,57.3,36.14,1.12%
12/19/2005,57.34,58,58.59,56.9,74.14,-1.24%
12/16/2005,58.06,59.9,60.09,58,91.1,-3.22%
12/15/2005,59.99,60.85,61.2,59.95,100.83,-1.41%
12/14/2005,60.85,61.28,61.75,60.8,84.31,-0.85%
12/13/2005,61.37,61.29,61.9,60.76,102.19,0.11%
12/12/2005,61.3,59.51,61.35,59.5,113.72,3.22%
12/09/2005,59.39,60.76,61.5,59.03,123.43,-2.09%
12/08/2005,60.66,59.35,60.7,59.05,104.85,2.45%
12/07/2005,59.21,60.01,60.68,59.11,129.03,-1.22%
12/06/2005,59.94,59.77,60.45,59.55,80.4,0.05%
12/05/2005,59.91,59.41,60.8,59.41,106.59,0.99%
12/02/2005,59.32,58.47,59.55,58.15,114.72,1.45%
12/01/2005,58.47,57.4,58.8,57.02,112.88,2.01%
11/30/2005,57.32,56.35,57.4,55.72,131.18,1.45%
11/29/2005,56.5,57.31,57.75,56.45,98.13,-1.50%
11/28/2005,57.36,58.11,58.3,56.7,98.71,-2.30%
11/23/2005,58.71,58.75,59.15,57.95,87.14,-0.22%
11/22/2005,58.84,57.8,59,57.55,81.62,1.98%
11/21/2005,57.7,57.42,58.18,57.1,68.6,2.78%
11/18/2005,56.14,56.54,56.8,55.4,38.31,-0.35%
11/17/2005,56.34,57.82,58.52,56.2,90.17,-2.66%
11/16/2005,57.88,56.98,58.25,56.7,81.91,1.58%
11/15/2005,56.98,57.72,58.4,56.9,102.69,-1.23%
11/14/2005,57.69,57.8,58.2,57.35,68.82,0.28%
11/11/2005,57.53,57.77,58.2,56.93,100.71,-0.47%
11/10/2005,57.8,58.8,58.96,57.4,104.74,-1.92%
11/09/2005,58.93,59.7,60.4,58.6,133.27,-1.31%
11/08/2005,59.71,59.47,59.85,58.9,99.62,0.40%
11/07/2005,59.47,60.11,60.44,58.6,126.39,-1.83%
11/04/2005,60.58,61.75,62.15,60.5,92.74,-1.94%
11/03/2005,61.78,59.7,61.85,59.56,100.01,3.40%
11/02/2005,59.75,59.9,60.4,58.75,97.86,-0.17%
11/01/2005,59.85,59.76,60.3,59.05,95.97,0.15%
10/31/2005,59.76,61.2,61.39,59.27,103.82,-2.38%
10/28/2005,61.22,61.1,61.48,60.55,89.73,0.21%
10/27/2005,61.09,60.88,61.5,60.25,99.58,0.71%
10/26/2005,60.66,62.3,62.95,60.6,109.99,-2.85%
10/25/2005,62.44,60.23,62.55,59.98,101.67,3.51%
10/24/2005,60.32,60.06,60.5,59.3,78.77,-0.51%
10/21/2005,60.63,59.85,60.7,59.15,103.72,-0.66%
10/20/2005,61.03,62.3,62.44,59.85,33.83,-2.21%
10/19/2005,62.41,63,63.59,61.31,74.3,-1.25%
10/18/2005,63.2,64.1,64.28,62.7,65.96,-1.80%
10/17/2005,64.36,62.95,64.4,62.72,73.28,2.76%
10/14/2005,62.63,63.05,63.1,61.2,79.49,-0.71%
10/13/2005,63.08,64.15,64.39,62.45,110.8,-1.62%
10/12/2005,64.12,63.59,64.7,63.4,128.61,0.93%
10/11/2005,63.53,62.02,63.6,61.88,121.48,2.80%
10/10/2005,61.8,61.79,62.44,60.35,100.05,-0.06%
10/07/2005,61.84,61.6,62.23,61.1,90.34,0.78%
10/06/2005,61.36,62.72,62.83,60.7,116.5,-2.28%
10/05/2005,62.79,63.81,64.8,62.6,87.28,-1.74%
10/04/2005,63.9,65.4,65.49,63,94.28,-2.40%
10/03/2005,65.47,66.2,66.62,64.99,69.18,-1.16%
09/30/2005,66.24,66.79,67.03,65.3,114.73,-0.82%
09/29/2005,66.79,66.34,67.2,65.52,121.35,0.66%
09/28/2005,66.35,64.94,67.4,64.6,125.18,1.97%
09/27/2005,65.07,65.7,66.17,64.6,82.21,-1.14%
09/26/2005,65.82,63.44,65.9,62.65,108.14,2.54%
09/23/2005,64.19,66.58,66.8,63.85,96.32,-3.47%
09/22/2005,66.5,66.85,68.14,66.05,93,-0.45%
09/21/2005,66.8,66.22,68.27,66.15,108.75,0.86%
09/20/2005,66.23,67.24,67.38,64.8,44.5,-1.72%
09/19/2005,67.39,63.39,67.5,63.2,85.07,6.97%
09/16/2005,63,64.7,64.7,62.85,89.33,-2.70%
09/15/2005,64.75,65.05,65.66,63.9,111.66,-0.52%
09/14/2005,65.09,63.09,65.2,63.05,116.78,3.14%
09/13/2005,63.11,63.31,63.85,62.65,110.4,-0.36%
09/12/2005,63.34,64.15,64.41,62.55,109.14,-1.15%
09/09/2005,64.08,64.67,65.35,63.55,104.98,-0.64%
09/08/2005,64.49,64.44,65.15,63.1,123.33,0.19%
09/07/2005,64.37,65.83,66.5,63.9,116.13,-2.41%
09/06/2005,65.96,66.6,67.56,65.65,112.85,-2.38%
09/02/2005,67.57,69.4,69.66,67.35,97.74,-2.73%
09/01/2005,69.47,68.75,69.6,68.25,102.65,0.77%
08/31/2005,68.94,69.95,70.65,67.8,143.72,-1.25%
08/30/2005,69.81,67.4,70.85,67.26,178.3,3.88%
08/29/2005,67.2,68.6,70.8,66.3,151.04,1.62%
08/26/2005,66.13,67.5,67.95,65.9,92.78,-2.02%
08/25/2005,67.49,67.41,68,66.4,78.8,0.25%
08/24/2005,67.32,65.79,67.4,65.3,98.72,2.45%
08/23/2005,65.71,65.56,66.2,64.65,83.18,0.40%
08/22/2005,65.45,65.4,66.25,65,38.94,0.15%
08/19/2005,65.35,63.3,65.5,63.3,81.6,3.29%
08/18/2005,63.27,63.33,63.77,62.25,66.19,0.03%
08/17/2005,63.25,66.14,66.6,63.15,121.22,-4.28%
08/16/2005,66.08,66.26,66.85,65.5,108.87,-0.29%
08/15/2005,66.27,66.85,67,65.35,84.42,-0.88%
08/12/2005,66.86,65.82,67.1,65.6,121.67,1.61%
08/11/2005,65.8,64.95,66,64.42,124.63,1.39%
08/10/2005,64.9,63.12,65,62.91,138.32,2.90%
08/09/2005,63.07,63.91,64.27,63,113.87,-1.36%
08/08/2005,63.94,62.31,64,62.21,117.47,2.62%
08/05/2005,62.31,61.42,62.45,61.42,103.86,1.52%
08/04/2005,61.38,60.78,62.1,60.6,83.42,0.85%
08/03/2005,60.86,61.94,62.5,60.8,107.88,-1.66%
08/02/2005,61.89,61.59,61.95,60.87,84.88,0.52%
08/01/2005,61.57,60.51,62.3,60.51,104.28,1.65%
07/29/2005,60.57,59.93,61.05,59.81,100.66,1.05%
07/28/2005,59.94,59.21,60.15,58.8,83.72,1.40%
07/27/2005,59.11,59.15,59.7,58.6,93.28,-0.15%
07/26/2005,59.2,59.1,59.88,58.5,86.85,0.34%
07/25/2005,59,58.75,59.07,57.65,78.48,0.60%
07/22/2005,58.65,57.27,58.7,57.13,83.07,2.66%
07/21/2005,57.13,58.15,58.17,56.5,106.24,0.72%
07/20/2005,56.72,57.38,58.3,56.1,50.84,-1.29%
07/19/2005,57.46,57.25,57.77,56.8,85.89,0.24%
07/18/2005,57.32,58,58.98,56.8,76.1,-1.33%
07/15/2005,58.09,57.87,58.9,57.33,107.14,0.50%
07/14/2005,57.8,59.99,60.14,57.25,131.78,-3.68%
07/13/2005,60.01,60.55,61.3,59.8,113.3,-1.01%
07/12/2005,60.62,59.15,61.25,58.92,124.15,2.89%
07/11/2005,58.92,59.4,59.5,58.02,111.54,-1.19%
07/08/2005,59.63,60.72,61.9,59.55,113.01,-1.81%
07/07/2005,60.73,61.28,62.1,57.2,133.52,-0.90%
07/06/2005,61.28,59.6,61.35,59.6,112.57,2.84%
07/05/2005,59.59,58.89,60.1,58.8,90.51,1.43%
07/01/2005,58.75,56.56,59,56.45,90.49,3.98%
06/30/2005,56.5,57.23,57.8,55.9,157.69,-1.33%
06/29/2005,57.26,58.26,58.35,56.9,119.27,-1.62%
06/28/2005,58.2,60.44,60.47,57.9,113.65,-3.87%
06/27/2005,60.54,59.9,60.95,59.9,79.22,1.17%
06/24/2005,59.84,59.4,60,59.17,86.11,0.71%
06/23/2005,59.42,58.15,60,58.14,93.1,2.29%
06/22/2005,58.09,58.92,59.55,57.85,106.89,-1.38%
06/21/2005,58.9,59.37,59.7,58.6,43.42,-0.79%
06/20/2005,59.37,58.51,59.52,58.1,63.57,1.54%
06/17/2005,58.47,56.6,58.6,56.46,63.99,3.34%
06/16/2005,56.58,55.51,56.9,55.12,85.98,1.82%
06/15/2005,55.57,54.94,56.75,54.94,101.55,1.04%
06/14/2005,55,55.55,55.8,54.83,96.78,-1.11%
06/13/2005,55.62,53.43,55.8,53.05,103.59,3.88%
06/10/2005,53.54,54.41,54.95,53.35,105.66,-1.36%
06/09/2005,54.28,52.51,53.25,52.22,111.43,3.31%
06/08/2005,52.54,53.84,55,52.45,128.02,-2.27%
06/07/2005,53.76,54.48,54.75,53.58,101.22,-1.34%
06/06/2005,54.49,55.2,55.55,53.9,85.86,-0.98%
06/03/2005,55.03,53.51,55.1,53.42,88.73,2.61%
06/02/2005,53.63,54.54,55.4,53.5,126.02,-1.78%
06/01/2005,54.6,51.95,54.7,51.93,117.6,5.06%
05/31/2005,51.97,51.98,52.05,50.9,91.94,0.23%
05/27/2005,51.85,50.9,52,50.83,69.87,1.65%
05/26/2005,51.01,50.95,51.7,50.65,92.36,0.06%
05/25/2005,50.98,49.63,51.6,49.58,132.79,2.64%
05/24/2005,49.67,49.15,49.94,48.92,87.03,1.04%
05/23/2005,49.16,48.25,49.5,48.05,91.19,5.04%
05/20/2005,46.8,46.95,47.57,46.2,42.14,-0.26%
05/19/2005,46.92,47.1,48,46.8,68.22,-0.70%
05/18/2005,47.25,48.9,49.35,47,92.15,-3.51%
05/17/2005,48.97,48.64,49,48.05,90.76,0.74%
05/16/2005,48.61,48.67,48.7,47.6,78.19,-0.12%
05/13/2005,48.67,48.7,49.11,47.75,99.23,0.27%
05/12/2005,48.54,50.41,50.42,48.3,129.13,-3.79%
05/11/2005,50.45,51.77,51.95,50.25,111.02,-3.11%
05/10/2005,52.07,52,53.1,51.65,119.61,0.08%
05/09/2005,52.03,51.28,52.25,50.65,99.26,2.10%
05/06/2005,50.96,50.97,52.23,50.25,143.89,0.26%
05/05/2005,50.83,50.17,50.94,49.5,96.26,1.40%
05/04/2005,50.13,49.52,50.95,48.8,133.69,1.27%
05/03/2005,49.5,51,51.01,49.3,97.5,-2.79%
05/02/2005,50.92,49.28,50.99,49.03,98.52,2.41%
04/29/2005,49.72,51.81,52.28,49.5,91.92,-3.96%
04/28/2005,51.77,51.56,51.89,49.8,128.06,0.31%
04/27/2005,51.61,54.3,54.4,51.55,123.08,-4.78%
04/26/2005,54.2,54.34,54.4,53.35,100.87,-0.68%
04/25/2005,54.57,55.15,56,54.3,80.45,-1.48%
04/22/2005,55.39,54.23,55.9,54.2,113.29,2.20%
04/21/2005,54.2,53.87,54.3,53,99.24,3.36%
04/20/2005,52.44,52.19,53.1,52,27.62,0.29%
04/19/2005,52.29,50.3,52.35,50.3,59.95,3.81%
04/18/2005,50.37,50.43,51.2,49.66,70.86,-0.24%
04/15/2005,50.49,51.05,51.28,50,102.52,-1.25%
04/14/2005,51.13,50.3,51.4,49.75,108.28,1.81%
04/13/2005,50.22,51.77,51.77,50.06,134.52,-3.16%
04/12/2005,51.86,53.8,54.05,51.75,129.49,-3.44%
04/11/2005,53.71,53.26,53.85,52.1,97.93,0.73%
04/08/2005,53.32,54.12,54.2,52.7,122.49,-1.46%
04/07/2005,54.11,55.78,56.84,53.77,132.88,-3.12%
04/06/2005,55.85,55.99,56.9,55.3,94.46,-0.34%
04/05/2005,56.04,56.96,57.2,56,84.12,-1.70%
04/04/2005,57.01,57.15,58.28,56.6,88.35,-0.45%
04/01/2005,57.27,55.25,57.7,54.96,113,3.38%
03/31/2005,55.4,54.03,56.1,53.93,114.76,2.61%
03/30/2005,53.99,54.28,54.46,52.5,122.51,-0.44%
03/29/2005,54.23,53.9,54.5,53.45,72.9,0.33%
03/28/2005,54.05,54.44,54.65,53.6,59.67,-1.44%
03/24/2005,54.84,54.12,54.9,53.48,90.49,1.91%
03/23/2005,53.81,55.93,55.93,53.4,158.7,-3.96%
03/22/2005,56.03,57.36,57.58,55.69,93.38,-1.04%
03/21/2005,56.62,56.68,57.12,56.2,39.56,-0.18%
03/18/2005,56.72,56.29,57,55.95,59.75,0.57%
03/17/2005,56.4,56.45,57.6,56.15,68.56,-0.11%
03/16/2005,56.46,55,56.6,54.4,93.53,2.56%
03/15/2005,55.05,54.9,55.45,54.25,89.78,0.18%
03/14/2005,54.95,54.45,55.05,53.52,88,0.96%
03/11/2005,54.43,53.6,54.6,52.5,112.32,1.66%
03/10/2005,53.54,54.54,54.62,52.9,114,-2.25%
03/09/2005,54.77,54.54,55.65,54.16,121.57,0.33%
03/08/2005,54.59,53.87,55.15,53.26,101.55,1.30%
03/07/2005,53.89,53.56,53.95,52.91,90.23,0.20%
03/04/2005,53.78,53.6,54,52.9,82.92,0.39%
03/03/2005,53.57,53.04,55.2,52.85,147.32,0.98%
03/02/2005,53.05,51.7,53.09,51.45,107.98,2.65%
03/01/2005,51.68,51.77,51.85,50.65,91.6,-0.14%
02/28/2005,51.75,51.8,52.28,51.1,77.73,0.50%
02/25/2005,51.49,51.45,51.9,50.95,74.34,0.19%
02/24/2005,51.39,51.21,52.05,50.46,114.19,0.43%
02/23/2005,51.17,51.2,51.6,50.86,88.11,0.04%
02/22/2005,51.15,48.37,51.4,48.37,37.93,5.79%
02/18/2005,48.35,47.6,48.5,47.52,42.68,1.70%
02/17/2005,47.54,48.32,48.65,47.4,66.21,-1.63%
02/16/2005,48.33,47.28,48.65,46.95,94.71,2.26%
02/15/2005,47.26,47.34,47.8,47.1,68.24,-0.38%
02/14/2005,47.44,47.05,47.75,46.6,76.76,0.59%
02/11/2005,47.16,46.97,47.48,46.75,83.65,0.13%
02/10/2005,47.1,45.54,47.3,45.42,107.52,3.61%
02/09/2005,45.46,45.45,46.4,44.6,139.77,0.13%
02/08/2005,45.4,45.4,45.7,44.78,99.8,0.27%
02/07/2005,45.28,46.32,46.47,45.1,103.69,-2.58%
02/04/2005,46.48,46.5,47.25,46.25,75.97,0.06%
02/03/2005,46.45,46.57,46.73,45.75,70.14,-0.51%
02/02/2005,46.69,47.19,47.55,46.45,85.11,-0.91%
02/01/2005,47.12,48.21,48.24,47.05,83.5,-2.24%
01/31/2005,48.2,46.68,48.25,46.01,107.5,2.16%
01/28/2005,47.18,48.84,48.85,46.8,106.86,-3.40%
01/27/2005,48.84,49.03,49.65,48.6,85.86,0.12%
01/26/2005,48.78,49.51,49.74,47.9,115.7,-1.73%
01/25/2005,49.64,48.82,49.75,48.35,77.8,1.70%
01/24/2005,48.81,48.88,49.24,47.8,82.9,0.58%
01/21/2005,48.53,47.3,48.95,47.27,109.39,3.45%
01/20/2005,46.91,47.6,47.6,46.4,34.82,-1.35%
01/19/2005,47.55,48.36,48.41,47.5,66.7,-1.72%
01/18/2005,48.38,48.6,49.5,47.7,76.81,0.00%
01/14/2005,48.38,47.87,48.65,47.6,73.82,0.71%
01/13/2005,48.04,46.5,48.4,46.3,108.48,3.60%
01/12/2005,46.37,45.73,46.6,45,117.37,1.51%
01/11/2005,45.68,45.23,46.15,44.95,90.54,0.77%
01/10/2005,45.33,45.6,47.3,45.2,103.57,-0.22%
01/07/2005,45.43,45.5,46.1,44.75,99.73,-0.29%
01/06/2005,45.56,43.39,45.75,42.8,122.41,5.00%
01/05/2005,43.39,43.9,44,42.6,91.01,-1.18%
01/04/2005,43.91,42.18,44.13,41.85,100.67,4.25%
01/03/2005,42.12,43.1,43.1,41.25,69.48,-3.06%
12/30/2004,43.45,43.61,43.8,42.52,67.36,-0.44%
12/29/2004,43.64,41.81,43.7,41.4,84.05,4.48%
12/28/2004,41.77,41.25,42.32,41,48.61,1.09%
12/27/2004,41.32,43.87,43.87,41.2,56.52,-6.47%
12/23/2004,44.18,44.18,44.4,43.75,43.83,-0.14%
12/22/2004,44.24,45.75,45.95,43.65,77.63,-3.32%
12/21/2004,45.76,45.65,46.15,45.31,56.91,0.26%
12/20/2004,45.64,46.2,46.2,44.9,34.84,-1.38%
12/17/2004,46.28,44.1,46.35,43.97,65.28,4.75%
12/16/2004,44.18,44.3,44.55,43,64.6,-0.02%
12/15/2004,44.19,41.8,44.45,41.8,119.63,5.67%
12/14/2004,41.82,41.12,41.89,40.85,88.75,1.98%
12/13/2004,41.01,40.9,41.65,40.25,95.85,0.74%
12/10/2004,40.71,42.5,43.29,40.25,118.14,-4.28%
12/09/2004,42.53,42.05,43.2,41.95,99.43,1.41%
12/08/2004,41.94,41.41,42.5,40.45,127.25,1.16%
12/07/2004,41.46,43.1,43.19,41.38,109.07,-3.54%
12/06/2004,42.98,42.5,43.6,42.26,82.61,1.03%
12/03/2004,42.54,43.33,43.75,42.05,109.16,-1.64%
12/02/2004,43.25,45.49,45.9,42.5,158.72,-4.92%
12/01/2004,45.49,49.07,49.12,45.35,146.7,-7.41%
11/30/2004,49.13,49.65,50.4,48.68,100.73,-1.27%
11/29/2004,49.76,49.4,49.95,49.12,57.76,0.65%
11/24/2004,49.44,48.84,49.6,47.8,0.02,1.02%
11/23/2004,48.94,48.48,50.25,48.22,96.05,0.62%
11/22/2004,48.64,48.8,49.55,48.35,85.97,0.41%
11/19/2004,48.44,46.2,48.9,46,29.94,4.80%
11/18/2004,46.22,46.75,47.15,45.65,71.12,-1.32%
11/17/2004,46.84,46.16,47.1,45.4,83.14,1.58%
11/16/2004,46.11,46.89,47.4,46.07,85.98,-1.62%
11/15/2004,46.87,47.11,47.45,45.25,99.07,-0.95%
11/12/2004,47.32,47.55,48.05,47.1,75,-0.21%
11/11/2004,47.42,48.8,48.9,47.1,92.98,-2.95%
11/10/2004,48.86,47.35,49,46.96,129.9,3.15%
11/09/2004,47.37,49.02,49.43,47.2,128.89,-3.50%
11/08/2004,49.09,49.6,49.6,48.6,77.26,-1.05%
11/05/2004,49.61,48.81,49.7,48.3,115.77,1.62%
11/04/2004,48.82,50.88,51.06,48.75,121.09,-4.05%
11/03/2004,50.88,49.61,51.2,48.65,143.7,2.54%
11/02/2004,49.62,50.19,50.42,49.55,82.75,-1.02%
11/01/2004,50.13,51.82,52.5,49.3,133.14,-3.15%
10/29/2004,51.76,50.85,51.8,50.47,105.37,1.65%
10/28/2004,50.92,52.45,52.8,50.78,150.85,-2.94%
10/27/2004,52.46,55.18,55.65,52.1,172.52,-4.91%
10/26/2004,55.17,54.49,55.25,53.85,97.02,1.16%
10/25/2004,54.54,55.05,55.67,54.2,82.51,-1.14%
10/22/2004,55.17,54.5,55.5,54.45,83.3,1.29%
10/21/2004,54.47,54.27,54.95,54.01,79.23,-0.82%
10/20/2004,54.92,53.29,55.2,53.23,45.91,3.06%
10/19/2004,53.29,53.64,53.64,52.59,76.47,-0.71%
10/18/2004,53.67,54.8,55.33,53.12,76.1,-2.29%
10/15/2004,54.93,54.71,55,54.14,108.85,0.31%
10/14/2004,54.76,53.65,54.88,53.35,114.72,2.09%
10/13/2004,53.64,52.6,53.95,51.49,122.26,2.15%
10/12/2004,52.51,53.64,54.45,52.37,137.49,-2.11%
10/11/2004,53.64,53.19,53.8,52.95,79.55,0.62%
10/08/2004,53.31,52.55,53.4,51.85,116.86,1.22%
10/07/2004,52.67,52,53,51.92,103.19,1.25%
10/06/2004,52.02,51.18,52.15,50.75,109.99,1.82%
10/05/2004,51.09,49.83,51.29,49.8,88.11,2.36%
10/04/2004,49.91,49.9,49.97,49.44,52.02,-0.42%
10/01/2004,50.12,49.64,50.15,49.2,77.71,0.97%
09/30/2004,49.64,49.5,50.1,49.15,82.58,0.26%
09/29/2004,49.51,49.86,50.2,48.4,118.8,-0.78%
09/28/2004,49.9,49.57,50.47,49.52,102.59,0.52%
09/27/2004,49.64,48.75,49.75,48.64,76.42,1.55%
09/24/2004,48.88,48.46,48.9,47.9,69.26,0.87%
09/23/2004,48.46,48.35,49,47.5,124.91,0.23%
09/22/2004,48.35,46.75,48.65,46.42,146,2.65%
09/21/2004,47.1,46.35,47.4,46.05,50.74,1.62%
09/20/2004,46.35,45.59,46.4,45.3,72.38,1.67%
09/17/2004,45.59,44.01,45.8,43.91,78.91,3.90%
09/16/2004,43.88,43.75,44.2,42.75,101.9,0.69%
09/15/2004,43.58,44.44,45.3,43.4,131.69,-1.82%
09/14/2004,44.39,43.8,44.85,43.67,112.72,1.19%
09/13/2004,43.87,43.13,44.45,42.95,94.67,2.48%
09/10/2004,42.81,44.55,45.09,42.52,108.49,-4.03%
09/09/2004,44.61,42.73,44.75,42.49,132.54,4.30%
09/08/2004,42.77,43.22,43.7,42.4,89.75,-1.25%
09/07/2004,43.31,43.57,43.69,42.73,73.48,-1.55%
09/03/2004,43.99,44.07,44.45,43.6,61.44,-0.16%
09/02/2004,44.06,43.9,45.37,43.75,101.45,0.14%
09/01/2004,44,42.11,44.4,42.11,110.64,4.46%
08/31/2004,42.12,42.25,42.39,41.45,87.97,-0.38%
08/30/2004,42.28,43.31,43.5,41.3,92.28,-2.08%
08/27/2004,43.18,43.05,43.59,42.75,85.35,0.19%
08/26/2004,43.1,43.54,44.15,42.5,128.06,-0.85%
08/25/2004,43.47,45.17,45.58,43.22,134.62,-3.85%
08/24/2004,45.21,46,46.13,44.75,102.52,-1.82%
08/23/2004,46.05,46.81,47.22,45.95,82.48,-3.78%
08/20/2004,47.86,48.82,49.4,47.6,56.07,-1.72%
08/19/2004,48.7,47.35,48.8,47.2,97.47,3.03%
08/18/2004,47.27,46.75,47.39,46.5,86.31,1.11%
08/17/2004,46.75,46.05,46.95,45.63,112.11,1.52%
08/16/2004,46.05,46.6,46.91,45.95,108.91,-1.14%
08/13/2004,46.58,45.47,46.65,45.3,124.03,2.37%
08/12/2004,45.5,44.77,45.75,44.55,101.45,1.56%
08/11/2004,44.8,44.52,44.96,43.3,130.5,0.63%
08/10/2004,44.52,44.82,45.04,44.2,95.87,-0.71%
08/09/2004,44.84,43.81,44.98,43.55,100.85,2.03%
08/06/2004,43.95,44.35,44.77,43.75,109.42,-1.04%
08/05/2004,44.41,42.81,44.5,42.62,118.58,3.69%
08/04/2004,42.83,44.15,44.34,42.78,110.78,-2.99%
08/03/2004,44.15,43.84,44.24,43.5,88.81,0.75%
08/02/2004,43.82,43.69,43.94,43.27,71.1,0.05%
07/30/2004,43.8,42.72,43.85,42.65,77.43,2.46%
07/29/2004,42.75,42.9,42.98,42.1,74.55,-0.35%
07/28/2004,42.9,41.85,43.05,41.66,107.26,2.53%
07/27/2004,41.84,41.43,42.22,41.31,70.72,0.97%
07/26/2004,41.44,41.75,41.95,41.05,59.19,-0.65%
07/23/2004,41.71,41.4,41.83,41.2,64.92,0.85%
07/22/2004,41.36,40.57,41.65,40.42,84.35,1.92%
07/21/2004,40.58,40.4,41.15,40.25,82.12,-0.69%
07/20/2004,40.86,41.63,42.3,40.5,40.7,-1.87%
07/19/2004,41.64,41.19,41.9,40.72,82.23,0.95%
07/16/2004,41.25,40.7,41.8,40.4,65.13,1.18%
07/15/2004,40.77,40.97,41.12,40.5,75.87,-0.49%
07/14/2004,40.97,39.5,41.05,39.2,115.28,3.88%
07/13/2004,39.44,39.4,39.77,38.98,87.63,-0.15%
07/12/2004,39.5,39.76,40.75,39.38,97.98,-1.15%
07/09/2004,39.96,40.18,40.45,39.91,72.66,-0.92%
07/08/2004,40.33,39.19,40.4,38.85,114.5,3.20%
07/07/2004,39.08,39.58,39.84,38.75,85.52,-1.44%
07/06/2004,39.65,38.79,39.7,38.75,80.28,3.28%
07/02/2004,38.39,38.7,39.05,38.26,71.64,-0.90%
07/01/2004,38.74,37.05,39.1,36.69,143.29,4.56%
06/30/2004,37.05,35.63,37.1,35.52,108.61,3.90%
06/29/2004,35.66,36.25,36.38,35.62,75.61,-1.60%
06/28/2004,36.24,37.29,37.42,35.9,103.49,-3.49%
06/25/2004,37.55,37.95,38.02,37.1,73.63,-1.00%
06/24/2004,37.93,37.65,38.1,37.45,69.81,0.96%
06/23/2004,37.57,38.19,38.52,37.32,97.29,-1.42%
06/22/2004,38.11,37.63,38.2,37.4,34.35,1.28%
06/21/2004,37.63,38.65,39.05,37.5,43.7,-2.89%
06/18/2004,38.75,38.48,38.83,38.15,44.6,0.75%
06/17/2004,38.46,37.34,38.6,37.29,77.07,3.05%
06/16/2004,37.32,37.16,37.67,37,67.7,0.35%
06/15/2004,37.19,37.59,38.4,36.9,87.4,-1.06%
06/14/2004,37.59,38.27,38.4,37.45,71.78,-2.24%
06/10/2004,38.45,37.54,38.6,37.38,109.72,2.42%
06/09/2004,37.54,37.22,37.6,36.45,124.26,0.70%
06/08/2004,37.28,38.7,39.14,37.2,110.34,-3.57%
06/07/2004,38.66,38.44,38.9,37.75,101.25,0.44%
06/04/2004,38.49,39.25,39.46,38.31,115.92,-2.01%
06/03/2004,39.28,39.88,40.85,38.15,177.6,-1.70%
06/02/2004,39.96,42.31,42.45,39.85,123.54,-5.60%
06/01/2004,42.33,40.4,42,40.27,131.22,6.14%
05/28/2004,39.88,39.44,39.94,39.06,75.15,1.12%
05/27/2004,39.44,40.65,40.69,39,135.4,-3.10%
05/26/2004,40.7,41.13,41.65,40.52,109.89,-1.07%
05/25/2004,41.14,41.7,41.83,40.75,100.01,-1.39%
05/24/2004,41.72,40,41.82,39.45,121.47,4.48%
05/21/2004,39.93,40.68,40.96,39.65,118.04,-2.42%
05/20/2004,40.92,41.57,41.7,40.75,51.5,-1.40%
05/19/2004,41.5,40.45,41.55,39.9,81.71,2.37%
05/18/2004,40.54,41.55,41.58,40.35,64.12,-2.43%
05/17/2004,41.55,41.28,41.85,40.8,91.4,0.41%
05/14/2004,41.38,41.08,41.56,40.75,94.62,0.73%
05/13/2004,41.08,40.73,41.1,40.3,91.88,0.76%
05/12/2004,40.77,40.21,40.92,39.82,107.91,1.77%
05/11/2004,40.06,38.88,40.15,38.47,104.49,2.90%
05/10/2004,38.93,39.84,39.95,38.28,106.5,-2.50%
05/07/2004,39.93,39.43,40,39.37,84.27,1.42%
05/06/2004,39.37,39.62,39.97,39.15,81.13,-0.51%
05/05/2004,39.57,38.95,39.74,38.49,105.65,1.51%
05/04/2004,38.98,38.18,39.15,37.93,96.8,2.02%
05/03/2004,38.21,37.39,38.3,37.25,67.88,2.22%
04/30/2004,37.38,37.42,38.03,37.25,69.88,0.19%
04/29/2004,37.31,37.33,37.44,36.63,86.62,-0.40%
04/28/2004,37.46,37.54,38.18,36.81,107.96,-0.19%
04/27/2004,37.53,36.93,37.7,36.87,93.21,1.51%
04/26/2004,36.97,36.75,37.15,36.55,72.08,1.40%
04/23/2004,36.46,36.79,36.9,36.1,70.29,-0.68%
04/22/2004,36.71,35.74,37.15,35.7,110.47,2.74%
04/21/2004,35.73,36.46,36.49,35.35,118.36,-4.97%
04/20/2004,37.6,37.45,37.75,37.05,69.01,0.48%
04/19/2004,37.42,37.65,38.3,37.3,79.57,-0.85%
04/16/2004,37.74,37.56,37.95,37.17,69.26,0.45%
04/15/2004,37.57,36.7,37.65,36.44,121.77,2.31%
04/14/2004,36.72,37.15,37.27,36.25,117.6,-1.32%
04/13/2004,37.21,37.82,37.85,37,104.64,-1.66%
04/12/2004,37.84,37.24,37.95,37.11,91.68,1.88%
04/08/2004,37.14,36.17,37.3,36.13,99.14,2.74%
04/07/2004,36.15,34.99,36.6,34.69,137.27,3.37%
04/06/2004,34.97,34.4,35,34.17,64.43,1.72%
04/05/2004,34.38,34.2,34.64,33.93,53.69,-0.03%
04/02/2004,34.39,34.33,34.65,33.3,111.67,0.35%
04/01/2004,34.27,35.82,35.87,33.9,120.03,-4.17%
03/31/2004,35.76,36.24,36.77,34.85,139.02,-1.35%
03/30/2004,36.25,35.4,36.45,35.25,86.1,2.26%
03/29/2004,35.45,35.68,35.68,35.02,58.47,-0.78%
03/26/2004,35.73,35.58,35.93,34.75,105.34,0.62%
03/25/2004,35.51,37,37.05,35.4,122.17,-4.05%
03/24/2004,37.01,37.41,37.78,36.65,82.23,-1.17%
03/23/2004,37.45,37.05,37.6,36.6,74.19,0.92%
03/22/2004,37.11,38.09,38.09,36.85,49.62,-2.55%
03/19/2004,38.08,37.88,38.5,37.63,52.59,0.40%
03/18/2004,37.93,38.2,38.25,37.4,59.79,-0.65%
03/17/2004,38.18,37.44,38.35,37.33,101.25,1.87%
03/16/2004,37.48,37.42,37.8,37.02,85.24,0.11%
03/15/2004,37.44,36.15,37.48,35.85,92.39,3.45%
03/12/2004,36.19,36.96,37.2,35.3,124.25,-1.60%
03/11/2004,36.78,36.29,36.94,36.05,95.43,1.88%
03/10/2004,36.1,36.3,36.55,35.63,94.28,-0.50%
03/09/2004,36.28,36.5,36.93,36.06,88.59,-0.79%
03/08/2004,36.57,37.26,37.51,36.35,74.93,-1.85%
03/05/2004,37.26,36.7,37.45,36.7,78.19,1.69%
03/04/2004,36.64,35.81,36.85,35.68,91.99,2.35%
03/03/2004,35.8,36.65,36.8,35.41,99.75,-2.35%
03/02/2004,36.66,36.8,36.98,36.4,56.55,-0.54%
03/01/2004,36.86,36.16,36.98,35.8,84.6,1.94%
02/27/2004,36.16,35.49,36.23,35.3,72.95,1.83%
02/26/2004,35.51,35.7,35.95,35.15,78.75,-0.48%
02/25/2004,35.68,34.58,35.9,34.48,106.15,3.18%
02/24/2004,34.58,34.36,35.07,34.3,85.17,0.67%
02/23/2004,34.35,34.27,34.7,34.03,60.43,-3.51%
02/20/2004,35.6,35.8,36.1,35.05,60.94,-1.11%
02/19/2004,36,35.4,36.1,35.2,50.13,1.55%
02/18/2004,35.45,35.08,35.88,35,69.71,0.74%
02/17/2004,35.19,34.48,35.25,34.25,97.17,1.82%
02/13/2004,34.56,33.96,34.65,33.95,85.62,1.71%
02/12/2004,33.98,34,34.25,33.65,86.63,-0.06%
02/11/2004,34,34,34.4,33.3,100.72,0.38%
02/10/2004,33.87,32.9,34.28,32.82,100,3.17%
02/09/2004,32.83,32.35,32.95,32.25,73.77,1.08%
02/06/2004,32.48,33.11,33.44,32.32,85.11,-1.81%
02/05/2004,33.08,33.19,33.3,32.2,114.24,-0.06%
02/04/2004,33.1,34.09,34.45,32.95,103.75,-2.93%
02/03/2004,34.1,34.85,35.19,34.07,96.81,-2.52%
02/02/2004,34.98,33.2,35.05,32.56,114.74,5.84%
01/30/2004,33.05,32.87,33.35,32.71,96.1,0.73%
01/29/2004,32.81,33.62,33.8,32.41,112.23,-2.41%
01/28/2004,33.62,34.14,34.63,33.35,102.31,-1.47%
01/27/2004,34.12,34.45,34.98,33.9,85.98,-1.02%
01/26/2004,34.47,34.79,34.79,34.17,75.62,-1.35%
01/23/2004,34.94,34.97,35.25,34.65,100.56,0.03%
01/22/2004,34.93,34.59,34.95,33.75,117.57,1.01%
01/21/2004,34.58,34.79,34.98,34.28,88.52,-4.48%
01/20/2004,36.2,34.92,36.37,34.92,57.7,3.22%
01/16/2004,35.07,33.5,35.3,33.4,60.35,4.87%
01/15/2004,33.44,34.57,35.41,33.27,102.44,-3.07%
01/14/2004,34.5,34.3,34.74,34.12,126.27,0.20%
01/13/2004,34.43,34.8,35.2,34.34,120.13,-0.84%
01/12/2004,34.72,34.35,34.8,33.75,99.68,1.19%
01/09/2004,34.31,34.05,34.7,34.05,104.69,0.97%
01/08/2004,33.98,33.65,34,33.4,92.71,1.07%
01/07/2004,33.62,33.68,33.89,33.05,81.68,-0.24%
01/06/2004,33.7,33.76,34.35,33.3,103.41,-0.24%
01/05/2004,33.78,32.4,33.95,32.27,105.7,3.87%
12/31/2003,32.52,32.88,33.2,32.3,66.69,-0.82%
12/30/2003,32.79,32.4,33.03,32.38,53.72,1.20%
12/29/2003,32.4,32.75,32.75,32.1,46.73,-1.40%
12/24/2003,32.86,32.06,33,31.88,60.08,2.85%
12/23/2003,31.95,31.85,32,31.25,59.36,0.25%
12/22/2003,31.87,32.9,32.99,31.75,82.03,-3.48%
12/19/2003,33.02,33.65,33.93,32.8,36.84,-2.05%
12/18/2003,33.71,33.37,33.9,32.9,54.04,1.08%
12/17/2003,33.35,32.85,33.77,32.8,45.39,1.40%
12/16/2003,32.89,33.17,33.35,32.7,64.23,-0.87%
12/15/2003,33.18,32.04,33.32,31.74,97.77,0.42%
12/12/2003,33.04,31.97,33.2,31.87,98.95,3.74%
12/11/2003,31.85,31.91,32.1,31.35,75.9,-0.09%
12/10/2003,31.88,31.71,32.63,31.5,102.94,0.38%
12/09/2003,31.76,32.09,32.3,31.6,88.91,-1.06%
12/08/2003,32.1,30.66,32.43,30.63,101.29,4.46%
12/05/2003,30.73,31.23,31.28,30.68,74.63,-1.70%
12/04/2003,31.26,31.1,31.65,30.43,100.18,0.51%
12/03/2003,31.1,30.8,31.18,30.35,80.92,1.04%
12/02/2003,30.78,29.94,30.97,29.8,95.51,2.77%
12/01/2003,29.95,30.26,30.35,29.66,67.1,-1.51%
11/26/2003,30.41,29.75,30.45,29.75,81.12,2.15%
11/25/2003,29.77,29.9,30.14,29.3,123.18,0.10%
11/24/2003,29.74,31.47,31.47,29.65,124.08,-5.92%
11/21/2003,31.61,31.75,32.27,31.42,81.96,-3.80%
11/20/2003,32.86,32.9,33.55,32.5,54.5,-0.18%
11/19/2003,32.92,33.2,33.5,32.7,92.33,-1.08%
11/18/2003,33.28,31.67,33.35,31.38,74.24,4.88%
11/17/2003,31.73,32.37,32.37,31.53,78.25,-1.98%
11/14/2003,32.37,31.9,32.5,31.81,89.47,1.47%
11/13/2003,31.9,31.31,31.95,30.95,104.2,1.82%
11/12/2003,31.33,31.15,31.35,30.75,92.22,0.58%
11/11/2003,31.15,30.92,31.23,30.68,68.44,0.87%
11/10/2003,30.88,31.14,31.29,30.63,63.43,0.10%
11/07/2003,30.85,30.27,31.14,30.22,96.47,1.95%
11/06/2003,30.26,30.25,30.7,29.96,101.79,-0.13%
11/05/2003,30.3,28.77,30.38,28.7,126.76,5.39%
11/04/2003,28.75,28.77,28.9,28.47,53.56,-0.52%
11/03/2003,28.9,29.13,29.55,28.8,62.83,-0.72%
10/31/2003,29.11,28.5,29.15,28.47,70.84,2.25%
10/30/2003,28.47,28.95,28.98,28.26,94.68,-1.52%
10/29/2003,28.91,29.55,29.99,28.8,120.12,-2.20%
10/28/2003,29.56,29.88,29.99,29.52,77.44,-1.20%
10/27/2003,29.92,30.1,30.32,29.7,66.22,-0.80%
10/24/2003,30.16,30.34,30.8,29.88,82.75,-0.46%
10/23/2003,30.3,29.92,30.37,29.4,99.01,1.27%
10/22/2003,29.92,30.28,30.65,29.87,93.9,-0.86%
10/21/2003,30.18,30.33,30.65,30.05,33.46,-0.56%
10/20/2003,30.35,30.67,30.67,29.72,38.28,-1.08%
10/17/2003,30.68,31.5,31.54,29.9,55.59,-2.73%
10/16/2003,31.54,31.77,32,31.3,54.04,-0.72%
10/15/2003,31.77,31.78,32.05,31.51,47.67,-0.16%
10/14/2003,31.82,31.9,32.49,31.5,79.14,-0.41%
10/13/2003,31.95,31.97,32.05,31.6,54.87,-0.06%
10/10/2003,31.97,31.05,32.6,30.81,105.37,3.10%
10/09/2003,31.01,29.8,31.2,29.48,92.47,4.03%
10/08/2003,29.81,30.44,30.5,29.45,90.27,-1.97%
10/07/2003,30.41,30.47,30.58,30.08,74.84,-0.20%
10/06/2003,30.47,30.51,30.8,30.32,63.04,0.23%
10/03/2003,30.4,29.82,30.44,29.47,82.09,1.88%
10/02/2003,29.84,29.5,29.98,29.31,69.89,1.53%
10/01/2003,29.39,29.15,29.43,28.85,87.29,0.65%
09/30/2003,29.2,28.38,29.38,28.31,101.28,2.82%
09/29/2003,28.4,28.24,28.62,28.24,48.53,0.85%
09/26/2003,28.16,28.3,28.37,27.87,53.66,-0.46%
09/25/2003,28.29,28.24,28.7,28.18,66.07,0.18%
09/24/2003,28.24,27.15,28.59,26.93,108.96,4.09%
09/23/2003,27.13,27.15,27.69,27.1,72.92,0.63%
09/22/2003,26.96,26.97,27.28,26.75,39.45,-0.26%
09/19/2003,27.03,27.14,27.28,26.65,58.55,-0.52%
09/18/2003,27.17,27.02,27.3,26.66,59.32,0.52%
09/17/2003,27.03,27.56,27.73,26.8,74.6,-1.92%
09/16/2003,27.56,28.14,28.25,27.36,67.04,-2.06%
09/15/2003,28.14,28.3,28.45,27.85,62.9,-0.46%
09/12/2003,28.27,28.85,29.14,27.85,97.63,-1.91%
09/11/2003,28.82,29.4,29.52,28.7,66.85,-1.81%
09/10/2003,29.35,29.2,29.42,28.6,86.41,0.58%
09/09/2003,29.18,28.87,29.25,28.76,64.56,1.14%
09/08/2003,28.85,28.93,29.39,28.55,89.49,-0.10%
09/05/2003,28.88,28.96,29.1,28.65,61.63,-0.35%
09/04/2003,28.98,29.45,29.6,28.51,111.97,-1.73%
09/03/2003,29.49,29.5,29.87,29.15,93.34,0.27%
09/02/2003,29.41,31.28,31.4,29.25,162.82,-6.84%
08/29/2003,31.57,31.45,32.05,31.4,3.81,0.22%
08/28/2003,31.5,31.23,31.65,31.12,70.88,0.93%
08/27/2003,31.21,31.95,32.07,31.1,84.06,-2.32%
08/26/2003,31.95,31.5,32.05,31.35,73.74,1.24%
08/25/2003,31.56,31.94,32.3,31.35,61.37,-0.88%
08/22/2003,31.84,31.95,32.1,31.7,56.11,-0.13%
08/21/2003,31.88,31,32.4,31,109.83,3.00%
08/20/2003,30.95,30.75,31.2,30.44,40.39,0.81%
08/19/2003,30.7,30.89,31.08,30.36,67.65,-0.62%
08/18/2003,30.89,31.31,31.6,30.8,54.16,-0.52%
08/15/2003,31.05,31.2,31.51,30.63,60.48,-0.13%
08/14/2003,31.09,30.81,31.15,30.1,95.12,1.01%
08/13/2003,30.78,31.88,32.16,30.7,128.09,-3.57%
08/12/2003,31.92,32,32.35,31.35,118.3,-0.28%
08/11/2003,32.01,32.14,32.15,31.83,64.46,-0.53%
08/08/2003,32.18,32.39,32.85,31.7,103.58,-0.65%
08/07/2003,32.39,31.67,32.44,31.67,90.53,2.18%
08/06/2003,31.7,32.27,32.8,31.45,104.57,-1.61%
08/05/2003,32.22,31.79,32.49,31.67,70.12,1.19%
08/04/2003,31.84,32.15,32.4,31.8,81.26,-1.45%
08/01/2003,32.31,30.58,32.38,30.5,124.91,5.80%
07/31/2003,30.54,30.7,30.98,30.4,69.19,-0.46%
07/30/2003,30.68,30.2,30.8,30,79.81,1.46%
07/29/2003,30.24,30.1,30.4,29.76,53.71,0.43%
07/28/2003,30.11,29.97,30.35,29.6,47,-0.20%
07/25/2003,30.17,30.21,30.45,29.91,59.91,-0.17%
07/24/2003,30.22,29.72,30.25,29.4,74.87,1.85%
07/23/2003,29.67,29.47,29.83,29.17,82.77,-1.72%
07/22/2003,30.19,31.72,31.73,29.7,48.39,-5.00%
07/21/2003,31.78,32,32.1,31.25,52.74,-0.56%
07/18/2003,31.96,31.44,32,31.16,43.67,1.75%
07/17/2003,31.41,31.03,31.6,31,66.72,1.16%
07/16/2003,31.05,31.65,32.05,30.92,96.85,-1.80%
07/15/2003,31.62,31.34,31.73,30.95,89.78,1.12%
07/14/2003,31.27,31.15,31.42,30.65,72.33,-0.03%
07/11/2003,31.28,31.01,31.75,30.9,77.34,0.71%
07/10/2003,31.06,30.88,31.6,30.82,93.48,0.58%
07/09/2003,30.88,30.22,30.9,30,92.23,2.18%
07/08/2003,30.22,30.13,30.31,29.52,78.1,0.30%
07/07/2003,30.13,30.15,30.25,29.82,50.77,-0.95%
07/03/2003,30.42,30.14,30.98,30.07,67.5,0.90%
07/02/2003,30.15,30.32,30.7,29.9,63.6,-0.82%
07/01/2003,30.4,30.12,30.5,29.7,66.78,0.70%
06/30/2003,30.19,29.3,30.21,29.1,74.54,3.14%
06/27/2003,29.27,29.01,29.49,28.83,62.79,0.90%
06/26/2003,29.01,29.95,30.02,28.86,84.87,-3.14%
06/25/2003,29.95,28.78,30.05,28.61,97.94,4.07%
06/24/2003,28.78,29.14,29.2,28.53,61.2,-1.34%
06/23/2003,29.17,29.53,29.76,28.86,57.35,-5.35%
06/20/2003,30.82,29.88,30.95,29.85,43.78,2.87%
06/19/2003,29.96,30.32,30.33,29.7,54.08,-1.32%
06/18/2003,30.36,31.05,31.08,29.8,61.96,-2.29%
06/17/2003,31.07,31.13,31.35,30.8,52.18,-0.35%
06/16/2003,31.18,30.5,31.25,30.43,73.46,1.73%
06/13/2003,30.65,31.51,31.56,29.85,93.75,-2.73%
06/12/2003,31.51,32.12,32.27,31.36,80.84,-2.63%
06/11/2003,32.36,31.75,32.5,31.46,89.79,1.99%
06/10/2003,31.73,31.4,31.76,30.9,72.43,0.89%
06/09/2003,31.45,31.28,31.85,30.79,70.2,0.54%
06/06/2003,31.28,30.78,31.3,30.65,71.45,1.76%
06/05/2003,30.74,30.05,30.82,29.65,81.56,2.30%
06/04/2003,30.05,30.78,31,29.9,96.89,-2.02%
06/03/2003,30.67,30.65,30.86,30.33,59,-0.13%
06/02/2003,30.71,29.49,30.84,29.49,90.95,3.89%
05/30/2003,29.56,29.02,29.65,29.02,64.26,1.58%
05/29/2003,29.1,28.56,29.38,28.27,90.66,1.82%
05/28/2003,28.58,29.26,29.32,28.47,60.4,-2.62%
05/27/2003,29.35,29.16,29.63,28.55,82.03,0.65%
05/23/2003,29.16,28.86,29.45,28.75,43.79,1.07%
05/22/2003,28.85,29.04,29.04,28.38,69.16,-0.62%
05/21/2003,29.03,28.35,29.6,28.3,101.8,-0.85%
05/20/2003,29.28,28.85,29.45,28.51,60.67,1.56%
05/19/2003,28.83,29.16,29.48,28.52,73.84,-1.06%
05/16/2003,29.14,28.6,29.2,28.25,57.53,1.39%
05/15/2003,28.74,29.21,29.48,28.5,84.18,-1.47%
05/14/2003,29.17,28.45,29.35,27.95,97.03,2.35%
05/13/2003,28.5,27.4,28.55,27.26,82.52,4.20%
05/12/2003,27.35,27.59,28.45,27.22,91.93,-1.33%
05/09/2003,27.72,26.98,27.95,26.86,92.48,2.74%
05/08/2003,26.98,26.23,27.35,26,114.42,2.86%
05/07/2003,26.23,25.7,26.35,25.5,80.45,1.98%
05/06/2003,25.72,26.51,26.51,25.46,82.88,-2.91%
05/05/2003,26.49,25.52,26.53,25.5,64.68,3.19%
05/02/2003,25.67,26.1,26.6,25.42,76.39,-1.38%
05/01/2003,26.03,25.95,26.38,25.8,63.78,0.89%
04/30/2003,25.8,25.27,26.5,25.25,106.19,2.22%
04/29/2003,25.24,25.35,25.55,25.04,67.75,-0.98%
04/28/2003,25.49,26.2,26.2,25.3,72.99,-2.93%
04/25/2003,26.26,26.68,27.05,26,78.21,-1.43%
04/24/2003,26.64,26.6,26.94,25.61,101.5,-0.04%
04/23/2003,26.65,27.9,28.22,26.36,103.2,-10.90%
04/22/2003,29.91,30.8,30.85,29.6,49.33,-3.11%
04/21/2003,30.87,30.25,31.25,30.06,44.3,1.05%
04/17/2003,30.55,29.1,30.65,29.1,52.78,4.69%
04/16/2003,29.18,29.31,29.65,28.52,75.18,-0.38%
04/15/2003,29.29,28.55,29.44,28.28,67.84,2.31%
04/14/2003,28.63,28.15,28.65,27.57,62.49,1.74%
04/11/2003,28.14,27.47,28.25,27.02,67.67,2.48%
04/10/2003,27.46,28.85,28.92,27.3,87.44,-4.82%
04/09/2003,28.85,28.1,28.95,27.78,69.05,3.04%
04/08/2003,28,27.89,28.38,27.31,59.96,0.14%
04/07/2003,27.96,28,28.7,27.15,64.67,-2.31%
04/04/2003,28.62,28.98,29.07,27.82,56.57,-1.21%
04/03/2003,28.97,28.5,29.24,27.66,63.35,1.44%
04/02/2003,28.56,29.78,29.83,28.18,66.96,-4.10%
04/01/2003,29.78,31.16,31.32,29.58,61.23,-4.06%
03/31/2003,31.04,30.24,31.3,30.07,46.66,2.92%
03/28/2003,30.16,30.4,31.05,29.85,62.05,-0.69%
03/27/2003,30.37,28.73,30.45,28.55,76.33,6.08%
03/26/2003,28.63,28.1,28.95,28.06,73.97,2.36%
03/25/2003,27.97,28.65,29.7,27.8,91.29,-2.41%
03/24/2003,28.66,27.37,28.9,27.21,71.67,6.50%
03/21/2003,26.91,28.25,28.62,26.3,99.96,-5.94%
03/20/2003,28.61,29.85,30.6,28,26.35,-4.25%
03/19/2003,29.88,31.77,32.42,29.5,55.44,-5.65%
03/18/2003,31.67,34.84,34.97,31.4,63.35,-9.33%
03/17/2003,34.93,35.98,36.95,34,90.02,-1.27%
03/14/2003,35.38,36.13,36.22,33.85,97.94,-1.75%
03/13/2003,36.01,37.85,38.14,35.75,97.04,-4.81%
03/12/2003,37.83,36.76,37.95,36.17,90.44,3.02%
03/11/2003,36.72,37.25,37.45,36.33,86.1,-1.48%
03/10/2003,37.27,37.78,38.2,37.1,77.5,-1.35%
03/07/2003,37.78,37.1,37.84,36.8,76.89,2.11%
03/06/2003,37,36.81,37.2,36.5,61.13,0.84%
03/05/2003,36.69,36.9,37.48,35.9,87.73,-0.54%
03/04/2003,36.89,35.92,37.18,35.92,81.81,2.81%
03/03/2003,35.88,36.45,36.45,35.36,68.66,-1.97%
02/28/2003,36.6,37.22,37.55,36.3,95.7,-1.61%
02/27/2003,37.2,37.8,39.99,37.1,158.96,-1.33%
02/26/2003,37.7,36.06,37.93,35.96,122.3,4.55%
02/25/2003,36.06,36.53,37.1,35.9,111.12,-1.15%
02/24/2003,36.48,35.47,36.52,35.47,71.13,2.53%
02/21/2003,35.58,34.8,35.95,34.7,76.7,-3.29%
02/20/2003,36.79,37.21,37.55,36.1,50.52,-1.00%
02/19/2003,37.16,36.71,37.45,36.36,61.38,0.54%
02/18/2003,36.96,36.38,37.05,36,47.15,0.43%
02/14/2003,36.8,36.49,36.85,35.88,86.11,1.21%
02/13/2003,36.36,35.7,36.4,35.7,95.54,1.65%
02/12/2003,35.77,35.4,35.95,35.1,113.2,0.93%
02/11/2003,35.44,34.55,35.6,34.34,95.2,2.78%
02/10/2003,34.48,34.9,35.38,34.3,90.53,-1.82%
02/07/2003,35.12,34.12,35.25,34.12,99.48,2.81%
02/06/2003,34.16,33.93,34.45,33.78,85.55,0.68%
02/05/2003,33.93,33.53,34.28,33.12,88.32,1.04%
02/04/2003,33.58,32.76,33.72,32.55,81.57,2.50%
02/03/2003,32.76,33.33,33.47,32.65,74.75,-2.24%
01/31/2003,33.51,33.88,33.88,33.32,92.52,-1.00%
01/30/2003,33.85,33.63,33.95,33.34,61.89,0.65%
01/29/2003,33.63,32.73,33.85,32.3,98.1,2.94%
01/28/2003,32.67,32.39,32.84,32.29,56.61,1.18%
01/27/2003,32.29,33.34,33.53,32.25,88.86,-2.97%
01/24/2003,33.28,32.25,33.4,32.11,95.52,3.19%
01/23/2003,32.25,32.86,33,31.9,109.02,-1.83%
01/22/2003,32.85,33.05,33.44,32.65,84.59,-5.09%
01/21/2003,34.61,33.76,35.2,33.38,67.09,2.06%
01/17/2003,33.91,33.65,34,32.9,73.64,0.74%
01/16/2003,33.66,33.15,33.98,33,71.77,1.36%
01/15/2003,33.21,32.4,33.29,32.28,111.65,2.59%
01/14/2003,32.37,32.25,32.9,31.88,114,0.34%
01/13/2003,32.26,31.3,32.38,31.13,90.73,1.83%
01/10/2003,31.68,31.99,32.38,31.35,98.56,-0.97%
01/09/2003,31.99,30.6,32.05,30.47,111.72,4.68%
01/08/2003,30.56,31.05,31.3,29.75,108.04,-1.67%
01/07/2003,31.08,32.11,32.4,30.51,124.28,-3.18%
01/06/2003,32.1,33.08,33.33,31.91,98.25,-2.96%
01/03/2003,33.08,31.98,33.25,31.9,68.42,3.86%
01/02/2003,31.85,31.6,32.09,31.4,62.48,2.08%
12/31/2002,31.2,31.4,31.67,30.05,58.72,-0.54%
12/30/2002,31.37,32.75,33.65,31.14,82.02,-4.13%
12/27/2002,32.72,32.58,32.76,32.05,61.58,0.71%
12/26/2002,32.49,31.63,32.55,31.42,41.15,1.63%
12/24/2002,31.97,31.85,32.03,31.62,34.81,0.69%
12/23/2002,31.75,30.41,31.95,30.41,68.87,4.79%
12/20/2002,30.3,30.25,30.38,29.86,83.45,-0.85%
12/19/2002,30.56,30.4,31.1,30.15,36.63,0.39%
12/18/2002,30.44,30.4,31.25,29.75,64.16,1.13%
12/17/2002,30.1,30.05,30.25,29.75,79.69,0.00%
12/16/2002,30.1,28.62,30.17,28.61,98.13,5.84%
12/13/2002,28.44,27.95,28.65,27.95,96.77,1.54%
12/12/2002,28.01,27.43,28.22,27.39,103.96,2.23%
12/11/2002,27.4,27.75,27.97,27.3,84.58,-1.23%
12/10/2002,27.74,27.25,27.9,26.75,128.67,1.99%
12/09/2002,27.2,27.1,27.43,27,66.65,1.00%
12/06/2002,26.93,27.34,27.5,26.82,78.57,-1.32%
12/05/2002,27.29,26.71,27.45,26.71,68.1,2.17%
12/04/2002,26.71,27.32,27.59,26.57,113.98,-2.16%
12/03/2002,27.3,27.25,27.71,27.1,90.64,0.22%
12/02/2002,27.24,26.9,27.45,26.7,92.48,1.30%
11/27/2002,26.89,26.4,26.96,26.32,74.07,1.86%
11/26/2002,26.4,26.09,26.5,26.04,58.89,1.11%
11/25/2002,26.11,26.85,27.12,26.08,81.34,-2.43%
11/22/2002,26.76,26.34,26.84,26.2,74.62,1.56%
11/21/2002,26.35,26.08,26.55,26.05,83.34,-2.34%
11/20/2002,26.98,26.36,27.25,26.3,41.93,2.12%
11/19/2002,26.42,26.65,27.08,26.35,3.54,-1.09%
11/18/2002,26.71,25.53,26.75,25.52,83.91,4.70%
11/15/2002,25.51,25.35,25.58,25.1,67.56,0.87%
11/14/2002,25.29,25.2,25.5,24.85,97.83,0.40%
11/13/2002,25.19,25.9,26.26,24.82,116.92,-2.74%
11/12/2002,25.9,25.96,26.2,25.76,77.59,-0.15%
11/11/2002,25.94,25.7,26.5,25.67,91.12,0.62%
11/08/2002,25.78,25.34,25.95,25.16,102.52,1.58%
11/07/2002,25.38,25.73,26.5,25.25,102.2,-1.51%
11/06/2002,25.77,26.14,26.34,25.55,109.43,-1.42%
11/05/2002,26.14,26.89,27,26.08,99.4,-3.01%
11/04/2002,26.95,26.97,27.4,26.66,101.82,-0.66%
11/01/2002,27.13,27.2,27.56,26.95,87.32,-0.33%
10/31/2002,27.22,26.83,27.35,26.77,73.56,1.53%
10/30/2002,26.81,26.72,27.29,26.53,107.85,-0.19%
10/29/2002,26.86,27.22,27.35,26.8,70.21,-1.58%
10/28/2002,27.29,27.12,27.43,26.62,103.27,0.89%
10/25/2002,27.05,28.15,28.3,26.9,140.63,-4.08%
10/24/2002,28.2,28.18,28.45,28.05,71.18,0.07%
10/23/2002,28.18,28.09,28.39,27.85,91.97,0.93%
10/22/2002,27.92,28.37,28.41,27.75,44.47,-1.59%
10/21/2002,28.37,29.42,29.5,28.22,61.97,-4.16%
10/18/2002,29.6,29.65,29.71,29.28,45.14,-0.07%
10/17/2002,29.62,29.45,29.77,29.05,61.63,0.51%
10/16/2002,29.47,29.67,29.87,29.18,60.92,-0.84%
10/15/2002,29.72,30.01,30.2,29.58,71.54,-1.03%
10/14/2002,30.03,29.45,30.17,29.2,83.16,2.25%
10/11/2002,29.37,29,29.4,28.8,68.09,1.38%
10/10/2002,28.97,29.36,29.5,28.52,91.01,-1.29%
10/09/2002,29.35,29.5,29.78,29.26,74.57,-0.44%
10/08/2002,29.48,29.73,29.79,29.03,87.76,-0.54%
10/07/2002,29.64,29.72,30.1,29.4,69.62,0.07%
10/04/2002,29.62,29.74,29.95,29.35,87.63,-0.47%
10/03/2002,29.76,30.43,30.66,29.6,103.43,-2.39%
10/02/2002,30.49,30.82,31.05,30.2,100.87,-1.10%
10/01/2002,30.83,30.45,31.18,30.45,97.93,1.25%
09/30/2002,30.45,30.71,30.94,30.4,68.29,-0.29%
09/27/2002,30.54,30.39,30.75,30.15,76.3,0.43%
09/26/2002,30.41,30.66,30.95,30.06,76.28,-0.75%
09/25/2002,30.64,30.71,30.9,30.3,80.28,-0.42%
09/24/2002,30.77,30.73,31.39,30.64,94.15,0.20%
09/23/2002,30.71,30,30.93,30,88.67,3.71%
09/20/2002,29.61,29.5,30,29.45,39.64,0.37%
09/19/2002,29.5,29.48,29.75,29.16,48.81,0.07%
09/18/2002,29.48,29.06,29.75,29.06,45.42,1.38%
09/17/2002,29.08,29.6,29.6,28.24,85.89,-1.99%
09/16/2002,29.67,29.78,29.93,29.32,64.2,-0.47%
09/13/2002,29.81,28.95,29.9,28.83,93.35,3.33%
09/12/2002,28.85,29.77,29.92,28.64,114.01,-3.09%
09/11/2002,29.77,29.66,29.97,29.54,52.31,0.13%
09/10/2002,29.73,29.78,30.2,29.65,88.23,0.00%
09/09/2002,29.73,29.57,30.2,29.31,71.4,0.41%
09/06/2002,29.61,29.01,30.19,28.94,97.86,2.17%
09/05/2002,28.98,28.34,29,28.26,75.15,2.51%
09/04/2002,28.27,27.79,28.55,27.62,6.76,1.73%
09/03/2002,27.79,29,29,27.7,108.09,-4.11%
08/30/2002,28.98,28.87,29.08,28.67,54.32,0.21%
08/29/2002,28.92,28.37,28.98,28.15,74.52,2.05%
08/28/2002,28.34,28.87,29,28.17,96.65,-1.70%
08/27/2002,28.83,29.25,29.65,28.68,107.53,-1.54%
08/26/2002,29.28,28.68,29.49,28.61,77.47,2.27%
08/23/2002,28.63,28.85,28.85,28.45,68.06,-0.73%
08/22/2002,28.84,29.22,29.39,28.8,65.78,-1.37%
08/21/2002,29.24,28.65,29.62,28.34,112.19,-2.89%
08/20/2002,30.11,29.83,30.32,29.6,58.76,0.90%
08/19/2002,29.84,29.31,29.95,29.07,71.75,1.74%
08/16/2002,29.33,29,29.45,28.75,71.32,0.93%
08/15/2002,29.06,28.22,29.1,28.02,88.69,3.23%
08/14/2002,28.15,27.93,28.49,27.82,86.36,0.90%
08/13/2002,27.9,27.79,28.1,27.65,84.88,0.14%
08/12/2002,27.86,26.9,27.96,26.48,115.67,3.72%
08/09/2002,26.86,26.7,26.95,26.45,63.83,0.71%
08/08/2002,26.67,26.45,26.83,26.28,67.36,0.64%
08/07/2002,26.5,27.17,27.38,26.25,98.45,-2.47%
08/06/2002,27.17,26.5,27.19,26.45,70,2.22%
08/05/2002,26.58,26.83,27.02,26.32,57.86,-0.97%
08/02/2002,26.84,26.47,26.89,26,86.75,1.40%
08/01/2002,26.47,27,27.2,26.42,90.2,-2.04%
07/31/2002,27.02,27.4,27.67,26.95,80.32,-1.24%
07/30/2002,27.36,26.52,27.54,26.46,99.52,3.05%
07/29/2002,26.55,26.52,26.66,26.32,40.5,0.04%
07/26/2002,26.54,26.68,26.71,26.17,77.21,-0.86%
07/25/2002,26.77,26.85,27.01,26.5,77.08,-0.37%
07/24/2002,26.87,26.34,26.94,25.95,119.3,2.13%
07/23/2002,26.31,26.74,26.9,26.25,95.99,-1.09%
07/22/2002,26.6,27.75,27.75,26.27,48.48,-4.42%
07/19/2002,27.83,27.52,27.9,27.15,52.89,0.94%
07/18/2002,27.57,27.92,28.08,27.42,47.75,-1.11%
07/17/2002,27.88,27.72,28.1,27.4,95.72,0.47%
07/16/2002,27.75,27.02,27.83,26.9,91.32,2.51%
07/15/2002,27.07,27.6,27.98,27.02,82.13,-1.49%
07/12/2002,27.48,26.83,27.5,26.83,79.86,2.42%
07/11/2002,26.83,26.74,27,26.61,68.63,0.22%
07/10/2002,26.77,26.09,27.08,26.08,97.91,2.61%
07/09/2002,26.09,26.1,26.2,25.73,84.85,0.08%
07/08/2002,26.07,26.77,26.86,25.9,75.61,-2.72%
07/03/2002,26.8,26.8,26.95,26.38,62.87,0.11%
07/02/2002,26.77,26.82,27.15,26.63,64.64,-0.15%
07/01/2002,26.81,26.89,27.15,26.61,43.85,-0.19%
06/28/2002,26.86,26.81,26.99,26.33,76.1,0.00%
06/27/2002,26.86,26.75,26.99,26.53,83.72,0.37%
06/26/2002,26.76,26.34,26.85,25.85,113.25,1.67%
06/25/2002,26.32,26.6,27.05,26.28,92.02,-0.57%
06/24/2002,26.47,25.7,26.68,25.7,84.38,2.52%
06/21/2002,25.82,25.95,26.4,25.21,117.3,1.14%
06/20/2002,25.53,25.31,25.7,25.1,37.25,0.87%
06/19/2002,25.31,25.37,25.97,25.2,58.78,-0.47%
06/18/2002,25.43,26,26.15,25.37,54.33,-2.53%
06/17/2002,26.09,26.03,26.5,26.03,62.02,0.58%
06/14/2002,25.94,25.63,26.03,25.2,77.9,1.17%
06/13/2002,25.64,24.68,25.75,24.64,96.3,4.06%
06/12/2002,24.64,24.11,24.82,24.11,80.44,2.16%
06/11/2002,24.12,24.25,24.37,23.8,78.48,-0.70%
06/10/2002,24.29,24.51,24.7,24.2,64.61,-1.86%
06/07/2002,24.75,24.88,24.99,24.45,62.47,-0.16%
06/06/2002,24.79,24.92,25.4,24.2,102.81,-0.40%
06/05/2002,24.89,25.3,25.35,24.65,71.89,-1.74%
06/04/2002,25.33,25.05,25.47,25,59.61,1.00%
06/03/2002,25.08,25.26,25.44,24.85,46.56,-0.91%
05/31/2002,25.31,24.74,25.48,24.68,91.77,2.59%
05/30/2002,24.67,25.7,25.7,24.4,93.62,-4.23%
05/29/2002,25.76,25.2,25.8,24.77,81.99,1.94%
05/28/2002,25.27,25.75,25.83,25.18,75.32,-2.36%
05/24/2002,25.88,26.15,26.28,25.45,75.88,-1.03%
05/23/2002,26.15,26.43,26.8,26.03,90.71,-0.83%
05/22/2002,26.37,26.35,26.72,26.15,94.51,-3.51%
05/21/2002,27.33,28.23,28.25,27,46.57,-3.53%
05/20/2002,28.33,28.2,28.54,27.78,59.72,0.53%
05/17/2002,28.18,27.98,28.25,27.1,51.14,0.82%
05/16/2002,27.95,28.26,28.55,27.2,93.92,-0.71%
05/15/2002,28.15,29.28,29.54,27.9,94.53,-4.12%
05/14/2002,29.36,28.41,29.45,28.4,92.83,3.45%
05/13/2002,28.38,27.75,28.44,27.35,79.15,1.39%
05/10/2002,27.99,27.72,28.27,27.68,81.06,1.12%
05/09/2002,27.68,27.75,28.2,27.27,99.31,-0.61%
05/08/2002,27.85,26.63,28.05,26.6,131.47,4.58%
05/07/2002,26.63,26.15,26.73,25.9,102.46,1.95%
05/06/2002,26.12,26.31,26.32,25.62,66.35,-1.88%
05/03/2002,26.62,26.3,26.7,25.93,77.34,1.45%
05/02/2002,26.24,26.75,26.75,25.55,115.26,-1.91%
05/01/2002,26.75,27.25,27.39,26.6,82.54,-1.98%
04/30/2002,27.29,27.5,27.6,27.07,91.6,-1.02%
04/29/2002,27.57,26.92,27.64,26.65,74.73,1.70%
04/26/2002,27.11,26.43,27.15,26.01,66.18,1.42%
04/25/2002,26.73,26.43,27.2,26.01,91.41,1.33%
04/24/2002,26.38,26.6,26.68,25.9,71.28,-0.90%
04/23/2002,26.62,26.39,26.88,26.28,84.74,1.33%
04/22/2002,26.27,26.4,26.8,25.78,42.02,-0.42%
04/19/2002,26.38,26.15,26.5,25.55,43.79,0.76%
04/18/2002,26.18,25.91,26.65,25.85,53.06,0.93%
04/17/2002,25.94,24.83,25.99,24.8,77.86,4.81%
04/16/2002,24.75,24.55,25.15,24.4,63.75,0.73%
04/15/2002,24.57,24.25,24.6,23.6,92,4.69%
04/12/2002,23.47,25,25.12,23.31,107.58,-6.08%
04/11/2002,24.99,26.1,26.17,24.92,91.63,-4.36%
04/10/2002,26.13,25.81,26.3,25.3,78.86,1.20%
04/09/2002,25.82,26.57,26.67,25.62,85.39,-2.71%
04/08/2002,26.54,26.4,27.23,26.27,89.7,1.26%
04/05/2002,26.21,26.55,27.18,25.05,128.12,-1.39%
04/04/2002,26.58,27.54,28.35,26.45,124.69,-3.56%
04/03/2002,27.56,27.71,27.76,27.15,67.83,-0.54%
04/02/2002,27.71,26.79,28.1,26.79,96.82,3.09%
04/01/2002,26.88,26.46,27.4,26.46,75.57,2.17%
03/28/2002,26.31,25.83,26.38,25.58,94.04,1.70%
03/27/2002,25.87,25.35,25.95,24.81,70.57,2.01%
03/26/2002,25.36,25.35,25.45,24.73,68.56,1.48%
03/25/2002,24.99,25.35,25.35,24.7,62.98,-1.42%
03/22/2002,25.35,25.63,25.85,25.2,72.81,-1.02%
03/21/2002,25.61,24.95,25.64,24.6,84.39,2.85%
03/20/2002,24.9,25.05,25.62,24.7,41.03,0.08%
03/19/2002,24.88,25.05,25.25,24.7,45.52,-0.92%
03/18/2002,25.11,24.4,25.2,24.11,53.76,2.45%
03/15/2002,24.51,24.55,24.75,24.17,70.85,-0.20%
03/14/2002,24.56,24.1,24.65,23.73,77.02,1.66%
03/13/2002,24.16,24.2,24.65,23.9,92.39,-0.17%
03/12/2002,24.2,24.35,24.39,23.65,79.37,-0.45%
03/11/2002,24.31,23.87,24.55,23.83,72.02,1.97%
03/08/2002,23.84,23.71,23.95,23.15,83.04,0.55%
03/07/2002,23.71,23.2,24.75,23.2,139.18,2.42%
03/06/2002,23.15,23.19,23.45,22.7,81.72,-0.09%
03/05/2002,23.17,22.51,23.35,22.45,93.35,3.21%
03/04/2002,22.45,22.43,22.6,22.13,63.68,0.22%
03/01/2002,22.4,21.8,22.8,21.62,122.52,3.04%
02/28/2002,21.74,21.28,21.85,21.08,92.96,2.11%
02/27/2002,21.29,21.45,21.79,21.15,99.21,-0.56%
02/26/2002,21.41,20.47,21.55,20.37,88.21,4.54%
02/25/2002,20.48,21,21.17,20.42,67.27,-2.80%
02/22/2002,21.07,21,21.25,20.75,54.62,0.57%
02/21/2002,20.95,20.44,21.3,20.3,83.27,3.25%
02/20/2002,20.29,20.9,20.9,20.15,51.72,-2.83%
02/19/2002,20.88,21.22,21.22,20.85,53.8,-2.88%
02/15/2002,21.5,21.25,21.55,21,57.21,1.27%
02/14/2002,21.23,21.18,21.6,21.05,69.43,0.24%
02/13/2002,21.18,20.58,21.75,20.31,99.17,2.17%
02/12/2002,20.73,21.36,21.5,20.67,83.74,-3.18%
02/11/2002,21.41,20.27,21.6,19.96,89.21,5.68%
02/08/2002,20.26,19.71,20.28,19.65,74.75,3.16%
02/07/2002,19.64,19.7,19.79,19.27,68.28,-0.71%
02/06/2002,19.78,20.01,20.35,19.75,79.32,-1.44%
02/05/2002,20.07,20,20.1,19.73,60.42,0.00%
02/04/2002,20.07,20.34,20.36,19.93,59.64,-1.52%
02/01/2002,20.38,19.47,20.55,19.09,123,4.62%
01/31/2002,19.48,19.14,19.5,18.95,73.52,2.10%
01/30/2002,19.08,19.58,19.61,18.56,93.92,-2.55%
01/29/2002,19.58,19.95,20.12,19.48,67.14,-2.34%
01/28/2002,20.05,20.06,20.37,19.81,75.27,0.30%
01/25/2002,19.99,19.73,20.17,19.28,77.99,1.47%
01/24/2002,19.7,19.48,19.88,19.17,83.91,1.03%
01/23/2002,19.5,18.98,19.7,18.98,77.79,6.32%
01/22/2002,18.34,18.05,18.76,18,47.44,1.89%
01/18/2002,18,18.03,18.5,17.9,45.38,0.17%
01/17/2002,17.97,19.05,19.15,17.85,67.45,-4.72%
01/16/2002,18.86,18.86,19.2,18.29,84.39,-0.21%
01/15/2002,18.9,18.85,19.43,18.76,72.23,0.05%
01/14/2002,18.89,19.68,19.77,18.65,89.43,-4.01%
01/11/2002,19.68,20.48,20.58,19.6,65.81,-3.43%
01/10/2002,20.38,20.17,20.45,19.85,69.79,0.99%
01/09/2002,20.18,21.25,21.35,20.11,98.41,-5.04%
01/08/2002,21.25,21.45,21.5,20.97,59.54,-1.07%
01/07/2002,21.48,21.53,22,21.2,64.08,-0.65%
01/04/2002,21.62,20.41,21.7,20.4,84.83,6.14%
01/03/2002,20.37,21.04,21.23,19.72,64.01,-3.05%
01/02/2002,21.01,19.9,21.05,19.72,69.56,5.90%
12/31/2001,19.84,20.36,20.44,19.66,36.4,-2.79%
12/28/2001,20.41,20.85,21.5,20.38,58.33,-2.34%
12/27/2001,20.9,21.1,21.3,20.32,49.65,-1.74%
12/26/2001,21.27,19.64,21.43,19.64,61.26,8.41%
12/21/2001,19.62,19.24,19.75,19.2,2.93,1.76%
12/20/2001,19.28,19.79,20.15,19.17,67.6,-2.63%
12/19/2001,19.8,19.46,20.18,19.43,70.96,2.27%
12/18/2001,19.36,19.15,19.5,19.07,45.59,0.73%
12/17/2001,19.22,19.23,19.58,18.79,62.71,-0.05%
12/14/2001,19.23,18.15,19.25,18.12,69.87,6.13%
12/13/2001,18.12,18.41,18.55,17.8,80.71,-1.31%
12/12/2001,18.36,18.05,18.85,17.9,80.62,1.55%
12/11/2001,18.08,18.3,18.45,17.92,66.89,-1.58%
12/10/2001,18.37,18.57,19.23,18.15,61.04,-3.52%
12/07/2001,19.04,18.4,19.09,17.92,73.26,2.70%
12/06/2001,18.54,19.47,19.55,18.2,80.18,-4.87%
12/05/2001,19.49,20.15,20.78,19.3,72.55,-0.81%
12/04/2001,19.65,20.12,20.35,19.3,76.99,-2.19%
12/03/2001,20.09,19.4,20.5,19.02,80.89,3.34%
11/30/2001,19.44,18.6,19.55,18.4,71.68,4.40%
11/29/2001,18.62,19.14,19.4,18.51,61.75,-3.12%
11/28/2001,19.22,19.55,19.65,18.96,91.76,-1.33%
11/27/2001,19.48,18.68,19.8,18.55,88.16,4.23%
11/26/2001,18.69,19.36,19.36,18.35,53.66,-1.42%
11/21/2001,18.96,19.08,19.55,18.8,68.38,-0.99%
11/20/2001,19.15,18.46,19.56,18.27,77.04,8.07%
11/19/2001,17.72,18.3,18.3,16.7,46.3,-1.72%
11/16/2001,18.03,17.3,18.25,17.3,66.72,3.32%
11/15/2001,17.45,19.8,19.8,17.15,86.46,-11.60%
11/14/2001,19.74,21.6,21.6,19.55,126.8,-8.91%
11/13/2001,21.67,21.21,21.97,20.9,89.42,2.07%
11/12/2001,21.23,22.4,22.62,20.7,86.55,-4.46%
11/09/2001,22.22,21.05,22.41,21.05,92.71,4.96%
11/08/2001,21.17,20.13,21.29,20.11,88.97,5.38%
11/07/2001,20.09,19.87,20.35,19.68,61.74,0.85%
11/06/2001,19.92,19.95,20.09,19.56,63.12,-0.50%
11/05/2001,20.02,20.18,20.45,19.75,54.9,-0.79%
11/02/2001,20.18,20.35,20.61,19.69,84.1,-1.03%
11/01/2001,20.39,21.26,21.45,20.35,82,-3.73%
10/31/2001,21.18,21.84,21.92,20.8,96.59,-3.16%
10/30/2001,21.87,22.09,22.22,21.85,56.5,-1.26%
10/29/2001,22.15,22.19,22.55,21.93,60.31,0.54%
10/26/2001,22.03,21.98,22.25,21.83,53.17,0.09%
10/25/2001,22.01,22.21,22.6,21.99,59.01,-1.43%
10/24/2001,22.33,21.83,22.45,21.41,83.79,2.20%
10/23/2001,21.85,22.2,22.55,21.82,64.16,0.41%
10/22/2001,21.76,21.97,22.1,21.52,47.34,-0.32%
10/19/2001,21.83,21.32,22.25,21.18,64.82,2.44%
10/18/2001,21.31,21.83,21.87,21.05,51.31,-2.29%
10/17/2001,21.81,22.04,22.39,21.55,56.74,-0.86%
10/16/2001,22,22.31,22.6,21.95,46.49,-1.30%
10/15/2001,22.29,22.6,22.76,22.12,51.16,-0.93%
10/12/2001,22.5,23.23,23.98,22.06,93.05,-3.60%
10/11/2001,23.34,22.54,23.4,22.46,63.49,3.60%
10/10/2001,22.53,22.44,22.92,22.35,49.16,0.22%
10/09/2001,22.48,22.42,22.62,22.2,46.25,0.13%
10/08/2001,22.45,22.61,22.85,21.95,51.27,0.27%
10/05/2001,22.39,22.66,23.22,22.3,57.97,-1.06%
10/04/2001,22.63,22.04,22.9,21.94,56.13,2.49%
10/03/2001,22.08,22.63,22.68,21.72,60.41,-3.12%
10/02/2001,22.79,23.15,23.34,22.6,42.33,-2.10%
10/01/2001,23.28,23.5,23.53,22.4,50.97,-0.64%
09/28/2001,23.43,22.76,23.52,22.76,60.08,3.03%
09/27/2001,22.74,22.71,22.94,21.95,56.83,1.61%
09/26/2001,22.38,22.17,22.5,20.3,82.37,2.61%
09/25/2001,21.81,22.15,23.15,21.25,90.61,-0.91%
09/24/2001,22.01,25.9,25.9,21.8,108.96,-15.25%
09/21/2001,25.97,26.8,27.05,25.9,97.58,-2.33%
09/20/2001,26.59,26.87,27.1,25.9,47.31,-0.49%
09/19/2001,26.72,27.67,27.95,25.8,93.87,-3.54%
09/18/2001,27.7,28.8,28.86,27.6,69.95,-3.85%
09/17/2001,28.81,28.3,29.25,28.3,101.8,-2.44%
09/14/2001,29.53,29.98,29.98,29.71,16.15,6.88%
09/10/2001,27.63,27.95,28,27.57,68.19,-1.43%
09/07/2001,28.03,27.56,28.15,27.43,98.29,1.63%
09/06/2001,27.58,27.01,27.65,26.88,87.94,2.34%
09/05/2001,26.95,26.93,27.23,26.76,60.6,0.07%
09/04/2001,26.93,27.17,27.18,26.76,55.64,-0.99%
08/31/2001,27.2,26.55,27.25,26.55,47.55,2.45%
08/30/2001,26.55,27.02,27.09,26.52,54.16,-1.85%
08/29/2001,27.05,27.17,27.6,26.77,81.96,-0.44%
08/28/2001,27.17,26.7,27.38,26.51,71.89,1.87%
08/27/2001,26.67,26.97,27.17,26.44,58.96,-0.86%
08/24/2001,26.9,26.69,27.15,26.63,79.96,1.01%
08/23/2001,26.63,26.38,26.72,26.28,59.59,0.99%
08/22/2001,26.37,26.73,27.25,26.35,93.78,-5.52%
08/21/2001,27.91,27.15,28.1,27.1,61.78,2.69%
08/20/2001,27.18,26.6,27.25,26.35,53.56,1.87%
08/17/2001,26.68,27.4,27.62,26.55,61.94,-2.63%
08/16/2001,27.4,27.51,27.6,27.15,70.92,-0.58%
08/15/2001,27.56,28,28.25,27.42,79.7,-1.61%
08/14/2001,28.01,27.77,28.05,27.67,48.98,0.68%
08/13/2001,27.82,28.04,28.27,27.7,52.47,-0.82%
08/10/2001,28.05,27.69,28.42,27.65,70.36,1.48%
08/09/2001,27.64,27.53,27.72,27.38,50.37,0.36%
08/08/2001,27.54,27.94,28.28,27.48,65.17,-1.43%
08/07/2001,27.94,27.72,28.4,27.66,68.66,0.72%
08/06/2001,27.74,27.53,27.77,27.38,37.37,0.43%
08/03/2001,27.62,27.75,27.92,27.4,53.01,-0.32%
08/02/2001,27.71,26.77,27.9,26.74,82.56,3.51%
08/01/2001,26.77,26.35,26.85,26.33,72.77,1.59%
07/31/2001,26.35,26.6,26.85,26.31,52.46,-1.05%
07/30/2001,26.63,27,27.05,26.55,41.54,-1.44%
07/27/2001,27.02,26.65,27.15,26.25,78.32,1.08%
07/26/2001,26.73,26.8,27.04,26.65,59.38,-0.41%
07/25/2001,26.84,26.31,26.97,26.19,77.27,2.01%
07/24/2001,26.31,26.1,26.44,26.01,55.61,0.73%
07/23/2001,26.12,26.41,26.6,25.86,53.98,2.07%
07/20/2001,25.59,24.7,25.95,24.7,12.68,3.60%
07/19/2001,24.7,24.8,25.8,24.54,58.29,-0.76%
07/18/2001,24.89,25.56,25.6,24.7,57.54,-2.66%
07/17/2001,25.57,26.07,26.32,25.53,78.9,-1.88%
07/16/2001,26.06,26.55,26.58,25.72,73.13,-1.99%
07/13/2001,26.59,26.85,26.98,26.22,70.34,-0.78%
07/12/2001,26.8,27.01,27.1,25.94,80.4,-1.14%
07/11/2001,27.11,27.51,27.59,26.92,78.82,-1.38%
07/10/2001,27.49,27.55,27.69,27.2,67.95,-0.36%
07/09/2001,27.59,28.09,28.26,27.5,91.89,-2.20%
07/06/2001,28.21,27,28.29,27,97.11,4.40%
07/05/2001,27.02,26.74,27.05,26.34,70.24,2.97%
07/03/2001,26.24,25.99,26.3,25.65,53.67,1.12%
07/02/2001,25.95,26.31,26.7,25.38,77.42,-1.14%
06/29/2001,26.25,25.68,26.5,25.64,86.3,2.70%
06/28/2001,25.56,25.6,25.75,25.1,89.64,-0.20%
06/27/2001,25.61,26.97,26.97,25.2,109.86,-5.08%
06/26/2001,26.98,27.23,27.49,26.82,63.05,-0.99%
06/25/2001,27.25,26.84,27.32,26.78,57.68,1.57%
06/22/2001,26.83,26.7,27.1,26.42,73.34,1.02%
06/21/2001,26.56,26.35,26.77,25.85,102.25,0.23%
06/20/2001,26.5,27.49,27.6,26,44.47,-3.57%
06/19/2001,27.48,27.56,27.82,27.3,57.94,-0.25%
06/18/2001,27.55,28.44,28.54,27.42,50.06,-3.37%
06/15/2001,28.51,29.05,29.11,28.44,58.36,-1.83%
06/14/2001,29.04,28.79,29.28,28.6,62.96,0.69%
06/13/2001,28.84,29.17,29.63,28.8,78.2,-1.17%
06/12/2001,29.18,28.94,29.38,28.75,63,0.48%
06/11/2001,29.04,28.4,29.34,28.4,85.62,2.51%
06/08/2001,28.33,27.85,28.39,27.8,47.76,2.09%
06/07/2001,27.75,27.65,28.1,27.41,59.7,0.11%
06/06/2001,27.72,28.24,28.37,27.25,100.55,-1.84%
06/05/2001,28.24,28.07,28.33,27.8,60.55,0.39%
06/04/2001,28.13,28.07,28.25,28.07,74.23,0.72%
06/01/2001,27.93,28.48,28.6,27.58,75.15,-1.55%
05/31/2001,28.37,28.53,28.72,27.55,101.69,-0.63%
05/30/2001,28.55,28.72,28.95,28.43,65.02,-0.38%
05/29/2001,28.66,28.35,29.05,28.35,58.86,0.99%
05/25/2001,28.38,28.41,28.58,28.1,50.98,-0.11%
05/24/2001,28.41,29.58,29.67,28.2,115.75,-3.96%
05/23/2001,29.58,30.05,30.05,29.55,4.18,-0.54%
05/22/2001,29.74,30.04,30.05,29.58,39.29,-0.80%
05/21/2001,29.98,29.9,30.2,29.61,41.59,0.23%
05/18/2001,29.91,28.92,29.99,28.92,44.89,3.46%
05/17/2001,28.91,28.85,29.03,28.62,45.15,0.17%
05/16/2001,28.86,29.07,29.25,28.45,62.82,-0.41%
05/15/2001,28.98,28.85,29.07,28.61,50.91,0.94%
05/14/2001,28.71,28.58,28.81,28.08,55.54,0.56%
05/11/2001,28.55,28.52,28.75,28.28,51.64,0.11%
05/10/2001,28.52,28.25,28.85,28.15,66.19,1.03%
05/09/2001,28.23,27.4,28.25,27.05,81.01,3.07%
05/08/2001,27.39,27.78,28,27.35,57.55,-1.37%
05/07/2001,27.77,28.34,28.58,27.72,56.16,-2.08%
05/04/2001,28.36,28.5,28.73,28.15,49.65,-0.32%
05/03/2001,28.45,27.82,28.55,27.37,68.1,2.34%
05/02/2001,27.8,28.95,29.05,27.75,69.86,-3.94%
05/01/2001,28.94,28.43,28.98,28.25,57.56,1.69%
04/30/2001,28.46,28.39,28.99,28.13,40.22,0.67%
04/27/2001,28.27,28.49,28.64,28.15,57.33,-0.60%
04/26/2001,28.44,27.32,28.65,27.29,77.57,4.21%
04/25/2001,27.29,26.8,27.38,26.75,65.94,1.60%
04/24/2001,26.86,27.64,27.98,26.8,76.35,-2.72%
04/23/2001,27.61,27.6,27.93,27.4,59.96,1.21%
04/20/2001,27.28,27.82,28,26.8,37.99,-1.94%
04/19/2001,27.82,27.88,27.96,27.45,49.92,-0.47%
04/18/2001,27.95,28.29,28.29,27.04,73.59,-1.03%
04/17/2001,28.24,29,29,28.15,58.99,-1.91%
04/16/2001,28.79,28.11,29.04,28.05,54.35,1.91%
04/12/2001,28.25,28.19,28.84,28.19,61.08,0.25%
04/11/2001,28.18,28.45,28.45,27.94,60.6,-1.05%
04/10/2001,28.48,27.32,28.63,27.31,87.33,4.40%
04/09/2001,27.28,27.02,27.67,27.01,59.98,0.81%
04/06/2001,27.06,27.25,27.28,26.81,46.55,-0.73%
04/05/2001,27.26,27.22,27.78,26.87,80.09,0.52%
04/04/2001,27.12,26.22,27.24,26.13,77.94,3.55%
04/03/2001,26.19,25.6,26.28,25.49,74.09,2.34%
04/02/2001,25.59,26.35,26.47,25.55,55.18,-2.66%
03/30/2001,26.29,26.41,26.64,25.96,63.95,-0.11%
03/29/2001,26.32,26.31,26.78,25.75,86.98,0.04%
03/28/2001,26.31,27.77,27.78,26.25,105.17,-5.19%
03/27/2001,27.75,27.45,28.04,27.38,75.77,0.98%
03/26/2001,27.48,27.4,27.66,27.11,52.64,0.66%
03/23/2001,27.3,26.48,27.45,26.48,69.88,2.86%
03/22/2001,26.54,26.79,27.19,26.42,74.31,-0.97%
03/21/2001,26.8,26.12,26.85,25.92,80.28,3.24%
03/20/2001,25.96,26.15,26.49,25.7,44.9,-0.73%
03/19/2001,26.15,26.85,26.94,26.1,39.59,-2.21%
03/16/2001,26.74,26.54,27.48,26.45,54.83,0.72%
03/15/2001,26.55,26.46,26.72,26.12,69.46,0.53%
03/14/2001,26.41,27.5,27.75,26.35,84.09,-4.28%
03/13/2001,27.59,27.98,27.98,27.51,61.71,-1.46%
03/12/2001,28,27.92,28.24,27.67,54.25,-0.04%
03/09/2001,28.01,28.31,28.45,27.92,57.96,-1.34%
03/08/2001,28.39,28.92,29.15,28.33,80.77,-2.10%
03/07/2001,29,28.3,29.1,28.18,86.39,2.40%
03/06/2001,28.32,28.65,28.7,28.21,50.98,-0.98%
03/05/2001,28.6,27.96,28.83,27.91,49.22,2.73%
03/02/2001,27.84,27.69,28.2,27.6,61.55,0.80%
03/01/2001,27.62,27.41,27.85,27.16,62.8,0.84%
02/28/2001,27.39,28.03,28.4,27.36,82.36,-2.63%
02/27/2001,28.13,28.4,28.4,27.72,95.83,-1.02%
02/26/2001,28.42,28.9,29.18,28.4,62.14,-2.13%
02/23/2001,29.04,28.82,29.43,28.51,61.45,0.76%
02/22/2001,28.82,28.55,29.2,28.36,86.69,1.02%
02/21/2001,28.53,28.7,29,28.31,55.06,-0.17%
02/20/2001,28.58,29.42,29.57,28.4,46.3,-1.99%
02/16/2001,29.16,28.86,29.3,28.78,41.38,1.25%
02/15/2001,28.8,29.68,29.68,28.55,73.63,-3.06%
02/14/2001,29.71,30.3,30.85,29.65,89.48,-2.14%
02/13/2001,30.36,30.52,30.52,29.73,85.07,-0.49%
02/12/2001,30.51,30.9,31.1,30.4,69.23,-1.68%
02/09/2001,31.03,31.49,31.68,30.85,55.24,-1.77%
02/08/2001,31.59,31.28,31.87,31.11,68.13,1.02%
02/07/2001,31.27,30.37,31.35,30.06,85.69,3.03%
02/06/2001,30.35,30.52,30.88,30.16,57.98,-0.65%
02/05/2001,30.55,31.19,31.25,30.24,67.62,-2.05%
02/02/2001,31.19,29.85,31.27,29.53,79,4.59%
02/01/2001,29.82,28.7,29.85,28.4,77.05,4.05%
01/31/2001,28.66,29.08,29.41,28.27,85.66,-1.38%
01/30/2001,29.06,29.12,29.33,28.68,55.22,0.00%
01/29/2001,29.06,29.77,30.13,28.86,64.71,-2.38%
01/26/2001,29.77,29.4,29.98,29.27,53.75,1.40%
01/25/2001,29.36,29.05,29.47,28.81,61.55,1.07%
01/24/2001,29.05,29.6,29.8,28.65,91.77,-1.76%
01/23/2001,29.57,29.69,29.75,29.07,73.11,-8.14%
01/22/2001,32.19,32.25,32.7,31.8,48.66,0.00%
01/19/2001,32.19,30.5,32.4,30.14,42.82,5.71%
01/18/2001,30.45,29.59,30.51,29.35,44.84,2.87%
01/17/2001,29.6,30.3,30.49,29.02,75.57,-2.28%
01/16/2001,30.29,30.3,30.61,29.85,66.39,0.80%
01/12/2001,30.05,29.35,30.15,29.34,47.02,2.18%
01/11/2001,29.41,29.47,29.9,29,67.37,-0.24%
01/10/2001,29.48,27.73,29.6,27.6,93,6.66%
01/09/2001,27.64,27.4,27.72,26.92,69.92,1.17%
01/08/2001,27.32,28.12,28.38,27.2,76.06,-2.25%
01/05/2001,27.95,28.14,28.78,27.86,63.85,-0.68%
01/04/2001,28.14,27.99,28.72,27.67,74.38,0.50%
01/03/2001,28,27.21,28.14,27.08,66.63,2.90%
01/02/2001,27.21,26.9,27.4,26.65,52.32,1.53%
12/29/2000,26.8,25.77,26.95,25.62,35.53,3.68%
12/28/2000,25.85,26.48,26.58,25.77,34.44,-2.34%
12/27/2000,26.47,26.6,27,26.41,34,-0.64%
12/26/2000,26.64,26.2,26.88,26.2,24.45,1.76%
12/22/2000,26.18,26.05,27.25,25.95,41.15,0.77%
12/21/2000,25.98,25.65,26.48,25.58,52.29,0.81%
12/20/2000,25.77,27.65,27.94,25.65,64.49,-12.14%
12/19/2000,29.33,29.3,29.75,28.75,45.5,-1.44%
12/18/2000,29.76,28.93,29.85,28.93,50.76,3.08%
12/15/2000,28.87,27.97,28.9,27.9,53.22,3.14%
12/14/2000,27.99,28.53,29.09,27.51,70.75,-2.61%
12/13/2000,28.74,29.65,30.04,28.5,71.41,-3.17%
12/12/2000,29.68,29.56,29.9,28.95,60.27,0.61%
12/11/2000,29.5,28.2,29.55,28.2,77.3,3.73%
12/08/2000,28.44,29.3,29.42,27.85,80.72,-3.10%
12/07/2000,29.35,29.88,30.35,29.07,39.65,-1.68%
12/06/2000,29.85,29.5,30.2,28.25,96.06,1.08%
12/05/2000,29.53,31.2,31.53,29.5,103.34,-5.41%
12/04/2000,31.22,32.1,32.75,30.95,92.27,-2.50%
12/01/2000,32.02,33.76,34.15,31.9,96.06,-5.32%
11/30/2000,33.82,34.64,35.1,33.7,79.9,-2.34%
11/29/2000,34.63,34.19,34.9,33.87,82.49,1.20%
11/28/2000,34.22,35.34,35.34,34.19,70.03,-3.28%
11/27/2000,35.38,35.18,35.69,35.02,50.39,-0.06%
11/22/2000,35.4,35.2,35.64,34.67,45.77,0.68%
11/21/2000,35.16,35.18,35.7,34.9,54.87,-0.17%
11/20/2000,35.22,34.98,35.84,34.98,68.25,-0.65%
11/17/2000,35.45,35.08,35.7,34.42,54.8,0.94%
11/16/2000,35.12,35.54,35.6,34.96,51.77,-1.29%
11/15/2000,35.58,34.85,35.65,34.55,80.89,2.04%
11/14/2000,34.87,34.48,34.98,34.32,78.81,1.16%
11/13/2000,34.47,34.15,34.5,33.92,66.34,1.32%
11/10/2000,34.02,33.93,34.13,33.61,63.52,0.29%
11/09/2000,33.92,33.24,33.96,33.19,64.16,2.05%
11/08/2000,33.24,33.39,33.54,32.83,62.04,-0.48%
11/07/2000,33.4,33.02,33.49,32.9,58.38,1.64%
11/06/2000,32.86,32.48,32.97,32.1,63.79,0.46%
11/03/2000,32.71,32.55,32.78,32.33,54.51,0.52%
11/02/2000,32.54,33.17,33.3,32.35,66.82,-2.14%
11/01/2000,33.25,32.69,33.74,32.65,71.54,1.68%
10/31/2000,32.7,32.85,33.01,32.1,63.01,-0.34%
10/30/2000,32.81,32.9,33.42,32.54,54.39,0.21%
10/27/2000,32.74,33.85,33.86,32.65,68.53,-2.88%
10/26/2000,33.71,32.97,33.8,32.9,68.13,2.28%
10/25/2000,32.96,33.37,33.73,32.88,60.42,-1.23%
10/24/2000,33.37,33.69,34.08,33.3,69.79,-1.16%
10/23/2000,33.76,33,33.8,32.62,47.95,0.03%
10/20/2000,33.75,32.9,34.35,32.85,43.28,2.55%
10/19/2000,32.91,33.55,34.3,32.8,55.42,-1.70%
10/18/2000,33.48,33.04,33.92,32.89,53.36,1.49%
10/17/2000,32.99,32.9,33.45,32.4,77.37,0.21%
10/16/2000,32.92,34.54,34.8,32.7,60.4,-5.92%
10/13/2000,34.99,36.04,36.55,34.8,67.08,-2.97%
10/12/2000,36.06,33.19,37,32.86,116.37,8.45%
10/11/2000,33.25,33.13,34,32.96,78.57,0.21%
10/10/2000,33.18,31.86,33.2,31.86,78.8,4.14%
10/09/2000,31.86,30.9,31.9,30.86,51.65,3.24%
10/06/2000,30.86,30.7,30.97,30.61,46.28,1.08%
10/05/2000,30.53,31.2,31.2,30.19,97.91,-2.86%
10/04/2000,31.43,32.07,32.23,31.35,58.09,-2.00%
10/03/2000,32.07,32.1,32.3,31.7,48.24,-0.34%
10/02/2000,32.18,30.97,32.33,30.95,59.62,4.35%
09/29/2000,30.84,30.25,30.95,30.2,57.63,1.65%
09/28/2000,30.34,31.4,31.45,30.26,77.51,-3.56%
09/27/2000,31.46,31.52,32.23,31.4,86.16,-0.13%
09/26/2000,31.5,31.6,32.05,31.4,67.73,-0.22%
09/25/2000,31.57,32.2,32.2,30.86,104.68,-3.40%
09/22/2000,32.68,33.71,34.4,32.5,85.08,-3.88%
09/21/2000,34,35.25,35.46,33.9,110.85,-8.60%
09/20/2000,37.2,36.45,37.8,36.31,68.72,1.89%
09/19/2000,36.51,36.75,37,36.15,62.73,-1.00%
09/18/2000,36.88,35.85,37.15,35.45,59.66,2.67%
09/15/2000,35.92,34.18,36,34.1,85.84,5.43%
09/14/2000,34.07,33.87,34.5,33.15,98.07,0.74%
09/13/2000,33.82,34.3,34.7,33.55,94.63,-1.34%
09/12/2000,34.28,35.14,35.84,34.1,91.91,-2.45%
09/11/2000,35.14,33.6,35.85,32.7,101.52,4.49%
09/08/2000,33.63,35.39,35.4,33.4,88.42,-4.97%
09/07/2000,35.39,34.96,35.46,34.45,74.11,1.40%
09/06/2000,34.9,33.83,34.95,33.83,74.69,3.16%
09/05/2000,33.83,33.68,34.1,33.45,55.72,1.35%
09/01/2000,33.38,33,33.45,32.75,45.87,0.79%
08/31/2000,33.12,33.26,33.7,32.97,56.9,-0.60%
08/30/2000,33.32,32.7,33.4,32.15,79.21,1.77%
08/29/2000,32.74,32.87,33.04,32.56,49.13,-0.40%
08/28/2000,32.87,31.96,32.9,31.83,46.77,2.62%
08/25/2000,32.03,31.63,32.15,31.47,44.6,1.26%
08/24/2000,31.63,32.13,32.25,31.4,72.98,-1.22%
08/23/2000,32.02,31.19,32.8,31.1,79.39,2.56%
08/22/2000,31.22,32.42,32.88,31.1,45.85,-3.85%
08/21/2000,32.47,31.91,33,31.82,45.77,1.50%
08/18/2000,31.99,31.94,32.43,31.6,52.65,0.16%
08/17/2000,31.94,31.76,32.75,31.76,64.3,0.44%
08/16/2000,31.8,31.69,31.9,31.1,55.78,0.41%
08/15/2000,31.67,31.9,32.7,31.55,62.65,-0.85%
08/14/2000,31.94,31.03,32,30.64,65.45,2.97%
08/11/2000,31.02,31.23,31.85,30.9,79.68,-1.02%
08/10/2000,31.34,30.35,31.52,30.09,81.74,3.26%
08/09/2000,30.35,29.15,30.48,29.11,75.51,4.22%
08/08/2000,29.12,28.8,29.34,28.66,53.68,0.73%
08/07/2000,28.91,29.91,30.16,28.82,56.35,-3.50%
08/04/2000,29.96,28.75,30,28.7,82.55,4.54%
08/03/2000,28.66,28.24,28.9,28.15,64.13,1.42%
08/02/2000,28.26,27.79,28.6,27.75,65.18,1.69%
08/01/2000,27.79,27.36,28.03,27.26,62.86,1.31%
07/31/2000,27.43,28.17,28.33,27.35,64.98,-2.66%
07/28/2000,28.18,28.12,28.59,28.01,56.88,0.57%
07/27/2000,28.02,27.93,28.3,27.77,47.98,0.76%
07/26/2000,27.81,27.96,28.5,27.74,64.07,-0.50%
07/25/2000,27.95,28.01,28.4,27.87,53.04,-0.25%
07/24/2000,28.02,28.51,28.69,27.96,70.04,-1.89%
07/21/2000,28.56,29.66,29.72,28.51,83.57,-7.66%
07/20/2000,30.93,31.3,31.68,30.25,55.01,-1.56%
07/19/2000,31.42,31.82,32.03,30.98,61.53,-1.63%
07/18/2000,31.94,30.74,32.35,30.68,72.24,3.60%
07/17/2000,30.83,31.05,31.15,30.62,52.38,-1.82%
07/14/2000,31.4,31.5,31.6,31.02,58.63,-0.22%
07/13/2000,31.47,30.32,31.5,30.05,113.77,3.79%
07/12/2000,30.32,29.71,30.4,29.25,81.09,2.09%
07/11/2000,29.7,29.75,29.79,29.18,81.31,0.03%
07/10/2000,29.69,29.99,30.15,29.53,57.69,-1.95%
07/07/2000,30.28,30.1,30.38,29.48,66.05,0.97%
07/06/2000,29.99,30.76,31.4,29.8,86.32,-2.22%
07/05/2000,30.67,31.15,31.3,30.25,72.08,-5.63%
06/30/2000,32.5,32.77,32.95,32.4,54.56,-0.67%
06/29/2000,32.72,31.88,32.9,31.6,60.46,2.57%
06/28/2000,31.9,32.09,32.5,31.75,51.32,-0.50%
06/27/2000,32.06,31.58,32.42,31.06,69.1,1.36%
06/26/2000,31.63,32.26,32.7,31.59,44.55,-1.92%
06/23/2000,32.25,32.25,32.7,31.9,62.02,0.19%
06/22/2000,32.19,31.37,32.25,30.97,59.23,2.61%
06/21/2000,31.37,30.52,31.95,30.25,88.91,-5.08%
06/20/2000,33.05,31.61,33.4,31.36,69.78,4.29%
06/19/2000,31.69,32.1,32.15,30.9,64.11,-1.98%
06/16/2000,32.33,32.81,32.9,31.2,66.3,-1.88%
06/15/2000,32.95,32.8,33.3,32.1,77.56,0.30%
06/14/2000,32.85,32.49,33.17,32.1,80.18,0.89%
06/13/2000,32.56,31.8,32.85,31.65,100.47,2.58%
06/12/2000,31.74,30.48,31.8,30.27,76.2,5.10%
06/09/2000,30.2,29.75,30.3,29.52,53.42,1.41%
06/08/2000,29.78,29.98,30.47,29.5,77.28,-0.57%
06/07/2000,29.95,29.84,30.18,28.9,85.18,0.67%
06/06/2000,29.75,29.66,30.23,29.52,51.28,0.17%
06/05/2000,29.7,30.32,30.75,29.47,64.81,-2.14%
06/02/2000,30.35,30.14,30.65,29.78,59.86,0.70%
06/01/2000,30.14,29,30.25,28.87,67.23,3.90%
05/31/2000,29.01,30.15,30.77,28.95,89.82,-4.42%
05/30/2000,30.35,30,30.45,29.91,49.36,1.17%
05/26/2000,30,30.53,30.82,29.7,48.23,-1.67%
05/25/2000,30.51,30.05,30.55,29.67,60.37,1.94%
05/24/2000,29.93,28.86,30,28.86,71.06,4.00%
05/23/2000,28.78,28.7,28.93,28.35,51.69,0.59%
05/22/2000,28.61,29.76,29.8,29.6,38.67,-4.28%
05/19/2000,29.89,30.18,30.44,29.37,40.41,-1.45%
05/18/2000,30.33,29.8,30.48,29.3,49.34,3.44%
05/17/2000,29.32,29.4,29.85,29.07,67.35,-1.38%
05/16/2000,29.73,30.1,30.25,29.6,51.96,-0.64%
05/15/2000,29.92,29.2,30.04,29.13,47.41,1.01%
05/12/2000,29.62,29.45,30,28.82,80.4,1.75%
05/11/2000,29.11,28.1,29.42,28,83.21,3.59%
05/10/2000,28.1,28.4,28.69,28.03,62.98,-1.92%
05/09/2000,28.65,28.05,28.93,27.7,70.41,1.99%
05/08/2000,28.09,27.3,28.15,27.05,60.2,2.93%
05/05/2000,27.29,26.8,27.4,26.76,46.03,1.15%
05/04/2000,26.98,26.85,27.25,26.54,50.93,0.86%
05/03/2000,26.75,26.92,27.39,26.65,71.08,-0.52%
05/02/2000,26.89,25.95,27.08,25.8,81.43,3.94%
05/01/2000,25.87,25.55,26,25.52,29.44,0.51%
04/28/2000,25.74,25.65,26.09,25.45,60.47,1.26%
04/27/2000,25.42,24.85,25.5,24.6,58.66,3.12%
04/26/2000,24.65,25.02,25.35,24.6,77.43,-2.68%
04/25/2000,25.33,25.71,26.07,25.3,51.32,-2.73%
04/24/2000,26.04,25.95,26.18,25.82,24.25,0.62%
04/20/2000,25.88,25.75,25.98,25.49,47.7,-5.37%
04/19/2000,27.35,25.95,27.5,25.8,59.95,4.75%
04/18/2000,26.11,26,26.27,25.4,45.65,0.85%
04/17/2000,25.89,25.45,26.03,25,49.17,1.25%
04/14/2000,25.57,25.27,25.8,25.1,66.75,0.75%
04/13/2000,25.38,25.41,25.96,25.2,77.4,-0.12%
04/12/2000,25.41,24.24,25.5,24.07,71.02,5.26%
04/11/2000,24.14,23.89,24.38,23.79,68.69,1.22%
04/10/2000,23.85,24.9,24.9,23.7,75.6,-4.75%
04/07/2000,25.04,25.64,25.78,24.85,69.4,-2.53%
04/06/2000,25.69,25.85,26.1,25.53,48.99,-0.54%
04/05/2000,25.83,25.32,25.85,25.11,79.63,1.49%
04/04/2000,25.45,26.39,26.39,25.42,69.05,-3.71%
04/03/2000,26.43,26.85,27.12,26.35,31.46,-1.75%
03/31/2000,26.9,26.6,27.15,26.24,75.23,0.75%
03/30/2000,26.7,26.45,26.75,26.24,47.79,0.95%
03/29/2000,26.45,27.09,27.26,26.05,83.96,-2.36%
03/28/2000,27.09,27.71,27.94,27.01,64.09,-2.52%
03/27/2000,27.79,28,28.02,27.18,39.49,-0.82%
03/24/2000,28.02,27.32,28.15,27.32,59.2,2.60%
03/23/2000,27.31,27.4,27.78,27.2,55.69,-0.55%
03/22/2000,27.46,27.8,28.25,27.25,79.37,-1.93%
03/21/2000,28,29.6,29.65,27.25,56.35,-4.86%
03/20/2000,29.43,30.71,30.71,29.3,63.58,-4.79%
03/17/2000,30.91,31.12,31.4,30.56,53.85,-0.58%
03/16/2000,31.09,30.67,31.2,30.13,72.18,1.20%
03/15/2000,30.72,31.71,31.92,30.6,65.99,-3.06%
03/14/2000,31.69,32.05,32.25,31.2,67.27,-1.03%
03/13/2000,32.02,31.74,32.25,31.39,47.68,0.82%
03/10/2000,31.76,31.68,31.99,31.08,52.39,0.22%
03/09/2000,31.69,31.2,32.05,30.55,77.09,1.38%
03/08/2000,31.26,34.26,34.37,30.8,91.23,-8.41%
03/07/2000,34.13,32.11,34.2,32.07,77.86,6.06%
03/06/2000,32.18,31.34,32.2,31.11,57.81,2.13%
03/03/2000,31.51,31.61,31.84,30.92,63.19,-0.57%
03/02/2000,31.69,31.74,32.15,31.26,58.87,-0.25%
03/01/2000,31.77,30.49,31.8,30.33,73.33,4.40%
02/29/2000,30.43,30.19,30.63,30.1,50.37,1.00%
02/28/2000,30.13,30.2,30.59,29.82,56.87,-0.72%
02/25/2000,30.35,29.92,30.83,29.7,75.78,1.27%
02/24/2000,29.97,29.3,30.15,29.3,70.51,1.97%
02/23/2000,29.39,28.88,29.45,28.72,54.12,-0.78%
02/22/2000,29.62,29.2,30.3,28.85,47.2,0.37%
02/18/2000,29.51,29.41,29.6,29.05,36.48,0.17%
02/17/2000,29.46,30.04,30.05,29.05,51.55,-1.96%
02/16/2000,30.05,30.02,30.24,29.35,85.8,-0.03%
02/15/2000,30.06,30.28,30.45,29.8,56.97,-0.63%
02/14/2000,30.25,29.44,30.3,29.35,58.3,2.75%
02/11/2000,29.44,29.42,29.94,29.02,76.43,0.03%
02/10/2000,29.43,28.6,29.5,28.6,75.87,2.29%
02/09/2000,28.77,28,28.84,27.71,86.91,2.68%
02/08/2000,28.02,28.44,28.49,27.91,66.13,-1.51%
02/07/2000,28.45,28.71,28.9,28.25,60.11,-1.28%
02/04/2000,28.82,28.17,28.87,27.75,67.03,2.82%
02/03/2000,28.03,27.56,28.4,27.41,77.94,1.74%
02/02/2000,27.55,28.22,28.65,27.45,97.35,-2.37%
02/01/2000,28.22,27.6,28.4,27.6,76.41,2.10%
01/31/2000,27.64,27.1,27.9,26.7,81.84,1.54%
01/28/2000,27.22,27.22,27.55,26.95,67.37,-0.37%
01/27/2000,27.32,27.78,28.1,27.19,89.12,-1.87%
01/26/2000,27.84,28.29,28.77,27.8,67.17,-1.56%
01/25/2000,28.28,27.78,28.55,27.35,54.49,1.62%
01/24/2000,27.83,28.23,28.69,27.51,57.64,-1.31%
01/21/2000,28.2,27.85,29.1,27.7,90.97,-4.92%
01/20/2000,29.66,29.4,29.95,28.8,57.72,0.41%
01/19/2000,29.54,28.8,29.68,28.55,69.99,2.39%
01/18/2000,28.85,28.03,29,27.96,65.2,2.96%
01/14/2000,28.02,26.8,28.1,26.61,68.81,4.98%
01/13/2000,26.69,26.28,27.12,26.2,90.22,1.56%
01/12/2000,26.28,25.73,26.55,25.38,93.76,1.98%
01/11/2000,25.77,24.71,25.8,24.67,106.49,4.46%
01/10/2000,24.67,24.22,24.75,24.02,68.9,1.86%
01/07/2000,24.22,24.65,25,24.15,91.83,-2.26%
01/06/2000,24.78,24.8,25.34,24.51,85.25,-0.52%
01/05/2000,24.91,25.5,25.61,24.87,70.94,-2.50%
01/04/2000,25.55,25.2,25.69,24.71,74.79,-0.20%
