Date,Price,Open,High,Low,Vol.,Change %
10/23/2025,0.925,0.9242,0.9252,0.924,,0.09%
10/22/2025,0.9242,0.9237,0.9248,0.922,,0.05%
10/21/2025,0.9237,0.9228,0.9248,0.9209,,0.11%
10/20/2025,0.9227,0.9249,0.9261,0.9214,,-0.28%
10/19/2025,0.9253,0.9238,0.9256,0.9238,,0.14%
10/17/2025,0.924,0.9268,0.9276,0.9218,,-0.30%
10/16/2025,0.9268,0.9278,0.9307,0.926,,-0.11%
10/15/2025,0.9278,0.9298,0.9313,0.9265,,-0.22%
10/14/2025,0.9298,0.9305,0.9313,0.928,,-0.06%
10/13/2025,0.9304,0.9287,0.9329,0.9269,,0.18%
10/10/2025,0.9287,0.9325,0.9337,0.9283,,-0.41%
10/09/2025,0.9325,0.9326,0.9332,0.9299,,0.00%
10/08/2025,0.9325,0.9303,0.933,0.9295,,0.20%
10/07/2025,0.9306,0.9313,0.9321,0.9298,,-0.05%
10/06/2025,0.9311,0.934,0.9351,0.9306,,-0.31%
10/03/2025,0.934,0.9349,0.9361,0.9333,,-0.10%
10/02/2025,0.9349,0.9348,0.9367,0.9342,,0.00%
10/01/2025,0.9349,0.9345,0.9383,0.9329,,0.04%
09/30/2025,0.9345,0.9353,0.9374,0.9334,,-0.09%
09/29/2025,0.9353,0.9336,0.9369,0.9322,,0.18%
09/26/2025,0.9336,0.9329,0.9343,0.9319,,0.08%
09/25/2025,0.9329,0.9335,0.9353,0.9322,,-0.06%
09/24/2025,0.9335,0.9349,0.9358,0.9321,,-0.15%
09/23/2025,0.9349,0.9353,0.936,0.9339,,-0.05%
09/22/2025,0.9354,0.9344,0.9358,0.9328,,0.11%
09/19/2025,0.9344,0.9341,0.9359,0.9332,,0.03%
09/18/2025,0.9341,0.9319,0.9346,0.9313,,0.23%
09/17/2025,0.932,0.9328,0.9352,0.931,,-0.08%
09/16/2025,0.9327,0.935,0.9353,0.9322,,-0.21%
09/15/2025,0.9347,0.9348,0.9363,0.9336,,-0.01%
09/12/2025,0.9348,0.9338,0.9354,0.933,,0.11%
09/11/2025,0.9338,0.9347,0.936,0.933,,-0.10%
09/10/2025,0.9347,0.9339,0.9367,0.9322,,0.10%
09/09/2025,0.9338,0.9331,0.9345,0.9312,,0.06%
09/08/2025,0.9332,0.9354,0.9374,0.9317,,-0.24%
09/05/2025,0.9354,0.9385,0.94,0.9347,,-0.33%
09/04/2025,0.9385,0.9375,0.9396,0.9368,,0.11%
09/03/2025,0.9375,0.9364,0.9384,0.9356,,0.11%
09/02/2025,0.9365,0.9379,0.9383,0.9351,,-0.12%
09/01/2025,0.9376,0.9356,0.9387,0.9342,,0.21%
08/29/2025,0.9356,0.9365,0.9373,0.9339,,-0.10%
08/28/2025,0.9365,0.9338,0.9371,0.9321,,0.29%
08/27/2025,0.9338,0.9353,0.9369,0.9316,,-0.15%
08/26/2025,0.9352,0.9366,0.939,0.9349,,-0.14%
08/25/2025,0.9365,0.9391,0.942,0.9361,,-0.28%
08/22/2025,0.9391,0.9387,0.942,0.9365,,0.03%
08/21/2025,0.9388,0.9368,0.9399,0.9363,,0.20%
08/20/2025,0.9369,0.9408,0.9418,0.9364,,-0.43%
08/19/2025,0.9409,0.9417,0.9427,0.9399,,-0.08%
08/18/2025,0.9417,0.9431,0.9456,0.9409,,-0.18%
08/15/2025,0.9434,0.9408,0.9446,0.9403,,0.29%
08/14/2025,0.9407,0.9426,0.9435,0.9396,,-0.20%
08/13/2025,0.9426,0.9417,0.9434,0.9402,,0.11%
08/12/2025,0.9416,0.9438,0.9452,0.9399,,-0.23%
08/11/2025,0.9438,0.9408,0.9441,0.9395,,0.33%
08/08/2025,0.9407,0.941,0.9422,0.9397,,-0.03%
08/07/2025,0.941,0.9405,0.9432,0.9386,,0.05%
08/06/2025,0.9405,0.935,0.9409,0.9339,,0.58%
08/05/2025,0.9351,0.9353,0.9363,0.9327,,-0.02%
08/04/2025,0.9353,0.931,0.9363,0.9307,,0.41%
08/01/2025,0.9315,0.9273,0.9335,0.927,,0.44%
07/31/2025,0.9274,0.9291,0.9311,0.9266,,-0.20%
07/30/2025,0.9293,0.9305,0.9317,0.9287,,-0.14%
07/29/2025,0.9306,0.9314,0.9328,0.9292,,-0.08%
07/28/2025,0.9313,0.9338,0.9371,0.9302,,-0.21%
07/25/2025,0.9333,0.9347,0.9358,0.9326,,-0.15%
07/24/2025,0.9347,0.9328,0.9366,0.9321,,0.20%
07/23/2025,0.9328,0.9315,0.9345,0.9291,,0.15%
07/22/2025,0.9314,0.9333,0.934,0.9306,,-0.20%
07/21/2025,0.9333,0.9319,0.9338,0.9302,,0.16%
07/18/2025,0.9318,0.9329,0.9344,0.9309,,-0.13%
07/17/2025,0.933,0.9318,0.9338,0.9313,,0.17%
07/16/2025,0.9314,0.93,0.9338,0.929,,0.15%
07/15/2025,0.93,0.9313,0.9321,0.9291,,-0.08%
07/14/2025,0.9307,0.932,0.9326,0.9287,,-0.05%
07/11/2025,0.9312,0.9329,0.9332,0.93,,-0.16%
07/10/2025,0.9327,0.9307,0.9332,0.9298,,0.18%
07/09/2025,0.931,0.9335,0.9345,0.9301,,-0.25%
07/08/2025,0.9333,0.9351,0.937,0.9324,,-0.19%
07/07/2025,0.9351,0.9362,0.9369,0.9334,,-0.03%
07/04/2025,0.9354,0.9348,0.9367,0.9333,,0.07%
07/03/2025,0.9347,0.9344,0.9369,0.9303,,0.02%
07/02/2025,0.9345,0.934,0.9353,0.9312,,0.05%
07/01/2025,0.934,0.9348,0.9356,0.9304,,-0.09%
06/30/2025,0.9348,0.9361,0.9392,0.9334,,-0.18%
06/27/2025,0.9365,0.9361,0.9384,0.9339,,0.01%
06/26/2025,0.9364,0.9383,0.9405,0.9355,,-0.21%
06/25/2025,0.9384,0.9353,0.9388,0.9331,,0.35%
06/24/2025,0.9351,0.9409,0.9431,0.9338,,-0.62%
06/23/2025,0.9409,0.9386,0.9413,0.9358,,-0.12%
06/20/2025,0.942,0.9388,0.9429,0.9378,,0.34%
06/19/2025,0.9388,0.9403,0.9422,0.936,,-0.14%
06/18/2025,0.9401,0.9373,0.9425,0.9368,,0.30%
06/17/2025,0.9373,0.9413,0.9422,0.9358,,-0.42%
06/16/2025,0.9413,0.9354,0.9422,0.9343,,0.44%
06/13/2025,0.9372,0.9385,0.9398,0.9306,,-0.16%
06/12/2025,0.9387,0.9427,0.9434,0.9384,,-0.38%
06/11/2025,0.9423,0.9399,0.9431,0.9386,,0.26%
06/10/2025,0.9399,0.9387,0.9407,0.9361,,0.12%
06/09/2025,0.9388,0.9371,0.939,0.9359,,0.27%
06/06/2025,0.9363,0.9383,0.94,0.9361,,-0.21%
06/05/2025,0.9383,0.9344,0.9402,0.9334,,0.42%
06/04/2025,0.9344,0.9368,0.9386,0.9337,,-0.26%
06/03/2025,0.9368,0.9352,0.9385,0.933,,0.19%
06/02/2025,0.935,0.933,0.9364,0.932,,0.16%
05/30/2025,0.9335,0.9353,0.9367,0.9319,,-0.26%
05/29/2025,0.9359,0.9343,0.9378,0.9332,,0.15%
05/28/2025,0.9345,0.9371,0.9389,0.9332,,-0.28%
05/27/2025,0.9371,0.9351,0.9393,0.9328,,0.21%
05/26/2025,0.9351,0.9335,0.937,0.9318,,0.17%
05/23/2025,0.9335,0.9353,0.9385,0.929,,-0.19%
05/22/2025,0.9353,0.9354,0.9362,0.9328,,0.00%
05/21/2025,0.9353,0.9346,0.9366,0.9311,,0.06%
05/20/2025,0.9347,0.9379,0.94,0.9345,,-0.39%
05/19/2025,0.9384,0.9359,0.94,0.9331,,0.33%
05/16/2025,0.9353,0.9353,0.9386,0.9332,,0.00%
05/15/2025,0.9353,0.9412,0.9417,0.9338,,-0.62%
05/14/2025,0.9411,0.9389,0.9423,0.9372,,0.22%
05/13/2025,0.939,0.9375,0.9411,0.9329,,0.15%
05/12/2025,0.9376,0.9328,0.9399,0.9312,,0.26%
05/09/2025,0.9352,0.9344,0.9363,0.9321,,0.09%
05/08/2025,0.9344,0.9309,0.9351,0.9305,,0.34%
05/07/2025,0.9312,0.9347,0.9391,0.9299,,-0.39%
05/06/2025,0.9348,0.9306,0.9361,0.9296,,0.47%
05/05/2025,0.9304,0.9345,0.938,0.9295,,-0.37%
05/02/2025,0.9339,0.9367,0.9397,0.9311,,-0.30%
05/01/2025,0.9367,0.936,0.9397,0.9338,,0.07%
04/30/2025,0.936,0.938,0.9398,0.9328,,-0.21%
04/29/2025,0.938,0.9367,0.941,0.936,,0.15%
04/28/2025,0.9366,0.9412,0.9444,0.936,,-0.46%
04/25/2025,0.9409,0.9422,0.9449,0.9401,,-0.14%
04/24/2025,0.9422,0.9403,0.9432,0.9372,,0.20%
04/23/2025,0.9403,0.9355,0.9413,0.9328,,0.52%
04/22/2025,0.9354,0.9316,0.9363,0.9301,,0.45%
04/21/2025,0.9312,0.9296,0.9358,0.9273,,0.16%
04/18/2025,0.9297,0.932,0.9328,0.9293,,-0.18%
04/17/2025,0.9314,0.9267,0.934,0.9257,,0.53%
04/16/2025,0.9265,0.9291,0.9303,0.9237,,-0.24%
04/15/2025,0.9287,0.9249,0.9299,0.9228,,0.47%
04/14/2025,0.9244,0.9318,0.9356,0.9231,,-0.17%
04/11/2025,0.926,0.9227,0.9324,0.9219,,0.46%
04/10/2025,0.9218,0.94,0.9411,0.9222,,-1.90%
04/09/2025,0.9397,0.9289,0.94,0.9251,,1.22%
04/08/2025,0.9284,0.9377,0.9423,0.9278,,-0.96%
04/07/2025,0.9374,0.9424,0.9504,0.9299,,-0.56%
04/04/2025,0.9427,0.9496,0.9505,0.9362,,-0.70%
04/03/2025,0.9493,0.957,0.9584,0.9466,,-0.78%
04/02/2025,0.9568,0.9538,0.9637,0.9529,,0.34%
04/01/2025,0.9536,0.9567,0.9575,0.951,,-0.28%
03/31/2025,0.9563,0.9537,0.9575,0.9517,,0.34%
03/28/2025,0.9531,0.9523,0.9552,0.9502,,0.13%
03/27/2025,0.9519,0.9506,0.9544,0.9487,,0.21%
03/26/2025,0.9499,0.9524,0.9549,0.95,,-0.25%
03/25/2025,0.9523,0.9539,0.9556,0.9511,,-0.13%
03/24/2025,0.9535,0.955,0.9579,0.9527,,-0.16%
03/21/2025,0.955,0.9572,0.9581,0.9539,,-0.15%
03/20/2025,0.9564,0.9567,0.9586,0.9527,,0.02%
03/19/2025,0.9562,0.9594,0.9631,0.9541,,-0.29%
03/18/2025,0.959,0.9622,0.9641,0.9576,,-0.30%
03/17/2025,0.9619,0.9633,0.9639,0.9605,,-0.10%
03/14/2025,0.9629,0.9577,0.9664,0.9568,,0.62%
03/13/2025,0.957,0.9602,0.9625,0.9562,,-0.30%
03/12/2025,0.9599,0.964,0.9652,0.9597,,-0.37%
03/11/2025,0.9635,0.9545,0.9651,0.9519,,0.99%
03/10/2025,0.9541,0.9532,0.9558,0.949,,0.15%
03/07/2025,0.9527,0.9534,0.9577,0.9512,,-0.04%
03/06/2025,0.9531,0.9613,0.9638,0.9514,,-0.80%
03/05/2025,0.9608,0.9456,0.9625,0.944,,1.66%
03/04/2025,0.9451,0.9408,0.9458,0.9345,,0.51%
03/03/2025,0.9403,0.938,0.9439,0.9363,,0.34%
02/28/2025,0.9371,0.9361,0.9407,0.9331,,0.19%
02/27/2025,0.9353,0.9381,0.9418,0.9348,,-0.28%
02/26/2025,0.9379,0.9388,0.9402,0.9369,,-0.09%
02/25/2025,0.9387,0.9391,0.9403,0.9365,,0.01%
02/24/2025,0.9386,0.942,0.9433,0.938,,-0.02%
02/21/2025,0.9388,0.9429,0.9437,0.9379,,-0.39%
02/20/2025,0.9425,0.9428,0.9438,0.9407,,0.01%
02/19/2025,0.9424,0.9437,0.9457,0.9412,,-0.08%
02/18/2025,0.9432,0.9444,0.9449,0.9412,,-0.10%
02/17/2025,0.9441,0.9434,0.9453,0.9416,,0.10%
02/14/2025,0.9432,0.9451,0.9475,0.9425,,-0.15%
02/13/2025,0.9446,0.9491,0.9516,0.9399,,-0.41%
02/12/2025,0.9485,0.9462,0.951,0.9441,,0.29%
02/11/2025,0.9458,0.9394,0.9473,0.9383,,0.73%
02/10/2025,0.9389,0.9393,0.9407,0.9354,,-0.02%
02/07/2025,0.9391,0.9397,0.945,0.938,,-0.02%
02/06/2025,0.9393,0.9382,0.9405,0.9365,,0.15%
02/05/2025,0.9379,0.9393,0.941,0.9373,,-0.12%
02/04/2025,0.939,0.9418,0.9431,0.9376,,-0.25%
02/03/2025,0.9414,0.9446,0.9446,0.936,,-0.24%
01/31/2025,0.9437,0.9452,0.9471,0.9425,,-0.12%
01/30/2025,0.9448,0.945,0.9489,0.9436,,0.02%
01/29/2025,0.9446,0.943,0.9464,0.9421,,0.22%
01/28/2025,0.9425,0.9465,0.9467,0.9428,,-0.39%
01/27/2025,0.9462,0.9499,0.9507,0.9426,,-0.44%
01/24/2025,0.9504,0.9451,0.952,0.9447,,0.61%
01/23/2025,0.9446,0.9441,0.9463,0.9424,,0.13%
01/22/2025,0.9434,0.9445,0.9458,0.9427,,-0.14%
01/21/2025,0.9447,0.9443,0.9459,0.9411,,0.11%
01/20/2025,0.9437,0.9388,0.9464,0.9386,,0.43%
01/17/2025,0.9397,0.9381,0.9417,0.9365,,0.22%
01/16/2025,0.9376,0.939,0.94,0.9367,,-0.15%
01/15/2025,0.939,0.9403,0.9415,0.9359,,-0.11%
01/14/2025,0.94,0.9392,0.942,0.9375,,0.12%
01/13/2025,0.9389,0.9392,0.9399,0.9336,,0.01%
01/10/2025,0.9388,0.9397,0.9421,0.9364,,-0.03%
01/09/2025,0.9391,0.9402,0.9404,0.9382,,-0.07%
01/08/2025,0.9398,0.9405,0.9422,0.9372,,-0.05%
01/07/2025,0.9403,0.9401,0.9443,0.9393,,0.04%
01/06/2025,0.9399,0.9359,0.9412,0.9358,,0.37%
01/03/2025,0.9364,0.9365,0.9374,0.9348,,0.03%
01/02/2025,0.9361,0.9392,0.9399,0.9328,,-0.34%
01/01/2025,0.9393,0.9394,0.9401,0.9391,,0.01%
12/31/2024,0.9392,0.9408,0.9429,0.9376,,-0.14%
12/30/2024,0.9405,0.9401,0.9443,0.9391,,0.03%
12/27/2024,0.9402,0.9369,0.9412,0.9359,,0.38%
12/26/2024,0.9366,0.9352,0.9383,0.935,,0.15%
12/25/2024,0.9352,0.9362,0.9376,0.9355,,-0.09%
12/24/2024,0.936,0.9351,0.9373,0.934,,0.12%
12/23/2024,0.9349,0.931,0.9365,0.9302,,0.39%
12/20/2024,0.9313,0.9315,0.9322,0.9285,,0.02%
12/19/2024,0.9311,0.9329,0.9358,0.9305,,-0.14%
12/18/2024,0.9324,0.9369,0.939,0.9322,,-0.43%
12/17/2024,0.9364,0.9401,0.942,0.9355,,-0.34%
12/16/2024,0.9396,0.9381,0.9408,0.935,,0.23%
12/13/2024,0.9374,0.9334,0.939,0.9333,,0.40%
12/12/2024,0.9337,0.9281,0.9346,0.9275,,0.64%
12/11/2024,0.9278,0.9293,0.9306,0.9269,,-0.12%
12/10/2024,0.9289,0.9276,0.9299,0.9255,,0.19%
12/09/2024,0.9271,0.9291,0.9305,0.9269,,-0.13%
12/06/2024,0.9283,0.9303,0.931,0.9258,,-0.18%
12/05/2024,0.93,0.9295,0.9324,0.9288,,0.09%
12/04/2024,0.9292,0.9312,0.9329,0.929,,-0.24%
12/03/2024,0.9314,0.9311,0.9328,0.929,,0.06%
12/02/2024,0.9308,0.9318,0.9329,0.9287,,-0.09%
11/29/2024,0.9316,0.932,0.9328,0.9292,,0.01%
11/28/2024,0.9315,0.9317,0.9332,0.9303,,0.01%
11/27/2024,0.9314,0.93,0.9326,0.9276,,0.20%
11/26/2024,0.9295,0.93,0.9328,0.9268,,-0.02%
11/25/2024,0.9297,0.9287,0.9349,0.9279,,-0.16%
11/22/2024,0.9312,0.9288,0.9326,0.9204,,0.30%
11/21/2024,0.9284,0.932,0.9327,0.9278,,-0.38%
11/20/2024,0.9319,0.9348,0.9368,0.9304,,-0.29%
11/19/2024,0.9346,0.936,0.9367,0.9303,,-0.12%
11/18/2024,0.9357,0.9356,0.9372,0.9345,,-0.03%
11/15/2024,0.936,0.9376,0.94,0.9345,,-0.14%
11/14/2024,0.9373,0.9361,0.939,0.9348,,0.16%
11/13/2024,0.9358,0.9367,0.939,0.9338,,-0.06%
11/12/2024,0.9364,0.9382,0.9392,0.9345,,-0.18%
11/11/2024,0.9381,0.9392,0.9403,0.936,,0.00%
11/08/2024,0.9381,0.9428,0.9433,0.9366,,-0.48%
11/07/2024,0.9426,0.9404,0.9444,0.939,,0.27%
11/06/2024,0.9401,0.9436,0.9442,0.9353,,-0.34%
11/05/2024,0.9433,0.9399,0.9438,0.9386,,0.37%
11/04/2024,0.9398,0.9461,0.9473,0.9393,,-0.28%
11/01/2024,0.9424,0.9401,0.9457,0.9393,,0.27%
10/31/2024,0.9399,0.9411,0.942,0.9379,,-0.10%
10/30/2024,0.9408,0.9384,0.9418,0.9369,,0.31%
10/29/2024,0.9379,0.9357,0.9393,0.9348,,0.26%
10/28/2024,0.9355,0.9357,0.9392,0.9351,,0.03%
10/25/2024,0.9352,0.9373,0.939,0.935,,-0.21%
10/24/2024,0.9372,0.9342,0.9381,0.933,,0.34%
10/23/2024,0.934,0.9346,0.9375,0.9335,,-0.03%
10/22/2024,0.9343,0.9369,0.9379,0.9342,,-0.26%
10/21/2024,0.9367,0.9396,0.9409,0.936,,-0.31%
10/18/2024,0.9396,0.9381,0.9408,0.9375,,0.20%
10/17/2024,0.9377,0.9401,0.9413,0.9352,,-0.23%
10/16/2024,0.9399,0.9387,0.9414,0.9377,,0.17%
10/15/2024,0.9383,0.9412,0.9417,0.9381,,-0.28%
10/14/2024,0.9409,0.9372,0.9429,0.9366,,0.38%
10/11/2024,0.9373,0.9361,0.939,0.936,,0.13%
10/10/2024,0.9361,0.9414,0.9422,0.9342,,-0.55%
10/09/2024,0.9413,0.9412,0.9423,0.9388,,0.05%
10/08/2024,0.9408,0.9381,0.9421,0.9364,,0.32%
10/07/2024,0.9378,0.942,0.9436,0.9365,,-0.41%
10/04/2024,0.9417,0.941,0.9441,0.9344,,0.11%
10/03/2024,0.9407,0.9386,0.9425,0.9367,,0.23%
10/02/2024,0.9385,0.937,0.9405,0.9341,,0.17%
10/01/2024,0.9369,0.9416,0.9436,0.9333,,-0.48%
09/30/2024,0.9414,0.9396,0.9453,0.9379,,0.33%
09/27/2024,0.9383,0.9458,0.9481,0.9377,,-0.77%
09/26/2024,0.9456,0.9471,0.95,0.9436,,-0.12%
09/25/2024,0.9467,0.9429,0.951,0.9416,,0.41%
09/24/2024,0.9428,0.9418,0.9458,0.9401,,0.12%
09/23/2024,0.9417,0.9489,0.9503,0.9408,,-0.76%
09/20/2024,0.9489,0.9463,0.9506,0.9443,,0.30%
09/19/2024,0.9461,0.9409,0.9469,0.9402,,0.56%
09/18/2024,0.9408,0.9416,0.9436,0.938,,-0.06%
09/17/2024,0.9414,0.9405,0.9424,0.9381,,0.12%
09/16/2024,0.9403,0.9406,0.9411,0.9382,,0.01%
09/13/2024,0.9402,0.9426,0.9433,0.9369,,-0.23%
09/12/2024,0.9424,0.9385,0.9435,0.9377,,0.43%
09/11/2024,0.9384,0.9333,0.9399,0.9306,,0.56%
09/10/2024,0.9332,0.9373,0.938,0.9323,,-0.42%
09/09/2024,0.9371,0.9341,0.9382,0.9338,,0.32%
09/06/2024,0.9341,0.9378,0.9397,0.9336,,-0.38%
09/05/2024,0.9377,0.9382,0.9408,0.937,,-0.03%
09/04/2024,0.938,0.9391,0.9421,0.9368,,-0.11%
09/03/2024,0.939,0.9428,0.9446,0.9374,,-0.39%
09/02/2024,0.9427,0.9391,0.9447,0.9383,,0.42%
08/30/2024,0.9388,0.9386,0.9419,0.9378,,0.04%
08/29/2024,0.9384,0.9365,0.9403,0.9353,,0.20%
08/28/2024,0.9365,0.9412,0.9422,0.9352,,-0.49%
08/27/2024,0.9411,0.9457,0.9478,0.9406,,-0.48%
08/26/2024,0.9456,0.949,0.9497,0.9451,,-0.34%
08/23/2024,0.9488,0.947,0.95,0.9459,,0.19%
08/22/2024,0.947,0.9497,0.9506,0.9456,,-0.23%
08/21/2024,0.9492,0.9504,0.952,0.9476,,-0.14%
08/20/2024,0.9505,0.9565,0.9574,0.9503,,-0.61%
08/19/2024,0.9563,0.955,0.9571,0.952,,0.14%
08/16/2024,0.955,0.9575,0.9583,0.9525,,-0.23%
08/15/2024,0.9572,0.9526,0.9583,0.9522,,0.48%
08/14/2024,0.9526,0.9507,0.9548,0.9494,,0.23%
08/13/2024,0.9504,0.9458,0.9515,0.9454,,0.51%
08/12/2024,0.9456,0.9447,0.9521,0.943,,0.12%
08/09/2024,0.9445,0.9464,0.9477,0.9423,,-0.15%
08/08/2024,0.9459,0.9412,0.9466,0.9354,,0.52%
08/07/2024,0.941,0.931,0.9473,0.9298,,1.12%
08/06/2024,0.9306,0.9337,0.9388,0.9285,,-0.30%
08/05/2024,0.9334,0.9369,0.9391,0.921,,-0.22%
08/02/2024,0.9355,0.9418,0.9465,0.9353,,-0.67%
08/01/2024,0.9418,0.9506,0.9516,0.9411,,-0.89%
07/31/2024,0.9503,0.9545,0.9558,0.9494,,-0.43%
07/30/2024,0.9544,0.9589,0.9608,0.9543,,-0.43%
07/29/2024,0.9585,0.9599,0.9608,0.9565,,-0.07%
07/26/2024,0.9592,0.9564,0.9601,0.9552,,0.35%
07/25/2024,0.9559,0.9595,0.9603,0.9519,,-0.33%
07/24/2024,0.9591,0.9673,0.9679,0.9586,,-0.80%
07/23/2024,0.9668,0.9691,0.9695,0.9667,,-0.21%
07/22/2024,0.9688,0.9675,0.9692,0.9655,,0.19%
07/19/2024,0.967,0.9671,0.9693,0.9656,,0.02%
07/18/2024,0.9668,0.9669,0.9677,0.9641,,0.08%
07/17/2024,0.966,0.9739,0.9753,0.9655,,-0.77%
07/16/2024,0.9735,0.976,0.9773,0.9738,,-0.23%
07/15/2024,0.9757,0.9755,0.9776,0.9733,,0.05%
07/12/2024,0.9752,0.9743,0.9761,0.9729,,0.11%
07/11/2024,0.9741,0.9745,0.9784,0.9706,,0.00%
07/10/2024,0.9741,0.9709,0.9746,0.9698,,0.36%
07/09/2024,0.9706,0.9721,0.9734,0.9699,,-0.07%
07/08/2024,0.9713,0.9706,0.9722,0.9675,,0.04%
07/05/2024,0.9709,0.9734,0.9744,0.9702,,-0.21%
07/04/2024,0.9729,0.9727,0.9756,0.971,,0.07%
07/03/2024,0.9722,0.9709,0.9743,0.9705,,0.13%
07/02/2024,0.9709,0.9698,0.9717,0.968,,0.15%
07/01/2024,0.9694,0.9645,0.9712,0.9642,,0.69%
06/28/2024,0.9628,0.9619,0.9648,0.9608,,0.12%
06/27/2024,0.9616,0.9583,0.9624,0.9577,,0.37%
06/26/2024,0.9581,0.9587,0.9602,0.956,,-0.03%
06/25/2024,0.9584,0.9584,0.9597,0.9563,,0.04%
06/24/2024,0.958,0.9561,0.9597,0.9545,,0.26%
06/21/2024,0.9555,0.9542,0.9568,0.9505,,0.21%
06/20/2024,0.9535,0.9501,0.9576,0.9481,,0.38%
06/19/2024,0.9499,0.9496,0.9517,0.9477,,0.06%
06/18/2024,0.9493,0.9549,0.9556,0.9481,,-0.56%
06/17/2024,0.9546,0.9525,0.957,0.9514,,0.23%
06/14/2024,0.9524,0.9596,0.9608,0.9508,,-0.73%
06/13/2024,0.9594,0.9667,0.9687,0.9593,,-0.71%
06/12/2024,0.9663,0.9637,0.9677,0.9619,,0.27%
06/11/2024,0.9637,0.9652,0.966,0.9613,,-0.10%
06/10/2024,0.9647,0.9684,0.9684,0.9624,,-0.30%
06/07/2024,0.9676,0.9685,0.971,0.9652,,-0.05%
06/06/2024,0.9681,0.9711,0.9724,0.9682,,-0.27%
06/05/2024,0.9707,0.9685,0.9725,0.9678,,0.30%
06/04/2024,0.9678,0.9767,0.9782,0.9668,,-0.87%
06/03/2024,0.9763,0.9793,0.9805,0.974,,-0.14%
05/31/2024,0.9777,0.9785,0.9839,0.9769,,-0.04%
05/30/2024,0.9781,0.9865,0.9874,0.9781,,-0.80%
05/29/2024,0.986,0.9907,0.9913,0.9861,,-0.42%
05/28/2024,0.9902,0.9922,0.9931,0.9882,,-0.19%
05/27/2024,0.9921,0.9931,0.9933,0.9909,,0.02%
05/24/2024,0.9919,0.9888,0.9932,0.9883,,0.33%
05/23/2024,0.9886,0.9912,0.9919,0.988,,-0.22%
05/22/2024,0.9908,0.9888,0.9917,0.9884,,0.24%
05/21/2024,0.9884,0.9888,0.9896,0.9871,,0.02%
05/20/2024,0.9882,0.9889,0.9897,0.9866,,0.02%
05/17/2024,0.988,0.9847,0.9885,0.9839,,0.37%
05/16/2024,0.9844,0.982,0.985,0.9784,,0.29%
05/15/2024,0.9816,0.9809,0.9828,0.979,,0.11%
05/14/2024,0.9805,0.98,0.9815,0.9777,,0.08%
05/13/2024,0.9797,0.9763,0.9805,0.9754,,0.38%
05/10/2024,0.976,0.9769,0.9783,0.9756,,-0.05%
05/09/2024,0.9765,0.9759,0.9776,0.9751,,0.08%
05/08/2024,0.9757,0.977,0.9778,0.975,,-0.09%
05/07/2024,0.9766,0.9761,0.9781,0.9752,,0.09%
05/06/2024,0.9757,0.9746,0.9767,0.9734,,0.17%
05/03/2024,0.974,0.9768,0.9782,0.9727,,-0.26%
05/02/2024,0.9765,0.9807,0.9831,0.9743,,-0.40%
05/01/2024,0.9804,0.9807,0.9843,0.9801,,0.02%
04/30/2024,0.9802,0.9764,0.9819,0.9752,,0.45%
04/29/2024,0.9758,0.9778,0.9804,0.9749,,-0.14%
04/26/2024,0.9772,0.9786,0.9803,0.9761,,-0.13%
04/25/2024,0.9785,0.9791,0.9812,0.9769,,-0.02%
04/24/2024,0.9787,0.9758,0.9795,0.9747,,0.34%
04/23/2024,0.9754,0.9716,0.9764,0.9709,,0.43%
04/22/2024,0.9712,0.9705,0.9729,0.9689,,0.18%
04/19/2024,0.9695,0.9711,0.972,0.9565,,-0.12%
04/18/2024,0.9707,0.9719,0.9726,0.9692,,-0.10%
04/17/2024,0.9717,0.9695,0.9723,0.9674,,0.28%
04/16/2024,0.969,0.9685,0.9725,0.968,,0.09%
04/15/2024,0.9681,0.9724,0.9743,0.9682,,-0.47%
04/12/2024,0.9727,0.9762,0.9768,0.9677,,-0.31%
04/11/2024,0.9757,0.981,0.9824,0.9746,,-0.46%
04/10/2024,0.9802,0.981,0.9824,0.9761,,-0.05%
04/09/2024,0.9807,0.9832,0.9839,0.9802,,-0.21%
04/08/2024,0.9828,0.9776,0.9837,0.9762,,0.62%
04/05/2024,0.9767,0.9767,0.9809,0.9745,,0.01%
04/04/2024,0.9766,0.9783,0.9851,0.976,,-0.17%
04/03/2024,0.9783,0.9781,0.981,0.9772,,0.08%
04/02/2024,0.9775,0.9715,0.9781,0.9711,,0.64%
04/01/2024,0.9713,0.9739,0.9742,0.9712,,-0.20%
03/29/2024,0.9732,0.9729,0.9743,0.9706,,0.06%
03/28/2024,0.9726,0.9785,0.9802,0.9721,,-0.58%
03/27/2024,0.9783,0.9792,0.9822,0.9779,,-0.05%
03/26/2024,0.9788,0.9748,0.9817,0.9739,,0.45%
03/25/2024,0.9744,0.9701,0.9751,0.9692,,0.46%
03/22/2024,0.9699,0.9748,0.976,0.9689,,-0.49%
03/21/2024,0.9747,0.9686,0.979,0.9665,,0.64%
03/20/2024,0.9685,0.9646,0.9695,0.964,,0.39%
03/19/2024,0.9647,0.9651,0.9667,0.9618,,-0.03%
03/18/2024,0.965,0.9627,0.966,0.9612,,0.32%
03/15/2024,0.9619,0.9617,0.9633,0.9604,,0.02%
03/14/2024,0.9617,0.9622,0.9631,0.9607,,0.00%
03/13/2024,0.9617,0.9586,0.9625,0.958,,0.35%
03/12/2024,0.9583,0.9591,0.9599,0.9559,,-0.02%
03/11/2024,0.9585,0.9606,0.9607,0.9575,,-0.13%
03/08/2024,0.9597,0.9609,0.9614,0.9571,,-0.08%
03/07/2024,0.9605,0.9612,0.9622,0.9557,,-0.05%
03/06/2024,0.961,0.9592,0.9635,0.9585,,0.24%
03/05/2024,0.9587,0.9607,0.962,0.9584,,-0.17%
03/04/2024,0.9603,0.9581,0.9624,0.9554,,0.32%
03/01/2024,0.9572,0.9558,0.9622,0.9552,,0.19%
02/29/2024,0.9554,0.9523,0.9562,0.9513,,0.35%
02/28/2024,0.9521,0.9527,0.9542,0.9511,,-0.03%
02/27/2024,0.9524,0.9549,0.9561,0.9526,,-0.23%
02/26/2024,0.9546,0.9536,0.9559,0.9523,,0.14%
02/23/2024,0.9533,0.9529,0.9545,0.9515,,0.08%
02/22/2024,0.9525,0.9516,0.9543,0.9496,,0.14%
02/21/2024,0.9512,0.9529,0.954,0.95,,-0.15%
02/20/2024,0.9526,0.951,0.9536,0.9503,,0.21%
02/19/2024,0.9506,0.949,0.9517,0.9481,,0.20%
02/16/2024,0.9487,0.9476,0.9501,0.9469,,0.11%
02/15/2024,0.9477,0.9506,0.9508,0.9467,,-0.26%
02/14/2024,0.9502,0.95,0.9512,0.9489,,0.06%
02/13/2024,0.9496,0.9433,0.9514,0.9428,,0.69%
02/12/2024,0.9431,0.9436,0.9445,0.9413,,0.01%
02/09/2024,0.943,0.9422,0.9443,0.941,,0.17%
02/08/2024,0.9414,0.9422,0.9428,0.9396,,-0.03%
02/07/2024,0.9417,0.9354,0.9427,0.9349,,0.70%
02/06/2024,0.9352,0.9354,0.9384,0.9344,,0.02%
02/05/2024,0.935,0.9346,0.9366,0.9335,,0.07%
02/02/2024,0.9343,0.9326,0.9364,0.9287,,0.21%
02/01/2024,0.9323,0.932,0.9344,0.9306,,0.10%
01/31/2024,0.9314,0.9346,0.9364,0.9304,,-0.31%
01/30/2024,0.9343,0.9332,0.9369,0.9314,,0.16%
01/29/2024,0.9328,0.9378,0.9391,0.932,,-0.55%
01/26/2024,0.938,0.9404,0.9411,0.9363,,-0.21%
01/25/2024,0.94,0.9391,0.9431,0.9388,,0.13%
01/24/2024,0.9388,0.9442,0.9451,0.9389,,-0.54%
01/23/2024,0.9439,0.9459,0.9467,0.9435,,-0.17%
01/22/2024,0.9455,0.9469,0.9477,0.9445,,-0.10%
01/19/2024,0.9464,0.9442,0.9474,0.9433,,0.26%
01/18/2024,0.9439,0.9407,0.9447,0.9403,,0.38%
01/17/2024,0.9403,0.9367,0.9426,0.9357,,0.37%
01/16/2024,0.9368,0.937,0.9392,0.9349,,0.03%
01/15/2024,0.9365,0.9329,0.9379,0.9324,,0.36%
01/12/2024,0.9331,0.935,0.9366,0.9322,,-0.14%
01/11/2024,0.9344,0.9339,0.9377,0.9311,,0.11%
01/10/2024,0.9334,0.9317,0.9348,0.9309,,0.23%
01/09/2024,0.9313,0.9288,0.9323,0.9277,,0.32%
01/08/2024,0.9283,0.9304,0.9321,0.9281,,-0.16%
01/05/2024,0.9298,0.9306,0.9334,0.9281,,-0.04%
01/04/2024,0.9302,0.9274,0.9333,0.9268,,0.32%
01/03/2024,0.9272,0.9308,0.9343,0.9271,,-0.28%
01/02/2024,0.9298,0.9292,0.9341,0.9276,,0.09%
01/01/2024,0.929,0.929,0.9297,0.9285,,0.03%
12/29/2023,0.9287,0.9345,0.9351,0.9252,,-0.55%
12/28/2023,0.9338,0.9365,0.937,0.9256,,-0.25%
12/27/2023,0.9361,0.9428,0.9449,0.9351,,-0.66%
12/26/2023,0.9423,0.9429,0.9451,0.9406,,-0.01%
12/25/2023,0.9424,0.9427,0.9441,0.9413,,0.05%
12/22/2023,0.9419,0.9428,0.9436,0.9397,,-0.05%
12/21/2023,0.9424,0.944,0.9453,0.941,,-0.12%
12/20/2023,0.9435,0.9455,0.9466,0.9425,,-0.18%
12/19/2023,0.9452,0.9473,0.9491,0.9438,,-0.18%
12/18/2023,0.9469,0.9491,0.9502,0.9458,,-0.12%
12/15/2023,0.948,0.9538,0.9544,0.9454,,-0.57%
12/14/2023,0.9534,0.9479,0.9549,0.9453,,0.61%
12/13/2023,0.9476,0.9447,0.9497,0.9435,,0.34%
12/12/2023,0.9444,0.9457,0.9483,0.9433,,-0.10%
12/11/2023,0.9453,0.9474,0.9489,0.9444,,-0.13%
12/08/2023,0.9465,0.9449,0.9479,0.9413,,0.23%
12/07/2023,0.9443,0.9414,0.9465,0.9402,,0.33%
12/06/2023,0.9412,0.9447,0.9453,0.9413,,-0.33%
12/05/2023,0.9443,0.9458,0.9472,0.9437,,-0.13%
12/04/2023,0.9455,0.9459,0.9509,0.9437,,-0.03%
12/01/2023,0.9458,0.953,0.9547,0.9448,,-0.70%
11/30/2023,0.9525,0.9588,0.9597,0.947,,-0.63%
11/29/2023,0.9585,0.9653,0.9658,0.9583,,-0.66%
11/28/2023,0.9649,0.9643,0.9658,0.9628,,0.08%
11/27/2023,0.9641,0.9656,0.9663,0.962,,-0.12%
11/24/2023,0.9653,0.9643,0.966,0.9627,,0.12%
11/23/2023,0.9641,0.9625,0.9651,0.9618,,0.21%
11/22/2023,0.9621,0.9641,0.9651,0.9617,,-0.17%
11/21/2023,0.9637,0.9683,0.9689,0.9639,,-0.42%
11/20/2023,0.9678,0.9671,0.9687,0.9647,,0.21%
11/17/2023,0.9658,0.9644,0.9669,0.9621,,0.19%
11/16/2023,0.964,0.9634,0.966,0.9622,,0.10%
11/15/2023,0.963,0.9673,0.9679,0.9621,,-0.42%
11/14/2023,0.9671,0.9646,0.9692,0.9643,,0.30%
11/13/2023,0.9642,0.9645,0.9663,0.9633,,0.00%
11/10/2023,0.9642,0.9632,0.9648,0.9617,,0.15%
11/09/2023,0.9628,0.9629,0.9652,0.9617,,0.01%
11/08/2023,0.9627,0.963,0.9637,0.9595,,-0.02%
11/07/2023,0.9629,0.9639,0.9651,0.9607,,-0.09%
11/06/2023,0.9638,0.9645,0.9655,0.9624,,-0.05%
11/03/2023,0.9643,0.9626,0.9664,0.9614,,0.21%
11/02/2023,0.9623,0.9595,0.9635,0.9565,,0.31%
11/01/2023,0.9593,0.9628,0.9635,0.9564,,-0.36%
10/31/2023,0.9628,0.9576,0.9634,0.9555,,0.60%
10/30/2023,0.9571,0.9531,0.9587,0.952,,0.44%
10/27/2023,0.9529,0.9489,0.9568,0.9483,,0.42%
10/26/2023,0.9489,0.9479,0.9503,0.9449,,0.18%
10/25/2023,0.9472,0.9461,0.9492,0.9454,,0.16%
10/24/2023,0.9457,0.9508,0.9519,0.9457,,-0.48%
10/23/2023,0.9503,0.9452,0.9517,0.9443,,0.60%
10/20/2023,0.9446,0.9432,0.9463,0.9416,,0.17%
10/19/2023,0.943,0.9471,0.9487,0.9427,,-0.42%
10/18/2023,0.947,0.9519,0.953,0.9448,,-0.51%
10/17/2023,0.9519,0.9503,0.9536,0.9497,,0.18%
10/16/2023,0.9502,0.948,0.9526,0.9474,,0.24%
10/13/2023,0.9479,0.9566,0.9576,0.9455,,-0.85%
10/12/2023,0.956,0.9578,0.9583,0.9542,,-0.15%
10/11/2023,0.9574,0.9592,0.9606,0.9557,,-0.15%
10/10/2023,0.9588,0.9581,0.9617,0.9558,,0.11%
10/09/2023,0.9577,0.964,0.964,0.9556,,-0.57%
10/06/2023,0.9632,0.9625,0.964,0.959,,0.11%
10/05/2023,0.9621,0.9634,0.9651,0.9609,,-0.10%
10/04/2023,0.9631,0.964,0.9657,0.9618,,-0.05%
10/03/2023,0.9636,0.9623,0.9679,0.9613,,0.19%
10/02/2023,0.9618,0.9671,0.9687,0.9614,,-0.54%
09/29/2023,0.967,0.9668,0.9697,0.9644,,0.11%
09/28/2023,0.9659,0.9676,0.969,0.9657,,-0.13%
09/27/2023,0.9672,0.9682,0.9697,0.9656,,-0.06%
09/26/2023,0.9678,0.9661,0.9686,0.9655,,0.22%
09/25/2023,0.9657,0.9665,0.9689,0.9649,,-0.03%
09/22/2023,0.966,0.9642,0.9669,0.962,,0.23%
09/21/2023,0.9638,0.9579,0.968,0.9562,,0.65%
09/20/2023,0.9576,0.9591,0.9608,0.9568,,-0.07%
09/19/2023,0.9583,0.9593,0.9601,0.9569,,-0.05%
09/18/2023,0.9588,0.9571,0.9596,0.9547,,0.27%
09/15/2023,0.9562,0.9529,0.9576,0.9524,,0.35%
09/14/2023,0.9529,0.9589,0.9607,0.9529,,-0.60%
09/13/2023,0.9587,0.9585,0.96,0.9566,,0.05%
09/12/2023,0.9582,0.9577,0.9594,0.9543,,0.09%
09/11/2023,0.9573,0.9544,0.9589,0.9542,,0.18%
09/08/2023,0.9556,0.9551,0.957,0.9533,,0.05%
09/07/2023,0.9551,0.9558,0.9568,0.9545,,-0.06%
09/06/2023,0.9557,0.9541,0.9582,0.9532,,0.22%
09/05/2023,0.9536,0.9547,0.9556,0.9519,,-0.04%
09/04/2023,0.954,0.9548,0.9559,0.9534,,-0.01%
09/01/2023,0.9541,0.9575,0.9586,0.9539,,-0.34%
08/31/2023,0.9574,0.9594,0.9609,0.9566,,-0.17%
08/30/2023,0.959,0.9556,0.9601,0.9547,,0.40%
08/29/2023,0.9552,0.956,0.9578,0.9539,,-0.06%
08/28/2023,0.9558,0.9556,0.9567,0.9539,,0.05%
08/25/2023,0.9553,0.9562,0.9573,0.9543,,-0.05%
08/24/2023,0.9558,0.9538,0.9571,0.9519,,0.28%
08/23/2023,0.9531,0.955,0.9559,0.9512,,-0.14%
08/22/2023,0.9544,0.957,0.9593,0.9536,,-0.23%
08/21/2023,0.9566,0.9592,0.9605,0.9567,,-0.14%
08/18/2023,0.9579,0.9551,0.9601,0.9542,,0.34%
08/17/2023,0.9547,0.9571,0.9584,0.9546,,-0.25%
08/16/2023,0.9571,0.958,0.9613,0.9565,,-0.03%
08/15/2023,0.9574,0.958,0.9599,0.9565,,0.00%
08/14/2023,0.9574,0.9592,0.9616,0.9573,,-0.22%
08/11/2023,0.9595,0.9627,0.9651,0.9591,,-0.30%
08/10/2023,0.9624,0.9627,0.9641,0.9611,,0.00%
08/09/2023,0.9624,0.9599,0.9635,0.9583,,0.29%
08/08/2023,0.9596,0.9598,0.9615,0.9583,,-0.02%
08/07/2023,0.9598,0.9618,0.9631,0.9599,,-0.10%
08/04/2023,0.9608,0.957,0.9626,0.9567,,0.44%
08/03/2023,0.9566,0.9601,0.9617,0.9558,,-0.31%
08/02/2023,0.9596,0.9613,0.9653,0.9584,,-0.16%
08/01/2023,0.9611,0.9587,0.9626,0.9576,,0.27%
07/31/2023,0.9585,0.959,0.9626,0.9553,,0.04%
07/28/2023,0.9581,0.954,0.9597,0.9522,,0.51%
07/27/2023,0.9532,0.9539,0.9559,0.9519,,-0.06%
07/26/2023,0.9538,0.9549,0.9564,0.9534,,-0.05%
07/25/2023,0.9543,0.9626,0.9634,0.9545,,-0.81%
07/24/2023,0.9621,0.9635,0.9649,0.9586,,-0.06%
07/21/2023,0.9627,0.9652,0.9657,0.9617,,-0.19%
07/20/2023,0.9645,0.9617,0.9663,0.9602,,0.34%
07/19/2023,0.9612,0.9634,0.9652,0.9613,,-0.11%
07/18/2023,0.9623,0.9672,0.9678,0.9624,,-0.47%
07/17/2023,0.9668,0.9684,0.9688,0.9642,,-0.06%
07/14/2023,0.9674,0.9644,0.969,0.9619,,0.38%
07/13/2023,0.9637,0.9655,0.9664,0.9607,,-0.16%
07/12/2023,0.9652,0.9682,0.9697,0.9628,,-0.27%
07/11/2023,0.9678,0.974,0.9751,0.9676,,-0.59%
07/10/2023,0.9735,0.9747,0.9766,0.9736,,-0.06%
07/07/2023,0.9741,0.9747,0.9786,0.9731,,-0.03%
07/06/2023,0.9744,0.9756,0.9769,0.9737,,-0.09%
07/05/2023,0.9753,0.976,0.9793,0.975,,0.00%
07/04/2023,0.9753,0.9782,0.979,0.9751,,-0.28%
07/03/2023,0.978,0.9771,0.9808,0.9755,,0.12%
06/30/2023,0.9768,0.9772,0.9793,0.9754,,-0.02%
06/29/2023,0.977,0.9789,0.9809,0.9762,,-0.15%
06/28/2023,0.9785,0.9796,0.9827,0.9779,,-0.08%
06/27/2023,0.9793,0.9773,0.9825,0.9761,,0.28%
06/26/2023,0.9766,0.9779,0.9791,0.9722,,-0.05%
06/23/2023,0.9771,0.9805,0.9818,0.9749,,-0.33%
06/22/2023,0.9803,0.9812,0.9845,0.979,,-0.06%
06/21/2023,0.9809,0.9805,0.9824,0.979,,0.08%
06/20/2023,0.9801,0.9785,0.9817,0.9779,,0.21%
06/19/2023,0.978,0.9782,0.9803,0.9764,,0.06%
06/16/2023,0.9774,0.9761,0.9788,0.9745,,0.15%
06/15/2023,0.9759,0.9759,0.9794,0.9748,,0.00%
06/14/2023,0.9759,0.9769,0.9777,0.9729,,-0.07%
06/13/2023,0.9766,0.9777,0.9798,0.9753,,-0.12%
06/12/2023,0.9778,0.9719,0.979,0.9703,,0.67%
06/09/2023,0.9713,0.9692,0.9722,0.9683,,0.28%
06/08/2023,0.9686,0.9741,0.9764,0.9688,,-0.52%
06/07/2023,0.9737,0.9706,0.9744,0.9689,,0.34%
06/06/2023,0.9704,0.9711,0.9717,0.9687,,-0.02%
06/05/2023,0.9706,0.973,0.9756,0.9695,,-0.26%
06/02/2023,0.9731,0.9746,0.9766,0.9726,,-0.11%
06/01/2023,0.9742,0.9735,0.9764,0.9711,,0.11%
05/31/2023,0.9731,0.9724,0.9768,0.9707,,0.09%
05/30/2023,0.9722,0.9681,0.9727,0.967,,0.45%
05/29/2023,0.9678,0.9712,0.9722,0.9674,,-0.31%
05/26/2023,0.9708,0.9711,0.972,0.9686,,0.02%
05/25/2023,0.9706,0.9728,0.9738,0.97,,-0.22%
05/24/2023,0.9727,0.9707,0.9754,0.9702,,0.25%
05/23/2023,0.9703,0.9708,0.9723,0.9696,,-0.02%
05/22/2023,0.9705,0.9728,0.9734,0.9676,,-0.12%
05/19/2023,0.9717,0.9754,0.9755,0.9709,,-0.34%
05/18/2023,0.975,0.9744,0.9762,0.9724,,0.09%
05/17/2023,0.9741,0.9738,0.9763,0.9726,,0.06%
05/16/2023,0.9735,0.974,0.9746,0.9717,,-0.02%
05/15/2023,0.9737,0.9751,0.9762,0.9724,,-0.05%
05/12/2023,0.9742,0.9759,0.9772,0.9722,,-0.15%
05/11/2023,0.9757,0.9767,0.9784,0.9745,,-0.11%
05/10/2023,0.9768,0.9761,0.9779,0.9742,,0.10%
05/09/2023,0.9758,0.9789,0.9803,0.9757,,-0.28%
05/08/2023,0.9785,0.9833,0.9833,0.9784,,-0.30%
05/05/2023,0.9814,0.9754,0.9882,0.9749,,0.65%
05/04/2023,0.9751,0.9772,0.9816,0.9744,,-0.23%
05/03/2023,0.9773,0.9825,0.9833,0.9775,,-0.51%
05/02/2023,0.9823,0.983,0.9869,0.9814,,-0.07%
05/01/2023,0.983,0.9868,0.9871,0.9816,,-0.23%
04/28/2023,0.9853,0.9863,0.9868,0.9814,,-0.06%
04/27/2023,0.9859,0.9842,0.9884,0.9832,,0.21%
04/26/2023,0.9838,0.9786,0.9848,0.9775,,0.55%
04/25/2023,0.9784,0.9803,0.9819,0.9775,,-0.13%
04/24/2023,0.9797,0.9809,0.9819,0.9777,,-0.10%
04/21/2023,0.9807,0.9787,0.9812,0.9778,,0.24%
04/20/2023,0.9784,0.9832,0.9843,0.9785,,-0.47%
04/19/2023,0.983,0.9833,0.9851,0.9824,,-0.02%
04/18/2023,0.9832,0.9817,0.9849,0.9811,,0.15%
04/17/2023,0.9817,0.9841,0.9846,0.98,,-0.14%
04/14/2023,0.9831,0.9826,0.9848,0.981,,0.11%
04/13/2023,0.982,0.9849,0.9863,0.9799,,-0.25%
04/12/2023,0.9845,0.9857,0.9892,0.983,,-0.10%
04/11/2023,0.9855,0.9879,0.9894,0.9848,,-0.20%
04/10/2023,0.9875,0.9862,0.9892,0.9855,,0.12%
04/07/2023,0.9863,0.9883,0.9893,0.9859,,-0.11%
04/06/2023,0.9874,0.9893,0.9896,0.985,,-0.16%
04/05/2023,0.989,0.9923,0.9936,0.9866,,-0.28%
04/04/2023,0.9918,0.9943,0.9974,0.9912,,-0.22%
04/03/2023,0.994,0.9925,0.9966,0.9902,,0.24%
03/31/2023,0.9916,0.9959,0.9995,0.9904,,-0.38%
03/30/2023,0.9954,0.9963,0.9983,0.9932,,-0.04%
03/29/2023,0.9958,0.9972,0.999,0.9946,,-0.20%
03/28/2023,0.9978,0.9888,0.9989,0.988,,0.93%
03/27/2023,0.9886,0.9907,0.9912,0.9857,,-0.11%
03/24/2023,0.9897,0.9925,0.9944,0.9847,,-0.28%
03/23/2023,0.9925,0.9963,1.0002,0.9918,,-0.32%
03/22/2023,0.9957,0.9931,0.9988,0.9925,,0.28%
03/21/2023,0.9929,0.9962,0.9981,0.9924,,-0.27%
03/20/2023,0.9956,0.9905,0.9969,0.9857,,0.82%
03/17/2023,0.9875,0.9858,0.9915,0.9837,,0.22%
03/16/2023,0.9853,0.9872,0.9885,0.9797,,-0.13%
03/15/2023,0.9866,0.9812,0.9881,0.9704,,0.58%
03/14/2023,0.9809,0.9785,0.9826,0.9746,,0.29%
03/13/2023,0.9781,0.981,0.984,0.9711,,-0.23%
03/10/2023,0.9804,0.9868,0.9884,0.9791,,-0.62%
03/09/2023,0.9865,0.9933,0.9936,0.9864,,-0.63%
03/08/2023,0.9928,0.9934,0.9947,0.9908,,-0.01%
03/07/2023,0.9929,0.9941,0.9969,0.9924,,-0.09%
03/06/2023,0.9938,0.996,0.9972,0.9922,,-0.11%
03/03/2023,0.9949,0.9988,0.9992,0.9945,,-0.35%
03/02/2023,0.9984,1.0023,1.0046,0.9973,,-0.37%
03/01/2023,1.0021,0.9967,1.0031,0.9956,,0.57%
02/28/2023,0.9964,0.9928,0.9969,0.9913,,0.37%
02/27/2023,0.9927,0.992,0.9952,0.9911,,0.05%
02/24/2023,0.9922,0.9899,0.993,0.9885,,0.28%
02/23/2023,0.9894,0.9877,0.9911,0.9869,,0.22%
02/22/2023,0.9872,0.9877,0.9898,0.9857,,-0.04%
02/21/2023,0.9876,0.9868,0.9905,0.9846,,0.12%
02/20/2023,0.9864,0.9883,0.9906,0.9854,,-0.23%
02/17/2023,0.9887,0.9878,0.9929,0.9873,,0.17%
02/16/2023,0.987,0.988,0.9891,0.9863,,-0.02%
02/15/2023,0.9872,0.9893,0.9915,0.9861,,-0.16%
02/14/2023,0.9888,0.9858,0.99,0.9839,,0.33%
02/13/2023,0.9855,0.9866,0.9884,0.9844,,-0.07%
02/10/2023,0.9862,0.9904,0.9913,0.9859,,-0.39%
02/09/2023,0.9901,0.9865,0.991,0.9859,,0.41%
02/08/2023,0.9861,0.9889,0.9899,0.9861,,-0.27%
02/07/2023,0.9888,0.9958,0.9963,0.987,,-0.72%
02/06/2023,0.996,0.9991,1.0017,0.9939,,-0.32%
02/03/2023,0.9992,0.9967,1.0038,0.9952,,0.32%
02/02/2023,0.996,0.9983,1.0008,0.9932,,-0.20%
02/01/2023,0.998,0.9955,1.0017,0.9946,,0.29%
01/31/2023,0.9951,1.0038,1.0056,0.9943,,-0.78%
01/30/2023,1.0029,1.0014,1.0065,0.9998,,0.24%
01/27/2023,1.0005,1.0025,1.0042,0.9994,,-0.15%
01/26/2023,1.002,1.0022,1.0031,0.9987,,0.03%
01/25/2023,1.0017,1.0039,1.0072,1.001,,-0.13%
01/24/2023,1.003,1.0022,1.0072,0.9992,,0.13%
01/23/2023,1.0017,0.9993,1.0037,0.9984,,0.27%
01/20/2023,0.999,0.9918,1.0006,0.9916,,0.71%
01/19/2023,0.992,0.9893,0.9935,0.9873,,0.35%
01/18/2023,0.9885,0.9946,0.997,0.9874,,-0.60%
01/17/2023,0.9945,1.0023,1.0031,0.9933,,-0.76%
01/16/2023,1.0021,1.0043,1.0054,0.9999,,-0.11%
01/13/2023,1.0032,1.0066,1.0101,1.0018,,-0.32%
01/12/2023,1.0064,1.0017,1.0084,1.0009,,0.52%
01/11/2023,1.0012,0.9904,1.0028,0.9896,,1.13%
01/10/2023,0.99,0.9883,0.9917,0.9873,,0.16%
01/09/2023,0.9884,0.9866,0.9896,0.9851,,0.14%
01/06/2023,0.987,0.9848,0.99,0.9846,,0.22%
01/05/2023,0.9848,0.9854,0.9878,0.983,,-0.03%
01/04/2023,0.9851,0.9878,0.9883,0.9831,,-0.23%
01/03/2023,0.9874,0.9867,0.9909,0.9838,,0.12%
01/02/2023,0.9862,0.9896,0.9901,0.9852,,-0.31%
12/30/2022,0.9893,0.9844,0.9904,0.9828,,0.54%
12/29/2022,0.984,0.9856,0.9868,0.9823,,-0.14%
12/28/2022,0.9854,0.9885,0.9908,0.9841,,-0.27%
12/27/2022,0.9881,0.9915,0.9928,0.9873,,-0.29%
12/26/2022,0.991,0.9916,0.9929,0.9891,,0.04%
12/23/2022,0.9906,0.9866,0.9927,0.986,,0.45%
12/22/2022,0.9862,0.9831,0.9873,0.9815,,0.38%
12/21/2022,0.9825,0.9837,0.9862,0.9819,,-0.10%
12/20/2022,0.9835,0.9849,0.9871,0.9825,,-0.11%
12/19/2022,0.9846,0.9882,0.9916,0.9849,,-0.32%
12/16/2022,0.9878,0.9866,0.991,0.9853,,0.16%
12/15/2022,0.9862,0.9877,0.992,0.9837,,-0.12%
12/14/2022,0.9874,0.9878,0.9892,0.983,,0.01%
12/13/2022,0.9873,0.9866,0.9932,0.9832,,0.12%
12/12/2022,0.9861,0.9838,0.9877,0.9832,,0.23%
12/09/2022,0.9838,0.9889,0.9894,0.9818,,-0.48%
12/08/2022,0.9885,0.9885,0.9904,0.9862,,0.04%
12/07/2022,0.9881,0.986,0.9901,0.9836,,0.23%
12/06/2022,0.9858,0.9886,0.9912,0.9854,,-0.28%
12/05/2022,0.9886,0.9853,0.9915,0.985,,0.15%
12/02/2022,0.9871,0.9862,0.9888,0.9787,,0.12%
12/01/2022,0.9859,0.9844,0.9891,0.9817,,0.19%
11/30/2022,0.984,0.9853,0.9877,0.9787,,-0.10%
11/29/2022,0.985,0.9814,0.9875,0.9811,,0.40%
11/28/2022,0.9811,0.9816,0.9894,0.979,,-0.15%
11/25/2022,0.9826,0.9819,0.9862,0.9814,,0.10%
11/24/2022,0.9816,0.9803,0.9838,0.9794,,0.19%
11/23/2022,0.9797,0.9809,0.9839,0.9764,,-0.08%
11/22/2022,0.9805,0.9825,0.9836,0.9761,,-0.16%
11/21/2022,0.9821,0.986,0.9861,0.9798,,-0.34%
11/18/2022,0.9855,0.9861,0.9894,0.9843,,-0.03%
11/17/2022,0.9858,0.9818,0.9876,0.9804,,0.46%
11/16/2022,0.9813,0.977,0.9826,0.9756,,0.45%
11/15/2022,0.9769,0.9738,0.9845,0.9722,,0.35%
11/14/2022,0.9735,0.9765,0.9781,0.9713,,-0.13%
11/11/2022,0.9748,0.9839,0.9878,0.9731,,-0.89%
11/10/2022,0.9836,0.9855,0.9928,0.9817,,-0.16%
11/09/2022,0.9852,0.9932,0.994,0.985,,-0.77%
11/08/2022,0.9928,0.9905,0.994,0.988,,0.29%
11/07/2022,0.9899,0.9852,0.9923,0.9852,,0.01%
11/04/2022,0.9898,0.9879,0.9909,0.9827,,0.20%
11/03/2022,0.9878,0.9849,0.9898,0.9829,,0.35%
11/02/2022,0.9844,0.9874,0.9915,0.9844,,-0.27%
11/01/2022,0.9871,0.9895,0.9927,0.985,,-0.23%
10/31/2022,0.9894,0.991,0.9945,0.9878,,-0.30%
10/28/2022,0.9924,0.9874,0.9949,0.9865,,0.57%
10/27/2022,0.9868,0.9945,0.996,0.9869,,-0.73%
10/26/2022,0.9941,0.9916,0.9952,0.9894,,0.29%
10/25/2022,0.9912,0.9878,0.9929,0.9871,,0.36%
10/24/2022,0.9876,0.9845,0.9896,0.9818,,0.41%
10/21/2022,0.9836,0.982,0.9887,0.9814,,0.20%
10/20/2022,0.9816,0.9816,0.9855,0.981,,0.05%
10/19/2022,0.9811,0.9798,0.9835,0.9789,,0.14%
10/18/2022,0.9797,0.9804,0.9823,0.9776,,-0.05%
10/17/2022,0.9802,0.9778,0.9813,0.9741,,0.34%
10/14/2022,0.9769,0.9782,0.9796,0.9738,,-0.11%
10/13/2022,0.978,0.9679,0.9799,0.9674,,1.05%
10/12/2022,0.9678,0.9679,0.9695,0.9641,,0.06%
10/11/2022,0.9672,0.9701,0.9719,0.9665,,-0.26%
10/10/2022,0.9697,0.9682,0.9734,0.966,,0.12%
10/07/2022,0.9685,0.9701,0.9724,0.9674,,-0.12%
10/06/2022,0.9697,0.9719,0.9744,0.9692,,-0.24%
10/05/2022,0.972,0.9779,0.9801,0.9697,,-0.55%
10/04/2022,0.9774,0.9747,0.9804,0.9733,,0.33%
10/03/2022,0.9742,0.9678,0.9769,0.9642,,0.74%
09/30/2022,0.967,0.9578,0.9684,0.9536,,0.99%
09/29/2022,0.9575,0.9501,0.9595,0.9467,,0.78%
09/28/2022,0.9501,0.9513,0.9527,0.9432,,-0.08%
09/27/2022,0.9509,0.9547,0.9565,0.9481,,-0.35%
09/26/2022,0.9542,0.9512,0.9579,0.942,,0.28%
09/23/2022,0.9515,0.9611,0.9625,0.9497,,-0.92%
09/22/2022,0.9603,0.9507,0.972,0.946,,1.07%
09/21/2022,0.9501,0.9615,0.9625,0.9504,,-1.14%
09/20/2022,0.9611,0.9669,0.9686,0.9601,,-0.54%
09/19/2022,0.9663,0.966,0.9675,0.9632,,0.03%
09/16/2022,0.966,0.9619,0.9669,0.9577,,0.46%
09/15/2022,0.9616,0.9608,0.9622,0.953,,0.16%
09/14/2022,0.9601,0.9589,0.9631,0.9578,,0.20%
09/13/2022,0.9582,0.9653,0.9685,0.9582,,-0.67%
09/12/2022,0.9647,0.9678,0.9748,0.9634,,0.11%
09/09/2022,0.9636,0.9709,0.9732,0.9631,,-0.70%
09/08/2022,0.9704,0.9768,0.9785,0.9659,,-0.65%
09/07/2022,0.9767,0.9749,0.9784,0.9728,,0.19%
09/06/2022,0.9748,0.9728,0.9791,0.9713,,0.25%
09/05/2022,0.9724,0.9757,0.9767,0.9709,,-0.33%
09/02/2022,0.9756,0.9769,0.9871,0.9757,,-0.09%
09/01/2022,0.9765,0.983,0.9838,0.9758,,-0.66%
08/31/2022,0.983,0.9755,0.9838,0.9737,,0.81%
08/30/2022,0.9751,0.9679,0.9776,0.9664,,0.78%
08/29/2022,0.9676,0.9649,0.9701,0.961,,0.53%
08/26/2022,0.9625,0.9615,0.9679,0.96,,0.15%
08/25/2022,0.9611,0.9634,0.9659,0.96,,-0.20%
08/24/2022,0.963,0.9612,0.9653,0.9557,,0.25%
08/23/2022,0.9606,0.9592,0.9649,0.9551,,0.20%
08/22/2022,0.9587,0.9615,0.9634,0.9569,,-0.36%
08/19/2022,0.9622,0.9657,0.9673,0.9611,,-0.31%
08/18/2022,0.9652,0.9691,0.9703,0.9643,,-0.36%
08/17/2022,0.9687,0.9657,0.9704,0.9649,,0.34%
08/16/2022,0.9654,0.9617,0.9682,0.9603,,0.42%
08/15/2022,0.9614,0.9659,0.967,0.9612,,-0.43%
08/12/2022,0.9656,0.9706,0.9725,0.9652,,-0.50%
08/11/2022,0.9705,0.9707,0.9734,0.9694,,0.02%
08/10/2022,0.9703,0.9742,0.9765,0.9704,,-0.34%
08/09/2022,0.9736,0.9741,0.9769,0.9725,,0.00%
08/08/2022,0.9736,0.9785,0.9799,0.9716,,-0.50%
08/05/2022,0.9785,0.9787,0.9805,0.9752,,0.00%
08/04/2022,0.9785,0.9766,0.98,0.9759,,0.24%
08/03/2022,0.9762,0.9735,0.9786,0.9722,,0.32%
08/02/2022,0.9731,0.9744,0.9767,0.9717,,-0.12%
08/01/2022,0.9743,0.9724,0.9763,0.9712,,0.23%
07/29/2022,0.9721,0.9739,0.9756,0.9696,,-0.12%
07/28/2022,0.9733,0.9796,0.9808,0.9706,,-0.59%
07/27/2022,0.9791,0.9741,0.9801,0.9737,,0.56%
07/26/2022,0.9736,0.9858,0.987,0.9737,,-1.22%
07/25/2022,0.9856,0.9819,0.9886,0.9809,,0.42%
07/22/2022,0.9815,0.9891,0.9893,0.9809,,-0.71%
07/21/2022,0.9885,0.9887,0.9968,0.9863,,0.00%
07/20/2022,0.9885,0.9906,0.9948,0.9875,,-0.17%
07/19/2022,0.9902,0.9919,0.9949,0.9895,,-0.10%
07/18/2022,0.9912,0.9846,0.9936,0.9837,,0.67%
07/15/2022,0.9846,0.9858,0.989,0.9826,,-0.08%
07/14/2022,0.9854,0.9849,0.9889,0.9823,,0.08%
07/13/2022,0.9846,0.9855,0.9888,0.9799,,-0.06%
07/12/2022,0.9852,0.987,0.9902,0.9835,,-0.15%
07/11/2022,0.9867,0.9934,0.9956,0.9854,,-0.74%
07/08/2022,0.9941,0.9895,0.9957,0.9865,,0.50%
07/07/2022,0.9892,0.9885,0.9935,0.9872,,0.12%
07/06/2022,0.988,0.9945,0.9952,0.9873,,-0.61%
07/05/2022,0.9941,1.0019,1.0034,0.9922,,-0.73%
07/04/2022,1.0014,1.0002,1.0051,0.9977,,0.10%
07/01/2022,1.0004,1.001,1.0045,0.9975,,-0.05%
06/30/2022,1.0009,0.9974,1.0017,0.9943,,0.38%
06/29/2022,0.9971,1.0069,1.0079,0.9963,,-0.95%
06/28/2022,1.0067,1.0119,1.0136,1.0056,,-0.47%
06/27/2022,1.0115,1.0112,1.016,1.0101,,0.06%
06/24/2022,1.0109,1.012,1.0142,1.0048,,-0.06%
06/23/2022,1.0115,1.0162,1.017,1.0067,,-0.41%
06/22/2022,1.0157,1.0172,1.0192,1.0129,,-0.09%
06/21/2022,1.0166,1.0169,1.0222,1.0164,,0.01%
06/20/2022,1.0165,1.0157,1.0197,1.0133,,-0.20%
06/17/2022,1.0185,1.0199,1.0225,1.0097,,-0.11%
06/16/2022,1.0196,1.0385,1.042,1.0128,,-1.77%
06/15/2022,1.038,1.0434,1.0482,1.038,,-0.47%
06/14/2022,1.0429,1.0388,1.0456,1.0339,,0.46%
06/13/2022,1.0381,1.0382,1.0413,1.0361,,0.02%
06/10/2022,1.0379,1.0411,1.0419,1.0371,,-0.26%
06/09/2022,1.0406,1.0484,1.0518,1.0372,,-0.69%
06/08/2022,1.0478,1.0413,1.0498,1.0404,,0.65%
06/07/2022,1.041,1.0381,1.044,1.0371,,0.32%
06/06/2022,1.0377,1.0319,1.0394,1.0306,,0.59%
06/03/2022,1.0316,1.0298,1.0331,1.028,,0.19%
06/02/2022,1.0296,1.026,1.0304,1.0218,,0.37%
06/01/2022,1.0258,1.0298,1.0321,1.0243,,-0.36%
05/31/2022,1.0295,1.0321,1.0339,1.0255,,-0.21%
05/30/2022,1.0317,1.0276,1.0339,1.0267,,0.50%
05/27/2022,1.0266,1.0291,1.0322,1.0232,,-0.21%
05/26/2022,1.0288,1.0276,1.0314,1.0246,,0.19%
05/25/2022,1.0269,1.0312,1.0317,1.0236,,-0.37%
05/24/2022,1.0307,1.0326,1.0352,1.0284,,-0.15%
05/23/2022,1.0322,1.031,1.034,1.0261,,0.25%
05/20/2022,1.0296,1.0303,1.0316,1.0253,,-0.05%
05/19/2022,1.0301,1.0343,1.0363,1.0228,,-0.35%
05/18/2022,1.0337,1.0485,1.0499,1.033,,-1.34%
05/17/2022,1.0477,1.0455,1.049,1.0429,,0.26%
05/16/2022,1.045,1.0425,1.0493,1.0413,,0.20%
05/13/2022,1.0429,1.0411,1.044,1.0378,,0.19%
05/12/2022,1.0409,1.0454,1.048,1.036,,-0.40%
05/11/2022,1.0451,1.049,1.0497,1.0411,,-0.32%
05/10/2022,1.0485,1.0493,1.0519,1.0455,,-0.02%
05/09/2022,1.0487,1.0434,1.05,1.0412,,0.53%
05/06/2022,1.0432,1.0383,1.0457,1.033,,0.50%
05/05/2022,1.038,1.0328,1.0397,1.0316,,0.54%
05/04/2022,1.0324,1.0294,1.0389,1.0282,,0.26%
05/03/2022,1.0297,1.0275,1.0318,1.0253,,0.26%
05/02/2022,1.027,1.0271,1.0294,1.0226,,0.09%
04/29/2022,1.0261,1.0204,1.0272,1.0189,,0.55%
04/28/2022,1.0205,1.0231,1.0245,1.0187,,-0.22%
04/27/2022,1.0227,1.0239,1.0261,1.0196,,-0.07%
04/26/2022,1.0234,1.0281,1.0294,1.021,,-0.42%
04/25/2022,1.0277,1.0379,1.038,1.0243,,-0.52%
04/22/2022,1.0331,1.033,1.0355,1.0305,,0.06%
04/21/2022,1.0325,1.0294,1.0374,1.0285,,0.35%
04/20/2022,1.0289,1.0268,1.0303,1.0245,,0.24%
04/19/2022,1.0264,1.0189,1.0279,1.0176,,0.79%
04/18/2022,1.0184,1.0206,1.0209,1.0172,,-0.01%
04/15/2022,1.0185,1.0202,1.0217,1.017,,-0.17%
04/14/2022,1.0202,1.0176,1.0217,1.0137,,0.29%
04/13/2022,1.0172,1.0105,1.0185,1.0086,,0.69%
04/12/2022,1.0102,1.013,1.0159,1.0087,,-0.29%
04/11/2022,1.0131,1.0222,1.0238,1.012,,-0.33%
04/08/2022,1.0165,1.0163,1.0182,1.0137,,0.05%
04/07/2022,1.016,1.0168,1.02,1.0145,,-0.05%
04/06/2022,1.0165,1.0137,1.0207,1.0128,,0.27%
04/05/2022,1.0138,1.0164,1.0174,1.013,,-0.22%
04/04/2022,1.016,1.0218,1.0242,1.0154,,-0.66%
04/01/2022,1.0228,1.0211,1.0246,1.0198,,0.19%
03/31/2022,1.0209,1.0302,1.0328,1.0206,,-0.88%
03/30/2022,1.03,1.0328,1.0336,1.0288,,-0.22%
03/29/2022,1.0323,1.0257,1.0387,1.0249,,0.70%
03/28/2022,1.0251,1.0225,1.0303,1.0213,,0.34%
03/25/2022,1.0216,1.023,1.0242,1.0193,,-0.09%
03/24/2022,1.0225,1.024,1.0272,1.0214,,-0.14%
03/23/2022,1.0239,1.0287,1.0319,1.0237,,-0.44%
03/22/2022,1.0284,1.0288,1.0303,1.0263,,0.02%
03/21/2022,1.0282,1.0305,1.0326,1.0262,,-0.11%
03/18/2022,1.0293,1.0392,1.0404,1.0291,,-0.91%
03/17/2022,1.0388,1.0378,1.0406,1.0359,,0.15%
03/16/2022,1.0372,1.0312,1.0388,1.0302,,0.65%
03/15/2022,1.0305,1.0269,1.034,1.0256,,0.38%
03/14/2022,1.0266,1.023,1.0291,1.019,,0.69%
03/11/2022,1.0196,1.0217,1.0282,1.0185,,-0.18%
03/10/2022,1.0214,1.026,1.0304,1.0204,,-0.43%
03/09/2022,1.0258,1.0131,1.0274,1.0121,,1.31%
03/08/2022,1.0125,1.0044,1.018,1.0044,,0.83%
03/07/2022,1.0042,1.0041,1.01,0.997,,0.28%
03/04/2022,1.0014,1.0153,1.016,1.0015,,-1.31%
03/03/2022,1.0147,1.0236,1.0245,1.0147,,-0.88%
03/02/2022,1.0237,1.022,1.0267,1.0158,,0.19%
03/01/2022,1.0218,1.0286,1.0301,1.0198,,-0.63%
02/28/2022,1.0283,1.0343,1.0383,1.0275,,-1.33%
02/25/2022,1.0422,1.0365,1.045,1.0331,,0.58%
02/24/2022,1.0362,1.0389,1.0389,1.0276,,-0.20%
02/23/2022,1.0383,1.0437,1.0462,1.0374,,-0.50%
02/22/2022,1.0435,1.036,1.0464,1.0337,,0.77%
02/21/2022,1.0355,1.0425,1.0469,1.0354,,-0.74%
02/18/2022,1.0432,1.0457,1.0484,1.0423,,-0.19%
02/17/2022,1.0452,1.0497,1.0498,1.0446,,-0.39%
02/16/2022,1.0493,1.0515,1.0551,1.0482,,-0.15%
02/15/2022,1.0509,1.0455,1.0533,1.0444,,0.56%
02/14/2022,1.045,1.0502,1.0517,1.0436,,-0.52%
02/11/2022,1.0505,1.0574,1.0584,1.048,,-0.63%
02/10/2022,1.0572,1.0566,1.0614,1.0549,,0.14%
02/09/2022,1.0557,1.0559,1.057,1.0541,,0.02%
02/08/2022,1.0555,1.0577,1.0577,1.0527,,-0.16%
02/07/2022,1.0572,1.0597,1.062,1.0549,,-0.19%
02/04/2022,1.0592,1.052,1.0606,1.0516,,0.68%
02/03/2022,1.052,1.0385,1.0545,1.0381,,1.35%
02/02/2022,1.038,1.0385,1.0409,1.0376,,-0.03%
02/01/2022,1.0383,1.0417,1.0421,1.0361,,-0.28%
01/31/2022,1.0412,1.0374,1.0444,1.036,,0.40%
01/28/2022,1.0371,1.0372,1.0394,1.0358,,0.02%
01/27/2022,1.0369,1.0387,1.0401,1.0367,,-0.13%
01/26/2022,1.0382,1.0378,1.0404,1.0364,,0.08%
01/25/2022,1.0374,1.0349,1.0389,1.0341,,0.28%
01/24/2022,1.0345,1.0356,1.0362,1.0298,,0.12%
01/21/2022,1.0333,1.0368,1.0383,1.0333,,-0.30%
01/20/2022,1.0364,1.0386,1.0398,1.0368,,-0.18%
01/19/2022,1.0383,1.0392,1.0406,1.0373,,-0.05%
01/18/2022,1.0388,1.0429,1.0442,1.0379,,-0.35%
01/17/2022,1.0424,1.0429,1.0454,1.0415,,-0.07%
01/14/2022,1.0431,1.044,1.0451,1.0417,,-0.03%
01/13/2022,1.0434,1.0462,1.049,1.0423,,-0.24%
01/12/2022,1.0459,1.0497,1.0509,1.0436,,-0.32%
01/11/2022,1.0493,1.0503,1.0514,1.0487,,-0.05%
01/10/2022,1.0498,1.0448,1.0509,1.0424,,0.58%
01/07/2022,1.0437,1.0403,1.0454,1.0401,,0.36%
01/06/2022,1.04,1.0375,1.0415,1.037,,0.27%
01/05/2022,1.0372,1.0342,1.0394,1.0329,,0.37%
01/04/2022,1.0334,1.0386,1.0387,1.0332,,-0.44%
01/03/2022,1.038,1.0364,1.0393,1.0343,,0.10%
12/31/2021,1.037,1.0341,1.0382,1.0325,,0.30%
12/30/2021,1.0339,1.0381,1.0387,1.0343,,-0.38%
12/29/2021,1.0378,1.0378,1.0386,1.0361,,0.03%
12/28/2021,1.0375,1.0392,1.0402,1.0367,,-0.14%
12/27/2021,1.039,1.0402,1.0415,1.0385,,-0.13%
12/24/2021,1.0404,1.0407,1.0418,1.0385,,0.01%
12/23/2021,1.0403,1.042,1.0435,1.039,,-0.12%
12/22/2021,1.0416,1.042,1.0437,1.0413,,-0.05%
12/21/2021,1.0421,1.0387,1.0429,1.0383,,0.36%
12/20/2021,1.0384,1.0389,1.042,1.0379,,0.03%
12/17/2021,1.0381,1.0415,1.0427,1.0382,,-0.30%
12/16/2021,1.0412,1.0439,1.0469,1.0408,,-0.23%
12/15/2021,1.0436,1.0404,1.0446,1.0394,,0.35%
12/14/2021,1.04,1.0414,1.0425,1.0387,,-0.09%
12/13/2021,1.0409,1.0423,1.0452,1.0401,,-0.07%
12/10/2021,1.0416,1.0428,1.045,1.0408,,-0.09%
12/09/2021,1.0425,1.044,1.0457,1.0419,,-0.12%
12/08/2021,1.0438,1.0426,1.0458,1.0415,,0.15%
12/07/2021,1.0422,1.045,1.0455,1.0401,,-0.22%
12/06/2021,1.0445,1.038,1.0452,1.0363,,0.60%
12/03/2021,1.0383,1.04,1.0415,1.0374,,-0.13%
12/02/2021,1.0397,1.042,1.044,1.0398,,-0.20%
12/01/2021,1.0418,1.0419,1.0441,1.0402,,0.05%
11/30/2021,1.0413,1.0425,1.0446,1.0387,,-0.07%
11/29/2021,1.042,1.046,1.046,1.0413,,-0.34%
11/26/2021,1.0456,1.0493,1.0501,1.0426,,-0.31%
11/25/2021,1.0488,1.0469,1.0497,1.0456,,0.24%
11/24/2021,1.0463,1.0495,1.0507,1.0454,,-0.27%
11/23/2021,1.0491,1.0484,1.0515,1.0462,,0.10%
11/22/2021,1.0481,1.0486,1.0492,1.0446,,0.05%
11/19/2021,1.0476,1.0532,1.0547,1.0446,,-0.49%
11/18/2021,1.0528,1.0509,1.0534,1.0496,,0.21%
11/17/2021,1.0506,1.0526,1.0547,1.0502,,-0.17%
11/16/2021,1.0524,1.0518,1.0554,1.0505,,0.10%
11/15/2021,1.0514,1.0554,1.0556,1.0509,,-0.33%
11/12/2021,1.0549,1.0542,1.0575,1.0534,,0.07%
11/11/2021,1.0542,1.0539,1.0577,1.0532,,0.10%
11/10/2021,1.0531,1.0566,1.0576,1.0535,,-0.28%
11/09/2021,1.0561,1.0581,1.0601,1.0551,,-0.16%
11/08/2021,1.0578,1.056,1.0601,1.0542,,0.27%
11/05/2021,1.0549,1.0545,1.0581,1.0533,,0.08%
11/04/2021,1.0541,1.0587,1.0598,1.0534,,-0.41%
11/03/2021,1.0584,1.059,1.0601,1.0551,,-0.02%
11/02/2021,1.0586,1.0552,1.0606,1.0544,,0.37%
11/01/2021,1.0547,1.0596,1.0607,1.0546,,-0.36%
10/29/2021,1.0585,1.065,1.0659,1.0568,,-0.59%
10/28/2021,1.0648,1.0656,1.0674,1.0639,,-0.04%
10/27/2021,1.0652,1.0675,1.0682,1.0635,,-0.16%
10/26/2021,1.0669,1.0677,1.0706,1.066,,-0.06%
10/25/2021,1.0675,1.0672,1.0695,1.0656,,0.08%
10/22/2021,1.0666,1.0673,1.0686,1.0657,,-0.04%
10/21/2021,1.067,1.0705,1.0721,1.0669,,-0.31%
10/20/2021,1.0703,1.0738,1.0768,1.0703,,-0.29%
10/19/2021,1.0734,1.0728,1.0744,1.0709,,0.10%
10/18/2021,1.0723,1.0718,1.0738,1.0702,,0.21%
10/15/2021,1.07,1.0707,1.0743,1.0701,,-0.05%
10/14/2021,1.0705,1.0716,1.0722,1.0679,,-0.07%
10/13/2021,1.0713,1.073,1.0743,1.0707,,-0.13%
10/12/2021,1.0727,1.072,1.0744,1.0707,,0.12%
10/11/2021,1.0714,1.0728,1.0749,1.0707,,-0.09%
10/08/2021,1.0724,1.073,1.0754,1.0719,,-0.05%
10/07/2021,1.0729,1.0717,1.0738,1.07,,0.13%
10/06/2021,1.0715,1.0766,1.0775,1.0706,,-0.40%
10/05/2021,1.0758,1.075,1.077,1.0732,,0.12%
10/04/2021,1.0745,1.0807,1.0817,1.0732,,-0.44%
10/01/2021,1.0793,1.0791,1.081,1.077,,0.05%
09/30/2021,1.0788,1.0842,1.0849,1.0783,,-0.47%
09/29/2021,1.0839,1.0862,1.0867,1.082,,-0.14%
09/28/2021,1.0854,1.0827,1.0863,1.0823,,0.29%
09/27/2021,1.0823,1.0834,1.0867,1.0821,,-0.08%
09/24/2021,1.0832,1.0848,1.0868,1.082,,-0.11%
09/23/2021,1.0844,1.0825,1.0863,1.082,,0.20%
09/22/2021,1.0822,1.0829,1.085,1.0812,,-0.02%
09/21/2021,1.0824,1.0882,1.089,1.0814,,-0.48%
09/20/2021,1.0876,1.0928,1.0941,1.0873,,-0.50%
09/17/2021,1.0931,1.0911,1.0941,1.0903,,0.18%
09/16/2021,1.0911,1.0869,1.0921,1.0856,,0.42%
09/15/2021,1.0865,1.0866,1.0874,1.0838,,0.05%
09/14/2021,1.086,1.0894,1.0907,1.0852,,-0.26%
09/13/2021,1.0888,1.0842,1.0899,1.0837,,0.43%
09/10/2021,1.0841,1.0846,1.0865,1.0832,,0.00%
09/09/2021,1.0841,1.0896,1.0901,1.0834,,-0.47%
09/08/2021,1.0892,1.089,1.0903,1.0862,,0.06%
09/07/2021,1.0885,1.0861,1.0893,1.0843,,0.26%
09/06/2021,1.0857,1.0857,1.0883,1.085,,0.03%
09/03/2021,1.0854,1.0858,1.0879,1.0839,,0.01%
09/02/2021,1.0853,1.0837,1.0867,1.0831,,0.19%
09/01/2021,1.0832,1.0805,1.0854,1.0804,,0.27%
08/31/2021,1.0803,1.0817,1.0835,1.078,,-0.10%
08/30/2021,1.0814,1.0751,1.0827,1.0744,,0.64%
08/27/2021,1.0745,1.0786,1.0804,1.0741,,-0.34%
08/26/2021,1.0782,1.0758,1.0809,1.0741,,0.27%
08/25/2021,1.0753,1.0724,1.0761,1.072,,0.30%
08/24/2021,1.0721,1.0717,1.0737,1.0699,,0.08%
08/23/2021,1.0712,1.0722,1.076,1.0713,,-0.13%
08/20/2021,1.0726,1.0728,1.0741,1.0698,,0.01%
08/19/2021,1.0725,1.074,1.0752,1.0695,,-0.10%
08/18/2021,1.0736,1.0709,1.076,1.07,,0.27%
08/17/2021,1.0707,1.0742,1.0759,1.0699,,-0.32%
08/16/2021,1.0741,1.0799,1.0814,1.0734,,-0.48%
08/13/2021,1.0793,1.0829,1.0844,1.0791,,-0.32%
08/12/2021,1.0828,1.0824,1.0842,1.0814,,0.08%
08/11/2021,1.0819,1.0815,1.0829,1.0805,,0.07%
08/10/2021,1.0811,1.0807,1.0822,1.0791,,0.06%
08/09/2021,1.0804,1.0758,1.0808,1.0744,,0.47%
08/06/2021,1.0753,1.0737,1.0768,1.0703,,0.16%
08/05/2021,1.0736,1.0735,1.0745,1.0719,,0.05%
08/04/2021,1.0731,1.0723,1.0744,1.0711,,0.13%
08/03/2021,1.0717,1.0747,1.0758,1.072,,-0.25%
08/02/2021,1.0744,1.0744,1.077,1.0739,,-0.03%
07/30/2021,1.0747,1.0774,1.0784,1.0741,,-0.22%
07/29/2021,1.0771,1.078,1.0797,1.0763,,-0.04%
07/28/2021,1.0775,1.0806,1.0821,1.0768,,-0.25%
07/27/2021,1.0802,1.0814,1.0825,1.0795,,-0.05%
07/26/2021,1.0807,1.0827,1.0842,1.0805,,-0.10%
07/23/2021,1.0818,1.0816,1.0848,1.0811,,0.04%
07/22/2021,1.0814,1.0824,1.0844,1.0811,,-0.05%
07/21/2021,1.0819,1.0862,1.0865,1.082,,-0.35%
07/20/2021,1.0857,1.0833,1.0862,1.0818,,0.26%
07/19/2021,1.0829,1.0852,1.0869,1.0824,,-0.20%
07/16/2021,1.0851,1.0843,1.0869,1.0831,,0.11%
07/15/2021,1.0839,1.0831,1.0851,1.0803,,0.10%
07/14/2021,1.0828,1.0818,1.0854,1.081,,0.14%
07/13/2021,1.0813,1.0855,1.0865,1.0816,,-0.34%
07/12/2021,1.085,1.085,1.0872,1.0843,,0.00%
07/09/2021,1.085,1.0845,1.0871,1.083,,0.08%
07/08/2021,1.0841,1.0914,1.0926,1.0824,,-0.61%
07/07/2021,1.0908,1.0928,1.0943,1.0908,,-0.16%
07/06/2021,1.0925,1.0939,1.0949,1.0919,,-0.09%
07/05/2021,1.0935,1.0923,1.0953,1.0922,,0.13%
07/02/2021,1.0921,1.0965,1.0976,1.0921,,-0.36%
07/01/2021,1.0961,1.0971,1.0989,1.0959,,-0.04%
06/30/2021,1.0965,1.0953,1.0986,1.0951,,0.13%
06/29/2021,1.0951,1.0966,1.0977,1.0949,,-0.10%
06/28/2021,1.0962,1.0955,1.0974,1.0942,,0.12%
06/25/2021,1.0949,1.0949,1.0966,1.094,,0.03%
06/24/2021,1.0946,1.096,1.098,1.0947,,-0.08%
06/23/2021,1.0955,1.0959,1.0972,1.0946,,-0.02%
06/22/2021,1.0957,1.0939,1.097,1.0933,,0.22%
06/21/2021,1.0933,1.0949,1.0968,1.0892,,-0.06%
06/18/2021,1.094,1.0926,1.0958,1.0916,,0.17%
06/17/2021,1.0921,1.0901,1.0934,1.0888,,0.22%
06/16/2021,1.0897,1.089,1.0915,1.0865,,0.10%
06/15/2021,1.0886,1.0907,1.0913,1.0885,,-0.16%
06/14/2021,1.0903,1.0876,1.0911,1.0869,,0.30%
06/11/2021,1.087,1.0886,1.0905,1.0868,,-0.12%
06/10/2021,1.0883,1.0911,1.0928,1.0886,,-0.22%
06/09/2021,1.0907,1.0917,1.093,1.0902,,-0.05%
06/08/2021,1.0913,1.0941,1.0951,1.0908,,-0.23%
06/07/2021,1.0938,1.0936,1.0955,1.0928,,-0.01%
06/04/2021,1.0939,1.0959,1.097,1.0932,,-0.13%
06/03/2021,1.0953,1.0962,1.0983,1.0952,,-0.05%
06/02/2021,1.0959,1.0956,1.0986,1.0949,,0.07%
06/01/2021,1.0951,1.0997,1.1005,1.0953,,-0.33%
05/31/2021,1.0987,1.0972,1.1001,1.0961,,0.17%
05/28/2021,1.0968,1.0936,1.0979,1.0929,,0.33%
05/27/2021,1.0932,1.0949,1.0981,1.0932,,-0.12%
05/26/2021,1.0945,1.0971,1.0977,1.0937,,-0.20%
05/25/2021,1.0967,1.0958,1.0988,1.0947,,0.09%
05/24/2021,1.0957,1.0936,1.0968,1.0929,,0.23%
05/21/2021,1.0932,1.0973,1.0982,1.093,,-0.33%
05/20/2021,1.0968,1.1003,1.1023,1.097,,-0.30%
05/19/2021,1.1001,1.0973,1.103,1.0963,,0.29%
05/18/2021,1.0969,1.0979,1.0986,1.0948,,-0.05%
05/17/2021,1.0975,1.0942,1.098,1.094,,0.33%
05/14/2021,1.0939,1.0946,1.0965,1.0932,,-0.02%
05/13/2021,1.0941,1.0976,1.0989,1.0936,,-0.30%
05/12/2021,1.0974,1.0979,1.0988,1.0945,,0.00%
05/11/2021,1.0974,1.0929,1.0991,1.0924,,0.41%
05/10/2021,1.0929,1.0951,1.101,1.0928,,-0.27%
05/07/2021,1.0959,1.0947,1.0986,1.0934,,0.12%
05/06/2021,1.0946,1.0961,1.0976,1.0941,,-0.11%
05/05/2021,1.0958,1.0977,1.0993,1.0951,,-0.15%
05/04/2021,1.0974,1.0991,1.1015,1.0964,,-0.11%
05/03/2021,1.0986,1.0991,1.1021,1.0968,,0.09%
04/30/2021,1.0976,1.1008,1.1033,1.0972,,-0.28%
04/29/2021,1.1007,1.103,1.1046,1.1008,,-0.16%
04/28/2021,1.1025,1.1046,1.1078,1.1019,,-0.15%
04/27/2021,1.1042,1.1045,1.1065,1.1023,,0.01%
04/26/2021,1.1041,1.1061,1.1073,1.104,,-0.09%
04/23/2021,1.1051,1.1014,1.1058,1.1014,,0.35%
04/22/2021,1.1013,1.1038,1.105,1.1012,,-0.19%
04/21/2021,1.1034,1.1026,1.1045,1.1007,,0.13%
04/20/2021,1.102,1.1014,1.1052,1.1007,,0.09%
04/19/2021,1.101,1.1018,1.1038,1.0991,,-0.13%
04/16/2021,1.1024,1.1043,1.105,1.1,,-0.14%
04/15/2021,1.1039,1.1052,1.1067,1.1027,,-0.10%
04/14/2021,1.105,1.1004,1.1063,1.0993,,0.45%
04/13/2021,1.1001,1.0989,1.1017,1.0981,,0.15%
04/12/2021,1.0985,1.0999,1.1025,1.0974,,-0.19%
04/09/2021,1.1006,1.1019,1.1023,1.0991,,-0.08%
04/08/2021,1.1015,1.1031,1.1044,1.1,,-0.15%
04/07/2021,1.1032,1.1057,1.1088,1.102,,-0.19%
04/06/2021,1.1053,1.1065,1.109,1.1043,,-0.06%
04/05/2021,1.106,1.1083,1.1099,1.1048,,-0.19%
04/02/2021,1.1081,1.1097,1.1103,1.1071,,-0.10%
04/01/2021,1.1092,1.1069,1.1121,1.1063,,0.25%
03/31/2021,1.1064,1.1039,1.1093,1.1034,,0.26%
03/30/2021,1.1035,1.105,1.1071,1.1033,,-0.09%
03/29/2021,1.1045,1.1076,1.1083,1.1035,,-0.24%
03/26/2021,1.1072,1.106,1.1097,1.105,,0.13%
03/25/2021,1.1058,1.1054,1.1077,1.1041,,0.07%
03/24/2021,1.105,1.1068,1.1082,1.1047,,-0.14%
03/23/2021,1.1065,1.102,1.1084,1.1012,,0.43%
03/22/2021,1.1018,1.1054,1.1069,1.1005,,-0.38%
03/19/2021,1.106,1.1047,1.1081,1.1036,,0.14%
03/18/2021,1.1044,1.1052,1.1088,1.1028,,-0.05%
03/17/2021,1.1049,1.101,1.1065,1.1002,,0.43%
03/16/2021,1.1002,1.1063,1.1081,1.1003,,-0.52%
03/15/2021,1.106,1.1108,1.1113,1.1057,,-0.47%
03/12/2021,1.1112,1.1077,1.1119,1.1071,,0.33%
03/11/2021,1.1076,1.1088,1.1105,1.1049,,-0.08%
03/10/2021,1.1085,1.104,1.1095,1.1028,,0.45%
03/09/2021,1.1035,1.1097,1.1123,1.1031,,-0.50%
03/08/2021,1.1091,1.1101,1.1108,1.1069,,-0.03%
03/05/2021,1.1094,1.1115,1.1132,1.1052,,-0.14%
03/04/2021,1.111,1.1097,1.1156,1.1074,,0.15%
03/03/2021,1.1093,1.1067,1.1102,1.1048,,0.32%
03/02/2021,1.1058,1.1026,1.1062,1.1,,0.34%
03/01/2021,1.1021,1.0972,1.1034,1.0936,,0.50%
02/26/2021,1.0966,1.1014,1.1027,1.0955,,-0.41%
02/25/2021,1.1011,1.1027,1.11,1.1012,,-0.10%
02/24/2021,1.1022,1.1,1.1059,1.0987,,0.25%
02/23/2021,1.0995,1.0895,1.1002,1.0888,,0.96%
02/22/2021,1.089,1.0863,1.0922,1.0844,,0.29%
02/19/2021,1.0859,1.0833,1.0873,1.0829,,0.30%
02/18/2021,1.0827,1.082,1.084,1.0816,,0.10%
02/17/2021,1.0816,1.0802,1.0828,1.0792,,0.16%
02/16/2021,1.0799,1.0798,1.081,1.0785,,0.04%
02/15/2021,1.0795,1.0807,1.0822,1.0792,,-0.06%
02/12/2021,1.0802,1.0796,1.0814,1.0784,,0.10%
02/11/2021,1.0791,1.0787,1.081,1.0785,,0.07%
02/10/2021,1.0783,1.0814,1.0825,1.0785,,-0.25%
02/09/2021,1.081,1.0829,1.0838,1.0803,,-0.15%
02/08/2021,1.0826,1.0826,1.085,1.0817,,0.03%
02/05/2021,1.0823,1.082,1.0839,1.0806,,0.06%
02/04/2021,1.0817,1.082,1.0828,1.0808,,0.01%
02/03/2021,1.0816,1.0807,1.0823,1.0793,,0.11%
02/02/2021,1.0804,1.0816,1.0837,1.0795,,-0.10%
02/01/2021,1.0815,1.0806,1.0831,1.0795,,0.09%
01/29/2021,1.0805,1.0776,1.0815,1.0757,,0.31%
01/28/2021,1.0772,1.0764,1.0792,1.0748,,0.09%
01/27/2021,1.0762,1.0784,1.0795,1.0746,,-0.16%
01/26/2021,1.0779,1.0784,1.0804,1.0768,,-0.01%
01/25/2021,1.078,1.0774,1.0791,1.0764,,0.09%
01/22/2021,1.077,1.0769,1.0788,1.0761,,0.05%
01/21/2021,1.0765,1.0772,1.0789,1.0754,,-0.02%
01/20/2021,1.0767,1.0778,1.0796,1.0764,,-0.06%
01/19/2021,1.0773,1.0759,1.0784,1.0751,,0.17%
01/18/2021,1.0755,1.0766,1.0776,1.0737,,-0.03%
01/15/2021,1.0758,1.0801,1.0804,1.0745,,-0.34%
01/14/2021,1.0795,1.0793,1.0818,1.0774,,0.04%
01/13/2021,1.0791,1.0822,1.0829,1.078,,-0.23%
01/12/2021,1.0816,1.0819,1.0835,1.0804,,0.02%
01/11/2021,1.0814,1.082,1.0845,1.0809,,-0.04%
01/08/2021,1.0818,1.0865,1.0874,1.0814,,-0.39%
01/07/2021,1.086,1.0829,1.0871,1.0822,,0.32%
01/06/2021,1.0825,1.0804,1.084,1.0795,,0.25%
01/05/2021,1.0798,1.0796,1.0822,1.0787,,0.04%
01/04/2021,1.0794,1.0828,1.0835,1.0785,,0.48%
01/01/2021,1.0742,1.0742,1.0742,1.0742,,-0.63%
12/31/2020,1.081,1.0837,1.0848,1.0795,,-0.20%
12/30/2020,1.0832,1.0829,1.0867,1.0826,,0.02%
12/29/2020,1.083,1.0864,1.0879,1.082,,-0.28%
12/28/2020,1.086,1.0852,1.0896,1.0831,,0.11%
12/25/2020,1.0848,1.0858,1.0871,1.0817,,-0.03%
12/24/2020,1.0851,1.0823,1.0871,1.0819,,0.31%
12/23/2020,1.0818,1.0823,1.0862,1.0808,,0.00%
12/22/2020,1.0818,1.0845,1.0857,1.081,,-0.19%
12/21/2020,1.0839,1.0815,1.085,1.0795,,0.14%
12/18/2020,1.0824,1.0851,1.0862,1.0814,,-0.21%
12/17/2020,1.0847,1.0804,1.0861,1.0788,,0.44%
12/16/2020,1.08,1.0764,1.0808,1.0757,,0.36%
12/15/2020,1.0761,1.0765,1.0789,1.0756,,-0.01%
12/14/2020,1.0762,1.0791,1.08,1.076,,-0.07%
12/11/2020,1.077,1.0749,1.0792,1.0746,,0.19%
12/10/2020,1.075,1.0746,1.0772,1.0734,,0.07%
12/09/2020,1.0742,1.0762,1.0787,1.0739,,-0.15%
12/08/2020,1.0758,1.0785,1.0804,1.0757,,-0.20%
12/07/2020,1.078,1.0822,1.0823,1.0779,,-0.30%
12/04/2020,1.0812,1.0822,1.0852,1.0795,,-0.05%
12/03/2020,1.0817,1.0837,1.0844,1.0814,,-0.16%
12/02/2020,1.0834,1.0862,1.0874,1.081,,-0.23%
12/01/2020,1.0859,1.0845,1.0867,1.083,,0.15%
11/30/2020,1.0843,1.0822,1.0864,1.0801,,0.26%
11/27/2020,1.0815,1.0799,1.083,1.0791,,0.20%
11/26/2020,1.0793,1.0821,1.0836,1.0789,,-0.22%
11/25/2020,1.0817,1.0836,1.0873,1.0816,,-0.15%
11/24/2020,1.0833,1.0807,1.0852,1.0799,,0.27%
11/23/2020,1.0804,1.0802,1.0821,1.079,,0.06%
11/20/2020,1.0797,1.0819,1.0829,1.0791,,-0.17%
11/19/2020,1.0815,1.08,1.0822,1.0787,,0.18%
11/18/2020,1.0796,1.081,1.0829,1.0788,,-0.10%
11/17/2020,1.0807,1.0819,1.0825,1.08,,-0.10%
11/16/2020,1.0818,1.0798,1.0833,1.0785,,0.19%
11/13/2020,1.0798,1.0802,1.0819,1.0787,,0.00%
11/12/2020,1.0798,1.0805,1.0815,1.0778,,-0.05%
11/11/2020,1.0803,1.0812,1.083,1.078,,-0.09%
11/10/2020,1.0813,1.0791,1.0826,1.0779,,0.24%
11/09/2020,1.0787,1.0702,1.0813,1.0677,,0.94%
11/06/2020,1.0687,1.0696,1.0722,1.0669,,-0.01%
11/05/2020,1.0688,1.0705,1.0733,1.0682,,-0.07%
11/04/2020,1.0696,1.0686,1.0721,1.0656,,0.18%
11/03/2020,1.0677,1.0697,1.0722,1.0679,,-0.18%
11/02/2020,1.0696,1.0689,1.0709,1.066,,0.18%
10/30/2020,1.0677,1.0686,1.0705,1.0669,,-0.07%
10/29/2020,1.0684,1.0694,1.0706,1.0673,,-0.08%
10/28/2020,1.0693,1.0719,1.0725,1.0672,,-0.21%
10/27/2020,1.0716,1.0719,1.0751,1.0714,,0.02%
10/26/2020,1.0714,1.0731,1.074,1.0705,,-0.08%
10/23/2020,1.0723,1.0719,1.0735,1.0699,,0.07%
10/22/2020,1.0716,1.0743,1.0751,1.0717,,-0.18%
10/21/2020,1.0735,1.0724,1.0743,1.0709,,0.14%
10/20/2020,1.072,1.0715,1.0737,1.0702,,0.10%
10/19/2020,1.0709,1.0723,1.0735,1.0705,,-0.07%
10/16/2020,1.0717,1.0715,1.0732,1.0699,,0.07%
10/15/2020,1.071,1.0735,1.0742,1.0684,,-0.21%
10/14/2020,1.0733,1.0749,1.0758,1.0722,,-0.11%
10/13/2020,1.0745,1.0741,1.0751,1.0723,,0.06%
10/12/2020,1.0739,1.0755,1.0777,1.0732,,-0.20%
10/09/2020,1.0761,1.0783,1.0795,1.0752,,-0.17%
10/08/2020,1.0779,1.0791,1.0805,1.0777,,-0.06%
10/07/2020,1.0786,1.077,1.08,1.0764,,0.19%
10/06/2020,1.0766,1.0785,1.0796,1.0763,,-0.16%
10/05/2020,1.0783,1.0789,1.0797,1.0734,,-0.04%
10/02/2020,1.0787,1.0791,1.0801,1.0765,,0.00%
10/01/2020,1.0787,1.0793,1.081,1.0764,,-0.03%
09/30/2020,1.079,1.0796,1.082,1.076,,-0.03%
09/29/2020,1.0793,1.0787,1.082,1.0779,,0.10%
09/28/2020,1.0782,1.0806,1.0834,1.0772,,-0.14%
09/25/2020,1.0797,1.0816,1.0827,1.0787,,-0.17%
09/24/2020,1.0815,1.0775,1.0822,1.0751,,0.41%
09/23/2020,1.0771,1.077,1.0788,1.075,,0.06%
09/22/2020,1.0765,1.0764,1.0779,1.0744,,0.05%
09/21/2020,1.076,1.0798,1.0803,1.0738,,-0.29%
09/18/2020,1.0791,1.0764,1.0799,1.0755,,0.28%
09/17/2020,1.0761,1.0745,1.0772,1.0725,,0.19%
09/16/2020,1.0741,1.0763,1.0771,1.0736,,-0.13%
09/15/2020,1.0755,1.0782,1.0789,1.0751,,-0.19%
09/14/2020,1.0775,1.0777,1.0783,1.0754,,0.12%
09/11/2020,1.0762,1.0759,1.0798,1.0751,,0.07%
09/10/2020,1.0755,1.0768,1.0792,1.0748,,-0.11%
09/09/2020,1.0767,1.0809,1.0821,1.0766,,-0.35%
09/08/2020,1.0805,1.0827,1.0852,1.0797,,-0.17%
09/07/2020,1.0823,1.0804,1.084,1.0796,,0.12%
09/04/2020,1.081,1.0777,1.0828,1.077,,0.33%
09/03/2020,1.0774,1.0794,1.0807,1.0755,,-0.17%
09/02/2020,1.0792,1.0833,1.0856,1.077,,-0.35%
09/01/2020,1.083,1.0787,1.0882,1.0781,,0.43%
08/31/2020,1.0784,1.076,1.0796,1.0741,,0.24%
08/28/2020,1.0758,1.0747,1.0774,1.0732,,0.14%
08/27/2020,1.0743,1.0746,1.0763,1.0718,,0.01%
08/26/2020,1.0742,1.0743,1.0762,1.0728,,0.04%
08/25/2020,1.0738,1.0752,1.0772,1.073,,-0.07%
08/24/2020,1.0746,1.0753,1.0778,1.0742,,-0.05%
08/21/2020,1.0751,1.0764,1.0783,1.0731,,-0.11%
08/20/2020,1.0763,1.0835,1.0845,1.0761,,-0.62%
08/19/2020,1.083,1.0785,1.0853,1.077,,0.47%
08/18/2020,1.0779,1.0762,1.0796,1.075,,0.20%
08/17/2020,1.0758,1.0772,1.0791,1.0743,,-0.05%
08/14/2020,1.0763,1.0749,1.0779,1.0738,,0.18%
08/13/2020,1.0744,1.0748,1.0794,1.0741,,0.01%
08/12/2020,1.0743,1.0763,1.0791,1.0735,,-0.17%
08/11/2020,1.0761,1.0749,1.0795,1.0734,,0.15%
08/10/2020,1.0745,1.0757,1.0797,1.0743,,-0.07%
08/07/2020,1.0752,1.0806,1.0816,1.0751,,-0.47%
08/06/2020,1.0803,1.0778,1.0824,1.0751,,0.28%
08/05/2020,1.0773,1.0778,1.0796,1.0761,,-0.01%
08/04/2020,1.0774,1.0795,1.0818,1.0737,,-0.18%
08/03/2020,1.0793,1.0757,1.0841,1.0726,,0.41%
07/31/2020,1.0749,1.0768,1.08,1.0745,,-0.14%
07/30/2020,1.0764,1.0762,1.0777,1.0729,,0.07%
07/29/2020,1.0757,1.0757,1.0789,1.0747,,0.05%
07/28/2020,1.0752,1.081,1.0831,1.0742,,-0.51%
07/27/2020,1.0807,1.0724,1.0841,1.0722,,0.76%
07/24/2020,1.0726,1.0733,1.0752,1.0711,,-0.02%
07/23/2020,1.0728,1.0758,1.0768,1.0714,,-0.22%
07/22/2020,1.0752,1.0757,1.0798,1.0741,,-0.01%
07/21/2020,1.0753,1.0748,1.0764,1.0721,,0.10%
07/20/2020,1.0742,1.0709,1.078,1.0706,,0.19%
07/17/2020,1.0722,1.0763,1.0775,1.0721,,-0.35%
07/16/2020,1.076,1.0776,1.0806,1.0745,,-0.11%
07/15/2020,1.0772,1.0713,1.0791,1.07,,0.61%
07/14/2020,1.0707,1.0679,1.0719,1.0648,,0.30%
07/13/2020,1.0675,1.0638,1.0706,1.0627,,0.43%
07/10/2020,1.0629,1.061,1.0648,1.0603,,0.22%
07/09/2020,1.0606,1.0631,1.0653,1.0606,,-0.21%
07/08/2020,1.0628,1.0623,1.0646,1.0613,,0.10%
07/07/2020,1.0617,1.0656,1.0672,1.062,,-0.32%
07/06/2020,1.0651,1.0637,1.0659,1.0623,,0.13%
07/03/2020,1.0637,1.0625,1.0644,1.0616,,0.15%
07/02/2020,1.0621,1.0642,1.0669,1.0616,,-0.17%
07/01/2020,1.0639,1.064,1.0664,1.061,,0.02%
06/30/2020,1.0637,1.0694,1.0707,1.0629,,-0.50%
06/29/2020,1.069,1.0643,1.07,1.0628,,0.54%
06/26/2020,1.0633,1.0641,1.0653,1.0623,,-0.03%
06/25/2020,1.0636,1.0665,1.0681,1.0633,,-0.24%
06/24/2020,1.0662,1.0683,1.0696,1.0659,,-0.16%
06/23/2020,1.0679,1.0671,1.0715,1.0657,,0.11%
06/22/2020,1.0667,1.0652,1.0681,1.0633,,0.23%
06/19/2020,1.0642,1.0662,1.0683,1.0631,,-0.15%
06/18/2020,1.0658,1.0667,1.0696,1.065,,-0.07%
06/17/2020,1.0665,1.0716,1.0728,1.0657,,-0.43%
06/16/2020,1.0711,1.0747,1.0772,1.0681,,-0.33%
06/15/2020,1.0746,1.0715,1.0755,1.0671,,0.27%
06/12/2020,1.0717,1.0669,1.073,1.0652,,0.50%
06/11/2020,1.0664,1.0747,1.0759,1.0653,,-0.68%
06/10/2020,1.0737,1.0783,1.0794,1.0722,,-0.36%
06/09/2020,1.0776,1.0819,1.0835,1.0744,,-0.34%
06/08/2020,1.0813,1.0865,1.0895,1.0797,,-0.43%
06/05/2020,1.086,1.0834,1.0921,1.0822,,0.29%
06/04/2020,1.0829,1.0799,1.0865,1.0743,,0.31%
06/03/2020,1.0796,1.0751,1.0825,1.0741,,0.47%
06/02/2020,1.0746,1.0702,1.077,1.0682,,0.47%
06/01/2020,1.0696,1.0671,1.0712,1.0666,,0.27%
05/29/2020,1.0667,1.0683,1.0733,1.0658,,-0.09%
05/28/2020,1.0677,1.0658,1.07,1.0648,,0.22%
05/27/2020,1.0654,1.0605,1.0701,1.0585,,0.51%
05/26/2020,1.06,1.0596,1.0635,1.0582,,0.06%
05/25/2020,1.0594,1.0587,1.0601,1.0574,,0.11%
05/22/2020,1.0582,1.0627,1.0641,1.0579,,-0.40%
05/21/2020,1.0624,1.0597,1.0654,1.0583,,0.30%
05/20/2020,1.0592,1.0616,1.0629,1.0574,,-0.13%
05/19/2020,1.0606,1.0598,1.0658,1.0595,,0.12%
05/18/2020,1.0593,1.0509,1.0663,1.0498,,0.83%
05/15/2020,1.0506,1.0516,1.053,1.0507,,-0.06%
05/14/2020,1.0512,1.0517,1.0526,1.05,,0.00%
05/13/2020,1.0512,1.0517,1.0537,1.0512,,-0.01%
05/12/2020,1.0513,1.0516,1.0528,1.051,,0.00%
05/11/2020,1.0513,1.0528,1.0547,1.0504,,-0.08%
05/08/2020,1.0521,1.0542,1.0549,1.0517,,-0.15%
05/07/2020,1.0537,1.0525,1.0546,1.0521,,0.14%
05/06/2020,1.0522,1.0544,1.0561,1.0519,,-0.14%
05/05/2020,1.0537,1.0526,1.0555,1.0515,,0.13%
05/04/2020,1.0523,1.0556,1.0565,1.0522,,-0.28%
05/01/2020,1.0553,1.0581,1.0586,1.0549,,-0.20%
04/30/2020,1.0574,1.0586,1.0604,1.0542,,-0.10%
04/29/2020,1.0585,1.0552,1.0612,1.0543,,0.35%
04/28/2020,1.0548,1.0564,1.0614,1.0543,,-0.10%
04/27/2020,1.0559,1.0545,1.0583,1.0526,,0.30%
04/24/2020,1.0527,1.052,1.0541,1.0509,,0.11%
04/23/2020,1.0515,1.0515,1.0534,1.0503,,0.04%
04/22/2020,1.0511,1.0529,1.0541,1.0509,,-0.13%
04/21/2020,1.0525,1.0514,1.0535,1.0508,,0.13%
04/20/2020,1.0511,1.0517,1.0528,1.0505,,-0.01%
04/17/2020,1.0512,1.0516,1.0537,1.0507,,-0.01%
04/16/2020,1.0513,1.0524,1.0538,1.0504,,-0.06%
04/15/2020,1.0519,1.0544,1.056,1.052,,-0.21%
04/14/2020,1.0541,1.0558,1.0566,1.0532,,-0.13%
04/13/2020,1.0555,1.0573,1.058,1.0547,,-0.08%
04/10/2020,1.0563,1.0559,1.0583,1.0549,,0.10%
04/09/2020,1.0552,1.0552,1.0586,1.0545,,0.03%
04/08/2020,1.0549,1.0559,1.0576,1.0543,,-0.06%
04/07/2020,1.0555,1.0564,1.0597,1.0554,,-0.05%
04/06/2020,1.056,1.0559,1.0585,1.0545,,-0.07%
04/03/2020,1.0567,1.0574,1.0585,1.0539,,-0.02%
04/02/2020,1.0569,1.0587,1.0603,1.0541,,-0.13%
04/01/2020,1.0583,1.0601,1.0615,1.0554,,-0.13%
03/31/2020,1.0597,1.0588,1.0627,1.0558,,0.09%
03/30/2020,1.0587,1.0594,1.0648,1.0549,,-0.08%
03/27/2020,1.0596,1.0627,1.0641,1.0561,,-0.26%
03/26/2020,1.0624,1.0631,1.0657,1.0611,,-0.02%
03/25/2020,1.0626,1.0592,1.0641,1.0567,,0.37%
03/24/2020,1.0587,1.0559,1.0606,1.0552,,0.30%
03/23/2020,1.0555,1.0547,1.0604,1.0526,,0.05%
03/20/2020,1.055,1.0543,1.0564,1.0521,,0.10%
03/19/2020,1.0539,1.0569,1.0611,1.052,,-0.25%
03/18/2020,1.0565,1.0568,1.059,1.0526,,-0.01%
03/17/2020,1.0566,1.0591,1.0618,1.0539,,-0.20%
03/16/2020,1.0587,1.0529,1.0632,1.0528,,0.40%
03/13/2020,1.0545,1.056,1.0623,1.054,,-0.08%
03/12/2020,1.0553,1.0581,1.0623,1.0536,,-0.22%
03/11/2020,1.0576,1.0603,1.062,1.0568,,-0.22%
03/10/2020,1.0599,1.059,1.065,1.0572,,0.10%
03/09/2020,1.0588,1.0586,1.0643,1.0505,,0.11%
03/06/2020,1.0576,1.0629,1.0631,1.0572,,-0.44%
03/05/2020,1.0623,1.0656,1.0679,1.0614,,-0.27%
03/04/2020,1.0652,1.0683,1.0706,1.0619,,-0.25%
03/03/2020,1.0679,1.0681,1.0711,1.0627,,0.02%
03/02/2020,1.0677,1.0625,1.0709,1.062,,0.34%
02/28/2020,1.0641,1.0644,1.0665,1.0583,,-0.01%
02/27/2020,1.0642,1.0633,1.0674,1.0615,,0.15%
02/26/2020,1.0626,1.062,1.0639,1.0597,,0.08%
02/25/2020,1.0618,1.0624,1.0639,1.0591,,-0.03%
02/24/2020,1.0621,1.0606,1.0629,1.0587,,0.16%
02/21/2020,1.0604,1.0613,1.0627,1.0604,,-0.04%
02/20/2020,1.0608,1.0632,1.0639,1.0604,,-0.19%
02/19/2020,1.0628,1.061,1.0638,1.0606,,0.18%
02/18/2020,1.0609,1.063,1.0632,1.0606,,-0.15%
02/17/2020,1.0625,1.0639,1.0653,1.0617,,-0.09%
02/14/2020,1.0635,1.0619,1.0654,1.0607,,0.19%
02/13/2020,1.0615,1.0638,1.0643,1.0606,,-0.17%
02/12/2020,1.0633,1.0653,1.0665,1.0629,,-0.15%
02/11/2020,1.0649,1.0662,1.0681,1.0646,,-0.09%
02/10/2020,1.0659,1.0703,1.0715,1.0658,,-0.37%
02/07/2020,1.0699,1.0704,1.0715,1.0678,,0.00%
02/06/2020,1.0699,1.0707,1.0727,1.0693,,-0.03%
02/05/2020,1.0702,1.0704,1.073,1.0688,,0.00%
02/04/2020,1.0702,1.0684,1.072,1.0679,,0.22%
02/03/2020,1.0679,1.0699,1.0701,1.066,,-0.04%
01/31/2020,1.0683,1.0696,1.0709,1.0674,,-0.07%
01/30/2020,1.0691,1.0715,1.0727,1.0679,,-0.20%
01/29/2020,1.0712,1.0724,1.0741,1.0708,,-0.07%
01/28/2020,1.072,1.0684,1.073,1.0663,,0.37%
01/27/2020,1.0681,1.0711,1.0722,1.0675,,-0.21%
01/24/2020,1.0703,1.0709,1.0726,1.0698,,-0.03%
01/23/2020,1.0706,1.0737,1.0749,1.07,,-0.25%
01/22/2020,1.0733,1.0736,1.0789,1.0732,,0.01%
01/21/2020,1.0732,1.0747,1.0754,1.0728,,-0.06%
01/20/2020,1.0738,1.0734,1.0752,1.0728,,0.05%
01/17/2020,1.0733,1.0743,1.076,1.0729,,-0.06%
01/16/2020,1.0739,1.0751,1.0762,1.0732,,-0.06%
01/15/2020,1.0745,1.0767,1.0779,1.074,,-0.17%
01/14/2020,1.0763,1.0811,1.0823,1.0757,,-0.41%
01/13/2020,1.0807,1.082,1.0837,1.0796,,-0.05%
01/10/2020,1.0812,1.0809,1.0834,1.0802,,0.06%
01/09/2020,1.0806,1.0815,1.0836,1.0793,,-0.06%
01/08/2020,1.0812,1.0822,1.0831,1.0779,,-0.06%
01/07/2020,1.0819,1.0838,1.0863,1.0808,,-0.18%
01/06/2020,1.0838,1.0863,1.0864,1.0827,,-0.12%
01/03/2020,1.0851,1.0854,1.0867,1.0823,,0.03%
01/02/2020,1.0848,1.0852,1.088,1.0836,,0.00%
01/01/2020,1.0848,1.0854,1.0864,1.0842,,-0.01%
12/31/2019,1.0849,1.0856,1.0883,1.0836,,-0.03%
12/30/2019,1.0852,1.089,1.0909,1.0846,,-0.38%
12/27/2019,1.0893,1.089,1.0907,1.0867,,0.06%
12/26/2019,1.0887,1.0871,1.09,1.0862,,0.18%
12/25/2019,1.0867,1.0871,1.0896,1.0863,,0.01%
12/24/2019,1.0866,1.0886,1.0901,1.0859,,-0.16%
12/23/2019,1.0883,1.089,1.09,1.0859,,-0.02%
12/20/2019,1.0885,1.0883,1.0909,1.0869,,0.06%
12/19/2019,1.0879,1.0896,1.0928,1.0865,,-0.12%
12/18/2019,1.0892,1.0932,1.094,1.0891,,-0.34%
12/17/2019,1.0929,1.0946,1.097,1.0922,,-0.11%
12/16/2019,1.0941,1.0944,1.097,1.0937,,0.02%
12/13/2019,1.0939,1.0965,1.1041,1.093,,-0.19%
12/12/2019,1.096,1.0941,1.0978,1.0922,,0.21%
12/11/2019,1.0937,1.0919,1.0948,1.0909,,0.18%
12/10/2019,1.0917,1.0932,1.0939,1.0909,,-0.10%
12/09/2019,1.0928,1.0944,1.097,1.0926,,-0.19%
12/06/2019,1.0949,1.0961,1.0995,1.094,,-0.10%
12/05/2019,1.096,1.0953,1.0985,1.0939,,0.11%
12/04/2019,1.0948,1.094,1.0972,1.0919,,0.11%
12/03/2019,1.0936,1.0983,1.0997,1.0925,,-0.38%
12/02/2019,1.0978,1.1019,1.1031,1.098,,-0.32%
11/29/2019,1.1013,1.0993,1.1026,1.0988,,0.23%
11/28/2019,1.0988,1.0989,1.1006,1.0982,,0.01%
11/27/2019,1.0987,1.0988,1.1003,1.0976,,0.03%
11/26/2019,1.0984,1.0977,1.1003,1.0968,,0.10%
11/25/2019,1.0973,1.0995,1.1005,1.0965,,-0.16%
11/22/2019,1.0991,1.0983,1.1014,1.0978,,0.13%
11/21/2019,1.0977,1.0973,1.1006,1.0954,,0.07%
11/20/2019,1.0969,1.0972,1.1004,1.0949,,0.00%
11/19/2019,1.0969,1.0957,1.0989,1.0945,,0.14%
11/18/2019,1.0954,1.0938,1.0965,1.0927,,0.16%
11/15/2019,1.0936,1.0891,1.0949,1.0886,,0.45%
11/14/2019,1.0887,1.0898,1.0907,1.0862,,-0.07%
11/13/2019,1.0895,1.0934,1.0941,1.0877,,-0.31%
11/12/2019,1.0929,1.0959,1.0983,1.0925,,-0.26%
11/11/2019,1.0957,1.0993,1.0998,1.0956,,-0.26%
11/08/2019,1.0986,1.0999,1.1008,1.0973,,-0.07%
11/07/2019,1.0994,1.0987,1.1017,1.0971,,0.10%
11/06/2019,1.0983,1.0997,1.1019,1.0977,,-0.09%
11/05/2019,1.0993,1.0994,1.1031,1.0978,,0.05%
11/04/2019,1.0988,1.1,1.1037,1.0989,,-0.13%
11/01/2019,1.1002,1.1002,1.1031,1.0996,,0.05%
10/31/2019,1.0997,1.1033,1.104,1.0989,,-0.28%
10/30/2019,1.1028,1.1045,1.1053,1.1007,,-0.11%
10/29/2019,1.104,1.104,1.1052,1.102,,0.04%
10/28/2019,1.1036,1.1019,1.1061,1.1006,,0.19%
10/25/2019,1.1015,1.1019,1.1033,1.1008,,-0.01%
10/24/2019,1.1016,1.1027,1.105,1.1005,,-0.06%
10/23/2019,1.1023,1.101,1.1033,1.0991,,0.15%
10/22/2019,1.1006,1.0993,1.1026,1.0987,,0.15%
10/21/2019,1.0989,1.0968,1.1012,1.0962,,-0.02%
10/18/2019,1.0991,1.0991,1.1011,1.0972,,0.07%
10/17/2019,1.0983,1.1017,1.1062,1.0972,,-0.26%
10/16/2019,1.1012,1.1018,1.1034,1.0992,,-0.01%
10/15/2019,1.1013,1.0999,1.103,1.097,,0.16%
10/14/2019,1.0995,1.1008,1.1018,1.0969,,-0.05%
10/11/2019,1.1001,1.0974,1.1042,1.0963,,0.28%
10/10/2019,1.097,1.0926,1.098,1.0897,,0.44%
10/09/2019,1.0922,1.0879,1.0934,1.0868,,0.44%
10/08/2019,1.0874,1.0913,1.093,1.0869,,-0.34%
10/07/2019,1.0911,1.0929,1.0941,1.0894,,-0.11%
10/04/2019,1.0923,1.0956,1.0981,1.0906,,-0.28%
10/03/2019,1.0954,1.0925,1.0985,1.0917,,0.29%
10/02/2019,1.0922,1.0861,1.0956,1.085,,0.61%
10/01/2019,1.0856,1.0878,1.0923,1.085,,-0.17%
09/30/2019,1.0874,1.0841,1.089,1.0833,,0.35%
09/27/2019,1.0836,1.0852,1.0869,1.0829,,-0.13%
09/26/2019,1.085,1.0853,1.0878,1.0843,,0.00%
09/25/2019,1.085,1.086,1.0872,1.083,,-0.06%
09/24/2019,1.0856,1.0882,1.09,1.0842,,-0.19%
09/23/2019,1.0877,1.0916,1.0933,1.0856,,-0.35%
09/20/2019,1.0915,1.0963,1.0973,1.0909,,-0.40%
09/19/2019,1.0959,1.1003,1.1021,1.0955,,-0.36%
09/18/2019,1.0999,1.0999,1.1021,1.0983,,0.05%
09/17/2019,1.0994,1.092,1.1,1.0913,,0.70%
09/16/2019,1.0918,1.0981,1.0982,1.091,,-0.42%
09/13/2019,1.0964,1.0957,1.0977,1.0926,,0.10%
09/12/2019,1.0953,1.0932,1.0972,1.085,,0.23%
09/11/2019,1.0928,1.0956,1.0974,1.0909,,-0.24%
09/10/2019,1.0954,1.096,1.0971,1.0915,,-0.03%
09/09/2019,1.0957,1.0893,1.0965,1.0884,,0.65%
09/06/2019,1.0886,1.0882,1.0933,1.0873,,0.07%
09/05/2019,1.0878,1.0822,1.0916,1.0817,,0.55%
09/04/2019,1.0819,1.0829,1.0865,1.0808,,-0.06%
09/03/2019,1.0825,1.0865,1.0873,1.0817,,-0.34%
09/02/2019,1.0862,1.0877,1.0898,1.0857,,-0.15%
08/30/2019,1.0878,1.0909,1.0926,1.0866,,-0.26%
08/29/2019,1.0906,1.0874,1.0917,1.0857,,0.31%
08/28/2019,1.0872,1.0886,1.0905,1.0863,,-0.09%
08/27/2019,1.0882,1.0869,1.0919,1.0856,,0.17%
08/26/2019,1.0864,1.0863,1.0903,1.0836,,0.04%
08/23/2019,1.086,1.0899,1.093,1.0852,,-0.32%
08/22/2019,1.0895,1.0891,1.0922,1.0872,,0.07%
08/21/2019,1.0887,1.0856,1.0899,1.0848,,0.31%
08/20/2019,1.0853,1.0876,1.0884,1.0843,,-0.16%
08/19/2019,1.087,1.0851,1.0901,1.0835,,0.21%
08/16/2019,1.0847,1.0846,1.0881,1.084,,0.05%
08/15/2019,1.0842,1.0842,1.0877,1.0834,,0.02%
08/14/2019,1.084,1.0909,1.0918,1.0835,,-0.60%
08/13/2019,1.0905,1.0869,1.0925,1.0839,,0.39%
08/12/2019,1.0863,1.0897,1.0909,1.0865,,-0.24%
08/09/2019,1.0889,1.0899,1.0914,1.0885,,-0.05%
08/08/2019,1.0894,1.0924,1.098,1.0896,,-0.23%
08/07/2019,1.0919,1.0936,1.0961,1.0892,,-0.13%
08/06/2019,1.0933,1.0906,1.0957,1.0896,,0.28%
08/05/2019,1.0903,1.0907,1.0934,1.0862,,-0.04%
08/02/2019,1.0907,1.0978,1.0982,1.0906,,-0.60%
08/01/2019,1.0973,1.1009,1.1023,1.0965,,-0.29%
07/31/2019,1.1005,1.1048,1.1063,1.0991,,-0.34%
07/30/2019,1.1043,1.1051,1.1058,1.1027,,-0.05%
07/29/2019,1.1048,1.1054,1.1063,1.1022,,-0.02%
07/26/2019,1.105,1.1045,1.1066,1.1035,,0.07%
07/25/2019,1.1042,1.0972,1.1057,1.0961,,0.68%
07/24/2019,1.0967,1.0989,1.1008,1.0968,,-0.16%
07/23/2019,1.0985,1.1008,1.1022,1.0969,,-0.18%
07/22/2019,1.1005,1.1014,1.1039,1.0997,,-0.08%
07/19/2019,1.1014,1.1067,1.1086,1.101,,-0.44%
07/18/2019,1.1063,1.1083,1.1092,1.1058,,-0.15%
07/17/2019,1.108,1.1076,1.1113,1.1067,,0.08%
07/16/2019,1.1071,1.1084,1.1097,1.1054,,-0.11%
07/15/2019,1.1083,1.1093,1.1107,1.1064,,-0.05%
07/12/2019,1.1089,1.1144,1.1157,1.107,,-0.46%
07/11/2019,1.114,1.1134,1.115,1.1104,,0.09%
07/10/2019,1.113,1.1136,1.1147,1.1118,,-0.02%
07/09/2019,1.1132,1.1146,1.1161,1.112,,-0.09%
07/08/2019,1.1142,1.1132,1.1155,1.1111,,0.13%
07/05/2019,1.1128,1.1116,1.1156,1.1107,,0.12%
07/04/2019,1.1115,1.1128,1.1141,1.1106,,-0.09%
07/03/2019,1.1125,1.113,1.114,1.1106,,-0.01%
07/02/2019,1.1126,1.1146,1.1175,1.1123,,-0.15%
07/01/2019,1.1143,1.11,1.1165,1.1096,,0.43%
06/28/2019,1.1095,1.1103,1.1126,1.1081,,-0.05%
06/27/2019,1.11,1.112,1.1152,1.1095,,-0.16%
06/26/2019,1.1118,1.1088,1.1128,1.1074,,0.32%
06/25/2019,1.1083,1.108,1.1126,1.1061,,0.05%
06/24/2019,1.1077,1.1093,1.1134,1.1063,,-0.16%
06/21/2019,1.1095,1.109,1.1129,1.1072,,0.12%
06/20/2019,1.1082,1.1161,1.1168,1.1056,,-0.67%
06/19/2019,1.1157,1.1195,1.1214,1.1151,,-0.31%
06/18/2019,1.1192,1.1208,1.1216,1.117,,-0.12%
06/17/2019,1.1205,1.1205,1.1225,1.1188,,0.09%
06/14/2019,1.1195,1.1212,1.1229,1.1191,,-0.07%
06/13/2019,1.1203,1.1238,1.1252,1.1198,,-0.28%
06/12/2019,1.1235,1.1246,1.1269,1.1224,,-0.05%
06/11/2019,1.1241,1.1197,1.1246,1.1189,,0.42%
06/10/2019,1.1194,1.1186,1.1214,1.1172,,0.04%
06/07/2019,1.119,1.1178,1.1216,1.1166,,0.14%
06/06/2019,1.1174,1.1171,1.1201,1.1151,,0.14%
06/05/2019,1.1158,1.1162,1.1199,1.1134,,-0.02%
06/04/2019,1.116,1.1158,1.1193,1.1151,,0.04%
06/03/2019,1.1155,1.1179,1.1207,1.1119,,-0.30%
05/31/2019,1.1189,1.1222,1.123,1.117,,-0.23%
05/30/2019,1.1215,1.122,1.1252,1.121,,0.03%
05/29/2019,1.1212,1.1247,1.1256,1.1203,,-0.28%
05/28/2019,1.1244,1.1242,1.1281,1.1222,,0.07%
05/27/2019,1.1236,1.1216,1.1266,1.1208,,0.14%
05/24/2019,1.122,1.1219,1.1237,1.1194,,0.04%
05/23/2019,1.1215,1.126,1.1271,1.1204,,-0.38%
05/22/2019,1.1258,1.1291,1.1298,1.1244,,-0.20%
05/21/2019,1.128,1.1266,1.1294,1.1253,,0.17%
05/20/2019,1.1261,1.1277,1.1298,1.1255,,-0.12%
05/17/2019,1.1275,1.1287,1.1303,1.1266,,-0.05%
05/16/2019,1.1281,1.13,1.1321,1.1279,,-0.14%
05/15/2019,1.1297,1.131,1.1319,1.1261,,-0.07%
05/14/2019,1.1305,1.1296,1.1332,1.1286,,0.10%
05/13/2019,1.1294,1.1373,1.1377,1.1292,,-0.61%
05/10/2019,1.1363,1.1386,1.1414,1.1357,,-0.16%
05/09/2019,1.1381,1.142,1.1435,1.137,,-0.32%
05/08/2019,1.1417,1.141,1.1432,1.1381,,0.09%
05/07/2019,1.1407,1.14,1.1443,1.1385,,0.11%
05/06/2019,1.1395,1.1389,1.1412,1.1345,,0.10%
05/03/2019,1.1384,1.1397,1.1406,1.1364,,-0.04%
05/02/2019,1.1389,1.1405,1.1431,1.1381,,-0.04%
05/01/2019,1.1394,1.1431,1.1444,1.1388,,-0.29%
04/30/2019,1.1427,1.1406,1.145,1.1386,,0.22%
04/29/2019,1.1402,1.1372,1.1414,1.1356,,0.33%
04/26/2019,1.1365,1.1359,1.1389,1.1348,,0.07%
04/25/2019,1.1357,1.1389,1.1395,1.1353,,-0.18%
04/24/2019,1.1378,1.1452,1.1466,1.1378,,-0.61%
04/23/2019,1.1448,1.1433,1.148,1.1422,,0.16%
04/22/2019,1.143,1.1409,1.1443,1.1393,,0.19%
04/19/2019,1.1408,1.1416,1.1422,1.1389,,0.05%
04/18/2019,1.1402,1.1415,1.1426,1.1364,,-0.07%
04/17/2019,1.141,1.1372,1.1427,1.1362,,0.37%
04/16/2019,1.1368,1.1349,1.1381,1.134,,0.16%
04/15/2019,1.135,1.1327,1.1359,1.132,,0.22%
04/12/2019,1.1325,1.129,1.1343,1.1284,,0.36%
04/11/2019,1.1284,1.1303,1.1323,1.1287,,-0.14%
04/10/2019,1.13,1.1262,1.1313,1.1253,,0.36%
04/09/2019,1.1259,1.126,1.1283,1.1241,,0.13%
04/08/2019,1.1244,1.1219,1.1263,1.1208,,0.29%
04/05/2019,1.1212,1.1222,1.1247,1.1208,,-0.04%
04/04/2019,1.1216,1.1215,1.123,1.1202,,0.02%
04/03/2019,1.1214,1.118,1.1221,1.1174,,0.34%
04/02/2019,1.1176,1.1201,1.1208,1.1166,,-0.19%
04/01/2019,1.1197,1.1166,1.121,1.116,,0.30%
03/29/2019,1.1163,1.1174,1.1205,1.1161,,-0.12%
03/28/2019,1.1176,1.119,1.1217,1.117,,-0.07%
03/27/2019,1.1184,1.1207,1.1222,1.1172,,-0.14%
03/26/2019,1.12,1.1228,1.1251,1.1198,,-0.21%
03/25/2019,1.1224,1.1245,1.1259,1.1209,,-0.13%
03/22/2019,1.1239,1.1284,1.1305,1.121,,-0.36%
03/21/2019,1.128,1.1329,1.1339,1.1264,,-0.40%
03/20/2019,1.1325,1.1342,1.1359,1.1315,,-0.11%
03/19/2019,1.1338,1.1354,1.1363,1.1336,,-0.11%
03/18/2019,1.1351,1.1345,1.137,1.1335,,0.06%
03/15/2019,1.1344,1.1348,1.1376,1.134,,0.00%
03/14/2019,1.1344,1.1372,1.1385,1.1341,,-0.21%
03/13/2019,1.1368,1.1376,1.1385,1.1352,,-0.04%
03/12/2019,1.1373,1.1369,1.139,1.1345,,0.08%
03/11/2019,1.1364,1.1329,1.1376,1.1312,,0.34%
03/08/2019,1.1326,1.132,1.1342,1.1305,,0.09%
03/07/2019,1.1316,1.1364,1.1374,1.1312,,-0.38%
03/06/2019,1.1359,1.1358,1.1374,1.1345,,0.07%
03/05/2019,1.1351,1.133,1.1368,1.1316,,0.25%
03/04/2019,1.1323,1.1368,1.1385,1.1315,,-0.33%
03/01/2019,1.136,1.1353,1.1379,1.1335,,0.11%
02/28/2019,1.1348,1.1388,1.1405,1.1324,,-0.32%
02/27/2019,1.1384,1.1389,1.141,1.1349,,-0.05%
02/26/2019,1.139,1.1376,1.1397,1.1348,,0.22%
02/25/2019,1.1365,1.1343,1.1372,1.1325,,0.19%
02/22/2019,1.1344,1.1348,1.1361,1.1328,,0.01%
02/21/2019,1.1343,1.1349,1.1372,1.1338,,0.00%
02/20/2019,1.1343,1.1355,1.1374,1.1333,,-0.07%
02/19/2019,1.1351,1.1359,1.1377,1.133,,-0.03%
02/18/2019,1.1354,1.1346,1.137,1.1339,,0.02%
02/15/2019,1.1352,1.1349,1.137,1.1329,,0.04%
02/14/2019,1.1347,1.1371,1.1388,1.1345,,-0.12%
02/13/2019,1.1361,1.14,1.1419,1.1357,,-0.30%
02/12/2019,1.1395,1.132,1.1412,1.1317,,0.69%
02/11/2019,1.1317,1.1329,1.143,1.1307,,-0.10%
02/08/2019,1.1328,1.137,1.1381,1.1319,,-0.35%
02/07/2019,1.1368,1.139,1.1405,1.1343,,-0.16%
02/06/2019,1.1386,1.1405,1.1419,1.1382,,-0.20%
02/05/2019,1.1409,1.1416,1.1448,1.1401,,-0.02%
02/04/2019,1.1411,1.1406,1.1428,1.1383,,0.08%
02/01/2019,1.1402,1.1382,1.1418,1.137,,0.19%
01/31/2019,1.138,1.1415,1.1433,1.1368,,-0.25%
01/30/2019,1.1409,1.1371,1.144,1.1363,,0.39%
01/29/2019,1.1365,1.1339,1.1383,1.1323,,0.30%
01/28/2019,1.1331,1.1328,1.1349,1.1307,,0.04%
01/25/2019,1.1327,1.1265,1.1345,1.1254,,0.57%
01/24/2019,1.1263,1.1321,1.1342,1.1256,,-0.48%
01/23/2019,1.1317,1.1328,1.1351,1.1315,,-0.06%
01/22/2019,1.1324,1.1334,1.1358,1.1313,,-0.05%
01/21/2019,1.133,1.132,1.136,1.1298,,0.18%
01/18/2019,1.131,1.1332,1.1343,1.1298,,-0.14%
01/17/2019,1.1326,1.129,1.1335,1.1274,,0.38%
01/16/2019,1.1283,1.1276,1.1301,1.1257,,0.12%
01/15/2019,1.127,1.1258,1.1294,1.1242,,0.15%
01/14/2019,1.1253,1.1288,1.1296,1.1243,,-0.27%
01/11/2019,1.1284,1.132,1.1343,1.127,,-0.28%
01/10/2019,1.1316,1.1248,1.1328,1.1234,,0.64%
01/09/2019,1.1244,1.1229,1.1269,1.1207,,0.18%
01/08/2019,1.1224,1.1243,1.125,1.1217,,-0.13%
01/07/2019,1.1239,1.1238,1.1263,1.1222,,0.02%
01/04/2019,1.1237,1.1243,1.1273,1.1229,,0.00%
01/03/2019,1.1237,1.1233,1.1281,1.1182,,0.07%
01/02/2019,1.1229,1.1253,1.1273,1.1216,,-0.18%
01/01/2019,1.1249,1.1255,1.1339,1.1216,,-0.06%
12/31/2018,1.1256,1.1264,1.1292,1.1241,,-0.05%
12/28/2018,1.1262,1.129,1.1305,1.1212,,-0.21%
12/27/2018,1.1286,1.1306,1.1318,1.1239,,-0.13%
12/26/2018,1.1301,1.1207,1.1312,1.1195,,1.13%
12/25/2018,1.1175,1.1242,1.127,1.1191,,-0.55%
12/24/2018,1.1237,1.1316,1.1348,1.1229,,-0.69%
12/21/2018,1.1315,1.1308,1.1326,1.1289,,0.10%
12/20/2018,1.1304,1.1315,1.1353,1.1296,,-0.06%
12/19/2018,1.1311,1.1278,1.1349,1.1273,,0.31%
12/18/2018,1.1276,1.1267,1.1299,1.1258,,0.11%
12/17/2018,1.1264,1.1283,1.1297,1.1246,,-0.17%
12/14/2018,1.1283,1.1296,1.1307,1.1238,,-0.09%
12/13/2018,1.1293,1.1296,1.1309,1.1264,,-0.01%
12/12/2018,1.1294,1.1244,1.1306,1.1233,,0.49%
12/11/2018,1.1239,1.1247,1.1261,1.1222,,-0.05%
12/10/2018,1.1245,1.1294,1.1311,1.1233,,-0.19%
12/07/2018,1.1266,1.1296,1.1315,1.127,,-0.21%
12/06/2018,1.129,1.1315,1.1331,1.1277,,-0.24%
12/05/2018,1.1317,1.1314,1.1335,1.1301,,0.04%
12/04/2018,1.1313,1.1329,1.1353,1.1303,,-0.11%
12/03/2018,1.1325,1.1302,1.1355,1.1302,,0.22%
11/30/2018,1.13,1.1348,1.1362,1.1294,,-0.37%
11/29/2018,1.1342,1.1296,1.1355,1.1283,,0.43%
11/28/2018,1.1293,1.1275,1.132,1.1258,,0.18%
11/27/2018,1.1273,1.1311,1.1328,1.1271,,-0.30%
11/26/2018,1.1307,1.1311,1.1346,1.1296,,0.06%
11/23/2018,1.13,1.1347,1.136,1.1295,,-0.37%
11/22/2018,1.1342,1.1326,1.1364,1.1313,,0.17%
11/21/2018,1.1323,1.1314,1.1351,1.1305,,0.11%
11/20/2018,1.1311,1.1379,1.1387,1.1303,,-0.58%
11/19/2018,1.1377,1.1406,1.1429,1.1367,,-0.33%
11/16/2018,1.1415,1.1409,1.1437,1.1395,,0.11%
11/15/2018,1.1403,1.1374,1.1424,1.1342,,0.28%
11/14/2018,1.1371,1.1372,1.1428,1.1357,,0.04%
11/13/2018,1.1366,1.1341,1.1391,1.1332,,0.25%
11/12/2018,1.1338,1.1393,1.1405,1.1332,,-0.49%
11/09/2018,1.1394,1.1431,1.1444,1.1381,,-0.31%
11/08/2018,1.143,1.1452,1.1473,1.1425,,-0.17%
11/07/2018,1.1449,1.1456,1.1473,1.1435,,-0.03%
11/06/2018,1.1452,1.1461,1.1477,1.1443,,-0.04%
11/05/2018,1.1457,1.1433,1.1466,1.1415,,0.29%
11/02/2018,1.1424,1.1432,1.1456,1.1403,,-0.05%
11/01/2018,1.143,1.1408,1.1452,1.14,,0.23%
10/31/2018,1.1404,1.1403,1.1418,1.1376,,0.04%
10/30/2018,1.14,1.1395,1.1422,1.1368,,0.08%
10/29/2018,1.1391,1.1373,1.1412,1.1354,,0.18%
10/26/2018,1.137,1.1372,1.1389,1.1341,,0.02%
10/25/2018,1.1368,1.1368,1.1418,1.1355,,0.02%
10/24/2018,1.1366,1.1414,1.1424,1.1353,,-0.39%
10/23/2018,1.141,1.142,1.1433,1.1395,,-0.04%
10/22/2018,1.1415,1.1467,1.1504,1.1414,,-0.48%
10/19/2018,1.147,1.1402,1.1496,1.1391,,0.61%
10/18/2018,1.14,1.1447,1.1469,1.1397,,-0.38%
10/17/2018,1.1444,1.1467,1.1485,1.1435,,-0.17%
10/16/2018,1.1464,1.143,1.1481,1.1428,,0.35%
10/15/2018,1.1424,1.1459,1.1467,1.1413,,-0.32%
10/12/2018,1.1461,1.1473,1.1498,1.1447,,-0.06%
10/11/2018,1.1468,1.1406,1.1492,1.1391,,0.58%
10/10/2018,1.1402,1.14,1.1448,1.1387,,0.07%
10/09/2018,1.1394,1.1408,1.1419,1.1367,,-0.09%
10/08/2018,1.1404,1.1426,1.1448,1.138,,-0.19%
10/05/2018,1.1426,1.1419,1.1456,1.1409,,0.08%
10/04/2018,1.1417,1.139,1.1437,1.1364,,0.27%
10/03/2018,1.1386,1.1362,1.1423,1.1356,,0.24%
10/02/2018,1.1359,1.1391,1.1399,1.1311,,-0.25%
10/01/2018,1.1387,1.14,1.1431,1.1363,,-0.10%
09/28/2018,1.1398,1.1376,1.1405,1.1279,,0.22%
09/27/2018,1.1373,1.1343,1.1419,1.1309,,0.30%
09/26/2018,1.1339,1.1356,1.1388,1.1329,,-0.17%
09/25/2018,1.1358,1.1337,1.1386,1.1325,,0.25%
09/24/2018,1.133,1.1265,1.1339,1.1248,,0.62%
09/21/2018,1.126,1.1294,1.1313,1.1221,,-0.26%
09/20/2018,1.1289,1.1289,1.1324,1.127,,0.01%
09/19/2018,1.1288,1.1254,1.133,1.1242,,0.33%
09/18/2018,1.1251,1.1247,1.1266,1.122,,0.06%
09/17/2018,1.1244,1.1247,1.1266,1.1229,,-0.04%
09/14/2018,1.1248,1.1286,1.1307,1.1238,,-0.29%
09/13/2018,1.1281,1.1285,1.1318,1.1259,,-0.01%
09/12/2018,1.1282,1.1281,1.1314,1.1267,,0.02%
09/11/2018,1.128,1.1306,1.1346,1.1261,,-0.19%
09/10/2018,1.1301,1.1204,1.1319,1.1182,,0.96%
09/07/2018,1.1194,1.122,1.1248,1.1181,,-0.18%
09/06/2018,1.1214,1.1302,1.1316,1.1214,,-0.76%
09/05/2018,1.13,1.1286,1.1323,1.1251,,0.16%
09/04/2018,1.1282,1.1267,1.1294,1.124,,0.16%
09/03/2018,1.1264,1.1234,1.1274,1.1231,,0.25%
08/31/2018,1.1236,1.1311,1.1324,1.1234,,-0.64%
08/30/2018,1.1308,1.1363,1.1372,1.1301,,-0.47%
08/29/2018,1.1361,1.1419,1.1431,1.1342,,-0.47%
08/28/2018,1.1415,1.1445,1.1458,1.1413,,-0.20%
08/27/2018,1.1438,1.1439,1.1454,1.1409,,0.11%
08/24/2018,1.1425,1.138,1.1437,1.1369,,0.42%
08/23/2018,1.1377,1.1399,1.141,1.1362,,-0.18%
08/22/2018,1.1398,1.1397,1.1415,1.1372,,0.01%
08/21/2018,1.1397,1.1385,1.1421,1.1357,,0.15%
08/20/2018,1.138,1.1395,1.1397,1.1351,,-0.06%
08/17/2018,1.1387,1.1341,1.1397,1.1327,,0.45%
08/16/2018,1.1336,1.1273,1.1351,1.126,,0.60%
08/15/2018,1.1268,1.1279,1.1308,1.1242,,-0.05%
08/14/2018,1.1274,1.1334,1.1357,1.1262,,-0.49%
08/13/2018,1.133,1.1334,1.1364,1.1285,,-0.22%
08/10/2018,1.1355,1.1452,1.1465,1.1336,,-0.81%
08/09/2018,1.1448,1.1535,1.154,1.1448,,-0.72%
08/08/2018,1.1531,1.1546,1.1561,1.1524,,-0.10%
08/07/2018,1.1542,1.1513,1.1551,1.1504,,0.27%
08/06/2018,1.1511,1.1507,1.1532,1.1494,,0.10%
08/03/2018,1.1499,1.1528,1.1546,1.1494,,-0.23%
08/02/2018,1.1525,1.1568,1.1576,1.1528,,-0.34%
08/01/2018,1.1564,1.1578,1.1606,1.1561,,-0.10%
07/31/2018,1.1575,1.157,1.16,1.1557,,0.09%
07/30/2018,1.1565,1.1595,1.1608,1.1563,,-0.22%
07/27/2018,1.1591,1.1576,1.1609,1.1565,,0.17%
07/26/2018,1.1571,1.1634,1.1643,1.1571,,-0.52%
07/25/2018,1.1631,1.1611,1.1637,1.1593,,0.20%
07/24/2018,1.1608,1.1605,1.1635,1.159,,0.07%
07/23/2018,1.16,1.1641,1.1652,1.16,,-0.25%
07/20/2018,1.1629,1.1633,1.166,1.1623,,0.00%
07/19/2018,1.1629,1.1627,1.1646,1.1611,,0.07%
07/18/2018,1.1621,1.1664,1.1672,1.1601,,-0.33%
07/17/2018,1.1659,1.1673,1.1689,1.1637,,-0.09%
07/16/2018,1.1669,1.1698,1.1719,1.1668,,-0.30%
07/13/2018,1.1704,1.1702,1.1713,1.1656,,0.06%
07/12/2018,1.1697,1.1626,1.1711,1.1615,,0.64%
07/11/2018,1.1623,1.1651,1.1666,1.1616,,-0.20%
07/10/2018,1.1646,1.1651,1.1666,1.163,,-0.01%
07/09/2018,1.1647,1.1628,1.1659,1.1602,,0.20%
07/06/2018,1.1624,1.1611,1.1655,1.1599,,0.15%
07/05/2018,1.1607,1.1572,1.1625,1.1563,,0.35%
07/04/2018,1.1566,1.1569,1.1588,1.1547,,0.01%
07/03/2018,1.1565,1.1565,1.1588,1.1554,,0.03%
07/02/2018,1.1562,1.1542,1.1619,1.1528,,-0.06%
06/29/2018,1.1569,1.1542,1.1604,1.1526,,0.29%
06/28/2018,1.1535,1.1521,1.1568,1.1512,,0.16%
06/27/2018,1.1517,1.1538,1.1558,1.1508,,-0.15%
06/26/2018,1.1534,1.1552,1.1568,1.1524,,-0.12%
06/25/2018,1.1548,1.1517,1.1559,1.1488,,0.30%
06/22/2018,1.1513,1.1508,1.1553,1.1494,,0.08%
06/21/2018,1.1504,1.1528,1.1546,1.1477,,-0.16%
06/20/2018,1.1523,1.1522,1.1555,1.1507,,0.05%
06/19/2018,1.1517,1.1566,1.1583,1.1485,,-0.41%
06/18/2018,1.1564,1.1581,1.1585,1.153,,-0.11%
06/15/2018,1.1577,1.1534,1.1591,1.1523,,0.41%
06/14/2018,1.153,1.1621,1.1654,1.1527,,-0.76%
06/13/2018,1.1618,1.159,1.1627,1.1583,,0.28%
06/12/2018,1.1586,1.1611,1.163,1.1578,,-0.17%
06/11/2018,1.1606,1.1591,1.166,1.1582,,0.14%
06/08/2018,1.159,1.157,1.1622,1.1534,,0.21%
06/07/2018,1.1566,1.1612,1.1637,1.1557,,-0.37%
06/06/2018,1.1609,1.1536,1.1643,1.1527,,0.65%
06/05/2018,1.1534,1.1557,1.1575,1.1504,,-0.16%
06/04/2018,1.1553,1.1517,1.1568,1.1515,,0.29%
06/01/2018,1.152,1.1525,1.1577,1.15,,-0.03%
05/31/2018,1.1523,1.1539,1.1574,1.1462,,-0.09%
05/30/2018,1.1533,1.1439,1.1569,1.1426,,0.86%
05/29/2018,1.1435,1.1551,1.1561,1.1366,,-0.95%
05/28/2018,1.1545,1.1533,1.1631,1.1531,,0.14%
05/25/2018,1.1529,1.1621,1.1646,1.1528,,-0.77%
05/24/2018,1.1618,1.1645,1.1656,1.1585,,-0.20%
05/23/2018,1.1641,1.1694,1.1709,1.1579,,-0.42%
05/22/2018,1.169,1.1759,1.1776,1.1682,,-0.55%
05/21/2018,1.1755,1.1737,1.1764,1.1705,,0.06%
05/18/2018,1.1748,1.1813,1.1822,1.1726,,-0.50%
05/17/2018,1.1807,1.1822,1.1843,1.1799,,-0.10%
05/16/2018,1.1819,1.1854,1.1864,1.1768,,-0.27%
05/15/2018,1.1851,1.1934,1.1945,1.1845,,-0.66%
05/14/2018,1.193,1.1954,1.1984,1.1929,,-0.14%
05/11/2018,1.1947,1.1955,1.1965,1.1921,,-0.03%
05/10/2018,1.195,1.1913,1.1961,1.1896,,0.34%
05/09/2018,1.1909,1.1884,1.1923,1.1863,,0.24%
05/08/2018,1.188,1.1954,1.1965,1.1864,,-0.60%
05/07/2018,1.1952,1.1952,1.1983,1.1945,,-0.02%
05/04/2018,1.1954,1.1961,1.1983,1.1933,,-0.02%
05/03/2018,1.1956,1.1943,1.1971,1.1931,,0.15%
05/02/2018,1.1938,1.195,1.1966,1.1932,,-0.08%
05/01/2018,1.1947,1.197,1.1978,1.1934,,-0.13%
04/30/2018,1.1962,1.1978,1.1991,1.1954,,-0.14%
04/27/2018,1.1979,1.1973,1.199,1.1948,,0.10%
04/26/2018,1.1967,1.1956,1.1993,1.1953,,0.11%
04/25/2018,1.1954,1.1974,1.2001,1.1954,,-0.13%
04/24/2018,1.197,1.1943,1.1994,1.1922,,0.28%
04/23/2018,1.1937,1.1976,1.1991,1.1925,,-0.28%
04/20/2018,1.1971,1.1992,1.2009,1.1948,,-0.16%
04/19/2018,1.199,1.1986,1.2005,1.1962,,0.07%
04/18/2018,1.1982,1.1951,1.1994,1.1948,,0.28%
04/17/2018,1.1949,1.1885,1.1957,1.188,,0.58%
04/16/2018,1.188,1.1866,1.1889,1.1852,,0.14%
04/13/2018,1.1863,1.1866,1.1883,1.1848,,0.01%
04/12/2018,1.1862,1.1844,1.1893,1.1837,,0.19%
04/11/2018,1.1839,1.1826,1.1883,1.1816,,0.14%
04/10/2018,1.1822,1.1781,1.1831,1.1767,,0.37%
04/09/2018,1.1778,1.1779,1.1802,1.1764,,0.01%
04/06/2018,1.1777,1.1792,1.1818,1.1767,,-0.09%
04/05/2018,1.1788,1.1797,1.1809,1.177,,-0.06%
04/04/2018,1.1795,1.1765,1.1807,1.1753,,0.28%
04/03/2018,1.1762,1.1754,1.1778,1.1738,,0.11%
04/02/2018,1.1749,1.1758,1.1769,1.1734,,0.02%
03/30/2018,1.1747,1.1766,1.1776,1.1732,,-0.14%
03/29/2018,1.1763,1.1776,1.18,1.1753,,-0.07%
03/28/2018,1.1771,1.1744,1.1806,1.1734,,0.27%
03/27/2018,1.1739,1.1768,1.178,1.1736,,-0.20%
03/26/2018,1.1763,1.1696,1.1776,1.1687,,0.57%
03/23/2018,1.1696,1.1677,1.1719,1.1651,,0.20%
03/22/2018,1.1673,1.1718,1.1728,1.165,,-0.34%
03/21/2018,1.1713,1.1709,1.1731,1.1687,,0.07%
03/20/2018,1.1705,1.1732,1.1753,1.1692,,-0.19%
03/19/2018,1.1727,1.1696,1.1747,1.1691,,0.24%
03/16/2018,1.1699,1.171,1.1716,1.1685,,-0.06%
03/15/2018,1.1706,1.1687,1.1715,1.1673,,0.21%
03/14/2018,1.1682,1.1696,1.1717,1.1681,,-0.09%
03/13/2018,1.1692,1.1689,1.1711,1.1675,,0.07%
03/12/2018,1.1684,1.171,1.1722,1.1672,,-0.15%
03/09/2018,1.1702,1.1711,1.1731,1.1675,,-0.04%
03/08/2018,1.1707,1.1712,1.1746,1.168,,0.02%
03/07/2018,1.1705,1.1669,1.1717,1.1629,,0.35%
03/06/2018,1.1664,1.1595,1.1677,1.1591,,0.62%
03/05/2018,1.1592,1.1563,1.1603,1.1508,,0.34%
03/02/2018,1.1553,1.1555,1.1564,1.1494,,0.01%
03/01/2018,1.1552,1.1519,1.1564,1.1511,,0.33%
02/28/2018,1.1514,1.1487,1.1536,1.1482,,0.28%
02/27/2018,1.1482,1.1555,1.1565,1.1482,,-0.59%
02/26/2018,1.155,1.1521,1.1559,1.1494,,0.31%
02/23/2018,1.1514,1.1501,1.1526,1.1489,,0.15%
02/22/2018,1.1497,1.1533,1.1547,1.1497,,-0.29%
02/21/2018,1.153,1.155,1.1564,1.153,,-0.14%
02/20/2018,1.1546,1.1529,1.1561,1.1515,,0.18%
02/19/2018,1.1525,1.1513,1.154,1.1502,,0.17%
02/16/2018,1.1506,1.1532,1.155,1.1503,,-0.19%
02/15/2018,1.1528,1.1568,1.1582,1.1516,,-0.30%
02/14/2018,1.1563,1.1547,1.1588,1.1492,,0.18%
02/13/2018,1.1542,1.1547,1.1565,1.1506,,0.01%
02/12/2018,1.1541,1.152,1.1552,1.1485,,0.37%
02/09/2018,1.1498,1.1462,1.1531,1.1449,,0.34%
02/08/2018,1.1459,1.1572,1.1598,1.1448,,-0.96%
02/07/2018,1.157,1.1584,1.1622,1.1557,,-0.09%
02/06/2018,1.1581,1.1521,1.1631,1.1512,,0.54%
02/05/2018,1.1519,1.1601,1.1644,1.1507,,-0.70%
02/02/2018,1.16,1.159,1.1625,1.1577,,0.13%
02/01/2018,1.1585,1.1563,1.1611,1.1548,,0.16%
01/31/2018,1.1566,1.1587,1.1641,1.1543,,-0.15%
01/30/2018,1.1583,1.161,1.1623,1.1567,,-0.19%
01/29/2018,1.1605,1.1603,1.164,1.1538,,0.10%
01/26/2018,1.1593,1.1665,1.1688,1.1587,,-0.59%
01/25/2018,1.1662,1.173,1.1741,1.1625,,-0.54%
01/24/2018,1.1725,1.1778,1.1785,1.1684,,-0.43%
01/23/2018,1.1776,1.1795,1.1802,1.1765,,-0.11%
01/22/2018,1.1789,1.1813,1.182,1.175,,0.20%
01/19/2018,1.1765,1.1737,1.1776,1.171,,0.28%
01/18/2018,1.1732,1.1767,1.1778,1.1726,,-0.26%
01/17/2018,1.1763,1.1764,1.1809,1.1751,,0.02%
01/16/2018,1.1761,1.1811,1.1832,1.1759,,-0.38%
01/15/2018,1.1806,1.181,1.1835,1.1782,,0.09%
01/12/2018,1.1795,1.1743,1.1807,1.1738,,0.48%
01/11/2018,1.1739,1.1692,1.1759,1.1685,,0.48%
01/10/2018,1.1683,1.1738,1.1751,1.1685,,-0.43%
01/09/2018,1.1734,1.1694,1.1743,1.1688,,0.38%
01/08/2018,1.1689,1.1731,1.1749,1.1683,,-0.32%
01/05/2018,1.1727,1.1761,1.1789,1.173,,-0.26%
01/04/2018,1.1758,1.1738,1.1779,1.1732,,0.20%
01/03/2018,1.1734,1.1715,1.1769,1.17,,0.19%
01/02/2018,1.1712,1.1706,1.1732,1.169,,0.11%
01/01/2018,1.1699,1.1694,1.1707,1.1689,,0.09%
12/29/2017,1.1688,1.1688,1.1728,1.1669,,0.04%
12/28/2017,1.1683,1.1726,1.174,1.1679,,-0.32%
12/27/2017,1.1721,1.1729,1.178,1.1722,,-0.04%
12/26/2017,1.1726,1.1732,1.1757,1.1725,,-0.03%
12/25/2017,1.173,1.1722,1.1747,1.1707,,0.02%
12/22/2017,1.1728,1.1736,1.1749,1.1694,,-0.05%
12/21/2017,1.1734,1.1718,1.1753,1.1696,,0.15%
12/20/2017,1.1717,1.166,1.1723,1.1654,,0.52%
12/19/2017,1.1656,1.1614,1.168,1.1608,,0.40%
12/18/2017,1.161,1.1644,1.1671,1.1609,,-0.24%
12/15/2017,1.1638,1.1651,1.169,1.1637,,-0.08%
12/14/2017,1.1647,1.1654,1.1708,1.1635,,-0.04%
12/13/2017,1.1652,1.1644,1.1671,1.162,,0.10%
12/12/2017,1.164,1.1674,1.1688,1.1623,,-0.25%
12/11/2017,1.1669,1.1683,1.1701,1.1669,,-0.09%
12/08/2017,1.1679,1.1707,1.1724,1.1673,,-0.21%
12/07/2017,1.1703,1.1677,1.172,1.1669,,0.26%
12/06/2017,1.1673,1.1677,1.1703,1.1656,,0.00%
12/05/2017,1.1673,1.1688,1.1707,1.1658,,-0.09%
12/04/2017,1.1684,1.1602,1.1696,1.1585,,0.66%
12/01/2017,1.1607,1.1709,1.174,1.1597,,-0.83%
11/30/2017,1.1704,1.1668,1.1719,1.1647,,0.36%
11/29/2017,1.1662,1.1654,1.1685,1.1648,,0.09%
11/28/2017,1.1651,1.1679,1.1702,1.1644,,-0.21%
11/27/2017,1.1675,1.1691,1.1727,1.1671,,-0.10%
11/24/2017,1.1687,1.1633,1.17,1.1623,,0.49%
11/23/2017,1.163,1.1608,1.1645,1.1593,,0.22%
11/22/2017,1.1604,1.1637,1.1649,1.1584,,-0.28%
11/21/2017,1.1636,1.1658,1.1674,1.1616,,-0.16%
11/20/2017,1.1655,1.1656,1.1685,1.1589,,-0.01%
11/17/2017,1.1656,1.1702,1.1725,1.1654,,-0.35%
11/16/2017,1.1697,1.1654,1.1707,1.1639,,0.40%
11/15/2017,1.165,1.1673,1.1692,1.1647,,-0.16%
11/14/2017,1.1669,1.1625,1.1679,1.1619,,0.42%
11/13/2017,1.162,1.1618,1.1633,1.1582,,0.07%
11/10/2017,1.1612,1.1572,1.1622,1.1555,,0.37%
11/09/2017,1.1569,1.1596,1.1622,1.1553,,-0.21%
11/08/2017,1.1593,1.1587,1.1604,1.1573,,0.09%
11/07/2017,1.1583,1.1582,1.16,1.1541,,0.04%
11/06/2017,1.1578,1.1618,1.1643,1.1574,,-0.30%
11/03/2017,1.1613,1.1651,1.167,1.161,,-0.28%
11/02/2017,1.1646,1.1658,1.1667,1.1623,,-0.06%
11/01/2017,1.1653,1.162,1.1668,1.161,,0.33%
10/31/2017,1.1615,1.1585,1.1635,1.1581,,0.29%
10/30/2017,1.1581,1.1576,1.1621,1.1569,,0.02%
10/27/2017,1.1579,1.1624,1.1652,1.1558,,-0.36%
10/26/2017,1.1621,1.1691,1.1716,1.1614,,-0.57%
10/25/2017,1.1688,1.1656,1.1707,1.1638,,0.31%
10/24/2017,1.1652,1.1572,1.1664,1.1569,,0.73%
10/23/2017,1.1568,1.1588,1.1606,1.1569,,-0.26%
10/20/2017,1.1598,1.1572,1.1631,1.1561,,0.27%
10/19/2017,1.1567,1.1572,1.1588,1.1525,,-0.01%
10/18/2017,1.1568,1.1513,1.1581,1.1506,,0.52%
10/17/2017,1.1508,1.1508,1.153,1.1484,,0.03%
10/16/2017,1.1504,1.1524,1.1528,1.1487,,-0.12%
10/13/2017,1.1518,1.1538,1.1557,1.151,,-0.16%
10/12/2017,1.1537,1.1546,1.1568,1.153,,-0.03%
10/11/2017,1.154,1.1514,1.1549,1.1498,,0.26%
10/10/2017,1.151,1.1503,1.1528,1.1496,,0.09%
10/09/2017,1.15,1.1471,1.1521,1.1461,,0.23%
10/06/2017,1.1474,1.1457,1.1502,1.1442,,0.17%
10/05/2017,1.1454,1.1467,1.1498,1.145,,-0.09%
10/04/2017,1.1464,1.1435,1.1485,1.1425,,0.29%
10/03/2017,1.1431,1.1435,1.1467,1.1429,,-0.02%
10/02/2017,1.1433,1.1442,1.1453,1.1386,,-0.01%
09/29/2017,1.1434,1.1435,1.1484,1.1427,,0.04%
09/28/2017,1.1429,1.1417,1.1476,1.141,,0.13%
09/27/2017,1.1414,1.1426,1.1463,1.1411,,-0.07%
09/26/2017,1.1422,1.1452,1.1491,1.1408,,-0.22%
09/25/2017,1.1447,1.1586,1.1593,1.1415,,-1.11%
09/22/2017,1.1576,1.1593,1.1626,1.1559,,-0.11%
09/21/2017,1.1589,1.1535,1.1607,1.1524,,0.50%
09/20/2017,1.1531,1.1547,1.1564,1.1511,,-0.10%
09/19/2017,1.1542,1.1495,1.1566,1.149,,0.46%
09/18/2017,1.1489,1.147,1.1503,1.1449,,0.25%
09/15/2017,1.146,1.148,1.1503,1.1449,,-0.15%
09/14/2017,1.1477,1.146,1.153,1.1437,,0.17%
09/13/2017,1.1457,1.1491,1.1515,1.1455,,-0.25%
09/12/2017,1.1486,1.1431,1.1504,1.1425,,0.53%
09/11/2017,1.1425,1.1372,1.1439,1.1345,,0.55%
09/08/2017,1.1363,1.1429,1.1437,1.1358,,-0.54%
09/07/2017,1.1425,1.1399,1.1485,1.1382,,0.28%
09/06/2017,1.1393,1.1382,1.1425,1.1365,,0.14%
09/05/2017,1.1377,1.1402,1.1423,1.1365,,-0.18%
09/04/2017,1.1398,1.1441,1.1471,1.1371,,-0.33%
09/01/2017,1.1436,1.1418,1.1467,1.1395,,0.20%
08/31/2017,1.1413,1.1452,1.1475,1.1409,,-0.30%
08/30/2017,1.1447,1.1439,1.1471,1.14,,0.09%
08/29/2017,1.1437,1.1443,1.1455,1.1359,,-0.02%
08/28/2017,1.1439,1.141,1.145,1.1365,,0.29%
08/25/2017,1.1406,1.1391,1.1414,1.1356,,0.18%
08/24/2017,1.1386,1.1398,1.142,1.1355,,-0.06%
08/23/2017,1.1393,1.1389,1.1426,1.1374,,0.07%
08/22/2017,1.1385,1.1367,1.1393,1.1342,,0.19%
08/21/2017,1.1363,1.1344,1.1382,1.132,,0.15%
08/18/2017,1.1346,1.1288,1.1364,1.1258,,0.53%
08/17/2017,1.1286,1.1366,1.1378,1.128,,-0.64%
08/16/2017,1.1359,1.1414,1.1447,1.1355,,-0.45%
08/15/2017,1.141,1.1452,1.1481,1.139,,-0.31%
08/14/2017,1.1446,1.1357,1.1464,1.1357,,0.69%
08/11/2017,1.1367,1.1331,1.1388,1.1271,,0.35%
08/10/2017,1.1327,1.1332,1.135,1.1299,,0.00%
08/09/2017,1.1327,1.1449,1.1456,1.1259,,-1.07%
08/08/2017,1.1449,1.1479,1.1504,1.1437,,-0.19%
08/07/2017,1.1471,1.1449,1.1506,1.1447,,0.21%
08/04/2017,1.1447,1.1496,1.1541,1.141,,-0.39%
08/03/2017,1.1492,1.151,1.1521,1.1459,,-0.14%
08/02/2017,1.1508,1.1397,1.1528,1.1389,,0.99%
08/01/2017,1.1395,1.1447,1.1454,1.1385,,-0.45%
07/31/2017,1.1447,1.1372,1.1459,1.1332,,0.58%
07/28/2017,1.1381,1.1267,1.1408,1.126,,1.04%
07/27/2017,1.1264,1.1157,1.1279,1.1151,,1.00%
07/26/2017,1.1152,1.1099,1.1178,1.1078,,0.56%
07/25/2017,1.109,1.102,1.1098,1.1012,,0.69%
07/24/2017,1.1014,1.1027,1.1052,1.1005,,-0.10%
07/21/2017,1.1025,1.1065,1.1092,1.1021,,-0.29%
07/20/2017,1.1057,1.1003,1.1079,1.0995,,0.53%
07/19/2017,1.0999,1.1033,1.1041,1.0986,,-0.27%
07/18/2017,1.1029,1.105,1.1073,1.1017,,-0.17%
07/17/2017,1.1048,1.1046,1.1061,1.1005,,0.02%
07/14/2017,1.1046,1.1025,1.1076,1.1015,,0.25%
07/13/2017,1.1019,1.1017,1.1042,1.0983,,0.06%
07/12/2017,1.1012,1.105,1.1062,1.0997,,-0.32%
07/11/2017,1.1047,1.1008,1.1064,1.1002,,0.39%
07/10/2017,1.1004,1.0983,1.1023,1.098,,0.15%
07/07/2017,1.0987,1.0973,1.1003,1.0963,,0.16%
07/06/2017,1.0969,1.0944,1.0995,1.0936,,0.27%
07/05/2017,1.0939,1.0955,1.0968,1.093,,-0.08%
07/04/2017,1.0948,1.0949,1.0962,1.0932,,0.02%
07/03/2017,1.0946,1.0945,1.096,1.0921,,0.02%
06/30/2017,1.0944,1.0937,1.0957,1.0919,,0.09%
06/29/2017,1.0934,1.0918,1.0951,1.0913,,0.18%
06/28/2017,1.0914,1.0889,1.0928,1.0882,,0.26%
06/27/2017,1.0886,1.0873,1.09,1.0862,,0.17%
06/26/2017,1.0868,1.086,1.089,1.0846,,0.18%
06/23/2017,1.0848,1.084,1.0863,1.0831,,0.11%
06/22/2017,1.0836,1.0861,1.0876,1.0831,,-0.19%
06/21/2017,1.0857,1.0857,1.0869,1.0842,,0.02%
06/20/2017,1.0855,1.0875,1.0886,1.0848,,-0.15%
06/19/2017,1.0871,1.0907,1.0921,1.0863,,-0.28%
06/16/2017,1.0901,1.0869,1.0911,1.0863,,0.35%
06/15/2017,1.0863,1.0893,1.0903,1.0865,,-0.22%
06/14/2017,1.0887,1.0861,1.0919,1.0846,,0.28%
06/13/2017,1.0857,1.0854,1.0865,1.0837,,0.08%
06/12/2017,1.0848,1.0855,1.0871,1.0841,,-0.02%
06/09/2017,1.085,1.0847,1.0876,1.0835,,0.07%
06/08/2017,1.0842,1.0863,1.0879,1.0837,,-0.14%
06/07/2017,1.0857,1.085,1.0869,1.0837,,0.11%
06/06/2017,1.0845,1.086,1.0871,1.0841,,-0.13%
06/05/2017,1.0859,1.0854,1.0875,1.0844,,0.06%
06/02/2017,1.0852,1.0895,1.0916,1.0854,,-0.33%
06/01/2017,1.0888,1.0881,1.0906,1.0869,,0.10%
05/31/2017,1.0877,1.0903,1.0914,1.0867,,-0.21%
05/30/2017,1.09,1.0917,1.0925,1.0879,,-0.10%
05/29/2017,1.0911,1.0894,1.0921,1.0883,,0.15%
05/26/2017,1.0895,1.0907,1.0917,1.0875,,-0.07%
05/25/2017,1.0903,1.0919,1.0932,1.0888,,-0.10%
05/24/2017,1.0914,1.0916,1.0939,1.0899,,0.01%
05/23/2017,1.0913,1.094,1.0947,1.0901,,-0.23%
05/22/2017,1.0938,1.0893,1.0951,1.088,,0.41%
05/19/2017,1.0893,1.088,1.0932,1.0875,,0.16%
05/18/2017,1.0876,1.0924,1.0932,1.0864,,-0.41%
05/17/2017,1.0921,1.0928,1.0933,1.0888,,-0.04%
05/16/2017,1.0925,1.0937,1.0962,1.0921,,-0.06%
05/15/2017,1.0932,1.0934,1.0956,1.0928,,-0.01%
05/12/2017,1.0933,1.0947,1.0991,1.092,,-0.10%
05/11/2017,1.0944,1.0965,1.0977,1.0929,,-0.16%
05/10/2017,1.0962,1.0953,1.0977,1.0936,,0.12%
05/09/2017,1.0949,1.0912,1.0982,1.09,,0.38%
05/08/2017,1.0908,1.0881,1.0921,1.0846,,0.53%
05/05/2017,1.085,1.0835,1.0868,1.0823,,0.18%
05/04/2017,1.0831,1.0827,1.0858,1.0816,,0.08%
05/03/2017,1.0822,1.0837,1.0845,1.0791,,-0.12%
05/02/2017,1.0835,1.0859,1.0876,1.0812,,-0.18%
05/01/2017,1.0855,1.0855,1.0865,1.0824,,0.13%
04/28/2017,1.0841,1.0808,1.085,1.0797,,0.33%
04/27/2017,1.0805,1.0829,1.0854,1.08,,-0.20%
04/26/2017,1.0827,1.0857,1.0873,1.0815,,-0.24%
04/25/2017,1.0853,1.0821,1.0872,1.0812,,0.32%
04/24/2017,1.0818,1.0821,1.084,1.0778,,1.28%
04/21/2017,1.0681,1.0704,1.0714,1.0669,,-0.19%
04/20/2017,1.0701,1.0695,1.0723,1.0683,,0.10%
04/19/2017,1.069,1.0693,1.0701,1.0675,,0.02%
04/18/2017,1.0688,1.069,1.07,1.0675,,0.02%
04/17/2017,1.0686,1.0673,1.0695,1.0654,,0.21%
04/14/2017,1.0664,1.0679,1.0688,1.0656,,-0.12%
04/13/2017,1.0677,1.0698,1.0705,1.0667,,-0.18%
04/12/2017,1.0696,1.0684,1.0704,1.0664,,0.17%
04/11/2017,1.0678,1.0688,1.0703,1.0665,,-0.04%
04/10/2017,1.0682,1.0688,1.0701,1.0674,,0.01%
04/07/2017,1.0681,1.0696,1.0726,1.0676,,-0.10%
04/06/2017,1.0692,1.0715,1.0724,1.0692,,-0.21%
04/05/2017,1.0714,1.0695,1.0731,1.0688,,0.21%
04/04/2017,1.0692,1.0688,1.0701,1.0667,,0.09%
04/03/2017,1.0682,1.0694,1.0699,1.0671,,0.00%
03/31/2017,1.0682,1.0688,1.0712,1.0681,,-0.04%
03/30/2017,1.0686,1.073,1.0734,1.0684,,-0.39%
03/29/2017,1.0728,1.0732,1.0739,1.07,,-0.01%
03/28/2017,1.0729,1.0709,1.0737,1.0683,,0.22%
03/27/2017,1.0705,1.0704,1.075,1.0688,,0.04%
03/24/2017,1.0701,1.0711,1.0724,1.0694,,-0.06%
03/23/2017,1.0707,1.0703,1.0726,1.0692,,0.07%
03/22/2017,1.07,1.0744,1.0748,1.0684,,-0.38%
03/21/2017,1.0741,1.0726,1.0765,1.0713,,0.19%
03/20/2017,1.0721,1.0724,1.0749,1.0703,,0.01%
03/17/2017,1.072,1.0727,1.0747,1.0691,,-0.03%
03/16/2017,1.0723,1.0738,1.0755,1.068,,-0.09%
03/15/2017,1.0733,1.0711,1.0744,1.0698,,0.24%
03/14/2017,1.0707,1.073,1.0749,1.0706,,-0.21%
03/13/2017,1.0729,1.0791,1.0827,1.0723,,-0.50%
03/10/2017,1.0783,1.0705,1.0803,1.0697,,0.77%
03/09/2017,1.0701,1.0698,1.0755,1.0686,,0.08%
03/08/2017,1.0692,1.0709,1.0717,1.0681,,-0.12%
03/07/2017,1.0705,1.0709,1.0751,1.07,,0.04%
03/06/2017,1.0701,1.0698,1.0724,1.0682,,0.01%
03/03/2017,1.07,1.0646,1.0719,1.0639,,0.53%
03/02/2017,1.0644,1.0642,1.0659,1.0635,,0.06%
03/01/2017,1.0638,1.0637,1.0665,1.0633,,0.04%
02/28/2017,1.0634,1.0684,1.0694,1.0633,,-0.40%
02/27/2017,1.0677,1.0643,1.0692,1.0628,,0.38%
02/24/2017,1.0637,1.065,1.0664,1.0632,,-0.02%
02/23/2017,1.0639,1.0668,1.0683,1.0642,,-0.23%
02/22/2017,1.0663,1.0639,1.0684,1.0627,,0.25%
02/21/2017,1.0636,1.0643,1.0657,1.0628,,0.04%
02/20/2017,1.0632,1.0646,1.0668,1.0632,,-0.06%
02/17/2017,1.0638,1.0643,1.0657,1.0629,,-0.01%
02/16/2017,1.0639,1.066,1.0668,1.0636,,-0.12%
02/15/2017,1.0652,1.0642,1.0671,1.0634,,0.16%
02/14/2017,1.0635,1.0658,1.0679,1.0639,,-0.16%
02/13/2017,1.0652,1.0657,1.0686,1.065,,-0.07%
02/10/2017,1.0659,1.0674,1.0689,1.0652,,-0.10%
02/09/2017,1.067,1.0641,1.0686,1.0625,,0.32%
02/08/2017,1.0636,1.0656,1.0669,1.0627,,-0.12%
02/07/2017,1.0649,1.0653,1.0673,1.0638,,0.04%
02/06/2017,1.0645,1.071,1.0721,1.0643,,-0.50%
02/03/2017,1.0699,1.068,1.0717,1.0669,,0.23%
02/02/2017,1.0674,1.0695,1.0705,1.0671,,-0.15%
02/01/2017,1.069,1.0683,1.0704,1.0664,,0.10%
01/31/2017,1.0679,1.0646,1.069,1.0636,,0.38%
01/30/2017,1.0639,1.0681,1.0707,1.0634,,-0.41%
01/27/2017,1.0683,1.0682,1.0708,1.067,,0.07%
01/26/2017,1.0675,1.074,1.0753,1.0668,,-0.57%
01/25/2017,1.0736,1.0742,1.076,1.0724,,0.00%
01/24/2017,1.0736,1.0726,1.0757,1.0719,,0.14%
01/23/2017,1.0721,1.0719,1.0747,1.0709,,0.08%
01/20/2017,1.0712,1.0731,1.0745,1.0713,,-0.14%
01/19/2017,1.0727,1.071,1.0744,1.0698,,0.19%
01/18/2017,1.0707,1.073,1.0744,1.0697,,-0.14%
01/17/2017,1.0722,1.073,1.074,1.0696,,-0.07%
01/16/2017,1.0729,1.0714,1.0747,1.0693,,0.00%
01/13/2017,1.0729,1.0729,1.0747,1.0705,,0.10%
01/12/2017,1.0718,1.073,1.0751,1.0707,,-0.07%
01/11/2017,1.0726,1.0733,1.0745,1.07,,0.03%
01/10/2017,1.0723,1.0734,1.0756,1.0719,,-0.04%
01/09/2017,1.0727,1.0728,1.0742,1.0702,,0.08%
01/06/2017,1.0718,1.0711,1.0762,1.0697,,0.12%
01/05/2017,1.0705,1.0708,1.0745,1.0688,,0.07%
01/04/2017,1.0698,1.069,1.0737,1.0678,,0.13%
01/03/2017,1.0684,1.0701,1.0727,1.0677,,-0.17%
01/02/2017,1.0702,1.0724,1.0744,1.0693,,0.02%
12/30/2016,1.07,1.0733,1.0783,1.0704,,-0.24%
12/29/2016,1.0726,1.071,1.0745,1.0695,,0.20%
12/28/2016,1.0705,1.0751,1.0765,1.0697,,-0.33%
12/27/2016,1.074,1.0739,1.0766,1.0724,,0.08%
12/26/2016,1.0731,1.073,1.0749,1.0713,,0.05%
12/23/2016,1.0726,1.0705,1.0746,1.0696,,0.23%
12/22/2016,1.0701,1.0704,1.0736,1.0683,,0.04%
12/21/2016,1.0697,1.0689,1.0715,1.0676,,0.18%
12/20/2016,1.0678,1.0688,1.0706,1.0673,,-0.03%
12/19/2016,1.0681,1.0719,1.0743,1.0675,,-0.29%
12/16/2016,1.0712,1.073,1.0764,1.0707,,-0.09%
12/15/2016,1.0722,1.0749,1.0775,1.0715,,-0.24%
12/14/2016,1.0748,1.0755,1.0789,1.0724,,-0.03%
12/13/2016,1.0751,1.0775,1.0805,1.0727,,-0.19%
12/12/2016,1.0771,1.074,1.0795,1.0716,,0.25%
12/09/2016,1.0744,1.0789,1.0813,1.0722,,-0.37%
12/08/2016,1.0784,1.0833,1.0905,1.0774,,-0.38%
12/07/2016,1.0825,1.0827,1.0855,1.0812,,0.03%
12/06/2016,1.0822,1.0833,1.0859,1.0806,,-0.02%
12/05/2016,1.0824,1.079,1.0859,1.0685,,0.34%
12/02/2016,1.0787,1.0776,1.0807,1.0733,,0.16%
12/01/2016,1.077,1.0767,1.0803,1.0744,,0.00%
11/30/2016,1.077,1.0775,1.082,1.0759,,0.00%
11/29/2016,1.077,1.0754,1.0792,1.0732,,0.20%
11/28/2016,1.0749,1.0742,1.0775,1.0725,,0.25%
11/25/2016,1.0722,1.0734,1.0776,1.0719,,-0.07%
11/24/2016,1.073,1.073,1.0768,1.0711,,0.01%
11/23/2016,1.0729,1.0747,1.0772,1.0705,,-0.14%
11/22/2016,1.0744,1.0719,1.0757,1.071,,0.27%
11/21/2016,1.0715,1.0697,1.0745,1.0692,,0.30%
11/18/2016,1.0683,1.0703,1.0728,1.0681,,-0.14%
11/17/2016,1.0698,1.0711,1.0751,1.069,,-0.09%
11/16/2016,1.0708,1.0741,1.0764,1.0701,,-0.28%
11/15/2016,1.0738,1.0717,1.0764,1.0703,,0.23%
11/14/2016,1.0713,1.0727,1.0755,1.0683,,-0.01%
11/11/2016,1.0714,1.0752,1.0773,1.07,,-0.27%
11/10/2016,1.0743,1.0739,1.0782,1.0732,,0.07%
11/09/2016,1.0736,1.0782,1.0838,1.0732,,-0.34%
11/08/2016,1.0773,1.0756,1.0798,1.0751,,0.20%
11/07/2016,1.0751,1.0787,1.0837,1.0751,,-0.30%
11/04/2016,1.0783,1.0817,1.084,1.0763,,-0.24%
11/03/2016,1.0809,1.0801,1.0831,1.077,,0.16%
11/02/2016,1.0792,1.0785,1.0812,1.075,,0.12%
11/01/2016,1.0779,1.086,1.0879,1.076,,-0.72%
10/31/2016,1.0857,1.0863,1.0876,1.0812,,0.06%
10/28/2016,1.0851,1.0827,1.0869,1.0817,,0.30%
10/27/2016,1.0819,1.0837,1.0858,1.0822,,-0.13%
10/26/2016,1.0833,1.0826,1.0852,1.0816,,0.12%
10/25/2016,1.082,1.0812,1.0864,1.08,,0.18%
10/24/2016,1.0801,1.0821,1.0836,1.0794,,-0.07%
10/21/2016,1.0809,1.0851,1.087,1.0802,,-0.32%
10/20/2016,1.0844,1.0851,1.0882,1.0829,,-0.06%
10/19/2016,1.085,1.087,1.0888,1.0842,,-0.10%
10/18/2016,1.0861,1.0881,1.0901,1.086,,-0.15%
10/17/2016,1.0877,1.0865,1.0895,1.085,,0.17%
10/14/2016,1.0858,1.0904,1.0923,1.086,,-0.37%
10/13/2016,1.0898,1.0904,1.0926,1.0866,,-0.02%
10/12/2016,1.09,1.093,1.0945,1.0887,,-0.19%
10/11/2016,1.0921,1.0944,1.0968,1.0916,,-0.15%
10/10/2016,1.0937,1.0959,1.0977,1.0928,,-0.03%
10/07/2016,1.094,1.0935,1.0968,1.0907,,0.08%
10/06/2016,1.0931,1.0917,1.0955,1.0905,,0.18%
10/05/2016,1.0911,1.0969,1.0981,1.0909,,-0.45%
10/04/2016,1.096,1.0914,1.0982,1.0901,,0.46%
10/03/2016,1.091,1.0917,1.0936,1.0891,,-0.06%
09/30/2016,1.0917,1.0843,1.0937,1.0806,,0.72%
09/29/2016,1.0839,1.0892,1.0913,1.0828,,-0.44%
09/28/2016,1.0887,1.0888,1.0908,1.0871,,0.03%
09/27/2016,1.0884,1.0908,1.0931,1.0864,,-0.17%
09/26/2016,1.0902,1.0909,1.0916,1.0873,,0.08%
09/23/2016,1.0893,1.0858,1.0918,1.0846,,0.39%
09/22/2016,1.0851,1.0902,1.0921,1.0853,,-0.33%
09/21/2016,1.0887,1.0923,1.0943,1.0871,,-0.30%
09/20/2016,1.092,1.0951,1.0968,1.0911,,-0.26%
09/19/2016,1.0948,1.0947,1.0965,1.0922,,0.08%
09/16/2016,1.0939,1.0928,1.096,1.0915,,0.16%
09/15/2016,1.0921,1.0951,1.0973,1.0916,,-0.23%
09/14/2016,1.0946,1.0954,1.0989,1.0933,,-0.03%
09/13/2016,1.0949,1.0919,1.0975,1.0908,,0.32%
09/12/2016,1.0914,1.0964,1.0978,1.0913,,-0.30%
09/09/2016,1.0947,1.0953,1.0981,1.0941,,-0.01%
09/08/2016,1.0948,1.0901,1.097,1.089,,0.45%
09/07/2016,1.0899,1.0913,1.0933,1.0883,,-0.05%
09/06/2016,1.0904,1.0924,1.0949,1.0903,,-0.12%
09/05/2016,1.0917,1.0936,1.0949,1.0917,,-0.15%
09/02/2016,1.0933,1.0976,1.0994,1.0926,,-0.30%
09/01/2016,1.0966,1.0979,1.1006,1.0953,,-0.05%
08/31/2016,1.0971,1.0963,1.0995,1.0934,,0.15%
08/30/2016,1.0955,1.0947,1.0978,1.093,,0.11%
08/29/2016,1.0943,1.0942,1.0961,1.0921,,-0.16%
08/26/2016,1.0961,1.0919,1.0974,1.0886,,0.48%
08/25/2016,1.0909,1.0892,1.0935,1.0879,,0.23%
08/24/2016,1.0884,1.0891,1.0909,1.0865,,0.05%
08/23/2016,1.0879,1.0894,1.0916,1.0874,,-0.07%
08/22/2016,1.0887,1.0871,1.0909,1.0852,,0.05%
08/19/2016,1.0882,1.0833,1.0893,1.0824,,0.50%
08/18/2016,1.0828,1.086,1.0884,1.0826,,-0.20%
08/17/2016,1.085,1.085,1.0881,1.0829,,0.08%
08/16/2016,1.0841,1.088,1.0906,1.0832,,-0.30%
08/15/2016,1.0874,1.0893,1.0907,1.0865,,0.03%
08/12/2016,1.0871,1.0864,1.0905,1.085,,0.12%
08/11/2016,1.0858,1.0899,1.0919,1.0847,,-0.28%
08/10/2016,1.0889,1.0911,1.093,1.0889,,-0.14%
08/09/2016,1.0904,1.0895,1.0926,1.0882,,0.14%
08/08/2016,1.0889,1.0863,1.0911,1.0851,,0.21%
08/05/2016,1.0866,1.0843,1.0903,1.0827,,0.30%
08/04/2016,1.0834,1.085,1.0869,1.0822,,-0.08%
08/03/2016,1.0843,1.0823,1.0867,1.0812,,0.23%
08/02/2016,1.0818,1.081,1.0839,1.0797,,0.13%
08/01/2016,1.0804,1.084,1.0843,1.079,,-0.18%
07/29/2016,1.0824,1.0864,1.089,1.0786,,-0.33%
07/28/2016,1.086,1.0904,1.0938,1.0855,,-0.32%
07/27/2016,1.0895,1.0904,1.0942,1.0891,,-0.02%
07/26/2016,1.0897,1.0841,1.0911,1.0825,,0.64%
07/25/2016,1.0828,1.0827,1.0854,1.0814,,-0.01%
07/22/2016,1.0829,1.0869,1.0891,1.0825,,-0.31%
07/21/2016,1.0863,1.0876,1.0909,1.0855,,-0.06%
07/20/2016,1.0869,1.0864,1.0896,1.084,,0.09%
07/19/2016,1.0859,1.088,1.0905,1.0833,,-0.14%
07/18/2016,1.0874,1.0853,1.09,1.0841,,0.33%
07/15/2016,1.0838,1.0908,1.0926,1.0833,,-0.57%
07/14/2016,1.09,1.0928,1.0946,1.0877,,-0.17%
07/13/2016,1.0919,1.0937,1.0962,1.0895,,-0.12%
07/12/2016,1.0932,1.0869,1.0953,1.0859,,0.65%
07/11/2016,1.0861,1.0867,1.0884,1.0839,,0.00%
07/08/2016,1.0861,1.0823,1.0885,1.0813,,0.40%
07/07/2016,1.0818,1.0821,1.0846,1.0802,,0.04%
07/06/2016,1.0814,1.0819,1.0845,1.0791,,-0.02%
07/05/2016,1.0816,1.0836,1.0853,1.0799,,-0.09%
07/04/2016,1.0826,1.0844,1.086,1.0814,,-0.04%
07/01/2016,1.083,1.084,1.0867,1.0815,,-0.06%
06/30/2016,1.0836,1.0899,1.0919,1.0796,,-0.54%
06/29/2016,1.0895,1.0869,1.0912,1.0831,,0.27%
06/28/2016,1.0866,1.0787,1.0882,1.0767,,0.78%
06/27/2016,1.0782,1.078,1.0812,1.0708,,-0.31%
06/24/2016,1.0816,1.0915,1.1027,1.0616,,-0.83%
06/23/2016,1.0907,1.0828,1.0937,1.0825,,0.77%
06/22/2016,1.0824,1.0822,1.0857,1.08,,0.15%
06/21/2016,1.0808,1.0886,1.0911,1.0795,,-0.67%
06/20/2016,1.0881,1.0835,1.0915,1.0834,,0.61%
06/17/2016,1.0815,1.0833,1.0882,1.0805,,-0.10%
06/16/2016,1.0826,1.0823,1.0867,1.0771,,0.06%
06/15/2016,1.0819,1.0796,1.0865,1.0788,,0.25%
06/14/2016,1.0792,1.089,1.0902,1.0786,,-0.86%
06/13/2016,1.0886,1.0854,1.0926,1.0829,,0.39%
06/10/2016,1.0844,1.0915,1.093,1.0841,,-0.58%
06/09/2016,1.0907,1.093,1.0947,1.0882,,-0.16%
06/08/2016,1.0925,1.0963,1.0989,1.0921,,-0.26%
06/07/2016,1.0954,1.1019,1.1038,1.0956,,-0.51%
06/06/2016,1.101,1.1095,1.1106,1.1013,,-0.69%
06/03/2016,1.1087,1.1044,1.1115,1.1026,,0.47%
06/02/2016,1.1035,1.1056,1.1076,1.1031,,-0.13%
06/01/2016,1.1049,1.1061,1.1082,1.1016,,-0.06%
05/31/2016,1.1056,1.1052,1.1078,1.1026,,0.04%
05/30/2016,1.1052,1.1053,1.1078,1.1039,,-0.01%
05/27/2016,1.1053,1.1075,1.1093,1.1035,,-0.15%
05/26/2016,1.107,1.1058,1.109,1.1047,,0.17%
05/25/2016,1.1051,1.1067,1.1087,1.1034,,-0.08%
05/24/2016,1.106,1.1104,1.112,1.1054,,-0.33%
05/23/2016,1.1097,1.1119,1.1127,1.1089,,-0.08%
05/20/2016,1.1106,1.1099,1.1134,1.1088,,0.14%
05/19/2016,1.1091,1.1081,1.1114,1.1063,,0.15%
05/18/2016,1.1074,1.1095,1.1109,1.106,,-0.11%
05/17/2016,1.1086,1.1069,1.1106,1.1053,,0.24%
05/16/2016,1.1059,1.1026,1.1085,1.1017,,0.32%
05/13/2016,1.1024,1.104,1.1057,1.1009,,-0.10%
05/12/2016,1.1035,1.1096,1.1116,1.1021,,-0.44%
05/11/2016,1.1084,1.1101,1.1118,1.1076,,-0.07%
05/10/2016,1.1092,1.1055,1.1112,1.1047,,0.42%
05/09/2016,1.1046,1.1089,1.1094,1.1032,,-0.33%
05/06/2016,1.1083,1.104,1.1106,1.1027,,0.45%
05/05/2016,1.1033,1.1002,1.1054,1.0986,,0.36%
05/04/2016,1.0993,1.0972,1.1013,1.0964,,0.28%
05/03/2016,1.0962,1.101,1.1023,1.0956,,-0.36%
05/02/2016,1.1002,1.0973,1.1024,1.0968,,0.11%
04/29/2016,1.099,1.0975,1.1001,1.0952,,0.20%
04/28/2016,1.0968,1.0996,1.1014,1.096,,-0.17%
04/27/2016,1.0987,1.1,1.1024,1.0979,,-0.05%
04/26/2016,1.0992,1.0985,1.1012,1.0975,,0.11%
04/25/2016,1.098,1.0989,1.1001,1.0961,,-0.02%
04/22/2016,1.0982,1.101,1.102,1.0974,,-0.18%
04/21/2016,1.1002,1.0982,1.1024,1.0959,,0.24%
04/20/2016,1.0976,1.0924,1.0998,1.0913,,0.53%
04/19/2016,1.0918,1.0909,1.0935,1.0895,,0.16%
04/18/2016,1.0901,1.0931,1.0953,1.0897,,-0.06%
04/15/2016,1.0907,1.0896,1.094,1.088,,0.19%
04/14/2016,1.0886,1.0901,1.0918,1.0864,,-0.10%
04/13/2016,1.0897,1.0876,1.0916,1.0864,,0.28%
04/12/2016,1.0867,1.0884,1.0909,1.0865,,-0.11%
04/11/2016,1.0879,1.0865,1.0903,1.0858,,0.07%
04/08/2016,1.0871,1.0873,1.0901,1.0856,,0.03%
04/07/2016,1.0868,1.0895,1.0914,1.0841,,-0.21%
04/06/2016,1.0891,1.0884,1.0924,1.0875,,0.10%
04/05/2016,1.088,1.0925,1.0942,1.0876,,-0.38%
04/04/2016,1.0921,1.0929,1.0942,1.0906,,0.18%
04/01/2016,1.0901,1.0946,1.0961,1.0886,,-0.31%
03/31/2016,1.0935,1.0941,1.096,1.0903,,-0.01%
03/30/2016,1.0936,1.0916,1.0958,1.0888,,0.27%
03/29/2016,1.0907,1.0903,1.0938,1.0881,,0.11%
03/28/2016,1.0895,1.0914,1.0929,1.0894,,-0.11%
03/25/2016,1.0907,1.0903,1.0933,1.0882,,0.08%
03/24/2016,1.0898,1.0905,1.0922,1.0872,,-0.03%
03/23/2016,1.0901,1.0911,1.0932,1.0871,,-0.02%
03/22/2016,1.0903,1.0903,1.093,1.0871,,0.06%
03/21/2016,1.0896,1.0935,1.0949,1.0889,,-0.27%
03/18/2016,1.0926,1.0952,1.0963,1.0902,,-0.17%
03/17/2016,1.0945,1.0966,1.1004,1.0918,,-0.16%
03/16/2016,1.0962,1.0966,1.0987,1.0936,,0.00%
03/15/2016,1.0962,1.0965,1.0982,1.094,,0.01%
03/14/2016,1.0961,1.0969,1.0995,1.094,,0.05%
03/11/2016,1.0955,1.1011,1.1028,1.0933,,-0.43%
03/10/2016,1.1002,1.0976,1.1033,1.0889,,0.30%
03/09/2016,1.0969,1.0965,1.1007,1.0942,,0.13%
03/08/2016,1.0955,1.0963,1.0981,1.0914,,-0.03%
03/07/2016,1.0958,1.0941,1.0984,1.0909,,0.27%
03/04/2016,1.0928,1.088,1.0954,1.0848,,0.52%
03/03/2016,1.0872,1.0838,1.0886,1.0823,,0.42%
03/02/2016,1.0826,1.084,1.0867,1.0814,,-0.04%
03/01/2016,1.083,1.0856,1.0885,1.082,,-0.18%
02/29/2016,1.0849,1.0894,1.0933,1.0808,,-0.39%
02/26/2016,1.0891,1.0917,1.0949,1.0884,,-0.18%
02/25/2016,1.0911,1.0892,1.0955,1.0885,,0.22%
02/24/2016,1.0887,1.0924,1.0955,1.0862,,-0.26%
02/23/2016,1.0915,1.1027,1.1041,1.0911,,-0.96%
02/22/2016,1.1021,1.1019,1.1037,1.0987,,0.03%
02/19/2016,1.1018,1.1029,1.1056,1.0995,,-0.04%
02/18/2016,1.1022,1.1044,1.1065,1.1016,,-0.14%
02/17/2016,1.1037,1.1018,1.1069,1.1001,,0.27%
02/16/2016,1.1007,1.1013,1.1041,1.1003,,0.02%
02/15/2016,1.1005,1.0996,1.1042,1.0959,,0.07%
02/12/2016,1.0997,1.1022,1.1029,1.0962,,-0.15%
02/11/2016,1.1013,1.0993,1.105,1.0945,,0.20%
02/10/2016,1.0991,1.0986,1.101,1.0947,,0.11%
02/09/2016,1.0979,1.1053,1.1071,1.0953,,-0.60%
02/08/2016,1.1045,1.1065,1.11,1.1016,,-0.05%
02/05/2016,1.105,1.1133,1.1145,1.1031,,-0.67%
02/04/2016,1.1125,1.1151,1.1208,1.1111,,-0.19%
02/03/2016,1.1146,1.1123,1.1172,1.1096,,0.27%
02/02/2016,1.1116,1.1105,1.1167,1.1095,,0.19%
02/01/2016,1.1095,1.1085,1.1123,1.1058,,0.14%
01/29/2016,1.108,1.109,1.117,1.1054,,-0.04%
01/28/2016,1.1084,1.1058,1.1117,1.1044,,0.30%
01/27/2016,1.1051,1.1056,1.1087,1.1026,,0.03%
01/26/2016,1.1048,1.0987,1.1067,1.0981,,0.62%
01/25/2016,1.098,1.0973,1.1015,1.0952,,0.16%
01/22/2016,1.0962,1.0953,1.0994,1.0919,,0.14%
01/21/2016,1.0947,1.0943,1.098,1.0911,,0.12%
01/20/2016,1.0934,1.0947,1.0987,1.0905,,-0.02%
01/19/2016,1.0936,1.0951,1.0974,1.0909,,-0.05%
01/18/2016,1.0941,1.0946,1.0974,1.0925,,0.05%
01/15/2016,1.0936,1.092,1.097,1.0909,,0.22%
01/14/2016,1.0912,1.0941,1.0987,1.091,,-0.21%
01/13/2016,1.0935,1.0881,1.0961,1.0867,,0.56%
01/12/2016,1.0874,1.0881,1.0897,1.084,,-0.01%
01/11/2016,1.0875,1.0871,1.0897,1.0836,,0.05%
01/08/2016,1.087,1.0861,1.0909,1.0839,,0.09%
01/07/2016,1.086,1.0862,1.0892,1.0838,,0.06%
01/06/2016,1.0853,1.0841,1.0881,1.0823,,0.18%
01/05/2016,1.0833,1.0854,1.0884,1.083,,-0.12%
01/04/2016,1.0846,1.0875,1.0906,1.0832,,-0.21%
01/01/2016,1.0869,1.0883,1.0891,1.0861,,-0.10%
12/31/2015,1.088,1.0812,1.0903,1.0789,,0.75%
12/30/2015,1.0799,1.0844,1.086,1.0772,,-0.37%
12/29/2015,1.0839,1.0841,1.0865,1.0824,,0.09%
12/28/2015,1.0829,1.082,1.0859,1.0806,,-0.02%
12/25/2015,1.0831,1.0823,1.0842,1.0766,,0.11%
12/24/2015,1.0819,1.0811,1.0848,1.0734,,0.17%
12/23/2015,1.0801,1.0815,1.0832,1.0777,,-0.06%
12/22/2015,1.0807,1.0826,1.0854,1.0798,,-0.15%
12/21/2015,1.0823,1.0787,1.085,1.0768,,0.36%
12/18/2015,1.0784,1.0784,1.0806,1.0751,,0.11%
12/17/2015,1.0772,1.0802,1.0832,1.0753,,-0.27%
12/16/2015,1.0801,1.0833,1.0854,1.0736,,-0.30%
12/15/2015,1.0834,1.0831,1.0858,1.0799,,0.11%
12/14/2015,1.0822,1.0803,1.085,1.0763,,0.21%
12/11/2015,1.0799,1.0804,1.0848,1.0772,,-0.03%
12/10/2015,1.0802,1.0833,1.0856,1.0791,,-0.30%
12/09/2015,1.0834,1.0811,1.0866,1.0791,,0.27%
12/08/2015,1.0805,1.0835,1.0865,1.0795,,-0.25%
12/07/2015,1.0832,1.0834,1.0883,1.0811,,-0.12%
12/04/2015,1.0845,1.0869,1.0926,1.0823,,-0.13%
12/03/2015,1.0859,1.0815,1.0949,1.0782,,0.52%
12/02/2015,1.0803,1.0909,1.0926,1.0803,,-0.94%
12/01/2015,1.0905,1.0871,1.0943,1.085,,0.37%
11/30/2015,1.0865,1.0919,1.0922,1.084,,-0.42%
11/27/2015,1.0911,1.0862,1.0933,1.083,,0.53%
11/26/2015,1.0854,1.086,1.0885,1.0837,,0.02%
11/25/2015,1.0852,1.0823,1.0871,1.0805,,0.31%
11/24/2015,1.0818,1.0834,1.0859,1.0804,,-0.10%
11/23/2015,1.0829,1.0841,1.0862,1.0808,,-0.07%
11/20/2015,1.0837,1.0871,1.0888,1.0828,,-0.24%
11/19/2015,1.0863,1.0871,1.0907,1.0855,,-0.05%
11/18/2015,1.0868,1.0796,1.0884,1.078,,0.71%
11/17/2015,1.0791,1.0787,1.0827,1.0751,,0.09%
11/16/2015,1.0781,1.0815,1.0844,1.0777,,-0.58%
11/13/2015,1.0844,1.0814,1.0853,1.0775,,0.28%
11/12/2015,1.0814,1.0797,1.0835,1.0751,,0.23%
11/11/2015,1.0789,1.0794,1.0815,1.0765,,0.02%
11/10/2015,1.0787,1.079,1.0811,1.0757,,0.06%
11/09/2015,1.078,1.0803,1.0827,1.0764,,-0.25%
11/06/2015,1.0807,1.0831,1.0886,1.073,,-0.16%
11/05/2015,1.0824,1.0789,1.0852,1.0776,,0.32%
11/04/2015,1.0789,1.0871,1.0884,1.0778,,-0.67%
11/03/2015,1.0862,1.0871,1.0892,1.0841,,-0.06%
11/02/2015,1.0869,1.0875,1.0909,1.0852,,0.02%
10/30/2015,1.0867,1.0862,1.0929,1.0838,,0.07%
10/29/2015,1.0859,1.0856,1.0885,1.0833,,0.08%
10/28/2015,1.085,1.0892,1.0916,1.0824,,-0.38%
10/27/2015,1.0891,1.0878,1.0914,1.0845,,0.16%
10/26/2015,1.0874,1.0775,1.0887,1.075,,0.89%
10/23/2015,1.0778,1.0808,1.0835,1.0753,,-0.23%
10/22/2015,1.0803,1.0882,1.0909,1.0798,,-0.64%
10/21/2015,1.0873,1.0849,1.0898,1.0827,,0.30%
10/20/2015,1.084,1.0837,1.0862,1.0793,,0.06%
10/19/2015,1.0833,1.0824,1.0857,1.0803,,0.15%
10/16/2015,1.0817,1.0824,1.0859,1.0778,,-0.05%
10/15/2015,1.0822,1.0897,1.0913,1.0802,,-0.61%
10/14/2015,1.0888,1.09,1.0926,1.0872,,-0.05%
10/13/2015,1.0893,1.0926,1.0955,1.0885,,-0.28%
10/12/2015,1.0924,1.0924,1.0949,1.0905,,0.08%
10/09/2015,1.0915,1.0898,1.094,1.0842,,0.17%
10/08/2015,1.0896,1.0934,1.0958,1.0886,,-0.33%
10/07/2015,1.0932,1.0895,1.0959,1.0863,,0.36%
10/06/2015,1.0893,1.0913,1.0948,1.0892,,-0.12%
10/05/2015,1.0906,1.0886,1.0951,1.0885,,0.20%
10/02/2015,1.0884,1.0941,1.0989,1.0878,,-0.48%
10/01/2015,1.0936,1.0877,1.0951,1.0869,,0.60%
09/30/2015,1.0871,1.0928,1.0953,1.0874,,-0.48%
09/29/2015,1.0923,1.095,1.0965,1.0891,,-0.16%
09/28/2015,1.0941,1.0955,1.0975,1.0907,,-0.10%
09/25/2015,1.0952,1.095,1.0989,1.0886,,0.04%
09/24/2015,1.0948,1.0959,1.0976,1.0911,,-0.07%
09/23/2015,1.0956,1.0843,1.0972,1.0836,,1.13%
09/22/2015,1.0834,1.0875,1.0897,1.082,,-0.27%
09/21/2015,1.0863,1.0956,1.0968,1.084,,-0.77%
09/18/2015,1.0947,1.0978,1.0995,1.0894,,-0.18%
09/17/2015,1.0967,1.0965,1.1012,1.0935,,0.04%
09/16/2015,1.0963,1.0972,1.0999,1.0909,,-0.03%
09/15/2015,1.0966,1.0958,1.1003,1.0937,,0.13%
09/14/2015,1.0952,1.0991,1.1016,1.0932,,-0.29%
09/11/2015,1.0984,1.0978,1.1059,1.0962,,0.15%
09/10/2015,1.0968,1.0925,1.0992,1.0915,,0.43%
09/09/2015,1.0921,1.0962,1.0981,1.0873,,-0.33%
09/08/2015,1.0957,1.0894,1.0991,1.0869,,0.63%
09/07/2015,1.0888,1.0844,1.0905,1.0824,,0.56%
09/04/2015,1.0827,1.0827,1.0881,1.0796,,0.07%
09/03/2015,1.0819,1.0876,1.0923,1.0812,,-0.49%
09/02/2015,1.0872,1.0844,1.091,1.0825,,0.31%
09/01/2015,1.0838,1.0845,1.0877,1.081,,-0.02%
08/31/2015,1.084,1.0762,1.0862,1.0748,,0.76%
08/28/2015,1.0758,1.0864,1.088,1.073,,-0.97%
08/27/2015,1.0863,1.0799,1.0879,1.0751,,0.63%
08/26/2015,1.0795,1.0818,1.0867,1.0755,,-0.17%
08/25/2015,1.0813,1.0814,1.0888,1.0766,,0.00%
08/24/2015,1.0813,1.0762,1.0886,1.0754,,0.32%
08/21/2015,1.0779,1.0779,1.081,1.0751,,0.05%
08/20/2015,1.0774,1.0732,1.0802,1.0707,,0.42%
08/19/2015,1.0729,1.0771,1.081,1.0709,,-0.29%
08/18/2015,1.076,1.0844,1.0859,1.0755,,-0.77%
08/17/2015,1.0844,1.0839,1.0865,1.0809,,0.06%
08/14/2015,1.0837,1.0886,1.0902,1.0831,,-0.36%
08/13/2015,1.0876,1.0883,1.0905,1.0821,,0.01%
08/12/2015,1.0875,1.0906,1.0966,1.0838,,-0.27%
08/11/2015,1.0904,1.0841,1.0926,1.077,,0.61%
08/10/2015,1.0838,1.0792,1.0853,1.0751,,0.52%
08/07/2015,1.0782,1.0723,1.08,1.0679,,0.69%
08/06/2015,1.0708,1.0682,1.0733,1.0668,,0.35%
08/05/2015,1.0671,1.0651,1.071,1.062,,0.26%
08/04/2015,1.0643,1.0618,1.0681,1.0597,,0.29%
08/03/2015,1.0612,1.0597,1.0634,1.0587,,0.04%
07/31/2015,1.0608,1.0598,1.066,1.0528,,0.16%
07/30/2015,1.0591,1.0634,1.0673,1.0572,,-0.34%
07/29/2015,1.0627,1.0644,1.0661,1.0603,,-0.14%
07/28/2015,1.0642,1.0682,1.0689,1.0629,,-0.29%
07/27/2015,1.0673,1.0569,1.0701,1.0557,,0.99%
07/24/2015,1.0568,1.0542,1.0589,1.0502,,0.29%
07/23/2015,1.0537,1.0491,1.0563,1.0467,,0.46%
07/22/2015,1.0489,1.0484,1.0503,1.0453,,0.10%
07/21/2015,1.0479,1.0442,1.0501,1.0421,,0.45%
07/20/2015,1.0432,1.0417,1.0464,1.0407,,0.24%
07/17/2015,1.0407,1.0417,1.0451,1.0403,,-0.06%
07/16/2015,1.0413,1.0423,1.0449,1.0395,,-0.05%
07/15/2015,1.0418,1.0406,1.0461,1.0393,,0.22%
07/14/2015,1.0395,1.0457,1.0471,1.0393,,-0.56%
07/13/2015,1.0454,1.0427,1.0517,1.042,,-0.25%
07/10/2015,1.048,1.0463,1.0532,1.0423,,0.19%
07/09/2015,1.046,1.0472,1.0517,1.0427,,-0.11%
07/08/2015,1.0471,1.0425,1.0526,1.0389,,0.51%
07/07/2015,1.0418,1.0423,1.0437,1.0363,,-0.01%
07/06/2015,1.0419,1.0348,1.0464,1.0326,,-0.31%
07/03/2015,1.0451,1.0459,1.048,1.0427,,-0.02%
07/02/2015,1.0453,1.0482,1.054,1.0441,,-0.24%
07/01/2015,1.0478,1.0422,1.0498,1.0399,,0.60%
06/30/2015,1.0415,1.0392,1.0458,1.0369,,0.25%
06/29/2015,1.0389,1.0298,1.0439,1.0259,,-0.24%
06/26/2015,1.0414,1.0498,1.0502,1.0404,,-0.76%
06/25/2015,1.0494,1.0463,1.0554,1.0448,,0.33%
06/24/2015,1.0459,1.0436,1.0481,1.0419,,0.25%
06/23/2015,1.0433,1.0452,1.048,1.0423,,-0.15%
06/22/2015,1.0449,1.0427,1.0487,1.0408,,0.34%
06/19/2015,1.0414,1.0465,1.0496,1.0401,,-0.46%
06/18/2015,1.0462,1.0462,1.0539,1.0433,,0.01%
06/17/2015,1.0461,1.0486,1.0493,1.0379,,-0.20%
06/16/2015,1.0482,1.0488,1.0516,1.0448,,-0.01%
06/15/2015,1.0483,1.0429,1.0549,1.0411,,0.15%
06/12/2015,1.0467,1.0507,1.0514,1.0422,,-0.35%
06/11/2015,1.0504,1.0549,1.0561,1.0492,,-0.40%
06/10/2015,1.0546,1.0507,1.0556,1.0469,,0.40%
06/09/2015,1.0504,1.047,1.0516,1.0438,,0.37%
06/08/2015,1.0465,1.044,1.0517,1.041,,0.31%
06/05/2015,1.0433,1.0491,1.0543,1.04,,-0.51%
06/04/2015,1.0487,1.0528,1.0585,1.0479,,-0.34%
06/03/2015,1.0523,1.041,1.0545,1.0396,,1.13%
06/02/2015,1.0405,1.0337,1.0437,1.0309,,0.72%
06/01/2015,1.0331,1.033,1.0355,1.0293,,0.01%
05/29/2015,1.033,1.0332,1.0371,1.0276,,0.01%
05/28/2015,1.0329,1.0353,1.0374,1.0301,,-0.17%
05/27/2015,1.0347,1.0365,1.0378,1.0312,,-0.14%
05/26/2015,1.0361,1.0374,1.0389,1.0317,,-0.06%
05/25/2015,1.0367,1.039,1.0393,1.0338,,-0.27%
05/22/2015,1.0395,1.041,1.0454,1.038,,-0.13%
05/21/2015,1.0409,1.0399,1.0425,1.038,,0.15%
05/20/2015,1.0393,1.0446,1.0462,1.0381,,-0.48%
05/19/2015,1.0443,1.0485,1.0493,1.04,,-0.36%
05/18/2015,1.0481,1.0491,1.0509,1.0448,,-0.05%
05/15/2015,1.0486,1.0415,1.0514,1.0396,,0.72%
05/14/2015,1.0411,1.0413,1.0438,1.0379,,0.04%
05/13/2015,1.0407,1.0419,1.0449,1.0385,,-0.11%
05/12/2015,1.0418,1.0421,1.0444,1.0378,,0.00%
05/11/2015,1.0418,1.0423,1.0443,1.0381,,-0.10%
05/08/2015,1.0428,1.0385,1.0456,1.0326,,0.46%
05/07/2015,1.038,1.0398,1.0408,1.0301,,-0.19%
05/06/2015,1.04,1.0361,1.0406,1.035,,0.42%
05/05/2015,1.0356,1.0406,1.043,1.0343,,-0.45%
05/04/2015,1.0403,1.0447,1.0484,1.04,,-0.39%
05/01/2015,1.0444,1.0465,1.0509,1.0439,,-0.17%
04/30/2015,1.0462,1.0458,1.053,1.0427,,0.05%
04/29/2015,1.0457,1.0491,1.0517,1.042,,-0.29%
04/28/2015,1.0487,1.0396,1.0502,1.0376,,0.92%
04/27/2015,1.0391,1.0373,1.0418,1.0343,,0.18%
04/24/2015,1.0372,1.0338,1.0387,1.0317,,0.38%
04/23/2015,1.0333,1.0421,1.0423,1.0309,,-0.81%
04/22/2015,1.0417,1.0259,1.0429,1.0238,,1.68%
04/21/2015,1.0245,1.0271,1.0278,1.0232,,-0.22%
04/20/2015,1.0268,1.0303,1.0317,1.0232,,-0.15%
04/17/2015,1.0283,1.0288,1.0333,1.0258,,-0.02%
04/16/2015,1.0285,1.0307,1.0352,1.027,,-0.19%
04/15/2015,1.0305,1.0364,1.0375,1.0291,,-0.54%
04/14/2015,1.0361,1.0335,1.0386,1.0294,,0.28%
04/13/2015,1.0332,1.0383,1.0406,1.0317,,-0.47%
04/10/2015,1.0381,1.0421,1.0431,1.0364,,-0.34%
04/09/2015,1.0416,1.0422,1.046,1.0402,,-0.02%
04/08/2015,1.0418,1.0448,1.0477,1.0404,,-0.26%
04/07/2015,1.0445,1.0469,1.0486,1.0422,,-0.21%
04/06/2015,1.0467,1.0463,1.0501,1.044,,0.20%
04/03/2015,1.0446,1.0446,1.0526,1.0415,,0.05%
04/02/2015,1.0441,1.0408,1.0456,1.0385,,0.38%
04/01/2015,1.0401,1.0442,1.0463,1.0393,,-0.33%
03/31/2015,1.0435,1.048,1.0489,1.0414,,-0.39%
03/30/2015,1.0476,1.0468,1.0493,1.0429,,0.11%
03/27/2015,1.0465,1.0483,1.0513,1.0427,,-0.11%
03/26/2015,1.0477,1.053,1.0545,1.0461,,-0.47%
03/25/2015,1.0526,1.0467,1.0551,1.0459,,0.57%
03/24/2015,1.0466,1.0576,1.0587,1.0417,,-1.02%
03/23/2015,1.0574,1.0586,1.0613,1.0542,,0.22%
03/20/2015,1.0551,1.0555,1.0595,1.0522,,0.00%
03/19/2015,1.0551,1.0631,1.0705,1.0521,,-0.72%
03/18/2015,1.0628,1.0665,1.0717,1.0562,,-0.33%
03/17/2015,1.0663,1.0651,1.068,1.0613,,0.15%
03/16/2015,1.0647,1.0545,1.0675,1.0521,,0.99%
03/13/2015,1.0543,1.0661,1.0678,1.051,,-1.06%
03/12/2015,1.0656,1.0646,1.0689,1.0619,,0.14%
03/11/2015,1.0641,1.0694,1.07,1.0617,,-0.48%
03/10/2015,1.0692,1.0698,1.0736,1.0657,,-0.05%
03/09/2015,1.0697,1.0684,1.0726,1.0668,,0.07%
03/06/2015,1.069,1.0751,1.076,1.0635,,-0.51%
03/05/2015,1.0745,1.067,1.0753,1.0646,,0.73%
03/04/2015,1.0667,1.0742,1.0756,1.0625,,-0.63%
03/03/2015,1.0735,1.0716,1.0766,1.0697,,0.22%
03/02/2015,1.0711,1.0671,1.0751,1.0648,,0.41%
02/27/2015,1.0667,1.0672,1.0696,1.0604,,-0.01%
02/26/2015,1.0668,1.0774,1.08,1.0655,,-0.98%
02/25/2015,1.0774,1.078,1.0804,1.0753,,-0.03%
02/24/2015,1.0777,1.0761,1.0791,1.0721,,0.19%
02/23/2015,1.0757,1.0689,1.0796,1.0684,,0.52%
02/20/2015,1.0701,1.0792,1.0816,1.0665,,-0.83%
02/19/2015,1.0791,1.0739,1.0808,1.0723,,0.52%
02/18/2015,1.0735,1.0692,1.0747,1.0629,,0.43%
02/17/2015,1.0689,1.0585,1.0699,1.0553,,1.02%
02/16/2015,1.0581,1.0623,1.0652,1.0549,,-0.27%
02/13/2015,1.061,1.0618,1.0644,1.0571,,-0.03%
02/12/2015,1.0613,1.0524,1.0641,1.0486,,0.88%
02/11/2015,1.052,1.0488,1.0539,1.044,,0.34%
02/10/2015,1.0484,1.0461,1.0499,1.0429,,0.25%
02/09/2015,1.0458,1.0494,1.0537,1.041,,-0.08%
02/06/2015,1.0466,1.0573,1.0603,1.0455,,-0.96%
02/05/2015,1.0567,1.0507,1.0647,1.0468,,0.61%
02/04/2015,1.0503,1.0614,1.0633,1.0481,,-1.01%
02/03/2015,1.061,1.0532,1.0625,1.0464,,0.79%
02/02/2015,1.0527,1.0394,1.0594,1.039,,1.32%
01/30/2015,1.039,1.0459,1.0525,1.0354,,-0.62%
01/29/2015,1.0455,1.0217,1.047,1.0203,,2.37%
01/28/2015,1.0213,1.0278,1.0323,1.0181,,-0.56%
01/27/2015,1.027,1.0147,1.0387,1.0081,,1.29%
01/26/2015,1.0139,0.9853,1.0175,0.9783,,2.77%
01/23/2015,0.9866,0.9904,0.9922,0.9773,,-0.31%
01/22/2015,0.9897,0.9986,1.004,0.9844,,-0.81%
01/21/2015,0.9978,1.0117,1.0141,0.9846,,-1.30%
01/20/2015,1.0109,1.0208,1.0229,1.0065,,-0.90%
01/19/2015,1.0201,0.9904,1.0221,0.9904,,2.88%
01/16/2015,0.9915,0.9984,1.0255,0.9747,,-0.63%
01/15/2015,0.9978,1.2014,1.2018,0.8699,,-16.90%
01/14/2015,1.2007,1.2011,1.2026,1.1981,,0.00%
01/13/2015,1.2007,1.2008,1.2018,1.2001,,0.01%
01/12/2015,1.2006,1.2006,1.2019,1.2002,,0.01%
01/09/2015,1.2005,1.2009,1.2048,1.1999,,-0.03%
01/08/2015,1.2009,1.2009,1.202,1.2001,,0.02%
01/07/2015,1.2007,1.201,1.2023,1.1999,,0.01%
01/06/2015,1.2006,1.2018,1.2025,1.2004,,-0.05%
01/05/2015,1.2012,1.2018,1.2047,1.1959,,-0.01%
01/02/2015,1.2013,1.2031,1.2041,1.2012,,-0.12%
01/01/2015,1.2028,1.2029,1.204,1.2021,,0.02%
12/31/2014,1.2026,1.2022,1.2036,1.2016,,0.05%
12/30/2014,1.202,1.2028,1.2038,1.2017,,-0.05%
12/29/2014,1.2026,1.2034,1.2041,1.2016,,0.02%
12/26/2014,1.2024,1.2032,1.2035,1.201,,-0.04%
12/25/2014,1.2029,1.2024,1.2036,1.1989,,0.07%
12/24/2014,1.2021,1.2027,1.2034,1.2016,,-0.02%
12/23/2014,1.2024,1.2033,1.2041,1.2018,,-0.05%
12/22/2014,1.203,1.2026,1.2045,1.2019,,0.06%
12/19/2014,1.2023,1.2041,1.2053,1.2019,,-0.12%
12/18/2014,1.2037,1.2009,1.21,1.2003,,0.27%
12/17/2014,1.2005,1.201,1.2022,1.1976,,-0.01%
12/16/2014,1.2006,1.2011,1.2034,1.1999,,-0.02%
12/15/2014,1.2008,1.2016,1.2032,1.2001,,-0.02%
12/12/2014,1.2011,1.2011,1.202,1.2,,-0.01%
12/11/2014,1.2012,1.2031,1.2098,1.2003,,-0.13%
12/10/2014,1.2028,1.202,1.2043,1.2013,,0.10%
12/09/2014,1.2016,1.2022,1.2032,1.2007,,-0.06%
12/08/2014,1.2023,1.2018,1.2035,1.2014,,0.04%
12/05/2014,1.2018,1.2025,1.2083,1.2013,,-0.02%
12/04/2014,1.2021,1.2034,1.2058,1.1988,,-0.08%
12/03/2014,1.2031,1.204,1.2046,1.2023,,-0.04%
12/02/2014,1.2036,1.2028,1.2051,1.2022,,0.10%
12/01/2014,1.2024,1.2026,1.2048,1.2016,,0.03%
11/28/2014,1.202,1.2019,1.203,1.2007,,0.03%
11/27/2014,1.2016,1.2022,1.203,1.2014,,-0.02%
11/26/2014,1.2019,1.2026,1.204,1.2011,,-0.04%
11/25/2014,1.2024,1.2026,1.2039,1.201,,0.01%
11/24/2014,1.2023,1.1999,1.2035,1.1996,,0.14%
11/21/2014,1.2006,1.2018,1.2039,1.201,,-0.07%
11/20/2014,1.2015,1.2014,1.2035,1.1998,,0.07%
11/19/2014,1.2007,1.2012,1.2041,1.2001,,-0.01%
11/18/2014,1.2008,1.2014,1.2022,1.1997,,-0.02%
11/17/2014,1.2011,1.2013,1.2026,1.2005,,0.08%
11/14/2014,1.2001,1.202,1.203,1.2003,,-0.12%
11/13/2014,1.2016,1.2022,1.2031,1.2012,,-0.02%
11/12/2014,1.2019,1.2032,1.2044,1.2013,,-0.07%
11/11/2014,1.2027,1.2026,1.2041,1.2016,,0.02%
11/10/2014,1.2024,1.2027,1.205,1.2018,,0.00%
11/07/2014,1.2024,1.2046,1.2055,1.1986,,-0.16%
11/06/2014,1.2043,1.2037,1.2082,1.2028,,0.07%
11/05/2014,1.2034,1.2041,1.2056,1.2024,,-0.02%
11/04/2014,1.2036,1.2057,1.2068,1.204,,-0.16%
11/03/2014,1.2055,1.2054,1.2074,1.2043,,-0.02%
10/31/2014,1.2058,1.2059,1.2081,1.2047,,0.02%
10/30/2014,1.2056,1.2061,1.2093,1.2051,,-0.04%
10/29/2014,1.2061,1.2062,1.2075,1.2041,,0.01%
10/28/2014,1.206,1.2056,1.2076,1.2043,,0.06%
10/27/2014,1.2053,1.2074,1.2079,1.2049,,-0.05%
10/24/2014,1.2059,1.2067,1.2077,1.2052,,-0.02%
10/23/2014,1.2062,1.2067,1.2075,1.2037,,0.00%
10/22/2014,1.2062,1.2071,1.2077,1.2051,,-0.04%
10/21/2014,1.2067,1.2067,1.2081,1.2055,,0.06%
10/20/2014,1.206,1.2075,1.2086,1.2053,,-0.13%
10/17/2014,1.2076,1.2076,1.2084,1.2062,,0.06%
10/16/2014,1.2069,1.2068,1.2089,1.2051,,0.05%
10/15/2014,1.2063,1.2071,1.2086,1.2048,,-0.04%
10/14/2014,1.2068,1.2091,1.21,1.2064,,-0.17%
10/13/2014,1.2088,1.2102,1.2117,1.2069,,-0.01%
10/10/2014,1.2089,1.2113,1.2121,1.2079,,-0.17%
10/09/2014,1.2109,1.2122,1.2134,1.2084,,-0.08%
10/08/2014,1.2119,1.2123,1.2144,1.211,,0.01%
10/07/2014,1.2118,1.2125,1.2144,1.2098,,-0.05%
10/06/2014,1.2124,1.2108,1.2142,1.2102,,0.09%
10/03/2014,1.2113,1.2087,1.2153,1.2079,,0.24%
10/02/2014,1.2084,1.207,1.2096,1.206,,0.16%
10/01/2014,1.2065,1.2066,1.2084,1.2048,,0.02%
09/30/2014,1.2063,1.2068,1.2081,1.205,,-0.02%
09/29/2014,1.2065,1.2072,1.2087,1.2058,,-0.02%
09/26/2014,1.2067,1.207,1.2081,1.2058,,0.00%
09/25/2014,1.2067,1.2083,1.2093,1.2058,,-0.10%
09/24/2014,1.2079,1.2076,1.209,1.2065,,0.06%
09/23/2014,1.2072,1.2079,1.2086,1.2062,,-0.02%
09/22/2014,1.2074,1.207,1.2083,1.2058,,0.03%
09/19/2014,1.207,1.2068,1.2079,1.206,,0.04%
09/18/2014,1.2065,1.2109,1.2118,1.2059,,-0.36%
09/17/2014,1.2109,1.2087,1.2128,1.2079,,0.22%
09/16/2014,1.2082,1.2104,1.2111,1.2077,,-0.15%
09/15/2014,1.21,1.2115,1.2117,1.208,,-0.01%
09/12/2014,1.2101,1.2099,1.2108,1.208,,0.06%
09/11/2014,1.2094,1.21,1.211,1.2084,,-0.02%
09/10/2014,1.2097,1.2072,1.2121,1.2063,,0.25%
09/09/2014,1.2067,1.2065,1.2077,1.2051,,0.06%
09/08/2014,1.206,1.2053,1.2075,1.2042,,0.03%
09/05/2014,1.2056,1.2062,1.2074,1.2029,,-0.03%
09/04/2014,1.206,1.2066,1.2108,1.2037,,-0.05%
09/03/2014,1.2066,1.2068,1.2096,1.2061,,0.00%
09/02/2014,1.2066,1.2071,1.2085,1.2064,,-0.02%
09/01/2014,1.2068,1.2051,1.208,1.2045,,0.08%
08/29/2014,1.2058,1.2062,1.2071,1.2053,,-0.04%
08/28/2014,1.2063,1.207,1.2077,1.2047,,-0.01%
08/27/2014,1.2064,1.2081,1.209,1.2057,,-0.12%
08/26/2014,1.2079,1.2075,1.2096,1.207,,0.04%
08/25/2014,1.2074,1.2083,1.2115,1.2069,,-0.22%
08/22/2014,1.2101,1.2107,1.2115,1.2088,,-0.02%
08/21/2014,1.2104,1.211,1.212,1.21,,-0.02%
08/20/2014,1.2106,1.211,1.2119,1.2095,,-0.02%
08/19/2014,1.2108,1.2113,1.2121,1.209,,-0.02%
08/18/2014,1.2111,1.2087,1.2119,1.208,,0.18%
08/15/2014,1.2089,1.2117,1.2125,1.2082,,-0.20%
08/14/2014,1.2113,1.2128,1.2136,1.2104,,-0.11%
08/13/2014,1.2126,1.2135,1.2146,1.2117,,-0.05%
08/12/2014,1.2132,1.2133,1.2148,1.2125,,0.02%
08/11/2014,1.2129,1.2131,1.2152,1.212,,-0.07%
08/08/2014,1.2137,1.2145,1.2152,1.2118,,-0.07%
08/07/2014,1.2145,1.2142,1.2163,1.2134,,0.05%
08/06/2014,1.2139,1.2159,1.2166,1.2138,,-0.15%
08/05/2014,1.2157,1.2169,1.2182,1.2155,,-0.07%
08/04/2014,1.2166,1.2166,1.2174,1.2155,,0.01%
08/01/2014,1.2165,1.2166,1.2176,1.2126,,0.02%
07/31/2014,1.2163,1.2176,1.218,1.2156,,-0.08%
07/30/2014,1.2173,1.2163,1.2186,1.2153,,0.10%
07/29/2014,1.2161,1.2149,1.2168,1.214,,0.13%
07/28/2014,1.2145,1.2155,1.216,1.2124,,-0.03%
07/25/2014,1.2149,1.2152,1.2163,1.2142,,0.00%
07/24/2014,1.2149,1.2149,1.2161,1.2136,,0.02%
07/23/2014,1.2147,1.2152,1.216,1.2139,,-0.02%
07/22/2014,1.2149,1.2146,1.2167,1.2133,,0.06%
07/21/2014,1.2142,1.2159,1.2161,1.2136,,-0.10%
07/18/2014,1.2154,1.2137,1.2158,1.2115,,0.15%
07/17/2014,1.2136,1.2151,1.2155,1.213,,-0.07%
07/16/2014,1.2145,1.2157,1.2161,1.2146,,-0.07%
07/15/2014,1.2153,1.2149,1.2162,1.2129,,0.07%
07/14/2014,1.2145,1.2144,1.2155,1.213,,0.00%
07/11/2014,1.2145,1.2145,1.2151,1.213,,0.03%
07/10/2014,1.2141,1.2158,1.2161,1.213,,-0.12%
07/09/2014,1.2155,1.2157,1.2165,1.214,,0.01%
07/08/2014,1.2154,1.2159,1.2161,1.2142,,-0.01%
07/07/2014,1.2155,1.2169,1.2173,1.2138,,0.01%
07/04/2014,1.2154,1.2159,1.2167,1.2147,,-0.01%
07/03/2014,1.2155,1.2144,1.2173,1.2136,,0.12%
07/02/2014,1.214,1.2143,1.2153,1.2128,,0.00%
07/01/2014,1.214,1.2142,1.2152,1.2126,,-0.01%
06/30/2014,1.2141,1.2164,1.2169,1.2135,,-0.12%
06/27/2014,1.2155,1.2163,1.2171,1.2147,,-0.05%
06/26/2014,1.2161,1.2168,1.2176,1.2148,,-0.06%
06/25/2014,1.2168,1.2161,1.2175,1.215,,0.10%
06/24/2014,1.2156,1.2167,1.218,1.2153,,-0.05%
06/23/2014,1.2162,1.2172,1.2189,1.2154,,-0.08%
06/20/2014,1.2172,1.2169,1.2182,1.2159,,0.05%
06/19/2014,1.2166,1.2176,1.2191,1.215,,-0.05%
06/18/2014,1.2172,1.2182,1.22,1.2171,,-0.07%
06/17/2014,1.218,1.2181,1.2197,1.2173,,0.02%
06/16/2014,1.2178,1.2193,1.2196,1.2167,,-0.14%
06/13/2014,1.2195,1.2176,1.2199,1.2159,,0.18%
06/12/2014,1.2173,1.2178,1.2188,1.2165,,-0.02%
06/11/2014,1.2176,1.2184,1.2192,1.2166,,-0.02%
06/10/2014,1.2179,1.2195,1.2201,1.2176,,-0.10%
06/09/2014,1.2191,1.2195,1.2203,1.2184,,0.02%
06/06/2014,1.2188,1.2176,1.2201,1.2161,,0.13%
06/05/2014,1.2172,1.2203,1.2214,1.2155,,-0.22%
06/04/2014,1.2199,1.2215,1.2228,1.2191,,-0.09%
06/03/2014,1.221,1.222,1.2232,1.2207,,-0.05%
06/02/2014,1.2216,1.2212,1.223,1.2198,,0.16%
05/30/2014,1.2197,1.2215,1.2222,1.219,,-0.09%
05/29/2014,1.2208,1.221,1.222,1.2195,,0.02%
05/28/2014,1.2206,1.2227,1.2239,1.2205,,-0.15%
05/27/2014,1.2224,1.2211,1.2233,1.2206,,0.14%
05/26/2014,1.2207,1.2208,1.2225,1.2193,,-0.06%
05/23/2014,1.2214,1.2212,1.222,1.2199,,0.07%
05/22/2014,1.2205,1.2224,1.224,1.2203,,-0.15%
05/21/2014,1.2223,1.2227,1.2233,1.2205,,-0.01%
05/20/2014,1.2224,1.2232,1.2242,1.2209,,-0.03%
05/19/2014,1.2228,1.2233,1.2241,1.221,,0.07%
05/16/2014,1.2219,1.2216,1.2229,1.2201,,0.02%
05/15/2014,1.2216,1.2204,1.2235,1.2194,,0.12%
05/14/2014,1.2201,1.2199,1.2208,1.2187,,0.05%
05/13/2014,1.2195,1.2213,1.2222,1.2183,,-0.12%
05/12/2014,1.221,1.2197,1.2223,1.2187,,0.13%
05/09/2014,1.2194,1.2184,1.2203,1.2174,,0.13%
05/08/2014,1.2178,1.2194,1.2213,1.2168,,-0.11%
05/07/2014,1.2192,1.2177,1.2197,1.2159,,0.16%
05/06/2014,1.2173,1.218,1.2192,1.2157,,-0.03%
05/05/2014,1.2177,1.2176,1.2195,1.2159,,0.02%
05/02/2014,1.2174,1.2197,1.2218,1.2148,,-0.16%
05/01/2014,1.2194,1.2209,1.2218,1.2184,,-0.10%
04/30/2014,1.2206,1.2203,1.2222,1.2187,,0.06%
04/29/2014,1.2199,1.2191,1.2218,1.2185,,0.08%
04/28/2014,1.2189,1.2193,1.2202,1.2167,,-0.02%
04/25/2014,1.2192,1.2192,1.2205,1.218,,0.04%
04/24/2014,1.2187,1.2209,1.222,1.2182,,-0.12%
04/23/2014,1.2202,1.2218,1.223,1.2188,,-0.10%
04/22/2014,1.2214,1.2208,1.2224,1.2199,,0.07%
04/21/2014,1.2205,1.2201,1.2213,1.219,,0.08%
04/18/2014,1.2195,1.22,1.2211,1.2189,,-0.02%
04/17/2014,1.2198,1.2185,1.2208,1.2161,,0.14%
04/16/2014,1.2181,1.2158,1.2191,1.2154,,0.21%
04/15/2014,1.2155,1.2158,1.2171,1.2145,,0.01%
04/14/2014,1.2154,1.2152,1.2167,1.2138,,-0.09%
04/11/2014,1.2165,1.2173,1.2182,1.2145,,-0.05%
04/10/2014,1.2171,1.2189,1.2195,1.2161,,-0.13%
04/09/2014,1.2187,1.2183,1.2201,1.2167,,0.08%
04/08/2014,1.2177,1.2201,1.2215,1.2178,,-0.17%
04/07/2014,1.2198,1.2225,1.2241,1.2191,,-0.21%
04/04/2014,1.2224,1.2223,1.2257,1.2212,,0.06%
04/03/2014,1.2217,1.2207,1.2236,1.2179,,0.11%
04/02/2014,1.2204,1.2184,1.2214,1.218,,0.19%
04/01/2014,1.2181,1.2184,1.2193,1.2167,,0.01%
03/31/2014,1.218,1.2197,1.2214,1.2168,,-0.11%
03/28/2014,1.2194,1.2182,1.2206,1.2171,,0.11%
03/27/2014,1.2181,1.2199,1.2212,1.217,,-0.11%
03/26/2014,1.2195,1.2203,1.2239,1.219,,-0.03%
03/25/2014,1.2199,1.2189,1.2222,1.2177,,0.10%
03/24/2014,1.2187,1.2181,1.2215,1.2163,,0.08%
03/21/2014,1.2177,1.2178,1.2189,1.2161,,0.01%
03/20/2014,1.2176,1.2181,1.2208,1.2162,,-0.02%
03/19/2014,1.2178,1.2166,1.2208,1.2155,,0.13%
03/18/2014,1.2162,1.216,1.2183,1.2147,,0.06%
03/17/2014,1.2155,1.2136,1.2164,1.2123,,0.18%
03/14/2014,1.2133,1.2129,1.215,1.2117,,0.01%
03/13/2014,1.2132,1.2153,1.2175,1.2121,,-0.15%
03/12/2014,1.215,1.2173,1.2178,1.2148,,-0.17%
03/11/2014,1.2171,1.218,1.2197,1.2163,,-0.04%
03/10/2014,1.2176,1.2184,1.2195,1.2154,,-0.05%
03/07/2014,1.2182,1.2205,1.2223,1.2166,,-0.16%
03/06/2014,1.2201,1.2183,1.2222,1.2173,,0.17%
03/05/2014,1.218,1.2196,1.2205,1.2171,,-0.10%
03/04/2014,1.2192,1.213,1.2199,1.2123,,0.53%
03/03/2014,1.2128,1.2131,1.2142,1.21,,-0.09%
02/28/2014,1.2139,1.2178,1.2189,1.2114,,-0.30%
02/27/2014,1.2175,1.2193,1.2194,1.2154,,-0.11%
02/26/2014,1.2188,1.2189,1.2209,1.2184,,0.02%
02/25/2014,1.2185,1.2211,1.2215,1.2182,,-0.18%
02/24/2014,1.2207,1.2192,1.2223,1.2178,,0.11%
02/21/2014,1.2193,1.2201,1.2214,1.2186,,-0.07%
02/20/2014,1.2202,1.2205,1.2214,1.218,,0.01%
02/19/2014,1.2201,1.2219,1.2231,1.2188,,-0.11%
02/18/2014,1.2215,1.2222,1.2242,1.2205,,-0.02%
02/17/2014,1.2218,1.2221,1.2236,1.2209,,-0.02%
02/14/2014,1.2221,1.2224,1.2232,1.2201,,0.02%
02/13/2014,1.2218,1.2243,1.2249,1.2203,,-0.16%
02/12/2014,1.2238,1.2251,1.2264,1.223,,-0.08%
02/11/2014,1.2248,1.224,1.226,1.2226,,0.09%
02/10/2014,1.2237,1.2241,1.2256,1.222,,0.00%
02/07/2014,1.2237,1.2245,1.2256,1.2168,,-0.03%
02/06/2014,1.2241,1.2226,1.225,1.2195,,0.17%
02/05/2014,1.222,1.2218,1.2239,1.2201,,0.04%
02/04/2014,1.2215,1.2185,1.2237,1.2182,,0.28%
02/03/2014,1.2181,1.223,1.2246,1.2181,,-0.29%
01/31/2014,1.2217,1.2238,1.2251,1.2206,,-0.15%
01/30/2014,1.2235,1.2218,1.2259,1.2215,,0.19%
01/29/2014,1.2212,1.2264,1.2302,1.221,,-0.41%
01/28/2014,1.2262,1.2256,1.229,1.2245,,0.09%
01/27/2014,1.2251,1.2237,1.2276,1.2222,,0.16%
01/24/2014,1.2232,1.2291,1.2305,1.2218,,-0.46%
01/23/2014,1.2288,1.2348,1.2366,1.2273,,-0.45%
01/22/2014,1.2343,1.2342,1.2357,1.2328,,0.03%
01/21/2014,1.2339,1.2334,1.2381,1.2321,,0.08%
01/20/2014,1.2329,1.2331,1.2346,1.2315,,0.08%
01/17/2014,1.2319,1.2325,1.2342,1.2312,,-0.04%
01/16/2014,1.2324,1.2358,1.2378,1.2311,,-0.24%
01/15/2014,1.2354,1.2348,1.2376,1.2337,,0.08%
01/14/2014,1.2344,1.229,1.2353,1.2288,,0.45%
01/13/2014,1.2289,1.2331,1.2349,1.2287,,-0.33%
01/10/2014,1.233,1.2347,1.2407,1.2304,,-0.10%
01/09/2014,1.2342,1.2367,1.2392,1.2332,,-0.18%
01/08/2014,1.2364,1.2378,1.2401,1.2355,,-0.10%
01/07/2014,1.2376,1.2322,1.2384,1.2314,,0.46%
01/06/2014,1.2319,1.2304,1.2335,1.2293,,0.20%
01/03/2014,1.2295,1.2293,1.2316,1.2276,,0.03%
01/02/2014,1.2291,1.2269,1.2327,1.2261,,0.23%
01/01/2014,1.2263,1.2276,1.2285,1.2257,,-0.07%
12/31/2013,1.2272,1.2257,1.2284,1.2241,,0.15%
12/30/2013,1.2254,1.2254,1.2275,1.2237,,0.06%
12/27/2013,1.2247,1.2276,1.2283,1.2199,,-0.20%
12/26/2013,1.2271,1.2253,1.2279,1.2248,,0.20%
12/25/2013,1.2246,1.2254,1.2278,1.2224,,-0.02%
12/24/2013,1.2249,1.2243,1.2266,1.2233,,0.07%
12/23/2013,1.2241,1.2251,1.2267,1.2232,,-0.03%
12/20/2013,1.2245,1.2271,1.2275,1.223,,-0.19%
12/19/2013,1.2268,1.2235,1.2279,1.2224,,0.30%
12/18/2013,1.2231,1.2184,1.2261,1.2177,,0.42%
12/17/2013,1.218,1.2212,1.2222,1.2165,,-0.20%
12/16/2013,1.2205,1.2229,1.2236,1.2199,,-0.10%
12/13/2013,1.2217,1.2231,1.2244,1.2207,,-0.10%
12/12/2013,1.2229,1.2222,1.2251,1.2196,,0.08%
12/11/2013,1.2219,1.2212,1.2231,1.2203,,0.12%
12/10/2013,1.2204,1.2237,1.2243,1.2203,,-0.24%
12/09/2013,1.2233,1.2248,1.2264,1.2218,,0.07%
12/06/2013,1.2224,1.2256,1.2266,1.2212,,-0.24%
12/05/2013,1.2253,1.2268,1.2292,1.2243,,-0.10%
12/04/2013,1.2265,1.229,1.2302,1.2254,,-0.20%
12/03/2013,1.2289,1.2304,1.2321,1.2275,,-0.11%
12/02/2013,1.2302,1.2317,1.233,1.229,,-0.09%
11/29/2013,1.2313,1.2319,1.2336,1.2287,,-0.03%
11/28/2013,1.2317,1.2325,1.2334,1.2302,,-0.04%
11/27/2013,1.2322,1.2303,1.2338,1.2295,,0.17%
11/26/2013,1.2301,1.2325,1.2335,1.2298,,-0.18%
11/25/2013,1.2323,1.2287,1.2334,1.2283,,0.24%
11/22/2013,1.2293,1.2308,1.2332,1.2282,,-0.09%
11/21/2013,1.2304,1.2315,1.2337,1.2299,,-0.03%
11/20/2013,1.2308,1.2335,1.2347,1.2284,,-0.18%
11/19/2013,1.233,1.2333,1.2344,1.2317,,0.02%
11/18/2013,1.2327,1.2356,1.2362,1.231,,-0.17%
11/15/2013,1.2348,1.2333,1.2355,1.2323,,0.13%
11/14/2013,1.2332,1.2325,1.2346,1.2314,,0.11%
11/13/2013,1.2319,1.2327,1.2335,1.2307,,-0.05%
11/12/2013,1.2325,1.2326,1.2343,1.2308,,0.02%
11/11/2013,1.2322,1.2319,1.2338,1.2308,,0.06%
11/08/2013,1.2315,1.2289,1.2364,1.2283,,0.24%
11/07/2013,1.2286,1.2328,1.2432,1.2277,,-0.31%
11/06/2013,1.2324,1.2312,1.2335,1.23,,0.13%
11/05/2013,1.2308,1.2296,1.2319,1.2281,,0.14%
11/04/2013,1.2291,1.2312,1.2335,1.2289,,-0.07%
11/01/2013,1.23,1.2317,1.2331,1.2295,,-0.11%
10/31/2013,1.2313,1.2354,1.2365,1.2296,,-0.29%
10/30/2013,1.2349,1.2356,1.2382,1.2329,,-0.01%
10/29/2013,1.235,1.2347,1.2375,1.2334,,0.03%
10/28/2013,1.2346,1.2321,1.2353,1.2315,,0.24%
10/25/2013,1.2316,1.2314,1.2355,1.2296,,0.04%
10/24/2013,1.2311,1.2291,1.2323,1.2281,,0.21%
10/23/2013,1.2285,1.2332,1.234,1.2277,,-0.36%
10/22/2013,1.2329,1.2342,1.237,1.2267,,-0.08%
10/21/2013,1.2339,1.2344,1.2365,1.2319,,0.00%
10/18/2013,1.2339,1.2342,1.2357,1.2333,,0.00%
10/17/2013,1.2339,1.2363,1.2369,1.2308,,-0.16%
10/16/2013,1.2359,1.2342,1.2372,1.2328,,0.15%
10/15/2013,1.2341,1.2346,1.2382,1.233,,-0.02%
10/14/2013,1.2343,1.2364,1.2371,1.2317,,-0.07%
10/11/2013,1.2352,1.2331,1.2357,1.2306,,0.19%
10/10/2013,1.2328,1.2309,1.2332,1.2298,,0.16%
10/09/2013,1.2308,1.2269,1.2323,1.226,,0.35%
10/08/2013,1.2265,1.2261,1.23,1.2256,,0.03%
10/07/2013,1.2261,1.2298,1.2312,1.2248,,-0.30%
10/04/2013,1.2298,1.225,1.2304,1.2233,,0.47%
10/03/2013,1.224,1.2258,1.2286,1.2229,,-0.11%
10/02/2013,1.2254,1.2249,1.2273,1.2218,,0.09%
10/01/2013,1.2243,1.2241,1.2273,1.2214,,0.05%
09/30/2013,1.2237,1.2218,1.225,1.2207,,-0.05%
09/27/2013,1.2243,1.2277,1.2284,1.2234,,-0.25%
09/26/2013,1.2274,1.2298,1.2316,1.2269,,-0.16%
09/25/2013,1.2294,1.23,1.2315,1.2283,,0.01%
09/24/2013,1.2293,1.2292,1.231,1.228,,0.03%
09/23/2013,1.2289,1.2331,1.234,1.2274,,-0.14%
09/20/2013,1.2306,1.2321,1.2336,1.23,,-0.10%
09/19/2013,1.2318,1.2332,1.2359,1.2307,,-0.11%
09/18/2013,1.2331,1.2371,1.2383,1.2305,,-0.28%
09/17/2013,1.2366,1.2365,1.2389,1.2352,,0.05%
09/16/2013,1.236,1.2377,1.2384,1.2331,,0.01%
09/13/2013,1.2359,1.2377,1.2394,1.2355,,-0.09%
09/12/2013,1.237,1.2384,1.2395,1.2349,,-0.08%
09/11/2013,1.238,1.2405,1.2424,1.2367,,-0.17%
09/10/2013,1.2401,1.2358,1.2408,1.2353,,0.37%
09/09/2013,1.2355,1.2353,1.2376,1.2334,,0.04%
09/06/2013,1.235,1.2399,1.2405,1.2321,,-0.33%
09/05/2013,1.2391,1.2354,1.2407,1.2348,,0.33%
09/04/2013,1.235,1.2333,1.2372,1.2328,,0.14%
09/03/2013,1.2333,1.2328,1.2348,1.2302,,0.06%
09/02/2013,1.2325,1.2307,1.2337,1.2296,,0.25%
08/30/2013,1.2294,1.2327,1.2335,1.2279,,-0.19%
08/29/2013,1.2318,1.23,1.2333,1.2292,,0.17%
08/28/2013,1.2297,1.2291,1.2305,1.2274,,0.11%
08/27/2013,1.2283,1.2343,1.2346,1.2277,,-0.41%
08/26/2013,1.2333,1.2338,1.2361,1.2321,,0.04%
08/23/2013,1.2328,1.2331,1.2366,1.2317,,0.00%
08/22/2013,1.2328,1.2321,1.2363,1.2311,,0.10%
08/21/2013,1.2316,1.2307,1.2337,1.2281,,0.10%
08/20/2013,1.2304,1.2323,1.2342,1.2272,,-0.11%
08/19/2013,1.2318,1.2348,1.2377,1.2311,,-0.23%
08/16/2013,1.2347,1.2361,1.2387,1.2327,,-0.06%
08/15/2013,1.2355,1.2405,1.2443,1.2334,,-0.36%
08/14/2013,1.24,1.2374,1.2431,1.2365,,0.24%
08/13/2013,1.237,1.2313,1.2389,1.2307,,0.51%
08/12/2013,1.2307,1.2313,1.2335,1.2293,,-0.03%
08/09/2013,1.2311,1.2315,1.2322,1.229,,0.01%
08/08/2013,1.231,1.2294,1.2322,1.2277,,0.16%
08/07/2013,1.229,1.2321,1.2332,1.2279,,-0.24%
08/06/2013,1.2319,1.2296,1.2333,1.2269,,0.20%
08/05/2013,1.2295,1.2345,1.2363,1.2288,,-0.36%
08/02/2013,1.2339,1.2376,1.2403,1.2314,,-0.26%
08/01/2013,1.2371,1.2322,1.2382,1.23,,0.44%
07/31/2013,1.2317,1.2331,1.2369,1.2302,,-0.11%
07/30/2013,1.233,1.2351,1.2358,1.2319,,-0.09%
07/29/2013,1.2341,1.2329,1.2355,1.2316,,0.13%
07/26/2013,1.2325,1.2345,1.2353,1.231,,-0.11%
07/25/2013,1.2339,1.2375,1.2389,1.2333,,-0.27%
07/24/2013,1.2372,1.2359,1.2408,1.2353,,0.11%
07/23/2013,1.2358,1.2347,1.24,1.2338,,0.13%
07/22/2013,1.2342,1.2371,1.2391,1.232,,-0.15%
07/19/2013,1.2361,1.2384,1.2391,1.2347,,-0.16%
07/18/2013,1.2381,1.2351,1.2397,1.234,,0.27%
07/17/2013,1.2348,1.236,1.238,1.2316,,-0.07%
07/16/2013,1.2357,1.2388,1.2414,1.2353,,-0.22%
07/15/2013,1.2384,1.2374,1.2414,1.2348,,0.15%
07/12/2013,1.2366,1.2403,1.2413,1.2322,,-0.27%
07/11/2013,1.2399,1.2434,1.2472,1.2363,,-0.25%
07/10/2013,1.243,1.2432,1.2458,1.2404,,0.03%
07/09/2013,1.2426,1.2402,1.247,1.2392,,0.22%
07/08/2013,1.2399,1.236,1.242,1.2352,,0.32%
07/05/2013,1.236,1.2352,1.2403,1.233,,0.11%
07/04/2013,1.2347,1.2315,1.238,1.2302,,0.28%
07/03/2013,1.2313,1.2338,1.2352,1.2279,,-0.17%
07/02/2013,1.2334,1.235,1.2385,1.2323,,-0.11%
07/01/2013,1.2347,1.2292,1.2384,1.2282,,0.47%
06/28/2013,1.2289,1.2323,1.2359,1.2281,,-0.24%
06/27/2013,1.2319,1.2271,1.2344,1.2256,,0.42%
06/26/2013,1.2267,1.2276,1.2288,1.2237,,-0.02%
06/25/2013,1.2269,1.2242,1.23,1.2232,,0.29%
06/24/2013,1.2234,1.2259,1.2284,1.2216,,-0.20%
06/21/2013,1.2259,1.2257,1.2293,1.2239,,0.06%
06/20/2013,1.2252,1.2342,1.2354,1.2239,,-0.67%
06/19/2013,1.2335,1.2328,1.2366,1.2304,,0.11%
06/18/2013,1.2322,1.2335,1.2361,1.2287,,-0.07%
06/17/2013,1.2331,1.2298,1.2367,1.2278,,0.30%
06/14/2013,1.2294,1.233,1.2342,1.2273,,-0.27%
06/13/2013,1.2327,1.2279,1.2338,1.222,,0.44%
06/12/2013,1.2273,1.2312,1.2338,1.2249,,-0.31%
06/11/2013,1.2311,1.2373,1.2391,1.2262,,-0.45%
06/10/2013,1.2367,1.2363,1.2424,1.2348,,-0.06%
06/07/2013,1.2374,1.231,1.2384,1.226,,0.54%
06/06/2013,1.2307,1.2337,1.2392,1.2265,,-0.24%
06/05/2013,1.2336,1.2388,1.2416,1.2306,,-0.36%
06/04/2013,1.238,1.2386,1.2432,1.2374,,-0.02%
06/03/2013,1.2383,1.2382,1.2496,1.2332,,-0.21%
05/31/2013,1.2409,1.2435,1.2465,1.2378,,-0.19%
05/30/2013,1.2433,1.2444,1.2516,1.2418,,-0.10%
05/29/2013,1.2445,1.2559,1.2576,1.2432,,-0.88%
05/28/2013,1.2556,1.2455,1.2577,1.2442,,0.86%
05/27/2013,1.2449,1.2439,1.2478,1.2406,,0.14%
05/24/2013,1.2431,1.2532,1.2552,1.2403,,-0.79%
05/23/2013,1.253,1.2579,1.2601,1.2417,,-0.34%
05/22/2013,1.2573,1.2521,1.2655,1.2512,,0.44%
05/21/2013,1.2518,1.2455,1.2533,1.2447,,0.53%
05/20/2013,1.2452,1.2482,1.2512,1.2432,,-0.24%
05/17/2013,1.2482,1.2428,1.2497,1.2411,,0.45%
05/16/2013,1.2426,1.2435,1.2487,1.238,,-0.02%
05/15/2013,1.2429,1.2494,1.2529,1.242,,-0.46%
05/14/2013,1.2487,1.242,1.2506,1.238,,0.60%
05/13/2013,1.2413,1.2406,1.2493,1.2389,,-0.12%
05/10/2013,1.2428,1.2368,1.2463,1.2357,,0.53%
05/09/2013,1.2363,1.2307,1.2412,1.2279,,0.48%
05/08/2013,1.2304,1.2299,1.2353,1.2293,,0.07%
05/07/2013,1.2296,1.227,1.2342,1.2251,,0.24%
05/06/2013,1.2266,1.2274,1.2297,1.2254,,0.04%
05/03/2013,1.2261,1.2215,1.2283,1.2205,,0.41%
05/02/2013,1.2211,1.2224,1.2266,1.2193,,-0.04%
05/01/2013,1.2216,1.2237,1.2269,1.2217,,-0.14%
04/30/2013,1.2233,1.2268,1.2283,1.2224,,-0.22%
04/29/2013,1.226,1.2286,1.2313,1.226,,-0.11%
04/26/2013,1.2273,1.2298,1.2316,1.2247,,-0.15%
04/25/2013,1.2291,1.2324,1.2353,1.2281,,-0.24%
04/24/2013,1.232,1.2293,1.2349,1.2258,,0.24%
04/23/2013,1.229,1.2209,1.2297,1.2185,,0.70%
04/22/2013,1.2204,1.2215,1.2229,1.2175,,0.21%
04/19/2013,1.2178,1.2173,1.2198,1.2159,,0.08%
04/18/2013,1.2168,1.2159,1.2179,1.2146,,0.16%
04/17/2013,1.2148,1.2158,1.2171,1.2132,,-0.03%
04/16/2013,1.2152,1.2145,1.2176,1.2136,,0.13%
04/15/2013,1.2136,1.2161,1.2178,1.2131,,-0.12%
04/12/2013,1.215,1.2201,1.2206,1.2151,,-0.38%
04/11/2013,1.2196,1.2187,1.2209,1.2177,,0.07%
04/10/2013,1.2188,1.2199,1.2209,1.217,,-0.05%
04/09/2013,1.2194,1.2171,1.2216,1.2164,,0.27%
04/08/2013,1.2161,1.214,1.2176,1.2125,,0.20%
04/05/2013,1.2137,1.2155,1.2192,1.2132,,-0.12%
04/04/2013,1.2152,1.2144,1.2176,1.2128,,0.10%
04/03/2013,1.214,1.2166,1.2187,1.2129,,-0.17%
04/02/2013,1.2161,1.2165,1.2184,1.2134,,0.04%
04/01/2013,1.2156,1.217,1.2184,1.2156,,-0.08%
03/29/2013,1.2166,1.2175,1.218,1.2156,,-0.05%
03/28/2013,1.2172,1.2187,1.2207,1.2155,,-0.13%
03/27/2013,1.2188,1.2195,1.2203,1.2165,,-0.02%
03/26/2013,1.219,1.2194,1.2222,1.2185,,0.01%
03/25/2013,1.2189,1.2212,1.226,1.2178,,-0.20%
03/22/2013,1.2214,1.2212,1.2241,1.2193,,0.06%
03/21/2013,1.2207,1.2221,1.2243,1.2193,,-0.09%
03/20/2013,1.2218,1.2189,1.2244,1.2185,,0.22%
03/19/2013,1.2191,1.2263,1.2273,1.2175,,-0.51%
03/18/2013,1.2254,1.219,1.2291,1.2165,,-0.14%
03/15/2013,1.2271,1.2314,1.2338,1.2254,,-0.36%
03/14/2013,1.2315,1.2347,1.2375,1.2305,,-0.22%
03/13/2013,1.2342,1.2342,1.2353,1.23,,0.01%
03/12/2013,1.2341,1.2355,1.2375,1.2319,,-0.11%
03/11/2013,1.2354,1.2371,1.2384,1.2342,,-0.12%
03/08/2013,1.2369,1.2356,1.2403,1.2333,,0.15%
03/07/2013,1.235,1.2307,1.2365,1.2298,,0.35%
03/06/2013,1.2307,1.2277,1.2323,1.2273,,0.28%
03/05/2013,1.2273,1.2257,1.2291,1.2248,,0.18%
03/04/2013,1.2251,1.2262,1.228,1.2234,,-0.25%
03/01/2013,1.2282,1.2231,1.2295,1.2222,,0.38%
02/28/2013,1.2235,1.2213,1.2246,1.2184,,0.13%
02/27/2013,1.2219,1.217,1.2234,1.2157,,0.40%
02/26/2013,1.217,1.2183,1.2203,1.2119,,-0.07%
02/25/2013,1.2179,1.2283,1.2329,1.2151,,-0.64%
02/22/2013,1.2258,1.2279,1.2309,1.2255,,-0.18%
02/21/2013,1.228,1.2316,1.2336,1.2267,,-0.28%
02/20/2013,1.2314,1.2354,1.237,1.2312,,-0.32%
02/19/2013,1.2354,1.2329,1.2364,1.2311,,0.23%
02/18/2013,1.2326,1.2317,1.2348,1.2307,,0.11%
02/15/2013,1.2312,1.2307,1.2339,1.2283,,0.04%
02/14/2013,1.2307,1.2338,1.2351,1.2277,,-0.22%
02/13/2013,1.2334,1.2338,1.2392,1.2323,,-0.02%
02/12/2013,1.2337,1.2336,1.2358,1.2283,,0.23%
02/11/2013,1.2309,1.2285,1.2333,1.2256,,0.43%
02/08/2013,1.2256,1.2302,1.2317,1.2252,,-0.38%
02/07/2013,1.2303,1.2307,1.2336,1.2272,,0.02%
02/06/2013,1.23,1.2335,1.2373,1.2281,,-0.27%
02/05/2013,1.2333,1.2274,1.2349,1.2253,,0.50%
02/04/2013,1.2272,1.2399,1.2412,1.2258,,-0.93%
02/01/2013,1.2387,1.2361,1.2419,1.2301,,0.23%
01/31/2013,1.2359,1.2359,1.239,1.2328,,0.04%
01/30/2013,1.2354,1.2433,1.2466,1.234,,-0.64%
01/29/2013,1.2433,1.2464,1.2476,1.2397,,-0.21%
01/28/2013,1.2459,1.2486,1.2518,1.2448,,-0.09%
01/25/2013,1.247,1.2427,1.2498,1.238,,0.41%
01/24/2013,1.2419,1.2377,1.2449,1.2359,,0.36%
01/23/2013,1.2375,1.2377,1.2409,1.2325,,0.04%
01/22/2013,1.237,1.2415,1.2468,1.2338,,-0.31%
01/21/2013,1.2409,1.2448,1.2457,1.2389,,-0.27%
01/18/2013,1.2442,1.2476,1.2572,1.2389,,-0.19%
01/17/2013,1.2466,1.2371,1.2495,1.2366,,0.79%
01/16/2013,1.2368,1.2395,1.2407,1.2331,,-0.21%
01/15/2013,1.2394,1.233,1.2417,1.2303,,0.55%
01/14/2013,1.2326,1.2197,1.2344,1.2188,,1.17%
01/11/2013,1.2183,1.2132,1.2204,1.2119,,0.48%
01/10/2013,1.2125,1.2088,1.2134,1.208,,0.31%
01/09/2013,1.2087,1.2087,1.2098,1.208,,0.03%
01/08/2013,1.2083,1.2084,1.2102,1.2077,,0.02%
01/07/2013,1.208,1.2088,1.2098,1.2076,,-0.02%
01/04/2013,1.2082,1.2097,1.2102,1.2079,,-0.07%
01/03/2013,1.2091,1.2104,1.2112,1.208,,-0.10%
01/02/2013,1.2103,1.2089,1.2112,1.2067,,0.15%
01/01/2013,1.2085,1.2077,1.2142,1.207,,0.09%
12/31/2012,1.2074,1.2064,1.2085,1.2058,,0.04%
12/28/2012,1.2069,1.2081,1.21,1.2065,,-0.16%
12/27/2012,1.2088,1.2075,1.21,1.207,,0.11%
12/26/2012,1.2075,1.2074,1.2087,1.2067,,0.00%
12/25/2012,1.2075,1.2077,1.2092,1.2049,,0.02%
12/24/2012,1.2072,1.2077,1.2091,1.2066,,-0.06%
12/21/2012,1.2079,1.2073,1.2089,1.206,,0.10%
12/20/2012,1.2067,1.2081,1.209,1.2067,,-0.11%
12/19/2012,1.208,1.2077,1.2104,1.2069,,0.04%
12/18/2012,1.2075,1.208,1.2094,1.206,,0.02%
12/17/2012,1.2073,1.208,1.2099,1.2065,,-0.09%
12/14/2012,1.2084,1.2081,1.2098,1.2066,,0.05%
12/13/2012,1.2078,1.2112,1.213,1.2074,,-0.19%
12/12/2012,1.2101,1.2124,1.2133,1.2091,,-0.18%
12/11/2012,1.2123,1.208,1.2135,1.2073,,0.37%
12/10/2012,1.2078,1.2078,1.2089,1.2057,,0.00%
12/07/2012,1.2078,1.2093,1.2105,1.2071,,-0.15%
12/06/2012,1.2096,1.2108,1.2132,1.2081,,-0.08%
12/05/2012,1.2106,1.2133,1.2172,1.2102,,-0.20%
12/04/2012,1.213,1.2083,1.2148,1.2075,,0.40%
12/03/2012,1.2082,1.205,1.2104,1.204,,0.26%
11/30/2012,1.2051,1.2039,1.2063,1.2033,,0.12%
11/29/2012,1.2036,1.2035,1.2051,1.2029,,0.03%
11/28/2012,1.2032,1.2043,1.2054,1.2025,,-0.09%
11/27/2012,1.2043,1.2035,1.2067,1.2015,,0.08%
11/26/2012,1.2033,1.2043,1.2053,1.2029,,-0.06%
11/23/2012,1.204,1.205,1.206,1.2033,,-0.04%
11/22/2012,1.2045,1.2045,1.2059,1.2034,,0.06%
11/21/2012,1.2038,1.2048,1.2064,1.2034,,-0.06%
11/20/2012,1.2045,1.2047,1.2064,1.2032,,0.03%
11/19/2012,1.2041,1.205,1.2069,1.2035,,-0.02%
11/16/2012,1.2043,1.2043,1.207,1.2035,,0.02%
11/15/2012,1.2041,1.2037,1.2058,1.203,,0.02%
11/14/2012,1.2039,1.2043,1.2059,1.2031,,0.04%
11/13/2012,1.2034,1.2058,1.2063,1.2032,,-0.12%
11/12/2012,1.2049,1.2066,1.2077,1.2044,,-0.06%
11/09/2012,1.2056,1.2056,1.2079,1.2048,,0.01%
11/08/2012,1.2055,1.2071,1.2083,1.2048,,-0.09%
11/07/2012,1.2066,1.2082,1.2102,1.2054,,-0.15%
11/06/2012,1.2084,1.2071,1.2098,1.2062,,0.13%
11/05/2012,1.2068,1.207,1.208,1.2053,,0.06%
11/02/2012,1.2061,1.2058,1.2086,1.2035,,0.05%
11/01/2012,1.2055,1.207,1.2088,1.205,,-0.09%
10/31/2012,1.2066,1.2085,1.2093,1.2061,,-0.16%
10/30/2012,1.2085,1.2085,1.2099,1.2072,,0.02%
10/29/2012,1.2083,1.2092,1.21,1.2079,,-0.09%
10/26/2012,1.2094,1.2097,1.2109,1.2079,,0.02%
10/25/2012,1.2092,1.2097,1.2109,1.2086,,-0.01%
10/24/2012,1.2093,1.211,1.2117,1.2087,,-0.09%
10/23/2012,1.2104,1.2105,1.2122,1.2088,,0.06%
10/22/2012,1.2097,1.2088,1.2114,1.2081,,0.11%
10/19/2012,1.2084,1.2081,1.21,1.2075,,0.03%
10/18/2012,1.208,1.2098,1.2111,1.2077,,-0.12%
10/17/2012,1.2094,1.2095,1.2118,1.2085,,0.05%
10/16/2012,1.2088,1.2085,1.2106,1.2075,,0.09%
10/15/2012,1.2077,1.209,1.2168,1.2073,,-0.09%
10/12/2012,1.2088,1.2087,1.2106,1.2074,,0.07%
10/11/2012,1.208,1.2089,1.2108,1.2058,,-0.05%
10/10/2012,1.2086,1.2113,1.2122,1.2084,,-0.20%
10/09/2012,1.211,1.2104,1.2146,1.2094,,0.09%
10/08/2012,1.2099,1.2112,1.2132,1.2093,,-0.16%
10/05/2012,1.2118,1.2112,1.2136,1.2105,,0.06%
10/04/2012,1.2111,1.2114,1.2142,1.2101,,0.02%
10/03/2012,1.2109,1.2096,1.2121,1.209,,0.16%
10/02/2012,1.209,1.2093,1.2115,1.2083,,-0.03%
10/01/2012,1.2094,1.2085,1.211,1.2074,,0.13%
09/28/2012,1.2078,1.2104,1.2113,1.2075,,-0.16%
09/27/2012,1.2097,1.2091,1.2115,1.2073,,0.07%
09/26/2012,1.2088,1.2096,1.2106,1.2075,,-0.02%
09/25/2012,1.209,1.2105,1.2119,1.2081,,-0.04%
09/24/2012,1.2095,1.2106,1.2136,1.2081,,-0.03%
09/21/2012,1.2099,1.21,1.213,1.209,,0.00%
09/20/2012,1.2099,1.2103,1.2113,1.2071,,0.01%
09/19/2012,1.2098,1.2114,1.2133,1.2076,,-0.12%
09/18/2012,1.2113,1.2164,1.2174,1.21,,-0.39%
09/17/2012,1.216,1.2163,1.2191,1.2138,,-0.03%
09/14/2012,1.2164,1.2146,1.2184,1.2138,,0.19%
09/13/2012,1.2141,1.2092,1.217,1.2076,,0.43%
09/12/2012,1.2089,1.2071,1.2109,1.2024,,0.19%
09/11/2012,1.2066,1.2076,1.2098,1.2054,,-0.07%
09/10/2012,1.2074,1.209,1.2124,1.2065,,-0.22%
09/07/2012,1.2101,1.205,1.2162,1.2041,,0.46%
09/06/2012,1.2046,1.2043,1.2074,1.203,,0.06%
09/05/2012,1.2039,1.2011,1.206,1.2002,,0.27%
09/04/2012,1.2007,1.2009,1.2033,1.1999,,0.00%
09/03/2012,1.2007,1.2012,1.2029,1.2001,,-0.03%
08/31/2012,1.2011,1.201,1.203,1.1994,,0.05%
08/30/2012,1.2005,1.2011,1.2048,1.1998,,-0.01%
08/29/2012,1.2006,1.201,1.2023,1.2001,,0.00%
08/28/2012,1.2006,1.2011,1.2029,1.2,,-0.02%
08/27/2012,1.2008,1.2014,1.2025,1.1999,,0.06%
08/24/2012,1.2001,1.2005,1.2025,1.1997,,-0.05%
08/23/2012,1.2007,1.201,1.2024,1.1999,,0.01%
08/22/2012,1.2006,1.201,1.2044,1.1999,,0.02%
08/21/2012,1.2003,1.201,1.2021,1.1999,,-0.02%
08/20/2012,1.2005,1.2013,1.2019,1.1999,,0.00%
08/17/2012,1.2005,1.2012,1.2025,1.2001,,-0.02%
08/16/2012,1.2008,1.201,1.2023,1.1999,,0.02%
08/15/2012,1.2006,1.2011,1.2022,1.2001,,0.01%
08/14/2012,1.2005,1.2009,1.2022,1.1999,,-0.02%
08/13/2012,1.2008,1.2011,1.2024,1.2001,,0.02%
08/10/2012,1.2006,1.2009,1.2018,1.1998,,-0.02%
08/09/2012,1.2009,1.2014,1.2026,1.1999,,-0.01%
08/08/2012,1.201,1.2013,1.203,1.2001,,-0.01%
08/07/2012,1.2011,1.2018,1.2033,1.2004,,0.00%
08/06/2012,1.2011,1.2014,1.2033,1.2001,,0.00%
08/03/2012,1.2011,1.2011,1.2028,1.1986,,0.02%
08/02/2012,1.2009,1.2014,1.2054,1.1991,,-0.03%
08/01/2012,1.2013,1.2013,1.2031,1.1989,,0.03%
07/31/2012,1.2009,1.2012,1.2037,1.2002,,0.00%
07/30/2012,1.2009,1.2017,1.2024,1.2,,0.01%
07/27/2012,1.2008,1.201,1.2031,1.1988,,0.02%
07/26/2012,1.2005,1.2012,1.2023,1.1991,,-0.02%
07/25/2012,1.2008,1.201,1.2028,1.1999,,0.02%
07/24/2012,1.2005,1.2011,1.2025,1.2,,0.00%
07/23/2012,1.2005,1.201,1.202,1.1997,,-0.02%
07/20/2012,1.2007,1.2011,1.2019,1.1999,,0.01%
07/19/2012,1.2006,1.201,1.2021,1.2001,,0.03%
07/18/2012,1.2002,1.2014,1.2022,1.2001,,-0.07%
07/17/2012,1.2011,1.2009,1.2028,1.1997,,0.02%
07/16/2012,1.2009,1.2011,1.2035,1.2,,0.02%
07/13/2012,1.2007,1.2008,1.202,1.1999,,0.06%
07/12/2012,1.2,1.2008,1.202,1.1999,,-0.01%
07/11/2012,1.2001,1.201,1.2023,1.1999,,-0.01%
07/10/2012,1.2002,1.2009,1.202,1.1999,,-0.02%
07/09/2012,1.2004,1.2011,1.2023,1.1998,,-0.02%
07/06/2012,1.2007,1.2012,1.2033,1.1995,,-0.01%
07/05/2012,1.2008,1.2012,1.2045,1.1997,,0.00%
07/04/2012,1.2008,1.2009,1.2023,1.2001,,0.00%
07/03/2012,1.2008,1.2012,1.2025,1.2001,,0.00%
07/02/2012,1.2008,1.2015,1.2025,1.2001,,0.03%
06/29/2012,1.2004,1.2014,1.2052,1.1998,,-0.02%
06/28/2012,1.2007,1.2012,1.2035,1.1999,,0.01%
06/27/2012,1.2006,1.2011,1.2022,1.2001,,-0.01%
06/26/2012,1.2007,1.2014,1.202,1.1995,,0.02%
06/25/2012,1.2005,1.2012,1.202,1.1999,,0.04%
06/22/2012,1.2,1.2009,1.2024,1.1999,,-0.05%
06/21/2012,1.2006,1.2014,1.2022,1.2001,,0.00%
06/20/2012,1.2006,1.2011,1.2024,1.1994,,0.00%
06/19/2012,1.2006,1.201,1.2034,1.1997,,0.00%
06/18/2012,1.2006,1.201,1.2028,1.1999,,0.11%
06/15/2012,1.1993,1.2011,1.2019,1.1993,,-0.13%
06/14/2012,1.2009,1.2011,1.2027,1.1995,,0.04%
06/13/2012,1.2004,1.201,1.2022,1.1999,,-0.02%
06/12/2012,1.2006,1.201,1.2022,1.1999,,0.00%
06/11/2012,1.2006,1.2015,1.203,1.1996,,-0.02%
06/08/2012,1.2008,1.2009,1.2022,1.2001,,0.02%
06/07/2012,1.2006,1.2011,1.2026,1.1999,,0.05%
06/06/2012,1.2,1.2013,1.2023,1.1998,,-0.05%
06/05/2012,1.2006,1.201,1.2024,1.2,,0.00%
06/04/2012,1.2006,1.2012,1.2022,1.1999,,-0.01%
06/01/2012,1.2007,1.201,1.203,1.1983,,0.00%
05/31/2012,1.2007,1.2012,1.2026,1.1999,,0.02%
05/30/2012,1.2004,1.2009,1.2051,1.1969,,-0.01%
05/29/2012,1.2005,1.2019,1.2032,1.2001,,-0.09%
05/28/2012,1.2016,1.2019,1.2038,1.2011,,0.08%
05/25/2012,1.2006,1.2014,1.2043,1.2,,-0.01%
05/24/2012,1.2007,1.2011,1.2081,1.1994,,0.02%
05/23/2012,1.2005,1.2014,1.2026,1.1996,,-0.02%
05/22/2012,1.2008,1.2014,1.2024,1.2,,-0.02%
05/21/2012,1.2011,1.201,1.2023,1.2001,,0.03%
05/18/2012,1.2007,1.2011,1.202,1.1999,,0.05%
05/17/2012,1.2001,1.2011,1.2028,1.2001,,-0.03%
05/16/2012,1.2005,1.2011,1.2024,1.1985,,0.01%
05/15/2012,1.2004,1.2014,1.2026,1.1998,,-0.02%
05/14/2012,1.2007,1.2007,1.2029,1.1997,,0.04%
05/11/2012,1.2002,1.2011,1.2021,1.2001,,-0.06%
05/10/2012,1.2009,1.2013,1.2025,1.2003,,0.02%
05/09/2012,1.2006,1.2012,1.2023,1.1999,,0.00%
05/08/2012,1.2006,1.2014,1.2027,1.2003,,-0.03%
05/07/2012,1.201,1.2014,1.2025,1.2003,,-0.01%
05/04/2012,1.2011,1.2015,1.2027,1.2003,,0.03%
05/03/2012,1.2007,1.2016,1.2041,1.2007,,-0.05%
05/02/2012,1.2013,1.2016,1.203,1.2007,,0.00%
05/01/2012,1.2013,1.2014,1.2025,1.2005,,0.02%
04/30/2012,1.2011,1.2013,1.2028,1.2005,,0.02%
04/27/2012,1.2009,1.2013,1.2025,1.2003,,-0.03%
04/26/2012,1.2013,1.2019,1.2034,1.2005,,0.02%
04/25/2012,1.2011,1.2016,1.2034,1.2006,,-0.04%
04/24/2012,1.2016,1.2019,1.203,1.2007,,0.05%
04/23/2012,1.201,1.2016,1.2032,1.2006,,-0.02%
04/20/2012,1.2013,1.202,1.2032,1.2006,,-0.07%
04/19/2012,1.2022,1.2015,1.2034,1.2005,,0.06%
04/18/2012,1.2015,1.2009,1.2039,1.2008,,0.06%
04/17/2012,1.2008,1.2015,1.203,1.2004,,-0.06%
04/16/2012,1.2015,1.202,1.2037,1.2009,,-0.03%
04/13/2012,1.2019,1.2012,1.2035,1.2007,,0.07%
04/12/2012,1.201,1.2021,1.2042,1.2007,,-0.15%
04/11/2012,1.2028,1.2008,1.2039,1.2003,,0.12%
04/10/2012,1.2013,1.2016,1.2037,1.2008,,0.00%
04/09/2012,1.2013,1.2006,1.2033,1.2004,,0.07%
04/06/2012,1.2005,1.2014,1.2042,1.2001,,-0.08%
04/05/2012,1.2015,1.203,1.2048,1.1995,,-0.17%
04/04/2012,1.2036,1.2035,1.2056,1.2025,,0.07%
04/03/2012,1.2028,1.2036,1.2054,1.202,,-0.07%
04/02/2012,1.2037,1.2033,1.2055,1.2031,,0.02%
03/30/2012,1.2035,1.2051,1.2066,1.2027,,-0.17%
03/29/2012,1.2055,1.205,1.2066,1.2039,,0.03%
03/28/2012,1.2051,1.2052,1.2074,1.2045,,-0.02%
03/27/2012,1.2054,1.2052,1.2078,1.2047,,-0.02%
03/26/2012,1.2057,1.2047,1.2072,1.2036,,0.09%
03/23/2012,1.2046,1.2053,1.2064,1.2043,,-0.07%
03/22/2012,1.2055,1.2053,1.207,1.204,,0.00%
03/21/2012,1.2055,1.2057,1.2075,1.2047,,-0.02%
03/20/2012,1.2058,1.206,1.208,1.205,,-0.03%
03/19/2012,1.2062,1.206,1.2086,1.2052,,0.04%
03/16/2012,1.2057,1.2064,1.2087,1.2054,,-0.10%
03/15/2012,1.2069,1.2126,1.2146,1.206,,-0.40%
03/14/2012,1.2118,1.207,1.2152,1.207,,0.36%
03/13/2012,1.2075,1.2051,1.2086,1.2045,,0.19%
03/12/2012,1.2052,1.206,1.2071,1.2046,,-0.02%
03/09/2012,1.2055,1.2054,1.2073,1.2043,,-0.02%
03/08/2012,1.2058,1.2049,1.2072,1.2041,,0.02%
03/07/2012,1.2056,1.2044,1.2075,1.2043,,0.08%
03/06/2012,1.2046,1.2068,1.2081,1.2042,,-0.04%
03/05/2012,1.2051,1.2066,1.2087,1.2044,,-0.11%
03/02/2012,1.2064,1.2058,1.2086,1.2045,,-0.01%
03/01/2012,1.2065,1.2047,1.2075,1.2041,,0.16%
02/29/2012,1.2046,1.205,1.2072,1.2032,,0.00%
02/28/2012,1.2046,1.2047,1.2065,1.2041,,-0.05%
02/27/2012,1.2052,1.2048,1.2064,1.2036,,0.10%
02/24/2012,1.204,1.2048,1.2071,1.2034,,-0.08%
02/23/2012,1.205,1.2056,1.2075,1.204,,-0.05%
02/22/2012,1.2056,1.2072,1.2087,1.2054,,-0.12%
02/21/2012,1.2071,1.2065,1.2111,1.2045,,0.02%
02/20/2012,1.2068,1.2087,1.2107,1.206,,-0.09%
02/17/2012,1.2079,1.2062,1.2098,1.2062,,0.13%
02/16/2012,1.2063,1.2059,1.2092,1.2057,,0.02%
02/15/2012,1.2061,1.2074,1.2091,1.2051,,-0.07%
02/14/2012,1.207,1.2081,1.2093,1.2064,,-0.11%
02/13/2012,1.2083,1.2084,1.2111,1.2074,,-0.02%
02/10/2012,1.2085,1.2109,1.2121,1.2078,,-0.22%
02/09/2012,1.2112,1.21,1.2121,1.2089,,0.14%
02/08/2012,1.2095,1.2083,1.2136,1.2081,,0.06%
02/07/2012,1.2088,1.2062,1.2109,1.2054,,0.24%
02/06/2012,1.2059,1.2062,1.2085,1.2047,,-0.12%
02/03/2012,1.2073,1.2044,1.2091,1.2039,,0.25%
02/02/2012,1.2043,1.2037,1.2077,1.2034,,0.01%
02/01/2012,1.2042,1.2038,1.2063,1.2027,,0.07%
01/31/2012,1.2033,1.205,1.2069,1.2027,,-0.16%
01/30/2012,1.2052,1.2062,1.2072,1.2035,,-0.07%
01/27/2012,1.206,1.2059,1.209,1.2052,,0.02%
01/26/2012,1.2057,1.2079,1.2098,1.2056,,-0.15%
01/25/2012,1.2075,1.2088,1.2114,1.2065,,-0.07%
01/24/2012,1.2083,1.2071,1.2097,1.2053,,0.09%
01/23/2012,1.2072,1.2069,1.2091,1.2055,,-0.04%
01/20/2012,1.2077,1.2078,1.2095,1.2064,,-0.04%
01/19/2012,1.2082,1.2078,1.2096,1.2065,,0.04%
01/18/2012,1.2077,1.2088,1.2138,1.2062,,-0.11%
01/17/2012,1.209,1.208,1.2119,1.2081,,0.07%
01/16/2012,1.2082,1.2067,1.2104,1.2063,,0.08%
01/13/2012,1.2072,1.2098,1.2138,1.2058,,-0.26%
01/12/2012,1.2104,1.2122,1.2135,1.2083,,-0.11%
01/11/2012,1.2117,1.2118,1.2144,1.2098,,-0.02%
01/10/2012,1.2119,1.2114,1.2153,1.2104,,0.03%
01/09/2012,1.2115,1.2148,1.2169,1.2101,,-0.26%
01/06/2012,1.2147,1.2173,1.22,1.2144,,-0.27%
01/05/2012,1.218,1.2185,1.2201,1.2169,,-0.05%
01/04/2012,1.2186,1.2161,1.2205,1.2157,,0.18%
01/03/2012,1.2164,1.2152,1.2201,1.2149,,0.12%
01/02/2012,1.2149,1.2142,1.2201,1.2127,,0.13%
12/30/2011,1.2133,1.2181,1.2193,1.213,,-0.39%
12/29/2011,1.2181,1.2195,1.2206,1.2159,,-0.05%
12/28/2011,1.2187,1.2206,1.2226,1.2177,,-0.17%
12/27/2011,1.2208,1.2213,1.2243,1.2196,,-0.05%
12/26/2011,1.2214,1.2217,1.2257,1.2201,,-0.05%
12/23/2011,1.222,1.2209,1.2247,1.2206,,0.03%
12/22/2011,1.2216,1.2208,1.2249,1.2196,,0.08%
12/21/2011,1.2206,1.2183,1.2245,1.2166,,0.20%
12/20/2011,1.2182,1.2177,1.2219,1.2159,,0.03%
12/19/2011,1.2178,1.2207,1.2218,1.2166,,-0.17%
12/16/2011,1.2199,1.2232,1.2258,1.2197,,-0.30%
12/15/2011,1.2236,1.2374,1.2404,1.2218,,-1.08%
12/14/2011,1.2369,1.2322,1.2382,1.2295,,0.38%
12/13/2011,1.2322,1.2351,1.2381,1.2294,,-0.27%
12/12/2011,1.2355,1.2379,1.2393,1.232,,-0.05%
12/09/2011,1.2361,1.2352,1.2384,1.2311,,0.10%
12/08/2011,1.2349,1.2384,1.2419,1.2323,,-0.25%
12/07/2011,1.238,1.2406,1.2447,1.2372,,-0.27%
12/06/2011,1.2413,1.2326,1.2434,1.2326,,0.69%
12/05/2011,1.2328,1.2362,1.2402,1.2321,,-0.08%
12/02/2011,1.2338,1.2319,1.2378,1.2317,,0.15%
12/01/2011,1.232,1.2273,1.2396,1.2249,,0.35%
11/30/2011,1.2277,1.2256,1.2332,1.2228,,0.17%
11/29/2011,1.2256,1.2278,1.2327,1.2255,,-0.23%
11/28/2011,1.2284,1.235,1.2368,1.2277,,-0.24%
11/25/2011,1.2314,1.227,1.2384,1.2245,,0.39%
11/24/2011,1.2266,1.227,1.2323,1.2251,,-0.02%
11/23/2011,1.2269,1.2345,1.2359,1.2259,,-0.62%
11/22/2011,1.2345,1.2374,1.2391,1.2334,,-0.23%
11/21/2011,1.2373,1.2393,1.2418,1.2348,,-0.10%
11/18/2011,1.2386,1.2408,1.2419,1.234,,-0.13%
11/17/2011,1.2402,1.2369,1.2444,1.2363,,0.17%
11/16/2011,1.2381,1.2386,1.2417,1.2356,,-0.04%
11/15/2011,1.2386,1.2371,1.2433,1.2368,,0.18%
11/14/2011,1.2364,1.2403,1.2422,1.2325,,-0.18%
11/11/2011,1.2386,1.2322,1.242,1.2317,,0.47%
11/10/2011,1.2328,1.2309,1.2388,1.2289,,0.12%
11/09/2011,1.2313,1.2376,1.2406,1.2277,,-0.52%
11/08/2011,1.2377,1.2407,1.2464,1.2321,,-0.25%
11/07/2011,1.2408,1.2276,1.2424,1.226,,1.69%
11/04/2011,1.2202,1.2134,1.2254,1.213,,0.55%
11/03/2011,1.2135,1.2142,1.2176,1.2111,,-0.09%
11/02/2011,1.2146,1.2142,1.2187,1.2138,,0.01%
11/01/2011,1.2145,1.2149,1.2215,1.2135,,-0.07%
10/31/2011,1.2153,1.2196,1.2236,1.2138,,-0.46%
10/28/2011,1.2209,1.2191,1.225,1.2188,,0.11%
10/27/2011,1.2196,1.2237,1.2293,1.2176,,-0.38%
10/26/2011,1.2243,1.2209,1.2277,1.2154,,0.30%
10/25/2011,1.2206,1.2266,1.2288,1.2203,,-0.47%
10/24/2011,1.2264,1.2242,1.2311,1.2227,,0.00%
10/21/2011,1.2264,1.2324,1.2342,1.2205,,-0.49%
10/20/2011,1.2325,1.2415,1.2446,1.2276,,-0.73%
10/19/2011,1.2416,1.235,1.2478,1.2347,,0.51%
10/18/2011,1.2353,1.2345,1.2383,1.2324,,0.05%
10/17/2011,1.2347,1.2379,1.2399,1.2341,,-0.19%
10/14/2011,1.237,1.2367,1.2416,1.2352,,0.05%
10/13/2011,1.2364,1.2337,1.238,1.2321,,0.19%
10/12/2011,1.2341,1.239,1.2438,1.2319,,-0.38%
10/11/2011,1.2388,1.2324,1.2425,1.2312,,0.49%
10/10/2011,1.2327,1.2405,1.2442,1.23,,-0.56%
10/07/2011,1.2396,1.2367,1.2427,1.2335,,0.26%
10/06/2011,1.2364,1.2321,1.2423,1.2286,,0.37%
10/05/2011,1.2319,1.2239,1.2357,1.2216,,0.70%
10/04/2011,1.2233,1.2137,1.2283,1.2124,,0.87%
10/03/2011,1.2127,1.2135,1.2172,1.212,,-0.20%
09/30/2011,1.2151,1.2195,1.2214,1.2127,,-0.37%
09/29/2011,1.2196,1.2181,1.2225,1.2178,,0.12%
09/28/2011,1.2181,1.2176,1.223,1.2172,,0.07%
09/27/2011,1.2173,1.2196,1.2241,1.2169,,-0.18%
09/26/2011,1.2195,1.2209,1.2256,1.215,,-0.23%
09/23/2011,1.2223,1.2215,1.2287,1.218,,0.01%
09/22/2011,1.2222,1.2211,1.2347,1.2175,,0.04%
09/21/2011,1.2217,1.2154,1.2302,1.2146,,0.51%
09/20/2011,1.2155,1.206,1.2216,1.204,,0.75%
09/19/2011,1.2064,1.2064,1.2096,1.2045,,-0.12%
09/16/2011,1.2078,1.2068,1.21,1.2045,,0.07%
09/15/2011,1.207,1.2038,1.2099,1.2018,,0.26%
09/14/2011,1.2039,1.2035,1.2058,1.2009,,0.05%
09/13/2011,1.2033,1.2032,1.2058,1.2013,,-0.05%
09/12/2011,1.2039,1.206,1.2082,1.2029,,-0.18%
09/09/2011,1.2061,1.2149,1.2189,1.2052,,-0.75%
09/08/2011,1.2152,1.2085,1.2185,1.207,,0.55%
09/07/2011,1.2086,1.206,1.2114,1.2032,,0.21%
09/06/2011,1.2061,1.1091,1.2175,1.1016,,8.79%
09/05/2011,1.1086,1.1162,1.1203,1.1012,,-0.95%
09/02/2011,1.1192,1.1331,1.1358,1.0995,,-1.35%
09/01/2011,1.1345,1.159,1.1611,1.1318,,-2.07%
08/31/2011,1.1585,1.1832,1.1854,1.1524,,-2.17%
08/30/2011,1.1842,1.184,1.1902,1.1751,,0.07%
08/29/2011,1.1834,1.1705,1.1974,1.1688,,1.28%
08/26/2011,1.1685,1.1406,1.1739,1.1391,,2.50%
08/25/2011,1.14,1.147,1.1523,1.1397,,-0.60%
08/24/2011,1.1469,1.1434,1.1479,1.1368,,0.29%
08/23/2011,1.1436,1.1349,1.1456,1.1313,,0.80%
08/22/2011,1.1345,1.1352,1.1386,1.1264,,0.41%
08/19/2011,1.1299,1.1372,1.1395,1.125,,-0.63%
08/18/2011,1.1371,1.139,1.1515,1.1238,,-0.29%
08/17/2011,1.1404,1.1479,1.1558,1.1218,,-0.48%
08/16/2011,1.1459,1.1326,1.1488,1.1162,,1.20%
08/15/2011,1.1323,1.1165,1.1462,1.1155,,2.18%
08/12/2011,1.1081,1.0846,1.11,1.0684,,2.06%
08/11/2011,1.0857,1.0296,1.0922,1.0252,,5.48%
08/10/2011,1.0293,1.0397,1.0521,1.0255,,-0.84%
08/09/2011,1.038,1.0696,1.0844,1.0092,,-2.99%
08/08/2011,1.07,1.0879,1.0995,1.0618,,-2.32%
08/05/2011,1.0954,1.0783,1.0986,1.0724,,1.55%
08/04/2011,1.0787,1.102,1.1145,1.0755,,-2.11%
08/03/2011,1.102,1.084,1.1153,1.0791,,1.76%
08/02/2011,1.0829,1.1176,1.1208,1.0801,,-3.03%
08/01/2011,1.1167,1.1375,1.1454,1.1029,,-1.20%
07/29/2011,1.1303,1.1483,1.1501,1.1297,,-1.60%
07/28/2011,1.1487,1.1513,1.154,1.1418,,-0.18%
07/27/2011,1.1508,1.163,1.1653,1.1497,,-1.01%
07/26/2011,1.1625,1.1578,1.1666,1.154,,0.35%
07/25/2011,1.1585,1.1694,1.172,1.1514,,-1.37%
07/22/2011,1.1746,1.1766,1.1893,1.1692,,-0.10%
07/21/2011,1.1758,1.1664,1.1806,1.1608,,0.89%
07/20/2011,1.1654,1.1657,1.1698,1.1604,,-0.09%
07/19/2011,1.1664,1.1532,1.1694,1.1513,,1.13%
07/18/2011,1.1534,1.1426,1.1551,1.1401,,0.08%
07/15/2011,1.1525,1.1529,1.1601,1.1494,,-0.08%
07/14/2011,1.1534,1.1509,1.1654,1.1492,,-0.16%
07/13/2011,1.1553,1.1587,1.1727,1.1551,,-0.26%
07/12/2011,1.1583,1.1736,1.1757,1.155,,-1.19%
07/11/2011,1.1723,1.1889,1.1924,1.1668,,-1.73%
07/08/2011,1.1929,1.2127,1.2174,1.1904,,-1.58%
07/07/2011,1.2121,1.2013,1.2149,1.1973,,0.89%
07/06/2011,1.2014,1.2122,1.2178,1.1963,,-0.93%
07/05/2011,1.2127,1.2326,1.2344,1.2096,,-1.63%
07/04/2011,1.2328,1.2314,1.2352,1.2299,,0.15%
07/01/2011,1.2309,1.2186,1.2338,1.2182,,1.02%
06/30/2011,1.2185,1.2037,1.2249,1.2029,,1.19%
06/29/2011,1.2042,1.1943,1.2066,1.1923,,0.79%
06/28/2011,1.1948,1.1923,1.1966,1.186,,0.20%
06/27/2011,1.1924,1.1838,1.1963,1.1813,,0.89%
06/24/2011,1.1819,1.1951,1.197,1.1805,,-1.12%
06/23/2011,1.1953,1.2032,1.2077,1.1843,,-0.67%
06/22/2011,1.2034,1.2106,1.2153,1.2023,,-0.63%
06/21/2011,1.211,1.2101,1.2153,1.2065,,0.10%
06/20/2011,1.2098,1.2116,1.2147,1.2015,,-0.39%
06/17/2011,1.2145,1.2041,1.2155,1.1982,,0.84%
06/16/2011,1.2044,1.2088,1.213,1.1943,,-0.31%
06/15/2011,1.2082,1.2206,1.2249,1.2078,,-1.01%
06/14/2011,1.2205,1.206,1.2259,1.201,,1.16%
06/13/2011,1.2065,1.2073,1.2143,1.2001,,-0.22%
06/10/2011,1.2091,1.22,1.2237,1.2056,,-0.91%
06/09/2011,1.2202,1.2191,1.231,1.2186,,0.15%
06/08/2011,1.2184,1.2287,1.2306,1.2172,,-0.79%
06/07/2011,1.2281,1.2161,1.2324,1.2162,,0.99%
06/06/2011,1.2161,1.2208,1.2265,1.2158,,-0.26%
06/03/2011,1.2193,1.2215,1.2262,1.2104,,-0.11%
06/02/2011,1.2206,1.2067,1.2236,1.2061,,1.29%
06/01/2011,1.2051,1.2291,1.2329,1.2049,,-1.90%
05/31/2011,1.2285,1.2165,1.2322,1.2152,,0.94%
05/30/2011,1.217,1.2163,1.2207,1.2128,,0.08%
05/27/2011,1.216,1.2222,1.2259,1.2098,,-0.54%
05/26/2011,1.2226,1.2287,1.2369,1.2197,,-0.55%
05/25/2011,1.2293,1.2406,1.2422,1.2267,,-0.85%
05/24/2011,1.2399,1.241,1.2474,1.2376,,-0.06%
05/23/2011,1.2406,1.2415,1.2432,1.2319,,-0.04%
05/20/2011,1.2411,1.2596,1.2649,1.2399,,-1.50%
05/19/2011,1.26,1.2554,1.2648,1.2532,,0.38%
05/18/2011,1.2552,1.2528,1.2587,1.2518,,0.17%
05/17/2011,1.2531,1.2508,1.2601,1.2502,,0.10%
05/16/2011,1.2518,1.2576,1.2617,1.2514,,-0.63%
05/13/2011,1.2597,1.2587,1.2699,1.2572,,0.11%
05/12/2011,1.2583,1.2593,1.2624,1.2544,,-0.12%
05/11/2011,1.2598,1.267,1.2704,1.2586,,-0.59%
05/10/2011,1.2673,1.2513,1.2694,1.2485,,1.21%
05/09/2011,1.2521,1.2604,1.2634,1.248,,-0.37%
05/06/2011,1.2567,1.2644,1.2754,1.257,,-0.60%
05/05/2011,1.2643,1.2765,1.2798,1.2624,,-1.00%
05/04/2011,1.2771,1.276,1.2835,1.2727,,0.08%
05/03/2011,1.2761,1.2813,1.2845,1.276,,-0.51%
05/02/2011,1.2827,1.2816,1.295,1.2795,,0.20%
04/29/2011,1.2801,1.2947,1.2967,1.2805,,-1.10%
04/28/2011,1.2943,1.2931,1.2971,1.2906,,0.09%
04/27/2011,1.2931,1.2801,1.2944,1.2744,,1.00%
04/26/2011,1.2803,1.2846,1.2884,1.2794,,-0.30%
04/25/2011,1.2842,1.289,1.2919,1.2819,,-0.36%
04/22/2011,1.2888,1.2891,1.2934,1.2862,,-0.02%
04/21/2011,1.2891,1.2893,1.297,1.2795,,-0.03%
04/20/2011,1.2895,1.2893,1.2986,1.2883,,-0.05%
04/19/2011,1.2902,1.2743,1.2923,1.2725,,1.14%
04/18/2011,1.2756,1.2871,1.2897,1.2723,,-0.88%
04/15/2011,1.2869,1.2922,1.2955,1.2861,,-0.42%
04/14/2011,1.2923,1.2938,1.2963,1.284,,-0.13%
04/13/2011,1.294,1.2981,1.3049,1.2914,,-0.32%
04/12/2011,1.2981,1.3084,1.3109,1.2957,,-0.79%
04/11/2011,1.3085,1.3132,1.3178,1.3064,,-0.22%
04/08/2011,1.3114,1.311,1.3196,1.309,,0.11%
04/07/2011,1.31,1.316,1.3179,1.3064,,-0.48%
04/06/2011,1.3163,1.3148,1.3241,1.3064,,0.06%
04/05/2011,1.3155,1.3122,1.3173,1.3052,,0.27%
04/04/2011,1.3119,1.316,1.3197,1.308,,-0.16%
04/01/2011,1.314,1.3009,1.3176,1.3005,,1.01%
03/31/2011,1.3009,1.2976,1.303,1.293,,0.28%
03/30/2011,1.2973,1.2984,1.3043,1.2958,,-0.09%
03/29/2011,1.2985,1.2906,1.3,1.2887,,0.60%
03/28/2011,1.2907,1.2934,1.2984,1.2879,,-0.33%
03/25/2011,1.295,1.2862,1.2968,1.2853,,0.58%
03/24/2011,1.2875,1.2792,1.2889,1.2784,,0.66%
03/23/2011,1.2791,1.2825,1.2842,1.273,,-0.21%
03/22/2011,1.2818,1.286,1.2895,1.2805,,-0.41%
03/21/2011,1.2871,1.2778,1.2889,1.2777,,0.81%
03/18/2011,1.2767,1.259,1.2809,1.258,,1.42%
03/17/2011,1.2588,1.2499,1.2681,1.2479,,0.37%
03/16/2011,1.2541,1.2819,1.286,1.254,,-2.20%
03/15/2011,1.2823,1.2925,1.295,1.2733,,-0.77%
03/14/2011,1.2923,1.2975,1.2991,1.2907,,0.02%
03/11/2011,1.2921,1.2852,1.2934,1.2821,,0.56%
03/10/2011,1.2849,1.2925,1.2949,1.2828,,-0.59%
03/09/2011,1.2925,1.3002,1.302,1.2891,,-0.59%
03/08/2011,1.3002,1.2936,1.3045,1.293,,0.51%
03/07/2011,1.2936,1.2947,1.2992,1.291,,-0.01%
03/04/2011,1.2937,1.3004,1.303,1.2912,,-0.54%
03/03/2011,1.3007,1.2802,1.3019,1.2784,,1.58%
03/02/2011,1.2805,1.2793,1.2827,1.2752,,0.06%
03/01/2011,1.2797,1.2818,1.2897,1.2795,,-0.16%
02/28/2011,1.2818,1.2766,1.2866,1.2721,,0.43%
02/25/2011,1.2763,1.2773,1.2847,1.275,,-0.15%
02/24/2011,1.2782,1.2823,1.2838,1.2703,,-0.30%
02/23/2011,1.282,1.2808,1.2887,1.2803,,0.06%
02/22/2011,1.2812,1.2944,1.2971,1.2788,,-1.01%
02/21/2011,1.2943,1.2919,1.2984,1.2916,,0.02%
02/18/2011,1.2941,1.2916,1.2996,1.2891,,0.18%
02/17/2011,1.2918,1.3013,1.3035,1.2896,,-0.74%
02/16/2011,1.3014,1.3036,1.3135,1.2972,,-0.18%
02/15/2011,1.3038,1.308,1.3144,1.3033,,-0.31%
02/14/2011,1.3079,1.3167,1.3207,1.3047,,-0.73%
02/11/2011,1.3175,1.3176,1.321,1.3123,,-0.01%
02/10/2011,1.3176,1.3145,1.3201,1.3084,,0.18%
02/09/2011,1.3152,1.312,1.3193,1.3116,,0.22%
02/08/2011,1.3123,1.2975,1.3148,1.297,,1.13%
02/07/2011,1.2976,1.2985,1.3049,1.2928,,0.07%
02/04/2011,1.2967,1.2888,1.3012,1.2877,,0.60%
02/03/2011,1.289,1.2978,1.3041,1.2866,,-0.69%
02/02/2011,1.2979,1.2935,1.3019,1.2868,,0.35%
02/01/2011,1.2934,1.2922,1.3002,1.2904,,0.14%
01/31/2011,1.2916,1.2794,1.2934,1.2776,,0.76%
01/28/2011,1.2819,1.2976,1.2998,1.2774,,-1.21%
01/27/2011,1.2976,1.2913,1.301,1.2879,,0.50%
01/26/2011,1.2911,1.2889,1.2975,1.2869,,0.19%
01/25/2011,1.2887,1.2941,1.2993,1.2823,,-0.41%
01/24/2011,1.294,1.3064,1.3132,1.2922,,-0.83%
01/21/2011,1.3048,1.3028,1.3078,1.2974,,0.18%
01/20/2011,1.3024,1.286,1.3049,1.2813,,1.27%
01/19/2011,1.2861,1.2899,1.3001,1.2842,,-0.30%
01/18/2011,1.29,1.2824,1.2933,1.2772,,0.66%
01/17/2011,1.2816,1.2874,1.2901,1.2804,,-0.60%
01/14/2011,1.2893,1.2876,1.2963,1.2845,,0.17%
01/13/2011,1.2871,1.2687,1.2895,1.2683,,1.44%
01/12/2011,1.2688,1.2631,1.2739,1.2578,,0.48%
01/11/2011,1.2627,1.2525,1.2679,1.2513,,0.83%
01/10/2011,1.2523,1.2469,1.2568,1.2429,,0.35%
01/07/2011,1.2479,1.255,1.2568,1.2446,,-0.64%
01/06/2011,1.2559,1.2695,1.2729,1.252,,-1.10%
01/05/2011,1.2699,1.2616,1.2731,1.2568,,0.71%
01/04/2011,1.261,1.2462,1.2689,1.2453,,1.14%
01/03/2011,1.2468,1.247,1.2506,1.241,,-0.14%
12/31/2010,1.2486,1.2423,1.2575,1.2417,,0.54%
12/30/2010,1.2419,1.2507,1.2518,1.2402,,-0.67%
12/29/2010,1.2503,1.2482,1.2547,1.2452,,0.16%
12/28/2010,1.2483,1.2637,1.2674,1.2448,,-1.21%
12/27/2010,1.2636,1.2595,1.2703,1.2548,,0.10%
12/24/2010,1.2624,1.2572,1.2664,1.2539,,0.44%
12/23/2010,1.2569,1.2466,1.2654,1.2454,,0.83%
12/22/2010,1.2466,1.2543,1.2592,1.2436,,-0.68%
12/21/2010,1.2551,1.2659,1.2721,1.254,,-0.88%
12/20/2010,1.2662,1.2771,1.2789,1.2631,,-0.99%
12/17/2010,1.2788,1.2765,1.2799,1.2716,,0.20%
12/16/2010,1.2762,1.2787,1.2875,1.2736,,-0.13%
12/15/2010,1.2779,1.2836,1.2858,1.2757,,-0.37%
12/14/2010,1.2826,1.2957,1.3011,1.2826,,-0.99%
12/13/2010,1.2954,1.2977,1.3012,1.2906,,-0.12%
12/10/2010,1.297,1.3017,1.304,1.2955,,-0.37%
12/09/2010,1.3018,1.3069,1.3105,1.2975,,-0.46%
12/08/2010,1.3078,1.3083,1.3114,1.3014,,-0.18%
12/07/2010,1.3102,1.3059,1.3129,1.3026,,0.40%
12/06/2010,1.305,1.3041,1.3125,1.2999,,-0.21%
12/03/2010,1.3077,1.3118,1.3177,1.304,,-0.35%
12/02/2010,1.3123,1.3166,1.3214,1.3067,,-0.36%
12/01/2010,1.3171,1.3035,1.3198,1.3005,,1.10%
11/30/2010,1.3028,1.3118,1.314,1.293,,-0.61%
11/29/2010,1.3108,1.3313,1.3332,1.3096,,-1.24%
11/26/2010,1.3273,1.3357,1.3382,1.323,,-0.68%
11/25/2010,1.3364,1.3273,1.3394,1.3255,,0.66%
11/24/2010,1.3276,1.3323,1.3355,1.3237,,-0.38%
11/23/2010,1.3327,1.3476,1.3498,1.3288,,-1.16%
11/22/2010,1.3483,1.3596,1.3667,1.3451,,-0.55%
11/19/2010,1.3558,1.3584,1.3683,1.3537,,-0.20%
11/18/2010,1.3585,1.3409,1.3604,1.3404,,1.28%
11/17/2010,1.3413,1.3432,1.3475,1.3382,,-0.13%
11/16/2010,1.3431,1.3367,1.345,1.3365,,0.43%
11/15/2010,1.3374,1.3443,1.348,1.336,,-0.37%
11/12/2010,1.3424,1.3316,1.3446,1.3224,,0.84%
11/11/2010,1.3312,1.3373,1.3407,1.3253,,-0.52%
11/10/2010,1.3382,1.3331,1.3437,1.327,,0.44%
11/09/2010,1.3323,1.3442,1.346,1.332,,-0.89%
11/08/2010,1.3442,1.3517,1.3538,1.3402,,-0.32%
11/05/2010,1.3485,1.362,1.3646,1.3438,,-0.95%
11/04/2010,1.3614,1.3723,1.3811,1.3581,,-0.75%
11/03/2010,1.3717,1.374,1.3812,1.3687,,-0.08%
11/02/2010,1.3728,1.3774,1.3829,1.3683,,-0.33%
11/01/2010,1.3773,1.3712,1.3846,1.3708,,0.56%
10/29/2010,1.3696,1.3683,1.3744,1.3641,,0.01%
10/28/2010,1.3695,1.363,1.3712,1.3609,,0.48%
10/27/2010,1.363,1.3633,1.3704,1.3603,,-0.08%
10/26/2010,1.3641,1.3551,1.3693,1.3537,,0.64%
10/25/2010,1.3554,1.3633,1.3678,1.3542,,-0.49%
10/22/2010,1.3621,1.3459,1.3657,1.3454,,1.16%
10/21/2010,1.3465,1.3431,1.3538,1.3388,,0.26%
10/20/2010,1.343,1.3328,1.3451,1.3305,,0.72%
10/19/2010,1.3334,1.3368,1.3458,1.3306,,-0.28%
10/18/2010,1.3371,1.3383,1.3413,1.3305,,-0.19%
10/15/2010,1.3397,1.341,1.3489,1.3362,,-0.13%
10/14/2010,1.3415,1.3366,1.3447,1.3334,,0.32%
10/13/2010,1.3372,1.3314,1.3426,1.3315,,0.42%
10/12/2010,1.3316,1.3381,1.3424,1.3261,,-0.49%
10/11/2010,1.3381,1.3438,1.3502,1.3371,,-0.24%
10/08/2010,1.3413,1.3441,1.3505,1.336,,-0.28%
10/07/2010,1.345,1.3387,1.3495,1.3361,,0.44%
10/06/2010,1.3391,1.3371,1.3426,1.3319,,0.22%
10/05/2010,1.3362,1.3281,1.3401,1.326,,0.54%
10/04/2010,1.329,1.3446,1.3473,1.3287,,-0.98%
10/01/2010,1.3422,1.3397,1.3468,1.3357,,0.26%
09/30/2010,1.3387,1.3312,1.3414,1.3261,,0.59%
09/29/2010,1.3308,1.3255,1.3353,1.3235,,0.45%
09/28/2010,1.3249,1.325,1.3301,1.3163,,-0.04%
09/27/2010,1.3254,1.3255,1.3301,1.323,,-0.01%
09/24/2010,1.3255,1.3118,1.33,1.3071,,1.06%
09/23/2010,1.3116,1.3215,1.3252,1.3098,,-0.77%
09/22/2010,1.3218,1.321,1.3283,1.3179,,0.08%
09/21/2010,1.3208,1.3121,1.3247,1.3111,,0.63%
09/20/2010,1.3125,1.3183,1.324,1.3111,,-0.33%
09/17/2010,1.3169,1.3279,1.3398,1.3137,,-0.80%
09/16/2010,1.3275,1.3042,1.3308,1.2987,,1.74%
09/15/2010,1.3048,1.2933,1.3078,1.2927,,0.85%
09/14/2010,1.2938,1.2969,1.3007,1.287,,-0.29%
09/13/2010,1.2975,1.2946,1.3047,1.2941,,0.41%
09/10/2010,1.2922,1.2884,1.3079,1.2861,,0.36%
09/09/2010,1.2876,1.2865,1.294,1.2817,,0.12%
09/08/2010,1.286,1.2825,1.2929,1.2761,,0.29%
09/07/2010,1.2823,1.3025,1.3034,1.2808,,-1.55%
09/06/2010,1.3025,1.3093,1.3139,1.3016,,-0.60%
09/03/2010,1.3103,1.2986,1.317,1.2971,,0.91%
09/02/2010,1.2985,1.2997,1.3045,1.294,,-0.16%
09/01/2010,1.3006,1.2868,1.3051,1.2864,,1.05%
08/31/2010,1.2871,1.2986,1.3009,1.2849,,-0.92%
08/30/2010,1.2991,1.3113,1.3156,1.2978,,-0.94%
08/27/2010,1.3114,1.3017,1.3133,1.2991,,0.75%
08/26/2010,1.3017,1.3036,1.3148,1.3007,,-0.13%
08/25/2010,1.3034,1.3018,1.3091,1.2969,,0.11%
08/24/2010,1.302,1.3168,1.3187,1.3004,,-1.11%
08/23/2010,1.3166,1.3144,1.32,1.3101,,0.23%
08/20/2010,1.3136,1.3227,1.3245,1.3135,,-0.67%
08/19/2010,1.3225,1.3397,1.3412,1.3202,,-1.25%
08/18/2010,1.3392,1.3432,1.3456,1.3356,,-0.30%
08/17/2010,1.3432,1.3331,1.3468,1.3296,,0.82%
08/16/2010,1.3323,1.3366,1.3459,1.3268,,-0.55%
08/13/2010,1.3397,1.3466,1.3548,1.3399,,-0.48%
08/12/2010,1.3461,1.3618,1.3676,1.3456,,-1.15%
08/11/2010,1.3618,1.3801,1.3831,1.3593,,-1.40%
08/10/2010,1.3811,1.3867,1.3931,1.3792,,-0.47%
08/09/2010,1.3876,1.3778,1.3889,1.3753,,0.57%
08/06/2010,1.3797,1.3792,1.3853,1.3741,,0.01%
08/05/2010,1.3795,1.3854,1.3886,1.3748,,-0.40%
08/04/2010,1.3851,1.3753,1.3877,1.3725,,0.78%
08/03/2010,1.3744,1.3687,1.3766,1.3658,,0.39%
08/02/2010,1.369,1.3585,1.3708,1.3577,,0.78%
07/30/2010,1.3584,1.3614,1.364,1.3506,,-0.18%
07/29/2010,1.3609,1.3722,1.3763,1.3578,,-0.85%
07/28/2010,1.3725,1.3777,1.3824,1.3712,,-0.36%
07/27/2010,1.3774,1.3616,1.3805,1.3609,,1.13%
07/26/2010,1.362,1.3598,1.3639,1.3544,,0.10%
07/23/2010,1.3607,1.3437,1.3627,1.3416,,1.23%
07/22/2010,1.3442,1.3392,1.3469,1.3339,,0.34%
07/21/2010,1.3396,1.3551,1.3587,1.339,,-1.19%
07/20/2010,1.3557,1.3648,1.3686,1.3498,,-0.68%
07/19/2010,1.365,1.3516,1.3679,1.3505,,0.52%
07/16/2010,1.358,1.3469,1.3632,1.3453,,0.82%
07/15/2010,1.347,1.3394,1.3491,1.3375,,0.48%
07/14/2010,1.3406,1.3418,1.3497,1.3404,,-0.07%
07/13/2010,1.3416,1.3345,1.343,1.3308,,0.49%
07/12/2010,1.3351,1.3334,1.3416,1.3299,,-0.08%
07/09/2010,1.3362,1.3317,1.3402,1.3305,,0.35%
07/08/2010,1.3316,1.329,1.3363,1.3256,,0.21%
07/07/2010,1.3288,1.3375,1.3397,1.3261,,-0.58%
07/06/2010,1.3366,1.3348,1.3423,1.3279,,0.12%
07/05/2010,1.335,1.336,1.3373,1.3304,,0.07%
07/02/2010,1.3341,1.3272,1.3442,1.3216,,0.62%
07/01/2010,1.3259,1.3175,1.3405,1.307,,0.62%
06/30/2010,1.3177,1.3182,1.3294,1.3172,,-0.05%
06/29/2010,1.3183,1.3344,1.3369,1.3164,,-1.20%
06/28/2010,1.3343,1.3534,1.355,1.3324,,-1.31%
06/25/2010,1.352,1.3583,1.3608,1.3458,,-0.52%
06/24/2010,1.359,1.3605,1.3636,1.3548,,-0.04%
06/23/2010,1.3595,1.358,1.3622,1.3544,,0.10%
06/22/2010,1.3582,1.3695,1.3708,1.3582,,-0.70%
06/21/2010,1.3678,1.3729,1.3768,1.3674,,-0.34%
06/18/2010,1.3724,1.3776,1.379,1.3711,,-0.29%
06/17/2010,1.3764,1.3923,1.3931,1.3737,,-1.11%
06/16/2010,1.3919,1.397,1.398,1.3859,,-0.32%
06/15/2010,1.3964,1.3957,1.4045,1.3908,,0.07%
06/14/2010,1.3954,1.3926,1.399,1.387,,0.31%
06/11/2010,1.3911,1.3845,1.3953,1.3811,,0.56%
06/10/2010,1.3833,1.3759,1.3867,1.3743,,0.52%
06/09/2010,1.3762,1.3805,1.3813,1.3734,,-0.17%
06/08/2010,1.3785,1.3872,1.3914,1.374,,-0.55%
06/07/2010,1.3861,1.3896,1.3947,1.3846,,-0.43%
06/04/2010,1.3921,1.407,1.4097,1.3861,,-0.97%
06/03/2010,1.4058,1.4145,1.4184,1.4051,,-0.53%
06/02/2010,1.4133,1.4142,1.4169,1.4114,,-0.01%
06/01/2010,1.4134,1.4215,1.4227,1.4135,,-0.53%
05/31/2010,1.4209,1.4215,1.4261,1.4164,,-0.04%
05/28/2010,1.4215,1.4231,1.4311,1.4206,,-0.06%
05/27/2010,1.4223,1.4125,1.4275,1.4104,,0.78%
05/26/2010,1.4113,1.4288,1.4301,1.4126,,-1.16%
05/25/2010,1.4278,1.4335,1.4343,1.4205,,-0.33%
05/24/2010,1.4325,1.4431,1.4447,1.4308,,-0.84%
05/21/2010,1.4447,1.4364,1.461,1.4346,,0.60%
05/20/2010,1.4361,1.4293,1.4388,1.4136,,0.55%
05/19/2010,1.4282,1.4005,1.4312,1.3953,,2.01%
05/18/2010,1.4001,1.402,1.4053,1.3997,,-0.11%
05/17/2010,1.4016,1.4007,1.4034,1.3989,,0.08%
05/14/2010,1.4005,1.4009,1.4038,1.3994,,-0.01%
05/13/2010,1.4006,1.402,1.4076,1.3996,,-0.08%
05/12/2010,1.4017,1.4066,1.412,1.4009,,-0.31%
05/11/2010,1.4061,1.4196,1.4201,1.4025,,-0.90%
05/10/2010,1.4188,1.4231,1.4338,1.4173,,0.40%
05/07/2010,1.4131,1.4062,1.4197,1.4046,,0.49%
05/06/2010,1.4062,1.4328,1.4354,1.401,,-1.84%
05/05/2010,1.4325,1.4323,1.4341,1.4307,,0.03%
05/04/2010,1.432,1.4325,1.4343,1.4314,,-0.03%
05/03/2010,1.4324,1.4345,1.4352,1.4313,,0.01%
04/30/2010,1.4323,1.4342,1.4365,1.4316,,-0.06%
04/29/2010,1.4332,1.4334,1.4362,1.4323,,-0.02%
04/28/2010,1.4335,1.4331,1.4381,1.428,,0.05%
04/27/2010,1.4328,1.4348,1.4384,1.4321,,-0.21%
04/26/2010,1.4358,1.4349,1.4373,1.4329,,0.04%
04/23/2010,1.4352,1.433,1.437,1.4314,,0.15%
04/22/2010,1.433,1.433,1.4351,1.4307,,0.02%
04/21/2010,1.4327,1.4356,1.4368,1.4293,,-0.20%
04/20/2010,1.4355,1.4335,1.4369,1.4323,,0.16%
04/19/2010,1.4332,1.4329,1.4366,1.432,,0.10%
04/16/2010,1.4317,1.4339,1.4354,1.4316,,-0.13%
04/15/2010,1.4336,1.4363,1.4374,1.4325,,-0.15%
04/14/2010,1.4358,1.4351,1.4393,1.4333,,0.08%
04/13/2010,1.4347,1.4397,1.4413,1.4324,,-0.33%
04/12/2010,1.4395,1.4399,1.4471,1.4373,,0.14%
04/09/2010,1.4375,1.4339,1.4401,1.4322,,0.34%
04/08/2010,1.4327,1.4329,1.435,1.4312,,0.02%
04/07/2010,1.4324,1.4323,1.4356,1.4312,,0.05%
04/06/2010,1.4317,1.4327,1.4337,1.4312,,-0.04%
04/05/2010,1.4323,1.4324,1.4344,1.431,,0.02%
04/02/2010,1.432,1.432,1.4361,1.4293,,0.06%
04/01/2010,1.4312,1.4241,1.4415,1.414,,0.53%
03/31/2010,1.4236,1.4307,1.4331,1.4203,,-0.46%
03/30/2010,1.4302,1.4323,1.4348,1.4297,,-0.08%
03/29/2010,1.4314,1.4276,1.4364,1.4267,,0.27%
03/26/2010,1.4275,1.4259,1.4321,1.425,,0.12%
03/25/2010,1.4258,1.4287,1.4304,1.4249,,-0.20%
03/24/2010,1.4286,1.4276,1.431,1.4227,,0.12%
03/23/2010,1.4269,1.4346,1.4375,1.4262,,-0.50%
03/22/2010,1.434,1.4357,1.4381,1.4304,,-0.10%
03/19/2010,1.4355,1.4398,1.4415,1.4315,,-0.22%
03/18/2010,1.4387,1.4471,1.4497,1.4379,,-0.60%
03/17/2010,1.4474,1.4521,1.4544,1.4468,,-0.30%
03/16/2010,1.4517,1.4527,1.4541,1.4499,,-0.01%
03/15/2010,1.4518,1.457,1.4587,1.4503,,-0.30%
03/12/2010,1.4562,1.4617,1.4634,1.4563,,-0.34%
03/11/2010,1.4612,1.4615,1.4636,1.4593,,0.00%
03/10/2010,1.4612,1.4624,1.464,1.4604,,-0.03%
03/09/2010,1.4617,1.4631,1.4646,1.4614,,-0.10%
03/08/2010,1.4631,1.4634,1.465,1.4617,,0.02%
03/05/2010,1.4628,1.4628,1.4657,1.461,,0.03%
03/04/2010,1.4623,1.4626,1.4647,1.4615,,0.05%
03/03/2010,1.4615,1.4631,1.4648,1.4615,,-0.09%
03/02/2010,1.4628,1.4636,1.4659,1.4609,,-0.01%
03/01/2010,1.4629,1.4635,1.4655,1.4616,,0.03%
02/26/2010,1.4625,1.4636,1.4654,1.4616,,-0.03%
02/25/2010,1.463,1.4633,1.4654,1.4609,,0.01%
02/24/2010,1.4628,1.4642,1.4661,1.4621,,-0.05%
02/23/2010,1.4636,1.4632,1.4691,1.4616,,0.05%
02/22/2010,1.4628,1.4655,1.4675,1.4627,,-0.08%
02/19/2010,1.464,1.4659,1.4683,1.4635,,-0.18%
02/18/2010,1.4667,1.4668,1.4691,1.4638,,0.00%
02/17/2010,1.4667,1.4678,1.4705,1.4661,,-0.07%
02/16/2010,1.4677,1.4655,1.4694,1.4629,,0.20%
02/15/2010,1.4648,1.4661,1.4687,1.4632,,-0.05%
02/12/2010,1.4655,1.4657,1.4704,1.4621,,0.02%
02/11/2010,1.4652,1.4667,1.4687,1.4643,,-0.03%
02/10/2010,1.4656,1.4676,1.4698,1.464,,-0.09%
02/09/2010,1.4669,1.4649,1.4705,1.4633,,0.14%
02/08/2010,1.4649,1.468,1.4701,1.4641,,-0.07%
02/05/2010,1.4659,1.4642,1.4816,1.4558,,0.13%
02/04/2010,1.464,1.4715,1.4729,1.4641,,-0.52%
02/03/2010,1.4716,1.4733,1.4762,1.4713,,-0.09%
02/02/2010,1.4729,1.4711,1.4752,1.4691,,0.18%
02/01/2010,1.4703,1.4699,1.4744,1.4689,,0.01%
01/29/2010,1.4702,1.4697,1.4737,1.4632,,0.08%
01/28/2010,1.469,1.4725,1.4748,1.4689,,-0.16%
01/27/2010,1.4713,1.4729,1.4749,1.4704,,-0.08%
01/26/2010,1.4725,1.4716,1.4747,1.4697,,0.11%
01/25/2010,1.4709,1.4726,1.4752,1.4704,,-0.08%
01/22/2010,1.4721,1.4687,1.4743,1.4668,,0.22%
01/21/2010,1.4688,1.4726,1.4756,1.4678,,-0.24%
01/20/2010,1.4723,1.476,1.4779,1.4718,,-0.22%
01/19/2010,1.4756,1.4741,1.479,1.4727,,0.14%
01/18/2010,1.4736,1.4756,1.4787,1.4728,,-0.18%
01/15/2010,1.4763,1.4769,1.4791,1.4739,,-0.03%
01/14/2010,1.4767,1.4776,1.4817,1.4759,,-0.02%
01/13/2010,1.477,1.4754,1.4805,1.474,,0.12%
01/12/2010,1.4753,1.4752,1.4779,1.4731,,0.05%
01/11/2010,1.4746,1.4753,1.4796,1.472,,-0.01%
01/08/2010,1.4748,1.4798,1.4859,1.4758,,-0.30%
01/07/2010,1.4793,1.4812,1.4851,1.4771,,-0.07%
01/06/2010,1.4803,1.4852,1.4867,1.4794,,-0.33%
01/05/2010,1.4852,1.4842,1.4884,1.482,,0.08%
01/04/2010,1.484,1.4825,1.4901,1.4805,,0.20%
01/01/2010,1.4811,1.4823,1.4833,1.4815,,-0.08%
12/31/2009,1.4823,1.4866,1.4884,1.4816,,-0.24%
12/30/2009,1.4859,1.4877,1.4899,1.4848,,-0.12%
12/29/2009,1.4877,1.488,1.4909,1.4847,,0.03%
12/28/2009,1.4873,1.4917,1.4932,1.4868,,-0.23%
12/25/2009,1.4908,1.4923,1.4955,1.4891,,-0.03%
12/24/2009,1.4913,1.4892,1.493,1.4871,,0.15%
12/23/2009,1.489,1.4948,1.4965,1.4869,,-0.37%
12/22/2009,1.4945,1.4941,1.4994,1.4924,,0.05%
12/21/2009,1.4937,1.4878,1.4974,1.4869,,-0.05%
12/18/2009,1.4944,1.5019,1.5032,1.4914,,-0.46%
12/17/2009,1.5013,1.5094,1.5108,1.5006,,-0.53%
12/16/2009,1.5093,1.5124,1.5143,1.5073,,-0.17%
12/15/2009,1.5119,1.5122,1.5146,1.509,,0.04%
12/14/2009,1.5113,1.5126,1.5148,1.5105,,-0.07%
12/11/2009,1.5124,1.5114,1.5143,1.5097,,0.09%
12/10/2009,1.511,1.512,1.5137,1.5098,,-0.03%
12/09/2009,1.5115,1.5101,1.5125,1.5088,,0.10%
12/08/2009,1.51,1.5113,1.513,1.5093,,-0.05%
12/07/2009,1.5107,1.5107,1.5134,1.5091,,0.12%
12/04/2009,1.5089,1.5072,1.5109,1.5038,,0.17%
12/03/2009,1.5064,1.5071,1.5106,1.5061,,-0.01%
12/02/2009,1.5066,1.5073,1.5091,1.5058,,-0.01%
12/01/2009,1.5067,1.5084,1.5104,1.5063,,-0.10%
11/30/2009,1.5082,1.5079,1.5103,1.5048,,0.28%
11/27/2009,1.504,1.5063,1.5108,1.5031,,-0.06%
11/26/2009,1.5049,1.5085,1.5136,1.5004,,-0.20%
11/25/2009,1.5079,1.5099,1.511,1.5073,,-0.11%
11/24/2009,1.5096,1.5113,1.5133,1.5091,,-0.07%
11/23/2009,1.5106,1.5135,1.5145,1.5099,,-0.09%
11/20/2009,1.512,1.5117,1.5149,1.5107,,0.06%
11/19/2009,1.5111,1.5111,1.5151,1.51,,0.01%
11/18/2009,1.5109,1.5112,1.513,1.5094,,0.01%
11/17/2009,1.5107,1.5082,1.5131,1.5073,,0.17%
11/16/2009,1.5081,1.5096,1.5115,1.5073,,-0.05%
11/13/2009,1.5088,1.5107,1.5125,1.5083,,-0.08%
11/12/2009,1.51,1.5103,1.5125,1.5091,,-0.01%
11/11/2009,1.5101,1.5101,1.5119,1.5093,,0.01%
11/10/2009,1.5099,1.5115,1.513,1.5089,,-0.11%
11/09/2009,1.5115,1.5107,1.5134,1.5087,,0.13%
11/06/2009,1.5096,1.5116,1.516,1.5079,,-0.10%
11/05/2009,1.5111,1.5102,1.513,1.5086,,0.12%
11/04/2009,1.5093,1.5105,1.5129,1.5086,,-0.05%
11/03/2009,1.5101,1.5095,1.5138,1.5085,,0.07%
11/02/2009,1.509,1.5101,1.5113,1.5065,,-0.05%
10/30/2009,1.5098,1.5105,1.5177,1.508,,-0.02%
10/29/2009,1.5101,1.5105,1.5128,1.509,,0.02%
10/28/2009,1.5098,1.5124,1.5141,1.5093,,-0.17%
10/27/2009,1.5124,1.5144,1.5169,1.5122,,-0.14%
10/26/2009,1.5145,1.5133,1.5156,1.5114,,0.11%
10/23/2009,1.5128,1.5099,1.5147,1.5092,,0.21%
10/22/2009,1.5097,1.5109,1.5147,1.5088,,0.00%
10/21/2009,1.5097,1.512,1.5132,1.5084,,-0.09%
10/20/2009,1.5111,1.5135,1.515,1.5105,,-0.11%
10/19/2009,1.5127,1.5173,1.5189,1.5125,,-0.30%
10/16/2009,1.5173,1.5169,1.52,1.5155,,0.09%
10/15/2009,1.516,1.5151,1.5176,1.5119,,0.13%
10/14/2009,1.5141,1.5175,1.5192,1.5138,,-0.22%
10/13/2009,1.5174,1.5169,1.52,1.5153,,0.05%
10/12/2009,1.5166,1.5184,1.521,1.5154,,-0.15%
10/09/2009,1.5189,1.5178,1.5208,1.5168,,0.15%
10/08/2009,1.5167,1.5175,1.5193,1.5145,,0.01%
10/07/2009,1.5166,1.5122,1.5185,1.5109,,0.34%
10/06/2009,1.5114,1.5124,1.5133,1.509,,-0.01%
10/05/2009,1.5115,1.509,1.5141,1.5078,,0.24%
10/02/2009,1.5079,1.5134,1.5149,1.5078,,-0.34%
10/01/2009,1.5131,1.5169,1.52,1.5131,,-0.17%
09/30/2009,1.5157,1.512,1.5246,1.507,,0.30%
09/29/2009,1.5111,1.5094,1.5136,1.5084,,0.12%
09/28/2009,1.5093,1.5101,1.5129,1.5077,,0.07%
09/25/2009,1.5083,1.5097,1.5131,1.5076,,0.00%
09/24/2009,1.5083,1.513,1.514,1.5078,,-0.26%
09/23/2009,1.5122,1.5142,1.5158,1.5111,,-0.09%
09/22/2009,1.5135,1.5155,1.5165,1.5128,,-0.09%
09/21/2009,1.5149,1.5146,1.5197,1.5131,,0.05%
09/18/2009,1.5141,1.516,1.518,1.5128,,-0.05%
09/17/2009,1.5148,1.5185,1.5234,1.5145,,-0.17%
09/16/2009,1.5174,1.5172,1.5205,1.5157,,0.05%
09/15/2009,1.5166,1.5125,1.5186,1.5113,,0.29%
09/14/2009,1.5122,1.5134,1.5151,1.5106,,0.03%
09/11/2009,1.5118,1.5142,1.5159,1.5119,,-0.13%
09/10/2009,1.5138,1.5162,1.5202,1.513,,-0.10%
09/09/2009,1.5153,1.5169,1.5186,1.5149,,-0.07%
09/08/2009,1.5164,1.519,1.521,1.5145,,-0.14%
09/07/2009,1.5186,1.5174,1.5208,1.5152,,0.26%
09/04/2009,1.5147,1.5145,1.5192,1.5134,,0.07%
09/03/2009,1.5137,1.5132,1.5161,1.5116,,0.05%
09/02/2009,1.5129,1.5154,1.5191,1.5119,,-0.13%
09/01/2009,1.5149,1.518,1.5189,1.5137,,-0.18%
08/31/2009,1.5177,1.5162,1.5185,1.5141,,0.21%
08/28/2009,1.5145,1.5194,1.5223,1.5147,,-0.28%
08/27/2009,1.5188,1.5221,1.525,1.5183,,-0.14%
08/26/2009,1.521,1.5178,1.524,1.5168,,0.26%
08/25/2009,1.517,1.5183,1.5202,1.5147,,0.01%
08/24/2009,1.5169,1.5158,1.5217,1.5151,,0.12%
08/21/2009,1.5151,1.5149,1.5195,1.5131,,0.01%
08/20/2009,1.515,1.5164,1.5197,1.5147,,-0.07%
08/19/2009,1.516,1.5206,1.5219,1.5124,,-0.25%
08/18/2009,1.5198,1.5178,1.5227,1.517,,0.17%
08/17/2009,1.5172,1.5236,1.5249,1.5172,,-0.32%
08/14/2009,1.522,1.5289,1.5307,1.522,,-0.43%
08/13/2009,1.5285,1.5293,1.5349,1.5274,,-0.01%
08/12/2009,1.5286,1.531,1.5322,1.526,,-0.10%
08/11/2009,1.5301,1.535,1.5357,1.5278,,-0.29%
08/10/2009,1.5346,1.5344,1.537,1.5329,,0.10%
08/07/2009,1.5331,1.5285,1.5362,1.5241,,0.33%
08/06/2009,1.528,1.53,1.5332,1.528,,-0.08%
08/05/2009,1.5292,1.5272,1.5323,1.5252,,0.14%
08/04/2009,1.527,1.527,1.5322,1.5254,,0.04%
08/03/2009,1.5264,1.5241,1.5292,1.5225,,0.29%
07/31/2009,1.522,1.5307,1.5352,1.5209,,-0.54%
07/30/2009,1.5303,1.5271,1.5343,1.5258,,0.26%
07/29/2009,1.5264,1.5235,1.5286,1.5214,,0.21%
07/28/2009,1.5232,1.5239,1.5269,1.5208,,-0.01%
07/27/2009,1.5233,1.5224,1.5255,1.521,,0.11%
07/24/2009,1.5216,1.5206,1.5254,1.5194,,0.11%
07/23/2009,1.52,1.5155,1.5248,1.5146,,0.33%
07/22/2009,1.515,1.5164,1.5184,1.5145,,-0.05%
07/21/2009,1.5157,1.5196,1.5209,1.5138,,-0.22%
07/20/2009,1.5191,1.5193,1.5229,1.5177,,0.15%
07/17/2009,1.5169,1.5182,1.5227,1.5169,,-0.03%
07/16/2009,1.5174,1.5162,1.5195,1.5139,,0.14%
07/15/2009,1.5153,1.5207,1.5221,1.5145,,-0.30%
07/14/2009,1.5199,1.5141,1.521,1.513,,0.44%
07/13/2009,1.5132,1.5134,1.5165,1.5117,,0.00%
07/10/2009,1.5132,1.5119,1.5174,1.5114,,0.10%
07/09/2009,1.5117,1.5135,1.5174,1.5099,,-0.08%
07/08/2009,1.5129,1.5162,1.5178,1.5118,,-0.15%
07/07/2009,1.5152,1.5165,1.5199,1.5141,,-0.06%
07/06/2009,1.5161,1.5187,1.5217,1.5148,,-0.03%
07/03/2009,1.5166,1.5186,1.5254,1.5159,,-0.10%
07/02/2009,1.5181,1.5205,1.5258,1.5169,,-0.12%
07/01/2009,1.52,1.5247,1.526,1.5191,,-0.20%
06/30/2009,1.5231,1.5248,1.5277,1.5225,,-0.07%
06/29/2009,1.5241,1.5232,1.5286,1.5213,,0.08%
06/26/2009,1.5229,1.5306,1.5332,1.5214,,-0.47%
06/25/2009,1.5301,1.5296,1.537,1.525,,0.09%
06/24/2009,1.5288,1.5019,1.5385,1.5007,,1.80%
06/23/2009,1.5018,1.506,1.5069,1.5009,,-0.24%
06/22/2009,1.5054,1.5071,1.5083,1.5045,,-0.07%
06/19/2009,1.5064,1.5098,1.5132,1.5061,,-0.23%
06/18/2009,1.5098,1.5057,1.5153,1.5,,0.31%
06/17/2009,1.5051,1.5063,1.5118,1.5037,,-0.05%
06/16/2009,1.5058,1.5063,1.5093,1.5048,,-0.01%
06/15/2009,1.506,1.5117,1.5141,1.5052,,-0.44%
06/12/2009,1.5127,1.5099,1.5139,1.508,,0.25%
06/11/2009,1.509,1.5111,1.5148,1.5091,,-0.07%
06/10/2009,1.51,1.517,1.5185,1.51,,-0.44%
06/09/2009,1.5167,1.5173,1.519,1.5143,,0.00%
06/08/2009,1.5167,1.5172,1.5219,1.5152,,0.01%
06/05/2009,1.5165,1.516,1.5248,1.5148,,0.05%
06/04/2009,1.5158,1.5156,1.5176,1.5098,,0.09%
06/03/2009,1.5145,1.5189,1.5215,1.5133,,-0.27%
06/02/2009,1.5186,1.5155,1.5195,1.5114,,0.22%
06/01/2009,1.5152,1.509,1.5189,1.5066,,0.42%
05/29/2009,1.5089,1.512,1.5164,1.5071,,-0.17%
05/28/2009,1.5115,1.512,1.5145,1.5092,,0.00%
05/27/2009,1.5115,1.5159,1.5177,1.5102,,-0.26%
05/26/2009,1.5154,1.5174,1.5189,1.5122,,-0.09%
05/25/2009,1.5168,1.5202,1.5218,1.5156,,-0.05%
05/22/2009,1.5176,1.5191,1.524,1.5176,,-0.09%
05/21/2009,1.5189,1.516,1.5218,1.513,,0.25%
05/20/2009,1.5151,1.5122,1.5187,1.5099,,0.26%
05/19/2009,1.5112,1.5111,1.5172,1.5096,,0.05%
05/18/2009,1.5105,1.5132,1.5151,1.5088,,-0.12%
05/15/2009,1.5123,1.5063,1.5149,1.5002,,0.45%
05/14/2009,1.5056,1.5055,1.5092,1.5034,,0.02%
05/13/2009,1.5053,1.5092,1.51,1.5035,,-0.18%
05/12/2009,1.508,1.5068,1.5101,1.5057,,0.09%
05/11/2009,1.5066,1.5073,1.5097,1.5033,,-0.11%
05/08/2009,1.5083,1.5135,1.5177,1.5062,,-0.32%
05/07/2009,1.5131,1.5084,1.5195,1.5074,,0.36%
05/06/2009,1.5077,1.509,1.5115,1.5051,,-0.07%
05/05/2009,1.5087,1.5107,1.5155,1.5069,,-0.07%
05/04/2009,1.5097,1.5075,1.5121,1.5069,,0.29%
05/01/2009,1.5054,1.5092,1.5132,1.5058,,-0.23%
04/30/2009,1.5088,1.5078,1.5132,1.5046,,0.18%
04/29/2009,1.5061,1.5027,1.5112,1.5012,,0.23%
04/28/2009,1.5027,1.5063,1.5077,1.5021,,-0.16%
04/27/2009,1.5051,1.5083,1.5096,1.5026,,-0.28%
04/24/2009,1.5094,1.5122,1.5148,1.5071,,-0.18%
04/23/2009,1.5121,1.5132,1.5204,1.5089,,-0.05%
04/22/2009,1.5129,1.5116,1.516,1.5088,,0.11%
04/21/2009,1.5112,1.5102,1.5162,1.5095,,0.08%
04/20/2009,1.51,1.5224,1.5229,1.5097,,-0.59%
04/17/2009,1.5189,1.512,1.5242,1.5089,,0.50%
04/16/2009,1.5113,1.5117,1.5159,1.5079,,0.07%
04/15/2009,1.5103,1.5088,1.5159,1.5073,,0.17%
04/14/2009,1.5078,1.515,1.5189,1.5089,,-0.38%
04/13/2009,1.5135,1.5221,1.5251,1.5132,,-0.57%
04/10/2009,1.5222,1.5222,1.5246,1.518,,0.04%
04/09/2009,1.5216,1.5229,1.5276,1.5204,,-0.01%
04/08/2009,1.5218,1.5162,1.5247,1.5114,,0.40%
04/07/2009,1.5158,1.5242,1.525,1.5155,,-0.45%
04/06/2009,1.5227,1.5263,1.5303,1.5211,,-0.08%
04/03/2009,1.5239,1.5268,1.5286,1.5203,,-0.12%
04/02/2009,1.5257,1.5177,1.5294,1.5158,,0.57%
04/01/2009,1.517,1.5097,1.5187,1.5059,,0.48%
03/31/2009,1.5098,1.516,1.5199,1.5082,,-0.37%
03/30/2009,1.5154,1.5194,1.5221,1.5122,,-0.41%
03/27/2009,1.5217,1.5244,1.5305,1.5171,,-0.18%
03/26/2009,1.5245,1.5232,1.5305,1.5202,,0.14%
03/25/2009,1.5224,1.524,1.5271,1.5185,,0.00%
03/24/2009,1.5224,1.533,1.5363,1.5219,,-0.65%
03/23/2009,1.5323,1.5325,1.5381,1.528,,0.16%
03/20/2009,1.5299,1.5358,1.5367,1.5228,,-0.30%
03/19/2009,1.5345,1.5381,1.5424,1.5319,,-0.35%
03/18/2009,1.5399,1.5385,1.5411,1.5264,,0.14%
03/17/2009,1.5378,1.537,1.5448,1.5312,,0.19%
03/16/2009,1.5349,1.5319,1.5452,1.5277,,0.23%
03/13/2009,1.5314,1.5311,1.5405,1.5263,,0.03%
03/12/2009,1.5309,1.4804,1.5326,1.4748,,3.40%
03/11/2009,1.4806,1.4713,1.4826,1.4702,,0.71%
03/10/2009,1.4702,1.4614,1.4741,1.4586,,0.64%
03/09/2009,1.4609,1.4661,1.472,1.4603,,-0.32%
03/06/2009,1.4656,1.4687,1.4703,1.4577,,-0.19%
03/05/2009,1.4684,1.4797,1.4807,1.4693,,-0.74%
03/04/2009,1.4794,1.478,1.4838,1.4723,,0.16%
03/03/2009,1.477,1.4792,1.4868,1.4734,,-0.07%
03/02/2009,1.478,1.4789,1.483,1.4739,,-0.30%
02/27/2009,1.4825,1.4836,1.4884,1.4763,,-0.01%
02/26/2009,1.4827,1.488,1.4913,1.482,,-0.32%
02/25/2009,1.4875,1.4907,1.4931,1.4796,,-0.16%
02/24/2009,1.4899,1.4838,1.492,1.4766,,0.33%
02/23/2009,1.485,1.4838,1.4938,1.4799,,0.28%
02/20/2009,1.4809,1.4875,1.4996,1.476,,-0.41%
02/19/2009,1.487,1.4765,1.4954,1.4751,,0.77%
02/18/2009,1.4757,1.4726,1.4841,1.4697,,0.33%
02/17/2009,1.4709,1.4845,1.487,1.473,,-0.82%
02/16/2009,1.4831,1.4901,1.4932,1.4827,,-0.70%
02/13/2009,1.4935,1.495,1.4992,1.4906,,-0.16%
02/12/2009,1.4959,1.4945,1.4979,1.4866,,0.12%
02/11/2009,1.4941,1.4928,1.5015,1.4914,,0.13%
02/10/2009,1.4922,1.5139,1.5153,1.4923,,-1.45%
02/09/2009,1.5141,1.5038,1.5144,1.4986,,0.70%
02/06/2009,1.5036,1.4975,1.5079,1.4954,,0.55%
02/05/2009,1.4954,1.4883,1.5002,1.487,,0.50%
02/04/2009,1.4879,1.4899,1.4956,1.4859,,-0.05%
02/03/2009,1.4886,1.4926,1.4975,1.4823,,-0.26%
02/02/2009,1.4925,1.484,1.4939,1.4811,,0.64%
01/30/2009,1.483,1.4943,1.4995,1.4821,,-0.69%
01/29/2009,1.4933,1.5143,1.5175,1.4899,,-1.33%
01/28/2009,1.5134,1.5035,1.5196,1.5019,,0.75%
01/27/2009,1.5022,1.4991,1.5094,1.4956,,0.28%
01/26/2009,1.498,1.499,1.5099,1.4932,,-0.18%
01/23/2009,1.5007,1.5005,1.5035,1.4894,,0.09%
01/22/2009,1.4993,1.5028,1.5112,1.4918,,-0.27%
01/21/2009,1.5034,1.479,1.4952,1.4734,,1.72%
01/20/2009,1.478,1.4847,1.4865,1.4757,,-0.43%
01/19/2009,1.4844,1.4866,1.4932,1.48,,-0.01%
01/16/2009,1.4845,1.4768,1.4886,1.4739,,0.51%
01/15/2009,1.4769,1.4712,1.4829,1.4669,,0.43%
01/14/2009,1.4706,1.476,1.4844,1.4649,,-0.31%
01/13/2009,1.4751,1.4895,1.4912,1.4749,,-0.99%
01/12/2009,1.4899,1.4991,1.5044,1.4851,,-0.35%
01/09/2009,1.4952,1.4982,1.5055,1.4919,,-0.23%
01/08/2009,1.4987,1.5027,1.505,1.493,,-0.15%
01/07/2009,1.5009,1.5073,1.5106,1.493,,-0.43%
01/06/2009,1.5074,1.5099,1.5148,1.4971,,-0.19%
01/05/2009,1.5102,1.5029,1.5101,1.4924,,0.50%
01/02/2009,1.5027,1.4922,1.499,1.4809,,0.70%
01/01/2009,1.4922,1.4935,1.5044,1.4891,,-0.03%
12/31/2008,1.4926,1.4899,1.496,1.4756,,0.34%
12/30/2008,1.4876,1.4802,1.5006,1.4721,,0.53%
12/29/2008,1.4798,1.5025,1.505,1.4752,,-1.40%
12/26/2008,1.5008,1.5132,1.5164,1.5013,,-0.75%
12/25/2008,1.5122,1.5042,1.5147,1.5008,,0.61%
12/24/2008,1.503,1.518,1.5198,1.5004,,-0.95%
12/23/2008,1.5174,1.5246,1.5322,1.5121,,-0.46%
12/22/2008,1.5244,1.5376,1.5429,1.5227,,-0.54%
12/19/2008,1.5327,1.5431,1.5481,1.5341,,-0.58%
12/18/2008,1.5417,1.5456,1.5518,1.5284,,-0.22%
12/17/2008,1.5451,1.5785,1.5802,1.5467,,-2.07%
12/16/2008,1.5777,1.5877,1.5885,1.5722,,-0.62%
12/15/2008,1.5876,1.5732,1.5872,1.5717,,0.80%
12/12/2008,1.575,1.5805,1.5823,1.5684,,-0.37%
12/11/2008,1.5808,1.5603,1.5814,1.5559,,1.38%
12/10/2008,1.5593,1.5572,1.5632,1.5542,,0.18%
12/09/2008,1.5565,1.559,1.5647,1.5554,,-0.08%
12/08/2008,1.5578,1.5511,1.5622,1.5502,,0.30%
12/05/2008,1.5532,1.5277,1.5529,1.5231,,1.78%
12/04/2008,1.526,1.5383,1.5401,1.5247,,-0.74%
12/03/2008,1.5374,1.5337,1.5405,1.5264,,0.27%
12/02/2008,1.5333,1.5196,1.5363,1.5161,,0.88%
12/01/2008,1.52,1.5426,1.5432,1.5202,,-1.34%
11/28/2008,1.5407,1.549,1.5519,1.5391,,-0.51%
11/27/2008,1.5486,1.5522,1.5527,1.5436,,-0.20%
11/26/2008,1.5517,1.5479,1.5522,1.541,,0.41%
11/25/2008,1.5454,1.5449,1.5526,1.5395,,0.10%
11/24/2008,1.5438,1.5402,1.5469,1.5341,,0.42%
11/21/2008,1.5374,1.5252,1.5419,1.5219,,0.83%
11/20/2008,1.5247,1.5178,1.5339,1.5122,,0.52%
11/19/2008,1.5168,1.5167,1.5336,1.5156,,-0.08%
11/18/2008,1.518,1.5158,1.5206,1.5086,,0.24%
11/17/2008,1.5144,1.5052,1.5238,1.4997,,0.34%
11/14/2008,1.5092,1.519,1.5207,1.5041,,-0.49%
11/13/2008,1.5167,1.4821,1.513,1.4764,,2.43%
11/12/2008,1.4807,1.4878,1.4941,1.471,,-0.36%
11/11/2008,1.486,1.5031,1.5052,1.4833,,-1.05%
11/10/2008,1.5017,1.5033,1.5173,1.5013,,0.05%
11/07/2008,1.5009,1.4966,1.5051,1.4924,,0.30%
11/06/2008,1.4964,1.5012,1.5088,1.4943,,-0.31%
11/05/2008,1.501,1.5098,1.5179,1.4959,,-0.65%
11/04/2008,1.5108,1.484,1.5149,1.4777,,1.76%
11/03/2008,1.4847,1.4749,1.4894,1.4739,,0.75%
10/31/2008,1.4736,1.4718,1.4832,1.4537,,0.06%
10/30/2008,1.4727,1.464,1.4912,1.4611,,0.77%
10/29/2008,1.4615,1.4718,1.4789,1.4568,,-0.70%
10/28/2008,1.4718,1.4432,1.4648,1.4316,,2.09%
10/27/2008,1.4417,1.4647,1.4741,1.4299,,-2.10%
10/24/2008,1.4727,1.5007,1.5037,1.4415,,-1.96%
10/23/2008,1.5022,1.4947,1.5016,1.485,,0.60%
10/22/2008,1.4933,1.5046,1.5065,1.4845,,-0.76%
10/21/2008,1.5047,1.5332,1.5354,1.5074,,-1.79%
10/20/2008,1.5321,1.5242,1.5354,1.5221,,0.52%
10/17/2008,1.5242,1.5305,1.5339,1.5173,,-0.35%
10/16/2008,1.5296,1.5263,1.5377,1.5141,,0.26%
10/15/2008,1.5256,1.5484,1.5509,1.5309,,-1.44%
10/14/2008,1.5479,1.5461,1.5565,1.5444,,0.23%
10/13/2008,1.5444,1.532,1.5511,1.5315,,1.18%
10/10/2008,1.5264,1.5347,1.5365,1.5075,,-0.44%
10/09/2008,1.5332,1.538,1.5513,1.5345,,-0.16%
10/08/2008,1.5357,1.549,1.5582,1.5371,,-0.79%
10/07/2008,1.5479,1.5492,1.5629,1.5446,,-0.05%
10/06/2008,1.5486,1.5511,1.5553,1.5383,,-0.38%
10/03/2008,1.5545,1.5696,1.5712,1.5561,,-0.93%
10/02/2008,1.5691,1.5776,1.5793,1.5665,,-0.51%
10/01/2008,1.5771,1.5814,1.583,1.5683,,-0.23%
09/30/2008,1.5807,1.5722,1.5825,1.567,,0.69%
09/29/2008,1.5698,1.5898,1.593,1.5715,,-1.46%
09/26/2008,1.5931,1.5928,1.5951,1.5855,,0.04%
09/25/2008,1.5925,1.5957,1.5975,1.59,,-0.20%
09/24/2008,1.5957,1.5925,1.5976,1.5907,,0.26%
09/23/2008,1.5915,1.5875,1.5967,1.5868,,0.18%
09/22/2008,1.5886,1.6006,1.6027,1.5883,,-0.59%
09/19/2008,1.5981,1.5855,1.6045,1.5833,,0.84%
09/18/2008,1.5848,1.5806,1.5904,1.5766,,0.38%
09/17/2008,1.5788,1.5848,1.5951,1.5792,,-0.42%
09/16/2008,1.5855,1.589,1.5923,1.5745,,-0.14%
09/15/2008,1.5877,1.6186,1.6189,1.5852,,-1.27%
09/12/2008,1.6081,1.5934,1.609,1.5898,,0.90%
09/11/2008,1.5937,1.5909,1.5943,1.5831,,0.18%
09/10/2008,1.5909,1.5921,1.5983,1.5898,,-0.04%
09/09/2008,1.5915,1.5983,1.6025,1.5905,,-0.44%
09/08/2008,1.5986,1.6066,1.6088,1.5949,,0.20%
09/05/2008,1.5954,1.5882,1.5949,1.5806,,0.49%
09/04/2008,1.5876,1.6036,1.6057,1.5867,,-0.94%
09/03/2008,1.6027,1.6065,1.6094,1.601,,-0.18%
09/02/2008,1.6056,1.6093,1.6124,1.6054,,-0.16%
09/01/2008,1.6081,1.6149,1.6166,1.6052,,-0.46%
08/29/2008,1.6155,1.6157,1.6195,1.6124,,-0.02%
08/28/2008,1.6158,1.616,1.618,1.6086,,0.01%
08/27/2008,1.6156,1.6113,1.6178,1.6102,,0.34%
08/26/2008,1.6102,1.6166,1.6191,1.6101,,-0.37%
08/25/2008,1.6161,1.6248,1.6252,1.6157,,-0.55%
08/22/2008,1.6251,1.6181,1.6258,1.6174,,0.44%
08/21/2008,1.618,1.6204,1.6216,1.6144,,-0.21%
08/20/2008,1.6214,1.6136,1.6212,1.6122,,0.57%
08/19/2008,1.6122,1.6126,1.6147,1.6096,,-0.01%
08/18/2008,1.6123,1.6104,1.618,1.6095,,0.18%
08/15/2008,1.6094,1.6198,1.6228,1.6092,,-0.62%
08/14/2008,1.6195,1.6189,1.624,1.617,,0.07%
08/13/2008,1.6183,1.6212,1.6238,1.6153,,-0.11%
08/12/2008,1.6201,1.6191,1.6246,1.6176,,0.09%
08/11/2008,1.6187,1.6198,1.6222,1.6159,,-0.31%
08/08/2008,1.6238,1.6273,1.6298,1.6217,,-0.14%
08/07/2008,1.6261,1.6332,1.6342,1.6272,,-0.42%
08/06/2008,1.633,1.6296,1.6351,1.6275,,0.23%
08/05/2008,1.6292,1.6331,1.6344,1.6288,,-0.22%
08/04/2008,1.6328,1.6333,1.6354,1.6306,,-0.04%
08/01/2008,1.6334,1.6339,1.6344,1.6283,,-0.02%
07/31/2008,1.6337,1.633,1.6394,1.6309,,0.04%
07/30/2008,1.6331,1.6313,1.6352,1.6282,,0.17%
07/29/2008,1.6303,1.6283,1.6324,1.625,,0.20%
07/28/2008,1.6271,1.6283,1.63,1.6265,,-0.02%
07/25/2008,1.6275,1.6257,1.6315,1.6221,,0.15%
07/24/2008,1.625,1.629,1.63,1.6235,,-0.20%
07/23/2008,1.6282,1.6273,1.6317,1.625,,0.10%
07/22/2008,1.6266,1.6202,1.63,1.6151,,0.43%
07/21/2008,1.6196,1.6202,1.6235,1.6191,,-0.04%
07/18/2008,1.6203,1.6169,1.6214,1.6157,,0.25%
07/17/2008,1.6163,1.6101,1.6202,1.6079,,0.43%
07/16/2008,1.6093,1.6056,1.6103,1.5987,,0.26%
07/15/2008,1.6051,1.6168,1.6174,1.6027,,-0.67%
07/14/2008,1.6159,1.6192,1.6245,1.6157,,-0.19%
07/11/2008,1.6189,1.6229,1.6254,1.6151,,-0.22%
07/10/2008,1.6225,1.6189,1.6241,1.6176,,0.28%
07/09/2008,1.618,1.6197,1.6236,1.6151,,-0.10%
07/08/2008,1.6196,1.615,1.6191,1.6076,,0.38%
07/07/2008,1.6134,1.6091,1.617,1.6076,,0.20%
07/04/2008,1.6101,1.6118,1.6125,1.6059,,-0.06%
07/03/2008,1.611,1.6105,1.6146,1.6069,,0.08%
07/02/2008,1.6097,1.6109,1.6153,1.6071,,-0.06%
07/01/2008,1.6106,1.6086,1.6106,1.601,,0.17%
06/30/2008,1.6079,1.6082,1.6099,1.6031,,-0.01%
06/27/2008,1.608,1.6131,1.6156,1.6037,,-0.29%
06/26/2008,1.6126,1.6217,1.6253,1.612,,-0.49%
06/25/2008,1.6205,1.6214,1.6244,1.6198,,-0.03%
06/24/2008,1.621,1.6221,1.6241,1.6157,,-0.06%
06/23/2008,1.6219,1.6164,1.6244,1.6153,,0.41%
06/20/2008,1.6152,1.6206,1.621,1.6125,,-0.29%
06/19/2008,1.6199,1.61,1.6222,1.6071,,0.66%
06/18/2008,1.6093,1.6156,1.6192,1.6093,,-0.38%
06/17/2008,1.6155,1.6168,1.6203,1.6122,,-0.07%
06/16/2008,1.6167,1.61,1.6176,1.6092,,0.42%
06/13/2008,1.61,1.6078,1.6149,1.6069,,0.19%
06/12/2008,1.6069,1.6042,1.6142,1.602,,0.21%
06/11/2008,1.6035,1.6112,1.6162,1.6044,,-0.45%
06/10/2008,1.6107,1.6076,1.613,1.6048,,0.23%
06/09/2008,1.607,1.6069,1.6141,1.6046,,0.04%
06/06/2008,1.6064,1.6189,1.6276,1.6066,,-0.72%
06/05/2008,1.618,1.609,1.6194,1.6076,,0.65%
06/04/2008,1.6075,1.6104,1.6121,1.6022,,-0.12%
06/03/2008,1.6095,1.6121,1.6179,1.6048,,-0.14%
06/02/2008,1.6118,1.6212,1.6229,1.6077,,-0.54%
05/30/2008,1.6205,1.6286,1.6292,1.6205,,-0.43%
05/29/2008,1.6275,1.6235,1.6304,1.6225,,0.31%
05/28/2008,1.6224,1.6221,1.6283,1.6159,,0.02%
05/27/2008,1.6221,1.6158,1.6229,1.6145,,0.41%
05/26/2008,1.6154,1.6154,1.6189,1.6145,,0.11%
05/23/2008,1.6136,1.6212,1.6231,1.6129,,-0.47%
05/22/2008,1.6212,1.6186,1.6256,1.6164,,0.22%
05/21/2008,1.6177,1.6236,1.6282,1.618,,-0.33%
05/20/2008,1.6231,1.634,1.6347,1.6229,,-0.64%
05/19/2008,1.6336,1.6313,1.638,1.6271,,0.14%
05/16/2008,1.6313,1.6323,1.6372,1.6268,,-0.04%
05/15/2008,1.6319,1.6319,1.6351,1.6285,,0.05%
05/14/2008,1.6311,1.6294,1.6341,1.6265,,0.12%
05/13/2008,1.6291,1.6233,1.631,1.6183,,0.40%
05/12/2008,1.6226,1.6115,1.6233,1.6108,,0.69%
05/09/2008,1.6115,1.6183,1.6194,1.6064,,-0.43%
05/08/2008,1.6184,1.6244,1.6254,1.6169,,-0.31%
05/07/2008,1.6234,1.6342,1.6346,1.6245,,-0.60%
05/06/2008,1.6332,1.6329,1.6338,1.6251,,0.08%
05/05/2008,1.6319,1.6295,1.6353,1.628,,0.04%
05/02/2008,1.6313,1.6216,1.6326,1.6163,,0.67%
05/01/2008,1.6205,1.6164,1.6229,1.6163,,0.24%
04/30/2008,1.6166,1.6158,1.6246,1.6118,,0.09%
04/29/2008,1.6152,1.6184,1.6199,1.6099,,-0.16%
04/28/2008,1.6178,1.6165,1.6204,1.6132,,0.20%
04/25/2008,1.6146,1.6243,1.625,1.6136,,-0.56%
04/24/2008,1.6237,1.6128,1.625,1.61,,0.69%
04/23/2008,1.6126,1.604,1.6157,1.6026,,0.55%
04/22/2008,1.6038,1.6048,1.6096,1.6008,,-0.01%
04/21/2008,1.604,1.6094,1.6124,1.6021,,-0.36%
04/18/2008,1.6098,1.6006,1.6165,1.5974,,0.61%
04/17/2008,1.6001,1.5951,1.6015,1.5902,,0.36%
04/16/2008,1.5943,1.5892,1.5957,1.586,,0.34%
04/15/2008,1.5889,1.582,1.5888,1.5793,,0.46%
04/14/2008,1.5816,1.5798,1.5833,1.5759,,0.00%
04/11/2008,1.5816,1.5864,1.5907,1.5786,,-0.26%
04/10/2008,1.5857,1.5859,1.5878,1.5716,,0.08%
04/09/2008,1.5845,1.5932,1.5956,1.5816,,-0.53%
04/08/2008,1.5929,1.5914,1.5947,1.5877,,0.14%
04/07/2008,1.5907,1.5824,1.5959,1.5814,,0.49%
04/04/2008,1.583,1.5841,1.5881,1.5769,,-0.04%
04/03/2008,1.5836,1.5821,1.5862,1.5781,,0.10%
04/02/2008,1.582,1.5805,1.5862,1.5773,,0.11%
04/01/2008,1.5802,1.5681,1.5808,1.5655,,0.78%
03/31/2008,1.5679,1.5704,1.5763,1.5654,,-0.25%
03/28/2008,1.5718,1.568,1.5756,1.5667,,0.26%
03/27/2008,1.5677,1.5669,1.5726,1.5648,,0.10%
03/26/2008,1.5662,1.5728,1.5775,1.566,,-0.34%
03/25/2008,1.5715,1.5734,1.578,1.5704,,-0.06%
03/24/2008,1.5725,1.5584,1.5766,1.5579,,0.98%
03/21/2008,1.5572,1.5566,1.5604,1.5531,,0.27%
03/20/2008,1.553,1.559,1.5708,1.5554,,-0.34%
03/19/2008,1.5583,1.5671,1.5703,1.5566,,-0.52%
03/18/2008,1.5664,1.5486,1.5662,1.5445,,1.20%
03/17/2008,1.5478,1.5652,1.568,1.537,,-1.00%
03/14/2008,1.5634,1.5778,1.581,1.5632,,-0.87%
03/13/2008,1.5772,1.5781,1.5809,1.5678,,-0.06%
03/12/2008,1.5781,1.5854,1.5882,1.5776,,-0.39%
03/11/2008,1.5843,1.5643,1.5843,1.562,,1.29%
03/10/2008,1.5641,1.5722,1.5739,1.5625,,-0.64%
03/07/2008,1.5742,1.573,1.5776,1.5658,,0.05%
03/06/2008,1.5734,1.5822,1.5861,1.5747,,-0.56%
03/05/2008,1.5822,1.579,1.5854,1.5747,,0.22%
03/04/2008,1.5788,1.5846,1.5852,1.5733,,-0.36%
03/03/2008,1.5845,1.5809,1.5867,1.5698,,0.27%
02/29/2008,1.5802,1.598,1.5987,1.5819,,-1.08%
02/28/2008,1.5975,1.6067,1.6082,1.5961,,-0.60%
02/27/2008,1.6071,1.6106,1.6164,1.605,,-0.12%
02/26/2008,1.6091,1.6152,1.6176,1.6105,,-0.40%
02/25/2008,1.6155,1.6104,1.6181,1.6097,,0.42%
02/22/2008,1.6088,1.6144,1.6166,1.6067,,-0.30%
02/21/2008,1.6136,1.6176,1.6234,1.6137,,-0.23%
02/20/2008,1.6173,1.6115,1.6171,1.609,,0.38%
02/19/2008,1.6111,1.6157,1.6164,1.6084,,-0.27%
02/18/2008,1.6155,1.6052,1.6172,1.6042,,0.69%
02/15/2008,1.6044,1.6072,1.6102,1.5988,,-0.17%
02/14/2008,1.6071,1.6151,1.6189,1.6058,,-0.48%
02/13/2008,1.6149,1.6071,1.6162,1.6043,,0.53%
02/12/2008,1.6064,1.6003,1.6091,1.5977,,0.39%
02/11/2008,1.6001,1.6003,1.6027,1.594,,0.08%
02/08/2008,1.5989,1.5986,1.604,1.597,,0.04%
02/07/2008,1.5983,1.606,1.608,1.596,,-0.45%
02/06/2008,1.6055,1.6107,1.6113,1.6032,,-0.28%
02/05/2008,1.61,1.6137,1.622,1.6095,,-0.21%
02/04/2008,1.6134,1.6126,1.6186,1.6102,,0.12%
02/01/2008,1.6115,1.607,1.613,1.5998,,0.34%
01/31/2008,1.6061,1.6114,1.6123,1.6014,,-0.35%
01/30/2008,1.6118,1.6153,1.6193,1.6108,,-0.27%
01/29/2008,1.6161,1.6102,1.6176,1.6077,,0.37%
01/28/2008,1.6101,1.6092,1.6121,1.603,,0.05%
01/25/2008,1.6093,1.605,1.6147,1.6041,,0.32%
01/24/2008,1.6042,1.596,1.604,1.5888,,0.49%
01/23/2008,1.5964,1.6027,1.6075,1.5815,,-0.39%
01/22/2008,1.6027,1.6019,1.6081,1.5945,,0.08%
01/21/2008,1.6014,1.605,1.6077,1.5944,,-0.29%
01/18/2008,1.6061,1.612,1.6183,1.6066,,-0.41%
01/17/2008,1.6127,1.612,1.6185,1.6092,,0.03%
01/16/2008,1.6122,1.6182,1.6187,1.6072,,-0.38%
01/15/2008,1.6184,1.625,1.6257,1.6172,,-0.38%
01/14/2008,1.6246,1.6283,1.6324,1.6227,,-0.18%
01/11/2008,1.6275,1.6335,1.6355,1.6242,,-0.32%
01/10/2008,1.6327,1.6369,1.6387,1.6284,,-0.18%
01/09/2008,1.6357,1.6366,1.6409,1.6333,,0.00%
01/08/2008,1.6357,1.6406,1.6456,1.6368,,-0.27%
01/07/2008,1.6401,1.633,1.6426,1.6327,,0.42%
01/04/2008,1.6332,1.6386,1.6433,1.6322,,-0.32%
01/03/2008,1.6385,1.6468,1.6484,1.6389,,-0.50%
01/02/2008,1.6467,1.6541,1.6563,1.6437,,-0.37%
01/01/2008,1.6528,1.6541,1.6553,1.6525,,-0.02%
12/31/2007,1.6531,1.6591,1.6616,1.6531,,-0.36%
12/28/2007,1.659,1.6661,1.6671,1.6569,,-0.41%
12/27/2007,1.6659,1.6683,1.6695,1.6638,,-0.11%
12/26/2007,1.6678,1.6668,1.671,1.6639,,0.10%
12/25/2007,1.6661,1.6651,1.6742,1.6395,,0.05%
12/24/2007,1.6652,1.6617,1.6684,1.657,,0.30%
12/21/2007,1.6602,1.659,1.6631,1.6587,,0.07%
12/20/2007,1.6591,1.6611,1.6623,1.6572,,-0.10%
12/19/2007,1.6608,1.6604,1.6632,1.6577,,0.04%
12/18/2007,1.6601,1.6542,1.6619,1.6537,,0.45%
12/17/2007,1.6527,1.6632,1.6662,1.654,,-0.61%
12/14/2007,1.6628,1.6695,1.672,1.6622,,-0.40%
12/13/2007,1.6695,1.6684,1.6723,1.6638,,0.09%
12/12/2007,1.668,1.6577,1.6735,1.6547,,0.75%
12/11/2007,1.6556,1.6598,1.6669,1.6573,,-0.22%
12/10/2007,1.6593,1.6533,1.6602,1.6518,,0.34%
12/07/2007,1.6536,1.6531,1.6575,1.6522,,0.02%
12/06/2007,1.6532,1.6479,1.6533,1.6458,,0.38%
12/05/2007,1.6469,1.6481,1.6519,1.6449,,-0.07%
12/04/2007,1.648,1.653,1.658,1.6464,,-0.23%
12/03/2007,1.6518,1.6555,1.6572,1.6513,,-0.28%
11/30/2007,1.6565,1.6487,1.6593,1.6477,,0.51%
11/29/2007,1.6481,1.6487,1.6514,1.6469,,-0.02%
11/28/2007,1.6484,1.6388,1.6512,1.637,,0.63%
11/27/2007,1.638,1.6317,1.64,1.6302,,0.44%
11/26/2007,1.6308,1.6352,1.6402,1.6322,,-0.28%
11/23/2007,1.6353,1.6358,1.6367,1.6296,,0.01%
11/22/2007,1.6351,1.6375,1.6389,1.6326,,-0.11%
11/21/2007,1.6369,1.641,1.642,1.6344,,-0.29%
11/20/2007,1.6416,1.6358,1.6432,1.6342,,0.38%
11/19/2007,1.6354,1.639,1.6403,1.6354,,-0.24%
11/16/2007,1.6393,1.64,1.642,1.6348,,-0.09%
11/15/2007,1.6407,1.6469,1.6481,1.6408,,-0.35%
11/14/2007,1.6465,1.6463,1.6492,1.6435,,0.08%
11/13/2007,1.6452,1.641,1.6463,1.6387,,0.29%
11/12/2007,1.6405,1.6464,1.6482,1.6374,,-0.41%
11/09/2007,1.6473,1.6551,1.6561,1.644,,-0.43%
11/08/2007,1.6544,1.6594,1.6615,1.6526,,-0.29%
11/07/2007,1.6592,1.667,1.6721,1.6577,,-0.45%
11/06/2007,1.6667,1.6698,1.6708,1.6631,,-0.11%
11/05/2007,1.6685,1.6746,1.6747,1.6668,,-0.34%
11/02/2007,1.6742,1.6704,1.6764,1.6667,,0.26%
11/01/2007,1.6698,1.6776,1.6795,1.6699,,-0.43%
10/31/2007,1.677,1.6729,1.6785,1.6707,,0.23%
10/30/2007,1.6731,1.6797,1.6802,1.6725,,-0.36%
10/29/2007,1.6792,1.6782,1.681,1.6746,,0.19%
10/26/2007,1.676,1.6698,1.6753,1.6691,,0.41%
10/25/2007,1.6691,1.6718,1.6729,1.6675,,-0.14%
10/24/2007,1.6714,1.6732,1.6739,1.6669,,-0.07%
10/23/2007,1.6726,1.6704,1.6737,1.6665,,0.18%
10/22/2007,1.6696,1.6663,1.6698,1.6622,,0.08%
10/19/2007,1.6683,1.6714,1.6739,1.6676,,-0.19%
10/18/2007,1.6714,1.6766,1.6774,1.6677,,-0.27%
10/17/2007,1.676,1.6763,1.6807,1.6713,,0.00%
10/16/2007,1.676,1.6774,1.6789,1.6733,,-0.04%
10/15/2007,1.6767,1.6795,1.6814,1.6757,,-0.14%
10/12/2007,1.6791,1.6782,1.6831,1.6751,,0.11%
10/11/2007,1.6773,1.6731,1.6829,1.6726,,0.28%
10/10/2007,1.6727,1.6695,1.6737,1.6685,,0.22%
10/09/2007,1.669,1.6668,1.6696,1.6639,,0.16%
10/08/2007,1.6663,1.6668,1.6687,1.6637,,0.05%
10/05/2007,1.6654,1.6605,1.6669,1.659,,0.32%
10/04/2007,1.6601,1.6633,1.6645,1.6591,,-0.16%
10/03/2007,1.6628,1.6634,1.6678,1.662,,0.01%
10/02/2007,1.6626,1.6634,1.6671,1.6617,,-0.04%
10/01/2007,1.6633,1.6622,1.6667,1.6576,,0.12%
09/28/2007,1.6613,1.6611,1.6622,1.6574,,0.05%
09/27/2007,1.6605,1.6538,1.6612,1.6522,,0.42%
09/26/2007,1.6536,1.6495,1.655,1.6484,,0.28%
09/25/2007,1.649,1.652,1.6528,1.6465,,-0.14%
09/24/2007,1.6513,1.6514,1.6555,1.6501,,-0.01%
09/21/2007,1.6515,1.6492,1.654,1.6479,,0.15%
09/20/2007,1.649,1.6533,1.6537,1.6442,,-0.23%
09/19/2007,1.6528,1.6514,1.6567,1.6488,,0.11%
09/18/2007,1.651,1.6462,1.6526,1.643,,0.29%
09/17/2007,1.6462,1.6493,1.6496,1.6438,,-0.24%
09/14/2007,1.6501,1.6455,1.6519,1.6427,,0.31%
09/13/2007,1.645,1.6474,1.6502,1.6405,,-0.13%
09/12/2007,1.6472,1.6458,1.6481,1.6408,,0.11%
09/11/2007,1.6454,1.6376,1.6452,1.6362,,0.54%
09/10/2007,1.6366,1.6354,1.6396,1.6331,,0.06%
09/07/2007,1.6357,1.6447,1.6483,1.6335,,-0.57%
09/06/2007,1.645,1.6435,1.6464,1.6419,,0.09%
09/05/2007,1.6436,1.6489,1.6497,1.6425,,-0.29%
09/04/2007,1.6484,1.6464,1.6496,1.6433,,0.15%
09/03/2007,1.646,1.6468,1.649,1.6445,,-0.07%
08/31/2007,1.6471,1.6415,1.6484,1.6413,,0.33%
08/30/2007,1.6417,1.6408,1.6435,1.6378,,0.09%
08/29/2007,1.6403,1.6336,1.6405,1.6315,,0.44%
08/28/2007,1.6331,1.6414,1.6423,1.634,,-0.51%
08/27/2007,1.6415,1.6419,1.6448,1.6409,,-0.07%
08/24/2007,1.6426,1.6375,1.6432,1.6326,,0.29%
08/23/2007,1.6379,1.6341,1.6425,1.6336,,0.23%
08/22/2007,1.6341,1.6244,1.6343,1.6231,,0.63%
08/21/2007,1.6238,1.6247,1.6264,1.6204,,-0.06%
08/20/2007,1.6247,1.6286,1.6311,1.6231,,-0.19%
08/17/2007,1.6278,1.6336,1.6351,1.6173,,-0.27%
08/16/2007,1.6322,1.6379,1.639,1.6251,,-0.30%
08/15/2007,1.6371,1.6386,1.6439,1.6342,,-0.07%
08/14/2007,1.6382,1.6405,1.6451,1.6376,,-0.13%
08/13/2007,1.6403,1.6406,1.6446,1.6353,,-0.05%
08/10/2007,1.6411,1.6365,1.646,1.6303,,0.30%
08/09/2007,1.6362,1.651,1.6517,1.6358,,-0.90%
08/08/2007,1.651,1.6452,1.6513,1.643,,0.35%
08/07/2007,1.6452,1.6437,1.6465,1.6398,,0.11%
08/06/2007,1.6434,1.6374,1.6423,1.6348,,0.22%
08/03/2007,1.6398,1.6505,1.6536,1.6402,,-0.62%
08/02/2007,1.65,1.6462,1.6524,1.6419,,0.26%
08/01/2007,1.6457,1.6431,1.6469,1.6346,,0.21%
07/31/2007,1.6423,1.6478,1.6527,1.6442,,-0.29%
07/30/2007,1.647,1.6458,1.6493,1.6412,,-0.02%
07/27/2007,1.6474,1.6543,1.6566,1.6469,,-0.37%
07/26/2007,1.6536,1.665,1.6663,1.6538,,-0.67%
07/25/2007,1.6648,1.6627,1.6689,1.6616,,0.15%
07/24/2007,1.6623,1.6655,1.6684,1.6621,,-0.17%
07/23/2007,1.6652,1.6617,1.6669,1.6583,,0.33%
07/20/2007,1.6597,1.6611,1.6635,1.658,,-0.03%
07/19/2007,1.6602,1.6577,1.6621,1.6555,,0.17%
07/18/2007,1.6573,1.6573,1.6584,1.6532,,0.04%
07/17/2007,1.6566,1.6577,1.6589,1.6525,,-0.02%
07/16/2007,1.657,1.6574,1.6584,1.6548,,-0.02%
07/13/2007,1.6573,1.6587,1.66,1.6549,,-0.05%
07/12/2007,1.6582,1.6579,1.6592,1.6558,,0.05%
07/11/2007,1.6574,1.6531,1.6584,1.6516,,0.28%
07/10/2007,1.6527,1.6579,1.6589,1.6529,,-0.30%
07/09/2007,1.6576,1.6601,1.6608,1.6565,,-0.11%
07/06/2007,1.6595,1.6555,1.6607,1.6548,,0.26%
07/05/2007,1.6552,1.6562,1.658,1.6521,,-0.05%
07/04/2007,1.6561,1.6547,1.6577,1.6537,,0.11%
07/03/2007,1.6542,1.6503,1.6561,1.6482,,0.28%
07/02/2007,1.6496,1.6537,1.6551,1.6459,,-0.26%
06/29/2007,1.6539,1.6557,1.6579,1.6526,,-0.08%
06/28/2007,1.6552,1.6537,1.6575,1.6524,,0.14%
06/27/2007,1.6529,1.6524,1.654,1.649,,0.04%
06/26/2007,1.6523,1.654,1.6559,1.6507,,-0.05%
06/25/2007,1.6531,1.6549,1.6562,1.6516,,-0.14%
06/22/2007,1.6555,1.6624,1.6641,1.6542,,-0.41%
06/21/2007,1.6623,1.6589,1.6638,1.6584,,0.23%
06/20/2007,1.6585,1.6656,1.6661,1.6586,,-0.43%
06/19/2007,1.6656,1.6663,1.6675,1.6612,,-0.02%
06/18/2007,1.6659,1.6616,1.6653,1.6607,,0.26%
06/15/2007,1.6615,1.6587,1.6626,1.6566,,0.21%
06/14/2007,1.658,1.6566,1.6599,1.6537,,0.15%
06/13/2007,1.6555,1.6525,1.6569,1.6515,,0.24%
06/12/2007,1.6516,1.6538,1.6569,1.6523,,-0.15%
06/11/2007,1.654,1.6511,1.6555,1.6491,,0.16%
06/08/2007,1.6514,1.6441,1.6521,1.6434,,0.48%
06/07/2007,1.6435,1.6426,1.6501,1.6417,,0.07%
06/06/2007,1.6424,1.6472,1.6484,1.642,,-0.26%
06/05/2007,1.6467,1.6509,1.6521,1.6457,,-0.24%
06/04/2007,1.6506,1.653,1.6551,1.6482,,-0.19%
06/01/2007,1.6538,1.6483,1.6543,1.6477,,0.38%
05/31/2007,1.6476,1.6458,1.6502,1.645,,0.12%
05/30/2007,1.6456,1.6479,1.6485,1.6443,,-0.11%
05/29/2007,1.6474,1.653,1.6533,1.647,,-0.31%
05/28/2007,1.6526,1.6508,1.6533,1.6498,,0.13%
05/25/2007,1.6504,1.6489,1.6527,1.6474,,0.08%
05/24/2007,1.649,1.6522,1.6531,1.6482,,-0.17%
05/23/2007,1.6518,1.6539,1.6552,1.6497,,-0.09%
05/22/2007,1.6533,1.6571,1.6577,1.653,,-0.24%
05/21/2007,1.6572,1.6589,1.6616,1.6541,,-0.04%
05/18/2007,1.6578,1.6562,1.6586,1.6523,,0.11%
05/17/2007,1.656,1.6534,1.6568,1.6514,,0.17%
05/16/2007,1.6532,1.6519,1.6554,1.6504,,0.12%
05/15/2007,1.6512,1.6515,1.6542,1.6481,,0.02%
05/14/2007,1.6509,1.6499,1.6525,1.6477,,0.13%
05/11/2007,1.6488,1.6451,1.6491,1.6413,,0.28%
05/10/2007,1.6442,1.6489,1.6507,1.6446,,-0.25%
05/09/2007,1.6484,1.65,1.6504,1.6465,,-0.07%
05/08/2007,1.6495,1.6476,1.651,1.6469,,0.17%
05/07/2007,1.6467,1.648,1.6486,1.6438,,0.03%
05/04/2007,1.6462,1.6477,1.6503,1.6441,,-0.10%
05/03/2007,1.6478,1.6498,1.6516,1.6461,,-0.10%
05/02/2007,1.6494,1.652,1.6538,1.6488,,-0.12%
05/01/2007,1.6514,1.6476,1.6537,1.6461,,0.26%
04/30/2007,1.6471,1.6421,1.649,1.6414,,0.09%
04/27/2007,1.6457,1.6437,1.6471,1.6408,,0.14%
04/26/2007,1.6434,1.6428,1.6453,1.6415,,0.09%
04/25/2007,1.6419,1.6388,1.6435,1.637,,0.20%
04/24/2007,1.6386,1.6423,1.6426,1.6359,,-0.18%
04/23/2007,1.6416,1.6431,1.6436,1.6387,,-0.03%
04/20/2007,1.6421,1.6406,1.644,1.6397,,0.14%
04/19/2007,1.6398,1.6386,1.6408,1.6317,,0.09%
04/18/2007,1.6383,1.6398,1.6412,1.6351,,-0.10%
04/17/2007,1.6399,1.6434,1.6445,1.6382,,-0.21%
04/16/2007,1.6433,1.6445,1.6469,1.6423,,-0.01%
04/13/2007,1.6434,1.6408,1.6447,1.6345,,0.17%
04/12/2007,1.6406,1.6395,1.6452,1.637,,0.10%
04/11/2007,1.639,1.6352,1.6402,1.6337,,0.29%
04/10/2007,1.6342,1.6383,1.6393,1.633,,-0.21%
04/09/2007,1.6376,1.635,1.6394,1.6336,,0.18%
04/06/2007,1.6347,1.6317,1.6355,1.6286,,0.20%
04/05/2007,1.6315,1.6313,1.6325,1.6285,,0.05%
04/04/2007,1.6307,1.6297,1.6322,1.6277,,0.09%
04/03/2007,1.6293,1.6245,1.6303,1.6233,,0.30%
04/02/2007,1.6245,1.6229,1.6249,1.6207,,0.08%
03/30/2007,1.6232,1.6236,1.6274,1.6188,,0.01%
03/29/2007,1.623,1.6197,1.6252,1.6189,,0.25%
03/28/2007,1.619,1.6189,1.6222,1.6145,,0.16%
03/27/2007,1.6164,1.6203,1.6225,1.6176,,-0.22%
03/26/2007,1.6199,1.6195,1.6233,1.6165,,0.04%
03/23/2007,1.6192,1.6187,1.6204,1.6153,,0.07%
03/22/2007,1.6181,1.6187,1.6218,1.6167,,-0.03%
03/21/2007,1.6186,1.6141,1.6191,1.613,,0.32%
03/20/2007,1.6134,1.6125,1.6147,1.6105,,0.09%
03/19/2007,1.6119,1.606,1.6144,1.6048,,0.34%
03/16/2007,1.6065,1.6116,1.6137,1.6037,,-0.29%
03/15/2007,1.6111,1.6097,1.6134,1.6065,,0.05%
03/14/2007,1.6103,1.6075,1.6103,1.6026,,0.25%
03/13/2007,1.6063,1.6155,1.6167,1.6072,,-0.51%
03/12/2007,1.6145,1.6181,1.6198,1.6128,,-0.27%
03/09/2007,1.6188,1.612,1.6193,1.61,,0.43%
03/08/2007,1.6119,1.6043,1.6142,1.6022,,0.51%
03/07/2007,1.6038,1.6062,1.6083,1.6028,,-0.12%
03/06/2007,1.6057,1.5989,1.6065,1.5965,,0.46%
03/05/2007,1.5984,1.606,1.6069,1.5925,,-0.38%
03/02/2007,1.6045,1.6113,1.6138,1.6033,,-0.41%
03/01/2007,1.6111,1.6136,1.6147,1.6052,,-0.09%
02/28/2007,1.6125,1.6121,1.615,1.6105,,0.00%
02/27/2007,1.6125,1.6216,1.6228,1.6122,,-0.52%
02/26/2007,1.621,1.6228,1.6245,1.6191,,-0.14%
02/23/2007,1.6232,1.6256,1.6276,1.6208,,-0.13%
02/22/2007,1.6253,1.6266,1.6296,1.6247,,-0.02%
02/21/2007,1.6257,1.6249,1.6292,1.6233,,0.12%
02/20/2007,1.6237,1.622,1.6279,1.6198,,0.14%
02/19/2007,1.6214,1.6223,1.6244,1.6195,,-0.02%
02/16/2007,1.6217,1.6229,1.6235,1.6198,,-0.02%
02/15/2007,1.6221,1.6277,1.6288,1.6218,,-0.34%
02/14/2007,1.6277,1.6256,1.629,1.6236,,0.16%
02/13/2007,1.6251,1.6251,1.6275,1.6225,,0.04%
02/12/2007,1.6244,1.6222,1.6257,1.6213,,0.07%
02/09/2007,1.6232,1.6246,1.6278,1.6224,,-0.07%
02/08/2007,1.6244,1.615,1.6265,1.6144,,0.59%
02/07/2007,1.6149,1.61,1.6155,1.6087,,0.34%
02/06/2007,1.6094,1.6141,1.6153,1.6085,,-0.27%
02/05/2007,1.6137,1.6181,1.6186,1.6128,,-0.17%
02/02/2007,1.6164,1.6193,1.6208,1.6158,,-0.18%
02/01/2007,1.6193,1.6212,1.6222,1.6162,,-0.07%
01/31/2007,1.6204,1.6233,1.6264,1.6197,,-0.15%
01/30/2007,1.6228,1.624,1.6256,1.621,,0.01%
01/29/2007,1.6227,1.6193,1.6241,1.6178,,0.25%
01/26/2007,1.6186,1.6149,1.6205,1.6136,,0.26%
01/25/2007,1.6144,1.6185,1.6195,1.6123,,-0.28%
01/24/2007,1.6189,1.6178,1.6228,1.615,,0.01%
01/23/2007,1.6187,1.6174,1.6195,1.6132,,0.09%
01/22/2007,1.6173,1.6178,1.6202,1.6166,,0.00%
01/19/2007,1.6173,1.6165,1.62,1.6154,,0.09%
01/18/2007,1.6159,1.6138,1.6202,1.6127,,0.11%
01/17/2007,1.6141,1.6125,1.6155,1.6118,,0.15%
01/16/2007,1.6117,1.6157,1.6163,1.6116,,-0.17%
01/15/2007,1.6144,1.6126,1.6155,1.6111,,0.18%
01/12/2007,1.6115,1.6107,1.6146,1.6092,,0.09%
01/11/2007,1.61,1.6128,1.6175,1.6097,,-0.19%
01/10/2007,1.6131,1.6136,1.6153,1.6109,,-0.01%
01/09/2007,1.6132,1.6105,1.6153,1.6094,,0.21%
01/08/2007,1.6098,1.6073,1.6114,1.6058,,0.17%
01/05/2007,1.6071,1.6132,1.6144,1.6039,,-0.33%
01/04/2007,1.6124,1.6146,1.6155,1.6103,,-0.11%
01/03/2007,1.6142,1.6107,1.6168,1.6101,,0.24%
01/02/2007,1.6103,1.6088,1.6127,1.6069,,0.11%
01/01/2007,1.6086,1.6077,1.6085,1.6047,,0.05%
12/29/2006,1.6078,1.6065,1.6105,1.6048,,0.14%
12/28/2006,1.6055,1.6085,1.6107,1.6047,,-0.19%
12/27/2006,1.6085,1.6021,1.6092,1.6012,,0.43%
12/26/2006,1.6016,1.6,1.6037,1.5991,,0.07%
12/25/2006,1.6004,1.6006,1.6054,1.597,,-0.03%
12/22/2006,1.6009,1.6027,1.6045,1.6006,,-0.09%
12/21/2006,1.6024,1.6046,1.6054,1.6018,,-0.11%
12/20/2006,1.6042,1.6021,1.6057,1.601,,0.17%
12/19/2006,1.6015,1.6011,1.6056,1.5989,,0.05%
12/18/2006,1.6007,1.5978,1.6018,1.597,,0.21%
12/15/2006,1.5974,1.597,1.6019,1.5961,,0.08%
12/14/2006,1.5961,1.594,1.5999,1.5924,,0.16%
12/13/2006,1.5936,1.5936,1.596,1.5918,,0.06%
12/12/2006,1.5926,1.5924,1.5949,1.5897,,0.05%
12/11/2006,1.5918,1.5902,1.5928,1.5881,,0.08%
12/08/2006,1.5905,1.588,1.593,1.5868,,0.19%
12/07/2006,1.5875,1.5892,1.5899,1.5865,,-0.08%
12/06/2006,1.5887,1.5881,1.59,1.5866,,0.09%
12/05/2006,1.5872,1.5919,1.5932,1.5854,,-0.24%
12/04/2006,1.591,1.5908,1.5946,1.5898,,0.00%
12/01/2006,1.591,1.5869,1.5919,1.5856,,0.27%
11/30/2006,1.5867,1.5909,1.5934,1.586,,-0.24%
11/29/2006,1.5905,1.5873,1.5917,1.5866,,0.25%
11/28/2006,1.5866,1.584,1.5903,1.5831,,0.15%
11/27/2006,1.5842,1.5835,1.5871,1.5827,,0.08%
11/24/2006,1.583,1.5852,1.5863,1.5808,,-0.13%
11/23/2006,1.585,1.5873,1.5888,1.5825,,-0.11%
11/22/2006,1.5868,1.594,1.5946,1.5862,,-0.41%
11/21/2006,1.5933,1.5945,1.5961,1.5911,,-0.08%
11/20/2006,1.5945,1.5955,1.5976,1.5916,,-0.08%
11/17/2006,1.5958,1.5968,1.6014,1.5947,,-0.03%
11/16/2006,1.5963,1.598,1.6016,1.596,,-0.10%
11/15/2006,1.5979,1.5935,1.6003,1.5925,,0.30%
11/14/2006,1.5932,1.5942,1.5968,1.5926,,-0.05%
11/13/2006,1.594,1.5926,1.5953,1.5909,,0.01%
11/10/2006,1.5938,1.5944,1.5951,1.5911,,-0.01%
11/09/2006,1.5939,1.5962,1.5978,1.593,,-0.13%
11/08/2006,1.5959,1.5959,1.5973,1.5938,,-0.01%
11/07/2006,1.596,1.5977,1.5985,1.5936,,-0.10%
11/06/2006,1.5976,1.5941,1.5985,1.5935,,0.23%
11/03/2006,1.594,1.591,1.596,1.5888,,0.21%
11/02/2006,1.5907,1.5888,1.5912,1.5877,,0.14%
11/01/2006,1.5884,1.5878,1.5892,1.5864,,0.06%
10/31/2006,1.5875,1.5888,1.5899,1.5859,,-0.05%
10/30/2006,1.5883,1.59,1.5908,1.5868,,-0.16%
10/27/2006,1.5908,1.5909,1.5928,1.5891,,0.03%
10/26/2006,1.5904,1.5943,1.5953,1.5903,,-0.19%
10/25/2006,1.5934,1.5909,1.5946,1.5895,,0.19%
10/24/2006,1.5903,1.5897,1.5928,1.5888,,0.07%
10/23/2006,1.5892,1.5876,1.592,1.5867,,0.08%
10/20/2006,1.5879,1.5876,1.5898,1.5861,,0.04%
10/19/2006,1.5872,1.5919,1.593,1.5865,,-0.28%
10/18/2006,1.5916,1.5908,1.5937,1.5885,,0.08%
10/17/2006,1.5903,1.5922,1.593,1.5878,,-0.12%
10/16/2006,1.5922,1.5929,1.5942,1.5903,,-0.03%
10/13/2006,1.5927,1.5931,1.5968,1.5916,,0.01%
10/12/2006,1.5926,1.593,1.5958,1.5901,,0.02%
10/11/2006,1.5923,1.5925,1.5956,1.5919,,0.04%
10/10/2006,1.5916,1.5894,1.5927,1.5883,,0.18%
10/09/2006,1.5887,1.588,1.5901,1.586,,0.08%
10/06/2006,1.5875,1.5893,1.5922,1.5854,,-0.11%
10/05/2006,1.5892,1.5876,1.592,1.586,,0.14%
10/04/2006,1.587,1.5858,1.5898,1.5847,,0.13%
10/03/2006,1.5849,1.5839,1.5869,1.5829,,0.10%
10/02/2006,1.5833,1.5857,1.5869,1.582,,-0.07%
09/29/2006,1.5844,1.5842,1.5902,1.583,,0.06%
09/28/2006,1.5834,1.5799,1.5855,1.5793,,0.26%
09/27/2006,1.5793,1.5775,1.5827,1.5767,,0.15%
09/26/2006,1.5769,1.579,1.5807,1.5763,,-0.15%
09/25/2006,1.5793,1.5806,1.5814,1.5756,,0.01%
09/22/2006,1.5791,1.5879,1.5903,1.5787,,-0.51%
09/21/2006,1.5872,1.5881,1.5951,1.5843,,-0.01%
09/20/2006,1.5873,1.5869,1.589,1.5852,,0.04%
09/19/2006,1.5867,1.5886,1.5927,1.5859,,-0.11%
09/18/2006,1.5884,1.5892,1.5913,1.5867,,0.06%
09/15/2006,1.5875,1.5926,1.597,1.5881,,-0.33%
09/14/2006,1.5927,1.5872,1.5935,1.5827,,0.35%
09/13/2006,1.5871,1.5871,1.5911,1.5859,,0.04%
09/12/2006,1.5865,1.5812,1.5865,1.5765,,0.34%
09/11/2006,1.5811,1.5807,1.5827,1.5784,,-0.04%
09/08/2006,1.5817,1.5827,1.5836,1.58,,0.01%
09/07/2006,1.5816,1.5819,1.5846,1.5799,,0.02%
09/06/2006,1.5813,1.581,1.5854,1.58,,0.03%
09/05/2006,1.5809,1.5808,1.5833,1.5798,,0.01%
09/04/2006,1.5808,1.5794,1.5823,1.578,,0.13%
09/01/2006,1.5787,1.577,1.5814,1.5753,,0.18%
08/31/2006,1.5758,1.5755,1.5793,1.5736,,0.08%
08/30/2006,1.5745,1.5758,1.5782,1.5742,,-0.08%
08/29/2006,1.5758,1.581,1.5816,1.575,,-0.30%
08/28/2006,1.5805,1.5811,1.5827,1.5783,,-0.01%
08/25/2006,1.5806,1.5815,1.5826,1.5787,,-0.04%
08/24/2006,1.5813,1.5792,1.582,1.5778,,0.14%
08/23/2006,1.5791,1.58,1.5821,1.5778,,-0.08%
08/22/2006,1.5803,1.5783,1.5817,1.5761,,0.15%
08/21/2006,1.5779,1.5814,1.5823,1.576,,-0.21%
08/18/2006,1.5812,1.5813,1.5831,1.5785,,0.05%
08/17/2006,1.5804,1.5789,1.5821,1.5756,,0.08%
08/16/2006,1.5792,1.5815,1.5832,1.5763,,-0.13%
08/15/2006,1.5813,1.5796,1.5842,1.5782,,0.14%
08/14/2006,1.5791,1.5795,1.582,1.5781,,-0.11%
08/11/2006,1.5808,1.5789,1.5822,1.5772,,0.15%
08/10/2006,1.5784,1.5775,1.5804,1.573,,0.11%
08/09/2006,1.5766,1.5732,1.5777,1.5717,,0.28%
08/08/2006,1.5722,1.5735,1.5766,1.5713,,-0.06%
08/07/2006,1.5731,1.5745,1.5753,1.5709,,-0.09%
08/04/2006,1.5745,1.5762,1.5816,1.5724,,-0.08%
08/03/2006,1.5758,1.574,1.5775,1.5726,,0.14%
08/02/2006,1.5736,1.5726,1.5753,1.5711,,0.07%
08/01/2006,1.5725,1.5716,1.5751,1.5701,,0.06%
07/31/2006,1.5715,1.5722,1.5745,1.569,,-0.08%
07/28/2006,1.5728,1.5728,1.574,1.5699,,0.04%
07/27/2006,1.5721,1.5775,1.5791,1.5711,,-0.30%
07/26/2006,1.5769,1.5767,1.5782,1.5738,,0.04%
07/25/2006,1.5763,1.5738,1.5773,1.5725,,0.15%
07/24/2006,1.5739,1.5704,1.5756,1.569,,0.28%
07/21/2006,1.5695,1.5712,1.5721,1.5683,,-0.06%
07/20/2006,1.5705,1.5718,1.5729,1.5696,,-0.06%
07/19/2006,1.5715,1.5664,1.5718,1.5648,,0.35%
07/18/2006,1.566,1.5625,1.5673,1.5618,,0.26%
07/17/2006,1.562,1.5604,1.5644,1.5585,,0.07%
07/14/2006,1.5609,1.5605,1.5641,1.5593,,0.04%
07/13/2006,1.5602,1.5674,1.5684,1.5604,,-0.42%
07/12/2006,1.5668,1.5661,1.5695,1.5642,,0.08%
07/11/2006,1.5655,1.5668,1.5678,1.5643,,-0.03%
07/10/2006,1.566,1.5667,1.569,1.5647,,0.00%
07/07/2006,1.566,1.5694,1.5726,1.5657,,-0.21%
07/06/2006,1.5693,1.568,1.5705,1.5666,,0.14%
07/05/2006,1.5671,1.5669,1.5709,1.5647,,0.06%
07/04/2006,1.5661,1.5668,1.5694,1.5657,,-0.02%
07/03/2006,1.5664,1.5648,1.5688,1.5636,,0.22%
06/30/2006,1.563,1.5661,1.5687,1.5634,,-0.15%
06/29/2006,1.5654,1.5642,1.5671,1.5627,,0.10%
06/28/2006,1.5639,1.5643,1.5652,1.5617,,0.01%
06/27/2006,1.5637,1.5637,1.5682,1.5625,,-0.01%
06/26/2006,1.5638,1.5621,1.5652,1.5606,,0.08%
06/23/2006,1.5625,1.5628,1.5654,1.5608,,-0.01%
06/22/2006,1.5627,1.5621,1.5648,1.561,,0.08%
06/21/2006,1.5614,1.5589,1.5627,1.5579,,0.24%
06/20/2006,1.5577,1.5603,1.5616,1.5572,,-0.11%
06/19/2006,1.5594,1.5568,1.562,1.5548,,0.18%
06/16/2006,1.5566,1.5554,1.5587,1.5532,,0.17%
06/15/2006,1.5539,1.5517,1.5557,1.5502,,0.14%
06/14/2006,1.5517,1.554,1.556,1.5487,,-0.13%
06/13/2006,1.5537,1.5531,1.5554,1.5507,,0.08%
06/12/2006,1.5525,1.5542,1.5576,1.5522,,-0.23%
06/09/2006,1.5561,1.5587,1.5602,1.5526,,-0.15%
06/08/2006,1.5585,1.5622,1.565,1.5575,,-0.21%
06/07/2006,1.5618,1.5591,1.5635,1.5576,,0.21%
06/06/2006,1.5585,1.5588,1.5615,1.5561,,0.01%
06/05/2006,1.5584,1.5599,1.5623,1.5564,,-0.13%
06/02/2006,1.5605,1.564,1.5688,1.5584,,-0.23%
06/01/2006,1.5641,1.5614,1.5651,1.5583,,0.21%
05/31/2006,1.5609,1.5591,1.5619,1.5564,,0.15%
05/30/2006,1.5585,1.562,1.5627,1.5571,,-0.20%
05/29/2006,1.5616,1.5619,1.5629,1.5596,,0.09%
05/26/2006,1.5602,1.5585,1.5634,1.5566,,0.15%
05/25/2006,1.5579,1.5537,1.558,1.5524,,0.31%
05/24/2006,1.5531,1.5489,1.5547,1.5475,,0.28%
05/23/2006,1.5487,1.5492,1.5543,1.5468,,0.04%
05/22/2006,1.5481,1.5526,1.555,1.5473,,-0.33%
05/19/2006,1.5533,1.5485,1.5576,1.5479,,0.32%
05/18/2006,1.5484,1.548,1.5523,1.5452,,0.06%
05/17/2006,1.5474,1.5522,1.5531,1.5472,,-0.30%
05/16/2006,1.552,1.5507,1.5545,1.5493,,0.15%
05/15/2006,1.5497,1.5481,1.5532,1.5459,,0.10%
05/12/2006,1.5482,1.5577,1.5585,1.5448,,-0.58%
05/11/2006,1.5573,1.5578,1.5632,1.555,,-0.02%
05/10/2006,1.5576,1.5574,1.562,1.5546,,0.03%
05/09/2006,1.5571,1.5604,1.5616,1.5562,,-0.18%
05/08/2006,1.5599,1.5604,1.5624,1.5567,,-0.02%
05/05/2006,1.5602,1.5594,1.5683,1.5578,,0.06%
05/04/2006,1.5592,1.5617,1.5652,1.5581,,-0.15%
05/03/2006,1.5615,1.561,1.5639,1.5572,,0.03%
05/02/2006,1.561,1.5618,1.5652,1.56,,-0.02%
05/01/2006,1.5613,1.5641,1.5661,1.5587,,-0.22%
04/28/2006,1.5648,1.5785,1.5804,1.5639,,-0.84%
04/27/2006,1.578,1.5821,1.5829,1.577,,-0.25%
04/26/2006,1.5819,1.5761,1.5823,1.5749,,0.40%
04/25/2006,1.5756,1.5709,1.5761,1.5701,,0.32%
04/24/2006,1.5706,1.573,1.5743,1.5703,,-0.19%
04/21/2006,1.5736,1.5743,1.5765,1.5719,,-0.04%
04/20/2006,1.5742,1.5686,1.5756,1.5673,,0.38%
04/19/2006,1.5682,1.5666,1.5701,1.5659,,0.08%
04/18/2006,1.567,1.5681,1.569,1.5631,,-0.03%
04/17/2006,1.5674,1.5726,1.5737,1.5665,,-0.29%
04/14/2006,1.5719,1.5716,1.5741,1.5703,,0.03%
04/13/2006,1.5714,1.5721,1.5728,1.5693,,-0.03%
04/12/2006,1.5719,1.5761,1.577,1.5714,,-0.26%
04/11/2006,1.576,1.5771,1.5789,1.5746,,-0.06%
04/10/2006,1.577,1.5754,1.5788,1.5722,,0.26%
04/07/2006,1.5729,1.5775,1.5781,1.5738,,-0.25%
04/06/2006,1.5768,1.5774,1.5808,1.5751,,0.00%
04/05/2006,1.5768,1.5819,1.5825,1.576,,-0.28%
04/04/2006,1.5813,1.5832,1.586,1.5791,,-0.11%
04/03/2006,1.583,1.5801,1.5841,1.5783,,0.22%
03/31/2006,1.5796,1.5777,1.5823,1.5772,,0.15%
03/30/2006,1.5772,1.5754,1.5778,1.5737,,0.13%
03/29/2006,1.5751,1.5718,1.5757,1.5702,,0.24%
03/28/2006,1.5714,1.5725,1.5741,1.5699,,-0.03%
03/27/2006,1.5719,1.5772,1.578,1.5718,,-0.34%
03/24/2006,1.5772,1.5766,1.5787,1.5746,,0.09%
03/23/2006,1.5758,1.5764,1.5789,1.5745,,-0.01%
03/22/2006,1.576,1.5739,1.5764,1.5725,,0.17%
03/21/2006,1.5734,1.5707,1.5756,1.5693,,0.21%
03/20/2006,1.5701,1.5716,1.5737,1.5695,,-0.15%
03/17/2006,1.5725,1.5701,1.5747,1.5689,,0.15%
03/16/2006,1.5702,1.5636,1.5724,1.5627,,0.42%
03/15/2006,1.5637,1.5653,1.567,1.5635,,-0.06%
03/14/2006,1.5647,1.5694,1.5701,1.5636,,-0.25%
03/13/2006,1.5686,1.569,1.5724,1.5677,,-0.01%
03/10/2006,1.5687,1.5648,1.5701,1.5639,,0.29%
03/09/2006,1.5642,1.5598,1.5665,1.559,,0.30%
03/08/2006,1.5595,1.5612,1.5623,1.5586,,-0.09%
03/07/2006,1.5609,1.5606,1.5633,1.558,,0.02%
03/06/2006,1.5606,1.5621,1.5627,1.5589,,-0.06%
03/03/2006,1.5616,1.5625,1.5647,1.5602,,-0.04%
03/02/2006,1.5623,1.5647,1.5667,1.562,,-0.15%
03/01/2006,1.5647,1.564,1.5673,1.5598,,0.06%
02/28/2006,1.5637,1.5669,1.5679,1.5625,,-0.19%
02/27/2006,1.5666,1.5633,1.5675,1.5621,,0.17%
02/24/2006,1.5639,1.5601,1.5646,1.5583,,0.27%
02/23/2006,1.5597,1.5613,1.5633,1.5533,,-0.06%
02/22/2006,1.5607,1.5587,1.5631,1.5567,,0.15%
02/21/2006,1.5583,1.5614,1.5623,1.5577,,-0.17%
02/20/2006,1.561,1.5637,1.5652,1.5601,,-0.17%
02/17/2006,1.5637,1.5593,1.5643,1.5585,,0.33%
02/16/2006,1.5586,1.5582,1.5604,1.5561,,0.04%
02/15/2006,1.5579,1.5582,1.5594,1.5561,,-0.01%
02/14/2006,1.5581,1.556,1.5591,1.5553,,0.17%
02/13/2006,1.5554,1.5562,1.5576,1.5539,,0.00%
02/10/2006,1.5554,1.557,1.5582,1.5531,,-0.07%
02/09/2006,1.5565,1.5545,1.558,1.5524,,0.15%
02/08/2006,1.5541,1.554,1.5559,1.5515,,0.01%
02/07/2006,1.5539,1.5567,1.5585,1.5534,,-0.17%
02/06/2006,1.5566,1.5572,1.5585,1.5542,,0.03%
02/03/2006,1.5562,1.5549,1.5593,1.552,,0.10%
02/02/2006,1.5546,1.5555,1.557,1.553,,-0.02%
02/01/2006,1.5549,1.5537,1.556,1.5521,,0.13%
01/31/2006,1.5529,1.556,1.5574,1.5524,,-0.15%
01/30/2006,1.5552,1.5551,1.5572,1.5513,,0.11%
01/27/2006,1.5535,1.5502,1.5555,1.5486,,0.24%
01/26/2006,1.5498,1.5482,1.5522,1.5472,,0.12%
01/25/2006,1.5479,1.5484,1.5514,1.5462,,0.05%
01/24/2006,1.5472,1.5465,1.5502,1.546,,0.05%
01/23/2006,1.5465,1.5495,1.5525,1.546,,-0.13%
01/20/2006,1.5485,1.5536,1.5546,1.549,,-0.26%
01/19/2006,1.5525,1.5502,1.5549,1.5493,,0.15%
01/18/2006,1.5502,1.5499,1.5515,1.5453,,0.06%
01/17/2006,1.5493,1.5507,1.5518,1.5481,,-0.03%
01/16/2006,1.5498,1.5496,1.5519,1.5475,,0.06%
01/13/2006,1.5488,1.5469,1.5509,1.5463,,0.12%
01/12/2006,1.5469,1.5466,1.5501,1.5455,,0.06%
01/11/2006,1.5459,1.5443,1.5484,1.5436,,0.10%
01/10/2006,1.5444,1.5419,1.546,1.5407,,0.17%
01/09/2006,1.5418,1.5436,1.5442,1.5411,,-0.08%
01/06/2006,1.543,1.5448,1.549,1.5404,,-0.10%
01/05/2006,1.5445,1.5469,1.5499,1.5435,,-0.14%
01/04/2006,1.5467,1.5505,1.5531,1.546,,-0.25%
01/03/2006,1.5506,1.5537,1.5562,1.5491,,-0.17%
01/02/2006,1.5533,1.5562,1.5579,1.5512,,-0.12%
12/30/2005,1.5552,1.5563,1.5581,1.553,,-0.06%
12/29/2005,1.5562,1.5588,1.56,1.5554,,-0.10%
12/28/2005,1.5578,1.5587,1.5604,1.556,,-0.02%
12/27/2005,1.5581,1.5558,1.5591,1.5553,,0.16%
12/26/2005,1.5556,1.5558,1.5658,1.5535,,-0.12%
12/23/2005,1.5575,1.5574,1.5594,1.5551,,0.04%
12/22/2005,1.5568,1.5542,1.5581,1.5526,,0.18%
12/21/2005,1.554,1.5525,1.5558,1.5509,,0.14%
12/20/2005,1.5518,1.5518,1.5557,1.5503,,0.02%
12/19/2005,1.5515,1.5503,1.5532,1.5478,,0.15%
12/16/2005,1.5492,1.544,1.5506,1.5411,,0.38%
12/15/2005,1.5433,1.5387,1.5441,1.5364,,0.33%
12/14/2005,1.5383,1.5445,1.5457,1.5382,,-0.36%
12/13/2005,1.5438,1.5423,1.5463,1.5398,,0.09%
12/12/2005,1.5424,1.5387,1.5433,1.5372,,0.22%
12/09/2005,1.539,1.5366,1.5406,1.5349,,0.19%
12/08/2005,1.5361,1.5398,1.5407,1.5358,,-0.21%
12/07/2005,1.5394,1.5394,1.5412,1.5385,,0.01%
12/06/2005,1.5393,1.541,1.5427,1.5373,,-0.12%
12/05/2005,1.5411,1.5432,1.5463,1.5407,,-0.10%
12/02/2005,1.5427,1.5465,1.5474,1.5416,,-0.21%
12/01/2005,1.546,1.5503,1.5514,1.5449,,-0.25%
11/30/2005,1.5499,1.5474,1.5511,1.5463,,0.18%
11/29/2005,1.5471,1.5468,1.5496,1.5438,,0.07%
11/28/2005,1.546,1.545,1.5488,1.5436,,-0.01%
11/25/2005,1.5462,1.5508,1.5518,1.5456,,-0.25%
11/24/2005,1.5501,1.5503,1.5521,1.5482,,0.01%
11/23/2005,1.5499,1.5486,1.5522,1.5475,,0.10%
11/22/2005,1.5483,1.5477,1.5495,1.5458,,0.08%
11/21/2005,1.5471,1.5479,1.5512,1.5459,,0.01%
11/18/2005,1.547,1.548,1.5505,1.546,,-0.07%
11/17/2005,1.5481,1.5465,1.5482,1.545,,0.10%
11/16/2005,1.5465,1.5432,1.5482,1.5424,,0.23%
11/15/2005,1.5429,1.54,1.5452,1.5396,,0.21%
11/14/2005,1.5396,1.5368,1.5414,1.5362,,0.14%
11/11/2005,1.5374,1.537,1.539,1.5355,,0.03%
11/10/2005,1.5369,1.5418,1.5426,1.5362,,-0.30%
11/09/2005,1.5416,1.5437,1.5454,1.5398,,-0.14%
11/08/2005,1.5438,1.5417,1.5446,1.5393,,0.18%
11/07/2005,1.5411,1.5456,1.5463,1.5412,,-0.16%
11/04/2005,1.5436,1.5438,1.5467,1.5407,,0.01%
11/03/2005,1.5435,1.5431,1.5451,1.5411,,0.06%
11/02/2005,1.5426,1.5476,1.5491,1.5406,,-0.28%
11/01/2005,1.547,1.5453,1.5488,1.5446,,0.14%
10/31/2005,1.5449,1.5448,1.5484,1.544,,0.03%
10/28/2005,1.5444,1.5454,1.5473,1.5428,,-0.08%
10/27/2005,1.5457,1.548,1.5488,1.5447,,-0.16%
10/26/2005,1.5482,1.5456,1.5492,1.5437,,0.18%
10/25/2005,1.5454,1.5426,1.5461,1.5415,,0.18%
10/24/2005,1.5426,1.5439,1.5461,1.5417,,-0.08%
10/21/2005,1.5439,1.548,1.5486,1.5432,,-0.21%
10/20/2005,1.5472,1.553,1.5547,1.5467,,-0.34%
10/19/2005,1.5525,1.5529,1.5551,1.5503,,0.01%
10/18/2005,1.5523,1.554,1.5571,1.5526,,-0.05%
10/17/2005,1.5531,1.5518,1.5555,1.5495,,0.10%
10/14/2005,1.5516,1.5502,1.5528,1.5477,,0.12%
10/13/2005,1.5498,1.5482,1.5529,1.5455,,0.14%
10/12/2005,1.5476,1.5467,1.549,1.5457,,0.06%
10/11/2005,1.5466,1.5485,1.5496,1.5462,,-0.09%
10/10/2005,1.548,1.5506,1.552,1.5479,,-0.08%
10/07/2005,1.5492,1.5481,1.5528,1.5465,,0.11%
10/06/2005,1.5475,1.5482,1.55,1.5447,,-0.02%
10/05/2005,1.5478,1.5513,1.5524,1.5475,,-0.20%
10/04/2005,1.5509,1.5514,1.5534,1.5501,,-0.01%
10/03/2005,1.5511,1.5549,1.5566,1.5505,,-0.30%
09/30/2005,1.5557,1.5572,1.5585,1.5526,,-0.06%
09/29/2005,1.5567,1.5555,1.5593,1.5543,,0.10%
09/28/2005,1.5552,1.5564,1.5578,1.554,,-0.04%
09/27/2005,1.5558,1.5566,1.5592,1.5553,,-0.08%
09/26/2005,1.5571,1.5558,1.5588,1.5547,,0.09%
09/23/2005,1.5557,1.554,1.5572,1.5524,,0.12%
09/22/2005,1.5538,1.5519,1.5552,1.5513,,0.14%
09/21/2005,1.5516,1.5534,1.5543,1.5499,,-0.08%
09/20/2005,1.5528,1.5522,1.5551,1.5511,,0.05%
09/19/2005,1.552,1.5509,1.5536,1.5477,,-0.06%
09/16/2005,1.553,1.5494,1.5541,1.5483,,0.26%
09/15/2005,1.549,1.5451,1.5495,1.5429,,0.25%
09/14/2005,1.5452,1.5468,1.5482,1.544,,-0.12%
09/13/2005,1.5471,1.5456,1.5492,1.5441,,0.16%
09/12/2005,1.5447,1.543,1.5459,1.5402,,0.15%
09/09/2005,1.5424,1.543,1.5451,1.541,,-0.03%
09/08/2005,1.5428,1.5433,1.5446,1.5415,,-0.02%
09/07/2005,1.5431,1.5436,1.5452,1.5415,,-0.01%
09/06/2005,1.5433,1.5442,1.5454,1.5413,,-0.06%
09/05/2005,1.5443,1.5418,1.5462,1.5395,,0.14%
09/02/2005,1.5421,1.5431,1.5448,1.5395,,-0.06%
09/01/2005,1.543,1.5465,1.549,1.5418,,-0.21%
08/31/2005,1.5463,1.551,1.5516,1.5461,,-0.31%
08/30/2005,1.5511,1.5497,1.5522,1.5473,,0.12%
08/29/2005,1.5493,1.5469,1.5511,1.5433,,0.18%
08/26/2005,1.5465,1.5456,1.5487,1.5444,,0.10%
08/25/2005,1.545,1.5517,1.5522,1.5448,,-0.41%
08/24/2005,1.5514,1.5535,1.5562,1.5505,,-0.11%
08/23/2005,1.5531,1.5533,1.5554,1.5522,,0.01%
08/22/2005,1.553,1.5496,1.5543,1.5486,,0.23%
08/19/2005,1.5495,1.5481,1.5511,1.5463,,0.12%
08/18/2005,1.5476,1.5484,1.5497,1.5448,,-0.05%
08/17/2005,1.5484,1.5509,1.5542,1.5469,,-0.13%
08/16/2005,1.5504,1.552,1.5534,1.5499,,-0.08%
08/15/2005,1.5516,1.553,1.5534,1.5493,,0.06%
08/12/2005,1.5506,1.5537,1.555,1.5508,,-0.15%
08/11/2005,1.553,1.5563,1.5571,1.5515,,-0.17%
08/10/2005,1.5556,1.5582,1.5589,1.5547,,-0.13%
08/09/2005,1.5576,1.5575,1.561,1.5545,,0.01%
08/08/2005,1.5575,1.5606,1.562,1.5564,,-0.18%
08/05/2005,1.5603,1.5581,1.5629,1.5562,,0.17%
08/04/2005,1.5577,1.5558,1.5597,1.5545,,0.14%
08/03/2005,1.5555,1.5566,1.5602,1.5542,,-0.10%
08/02/2005,1.557,1.5583,1.5598,1.5538,,-0.08%
08/01/2005,1.5583,1.5622,1.5665,1.5532,,-0.28%
07/29/2005,1.5626,1.5596,1.5653,1.5569,,0.22%
07/28/2005,1.5592,1.5627,1.5672,1.5587,,-0.22%
07/27/2005,1.5627,1.5614,1.5651,1.5608,,0.09%
07/26/2005,1.5613,1.563,1.5642,1.5583,,-0.04%
07/25/2005,1.5619,1.5644,1.5658,1.5608,,-0.13%
07/22/2005,1.5639,1.5641,1.5661,1.5601,,0.01%
07/21/2005,1.5637,1.562,1.5648,1.5582,,0.13%
07/20/2005,1.5616,1.5643,1.5671,1.5597,,-0.17%
07/19/2005,1.5643,1.56,1.566,1.5585,,0.29%
07/18/2005,1.5598,1.5602,1.562,1.5582,,0.06%
07/15/2005,1.5589,1.5589,1.5617,1.5568,,0.05%
07/14/2005,1.5581,1.5591,1.5608,1.5555,,-0.03%
07/13/2005,1.5585,1.5554,1.561,1.5532,,0.17%
07/12/2005,1.5558,1.5539,1.5583,1.5527,,0.13%
07/11/2005,1.5538,1.5553,1.5577,1.553,,-0.02%
07/08/2005,1.5541,1.5515,1.5565,1.5482,,0.20%
07/07/2005,1.551,1.5539,1.5561,1.5436,,-0.13%
07/06/2005,1.553,1.5533,1.5554,1.552,,-0.01%
07/05/2005,1.5531,1.5514,1.5551,1.5492,,0.13%
07/04/2005,1.5511,1.5493,1.5524,1.5459,,0.08%
07/01/2005,1.5499,1.5511,1.5555,1.548,,-0.05%
06/30/2005,1.5506,1.5481,1.5533,1.5463,,0.22%
06/29/2005,1.5472,1.545,1.5488,1.5429,,0.17%
06/28/2005,1.5446,1.5425,1.5467,1.5406,,0.19%
06/27/2005,1.5417,1.5413,1.5442,1.5392,,0.05%
06/24/2005,1.541,1.5398,1.5435,1.5363,,0.10%
06/23/2005,1.5395,1.5425,1.5448,1.5374,,-0.15%
06/22/2005,1.5418,1.5419,1.5442,1.5382,,0.03%
06/21/2005,1.5414,1.5445,1.5455,1.5401,,-0.17%
06/20/2005,1.544,1.543,1.5459,1.5416,,-0.04%
06/17/2005,1.5446,1.54,1.5476,1.5383,,0.36%
06/16/2005,1.539,1.5396,1.5419,1.5373,,-0.01%
06/15/2005,1.5392,1.5371,1.5414,1.5353,,0.15%
06/14/2005,1.5369,1.5388,1.5418,1.5364,,-0.09%
06/13/2005,1.5383,1.5377,1.5399,1.5345,,0.06%
06/10/2005,1.5374,1.534,1.5398,1.5322,,0.23%
06/09/2005,1.5338,1.535,1.5358,1.5313,,-0.05%
06/08/2005,1.5345,1.5305,1.5372,1.5291,,0.33%
06/07/2005,1.5294,1.5315,1.5332,1.5288,,-0.10%
06/06/2005,1.5309,1.534,1.5345,1.5301,,-0.05%
06/03/2005,1.5317,1.5361,1.5387,1.5322,,-0.21%
06/02/2005,1.5349,1.5319,1.537,1.53,,0.25%
06/01/2005,1.5311,1.5356,1.5375,1.5298,,-0.28%
05/31/2005,1.5354,1.5454,1.5459,1.5348,,-0.59%
05/30/2005,1.5445,1.5444,1.5467,1.5438,,-0.22%
05/27/2005,1.5479,1.5464,1.5496,1.5446,,0.14%
05/26/2005,1.5457,1.5462,1.549,1.5439,,0.04%
05/25/2005,1.5451,1.5465,1.5477,1.5444,,-0.05%
05/24/2005,1.5458,1.5481,1.5491,1.5452,,-0.14%
05/23/2005,1.548,1.5491,1.5505,1.5459,,-0.05%
05/20/2005,1.5487,1.5446,1.5506,1.5435,,0.29%
05/19/2005,1.5442,1.5439,1.5465,1.5414,,0.05%
05/18/2005,1.5434,1.5444,1.5458,1.5408,,-0.05%
05/17/2005,1.5442,1.5443,1.546,1.5418,,0.03%
05/16/2005,1.5438,1.5463,1.5484,1.5431,,-0.11%
05/13/2005,1.5455,1.5431,1.5472,1.5412,,0.14%
05/12/2005,1.5434,1.5445,1.5474,1.5417,,-0.04%
05/11/2005,1.544,1.5467,1.5484,1.5423,,-0.17%
05/10/2005,1.5466,1.5481,1.5501,1.5448,,-0.08%
05/09/2005,1.5478,1.5476,1.5509,1.5449,,-0.04%
05/06/2005,1.5484,1.5463,1.5518,1.5444,,0.17%
05/05/2005,1.5458,1.5435,1.5494,1.5409,,0.23%
05/04/2005,1.5423,1.5432,1.5445,1.5396,,-0.01%
05/03/2005,1.5424,1.5408,1.5451,1.538,,0.13%
05/02/2005,1.5404,1.5391,1.5428,1.5373,,0.16%
04/29/2005,1.538,1.5382,1.5406,1.5345,,0.01%
04/28/2005,1.5378,1.542,1.5429,1.5372,,-0.20%
04/27/2005,1.5409,1.5416,1.5447,1.5392,,0.01%
04/26/2005,1.5408,1.5438,1.5456,1.5402,,-0.16%
04/25/2005,1.5432,1.5429,1.5458,1.5412,,-0.02%
04/22/2005,1.5435,1.5434,1.5465,1.5417,,-0.01%
04/21/2005,1.5436,1.5414,1.5456,1.5385,,0.17%
04/20/2005,1.541,1.5425,1.5458,1.5405,,-0.08%
04/19/2005,1.5423,1.5467,1.5492,1.5419,,-0.25%
04/18/2005,1.5462,1.5503,1.5517,1.5445,,-0.26%
04/15/2005,1.5502,1.5554,1.5573,1.5501,,-0.24%
04/14/2005,1.5539,1.5499,1.5579,1.5475,,0.28%
04/13/2005,1.5495,1.5491,1.5527,1.5455,,0.09%
04/12/2005,1.5481,1.5487,1.5521,1.5467,,-0.02%
04/11/2005,1.5484,1.5477,1.5509,1.546,,0.03%
04/08/2005,1.5479,1.5519,1.5534,1.5468,,-0.22%
04/07/2005,1.5513,1.552,1.5535,1.5478,,-0.02%
04/06/2005,1.5516,1.5512,1.5536,1.5475,,0.08%
04/05/2005,1.5504,1.5543,1.5557,1.5499,,-0.22%
04/04/2005,1.5538,1.5526,1.5554,1.5508,,0.08%
04/01/2005,1.5525,1.5509,1.556,1.5483,,0.14%
03/31/2005,1.5503,1.5497,1.5516,1.5464,,0.06%
03/30/2005,1.5493,1.553,1.5546,1.5474,,-0.19%
03/29/2005,1.5523,1.5531,1.5554,1.5502,,0.04%
03/28/2005,1.5517,1.5538,1.5566,1.5504,,-0.16%
03/25/2005,1.5542,1.5547,1.5564,1.5526,,0.01%
03/24/2005,1.5541,1.5537,1.5559,1.5512,,0.06%
03/23/2005,1.5531,1.5546,1.5573,1.5524,,-0.07%
03/22/2005,1.5542,1.551,1.556,1.5492,,0.21%
03/21/2005,1.5509,1.5501,1.5538,1.5472,,0.05%
03/18/2005,1.5501,1.5475,1.5523,1.5461,,0.21%
03/17/2005,1.5469,1.5466,1.5488,1.5438,,0.06%
03/16/2005,1.5459,1.5507,1.5524,1.5446,,-0.26%
03/15/2005,1.5499,1.5501,1.5531,1.5479,,0.03%
03/14/2005,1.5495,1.5485,1.553,1.5452,,0.11%
03/11/2005,1.5478,1.5484,1.5517,1.5461,,-0.03%
03/10/2005,1.5483,1.5518,1.554,1.5468,,-0.20%
03/09/2005,1.5514,1.5501,1.555,1.5487,,0.14%
03/08/2005,1.5493,1.5523,1.5549,1.5466,,-0.20%
03/07/2005,1.5524,1.5475,1.5545,1.5462,,0.34%
03/04/2005,1.5471,1.5484,1.5527,1.5456,,-0.02%
03/03/2005,1.5474,1.542,1.5492,1.5407,,0.36%
03/02/2005,1.5418,1.5366,1.5436,1.5338,,0.34%
03/01/2005,1.5365,1.5378,1.5406,1.5341,,-0.07%
02/28/2005,1.5375,1.5394,1.5415,1.5363,,-0.10%
02/25/2005,1.5391,1.5435,1.5447,1.5397,,-0.27%
02/24/2005,1.5432,1.5375,1.5452,1.5354,,0.42%
02/23/2005,1.5368,1.5358,1.5402,1.5347,,0.12%
02/22/2005,1.535,1.5448,1.5474,1.5351,,-0.60%
02/21/2005,1.5443,1.5462,1.5478,1.5432,,-0.08%
02/18/2005,1.5455,1.5477,1.5509,1.5444,,-0.13%
02/17/2005,1.5475,1.5469,1.5499,1.5444,,0.08%
02/16/2005,1.5462,1.5499,1.5522,1.5448,,-0.23%
02/15/2005,1.5498,1.5543,1.5561,1.5484,,-0.24%
02/14/2005,1.5536,1.5574,1.5587,1.5522,,-0.21%
02/11/2005,1.5568,1.5555,1.5585,1.5523,,0.12%
02/10/2005,1.5549,1.558,1.5614,1.5538,,-0.17%
02/09/2005,1.5576,1.5594,1.5617,1.5555,,-0.07%
02/08/2005,1.5587,1.5621,1.564,1.5579,,-0.09%
02/07/2005,1.5601,1.5585,1.5629,1.5563,,0.12%
02/04/2005,1.5582,1.5596,1.5627,1.5557,,-0.06%
02/03/2005,1.5592,1.554,1.5606,1.5529,,0.37%
02/02/2005,1.5535,1.553,1.5568,1.5476,,0.06%
02/01/2005,1.5526,1.55,1.5552,1.549,,0.23%
01/31/2005,1.5491,1.5476,1.5511,1.546,,0.14%
01/28/2005,1.5469,1.5446,1.55,1.5411,,0.16%
01/27/2005,1.5444,1.5477,1.5503,1.5442,,-0.14%
01/26/2005,1.5466,1.5481,1.5513,1.5459,,-0.05%
01/25/2005,1.5473,1.5455,1.5508,1.5427,,0.16%
01/24/2005,1.5448,1.5462,1.5482,1.5434,,-0.04%
01/21/2005,1.5454,1.5425,1.5505,1.5415,,0.24%
01/20/2005,1.5417,1.5428,1.5448,1.5394,,-0.03%
01/19/2005,1.5422,1.5439,1.5457,1.5396,,-0.09%
01/18/2005,1.5436,1.5463,1.5487,1.5412,,-0.13%
01/17/2005,1.5456,1.547,1.5492,1.5429,,-0.05%
01/14/2005,1.5463,1.5491,1.5529,1.5466,,-0.13%
01/13/2005,1.5483,1.5486,1.5503,1.5457,,0.03%
01/12/2005,1.5479,1.551,1.5537,1.5447,,-0.17%
01/11/2005,1.5506,1.5462,1.5513,1.5439,,0.31%
01/10/2005,1.5458,1.547,1.5514,1.5447,,-0.04%
01/07/2005,1.5464,1.5474,1.5522,1.5449,,-0.05%
01/06/2005,1.5471,1.5496,1.5519,1.5453,,-0.12%
01/05/2005,1.5489,1.5509,1.5551,1.5478,,-0.11%
01/04/2005,1.5506,1.546,1.5532,1.5426,,0.32%
01/03/2005,1.5456,1.5456,1.5497,1.5408,,0.18%
12/31/2004,1.5428,1.544,1.5479,1.5364,,-0.07%
12/30/2004,1.5439,1.543,1.5467,1.5407,,0.10%
12/29/2004,1.5423,1.5438,1.5465,1.5387,,-0.05%
12/28/2004,1.543,1.5467,1.5481,1.5427,,-0.20%
12/27/2004,1.5461,1.5464,1.5503,1.5435,,-0.02%
12/24/2004,1.5464,1.5457,1.5482,1.5422,,0.12%
12/23/2004,1.5446,1.5436,1.5466,1.5418,,0.12%
12/22/2004,1.5428,1.542,1.5448,1.539,,0.11%
12/21/2004,1.5411,1.5391,1.5434,1.5364,,0.20%
12/20/2004,1.5381,1.5396,1.5419,1.5344,,-0.06%
12/17/2004,1.539,1.5341,1.54,1.5317,,0.40%
12/16/2004,1.5329,1.5299,1.5368,1.5287,,0.22%
12/15/2004,1.5296,1.5356,1.5373,1.527,,-0.36%
12/14/2004,1.5351,1.5362,1.5387,1.5328,,0.01%
12/13/2004,1.5349,1.5347,1.5377,1.5325,,0.01%
12/10/2004,1.5347,1.5316,1.5374,1.5296,,0.27%
12/09/2004,1.5305,1.5322,1.5358,1.5301,,-0.12%
12/08/2004,1.5323,1.5319,1.5371,1.5299,,0.09%
12/07/2004,1.5309,1.5299,1.5324,1.526,,0.11%
12/06/2004,1.5292,1.5215,1.5303,1.5202,,0.56%
12/03/2004,1.5207,1.5278,1.5301,1.5212,,-0.43%
12/02/2004,1.5272,1.5211,1.5319,1.5193,,0.49%
12/01/2004,1.5197,1.5155,1.5237,1.5116,,0.32%
11/30/2004,1.5148,1.5164,1.5181,1.5091,,-0.10%
11/29/2004,1.5163,1.5146,1.5196,1.5119,,0.17%
11/26/2004,1.5138,1.512,1.5177,1.5042,,0.21%
11/25/2004,1.5106,1.5101,1.5123,1.5074,,0.12%
11/24/2004,1.5088,1.516,1.5175,1.5099,,-0.46%
11/23/2004,1.5158,1.5164,1.5194,1.5135,,-0.05%
11/22/2004,1.5165,1.5128,1.5183,1.5116,,0.24%
11/19/2004,1.5129,1.5174,1.5192,1.5113,,-0.27%
11/18/2004,1.517,1.5156,1.5195,1.5141,,0.11%
11/17/2004,1.5153,1.5244,1.5252,1.5157,,-0.53%
11/16/2004,1.5233,1.5266,1.528,1.5227,,-0.18%
11/15/2004,1.5261,1.5199,1.5271,1.5189,,0.41%
11/12/2004,1.5199,1.52,1.524,1.5183,,0.03%
11/11/2004,1.5195,1.5228,1.5246,1.5172,,-0.18%
11/10/2004,1.5222,1.5265,1.528,1.5201,,-0.26%
11/09/2004,1.5262,1.5263,1.529,1.5247,,0.01%
11/08/2004,1.526,1.5265,1.5298,1.5249,,0.00%
11/05/2004,1.526,1.5288,1.5366,1.5261,,-0.14%
11/04/2004,1.5281,1.5312,1.5322,1.5265,,-0.11%
11/03/2004,1.5298,1.5331,1.536,1.5294,,-0.15%
11/02/2004,1.5321,1.5328,1.5354,1.5296,,-0.01%
11/01/2004,1.5323,1.5293,1.5338,1.5274,,0.37%
10/29/2004,1.5267,1.5296,1.5324,1.5247,,-0.17%
10/28/2004,1.5293,1.534,1.5357,1.5261,,-0.32%
10/27/2004,1.5342,1.5335,1.5358,1.5307,,0.09%
10/26/2004,1.5328,1.5328,1.5349,1.5304,,0.03%
10/25/2004,1.5324,1.534,1.5361,1.5299,,-0.14%
10/22/2004,1.5345,1.536,1.54,1.5347,,-0.03%
10/21/2004,1.535,1.5372,1.5394,1.5343,,-0.10%
10/20/2004,1.5365,1.5381,1.5403,1.5356,,-0.13%
10/19/2004,1.5385,1.5384,1.542,1.5372,,0.00%
10/18/2004,1.5385,1.5394,1.5413,1.5368,,-0.02%
10/15/2004,1.5388,1.5418,1.5437,1.5368,,-0.09%
10/14/2004,1.5402,1.5452,1.5481,1.5406,,-0.32%
10/13/2004,1.5451,1.548,1.5494,1.5442,,-0.12%
10/12/2004,1.547,1.5461,1.5505,1.547,,-0.08%
10/11/2004,1.5482,1.5512,1.5523,1.5474,,-0.18%
10/08/2004,1.551,1.5531,1.5549,1.5471,,-0.08%
10/07/2004,1.5523,1.5539,1.5555,1.5511,,-0.07%
10/06/2004,1.5534,1.554,1.5562,1.5521,,0.01%
10/05/2004,1.5532,1.5539,1.5562,1.5517,,-0.03%
10/04/2004,1.5537,1.5506,1.5559,1.5495,,0.11%
10/01/2004,1.552,1.5493,1.5524,1.5467,,0.24%
09/30/2004,1.5483,1.5529,1.5549,1.5473,,-0.25%
09/29/2004,1.5522,1.553,1.5549,1.5499,,0.05%
09/28/2004,1.5515,1.5504,1.5534,1.5491,,0.10%
09/27/2004,1.5499,1.5478,1.5513,1.5472,,0.18%
09/24/2004,1.5471,1.5465,1.5503,1.5445,,0.08%
09/23/2004,1.5458,1.5454,1.5493,1.5441,,0.10%
09/22/2004,1.5443,1.5465,1.5489,1.544,,-0.10%
09/21/2004,1.5459,1.5479,1.5515,1.5432,,-0.12%
09/20/2004,1.5477,1.5469,1.5507,1.545,,0.05%
09/17/2004,1.5469,1.5463,1.5487,1.5442,,0.10%
09/16/2004,1.5453,1.5432,1.548,1.5415,,0.01%
09/15/2004,1.5451,1.5422,1.5454,1.5394,,0.20%
09/14/2004,1.542,1.5439,1.5472,1.5415,,-0.10%
09/13/2004,1.5435,1.5427,1.5451,1.5395,,0.07%
09/10/2004,1.5424,1.5408,1.544,1.5375,,0.19%
09/09/2004,1.5394,1.5356,1.5415,1.5342,,0.30%
09/08/2004,1.5348,1.5343,1.5399,1.5324,,0.08%
09/07/2004,1.5335,1.533,1.5364,1.5312,,0.08%
09/06/2004,1.5323,1.532,1.5348,1.5295,,0.03%
09/03/2004,1.5318,1.5355,1.5369,1.5269,,-0.18%
09/02/2004,1.5346,1.536,1.5375,1.5325,,-0.05%
09/01/2004,1.5353,1.5425,1.5439,1.5341,,-0.43%
08/31/2004,1.542,1.5421,1.5451,1.5393,,0.05%
08/30/2004,1.5413,1.5406,1.5428,1.5385,,0.12%
08/27/2004,1.5394,1.5401,1.5438,1.5389,,-0.03%
08/26/2004,1.5399,1.5389,1.5419,1.5373,,0.12%
08/25/2004,1.5381,1.5375,1.5423,1.5352,,0.16%
08/24/2004,1.5357,1.5421,1.5431,1.5366,,-0.33%
08/23/2004,1.5408,1.5413,1.5432,1.5375,,0.04%
08/20/2004,1.5402,1.538,1.5422,1.5341,,0.25%
08/19/2004,1.5364,1.5349,1.5385,1.5338,,0.07%
08/18/2004,1.5353,1.5364,1.5385,1.5339,,-0.03%
08/17/2004,1.5357,1.5339,1.5386,1.5317,,0.16%
08/16/2004,1.5333,1.5328,1.5355,1.5294,,0.13%
08/13/2004,1.5313,1.539,1.5403,1.5307,,-0.44%
08/12/2004,1.5381,1.5408,1.5432,1.5368,,-0.23%
08/11/2004,1.5416,1.5441,1.5452,1.54,,-0.12%
08/10/2004,1.5435,1.539,1.544,1.5367,,0.32%
08/09/2004,1.5385,1.5357,1.5406,1.5348,,0.23%
08/06/2004,1.535,1.5373,1.5497,1.533,,-0.09%
08/05/2004,1.5364,1.5375,1.5399,1.5355,,-0.04%
08/04/2004,1.537,1.5413,1.5432,1.5351,,-0.22%
08/03/2004,1.5404,1.5385,1.5427,1.5358,,0.21%
08/02/2004,1.5372,1.5375,1.5417,1.5332,,-0.13%
07/30/2004,1.5392,1.5419,1.5444,1.5342,,-0.13%
07/29/2004,1.5412,1.5369,1.543,1.5349,,0.20%
07/28/2004,1.5382,1.5383,1.5399,1.5343,,0.07%
07/27/2004,1.5371,1.5352,1.5406,1.5332,,0.14%
07/26/2004,1.5349,1.5326,1.5355,1.5308,,0.16%
07/23/2004,1.5324,1.5302,1.5336,1.5274,,0.18%
07/22/2004,1.5297,1.5326,1.5356,1.5277,,-0.08%
07/21/2004,1.5309,1.5347,1.5368,1.5309,,-0.17%
07/20/2004,1.5335,1.5282,1.5346,1.5265,,0.34%
07/19/2004,1.5283,1.5251,1.529,1.5233,,0.16%
07/16/2004,1.5258,1.528,1.5301,1.5231,,-0.10%
07/15/2004,1.5273,1.5221,1.5299,1.5206,,0.37%
07/14/2004,1.5216,1.5236,1.5271,1.5202,,-0.08%
07/13/2004,1.5228,1.52,1.5261,1.5189,,0.20%
07/12/2004,1.5198,1.5181,1.5206,1.5163,,0.14%
07/09/2004,1.5177,1.5183,1.5225,1.5162,,0.03%
07/08/2004,1.5172,1.5175,1.5204,1.5162,,0.03%
07/07/2004,1.5168,1.5197,1.5207,1.517,,-0.16%
07/06/2004,1.5192,1.5189,1.5216,1.5164,,0.03%
07/05/2004,1.5187,1.516,1.5206,1.513,,0.02%
07/02/2004,1.5184,1.5191,1.5272,1.5132,,0.01%
07/01/2004,1.5183,1.5231,1.526,1.518,,-0.31%
06/30/2004,1.523,1.53,1.5311,1.5218,,-0.18%
06/29/2004,1.5257,1.5222,1.5309,1.5202,,0.25%
06/28/2004,1.5219,1.5195,1.524,1.5169,,0.24%
06/25/2004,1.5182,1.5151,1.5206,1.5124,,0.23%
06/24/2004,1.5147,1.5162,1.5169,1.509,,-0.02%
06/23/2004,1.515,1.5135,1.519,1.5112,,0.15%
06/22/2004,1.5127,1.5094,1.5153,1.5089,,0.25%
06/21/2004,1.509,1.5089,1.5121,1.507,,0.11%
06/18/2004,1.5074,1.509,1.5131,1.5058,,0.06%
06/17/2004,1.5065,1.5214,1.5236,1.5083,,-0.92%
06/16/2004,1.5205,1.5193,1.5276,1.516,,0.13%
06/15/2004,1.5185,1.5148,1.5208,1.5122,,0.32%
06/14/2004,1.5137,1.5176,1.518,1.5056,,0.06%
06/11/2004,1.5128,1.5075,1.5145,1.5031,,0.40%
06/10/2004,1.5067,1.5115,1.5159,1.5039,,-0.27%
06/09/2004,1.5108,1.5185,1.5209,1.5116,,-0.43%
06/08/2004,1.5174,1.5242,1.527,1.5158,,-0.37%
06/07/2004,1.523,1.5249,1.5268,1.5209,,0.16%
06/04/2004,1.5205,1.528,1.5307,1.5213,,-0.46%
06/03/2004,1.5276,1.5269,1.5295,1.5245,,0.11%
06/02/2004,1.5259,1.5263,1.5307,1.5244,,-0.04%
06/01/2004,1.5265,1.5286,1.5331,1.5241,,-0.10%
05/31/2004,1.528,1.5298,1.5319,1.5252,,-0.11%
05/28/2004,1.5297,1.5273,1.5335,1.526,,0.16%
05/27/2004,1.5272,1.5399,1.5421,1.5258,,-0.81%
05/26/2004,1.5396,1.5397,1.5427,1.5357,,0.10%
05/25/2004,1.538,1.5352,1.5404,1.5321,,0.22%
05/24/2004,1.5347,1.5368,1.5387,1.5333,,0.14%
05/21/2004,1.5326,1.5373,1.5412,1.5315,,-0.21%
05/20/2004,1.5359,1.5345,1.5397,1.5321,,0.14%
05/19/2004,1.5338,1.5339,1.5413,1.5312,,0.05%
05/18/2004,1.533,1.5336,1.5381,1.5319,,0.03%
05/17/2004,1.5326,1.541,1.5428,1.5309,,-0.34%
05/14/2004,1.5379,1.5389,1.5425,1.5366,,-0.03%
05/13/2004,1.5383,1.5404,1.5442,1.5351,,-0.08%
05/12/2004,1.5396,1.5381,1.5433,1.5327,,0.06%
05/11/2004,1.5386,1.5387,1.545,1.535,,0.07%
05/10/2004,1.5376,1.548,1.5488,1.5381,,-0.54%
05/07/2004,1.546,1.5505,1.5533,1.536,,-0.26%
05/06/2004,1.55,1.5511,1.5532,1.5465,,-0.01%
05/05/2004,1.5501,1.5503,1.5528,1.5446,,-0.05%
05/04/2004,1.5509,1.5534,1.5566,1.5473,,0.14%
05/03/2004,1.5488,1.5528,1.5547,1.5501,,-0.32%
04/30/2004,1.5538,1.5453,1.5562,1.5427,,0.55%
04/29/2004,1.5453,1.5474,1.5486,1.5421,,0.04%
04/28/2004,1.5447,1.5489,1.5503,1.5448,,-0.22%
04/27/2004,1.5481,1.5509,1.5525,1.5452,,-0.15%
04/26/2004,1.5504,1.5572,1.5591,1.5505,,-0.44%
04/23/2004,1.5572,1.5577,1.5625,1.5562,,0.01%
04/22/2004,1.5571,1.5545,1.5602,1.5506,,0.12%
04/21/2004,1.5552,1.5562,1.5584,1.5524,,-0.05%
04/20/2004,1.556,1.5497,1.5589,1.5488,,0.46%
04/19/2004,1.5488,1.5519,1.5548,1.5481,,-0.27%
04/16/2004,1.553,1.552,1.5564,1.5501,,0.06%
04/15/2004,1.5521,1.5522,1.5554,1.5438,,0.00%
04/14/2004,1.5521,1.5537,1.5556,1.5463,,0.01%
04/13/2004,1.552,1.5487,1.5556,1.546,,0.26%
04/12/2004,1.548,1.5505,1.5534,1.547,,-0.03%
04/09/2004,1.5484,1.5496,1.5526,1.5462,,-0.04%
04/08/2004,1.549,1.5544,1.5566,1.5471,,-0.30%
04/07/2004,1.5537,1.5615,1.5638,1.5518,,-0.50%
04/06/2004,1.5615,1.5674,1.5692,1.5599,,-0.32%
04/05/2004,1.5665,1.5653,1.5695,1.5625,,0.07%
04/02/2004,1.5654,1.5622,1.5688,1.5545,,0.27%
04/01/2004,1.5612,1.5587,1.5623,1.5552,,0.23%
03/31/2004,1.5576,1.5597,1.5623,1.5546,,0.03%
03/30/2004,1.5571,1.5618,1.5639,1.5556,,-0.22%
03/29/2004,1.5606,1.5572,1.5633,1.5548,,0.19%
03/26/2004,1.5576,1.5534,1.5591,1.5516,,0.35%
03/25/2004,1.5521,1.5488,1.5538,1.546,,0.28%
03/24/2004,1.5478,1.5518,1.5554,1.5478,,-0.15%
03/23/2004,1.5501,1.5514,1.5539,1.5475,,-0.02%
03/22/2004,1.5504,1.5591,1.5618,1.5509,,-0.51%
03/19/2004,1.5584,1.5574,1.5629,1.5553,,0.09%
03/18/2004,1.557,1.5627,1.565,1.5551,,-0.31%
03/17/2004,1.5619,1.5679,1.5715,1.5623,,-0.34%
03/16/2004,1.5673,1.565,1.5705,1.5616,,0.15%
03/15/2004,1.5649,1.5639,1.5679,1.5616,,-0.20%
03/12/2004,1.568,1.5661,1.5711,1.5622,,0.12%
03/11/2004,1.5661,1.5754,1.5763,1.5646,,-0.53%
03/10/2004,1.5745,1.5793,1.5801,1.5733,,-0.27%
03/09/2004,1.5788,1.5809,1.5852,1.5762,,-0.05%
03/08/2004,1.5796,1.5787,1.5837,1.5769,,0.06%
03/05/2004,1.5787,1.577,1.5865,1.5745,,0.15%
03/04/2004,1.5763,1.5781,1.5812,1.5753,,-0.05%
03/03/2004,1.5771,1.5827,1.5852,1.5748,,-0.33%
03/02/2004,1.5823,1.5783,1.5876,1.5766,,0.30%
03/01/2004,1.5775,1.5761,1.5813,1.5744,,0.08%
02/27/2004,1.5762,1.5762,1.5818,1.5741,,0.04%
02/26/2004,1.5756,1.574,1.577,1.5707,,0.13%
02/25/2004,1.5736,1.5751,1.5772,1.5714,,-0.04%
02/24/2004,1.5742,1.5782,1.5811,1.5718,,-0.21%
02/23/2004,1.5775,1.5789,1.581,1.5756,,-0.08%
02/20/2004,1.5787,1.5754,1.5808,1.5737,,0.26%
02/19/2004,1.5746,1.5761,1.5791,1.5716,,-0.01%
02/18/2004,1.5747,1.5754,1.5781,1.5728,,-0.01%
02/17/2004,1.5749,1.5759,1.5776,1.5721,,-0.02%
02/16/2004,1.5752,1.578,1.5785,1.573,,-0.13%
02/13/2004,1.5772,1.5764,1.5822,1.5733,,0.11%
02/12/2004,1.5754,1.5777,1.5799,1.5737,,-0.12%
02/11/2004,1.5773,1.5673,1.5783,1.566,,0.57%
02/10/2004,1.5684,1.569,1.5715,1.5659,,0.04%
02/09/2004,1.5677,1.5688,1.5715,1.5625,,0.03%
02/06/2004,1.5673,1.5688,1.5759,1.5646,,-0.05%
02/05/2004,1.5681,1.568,1.5717,1.5653,,0.07%
02/04/2004,1.567,1.5671,1.5706,1.5624,,0.01%
02/03/2004,1.5669,1.5681,1.5695,1.5643,,-0.04%
02/02/2004,1.5675,1.568,1.5707,1.5632,,-0.03%
01/30/2004,1.568,1.5628,1.5696,1.5596,,0.37%
01/29/2004,1.5622,1.5673,1.5678,1.5593,,-0.22%
01/28/2004,1.5657,1.5678,1.5723,1.5637,,-0.08%
01/27/2004,1.567,1.5673,1.5713,1.5636,,0.02%
01/26/2004,1.5667,1.5634,1.5682,1.5609,,0.21%
01/23/2004,1.5634,1.5684,1.5701,1.5635,,-0.28%
01/22/2004,1.5678,1.5675,1.5711,1.5623,,0.04%
01/21/2004,1.5671,1.5688,1.5731,1.5662,,-0.09%
01/20/2004,1.5685,1.5692,1.5737,1.5669,,-0.05%
01/19/2004,1.5693,1.5681,1.5726,1.5661,,0.13%
01/16/2004,1.5673,1.5665,1.5705,1.5642,,0.11%
01/15/2004,1.5656,1.56,1.567,1.5577,,0.42%
01/14/2004,1.5591,1.562,1.5635,1.5575,,0.03%
01/13/2004,1.5586,1.5659,1.5672,1.5603,,-0.40%
01/12/2004,1.5648,1.568,1.5702,1.5638,,-0.09%
01/09/2004,1.5662,1.5659,1.5715,1.5641,,0.06%
01/08/2004,1.5653,1.5671,1.5709,1.5631,,-0.07%
01/07/2004,1.5664,1.568,1.5714,1.5649,,-0.06%
01/06/2004,1.5674,1.5628,1.5708,1.5611,,0.36%
01/05/2004,1.5617,1.5587,1.5645,1.5578,,0.19%
01/02/2004,1.5587,1.56,1.5653,1.5532,,-0.08%
01/01/2004,1.56,1.5606,1.5618,1.5457,,0.00%
12/31/2003,1.56,1.5594,1.5612,1.5536,,0.12%
12/30/2003,1.5582,1.5604,1.5622,1.5568,,-0.12%
12/29/2003,1.56,1.5585,1.5619,1.5568,,0.12%
12/26/2003,1.5582,1.5545,1.5599,1.5514,,0.28%
12/25/2003,1.5539,1.5533,1.5557,1.5517,,0.06%
12/24/2003,1.553,1.5604,1.5616,1.5521,,-0.44%
12/23/2003,1.5598,1.5592,1.5627,1.5576,,0.06%
12/22/2003,1.5589,1.5539,1.5593,1.5507,,0.36%
12/19/2003,1.5533,1.5526,1.5582,1.5511,,0.05%
12/18/2003,1.5525,1.556,1.5587,1.5521,,-0.17%
12/17/2003,1.5552,1.5525,1.5567,1.5505,,0.20%
12/16/2003,1.5521,1.5522,1.557,1.5507,,0.05%
12/15/2003,1.5514,1.5536,1.5574,1.5495,,0.10%
12/12/2003,1.5499,1.5503,1.5534,1.5474,,0.02%
12/11/2003,1.5496,1.5481,1.5543,1.5453,,0.12%
12/10/2003,1.5477,1.5473,1.5507,1.5446,,0.08%
12/09/2003,1.5465,1.549,1.5509,1.5445,,-0.10%
12/08/2003,1.5481,1.5512,1.5538,1.5453,,-0.17%
12/05/2003,1.5508,1.5574,1.5659,1.5486,,-0.39%
12/04/2003,1.5568,1.5584,1.5611,1.555,,-0.04%
12/03/2003,1.5574,1.5559,1.56,1.5531,,0.15%
12/02/2003,1.555,1.5538,1.5583,1.551,,0.14%
12/01/2003,1.5528,1.5491,1.5554,1.5468,,0.32%
11/28/2003,1.5479,1.5492,1.551,1.5455,,-0.01%
11/27/2003,1.5481,1.5434,1.5498,1.5418,,0.38%
11/26/2003,1.5422,1.5539,1.5556,1.5446,,-0.72%
11/25/2003,1.5534,1.5539,1.5566,1.5517,,0.00%
11/24/2003,1.5534,1.5472,1.5549,1.5455,,0.50%
11/21/2003,1.5457,1.5479,1.5496,1.5442,,-0.09%
11/20/2003,1.5471,1.5534,1.5562,1.5464,,-0.39%
11/19/2003,1.5531,1.5467,1.5543,1.5456,,0.42%
11/18/2003,1.5466,1.5559,1.5604,1.5492,,-0.59%
11/17/2003,1.5558,1.5637,1.5647,1.5536,,-0.47%
11/14/2003,1.5631,1.5694,1.5711,1.5628,,-0.38%
11/13/2003,1.5691,1.5721,1.5745,1.5684,,-0.11%
11/12/2003,1.5709,1.5686,1.5717,1.5651,,0.18%
11/11/2003,1.568,1.5732,1.5752,1.5657,,-0.25%
11/10/2003,1.572,1.5702,1.575,1.5695,,0.10%
11/07/2003,1.5704,1.5719,1.5734,1.5665,,-0.06%
11/06/2003,1.5714,1.5661,1.571,1.5645,,0.39%
11/05/2003,1.5653,1.5658,1.5689,1.5639,,0.03%
11/04/2003,1.5649,1.5589,1.5659,1.5574,,0.40%
11/03/2003,1.5586,1.5523,1.5605,1.5507,,0.42%
10/31/2003,1.5521,1.5503,1.5539,1.5478,,0.14%
10/30/2003,1.5499,1.5524,1.554,1.5463,,-0.12%
10/29/2003,1.5517,1.5537,1.5553,1.5486,,-0.06%
10/28/2003,1.5527,1.5479,1.5541,1.5454,,0.35%
10/27/2003,1.5473,1.5476,1.5491,1.5439,,0.05%
10/24/2003,1.5465,1.5483,1.5514,1.5437,,-0.01%
10/23/2003,1.5466,1.5494,1.552,1.5456,,-0.23%
10/22/2003,1.5502,1.5524,1.5555,1.5503,,-0.07%
10/21/2003,1.5513,1.5505,1.5549,1.5499,,0.13%
10/20/2003,1.5493,1.5524,1.5555,1.5492,,-0.08%
10/17/2003,1.5505,1.5481,1.5548,1.5466,,0.25%
10/16/2003,1.5466,1.5483,1.5509,1.5458,,-0.03%
10/15/2003,1.5471,1.5448,1.5501,1.5423,,0.15%
10/14/2003,1.5448,1.5482,1.5508,1.5431,,-0.22%
10/13/2003,1.5482,1.5472,1.5508,1.5456,,-0.03%
10/10/2003,1.5486,1.5476,1.5517,1.5454,,0.22%
10/09/2003,1.5452,1.5502,1.5529,1.546,,-0.28%
10/08/2003,1.5495,1.5481,1.5522,1.5448,,0.06%
10/07/2003,1.5485,1.5463,1.5508,1.5441,,0.21%
10/06/2003,1.5452,1.5461,1.5489,1.5432,,-0.18%
10/03/2003,1.548,1.5406,1.5494,1.5381,,0.52%
10/02/2003,1.54,1.5396,1.5451,1.5367,,0.07%
10/01/2003,1.5389,1.5376,1.5433,1.5353,,0.22%
09/30/2003,1.5355,1.5367,1.5423,1.5322,,-0.03%
09/29/2003,1.536,1.5418,1.5452,1.5372,,-0.47%
09/26/2003,1.5433,1.5436,1.5464,1.5402,,-0.02%
09/25/2003,1.5436,1.5518,1.554,1.5426,,-0.57%
09/24/2003,1.5525,1.5545,1.5566,1.5502,,-0.08%
09/23/2003,1.5537,1.5525,1.5561,1.55,,0.07%
09/22/2003,1.5526,1.5568,1.56,1.5508,,-0.22%
09/19/2003,1.556,1.5583,1.5606,1.5526,,-0.08%
09/18/2003,1.5572,1.5565,1.5611,1.554,,0.08%
09/17/2003,1.5559,1.5533,1.5566,1.5478,,0.21%
09/16/2003,1.5526,1.5573,1.5628,1.552,,-0.28%
09/15/2003,1.557,1.5571,1.5595,1.5541,,0.05%
09/12/2003,1.5562,1.5508,1.5611,1.5486,,0.41%
09/11/2003,1.5499,1.5509,1.5561,1.5484,,-0.04%
09/10/2003,1.5505,1.5472,1.5547,1.5463,,0.25%
09/09/2003,1.5466,1.5397,1.549,1.5394,,0.46%
09/08/2003,1.5395,1.5384,1.5408,1.5377,,0.37%
09/05/2003,1.5339,1.5375,1.5444,1.5351,,-0.21%
09/04/2003,1.5372,1.5348,1.5406,1.5322,,0.22%
09/03/2003,1.5338,1.5337,1.5354,1.5286,,0.01%
09/02/2003,1.5337,1.5363,1.5386,1.5326,,-0.11%
09/01/2003,1.5354,1.5375,1.5404,1.5355,,-0.05%
08/29/2003,1.5362,1.5393,1.5414,1.5356,,-0.17%
08/28/2003,1.5388,1.5385,1.5424,1.5372,,0.08%
08/27/2003,1.5375,1.5339,1.5401,1.5317,,0.31%
08/26/2003,1.5328,1.5389,1.543,1.5322,,-0.36%
08/25/2003,1.5383,1.5416,1.544,1.5386,,-0.22%
08/22/2003,1.5417,1.5439,1.5452,1.5407,,-0.12%
08/21/2003,1.5435,1.5432,1.545,1.5383,,0.10%
08/20/2003,1.5419,1.5465,1.548,1.5419,,-0.28%
08/19/2003,1.5462,1.5484,1.5509,1.5454,,-0.12%
08/18/2003,1.548,1.5431,1.5517,1.5423,,0.38%
08/15/2003,1.5421,1.5434,1.5471,1.5413,,-0.11%
08/14/2003,1.5438,1.5461,1.5492,1.5411,,-0.13%
08/13/2003,1.5458,1.5439,1.5477,1.5421,,0.19%
08/12/2003,1.5429,1.5427,1.5459,1.5395,,0.06%
08/11/2003,1.542,1.5381,1.5439,1.5343,,0.35%
08/08/2003,1.5366,1.536,1.5392,1.5343,,0.10%
08/07/2003,1.535,1.5339,1.5401,1.533,,0.11%
08/06/2003,1.5333,1.5348,1.5368,1.5306,,-0.08%
08/05/2003,1.5345,1.5295,1.5364,1.5284,,0.31%
08/04/2003,1.5297,1.534,1.5355,1.529,,-0.54%
08/01/2003,1.538,1.5394,1.5411,1.5289,,-0.02%
07/31/2003,1.5383,1.5496,1.5514,1.5392,,-0.80%
07/30/2003,1.5507,1.5472,1.5522,1.5457,,0.33%
07/29/2003,1.5456,1.5465,1.5509,1.5447,,-0.01%
07/28/2003,1.5457,1.5475,1.5504,1.5453,,0.03%
07/25/2003,1.5452,1.5446,1.5496,1.5437,,0.08%
07/24/2003,1.544,1.5462,1.5505,1.5436,,-0.12%
07/23/2003,1.5458,1.5423,1.5477,1.5413,,0.18%
07/22/2003,1.543,1.5364,1.5452,1.5351,,0.49%
07/21/2003,1.5355,1.5341,1.5393,1.5321,,-0.01%
07/18/2003,1.5356,1.5357,1.5394,1.5286,,0.08%
07/17/2003,1.5344,1.5428,1.5458,1.5342,,-0.49%
07/16/2003,1.542,1.5487,1.5513,1.5405,,-0.46%
07/15/2003,1.5491,1.5496,1.554,1.5467,,0.03%
07/14/2003,1.5486,1.5555,1.5557,1.548,,-0.23%
07/11/2003,1.5521,1.5488,1.5542,1.5441,,0.29%
07/10/2003,1.5476,1.5434,1.5528,1.5371,,0.32%
07/09/2003,1.5426,1.5489,1.5522,1.5414,,-0.40%
07/08/2003,1.5488,1.5547,1.5568,1.5475,,-0.28%
07/07/2003,1.5531,1.5497,1.5562,1.5462,,0.19%
07/04/2003,1.5501,1.5507,1.5518,1.5473,,0.01%
07/03/2003,1.5499,1.5514,1.5549,1.5464,,-0.06%
07/02/2003,1.5508,1.5529,1.5565,1.5491,,-0.07%
07/01/2003,1.5519,1.5545,1.5601,1.5512,,-0.16%
06/30/2003,1.5544,1.5439,1.5564,1.5414,,0.80%
06/27/2003,1.5421,1.5439,1.5487,1.5412,,-0.10%
06/26/2003,1.5437,1.5332,1.5439,1.5324,,0.80%
06/25/2003,1.5314,1.5301,1.5379,1.526,,0.15%
06/24/2003,1.5291,1.5296,1.5338,1.5268,,0.06%
06/23/2003,1.5282,1.5397,1.5438,1.5288,,-0.89%
06/20/2003,1.5419,1.5409,1.5465,1.5396,,0.12%
06/19/2003,1.54,1.546,1.5552,1.5408,,-0.38%
06/18/2003,1.5458,1.543,1.5486,1.5401,,0.21%
06/17/2003,1.5425,1.5438,1.545,1.5387,,0.01%
06/16/2003,1.5424,1.5397,1.5463,1.5388,,0.27%
06/13/2003,1.5382,1.5419,1.5501,1.5391,,-0.19%
06/12/2003,1.5411,1.5385,1.5432,1.5346,,0.35%
06/11/2003,1.5357,1.5372,1.5403,1.5335,,-0.07%
06/10/2003,1.5367,1.5416,1.5444,1.5345,,-0.26%
06/09/2003,1.5407,1.5448,1.5477,1.5379,,-0.21%
06/06/2003,1.544,1.5395,1.5505,1.5383,,0.20%
06/05/2003,1.5409,1.535,1.5453,1.533,,0.45%
06/04/2003,1.534,1.5378,1.5394,1.5324,,-0.21%
06/03/2003,1.5372,1.5282,1.5383,1.5268,,0.60%
06/02/2003,1.5281,1.5223,1.5305,1.5217,,-0.05%
05/30/2003,1.5288,1.5283,1.5332,1.5247,,0.12%
05/29/2003,1.527,1.5246,1.5312,1.523,,0.17%
05/28/2003,1.5244,1.521,1.527,1.5202,,0.28%
05/27/2003,1.5201,1.528,1.5299,1.5215,,-0.50%
05/26/2003,1.5277,1.5256,1.5295,1.5226,,0.20%
05/23/2003,1.5246,1.5147,1.5252,1.5134,,0.70%
05/22/2003,1.514,1.5132,1.5158,1.5102,,0.19%
05/21/2003,1.5111,1.5121,1.5146,1.5059,,-0.03%
05/20/2003,1.5115,1.5115,1.5145,1.509,,0.05%
05/19/2003,1.5108,1.5273,1.5279,1.5102,,-0.22%
05/16/2003,1.5142,1.5082,1.5141,1.5044,,0.45%
05/15/2003,1.5074,1.5132,1.5145,1.5033,,-0.39%
05/14/2003,1.5133,1.5143,1.5173,1.5082,,-0.01%
05/13/2003,1.5135,1.5156,1.5181,1.5097,,-0.14%
05/12/2003,1.5156,1.5139,1.5188,1.509,,0.46%
05/09/2003,1.5087,1.5086,1.5159,1.5055,,0.12%
05/08/2003,1.5069,1.5039,1.5103,1.5014,,0.28%
05/07/2003,1.5027,1.5146,1.5168,1.5022,,-0.76%
05/06/2003,1.5142,1.5152,1.5179,1.5114,,-0.03%
05/05/2003,1.5146,1.5096,1.517,1.5081,,0.38%
05/02/2003,1.5088,1.5112,1.5132,1.508,,-0.04%
05/01/2003,1.5094,1.5148,1.518,1.5074,,-0.37%
04/30/2003,1.515,1.5086,1.5159,1.5075,,0.47%
04/29/2003,1.5079,1.5066,1.5094,1.5043,,0.13%
04/28/2003,1.506,1.5037,1.5084,1.501,,0.28%
04/25/2003,1.5018,1.5009,1.5041,1.4981,,0.06%
04/24/2003,1.5009,1.5072,1.5083,1.4985,,-0.37%
04/23/2003,1.5065,1.504,1.5087,1.5029,,0.17%
04/22/2003,1.504,1.5085,1.5099,1.5018,,-0.25%
04/21/2003,1.5078,1.5026,1.5103,1.5006,,0.33%
04/18/2003,1.5028,1.5028,1.5051,1.5004,,0.04%
04/17/2003,1.5022,1.496,1.5031,1.4946,,0.43%
04/16/2003,1.4957,1.5038,1.5061,1.495,,-0.48%
04/15/2003,1.5029,1.4969,1.5044,1.4958,,0.45%
04/14/2003,1.4962,1.4975,1.4994,1.4942,,-0.05%
04/11/2003,1.497,1.4968,1.4998,1.4946,,0.07%
04/10/2003,1.4959,1.4864,1.4963,1.4854,,0.67%
04/09/2003,1.4859,1.4857,1.4889,1.4843,,0.04%
04/08/2003,1.4853,1.4845,1.4872,1.4835,,0.11%
04/07/2003,1.4837,1.4873,1.4891,1.4839,,-0.19%
04/04/2003,1.4865,1.4832,1.4882,1.482,,0.22%
04/03/2003,1.4832,1.4853,1.4868,1.4811,,-0.10%
04/02/2003,1.4847,1.4773,1.4862,1.4765,,0.55%
04/01/2003,1.4766,1.4751,1.4781,1.4737,,0.16%
03/31/2003,1.4743,1.4771,1.4795,1.4736,,-0.11%
03/28/2003,1.4759,1.4783,1.4802,1.4742,,-0.12%
03/27/2003,1.4777,1.477,1.4815,1.476,,0.09%
03/26/2003,1.4763,1.4732,1.4772,1.4716,,0.22%
03/25/2003,1.473,1.4737,1.4752,1.4706,,0.01%
03/24/2003,1.4729,1.4842,1.4856,1.4718,,-0.20%
03/21/2003,1.4758,1.4729,1.4768,1.4713,,0.25%
03/20/2003,1.4721,1.4724,1.4771,1.4688,,-0.01%
03/19/2003,1.4723,1.471,1.4734,1.4689,,0.14%
03/18/2003,1.4702,1.468,1.4732,1.4661,,0.25%
03/17/2003,1.4666,1.4672,1.4704,1.4648,,-0.05%
03/14/2003,1.4673,1.4684,1.4701,1.4654,,0.03%
03/13/2003,1.4668,1.4686,1.472,1.465,,-0.10%
03/12/2003,1.4682,1.4672,1.4694,1.4655,,0.11%
03/11/2003,1.4666,1.4651,1.4689,1.4636,,0.16%
03/10/2003,1.4643,1.4697,1.4709,1.4638,,-0.37%
03/07/2003,1.4698,1.4642,1.4705,1.4622,,0.42%
03/06/2003,1.4637,1.4591,1.4657,1.457,,0.38%
03/05/2003,1.4581,1.4584,1.4612,1.4564,,0.02%
03/04/2003,1.4578,1.4574,1.4613,1.456,,0.08%
03/03/2003,1.4567,1.4613,1.4641,1.457,,-0.27%
02/28/2003,1.4606,1.4628,1.4649,1.4595,,-0.14%
02/27/2003,1.4626,1.4617,1.4657,1.4607,,0.11%
02/26/2003,1.461,1.4609,1.4643,1.4594,,0.03%
02/25/2003,1.4605,1.4638,1.4664,1.4584,,-0.17%
02/24/2003,1.463,1.4664,1.4714,1.4635,,-0.42%
02/21/2003,1.4692,1.4684,1.4702,1.4658,,0.10%
02/20/2003,1.4677,1.4701,1.4718,1.4669,,-0.12%
02/19/2003,1.4694,1.4712,1.4731,1.4691,,-0.09%
02/18/2003,1.4707,1.4716,1.4727,1.468,,0.00%
02/17/2003,1.4707,1.4671,1.4741,1.4667,,0.07%
02/14/2003,1.4696,1.468,1.472,1.4666,,0.13%
02/13/2003,1.4677,1.4688,1.4715,1.4667,,-0.05%
02/12/2003,1.4685,1.4676,1.4695,1.4655,,0.09%
02/11/2003,1.4672,1.4667,1.469,1.4647,,0.08%
02/10/2003,1.466,1.4666,1.468,1.4639,,0.01%
02/07/2003,1.4659,1.4672,1.4691,1.464,,0.00%
02/06/2003,1.4659,1.4671,1.4685,1.4631,,-0.02%
02/05/2003,1.4662,1.4658,1.4696,1.4634,,0.06%
02/04/2003,1.4653,1.4675,1.4697,1.4641,,-0.11%
02/03/2003,1.4669,1.47,1.4709,1.4594,,-0.10%
01/31/2003,1.4683,1.4676,1.4708,1.4659,,0.06%
01/30/2003,1.4674,1.4693,1.4714,1.4648,,-0.09%
01/29/2003,1.4687,1.4691,1.471,1.4656,,-0.03%
01/28/2003,1.4691,1.4682,1.471,1.4658,,0.08%
01/27/2003,1.4679,1.4661,1.4703,1.4648,,0.15%
01/24/2003,1.4657,1.4649,1.468,1.4619,,0.12%
01/23/2003,1.4639,1.4635,1.4655,1.4613,,0.08%
01/22/2003,1.4627,1.4616,1.4642,1.4602,,0.03%
01/21/2003,1.4622,1.4607,1.4628,1.4593,,0.14%
01/20/2003,1.4601,1.4564,1.463,1.4558,,0.03%
01/17/2003,1.4596,1.4595,1.4617,1.4572,,0.04%
01/16/2003,1.459,1.4611,1.4647,1.4588,,-0.10%
01/15/2003,1.4605,1.4632,1.4655,1.4607,,-0.13%
01/14/2003,1.4624,1.4614,1.464,1.4602,,0.14%
01/13/2003,1.4603,1.4596,1.4627,1.4586,,0.08%
01/10/2003,1.4592,1.4594,1.4629,1.4565,,0.01%
01/09/2003,1.459,1.4567,1.4611,1.4551,,0.20%
01/08/2003,1.4561,1.4578,1.4609,1.4537,,-0.08%
01/07/2003,1.4573,1.4573,1.4604,1.4551,,0.06%
01/06/2003,1.4564,1.4572,1.4591,1.4538,,-0.01%
01/03/2003,1.4565,1.4531,1.4578,1.4514,,0.26%
01/02/2003,1.4527,1.4499,1.455,1.4474,,0.19%
12/31/2002,1.4499,1.4537,1.4577,1.4494,,-0.24%
12/30/2002,1.4534,1.4528,1.4573,1.4509,,0.17%
12/27/2002,1.4509,1.4544,1.4577,1.4511,,-0.28%
12/26/2002,1.455,1.451,1.4553,1.4498,,0.30%
12/25/2002,1.4507,1.4514,1.4537,1.4432,,-0.01%
12/24/2002,1.4509,1.456,1.4577,1.4499,,-0.34%
12/23/2002,1.4558,1.4638,1.4643,1.4546,,-0.42%
12/20/2002,1.462,1.4622,1.4641,1.4599,,0.04%
12/19/2002,1.4614,1.4634,1.4654,1.4598,,-0.10%
12/18/2002,1.4628,1.467,1.4697,1.4624,,-0.25%
12/17/2002,1.4664,1.4756,1.476,1.4676,,-0.55%
12/16/2002,1.4745,1.4758,1.4788,1.4735,,-0.13%
12/13/2002,1.4764,1.4775,1.4805,1.4727,,0.00%
12/12/2002,1.4764,1.474,1.4787,1.4724,,0.20%
12/11/2002,1.4734,1.4732,1.4756,1.4713,,0.05%
12/10/2002,1.4726,1.4729,1.475,1.4716,,0.03%
12/09/2002,1.4722,1.4745,1.4755,1.4699,,0.08%
12/06/2002,1.471,1.4714,1.4748,1.4694,,0.02%
12/05/2002,1.4707,1.4729,1.4753,1.4703,,-0.09%
12/04/2002,1.472,1.4723,1.4741,1.4692,,0.05%
12/03/2002,1.4712,1.4722,1.4747,1.47,,-0.01%
12/02/2002,1.4714,1.474,1.4792,1.4718,,-0.21%
11/29/2002,1.4745,1.4756,1.4783,1.4732,,-0.02%
11/28/2002,1.4748,1.4749,1.4768,1.4724,,0.02%
11/27/2002,1.4745,1.474,1.4769,1.4712,,0.07%
11/26/2002,1.4734,1.4737,1.4758,1.4714,,0.03%
11/25/2002,1.4729,1.472,1.4766,1.4697,,0.03%
11/22/2002,1.4724,1.47,1.4741,1.4677,,0.22%
11/21/2002,1.4692,1.4682,1.4708,1.4653,,0.07%
11/20/2002,1.4682,1.4683,1.4697,1.4658,,0.08%
11/19/2002,1.467,1.4673,1.4699,1.4656,,0.02%
11/18/2002,1.4667,1.4657,1.4697,1.4644,,0.12%
11/15/2002,1.4649,1.4654,1.468,1.4641,,0.00%
11/14/2002,1.4649,1.4671,1.4678,1.4638,,-0.06%
11/13/2002,1.4658,1.4621,1.4673,1.4608,,0.34%
11/12/2002,1.4608,1.4636,1.4646,1.46,,-0.14%
11/11/2002,1.4628,1.4616,1.465,1.4602,,0.10%
11/08/2002,1.4613,1.4636,1.4657,1.4607,,-0.10%
11/07/2002,1.4628,1.4629,1.4664,1.46,,0.04%
11/06/2002,1.4622,1.4628,1.4653,1.4606,,0.00%
11/05/2002,1.4622,1.4628,1.465,1.4587,,0.01%
11/04/2002,1.4621,1.462,1.4651,1.4608,,0.09%
11/01/2002,1.4608,1.4631,1.4647,1.4571,,-0.12%
10/31/2002,1.4625,1.4649,1.4681,1.4613,,-0.10%
10/30/2002,1.4639,1.4657,1.4665,1.4624,,-0.05%
10/29/2002,1.4647,1.4652,1.4675,1.4623,,-0.02%
10/28/2002,1.465,1.4659,1.4708,1.4637,,-0.07%
10/25/2002,1.466,1.4675,1.4689,1.4638,,-0.07%
10/24/2002,1.4671,1.4675,1.4691,1.4643,,0.08%
10/23/2002,1.4659,1.4684,1.4698,1.4651,,-0.17%
10/22/2002,1.4684,1.4711,1.4726,1.4669,,-0.13%
10/21/2002,1.4703,1.4705,1.4718,1.467,,0.07%
10/18/2002,1.4692,1.4686,1.4711,1.4664,,0.16%
10/17/2002,1.4669,1.4667,1.4709,1.4648,,0.08%
10/16/2002,1.4658,1.4667,1.4708,1.4645,,-0.02%
10/15/2002,1.4661,1.4621,1.4686,1.4614,,0.31%
10/14/2002,1.4616,1.4635,1.4646,1.46,,-0.08%
10/11/2002,1.4627,1.4642,1.4667,1.4618,,-0.05%
10/10/2002,1.4635,1.4643,1.4655,1.4605,,0.05%
10/09/2002,1.4628,1.4667,1.4686,1.4633,,-0.18%
10/08/2002,1.4655,1.4615,1.4691,1.4612,,0.23%
10/07/2002,1.4621,1.4602,1.4638,1.4586,,0.20%
10/04/2002,1.4592,1.4602,1.4643,1.4578,,-0.08%
10/03/2002,1.4603,1.4583,1.4625,1.457,,0.19%
10/02/2002,1.4575,1.463,1.4645,1.4573,,-0.28%
10/01/2002,1.4616,1.4575,1.4615,1.4544,,0.39%
09/30/2002,1.4559,1.4678,1.4682,1.4539,,-0.65%
09/27/2002,1.4654,1.4678,1.469,1.465,,-0.13%
09/26/2002,1.4673,1.463,1.4694,1.4611,,0.29%
09/25/2002,1.4631,1.464,1.4667,1.4608,,-0.02%
09/24/2002,1.4634,1.4645,1.4665,1.4609,,-0.01%
09/23/2002,1.4635,1.464,1.466,1.4614,,-0.14%
09/20/2002,1.4655,1.4625,1.4672,1.4608,,0.19%
09/19/2002,1.4627,1.4699,1.4706,1.462,,-0.50%
09/18/2002,1.47,1.4696,1.4725,1.4621,,0.10%
09/17/2002,1.4685,1.4684,1.4751,1.4659,,0.03%
09/16/2002,1.468,1.465,1.4703,1.463,,0.16%
09/13/2002,1.4656,1.4684,1.4707,1.4626,,-0.13%
09/12/2002,1.4675,1.4655,1.4704,1.4625,,0.16%
09/11/2002,1.4652,1.4599,1.4716,1.4584,,0.38%
09/10/2002,1.4596,1.4589,1.4621,1.4584,,0.11%
09/09/2002,1.458,1.4568,1.4612,1.4554,,0.17%
09/06/2002,1.4555,1.4585,1.4621,1.4555,,-0.12%
09/05/2002,1.4572,1.4646,1.4649,1.4575,,-0.34%
09/04/2002,1.4621,1.466,1.4671,1.461,,-0.26%
09/03/2002,1.4659,1.4703,1.4736,1.4654,,-0.37%
09/02/2002,1.4713,1.4669,1.4737,1.4661,,-0.01%
08/30/2002,1.4715,1.4706,1.4732,1.4674,,0.09%
08/29/2002,1.4702,1.4701,1.4721,1.467,,0.05%
08/28/2002,1.4694,1.4664,1.4729,1.4653,,0.23%
08/27/2002,1.4661,1.471,1.4744,1.4659,,-0.30%
08/26/2002,1.4705,1.4711,1.4744,1.4684,,0.01%
08/23/2002,1.4703,1.4726,1.4748,1.4697,,-0.14%
08/22/2002,1.4724,1.468,1.4742,1.4661,,0.28%
08/21/2002,1.4683,1.4679,1.4718,1.4661,,0.12%
08/20/2002,1.4666,1.4684,1.4714,1.4652,,-0.01%
08/19/2002,1.4668,1.4651,1.4697,1.4633,,0.16%
08/16/2002,1.4644,1.4631,1.4678,1.4603,,0.17%
08/15/2002,1.4619,1.4596,1.4659,1.4572,,0.09%
08/14/2002,1.4606,1.4622,1.4648,1.4574,,-0.04%
08/13/2002,1.4612,1.4624,1.4661,1.4603,,-0.03%
08/12/2002,1.4616,1.4579,1.464,1.4562,,0.34%
08/09/2002,1.4566,1.4631,1.4673,1.4569,,-0.40%
08/08/2002,1.4624,1.4572,1.464,1.4556,,0.40%
08/07/2002,1.4566,1.4577,1.461,1.4558,,-0.03%
08/06/2002,1.4571,1.4535,1.4591,1.4503,,0.31%
08/05/2002,1.4526,1.449,1.4561,1.4453,,0.34%
08/02/2002,1.4477,1.4494,1.4538,1.4465,,-0.08%
08/01/2002,1.4488,1.4516,1.4533,1.4464,,-0.14%
07/31/2002,1.4509,1.4575,1.4586,1.4509,,-0.30%
07/30/2002,1.4553,1.4583,1.4603,1.4544,,-0.18%
07/29/2002,1.4579,1.4465,1.4583,1.4457,,0.92%
07/26/2002,1.4446,1.4453,1.4522,1.4429,,-0.05%
07/25/2002,1.4453,1.451,1.4526,1.4462,,-0.36%
07/24/2002,1.4505,1.4528,1.4576,1.4433,,-0.09%
07/23/2002,1.4518,1.4541,1.4582,1.4505,,-0.17%
07/22/2002,1.4542,1.4595,1.4607,1.4517,,-0.25%
07/19/2002,1.4579,1.4647,1.4675,1.4581,,-0.43%
07/18/2002,1.4642,1.4655,1.4667,1.4623,,-0.06%
07/17/2002,1.4651,1.4666,1.4691,1.4625,,-0.03%
07/16/2002,1.4656,1.4673,1.4699,1.4647,,-0.02%
07/15/2002,1.4659,1.4705,1.4737,1.4654,,-0.17%
07/12/2002,1.4684,1.4661,1.4703,1.4645,,0.19%
07/11/2002,1.4656,1.47,1.4716,1.4654,,-0.25%
07/10/2002,1.4692,1.4721,1.4756,1.4695,,-0.13%
07/09/2002,1.4711,1.4708,1.4743,1.4675,,0.09%
07/08/2002,1.4698,1.4688,1.4733,1.4661,,0.43%
07/05/2002,1.4635,1.4646,1.4684,1.4626,,-0.03%
07/04/2002,1.4639,1.4639,1.4666,1.4623,,0.12%
07/03/2002,1.4622,1.4664,1.4675,1.4609,,-0.26%
07/02/2002,1.466,1.47,1.4713,1.4641,,-0.20%
07/01/2002,1.4689,1.4689,1.4724,1.4673,,0.10%
06/28/2002,1.4674,1.4701,1.4752,1.4649,,-0.12%
06/27/2002,1.4691,1.4681,1.4736,1.4665,,0.06%
06/26/2002,1.4682,1.4675,1.4753,1.4642,,0.10%
06/25/2002,1.4667,1.4673,1.4701,1.4653,,-0.02%
06/24/2002,1.467,1.4669,1.471,1.4632,,0.08%
06/21/2002,1.4659,1.4705,1.4723,1.4657,,-0.24%
06/20/2002,1.4694,1.4706,1.4734,1.4678,,-0.02%
06/19/2002,1.4697,1.476,1.479,1.47,,-0.36%
06/18/2002,1.475,1.4753,1.4777,1.4739,,-0.03%
06/17/2002,1.4754,1.4734,1.4781,1.4727,,0.01%
06/14/2002,1.4752,1.474,1.4784,1.4726,,0.12%
06/13/2002,1.4735,1.4772,1.4789,1.4741,,-0.19%
06/12/2002,1.4763,1.4751,1.4791,1.4733,,0.14%
06/11/2002,1.4743,1.4726,1.4775,1.4701,,0.19%
06/10/2002,1.4715,1.4696,1.4761,1.4671,,0.16%
06/07/2002,1.4691,1.474,1.4762,1.4676,,-0.30%
06/06/2002,1.4735,1.4703,1.4776,1.4675,,0.26%
06/05/2002,1.4697,1.4702,1.4732,1.4685,,-0.01%
06/04/2002,1.4698,1.4694,1.473,1.4656,,-0.12%
06/03/2002,1.4716,1.4644,1.4711,1.463,,0.44%
05/31/2002,1.4652,1.4637,1.4675,1.4612,,0.14%
05/30/2002,1.4632,1.4652,1.4703,1.4619,,-0.08%
05/29/2002,1.4644,1.4619,1.4689,1.4601,,0.32%
05/28/2002,1.4598,1.4575,1.464,1.4551,,0.30%
05/27/2002,1.4555,1.4579,1.4609,1.4547,,-0.04%
05/24/2002,1.4561,1.4543,1.46,1.4528,,0.20%
05/23/2002,1.4532,1.4526,1.4562,1.4512,,0.21%
05/22/2002,1.4502,1.4509,1.4547,1.448,,-0.03%
05/21/2002,1.4507,1.4521,1.4551,1.4498,,-0.09%
05/20/2002,1.452,1.4551,1.4559,1.4512,,-0.14%
05/17/2002,1.4541,1.457,1.4587,1.4536,,-0.12%
05/16/2002,1.4558,1.4571,1.4602,1.4539,,-0.17%
05/15/2002,1.4583,1.4572,1.4589,1.454,,0.12%
05/14/2002,1.4565,1.4549,1.4588,1.4529,,0.18%
05/13/2002,1.4539,1.4545,1.4569,1.4521,,0.03%
05/10/2002,1.4535,1.4528,1.456,1.4522,,0.07%
05/09/2002,1.4525,1.4556,1.4567,1.4516,,-0.16%
05/08/2002,1.4549,1.4535,1.4575,1.4522,,0.13%
05/07/2002,1.453,1.4551,1.4601,1.4529,,-0.12%
05/06/2002,1.4547,1.4536,1.4584,1.4535,,0.03%
05/03/2002,1.4542,1.4534,1.4583,1.452,,0.12%
05/02/2002,1.4525,1.4534,1.4586,1.4514,,-0.03%
05/01/2002,1.453,1.456,1.4579,1.4494,,-0.15%
04/30/2002,1.4552,1.463,1.4657,1.4566,,-0.55%
04/29/2002,1.4632,1.4848,1.4876,1.4615,,-0.12%
04/26/2002,1.465,1.4629,1.4678,1.4617,,0.17%
04/25/2002,1.4625,1.4668,1.4679,1.4619,,-0.20%
04/24/2002,1.4655,1.4666,1.4684,1.4642,,-0.02%
04/23/2002,1.4658,1.4691,1.4703,1.4655,,-0.15%
04/22/2002,1.468,1.4651,1.4697,1.4633,,0.14%
04/19/2002,1.466,1.4673,1.4701,1.4652,,-0.07%
04/18/2002,1.467,1.4701,1.4715,1.4636,,-0.24%
04/17/2002,1.4705,1.4684,1.4729,1.4676,,0.16%
04/16/2002,1.4682,1.4675,1.4722,1.4661,,0.12%
04/15/2002,1.4665,1.466,1.4704,1.4646,,0.06%
04/12/2002,1.4656,1.4651,1.468,1.4638,,0.12%
04/11/2002,1.4639,1.4692,1.4706,1.4641,,-0.31%
04/10/2002,1.4685,1.4675,1.4702,1.4653,,0.09%
04/09/2002,1.4672,1.466,1.4691,1.4642,,0.14%
04/08/2002,1.4651,1.4649,1.4668,1.4624,,0.08%
04/05/2002,1.4639,1.4631,1.4683,1.4615,,0.21%
04/04/2002,1.4608,1.4617,1.4649,1.4602,,0.05%
04/03/2002,1.4601,1.4626,1.4651,1.4603,,-0.15%
04/02/2002,1.4623,1.4633,1.4651,1.4611,,0.01%
04/01/2002,1.4622,1.4653,1.4695,1.4604,,-0.23%
03/29/2002,1.4656,1.4667,1.4685,1.4631,,0.01%
03/28/2002,1.4655,1.4651,1.469,1.4632,,0.06%
03/27/2002,1.4646,1.463,1.468,1.4608,,0.16%
03/26/2002,1.4622,1.4613,1.4658,1.4574,,0.10%
03/25/2002,1.4608,1.4611,1.4635,1.4592,,-0.01%
03/22/2002,1.4609,1.4625,1.4647,1.4577,,-0.03%
03/21/2002,1.4614,1.4645,1.4668,1.4613,,-0.16%
03/20/2002,1.4637,1.4638,1.4674,1.4621,,0.05%
03/19/2002,1.463,1.4637,1.4692,1.4623,,-0.01%
03/18/2002,1.4632,1.4622,1.4655,1.4608,,0.11%
03/15/2002,1.4616,1.4603,1.465,1.4597,,0.08%
03/14/2002,1.4605,1.4676,1.4697,1.4601,,-0.43%
03/13/2002,1.4668,1.4695,1.4712,1.4669,,-0.12%
03/12/2002,1.4685,1.4699,1.4716,1.4659,,-0.07%
03/11/2002,1.4696,1.4733,1.4755,1.4693,,-0.25%
03/08/2002,1.4733,1.472,1.4758,1.4691,,0.11%
03/07/2002,1.4717,1.4745,1.4777,1.468,,-0.14%
03/06/2002,1.4738,1.4771,1.4791,1.4737,,-0.18%
03/05/2002,1.4765,1.4777,1.4794,1.4748,,0.02%
03/04/2002,1.4762,1.476,1.4817,1.4751,,-0.05%
03/01/2002,1.477,1.4748,1.4779,1.4732,,0.21%
02/28/2002,1.4739,1.4761,1.4786,1.473,,-0.09%
02/27/2002,1.4752,1.4758,1.48,1.4739,,-0.02%
02/26/2002,1.4755,1.4766,1.4796,1.4734,,0.05%
02/25/2002,1.4748,1.4796,1.4831,1.4746,,-0.28%
02/22/2002,1.479,1.4797,1.4827,1.4771,,0.01%
02/21/2002,1.4788,1.4793,1.4816,1.4774,,0.02%
02/20/2002,1.4785,1.4794,1.4823,1.4772,,0.01%
02/19/2002,1.4783,1.48,1.4817,1.4776,,-0.07%
02/18/2002,1.4794,1.4827,1.4847,1.4788,,-0.12%
02/15/2002,1.4812,1.4834,1.4853,1.4803,,-0.07%
02/14/2002,1.4822,1.481,1.4851,1.479,,0.11%
02/13/2002,1.4806,1.4791,1.4834,1.476,,0.22%
02/12/2002,1.4773,1.4769,1.4798,1.4747,,0.09%
02/11/2002,1.476,1.4736,1.4809,1.4733,,0.09%
02/08/2002,1.4747,1.472,1.476,1.4705,,0.28%
02/07/2002,1.4706,1.4718,1.4746,1.4696,,0.01%
02/06/2002,1.4704,1.4726,1.4751,1.4694,,-0.12%
02/05/2002,1.4721,1.4776,1.4783,1.4692,,-0.33%
02/04/2002,1.477,1.4782,1.4821,1.4756,,-0.04%
02/01/2002,1.4776,1.4769,1.4807,1.4746,,0.13%
01/31/2002,1.4757,1.4731,1.4781,1.4711,,0.23%
01/30/2002,1.4723,1.4708,1.4745,1.4675,,0.15%
01/29/2002,1.4701,1.4712,1.4738,1.4687,,-0.06%
01/28/2002,1.471,1.4736,1.4764,1.4706,,-0.24%
01/25/2002,1.4745,1.4702,1.4749,1.4645,,0.27%
01/24/2002,1.4705,1.4682,1.4725,1.4645,,0.29%
01/23/2002,1.4663,1.4722,1.4756,1.468,,-0.35%
01/22/2002,1.4715,1.468,1.4724,1.4656,,0.27%
01/21/2002,1.4675,1.4683,1.472,1.4669,,-0.10%
01/18/2002,1.469,1.4685,1.4718,1.4677,,0.11%
01/17/2002,1.4674,1.4645,1.4702,1.4634,,0.24%
01/16/2002,1.4639,1.4765,1.4773,1.465,,-0.83%
01/15/2002,1.4761,1.4808,1.4819,1.477,,-0.28%
01/14/2002,1.4802,1.4798,1.4821,1.477,,0.20%
01/11/2002,1.4773,1.4808,1.4842,1.476,,-0.20%
01/10/2002,1.4802,1.4798,1.485,1.4757,,0.09%
01/09/2002,1.4788,1.4789,1.4809,1.4739,,0.03%
01/08/2002,1.4784,1.4733,1.4788,1.4679,,0.37%
01/07/2002,1.4729,1.478,1.4815,1.4701,,-0.35%
01/04/2002,1.478,1.484,1.4852,1.4754,,-0.36%
01/03/2002,1.4834,1.4859,1.4884,1.4815,,-0.09%
01/02/2002,1.4848,1.4787,1.4868,1.4768,,0.50%
12/31/2001,1.4774,1.4789,1.4836,1.4757,,-0.18%
12/28/2001,1.48,1.4828,1.484,1.4779,,-0.20%
12/27/2001,1.4829,1.4871,1.4899,1.4778,,-0.24%
12/26/2001,1.4865,1.4814,1.487,1.4782,,0.38%
12/25/2001,1.4808,1.4857,1.4903,1.4793,,-0.29%
12/24/2001,1.4851,1.4678,1.4875,1.4625,,1.16%
12/21/2001,1.4681,1.4681,1.4709,1.4593,,0.11%
12/20/2001,1.4665,1.4751,1.4768,1.4651,,-0.52%
12/19/2001,1.4742,1.4753,1.479,1.4723,,-0.02%
12/18/2001,1.4745,1.4741,1.4774,1.4724,,0.05%
12/17/2001,1.4737,1.4723,1.4787,1.469,,0.15%
12/14/2001,1.4715,1.475,1.4777,1.4715,,-0.18%
12/13/2001,1.4742,1.4751,1.4777,1.4712,,-0.03%
12/12/2001,1.4746,1.4762,1.4797,1.4726,,-0.01%
12/11/2001,1.4747,1.4814,1.4828,1.4752,,-0.39%
12/10/2001,1.4804,1.4775,1.483,1.4756,,0.37%
12/07/2001,1.475,1.4743,1.481,1.4723,,0.10%
12/06/2001,1.4736,1.4738,1.4764,1.4715,,0.10%
12/05/2001,1.4722,1.4716,1.4764,1.4702,,0.10%
12/04/2001,1.4708,1.4754,1.4764,1.4709,,-0.22%
12/03/2001,1.474,1.4718,1.4767,1.4694,,0.24%
11/30/2001,1.4705,1.4697,1.4762,1.4676,,0.13%
11/29/2001,1.4686,1.4622,1.4708,1.4599,,0.51%
11/28/2001,1.4611,1.4631,1.4649,1.4527,,-0.08%
11/27/2001,1.4622,1.4647,1.4678,1.4612,,-0.14%
11/26/2001,1.4642,1.4622,1.4673,1.4615,,0.10%
11/23/2001,1.4628,1.4589,1.465,1.4578,,0.32%
11/22/2001,1.4582,1.4533,1.4621,1.4514,,0.39%
11/21/2001,1.4525,1.4563,1.4592,1.453,,-0.21%
11/20/2001,1.4555,1.4592,1.4612,1.4543,,-0.19%
11/19/2001,1.4583,1.4657,1.468,1.4582,,-0.42%
11/16/2001,1.4644,1.4653,1.4699,1.463,,-0.03%
11/15/2001,1.4648,1.469,1.4737,1.4649,,-0.25%
11/14/2001,1.4684,1.4715,1.4744,1.4674,,-0.16%
11/13/2001,1.4708,1.4638,1.4732,1.4633,,0.51%
11/12/2001,1.4634,1.4652,1.4721,1.4573,,-0.08%
11/09/2001,1.4646,1.4642,1.4703,1.463,,0.04%
11/08/2001,1.464,1.4688,1.4715,1.4637,,-0.31%
11/07/2001,1.4685,1.4729,1.4767,1.4674,,-0.24%
11/06/2001,1.4721,1.4719,1.4749,1.4698,,0.05%
11/05/2001,1.4714,1.4715,1.4747,1.4696,,0.01%
11/02/2001,1.4713,1.4718,1.4767,1.4697,,-0.03%
11/01/2001,1.4717,1.4709,1.4753,1.4689,,0.08%
10/31/2001,1.4705,1.4695,1.4729,1.4657,,0.09%
10/30/2001,1.4692,1.4732,1.4751,1.4678,,-0.22%
10/29/2001,1.4725,1.4739,1.4773,1.4708,,-0.12%
10/26/2001,1.4743,1.4758,1.4781,1.4724,,-0.07%
10/25/2001,1.4754,1.4805,1.4816,1.4746,,-0.31%
10/24/2001,1.48,1.4788,1.4826,1.4758,,0.13%
10/23/2001,1.4781,1.4791,1.4835,1.4772,,-0.10%
10/22/2001,1.4796,1.4764,1.4823,1.4744,,0.24%
10/19/2001,1.476,1.4792,1.4802,1.4728,,-0.11%
10/18/2001,1.4776,1.481,1.4821,1.4763,,-0.18%
10/17/2001,1.4802,1.4853,1.4882,1.4794,,-0.27%
10/16/2001,1.4842,1.4779,1.4869,1.4745,,0.41%
10/15/2001,1.4782,1.4827,1.484,1.4766,,-0.22%
10/12/2001,1.4814,1.4849,1.4861,1.479,,-0.16%
10/11/2001,1.4837,1.4828,1.4878,1.4813,,0.05%
10/10/2001,1.4829,1.484,1.4862,1.4806,,-0.05%
10/09/2001,1.4836,1.4797,1.485,1.477,,0.19%
10/08/2001,1.4808,1.4844,1.4854,1.475,,-0.23%
10/05/2001,1.4842,1.4877,1.4927,1.4823,,-0.17%
10/04/2001,1.4867,1.4838,1.4893,1.481,,0.24%
10/03/2001,1.4832,1.4877,1.4899,1.4797,,-0.32%
10/02/2001,1.4879,1.4833,1.4875,1.4771,,0.34%
10/01/2001,1.4828,1.4774,1.4853,1.4754,,0.43%
09/28/2001,1.4764,1.4804,1.4837,1.4697,,-0.28%
09/27/2001,1.4805,1.476,1.4838,1.4724,,0.30%
09/26/2001,1.476,1.4663,1.4804,1.4636,,0.73%
09/25/2001,1.4653,1.465,1.4686,1.4558,,0.07%
09/24/2001,1.4643,1.4444,1.4658,1.4431,,1.39%
09/21/2001,1.4442,1.4705,1.473,1.4393,,-1.78%
09/20/2001,1.4704,1.4789,1.4809,1.4705,,-0.48%
09/19/2001,1.4775,1.4811,1.4857,1.4755,,-0.20%
09/18/2001,1.4805,1.4843,1.4904,1.4762,,-0.22%
09/17/2001,1.4837,1.4974,1.5021,1.4821,,-0.63%
09/14/2001,1.4931,1.5018,1.5046,1.4933,,-0.51%
09/13/2001,1.5008,1.5047,1.5129,1.4995,,-0.21%
09/12/2001,1.5039,1.5027,1.515,1.4907,,0.30%
09/11/2001,1.4994,1.5166,1.5223,1.5076,,-1.07%
09/10/2001,1.5156,1.5119,1.5183,1.5114,,-0.12%
09/07/2001,1.5174,1.5117,1.5183,1.4948,,0.40%
09/06/2001,1.5113,1.5118,1.515,1.5089,,0.03%
09/05/2001,1.5108,1.5137,1.5148,1.5084,,-0.18%
09/04/2001,1.5136,1.5164,1.5176,1.5118,,-0.08%
09/03/2001,1.5148,1.5112,1.5181,1.5099,,-0.04%
08/31/2001,1.5154,1.5152,1.5189,1.513,,0.05%
08/30/2001,1.5147,1.5175,1.5211,1.5128,,-0.18%
08/29/2001,1.5175,1.5177,1.5196,1.5144,,0.05%
08/28/2001,1.5167,1.5194,1.5209,1.5144,,-0.16%
08/27/2001,1.5191,1.5213,1.5237,1.5182,,-0.22%
08/24/2001,1.5225,1.5198,1.5226,1.5172,,0.20%
08/23/2001,1.5195,1.5202,1.5215,1.5176,,-0.07%
08/22/2001,1.5206,1.5183,1.5235,1.5164,,0.21%
08/21/2001,1.5174,1.5184,1.5196,1.5141,,-0.06%
08/20/2001,1.5183,1.5197,1.5216,1.5154,,-0.15%
08/17/2001,1.5206,1.5198,1.5213,1.5156,,0.12%
08/16/2001,1.5188,1.5188,1.525,1.5159,,0.05%
08/15/2001,1.518,1.5157,1.5227,1.512,,0.12%
08/14/2001,1.5162,1.5174,1.5202,1.5139,,-0.07%
08/13/2001,1.5172,1.5131,1.5187,1.5114,,0.28%
08/10/2001,1.5129,1.5072,1.5141,1.5049,,0.48%
08/09/2001,1.5057,1.5051,1.5093,1.503,,0.09%
08/08/2001,1.5043,1.5078,1.5082,1.5021,,-0.17%
08/07/2001,1.5068,1.5073,1.5099,1.5037,,-0.01%
08/06/2001,1.5069,1.5084,1.5094,1.504,,-0.13%
08/03/2001,1.5088,1.5103,1.5126,1.5055,,-0.04%
08/02/2001,1.5094,1.5099,1.512,1.5073,,0.05%
08/01/2001,1.5087,1.5125,1.5158,1.5071,,-0.22%
07/31/2001,1.5121,1.5101,1.5135,1.5087,,0.17%
07/30/2001,1.5096,1.5097,1.5126,1.506,,0.05%
07/27/2001,1.5089,1.5097,1.512,1.5055,,-0.05%
07/26/2001,1.5096,1.5095,1.5126,1.5079,,0.05%
07/25/2001,1.5088,1.5061,1.5111,1.5033,,0.26%
07/24/2001,1.5049,1.5068,1.5087,1.5045,,-0.07%
07/23/2001,1.506,1.5027,1.5086,1.5017,,0.19%
07/20/2001,1.5032,1.5063,1.5099,1.5025,,-0.13%
07/19/2001,1.5051,1.5051,1.5096,1.5021,,0.09%
07/18/2001,1.5038,1.5071,1.5089,1.5004,,-0.19%
07/17/2001,1.5067,1.5113,1.5153,1.5075,,-0.30%
07/16/2001,1.5112,1.5117,1.5183,1.5106,,-0.06%
07/13/2001,1.5121,1.5118,1.5152,1.5088,,0.10%
07/12/2001,1.5106,1.5178,1.52,1.5095,,-0.45%
07/11/2001,1.5175,1.5209,1.5229,1.5131,,-0.13%
07/10/2001,1.5195,1.525,1.5286,1.52,,-0.35%
07/09/2001,1.5248,1.5213,1.526,1.5175,,0.39%
07/06/2001,1.5189,1.5223,1.528,1.5171,,-0.28%
07/05/2001,1.5232,1.5238,1.5259,1.5177,,0.03%
07/04/2001,1.5228,1.5229,1.5279,1.5178,,0.02%
07/03/2001,1.5225,1.5218,1.5266,1.5196,,0.10%
07/02/2001,1.521,1.5259,1.5271,1.5186,,-0.20%
06/29/2001,1.5241,1.5199,1.5261,1.5178,,0.34%
06/28/2001,1.5189,1.5172,1.5236,1.5159,,0.16%
06/27/2001,1.5164,1.5236,1.5255,1.517,,-0.46%
06/26/2001,1.5234,1.5196,1.5244,1.5188,,0.31%
06/25/2001,1.5187,1.5197,1.5228,1.5168,,-0.02%
06/22/2001,1.519,1.5193,1.521,1.5155,,0.07%
06/21/2001,1.518,1.5257,1.5292,1.5186,,-0.38%
06/20/2001,1.5238,1.5279,1.5292,1.5224,,-0.24%
06/19/2001,1.5275,1.5307,1.5324,1.5264,,-0.14%
06/18/2001,1.5296,1.5343,1.5345,1.5269,,-0.08%
06/15/2001,1.5309,1.5287,1.5322,1.5232,,0.24%
06/14/2001,1.5272,1.5295,1.5305,1.523,,-0.04%
06/13/2001,1.5278,1.5259,1.5297,1.523,,0.16%
06/12/2001,1.5254,1.5218,1.5261,1.5188,,0.30%
06/11/2001,1.5209,1.5235,1.5264,1.5174,,-0.24%
06/08/2001,1.5246,1.524,1.5264,1.5201,,0.12%
06/07/2001,1.5227,1.5196,1.5265,1.5181,,0.20%
06/06/2001,1.5196,1.5176,1.5214,1.5145,,0.18%
06/05/2001,1.5169,1.518,1.5202,1.5119,,-0.02%
06/04/2001,1.5172,1.5196,1.5238,1.5162,,-0.23%
06/01/2001,1.5207,1.5196,1.5234,1.5179,,0.13%
05/31/2001,1.5187,1.5231,1.5264,1.5184,,-0.26%
05/30/2001,1.5227,1.5234,1.5276,1.5226,,-0.10%
05/29/2001,1.5242,1.5287,1.5296,1.5227,,-0.23%
05/28/2001,1.5277,1.5263,1.5303,1.5248,,0.07%
05/25/2001,1.5267,1.5234,1.5289,1.5227,,0.28%
05/24/2001,1.5225,1.5251,1.5338,1.5189,,-0.10%
05/23/2001,1.524,1.5297,1.5304,1.5229,,-0.29%
05/22/2001,1.5285,1.5329,1.5356,1.5268,,-0.25%
05/21/2001,1.5323,1.5334,1.5356,1.5303,,-0.23%
05/18/2001,1.5359,1.5349,1.5365,1.5324,,0.12%
05/17/2001,1.5341,1.5326,1.5364,1.5307,,0.17%
05/16/2001,1.5315,1.5322,1.5352,1.5286,,0.03%
05/15/2001,1.531,1.5312,1.5339,1.5294,,0.05%
05/14/2001,1.5302,1.5341,1.5353,1.5301,,-0.12%
05/11/2001,1.5321,1.5362,1.5392,1.5321,,-0.23%
05/10/2001,1.5356,1.5417,1.5488,1.5343,,-0.31%
05/09/2001,1.5404,1.5422,1.5428,1.5369,,-0.05%
05/08/2001,1.5411,1.5421,1.5437,1.5397,,0.03%
05/07/2001,1.5406,1.544,1.5461,1.5411,,-0.12%
05/04/2001,1.5424,1.5414,1.5499,1.5406,,0.08%
05/03/2001,1.5411,1.5435,1.5479,1.5397,,-0.08%
05/02/2001,1.5424,1.5418,1.5455,1.5398,,0.10%
05/01/2001,1.5408,1.5392,1.5435,1.5367,,0.10%
04/30/2001,1.5393,1.5397,1.5404,1.5349,,0.01%
04/27/2001,1.5391,1.5391,1.5406,1.531,,0.08%
04/26/2001,1.5378,1.5318,1.5393,1.5303,,0.42%
04/25/2001,1.5313,1.5324,1.535,1.5294,,-0.06%
04/24/2001,1.5322,1.5299,1.534,1.5255,,0.30%
04/23/2001,1.5276,1.5297,1.5337,1.5282,,-0.12%
04/20/2001,1.5294,1.5298,1.5343,1.5274,,0.08%
04/19/2001,1.5282,1.5306,1.5347,1.5263,,-0.01%
04/18/2001,1.5283,1.5272,1.5361,1.524,,0.10%
04/17/2001,1.5268,1.5234,1.5291,1.5196,,0.27%
04/16/2001,1.5227,1.5228,1.5246,1.5186,,0.11%
04/13/2001,1.5211,1.5234,1.5248,1.5201,,-0.03%
04/12/2001,1.5216,1.5195,1.5302,1.5103,,0.19%
04/11/2001,1.5187,1.5269,1.5286,1.5172,,-0.45%
04/10/2001,1.5255,1.5285,1.5298,1.5235,,-0.12%
04/09/2001,1.5273,1.5282,1.5321,1.5261,,-0.12%
04/06/2001,1.5291,1.5274,1.5341,1.5254,,0.13%
04/05/2001,1.5271,1.5286,1.5323,1.5255,,-0.05%
04/04/2001,1.5279,1.528,1.5303,1.5224,,0.00%
04/03/2001,1.5279,1.5274,1.5305,1.5255,,0.10%
04/02/2001,1.5264,1.5243,1.5298,1.5231,,-0.10%
03/30/2001,1.5279,1.5253,1.5303,1.5174,,0.24%
03/29/2001,1.5243,1.53,1.533,1.5197,,-0.30%
03/28/2001,1.5289,1.5349,1.5355,1.5286,,-0.32%
03/27/2001,1.5338,1.536,1.5384,1.528,,-0.08%
03/26/2001,1.5351,1.5337,1.5374,1.5287,,0.28%
03/23/2001,1.5308,1.5316,1.5355,1.5292,,0.01%
03/22/2001,1.5306,1.5339,1.5354,1.5217,,-0.07%
03/21/2001,1.5317,1.5353,1.5383,1.5309,,-0.14%
03/20/2001,1.5338,1.5333,1.5385,1.5307,,0.07%
03/19/2001,1.5327,1.5344,1.5368,1.5307,,-0.08%
03/16/2001,1.534,1.5379,1.5408,1.5306,,-0.28%
03/15/2001,1.5383,1.54,1.5442,1.5335,,-0.03%
03/14/2001,1.5387,1.5396,1.5414,1.5334,,0.01%
03/13/2001,1.5386,1.5389,1.5423,1.5353,,0.01%
03/12/2001,1.5385,1.5405,1.544,1.5378,,-0.18%
03/09/2001,1.5413,1.5391,1.5454,1.5368,,0.08%
03/08/2001,1.54,1.5404,1.542,1.5373,,0.03%
03/07/2001,1.5395,1.5404,1.542,1.5357,,0.03%
03/06/2001,1.539,1.5352,1.5406,1.5327,,0.26%
03/05/2001,1.535,1.5422,1.5425,1.5342,,-0.23%
03/02/2001,1.5385,1.5369,1.5459,1.5337,,0.27%
03/01/2001,1.5344,1.5419,1.5471,1.5359,,-0.42%
02/28/2001,1.5409,1.5402,1.5442,1.5357,,0.22%
02/27/2001,1.5375,1.5368,1.5398,1.533,,0.13%
02/26/2001,1.5355,1.5376,1.5387,1.5325,,0.01%
02/23/2001,1.5354,1.5319,1.5381,1.5301,,0.31%
02/22/2001,1.5306,1.5335,1.5416,1.5258,,-0.14%
02/21/2001,1.5328,1.5362,1.5422,1.5308,,-0.16%
02/20/2001,1.5352,1.5379,1.5394,1.5326,,-0.14%
02/19/2001,1.5374,1.5309,1.5394,1.5298,,0.41%
02/16/2001,1.5311,1.5313,1.5437,1.5301,,0.10%
02/15/2001,1.5295,1.5331,1.5353,1.5301,,-0.22%
02/14/2001,1.5328,1.5363,1.5388,1.532,,-0.14%
02/13/2001,1.5349,1.54,1.5418,1.5337,,-0.24%
02/12/2001,1.5386,1.5385,1.5404,1.5335,,0.29%
02/09/2001,1.5342,1.5347,1.5372,1.5303,,0.05%
02/08/2001,1.5334,1.5362,1.5383,1.5301,,-0.13%
02/07/2001,1.5354,1.5404,1.5417,1.5355,,-0.30%
02/06/2001,1.54,1.538,1.5408,1.5351,,0.18%
02/05/2001,1.5373,1.5375,1.5449,1.536,,-0.11%
02/02/2001,1.539,1.5327,1.5406,1.5282,,0.51%
02/01/2001,1.5312,1.5317,1.5368,1.5297,,0.03%
01/31/2001,1.5307,1.5256,1.5333,1.5235,,0.39%
01/30/2001,1.5248,1.5204,1.5263,1.517,,0.39%
01/29/2001,1.5189,1.5271,1.5296,1.5196,,-0.45%
01/26/2001,1.5257,1.5258,1.5327,1.523,,0.03%
01/25/2001,1.5253,1.5295,1.5333,1.5223,,-0.22%
01/24/2001,1.5286,1.5314,1.5346,1.528,,-0.14%
01/23/2001,1.5308,1.5336,1.5373,1.5302,,0.05%
01/22/2001,1.5301,1.5303,1.5362,1.5279,,0.06%
01/19/2001,1.5292,1.5284,1.5328,1.5246,,0.12%
01/18/2001,1.5273,1.5375,1.5414,1.5249,,-0.66%
01/17/2001,1.5374,1.5397,1.542,1.5343,,-0.10%
01/16/2001,1.539,1.541,1.5434,1.5354,,-0.06%
01/15/2001,1.5399,1.5397,1.5473,1.5359,,0.01%
01/12/2001,1.5397,1.5363,1.5436,1.5334,,0.26%
01/11/2001,1.5357,1.5255,1.5372,1.5248,,0.73%
01/10/2001,1.5245,1.5237,1.5301,1.5207,,0.08%
01/09/2001,1.5233,1.5244,1.5269,1.5207,,-0.01%
01/08/2001,1.5234,1.53,1.5346,1.5237,,-0.50%
01/05/2001,1.5311,1.5259,1.5338,1.5235,,0.45%
01/04/2001,1.5242,1.5139,1.525,1.5119,,0.76%
01/03/2001,1.5127,1.5212,1.5269,1.5109,,-0.49%
01/02/2001,1.5202,1.5179,1.5263,1.5143,,0.20%
12/29/2000,1.5171,1.5198,1.5279,1.516,,-0.11%
12/28/2000,1.5188,1.523,1.5306,1.5203,,-0.20%
12/27/2000,1.5219,1.52,1.531,1.5156,,0.13%
12/26/2000,1.52,1.522,1.524,1.5177,,-0.06%
12/25/2000,1.5209,1.5193,1.5267,1.5129,,0.14%
12/22/2000,1.5187,1.5211,1.5327,1.5194,,-0.11%
12/21/2000,1.5204,1.5193,1.5279,1.5177,,0.21%
12/20/2000,1.5172,1.5071,1.52,1.5047,,0.80%
12/19/2000,1.5052,1.5029,1.5119,1.5017,,0.19%
12/18/2000,1.5023,1.5042,1.5081,1.5008,,-0.19%
12/15/2000,1.5052,1.5069,1.5112,1.5033,,-0.01%
12/14/2000,1.5053,1.504,1.5091,1.5021,,0.14%
12/13/2000,1.5032,1.5068,1.5113,1.5013,,-0.27%
12/12/2000,1.5073,1.5014,1.507,1.5,,0.46%
12/11/2000,1.5004,1.5009,1.5119,1.4985,,-1.19%
12/08/2000,1.5184,1.5126,1.5176,1.5069,,0.47%
12/07/2000,1.5113,1.5156,1.5186,1.5104,,-0.21%
12/06/2000,1.5145,1.5092,1.5178,1.5071,,0.41%
12/05/2000,1.5083,1.5092,1.5147,1.5056,,-0.07%
12/04/2000,1.5093,1.5136,1.5199,1.5095,,-0.29%
12/01/2000,1.5137,1.5089,1.516,1.508,,0.38%
11/30/2000,1.508,1.5107,1.5145,1.5054,,-0.09%
11/29/2000,1.5094,1.51,1.5155,1.5069,,0.09%
11/28/2000,1.5081,1.5127,1.5165,1.5069,,-0.24%
11/27/2000,1.5117,1.5174,1.5188,1.511,,-0.11%
11/24/2000,1.5133,1.5222,1.5265,1.5147,,-0.50%
11/23/2000,1.5209,1.5205,1.5235,1.5163,,0.10%
11/22/2000,1.5194,1.5213,1.5254,1.5175,,-0.09%
11/21/2000,1.5208,1.5265,1.5278,1.5181,,-0.30%
11/20/2000,1.5254,1.5293,1.531,1.5246,,-0.05%
11/17/2000,1.5262,1.5243,1.5286,1.5192,,0.21%
11/16/2000,1.523,1.5258,1.5291,1.5236,,-0.12%
11/15/2000,1.5249,1.5213,1.528,1.5189,,0.30%
11/14/2000,1.5203,1.5195,1.523,1.5173,,0.07%
11/13/2000,1.5193,1.5248,1.5271,1.5162,,-0.24%
11/10/2000,1.523,1.5206,1.5263,1.518,,0.22%
11/09/2000,1.5197,1.5192,1.527,1.5165,,0.07%
11/08/2000,1.5187,1.5211,1.5261,1.5147,,-0.07%
11/07/2000,1.5198,1.522,1.5277,1.5195,,-0.07%
11/06/2000,1.5209,1.5217,1.5338,1.5165,,0.15%
11/03/2000,1.5186,1.5258,1.5466,1.5196,,-0.48%
11/02/2000,1.526,1.528,1.5339,1.5224,,-0.03%
11/01/2000,1.5265,1.5272,1.5294,1.5218,,0.06%
10/31/2000,1.5256,1.5208,1.528,1.5148,,0.42%
10/30/2000,1.5192,1.5181,1.5298,1.5154,,0.26%
10/27/2000,1.5153,1.5107,1.5271,1.5067,,0.24%
10/26/2000,1.5116,1.5063,1.5145,1.5036,,0.34%
10/25/2000,1.5065,1.5031,1.5084,1.4979,,0.28%
10/24/2000,1.5023,1.502,1.5061,1.4993,,0.11%
10/23/2000,1.5007,1.5009,1.505,1.4991,,0.06%
10/20/2000,1.4998,1.5045,1.5094,1.4997,,-0.26%
10/19/2000,1.5037,1.4992,1.5074,1.4976,,0.33%
10/18/2000,1.4988,1.51,1.5132,1.4866,,-0.72%
10/17/2000,1.5097,1.5091,1.5147,1.5058,,0.12%
10/16/2000,1.5079,1.5139,1.5212,1.5067,,-0.44%
10/13/2000,1.5146,1.5043,1.5132,1.5014,,0.79%
10/12/2000,1.5028,1.5135,1.5142,1.5021,,-0.62%
10/11/2000,1.5122,1.5207,1.5216,1.5077,,-0.47%
10/10/2000,1.5193,1.5214,1.5236,1.5173,,-0.06%
10/09/2000,1.5202,1.5202,1.5232,1.5183,,0.14%
10/06/2000,1.5181,1.5228,1.5288,1.5158,,-0.18%
10/05/2000,1.5209,1.5178,1.5244,1.5143,,0.25%
10/04/2000,1.5171,1.5172,1.5208,1.513,,0.07%
10/03/2000,1.516,1.5239,1.5258,1.5145,,-0.43%
10/02/2000,1.5225,1.5263,1.5276,1.5212,,-0.04%
09/29/2000,1.5231,1.5246,1.5294,1.5209,,0.00%
09/28/2000,1.5231,1.5229,1.5303,1.5215,,0.02%
09/27/2000,1.5228,1.5222,1.5292,1.5207,,0.10%
09/26/2000,1.5213,1.518,1.5263,1.5156,,0.38%
09/25/2000,1.5155,1.5245,1.5265,1.5147,,-0.14%
09/22/2000,1.5176,1.5166,1.5648,1.5139,,0.05%
09/21/2000,1.5169,1.5091,1.5194,1.5061,,0.50%
09/20/2000,1.5094,1.5128,1.5155,1.505,,-0.12%
09/19/2000,1.5112,1.524,1.5253,1.5092,,-0.67%
09/18/2000,1.5214,1.524,1.5291,1.52,,-0.18%
09/15/2000,1.5242,1.5333,1.5351,1.5238,,-0.40%
09/14/2000,1.5303,1.523,1.5341,1.5155,,0.55%
09/13/2000,1.522,1.526,1.5336,1.5199,,-0.15%
09/12/2000,1.5243,1.5221,1.5289,1.5146,,0.20%
09/11/2000,1.5212,1.5439,1.5484,1.5213,,-1.43%
09/08/2000,1.5433,1.5488,1.5515,1.5411,,-0.34%
09/07/2000,1.5486,1.5488,1.5528,1.537,,0.14%
09/06/2000,1.5465,1.5526,1.5549,1.5436,,-0.33%
09/05/2000,1.5516,1.5533,1.5548,1.5467,,-0.08%
09/04/2000,1.5528,1.5522,1.5558,1.5498,,0.12%
09/01/2000,1.5509,1.5468,1.5543,1.5443,,0.27%
08/31/2000,1.5468,1.5465,1.5537,1.5435,,0.06%
08/30/2000,1.5459,1.5461,1.5517,1.5431,,0.00%
08/29/2000,1.5459,1.5426,1.5481,1.5418,,0.27%
08/28/2000,1.5418,1.5418,1.5465,1.5407,,0.04%
08/25/2000,1.5412,1.5457,1.5508,1.5412,,-0.14%
08/24/2000,1.5433,1.5507,1.5535,1.5433,,-0.36%
08/23/2000,1.5488,1.5599,1.5622,1.547,,-0.68%
08/22/2000,1.5594,1.5614,1.5643,1.5575,,-0.09%
08/21/2000,1.5608,1.5614,1.5629,1.5568,,0.08%
08/18/2000,1.5595,1.5641,1.5665,1.5596,,-0.27%
08/17/2000,1.5638,1.5636,1.5657,1.5604,,0.10%
08/16/2000,1.5623,1.5618,1.5675,1.5579,,0.10%
08/15/2000,1.5607,1.5572,1.5635,1.5552,,0.30%
08/14/2000,1.556,1.5551,1.5585,1.5518,,0.19%
08/11/2000,1.553,1.5482,1.5573,1.5468,,0.39%
08/10/2000,1.547,1.5455,1.5505,1.5435,,0.10%
08/09/2000,1.5454,1.5431,1.5472,1.5417,,0.14%
08/08/2000,1.5433,1.5481,1.5493,1.5424,,-0.26%
08/07/2000,1.5474,1.5474,1.5501,1.5454,,-0.03%
08/04/2000,1.5478,1.5447,1.5507,1.5424,,0.20%
08/03/2000,1.5447,1.5427,1.5487,1.5393,,0.23%
08/02/2000,1.5411,1.5458,1.5482,1.5402,,-0.15%
08/01/2000,1.5434,1.5478,1.5493,1.5399,,-0.20%
07/31/2000,1.5465,1.5481,1.5504,1.5439,,0.02%
07/28/2000,1.5462,1.5503,1.553,1.5462,,-0.23%
07/27/2000,1.5498,1.5551,1.5568,1.5469,,-0.26%
07/26/2000,1.5538,1.5519,1.5558,1.5498,,0.19%
07/25/2000,1.5508,1.5552,1.557,1.5498,,-0.19%
07/24/2000,1.5537,1.5551,1.557,1.5528,,-0.07%
07/21/2000,1.5548,1.5516,1.557,1.5483,,0.32%
07/20/2000,1.5498,1.5505,1.5535,1.5472,,0.07%
07/19/2000,1.5487,1.5493,1.553,1.5458,,0.08%
07/18/2000,1.5474,1.5488,1.5522,1.5452,,-0.04%
07/17/2000,1.548,1.5491,1.5524,1.5453,,-0.03%
07/14/2000,1.5485,1.5503,1.5525,1.5454,,-0.08%
07/13/2000,1.5497,1.5557,1.5585,1.5478,,-0.40%
07/12/2000,1.556,1.5505,1.5562,1.5497,,0.41%
07/11/2000,1.5496,1.5508,1.554,1.5476,,-0.02%
07/10/2000,1.5499,1.5422,1.5513,1.5412,,0.45%
07/07/2000,1.543,1.5462,1.5496,1.5415,,-0.11%
07/06/2000,1.5447,1.5473,1.5512,1.545,,-0.14%
07/05/2000,1.5468,1.554,1.556,1.5459,,-0.37%
07/04/2000,1.5526,1.5553,1.5557,1.5511,,-0.16%
07/03/2000,1.5551,1.5558,1.5602,1.5521,,-0.06%
06/30/2000,1.556,1.5574,1.5618,1.5551,,-0.01%
06/29/2000,1.5562,1.5491,1.5595,1.5478,,0.46%
06/28/2000,1.5491,1.5462,1.5538,1.543,,0.20%
06/27/2000,1.546,1.5468,1.5509,1.5431,,-0.02%
06/26/2000,1.5463,1.551,1.5534,1.5453,,-0.27%
06/23/2000,1.5505,1.5486,1.5542,1.5455,,0.17%
06/22/2000,1.5479,1.5493,1.5525,1.5435,,-0.03%
06/21/2000,1.5484,1.5546,1.5567,1.5468,,-0.37%
06/20/2000,1.5542,1.5603,1.5618,1.5532,,-0.35%
06/19/2000,1.5597,1.5599,1.5643,1.5587,,0.00%
06/16/2000,1.5597,1.5619,1.5658,1.5577,,-0.10%
06/15/2000,1.5612,1.5638,1.5668,1.5603,,-0.08%
06/14/2000,1.5625,1.5635,1.5674,1.561,,0.04%
06/13/2000,1.5618,1.562,1.5679,1.5601,,0.06%
06/12/2000,1.5608,1.5652,1.5665,1.5591,,-0.22%
06/09/2000,1.5642,1.5667,1.5684,1.5628,,-0.07%
06/08/2000,1.5653,1.5692,1.572,1.5634,,-0.14%
06/07/2000,1.5675,1.5716,1.5734,1.5664,,-0.18%
06/06/2000,1.5703,1.5722,1.577,1.5692,,-0.15%
06/05/2000,1.5727,1.5748,1.5769,1.5707,,-0.04%
06/02/2000,1.5733,1.571,1.5793,1.5687,,0.19%
06/01/2000,1.5703,1.5762,1.5789,1.5684,,-0.36%
05/31/2000,1.576,1.5682,1.5797,1.5659,,0.52%
05/30/2000,1.5678,1.5673,1.5756,1.5653,,0.08%
05/29/2000,1.5666,1.557,1.5701,1.5562,,0.10%
05/26/2000,1.565,1.5633,1.5686,1.56,,0.14%
05/25/2000,1.5628,1.559,1.5644,1.5556,,0.33%
05/24/2000,1.5576,1.5622,1.5671,1.5562,,-0.24%
05/23/2000,1.5613,1.5546,1.5665,1.5533,,0.50%
05/22/2000,1.5536,1.5511,1.5553,1.5493,,0.28%
05/19/2000,1.5492,1.5553,1.5564,1.5486,,-0.32%
05/18/2000,1.5542,1.5534,1.5575,1.5488,,0.12%
05/17/2000,1.5523,1.5503,1.5537,1.5463,,0.19%
05/16/2000,1.5493,1.5524,1.5572,1.5471,,-0.44%
05/15/2000,1.5562,1.5534,1.5596,1.5528,,0.03%
05/12/2000,1.5558,1.5574,1.5613,1.5501,,-0.03%
05/11/2000,1.5563,1.5578,1.5615,1.552,,-0.16%
05/10/2000,1.5588,1.5566,1.5631,1.553,,0.23%
05/09/2000,1.5553,1.5477,1.5587,1.5441,,0.54%
05/08/2000,1.5469,1.5521,1.5564,1.546,,-0.23%
05/05/2000,1.5505,1.5488,1.5559,1.5427,,0.07%
05/04/2000,1.5494,1.5439,1.5516,1.5387,,0.33%
05/03/2000,1.5443,1.5583,1.5603,1.5392,,-0.94%
05/02/2000,1.5589,1.5638,1.5674,1.555,,-0.28%
05/01/2000,1.5632,1.5656,1.5678,1.5611,,-0.15%
04/28/2000,1.5655,1.5723,1.578,1.5642,,-0.36%
04/27/2000,1.5712,1.5724,1.5791,1.5683,,-0.01%
04/26/2000,1.5713,1.5718,1.5775,1.5686,,-0.06%
04/25/2000,1.5723,1.5723,1.5754,1.5688,,0.03%
04/24/2000,1.5718,1.5721,1.5753,1.5688,,0.04%
04/21/2000,1.5712,1.5726,1.5751,1.5694,,-0.02%
04/20/2000,1.5715,1.5687,1.5751,1.568,,0.13%
04/19/2000,1.5695,1.5758,1.5781,1.566,,-0.37%
04/18/2000,1.5753,1.5705,1.5764,1.5639,,0.33%
04/17/2000,1.5701,1.5728,1.5757,1.5654,,0.08%
04/14/2000,1.5689,1.5699,1.5763,1.5678,,-0.01%
04/13/2000,1.569,1.5749,1.5772,1.5703,,-0.36%
04/12/2000,1.5747,1.5747,1.5797,1.5716,,0.06%
04/11/2000,1.5738,1.5726,1.576,1.5693,,0.11%
04/10/2000,1.5721,1.5699,1.5777,1.5669,,0.22%
04/07/2000,1.5687,1.5709,1.5776,1.5667,,-0.09%
04/06/2000,1.5701,1.5731,1.5777,1.5682,,-0.25%
04/05/2000,1.5741,1.5747,1.5799,1.5699,,0.01%
04/04/2000,1.574,1.5772,1.5845,1.5682,,-0.21%
04/03/2000,1.5773,1.5921,1.593,1.5798,,-0.87%
03/31/2000,1.5912,1.5923,1.5955,1.5887,,-0.07%
03/30/2000,1.5923,1.5942,1.5963,1.5893,,-0.09%
03/29/2000,1.5937,1.5911,1.5995,1.5863,,0.22%
03/28/2000,1.5902,1.5892,1.593,1.5872,,0.13%
03/27/2000,1.5882,1.587,1.5926,1.5857,,0.07%
03/24/2000,1.5871,1.6,1.6041,1.5863,,-0.71%
03/23/2000,1.5985,1.6088,1.6109,1.5978,,-0.60%
03/22/2000,1.6081,1.6103,1.6141,1.6074,,-0.16%
03/21/2000,1.6107,1.6127,1.615,1.6092,,-0.07%
03/20/2000,1.6118,1.6125,1.6164,1.6063,,0.01%
03/17/2000,1.6116,1.6116,1.6153,1.6094,,0.04%
03/16/2000,1.611,1.6115,1.6166,1.608,,-0.03%
03/15/2000,1.6115,1.612,1.6141,1.6092,,-0.02%
03/14/2000,1.6119,1.6107,1.6138,1.609,,0.07%
03/13/2000,1.6107,1.6095,1.6127,1.6057,,0.10%
03/10/2000,1.6091,1.6078,1.6113,1.6043,,0.14%
03/09/2000,1.6069,1.6063,1.6094,1.6039,,0.09%
03/08/2000,1.6055,1.6066,1.6092,1.6036,,-0.01%
03/07/2000,1.6057,1.6087,1.6117,1.6031,,-0.13%
03/06/2000,1.6078,1.6064,1.6101,1.6041,,0.11%
03/03/2000,1.6061,1.6055,1.6107,1.603,,0.17%
03/02/2000,1.6034,1.6065,1.6164,1.6028,,-0.18%
03/01/2000,1.6063,1.6055,1.6116,1.6026,,0.07%
02/29/2000,1.6052,1.6063,1.6351,1.6013,,-0.06%
02/28/2000,1.6061,1.6088,1.615,1.5936,,-0.04%
02/25/2000,1.6068,1.6088,1.6115,1.6059,,-0.11%
02/24/2000,1.6086,1.612,1.6132,1.6077,,-0.12%
02/23/2000,1.6106,1.608,1.6132,1.6062,,0.19%
02/22/2000,1.6076,1.603,1.6101,1.6024,,0.35%
02/21/2000,1.602,1.6025,1.6056,1.6014,,-0.14%
02/18/2000,1.6043,1.6044,1.6067,1.601,,0.04%
02/17/2000,1.6036,1.604,1.609,1.6018,,0.01%
02/16/2000,1.6034,1.606,1.6078,1.6019,,-0.12%
02/15/2000,1.6053,1.608,1.6101,1.6034,,-0.10%
02/14/2000,1.6069,1.6024,1.6099,1.6021,,0.14%
02/11/2000,1.6047,1.6054,1.6079,1.6022,,-0.04%
02/10/2000,1.6054,1.6096,1.6117,1.6031,,-0.15%
02/09/2000,1.6078,1.6081,1.6132,1.606,,0.05%
02/08/2000,1.607,1.6067,1.6104,1.6037,,0.05%
02/07/2000,1.6062,1.6064,1.6095,1.6045,,0.04%
02/04/2000,1.6056,1.6082,1.6111,1.6043,,-0.04%
02/03/2000,1.6062,1.6113,1.6145,1.6039,,-0.25%
02/02/2000,1.6103,1.6089,1.6141,1.6074,,0.08%
02/01/2000,1.609,1.608,1.6123,1.605,,0.22%
01/31/2000,1.6054,1.608,1.6128,1.6057,,-0.20%
01/28/2000,1.6086,1.6128,1.6153,1.607,,-0.24%
01/27/2000,1.6124,1.613,1.6157,1.6085,,0.07%
01/26/2000,1.6112,1.6136,1.6165,1.6099,,-0.02%
01/25/2000,1.6115,1.6111,1.6166,1.6088,,0.04%
01/24/2000,1.6109,1.6087,1.6157,1.6082,,0.06%
01/21/2000,1.6099,1.6113,1.6151,1.6073,,-0.02%
01/20/2000,1.6102,1.6142,1.6175,1.6098,,-0.18%
01/19/2000,1.6131,1.6133,1.6158,1.6111,,0.07%
01/18/2000,1.612,1.6146,1.6165,1.611,,-0.14%
01/17/2000,1.6143,1.6161,1.6171,1.6106,,0.09%
01/14/2000,1.6128,1.6124,1.6167,1.6088,,0.08%
01/13/2000,1.6115,1.611,1.6144,1.6086,,0.04%
01/12/2000,1.6109,1.6101,1.614,1.6071,,0.07%
01/11/2000,1.6097,1.6091,1.6129,1.6067,,0.12%
01/10/2000,1.6077,1.61,1.6112,1.6071,,-0.12%
01/07/2000,1.6097,1.6036,1.6106,1.5989,,0.44%
01/06/2000,1.6026,1.6052,1.6087,1.6013,,-0.04%
01/05/2000,1.6033,1.6039,1.6079,1.6012,,0.01%
01/04/2000,1.6031,1.6038,1.6075,1.6011,,-0.15%
01/03/2000,1.6055,1.603,1.6127,1.6,,0.26%
