Date,Price,Open,High,Low,Vol.,Change %
10/22/2025,"4,099.61","4,106.51","4,174.54","4,021.91",169.77K,-0.17%
10/21/2025,"4,106.41","4,371.00","4,393.60","4,093.00",13.80K,-5.80%
10/20/2025,"4,359.40","4,269.00","4,398.00","4,229.70",338.24K,2.58%
10/19/2025,"4,249.69","4,268.05","4,289.50","4,245.80",16.39K,0.86%
10/17/2025,"4,213.30","4,348.10","4,392.00","4,196.00",569.85K,-2.12%
10/16/2025,"4,304.60","4,225.10","4,346.70","4,214.50",375.20K,2.45%
10/15/2025,"4,201.60","4,160.10","4,235.80","4,157.30",309.91K,0.92%
10/14/2025,"4,163.40","4,130.90","4,190.90","4,105.00",405.99K,0.74%
10/13/2025,"4,133.00","4,018.30","4,137.20","4,011.30",14.96K,3.31%
10/10/2025,"4,000.40","3,990.10","4,038.60","3,961.20",357.54K,0.70%
10/09/2025,"3,972.60","4,061.80","4,077.90","3,957.90",461.02K,-2.41%
10/08/2025,"4,070.50","4,007.10","4,081.00","4,005.60",348.78K,1.65%
10/07/2025,"4,004.40","3,983.00","4,014.60","3,963.40",297.51K,0.71%
10/06/2025,"3,976.30","3,913.50","3,994.50","3,909.20",278.14K,1.72%
10/03/2025,"3,908.90","3,880.40","3,916.80","3,861.10",218.28K,1.05%
10/02/2025,"3,868.10","3,892.70","3,923.30","3,842.80",284.22K,-0.75%
10/01/2025,"3,897.50","3,887.70","3,922.70","3,880.30",290.47K,0.63%
09/30/2025,"3,873.20","3,863.10","3,899.20","3,820.60",312.26K,0.47%
09/29/2025,"3,855.20","3,788.80","3,863.70","3,785.50",258.15K,1.62%
09/26/2025,"3,793.90","3,762.90","3,798.70","3,752.10",1.81K,1.00%
09/25/2025,"3,756.50","3,758.00","3,775.90","3,739.00",1.35K,0.08%
09/24/2025,"3,753.40","3,784.30","3,798.50","3,735.70",1.49K,-1.27%
09/23/2025,"3,801.80","3,767.30","3,808.00","3,759.30",2.29K,1.07%
09/22/2025,"3,761.60","3,707.50","3,769.00","3,705.00",1.08K,1.51%
09/19/2025,"3,705.80","3,677.70","3,719.60","3,664.40",186.95K,0.75%
09/18/2025,"3,678.30","3,692.50","3,707.30","3,660.50",224.13K,-1.06%
09/17/2025,"3,717.80","3,727.30","3,744.00","3,679.50",256.05K,-0.20%
09/16/2025,"3,725.10","3,720.30","3,739.90","3,711.80",192.30K,0.16%
09/15/2025,"3,719.00","3,680.20","3,724.90","3,662.80",189.45K,0.88%
09/12/2025,"3,686.40","3,672.80","3,695.50","3,667.30",154.56K,0.35%
09/11/2025,"3,673.60","3,680.60","3,687.50","3,651.00",214.61K,-0.23%
09/10/2025,"3,682.00","3,662.00","3,697.50","3,651.40",182.03K,-0.01%
09/09/2025,"3,682.20","3,676.60","3,715.20","3,663.70",262.66K,0.13%
09/08/2025,"3,677.40","3,635.00","3,685.70","3,621.70",227.64K,0.66%
09/05/2025,"3,653.30","3,602.00","3,655.50","3,595.40",237.65K,1.29%
09/04/2025,"3,606.70","3,619.80","3,621.60","3,573.70",232.58K,-0.79%
09/03/2025,"3,635.50","3,600.00","3,640.10","3,592.40",220.79K,1.21%
09/02/2025,"3,592.20","3,517.90","3,602.40","3,506.00",374.14K,1.14%
09/01/2025,"3,551.82","3,511.17","3,556.87","3,506.05",127.09K,1.13%
08/31/2025,"3,512.00","3,517.65","3,517.65","3,509.70",,-0.12%
08/29/2025,"3,516.10","3,477.20","3,518.50","3,463.00",188.55K,1.20%
08/28/2025,"3,474.30","3,452.60","3,478.70","3,442.50",156.60K,1.12%
08/27/2025,"3,435.70","3,428.10","3,436.00","3,410.70",0.09K,0.46%
08/26/2025,"3,420.10","3,398.10","3,427.00","3,398.10",0.15K,0.45%
08/25/2025,"3,404.90","3,399.70","3,407.20","3,395.00",0.09K,-0.40%
08/22/2025,"3,418.50","3,383.30","3,423.40","3,362.80",186.04K,1.09%
08/21/2025,"3,381.60","3,392.20","3,394.40","3,367.40",123.50K,-0.20%
08/20/2025,"3,388.50","3,359.00","3,394.30","3,353.40",135.52K,0.89%
08/19/2025,"3,358.70","3,378.30","3,389.70","3,358.10",133.50K,-0.57%
08/18/2025,"3,378.00","3,382.40","3,403.60","3,368.00",119.14K,-0.14%
08/15/2025,"3,382.60","3,383.20","3,394.80","3,377.70",118.49K,-0.02%
08/14/2025,"3,383.20","3,407.20","3,423.80","3,375.50",165.70K,-0.74%
08/13/2025,"3,408.30","3,399.60","3,422.60","3,392.70",135.85K,0.27%
08/12/2025,"3,399.00","3,393.60","3,410.80","3,379.10",193.82K,-0.17%
08/11/2025,"3,404.70","3,458.10","3,466.30","3,393.00",224.51K,-2.48%
08/08/2025,"3,491.30","3,487.90","3,534.10","3,445.00",321.35K,1.09%
08/07/2025,"3,453.70","3,431.80","3,483.80","3,430.00",249.09K,0.59%
08/06/2025,"3,433.40","3,434.90","3,440.50","3,411.70",151.58K,-0.04%
08/05/2025,"3,434.70","3,428.90","3,444.90","3,403.30",154.16K,0.24%
08/04/2025,"3,426.40","3,416.60","3,439.50","3,397.90",138.23K,0.78%
08/01/2025,"3,399.80","3,342.70","3,416.90","3,331.40",229.95K,1.53%
07/31/2025,"3,348.60","3,327.50","3,366.70","3,324.40",158.03K,-0.13%
07/30/2025,"3,352.80","3,383.10","3,389.30","3,319.20",203.09K,-0.46%
07/29/2025,"3,368.30","3,366.10","3,368.80","3,362.40",0.11K,0.43%
07/28/2025,"3,354.00","3,373.60","3,381.80","3,346.70",0.21K,-1.13%
07/25/2025,"3,392.50","3,429.20","3,434.30","3,382.30",55.80K,-1.13%
07/24/2025,"3,431.10","3,455.90","3,458.10","3,411.30",61.91K,-0.69%
07/23/2025,"3,455.10","3,502.80","3,509.00","3,448.70",68.68K,-1.33%
07/22/2025,"3,501.80","3,468.70","3,505.80","3,451.70",55.30K,1.12%
07/21/2025,"3,462.90","3,415.00","3,473.20","3,407.40",39.03K,3.11%
07/18/2025,"3,358.30","3,347.50","3,368.00","3,337.20",115.41K,0.39%
07/17/2025,"3,345.30","3,354.70","3,358.20","3,314.30",161.74K,-0.41%
07/16/2025,"3,359.10","3,330.50","3,385.80","3,326.10",235.16K,0.67%
07/15/2025,"3,336.70","3,352.00","3,375.40","3,327.30",179.88K,-0.67%
07/14/2025,"3,359.10","3,376.50","3,389.30","3,348.50",195.34K,-0.15%
07/11/2025,"3,364.00","3,333.10","3,381.60","3,332.30",216.88K,1.15%
07/10/2025,"3,325.70","3,322.20","3,339.40","3,319.20",168.19K,0.14%
07/09/2025,"3,321.00","3,310.60","3,325.60","3,290.20",167.97K,0.12%
07/08/2025,"3,316.90","3,348.90","3,355.60","3,295.40",218.03K,-0.77%
07/07/2025,"3,342.80","3,344.50","3,352.90","3,304.40",235.76K,-0.11%
07/04/2025,"3,346.50","3,335.90","3,354.97","3,335.47",59.92K,0.11%
07/03/2025,"3,342.90","3,369.00","3,376.90","3,321.40",153.23K,-0.50%
07/02/2025,"3,359.70","3,350.00","3,371.00","3,337.20",132.19K,0.30%
07/01/2025,"3,349.80","3,315.70","3,370.50","3,313.70",168.85K,1.27%
06/30/2025,"3,307.70","3,284.30","3,321.60","3,250.50",144.20K,0.61%
06/27/2025,"3,287.60","3,341.30","3,341.40","3,266.50",218.87K,-1.39%
06/26/2025,"3,333.90","3,333.60","3,349.00","3,309.20",2.06K,0.15%
06/25/2025,"3,329.00","3,322.90","3,335.60","3,312.00",0.94K,0.27%
06/24/2025,"3,320.00","3,361.20","3,361.20","3,296.40",2.45K,-1.79%
06/23/2025,"3,380.60","3,387.00","3,395.70","3,348.30",3.29K,-0.15%
06/20/2025,"3,385.70","3,387.10","3,405.20","3,356.20",280.83K,0.02%
06/19/2025,"3,384.97","3,391.81","3,404.95","3,363.81",136.01K,-0.68%
06/18/2025,"3,408.10","3,409.00","3,419.00","3,380.10",178.28K,0.04%
06/17/2025,"3,406.90","3,404.20","3,422.70","3,384.40",209.08K,-0.30%
06/16/2025,"3,417.30","3,473.00","3,476.30","3,400.90",192.51K,-1.03%
06/13/2025,"3,452.80","3,406.70","3,468.00","3,399.60",270.63K,1.48%
06/12/2025,"3,402.40","3,377.50","3,419.80","3,358.50",230.17K,1.76%
06/11/2025,"3,343.70","3,344.30","3,382.30","3,335.40",201.53K,0.01%
06/10/2025,"3,343.40","3,346.30","3,370.40","3,321.30",158.90K,-0.34%
06/09/2025,"3,354.90","3,333.40","3,359.00","3,313.10",142.01K,0.25%
06/06/2025,"3,346.60","3,377.40","3,398.30","3,328.80",185.37K,-0.84%
06/05/2025,"3,375.10","3,398.00","3,427.70","3,362.30",224.86K,-0.71%
06/04/2025,"3,399.20","3,377.80","3,409.70","3,366.90",167.22K,0.65%
06/03/2025,"3,377.10","3,406.50","3,417.80","3,357.20",168.22K,-0.59%
06/02/2025,"3,397.20","3,323.00","3,408.10","3,319.40",181.00K,2.47%
05/30/2025,"3,315.40","3,343.20","3,347.00","3,294.80",184.77K,-0.85%
05/29/2025,"3,343.90","3,311.80","3,356.30","3,269.10",227.94K,1.08%
05/28/2025,"3,308.30","3,317.30","3,337.50","3,287.90",2.76K,-0.16%
05/27/2025,"3,313.70","3,369.60","3,369.60","3,297.90",4.19K,-1.80%
05/26/2025,"3,374.47","3,370.17","3,384.00","3,352.50",29.79K,0.12%
05/25/2025,"3,370.27","3,384.00","3,384.12","3,367.94",65.79K,-0.71%
05/23/2025,"3,394.50","3,323.20","3,395.30","3,314.40",71.08K,2.13%
05/22/2025,"3,323.60","3,346.50","3,375.30","3,306.90",52.14K,-0.55%
05/21/2025,"3,341.90","3,321.20","3,355.50","3,315.30",50.60K,0.88%
05/20/2025,"3,312.60","3,260.70","3,326.40","3,235.30",30.44K,1.57%
05/19/2025,"3,261.40","3,246.00","3,280.00","3,236.20",21.05K,2.33%
05/16/2025,"3,187.20","3,243.50","3,255.80","3,156.40",245.49K,-1.22%
05/15/2025,"3,226.60","3,180.80","3,244.30","3,123.30",253.06K,1.20%
05/14/2025,"3,188.30","3,254.10","3,261.30","3,170.70",233.93K,-1.83%
05/13/2025,"3,247.80","3,240.70","3,270.40","3,220.10",214.42K,0.61%
05/12/2025,"3,228.00","3,281.00","3,295.50","3,211.20",308.53K,-3.47%
05/09/2025,"3,344.00","3,310.20","3,352.70","3,278.90",232.46K,1.15%
05/08/2025,"3,306.00","3,373.10","3,422.00","3,293.30",327.13K,-2.53%
05/07/2025,"3,391.90","3,448.10","3,448.20","3,367.00",304.24K,-0.90%
05/06/2025,"3,422.80","3,345.70","3,444.50","3,332.10",268.10K,3.03%
05/05/2025,"3,322.30","3,247.10","3,346.70","3,243.10",184.90K,2.44%
05/02/2025,"3,243.30","3,247.60","3,277.00","3,229.50",210.99K,0.65%
05/01/2025,"3,222.20","3,299.00","3,300.60","3,209.40",214.69K,-2.92%
04/30/2025,"3,319.10","3,324.50","3,337.60","3,275.60",207.72K,-0.43%
04/29/2025,"3,333.60","3,354.90","3,359.30","3,309.20",170.15K,0.02%
04/28/2025,"3,333.00","3,318.30","3,347.70","3,266.30",1.30K,1.05%
04/25/2025,"3,298.40","3,362.00","3,384.10","3,274.80",241.25K,-1.50%
04/24/2025,"3,348.60","3,301.80","3,377.00","3,301.30",239.60K,1.65%
04/23/2025,"3,294.10","3,367.70","3,396.00","3,270.80",377.41K,-3.66%
04/22/2025,"3,419.40","3,435.10","3,509.90","3,379.10",423.08K,-0.17%
04/21/2025,"3,425.30","3,347.00","3,442.30","3,344.00",243.46K,2.91%
04/17/2025,"3,328.40","3,357.50","3,371.90","3,296.40",242.07K,-0.54%
04/16/2025,"3,346.40","3,248.40","3,358.40","3,245.20",258.38K,3.27%
04/15/2025,"3,240.40","3,226.10","3,250.90","3,225.50",123.47K,0.44%
04/14/2025,"3,226.30","3,246.00","3,261.60","3,208.70",189.62K,-0.56%
04/11/2025,"3,244.60","3,194.20","3,263.00","3,193.40",247.32K,2.11%
04/10/2025,"3,177.50","3,099.10","3,195.00","3,086.10",234.97K,3.19%
04/09/2025,"3,079.40","2,998.30","3,118.50","2,983.30",298.33K,2.98%
04/08/2025,"2,990.20","2,997.50","3,037.90","2,988.60",197.58K,0.56%
04/07/2025,"2,973.60","3,055.10","3,084.40","2,970.40",328.52K,-2.04%
04/04/2025,"3,035.40","3,138.00","3,160.20","3,032.70",341.15K,-2.76%
04/03/2025,"3,121.70","3,196.60","3,196.60","3,073.50",382.86K,-1.41%
04/02/2025,"3,166.20","3,147.50","3,201.60","3,135.70",223.12K,0.64%
04/01/2025,"3,146.00","3,157.30","3,177.00","3,130.50",197.31K,-0.14%
03/31/2025,"3,150.30","3,118.80","3,162.00","3,112.40",228.39K,1.16%
03/28/2025,"3,114.30","3,099.30","3,124.40","3,096.30",210.49K,1.25%
03/27/2025,"3,075.80","3,040.90","3,086.00","3,038.90",2.86K,1.27%
03/26/2025,"3,037.30","3,039.50","3,049.70","3,032.80",1.68K,-0.08%
03/25/2025,"3,039.60","3,030.60","3,055.40","3,025.90",1.37K,-0.14%
03/24/2025,"3,044.00","3,054.70","3,066.40","3,036.00",96.48K,-0.14%
03/21/2025,"3,048.40","3,080.10","3,082.20","3,031.20",46.90K,-0.75%
03/20/2025,"3,071.30","3,085.60","3,092.80","3,060.30",28.81K,0.07%
03/19/2025,"3,069.10","3,069.30","3,089.40","3,059.20",19.96K,0.01%
03/18/2025,"3,068.90","3,036.90","3,075.10","3,036.00",28.60K,1.15%
03/17/2025,"3,034.10","3,021.20","3,038.60","3,019.50",17.36K,1.10%
03/14/2025,"3,001.10","3,001.40","3,017.10","2,988.60",181.49K,0.33%
03/13/2025,"2,991.30","2,943.30","3,001.50","2,942.20",256.56K,1.51%
03/12/2025,"2,946.80","2,922.30","2,948.90","2,911.00",209.82K,0.89%
03/11/2025,"2,920.90","2,893.20","2,929.00","2,882.50",194.12K,0.74%
03/10/2025,"2,899.40","2,919.60","2,926.40","2,885.20",221.61K,-0.50%
03/07/2025,"2,914.10","2,919.20","2,938.80","2,905.30",237.58K,-0.43%
03/06/2025,"2,926.60","2,929.50","2,935.90","2,897.60",166.36K,0.02%
03/05/2025,"2,926.00","2,929.00","2,941.30","2,903.40",183.02K,0.18%
03/04/2025,"2,920.60","2,904.20","2,939.80","2,892.50",188.52K,0.67%
03/03/2025,"2,901.10","2,872.00","2,906.40","2,866.30",177.02K,1.85%
02/28/2025,"2,848.50","2,889.00","2,896.10","2,844.10",210.56K,-1.64%
02/27/2025,"2,895.90","2,931.40","2,935.80","2,879.00",207.65K,-0.75%
02/26/2025,"2,917.80","2,915.60","2,926.40","2,891.00",2.05K,0.41%
02/25/2025,"2,906.00","2,955.90","2,955.90","2,884.50",5.59K,-1.48%
02/24/2025,"2,949.70","2,939.30","2,960.00","2,926.40",2.00K,-0.12%
02/21/2025,"2,953.20","2,955.70","2,964.70","2,930.10",163.69K,-0.10%
02/20/2025,"2,956.10","2,949.50","2,973.40","2,939.30",172.20K,0.68%
02/19/2025,"2,936.10","2,954.10","2,964.40","2,933.70",159.34K,-0.44%
02/18/2025,"2,949.00","2,895.10","2,956.50","2,887.60",218.76K,1.67%
02/14/2025,"2,900.70","2,957.30","2,964.10","2,889.90",228.08K,-1.52%
02/13/2025,"2,945.40","2,928.80","2,958.80","2,925.80",169.50K,0.57%
02/12/2025,"2,928.70","2,927.00","2,936.50","2,886.50",204.63K,-0.13%
02/11/2025,"2,932.60","2,937.00","2,968.50","2,907.00",218.48K,-0.06%
02/10/2025,"2,934.40","2,884.80","2,938.10","2,879.90",167.23K,1.62%
02/07/2025,"2,887.60","2,880.20","2,910.60","2,876.10",192.55K,0.38%
02/06/2025,"2,876.70","2,885.00","2,894.20","2,855.00",167.70K,-0.56%
02/05/2025,"2,893.00","2,873.70","2,906.00","2,870.10",167.38K,0.60%
02/04/2025,"2,875.80","2,850.40","2,877.10","2,837.40",145.86K,0.65%
02/03/2025,"2,857.10","2,846.50","2,872.00","2,802.20",181.34K,0.78%
01/31/2025,"2,835.00","2,851.90","2,862.90","2,826.00",165.68K,-0.36%
01/30/2025,"2,845.20","2,796.20","2,853.20","2,794.90",188.34K,2.29%
01/29/2025,"2,781.50","2,784.90","2,790.10","2,772.80",3.98K,0.02%
01/28/2025,"2,781.00","2,757.00","2,786.90","2,752.90",3.42K,1.04%
01/27/2025,"2,752.40","2,791.00","2,791.00","2,746.80",3.94K,-1.44%
01/24/2025,"2,792.70","2,779.30","2,808.10","2,779.30",1.10K,0.52%
01/23/2025,"2,778.30","2,778.10","2,780.20","2,754.70",1.83K,-0.68%
01/22/2025,"2,797.40","2,784.50","2,800.30","2,782.50",39.59K,0.42%
01/21/2025,"2,785.60","2,766.00","2,788.40","2,741.50",56.80K,1.34%
01/17/2025,"2,748.70","2,746.80","2,759.20","2,729.20",156.87K,-0.08%
01/16/2025,"2,750.90","2,722.30","2,757.90","2,720.40",186.54K,1.22%
01/15/2025,"2,717.80","2,693.30","2,722.70","2,685.40",193.72K,1.32%
01/14/2025,"2,682.30","2,682.00","2,693.70","2,672.00",179.41K,0.14%
01/13/2025,"2,678.60","2,716.80","2,723.80","2,675.20",211.09K,-1.34%
01/10/2025,"2,715.00","2,692.90","2,735.00","2,686.90",298.41K,0.90%
01/09/2025,"2,690.80","2,679.90","2,696.80","2,673.70",156.65K,0.69%
01/08/2025,"2,672.40","2,662.90","2,687.00","2,658.40",197.37K,0.26%
01/07/2025,"2,665.40","2,647.10","2,678.50","2,643.50",161.62K,0.68%
01/06/2025,"2,647.40","2,652.80","2,663.80","2,624.60",169.92K,-0.27%
01/03/2025,"2,654.70","2,671.10","2,681.00","2,649.70",121.17K,-0.54%
01/02/2025,"2,669.00","2,641.00","2,674.20","2,636.10",144.52K,1.06%
12/31/2024,"2,641.00","2,620.00","2,642.00","2,614.30",86.29K,0.87%
12/30/2024,"2,618.10","2,636.10","2,640.70","2,608.40",110.92K,-0.01%
12/27/2024,"2,618.40","2,639.70","2,639.70","2,612.10",0.64K,-0.83%
12/26/2024,"2,640.30","2,623.30","2,642.40","2,622.80",1.40K,0.67%
12/24/2024,"2,622.80","2,616.50","2,622.70","2,612.50",0.42K,0.28%
12/23/2024,"2,615.50","2,627.30","2,632.90","2,610.20",0.56K,-0.65%
12/20/2024,"2,632.50","2,597.70","2,640.70","2,595.70",0.51K,1.41%
12/19/2024,"2,596.00","2,586.00","2,625.00","2,585.90",0.90K,-1.70%
12/18/2024,"2,640.80","2,651.20","2,654.30","2,587.20",0.88K,-0.33%
12/17/2024,"2,649.60","2,657.20","2,662.50","2,634.30",0.63K,-0.28%
12/16/2024,"2,657.00","2,654.60","2,669.70","2,648.30",1.41K,-0.20%
12/13/2024,"2,662.40","2,690.20","2,702.10","2,650.60",1.07K,-1.21%
12/12/2024,"2,695.10","2,737.80","2,743.50","2,683.30",1.69K,-1.69%
12/11/2024,"2,741.50","2,708.80","2,743.80","2,700.30",3.82K,1.33%
12/10/2024,"2,705.60","2,669.80","2,708.80","2,669.80",1.41K,1.21%
12/09/2024,"2,673.30","2,654.50","2,687.00","2,637.50",0.96K,0.99%
12/06/2024,"2,647.10","2,642.40","2,655.00","2,629.50",0.80K,0.42%
12/05/2024,"2,636.10","2,661.90","2,667.30","2,634.50",1.67K,-1.06%
12/04/2024,"2,664.30","2,651.30","2,670.00","2,643.80",0.85K,0.32%
12/03/2024,"2,655.90","2,652.00","2,665.00","2,645.00",0.61K,0.36%
12/02/2024,"2,646.50","2,663.70","2,663.90","2,633.50",0.97K,-0.84%
11/29/2024,"2,669.00","2,649.70","2,678.10","2,631.80",1.35K,0.63%
11/27/2024,"2,652.30","2,646.40","2,670.70","2,641.10",2.27K,1.18%
11/26/2024,"2,621.30","2,626.20","2,642.70","2,605.30",177.86K,0.11%
11/25/2024,"2,618.50","2,716.90","2,723.20","2,616.60",305.34K,-3.45%
11/22/2024,"2,712.20","2,672.00","2,718.50","2,670.10",220.55K,1.39%
11/21/2024,"2,674.90","2,653.50","2,676.50","2,651.60",186.30K,0.87%
11/20/2024,"2,651.70","2,635.80","2,659.00","2,621.90",182.01K,0.79%
11/19/2024,"2,631.00","2,616.30","2,643.40","2,614.20",202.24K,0.63%
11/18/2024,"2,614.60","2,571.50","2,619.50","2,568.50",195.29K,1.73%
11/15/2024,"2,570.10","2,570.40","2,580.80","2,558.90",179.89K,-0.11%
11/14/2024,"2,572.90","2,578.10","2,585.80","2,541.50",266.16K,-0.53%
11/13/2024,"2,586.50","2,604.70","2,625.00","2,578.10",262.75K,-0.76%
11/12/2024,"2,606.30","2,625.70","2,633.40","2,595.70",282.77K,-0.44%
11/11/2024,"2,617.70","2,692.10","2,693.40","2,617.10",281.92K,-2.86%
11/08/2024,"2,694.80","2,713.60","2,717.80","2,687.30",233.11K,-0.41%
11/07/2024,"2,705.80","2,667.70","2,718.30","2,650.30",292.92K,1.10%
11/06/2024,"2,676.30","2,752.60","2,758.80","2,660.70",361.31K,-2.67%
11/05/2024,"2,749.70","2,746.00","2,759.50","2,733.40",151.43K,0.13%
11/04/2024,"2,746.20","2,743.50","2,757.50","2,739.40",145.25K,-0.11%
11/01/2024,"2,749.20","2,754.00","2,772.40","2,742.60",180.66K,0.00%
10/31/2024,"2,749.30","2,799.10","2,801.20","2,741.80",242.57K,-1.84%
10/30/2024,"2,800.80","2,786.90","2,801.80","2,782.40",191.55K,1.16%
10/29/2024,"2,768.80","2,741.90","2,773.20","2,741.90",0.85K,0.92%
10/28/2024,"2,743.60","2,739.40","2,745.60","2,725.80",0.57K,0.05%
10/25/2024,"2,742.20","2,735.40","2,747.20","2,716.90",0.26K,0.21%
10/24/2024,"2,736.50","2,717.40","2,743.30","2,717.40",0.34K,0.71%
10/23/2024,"2,717.10","2,748.90","2,758.50","2,709.90",0.65K,-1.10%
10/22/2024,"2,747.40","2,723.10","2,749.50","2,721.80",0.43K,0.76%
10/21/2024,"2,726.80","2,724.30","2,742.60","2,716.90",0.41K,0.32%
10/18/2024,"2,718.00","2,696.20","2,725.60","2,696.20",0.22K,0.83%
10/17/2024,"2,695.50","2,676.90","2,700.50","2,676.90",0.27K,0.60%
10/16/2024,"2,679.30","2,666.80","2,689.50","2,666.00",0.38K,0.46%
10/15/2024,"2,667.00","2,654.60","2,673.80","2,643.10",0.24K,0.50%
10/14/2024,"2,653.70","2,659.90","2,671.30","2,648.40",0.39K,-0.40%
10/11/2024,"2,664.40","2,634.40","2,666.80","2,634.40",0.31K,1.41%
10/10/2024,"2,627.40","2,614.80","2,636.90","2,608.80",0.88K,0.51%
10/09/2024,"2,614.10","2,628.80","2,630.60","2,612.00",0.77K,-0.36%
10/08/2024,"2,623.50","2,649.60","2,660.40","2,612.70",1.05K,-1.15%
10/07/2024,"2,654.00","2,658.80","2,666.60","2,646.00",0.39K,-0.08%
10/04/2024,"2,656.00","2,663.00","2,678.20","2,641.90",0.85K,-0.43%
10/03/2024,"2,667.40","2,668.30","2,670.70","2,646.50",0.65K,0.35%
10/02/2024,"2,658.10","2,671.10","2,672.40","2,653.30",0.34K,-0.76%
10/01/2024,"2,678.50","2,644.40","2,681.70","2,644.40",0.46K,1.16%
09/30/2024,"2,647.90","2,667.90","2,675.20","2,636.80",0.55K,-0.32%
09/27/2024,"2,656.50","2,682.30","2,684.00","2,655.00",0.64K,-0.52%
09/26/2024,"2,670.40","2,656.80","2,683.90","2,653.40",17.22K,0.36%
09/25/2024,"2,660.70","2,658.70","2,670.50","2,649.80",21.76K,0.29%
09/24/2024,"2,653.00","2,628.60","2,665.10","2,623.50",13.09K,0.93%
09/23/2024,"2,628.60","2,622.50","2,635.70","2,615.40",8.70K,0.24%
09/20/2024,"2,622.40","2,588.10","2,626.50","2,585.40",9.30K,1.22%
09/19/2024,"2,590.90","2,561.60","2,597.00","2,552.10",8.60K,0.62%
09/18/2024,"2,574.90","2,573.40","2,603.70","2,549.40",10.66K,0.23%
09/17/2024,"2,568.90","2,586.30","2,590.00","2,564.10",6.95K,-0.63%
09/16/2024,"2,585.20","2,584.80","2,593.40","2,578.80",4.57K,-0.06%
09/13/2024,"2,586.80","2,565.10","2,590.60","2,562.00",10.05K,1.16%
09/12/2024,"2,557.10","2,517.90","2,564.80","2,515.50",9.29K,1.51%
09/11/2024,"2,519.00","2,522.00","2,534.40","2,505.70",4.91K,-0.02%
09/10/2024,"2,519.50","2,511.60","2,523.90","2,505.60",5.90K,0.41%
09/09/2024,"2,509.30","2,503.20","2,512.70","2,491.30",4.64K,0.31%
09/06/2024,"2,501.50","2,523.70","2,536.10","2,490.70",6.27K,-0.72%
09/05/2024,"2,519.70","2,502.30","2,530.50","2,500.70",6.72K,0.68%
09/04/2024,"2,502.70","2,500.40","2,507.80","2,479.80",5.94K,0.12%
09/03/2024,"2,499.70","2,509.00","2,516.30","2,481.60",10.28K,-0.19%
08/30/2024,"2,504.50","2,530.70","2,536.20","2,503.90",6.48K,-1.27%
08/29/2024,"2,536.70","2,516.60","2,538.70","2,513.80",10.79K,1.36%
08/28/2024,"2,502.60","2,525.20","2,526.40","2,493.20",2.35K,-0.60%
08/27/2024,"2,517.70","2,517.60","2,525.20","2,504.40",0.65K,-0.10%
08/26/2024,"2,520.20","2,512.60","2,527.70","2,509.30",0.66K,0.36%
08/23/2024,"2,511.20","2,486.20","2,518.70","2,486.10",0.75K,1.17%
08/22/2024,"2,482.10","2,515.60","2,516.00","2,472.60",0.74K,-1.22%
08/21/2024,"2,512.80","2,517.40","2,522.00","2,495.00",0.60K,-0.13%
08/20/2024,"2,516.10","2,507.70","2,535.40","2,502.10",0.66K,0.37%
08/19/2024,"2,506.80","2,512.80","2,513.80","2,489.30",0.78K,0.13%
08/16/2024,"2,503.60","2,460.20","2,513.80","2,454.60",0.59K,1.83%
08/15/2024,"2,458.60","2,452.00","2,471.80","2,437.10",0.53K,0.51%
08/14/2024,"2,446.20","2,470.60","2,485.40","2,443.00",0.56K,-1.12%
08/13/2024,"2,473.90","2,477.30","2,482.50","2,464.20",0.37K,0.16%
08/12/2024,"2,469.90","2,436.00","2,478.00","2,430.00",0.73K,1.23%
08/09/2024,"2,439.80","2,431.90","2,441.70","2,424.10",0.70K,0.39%
08/08/2024,"2,430.30","2,389.50","2,433.90","2,388.00",0.58K,1.26%
08/07/2024,"2,400.00","2,398.60","2,414.20","2,387.00",0.46K,0.05%
08/06/2024,"2,398.90","2,420.90","2,431.20","2,390.20",0.50K,-0.53%
08/05/2024,"2,411.80","2,458.50","2,466.10","2,373.80",1.13K,-1.00%
08/02/2024,"2,436.20","2,456.40","2,487.60","2,420.50",2.46K,-0.40%
08/01/2024,"2,445.90","2,458.80","2,470.80","2,439.10",1.15K,0.30%
07/31/2024,"2,438.50","2,420.80","2,461.10","2,415.40",1.32K,0.86%
07/30/2024,"2,417.60","2,392.80","2,422.40","2,388.80",3.57K,1.67%
07/29/2024,"2,377.80","2,386.90","2,402.10","2,367.30",126.41K,-0.13%
07/26/2024,"2,381.00","2,363.80","2,389.70","2,354.60",154.52K,1.17%
07/25/2024,"2,353.50","2,398.10","2,400.80","2,351.90",294.90K,-2.57%
07/24/2024,"2,415.70","2,410.70","2,433.00","2,397.00",245.88K,0.35%
07/23/2024,"2,407.30","2,398.00","2,413.50","2,389.20",171.19K,0.53%
07/22/2024,"2,394.70","2,403.70","2,414.40","2,385.20",197.56K,-0.18%
07/19/2024,"2,399.10","2,448.00","2,448.40","2,395.70",254.41K,-2.33%
07/18/2024,"2,456.40","2,462.50","2,478.50","2,442.90",192.77K,-0.14%
07/17/2024,"2,459.90","2,473.20","2,488.40","2,455.50",259.54K,-0.32%
07/16/2024,"2,467.80","2,427.10","2,474.50","2,424.50",246.09K,1.60%
07/15/2024,"2,428.90","2,419.30","2,445.00","2,406.10",193.54K,0.34%
07/12/2024,"2,420.70","2,421.00","2,423.20","2,396.10",220.93K,-0.05%
07/11/2024,"2,421.90","2,377.40","2,430.40","2,376.80",303.52K,1.77%
07/10/2024,"2,379.70","2,371.00","2,393.40","2,369.70",163.90K,0.50%
07/09/2024,"2,367.90","2,366.50","2,378.30","2,356.00",252.49K,0.19%
07/08/2024,"2,363.50","2,396.20","2,399.30","2,358.30",240.78K,-1.43%
07/05/2024,"2,397.70","2,365.80","2,401.50","2,356.00",293.25K,1.40%
07/04/2024,"2,364.60","2,367.20","2,371.05","2,359.35",,-0.20%
07/03/2024,"2,369.40","2,338.60","2,374.50","2,335.70",193.64K,1.54%
07/02/2024,"2,333.40","2,341.60","2,346.10","2,327.40",153.71K,-0.24%
07/01/2024,"2,338.90","2,336.20","2,348.80","2,328.20",142.60K,-0.03%
06/28/2024,"2,339.60","2,338.60","2,350.60","2,329.70",135.38K,0.13%
06/27/2024,"2,336.60","2,309.40","2,342.00","2,306.80",140.23K,1.55%
06/26/2024,"2,301.00","2,318.80","2,320.50","2,292.90",0.99K,-0.75%
06/25/2024,"2,318.40","2,334.40","2,336.20","2,314.80",1.26K,-0.60%
06/24/2024,"2,332.40","2,322.10","2,334.70","2,318.00",0.60K,0.57%
06/21/2024,"2,319.10","2,361.50","2,370.00","2,318.00",0.60K,-1.61%
06/20/2024,"2,357.00","2,331.40","2,367.00","2,327.00",0.83K,0.60%
06/19/2024,"2,343.00","2,342.95","2,349.65","2,338.60",,0.35%
06/18/2024,"2,334.80","2,323.30","2,334.50","2,309.10",0.39K,0.77%
06/17/2024,"2,316.90","2,336.00","2,336.00","2,312.40",0.45K,-0.86%
06/14/2024,"2,337.00","2,306.30","2,339.30","2,305.80",0.42K,1.35%
06/13/2024,"2,305.90","2,328.40","2,330.20","2,299.20",0.65K,-1.57%
06/12/2024,"2,342.70","2,321.70","2,345.10","2,315.70",0.60K,1.21%
06/11/2024,"2,314.60","2,315.70","2,325.20","2,303.30",0.79K,-0.02%
06/10/2024,"2,315.10","2,299.50","2,319.30","2,292.90",0.75K,0.08%
06/07/2024,"2,313.20","2,383.60","2,394.30","2,293.10",1.30K,-2.76%
06/06/2024,"2,378.90","2,363.80","2,385.20","2,361.40",0.88K,0.65%
06/05/2024,"2,363.60","2,335.50","2,365.20","2,335.10",0.59K,1.19%
06/04/2024,"2,335.70","2,360.20","2,361.00","2,324.50",1.40K,-0.92%
06/03/2024,"2,357.50","2,335.00","2,363.50","2,323.90",0.77K,1.01%
05/31/2024,"2,333.90","2,352.40","2,368.60","2,330.00",1.21K,-0.88%
05/30/2024,"2,354.70","2,357.90","2,360.70","2,332.10",2.72K,0.58%
05/29/2024,"2,341.20","2,362.50","2,363.70","2,334.20",119.32K,-0.65%
05/28/2024,"2,356.50","2,338.00","2,365.50","2,333.80",316.22K,0.00%
05/27/2024,"2,356.50","2,338.00","2,365.50","2,333.80",105.47K,0.94%
05/24/2024,"2,334.50","2,330.40","2,349.00","2,326.30",178.34K,-0.12%
05/23/2024,"2,337.20","2,383.00","2,385.70","2,328.10",273.66K,-2.33%
05/22/2024,"2,392.90","2,425.40","2,430.50","2,378.00",253.85K,-1.36%
05/21/2024,"2,425.90","2,431.50","2,438.20","2,408.50",229.42K,-0.52%
05/20/2024,"2,438.50","2,422.20","2,454.20","2,411.10",281.43K,0.87%
05/17/2024,"2,417.40","2,381.40","2,427.40","2,377.80",218.55K,1.34%
05/16/2024,"2,385.50","2,391.50","2,402.70","2,375.20",191.03K,-0.39%
05/15/2024,"2,394.90","2,362.90","2,396.10","2,357.10",249.84K,1.48%
05/14/2024,"2,359.90","2,342.30","2,365.20","2,340.50",192.08K,0.72%
05/13/2024,"2,343.00","2,369.10","2,370.80","2,337.60",243.08K,-1.35%
05/10/2024,"2,375.00","2,353.50","2,385.30","2,352.00",275.24K,1.48%
05/09/2024,"2,340.30","2,316.50","2,354.20","2,312.90",249.09K,0.78%
05/08/2024,"2,322.30","2,322.00","2,329.60","2,311.40",214.69K,-0.08%
05/07/2024,"2,324.20","2,334.80","2,338.70","2,318.20",204.62K,-0.30%
05/06/2024,"2,331.20","2,312.80","2,341.90","2,300.60",191.90K,0.98%
05/03/2024,"2,308.60","2,313.50","2,330.70","2,285.20",231.40K,-0.04%
05/02/2024,"2,309.60","2,329.90","2,336.10","2,294.30",193.66K,-0.06%
05/01/2024,"2,311.00","2,298.20","2,339.50","2,291.70",227.38K,0.35%
04/30/2024,"2,302.90","2,347.00","2,347.60","2,296.20",229.06K,-2.32%
04/29/2024,"2,357.70","2,347.60","2,358.90","2,331.00",187.31K,0.97%
04/26/2024,"2,335.00","2,333.10","2,350.50","2,326.60",0.72K,0.20%
04/25/2024,"2,330.30","2,317.80","2,344.80","2,306.40",0.99K,0.18%
04/24/2024,"2,326.00","2,324.00","2,338.00","2,313.60",0.78K,-0.17%
04/23/2024,"2,329.90","2,332.20","2,336.00","2,293.60",0.79K,-0.20%
04/22/2024,"2,334.60","2,391.50","2,391.50","2,327.30",1.03K,-2.78%
04/19/2024,"2,401.40","2,381.10","2,418.10","2,374.70",1.61K,0.65%
04/18/2024,"2,385.80","2,366.10","2,395.70","2,366.10",2.55K,0.40%
04/17/2024,"2,376.20","2,387.90","2,399.50","2,359.90",0.58K,-0.81%
04/16/2024,"2,395.50","2,387.00","2,402.20","2,367.40",1.27K,1.04%
04/15/2024,"2,370.90","2,357.30","2,392.00","2,330.10",1.67K,0.38%
04/12/2024,"2,362.00","2,377.70","2,436.60","2,338.40",2.20K,0.05%
04/11/2024,"2,360.80","2,340.50","2,382.90","2,331.60",0.98K,1.04%
04/10/2024,"2,336.60","2,358.90","2,365.80","2,325.70",1.62K,-0.60%
04/09/2024,"2,350.60","2,344.40","2,372.50","2,344.40",1.56K,0.50%
04/08/2024,"2,339.00","2,332.20","2,357.00","2,310.50",1.31K,0.23%
04/05/2024,"2,333.70","2,298.70","2,337.60","2,276.50",0.91K,1.60%
04/04/2024,"2,296.90","2,308.90","2,312.00","2,288.40",0.99K,-0.28%
04/03/2024,"2,303.30","2,290.00","2,310.00","2,275.10",1.23K,1.45%
04/02/2024,"2,270.30","2,260.20","2,290.10","2,256.10",1.70K,1.09%
04/01/2024,"2,245.90","2,243.50","2,275.00","2,238.50",1.10K,0.84%
03/28/2024,"2,227.10","2,203.90","2,243.50","2,196.10",1.62K,1.17%
03/27/2024,"2,201.40","2,188.90","2,206.50","2,182.80",1.21K,1.11%
03/26/2024,"2,177.20","2,173.00","2,200.60","2,168.30",202.37K,0.04%
03/25/2024,"2,176.40","2,166.60","2,182.50","2,164.40",211.61K,0.76%
03/22/2024,"2,160.00","2,183.40","2,188.00","2,158.40",205.81K,-1.13%
03/21/2024,"2,184.70","2,190.20","2,225.30","2,168.20",391.75K,1.10%
03/20/2024,"2,161.00","2,161.40","2,192.20","2,152.30",233.57K,0.06%
03/19/2024,"2,159.70","2,164.00","2,166.30","2,150.20",178.16K,-0.21%
03/18/2024,"2,164.30","2,159.90","2,167.20","2,149.20",211.86K,0.13%
03/15/2024,"2,161.50","2,166.20","2,176.90","2,158.70",187.85K,-0.28%
03/14/2024,"2,167.50","2,179.50","2,181.30","2,157.00",207.23K,-0.61%
03/13/2024,"2,180.80","2,163.60","2,185.60","2,161.30",232.27K,0.68%
03/12/2024,"2,166.10","2,189.10","2,190.80","2,156.20",316.25K,-1.03%
03/11/2024,"2,188.60","2,187.60","2,195.50","2,180.90",242.42K,0.14%
03/08/2024,"2,185.50","2,166.60","2,203.00","2,161.20",389.68K,0.94%
03/07/2024,"2,165.20","2,156.70","2,172.20","2,151.70",267.80K,0.32%
03/06/2024,"2,158.20","2,136.40","2,160.70","2,131.90",319.76K,0.76%
03/05/2024,"2,141.90","2,123.30","2,150.50","2,118.50",283.15K,0.73%
03/04/2024,"2,126.30","2,091.60","2,128.40","2,088.10",328.25K,1.46%
03/01/2024,"2,095.70","2,052.80","2,097.10","2,047.00",330.59K,2.00%
02/29/2024,"2,054.70","2,043.80","2,059.40","2,036.00",227.07K,0.59%
02/28/2024,"2,042.70","2,039.70","2,047.40","2,033.40",137.08K,0.41%
02/27/2024,"2,034.40","2,031.00","2,038.00","2,028.70",0.96K,0.26%
02/26/2024,"2,029.10","2,033.70","2,036.30","2,025.00",1.14K,-0.51%
02/23/2024,"2,039.40","2,024.10","2,041.50","2,015.60",0.71K,0.92%
02/22/2024,"2,020.80","2,026.60","2,035.00","2,019.70",1.66K,-0.18%
02/21/2024,"2,024.50","2,025.40","2,033.00","2,021.60",1.09K,-0.27%
02/20/2024,"2,030.00","2,017.70","2,032.10","2,015.50",1.11K,-0.48%
02/19/2024,"2,039.80","2,027.70","2,042.70","2,023.90",202.43K,1.26%
02/16/2024,"2,014.40","2,006.50","2,017.40","1,997.40",0.80K,0.45%
02/15/2024,"2,005.30","1,995.10","2,010.40","1,992.70",1.07K,0.53%
02/14/2024,"1,994.70","1,994.90","1,998.70","1,987.20",1.63K,-0.15%
02/13/2024,"1,997.70","2,023.80","2,035.50","1,993.40",1.47K,-1.27%
02/12/2024,"2,023.40","2,030.80","2,031.10","2,015.80",1.22K,-0.27%
02/09/2024,"2,028.80","2,039.30","2,041.70","2,024.70",0.53K,-0.46%
02/08/2024,"2,038.10","2,041.10","2,043.50","2,024.60",0.67K,-0.18%
02/07/2024,"2,041.80","2,042.20","2,051.00","2,037.00",0.51K,0.01%
02/06/2024,"2,041.50","2,031.80","2,045.30","2,029.30",0.63K,0.42%
02/05/2024,"2,032.90","2,047.60","2,048.00","2,021.00",1.00K,-0.54%
02/02/2024,"2,043.90","2,062.30","2,064.50","2,034.50",3.02K,-0.84%
02/01/2024,"2,061.20","2,047.70","2,072.90","2,036.90",1.35K,0.18%
01/31/2024,"2,057.40","2,044.80","2,064.10","2,038.90",1.43K,0.80%
01/30/2024,"2,041.10","2,041.70","2,057.30","2,037.60",1.12K,0.78%
01/29/2024,"2,025.40","2,024.40","2,037.20","2,018.80",150.71K,0.40%
01/26/2024,"2,017.30","2,021.00","2,028.10","2,015.60",119.59K,-0.02%
01/25/2024,"2,017.80","2,014.80","2,025.60","2,004.00",196.67K,0.09%
01/24/2024,"2,016.00","2,030.70","2,037.90","2,011.70",234.46K,-0.48%
01/23/2024,"2,025.80","2,023.20","2,039.30","2,020.80",156.70K,0.18%
01/22/2024,"2,022.20","2,031.80","2,034.10","2,017.40",152.76K,-0.35%
01/19/2024,"2,029.30","2,027.40","2,041.90","2,022.20",172.81K,0.38%
01/18/2024,"2,021.60","2,009.10","2,025.60","2,007.70",171.93K,0.75%
01/17/2024,"2,006.50","2,031.70","2,036.10","2,004.60",254.29K,-1.17%
01/16/2024,"2,030.20","2,053.40","2,062.80","2,027.60",285.25K,0.00%
01/15/2024,"2,030.20","2,053.40","2,062.80","2,027.60",285.25K,-1.04%
01/12/2024,"2,051.60","2,033.20","2,067.30","2,033.10",272.35K,1.60%
01/11/2024,"2,019.20","2,029.40","2,056.10","2,017.30",301.34K,-0.42%
01/10/2024,"2,027.80","2,036.00","2,046.20","2,025.90",205.01K,-0.26%
01/09/2024,"2,033.00","2,034.50","2,048.60","2,031.90",218.75K,-0.02%
01/08/2024,"2,033.50","2,052.60","2,053.30","2,022.70",220.99K,-0.80%
01/05/2024,"2,049.80","2,051.40","2,071.10","2,030.80",214.68K,-0.01%
01/04/2024,"2,050.00","2,049.30","2,058.10","2,043.30",130.26K,0.35%
01/03/2024,"2,042.80","2,067.90","2,074.30","2,038.30",221.68K,-1.48%
01/02/2024,"2,073.40","2,072.70","2,088.10","2,064.30",157.56K,0.08%
12/29/2023,"2,071.80","2,076.10","2,084.10","2,067.60",105.72K,-0.56%
12/28/2023,"2,083.50","2,089.50","2,098.20","2,074.60",129.54K,0.00%
12/27/2023,"2,083.40","2,068.00","2,085.30","2,063.30",0.59K,1.12%
12/26/2023,"2,060.40","2,056.30","2,069.60","2,056.30",0.29K,0.04%
12/22/2023,"2,059.60","2,051.50","2,072.30","2,049.40",0.44K,0.87%
12/21/2023,"2,041.80","2,034.70","2,048.00","2,034.00",0.54K,0.18%
12/20/2023,"2,038.10","2,043.50","2,045.90","2,031.60",0.26K,-0.22%
12/19/2023,"2,042.60","2,031.00","2,050.00","2,025.40",0.47K,0.58%
12/18/2023,"2,030.90","2,023.70","2,036.30","2,020.80",0.25K,0.24%
12/15/2023,"2,026.00","2,038.00","2,049.60","2,020.00",0.63K,-0.45%
12/14/2023,"2,035.20","2,031.60","2,053.00","2,030.60",0.56K,2.37%
12/13/2023,"1,988.10","1,985.50","2,033.30","1,979.00",2.22K,0.21%
12/12/2023,"1,983.90","1,989.00","2,002.70","1,983.50",0.57K,-0.02%
12/11/2023,"1,984.30","2,010.60","2,013.20","1,982.10",0.55K,-1.03%
12/08/2023,"2,004.90","2,034.70","2,039.60","2,000.80",1.37K,-1.57%
12/07/2023,"2,036.90","2,034.70","2,047.30","2,027.40",0.53K,-0.07%
12/06/2023,"2,038.40","2,028.30","2,042.80","2,027.00",0.68K,0.57%
12/05/2023,"2,026.90","2,039.20","2,050.00","2,019.90",1.42K,-0.30%
12/04/2023,"2,032.90","2,083.40","2,140.70","2,030.00",2.70K,-2.28%
12/01/2023,"2,080.40","2,049.00","2,086.20","2,043.40",2.01K,1.60%
11/30/2023,"2,047.60","2,055.80","2,057.50","2,042.60",1.15K,-0.48%
11/29/2023,"2,057.50","2,053.20","2,062.30","2,047.50",1.91K,0.86%
11/28/2023,"2,040.00","2,014.30","2,044.10","2,011.50",174.67K,1.37%
11/27/2023,"2,012.40","2,002.50","2,018.90","2,001.40",251.25K,0.47%
11/24/2023,"2,003.00","1,991.20","2,004.50","1,990.90",214.88K,0.00%
11/23/2023,"2,003.00","1,991.20","2,004.50","1,990.90",214.88K,0.51%
11/22/2023,"1,992.80","2,000.30","2,008.30","1,988.60",199.37K,-0.44%
11/21/2023,"2,001.60","1,980.00","2,009.80","1,979.90",230.02K,1.08%
11/20/2023,"1,980.30","1,980.90","1,987.80","1,967.20",177.89K,-0.22%
11/17/2023,"1,984.70","1,984.20","1,996.40","1,981.10",133.12K,-0.13%
11/16/2023,"1,987.30","1,963.00","1,991.10","1,959.00",186.81K,1.17%
11/15/2023,"1,964.30","1,966.90","1,979.20","1,958.80",142.92K,-0.11%
11/14/2023,"1,966.50","1,950.30","1,975.30","1,938.80",180.74K,0.84%
11/13/2023,"1,950.20","1,943.40","1,953.50","1,935.60",183.70K,0.65%
11/10/2023,"1,937.70","1,964.10","1,965.60","1,936.90",229.64K,-1.63%
11/09/2023,"1,969.80","1,955.50","1,971.50","1,948.30",214.08K,0.61%
11/08/2023,"1,957.80","1,975.30","1,977.50","1,953.20",189.36K,-0.80%
11/07/2023,"1,973.50","1,984.80","1,985.20","1,962.80",218.95K,-0.76%
11/06/2023,"1,988.60","1,999.40","2,000.10","1,984.20",146.28K,-0.53%
11/03/2023,"1,999.20","1,993.50","2,011.90","1,989.30",222.19K,0.29%
11/02/2023,"1,993.50","1,992.00","1,999.20","1,986.30",158.65K,0.30%
11/01/2023,"1,987.50","1,993.30","2,005.90","1,978.20",197.63K,-0.34%
10/31/2023,"1,994.30","2,005.60","2,017.70","1,987.40",214.78K,-0.56%
10/30/2023,"2,005.60","2,013.50","2,016.80","1,999.70",181.34K,0.83%
10/27/2023,"1,989.00","1,987.50","2,009.80","1,978.50",0.37K,0.06%
10/26/2023,"1,987.90","1,981.60","1,992.50","1,974.40",0.20K,0.12%
10/25/2023,"1,985.50","1,972.00","1,988.80","1,971.00",0.16K,0.44%
10/24/2023,"1,976.80","1,975.10","1,980.30","1,958.30",1.23K,-0.07%
10/23/2023,"1,978.20","1,977.90","1,983.10","1,963.60",0.45K,-0.34%
10/20/2023,"1,985.00","1,976.50","1,998.90","1,975.70",1.03K,0.70%
10/19/2023,"1,971.20","1,950.30","1,980.70","1,948.40",1.37K,0.63%
10/18/2023,"1,958.80","1,926.60","1,966.10","1,926.60",0.33K,1.68%
10/17/2023,"1,926.40","1,923.20","1,934.10","1,918.00",0.28K,0.07%
10/16/2023,"1,925.10","1,931.90","1,931.90","1,912.00",0.47K,-0.36%
10/13/2023,"1,932.10","1,875.20","1,934.80","1,875.20",0.89K,3.09%
10/12/2023,"1,874.20","1,880.20","1,888.80","1,872.10",0.40K,-0.22%
10/11/2023,"1,878.40","1,864.60","1,881.50","1,864.30",0.48K,0.63%
10/10/2023,"1,866.70","1,866.30","1,870.00","1,858.10",0.36K,0.59%
10/09/2023,"1,855.70","1,850.70","1,867.80","1,849.10",0.82K,1.03%
10/06/2023,"1,836.70","1,826.20","1,840.20","1,815.30",0.65K,0.74%
10/05/2023,"1,823.20","1,828.00","1,834.10","1,817.80",0.43K,-0.16%
10/04/2023,"1,826.10","1,829.10","1,836.00","1,823.00",0.51K,-0.35%
10/03/2023,"1,832.60","1,835.70","1,839.90","1,822.80",0.43K,-0.30%
10/02/2023,"1,838.20","1,853.90","1,855.10","1,833.80",0.82K,-1.01%
09/29/2023,"1,856.90","1,873.00","1,887.30","1,853.40",0.92K,-0.67%
09/28/2023,"1,869.50","1,885.40","1,886.70","1,865.50",0.90K,-0.15%
09/27/2023,"1,872.30","1,900.30","1,902.90","1,872.10",12.25K,-1.54%
09/26/2023,"1,901.60","1,916.70","1,917.10","1,899.00",12.74K,-0.87%
09/25/2023,"1,918.20","1,926.40","1,927.90","1,915.50",7.99K,-0.47%
09/22/2023,"1,927.20","1,921.80","1,930.50","1,921.50",3.30K,0.31%
09/21/2023,"1,921.20","1,932.80","1,933.60","1,915.00",5.62K,-1.41%
09/20/2023,"1,948.60","1,934.70","1,950.20","1,930.40",6.22K,0.69%
09/19/2023,"1,935.30","1,936.70","1,940.30","1,932.50",2.81K,0.01%
09/18/2023,"1,935.20","1,927.70","1,937.30","1,925.80",3.19K,0.38%
09/15/2023,"1,927.90","1,914.10","1,934.00","1,913.30",4.75K,0.71%
09/14/2023,"1,914.40","1,912.70","1,916.00","1,903.80",5.99K,0.00%
09/13/2023,"1,914.40","1,917.80","1,920.10","1,909.60",4.87K,-0.15%
09/12/2023,"1,917.20","1,927.40","1,929.30","1,912.00",4.77K,-0.62%
09/11/2023,"1,929.20","1,925.60","1,936.50","1,921.80",3.09K,0.24%
09/08/2023,"1,924.60","1,925.70","1,935.50","1,922.80",6.62K,0.03%
09/07/2023,"1,924.10","1,923.20","1,929.00","1,922.00",4.06K,-0.09%
09/06/2023,"1,925.80","1,933.40","1,936.10","1,921.60",5.41K,-0.44%
09/05/2023,"1,934.30","1,947.90","1,954.10","1,932.40",7.21K,-0.94%
09/04/2023,"1,952.60","1,966.70","1,972.60","1,950.60",192.79K,0.22%
09/01/2023,"1,948.40","1,947.90","1,961.10","1,942.30",6.26K,0.07%
08/31/2023,"1,947.00","1,951.80","1,955.60","1,946.60",4.06K,-0.36%
08/30/2023,"1,954.00","1,947.80","1,958.00","1,943.80",6.33K,0.91%
08/29/2023,"1,936.40","1,920.30","1,937.00","1,914.40",1.67K,0.93%
08/28/2023,"1,918.50","1,915.20","1,926.00","1,912.30",0.39K,0.35%
08/25/2023,"1,911.90","1,916.00","1,921.20","1,903.00",0.79K,-0.38%
08/24/2023,"1,919.10","1,918.70","1,923.00","1,911.60",1.29K,-0.07%
08/23/2023,"1,920.50","1,899.20","1,921.70","1,899.20",0.92K,1.15%
08/22/2023,"1,898.60","1,896.30","1,905.70","1,890.80",1.02K,0.15%
08/21/2023,"1,895.70","1,890.60","1,899.90","1,886.30",1.27K,0.37%
08/18/2023,"1,888.70","1,891.30","1,898.00","1,888.40",0.61K,0.08%
08/17/2023,"1,887.20","1,894.60","1,904.60","1,886.60",0.71K,-0.68%
08/16/2023,"1,900.20","1,905.10","1,909.60","1,894.10",0.39K,-0.35%
08/15/2023,"1,906.90","1,911.00","1,915.00","1,899.70",0.37K,-0.45%
08/14/2023,"1,915.60","1,914.90","1,918.60","1,906.00",0.61K,-0.13%
08/11/2023,"1,918.00","1,916.00","1,924.50","1,914.30",0.46K,-0.11%
08/10/2023,"1,920.10","1,920.60","1,934.40","1,915.90",0.77K,-0.09%
08/09/2023,"1,921.90","1,930.20","1,936.30","1,919.80",0.72K,-0.46%
08/08/2023,"1,930.80","1,941.80","1,943.40","1,928.20",0.98K,-0.51%
08/07/2023,"1,940.70","1,948.50","1,952.00","1,937.00",0.51K,-0.32%
08/04/2023,"1,946.90","1,941.00","1,954.60","1,927.50",1.39K,0.36%
08/03/2023,"1,939.90","1,943.20","1,945.50","1,936.60",0.51K,-0.31%
08/02/2023,"1,946.00","1,957.10","1,962.90","1,940.50",0.74K,-0.19%
08/01/2023,"1,949.70","1,974.30","1,974.40","1,949.60",1.55K,-1.51%
07/31/2023,"1,979.60","1,967.90","1,981.10","1,958.00",0.62K,0.48%
07/28/2023,"1,970.10","1,955.50","1,972.00","1,953.90",3.24K,1.25%
07/27/2023,"1,945.70","1,973.30","1,982.60","1,941.70",194.25K,-1.24%
07/26/2023,"1,970.10","1,966.30","1,979.90","1,963.20",208.11K,0.33%
07/25/2023,"1,963.70","1,957.00","1,967.10","1,951.60",188.85K,0.08%
07/24/2023,"1,962.20","1,963.60","1,969.80","1,955.30",197.21K,-0.22%
07/21/2023,"1,966.60","1,972.10","1,975.90","1,958.80",156.54K,-0.22%
07/20/2023,"1,970.90","1,980.00","1,989.80","1,967.70",189.93K,-0.50%
07/19/2023,"1,980.80","1,982.50","1,984.60","1,973.30",159.41K,0.00%
07/18/2023,"1,980.80","1,958.30","1,988.30","1,958.10",264.09K,1.25%
07/17/2023,"1,956.40","1,958.60","1,963.60","1,949.00",165.83K,-0.41%
07/14/2023,"1,964.40","1,965.20","1,967.80","1,954.70",209.31K,0.03%
07/13/2023,"1,963.80","1,962.70","1,968.50","1,956.60",241.22K,0.11%
07/12/2023,"1,961.70","1,938.00","1,965.10","1,937.50",270.87K,1.27%
07/11/2023,"1,937.10","1,930.80","1,944.50","1,929.80",189.37K,0.32%
07/10/2023,"1,931.00","1,930.70","1,933.70","1,918.00",208.09K,-0.08%
07/07/2023,"1,932.50","1,916.60","1,941.10","1,915.40",214.27K,0.89%
07/06/2023,"1,915.40","1,922.40","1,934.00","1,908.50",231.51K,-0.61%
07/05/2023,"1,927.10","1,929.10","1,942.90","1,922.10",245.93K,0.00%
07/04/2023,"1,927.10","1,929.10","1,942.90","1,922.10",245.93K,-0.12%
07/03/2023,"1,929.50","1,927.80","1,939.90","1,917.70",152.96K,0.01%
06/30/2023,"1,929.40","1,916.40","1,930.80","1,908.10",180.69K,0.60%
06/29/2023,"1,917.90","1,916.50","1,921.30","1,900.60",205.25K,0.24%
06/28/2023,"1,913.40","1,915.20","1,916.70","1,903.60",0.63K,-0.09%
06/27/2023,"1,915.10","1,927.40","1,930.20","1,912.30",0.23K,-0.52%
06/26/2023,"1,925.10","1,926.40","1,934.50","1,923.00",0.77K,0.21%
06/23/2023,"1,921.00","1,915.00","1,939.30","1,911.30",0.75K,0.31%
06/22/2023,"1,915.00","1,935.90","1,935.90","1,914.00",0.37K,-1.09%
06/21/2023,"1,936.10","1,939.50","1,940.70","1,922.20",0.81K,-0.14%
06/20/2023,"1,938.90","1,961.70","1,961.70","1,932.40",0.74K,-0.45%
06/19/2023,"1,947.70","1,970.70","1,971.80","1,940.80",250.14K,-0.74%
06/16/2023,"1,962.20","1,961.30","1,970.60","1,956.70",0.62K,0.02%
06/15/2023,"1,961.80","1,948.80","1,963.70","1,929.60",0.82K,0.09%
06/14/2023,"1,960.10","1,948.60","1,964.90","1,944.30",1.07K,0.52%
06/13/2023,"1,949.90","1,962.90","1,976.00","1,944.50",0.76K,-0.56%
06/12/2023,"1,960.90","1,966.10","1,971.50","1,954.80",0.44K,-0.38%
06/09/2023,"1,968.40","1,970.60","1,978.40","1,962.40",0.43K,-0.08%
06/08/2023,"1,969.90","1,948.60","1,976.00","1,948.10",1.14K,1.03%
06/07/2023,"1,949.90","1,971.20","1,977.50","1,947.10",0.82K,-1.17%
06/06/2023,"1,972.90","1,968.90","1,973.60","1,962.00",0.34K,0.37%
06/05/2023,"1,965.70","1,954.40","1,970.80","1,945.00",1.70K,0.26%
06/02/2023,"1,960.60","1,985.10","1,990.90","1,955.00",1.02K,-1.30%
06/01/2023,"1,986.50","1,972.30","1,991.40","1,961.30",1.05K,0.68%
05/31/2023,"1,973.10","1,968.40","1,984.00","1,963.20",1.13K,0.25%
05/30/2023,"1,968.10","1,951.60","1,972.40","1,941.20",3.55K,-0.46%
05/29/2023,"1,977.10","1,961.30","1,981.90","1,949.60",264.37K,1.69%
05/26/2023,"1,944.30","1,941.70","1,957.10","1,936.00",166.04K,0.03%
05/25/2023,"1,943.70","1,959.50","1,965.40","1,939.00",253.88K,-1.06%
05/24/2023,"1,964.60","1,977.30","1,987.90","1,958.40",229.89K,-0.50%
05/23/2023,"1,974.50","1,973.90","1,980.00","1,955.80",214.36K,-0.14%
05/22/2023,"1,977.20","1,979.40","1,984.80","1,970.70",165.77K,-0.22%
05/19/2023,"1,981.60","1,960.50","1,987.40","1,956.30",234.60K,1.11%
05/18/2023,"1,959.80","1,985.60","1,988.80","1,954.40",227.73K,-1.26%
05/17/2023,"1,984.90","1,993.00","1,997.00","1,978.10",206.55K,-0.41%
05/16/2023,"1,993.00","2,021.30","2,022.70","1,989.10",229.94K,-1.47%
05/15/2023,"2,022.70","2,013.40","2,027.50","2,011.20",163.25K,0.14%
05/12/2023,"2,019.80","2,020.50","2,027.80","2,005.70",220.50K,-0.03%
05/11/2023,"2,020.50","2,036.80","2,047.60","2,016.70",296.98K,-0.81%
05/10/2023,"2,037.10","2,041.60","2,056.00","2,028.30",260.81K,-0.28%
05/09/2023,"2,042.90","2,028.40","2,045.10","2,026.40",199.70K,0.48%
05/08/2023,"2,033.20","2,024.60","2,037.10","2,022.00",182.21K,0.41%
05/05/2023,"2,024.80","2,058.00","2,061.30","2,007.00",283.30K,-1.50%
05/04/2023,"2,055.70","2,054.70","2,085.40","2,038.50",311.00K,0.92%
05/03/2023,"2,037.00","2,026.40","2,050.00","2,016.00",229.67K,0.68%
05/02/2023,"2,023.30","1,990.50","2,028.80","1,986.90",245.64K,1.56%
05/01/2023,"1,992.20","2,000.20","2,015.40","1,985.70",173.02K,-0.35%
04/28/2023,"1,999.10","1,997.20","2,004.10","1,984.40",172.45K,0.01%
04/27/2023,"1,999.00","1,999.80","2,013.30","1,982.00",203.90K,0.61%
04/26/2023,"1,986.90","2,000.00","2,009.80","1,986.60",0.62K,-0.41%
04/25/2023,"1,995.10","1,995.40","2,005.00","1,979.30",0.85K,0.23%
04/24/2023,"1,990.60","1,983.20","1,991.00","1,975.30",0.54K,0.47%
04/21/2023,"1,981.30","2,005.10","2,007.00","1,973.00",0.62K,-1.42%
04/20/2023,"2,009.80","1,996.50","2,014.50","1,994.20",0.42K,0.59%
04/19/2023,"1,998.00","2,008.50","2,009.70","1,971.90",0.92K,-0.61%
04/18/2023,"2,010.30","1,997.10","2,013.40","1,994.50",0.22K,0.64%
04/17/2023,"1,997.60","2,004.80","2,018.20","1,984.60",0.74K,-0.44%
04/14/2023,"2,006.50","2,044.90","2,051.90","1,996.70",1.48K,-1.92%
04/13/2023,"2,045.80","2,019.50","2,053.00","2,019.50",0.93K,1.49%
04/12/2023,"2,015.70","2,010.00","2,034.10","2,007.00",0.83K,0.28%
04/11/2023,"2,010.00","1,996.70","2,013.40","1,996.20",0.46K,0.76%
04/10/2023,"1,994.80","2,003.60","2,011.20","1,988.00",1.00K,-1.12%
04/06/2023,"2,017.40","2,028.40","2,028.60","2,007.90",1.20K,-0.46%
04/05/2023,"2,026.80","2,030.00","2,040.10","2,018.70",1.17K,-0.13%
04/04/2023,"2,029.40","1,993.20","2,034.20","1,985.90",1.09K,1.91%
04/03/2023,"1,991.30","1,982.60","1,998.50","1,956.90",0.76K,0.72%
03/31/2023,"1,977.00","1,988.50","1,995.50","1,975.30",0.75K,-0.58%
03/30/2023,"1,988.50","1,973.00","1,993.30","1,962.70",1.19K,1.10%
03/29/2023,"1,966.90","1,975.40","1,976.00","1,959.50",88.56K,-0.33%
03/28/2023,"1,973.50","1,957.80","1,977.10","1,949.90",183.58K,1.01%
03/27/2023,"1,953.80","1,982.60","1,984.00","1,945.00",206.63K,-1.51%
03/24/2023,"1,983.80","1,996.10","2,006.50","1,977.70",285.44K,-0.61%
03/23/2023,"1,995.90","1,974.00","2,006.10","1,967.30",262.25K,2.37%
03/22/2023,"1,949.60","1,943.50","1,982.30","1,936.50",245.03K,0.44%
03/21/2023,"1,941.10","1,983.10","1,988.70","1,938.60",248.93K,-2.10%
03/20/2023,"1,982.80","1,989.70","2,014.90","1,970.00",338.02K,0.47%
03/17/2023,"1,973.50","1,925.90","1,993.70","1,922.30",351.09K,2.63%
03/16/2023,"1,923.00","1,922.80","1,938.00","1,911.50",248.08K,-0.43%
03/15/2023,"1,931.30","1,908.20","1,942.50","1,889.50",385.45K,1.07%
03/14/2023,"1,910.90","1,919.40","1,919.40","1,899.80",261.28K,-0.29%
03/13/2023,"1,916.50","1,877.10","1,919.50","1,875.70",452.33K,2.64%
03/10/2023,"1,867.20","1,835.10","1,874.30","1,830.00",345.81K,1.78%
03/09/2023,"1,834.60","1,818.00","1,839.40","1,815.40",228.47K,0.88%
03/08/2023,"1,818.60","1,818.00","1,828.70","1,813.40",208.29K,-0.08%
03/07/2023,"1,820.00","1,852.60","1,856.90","1,817.10",248.23K,-1.87%
03/06/2023,"1,854.60","1,861.00","1,864.30","1,850.60",136.22K,0.00%
03/03/2023,"1,854.60","1,842.10","1,864.40","1,842.00",158.96K,0.77%
03/02/2023,"1,840.50","1,843.80","1,845.30","1,835.90",139.76K,-0.27%
03/01/2023,"1,845.40","1,834.00","1,852.50","1,829.60",182.58K,0.47%
02/28/2023,"1,836.70","1,823.90","1,838.60","1,810.80",184.51K,0.65%
02/27/2023,"1,824.90","1,818.00","1,827.30","1,812.00",130.43K,0.87%
02/24/2023,"1,809.20","1,825.20","1,827.10","1,808.80",0.40K,-0.53%
02/23/2023,"1,818.80","1,823.60","1,832.70","1,818.30",0.65K,-0.79%
02/22/2023,"1,833.30","1,837.00","1,846.40","1,825.10",0.57K,-0.05%
02/21/2023,"1,834.20","1,842.00","1,848.00","1,831.10",0.91K,-0.45%
02/20/2023,"1,842.50","1,850.50","1,856.40","1,839.00",210.17K,0.03%
02/17/2023,"1,842.00","1,835.50","1,844.60","1,819.80",0.73K,-0.08%
02/16/2023,"1,843.40","1,838.90","1,846.00","1,828.30",0.65K,0.35%
02/15/2023,"1,837.00","1,856.30","1,861.70","1,831.80",0.78K,-1.08%
02/14/2023,"1,857.00","1,856.00","1,871.00","1,845.00",0.72K,0.10%
02/13/2023,"1,855.10","1,866.70","1,868.50","1,852.70",0.83K,-0.58%
02/10/2023,"1,865.90","1,864.70","1,873.30","1,855.00",0.77K,-0.22%
02/09/2023,"1,870.00","1,879.00","1,893.70","1,862.00",0.85K,-0.65%
02/08/2023,"1,882.20","1,877.40","1,890.00","1,874.00",1.03K,0.30%
02/07/2023,"1,876.50","1,871.90","1,888.50","1,869.40",1.45K,0.28%
02/06/2023,"1,871.20","1,866.70","1,885.40","1,865.90",1.59K,0.16%
02/03/2023,"1,868.30","1,918.20","1,923.60","1,866.10",2.60K,-2.80%
02/02/2023,"1,922.20","1,959.30","1,966.30","1,917.10",1.87K,-0.63%
02/01/2023,"1,934.30","1,935.10","1,961.70","1,928.00",2.19K,-0.12%
01/31/2023,"1,936.60","1,929.50","1,938.00","1,907.40",1.81K,0.33%
01/30/2023,"1,930.20","1,936.20","1,940.80","1,927.30",2.80K,0.04%
01/27/2023,"1,929.40","1,929.30","1,935.40","1,916.50",150.90K,-0.03%
01/26/2023,"1,930.00","1,948.00","1,949.80","1,918.40",223.26K,-0.65%
01/25/2023,"1,942.60","1,938.70","1,949.50","1,920.60",190.30K,0.37%
01/24/2023,"1,935.40","1,932.00","1,943.80","1,918.20",201.71K,0.35%
01/23/2023,"1,928.60","1,928.40","1,936.70","1,912.50",190.09K,0.02%
01/20/2023,"1,928.20","1,933.70","1,939.00","1,922.00",165.27K,0.22%
01/19/2023,"1,923.90","1,907.00","1,936.90","1,902.00",214.25K,0.89%
01/18/2023,"1,907.00","1,911.10","1,929.80","1,898.60",218.97K,-0.15%
01/17/2023,"1,909.90","1,923.80","1,931.80","1,906.20",268.37K,0.00%
01/16/2023,"1,909.90","1,923.80","1,931.80","1,906.20",268.37K,-0.61%
01/13/2023,"1,921.70","1,898.80","1,925.30","1,895.10",247.88K,1.21%
01/12/2023,"1,898.80","1,879.70","1,906.50","1,872.40",265.17K,1.06%
01/11/2023,"1,878.90","1,881.30","1,890.90","1,870.90",222.25K,0.13%
01/10/2023,"1,876.50","1,875.70","1,885.20","1,872.00",170.51K,-0.07%
01/09/2023,"1,877.80","1,872.80","1,886.40","1,869.30",204.55K,0.43%
01/06/2023,"1,869.70","1,835.90","1,875.20","1,835.20",215.37K,1.58%
01/05/2023,"1,840.60","1,861.20","1,864.30","1,829.90",188.60K,-0.99%
01/04/2023,"1,859.00","1,845.20","1,871.30","1,842.00",198.35K,0.70%
01/03/2023,"1,846.10","1,831.80","1,856.60","1,831.30",212.27K,1.09%
12/30/2022,"1,826.20","1,821.80","1,832.40","1,819.80",107.50K,0.01%
12/29/2022,"1,826.00","1,812.30","1,827.30","1,811.20",105.99K,0.95%
12/28/2022,"1,808.80","1,812.40","1,812.40","1,801.30",0.43K,-0.41%
12/27/2022,"1,816.30","1,799.70","1,834.10","1,799.70",0.22K,1.05%
12/23/2022,"1,797.40","1,793.70","1,805.50","1,793.20",0.24K,0.50%
12/22/2022,"1,788.50","1,818.00","1,822.00","1,787.10",0.41K,-1.65%
12/21/2022,"1,818.50","1,821.60","1,825.40","1,815.90",0.16K,-0.01%
12/20/2022,"1,818.60","1,796.40","1,824.30","1,789.60",0.51K,1.54%
12/19/2022,"1,791.00","1,795.20","1,801.40","1,788.60",0.21K,-0.14%
12/16/2022,"1,793.50","1,779.90","1,797.20","1,778.80",0.43K,0.72%
12/15/2022,"1,780.60","1,811.80","1,812.10","1,775.00",0.69K,-1.71%
12/14/2022,"1,811.50","1,815.10","1,817.10","1,800.00",0.28K,-0.37%
12/13/2022,"1,818.30","1,785.80","1,829.00","1,785.00",0.57K,1.87%
12/12/2022,"1,785.00","1,801.60","1,801.60","1,782.00",0.31K,-1.03%
12/09/2022,"1,803.50","1,793.50","1,810.80","1,793.50",0.50K,0.52%
12/08/2022,"1,794.20","1,792.50","1,799.00","1,786.70",0.56K,0.18%
12/07/2022,"1,791.00","1,774.70","1,795.90","1,774.30",0.84K,0.87%
12/06/2022,"1,775.50","1,775.30","1,786.00","1,772.50",0.55K,0.07%
12/05/2022,"1,774.30","1,803.70","1,815.00","1,771.60",1.34K,-1.57%
12/02/2022,"1,802.60","1,809.50","1,811.50","1,786.00",1.17K,-0.31%
12/01/2022,"1,808.20","1,778.40","1,810.90","1,777.70",1.27K,3.14%
11/30/2022,"1,753.20","1,755.50","1,776.70","1,751.80",1.56K,-0.18%
11/29/2022,"1,756.30","1,747.60","1,765.00","1,746.00",1.59K,0.92%
11/28/2022,"1,740.30","1,755.00","1,763.50","1,738.20",132.77K,-0.78%
11/25/2022,"1,754.00","1,751.00","1,761.20","1,745.90",134.30K,0.00%
11/24/2022,"1,754.00","1,751.00","1,761.20","1,745.90",134.30K,0.48%
11/23/2022,"1,745.60","1,740.80","1,754.90","1,719.00",167.77K,0.33%
11/22/2022,"1,739.90","1,739.70","1,751.00","1,737.60",153.09K,0.02%
11/21/2022,"1,739.60","1,752.00","1,755.00","1,733.90",166.08K,-0.84%
11/18/2022,"1,754.40","1,763.10","1,769.90","1,749.20",137.33K,-0.49%
11/17/2022,"1,763.00","1,777.00","1,777.60","1,756.60",169.10K,-0.72%
11/16/2022,"1,775.80","1,782.00","1,788.20","1,773.40",200.76K,-0.06%
11/15/2022,"1,776.80","1,774.00","1,791.80","1,770.20",283.02K,-0.01%
11/14/2022,"1,776.90","1,769.40","1,778.40","1,755.80",191.35K,0.42%
11/11/2022,"1,769.40","1,758.30","1,775.60","1,750.30",227.04K,0.90%
11/10/2022,"1,753.70","1,709.70","1,760.60","1,705.50",305.72K,2.33%
11/09/2022,"1,713.70","1,715.20","1,725.80","1,705.10",239.65K,-0.13%
11/08/2022,"1,716.00","1,678.00","1,720.40","1,667.10",297.62K,2.11%
11/07/2022,"1,680.50","1,678.60","1,685.60","1,670.00",187.59K,0.23%
11/04/2022,"1,676.60","1,631.70","1,686.40","1,631.10",293.52K,2.80%
11/03/2022,"1,630.90","1,639.10","1,643.20","1,618.30",254.70K,-1.16%
11/02/2022,"1,650.00","1,651.40","1,673.10","1,637.40",220.93K,0.02%
11/01/2022,"1,649.70","1,636.10","1,660.30","1,633.60",197.98K,0.55%
10/31/2022,"1,640.70","1,647.20","1,648.50","1,634.50",128.41K,-0.25%
10/28/2022,"1,644.80","1,667.20","1,670.90","1,640.70",196.36K,-0.93%
10/27/2022,"1,660.30","1,664.10","1,669.20","1,654.40",2.30K,-0.25%
10/26/2022,"1,664.40","1,652.30","1,674.00","1,652.30",0.32K,0.67%
10/25/2022,"1,653.30","1,649.60","1,660.50","1,637.00",0.59K,0.25%
10/24/2022,"1,649.20","1,662.00","1,666.30","1,643.60",0.15K,-0.14%
10/21/2022,"1,651.50","1,626.10","1,657.20","1,618.10",0.64K,1.21%
10/20/2022,"1,631.80","1,628.90","1,644.30","1,621.20",0.50K,0.17%
10/19/2022,"1,629.00","1,652.40","1,654.00","1,628.00",0.30K,-1.31%
10/18/2022,"1,650.70","1,651.00","1,660.40","1,647.00",0.72K,-0.49%
10/17/2022,"1,658.90","1,646.30","1,667.60","1,645.20",0.60K,0.92%
10/14/2022,"1,643.70","1,665.60","1,672.10","1,640.80",0.64K,-1.68%
10/13/2022,"1,671.80","1,675.30","1,680.00","1,644.50",0.32K,-0.03%
10/12/2022,"1,672.30","1,668.30","1,679.60","1,663.00",0.23K,-0.51%
10/11/2022,"1,680.90","1,670.20","1,686.00","1,665.00",0.74K,0.65%
10/10/2022,"1,670.10","1,698.70","1,700.90","1,667.50",0.49K,-1.99%
10/07/2022,"1,704.00","1,714.30","1,714.60","1,694.30",0.26K,-0.67%
10/06/2022,"1,715.50","1,719.40","1,728.70","1,710.20",0.23K,-0.01%
10/05/2022,"1,715.60","1,729.20","1,729.70","1,703.90",1.04K,-0.57%
10/04/2022,"1,725.50","1,703.40","1,731.50","1,699.90",0.81K,1.67%
10/03/2022,"1,697.20","1,667.90","1,704.00","1,664.40",0.64K,1.80%
09/30/2022,"1,667.20","1,665.40","1,678.80","1,663.40",0.39K,0.22%
09/29/2022,"1,663.60","1,662.20","1,667.50","1,644.50",2.39K,0.20%
09/28/2022,"1,660.30","1,627.00","1,661.50","1,613.00",18.31K,2.08%
09/27/2022,"1,626.50","1,621.50","1,640.20","1,620.90",15.91K,0.18%
09/26/2022,"1,623.60","1,642.80","1,646.40","1,618.40",14.96K,-1.32%
09/23/2022,"1,645.30","1,670.10","1,674.50","1,636.10",17.01K,-1.56%
09/22/2022,"1,671.40","1,670.40","1,683.60","1,653.70",6.42K,0.34%
09/21/2022,"1,665.80","1,664.60","1,687.00","1,651.50",10.10K,0.29%
09/20/2022,"1,661.00","1,674.60","1,678.00","1,657.80",7.07K,-0.40%
09/19/2022,"1,667.60","1,673.00","1,678.00","1,657.10",6.29K,-0.31%
09/16/2022,"1,672.80","1,663.30","1,679.20","1,651.90",10.86K,0.36%
09/15/2022,"1,666.80","1,696.80","1,696.80","1,658.70",12.32K,-1.85%
09/14/2022,"1,698.20","1,702.50","1,706.80","1,692.80",7.08K,-0.52%
09/13/2022,"1,707.10","1,725.80","1,732.80","1,696.90",11.55K,-1.37%
09/12/2022,"1,730.80","1,719.20","1,736.40","1,712.70",5.71K,0.70%
09/09/2022,"1,718.80","1,710.20","1,730.50","1,710.00",8.17K,0.48%
09/08/2022,"1,710.60","1,720.30","1,729.30","1,704.40",5.09K,-0.44%
09/07/2022,"1,718.20","1,703.20","1,721.40","1,692.50",7.51K,0.87%
09/06/2022,"1,703.40","1,715.00","1,727.00","1,701.00",7.57K,-0.55%
09/05/2022,"1,712.90","1,724.20","1,737.40","1,710.60",206.27K,-0.01%
09/02/2022,"1,713.00","1,698.60","1,719.80","1,696.90",8.55K,0.79%
09/01/2022,"1,699.60","1,713.10","1,713.10","1,689.80",11.25K,-1.01%
08/31/2022,"1,716.90","1,725.80","1,728.70","1,711.70",8.91K,-0.58%
08/30/2022,"1,726.90","1,740.50","1,743.10","1,723.70",6.95K,-0.56%
08/29/2022,"1,736.70","1,736.00","1,741.00","1,718.20",0.95K,0.01%
08/26/2022,"1,736.50","1,758.00","1,758.00","1,733.10",1.05K,-1.21%
08/25/2022,"1,757.80","1,751.10","1,765.10","1,750.00",0.73K,0.57%
08/24/2022,"1,747.80","1,746.00","1,755.20","1,742.00",0.97K,0.03%
08/23/2022,"1,747.30","1,734.60","1,753.00","1,730.00",1.57K,0.74%
08/22/2022,"1,734.40","1,747.00","1,747.00","1,726.00",0.68K,-0.80%
08/19/2022,"1,748.40","1,757.70","1,757.70","1,744.80",0.62K,-0.46%
08/18/2022,"1,756.50","1,763.00","1,771.00","1,754.60",0.71K,-0.31%
08/17/2022,"1,761.90","1,775.50","1,781.70","1,759.00",0.62K,-0.73%
08/16/2022,"1,774.90","1,780.10","1,783.00","1,770.50",0.43K,-0.47%
08/15/2022,"1,783.30","1,803.70","1,803.70","1,772.80",0.66K,-0.97%
08/12/2022,"1,800.80","1,789.00","1,803.80","1,786.00",0.57K,0.49%
08/11/2022,"1,792.10","1,792.30","1,799.00","1,784.00",1.92K,-0.36%
08/10/2022,"1,798.50","1,796.00","1,809.10","1,788.20",1.60K,0.09%
08/09/2022,"1,796.80","1,789.50","1,801.00","1,784.00",0.93K,0.40%
08/08/2022,"1,789.60","1,776.30","1,790.30","1,771.50",1.69K,0.78%
08/05/2022,"1,775.80","1,790.90","1,795.20","1,765.00",2.04K,-0.86%
08/04/2022,"1,791.20","1,765.80","1,795.50","1,764.10",1.65K,1.72%
08/03/2022,"1,760.90","1,763.00","1,774.00","1,754.80",1.82K,-0.78%
08/02/2022,"1,774.80","1,773.90","1,790.50","1,762.00",2.47K,0.12%
08/01/2022,"1,772.70","1,767.70","1,777.00","1,759.80",1.07K,0.33%
07/29/2022,"1,766.90","1,758.50","1,769.70","1,754.00",0.86K,0.71%
07/28/2022,"1,754.40","1,737.00","1,759.00","1,736.50",1.47K,2.05%
07/27/2022,"1,719.10","1,715.20","1,739.60","1,709.10",144.87K,0.08%
07/26/2022,"1,717.70","1,717.90","1,726.40","1,711.50",147.37K,-0.08%
07/25/2022,"1,719.10","1,726.30","1,734.60","1,712.90",160.72K,-0.48%
07/22/2022,"1,727.40","1,717.20","1,738.30","1,711.70",200.62K,0.82%
07/21/2022,"1,713.40","1,693.70","1,719.50","1,678.40",248.88K,0.78%
07/20/2022,"1,700.20","1,709.50","1,712.70","1,690.10",174.47K,-0.61%
07/19/2022,"1,710.70","1,707.20","1,716.50","1,702.60",131.77K,0.03%
07/18/2022,"1,710.20","1,706.40","1,722.00","1,704.40",157.54K,0.39%
07/15/2022,"1,703.60","1,708.20","1,714.20","1,696.60",176.80K,-0.13%
07/14/2022,"1,705.80","1,733.60","1,734.80","1,695.00",266.35K,-1.71%
07/13/2022,"1,735.50","1,723.60","1,744.30","1,704.50",300.55K,0.62%
07/12/2022,"1,724.80","1,731.30","1,742.20","1,721.60",255.17K,-0.40%
07/11/2022,"1,731.70","1,741.50","1,743.00","1,729.00",171.90K,-0.61%
07/08/2022,"1,742.30","1,738.70","1,751.70","1,726.00",189.18K,0.15%
07/07/2022,"1,739.70","1,737.20","1,748.20","1,734.70",151.26K,0.18%
07/06/2022,"1,736.50","1,764.20","1,771.50","1,730.70",258.82K,-1.55%
07/05/2022,"1,763.90","1,814.40","1,815.20","1,763.00",310.37K,0.00%
07/04/2022,"1,763.90","1,814.40","1,815.20","1,763.00",310.37K,-2.09%
07/01/2022,"1,801.50","1,808.10","1,813.60","1,783.40",249.49K,-0.32%
06/30/2022,"1,807.30","1,819.20","1,826.80","1,802.50",208.90K,-0.56%
06/29/2022,"1,817.50","1,821.40","1,834.90","1,810.70",155.54K,0.00%
06/28/2022,"1,817.50","1,820.10","1,825.30","1,816.40",0.39K,-0.19%
06/27/2022,"1,821.00","1,833.40","1,837.30","1,818.00",0.58K,-0.33%
06/24/2022,"1,827.00","1,822.60","1,829.00","1,814.60",0.57K,0.04%
06/23/2022,"1,826.30","1,835.00","1,842.90","1,822.40",0.23K,-0.48%
06/22/2022,"1,835.20","1,829.30","1,845.10","1,822.30",0.53K,-0.01%
06/21/2022,"1,835.40","1,834.70","1,842.40","1,831.00",0.42K,-0.18%
06/20/2022,"1,838.80","1,840.60","1,848.40","1,830.70",176.30K,0.13%
06/17/2022,"1,836.50","1,851.80","1,851.80","1,832.00",0.48K,-0.55%
06/16/2022,"1,846.60","1,831.90","1,855.80","1,815.80",0.98K,1.67%
06/15/2022,"1,816.30","1,806.60","1,840.00","1,805.60",1.03K,0.32%
06/14/2022,"1,810.50","1,810.70","1,830.00","1,803.00",1.37K,-1.02%
06/13/2022,"1,829.20","1,876.40","1,879.50","1,818.60",0.73K,-2.32%
06/10/2022,"1,872.70","1,847.50","1,876.60","1,824.10",1.15K,1.22%
06/09/2022,"1,850.10","1,853.20","1,853.80","1,839.00",0.34K,-0.19%
06/08/2022,"1,853.60","1,852.00","1,859.10","1,844.40",0.17K,0.24%
06/07/2022,"1,849.20","1,841.10","1,855.00","1,836.00",0.62K,0.46%
06/06/2022,"1,840.80","1,849.90","1,857.50","1,840.30",0.31K,-0.35%
06/03/2022,"1,847.30","1,869.80","1,875.00","1,847.20",0.57K,-1.13%
06/02/2022,"1,868.40","1,846.80","1,870.70","1,844.00",0.70K,1.22%
06/01/2022,"1,845.80","1,837.10","1,850.00","1,827.90",1.23K,0.03%
05/31/2022,"1,845.20","1,852.60","1,863.70","1,834.70",1.81K,-0.17%
05/30/2022,"1,848.40","1,856.50","1,867.90","1,837.60",201.80K,-0.30%
05/27/2022,"1,854.00","1,852.00","1,862.70","1,849.70",1.10K,0.35%
05/26/2022,"1,847.60","1,851.80","1,852.80","1,836.30",123.36K,0.07%
05/25/2022,"1,846.30","1,865.40","1,866.70","1,838.70",182.82K,-1.02%
05/24/2022,"1,865.40","1,852.30","1,869.10","1,847.60",174.76K,0.95%
05/23/2022,"1,847.80","1,844.40","1,864.30","1,843.30",163.27K,0.31%
05/20/2022,"1,842.10","1,839.60","1,847.80","1,830.60",143.05K,0.05%
05/19/2022,"1,841.20","1,815.10","1,848.20","1,808.40",175.24K,1.39%
05/18/2022,"1,815.90","1,813.20","1,822.90","1,805.00",150.35K,-0.16%
05/17/2022,"1,818.90","1,823.90","1,834.80","1,811.00",137.29K,0.27%
05/16/2022,"1,814.00","1,809.40","1,826.00","1,785.00",159.49K,0.32%
05/13/2022,"1,808.20","1,821.40","1,827.60","1,797.20",179.48K,-0.90%
05/12/2022,"1,824.60","1,852.30","1,858.80","1,820.10",255.61K,-1.57%
05/11/2022,"1,853.70","1,836.60","1,857.80","1,830.60",243.56K,0.69%
05/10/2022,"1,841.00","1,853.90","1,864.70","1,834.50",260.81K,-0.95%
05/09/2022,"1,858.60","1,883.70","1,885.60","1,851.00",218.82K,-1.29%
05/06/2022,"1,882.80","1,877.50","1,894.00","1,865.00",194.28K,0.38%
05/05/2022,"1,875.70","1,884.10","1,910.70","1,872.30",218.39K,0.37%
05/04/2022,"1,868.80","1,868.30","1,892.00","1,861.10",161.48K,-0.10%
05/03/2022,"1,870.60","1,863.60","1,878.40","1,849.70",167.43K,0.38%
05/02/2022,"1,863.60","1,896.20","1,900.40","1,853.40",193.83K,-2.52%
04/29/2022,"1,911.70","1,895.80","1,921.30","1,893.50",177.14K,1.08%
04/28/2022,"1,891.30","1,886.80","1,897.80","1,870.90",170.91K,0.29%
04/27/2022,"1,885.80","1,903.10","1,903.10","1,879.20",1.79K,-0.83%
04/26/2022,"1,901.50","1,898.50","1,908.50","1,894.00",0.46K,0.43%
04/25/2022,"1,893.30","1,932.30","1,932.30","1,890.00",1.62K,-1.98%
04/22/2022,"1,931.60","1,949.50","1,954.20","1,926.70",0.67K,-0.71%
04/21/2022,"1,945.40","1,955.00","1,955.20","1,935.80",0.47K,-0.38%
04/20/2022,"1,952.90","1,949.90","1,957.80","1,938.70",0.63K,-0.17%
04/19/2022,"1,956.30","1,978.60","1,981.00","1,943.50",0.78K,-1.38%
04/18/2022,"1,983.60","1,974.80","2,000.00","1,972.50",0.51K,0.58%
04/14/2022,"1,972.20","1,977.50","1,981.10","1,961.20",0.57K,-0.49%
04/13/2022,"1,981.90","1,968.60","1,982.40","1,963.70",0.53K,0.44%
04/12/2022,"1,973.20","1,953.50","1,979.20","1,951.00",1.00K,1.44%
04/11/2022,"1,945.10","1,949.50","1,970.80","1,940.80",0.40K,0.14%
04/08/2022,"1,942.40","1,931.30","1,948.90","1,928.70",0.96K,0.40%
04/07/2022,"1,934.70","1,923.80","1,937.10","1,920.40",1.19K,0.78%
04/06/2022,"1,919.70","1,924.80","1,932.00","1,914.00",1.21K,-0.23%
04/05/2022,"1,924.10","1,934.40","1,945.00","1,918.10",1.19K,-0.34%
04/04/2022,"1,930.60","1,924.50","1,938.00","1,917.80",2.01K,0.50%
04/01/2022,"1,920.90","1,939.30","1,940.90","1,919.00",1.09K,-1.55%
03/31/2022,"1,951.10","1,935.40","1,951.90","1,921.50",1.46K,0.77%
03/30/2022,"1,936.10","1,922.40","1,940.00","1,917.80",2.38K,1.25%
03/29/2022,"1,912.20","1,922.40","1,929.40","1,888.30",128.05K,-1.42%
03/28/2022,"1,939.80","1,958.70","1,959.80","1,915.70",181.37K,-0.74%
03/25/2022,"1,954.20","1,957.80","1,965.10","1,942.60",147.90K,-0.41%
03/24/2022,"1,962.20","1,944.10","1,967.20","1,937.40",181.20K,1.29%
03/23/2022,"1,937.30","1,920.90","1,948.80","1,915.60",153.31K,0.82%
03/22/2022,"1,921.50","1,936.10","1,939.50","1,909.80",153.28K,-0.41%
03/21/2022,"1,929.50","1,922.40","1,941.80","1,917.20",146.41K,0.01%
03/18/2022,"1,929.30","1,943.90","1,946.20","1,918.00",150.88K,-0.72%
03/17/2022,"1,943.20","1,928.40","1,951.00","1,924.00",149.83K,1.78%
03/16/2022,"1,909.20","1,920.10","1,930.10","1,895.20",195.46K,-1.06%
03/15/2022,"1,929.70","1,953.70","1,956.90","1,908.10",220.37K,-1.59%
03/14/2022,"1,960.80","1,988.70","1,994.80","1,952.00",162.20K,-1.22%
03/11/2022,"1,985.00","2,000.30","2,004.00","1,960.60",262.09K,-0.77%
03/10/2022,"2,000.40","1,992.80","2,015.10","1,975.00",303.27K,0.61%
03/09/2022,"1,988.20","2,060.20","2,068.50","1,981.00",360.35K,-2.70%
03/08/2022,"2,043.30","2,001.00","2,078.80","1,985.80",447.65K,2.37%
03/07/2022,"1,995.90","1,978.50","2,007.50","1,964.20",372.19K,1.49%
03/04/2022,"1,966.60","1,938.50","1,974.90","1,931.50",241.53K,1.59%
03/03/2022,"1,935.90","1,931.70","1,944.60","1,923.10",180.21K,0.71%
03/02/2022,"1,922.30","1,945.30","1,951.40","1,916.00",227.98K,-1.11%
03/01/2022,"1,943.80","1,908.40","1,952.60","1,903.00",224.00K,2.27%
02/28/2022,"1,900.70","1,921.00","1,935.20","1,892.20",249.27K,0.69%
02/25/2022,"1,887.60","1,906.50","1,925.00","1,884.40",229.78K,-1.96%
02/24/2022,"1,925.40","1,911.10","1,975.00","1,880.00",2.71K,0.84%
02/23/2022,"1,909.40","1,900.30","1,911.50","1,890.40",1.98K,0.16%
02/22/2022,"1,906.40","1,902.50","1,916.80","1,888.70",2.19K,-0.05%
02/21/2022,"1,907.40","1,903.50","1,918.30","1,889.70",334.59K,0.45%
02/18/2022,"1,898.80","1,901.20","1,903.50","1,887.50",0.64K,-0.12%
02/17/2022,"1,901.00","1,870.60","1,902.30","1,869.90",0.96K,1.63%
02/16/2022,"1,870.50","1,854.30","1,873.40","1,851.70",0.43K,0.83%
02/15/2022,"1,855.10","1,872.00","1,880.10","1,844.70",0.88K,-0.71%
02/14/2022,"1,868.30","1,861.40","1,875.00","1,851.10",0.86K,1.48%
02/11/2022,"1,841.10","1,827.40","1,866.40","1,821.50",0.95K,0.26%
02/10/2022,"1,836.40","1,833.10","1,842.20","1,821.00",0.79K,0.04%
02/09/2022,"1,835.60","1,826.10","1,835.80","1,824.70",0.88K,0.48%
02/08/2022,"1,826.80","1,820.70","1,828.70","1,815.70",0.93K,0.33%
02/07/2022,"1,820.80","1,807.80","1,823.30","1,807.80",1.41K,0.77%
02/04/2022,"1,806.80","1,804.60","1,814.50","1,792.40",1.62K,0.20%
02/03/2022,"1,803.20","1,806.80","1,807.60","1,787.80",1.18K,-0.35%
02/02/2022,"1,809.50","1,800.30","1,810.50","1,794.50",1.22K,0.48%
02/01/2022,"1,800.80","1,798.10","1,808.70","1,796.00",2.54K,0.27%
01/31/2022,"1,796.00","1,791.80","1,800.00","1,785.70",1.37K,0.57%
01/28/2022,"1,785.80","1,798.40","1,799.10","1,779.70",1.30K,-0.41%
01/27/2022,"1,793.10","1,819.00","1,821.40","1,790.60",196.04K,-2.00%
01/26/2022,"1,829.70","1,848.00","1,850.20","1,814.10",270.03K,-1.23%
01/25/2022,"1,852.50","1,843.60","1,854.20","1,834.40",197.80K,0.59%
01/24/2022,"1,841.70","1,835.20","1,844.90","1,829.30",244.33K,0.54%
01/21/2022,"1,831.80","1,840.60","1,843.70","1,828.40",225.25K,-0.59%
01/20/2022,"1,842.60","1,840.10","1,848.50","1,836.20",233.86K,-0.03%
01/19/2022,"1,843.20","1,812.90","1,843.90","1,809.00",318.49K,1.70%
01/18/2022,"1,812.40","1,818.70","1,822.90","1,804.70",362.94K,0.00%
01/17/2022,"1,812.40","1,818.70","1,822.90","1,804.70",362.94K,-0.23%
01/14/2022,"1,816.50","1,822.10","1,829.30","1,814.20",174.94K,-0.27%
01/13/2022,"1,821.40","1,825.70","1,828.30","1,811.80",215.52K,-0.32%
01/12/2022,"1,827.30","1,821.30","1,828.20","1,814.40",192.98K,0.48%
01/11/2022,"1,818.50","1,801.30","1,823.10","1,799.70",184.15K,1.10%
01/10/2022,"1,798.80","1,796.40","1,802.00","1,789.30",173.04K,0.08%
01/07/2022,"1,797.40","1,791.00","1,798.40","1,781.30",238.93K,0.46%
01/06/2022,"1,789.20","1,810.60","1,811.60","1,785.40",238.64K,-1.97%
01/05/2022,"1,825.10","1,815.20","1,830.70","1,808.20",173.34K,0.58%
01/04/2022,"1,814.60","1,801.10","1,817.20","1,798.10",167.71K,0.81%
01/03/2022,"1,800.10","1,830.10","1,833.00","1,798.20",168.31K,-1.56%
12/31/2021,"1,828.60","1,817.00","1,831.40","1,815.40",106.60K,0.80%
12/30/2021,"1,814.10","1,805.60","1,818.10","1,796.20",113.43K,0.52%
12/29/2021,"1,804.80","1,805.00","1,807.10","1,788.40",0.62K,-0.29%
12/28/2021,"1,810.10","1,812.00","1,820.00","1,805.30",0.61K,0.12%
12/27/2021,"1,808.00","1,808.40","1,813.30","1,803.70",1.19K,-0.17%
12/23/2021,"1,811.00","1,804.90","1,810.80","1,799.80",0.77K,0.53%
12/22/2021,"1,801.50","1,789.80","1,805.00","1,785.90",1.00K,0.76%
12/21/2021,"1,788.00","1,790.70","1,799.90","1,784.70",0.47K,-0.32%
12/20/2021,"1,793.80","1,798.50","1,803.50","1,789.00",0.42K,-0.57%
12/17/2021,"1,804.10","1,800.10","1,814.10","1,796.50",0.79K,0.37%
12/16/2021,"1,797.40","1,778.30","1,799.30","1,775.00",0.47K,1.92%
12/15/2021,"1,763.60","1,770.40","1,779.80","1,754.30",1.13K,-0.43%
12/14/2021,"1,771.30","1,786.10","1,787.70","1,766.00",0.44K,-0.90%
12/13/2021,"1,787.30","1,783.00","1,790.20","1,781.60",0.36K,0.20%
12/10/2021,"1,783.80","1,775.20","1,789.40","1,769.60",0.45K,0.46%
12/09/2021,"1,775.70","1,783.20","1,786.80","1,774.30",0.31K,-0.49%
12/08/2021,"1,784.50","1,784.00","1,790.90","1,779.80",1.04K,0.05%
12/07/2021,"1,783.60","1,778.20","1,786.50","1,771.80",0.55K,0.29%
12/06/2021,"1,778.50","1,786.80","1,786.80","1,775.30",0.35K,-0.25%
12/03/2021,"1,782.90","1,770.40","1,785.90","1,765.90",0.84K,1.21%
12/02/2021,"1,761.60","1,782.20","1,782.50","1,761.80",0.93K,-1.20%
12/01/2021,"1,783.00","1,776.00","1,792.40","1,772.50",1.27K,0.45%
11/30/2021,"1,775.10","1,785.80","1,809.60","1,770.00",1.75K,-0.49%
11/29/2021,"1,783.80","1,794.50","1,800.20","1,781.10",1.77K,-0.10%
11/26/2021,"1,785.50","1,789.60","1,816.30","1,778.60",186.80K,0.00%
11/25/2021,"1,785.50","1,789.60","1,816.30","1,778.60",186.80K,0.07%
11/24/2021,"1,784.30","1,789.80","1,796.20","1,777.40",203.24K,0.03%
11/23/2021,"1,783.80","1,807.10","1,812.50","1,781.70",311.35K,-1.25%
11/22/2021,"1,806.30","1,848.30","1,850.40","1,802.40",352.86K,-2.45%
11/19/2021,"1,851.60","1,860.80","1,868.10","1,844.20",234.08K,-0.53%
11/18/2021,"1,861.40","1,869.50","1,873.30","1,856.60",186.06K,-0.47%
11/17/2021,"1,870.20","1,851.60","1,870.60","1,851.10",172.42K,0.87%
11/16/2021,"1,854.10","1,864.90","1,879.50","1,851.00",220.43K,-0.67%
11/15/2021,"1,866.60","1,872.60","1,873.00","1,858.50",221.21K,-0.10%
11/12/2021,"1,868.50","1,864.30","1,871.40","1,847.50",201.36K,0.25%
11/11/2021,"1,863.90","1,851.50","1,868.70","1,845.10",205.31K,0.84%
11/10/2021,"1,848.30","1,834.50","1,870.60","1,823.00",352.79K,0.96%
11/09/2021,"1,830.80","1,826.90","1,834.80","1,821.00",224.41K,0.15%
11/08/2021,"1,828.00","1,820.60","1,828.30","1,813.80",200.41K,0.62%
11/05/2021,"1,816.80","1,792.60","1,820.10","1,785.30",299.62K,1.30%
11/04/2021,"1,793.50","1,769.90","1,800.30","1,769.30",222.61K,1.68%
11/03/2021,"1,763.90","1,789.20","1,789.30","1,758.50",257.43K,-1.43%
11/02/2021,"1,789.40","1,794.80","1,797.80","1,787.40",145.79K,-0.36%
11/01/2021,"1,795.80","1,785.30","1,797.50","1,780.20",143.33K,0.67%
10/29/2021,"1,783.90","1,801.50","1,802.90","1,772.40",254.51K,-1.04%
10/28/2021,"1,802.60","1,798.70","1,812.70","1,793.10",220.88K,0.27%
10/27/2021,"1,797.80","1,789.40","1,799.00","1,785.80",0.54K,0.30%
10/26/2021,"1,792.50","1,808.60","1,808.80","1,783.30",0.58K,-0.76%
10/25/2021,"1,806.20","1,793.50","1,810.10","1,793.30",0.22K,0.58%
10/22/2021,"1,795.70","1,786.00","1,813.50","1,785.00",0.31K,0.81%
10/21/2021,"1,781.30","1,782.40","1,788.80","1,778.00",0.12K,-0.17%
10/20/2021,"1,784.40","1,768.50","1,789.00","1,768.40",0.32K,0.82%
10/19/2021,"1,769.90","1,764.10","1,785.00","1,763.00",0.22K,0.27%
10/18/2021,"1,765.10","1,767.10","1,770.20","1,760.20",2.18K,-0.15%
10/15/2021,"1,767.70","1,796.80","1,796.80","1,766.30",0.88K,-1.65%
10/14/2021,"1,797.30","1,793.00","1,800.70","1,788.10",0.43K,0.18%
10/13/2021,"1,794.10","1,760.40","1,796.10","1,758.50",0.41K,2.01%
10/12/2021,"1,758.70","1,752.30","1,769.50","1,751.40",0.55K,0.21%
10/11/2021,"1,755.10","1,754.00","1,759.80","1,752.30",0.12K,-0.10%
10/08/2021,"1,756.80","1,757.10","1,780.60","1,755.00",0.62K,-0.10%
10/07/2021,"1,758.60","1,763.30","1,766.20","1,753.20",0.47K,-0.15%
10/06/2021,"1,761.20","1,757.70","1,765.40","1,745.80",0.39K,0.06%
10/05/2021,"1,760.20","1,768.90","1,768.90","1,748.10",0.32K,-0.38%
10/04/2021,"1,766.90","1,760.40","1,769.50","1,747.30",0.55K,0.52%
10/01/2021,"1,757.70","1,755.90","1,764.30","1,750.00",0.15K,0.08%
09/30/2021,"1,756.30","1,725.90","1,763.40","1,723.30",0.39K,1.98%
09/29/2021,"1,722.20","1,733.50","1,745.10","1,721.50",0.84K,-0.79%
09/28/2021,"1,735.90","1,748.10","1,751.90","1,726.40",15.75K,-0.81%
09/27/2021,"1,750.00","1,750.00","1,758.70","1,744.10",9.86K,0.02%
09/24/2021,"1,749.70","1,741.30","1,755.60","1,738.30",9.36K,0.11%
09/23/2021,"1,747.70","1,766.90","1,774.50","1,736.30",10.63K,-1.63%
09/22/2021,"1,776.70","1,773.10","1,785.90","1,762.80",6.34K,0.03%
09/21/2021,"1,776.10","1,763.40","1,780.80","1,756.30",11.49K,0.81%
09/20/2021,"1,761.80","1,752.00","1,766.00","1,740.50",3.66K,0.71%
09/17/2021,"1,749.40","1,751.10","1,765.40","1,745.40",8.31K,-0.30%
09/16/2021,"1,754.60","1,793.50","1,795.10","1,743.50",11.97K,-2.12%
09/15/2021,"1,792.60","1,804.20","1,806.00","1,789.80",2.66K,-0.69%
09/14/2021,"1,805.00","1,792.80","1,808.40","1,778.60",5.78K,0.71%
09/13/2021,"1,792.30","1,787.50","1,797.80","1,782.30",2.76K,0.13%
09/10/2021,"1,789.90","1,794.40","1,803.70","1,786.50",2.94K,-0.44%
09/09/2021,"1,797.80","1,789.50","1,800.80","1,783.70",6.41K,0.37%
09/08/2021,"1,791.20","1,794.10","1,802.20","1,780.80",3.91K,-0.28%
09/07/2021,"1,796.30","1,831.50","1,831.50","1,791.80",8.86K,-0.12%
09/06/2021,"1,798.50","1,833.50","1,833.50","1,793.70",252.48K,-1.80%
09/03/2021,"1,831.50","1,809.50","1,834.50","1,809.00",5.23K,1.22%
09/02/2021,"1,809.40","1,814.20","1,817.10","1,804.60",3.45K,-0.24%
09/01/2021,"1,813.80","1,815.00","1,820.20","1,808.80",5.39K,-0.11%
08/31/2021,"1,815.80","1,810.00","1,819.50","1,801.30",5.15K,0.33%
08/30/2021,"1,809.80","1,819.00","1,823.60","1,807.80",2.78K,-0.37%
08/27/2021,"1,816.60","1,794.60","1,818.70","1,786.70",1.22K,1.35%
08/26/2021,"1,792.40","1,790.00","1,796.10","1,780.70",0.57K,0.23%
08/25/2021,"1,788.20","1,802.10","1,802.10","1,782.50",0.91K,-0.98%
08/24/2021,"1,805.90","1,804.80","1,809.40","1,800.00",0.50K,0.13%
08/23/2021,"1,803.60","1,780.70","1,805.50","1,775.90",0.78K,1.25%
08/20/2021,"1,781.40","1,779.50","1,787.80","1,778.00",0.62K,0.04%
08/19/2021,"1,780.60","1,787.20","1,792.20","1,774.00",0.40K,-0.08%
08/18/2021,"1,782.10","1,785.70","1,793.00","1,776.50",0.56K,-0.19%
08/17/2021,"1,785.50","1,786.50","1,794.50","1,779.60",1.12K,-0.10%
08/16/2021,"1,787.20","1,777.70","1,787.90","1,770.40",0.86K,0.66%
08/13/2021,"1,775.50","1,752.00","1,778.60","1,751.30",1.00K,1.50%
08/12/2021,"1,749.30","1,750.90","1,756.50","1,740.10",0.30K,-0.09%
08/11/2021,"1,750.80","1,727.40","1,754.00","1,723.10",0.95K,1.26%
08/10/2021,"1,729.00","1,728.60","1,736.50","1,716.00",0.71K,0.30%
08/09/2021,"1,723.80","1,762.80","1,762.80","1,690.10",1.82K,-2.07%
08/06/2021,"1,760.30","1,803.70","1,803.70","1,756.80",1.99K,-2.51%
08/05/2021,"1,805.70","1,811.40","1,814.30","1,796.70",0.90K,-0.30%
08/04/2021,"1,811.20","1,810.50","1,832.10","1,805.00",2.01K,0.03%
08/03/2021,"1,810.70","1,813.10","1,814.00","1,806.50",0.46K,-0.44%
08/02/2021,"1,818.70","1,813.40","1,819.60","1,804.90",0.79K,0.29%
07/30/2021,"1,813.50","1,829.20","1,831.60","1,809.80",1.64K,-1.03%
07/29/2021,"1,832.30","1,807.80","1,833.80","1,807.50",3.65K,1.81%
07/28/2021,"1,799.70","1,798.60","1,809.00","1,790.70",209.78K,-0.01%
07/27/2021,"1,799.80","1,797.10","1,805.40","1,792.80",177.04K,0.03%
07/26/2021,"1,799.20","1,802.30","1,812.00","1,796.00",204.55K,-0.14%
07/23/2021,"1,801.80","1,807.70","1,810.70","1,789.10",236.76K,-0.20%
07/22/2021,"1,805.40","1,803.90","1,808.40","1,791.90",193.32K,0.11%
07/21/2021,"1,803.40","1,810.60","1,814.40","1,794.30",218.64K,-0.44%
07/20/2021,"1,811.40","1,813.50","1,825.90","1,805.20",221.14K,0.12%
07/19/2021,"1,809.20","1,811.60","1,818.00","1,795.00",249.68K,-0.32%
07/16/2021,"1,815.00","1,830.70","1,832.70","1,809.50",184.66K,-0.77%
07/15/2021,"1,829.00","1,828.70","1,835.00","1,820.60",175.61K,0.22%
07/14/2021,"1,825.00","1,808.30","1,831.10","1,804.90",229.88K,0.83%
07/13/2021,"1,809.90","1,806.70","1,818.00","1,798.70",242.18K,0.22%
07/12/2021,"1,805.90","1,808.50","1,811.00","1,791.00",201.42K,-0.26%
07/09/2021,"1,810.60","1,803.20","1,813.00","1,796.60",185.58K,0.58%
07/08/2021,"1,800.20","1,803.80","1,819.50","1,793.50",249.34K,-0.11%
07/07/2021,"1,802.10","1,797.00","1,810.20","1,794.10",171.08K,0.44%
07/06/2021,"1,794.20","1,787.50","1,815.70","1,784.70",276.60K,0.00%
07/05/2021,"1,794.20","1,787.50","1,815.70","1,784.70",276.60K,0.61%
07/02/2021,"1,783.30","1,777.50","1,795.90","1,774.40",205.86K,0.37%
07/01/2021,"1,776.80","1,770.80","1,783.40","1,765.90",171.44K,0.29%
06/30/2021,"1,771.60","1,761.90","1,774.70","1,753.20",177.89K,0.45%
06/29/2021,"1,763.60","1,778.80","1,779.20","1,750.10",239.91K,-0.91%
06/28/2021,"1,779.80","1,780.30","1,783.50","1,770.00",0.89K,0.16%
06/25/2021,"1,777.00","1,776.00","1,789.90","1,772.90",0.52K,0.07%
06/24/2021,"1,775.80","1,778.00","1,787.20","1,772.50",0.49K,-0.38%
06/23/2021,"1,782.50","1,777.20","1,794.50","1,772.90",0.50K,0.34%
06/22/2021,"1,776.50","1,785.30","1,789.00","1,771.10",0.83K,-0.33%
06/21/2021,"1,782.30","1,763.80","1,785.40","1,763.80",0.69K,0.79%
06/18/2021,"1,768.40","1,774.00","1,796.50","1,761.40",1.36K,-0.34%
06/17/2021,"1,774.50","1,811.40","1,824.00","1,767.90",3.63K,-4.61%
06/16/2021,"1,860.20","1,859.80","1,864.20","1,804.20",1.69K,0.27%
06/15/2021,"1,855.20","1,866.80","1,868.80","1,852.10",0.36K,-0.50%
06/14/2021,"1,864.60","1,878.30","1,878.30","1,844.80",1.22K,-0.73%
06/11/2021,"1,878.40","1,900.30","1,904.50","1,875.00",0.82K,-0.89%
06/10/2021,"1,895.20","1,890.20","1,901.00","1,871.30",0.98K,0.05%
06/09/2021,"1,894.20","1,893.00","1,900.40","1,888.00",0.69K,0.06%
06/08/2021,"1,893.10","1,900.60","1,904.90","1,885.00",1.57K,-0.24%
06/07/2021,"1,897.60","1,893.30","1,901.40","1,882.50",0.64K,0.36%
06/04/2021,"1,890.80","1,872.10","1,897.30","1,855.00",0.96K,1.00%
06/03/2021,"1,872.10","1,909.60","1,909.60","1,866.40",1.35K,-1.92%
06/02/2021,"1,908.70","1,900.20","1,910.30","1,895.20",1.34K,0.26%
06/01/2021,"1,903.70","1,905.90","1,917.40","1,893.20",2.09K,-0.07%
05/31/2021,"1,905.00","1,906.80","1,919.20","1,894.50",290.65K,0.05%
05/28/2021,"1,904.00","1,898.30","1,907.30","1,883.10",1.50K,0.37%
05/27/2021,"1,896.90","1,898.00","1,904.50","1,890.00",1.13K,-0.23%
05/26/2021,"1,901.20","1,900.00","1,913.30","1,890.70",170.53K,0.17%
05/25/2021,"1,898.00","1,881.20","1,901.20","1,873.20",316.67K,0.72%
05/24/2021,"1,884.50","1,883.50","1,887.90","1,875.70",183.31K,0.42%
05/21/2021,"1,876.70","1,878.10","1,890.30","1,870.30",234.29K,-0.28%
05/20/2021,"1,881.90","1,869.90","1,885.30","1,864.20",223.57K,0.02%
05/19/2021,"1,881.50","1,870.20","1,891.30","1,852.20",398.21K,0.72%
05/18/2021,"1,868.00","1,867.30","1,875.90","1,863.50",229.02K,0.02%
05/17/2021,"1,867.60","1,845.90","1,869.30","1,841.10",267.71K,1.60%
05/14/2021,"1,838.10","1,826.40","1,847.10","1,819.00",224.38K,0.77%
05/13/2021,"1,824.00","1,816.20","1,829.10","1,808.40",249.93K,0.07%
05/12/2021,"1,822.80","1,838.20","1,844.70","1,813.00",339.21K,-0.72%
05/11/2021,"1,836.10","1,836.20","1,842.50","1,817.80",311.10K,-0.08%
05/10/2021,"1,837.60","1,835.40","1,846.30","1,830.50",269.71K,0.34%
05/07/2021,"1,831.30","1,815.40","1,844.60","1,813.40",367.70K,0.86%
05/06/2021,"1,815.70","1,787.00","1,818.60","1,781.80",287.63K,1.76%
05/05/2021,"1,784.30","1,778.40","1,788.10","1,769.30",178.81K,0.47%
05/04/2021,"1,776.00","1,793.20","1,799.50","1,769.20",246.59K,-0.88%
05/03/2021,"1,791.80","1,768.10","1,798.90","1,765.60",204.54K,1.36%
04/30/2021,"1,767.70","1,772.40","1,773.30","1,763.30",167.29K,-0.03%
04/29/2021,"1,768.30","1,781.90","1,789.90","1,754.60",231.52K,-0.29%
04/28/2021,"1,773.50","1,775.50","1,780.00","1,762.50",0.76K,-0.26%
04/27/2021,"1,778.20","1,780.30","1,784.30","1,773.90",0.27K,-0.07%
04/26/2021,"1,779.40","1,775.00","1,782.50","1,768.20",0.75K,0.12%
04/23/2021,"1,777.30","1,784.00","1,795.20","1,771.50",0.37K,-0.24%
04/22/2021,"1,781.50","1,794.50","1,797.20","1,776.80",0.29K,-0.62%
04/21/2021,"1,792.70","1,777.40","1,797.70","1,776.00",0.74K,0.85%
04/20/2021,"1,777.60","1,769.50","1,779.20","1,763.00",1.09K,0.45%
04/19/2021,"1,769.70","1,777.20","1,789.40","1,766.20",0.70K,-0.54%
04/16/2021,"1,779.30","1,764.20","1,783.50","1,759.70",0.45K,0.76%
04/15/2021,"1,765.80","1,735.30","1,768.60","1,733.70",0.58K,1.76%
04/14/2021,"1,735.30","1,745.00","1,749.00","1,731.60",0.63K,-0.64%
04/13/2021,"1,746.50","1,732.00","1,748.40","1,722.50",0.60K,0.86%
04/12/2021,"1,731.60","1,742.40","1,743.20","1,726.10",0.33K,-0.70%
04/09/2021,"1,743.80","1,755.30","1,757.10","1,731.00",0.64K,-0.76%
04/08/2021,"1,757.10","1,737.50","1,758.30","1,733.60",0.69K,0.95%
04/07/2021,"1,740.50","1,743.00","1,743.00","1,730.50",0.36K,-0.09%
04/06/2021,"1,742.00","1,727.30","1,745.00","1,727.30",0.79K,0.83%
04/05/2021,"1,727.70","1,726.60","1,733.20","1,720.90",0.43K,0.02%
04/01/2021,"1,727.30","1,707.90","1,730.40","1,705.70",1.32K,0.75%
03/31/2021,"1,714.40","1,684.10","1,714.90","1,676.80",1.16K,1.74%
03/30/2021,"1,685.10","1,711.90","1,712.80","1,677.80",1.90K,-1.58%
03/29/2021,"1,712.20","1,731.50","1,732.60","1,703.30",135.46K,-1.16%
03/26/2021,"1,732.30","1,725.50","1,735.50","1,718.80",172.94K,0.42%
03/25/2021,"1,725.10","1,733.20","1,744.80","1,720.30",226.21K,-0.47%
03/24/2021,"1,733.20","1,725.90","1,737.70","1,722.30",186.52K,0.47%
03/23/2021,"1,725.10","1,738.50","1,742.00","1,722.70",226.20K,-0.75%
03/22/2021,"1,738.10","1,745.60","1,747.00","1,726.40",196.31K,-0.21%
03/19/2021,"1,741.70","1,733.70","1,746.10","1,727.10",213.28K,0.53%
03/18/2021,"1,732.50","1,744.00","1,754.20","1,716.60",251.76K,0.31%
03/17/2021,"1,727.10","1,730.00","1,750.60","1,722.00",220.55K,-0.22%
03/16/2021,"1,730.90","1,730.70","1,740.50","1,724.40",173.89K,0.10%
03/15/2021,"1,729.20","1,726.50","1,733.20","1,719.20",163.05K,0.55%
03/12/2021,"1,719.80","1,720.50","1,728.00","1,696.60",232.21K,-0.16%
03/11/2021,"1,722.60","1,725.00","1,738.00","1,716.80",215.34K,0.05%
03/10/2021,"1,721.80","1,714.50","1,725.30","1,705.60",226.89K,0.29%
03/09/2021,"1,716.90","1,679.30","1,718.70","1,676.70",248.95K,2.32%
03/08/2021,"1,678.00","1,701.60","1,712.00","1,673.30",273.91K,-1.21%
03/05/2021,"1,698.50","1,695.30","1,705.70","1,683.00",269.33K,-0.13%
03/04/2021,"1,700.70","1,708.40","1,721.60","1,687.60",277.45K,-0.88%
03/03/2021,"1,715.80","1,736.50","1,739.10","1,699.40",255.65K,-1.03%
03/02/2021,"1,733.60","1,722.80","1,737.80","1,704.60",235.96K,0.62%
03/01/2021,"1,723.00","1,732.80","1,757.40","1,717.20",241.92K,-0.34%
02/26/2021,"1,728.80","1,770.90","1,773.80","1,714.90",362.55K,-2.62%
02/25/2021,"1,775.40","1,804.90","1,805.00","1,763.90",316.25K,-1.18%
02/24/2021,"1,796.60","1,805.00","1,810.70","1,782.00",1.50K,-0.45%
02/23/2021,"1,804.80","1,809.40","1,813.00","1,795.00",1.02K,-0.13%
02/22/2021,"1,807.20","1,785.00","1,809.90","1,779.50",1.73K,1.74%
02/19/2021,"1,776.30","1,772.70","1,789.00","1,759.40",1.79K,0.13%
02/18/2021,"1,774.00","1,776.20","1,787.60","1,765.90",0.62K,0.12%
02/17/2021,"1,771.80","1,789.20","1,792.60","1,767.70",1.02K,-1.45%
02/16/2021,"1,797.90","1,825.00","1,825.20","1,787.60",1.54K,-0.06%
02/15/2021,"1,799.00","1,826.00","1,827.10","1,788.10",355.92K,-1.26%
02/12/2021,"1,822.00","1,824.50","1,830.00","1,810.00",1.60K,-0.20%
02/11/2021,"1,825.60","1,821.10","1,846.00","1,820.90",0.92K,-0.87%
02/10/2021,"1,841.60","1,838.50","1,855.00","1,832.70",1.38K,0.29%
02/09/2021,"1,836.20","1,831.10","1,848.10","1,829.60",0.79K,0.17%
02/08/2021,"1,833.00","1,816.60","1,838.70","1,806.60",1.22K,1.16%
02/05/2021,"1,811.90","1,793.70","1,814.30","1,791.50",1.38K,1.21%
02/04/2021,"1,790.30","1,833.50","1,834.00","1,783.60",1.99K,-2.37%
02/03/2021,"1,833.80","1,837.60","1,844.50","1,829.40",0.81K,0.08%
02/02/2021,"1,832.40","1,861.70","1,863.60","1,829.20",1.66K,-1.60%
02/01/2021,"1,862.20","1,863.60","1,874.00","1,850.50",2.03K,0.71%
01/29/2021,"1,849.00","1,843.60","1,877.20","1,839.90",2.23K,0.52%
01/28/2021,"1,839.40","1,844.90","1,865.00","1,834.10",2.14K,-0.30%
01/27/2021,"1,844.90","1,849.70","1,851.50","1,828.40",195.54K,-0.32%
01/26/2021,"1,850.90","1,854.90","1,860.80","1,847.20",170.26K,-0.23%
01/25/2021,"1,855.20","1,855.30","1,867.40","1,846.20",211.98K,-0.05%
01/22/2021,"1,856.20","1,870.10","1,870.80","1,836.30",249.72K,-0.52%
01/21/2021,"1,865.90","1,871.00","1,874.60","1,857.50",196.94K,-0.03%
01/20/2021,"1,866.50","1,839.90","1,872.00","1,831.10",274.40K,1.43%
01/19/2021,"1,840.20","1,828.80","1,845.00","1,800.80",331.59K,0.00%
01/18/2021,"1,840.20","1,828.80","1,845.00","1,800.80",331.59K,0.56%
01/15/2021,"1,829.90","1,847.30","1,856.60","1,822.10",231.11K,-1.16%
01/14/2021,"1,851.40","1,845.60","1,857.60","1,826.60",257.66K,-0.19%
01/13/2021,"1,854.90","1,855.00","1,863.00","1,841.60",225.99K,0.58%
01/12/2021,"1,844.20","1,845.40","1,864.00","1,835.80",240.66K,-0.36%
01/11/2021,"1,850.80","1,849.40","1,856.00","1,817.10",268.36K,0.84%
01/08/2021,"1,835.40","1,915.20","1,918.40","1,827.80",443.51K,-4.09%
01/07/2021,"1,913.60","1,921.50","1,929.60","1,907.50",199.98K,0.26%
01/06/2021,"1,908.60","1,952.80","1,962.50","1,902.60",366.61K,-2.34%
01/05/2021,"1,954.40","1,946.00","1,957.00","1,938.40",201.95K,0.40%
01/04/2021,"1,946.60","1,908.20","1,948.70","1,906.10",273.37K,2.72%
12/31/2020,"1,895.10","1,899.00","1,904.90","1,889.10",130.63K,0.09%
12/30/2020,"1,893.40","1,881.80","1,899.00","1,879.50",133.66K,0.69%
12/29/2020,"1,880.50","1,880.00","1,886.30","1,874.40",0.34K,0.14%
12/28/2020,"1,877.90","1,884.40","1,900.80","1,874.10",1.31K,-0.15%
12/24/2020,"1,880.70","1,874.10","1,882.10","1,871.10",0.20K,0.27%
12/23/2020,"1,875.60","1,862.20","1,880.10","1,859.80",0.50K,0.42%
12/22/2020,"1,867.70","1,883.70","1,885.40","1,861.60",0.56K,-0.67%
12/21/2020,"1,880.30","1,890.30","1,908.50","1,857.20",1.06K,-0.33%
12/18/2020,"1,886.50","1,887.10","1,892.70","1,879.90",0.59K,-0.07%
12/17/2020,"1,887.90","1,866.70","1,898.30","1,864.10",1.32K,1.66%
12/16/2020,"1,857.00","1,853.50","1,867.10","1,846.20",0.58K,0.21%
12/15/2020,"1,853.20","1,827.90","1,856.10","1,827.70",0.74K,1.28%
12/14/2020,"1,829.80","1,838.70","1,839.80","1,821.10",0.61K,-0.63%
12/11/2020,"1,841.40","1,838.30","1,849.40","1,827.70",0.53K,0.34%
12/10/2020,"1,835.20","1,840.30","1,851.20","1,831.30",0.74K,-0.05%
12/09/2020,"1,836.10","1,872.00","1,872.00","1,826.80",1.05K,-1.93%
12/08/2020,"1,872.30","1,864.10","1,877.00","1,861.70",0.89K,0.48%
12/07/2020,"1,863.30","1,838.40","1,870.20","1,823.00",1.17K,1.40%
12/04/2020,"1,837.50","1,842.30","1,850.10","1,830.20",1.25K,-0.05%
12/03/2020,"1,838.40","1,830.50","1,844.00","1,824.00",1.37K,0.59%
12/02/2020,"1,827.60","1,814.60","1,833.00","1,808.10",1.75K,0.61%
12/01/2020,"1,816.60","1,777.50","1,818.30","1,776.40",1.66K,2.17%
11/30/2020,"1,778.00","1,787.40","1,789.90","1,764.90",1.61K,-0.38%
11/27/2020,"1,784.80","1,809.90","1,820.00","1,772.90",6.58K,-0.18%
11/26/2020,"1,788.10","1,812.10","1,822.60","1,776.50",282.35K,-0.96%
11/25/2020,"1,805.50","1,805.20","1,816.30","1,798.60",205.75K,0.05%
11/24/2020,"1,804.60","1,835.70","1,836.90","1,797.10",367.88K,-1.81%
11/23/2020,"1,837.80","1,869.80","1,875.00","1,828.00",319.66K,-1.85%
11/20/2020,"1,872.40","1,864.80","1,879.20","1,859.10",186.17K,0.59%
11/19/2020,"1,861.50","1,872.00","1,872.60","1,850.00",222.35K,-0.66%
11/18/2020,"1,873.90","1,879.50","1,884.20","1,860.30",209.00K,-0.59%
11/17/2020,"1,885.10","1,888.20","1,892.70","1,876.30",160.88K,-0.14%
11/16/2020,"1,887.80","1,886.60","1,898.00","1,861.50",222.94K,0.08%
11/13/2020,"1,886.20","1,875.60","1,895.80","1,872.10",162.54K,0.69%
11/12/2020,"1,873.30","1,863.90","1,883.00","1,860.70",209.93K,0.63%
11/11/2020,"1,861.60","1,876.10","1,882.50","1,853.90",215.17K,-0.79%
11/10/2020,"1,876.40","1,864.10","1,888.90","1,858.90",264.87K,1.19%
11/09/2020,"1,854.40","1,956.00","1,966.10","1,848.00",496.09K,-4.99%
11/06/2020,"1,951.70","1,950.00","1,961.80","1,937.20",246.78K,0.25%
11/05/2020,"1,946.80","1,903.40","1,954.30","1,902.20",297.51K,2.67%
11/04/2020,"1,896.20","1,910.30","1,917.90","1,881.80",293.95K,-0.74%
11/03/2020,"1,910.40","1,896.40","1,912.20","1,887.60",171.37K,0.95%
11/02/2020,"1,892.50","1,877.00","1,897.10","1,873.30",164.94K,0.67%
10/30/2020,"1,879.90","1,867.90","1,890.90","1,863.30",213.17K,0.64%
10/29/2020,"1,868.00","1,877.50","1,885.10","1,859.20",225.16K,-0.45%
10/28/2020,"1,876.50","1,908.00","1,909.80","1,867.90",0.28K,-1.71%
10/27/2020,"1,909.20","1,901.30","1,910.80","1,898.40",0.33K,0.32%
10/26/2020,"1,903.10","1,902.10","1,908.00","1,890.80",0.28K,0.04%
10/23/2020,"1,902.30","1,904.30","1,913.70","1,893.00",0.39K,0.04%
10/22/2020,"1,901.60","1,924.00","1,925.40","1,891.90",1.13K,-1.25%
10/21/2020,"1,925.70","1,909.00","1,932.00","1,908.50",0.89K,0.74%
10/20/2020,"1,911.60","1,902.20","1,913.60","1,893.60",0.37K,0.20%
10/19/2020,"1,907.70","1,899.60","1,919.00","1,896.90",0.51K,0.28%
10/16/2020,"1,902.40","1,908.40","1,913.40","1,897.80",0.27K,-0.13%
10/15/2020,"1,904.90","1,902.00","1,909.20","1,889.00",0.49K,0.09%
10/14/2020,"1,903.10","1,891.30","1,912.80","1,880.90",0.41K,0.68%
10/13/2020,"1,890.20","1,923.70","1,925.10","1,885.90",0.80K,-1.77%
10/12/2020,"1,924.30","1,930.90","1,933.30","1,920.00",0.44K,0.12%
10/09/2020,"1,921.90","1,894.80","1,932.00","1,894.80",0.97K,1.63%
10/08/2020,"1,891.00","1,886.80","1,900.40","1,881.70",0.70K,0.22%
10/07/2020,"1,886.80","1,879.90","1,897.40","1,873.20",0.44K,-0.94%
10/06/2020,"1,904.80","1,913.70","1,922.00","1,875.10",1.05K,-0.59%
10/05/2020,"1,916.10","1,906.70","1,920.00","1,887.70",0.66K,0.65%
10/02/2020,"1,903.80","1,907.00","1,919.00","1,893.00",0.81K,-0.44%
10/01/2020,"1,912.30","1,888.00","1,913.90","1,886.00",0.75K,1.11%
09/30/2020,"1,891.30","1,898.90","1,903.60","1,882.10",0.55K,-0.39%
09/29/2020,"1,898.70","1,881.20","1,899.90","1,877.60",0.53K,1.38%
09/28/2020,"1,872.80","1,855.60","1,878.40","1,843.20",10.46K,0.81%
09/25/2020,"1,857.80","1,866.20","1,870.60","1,846.00",10.59K,-0.59%
09/24/2020,"1,868.90","1,859.40","1,872.80","1,843.00",19.91K,0.45%
09/23/2020,"1,860.50","1,895.00","1,901.60","1,848.00",18.93K,-2.04%
09/22/2020,"1,899.30","1,909.10","1,916.80","1,890.70",11.15K,-0.15%
09/21/2020,"1,902.10","1,948.30","1,954.10","1,878.50",18.21K,-2.62%
09/18/2020,"1,953.20","1,944.00","1,959.10","1,942.90",6.45K,0.61%
09/17/2020,"1,941.30","1,959.60","1,960.50","1,930.20",12.10K,-1.06%
09/16/2020,"1,962.00","1,954.30","1,975.40","1,949.10",11.67K,0.20%
09/15/2020,"1,958.00","1,957.60","1,973.80","1,947.70",18.10K,0.17%
09/14/2020,"1,954.70","1,940.30","1,963.60","1,937.00",6.70K,0.78%
09/11/2020,"1,939.50","1,945.00","1,954.60","1,936.20",8.09K,-0.84%
09/10/2020,"1,956.00","1,947.50","1,966.60","1,940.40",11.35K,0.47%
09/09/2020,"1,946.80","1,932.00","1,951.40","1,918.80",8.35K,0.60%
09/08/2020,"1,935.10","1,930.00","1,940.20","1,904.60",15.62K,-0.42%
09/07/2020,"1,943.20","1,938.00","1,948.30","1,911.70",416.01K,0.88%
09/04/2020,"1,926.20","1,931.90","1,948.80","1,914.60",10.62K,-0.21%
09/03/2020,"1,930.20","1,941.80","1,948.40","1,919.70",8.94K,-0.35%
09/02/2020,"1,936.90","1,967.90","1,972.40","1,931.50",10.84K,-1.72%
09/01/2020,"1,970.80","1,965.90","1,992.50","1,961.20",10.95K,0.02%
08/31/2020,"1,970.50","1,966.70","1,977.70","1,955.00",7.16K,0.19%
08/28/2020,"1,966.80","1,930.10","1,974.90","1,921.20",11.76K,2.31%
08/27/2020,"1,922.30","1,950.90","1,973.80","1,907.70",2.30K,-1.00%
08/26/2020,"1,941.70","1,927.60","1,952.60","1,899.10",3.29K,1.53%
08/25/2020,"1,912.50","1,925.40","1,932.90","1,909.40",1.66K,-0.83%
08/24/2020,"1,928.60","1,937.20","1,959.20","1,920.10",1.41K,-0.38%
08/21/2020,"1,936.00","1,945.80","1,950.40","1,908.20",1.73K,0.03%
08/20/2020,"1,935.40","1,924.60","1,951.50","1,920.00",2.07K,-1.28%
08/19/2020,"1,960.50","2,001.50","2,003.00","1,920.80",2.83K,-2.05%
08/18/2020,"2,001.60","1,981.60","2,013.00","1,973.60",1.70K,0.73%
08/17/2020,"1,987.10","1,945.20","1,988.60","1,930.80",1.77K,2.49%
08/14/2020,"1,938.80","1,952.10","1,958.30","1,930.20",1.26K,-1.05%
08/13/2020,"1,959.30","1,918.60","1,963.50","1,911.70",2.50K,1.13%
08/12/2020,"1,937.50","1,910.20","1,948.70","1,863.70",4.16K,0.09%
08/11/2020,"1,935.70","2,024.20","2,027.00","1,900.90",6.16K,-4.52%
08/10/2020,"2,027.30","2,032.00","2,047.30","2,015.70",2.55K,0.65%
08/07/2020,"2,014.30","2,062.40","2,074.00","2,011.00",4.37K,-1.96%
08/06/2020,"2,054.60","2,036.90","2,065.10","2,033.60",2.61K,1.07%
08/05/2020,"2,032.90","2,020.20","2,053.50","2,011.20",4.75K,1.43%
08/04/2020,"2,004.20","1,976.60","2,020.50","1,968.10",3.91K,1.76%
08/03/2020,"1,969.50","1,979.70","1,992.10","1,958.50",2.82K,0.08%
07/31/2020,"1,968.00","1,957.00","1,985.70","1,954.30",5.17K,0.95%
07/30/2020,"1,949.50","1,970.80","1,971.10","1,936.40",5.71K,-0.20%
07/29/2020,"1,953.40","1,950.60","1,974.90","1,935.20",209.84K,0.45%
07/28/2020,"1,944.60","1,937.10","1,974.70","1,900.20",434.45K,0.70%
07/27/2020,"1,931.00","1,901.20","1,941.90","1,899.00",428.23K,1.77%
07/24/2020,"1,897.50","1,884.90","1,904.60","1,880.50",300.17K,0.40%
07/23/2020,"1,890.00","1,871.60","1,897.70","1,863.10",418.75K,1.34%
07/22/2020,"1,865.10","1,842.80","1,871.80","1,842.10",382.23K,1.15%
07/21/2020,"1,843.90","1,819.60","1,844.90","1,817.20",271.09K,1.46%
07/20/2020,"1,817.40","1,812.30","1,823.40","1,806.60",177.74K,0.41%
07/17/2020,"1,810.00","1,796.90","1,813.90","1,795.20",167.01K,0.54%
07/16/2020,"1,800.30","1,813.10","1,816.20","1,794.10",196.57K,-0.74%
07/15/2020,"1,813.80","1,811.10","1,819.50","1,804.00",183.06K,0.02%
07/14/2020,"1,813.40","1,805.20","1,815.00","1,791.10",253.21K,-0.04%
07/13/2020,"1,814.10","1,803.40","1,818.80","1,802.10",230.40K,0.68%
07/10/2020,"1,801.90","1,808.40","1,817.00","1,796.50",223.83K,-0.11%
07/09/2020,"1,803.80","1,818.80","1,825.50","1,799.60",283.37K,-0.92%
07/08/2020,"1,820.60","1,807.90","1,829.80","1,803.80",247.50K,0.59%
07/07/2020,"1,809.90","1,793.90","1,810.80","1,781.20",221.73K,0.91%
07/06/2020,"1,793.50","1,787.90","1,799.00","1,779.20",184.65K,0.00%
07/03/2020,"1,793.50","1,787.90","1,799.00","1,779.20",184.65K,0.20%
07/02/2020,"1,790.00","1,779.00","1,791.70","1,766.30",186.31K,0.57%
07/01/2020,"1,779.90","1,798.90","1,807.70","1,767.90",263.25K,-1.14%
06/30/2020,"1,800.50","1,784.20","1,804.00","1,774.80",199.42K,1.08%
06/29/2020,"1,781.20","1,789.20","1,790.40","1,776.50",130.51K,0.45%
06/26/2020,"1,773.30","1,768.20","1,778.50","1,748.40",0.64K,0.58%
06/25/2020,"1,763.10","1,760.70","1,771.70","1,760.40",0.48K,-0.28%
06/24/2020,"1,768.10","1,777.30","1,786.30","1,765.00",1.71K,-0.34%
06/23/2020,"1,774.10","1,759.30","1,777.60","1,751.70",1.03K,0.89%
06/22/2020,"1,758.40","1,755.50","1,771.00","1,747.40",1.91K,0.65%
06/19/2020,"1,747.10","1,726.30","1,753.50","1,726.30",1.87K,1.22%
06/18/2020,"1,726.00","1,730.70","1,742.10","1,717.60",0.26K,-0.25%
06/17/2020,"1,730.30","1,730.60","1,733.80","1,714.40",0.36K,-0.07%
06/16/2020,"1,731.50","1,729.00","1,735.50","1,718.90",0.37K,0.56%
06/15/2020,"1,721.80","1,733.20","1,736.20","1,701.00",0.65K,-0.59%
06/12/2020,"1,732.00","1,729.70","1,746.90","1,724.10",0.59K,-0.16%
06/11/2020,"1,734.70","1,741.20","1,749.40","1,722.60",0.76K,1.12%
06/10/2020,"1,715.50","1,715.10","1,743.60","1,709.00",1.15K,-0.09%
06/09/2020,"1,717.00","1,699.20","1,724.10","1,694.40",0.62K,1.01%
06/08/2020,"1,699.90","1,682.00","1,702.60","1,675.80",0.75K,1.27%
06/05/2020,"1,678.50","1,715.00","1,717.20","1,669.10",1.10K,-2.51%
06/04/2020,"1,721.80","1,699.60","1,722.60","1,695.50",1.10K,1.22%
06/03/2020,"1,701.00","1,729.70","1,729.80","1,686.90",1.72K,-1.61%
06/02/2020,"1,728.90","1,743.50","1,750.00","1,724.10",0.69K,-0.83%
06/01/2020,"1,743.30","1,743.00","1,752.70","1,730.50",0.71K,0.02%
05/29/2020,"1,742.90","1,724.90","1,745.00","1,718.60",1.19K,1.34%
05/28/2020,"1,719.80","1,718.70","1,734.50","1,714.00",1.56K,0.53%
05/27/2020,"1,710.70","1,703.10","1,713.20","1,684.20",137.42K,0.30%
05/26/2020,"1,705.60","1,730.20","1,737.20","1,700.00",313.17K,0.00%
05/25/2020,"1,705.60","1,734.80","1,737.20","1,700.00",313.17K,-1.72%
05/22/2020,"1,735.50","1,726.00","1,742.00","1,722.50",196.82K,0.79%
05/21/2020,"1,721.90","1,751.70","1,751.70","1,715.30",238.74K,-1.72%
05/20/2020,"1,752.10","1,749.20","1,757.60","1,744.00",184.46K,0.37%
05/19/2020,"1,745.60","1,734.80","1,751.60","1,727.20",185.26K,0.65%
05/18/2020,"1,734.40","1,757.50","1,775.80","1,729.30",271.47K,-1.25%
05/15/2020,"1,756.30","1,738.50","1,761.20","1,736.80",200.18K,0.88%
05/14/2020,"1,740.90","1,723.10","1,746.50","1,716.00",212.91K,1.43%
05/13/2020,"1,716.40","1,705.00","1,726.50","1,701.60",211.61K,0.56%
05/12/2020,"1,706.80","1,700.00","1,716.70","1,693.50",198.07K,0.52%
05/11/2020,"1,698.00","1,706.00","1,713.80","1,692.10",202.17K,-0.93%
05/08/2020,"1,713.90","1,727.20","1,735.50","1,703.10",232.81K,-0.69%
05/07/2020,"1,725.80","1,686.00","1,733.20","1,683.90",250.70K,2.21%
05/06/2020,"1,688.50","1,714.10","1,716.60","1,683.00",203.37K,-1.29%
05/05/2020,"1,710.60","1,711.00","1,717.80","1,695.40",184.73K,-0.16%
05/04/2020,"1,713.30","1,711.20","1,726.00","1,700.30",148.73K,0.73%
05/01/2020,"1,700.90","1,693.50","1,714.40","1,676.00",168.02K,0.40%
04/30/2020,"1,694.20","1,729.60","1,737.00","1,687.50",234.53K,-1.12%
04/29/2020,"1,713.40","1,724.80","1,733.50","1,708.20",159.60K,0.16%
04/28/2020,"1,710.60","1,713.50","1,720.70","1,694.90",1.26K,-0.12%
04/27/2020,"1,712.60","1,734.30","1,734.30","1,708.30",0.74K,-0.67%
04/24/2020,"1,724.20","1,733.70","1,746.60","1,715.00",0.90K,-0.53%
04/23/2020,"1,733.40","1,725.60","1,750.00","1,721.20",1.70K,0.35%
04/22/2020,"1,727.40","1,698.60","1,730.40","1,690.10",1.65K,2.93%
04/21/2020,"1,678.30","1,703.60","1,709.90","1,659.20",1.66K,-1.47%
04/20/2020,"1,703.40","1,685.00","1,710.00","1,677.60",0.62K,0.75%
04/17/2020,"1,690.80","1,722.90","1,725.70","1,683.50",1.83K,-1.85%
04/16/2020,"1,722.70","1,732.20","1,756.40","1,718.00",1.02K,-0.40%
04/15/2020,"1,729.60","1,746.60","1,747.70","1,722.40",1.08K,-1.68%
04/14/2020,"1,759.10","1,752.70","1,778.20","1,737.70",1.16K,0.53%
04/13/2020,"1,749.80","1,729.50","1,760.60","1,711.80",1.61K,0.57%
04/09/2020,"1,739.90","1,669.20","1,739.70","1,666.50",1.88K,3.93%
04/08/2020,"1,674.10","1,669.80","1,685.00","1,660.80",1.29K,0.09%
04/07/2020,"1,672.60","1,694.80","1,731.80","1,662.00",2.14K,-0.68%
04/06/2020,"1,684.00","1,639.70","1,705.50","1,628.10",1.47K,2.83%
04/03/2020,"1,637.60","1,629.70","1,642.00","1,616.50",0.51K,0.42%
04/02/2020,"1,630.70","1,599.00","1,635.80","1,590.50",0.44K,2.94%
04/01/2020,"1,584.10","1,581.70","1,605.00","1,574.80",0.35K,-0.33%
03/31/2020,"1,589.30","1,634.60","1,634.60","1,582.80",0.97K,-2.92%
03/30/2020,"1,637.10","1,653.70","1,667.40","1,623.40",3.08K,0.74%
03/27/2020,"1,625.00","1,640.40","1,647.20","1,611.40",100.64K,-1.59%
03/26/2020,"1,651.20","1,642.50","1,672.50","1,611.00",215.97K,1.09%
03/25/2020,"1,633.40","1,666.20","1,699.30","1,615.20",254.19K,-1.65%
03/24/2020,"1,660.80","1,563.80","1,698.00","1,560.50",418.78K,5.95%
03/23/2020,"1,567.60","1,505.00","1,569.30","1,484.60",362.07K,5.59%
03/20/2020,"1,484.60","1,471.60","1,519.40","1,457.50",269.97K,0.36%
03/19/2020,"1,479.30","1,487.20","1,502.80","1,460.10",325.29K,0.09%
03/18/2020,"1,477.90","1,527.60","1,547.00","1,473.30",435.19K,-3.14%
03/17/2020,"1,525.80","1,512.80","1,554.30","1,465.60",434.51K,2.64%
03/16/2020,"1,486.50","1,563.80","1,574.80","1,450.90",565.98K,-1.99%
03/13/2020,"1,516.70","1,582.70","1,597.90","1,504.00",551.05K,-4.63%
03/12/2020,"1,590.30","1,633.10","1,651.00","1,560.40",605.72K,-3.17%
03/11/2020,"1,642.30","1,649.30","1,671.80","1,632.40",404.35K,-1.08%
03/10/2020,"1,660.30","1,679.60","1,681.30","1,641.10",385.48K,-0.92%
03/09/2020,"1,675.70","1,692.60","1,704.30","1,658.00",504.16K,0.20%
03/06/2020,"1,672.40","1,673.10","1,692.80","1,642.40",659.63K,0.26%
03/05/2020,"1,668.00","1,638.20","1,675.50","1,635.60",363.00K,1.52%
03/04/2020,"1,643.00","1,640.10","1,654.30","1,632.60",313.34K,-0.09%
03/03/2020,"1,644.40","1,586.00","1,650.50","1,585.90",466.53K,3.11%
03/02/2020,"1,594.80","1,592.80","1,612.10","1,576.30",443.53K,1.79%
02/28/2020,"1,566.70","1,646.10","1,651.00","1,564.00",745.84K,-4.61%
02/27/2020,"1,642.50","1,643.00","1,662.50","1,636.70",573.29K,0.13%
02/26/2020,"1,640.40","1,636.40","1,652.40","1,624.40",1.99K,-0.40%
02/25/2020,"1,647.00","1,662.00","1,662.30","1,625.00",2.65K,-1.58%
02/24/2020,"1,673.50","1,651.00","1,687.30","1,651.00",2.81K,1.73%
02/21/2020,"1,645.10","1,620.40","1,648.10","1,618.60",2.32K,1.71%
02/20/2020,"1,617.40","1,610.90","1,622.80","1,603.80",2.79K,0.53%
02/19/2020,"1,608.80","1,601.80","1,612.90","1,600.00",2.21K,0.49%
02/18/2020,"1,601.00","1,581.20","1,605.30","1,579.20",2.68K,-0.16%
02/17/2020,"1,603.60","1,585.10","1,608.20","1,581.80",414.24K,1.25%
02/14/2020,"1,583.80","1,577.50","1,585.30","1,573.60",0.69K,0.48%
02/13/2020,"1,576.30","1,566.80","1,578.80","1,566.60",1.30K,0.48%
02/12/2020,"1,568.80","1,567.90","1,570.30","1,561.60",0.83K,0.10%
02/11/2020,"1,567.20","1,573.00","1,574.50","1,562.60",0.86K,-0.60%
02/10/2020,"1,576.60","1,573.00","1,577.30","1,569.10",0.46K,0.38%
02/07/2020,"1,570.60","1,567.60","1,574.60","1,560.70",1.01K,0.22%
02/06/2020,"1,567.20","1,556.80","1,568.90","1,553.50",1.48K,0.46%
02/05/2020,"1,560.10","1,553.20","1,563.20","1,548.40",1.52K,0.48%
02/04/2020,"1,552.70","1,579.50","1,580.70","1,550.00",1.88K,-1.70%
02/03/2020,"1,579.50","1,594.60","1,595.10","1,570.50",1.60K,-0.34%
01/31/2020,"1,584.90","1,575.60","1,592.30","1,572.00",2.47K,-0.10%
01/30/2020,"1,586.50","1,578.70","1,587.80","1,574.20",4.08K,1.03%
01/29/2020,"1,570.40","1,566.30","1,577.70","1,562.00",251.27K,0.04%
01/28/2020,"1,569.80","1,580.60","1,582.20","1,564.60",378.01K,-0.48%
01/27/2020,"1,577.40","1,580.50","1,588.40","1,575.30",398.06K,0.35%
01/24/2020,"1,571.90","1,562.90","1,575.50","1,555.80",427.14K,0.42%
01/23/2020,"1,565.40","1,558.90","1,567.50","1,551.30",361.03K,0.56%
01/22/2020,"1,556.70","1,558.90","1,559.80","1,550.00",286.08K,-0.08%
01/21/2020,"1,557.90","1,557.30","1,568.80","1,546.00",462.62K,0.00%
01/20/2020,"1,557.90","1,557.30","1,568.80","1,546.00",462.62K,-0.15%
01/17/2020,"1,560.30","1,553.00","1,561.40","1,549.30",264.93K,0.63%
01/16/2020,"1,550.50","1,556.60","1,558.20","1,548.00",260.05K,-0.23%
01/15/2020,"1,554.00","1,546.80","1,558.80","1,546.50",310.07K,0.61%
01/14/2020,"1,544.60","1,548.60","1,549.50","1,536.40",340.91K,-0.39%
01/13/2020,"1,550.60","1,563.00","1,563.10","1,547.00",311.73K,-0.61%
01/10/2020,"1,560.10","1,553.40","1,564.10","1,546.70",344.34K,0.37%
01/09/2020,"1,554.30","1,557.70","1,562.40","1,541.00",372.88K,-0.38%
01/08/2020,"1,560.20","1,578.80","1,613.30","1,553.40",813.41K,-0.90%
01/07/2020,"1,574.30","1,567.40","1,579.20","1,557.00",435.87K,0.35%
01/06/2020,"1,568.80","1,562.70","1,590.90","1,562.30",558.97K,1.06%
01/03/2020,"1,552.40","1,531.70","1,556.60","1,530.40",436.74K,1.59%
01/02/2020,"1,528.10","1,521.00","1,534.00","1,519.70",270.55K,0.33%
12/31/2019,"1,523.10","1,517.70","1,529.00","1,517.50",220.85K,0.30%
12/30/2019,"1,518.60","1,515.90","1,519.10","1,513.50",178.72K,0.28%
12/27/2019,"1,514.30","1,512.00","1,515.60","1,508.80",0.84K,0.24%
12/26/2019,"1,510.70","1,498.70","1,513.60","1,498.20",1.01K,0.67%
12/24/2019,"1,500.60","1,485.00","1,500.80","1,483.90",0.50K,1.10%
12/23/2019,"1,484.30","1,477.80","1,485.40","1,477.50",3.42K,0.49%
12/20/2019,"1,477.00","1,478.80","1,480.40","1,475.80",0.30K,-0.22%
12/19/2019,"1,480.20","1,475.70","1,481.20","1,472.60",1.69K,0.37%
12/18/2019,"1,474.70","1,476.70","1,480.00","1,470.50",0.78K,-0.16%
12/17/2019,"1,477.00","1,477.60","1,481.50","1,475.90",2.75K,-0.06%
12/16/2019,"1,477.90","1,477.10","1,481.30","1,475.40",0.46K,-0.05%
12/13/2019,"1,478.60","1,469.50","1,479.70","1,463.30",0.82K,0.60%
12/12/2019,"1,469.80","1,476.50","1,488.90","1,465.80",1.15K,-0.20%
12/11/2019,"1,472.70","1,466.20","1,481.00","1,465.00",0.60K,0.46%
12/10/2019,"1,465.90","1,463.90","1,470.70","1,462.40",0.64K,0.21%
12/09/2019,"1,462.80","1,461.10","1,467.30","1,460.70",2.25K,0.02%
12/06/2019,"1,462.50","1,478.20","1,481.50","1,461.00",0.68K,-1.20%
12/05/2019,"1,480.30","1,477.60","1,482.70","1,475.90",0.64K,0.19%
12/04/2019,"1,477.50","1,480.40","1,487.00","1,474.00",0.88K,-0.28%
12/03/2019,"1,481.60","1,465.50","1,484.70","1,462.80",1.40K,1.04%
12/02/2019,"1,466.40","1,467.30","1,468.50","1,457.40",1.40K,-0.24%
11/29/2019,"1,470.00","1,459.30","1,470.10","1,456.90",1.63K,-0.18%
11/28/2019,"1,472.70","1,461.20","1,472.90","1,459.10",272.34K,1.02%
11/27/2019,"1,457.90","1,465.60","1,465.60","1,457.00",4.34K,-0.16%
11/26/2019,"1,460.30","1,455.10","1,462.90","1,449.60",346.36K,0.23%
11/25/2019,"1,456.90","1,461.00","1,462.00","1,453.90",298.71K,-0.46%
11/22/2019,"1,463.60","1,464.30","1,473.40","1,461.20",320.50K,0.00%
11/21/2019,"1,463.60","1,475.10","1,475.90","1,462.40",388.34K,-0.72%
11/20/2019,"1,474.20","1,472.70","1,479.20","1,466.10",369.97K,-0.01%
11/19/2019,"1,474.30","1,471.90","1,475.80","1,465.10",307.86K,0.16%
11/18/2019,"1,471.90","1,467.80","1,474.40","1,456.60",331.24K,0.23%
11/15/2019,"1,468.50","1,471.90","1,472.10","1,462.80",251.21K,-0.33%
11/14/2019,"1,473.40","1,464.00","1,475.50","1,461.70",317.40K,0.69%
11/13/2019,"1,463.30","1,456.50","1,467.90","1,456.40",352.33K,0.66%
11/12/2019,"1,453.70","1,455.90","1,461.30","1,446.20",429.61K,-0.23%
11/11/2019,"1,457.10","1,460.00","1,467.40","1,448.90",310.16K,-0.40%
11/08/2019,"1,462.90","1,469.00","1,473.90","1,457.00",447.07K,-0.24%
11/07/2019,"1,466.40","1,492.10","1,493.60","1,461.40",674.98K,-1.79%
11/06/2019,"1,493.10","1,484.30","1,495.90","1,483.80",313.72K,0.63%
11/05/2019,"1,483.70","1,511.60","1,511.90","1,480.70",593.62K,-1.81%
11/04/2019,"1,511.10","1,516.40","1,517.10","1,506.50",260.20K,-0.02%
11/01/2019,"1,511.40","1,515.10","1,519.00","1,505.40",380.99K,-0.22%
10/31/2019,"1,514.80","1,498.80","1,516.70","1,496.00",390.01K,1.21%
10/30/2019,"1,496.70","1,490.50","1,499.30","1,483.10",353.64K,0.63%
10/29/2019,"1,487.40","1,491.50","1,492.90","1,482.70",0.43K,-0.34%
10/28/2019,"1,492.40","1,503.60","1,506.30","1,489.10",0.36K,-0.62%
10/25/2019,"1,501.70","1,502.10","1,517.00","1,499.70",0.44K,0.05%
10/24/2019,"1,501.00","1,490.40","1,502.40","1,486.70",1.01K,0.62%
10/23/2019,"1,491.80","1,487.30","1,495.10","1,486.70",0.57K,0.55%
10/22/2019,"1,483.60","1,483.70","1,488.20","1,480.00",0.79K,-0.04%
10/21/2019,"1,484.20","1,490.70","1,494.70","1,481.60",1.24K,-0.39%
10/18/2019,"1,490.00","1,492.50","1,492.90","1,484.80",0.78K,-0.28%
10/17/2019,"1,494.20","1,490.10","1,496.10","1,484.30",1.60K,0.27%
10/16/2019,"1,490.20","1,480.50","1,491.20","1,477.10",0.54K,0.71%
10/15/2019,"1,479.70","1,493.10","1,498.00","1,477.70",0.78K,-0.94%
10/14/2019,"1,493.80","1,488.00","1,496.80","1,483.30",0.98K,0.61%
10/11/2019,"1,484.70","1,495.80","1,503.80","1,474.70",1.43K,-0.82%
10/10/2019,"1,497.00","1,512.50","1,517.80","1,492.00",0.97K,-0.79%
10/09/2019,"1,508.90","1,509.50","1,512.50","1,501.50",0.29K,0.59%
10/08/2019,"1,500.10","1,495.00","1,511.00","1,488.40",1.30K,-0.04%
10/07/2019,"1,500.70","1,514.10","1,515.10","1,492.00",0.29K,-0.56%
10/04/2019,"1,509.20","1,509.00","1,516.50","1,498.10",0.57K,-0.06%
10/03/2019,"1,510.10","1,502.10","1,521.00","1,498.30",0.62K,0.40%
10/02/2019,"1,504.10","1,482.90","1,507.00","1,477.70",0.80K,1.27%
10/01/2019,"1,485.20","1,475.00","1,489.30","1,461.50",1.18K,1.09%
09/30/2019,"1,469.20","1,497.60","1,503.20","1,467.00",1.54K,-2.23%
09/27/2019,"1,502.70","1,508.30","1,510.10","1,489.80",1.03K,-0.34%
09/26/2019,"1,507.90","1,503.70","1,512.00","1,500.00",8.18K,0.19%
09/25/2019,"1,505.10","1,530.90","1,534.90","1,499.80",15.73K,-1.79%
09/24/2019,"1,532.60","1,522.80","1,535.60","1,515.50",8.57K,0.56%
09/23/2019,"1,524.00","1,515.20","1,526.70","1,511.00",7.98K,1.06%
09/20/2019,"1,508.00","1,499.50","1,517.40","1,498.70",7.38K,0.57%
09/19/2019,"1,499.50","1,494.40","1,505.10","1,489.80",4.86K,-0.64%
09/18/2019,"1,509.10","1,502.60","1,512.20","1,484.00",8.29K,0.15%
09/17/2019,"1,506.90","1,499.40","1,508.40","1,494.60",10.85K,0.14%
09/16/2019,"1,504.80","1,500.30","1,512.80","1,496.90",5.61K,0.80%
09/13/2019,"1,492.90","1,499.80","1,509.80","1,486.70",6.27K,-0.53%
09/12/2019,"1,500.80","1,499.10","1,525.40","1,490.50",6.91K,0.28%
09/11/2019,"1,496.60","1,486.80","1,499.60","1,486.80",4.59K,0.26%
09/10/2019,"1,492.70","1,500.20","1,502.50","1,485.70",6.18K,-0.78%
09/09/2019,"1,504.50","1,509.20","1,517.10","1,499.10",7.33K,-0.30%
09/06/2019,"1,509.00","1,520.60","1,529.60","1,504.50",12.64K,-0.66%
09/05/2019,"1,519.00","1,555.00","1,555.50","1,508.20",13.90K,-2.25%
09/04/2019,"1,554.00","1,549.80","1,559.80","1,536.50",8.15K,0.28%
09/03/2019,"1,549.60","1,526.00","1,552.50","1,521.70",8.48K,-0.40%
09/02/2019,"1,555.90","1,535.20","1,558.90","1,528.00",554.83K,2.16%
08/30/2019,"1,523.00","1,530.60","1,535.70","1,519.30",6.28K,-0.49%
08/29/2019,"1,530.50","1,542.20","1,553.40","1,522.30",16.57K,-0.54%
08/28/2019,"1,538.80","1,540.90","1,546.00","1,531.70",2.76K,-0.17%
08/27/2019,"1,541.40","1,526.90","1,543.90","1,526.00",1.89K,0.93%
08/26/2019,"1,527.20","1,535.40","1,555.00","1,525.40",2.35K,-0.05%
08/23/2019,"1,527.90","1,498.20","1,530.20","1,493.40",2.73K,1.95%
08/22/2019,"1,498.70","1,502.50","1,504.50","1,492.60",2.13K,-0.49%
08/21/2019,"1,506.10","1,506.00","1,508.10","1,497.10",2.10K,-0.01%
08/20/2019,"1,506.30","1,497.60","1,509.00","1,494.90",1.60K,0.28%
08/19/2019,"1,502.10","1,513.00","1,513.50","1,493.90",1.62K,-0.79%
08/16/2019,"1,514.10","1,524.30","1,528.30","1,504.80",1.25K,-0.50%
08/15/2019,"1,521.70","1,519.40","1,527.60","1,509.50",2.35K,0.21%
08/14/2019,"1,518.50","1,502.80","1,525.40","1,495.00",3.03K,0.94%
08/13/2019,"1,504.30","1,512.30","1,536.00","1,480.00",6.27K,-0.23%
08/12/2019,"1,507.70","1,499.10","1,519.30","1,488.80",3.57K,0.61%
08/09/2019,"1,498.60","1,509.20","1,509.80","1,496.20",2.78K,-0.07%
08/08/2019,"1,499.70","1,502.30","1,511.10","1,491.90",2.49K,-0.66%
08/07/2019,"1,509.60","1,476.90","1,512.40","1,475.70",7.32K,2.33%
08/06/2019,"1,475.20","1,472.10","1,477.90","1,459.30",3.80K,0.51%
08/05/2019,"1,467.70","1,444.90","1,473.20","1,440.10",4.77K,1.31%
08/02/2019,"1,448.70","1,449.70","1,451.50","1,434.40",4.02K,1.72%
08/01/2019,"1,424.20","1,413.00","1,450.00","1,403.80",5.69K,-0.34%
07/31/2019,"1,429.10","1,435.00","1,439.00","1,413.80",4.03K,-0.30%
07/30/2019,"1,433.40","1,430.70","1,437.50","1,426.30",3.55K,0.92%
07/29/2019,"1,420.40","1,419.00","1,428.00","1,414.40",224.27K,0.08%
07/26/2019,"1,419.30","1,414.90","1,424.80","1,412.90",306.02K,0.33%
07/25/2019,"1,414.70","1,426.80","1,434.10","1,411.10",489.39K,-0.63%
07/24/2019,"1,423.60","1,418.60","1,430.00","1,416.70",318.16K,0.13%
07/23/2019,"1,421.70","1,426.00","1,431.40","1,414.60",386.68K,-0.36%
07/22/2019,"1,426.90","1,428.50","1,430.80","1,423.00",255.35K,0.01%
07/19/2019,"1,426.70","1,448.30","1,454.40","1,421.10",530.02K,-0.10%
07/18/2019,"1,428.10","1,428.50","1,449.70","1,415.60",481.33K,0.34%
07/17/2019,"1,423.30","1,407.90","1,428.40","1,401.30",358.17K,0.86%
07/16/2019,"1,411.20","1,416.40","1,420.00","1,402.10",334.82K,-0.16%
07/15/2019,"1,413.50","1,417.70","1,421.60","1,409.30",243.38K,0.09%
07/12/2019,"1,412.20","1,406.20","1,418.90","1,404.50",284.97K,0.39%
07/11/2019,"1,406.70","1,421.10","1,429.40","1,402.70",400.09K,-0.41%
07/10/2019,"1,412.50","1,400.00","1,421.10","1,391.80",443.50K,0.86%
07/09/2019,"1,400.50","1,397.90","1,402.40","1,387.50",287.18K,0.04%
07/08/2019,"1,400.00","1,401.00","1,409.90","1,393.80",318.69K,-0.01%
07/05/2019,"1,400.10","1,421.60","1,426.80","1,388.60",577.38K,0.00%
07/04/2019,"1,400.10","1,421.60","1,426.80","1,388.60",577.38K,-1.46%
07/03/2019,"1,420.90","1,424.70","1,441.00","1,414.70",419.61K,0.92%
07/02/2019,"1,408.00","1,386.20","1,424.00","1,386.20",383.25K,1.35%
07/01/2019,"1,389.30","1,401.80","1,401.90","1,384.70",389.76K,-1.73%
06/28/2019,"1,413.70","1,413.30","1,427.80","1,408.60",306.62K,0.12%
06/27/2019,"1,412.00","1,412.70","1,415.30","1,401.40",336.36K,0.04%
06/26/2019,"1,411.50","1,421.80","1,421.80","1,380.00",1.33K,-0.30%
06/25/2019,"1,415.80","1,419.90","1,438.20","1,412.50",0.94K,0.04%
06/24/2019,"1,415.20","1,401.10","1,421.40","1,401.10",0.98K,1.28%
06/21/2019,"1,397.30","1,389.90","1,412.00","1,383.40",0.98K,0.23%
06/20/2019,"1,394.10","1,361.20","1,393.90","1,358.80",1.10K,3.59%
06/19/2019,"1,345.80","1,347.80","1,363.00","1,342.00",0.65K,-0.15%
06/18/2019,"1,347.80","1,340.90","1,354.80","1,339.60",0.90K,0.58%
06/17/2019,"1,340.00","1,342.50","1,343.90","1,333.90",0.56K,-0.13%
06/14/2019,"1,341.70","1,343.40","1,359.00","1,338.70",1.50K,0.07%
06/13/2019,"1,340.80","1,334.90","1,344.00","1,333.30",0.62K,0.52%
06/12/2019,"1,333.90","1,327.50","1,338.80","1,326.80",0.61K,0.42%
06/11/2019,"1,328.30","1,328.90","1,330.40","1,320.80",0.38K,0.15%
06/10/2019,"1,326.30","1,336.80","1,337.50","1,326.10",0.47K,-1.27%
06/07/2019,"1,343.30","1,337.10","1,349.50","1,332.60",0.79K,0.26%
06/06/2019,"1,339.80","1,332.30","1,341.20","1,328.80",0.51K,0.69%
06/05/2019,"1,330.60","1,327.30","1,345.60","1,326.90",0.91K,0.37%
06/04/2019,"1,325.70","1,327.00","1,330.80","1,322.20",0.82K,0.06%
06/03/2019,"1,324.90","1,308.00","1,329.70","1,308.00",1.04K,1.29%
05/31/2019,"1,308.00","1,290.30","1,308.50","1,289.70",1.98K,1.40%
05/30/2019,"1,289.90","1,282.10","1,291.00","1,276.70",1.19K,0.69%
05/29/2019,"1,281.00","1,278.90","1,285.20","1,278.40",189.69K,0.31%
05/28/2019,"1,277.10","1,283.50","1,286.90","1,275.10",362.16K,0.00%
05/27/2019,"1,277.10","1,283.50","1,286.90","1,275.10",362.16K,-0.51%
05/24/2019,"1,283.60","1,283.20","1,284.70","1,280.10",218.71K,-0.14%
05/23/2019,"1,285.40","1,273.30","1,287.10","1,272.10",330.16K,0.88%
05/22/2019,"1,274.20","1,274.40","1,277.10","1,272.00",191.37K,0.08%
05/21/2019,"1,273.20","1,277.70","1,277.70","1,269.00",213.17K,-0.32%
05/20/2019,"1,277.30","1,277.60","1,278.80","1,273.30",212.18K,0.13%
05/17/2019,"1,275.70","1,287.20","1,289.00","1,274.60",264.57K,-0.82%
05/16/2019,"1,286.20","1,297.70","1,299.30","1,284.20",282.07K,-0.89%
05/15/2019,"1,297.80","1,298.00","1,301.70","1,293.60",247.52K,0.12%
05/14/2019,"1,296.30","1,300.80","1,304.20","1,294.30",222.05K,-0.42%
05/13/2019,"1,301.80","1,288.30","1,302.20","1,282.40",379.44K,1.12%
05/10/2019,"1,287.40","1,285.00","1,290.30","1,283.90",238.64K,0.17%
05/09/2019,"1,285.20","1,281.90","1,289.20","1,280.40",306.55K,0.30%
05/08/2019,"1,281.40","1,285.60","1,292.80","1,280.20",302.69K,-0.33%
05/07/2019,"1,285.60","1,282.40","1,287.30","1,279.10",251.09K,0.14%
05/06/2019,"1,283.80","1,281.80","1,287.40","1,278.10",244.34K,0.20%
05/03/2019,"1,281.30","1,271.60","1,283.90","1,269.00",280.32K,0.73%
05/02/2019,"1,272.00","1,278.50","1,279.40","1,267.30",282.50K,-0.95%
05/01/2019,"1,284.20","1,285.20","1,289.40","1,274.50",275.43K,-0.12%
04/30/2019,"1,285.70","1,281.90","1,288.20","1,281.50",239.44K,0.33%
04/29/2019,"1,281.50","1,289.00","1,289.10","1,279.90",208.96K,-0.31%
04/26/2019,"1,285.50","1,277.00","1,287.20","1,276.20",0.80K,0.71%
04/25/2019,"1,276.40","1,273.60","1,281.20","1,272.70",0.98K,-0.02%
04/24/2019,"1,276.60","1,271.50","1,276.50","1,267.90",0.34K,0.47%
04/23/2019,"1,270.60","1,274.40","1,275.00","1,265.90",0.73K,-0.32%
04/22/2019,"1,274.70","1,275.30","1,278.60","1,272.90",0.13K,0.13%
04/18/2019,"1,273.10","1,273.50","1,276.60","1,270.40",0.57K,-0.05%
04/17/2019,"1,273.80","1,276.30","1,279.20","1,272.50",0.46K,-0.03%
04/16/2019,"1,274.20","1,288.70","1,288.70","1,273.00",1.54K,-1.11%
04/15/2019,"1,288.50","1,291.20","1,292.10","1,283.00",0.43K,-0.29%
04/12/2019,"1,292.20","1,293.30","1,296.30","1,290.50",0.35K,0.13%
04/11/2019,"1,290.50","1,308.50","1,309.10","1,290.40",1.51K,-1.51%
04/10/2019,"1,310.30","1,305.00","1,311.00","1,301.70",0.79K,0.40%
04/09/2019,"1,305.10","1,298.70","1,307.00","1,297.50",0.59K,0.49%
04/08/2019,"1,298.80","1,294.40","1,304.40","1,292.70",0.94K,0.48%
04/05/2019,"1,292.60","1,293.70","1,294.50","1,285.60",0.44K,0.09%
04/04/2019,"1,291.40","1,291.50","1,295.70","1,282.00",1.14K,-0.07%
04/03/2019,"1,292.30","1,293.60","1,296.00","1,290.00",1.02K,-0.02%
04/02/2019,"1,292.50","1,288.70","1,293.80","1,286.80",0.93K,0.10%
04/01/2019,"1,291.20","1,294.30","1,298.30","1,288.30",1.55K,-0.34%
03/29/2019,"1,295.60","1,292.20","1,301.50","1,288.60",1.31K,0.24%
03/28/2019,"1,292.50","1,312.60","1,314.20","1,290.50",3.66K,-1.37%
03/27/2019,"1,310.40","1,315.40","1,318.80","1,307.30",206.26K,-0.35%
03/26/2019,"1,315.00","1,321.50","1,323.00","1,312.10",267.17K,-0.57%
03/25/2019,"1,322.60","1,313.30","1,324.50","1,310.60",251.98K,0.78%
03/22/2019,"1,312.30","1,309.30","1,314.70","1,306.50",271.38K,0.38%
03/21/2019,"1,307.30","1,312.70","1,320.20","1,302.80",332.61K,0.43%
03/20/2019,"1,301.70","1,306.00","1,317.20","1,298.10",370.40K,-0.37%
03/19/2019,"1,306.50","1,303.70","1,310.80","1,302.10",206.90K,0.38%
03/18/2019,"1,301.50","1,302.00","1,306.70","1,298.00",176.49K,-0.11%
03/15/2019,"1,302.90","1,295.60","1,306.30","1,293.70",234.65K,0.60%
03/14/2019,"1,295.10","1,309.50","1,310.30","1,292.50",248.21K,-1.08%
03/13/2019,"1,309.30","1,301.80","1,311.60","1,300.60",214.24K,0.86%
03/12/2019,"1,298.10","1,293.60","1,302.60","1,292.00",203.89K,0.54%
03/11/2019,"1,291.10","1,298.20","1,299.20","1,290.60",196.86K,-0.63%
03/08/2019,"1,299.30","1,286.70","1,301.30","1,285.60",283.84K,1.03%
03/07/2019,"1,286.10","1,287.30","1,289.60","1,280.80",257.92K,-0.12%
03/06/2019,"1,287.60","1,288.80","1,291.80","1,284.30",192.93K,0.23%
03/05/2019,"1,284.70","1,287.80","1,290.60","1,282.00",216.93K,-0.22%
03/04/2019,"1,287.50","1,294.40","1,298.10","1,283.80",268.39K,-0.90%
03/01/2019,"1,299.20","1,315.50","1,316.50","1,291.30",343.47K,-1.28%
02/28/2019,"1,316.10","1,321.70","1,328.90","1,314.00",252.24K,-0.39%
02/27/2019,"1,321.20","1,331.00","1,332.00","1,318.40",198.04K,-0.31%
02/26/2019,"1,325.30","1,326.60","1,329.10","1,322.90",0.94K,-0.09%
02/25/2019,"1,326.50","1,327.00","1,331.60","1,324.30",0.67K,-0.24%
02/22/2019,"1,329.70","1,323.40","1,332.20","1,321.40",0.59K,0.39%
02/21/2019,"1,324.60","1,338.30","1,339.70","1,320.80",1.39K,-1.45%
02/20/2019,"1,344.10","1,339.50","1,345.70","1,335.80",1.34K,0.25%
02/19/2019,"1,340.80","1,322.00","1,340.80","1,320.90",1.63K,-0.30%
02/18/2019,"1,344.80","1,325.00","1,345.00","1,323.80",348.64K,1.95%
02/15/2019,"1,319.10","1,312.70","1,322.20","1,312.20",1.03K,0.59%
02/14/2019,"1,311.30","1,307.50","1,314.60","1,302.70",0.87K,-0.08%
02/13/2019,"1,312.40","1,311.70","1,318.70","1,305.50",0.83K,0.08%
02/12/2019,"1,311.30","1,307.60","1,315.40","1,307.60",0.46K,0.16%
02/11/2019,"1,309.20","1,315.50","1,315.50","1,304.60",0.52K,-0.51%
02/08/2019,"1,315.90","1,311.30","1,316.60","1,309.40",0.43K,0.33%
02/07/2019,"1,311.60","1,308.00","1,313.00","1,304.00",0.98K,-0.01%
02/06/2019,"1,311.70","1,316.40","1,316.90","1,307.40",0.56K,-0.36%
02/05/2019,"1,316.50","1,313.50","1,318.20","1,312.20",0.28K,-0.01%
02/04/2019,"1,316.60","1,319.60","1,320.20","1,310.00",0.98K,-0.20%
02/01/2019,"1,319.30","1,323.20","1,325.10","1,317.80",1.16K,-0.23%
01/31/2019,"1,322.30","1,321.80","1,328.00","1,319.40",1.43K,0.72%
01/30/2019,"1,312.80","1,313.40","1,326.80","1,311.10",2.84K,0.30%
01/29/2019,"1,308.90","1,302.50","1,310.80","1,301.70",213.61K,0.45%
01/28/2019,"1,303.10","1,302.30","1,303.70","1,296.50",243.07K,0.39%
01/25/2019,"1,298.10","1,280.10","1,303.40","1,278.90",303.84K,1.43%
01/24/2019,"1,279.80","1,282.30","1,283.90","1,275.30",225.77K,-0.33%
01/23/2019,"1,284.00","1,284.60","1,286.00","1,277.70",217.13K,0.05%
01/22/2019,"1,283.40","1,280.70","1,285.00","1,276.00",318.85K,0.00%
01/21/2019,"1,283.40","1,280.70","1,285.00","1,276.00",318.85K,0.06%
01/18/2019,"1,282.60","1,291.90","1,292.20","1,280.10",225.57K,-0.75%
01/17/2019,"1,292.30","1,293.90","1,295.00","1,288.30",191.98K,-0.12%
01/16/2019,"1,293.80","1,289.60","1,295.40","1,287.60",181.39K,0.42%
01/15/2019,"1,288.40","1,292.40","1,294.80","1,286.50",242.07K,-0.22%
01/14/2019,"1,291.30","1,288.00","1,296.60","1,287.70",221.89K,0.14%
01/11/2019,"1,289.50","1,287.60","1,295.70","1,287.00",210.64K,0.16%
01/10/2019,"1,287.40","1,294.70","1,298.00","1,286.70",239.92K,-0.36%
01/09/2019,"1,292.00","1,286.10","1,295.00","1,280.90",245.97K,0.47%
01/08/2019,"1,285.90","1,289.90","1,291.40","1,280.20",221.92K,-0.31%
01/07/2019,"1,289.90","1,287.00","1,297.00","1,284.10",204.68K,0.32%
01/04/2019,"1,285.80","1,296.50","1,300.40","1,278.10",316.06K,-0.70%
01/03/2019,"1,294.80","1,288.50","1,296.90","1,286.40",244.54K,0.83%
01/02/2019,"1,284.10","1,285.00","1,291.00","1,280.60",235.33K,0.22%
12/31/2018,"1,281.30","1,283.00","1,286.50","1,279.70",113.26K,-0.13%
12/28/2018,"1,283.00","1,278.00","1,284.70","1,276.50",162.73K,0.44%
12/27/2018,"1,277.40","1,265.30","1,277.50","1,265.30",0.48K,0.66%
12/26/2018,"1,269.00","1,268.50","1,278.10","1,263.80",0.40K,0.09%
12/24/2018,"1,267.90","1,258.40","1,269.60","1,258.20",0.74K,1.06%
12/21/2018,"1,254.60","1,260.60","1,262.00","1,254.20",0.66K,-0.74%
12/20/2018,"1,263.90","1,244.30","1,265.70","1,242.30",0.77K,0.90%
12/19/2018,"1,252.60","1,250.00","1,258.20","1,241.60",0.60K,0.20%
12/18/2018,"1,250.10","1,246.30","1,250.40","1,246.10",0.23K,0.15%
12/17/2018,"1,248.20","1,236.30","1,248.30","1,236.30",0.24K,0.83%
12/14/2018,"1,237.90","1,242.30","1,243.20","1,233.10",0.38K,-0.47%
12/13/2018,"1,243.70","1,245.50","1,247.50","1,241.20",0.33K,-0.19%
12/12/2018,"1,246.10","1,244.90","1,247.50","1,243.70",0.43K,0.27%
12/11/2018,"1,242.80","1,245.70","1,250.50","1,242.30",0.50K,-0.17%
12/10/2018,"1,244.90","1,251.40","1,251.80","1,242.60",1.59K,-0.26%
12/07/2018,"1,248.20","1,239.10","1,251.40","1,239.10",1.56K,0.69%
12/06/2018,"1,239.70","1,240.60","1,246.10","1,236.90",1.64K,0.05%
12/05/2018,"1,239.10","1,240.80","1,241.10","1,236.40",1.12K,-0.34%
12/04/2018,"1,243.30","1,233.40","1,244.50","1,233.40",1.84K,0.52%
12/03/2018,"1,236.90","1,225.40","1,237.40","1,224.20",0.94K,1.09%
11/30/2018,"1,223.60","1,227.50","1,228.60","1,219.40",0.60K,-0.35%
11/29/2018,"1,227.90","1,224.20","1,232.20","1,224.20",1.71K,0.35%
11/28/2018,"1,223.60","1,214.30","1,227.70","1,210.50",247.17K,0.84%
11/27/2018,"1,213.40","1,222.60","1,225.20","1,211.40",307.89K,-0.74%
11/26/2018,"1,222.40","1,223.90","1,228.60","1,221.70",267.32K,-0.07%
11/23/2018,"1,223.20","1,226.80","1,229.70","1,220.30",240.35K,0.00%
11/22/2018,"1,223.20","1,227.80","1,229.20","1,220.30",240.35K,-0.39%
11/21/2018,"1,228.00","1,222.40","1,230.90","1,220.10",227.21K,0.56%
11/20/2018,"1,221.20","1,224.60","1,229.50","1,220.30",255.20K,-0.33%
11/19/2018,"1,225.30","1,222.60","1,226.50","1,218.50",198.39K,0.19%
11/16/2018,"1,223.00","1,214.40","1,226.00","1,213.70",242.04K,0.66%
11/15/2018,"1,215.00","1,211.80","1,217.00","1,207.10",253.57K,0.40%
11/14/2018,"1,210.10","1,202.80","1,217.20","1,198.10",277.87K,0.72%
11/13/2018,"1,201.40","1,201.10","1,205.50","1,196.60",248.93K,-0.17%
11/12/2018,"1,203.50","1,210.30","1,212.00","1,200.60",203.64K,-0.42%
11/09/2018,"1,208.60","1,224.30","1,224.60","1,207.20",322.35K,-1.35%
11/08/2018,"1,225.10","1,227.70","1,228.50","1,220.80",239.02K,-0.29%
11/07/2018,"1,228.70","1,228.90","1,238.40","1,224.20",259.29K,0.20%
11/06/2018,"1,226.30","1,233.40","1,237.80","1,224.90",199.67K,-0.49%
11/05/2018,"1,232.30","1,234.50","1,236.80","1,228.40",159.43K,-0.08%
11/02/2018,"1,233.30","1,235.30","1,238.40","1,231.30",256.02K,-0.43%
11/01/2018,"1,238.60","1,216.60","1,239.30","1,216.10",313.45K,1.94%
10/31/2018,"1,215.00","1,224.70","1,225.00","1,213.40",247.06K,-0.84%
10/30/2018,"1,225.30","1,231.90","1,232.50","1,221.40",224.64K,0.05%
10/29/2018,"1,224.70","1,232.60","1,232.70","1,223.60",0.21K,-0.62%
10/26/2018,"1,232.40","1,229.80","1,242.60","1,229.80",0.28K,0.24%
10/25/2018,"1,229.50","1,233.90","1,238.40","1,227.90",0.32K,0.09%
10/24/2018,"1,228.40","1,230.70","1,235.30","1,225.90",0.37K,-0.46%
10/23/2018,"1,234.10","1,223.10","1,240.30","1,222.70",0.34K,0.99%
10/22/2018,"1,222.00","1,227.90","1,228.50","1,220.50",0.12K,-0.33%
10/19/2018,"1,226.00","1,226.70","1,231.20","1,223.70",0.12K,-0.11%
10/18/2018,"1,227.40","1,222.80","1,230.20","1,219.50",0.25K,0.21%
10/17/2018,"1,224.80","1,226.40","1,230.00","1,221.60",0.21K,-0.29%
10/16/2018,"1,228.40","1,228.00","1,233.40","1,224.50",0.34K,0.05%
10/15/2018,"1,227.80","1,218.20","1,234.30","1,218.20",0.34K,0.68%
10/12/2018,"1,219.50","1,224.40","1,224.40","1,217.10",0.30K,-0.46%
10/11/2018,"1,225.10","1,195.30","1,227.00","1,192.30",0.98K,2.88%
10/10/2018,"1,190.80","1,189.90","1,195.30","1,186.00",0.29K,0.17%
10/09/2018,"1,188.80","1,189.60","1,192.50","1,184.00",0.20K,0.25%
10/08/2018,"1,185.80","1,204.60","1,204.60","1,184.60",0.32K,-1.41%
10/05/2018,"1,202.80","1,200.70","1,205.90","1,199.00",0.20K,0.33%
10/04/2018,"1,198.80","1,198.30","1,207.60","1,197.20",0.15K,-0.11%
10/03/2018,"1,200.10","1,204.40","1,209.10","1,198.10",0.21K,-0.34%
10/02/2018,"1,204.20","1,191.30","1,209.10","1,190.10",0.80K,1.24%
10/01/2018,"1,189.40","1,193.90","1,193.90","1,186.50",0.21K,-0.38%
09/28/2018,"1,193.90","1,184.60","1,194.30","1,182.60",0.41K,0.71%
09/27/2018,"1,185.50","1,196.80","1,200.40","1,184.20",0.34K,-0.75%
09/26/2018,"1,194.40","1,200.30","1,201.30","1,190.00",17.86K,-0.44%
09/25/2018,"1,199.70","1,198.10","1,202.50","1,196.60",14.90K,0.01%
09/24/2018,"1,199.60","1,199.50","1,203.90","1,194.10",9.70K,0.25%
09/21/2018,"1,196.60","1,207.40","1,210.80","1,191.80",6.85K,-0.83%
09/20/2018,"1,206.60","1,204.40","1,208.50","1,201.00",7.49K,0.22%
09/19/2018,"1,203.90","1,198.40","1,206.40","1,198.30",6.80K,0.45%
09/18/2018,"1,198.50","1,201.90","1,203.50","1,196.10",4.13K,-0.22%
09/17/2018,"1,201.20","1,194.70","1,205.00","1,193.00",6.10K,0.42%
09/14/2018,"1,196.20","1,201.80","1,208.50","1,192.90",6.82K,-0.55%
09/13/2018,"1,202.80","1,207.00","1,212.40","1,200.00",13.99K,-0.22%
09/12/2018,"1,205.50","1,197.70","1,208.30","1,192.40",5.02K,0.73%
09/11/2018,"1,196.80","1,195.40","1,199.50","1,187.40",6.84K,0.19%
09/10/2018,"1,194.50","1,195.40","1,198.50","1,190.90",6.24K,-0.05%
09/07/2018,"1,195.10","1,200.30","1,203.50","1,193.50",8.27K,-0.33%
09/06/2018,"1,199.00","1,197.00","1,207.40","1,195.70",10.08K,0.24%
09/05/2018,"1,196.10","1,192.00","1,198.90","1,191.60",6.88K,0.18%
09/04/2018,"1,194.00","1,201.10","1,204.50","1,190.00",10.11K,-0.43%
09/03/2018,"1,199.10","1,207.00","1,207.60","1,195.10",421.47K,-0.21%
08/31/2018,"1,201.60","1,201.50","1,209.70","1,199.10",5.65K,0.13%
08/30/2018,"1,200.00","1,207.70","1,209.00","1,197.20",5.16K,-0.35%
08/29/2018,"1,204.20","1,200.90","1,205.80","1,200.90",0.82K,-0.27%
08/28/2018,"1,207.50","1,210.90","1,213.80","1,199.60",1.22K,-0.14%
08/27/2018,"1,209.20","1,206.30","1,211.50","1,202.30",0.73K,0.24%
08/24/2018,"1,206.30","1,185.30","1,207.90","1,183.00",0.59K,1.61%
08/23/2018,"1,187.20","1,196.10","1,196.50","1,183.50",0.48K,-0.77%
08/22/2018,"1,196.40","1,196.00","1,201.10","1,193.00",0.38K,0.27%
08/21/2018,"1,193.20","1,190.60","1,197.00","1,187.70",0.47K,0.45%
08/20/2018,"1,187.80","1,183.90","1,190.30","1,182.90",0.25K,0.89%
08/17/2018,"1,177.30","1,173.70","1,184.70","1,172.10",0.54K,0.02%
08/16/2018,"1,177.10","1,175.80","1,181.70","1,160.40",1.35K,-0.09%
08/15/2018,"1,178.20","1,194.20","1,194.80","1,173.20",1.13K,-1.32%
08/14/2018,"1,194.00","1,194.50","1,199.00","1,192.50",0.79K,0.15%
08/13/2018,"1,192.20","1,211.60","1,214.50","1,191.80",1.54K,-1.64%
08/10/2018,"1,212.10","1,212.90","1,217.70","1,206.50",0.82K,-0.07%
08/09/2018,"1,213.00","1,214.30","1,218.20","1,212.00",0.51K,-0.10%
08/08/2018,"1,214.20","1,211.50","1,216.40","1,207.00",0.63K,0.25%
08/07/2018,"1,211.20","1,209.20","1,216.90","1,209.00",1.06K,0.05%
08/06/2018,"1,210.60","1,215.20","1,218.70","1,207.50",0.70K,-0.44%
08/03/2018,"1,215.90","1,209.30","1,221.10","1,205.30",1.00K,0.25%
08/02/2018,"1,212.90","1,218.70","1,222.60","1,208.40",1.62K,-0.61%
08/01/2018,"1,220.30","1,225.60","1,226.50","1,217.20",0.89K,-0.50%
07/31/2018,"1,226.40","1,223.50","1,230.60","1,215.80",1.10K,0.18%
07/30/2018,"1,224.20","1,225.80","1,227.10","1,221.70",1.69K,0.10%
07/27/2018,"1,223.00","1,222.40","1,226.90","1,216.70",254.43K,-0.22%
07/26/2018,"1,225.70","1,231.70","1,235.30","1,221.70",285.61K,-0.50%
07/25/2018,"1,231.80","1,224.20","1,234.30","1,223.20",272.25K,0.51%
07/24/2018,"1,225.50","1,224.40","1,229.70","1,218.10",299.06K,-0.01%
07/23/2018,"1,225.60","1,231.70","1,235.20","1,222.20",333.33K,-0.45%
07/20/2018,"1,231.10","1,222.90","1,232.40","1,215.30",355.23K,0.58%
07/19/2018,"1,224.00","1,227.30","1,229.60","1,210.70",428.88K,-0.32%
07/18/2018,"1,227.90","1,227.00","1,229.10","1,220.90",283.98K,0.05%
07/17/2018,"1,227.30","1,240.80","1,245.10","1,225.90",318.22K,-1.00%
07/16/2018,"1,239.70","1,241.00","1,245.80","1,238.30",186.30K,-0.12%
07/13/2018,"1,241.20","1,247.70","1,248.50","1,236.20",257.31K,-0.43%
07/12/2018,"1,246.60","1,242.30","1,248.80","1,241.40",220.96K,0.18%
07/11/2018,"1,244.40","1,256.70","1,257.30","1,241.70",299.64K,-0.88%
07/10/2018,"1,255.40","1,258.50","1,261.00","1,247.70",272.63K,-0.33%
07/09/2018,"1,259.60","1,255.70","1,266.90","1,255.70",238.97K,0.30%
07/06/2018,"1,255.80","1,258.40","1,260.20","1,253.70",200.19K,-0.24%
07/05/2018,"1,258.80","1,253.50","1,262.40","1,252.20",392.95K,0.00%
07/04/2018,"1,258.80","1,257.70","1,261.00","1,252.20",392.95K,0.42%
07/03/2018,"1,253.50","1,242.90","1,258.50","1,238.80",297.34K,0.95%
07/02/2018,"1,241.70","1,253.40","1,255.60","1,240.60",262.87K,-1.02%
06/29/2018,"1,254.50","1,249.50","1,257.10","1,246.90",226.20K,0.28%
06/28/2018,"1,251.00","1,253.60","1,255.80","1,247.20",241.82K,-0.16%
06/27/2018,"1,253.00","1,258.20","1,259.00","1,249.50",1.16K,-0.40%
06/26/2018,"1,258.00","1,266.40","1,266.50","1,255.00",0.50K,-0.73%
06/25/2018,"1,267.20","1,271.00","1,272.30","1,264.60",0.29K,-0.13%
06/22/2018,"1,268.90","1,267.40","1,270.50","1,266.60",0.51K,0.02%
06/21/2018,"1,268.60","1,268.50","1,269.90","1,261.80",0.75K,-0.30%
06/20/2018,"1,272.40","1,275.20","1,276.00","1,267.50",0.47K,-0.32%
06/19/2018,"1,276.50","1,278.60","1,284.10","1,271.10",0.45K,-0.12%
06/18/2018,"1,278.00","1,279.00","1,282.60","1,277.60",0.42K,0.13%
06/15/2018,"1,276.30","1,304.20","1,304.50","1,276.00",1.53K,-2.29%
06/14/2018,"1,306.20","1,300.40","1,310.80","1,298.90",0.72K,0.54%
06/13/2018,"1,299.20","1,297.20","1,302.70","1,292.70",0.63K,0.15%
06/12/2018,"1,297.20","1,301.50","1,301.80","1,294.20",0.48K,-0.29%
06/11/2018,"1,301.00","1,300.70","1,304.60","1,296.00",0.40K,0.04%
06/08/2018,"1,300.50","1,299.40","1,302.20","1,295.00",0.45K,-0.02%
06/07/2018,"1,300.70","1,298.60","1,305.10","1,296.90",0.39K,0.12%
06/06/2018,"1,299.20","1,298.60","1,303.20","1,295.90",0.69K,-0.05%
06/05/2018,"1,299.90","1,294.20","1,302.50","1,291.20",0.77K,0.37%
06/04/2018,"1,295.10","1,294.90","1,299.70","1,291.80",0.54K,-0.15%
06/01/2018,"1,297.10","1,301.30","1,301.80","1,291.10",0.92K,-0.42%
05/31/2018,"1,302.60","1,304.20","1,309.20","1,298.80",1.08K,-0.15%
05/30/2018,"1,304.50","1,300.70","1,306.60","1,298.10",1.75K,0.42%
05/29/2018,"1,299.00","1,299.00","1,306.10","1,291.40",386.33K,0.00%
05/28/2018,"1,299.00","1,297.20","1,306.10","1,291.40",386.33K,-0.36%
05/25/2018,"1,303.70","1,304.00","1,307.20","1,299.40",292.91K,-0.05%
05/24/2018,"1,304.40","1,293.30","1,306.40","1,292.20",432.42K,1.15%
05/23/2018,"1,289.60","1,290.60","1,298.40","1,286.70",402.34K,-0.19%
05/22/2018,"1,292.00","1,292.30","1,296.00","1,287.20",291.72K,0.09%
05/21/2018,"1,290.90","1,290.30","1,292.70","1,281.20",328.02K,-0.03%
05/18/2018,"1,291.30","1,290.00","1,293.70","1,285.10",264.43K,0.15%
05/17/2018,"1,289.40","1,290.20","1,294.00","1,284.00",298.82K,-0.16%
05/16/2018,"1,291.50","1,290.10","1,296.40","1,285.70",333.61K,0.09%
05/15/2018,"1,290.30","1,313.20","1,314.70","1,288.20",485.20K,-2.12%
05/14/2018,"1,318.20","1,318.30","1,322.40","1,312.80",241.23K,-0.19%
05/11/2018,"1,320.70","1,321.80","1,326.30","1,317.00",263.47K,-0.12%
05/10/2018,"1,322.30","1,312.80","1,323.40","1,310.60",373.54K,0.71%
05/09/2018,"1,313.00","1,315.30","1,317.80","1,304.20",384.04K,-0.05%
05/08/2018,"1,313.70","1,314.10","1,318.50","1,306.20",407.41K,-0.03%
05/07/2018,"1,314.10","1,316.30","1,320.10","1,310.60",235.29K,-0.05%
05/04/2018,"1,314.70","1,312.80","1,316.90","1,308.50",308.48K,0.15%
05/03/2018,"1,312.70","1,305.50","1,319.00","1,305.20",306.72K,0.54%
05/02/2018,"1,305.60","1,304.40","1,314.90","1,304.30",370.24K,-0.09%
05/01/2018,"1,306.80","1,316.00","1,317.40","1,302.30",283.43K,-0.94%
04/30/2018,"1,319.20","1,324.00","1,325.90","1,310.70",295.96K,-0.32%
04/27/2018,"1,323.40","1,318.00","1,326.40","1,315.80",241.65K,0.67%
04/26/2018,"1,314.60","1,320.70","1,324.00","1,314.60",0.57K,-0.37%
04/25/2018,"1,319.50","1,328.60","1,329.90","1,317.20",0.62K,-0.77%
04/24/2018,"1,329.70","1,323.20","1,330.70","1,321.30",0.54K,0.69%
04/23/2018,"1,320.60","1,331.10","1,333.60","1,320.70",0.42K,-1.07%
04/20/2018,"1,334.90","1,344.60","1,344.70","1,333.80",0.31K,-0.78%
04/19/2018,"1,345.40","1,348.80","1,354.00","1,340.00",0.43K,-0.36%
04/18/2018,"1,350.20","1,345.10","1,355.20","1,342.20",0.62K,0.29%
04/17/2018,"1,346.30","1,347.50","1,348.00","1,337.40",0.40K,-0.09%
04/16/2018,"1,347.50","1,346.50","1,350.20","1,339.80",0.32K,0.21%
04/13/2018,"1,344.70","1,335.30","1,346.30","1,333.20",0.80K,0.45%
04/12/2018,"1,338.70","1,353.00","1,353.30","1,333.60",0.90K,-1.34%
04/11/2018,"1,356.90","1,339.60","1,365.80","1,339.60",1.78K,1.04%
04/10/2018,"1,342.90","1,336.90","1,342.70","1,331.30",0.39K,0.43%
04/09/2018,"1,337.10","1,335.10","1,338.30","1,327.60",0.55K,0.30%
04/06/2018,"1,333.10","1,327.90","1,335.90","1,319.80",0.64K,0.57%
04/05/2018,"1,325.50","1,333.60","1,335.20","1,323.00",0.59K,-0.87%
04/04/2018,"1,337.10","1,333.00","1,348.70","1,332.90",1.23K,0.22%
04/03/2018,"1,334.20","1,341.50","1,343.20","1,329.70",0.70K,-0.72%
04/02/2018,"1,343.90","1,326.60","1,345.50","1,326.40",0.89K,1.48%
03/29/2018,"1,324.30","1,325.80","1,329.20","1,322.40",1.30K,-0.20%
03/28/2018,"1,326.90","1,347.30","1,348.80","1,325.00",2.83K,-1.13%
03/27/2018,"1,342.00","1,353.60","1,356.80","1,339.60",290.89K,-0.96%
03/26/2018,"1,355.00","1,347.00","1,356.00","1,343.40",346.05K,0.38%
03/23/2018,"1,349.90","1,329.00","1,350.40","1,328.90",454.13K,1.70%
03/22/2018,"1,327.40","1,332.00","1,335.00","1,324.60",358.56K,0.45%
03/21/2018,"1,321.50","1,310.60","1,336.90","1,309.50",470.29K,0.73%
03/20/2018,"1,311.90","1,316.50","1,318.10","1,306.60",292.33K,-0.45%
03/19/2018,"1,317.80","1,312.90","1,319.60","1,307.40",300.47K,0.42%
03/16/2018,"1,312.30","1,316.80","1,321.80","1,309.50",289.60K,-0.42%
03/15/2018,"1,317.80","1,324.70","1,328.10","1,314.90",257.89K,-0.59%
03/14/2018,"1,325.60","1,326.70","1,330.50","1,321.70",252.58K,-0.11%
03/13/2018,"1,327.10","1,323.30","1,328.80","1,313.80",330.26K,0.48%
03/12/2018,"1,320.80","1,324.10","1,325.00","1,315.30",220.36K,-0.24%
03/09/2018,"1,324.00","1,322.70","1,325.90","1,313.20",345.32K,0.17%
03/08/2018,"1,321.70","1,326.20","1,329.80","1,319.60",252.83K,-0.44%
03/07/2018,"1,327.60","1,339.50","1,342.00","1,323.00",305.08K,-0.57%
03/06/2018,"1,335.20","1,321.00","1,339.90","1,320.80",285.92K,1.16%
03/05/2018,"1,319.90","1,324.90","1,328.90","1,318.30",221.22K,-0.26%
03/02/2018,"1,323.40","1,318.00","1,326.60","1,316.20",264.39K,1.39%
03/01/2018,"1,305.20","1,319.30","1,322.30","1,303.60",421.74K,-0.96%
02/28/2018,"1,317.90","1,318.90","1,323.70","1,316.70",263.80K,-0.05%
02/27/2018,"1,318.60","1,334.70","1,338.40","1,314.40",334.72K,-0.88%
02/26/2018,"1,330.30","1,327.70","1,339.90","1,326.70",0.65K,0.18%
02/23/2018,"1,327.90","1,330.90","1,330.90","1,325.80",0.40K,-0.19%
02/22/2018,"1,330.40","1,324.40","1,331.40","1,320.40",0.92K,0.05%
02/21/2018,"1,329.80","1,329.60","1,335.90","1,322.20",1.08K,0.07%
02/20/2018,"1,328.90","1,349.60","1,350.80","1,328.70",1.09K,-0.17%
02/19/2018,"1,331.20","1,350.20","1,354.00","1,330.60",374.05K,-1.66%
02/16/2018,"1,353.70","1,353.70","1,361.20","1,345.40",0.63K,0.06%
02/15/2018,"1,352.90","1,350.50","1,357.00","1,348.60",0.76K,-0.20%
02/14/2018,"1,355.60","1,330.10","1,356.00","1,317.50",1.29K,2.08%
02/13/2018,"1,328.00","1,323.00","1,330.50","1,321.60",0.51K,0.30%
02/12/2018,"1,324.00","1,316.20","1,326.10","1,316.10",0.75K,0.81%
02/09/2018,"1,313.30","1,319.60","1,321.90","1,310.90",0.96K,-0.24%
02/08/2018,"1,316.50","1,318.10","1,321.60","1,307.10",1.59K,0.33%
02/07/2018,"1,312.20","1,324.80","1,332.20","1,311.20",1.57K,-1.11%
02/06/2018,"1,326.90","1,339.20","1,346.20","1,321.10",1.48K,-0.52%
02/05/2018,"1,333.80","1,332.70","1,341.50","1,329.20",0.87K,-0.06%
02/02/2018,"1,334.60","1,348.30","1,350.10","1,327.30",2.12K,-0.77%
02/01/2018,"1,345.00","1,344.70","1,351.30","1,337.80",1.29K,0.34%
01/31/2018,"1,340.40","1,337.70","1,348.00","1,333.00",1.25K,0.24%
01/30/2018,"1,337.20","1,341.70","1,349.50","1,334.70",1.88K,-0.23%
01/29/2018,"1,340.30","1,349.00","1,351.40","1,336.10",280.55K,-0.87%
01/26/2018,"1,352.10","1,346.40","1,356.00","1,343.70",341.96K,-0.79%
01/25/2018,"1,362.90","1,357.00","1,365.40","1,341.00",537.66K,0.49%
01/24/2018,"1,356.30","1,341.40","1,361.60","1,339.10",505.63K,1.47%
01/23/2018,"1,336.70","1,333.00","1,341.50","1,330.70",370.17K,0.36%
01/22/2018,"1,331.90","1,334.00","1,335.80","1,328.00",337.48K,-0.09%
01/19/2018,"1,333.10","1,327.00","1,338.20","1,326.60",275.30K,0.44%
01/18/2018,"1,327.20","1,327.40","1,333.30","1,324.30",312.11K,-0.90%
01/17/2018,"1,339.20","1,339.00","1,344.50","1,326.60",365.87K,0.16%
01/16/2018,"1,337.10","1,337.30","1,345.00","1,332.10",499.76K,0.00%
01/15/2018,"1,337.10","1,337.30","1,345.00","1,332.10",499.76K,0.16%
01/12/2018,"1,334.90","1,323.60","1,340.00","1,320.80",365.20K,0.94%
01/11/2018,"1,322.50","1,317.50","1,324.70","1,316.10",264.30K,0.24%
01/10/2018,"1,319.30","1,313.30","1,328.60","1,308.90",391.66K,0.43%
01/09/2018,"1,313.70","1,321.20","1,321.40","1,309.50",333.53K,-0.51%
01/08/2018,"1,320.40","1,321.80","1,323.00","1,315.70",246.09K,-0.14%
01/05/2018,"1,322.30","1,324.40","1,324.70","1,314.60",330.23K,0.05%
01/04/2018,"1,321.60","1,315.50","1,327.30","1,307.10",369.85K,0.24%
01/03/2018,"1,318.50","1,319.00","1,323.00","1,308.90",353.46K,0.18%
01/02/2018,"1,316.10","1,305.30","1,320.40","1,304.60",279.73K,0.52%
12/29/2017,"1,309.30","1,297.50","1,309.80","1,296.10",241.27K,0.93%
12/28/2017,"1,297.20","1,292.00","1,297.30","1,290.50",225.66K,0.69%
12/27/2017,"1,288.30","1,285.00","1,290.00","1,283.70",0.46K,0.22%
12/26/2017,"1,285.50","1,276.20","1,286.10","1,276.20",0.38K,0.67%
12/22/2017,"1,277.00","1,268.10","1,278.50","1,267.30",0.50K,0.65%
12/21/2017,"1,268.80","1,267.70","1,270.50","1,265.50",0.39K,0.08%
12/20/2017,"1,267.80","1,263.10","1,269.40","1,262.90",0.43K,0.43%
12/19/2017,"1,262.40","1,262.30","1,266.50","1,260.80",0.58K,-0.10%
12/18/2017,"1,263.70","1,254.90","1,265.20","1,254.90",0.28K,0.63%
12/15/2017,"1,255.80","1,254.40","1,262.40","1,254.00",0.87K,0.04%
12/14/2017,"1,255.30","1,255.60","1,259.70","1,251.10",0.54K,0.67%
12/13/2017,"1,246.90","1,244.00","1,257.50","1,240.80",1.00K,0.57%
12/12/2017,"1,239.80","1,241.90","1,245.60","1,236.50",0.80K,-0.43%
12/11/2017,"1,245.10","1,248.70","1,251.40","1,240.70",0.49K,-0.11%
12/08/2017,"1,246.50","1,247.40","1,252.00","1,243.10",0.63K,-0.39%
12/07/2017,"1,251.40","1,263.90","1,263.90","1,244.50",1.01K,-1.02%
12/06/2017,"1,264.30","1,266.30","1,269.70","1,263.50",0.57K,0.10%
12/05/2017,"1,263.00","1,277.00","1,277.70","1,261.40",1.39K,-0.98%
12/04/2017,"1,275.50","1,278.90","1,278.90","1,271.50",1.15K,-0.37%
12/01/2017,"1,280.20","1,276.00","1,290.00","1,272.70",2.52K,0.42%
11/30/2017,"1,274.80","1,284.50","1,286.00","1,271.30",1.61K,-0.69%
11/29/2017,"1,283.70","1,294.40","1,297.30","1,282.80",1.84K,-0.86%
11/28/2017,"1,294.90","1,293.90","1,297.00","1,290.10",275.44K,0.04%
11/27/2017,"1,294.40","1,288.00","1,299.00","1,286.20",321.35K,0.55%
11/24/2017,"1,287.30","1,291.90","1,293.30","1,285.10",347.03K,0.00%
11/23/2017,"1,287.30","1,291.90","1,293.30","1,285.10",347.03K,-0.38%
11/22/2017,"1,292.20","1,280.60","1,294.60","1,278.60",390.31K,0.82%
11/21/2017,"1,281.70","1,276.60","1,284.50","1,275.80",330.15K,0.50%
11/20/2017,"1,275.30","1,294.10","1,295.10","1,274.10",425.16K,-1.64%
11/17/2017,"1,296.50","1,278.80","1,297.50","1,278.10",387.02K,1.43%
11/16/2017,"1,278.20","1,278.00","1,281.80","1,274.90",274.43K,0.04%
11/15/2017,"1,277.70","1,280.70","1,290.00","1,276.50",433.65K,-0.41%
11/14/2017,"1,282.90","1,278.90","1,283.80","1,269.70",355.20K,0.31%
11/13/2017,"1,278.90","1,275.30","1,279.90","1,274.40",220.91K,0.37%
11/10/2017,"1,274.20","1,286.00","1,287.70","1,273.60",354.58K,-1.03%
11/09/2017,"1,287.50","1,282.10","1,289.50","1,280.50",394.18K,0.30%
11/08/2017,"1,283.70","1,276.40","1,288.10","1,276.10",358.13K,0.62%
11/07/2017,"1,275.80","1,282.60","1,282.80","1,272.30",337.27K,-0.45%
11/06/2017,"1,281.60","1,270.70","1,283.90","1,266.40",354.77K,0.98%
11/03/2017,"1,269.20","1,277.50","1,281.20","1,265.90",373.41K,-0.70%
11/02/2017,"1,278.10","1,275.20","1,285.10","1,274.00",380.14K,0.06%
11/01/2017,"1,277.30","1,271.80","1,281.90","1,268.50",384.64K,0.54%
10/31/2017,"1,270.50","1,277.60","1,279.10","1,268.30",272.51K,-0.56%
10/30/2017,"1,277.70","1,274.30","1,279.90","1,269.80",260.08K,0.75%
10/27/2017,"1,268.20","1,264.40","1,270.20","1,261.80",0.57K,0.11%
10/26/2017,"1,266.80","1,276.60","1,280.50","1,264.20",0.27K,-0.74%
10/25/2017,"1,276.30","1,275.90","1,277.90","1,269.60",0.57K,0.04%
10/24/2017,"1,275.80","1,280.70","1,282.20","1,272.70",0.45K,-0.23%
10/23/2017,"1,278.80","1,277.00","1,282.20","1,272.30",1.15K,0.02%
10/20/2017,"1,278.60","1,290.00","1,290.60","1,278.30",0.56K,-0.74%
10/19/2017,"1,288.10","1,280.40","1,289.70","1,277.00",0.51K,0.54%
10/18/2017,"1,281.20","1,285.00","1,288.50","1,277.50",0.49K,-0.25%
10/17/2017,"1,284.40","1,296.00","1,296.00","1,282.30",0.78K,-1.29%
10/16/2017,"1,301.20","1,303.90","1,306.20","1,291.90",0.78K,-0.13%
10/13/2017,"1,302.90","1,294.70","1,304.10","1,292.10",0.53K,0.63%
10/12/2017,"1,294.70","1,292.80","1,297.90","1,290.60",0.52K,0.57%
10/11/2017,"1,287.30","1,288.50","1,294.10","1,285.50",0.75K,-0.37%
10/10/2017,"1,292.10","1,284.90","1,294.50","1,283.20",0.44K,0.69%
10/09/2017,"1,283.20","1,276.30","1,285.70","1,276.30",0.21K,0.79%
10/06/2017,"1,273.10","1,269.30","1,276.70","1,261.30",0.47K,0.13%
10/05/2017,"1,271.40","1,274.80","1,279.70","1,266.80",0.90K,-0.30%
10/04/2017,"1,275.20","1,272.60","1,282.80","1,271.70",0.82K,0.16%
10/03/2017,"1,273.10","1,272.60","1,275.50","1,269.20",0.57K,-0.08%
10/02/2017,"1,274.10","1,278.00","1,278.50","1,271.90",0.90K,-0.67%
09/29/2017,"1,282.70","1,287.50","1,290.50","1,279.80",0.91K,-0.30%
09/28/2017,"1,286.50","1,284.00","1,288.80","1,279.40",0.74K,0.19%
09/27/2017,"1,284.10","1,293.30","1,295.00","1,280.90",19.49K,-1.05%
09/26/2017,"1,297.70","1,309.60","1,312.50","1,291.60",20.05K,-0.72%
09/25/2017,"1,307.10","1,296.80","1,311.20","1,288.00",12.53K,0.74%
09/22/2017,"1,297.50","1,294.10","1,301.90","1,294.10",264.47K,0.21%
09/21/2017,"1,294.80","1,304.80","1,305.00","1,291.20",402.21K,-1.64%
09/20/2017,"1,316.40","1,314.70","1,319.80","1,299.50",351.42K,0.44%
09/19/2017,"1,310.60","1,310.50","1,315.30","1,308.70",275.31K,-0.02%
09/18/2017,"1,310.80","1,324.00","1,324.00","1,308.10",271.33K,-1.09%
09/15/2017,"1,325.20","1,333.70","1,338.20","1,323.00",320.51K,-0.31%
09/14/2017,"1,329.30","1,327.60","1,334.90","1,319.50",336.58K,0.10%
09/13/2017,"1,328.00","1,336.20","1,340.50","1,324.50",306.37K,-0.35%
09/12/2017,"1,332.70","1,331.70","1,336.30","1,326.70",287.75K,-0.22%
09/11/2017,"1,335.70","1,341.50","1,344.60","1,330.60",303.11K,-1.15%
09/08/2017,"1,351.20","1,354.00","1,362.40","1,347.10",386.65K,0.07%
09/07/2017,"1,350.30","1,339.00","1,355.50","1,337.20",363.78K,0.84%
09/06/2017,"1,339.00","1,345.00","1,347.70","1,336.40",309.35K,-0.41%
09/05/2017,"1,344.50","1,339.70","1,349.70","1,331.10",557.99K,0.00%
09/04/2017,"1,344.50","1,339.70","1,349.70","1,331.10",368.17K,1.06%
09/01/2017,"1,330.40","1,326.90","1,334.50","1,321.40",368.17K,0.62%
08/31/2017,"1,322.20","1,314.10","1,329.00","1,302.30",376.31K,0.62%
08/30/2017,"1,314.10","1,314.80","1,319.30","1,310.10",312.01K,-0.36%
08/29/2017,"1,318.90","1,320.50","1,331.90","1,310.60",460.45K,0.27%
08/28/2017,"1,315.30","1,297.60","1,317.80","1,297.00",321.81K,1.34%
08/25/2017,"1,297.90","1,291.30","1,301.40","1,281.30",358.61K,0.46%
08/24/2017,"1,292.00","1,296.00","1,296.80","1,289.30",246.72K,-0.21%
08/23/2017,"1,294.70","1,290.40","1,297.00","1,287.90",235.69K,0.29%
08/22/2017,"1,291.00","1,297.10","1,298.10","1,287.00",268.99K,-0.44%
08/21/2017,"1,296.70","1,289.10","1,299.70","1,286.20",261.48K,0.39%
08/18/2017,"1,291.60","1,293.80","1,306.90","1,289.10",396.54K,-0.06%
08/17/2017,"1,292.40","1,290.00","1,296.00","1,286.40",329.84K,0.74%
08/16/2017,"1,282.90","1,276.90","1,289.50","1,273.20",273.20K,0.25%
08/15/2017,"1,279.70","1,287.00","1,287.70","1,272.70",287.56K,-0.83%
08/14/2017,"1,290.40","1,296.40","1,296.40","1,284.20",238.07K,-0.28%
08/11/2017,"1,294.00","1,292.50","1,298.10","1,286.70",265.33K,0.30%
08/10/2017,"1,290.10","1,283.20","1,293.80","1,280.30",269.83K,0.84%
08/09/2017,"1,279.30","1,266.10","1,284.70","1,265.90",290.97K,1.32%
08/08/2017,"1,262.60","1,262.90","1,271.00","1,257.10",247.54K,0.10%
08/07/2017,"1,261.40","1,261.40","1,262.40","1,258.10",1.43K,0.01%
08/04/2017,"1,261.30","1,272.00","1,273.00","1,256.90",9.06K,-0.77%
08/03/2017,"1,271.10","1,269.00","1,273.70","1,259.70",6.86K,-0.31%
08/02/2017,"1,275.10","1,271.70","1,275.60","1,265.80",4.28K,-0.08%
08/01/2017,"1,276.10","1,272.40","1,276.90","1,265.20",14.03K,0.47%
07/31/2017,"1,270.10","1,273.00","1,273.90","1,268.40",5.01K,-0.14%
07/28/2017,"1,271.90","1,261.90","1,273.70","1,260.30",20.06K,0.82%
07/27/2017,"1,261.50","1,261.30","1,266.20","1,255.50",2.51K,0.86%
07/26/2017,"1,250.80","1,250.70","1,264.70","1,244.80",1.51K,-0.22%
07/25/2017,"1,253.50","1,256.10","1,259.00","1,250.40",1.23K,-0.17%
07/24/2017,"1,255.60","1,256.00","1,259.60","1,253.10",1.20K,-0.03%
07/21/2017,"1,256.00","1,245.00","1,256.30","1,244.40",0.33K,0.74%
07/20/2017,"1,246.80","1,242.10","1,248.20","1,236.00",0.46K,0.27%
07/19/2017,"1,243.40","1,243.40","1,244.40","1,237.50",0.35K,0.00%
07/18/2017,"1,243.40","1,235.50","1,245.10","1,234.80",0.87K,0.66%
07/17/2017,"1,235.30","1,230.60","1,236.80","1,230.60",0.61K,0.50%
07/14/2017,"1,229.10","1,218.40","1,234.00","1,216.80",0.34K,0.84%
07/13/2017,"1,218.90","1,219.80","1,224.60","1,217.40",0.32K,-0.16%
07/12/2017,"1,220.80","1,218.70","1,226.00","1,215.80",0.28K,0.36%
07/11/2017,"1,216.40","1,214.30","1,218.20","1,209.60",0.28K,0.12%
07/10/2017,"1,214.90","1,212.60","1,216.00","1,205.90",0.39K,0.29%
07/07/2017,"1,211.40","1,221.70","1,228.90","1,209.80",0.51K,-1.11%
07/06/2017,"1,225.00","1,228.00","1,229.00","1,224.20",0.14K,0.13%
07/05/2017,"1,223.40","1,223.00","1,230.00","1,218.30",0.37K,0.14%
07/04/2017,"1,221.70","1,220.10","1,228.40","1,216.50",366.77K,0.06%
07/03/2017,"1,221.00","1,244.40","1,244.40","1,220.20",0.24K,-1.86%
06/30/2017,"1,244.10","1,245.00","1,245.00","1,242.70",0.45K,-0.28%
06/29/2017,"1,247.60","1,253.90","1,256.50","1,243.50",1.21K,-0.12%
06/28/2017,"1,249.10","1,247.30","1,255.70","1,246.70",195.07K,0.18%
06/27/2017,"1,246.90","1,245.20","1,253.80","1,241.80",213.42K,0.04%
06/26/2017,"1,246.40","1,258.10","1,259.00","1,236.50",227.47K,-0.80%
06/23/2017,"1,256.40","1,250.90","1,260.00","1,250.60",162.67K,0.56%
06/22/2017,"1,249.40","1,246.40","1,256.00","1,246.40",187.39K,0.29%
06/21/2017,"1,245.80","1,243.90","1,248.80","1,241.70",170.46K,0.18%
06/20/2017,"1,243.50","1,245.40","1,249.40","1,242.40",185.39K,-0.26%
06/19/2017,"1,246.70","1,255.80","1,257.30","1,244.30",179.65K,-0.78%
06/16/2017,"1,256.50","1,255.60","1,258.60","1,253.20",149.11K,0.15%
06/15/2017,"1,254.60","1,262.70","1,268.50","1,252.70",255.15K,-1.67%
06/14/2017,"1,275.90","1,268.40","1,284.20","1,259.00",348.34K,0.58%
06/13/2017,"1,268.60","1,267.70","1,271.00","1,260.50",175.60K,-0.02%
06/12/2017,"1,268.90","1,269.70","1,272.40","1,265.60",173.01K,-0.20%
06/09/2017,"1,271.40","1,283.50","1,284.60","1,266.70",219.21K,-0.63%
06/08/2017,"1,279.50","1,289.50","1,291.50","1,273.50",257.44K,-1.06%
06/07/2017,"1,293.20","1,297.00","1,297.60","1,285.00",218.85K,-0.61%
06/06/2017,"1,301.10","1,286.40","1,302.10","1,286.30",2.62K,1.15%
06/05/2017,"1,286.30","1,286.00","1,289.30","1,284.00",0.52K,0.19%
06/02/2017,"1,283.80","1,272.20","1,285.30","1,265.30",2.53K,0.80%
06/01/2017,"1,273.60","1,274.80","1,275.20","1,267.50",0.75K,-0.42%
05/31/2017,"1,279.00","1,268.50","1,280.00","1,266.00",1.32K,0.76%
05/30/2017,"1,269.30","1,273.70","1,276.80","1,265.50",5.46K,0.28%
05/29/2017,"1,265.70","1,271.20","1,273.40","1,261.80",286.21K,-0.45%
05/26/2017,"1,271.40","1,258.60","1,272.70","1,256.20",159.00K,0.92%
05/25/2017,"1,259.80","1,261.60","1,262.80","1,256.90",63.17K,0.26%
05/24/2017,"1,256.50","1,253.80","1,262.20","1,250.90",48.74K,-0.19%
05/23/2017,"1,258.90","1,263.20","1,267.10","1,254.00",54.13K,-0.47%
05/22/2017,"1,264.80","1,260.00","1,265.80","1,254.80",45.56K,0.64%
05/19/2017,"1,256.80","1,249.90","1,259.50","1,249.50",24.00K,0.06%
05/18/2017,"1,256.10","1,264.50","1,268.30","1,249.10",25.73K,-0.47%
05/17/2017,"1,262.00","1,240.10","1,264.70","1,240.00",24.73K,1.80%
05/16/2017,"1,239.70","1,234.40","1,242.40","1,233.60",19.19K,0.51%
05/15/2017,"1,233.40","1,231.30","1,240.60","1,230.30",9.80K,0.19%
05/12/2017,"1,231.10","1,228.50","1,235.10","1,227.90",22.14K,0.28%
05/11/2017,"1,227.70","1,221.90","1,231.20","1,221.20",55.14K,0.43%
05/10/2017,"1,222.40","1,225.30","1,229.00","1,221.00",17.23K,0.23%
05/09/2017,"1,219.60","1,229.70","1,232.10","1,217.80",21.49K,-0.89%
05/08/2017,"1,230.60","1,227.90","1,240.20","1,225.50",19.47K,0.02%
05/05/2017,"1,230.40","1,232.60","1,238.80","1,229.80",25.27K,-0.13%
05/04/2017,"1,232.00","1,242.20","1,245.00","1,229.30",29.80K,-1.60%
05/03/2017,"1,252.00","1,260.60","1,260.90","1,240.00",9.16K,-0.67%
05/02/2017,"1,260.50","1,261.00","1,262.00","1,256.10",8.94K,0.13%
05/01/2017,"1,258.90","1,273.10","1,275.70","1,258.60",7.67K,-1.01%
04/28/2017,"1,271.70","1,268.70","1,273.00","1,268.00",6.32K,0.19%
04/27/2017,"1,269.30","1,274.00","1,274.10","1,265.60",2.46K,0.13%
04/26/2017,"1,267.60","1,268.50","1,276.00","1,264.30",5.32K,-0.24%
04/25/2017,"1,270.60","1,281.00","1,282.90","1,266.40",5.26K,-0.54%
04/24/2017,"1,277.50","1,280.00","1,280.00","1,266.00",302.84K,-0.90%
04/21/2017,"1,289.10","1,283.30","1,290.10","1,280.00",229.60K,0.41%
04/20/2017,"1,283.80","1,282.20","1,285.20","1,278.00",245.62K,0.03%
04/19/2017,"1,283.40","1,291.70","1,292.70","1,275.40",260.70K,-0.83%
04/18/2017,"1,294.10","1,286.70","1,294.40","1,280.60",280.74K,0.17%
04/17/2017,"1,291.90","1,292.40","1,297.40","1,283.10",191.67K,0.26%
04/13/2017,"1,288.50","1,288.30","1,290.70","1,283.80",235.46K,0.81%
04/12/2017,"1,278.10","1,277.20","1,289.00","1,273.80",251.10K,0.31%
04/11/2017,"1,274.20","1,256.80","1,277.40","1,254.70",292.14K,1.62%
04/10/2017,"1,253.90","1,255.60","1,258.90","1,248.20",182.20K,-0.27%
04/07/2017,"1,257.30","1,253.90","1,273.30","1,252.40",375.41K,0.32%
04/06/2017,"1,253.30","1,257.60","1,260.90","1,251.30",165.26K,0.38%
04/05/2017,"1,248.50","1,258.20","1,259.30","1,245.40",236.74K,-0.79%
04/04/2017,"1,258.40","1,255.50","1,263.70","1,255.50",158.36K,0.35%
04/03/2017,"1,254.00","1,251.90","1,255.90","1,246.40",142.20K,0.22%
03/31/2017,"1,251.20","1,244.60","1,252.80","1,241.50",165.21K,0.26%
03/30/2017,"1,248.00","1,256.10","1,256.50","1,244.20",217.66K,-0.45%
03/29/2017,"1,253.70","1,250.80","1,254.40","1,246.90",190.68K,-0.15%
03/28/2017,"1,255.60","1,253.50","1,258.40","1,247.30",243.24K,-0.01%
03/27/2017,"1,255.70","1,245.50","1,261.00","1,245.50",237.27K,0.58%
03/24/2017,"1,248.50","1,245.00","1,251.90","1,240.70",207.57K,0.10%
03/23/2017,"1,247.20","1,248.60","1,253.30","1,242.70",234.77K,-0.20%
03/22/2017,"1,249.70","1,244.50","1,251.50","1,243.80",216.45K,0.26%
03/21/2017,"1,246.50","1,234.20","1,247.70","1,226.60",285.63K,1.01%
03/20/2017,"1,234.00","1,229.00","1,235.50","1,228.80",126.34K,0.31%
03/17/2017,"1,230.20","1,226.20","1,231.50","1,224.00",153.15K,0.25%
03/16/2017,"1,227.10","1,219.50","1,234.00","1,218.10",257.89K,2.20%
03/15/2017,"1,200.70","1,198.70","1,222.00","1,196.80",264.34K,-0.16%
03/14/2017,"1,202.60","1,203.50","1,207.50","1,196.90",183.72K,-0.04%
03/13/2017,"1,203.10","1,205.00","1,210.90","1,202.00",173.92K,0.14%
03/10/2017,"1,201.40","1,200.20","1,206.20","1,194.50",257.84K,-0.15%
03/09/2017,"1,203.20","1,207.70","1,208.90","1,199.00",233.51K,-0.51%
03/08/2017,"1,209.40","1,215.60","1,218.50","1,206.40",211.11K,-0.55%
03/07/2017,"1,216.10","1,225.70","1,227.40","1,214.10",203.71K,-0.77%
03/06/2017,"1,225.50","1,233.90","1,237.30","1,225.00",156.98K,-0.08%
03/03/2017,"1,226.50","1,234.80","1,236.70","1,223.00",272.29K,-0.52%
03/02/2017,"1,232.90","1,249.90","1,250.80","1,231.10",272.76K,-1.37%
03/01/2017,"1,250.00","1,248.50","1,251.40","1,237.20",318.04K,-0.31%
02/28/2017,"1,253.90","1,253.30","1,259.30","1,248.20",234.94K,-0.39%
02/27/2017,"1,258.80","1,258.90","1,264.90","1,251.50",208.49K,0.04%
02/24/2017,"1,258.30","1,250.60","1,261.20","1,248.80",220.13K,0.55%
02/23/2017,"1,251.40","1,238.30","1,252.20","1,236.40",264.97K,1.47%
02/22/2017,"1,233.30","1,236.90","1,241.90","1,231.50",201.34K,-0.45%
02/20/2017,"1,238.90","1,236.40","1,240.20","1,226.80",259.51K,-0.02%
02/17/2017,"1,239.10","1,240.80","1,245.10","1,235.30",164.41K,-0.20%
02/16/2017,"1,241.60","1,234.30","1,243.70","1,233.30",203.79K,0.69%
02/15/2017,"1,233.10","1,228.60","1,234.90","1,217.50",226.71K,0.63%
02/14/2017,"1,225.40","1,226.10","1,236.00","1,222.70",233.75K,-0.03%
02/13/2017,"1,225.80","1,234.20","1,234.40","1,220.30",176.62K,-0.82%
02/10/2017,"1,235.90","1,229.60","1,238.90","1,222.60",240.05K,-0.07%
02/09/2017,"1,236.80","1,242.70","1,246.20","1,226.10",246.14K,-0.22%
02/08/2017,"1,239.50","1,235.20","1,246.60","1,231.30",221.91K,0.28%
02/07/2017,"1,236.10","1,236.90","1,237.50","1,229.20",202.31K,0.32%
02/06/2017,"1,232.10","1,221.90","1,237.50","1,220.80",197.32K,0.93%
02/03/2017,"1,220.80","1,217.80","1,223.20","1,208.30",217.98K,0.11%
02/02/2017,"1,219.40","1,211.20","1,227.50","1,210.20",232.06K,0.92%
02/01/2017,"1,208.30","1,212.20","1,215.00","1,199.70",217.09K,-0.26%
01/31/2017,"1,211.40","1,197.70","1,217.40","1,195.60",246.90K,1.29%
01/30/2017,"1,196.00","1,194.60","1,201.30","1,190.00",191.77K,0.64%
01/27/2017,"1,188.40","1,188.50","1,191.00","1,179.70",234.35K,-0.12%
01/26/2017,"1,189.80","1,200.70","1,202.30","1,183.90",244.31K,-0.67%
01/25/2017,"1,197.80","1,208.60","1,209.30","1,192.60",299.18K,-1.07%
01/24/2017,"1,210.80","1,218.00","1,220.10","1,206.20",216.01K,-0.39%
01/23/2017,"1,215.60","1,209.30","1,219.40","1,209.00",237.41K,0.89%
01/20/2017,"1,204.90","1,204.80","1,214.80","1,198.20",244.34K,0.28%
01/19/2017,"1,201.50","1,203.10","1,206.40","1,195.40",247.40K,-0.87%
01/18/2017,"1,212.10","1,216.80","1,217.70","1,201.80",203.65K,-0.07%
01/16/2017,"1,212.90","1,199.40","1,218.90","1,198.00",381.42K,1.40%
01/13/2017,"1,196.20","1,194.80","1,201.80","1,187.50",288.62K,-0.30%
01/12/2017,"1,199.80","1,191.10","1,207.20","1,190.70",269.32K,0.27%
01/11/2017,"1,196.60","1,188.10","1,198.50","1,177.00",328.69K,0.94%
01/10/2017,"1,185.50","1,181.30","1,190.60","1,180.20",224.81K,0.05%
01/09/2017,"1,184.90","1,172.90","1,186.40","1,172.20",179.03K,0.98%
01/06/2017,"1,173.40","1,181.00","1,183.80","1,171.10",226.43K,-0.67%
01/05/2017,"1,181.30","1,164.60","1,185.90","1,163.60",272.12K,1.37%
01/04/2017,"1,165.30","1,159.60","1,168.60","1,156.70",179.88K,0.28%
01/03/2017,"1,162.00","1,151.40","1,166.00","1,146.50",229.18K,0.89%
12/30/2016,"1,151.70","1,159.50","1,164.30","1,150.30",143.85K,-0.55%
12/29/2016,"1,158.10","1,143.10","1,160.60","1,142.60",158.03K,1.51%
12/28/2016,"1,140.90","1,139.30","1,145.10","1,137.10",112.51K,0.18%
12/27/2016,"1,138.80","1,135.30","1,151.70","1,132.80",108.45K,0.46%
12/23/2016,"1,133.60","1,130.00","1,137.30","1,129.50",74.80K,0.26%
12/22/2016,"1,130.70","1,133.20","1,135.50","1,128.60",120.32K,-0.22%
12/21/2016,"1,133.20","1,134.00","1,138.80","1,131.00",114.06K,-0.04%
12/20/2016,"1,133.60","1,139.80","1,141.70","1,127.30",146.05K,-0.80%
12/19/2016,"1,142.70","1,136.10","1,144.40","1,135.50",119.18K,0.47%
12/16/2016,"1,137.40","1,130.50","1,143.20","1,128.50",178.64K,0.67%
12/15/2016,"1,129.80","1,143.80","1,146.00","1,124.30",281.61K,-2.91%
12/14/2016,"1,163.70","1,159.80","1,168.00","1,140.00",214.40K,0.41%
12/13/2016,"1,159.00","1,164.50","1,167.00","1,156.30",142.85K,-0.58%
12/12/2016,"1,165.80","1,161.40","1,167.90","1,152.50",166.80K,0.34%
12/09/2016,"1,161.90","1,172.50","1,173.80","1,157.60",162.82K,-0.90%
12/08/2016,"1,172.40","1,176.10","1,180.70","1,170.90",147.75K,-0.43%
12/07/2016,"1,177.50","1,171.40","1,182.30","1,167.20",145.81K,0.63%
12/06/2016,"1,170.10","1,172.80","1,177.10","1,168.10",137.61K,-0.54%
12/05/2016,"1,176.50","1,182.60","1,190.20","1,158.60",221.46K,-0.11%
12/02/2016,"1,177.80","1,174.30","1,180.30","1,168.40",175.97K,0.72%
12/01/2016,"1,169.40","1,175.10","1,178.40","1,162.20",230.28K,-0.38%
11/30/2016,"1,173.90","1,190.70","1,196.80","1,171.30",249.32K,-1.42%
11/29/2016,"1,190.80","1,196.60","1,197.70","1,182.60",216.19K,0.00%
11/28/2016,"1,190.80","1,184.40","1,197.20","1,182.40",189.91K,1.05%
11/24/2016,"1,178.40","1,189.40","1,192.70","1,170.30",300.28K,-0.92%
11/23/2016,"1,189.30","1,212.60","1,214.70","1,181.20",367.81K,-1.81%
11/22/2016,"1,211.20","1,213.50","1,220.90","1,205.60",210.55K,0.12%
11/21/2016,"1,209.80","1,207.30","1,217.80","1,205.40",167.83K,0.09%
11/18/2016,"1,208.70","1,216.00","1,217.50","1,201.30",257.11K,-0.67%
11/17/2016,"1,216.90","1,224.80","1,231.10","1,210.50",237.79K,-0.57%
11/16/2016,"1,223.90","1,228.00","1,233.10","1,221.00",204.45K,-0.05%
11/15/2016,"1,224.50","1,221.80","1,231.40","1,218.60",234.17K,0.23%
11/14/2016,"1,221.70","1,227.70","1,230.90","1,211.00",351.97K,-0.21%
11/11/2016,"1,224.30","1,258.70","1,265.00","1,218.70",444.59K,-3.32%
11/10/2016,"1,266.40","1,278.40","1,292.50","1,251.90",413.56K,-0.56%
11/09/2016,"1,273.50","1,276.80","1,338.30","1,268.10",816.53K,-0.08%
11/08/2016,"1,274.50","1,282.20","1,291.50","1,273.30",202.50K,-0.38%
11/07/2016,"1,279.40","1,294.50","1,296.50","1,278.60",221.68K,-1.92%
11/04/2016,"1,304.50","1,303.20","1,308.30","1,295.70",217.45K,0.09%
11/03/2016,"1,303.30","1,298.10","1,308.00","1,286.20",228.55K,-0.37%
11/02/2016,"1,308.20","1,289.00","1,309.30","1,288.40",241.70K,1.57%
11/01/2016,"1,288.00","1,277.80","1,292.90","1,276.30",207.26K,1.17%
10/31/2016,"1,273.10","1,278.30","1,280.50","1,271.90",123.70K,-0.29%
10/28/2016,"1,276.80","1,269.20","1,285.40","1,262.00",232.89K,0.58%
10/27/2016,"1,269.50","1,267.20","1,273.70","1,265.20",135.14K,0.23%
10/26/2016,"1,266.60","1,274.00","1,277.20","1,265.10",142.11K,-0.55%
10/25/2016,"1,273.60","1,265.20","1,277.50","1,262.40",140.03K,0.78%
10/24/2016,"1,263.70","1,266.90","1,272.80","1,260.10",156.82K,-0.32%
10/21/2016,"1,267.70","1,266.50","1,268.80","1,261.70",101.39K,0.02%
10/20/2016,"1,267.50","1,270.60","1,275.90","1,265.50",137.04K,-0.19%
10/19/2016,"1,269.90","1,263.90","1,274.40","1,261.10",143.61K,0.55%
10/18/2016,"1,262.90","1,256.00","1,265.60","1,255.90",148.17K,0.50%
10/17/2016,"1,256.60","1,252.90","1,258.20","1,251.10",111.89K,0.09%
10/14/2016,"1,255.50","1,259.50","1,260.70","1,246.90",179.88K,-0.17%
10/13/2016,"1,257.60","1,257.10","1,263.90","1,254.70",150.10K,0.30%
10/12/2016,"1,253.80","1,254.50","1,260.50","1,251.20",141.58K,-0.17%
10/11/2016,"1,255.90","1,261.70","1,264.00","1,254.30",141.05K,-0.36%
10/10/2016,"1,260.40","1,258.50","1,266.80","1,258.50",140.76K,0.68%
10/07/2016,"1,251.90","1,256.80","1,267.60","1,243.20",274.15K,-0.09%
10/06/2016,"1,253.00","1,269.70","1,271.60","1,251.80",190.19K,-1.23%
10/05/2016,"1,268.60","1,270.50","1,279.40","1,264.10",213.86K,-0.09%
10/04/2016,"1,269.70","1,315.00","1,315.40","1,269.00",351.26K,-3.28%
10/03/2016,"1,312.70","1,321.00","1,322.60","1,311.80",130.14K,-0.33%
09/30/2016,"1,317.10","1,323.60","1,331.50","1,316.00",214.12K,-0.67%
09/29/2016,"1,326.00","1,325.00","1,329.40","1,318.60",157.34K,0.17%
09/28/2016,"1,323.70","1,330.10","1,331.10","1,321.10",157.57K,-0.50%
09/27/2016,"1,330.40","1,342.00","1,343.50","1,327.70",187.75K,-1.02%
09/26/2016,"1,344.10","1,340.80","1,346.10","1,336.50",126.60K,0.18%
09/23/2016,"1,341.70","1,340.30","1,344.50","1,337.40",113.26K,-0.22%
09/22/2016,"1,344.70","1,338.90","1,347.80","1,335.10",166.86K,1.00%
09/21/2016,"1,331.40","1,318.00","1,341.30","1,310.90",268.97K,1.00%
09/20/2016,"1,318.20","1,316.30","1,321.10","1,315.20",93.72K,0.03%
09/19/2016,"1,317.80","1,313.20","1,321.80","1,312.60",115.84K,0.58%
09/16/2016,"1,310.20","1,318.30","1,321.50","1,309.20",138.21K,-0.59%
09/15/2016,"1,318.00","1,325.80","1,332.50","1,312.10",211.23K,-0.61%
09/14/2016,"1,326.10","1,322.60","1,329.80","1,316.60",139.43K,0.18%
09/13/2016,"1,323.70","1,331.70","1,335.90","1,318.80",180.76K,-0.14%
09/12/2016,"1,325.60","1,332.00","1,333.80","1,323.30",194.66K,-0.67%
09/09/2016,"1,334.50","1,341.60","1,343.60","1,331.20",163.93K,-0.53%
09/08/2016,"1,341.60","1,349.10","1,353.90","1,339.10",182.89K,-0.56%
09/07/2016,"1,349.20","1,353.50","1,357.60","1,346.90",151.82K,-0.35%
09/05/2016,"1,354.00","1,328.10","1,357.20","1,325.50",281.26K,2.06%
09/02/2016,"1,326.70","1,318.00","1,334.00","1,307.40",234.25K,0.73%
09/01/2016,"1,317.10","1,311.70","1,318.60","1,305.50",179.60K,0.43%
08/31/2016,"1,311.40","1,314.70","1,319.20","1,306.90",179.95K,-0.39%
08/30/2016,"1,316.50","1,327.00","1,328.90","1,312.00",159.33K,-0.80%
08/29/2016,"1,327.10","1,323.80","1,328.50","1,317.20",142.23K,0.09%
08/26/2016,"1,325.90","1,324.80","1,346.00","1,321.20",300.05K,0.10%
08/25/2016,"1,324.60","1,327.40","1,330.20","1,321.00",167.66K,-0.38%
08/24/2016,"1,329.70","1,342.20","1,344.10","1,327.00",225.49K,-1.22%
08/23/2016,"1,346.10","1,343.60","1,348.80","1,338.90",132.03K,0.20%
08/22/2016,"1,343.40","1,345.00","1,345.70","1,335.40",156.45K,-0.21%
08/19/2016,"1,346.20","1,357.10","1,357.90","1,342.00",185.03K,-0.81%
08/18/2016,"1,357.20","1,353.80","1,361.50","1,351.20",170.56K,0.62%
08/17/2016,"1,348.80","1,351.30","1,356.80","1,340.50",169.16K,-0.60%
08/16/2016,"1,356.90","1,345.20","1,364.30","1,344.80",221.72K,0.70%
08/15/2016,"1,347.50","1,343.60","1,349.10","1,340.90",120.15K,0.32%
08/12/2016,"1,343.20","1,344.70","1,362.50","1,338.30",239.55K,-0.50%
08/11/2016,"1,350.00","1,353.20","1,359.40","1,341.40",155.59K,-0.14%
08/10/2016,"1,351.90","1,347.00","1,363.60","1,345.70",191.32K,0.39%
08/09/2016,"1,346.70","1,341.20","1,348.50","1,336.00",124.48K,0.40%
08/08/2016,"1,341.30","1,341.20","1,343.90","1,335.30",137.54K,-0.23%
08/05/2016,"1,344.40","1,367.20","1,371.00","1,340.40",223.14K,-1.68%
08/04/2016,"1,367.40","1,364.70","1,371.40","1,355.10",170.00K,0.20%
08/03/2016,"1,364.70","1,370.50","1,373.40","1,360.60",138.59K,-0.58%
08/02/2016,"1,372.60","1,360.60","1,374.20","1,353.70",161.78K,0.96%
08/01/2016,"1,359.60","1,357.20","1,361.90","1,353.20",112.66K,0.15%
07/29/2016,"1,357.50","1,342.70","1,362.00","1,335.00",229.25K,1.22%
07/28/2016,"1,341.20","1,347.50","1,352.60","1,339.20",194.76K,1.09%
07/27/2016,"1,326.70","1,319.90","1,342.30","1,315.60",215.39K,0.45%
07/26/2016,"1,320.80","1,315.50","1,324.40","1,313.60",203.41K,0.10%
07/25/2016,"1,319.50","1,322.70","1,323.40","1,311.10",263.66K,-0.29%
07/22/2016,"1,323.40","1,331.40","1,334.00","1,319.40",232.26K,-0.57%
07/21/2016,"1,331.00","1,316.20","1,334.00","1,310.70",253.46K,0.89%
07/20/2016,"1,319.30","1,332.20","1,338.80","1,312.50",224.99K,-0.98%
07/19/2016,"1,332.30","1,329.10","1,335.50","1,325.80",150.62K,0.23%
07/18/2016,"1,329.30","1,333.40","1,336.00","1,323.50",163.21K,0.14%
07/15/2016,"1,327.40","1,336.40","1,339.50","1,322.60",191.83K,-0.36%
07/14/2016,"1,332.20","1,344.50","1,348.00","1,320.40",264.33K,-0.85%
07/13/2016,"1,343.60","1,334.00","1,346.30","1,328.10",204.59K,0.62%
07/12/2016,"1,335.30","1,356.30","1,358.90","1,331.00",257.34K,-1.57%
07/11/2016,"1,356.60","1,368.90","1,376.50","1,351.80",230.70K,-0.13%
07/08/2016,"1,358.40","1,361.00","1,371.80","1,336.30",301.19K,-0.27%
07/07/2016,"1,362.10","1,365.70","1,372.90","1,352.00",218.46K,-0.37%
07/06/2016,"1,367.10","1,358.00","1,377.50","1,356.30",237.06K,0.62%
07/04/2016,"1,358.70","1,345.00","1,360.30","1,338.50",353.81K,1.47%
07/01/2016,"1,339.00","1,324.80","1,347.00","1,323.10",223.73K,1.39%
06/30/2016,"1,320.60","1,321.00","1,326.50","1,315.30",192.95K,-0.47%
06/29/2016,"1,326.90","1,313.90","1,331.00","1,313.30",176.82K,0.68%
06/28/2016,"1,317.90","1,328.30","1,329.50","1,308.20",195.98K,-0.51%
06/27/2016,"1,324.70","1,322.30","1,340.00","1,320.80",258.33K,0.17%
06/24/2016,"1,322.40","1,254.30","1,362.60","1,252.80",574.24K,4.69%
06/23/2016,"1,263.10","1,268.10","1,274.90","1,256.90",152.59K,-0.54%
06/22/2016,"1,270.00","1,271.40","1,273.50","1,263.80",132.68K,-0.20%
06/21/2016,"1,272.50","1,292.50","1,297.40","1,267.10",207.16K,-1.52%
06/20/2016,"1,292.10","1,293.00","1,296.80","1,280.80",193.80K,-0.21%
06/17/2016,"1,294.80","1,282.40","1,302.70","1,278.80",211.62K,-0.28%
06/16/2016,"1,298.40","1,295.00","1,318.90","1,280.10",354.15K,0.78%
06/15/2016,"1,288.30","1,288.10","1,300.00","1,281.30",199.45K,0.02%
06/14/2016,"1,288.10","1,286.20","1,293.00","1,278.60",193.07K,0.09%
06/13/2016,"1,286.90","1,278.30","1,290.30","1,275.20",202.81K,0.86%
06/10/2016,"1,275.90","1,271.50","1,280.90","1,267.30",160.81K,0.25%
06/09/2016,"1,272.70","1,264.60","1,274.40","1,259.40",153.26K,0.82%
06/08/2016,"1,262.30","1,247.00","1,267.20","1,245.50",181.73K,1.23%
06/07/2016,"1,247.00","1,248.00","1,249.00","1,236.90",120.51K,-0.03%
06/06/2016,"1,247.40","1,245.50","1,251.30","1,242.10",162.94K,0.36%
06/03/2016,"1,242.90","1,212.80","1,247.40","1,209.10",240.70K,2.50%
06/02/2016,"1,212.60","1,215.90","1,220.00","1,212.00",112.60K,-0.17%
06/01/2016,"1,214.70","1,217.90","1,222.90","1,208.20",159.62K,-0.23%
05/30/2016,"1,217.50","1,215.10","1,220.60","1,201.50",236.15K,0.07%
05/27/2016,"1,216.70","1,222.30","1,225.80","1,209.00",200.00K,-0.30%
05/26/2016,"1,220.40","1,223.60","1,234.60","1,218.40",199.78K,-0.28%
05/25/2016,"1,223.80","1,227.30","1,230.20","1,217.70",246.05K,-0.44%
05/24/2016,"1,229.20","1,249.50","1,252.80","1,226.20",322.96K,-1.78%
05/23/2016,"1,251.50","1,251.70","1,256.80","1,243.50",218.72K,-0.11%
05/20/2016,"1,252.90","1,256.30","1,261.20","1,249.60",205.16K,-0.15%
05/19/2016,"1,254.80","1,259.10","1,262.30","1,244.60",270.06K,-1.54%
05/18/2016,"1,274.40","1,280.60","1,283.50","1,256.00",233.58K,-0.20%
05/17/2016,"1,276.90","1,274.90","1,283.90","1,270.10",205.19K,0.21%
05/16/2016,"1,274.20","1,273.10","1,290.40","1,271.60",198.78K,0.12%
05/13/2016,"1,272.70","1,264.80","1,277.70","1,264.00",174.35K,0.12%
05/12/2016,"1,271.20","1,279.30","1,282.50","1,262.90",218.10K,-0.34%
05/11/2016,"1,275.50","1,267.30","1,280.80","1,266.30",239.70K,0.85%
05/10/2016,"1,264.80","1,265.40","1,272.00","1,258.30",174.08K,-0.14%
05/09/2016,"1,266.60","1,286.70","1,289.50","1,262.80",225.23K,-2.12%
05/06/2016,"1,294.00","1,279.30","1,297.70","1,276.20",257.61K,1.71%
05/05/2016,"1,272.30","1,281.20","1,288.40","1,270.60",174.58K,-0.16%
05/04/2016,"1,274.40","1,287.70","1,291.80","1,273.60",212.95K,-1.35%
05/03/2016,"1,291.80","1,293.40","1,303.90","1,284.00",214.99K,-0.31%
05/02/2016,"1,295.80","1,293.20","1,306.00","1,289.60",198.26K,0.41%
04/29/2016,"1,290.50","1,268.00","1,299.00","1,267.00",273.99K,1.90%
04/28/2016,"1,266.40","1,247.30","1,271.70","1,239.10",227.21K,1.28%
04/27/2016,"1,250.40","1,245.70","1,254.60","1,240.70",171.51K,0.56%
04/26/2016,"1,243.40","1,239.80","1,246.50","1,232.70",148.11K,0.26%
04/25/2016,"1,240.20","1,234.50","1,243.80","1,231.30",120.77K,0.83%
04/22/2016,"1,230.00","1,248.50","1,254.20","1,228.50",209.49K,-1.62%
04/21/2016,"1,250.30","1,244.50","1,272.40","1,244.40",272.94K,-0.33%
04/20/2016,"1,254.40","1,251.30","1,259.80","1,244.00",165.25K,0.01%
04/19/2016,"1,254.30","1,233.90","1,258.50","1,229.00",217.39K,1.56%
04/18/2016,"1,235.00","1,236.30","1,243.30","1,231.70",148.66K,0.03%
04/15/2016,"1,234.60","1,228.50","1,237.60","1,226.80",121.27K,0.66%
04/14/2016,"1,226.50","1,243.80","1,245.90","1,225.40",204.79K,-1.75%
04/13/2016,"1,248.30","1,257.20","1,258.70","1,241.40",155.99K,-1.00%
04/12/2016,"1,260.90","1,259.80","1,264.70","1,253.00",157.24K,0.23%
04/11/2016,"1,258.00","1,241.80","1,260.90","1,241.60",160.93K,1.14%
04/08/2016,"1,243.80","1,241.80","1,244.60","1,231.00",132.37K,0.51%
04/07/2016,"1,237.50","1,224.00","1,245.00","1,224.00",189.41K,1.12%
04/06/2016,"1,223.80","1,232.60","1,233.80","1,217.20",135.33K,-0.47%
04/05/2016,"1,229.60","1,217.10","1,238.80","1,216.00",157.09K,0.84%
04/04/2016,"1,219.30","1,223.00","1,224.10","1,215.70",91.06K,-0.34%
04/01/2016,"1,223.50","1,234.10","1,237.20","1,210.30",196.90K,-0.98%
03/31/2016,"1,235.60","1,227.00","1,242.30","1,225.10",120.32K,0.57%
03/30/2016,"1,228.60","1,243.00","1,246.80","1,224.90",183.33K,-0.58%
03/29/2016,"1,235.80","1,221.50","1,243.40","1,215.30",189.73K,1.29%
03/28/2016,"1,220.10","1,216.00","1,223.20","1,206.00",142.68K,-0.12%
03/24/2016,"1,221.60","1,220.70","1,224.20","1,211.20",169.70K,-0.20%
03/23/2016,"1,224.00","1,248.50","1,249.80","1,215.40",266.17K,-1.97%
03/22/2016,"1,248.60","1,244.30","1,260.90","1,242.80",195.73K,0.35%
03/21/2016,"1,244.20","1,255.20","1,256.70","1,241.20",176.62K,-0.81%
03/18/2016,"1,254.30","1,257.70","1,267.70","1,248.40",158.07K,-0.85%
03/17/2016,"1,265.00","1,262.00","1,271.90","1,255.20",208.12K,2.86%
03/16/2016,"1,229.80","1,233.10","1,264.80","1,227.00",203.81K,-0.10%
03/15/2016,"1,231.00","1,237.00","1,238.70","1,226.00",185.33K,-1.13%
03/14/2016,"1,245.10","1,250.90","1,261.90","1,229.90",207.56K,-1.14%
03/11/2016,"1,259.40","1,272.00","1,287.80","1,249.00",235.78K,-1.05%
03/10/2016,"1,272.80","1,253.70","1,274.30","1,237.50",304.98K,1.22%
03/09/2016,"1,257.40","1,262.20","1,265.70","1,243.60",223.14K,-0.44%
03/08/2016,"1,262.90","1,267.90","1,279.00","1,261.00",206.13K,-0.09%
03/07/2016,"1,264.00","1,260.50","1,274.10","1,257.40",212.79K,-0.53%
03/04/2016,"1,270.70","1,264.60","1,280.70","1,250.10",361.18K,0.99%
03/03/2016,"1,258.20","1,240.80","1,269.30","1,238.00",226.30K,1.32%
03/02/2016,"1,241.80","1,232.30","1,244.80","1,225.10",182.78K,0.89%
03/01/2016,"1,230.80","1,238.90","1,249.30","1,227.70",225.61K,-0.29%
02/29/2016,"1,234.40","1,223.10","1,241.80","1,216.30",183.45K,1.15%
02/26/2016,"1,220.40","1,232.50","1,241.30","1,212.00",218.71K,-1.49%
02/25/2016,"1,238.80","1,228.90","1,244.40","1,221.80",208.22K,-0.02%
02/24/2016,"1,239.10","1,226.00","1,254.30","1,222.40",274.24K,1.35%
02/23/2016,"1,222.60","1,208.90","1,229.00","1,207.60",184.48K,1.03%
02/22/2016,"1,210.10","1,226.90","1,226.90","1,202.50",160.97K,-1.68%
02/19/2016,"1,230.80","1,231.20","1,235.30","1,220.60",184.25K,0.37%
02/18/2016,"1,226.30","1,209.50","1,240.60","1,201.30",182.12K,1.23%
02/17/2016,"1,211.40","1,201.90","1,214.40","1,196.20",162.45K,0.26%
02/15/2016,"1,208.20","1,236.30","1,236.30","1,191.50",340.80K,-2.52%
02/12/2016,"1,239.40","1,247.10","1,248.70","1,232.90",191.13K,-0.67%
02/11/2016,"1,247.80","1,197.50","1,263.90","1,196.30",365.65K,4.45%
02/10/2016,"1,194.60","1,189.70","1,198.10","1,181.60",168.64K,-0.33%
02/09/2016,"1,198.60","1,189.50","1,199.30","1,185.90",190.80K,0.06%
02/08/2016,"1,197.90","1,174.00","1,201.40","1,164.50",249.46K,3.47%
02/05/2016,"1,157.70","1,155.70","1,175.00","1,145.50",214.89K,0.02%
02/04/2016,"1,157.50","1,142.50","1,157.90","1,139.70",177.21K,1.42%
02/03/2016,"1,141.30","1,129.40","1,146.20","1,124.80",189.23K,1.25%
02/02/2016,"1,127.20","1,128.50","1,131.50","1,122.60",117.73K,-0.07%
02/01/2016,"1,128.00","1,118.00","1,130.20","1,115.30",118.52K,1.04%
01/29/2016,"1,116.40","1,114.80","1,118.90","1,108.50",133.25K,0.03%
01/28/2016,"1,116.10","1,126.20","1,126.40","1,110.20",151.22K,0.03%
01/27/2016,"1,115.80","1,119.90","1,128.00","1,114.90",168.71K,-0.39%
01/26/2016,"1,120.20","1,108.20","1,123.20","1,107.20",197.69K,1.35%
01/25/2016,"1,105.30","1,097.80","1,109.20","1,097.60",176.36K,0.82%
01/22/2016,"1,096.30","1,101.60","1,103.50","1,094.40",142.74K,-0.17%
01/21/2016,"1,098.20","1,100.90","1,106.20","1,092.50",178.74K,-0.72%
01/20/2016,"1,106.20","1,087.30","1,109.90","1,087.10",193.28K,1.57%
01/18/2016,"1,089.10","1,089.30","1,094.50","1,082.10",160.11K,-0.15%
01/15/2016,"1,090.70","1,079.20","1,097.50","1,076.00",173.46K,1.59%
01/14/2016,"1,073.60","1,093.60","1,095.40","1,071.10",174.24K,-1.24%
01/13/2016,"1,087.10","1,086.80","1,095.60","1,079.40",156.11K,0.18%
01/12/2016,"1,085.20","1,094.00","1,099.10","1,083.10",167.65K,-1.00%
01/11/2016,"1,096.20","1,103.60","1,108.30","1,093.10",193.21K,-0.15%
01/08/2016,"1,097.90","1,108.80","1,113.10","1,091.80",193.45K,-0.89%
01/07/2016,"1,107.80","1,093.70","1,109.90","1,091.10",217.27K,1.46%
01/06/2016,"1,091.90","1,076.80","1,094.90","1,074.40",191.80K,1.25%
01/05/2016,"1,078.40","1,073.50","1,081.50","1,071.90",104.64K,0.30%
01/04/2016,"1,075.20","1,061.50","1,083.00","1,061.00",159.79K,1.41%
12/31/2015,"1,060.20","1,060.60","1,062.70","1,056.50",55.71K,0.04%
12/30/2015,"1,059.80","1,068.20","1,071.50","1,058.50",98.71K,-0.77%
12/29/2015,"1,068.00","1,068.30","1,074.60","1,066.70",87.64K,-0.03%
12/28/2015,"1,068.30","1,075.20","1,076.50","1,065.70",70.86K,-0.71%
12/24/2015,"1,075.90","1,069.60","1,076.60","1,069.50",49.69K,0.71%
12/23/2015,"1,068.30","1,072.00","1,074.90","1,067.60",69.36K,-0.54%
12/22/2015,"1,074.10","1,078.00","1,080.30","1,071.20",80.66K,-0.60%
12/21/2015,"1,080.60","1,065.20","1,081.40","1,063.10",122.22K,1.46%
12/18/2015,"1,065.00","1,051.50","1,071.00","1,050.00",122.22K,1.47%
12/17/2015,"1,049.60","1,072.20","1,072.70","1,046.80",168.67K,-2.53%
12/16/2015,"1,076.80","1,060.30","1,077.90","1,060.20",143.15K,1.43%
12/15/2015,"1,061.60","1,059.80","1,067.90","1,057.40",115.32K,-0.17%
12/14/2015,"1,063.40","1,073.00","1,077.30","1,058.10",121.86K,-1.14%
12/11/2015,"1,075.70","1,071.40","1,079.10","1,061.70",152.62K,0.35%
12/10/2015,"1,072.00","1,071.70","1,076.00","1,068.80",99.73K,-0.42%
12/09/2015,"1,076.50","1,074.30","1,085.00","1,068.70",140.71K,0.11%
12/08/2015,"1,075.30","1,069.70","1,078.40","1,066.80",128.22K,0.01%
12/07/2015,"1,075.20","1,085.50","1,086.10","1,065.00",109.37K,-0.82%
12/04/2015,"1,084.10","1,062.00","1,088.30","1,057.20",208.90K,2.16%
12/03/2015,"1,061.20","1,053.50","1,064.50","1,045.40",173.77K,0.70%
12/02/2015,"1,053.80","1,067.90","1,071.00","1,049.40",124.02K,-0.91%
12/01/2015,"1,063.50","1,064.60","1,074.00","1,062.60",121.57K,-0.17%
11/30/2015,"1,065.30","1,056.00","1,069.10","1,052.20",113.17K,0.86%
11/26/2015,"1,056.20","1,070.60","1,073.90","1,051.60",187.11K,-1.29%
11/25/2015,"1,070.00","1,075.00","1,080.40","1,067.10",148.66K,-0.35%
11/24/2015,"1,073.80","1,068.50","1,080.70","1,068.10",158.53K,0.66%
11/23/2015,"1,066.80","1,076.40","1,076.50","1,065.00",178.09K,-0.88%
11/20/2015,"1,076.30","1,079.70","1,087.20","1,074.90",157.70K,-0.15%
11/19/2015,"1,077.90","1,069.30","1,086.60","1,068.30",177.56K,0.86%
11/18/2015,"1,068.70","1,070.20","1,074.60","1,062.00",154.64K,0.01%
11/17/2015,"1,068.60","1,082.40","1,085.10","1,064.40",181.46K,-1.38%
11/16/2015,"1,083.60","1,087.90","1,097.40","1,080.50",151.38K,0.25%
11/13/2015,"1,080.90","1,083.50","1,088.00","1,078.20",130.83K,-0.01%
11/12/2015,"1,081.00","1,085.40","1,089.00","1,073.00",208.30K,-0.36%
11/11/2015,"1,084.90","1,088.50","1,093.50","1,083.20",171.73K,-0.33%
11/10/2015,"1,088.50","1,090.80","1,094.80","1,084.00",144.17K,0.04%
11/09/2015,"1,088.10","1,089.10","1,094.90","1,087.40",141.89K,0.04%
11/06/2015,"1,087.70","1,103.20","1,109.70","1,084.50",199.87K,-1.49%
11/05/2015,"1,104.20","1,106.80","1,111.30","1,102.20",144.64K,-0.18%
11/04/2015,"1,106.20","1,117.40","1,122.30","1,105.60",157.67K,-0.71%
11/03/2015,"1,114.10","1,132.90","1,138.00","1,113.60",157.45K,-1.92%
11/02/2015,"1,135.90","1,141.30","1,142.70","1,132.20",106.36K,-0.48%
10/30/2015,"1,141.40","1,146.60","1,149.80","1,138.40",123.17K,-0.51%
10/29/2015,"1,147.30","1,156.10","1,162.50","1,144.20",155.61K,-2.45%
10/28/2015,"1,176.10","1,166.70","1,183.10","1,152.10",187.31K,0.88%
10/27/2015,"1,165.80","1,163.00","1,168.80","1,160.50",91.66K,-0.03%
10/26/2015,"1,166.20","1,163.80","1,169.60","1,162.00",84.87K,0.29%
10/23/2015,"1,162.80","1,165.90","1,179.40","1,158.60",150.80K,-0.28%
10/22/2015,"1,166.10","1,166.80","1,171.80","1,161.40",117.32K,-0.09%
10/21/2015,"1,167.10","1,175.50","1,179.30","1,163.20",122.07K,-0.88%
10/20/2015,"1,177.50","1,170.60","1,181.40","1,167.20",124.73K,0.40%
10/19/2015,"1,172.80","1,176.90","1,178.20","1,168.30",108.77K,-0.87%
10/16/2015,"1,183.10","1,182.50","1,184.80","1,174.30",108.91K,-0.37%
10/15/2015,"1,187.50","1,184.00","1,191.70","1,173.90",192.31K,0.65%
10/14/2015,"1,179.80","1,168.20","1,189.90","1,162.50",199.97K,1.24%
10/13/2015,"1,165.40","1,162.80","1,168.60","1,151.30",139.53K,0.08%
10/12/2015,"1,164.50","1,155.00","1,168.60","1,154.30",111.80K,0.74%
10/09/2015,"1,155.90","1,138.10","1,159.30","1,138.00",134.87K,1.01%
10/08/2015,"1,144.30","1,145.00","1,150.90","1,135.90",121.19K,-0.38%
10/07/2015,"1,148.70","1,146.50","1,153.60","1,141.30",113.15K,0.20%
10/06/2015,"1,146.40","1,134.70","1,151.00","1,134.50",128.18K,0.77%
10/05/2015,"1,137.60","1,137.00","1,141.60","1,129.60",119.48K,0.09%
10/02/2015,"1,136.60","1,112.50","1,140.90","1,103.80",190.00K,2.06%
10/01/2015,"1,113.70","1,114.50","1,118.50","1,110.30",83.39K,-0.13%
09/30/2015,"1,115.20","1,127.20","1,127.70","1,110.80",156.47K,-1.03%
09/29/2015,"1,126.80","1,131.40","1,134.30","1,123.50",105.55K,-0.43%
09/28/2015,"1,131.70","1,145.00","1,147.80","1,127.30",143.47K,-1.21%
09/25/2015,"1,145.60","1,151.00","1,151.10","1,140.10",140.35K,-0.71%
09/24/2015,"1,153.80","1,130.00","1,156.40","1,129.50",219.68K,1.97%
09/23/2015,"1,131.50","1,123.80","1,134.00","1,121.10",96.17K,0.60%
09/22/2015,"1,124.80","1,132.60","1,136.10","1,120.50",117.44K,-0.71%
09/21/2015,"1,132.80","1,138.70","1,139.40","1,128.70",87.12K,-0.44%
09/18/2015,"1,137.80","1,130.00","1,141.50","1,126.90",151.72K,1.86%
09/17/2015,"1,117.00","1,118.70","1,136.00","1,114.70",143.64K,-0.18%
09/16/2015,"1,119.00","1,104.40","1,123.70","1,103.00",131.15K,1.49%
09/15/2015,"1,102.60","1,107.10","1,108.50","1,101.50",78.88K,-0.46%
09/14/2015,"1,107.70","1,107.00","1,109.80","1,102.60",74.18K,0.40%
09/11/2015,"1,103.30","1,110.20","1,111.90","1,097.70",119.50K,-0.54%
09/10/2015,"1,109.30","1,105.70","1,114.10","1,102.50",121.43K,0.66%
09/09/2015,"1,102.00","1,121.00","1,124.70","1,100.10",178.30K,-1.69%
09/07/2015,"1,121.00","1,123.00","1,126.00","1,114.70",142.51K,-0.04%
09/04/2015,"1,121.40","1,124.50","1,133.10","1,115.70",113.53K,-0.28%
09/03/2015,"1,124.50","1,133.20","1,133.80","1,121.00",106.47K,-0.80%
09/02/2015,"1,133.60","1,139.00","1,141.90","1,131.20",111.57K,-0.54%
09/01/2015,"1,139.80","1,133.80","1,147.30","1,133.80",128.87K,0.64%
08/31/2015,"1,132.50","1,132.70","1,136.30","1,125.00",98.95K,-0.13%
08/28/2015,"1,134.00","1,124.40","1,140.30","1,123.10",152.11K,1.02%
08/27/2015,"1,122.60","1,125.00","1,128.50","1,117.00",143.05K,-0.18%
08/26/2015,"1,124.60","1,139.90","1,146.00","1,116.90",207.12K,-1.20%
08/25/2015,"1,138.30","1,155.70","1,156.30","1,134.00",199.69K,-1.33%
08/24/2015,"1,153.60","1,160.20","1,169.80","1,145.10",264.14K,-0.52%
08/21/2015,"1,159.60","1,153.30","1,167.90","1,148.50",196.06K,0.55%
08/20/2015,"1,153.20","1,133.30","1,153.70","1,132.10",187.18K,2.24%
08/19/2015,"1,127.90","1,117.20","1,134.30","1,115.50",154.35K,0.98%
08/18/2015,"1,116.90","1,117.20","1,120.40","1,108.50",119.95K,-0.13%
08/17/2015,"1,118.40","1,113.50","1,122.20","1,112.90",92.58K,0.51%
08/14/2015,"1,112.70","1,114.60","1,120.40","1,111.10",102.23K,-0.26%
08/13/2015,"1,115.60","1,125.20","1,126.30","1,112.80",129.21K,-0.71%
08/12/2015,"1,123.60","1,108.20","1,125.50","1,101.10",193.70K,1.44%
08/11/2015,"1,107.70","1,103.80","1,119.10","1,093.30",191.83K,0.33%
08/10/2015,"1,104.10","1,094.00","1,108.50","1,089.00",148.93K,0.91%
08/07/2015,"1,094.10","1,088.80","1,098.90","1,081.40",172.49K,0.37%
08/06/2015,"1,090.10","1,084.10","1,093.30","1,082.70",94.61K,0.41%
08/05/2015,"1,085.60","1,087.30","1,091.70","1,082.00",116.05K,-0.47%
08/04/2015,"1,090.70","1,085.30","1,094.40","1,080.20",114.10K,0.12%
08/03/2015,"1,089.40","1,095.10","1,098.00","1,085.10",105.92K,-0.52%
07/31/2015,"1,095.10","1,087.70","1,103.00","1,079.20",174.13K,0.59%
07/30/2015,"1,088.70","1,096.60","1,098.20","1,081.50",169.10K,-0.36%
07/29/2015,"1,092.60","1,094.50","1,100.90","1,088.90",159.14K,-0.33%
07/28/2015,"1,096.20","1,094.10","1,098.20","1,090.70",176.08K,-0.02%
07/27/2015,"1,096.40","1,098.60","1,104.40","1,087.70",191.96K,1.00%
07/24/2015,"1,085.50","1,089.50","1,100.90","1,072.30",249.02K,-0.79%
07/23/2015,"1,094.10","1,093.40","1,104.90","1,086.10",204.07K,0.24%
07/22/2015,"1,091.50","1,100.10","1,102.30","1,085.60",182.18K,-1.09%
07/21/2015,"1,103.50","1,098.00","1,108.80","1,095.90",172.52K,-0.30%
07/20/2015,"1,106.80","1,132.40","1,132.50","1,080.00",261.35K,-2.22%
07/17/2015,"1,131.90","1,144.30","1,144.50","1,129.60",161.00K,-1.05%
07/16/2015,"1,143.90","1,146.20","1,148.20","1,140.60",125.70K,-0.31%
07/15/2015,"1,147.40","1,153.90","1,155.80","1,141.90",150.65K,-0.53%
07/14/2015,"1,153.50","1,157.00","1,159.10","1,151.80",109.14K,-0.16%
07/13/2015,"1,155.40","1,162.30","1,163.90","1,149.80",126.73K,-0.22%
07/10/2015,"1,157.90","1,158.70","1,164.50","1,156.40",112.57K,-0.11%
07/09/2015,"1,159.20","1,157.50","1,166.90","1,155.10",130.01K,-0.37%
07/08/2015,"1,163.50","1,154.00","1,163.80","1,145.90",168.01K,0.95%
07/07/2015,"1,152.60","1,168.80","1,170.00","1,146.80",198.53K,-1.76%
07/03/2015,"1,173.20","1,173.20","1,174.40","1,161.90",141.90K,0.83%
07/02/2015,"1,163.50","1,167.70","1,169.20","1,155.80",144.73K,-0.50%
07/01/2015,"1,169.30","1,172.40","1,174.40","1,166.70",95.18K,-0.21%
06/30/2015,"1,171.80","1,179.80","1,180.00","1,165.40",148.19K,-0.61%
06/29/2015,"1,179.00","1,182.50","1,187.60","1,173.20",145.71K,0.49%
06/26/2015,"1,173.20","1,172.50","1,178.00","1,167.10",107.92K,0.12%
06/25/2015,"1,171.80","1,174.10","1,177.30","1,170.50",88.85K,-0.09%
06/24/2015,"1,172.90","1,177.60","1,179.70","1,168.10",118.45K,-0.31%
06/23/2015,"1,176.60","1,185.30","1,187.70","1,175.60",122.25K,-0.63%
06/22/2015,"1,184.10","1,199.70","1,200.80","1,181.60",127.15K,-1.48%
06/19/2015,"1,201.90","1,201.80","1,203.90","1,198.00",86.06K,-0.01%
06/18/2015,"1,202.00","1,184.20","1,205.70","1,183.10",190.69K,2.14%
06/17/2015,"1,176.80","1,181.10","1,188.80","1,173.90",101.55K,-0.35%
06/16/2015,"1,180.90","1,185.30","1,187.40","1,175.40",100.20K,-0.41%
06/15/2015,"1,185.80","1,180.00","1,190.20","1,171.90",129.83K,0.56%
06/12/2015,"1,179.20","1,180.80","1,183.70","1,175.60",86.35K,-0.10%
06/11/2015,"1,180.40","1,185.70","1,187.40","1,174.80",114.93K,-0.52%
06/10/2015,"1,186.60","1,175.80","1,191.80","1,174.30",124.68K,0.76%
06/09/2015,"1,177.60","1,173.20","1,182.30","1,171.80",91.63K,0.34%
06/08/2015,"1,173.60","1,170.80","1,177.10","1,168.50",107.09K,0.47%
06/05/2015,"1,168.10","1,176.50","1,178.00","1,162.10",150.68K,-0.60%
06/04/2015,"1,175.20","1,185.80","1,186.60","1,172.40",155.46K,-0.82%
06/03/2015,"1,184.90","1,193.80","1,195.60","1,179.10",124.18K,-0.80%
06/02/2015,"1,194.40","1,189.50","1,196.40","1,185.80",111.47K,0.48%
06/01/2015,"1,188.70","1,189.80","1,204.70","1,184.00",171.25K,-0.09%
05/29/2015,"1,189.80","1,188.10","1,194.40","1,186.00",102.17K,0.08%
05/28/2015,"1,188.80","1,188.00","1,192.80","1,180.20",150.00K,0.27%
05/27/2015,"1,185.60","1,186.70","1,190.40","1,183.00",200.22K,-0.11%
05/25/2015,"1,186.90","1,205.20","1,208.20","1,184.80",244.62K,-1.42%
05/22/2015,"1,204.00","1,206.00","1,214.60","1,201.00",142.93K,-0.01%
05/21/2015,"1,204.10","1,209.40","1,212.40","1,200.80",139.67K,-0.38%
05/20/2015,"1,208.70","1,207.70","1,213.20","1,202.70",127.89K,0.17%
05/19/2015,"1,206.70","1,225.40","1,225.50","1,205.10",178.96K,-1.70%
05/18/2015,"1,227.60","1,222.80","1,232.00","1,221.20",120.82K,0.19%
05/15/2015,"1,225.30","1,220.90","1,225.80","1,210.60",133.24K,0.01%
05/14/2015,"1,225.20","1,215.00","1,227.70","1,211.90",177.84K,0.57%
05/13/2015,"1,218.20","1,192.50","1,218.50","1,190.40",241.72K,2.16%
05/12/2015,"1,192.40","1,182.50","1,196.30","1,179.70",139.26K,0.79%
05/11/2015,"1,183.00","1,189.00","1,190.90","1,178.00",128.10K,-0.50%
05/08/2015,"1,188.90","1,183.70","1,193.00","1,180.50",143.61K,0.57%
05/07/2015,"1,182.20","1,191.30","1,192.00","1,177.90",134.94K,-0.68%
05/06/2015,"1,190.30","1,192.50","1,196.90","1,187.40",105.95K,-0.24%
05/05/2015,"1,193.20","1,187.50","1,199.30","1,184.90",109.75K,0.54%
05/04/2015,"1,186.80","1,176.60","1,192.10","1,176.60",107.75K,1.05%
05/01/2015,"1,174.50","1,183.70","1,184.40","1,168.40",118.48K,-0.67%
04/30/2015,"1,182.40","1,204.50","1,207.40","1,176.00",212.93K,-2.28%
04/29/2015,"1,210.00","1,211.40","1,213.50","1,200.70",141.08K,-0.32%
04/28/2015,"1,213.90","1,201.60","1,214.90","1,198.60",157.58K,0.89%
04/27/2015,"1,203.20","1,179.30","1,206.70","1,177.60",207.20K,2.40%
04/24/2015,"1,175.00","1,193.00","1,195.40","1,174.10",156.38K,-1.62%
04/23/2015,"1,194.30","1,186.90","1,197.40","1,183.60",118.11K,0.62%
04/22/2015,"1,186.90","1,202.20","1,204.40","1,185.00",152.18K,-1.35%
04/21/2015,"1,203.10","1,195.80","1,203.70","1,192.50",104.71K,0.79%
04/20/2015,"1,193.70","1,204.40","1,209.00","1,190.80",137.02K,-0.78%
04/17/2015,"1,203.10","1,198.60","1,207.80","1,197.00",111.55K,0.43%
04/16/2015,"1,198.00","1,201.80","1,208.80","1,194.30",157.42K,-0.27%
04/15/2015,"1,201.30","1,192.20","1,204.40","1,188.30",129.20K,0.73%
04/14/2015,"1,192.60","1,198.80","1,201.30","1,183.50",161.06K,-0.56%
04/13/2015,"1,199.30","1,207.20","1,209.30","1,196.10",109.55K,-0.44%
04/10/2015,"1,204.60","1,193.80","1,210.60","1,192.90",124.84K,0.92%
04/09/2015,"1,193.60","1,202.60","1,203.30","1,192.40",110.16K,-0.79%
04/08/2015,"1,203.10","1,208.70","1,212.50","1,197.40",116.32K,-0.62%
04/07/2015,"1,210.60","1,214.70","1,215.90","1,207.50",85.86K,-0.66%
04/06/2015,"1,218.60","1,212.60","1,224.50","1,212.60",106.01K,1.47%
04/02/2015,"1,200.90","1,204.30","1,207.40","1,194.80",115.65K,-0.60%
04/01/2015,"1,208.20","1,183.20","1,208.70","1,180.50",151.14K,2.11%
03/31/2015,"1,183.20","1,185.50","1,190.60","1,178.20",114.97K,-0.18%
03/30/2015,"1,185.30","1,198.60","1,199.60","1,182.20",131.45K,-1.21%
03/27/2015,"1,199.80","1,203.80","1,205.60","1,191.70",172.26K,-0.42%
03/26/2015,"1,204.80","1,195.40","1,219.50","1,193.80",245.37K,0.65%
03/25/2015,"1,197.00","1,192.50","1,199.30","1,186.10",185.93K,0.47%
03/24/2015,"1,191.40","1,188.50","1,194.50","1,184.70",162.92K,0.31%
03/23/2015,"1,187.70","1,183.20","1,191.00","1,178.60",162.53K,0.26%
03/20/2015,"1,184.60","1,170.40","1,187.40","1,167.90",167.53K,1.33%
03/19/2015,"1,169.00","1,166.10","1,177.00","1,158.60",157.06K,1.54%
03/18/2015,"1,151.30","1,148.10","1,175.10","1,144.90",188.48K,0.27%
03/17/2015,"1,148.20","1,153.70","1,159.30","1,141.60",159.62K,-0.43%
03/16/2015,"1,153.20","1,157.90","1,163.30","1,149.30",123.26K,0.07%
03/13/2015,"1,152.40","1,152.60","1,160.90","1,150.40",122.68K,0.04%
03/12/2015,"1,151.90","1,153.70","1,165.70","1,147.50",159.54K,0.11%
03/11/2015,"1,150.60","1,161.10","1,164.30","1,146.50",161.56K,-0.82%
03/10/2015,"1,160.10","1,165.60","1,169.60","1,153.80",178.08K,-0.55%
03/09/2015,"1,166.50","1,169.60","1,174.40","1,164.80",123.61K,0.19%
03/06/2015,"1,164.30","1,197.50","1,200.00","1,162.90",214.80K,-2.67%
03/05/2015,"1,196.20","1,200.20","1,208.90","1,195.80",131.86K,-0.39%
03/04/2015,"1,200.90","1,203.80","1,208.40","1,197.70",107.56K,-0.29%
03/03/2015,"1,204.40","1,206.10","1,214.40","1,194.60",155.66K,-0.31%
03/02/2015,"1,208.20","1,213.80","1,223.00","1,204.20",133.10K,-0.40%
02/27/2015,"1,213.10","1,208.80","1,219.20","1,204.10",113.77K,0.25%
02/26/2015,"1,210.10","1,203.90","1,219.90","1,203.40",137.28K,0.72%
02/25/2015,"1,201.50","1,200.80","1,211.70","1,200.70",106.08K,0.35%
02/24/2015,"1,197.30","1,201.90","1,204.40","1,190.00",116.61K,-0.29%
02/23/2015,"1,200.80","1,203.50","1,210.30","1,190.60",115.22K,-0.34%
02/20/2015,"1,204.90","1,208.00","1,215.30","1,197.70",109.25K,-0.22%
02/19/2015,"1,207.60","1,212.50","1,222.90","1,205.20",115.72K,0.62%
02/18/2015,"1,200.20","1,209.30","1,213.40","1,197.20",121.13K,-0.70%
02/16/2015,"1,208.60","1,227.50","1,236.70","1,203.30",181.84K,-1.51%
02/13/2015,"1,227.10","1,223.00","1,234.90","1,222.50",96.37K,0.52%
02/12/2015,"1,220.70","1,218.30","1,232.80","1,218.00",109.41K,0.09%
02/11/2015,"1,219.60","1,234.10","1,238.70","1,216.50",116.28K,-1.02%
02/10/2015,"1,232.20","1,238.30","1,245.90","1,230.60",97.14K,-0.75%
02/09/2015,"1,241.50","1,235.90","1,243.60","1,234.40",92.65K,0.56%
02/06/2015,"1,234.60","1,266.40","1,269.00","1,228.20",205.10K,-2.23%
02/05/2015,"1,262.70","1,270.40","1,274.60","1,256.10",113.83K,-0.14%
02/04/2015,"1,264.50","1,261.50","1,273.30","1,256.90",136.18K,0.33%
02/03/2015,"1,260.30","1,275.60","1,286.50","1,255.80",181.99K,-1.30%
02/02/2015,"1,276.90","1,283.00","1,283.90","1,266.50",119.88K,-0.18%
01/30/2015,"1,279.20","1,259.00","1,285.40","1,257.50",163.88K,1.86%
01/29/2015,"1,255.90","1,284.00","1,286.60","1,252.10",243.65K,-2.33%
01/28/2015,"1,285.90","1,292.00","1,293.30","1,279.00",180.39K,-0.45%
01/27/2015,"1,291.70","1,280.70","1,297.40","1,272.00",186.95K,0.96%
01/26/2015,"1,279.40","1,292.80","1,299.20","1,275.60",168.89K,-1.02%
01/23/2015,"1,292.60","1,301.50","1,302.90","1,284.30",149.21K,-0.62%
01/22/2015,"1,300.70","1,293.70","1,307.80","1,279.10",214.91K,0.54%
01/21/2015,"1,293.70","1,295.30","1,307.00","1,284.60",210.39K,-0.04%
01/19/2015,"1,294.20","1,280.70","1,297.20","1,272.10",249.78K,1.35%
01/16/2015,"1,276.90","1,263.50","1,282.40","1,255.20",219.41K,0.96%
01/15/2015,"1,264.80","1,229.70","1,267.20","1,226.10",288.79K,2.45%
01/14/2015,"1,234.50","1,231.20","1,244.60","1,224.90",193.11K,0.01%
01/13/2015,"1,234.40","1,233.10","1,244.50","1,227.40",179.65K,0.13%
01/12/2015,"1,232.80","1,223.00","1,236.00","1,217.50",138.52K,1.37%
01/09/2015,"1,216.10","1,208.90","1,224.00","1,207.00",155.98K,0.63%
01/08/2015,"1,208.50","1,211.00","1,216.80","1,204.20",122.49K,-0.18%
01/07/2015,"1,210.70","1,219.00","1,219.40","1,209.10",117.09K,-0.71%
01/06/2015,"1,219.40","1,204.00","1,223.30","1,201.60",190.36K,1.28%
01/05/2015,"1,204.00","1,187.80","1,207.50","1,177.80",149.11K,1.50%
01/02/2015,"1,186.20","1,184.00","1,194.90","1,167.30",120.68K,0.18%
12/31/2014,"1,184.10","1,199.80","1,203.90","1,179.50",70.52K,-1.36%
12/30/2014,"1,200.40","1,182.90","1,210.90","1,180.50",141.72K,1.57%
12/29/2014,"1,181.90","1,194.90","1,197.50","1,178.60",85.91K,-1.12%
12/26/2014,"1,195.30","1,175.20","1,199.10","1,175.20",67.18K,1.86%
12/24/2014,"1,173.50","1,176.80","1,181.20","1,172.70",43.63K,-0.38%
12/23/2014,"1,178.00","1,176.10","1,184.90","1,172.40",105.53K,-0.15%
12/22/2014,"1,179.80","1,196.00","1,203.60","1,170.70",132.15K,-1.35%
12/19/2014,"1,196.00","1,198.00","1,201.50","1,193.20",73.33K,0.10%
12/18/2014,"1,194.80","1,189.40","1,213.90","1,188.50",137.34K,0.03%
12/17/2014,"1,194.50","1,195.30","1,203.10","1,182.00",169.51K,0.02%
12/16/2014,"1,194.30","1,195.40","1,223.90","1,187.80",231.51K,-1.11%
12/15/2014,"1,207.70","1,222.00","1,225.00","1,191.30",152.38K,-1.21%
12/12/2014,"1,222.50","1,227.90","1,228.90","1,214.80",121.18K,-0.25%
12/11/2014,"1,225.60","1,226.20","1,233.40","1,216.40",143.67K,-0.31%
12/10/2014,"1,229.40","1,231.20","1,238.90","1,225.20",143.32K,-0.21%
12/09/2014,"1,232.00","1,203.80","1,239.00","1,199.50",241.26K,3.10%
12/08/2014,"1,194.90","1,191.20","1,209.30","1,187.30",107.51K,0.38%
12/05/2014,"1,190.40","1,205.90","1,208.50","1,186.40",157.20K,-1.43%
12/04/2014,"1,207.70","1,209.30","1,213.50","1,201.10",117.72K,-0.08%
12/03/2014,"1,208.70","1,197.60","1,215.00","1,193.50",145.11K,0.78%
12/02/2014,"1,199.40","1,212.60","1,212.60","1,191.40",169.35K,-1.54%
12/01/2014,"1,218.10","1,159.40","1,221.00","1,141.70",342.31K,3.62%
11/27/2014,"1,175.50","1,197.80","1,199.30","1,163.90",254.47K,-1.84%
11/26/2014,"1,197.50","1,201.60","1,201.60","1,194.60",121.78K,0.03%
11/25/2014,"1,197.10","1,197.70","1,202.20","1,189.00",210.75K,0.12%
11/24/2014,"1,195.70","1,199.90","1,203.80","1,192.20",158.69K,-0.17%
11/21/2014,"1,197.70","1,194.00","1,207.60","1,186.10",199.91K,0.57%
11/20/2014,"1,190.90","1,183.10","1,196.60","1,176.20",187.48K,-0.25%
11/19/2014,"1,193.90","1,196.50","1,201.70","1,173.90",265.86K,-0.27%
11/18/2014,"1,197.10","1,185.60","1,204.10","1,182.70",170.80K,1.15%
11/17/2014,"1,183.50","1,185.50","1,193.60","1,180.80",199.52K,-0.18%
11/14/2014,"1,185.60","1,161.80","1,192.90","1,146.00",293.65K,2.07%
11/13/2014,"1,161.50","1,161.10","1,167.40","1,153.00",187.70K,0.21%
11/12/2014,"1,159.10","1,163.00","1,169.40","1,156.50",183.58K,-0.34%
11/11/2014,"1,163.00","1,151.50","1,172.50","1,145.50",187.31K,0.28%
11/10/2014,"1,159.80","1,176.80","1,177.50","1,146.70",198.95K,-0.85%
11/07/2014,"1,169.80","1,141.20","1,179.00","1,130.40",298.01K,2.38%
11/06/2014,"1,142.60","1,140.80","1,149.00","1,137.20",168.56K,-0.27%
11/05/2014,"1,145.70","1,168.40","1,169.30","1,137.10",261.12K,-1.88%
11/04/2014,"1,167.70","1,164.60","1,175.00","1,163.40",134.88K,-0.18%
11/03/2014,"1,169.80","1,171.10","1,173.40","1,161.00",129.44K,-0.15%
10/31/2014,"1,171.60","1,199.50","1,202.40","1,160.50",300.19K,-2.25%
10/30/2014,"1,198.60","1,211.20","1,216.50","1,195.50",210.42K,-2.15%
10/29/2014,"1,224.90","1,227.80","1,230.40","1,208.20",131.45K,-0.37%
10/28/2014,"1,229.40","1,225.80","1,235.50","1,222.20",124.20K,0.01%
10/27/2014,"1,229.30","1,230.60","1,232.10","1,225.20",86.31K,-0.20%
10/24/2014,"1,231.80","1,233.50","1,234.70","1,228.70",93.37K,0.22%
10/23/2014,"1,229.10","1,241.70","1,244.90","1,226.30",140.07K,-1.32%
10/22/2014,"1,245.50","1,248.90","1,250.20","1,240.70",113.41K,-0.50%
10/21/2014,"1,251.70","1,246.80","1,255.60","1,245.70",151.08K,0.56%
10/20/2014,"1,244.70","1,239.10","1,249.30","1,234.90",96.27K,0.46%
10/17/2014,"1,239.00","1,239.50","1,242.10","1,232.00",117.55K,-0.18%
10/16/2014,"1,241.20","1,242.20","1,245.60","1,235.20",180.59K,-0.29%
10/15/2014,"1,244.80","1,233.30","1,250.30","1,222.00",258.10K,0.85%
10/14/2014,"1,234.30","1,237.30","1,238.60","1,231.10",113.55K,0.35%
10/13/2014,"1,230.00","1,224.80","1,238.00","1,223.60",119.92K,0.68%
10/10/2014,"1,221.70","1,224.00","1,225.70","1,217.60",121.36K,-0.29%
10/09/2014,"1,225.30","1,221.10","1,234.00","1,219.30",165.36K,1.60%
10/08/2014,"1,206.00","1,209.80","1,224.50","1,205.10",192.01K,-0.53%
10/07/2014,"1,212.40","1,207.80","1,214.10","1,203.00",142.51K,0.42%
10/06/2014,"1,207.30","1,192.00","1,209.90","1,183.30",147.76K,1.21%
10/03/2014,"1,192.90","1,213.90","1,215.70","1,190.30",186.09K,-1.83%
10/02/2014,"1,215.10","1,213.40","1,224.00","1,209.10",148.82K,-0.03%
10/01/2014,"1,215.50","1,209.40","1,220.00","1,205.00",146.54K,0.32%
09/30/2014,"1,211.60","1,215.70","1,220.70","1,204.30",182.52K,-0.59%
09/29/2014,"1,218.80","1,219.10","1,223.90","1,215.30",105.76K,0.28%
09/26/2014,"1,215.40","1,222.10","1,232.70","1,212.80",149.45K,-0.53%
09/25/2014,"1,221.90","1,217.30","1,225.30","1,206.60",186.35K,0.20%
09/24/2014,"1,219.50","1,223.20","1,226.70","1,216.20",131.42K,-0.20%
09/23/2014,"1,222.00","1,214.90","1,237.00","1,214.70",153.20K,0.34%
09/22/2014,"1,217.90","1,216.40","1,221.00","1,208.80",138.05K,0.11%
09/19/2014,"1,216.60","1,225.60","1,229.20","1,214.20",173.50K,-0.84%
09/18/2014,"1,226.90","1,223.10","1,228.70","1,216.30",151.11K,-0.73%
09/17/2014,"1,235.90","1,235.30","1,240.50","1,222.00",132.08K,-0.06%
09/16/2014,"1,236.70","1,233.20","1,243.20","1,232.20",123.28K,0.13%
09/15/2014,"1,235.10","1,228.30","1,239.20","1,226.30",100.04K,0.29%
09/12/2014,"1,231.50","1,240.90","1,242.30","1,228.10",140.80K,-0.61%
09/11/2014,"1,239.00","1,249.80","1,251.00","1,235.30",160.68K,-0.51%
09/10/2014,"1,245.30","1,256.20","1,258.50","1,244.50",140.72K,-0.26%
09/09/2014,"1,248.50","1,257.10","1,258.90","1,248.10",128.25K,-0.46%
09/08/2014,"1,254.30","1,269.50","1,272.60","1,252.10",112.68K,-1.03%
09/05/2014,"1,267.30","1,261.70","1,274.80","1,258.00",106.17K,0.06%
09/04/2014,"1,266.50","1,269.80","1,279.20","1,261.30",151.58K,-0.30%
09/03/2014,"1,270.30","1,266.70","1,272.40","1,261.90",107.91K,0.42%
09/01/2014,"1,265.00","1,288.50","1,290.90","1,263.10",190.58K,-1.74%
08/29/2014,"1,287.40","1,290.40","1,292.50","1,284.10",76.39K,-0.23%
08/28/2014,"1,290.40","1,283.70","1,297.60","1,283.00",110.17K,0.55%
08/27/2014,"1,283.40","1,281.60","1,288.20","1,280.90",67.24K,-0.14%
08/26/2014,"1,285.20","1,277.40","1,291.90","1,275.70",103.85K,0.49%
08/25/2014,"1,278.90","1,280.80","1,281.60","1,275.00",53.71K,-0.10%
08/22/2014,"1,280.20","1,278.20","1,283.90","1,274.60",91.73K,0.38%
08/21/2014,"1,275.40","1,291.90","1,292.00","1,273.40",145.35K,-1.53%
08/20/2014,"1,295.20","1,297.20","1,299.30","1,288.70",83.30K,-0.12%
08/19/2014,"1,296.70","1,298.60","1,303.70","1,294.70",78.24K,-0.20%
08/18/2014,"1,299.30","1,304.20","1,304.90","1,296.50",76.11K,-0.53%
08/15/2014,"1,306.20","1,313.40","1,316.50","1,293.00",192.11K,-0.72%
08/14/2014,"1,315.70","1,313.40","1,321.80","1,310.00",103.42K,0.09%
08/13/2014,"1,314.50","1,309.60","1,316.40","1,306.00",98.47K,0.30%
08/12/2014,"1,310.60","1,309.20","1,319.30","1,306.80",98.61K,0.01%
08/11/2014,"1,310.50","1,310.40","1,312.90","1,306.40",63.07K,-0.04%
08/08/2014,"1,311.00","1,314.50","1,324.30","1,305.70",147.90K,-0.11%
08/07/2014,"1,312.50","1,306.60","1,316.40","1,303.00",122.43K,0.33%
08/06/2014,"1,308.20","1,288.90","1,311.00","1,288.50",160.37K,1.78%
08/05/2014,"1,285.30","1,289.20","1,295.00","1,283.30",105.68K,-0.28%
08/04/2014,"1,288.90","1,295.40","1,296.40","1,287.00",67.87K,-0.46%
08/01/2014,"1,294.80","1,284.20","1,298.40","1,281.00",144.99K,0.94%
07/31/2014,"1,282.80","1,297.00","1,298.80","1,281.30",143.36K,-1.09%
07/30/2014,"1,296.90","1,300.50","1,305.20","1,293.20",130.87K,-0.11%
07/29/2014,"1,298.30","1,303.30","1,312.10","1,295.50",181.55K,-0.38%
07/28/2014,"1,303.30","1,307.90","1,309.40","1,301.10",136.98K,0.00%
07/25/2014,"1,303.30","1,294.20","1,308.90","1,291.00",131.24K,0.97%
07/24/2014,"1,290.80","1,304.30","1,305.60","1,287.50",178.77K,-1.07%
07/23/2014,"1,304.70","1,308.00","1,311.80","1,303.50",86.76K,-0.12%
07/22/2014,"1,306.30","1,312.40","1,316.80","1,302.20",127.49K,-0.58%
07/21/2014,"1,313.90","1,311.30","1,319.00","1,307.90",85.37K,0.34%
07/18/2014,"1,309.40","1,319.10","1,325.50","1,305.00",121.62K,-0.57%
07/17/2014,"1,316.90","1,300.30","1,325.90","1,298.10",176.74K,1.32%
07/16/2014,"1,299.80","1,295.20","1,304.20","1,293.50",119.72K,0.21%
07/15/2014,"1,297.10","1,309.10","1,314.40","1,292.60",175.88K,-0.73%
07/14/2014,"1,306.70","1,339.50","1,340.90","1,302.20",208.86K,-2.30%
07/11/2014,"1,337.40","1,336.50","1,340.40","1,334.60",97.17K,-0.13%
07/10/2014,"1,339.20","1,325.00","1,346.80","1,325.00",179.49K,1.13%
07/09/2014,"1,324.30","1,320.40","1,333.40","1,318.70",163.18K,0.59%
07/08/2014,"1,316.50","1,320.80","1,325.70","1,314.30",130.08K,-0.04%
07/04/2014,"1,317.00","1,321.40","1,321.70","1,312.10",113.07K,-0.27%
07/03/2014,"1,320.60","1,328.40","1,329.00","1,309.40",149.38K,-0.77%
07/02/2014,"1,330.90","1,327.10","1,333.20","1,322.10",114.09K,0.32%
07/01/2014,"1,326.60","1,327.50","1,334.90","1,324.00",121.10K,0.35%
06/30/2014,"1,322.00","1,316.80","1,330.40","1,311.00",127.61K,0.15%
06/27/2014,"1,320.00","1,317.10","1,323.10","1,313.20",104.66K,0.23%
06/26/2014,"1,317.00","1,318.70","1,320.60","1,306.80",134.79K,-0.42%
06/25/2014,"1,322.60","1,318.90","1,325.60","1,305.40",136.62K,0.10%
06/24/2014,"1,321.30","1,318.10","1,326.60","1,314.50",123.88K,0.22%
06/23/2014,"1,318.40","1,314.90","1,319.20","1,310.40",109.39K,0.14%
06/20/2014,"1,316.60","1,320.30","1,322.50","1,307.10",167.79K,0.19%
06/19/2014,"1,314.10","1,278.20","1,322.00","1,276.20",237.99K,3.25%
06/18/2014,"1,272.70","1,272.10","1,279.20","1,266.50",87.91K,0.06%
06/17/2014,"1,272.00","1,271.80","1,273.50","1,258.00",112.83K,-0.26%
06/16/2014,"1,275.30","1,276.80","1,285.10","1,270.50",98.25K,0.09%
06/13/2014,"1,274.10","1,273.40","1,278.10","1,270.90",83.63K,0.01%
06/12/2014,"1,274.00","1,261.10","1,275.10","1,260.00",117.42K,1.01%
06/11/2014,"1,261.20","1,260.30","1,265.50","1,257.90",77.04K,0.09%
06/10/2014,"1,260.10","1,252.70","1,263.80","1,250.10",107.08K,0.49%
06/09/2014,"1,253.90","1,253.00","1,257.30","1,251.60",53.77K,0.11%
06/06/2014,"1,252.50","1,253.70","1,258.20","1,245.70",112.94K,-0.06%
06/05/2014,"1,253.30","1,244.30","1,257.90","1,241.20",125.57K,0.72%
06/04/2014,"1,244.30","1,244.90","1,249.50","1,242.80",76.99K,-0.02%
06/03/2014,"1,244.50","1,244.10","1,247.90","1,240.20",90.05K,0.04%
06/02/2014,"1,244.00","1,250.50","1,251.00","1,241.10",91.40K,-0.16%
05/30/2014,"1,246.00","1,255.90","1,260.60","1,242.20",136.54K,-0.88%
05/29/2014,"1,257.10","1,258.90","1,261.50","1,251.40",140.23K,-0.17%
05/28/2014,"1,259.30","1,264.00","1,267.30","1,255.80",168.83K,-0.49%
05/26/2014,"1,265.50","1,293.60","1,294.80","1,263.20",252.10K,-2.03%
05/23/2014,"1,291.70","1,294.30","1,295.70","1,286.60",146.98K,-0.25%
05/22/2014,"1,295.00","1,292.00","1,304.10","1,290.10",128.24K,0.54%
05/21/2014,"1,288.10","1,294.20","1,296.30","1,282.90",126.01K,-0.50%
05/20/2014,"1,294.60","1,293.00","1,297.20","1,286.00",129.49K,0.06%
05/19/2014,"1,293.80","1,293.00","1,305.70","1,289.50",108.50K,0.03%
05/16/2014,"1,293.40","1,296.40","1,298.30","1,287.70",116.84K,-0.02%
05/15/2014,"1,293.60","1,305.50","1,307.30","1,290.90",147.39K,-0.94%
05/14/2014,"1,305.90","1,293.90","1,309.20","1,291.60",120.33K,0.86%
05/13/2014,"1,294.80","1,296.00","1,299.00","1,289.10",120.87K,-0.08%
05/12/2014,"1,295.80","1,289.80","1,304.50","1,277.70",130.81K,0.64%
05/09/2014,"1,287.60","1,289.60","1,294.50","1,285.50",110.47K,-0.01%
05/08/2014,"1,287.70","1,289.80","1,295.50","1,284.80",118.11K,-0.09%
05/07/2014,"1,288.90","1,307.90","1,315.00","1,286.60",173.80K,-1.51%
05/06/2014,"1,308.60","1,309.70","1,314.30","1,304.40",103.41K,-0.05%
05/05/2014,"1,309.30","1,300.90","1,315.80","1,299.70",115.63K,0.49%
05/02/2014,"1,302.90","1,284.70","1,304.90","1,272.00",171.95K,1.52%
05/01/2014,"1,283.40","1,291.90","1,293.00","1,277.30",115.44K,-0.96%
04/30/2014,"1,295.90","1,295.60","1,298.40","1,284.90",139.27K,-0.03%
04/29/2014,"1,296.30","1,296.00","1,302.00","1,286.10",103.82K,-0.21%
04/28/2014,"1,299.00","1,303.20","1,306.60","1,292.10",102.41K,-0.14%
04/25/2014,"1,300.80","1,293.80","1,305.20","1,290.40",107.96K,0.79%
04/24/2014,"1,290.60","1,283.90","1,299.00","1,268.40",189.29K,0.47%
04/23/2014,"1,284.60","1,284.00","1,289.10","1,280.80",98.44K,0.27%
04/22/2014,"1,281.10","1,290.30","1,293.10","1,275.80",118.73K,-0.57%
04/21/2014,"1,288.50","1,294.90","1,302.50","1,281.80",101.89K,-0.42%
04/17/2014,"1,293.90","1,302.10","1,304.40","1,292.80",95.71K,-0.74%
04/16/2014,"1,303.50","1,303.20","1,307.10","1,293.50",117.47K,0.25%
04/15/2014,"1,300.30","1,326.50","1,328.40","1,284.40",188.99K,-2.05%
04/14/2014,"1,327.50","1,321.00","1,331.40","1,318.70",100.33K,0.64%
04/11/2014,"1,319.00","1,318.10","1,324.20","1,314.00",91.86K,-0.11%
04/10/2014,"1,320.50","1,311.90","1,324.90","1,311.00",126.71K,1.12%
04/09/2014,"1,305.90","1,308.50","1,315.50","1,301.10",125.58K,-0.24%
04/08/2014,"1,309.10","1,296.80","1,314.70","1,296.80",119.23K,0.83%
04/07/2014,"1,298.30","1,304.00","1,304.80","1,295.80",80.28K,-0.40%
04/04/2014,"1,303.50","1,286.60","1,307.50","1,284.40",145.50K,1.47%
04/03/2014,"1,284.60","1,290.40","1,294.20","1,281.90",98.67K,-0.48%
04/02/2014,"1,290.80","1,279.60","1,294.90","1,278.90",124.47K,0.84%
04/01/2014,"1,280.00","1,284.60","1,288.40","1,277.40",112.92K,-0.30%
03/31/2014,"1,283.80","1,295.00","1,299.30","1,282.70",133.25K,-0.81%
03/28/2014,"1,294.30","1,292.30","1,299.40","1,286.10",171.32K,-0.03%
03/27/2014,"1,294.70","1,305.50","1,307.60","1,289.60",185.02K,-0.67%
03/26/2014,"1,303.40","1,312.10","1,317.10","1,299.30",151.50K,-0.61%
03/25/2014,"1,311.40","1,309.70","1,318.00","1,306.00",158.35K,0.02%
03/24/2014,"1,311.20","1,335.00","1,335.70","1,308.50",178.48K,-1.86%
03/21/2014,"1,336.00","1,329.30","1,343.00","1,328.00",148.31K,0.41%
03/20/2014,"1,330.50","1,331.70","1,335.30","1,320.80",167.02K,-0.81%
03/19/2014,"1,341.30","1,356.10","1,360.20","1,327.80",194.62K,-1.30%
03/18/2014,"1,359.00","1,367.10","1,367.90","1,351.10",157.50K,-1.01%
03/17/2014,"1,372.90","1,383.10","1,392.60","1,361.90",154.35K,-0.44%
03/14/2014,"1,379.00","1,370.90","1,388.40","1,368.20",185.26K,0.48%
03/13/2014,"1,372.40","1,367.80","1,375.70","1,364.90",175.11K,0.14%
03/12/2014,"1,370.50","1,348.80","1,371.30","1,345.60",223.88K,1.77%
03/11/2014,"1,346.70","1,339.50","1,353.00","1,337.80",150.52K,0.39%
03/10/2014,"1,341.50","1,340.80","1,344.90","1,327.50",126.04K,0.25%
03/07/2014,"1,338.20","1,350.70","1,353.20","1,326.60",178.47K,-1.01%
03/06/2014,"1,351.80","1,337.00","1,353.90","1,331.30",142.47K,0.86%
03/05/2014,"1,340.30","1,334.80","1,342.00","1,332.70",97.11K,0.18%
03/04/2014,"1,337.90","1,350.00","1,352.90","1,331.20",135.60K,-0.92%
03/03/2014,"1,350.30","1,332.40","1,355.00","1,330.70",159.74K,2.17%
02/28/2014,"1,321.60","1,331.30","1,333.60","1,319.30",132.78K,-0.77%
02/27/2014,"1,331.80","1,329.50","1,336.40","1,324.00",120.17K,0.29%
02/26/2014,"1,328.00","1,341.30","1,345.60","1,322.30",149.70K,-1.09%
02/25/2014,"1,342.70","1,336.40","1,343.80","1,331.20",125.98K,0.35%
02/24/2014,"1,338.00","1,325.50","1,339.20","1,318.70",129.77K,1.09%
02/21/2014,"1,323.60","1,323.00","1,328.80","1,315.90",110.10K,0.51%
02/20/2014,"1,316.90","1,311.00","1,325.30","1,307.10",129.02K,-0.27%
02/19/2014,"1,320.40","1,322.00","1,323.00","1,308.90",112.26K,-0.30%
02/17/2014,"1,324.40","1,318.60","1,332.40","1,312.30",184.50K,0.44%
02/14/2014,"1,318.60","1,302.20","1,321.50","1,299.90",150.66K,1.42%
02/13/2014,"1,300.10","1,290.80","1,303.00","1,286.20",126.05K,0.39%
02/12/2014,"1,295.00","1,290.10","1,296.40","1,283.90",111.44K,0.40%
02/11/2014,"1,289.80","1,274.20","1,294.40","1,273.50",154.73K,1.18%
02/10/2014,"1,274.70","1,265.40","1,277.80","1,264.70",94.77K,0.93%
02/07/2014,"1,262.90","1,256.90","1,272.00","1,255.50",136.03K,0.45%
02/06/2014,"1,257.20","1,257.70","1,267.50","1,252.50",87.89K,0.02%
02/05/2014,"1,256.90","1,254.20","1,274.50","1,251.80",127.06K,0.46%
02/04/2014,"1,251.20","1,257.90","1,260.70","1,246.80",93.15K,-0.69%
02/03/2014,"1,259.90","1,242.00","1,266.10","1,240.40",124.75K,1.62%
01/31/2014,"1,239.80","1,244.00","1,254.80","1,238.20",116.15K,-0.22%
01/30/2014,"1,242.50","1,267.20","1,267.80","1,237.50",163.62K,-1.56%
01/29/2014,"1,262.20","1,255.90","1,270.60","1,248.50",137.03K,0.91%
01/28/2014,"1,250.80","1,255.60","1,262.30","1,248.20",156.00K,-1.00%
01/27/2014,"1,263.40","1,270.10","1,279.80","1,251.90",167.22K,-0.07%
01/24/2014,"1,264.30","1,263.70","1,273.20","1,256.80",161.72K,0.16%
01/23/2014,"1,262.30","1,235.80","1,267.00","1,230.80",209.35K,1.91%
01/22/2014,"1,238.60","1,240.50","1,243.50","1,235.50",86.79K,-0.26%
01/20/2014,"1,241.80","1,252.50","1,262.00","1,235.10",174.69K,-0.81%
01/17/2014,"1,251.90","1,241.70","1,254.60","1,237.30",112.72K,0.94%
01/16/2014,"1,240.20","1,241.80","1,244.90","1,235.80",111.67K,0.15%
01/15/2014,"1,238.30","1,244.30","1,244.60","1,233.50",105.11K,-0.57%
01/14/2014,"1,245.40","1,252.70","1,254.90","1,241.10",138.19K,-0.46%
01/13/2014,"1,251.10","1,247.70","1,255.30","1,243.00",116.65K,0.34%
01/10/2014,"1,246.90","1,227.10","1,248.50","1,226.60",161.26K,1.42%
01/09/2014,"1,229.40","1,224.90","1,230.90","1,222.80",123.28K,0.32%
01/08/2014,"1,225.50","1,231.00","1,231.80","1,217.70",157.11K,-0.33%
01/07/2014,"1,229.60","1,237.00","1,244.70","1,224.20",128.64K,-0.68%
01/06/2014,"1,238.00","1,237.00","1,247.70","1,212.60",152.19K,-0.05%
01/03/2014,"1,238.60","1,222.30","1,239.60","1,221.30",114.98K,1.09%
01/02/2014,"1,225.20","1,204.50","1,230.80","1,202.50",136.92K,1.90%
12/31/2013,"1,202.30","1,197.40","1,214.00","1,181.40",123.14K,-0.12%
12/30/2013,"1,203.80","1,213.80","1,215.80","1,193.30",79.94K,-0.84%
12/27/2013,"1,214.00","1,210.90","1,218.90","1,208.50",83.76K,0.14%
12/26/2013,"1,212.30","1,203.80","1,215.40","1,200.50",54.65K,0.75%
12/24/2013,"1,203.30","1,197.80","1,205.10","1,195.50",43.49K,0.53%
12/23/2013,"1,197.00","1,202.50","1,205.60","1,191.80",84.98K,-0.56%
12/20/2013,"1,203.70","1,188.80","1,206.90","1,188.00",138.71K,0.85%
12/19/2013,"1,193.60","1,217.80","1,226.00","1,186.00",206.50K,-3.35%
12/18/2013,"1,235.00","1,230.30","1,244.00","1,215.20",160.63K,0.40%
12/17/2013,"1,230.10","1,239.50","1,247.60","1,226.50",134.93K,-1.15%
12/16/2013,"1,244.40","1,237.30","1,251.70","1,227.20",121.81K,0.79%
12/13/2013,"1,234.60","1,226.10","1,238.20","1,219.50",113.54K,0.79%
12/12/2013,"1,224.90","1,252.30","1,256.50","1,222.60",153.61K,-2.57%
12/11/2013,"1,257.20","1,261.00","1,263.20","1,250.60",120.45K,-0.31%
12/10/2013,"1,261.10","1,239.50","1,267.50","1,237.40",148.58K,2.18%
12/09/2013,"1,234.20","1,229.90","1,242.60","1,224.60",77.73K,0.42%
12/06/2013,"1,229.00","1,225.00","1,245.00","1,210.10",174.95K,-0.24%
12/05/2013,"1,231.90","1,243.10","1,243.20","1,216.30",154.23K,-1.23%
12/04/2013,"1,247.20","1,223.00","1,251.50","1,210.80",182.24K,2.16%
12/03/2013,"1,220.80","1,219.50","1,225.80","1,214.60",118.42K,-0.09%
12/02/2013,"1,221.90","1,250.60","1,251.20","1,217.10",146.10K,-2.28%
11/28/2013,"1,250.40","1,237.90","1,254.50","1,234.10",113.09K,1.01%
11/27/2013,"1,237.90","1,241.10","1,254.80","1,235.50",154.82K,-0.28%
11/26/2013,"1,241.40","1,250.90","1,257.80","1,239.20",178.42K,0.02%
11/25/2013,"1,241.20","1,241.60","1,254.00","1,225.70",195.44K,-0.23%
11/22/2013,"1,244.10","1,242.30","1,248.30","1,240.30",135.22K,0.04%
11/21/2013,"1,243.60","1,241.80","1,250.00","1,235.80",197.77K,-1.14%
11/20/2013,"1,258.00","1,274.50","1,275.70","1,240.20",224.19K,-1.22%
11/19/2013,"1,273.50","1,275.00","1,278.20","1,268.00",105.15K,0.09%
11/18/2013,"1,272.30","1,288.90","1,289.20","1,269.20",112.20K,-1.17%
11/15/2013,"1,287.40","1,286.80","1,290.80","1,279.60",93.19K,0.09%
11/14/2013,"1,286.30","1,281.40","1,293.80","1,277.30",159.30K,1.41%
11/13/2013,"1,268.40","1,265.30","1,283.70","1,265.00",133.47K,-0.22%
11/12/2013,"1,271.20","1,281.40","1,285.40","1,260.50",146.54K,-0.77%
11/11/2013,"1,281.10","1,288.30","1,288.80","1,278.10",98.95K,-0.27%
11/08/2013,"1,284.60","1,307.80","1,313.40","1,280.50",182.70K,-1.83%
11/07/2013,"1,308.50","1,317.50","1,326.00","1,296.00",188.11K,-0.71%
11/06/2013,"1,317.80","1,312.30","1,322.00","1,308.90",97.11K,0.74%
11/05/2013,"1,308.10","1,313.90","1,320.60","1,305.20",99.66K,-0.50%
11/04/2013,"1,314.70","1,313.00","1,322.40","1,310.80",78.54K,0.11%
11/01/2013,"1,313.20","1,323.10","1,327.30","1,305.60",136.96K,-0.79%
10/31/2013,"1,323.70","1,341.70","1,343.00","1,318.70",151.97K,-1.90%
10/30/2013,"1,349.30","1,344.60","1,359.60","1,334.50",156.60K,0.28%
10/29/2013,"1,345.50","1,352.60","1,360.40","1,339.80",127.17K,-0.50%
10/28/2013,"1,352.20","1,352.70","1,361.80","1,346.10",118.92K,-0.02%
10/25/2013,"1,352.50","1,346.90","1,356.40","1,335.30",120.21K,0.16%
10/24/2013,"1,350.30","1,332.50","1,352.30","1,330.20",138.23K,1.22%
10/23/2013,"1,334.00","1,340.10","1,342.20","1,328.50",99.06K,-0.64%
10/22/2013,"1,342.60","1,315.50","1,344.70","1,309.50",159.79K,2.04%
10/21/2013,"1,315.80","1,316.00","1,323.90","1,312.00",74.39K,0.09%
10/18/2013,"1,314.60","1,318.80","1,328.90","1,311.20",104.10K,-0.63%
10/17/2013,"1,323.00","1,281.40","1,324.20","1,273.70",216.15K,3.17%
10/16/2013,"1,282.30","1,281.40","1,289.20","1,268.60",165.64K,0.71%
10/15/2013,"1,273.20","1,273.60","1,287.70","1,251.00",204.03K,-0.27%
10/14/2013,"1,276.60","1,275.50","1,291.60","1,268.40",110.18K,0.66%
10/11/2013,"1,268.20","1,286.40","1,294.80","1,259.60",186.26K,-2.21%
10/10/2013,"1,296.90","1,307.00","1,312.00","1,281.00",141.17K,-0.79%
10/09/2013,"1,307.20","1,319.60","1,323.30","1,294.60",158.40K,-1.31%
10/08/2013,"1,324.60","1,323.00","1,330.80","1,315.40",123.18K,-0.04%
10/07/2013,"1,325.10","1,312.30","1,329.50","1,307.90",95.95K,1.16%
10/04/2013,"1,309.90","1,317.40","1,326.00","1,305.10",107.57K,-0.58%
10/03/2013,"1,317.60","1,316.50","1,322.80","1,302.00",129.12K,-0.23%
10/02/2013,"1,320.70","1,287.50","1,324.20","1,276.90",176.12K,2.69%
10/01/2013,"1,286.10","1,328.20","1,337.80","1,282.40",212.83K,-3.08%
09/30/2013,"1,327.00","1,343.50","1,353.80","1,322.00",119.08K,-0.91%
09/27/2013,"1,339.20","1,323.70","1,345.20","1,320.00",133.97K,1.14%
09/26/2013,"1,324.10","1,333.10","1,340.00","1,319.20",159.10K,-0.91%
09/25/2013,"1,336.20","1,323.50","1,338.30","1,316.60",145.96K,1.51%
09/24/2013,"1,316.30","1,321.50","1,329.40","1,305.50",155.02K,-0.81%
09/23/2013,"1,327.00","1,327.00","1,332.00","1,313.40",139.64K,-0.41%
09/20/2013,"1,332.50","1,366.20","1,368.40","1,324.90",190.86K,-2.69%
09/19/2013,"1,369.30","1,365.00","1,375.40","1,358.50",180.03K,4.72%
09/18/2013,"1,307.60","1,309.50","1,367.80","1,291.50",243.78K,-0.14%
09/17/2013,"1,309.40","1,313.60","1,324.70","1,305.80",137.00K,-0.64%
09/16/2013,"1,317.80","1,333.50","1,336.00","1,302.70",158.19K,0.70%
09/13/2013,"1,308.60","1,322.70","1,330.80","1,304.60",170.25K,-1.65%
09/12/2013,"1,330.60","1,366.10","1,366.20","1,320.40",185.08K,-2.43%
09/11/2013,"1,363.80","1,364.20","1,368.70","1,356.00",100.13K,-0.01%
09/10/2013,"1,364.00","1,387.10","1,391.40","1,357.60",131.86K,-1.64%
09/09/2013,"1,386.70","1,391.10","1,395.00","1,381.90",80.51K,0.01%
09/06/2013,"1,386.50","1,366.70","1,393.60","1,358.80",161.53K,0.98%
09/05/2013,"1,373.00","1,391.20","1,400.00","1,364.70",175.23K,-1.22%
09/04/2013,"1,390.00","1,411.60","1,415.00","1,384.60",138.42K,-1.56%
09/02/2013,"1,412.00","1,394.00","1,416.40","1,373.60",206.00K,1.14%
08/30/2013,"1,396.10","1,396.10","1,396.10","1,396.10",,-1.19%
08/29/2013,"1,412.90","1,418.20","1,418.60","1,402.10",147.10K,-0.42%
08/28/2013,"1,418.80","1,416.10","1,434.00","1,413.20",167.02K,-0.10%
08/27/2013,"1,420.20","1,404.80","1,424.00","1,395.20",160.39K,1.95%
08/26/2013,"1,393.10","1,399.00","1,407.00","1,388.40",103.04K,-0.19%
08/23/2013,"1,395.80","1,376.10","1,399.90","1,367.80",161.58K,1.82%
08/22/2013,"1,370.80","1,365.60","1,381.40","1,354.50",147.58K,0.05%
08/21/2013,"1,370.10","1,371.00","1,378.90","1,359.20",150.24K,-0.18%
08/20/2013,"1,372.60","1,364.90","1,378.00","1,351.60",137.48K,0.51%
08/19/2013,"1,365.70","1,377.10","1,384.10","1,362.00",123.42K,-0.39%
08/16/2013,"1,371.00","1,365.60","1,379.20","1,357.00",177.73K,0.74%
08/15/2013,"1,360.90","1,335.80","1,369.60","1,317.90",226.65K,2.06%
08/14/2013,"1,333.40","1,320.30","1,335.80","1,315.10",120.61K,0.98%
08/13/2013,"1,320.50","1,336.00","1,341.00","1,317.80",146.21K,-1.03%
08/12/2013,"1,334.20","1,313.50","1,343.70","1,313.50",141.63K,1.68%
08/09/2013,"1,312.20","1,311.40","1,316.50","1,304.10",96.81K,0.18%
08/08/2013,"1,309.90","1,285.90","1,313.80","1,282.00",147.83K,1.91%
08/07/2013,"1,285.30","1,281.20","1,289.00","1,271.80",122.05K,0.22%
08/06/2013,"1,282.50","1,303.30","1,306.40","1,278.10",145.49K,-1.53%
08/05/2013,"1,302.40","1,312.20","1,320.30","1,296.70",97.86K,-0.62%
08/02/2013,"1,310.50","1,307.70","1,318.00","1,282.40",194.68K,-0.05%
08/01/2013,"1,311.20","1,323.40","1,330.70","1,306.60",157.37K,-0.14%
07/31/2013,"1,313.00","1,326.40","1,339.70","1,305.30",218.79K,-0.89%
07/30/2013,"1,324.80","1,328.20","1,330.40","1,317.00",126.11K,-0.27%
07/29/2013,"1,328.40","1,333.60","1,338.10","1,322.60",134.36K,0.52%
07/26/2013,"1,321.50","1,333.30","1,340.50","1,311.90",169.77K,-0.55%
07/25/2013,"1,328.80","1,321.20","1,337.50","1,308.40",176.49K,0.70%
07/24/2013,"1,319.50","1,347.50","1,348.70","1,312.70",182.16K,-1.14%
07/23/2013,"1,334.70","1,334.30","1,348.70","1,325.60",159.44K,-0.10%
07/22/2013,"1,336.00","1,296.20","1,339.10","1,295.40",191.74K,3.33%
07/19/2013,"1,292.90","1,282.40","1,297.10","1,281.40",134.15K,0.68%
07/18/2013,"1,284.20","1,274.40","1,287.90","1,273.30",123.91K,0.52%
07/17/2013,"1,277.50","1,291.20","1,299.70","1,269.30",223.43K,-1.00%
07/16/2013,"1,290.40","1,281.60","1,294.70","1,275.60",127.63K,0.54%
07/15/2013,"1,283.50","1,283.90","1,293.60","1,272.50",116.68K,0.46%
07/12/2013,"1,277.60","1,284.90","1,287.40","1,266.40",136.40K,-0.18%
07/11/2013,"1,279.90","1,265.70","1,297.20","1,262.10",207.15K,2.61%
07/10/2013,"1,247.40","1,249.10","1,265.60","1,242.20",190.15K,0.12%
07/09/2013,"1,245.90","1,235.20","1,258.70","1,232.00",166.68K,0.89%
07/08/2013,"1,234.90","1,221.10","1,237.40","1,214.40",140.57K,1.83%
07/04/2013,"1,212.70","1,252.70","1,257.10","1,206.90",227.04K,-3.13%
07/03/2013,"1,251.90","1,241.90","1,259.30","1,236.00",152.85K,0.68%
07/02/2013,"1,243.40","1,252.70","1,267.00","1,238.80",169.74K,-0.98%
07/01/2013,"1,255.70","1,232.90","1,261.70","1,224.10",204.05K,2.62%
06/28/2013,"1,223.70","1,199.50","1,234.80","1,179.40",309.35K,1.00%
06/27/2013,"1,211.60","1,225.50","1,244.20","1,196.10",261.39K,-1.48%
06/26/2013,"1,229.80","1,277.00","1,277.50","1,221.00",318.40K,-3.55%
06/25/2013,"1,275.10","1,281.70","1,289.00","1,270.70",161.80K,-0.16%
06/24/2013,"1,277.10","1,296.30","1,300.70","1,275.10",160.33K,-1.15%
06/21/2013,"1,292.00","1,277.60","1,301.70","1,268.70",190.15K,0.45%
06/20/2013,"1,286.20","1,351.20","1,351.20","1,275.40",368.87K,-6.39%
06/19/2013,"1,374.00","1,367.30","1,376.00","1,348.30",136.47K,0.52%
06/18/2013,"1,366.90","1,384.30","1,385.40","1,360.20",128.78K,-1.17%
06/17/2013,"1,383.10","1,390.10","1,391.40","1,379.80",78.35K,-0.32%
06/14/2013,"1,387.60","1,384.80","1,391.80","1,377.80",100.91K,0.71%
06/13/2013,"1,377.80","1,387.40","1,394.40","1,373.00",127.78K,-1.02%
06/12/2013,"1,392.00","1,377.70","1,394.00","1,372.20",112.20K,1.09%
06/11/2013,"1,377.00","1,385.90","1,387.20","1,364.50",146.06K,-0.65%
06/10/2013,"1,386.00","1,383.00","1,388.50","1,375.10",109.06K,0.22%
06/07/2013,"1,383.00","1,412.70","1,417.70","1,377.10",199.05K,-2.32%
06/06/2013,"1,415.80","1,401.80","1,423.30","1,391.20",177.14K,1.24%
06/05/2013,"1,398.50","1,398.80","1,410.30","1,395.10",139.66K,0.09%
06/04/2013,"1,397.20","1,411.20","1,414.80","1,388.10",117.53K,-1.04%
06/03/2013,"1,411.90","1,388.80","1,416.50","1,388.30",141.77K,1.36%
05/31/2013,"1,393.00","1,412.90","1,421.60","1,384.20",167.85K,-1.35%
05/30/2013,"1,412.00","1,392.90","1,417.70","1,388.40",202.83K,1.49%
05/29/2013,"1,391.30","1,379.90","1,394.90","1,379.10",168.67K,0.90%
05/27/2013,"1,378.90","1,386.30","1,401.00","1,372.10",295.01K,-0.56%
05/24/2013,"1,386.60","1,389.90","1,397.10","1,381.10",136.51K,-0.37%
05/23/2013,"1,391.80","1,367.90","1,397.10","1,355.00",220.70K,1.78%
05/22/2013,"1,367.40","1,374.50","1,413.30","1,353.10",328.64K,-0.74%
05/21/2013,"1,377.60","1,392.40","1,399.90","1,358.00",225.02K,-0.47%
05/20/2013,"1,384.10","1,361.30","1,397.90","1,336.30",258.37K,1.42%
05/17/2013,"1,364.70","1,385.20","1,391.30","1,353.60",229.04K,-1.60%
05/16/2013,"1,386.90","1,392.50","1,397.00","1,368.00",222.53K,-0.67%
05/15/2013,"1,396.20","1,424.50","1,429.40","1,386.40",229.80K,-1.99%
05/14/2013,"1,424.50","1,429.50","1,444.90","1,419.70",173.07K,-0.68%
05/13/2013,"1,434.30","1,447.70","1,448.30","1,424.70",151.01K,-0.16%
05/10/2013,"1,436.60","1,457.50","1,461.20","1,418.50",231.40K,-2.18%
05/09/2013,"1,468.60","1,473.00","1,476.00","1,452.10",162.47K,-0.35%
05/08/2013,"1,473.70","1,451.60","1,475.80","1,446.70",158.96K,1.72%
05/07/2013,"1,448.80","1,469.10","1,470.00","1,440.40",192.50K,-1.31%
05/06/2013,"1,468.00","1,470.00","1,478.40","1,463.80",80.80K,0.26%
05/03/2013,"1,464.20","1,466.20","1,487.20","1,455.40",175.03K,-0.23%
05/02/2013,"1,467.60","1,457.00","1,473.30","1,448.10",152.83K,1.48%
05/01/2013,"1,446.20","1,475.60","1,477.40","1,439.70",170.19K,-1.76%
04/30/2013,"1,472.10","1,476.60","1,479.50","1,460.50",154.10K,0.32%
04/29/2013,"1,467.40","1,466.20","1,478.30","1,461.60",122.51K,0.95%
04/26/2013,"1,453.60","1,467.30","1,484.80","1,447.30",239.66K,-0.57%
04/25/2013,"1,462.00","1,430.30","1,468.60","1,426.30",197.32K,2.69%
04/24/2013,"1,423.70","1,412.50","1,433.60","1,411.50",142.30K,1.06%
04/23/2013,"1,408.80","1,425.40","1,432.80","1,404.00",215.91K,-0.87%
04/22/2013,"1,421.20","1,408.30","1,438.80","1,403.50",186.68K,1.83%
04/19/2013,"1,395.60","1,393.00","1,424.70","1,385.40",199.70K,0.22%
04/18/2013,"1,392.50","1,376.10","1,402.00","1,335.60",246.91K,0.71%
04/17/2013,"1,382.70","1,371.40","1,395.20","1,365.00",255.30K,-0.34%
04/16/2013,"1,387.40","1,355.00","1,404.20","1,321.50",424.78K,1.93%
04/15/2013,"1,361.10","1,481.00","1,495.00","1,335.10",700.34K,-9.34%
04/12/2013,"1,501.40","1,560.30","1,564.20","1,476.00",374.34K,-4.06%
04/11/2013,"1,564.90","1,559.00","1,568.10","1,553.00",137.76K,0.39%
04/10/2013,"1,558.80","1,585.00","1,588.50","1,555.30",176.37K,-1.76%
04/09/2013,"1,586.70","1,572.40","1,590.10","1,570.00",126.55K,0.90%
04/08/2013,"1,572.50","1,580.80","1,582.90","1,566.60",111.70K,-0.22%
04/05/2013,"1,575.90","1,554.00","1,581.80","1,549.00",190.80K,1.51%
04/04/2013,"1,552.40","1,557.70","1,559.30","1,539.40",188.53K,-0.07%
04/03/2013,"1,553.50","1,576.40","1,577.30","1,549.70",209.51K,-1.42%
04/02/2013,"1,575.90","1,600.10","1,604.30","1,574.00",165.69K,-1.56%
04/01/2013,"1,600.90","1,598.10","1,601.60","1,595.20",62.18K,0.33%
03/28/2013,"1,595.70","1,605.60","1,608.30","1,594.30",123.53K,-0.72%
03/27/2013,"1,607.20","1,601.00","1,609.00","1,591.90",179.89K,0.72%
03/26/2013,"1,595.70","1,604.50","1,605.00","1,593.40",165.48K,-0.55%
03/25/2013,"1,604.50","1,608.80","1,612.80","1,588.40",234.09K,-0.10%
03/22/2013,"1,606.10","1,614.00","1,615.30","1,602.60",138.73K,-0.48%
03/21/2013,"1,613.80","1,605.70","1,616.50","1,603.60",130.59K,0.39%
03/20/2013,"1,607.50","1,611.90","1,613.90","1,599.60",127.57K,-0.24%
03/19/2013,"1,611.30","1,603.70","1,615.00","1,599.00",165.89K,0.42%
03/18/2013,"1,604.60","1,597.00","1,610.40","1,589.60",176.07K,0.75%
03/15/2013,"1,592.60","1,589.40","1,597.90","1,587.30",98.99K,0.12%
03/14/2013,"1,590.70","1,586.70","1,592.20","1,575.20",144.16K,0.14%
03/13/2013,"1,588.40","1,592.00","1,598.80","1,584.40",141.80K,-0.21%
03/12/2013,"1,591.70","1,580.40","1,597.60","1,578.80",150.41K,0.87%
03/11/2013,"1,578.00","1,578.30","1,582.50","1,574.50",101.21K,0.07%
03/08/2013,"1,576.90","1,577.40","1,583.10","1,560.40",213.96K,0.11%
03/07/2013,"1,575.10","1,583.80","1,584.90","1,574.00",141.57K,0.01%
03/06/2013,"1,574.90","1,574.90","1,584.30","1,566.40",169.87K,0.00%
03/05/2013,"1,574.90","1,574.20","1,585.80","1,571.10",146.72K,0.16%
03/04/2013,"1,572.40","1,578.00","1,584.30","1,568.70",122.91K,0.01%
03/01/2013,"1,572.30","1,578.50","1,586.90","1,564.00",193.69K,-0.37%
02/28/2013,"1,578.10","1,596.30","1,602.50","1,574.30",190.16K,-1.10%
02/27/2013,"1,595.70","1,613.60","1,614.40","1,591.40",172.16K,-1.23%
02/26/2013,"1,615.50","1,592.70","1,619.70","1,583.70",254.86K,1.82%
02/25/2013,"1,586.60","1,579.70","1,596.50","1,574.70",164.11K,0.88%
02/22/2013,"1,572.80","1,577.00","1,587.00","1,569.30",142.21K,-0.37%
02/21/2013,"1,578.60","1,564.80","1,584.40","1,554.30",223.53K,0.04%
02/20/2013,"1,578.00","1,604.20","1,609.20","1,558.10",260.41K,-1.63%
02/18/2013,"1,604.20","1,610.00","1,618.80","1,600.20",220.23K,-0.33%
02/15/2013,"1,609.50","1,634.20","1,636.00","1,596.70",258.38K,-1.59%
02/14/2013,"1,635.50","1,642.50","1,650.00","1,632.80",174.43K,-0.58%
02/13/2013,"1,645.10","1,652.50","1,655.00","1,640.50",130.85K,-0.27%
02/12/2013,"1,649.60","1,648.60","1,653.80","1,639.50",137.08K,0.03%
02/11/2013,"1,649.10","1,667.90","1,670.30","1,644.10",161.67K,-1.07%
02/08/2013,"1,666.90","1,671.80","1,674.30","1,665.80",94.74K,-0.26%
02/07/2013,"1,671.30","1,678.00","1,683.90","1,663.40",183.51K,-0.45%
02/06/2013,"1,678.80","1,673.40","1,680.50","1,668.80",97.16K,0.32%
02/05/2013,"1,673.50","1,675.50","1,687.00","1,667.20",154.15K,-0.17%
02/04/2013,"1,676.40","1,669.10","1,678.60","1,661.80",112.53K,0.35%
02/01/2013,"1,670.60","1,665.20","1,683.00","1,660.60",177.05K,0.52%
01/31/2013,"1,662.00","1,677.00","1,681.70","1,658.40",159.62K,-1.17%
01/30/2013,"1,681.60","1,664.10","1,685.00","1,663.50",183.22K,1.25%
01/29/2013,"1,660.80","1,653.90","1,665.00","1,653.50",145.86K,0.48%
01/28/2013,"1,652.90","1,657.90","1,661.60","1,651.00",184.38K,-0.22%
01/25/2013,"1,656.60","1,667.00","1,671.60","1,655.00",162.11K,-0.80%
01/24/2013,"1,669.90","1,683.80","1,685.80","1,664.20",179.96K,-1.00%
01/23/2013,"1,686.70","1,691.70","1,694.80","1,683.10",141.43K,-0.38%
01/21/2013,"1,693.20","1,686.50","1,695.90","1,684.80",165.13K,0.37%
01/18/2013,"1,687.00","1,687.40","1,695.10","1,683.30",115.54K,-0.22%
01/17/2013,"1,690.80","1,680.50","1,697.80","1,666.40",202.94K,0.45%
01/16/2013,"1,683.20","1,679.70","1,684.70","1,673.00",137.53K,-0.04%
01/15/2013,"1,683.90","1,667.80","1,684.90","1,666.20",149.77K,0.87%
01/14/2013,"1,669.40","1,659.50","1,674.80","1,659.50",126.86K,0.53%
01/11/2013,"1,660.60","1,674.10","1,676.90","1,653.10",176.08K,-1.04%
01/10/2013,"1,678.00","1,658.00","1,678.80","1,653.80",159.32K,1.36%
01/09/2013,"1,655.50","1,659.90","1,666.00","1,651.30",131.71K,-0.40%
01/08/2013,"1,662.20","1,647.60","1,662.70","1,646.80",146.84K,0.97%
01/07/2013,"1,646.30","1,656.30","1,663.00","1,642.60",140.82K,-0.16%
01/04/2013,"1,648.90","1,663.80","1,664.50","1,626.00",252.73K,-1.53%
01/03/2013,"1,674.60","1,686.20","1,690.50","1,661.20",143.79K,-0.84%
01/02/2013,"1,688.80","1,676.40","1,695.40","1,670.90",132.83K,0.78%
12/31/2012,"1,675.80","1,655.90","1,681.00","1,655.90",85.22K,1.20%
12/28/2012,"1,655.90","1,664.00","1,667.00","1,654.10",75.14K,-0.47%
12/27/2012,"1,663.70","1,659.80","1,666.10","1,653.10",95.88K,0.18%
12/26/2012,"1,660.70","1,657.40","1,668.70","1,650.60",52.72K,0.07%
12/24/2012,"1,659.50","1,658.00","1,666.50","1,652.70",44.01K,-0.04%
12/21/2012,"1,660.10","1,648.50","1,660.50","1,636.30",136.09K,0.86%
12/20/2012,"1,645.90","1,667.90","1,672.80","1,636.00",189.98K,-1.31%
12/19/2012,"1,667.70","1,671.70","1,677.80","1,664.20",157.44K,-0.18%
12/18/2012,"1,670.70","1,699.10","1,704.40","1,662.00",180.40K,-1.62%
12/17/2012,"1,698.20","1,698.40","1,701.00","1,687.50",93.93K,0.07%
12/14/2012,"1,697.00","1,699.60","1,701.90","1,694.00",85.24K,0.01%
12/13/2012,"1,696.80","1,712.80","1,712.80","1,690.70",171.36K,-1.23%
12/12/2012,"1,717.90","1,712.00","1,725.00","1,708.50",167.09K,0.49%
12/11/2012,"1,709.60","1,713.90","1,715.80","1,706.00",81.04K,-0.28%
12/10/2012,"1,714.40","1,705.40","1,718.80","1,703.30",84.33K,0.52%
12/07/2012,"1,705.50","1,701.30","1,706.90","1,684.10",145.93K,0.22%
12/06/2012,"1,701.80","1,695.70","1,704.80","1,687.10",145.85K,0.47%
12/05/2012,"1,693.80","1,697.70","1,708.30","1,686.00",157.79K,-0.12%
12/04/2012,"1,695.80","1,717.70","1,719.20","1,692.60",197.02K,-1.47%
12/03/2012,"1,721.10","1,715.50","1,724.90","1,714.20",104.84K,0.49%
11/30/2012,"1,712.70","1,728.30","1,733.70","1,710.20",142.07K,-0.97%
11/29/2012,"1,729.50","1,722.40","1,731.20","1,720.10",178.27K,0.76%
11/28/2012,"1,716.50","1,741.50","1,743.10","1,705.50",276.14K,-1.48%
11/27/2012,"1,742.30","1,749.30","1,751.90","1,740.40",198.87K,-0.42%
11/26/2012,"1,749.60","1,751.50","1,752.30","1,746.00",165.97K,-0.10%
11/22/2012,"1,751.40","1,729.10","1,755.00","1,727.60",165.90K,1.34%
11/21/2012,"1,728.20","1,727.80","1,732.00","1,718.40",129.04K,0.27%
11/20/2012,"1,723.60","1,731.50","1,736.00","1,721.80",128.07K,-0.62%
11/19/2012,"1,734.40","1,714.40","1,735.50","1,713.40",125.53K,1.15%
11/16/2012,"1,714.70","1,715.50","1,717.20","1,705.60",136.95K,0.05%
11/15/2012,"1,713.80","1,727.20","1,727.90","1,704.50",181.71K,-0.94%
11/14/2012,"1,730.10","1,725.30","1,734.10","1,720.50",143.23K,0.31%
11/13/2012,"1,724.80","1,729.00","1,733.30","1,717.60",142.50K,-0.35%
11/12/2012,"1,730.90","1,731.80","1,738.00","1,725.20",107.18K,0.00%
11/09/2012,"1,730.90","1,731.50","1,739.40","1,726.90",148.67K,0.28%
11/08/2012,"1,726.00","1,717.90","1,735.10","1,712.60",165.87K,0.70%
11/07/2012,"1,714.00","1,715.80","1,733.00","1,703.00",265.68K,-0.06%
11/06/2012,"1,715.00","1,685.40","1,720.90","1,683.50",187.22K,1.89%
11/05/2012,"1,683.20","1,676.70","1,686.20","1,672.50",120.55K,0.48%
11/02/2012,"1,675.20","1,715.60","1,717.20","1,674.80",223.44K,-2.35%
11/01/2012,"1,715.50","1,720.40","1,727.50","1,713.80",121.50K,-0.21%
10/31/2012,"1,719.10","1,710.30","1,726.60","1,709.80",120.01K,0.41%
10/30/2012,"1,712.10","1,710.30","1,715.70","1,705.20",57.25K,0.20%
10/29/2012,"1,708.70","1,712.20","1,717.80","1,706.20",57.61K,-0.19%
10/26/2012,"1,711.90","1,712.10","1,719.90","1,701.40",126.51K,-0.06%
10/25/2012,"1,713.00","1,702.80","1,718.90","1,702.30",141.16K,0.67%
10/24/2012,"1,701.60","1,709.00","1,715.20","1,698.70",140.58K,-0.46%
10/23/2012,"1,709.40","1,729.80","1,731.20","1,704.60",153.97K,-0.98%
10/22/2012,"1,726.30","1,722.70","1,730.80","1,714.40",108.14K,0.13%
10/19/2012,"1,724.00","1,742.40","1,744.70","1,716.00",158.72K,-1.19%
10/18/2012,"1,744.70","1,750.90","1,753.40","1,739.00",106.13K,-0.47%
10/17/2012,"1,753.00","1,750.00","1,755.00","1,744.00",112.84K,0.38%
10/16/2012,"1,746.30","1,738.00","1,749.60","1,736.10",105.63K,0.50%
10/15/2012,"1,737.60","1,755.20","1,755.50","1,729.70",172.77K,-1.26%
10/12/2012,"1,759.70","1,769.70","1,775.00","1,753.50",130.39K,-0.62%
10/11/2012,"1,770.60","1,764.90","1,776.60","1,760.20",117.57K,0.31%
10/10/2012,"1,765.10","1,766.00","1,770.00","1,758.50",129.54K,0.01%
10/09/2012,"1,765.00","1,777.80","1,781.60","1,762.00",140.49K,-0.60%
10/08/2012,"1,775.70","1,782.00","1,782.50","1,768.20",95.90K,-0.29%
10/05/2012,"1,780.80","1,792.60","1,798.10","1,774.50",158.45K,-0.87%
10/04/2012,"1,796.50","1,780.00","1,797.70","1,779.90",161.99K,0.94%
10/03/2012,"1,779.80","1,776.20","1,784.00","1,773.00",119.09K,0.24%
10/02/2012,"1,775.60","1,780.00","1,786.60","1,772.30",119.80K,-0.43%
10/01/2012,"1,783.30","1,773.70","1,794.40","1,765.70",190.61K,0.53%
09/28/2012,"1,773.90","1,780.00","1,785.90","1,769.50",156.93K,-0.37%
09/27/2012,"1,780.50","1,756.30","1,782.90","1,753.20",181.48K,1.53%
09/26/2012,"1,753.60","1,762.70","1,768.40","1,738.30",196.37K,-0.72%
09/25/2012,"1,766.40","1,766.20","1,777.90","1,761.00",157.68K,0.10%
09/24/2012,"1,764.60","1,774.70","1,775.30","1,757.90",159.19K,-0.75%
09/21/2012,"1,778.00","1,770.20","1,790.00","1,769.10",185.29K,0.44%
09/20/2012,"1,770.20","1,772.40","1,774.90","1,757.70",144.57K,-0.08%
09/19/2012,"1,771.70","1,773.40","1,781.80","1,764.20",162.96K,0.03%
09/18/2012,"1,771.20","1,764.20","1,775.90","1,753.20",163.63K,0.03%
09/17/2012,"1,770.60","1,773.50","1,778.90","1,756.20",118.56K,-0.12%
09/14/2012,"1,772.70","1,769.40","1,780.20","1,767.70",195.52K,0.03%
09/13/2012,"1,772.10","1,733.10","1,775.00","1,720.00",260.34K,2.21%
09/12/2012,"1,733.70","1,734.50","1,749.50","1,727.30",182.99K,-0.07%
09/11/2012,"1,734.90","1,728.70","1,740.50","1,728.00",109.35K,0.18%
09/10/2012,"1,731.80","1,738.00","1,742.30","1,727.00",111.15K,-0.50%
09/07/2012,"1,740.50","1,703.70","1,745.40","1,691.30",216.53K,2.05%
09/06/2012,"1,705.60","1,695.70","1,716.90","1,693.70",176.80K,0.68%
09/05/2012,"1,694.00","1,697.60","1,698.40","1,689.60",101.57K,-0.12%
09/03/2012,"1,696.00","1,693.40","1,701.60","1,687.60",179.17K,0.50%
08/31/2012,"1,687.60","1,657.80","1,695.50","1,647.10",195.81K,1.84%
08/30/2012,"1,657.10","1,658.70","1,666.70","1,652.30",96.79K,-0.35%
08/29/2012,"1,663.00","1,668.80","1,672.50","1,654.40",112.44K,-0.40%
08/28/2012,"1,669.70","1,666.00","1,674.90","1,659.10",105.05K,-0.35%
08/27/2012,"1,675.60","1,673.20","1,679.30","1,665.50",76.96K,0.16%
08/24/2012,"1,672.90","1,672.60","1,676.30","1,665.10",102.66K,0.01%
08/23/2012,"1,672.80","1,654.50","1,677.50","1,654.50",157.05K,1.97%
08/22/2012,"1,640.50","1,640.20","1,658.20","1,636.30",138.50K,-0.15%
08/21/2012,"1,642.90","1,623.10","1,643.60","1,620.80",128.72K,1.23%
08/20/2012,"1,623.00","1,618.50","1,624.70","1,611.80",69.47K,0.22%
08/17/2012,"1,619.40","1,616.70","1,623.00","1,613.30",77.29K,0.01%
08/16/2012,"1,619.20","1,605.80","1,622.00","1,603.00",107.46K,0.78%
08/15/2012,"1,606.60","1,601.20","1,608.80","1,592.10",101.68K,0.26%
08/14/2012,"1,602.40","1,612.60","1,618.90","1,593.60",118.54K,-0.63%
08/13/2012,"1,612.60","1,624.70","1,628.20","1,609.70",96.67K,-0.63%
08/10/2012,"1,622.80","1,620.20","1,629.70","1,606.60",112.19K,0.16%
08/09/2012,"1,620.20","1,615.10","1,621.00","1,612.20",69.24K,0.26%
08/08/2012,"1,616.00","1,614.70","1,619.50","1,605.90",84.41K,0.20%
08/07/2012,"1,612.80","1,614.50","1,621.30","1,611.00",86.45K,-0.21%
08/06/2012,"1,616.20","1,607.70","1,618.40","1,605.30",79.35K,0.43%
08/03/2012,"1,609.30","1,592.30","1,609.90","1,588.50",126.86K,1.17%
08/02/2012,"1,590.70","1,602.80","1,618.80","1,586.30",158.56K,-1.03%
08/01/2012,"1,607.30","1,617.50","1,621.80","1,595.00",156.11K,-0.45%
07/31/2012,"1,614.60","1,625.60","1,631.60","1,614.20",124.77K,-0.58%
07/30/2012,"1,624.00","1,627.50","1,630.00","1,617.60",111.65K,0.37%
07/27/2012,"1,618.00","1,614.60","1,628.60","1,610.70",197.98K,0.18%
07/26/2012,"1,615.10","1,604.50","1,621.50","1,600.20",188.62K,0.44%
07/25/2012,"1,608.10","1,580.20","1,610.00","1,577.90",212.74K,2.02%
07/24/2012,"1,576.20","1,575.90","1,584.00","1,567.80",158.54K,-0.08%
07/23/2012,"1,577.40","1,581.60","1,582.40","1,562.00",141.48K,-0.34%
07/20/2012,"1,582.80","1,581.00","1,586.70","1,572.60",122.59K,0.15%
07/19/2012,"1,580.40","1,573.00","1,591.50","1,572.10",134.87K,0.61%
07/18/2012,"1,570.80","1,583.00","1,585.70","1,567.20",133.07K,-1.18%
07/17/2012,"1,589.50","1,588.60","1,598.80","1,571.00",141.89K,-0.13%
07/16/2012,"1,591.60","1,591.50","1,594.60","1,577.20",101.75K,-0.03%
07/13/2012,"1,592.00","1,571.20","1,596.50","1,565.60",129.99K,1.71%
07/12/2012,"1,565.30","1,576.30","1,577.90","1,554.40",171.19K,-0.66%
07/11/2012,"1,575.70","1,565.80","1,583.40","1,565.50",140.49K,-0.26%
07/10/2012,"1,579.80","1,589.10","1,602.00","1,564.40",151.16K,-0.59%
07/09/2012,"1,589.10","1,582.40","1,593.10","1,576.00",98.07K,0.65%
07/06/2012,"1,578.90","1,605.20","1,610.60","1,576.40",161.74K,-1.90%
07/04/2012,"1,609.40","1,617.60","1,624.50","1,597.50",172.55K,-0.76%
07/03/2012,"1,621.80","1,597.50","1,625.70","1,595.30",112.15K,1.51%
07/02/2012,"1,597.70","1,599.60","1,603.60","1,587.40",98.94K,-0.41%
06/29/2012,"1,604.20","1,551.80","1,607.80","1,551.30",190.84K,3.47%
06/28/2012,"1,550.40","1,574.60","1,579.60","1,547.60",139.96K,-1.77%
06/27/2012,"1,578.40","1,572.60","1,584.60","1,563.10",115.53K,0.22%
06/26/2012,"1,574.90","1,588.40","1,588.40","1,568.20",103.44K,-0.85%
06/25/2012,"1,588.40","1,572.60","1,589.00","1,566.90",114.46K,1.37%
06/22/2012,"1,566.90","1,565.70","1,574.10","1,558.60",120.47K,0.09%
06/21/2012,"1,565.50","1,607.70","1,608.20","1,564.80",214.30K,-3.11%
06/20/2012,"1,615.80","1,619.30","1,623.60","1,590.50",210.74K,-0.46%
06/19/2012,"1,623.20","1,627.30","1,634.30","1,618.10",124.75K,-0.23%
06/18/2012,"1,627.00","1,630.00","1,631.30","1,606.90",120.68K,-0.07%
06/15/2012,"1,628.10","1,624.00","1,635.40","1,620.40",130.14K,0.52%
06/14/2012,"1,619.60","1,619.00","1,629.00","1,610.40",153.14K,0.01%
06/13/2012,"1,619.40","1,611.10","1,626.00","1,607.00",128.38K,0.35%
06/12/2012,"1,613.80","1,597.60","1,618.90","1,586.40",149.67K,1.06%
06/11/2012,"1,596.80","1,602.80","1,609.30","1,582.70",116.64K,0.34%
06/08/2012,"1,591.40","1,590.30","1,596.30","1,556.40",158.61K,0.21%
06/07/2012,"1,588.00","1,621.40","1,630.70","1,579.40",254.78K,-2.83%
06/06/2012,"1,634.20","1,618.50","1,642.40","1,614.40",184.61K,1.07%
06/05/2012,"1,616.90","1,619.90","1,624.80","1,612.50",96.22K,0.19%
06/04/2012,"1,613.90","1,626.80","1,629.70","1,610.00",135.24K,-0.51%
06/01/2012,"1,622.10","1,561.80","1,632.00","1,545.50",307.04K,3.70%
05/31/2012,"1,564.20","1,564.10","1,574.60","1,553.00",177.33K,-0.10%
05/30/2012,"1,565.70","1,555.80","1,571.00","1,532.10",273.70K,1.10%
05/28/2012,"1,548.70","1,573.60","1,583.50","1,545.70",259.05K,-1.29%
05/25/2012,"1,568.90","1,557.60","1,573.70","1,550.70",157.34K,0.73%
05/24/2012,"1,557.50","1,560.80","1,577.70","1,551.00",197.53K,0.59%
05/23/2012,"1,548.40","1,567.40","1,568.50","1,532.80",259.19K,-1.79%
05/22/2012,"1,576.60","1,593.00","1,594.40","1,561.00",175.86K,-0.76%
05/21/2012,"1,588.70","1,590.20","1,599.00","1,584.50",140.54K,-0.20%
05/18/2012,"1,591.90","1,574.50","1,597.50","1,567.80",176.04K,1.08%
05/17/2012,"1,574.90","1,538.60","1,579.80","1,538.40",211.54K,2.49%
05/16/2012,"1,536.60","1,544.90","1,552.20","1,526.70",252.56K,-1.32%
05/15/2012,"1,557.10","1,557.20","1,564.40","1,541.20",159.33K,-0.25%
05/14/2012,"1,561.00","1,585.50","1,585.80","1,555.00",162.29K,-1.45%
05/11/2012,"1,584.00","1,593.50","1,595.20","1,572.00",151.01K,-0.72%
05/10/2012,"1,595.50","1,589.70","1,602.20","1,585.00",138.24K,0.08%
05/09/2012,"1,594.20","1,605.90","1,607.00","1,578.50",210.61K,-0.64%
05/08/2012,"1,604.50","1,638.90","1,639.50","1,595.50",218.71K,-2.11%
05/07/2012,"1,639.10","1,643.30","1,644.00","1,632.20",91.45K,-0.37%
05/04/2012,"1,645.20","1,636.40","1,648.00","1,626.80",144.96K,0.64%
05/03/2012,"1,634.80","1,654.00","1,654.30","1,631.30",151.92K,-1.16%
05/02/2012,"1,654.00","1,663.00","1,663.90","1,646.00",129.80K,-0.51%
05/01/2012,"1,662.40","1,666.10","1,672.30","1,657.50",105.17K,-0.11%
04/30/2012,"1,664.20","1,663.00","1,667.00","1,645.10",115.41K,-0.04%
04/27/2012,"1,664.80","1,657.30","1,668.40","1,651.10",97.63K,0.26%
04/26/2012,"1,660.50","1,644.50","1,662.00","1,642.50",130.31K,1.11%
04/25/2012,"1,642.30","1,642.20","1,647.60","1,625.00",166.07K,-0.09%
04/24/2012,"1,643.80","1,639.60","1,650.10","1,634.60",107.79K,0.69%
04/23/2012,"1,632.60","1,642.80","1,644.20","1,623.60",125.01K,-0.62%
04/20/2012,"1,642.80","1,643.20","1,648.20","1,638.60",87.03K,0.09%
04/19/2012,"1,641.40","1,643.00","1,654.90","1,631.20",161.30K,0.11%
04/18/2012,"1,639.60","1,650.80","1,655.20","1,638.10",106.99K,-0.70%
04/17/2012,"1,651.10","1,653.70","1,658.40","1,635.20",142.00K,0.08%
04/16/2012,"1,649.70","1,658.70","1,659.60","1,642.00",114.47K,-0.63%
04/13/2012,"1,660.20","1,676.60","1,679.20","1,649.70",127.47K,-1.21%
04/12/2012,"1,680.60","1,660.30","1,681.30","1,651.00",141.53K,1.22%
04/11/2012,"1,660.30","1,660.70","1,663.90","1,653.50",102.79K,-0.02%
04/10/2012,"1,660.70","1,643.00","1,664.80","1,632.50",177.50K,1.02%
04/09/2012,"1,643.90","1,641.00","1,649.90","1,636.70",83.34K,0.85%
04/05/2012,"1,630.10","1,622.00","1,634.80","1,620.70",128.05K,0.99%
04/04/2012,"1,614.10","1,645.80","1,649.50","1,613.00",201.94K,-3.46%
04/03/2012,"1,672.00","1,678.60","1,682.70","1,640.20",156.00K,-0.46%
04/02/2012,"1,679.70","1,671.50","1,685.40","1,664.40",110.02K,0.47%
03/30/2012,"1,671.90","1,663.20","1,672.70","1,661.20",111.16K,1.03%
03/29/2012,"1,654.90","1,664.60","1,666.90","1,646.70",163.88K,-0.18%
03/28/2012,"1,657.90","1,679.30","1,684.50","1,654.00",193.11K,-1.60%
03/27/2012,"1,684.90","1,690.20","1,696.90","1,678.60",175.34K,-0.04%
03/26/2012,"1,685.60","1,662.20","1,693.40","1,655.10",195.61K,1.40%
03/23/2012,"1,662.40","1,644.10","1,666.30","1,641.50",144.59K,1.21%
03/22/2012,"1,642.50","1,649.60","1,656.60","1,627.50",175.72K,-0.47%
03/21/2012,"1,650.30","1,650.80","1,661.90","1,646.30",139.65K,0.20%
03/20/2012,"1,647.00","1,664.60","1,664.90","1,641.20",154.43K,-1.22%
03/19/2012,"1,667.30","1,659.00","1,670.10","1,652.30",135.04K,0.69%
03/16/2012,"1,655.80","1,657.80","1,664.90","1,639.70",160.61K,-0.22%
03/15/2012,"1,659.50","1,643.20","1,667.40","1,636.20",180.72K,1.01%
03/14/2012,"1,642.90","1,675.20","1,682.80","1,634.70",279.27K,-3.03%
03/13/2012,"1,694.20","1,700.80","1,706.20","1,662.10",209.91K,-0.33%
03/12/2012,"1,699.80","1,715.00","1,717.40","1,692.50",152.10K,-0.68%
03/09/2012,"1,711.50","1,700.50","1,716.50","1,677.00",206.57K,0.75%
03/08/2012,"1,698.70","1,685.70","1,704.80","1,683.60",156.22K,0.88%
03/07/2012,"1,683.90","1,675.00","1,688.70","1,671.70",157.56K,0.71%
03/06/2012,"1,672.10","1,707.40","1,709.80","1,663.40",237.11K,-1.87%
03/05/2012,"1,703.90","1,712.40","1,718.00","1,694.40",158.94K,-0.35%
03/02/2012,"1,709.80","1,719.70","1,725.40","1,705.40",147.09K,-0.72%
03/01/2012,"1,722.20","1,695.60","1,727.30","1,695.10",239.50K,0.64%
02/29/2012,"1,711.30","1,786.20","1,792.30","1,688.40",343.49K,-4.31%
02/28/2012,"1,788.40","1,770.20","1,792.70","1,767.00",158.91K,0.76%
02/27/2012,"1,774.90","1,776.80","1,781.00","1,762.60",132.50K,-0.08%
02/24/2012,"1,776.40","1,782.00","1,784.40","1,771.30",139.75K,-0.55%
02/23/2012,"1,786.30","1,778.30","1,789.50","1,773.30",153.93K,0.85%
02/22/2012,"1,771.30","1,761.40","1,783.40","1,750.70",176.27K,0.73%
02/20/2012,"1,758.50","1,728.40","1,761.90","1,727.00",202.41K,1.89%
02/17/2012,"1,725.90","1,730.40","1,737.50","1,718.60",116.80K,-0.14%
02/16/2012,"1,728.40","1,730.10","1,731.60","1,706.70",166.95K,0.02%
02/15/2012,"1,728.10","1,723.00","1,739.20","1,720.30",140.86K,0.61%
02/14/2012,"1,717.70","1,724.00","1,729.90","1,713.80",148.11K,-0.42%
02/13/2012,"1,724.90","1,727.40","1,735.40","1,717.70",103.51K,-0.02%
02/10/2012,"1,725.30","1,731.10","1,737.20","1,706.40",178.13K,-0.91%
02/09/2012,"1,741.20","1,734.40","1,755.50","1,728.10",163.24K,0.57%
02/08/2012,"1,731.30","1,747.70","1,754.80","1,726.00",151.08K,-0.98%
02/07/2012,"1,748.40","1,722.50","1,752.60","1,712.60",161.62K,1.36%
02/06/2012,"1,724.90","1,731.00","1,740.90","1,714.00",137.27K,-0.88%
02/03/2012,"1,740.30","1,761.70","1,765.90","1,726.20",191.91K,-1.08%
02/02/2012,"1,759.30","1,747.30","1,764.00","1,743.30",142.03K,0.56%
02/01/2012,"1,749.50","1,739.80","1,754.00","1,735.40",124.54K,0.52%
01/31/2012,"1,740.40","1,734.40","1,750.60","1,727.00",157.88K,0.35%
01/30/2012,"1,734.40","1,739.60","1,742.80","1,718.80",133.37K,0.13%
01/27/2012,"1,732.20","1,720.70","1,739.80","1,714.20",175.02K,0.32%
01/26/2012,"1,726.70","1,710.90","1,731.50","1,703.00",226.66K,1.56%
01/25/2012,"1,700.10","1,666.50","1,713.20","1,649.20",240.48K,2.14%
01/24/2012,"1,664.50","1,677.10","1,680.00","1,661.00",137.34K,-0.82%
01/23/2012,"1,678.30","1,665.20","1,681.80","1,663.00",131.46K,0.86%
01/20/2012,"1,664.00","1,657.00","1,667.30","1,645.20",127.01K,0.57%
01/19/2012,"1,654.50","1,660.70","1,670.60","1,649.20",130.75K,-0.33%
01/18/2012,"1,659.90","1,651.50","1,662.90","1,642.10",157.22K,0.26%
01/16/2012,"1,655.60","1,635.80","1,668.00","1,631.90",193.66K,1.52%
01/13/2012,"1,630.80","1,649.80","1,650.70","1,625.70",177.53K,-1.03%
01/12/2012,"1,647.70","1,643.50","1,662.90","1,640.90",146.83K,0.49%
01/11/2012,"1,639.60","1,632.40","1,648.00","1,630.80",144.55K,0.50%
01/10/2012,"1,631.50","1,612.30","1,641.40","1,609.20",168.41K,1.46%
01/09/2012,"1,608.10","1,617.70","1,624.60","1,605.70",134.39K,-0.54%
01/06/2012,"1,616.80","1,622.40","1,632.30","1,609.00",155.21K,-0.20%
01/05/2012,"1,620.10","1,614.40","1,626.80","1,597.70",176.47K,0.46%
01/04/2012,"1,612.70","1,604.90","1,619.80","1,593.80",154.22K,0.76%
01/03/2012,"1,600.50","1,571.00","1,608.70","1,566.80",112.94K,2.15%
12/30/2011,"1,566.80","1,547.30","1,582.80","1,546.20",94.32K,1.68%
12/29/2011,"1,540.90","1,557.10","1,562.80","1,523.90",132.78K,-1.48%
12/28/2011,"1,564.10","1,593.90","1,595.00","1,550.90",114.26K,-1.97%
12/27/2011,"1,595.50","1,609.20","1,609.20","1,591.10",46.35K,-0.65%
12/23/2011,"1,606.00","1,607.80","1,615.60","1,604.00",40.68K,-0.29%
12/22/2011,"1,610.60","1,617.10","1,618.60","1,599.10",96.55K,-0.19%
12/21/2011,"1,613.60","1,617.20","1,643.70","1,607.70",125.15K,-0.25%
12/20/2011,"1,617.60","1,595.50","1,620.80","1,594.10",101.15K,1.31%
12/19/2011,"1,596.70","1,603.50","1,611.50","1,585.50",121.28K,-0.08%
12/16/2011,"1,597.90","1,573.30","1,603.50","1,572.10",137.43K,1.31%
12/15/2011,"1,577.20","1,580.00","1,596.50","1,562.50",189.92K,-0.61%
12/14/2011,"1,586.90","1,631.60","1,645.80","1,565.70",283.56K,-4.58%
12/13/2011,"1,663.10","1,668.00","1,681.70","1,625.50",182.89K,-0.31%
12/12/2011,"1,668.20","1,716.80","1,718.60","1,660.30",165.10K,-2.83%
12/09/2011,"1,716.80","1,708.90","1,727.90","1,704.90",105.58K,0.20%
12/08/2011,"1,713.40","1,746.80","1,760.50","1,707.80",173.37K,-1.80%
12/07/2011,"1,744.80","1,733.00","1,747.00","1,723.60",105.73K,0.75%
12/06/2011,"1,731.80","1,727.20","1,736.90","1,705.70",133.43K,-0.16%
12/05/2011,"1,734.50","1,751.00","1,758.80","1,721.10",117.52K,-0.96%
12/02/2011,"1,751.30","1,748.50","1,767.10","1,741.70",107.01K,0.66%
12/01/2011,"1,739.80","1,752.50","1,758.00","1,737.20",113.56K,-0.60%
11/30/2011,"1,750.30","1,722.70","1,754.70","1,704.30",187.24K,1.83%
11/29/2011,"1,718.90","1,715.30","1,724.10","1,707.20",158.26K,0.47%
11/28/2011,"1,710.80","1,685.40","1,722.40","1,684.00",175.53K,1.49%
11/24/2011,"1,685.70","1,693.40","1,702.70","1,672.60",139.44K,-0.60%
11/23/2011,"1,695.90","1,699.90","1,710.80","1,677.10",173.33K,-0.38%
11/22/2011,"1,702.40","1,678.50","1,706.40","1,667.50",182.85K,1.42%
11/21/2011,"1,678.60","1,725.10","1,727.40","1,667.10",209.40K,-2.70%
11/18/2011,"1,725.10","1,721.50","1,738.50","1,711.40",147.93K,0.28%
11/17/2011,"1,720.20","1,764.70","1,768.00","1,711.00",229.94K,-3.05%
11/16/2011,"1,774.30","1,782.30","1,784.80","1,753.90",172.66K,-0.44%
11/15/2011,"1,782.20","1,782.00","1,787.80","1,760.90",132.68K,0.21%
11/14/2011,"1,778.40","1,789.40","1,797.60","1,774.20",87.59K,-0.54%
11/11/2011,"1,788.10","1,759.60","1,791.10","1,745.00",106.88K,1.62%
11/10/2011,"1,759.60","1,771.00","1,776.90","1,736.60",172.53K,-1.79%
11/09/2011,"1,791.60","1,787.40","1,801.10","1,765.10",161.80K,-0.42%
11/08/2011,"1,799.20","1,795.80","1,804.40","1,778.30",133.69K,0.45%
11/07/2011,"1,791.10","1,756.10","1,799.90","1,754.00",150.46K,1.99%
11/04/2011,"1,756.10","1,766.50","1,766.50","1,749.80",88.47K,-0.51%
11/03/2011,"1,765.10","1,738.90","1,769.50","1,724.00",162.55K,2.05%
11/02/2011,"1,729.60","1,721.50","1,745.60","1,715.50",148.07K,1.04%
11/01/2011,"1,711.80","1,715.70","1,725.60","1,681.20",174.29K,-0.78%
10/31/2011,"1,725.20","1,743.10","1,746.50","1,705.50",122.24K,-1.26%
10/28/2011,"1,747.20","1,746.20","1,754.00","1,733.00",107.44K,-0.03%
10/27/2011,"1,747.70","1,726.90","1,751.30","1,707.20",156.35K,1.40%
10/26/2011,"1,723.50","1,707.10","1,728.00","1,696.50",151.51K,1.36%
10/25/2011,"1,700.40","1,654.10","1,710.70","1,644.60",195.64K,2.91%
10/24/2011,"1,652.30","1,643.00","1,663.30","1,636.60",110.14K,0.99%
10/21/2011,"1,636.10","1,620.90","1,649.80","1,612.80",127.05K,1.44%
10/20/2011,"1,612.90","1,645.30","1,646.50","1,604.70",188.36K,-2.07%
10/19/2011,"1,647.00","1,656.40","1,666.90","1,641.10",118.15K,-0.35%
10/18/2011,"1,652.80","1,672.50","1,678.20","1,628.20",195.66K,-1.42%
10/17/2011,"1,676.60","1,683.80","1,696.80","1,665.40",114.50K,-0.38%
10/14/2011,"1,683.00","1,669.00","1,685.50","1,662.50",95.60K,0.87%
10/13/2011,"1,668.50","1,677.30","1,686.10","1,654.30",115.59K,-0.84%
10/12/2011,"1,682.60","1,664.70","1,693.90","1,662.00",112.77K,1.30%
10/11/2011,"1,661.00","1,678.30","1,686.70","1,655.40",110.06K,-0.59%
10/10/2011,"1,670.80","1,640.50","1,679.70","1,639.90",92.09K,2.14%
10/07/2011,"1,635.80","1,653.40","1,668.00","1,627.60",129.50K,-1.05%
10/06/2011,"1,653.20","1,643.50","1,657.00","1,633.20",124.28K,0.71%
10/05/2011,"1,641.60","1,626.80","1,648.90","1,596.60",154.70K,1.58%
10/04/2011,"1,616.00","1,662.50","1,681.50","1,597.60",200.94K,-2.52%
10/03/2011,"1,657.70","1,625.10","1,667.00","1,620.00",141.40K,2.18%
09/30/2011,"1,622.30","1,618.30","1,642.50","1,607.80",152.88K,0.31%
09/29/2011,"1,617.30","1,609.30","1,637.90","1,585.00",193.52K,-0.05%
09/28/2011,"1,618.10","1,653.10","1,672.00","1,600.50",218.35K,-2.08%
09/27/2011,"1,652.50","1,629.20","1,679.20","1,616.80",228.89K,3.62%
09/26/2011,"1,594.80","1,660.00","1,666.30","1,535.00",373.46K,-2.74%
09/23/2011,"1,639.80","1,739.00","1,757.90","1,631.70",359.50K,-5.85%
09/22/2011,"1,741.70","1,782.30","1,789.00","1,723.20",278.04K,-3.67%
09/21/2011,"1,808.10","1,806.00","1,819.40","1,781.00",190.87K,-0.06%
09/20/2011,"1,809.10","1,780.90","1,814.30","1,772.00",174.85K,1.70%
09/19/2011,"1,778.90","1,820.00","1,832.90","1,771.00",189.06K,-1.97%
09/16/2011,"1,814.70","1,790.50","1,825.00","1,765.40",190.16K,1.87%
09/15/2011,"1,781.40","1,824.00","1,829.70","1,775.00",237.74K,-2.47%
09/14/2011,"1,826.50","1,837.30","1,848.20","1,811.50",172.65K,-0.20%
09/13/2011,"1,830.10","1,816.80","1,847.50","1,794.80",186.09K,0.93%
09/12/2011,"1,813.30","1,862.20","1,865.20","1,804.00",226.77K,-2.48%
09/09/2011,"1,859.50","1,871.90","1,889.10","1,825.50",274.00K,0.11%
09/08/2011,"1,857.50","1,819.50","1,873.30","1,816.20",218.50K,2.20%
09/07/2011,"1,817.60","1,876.00","1,883.20","1,793.80",316.26K,-2.97%
09/05/2011,"1,873.30","1,879.90","1,923.70","1,861.80",414.59K,-0.19%
09/02/2011,"1,876.90","1,827.90","1,887.40","1,826.90",180.28K,2.61%
09/01/2011,"1,829.10","1,826.20","1,833.60","1,815.50",138.08K,-0.14%
08/31/2011,"1,831.70","1,837.60","1,842.70","1,813.60",165.62K,0.10%
08/30/2011,"1,829.80","1,791.30","1,845.10","1,786.20",184.59K,2.13%
08/29/2011,"1,791.60","1,840.00","1,841.50","1,778.10",186.02K,-0.32%
08/26/2011,"1,797.30","1,776.40","1,832.50","1,759.50",265.24K,1.93%
08/25/2011,"1,763.20","1,753.00","1,777.50","1,705.40",384.69K,0.34%
08/24/2011,"1,757.30","1,831.50","1,856.80","1,751.60",440.83K,-5.59%
08/23/2011,"1,861.30","1,900.20","1,917.90","1,826.00",366.70K,-1.62%
08/22/2011,"1,891.90","1,862.90","1,904.00","1,858.00",253.91K,2.14%
08/19/2011,"1,852.20","1,827.10","1,881.40","1,824.50",281.31K,1.66%
08/18/2011,"1,822.00","1,792.20","1,832.00","1,786.80",223.99K,1.57%
08/17/2011,"1,793.80","1,788.50","1,797.60","1,781.60",137.24K,0.49%
08/16/2011,"1,785.00","1,768.50","1,790.00","1,763.60",168.06K,1.54%
08/15/2011,"1,758.00","1,747.10","1,769.30","1,730.80",127.71K,0.88%
08/12/2011,"1,742.60","1,767.50","1,770.90","1,725.80",210.58K,-0.51%
08/11/2011,"1,751.50","1,798.00","1,817.60","1,734.50",347.10K,-1.84%
08/10/2011,"1,784.30","1,747.40","1,801.00","1,740.20",296.97K,2.37%
08/09/2011,"1,743.00","1,719.90","1,782.50","1,717.70",398.59K,1.74%
08/08/2011,"1,713.20","1,681.70","1,723.40","1,681.70",278.27K,3.72%
08/05/2011,"1,651.80","1,649.70","1,673.00","1,644.20",218.36K,-0.43%
08/04/2011,"1,659.00","1,662.90","1,684.90","1,642.20",310.25K,-0.44%
08/03/2011,"1,666.30","1,662.50","1,675.90","1,654.40",204.44K,1.33%
08/02/2011,"1,644.50","1,622.60","1,664.50","1,618.80",173.57K,1.41%
08/01/2011,"1,621.70","1,622.20","1,634.50","1,608.20",156.24K,-0.58%
07/29/2011,"1,631.20","1,619.50","1,637.50","1,613.00",153.05K,0.93%
07/28/2011,"1,616.20","1,616.20","1,622.80","1,605.00",164.00K,0.07%
07/27/2011,"1,615.10","1,619.80","1,628.80","1,608.90",232.22K,-0.11%
07/26/2011,"1,616.80","1,614.80","1,620.80","1,607.80",211.47K,0.29%
07/25/2011,"1,612.20","1,607.90","1,624.30","1,603.80",209.06K,0.67%
07/22/2011,"1,601.50","1,589.70","1,607.70","1,583.20",158.42K,0.91%
07/21/2011,"1,587.00","1,601.90","1,605.00","1,584.90",189.18K,-0.62%
07/20/2011,"1,596.90","1,587.70","1,602.60","1,581.10",153.92K,-0.26%
07/19/2011,"1,601.10","1,606.10","1,610.70","1,582.70",194.07K,-0.08%
07/18/2011,"1,602.40","1,594.30","1,607.90","1,591.40",139.69K,0.77%
07/15/2011,"1,590.10","1,587.60","1,594.50","1,576.00",123.38K,0.05%
07/14/2011,"1,589.30","1,584.20","1,594.90","1,579.40",189.98K,0.24%
07/13/2011,"1,585.50","1,568.00","1,588.90","1,564.60",210.28K,1.48%
07/12/2011,"1,562.30","1,554.80","1,574.30","1,541.10",176.61K,0.85%
07/11/2011,"1,549.20","1,545.00","1,557.60","1,542.10",147.08K,0.49%
07/08/2011,"1,541.60","1,532.50","1,546.00","1,525.00",159.73K,0.72%
07/07/2011,"1,530.60","1,529.70","1,534.90","1,522.20",117.62K,0.09%
07/06/2011,"1,529.20","1,516.20","1,534.50","1,510.30",142.65K,1.09%
07/04/2011,"1,512.70","1,486.80","1,518.00","1,486.20",137.18K,2.03%
07/01/2011,"1,482.60","1,501.50","1,503.00","1,478.30",145.35K,-1.34%
06/30/2011,"1,502.80","1,512.30","1,514.80","1,499.10",134.20K,-0.50%
06/29/2011,"1,510.40","1,502.50","1,513.80","1,500.80",101.48K,0.68%
06/28/2011,"1,500.20","1,496.80","1,507.00","1,495.50",101.39K,0.25%
06/27/2011,"1,496.40","1,500.90","1,506.10","1,490.80",128.94K,-0.30%
06/24/2011,"1,500.90","1,522.70","1,526.50","1,498.50",182.17K,-1.29%
06/23/2011,"1,520.50","1,548.50","1,549.60","1,511.50",238.42K,-2.12%
06/22/2011,"1,553.40","1,547.90","1,559.30","1,542.00",140.56K,0.45%
06/21/2011,"1,546.40","1,541.10","1,549.00","1,539.30",95.54K,0.29%
06/20/2011,"1,542.00","1,541.30","1,548.20","1,533.60",95.17K,0.19%
06/17/2011,"1,539.10","1,529.10","1,543.00","1,523.20",119.74K,0.60%
06/16/2011,"1,529.90","1,531.00","1,534.00","1,522.00",113.36K,0.24%
06/15/2011,"1,526.20","1,525.10","1,535.70","1,514.50",152.88K,0.12%
06/14/2011,"1,524.40","1,516.50","1,527.60","1,512.80",115.38K,0.58%
06/13/2011,"1,515.60","1,530.70","1,533.90","1,511.40",117.01K,-0.89%
06/10/2011,"1,529.20","1,545.10","1,546.50","1,526.70",129.48K,-0.88%
06/09/2011,"1,542.70","1,538.30","1,550.80","1,534.00",108.43K,0.26%
06/08/2011,"1,538.70","1,545.00","1,547.40","1,531.80",111.69K,-0.34%
06/07/2011,"1,544.00","1,545.00","1,551.40","1,537.00",113.97K,-0.21%
06/06/2011,"1,547.20","1,544.50","1,555.00","1,541.60",100.19K,0.31%
06/03/2011,"1,542.40","1,535.00","1,548.40","1,524.90",153.26K,0.63%
06/02/2011,"1,532.70","1,542.20","1,545.50","1,520.40",151.69K,-0.68%
06/01/2011,"1,543.20","1,536.60","1,551.60","1,530.40",153.61K,0.42%
05/30/2011,"1,536.80","1,538.10","1,541.90","1,533.10",114.70K,-0.03%
05/27/2011,"1,537.30","1,520.20","1,539.50","1,520.00",138.12K,0.95%
05/26/2011,"1,522.80","1,526.00","1,531.10","1,514.60",186.99K,-0.26%
05/25/2011,"1,526.70","1,526.20","1,532.50","1,521.30",194.95K,0.22%
05/24/2011,"1,523.30","1,517.20","1,529.00","1,513.20",234.39K,0.52%
05/23/2011,"1,515.40","1,512.80","1,519.00","1,503.70",191.25K,0.43%
05/20/2011,"1,508.90","1,493.50","1,515.80","1,486.40",194.40K,1.11%
05/19/2011,"1,492.40","1,495.50","1,499.60","1,485.80",162.31K,-0.23%
05/18/2011,"1,495.80","1,486.50","1,499.70","1,484.60",145.02K,1.07%
05/17/2011,"1,480.00","1,490.00","1,497.50","1,471.10",190.08K,-0.71%
05/16/2011,"1,490.60","1,494.60","1,504.30","1,486.00",127.10K,-0.20%
05/13/2011,"1,493.60","1,506.50","1,516.40","1,482.00",184.88K,-0.88%
05/12/2011,"1,506.80","1,499.20","1,509.70","1,477.60",207.43K,0.36%
05/11/2011,"1,501.40","1,515.90","1,526.80","1,495.40",198.03K,-1.02%
05/10/2011,"1,516.90","1,512.50","1,520.00","1,505.20",149.35K,0.91%
05/09/2011,"1,503.20","1,496.60","1,513.90","1,489.00",153.91K,0.78%
05/06/2011,"1,491.60","1,475.90","1,498.50","1,471.10",264.80K,0.69%
05/05/2011,"1,481.40","1,517.00","1,522.10","1,462.50",334.05K,-2.24%
05/04/2011,"1,515.30","1,537.70","1,543.50","1,505.50",242.22K,-1.63%
05/03/2011,"1,540.40","1,545.20","1,551.40","1,516.20",206.73K,-1.07%
05/02/2011,"1,557.10","1,566.80","1,577.40","1,540.30",211.66K,0.04%
04/29/2011,"1,556.40","1,535.30","1,569.80","1,532.10",157.18K,1.65%
04/28/2011,"1,531.20","1,527.80","1,538.80","1,523.90",183.54K,0.93%
04/27/2011,"1,517.10","1,506.90","1,530.70","1,503.30",170.04K,0.90%
04/26/2011,"1,503.50","1,507.20","1,508.50","1,492.00",145.62K,-0.37%
04/25/2011,"1,509.10","1,510.70","1,519.20","1,502.20",123.69K,0.35%
04/21/2011,"1,503.80","1,502.00","1,509.60","1,500.40",127.27K,0.33%
04/20/2011,"1,498.90","1,496.10","1,506.50","1,493.80",147.87K,0.25%
04/19/2011,"1,495.10","1,496.60","1,500.50","1,488.20",131.69K,0.15%
04/18/2011,"1,492.90","1,488.00","1,498.60","1,477.80",199.12K,0.46%
04/15/2011,"1,486.00","1,476.60","1,489.10","1,472.20",160.62K,0.92%
04/14/2011,"1,472.40","1,458.10","1,476.70","1,453.20",166.79K,1.15%
04/13/2011,"1,455.60","1,454.00","1,463.70","1,452.00",121.24K,0.14%
04/12/2011,"1,453.60","1,465.20","1,468.50","1,445.00",186.45K,-0.99%
04/11/2011,"1,468.10","1,476.30","1,478.00","1,460.20",110.66K,-0.41%
04/08/2011,"1,474.10","1,459.80","1,476.40","1,457.70",123.69K,1.01%
04/07/2011,"1,459.30","1,460.10","1,466.50","1,453.70",109.29K,0.05%
04/06/2011,"1,458.50","1,458.20","1,463.70","1,452.50",131.98K,0.41%
04/05/2011,"1,452.50","1,435.60","1,458.60","1,431.00",166.36K,1.36%
04/04/2011,"1,433.00","1,430.00","1,440.30","1,429.10",83.87K,0.29%
04/01/2011,"1,428.90","1,433.80","1,437.80","1,413.50",165.28K,-0.76%
03/31/2011,"1,439.90","1,424.40","1,441.00","1,421.70",129.31K,1.05%
03/30/2011,"1,424.90","1,420.20","1,431.70","1,413.10",160.22K,0.61%
03/29/2011,"1,416.20","1,421.00","1,423.50","1,411.00",135.79K,-0.26%
03/28/2011,"1,419.90","1,428.50","1,430.00","1,410.10",178.88K,-0.44%
03/25/2011,"1,426.20","1,433.50","1,438.10","1,422.00",182.74K,-0.61%
03/24/2011,"1,434.90","1,438.00","1,448.60","1,423.70",187.09K,-0.22%
03/23/2011,"1,438.00","1,428.90","1,441.20","1,425.80",138.33K,0.73%
03/22/2011,"1,427.60","1,427.30","1,432.30","1,419.50",124.76K,0.08%
03/21/2011,"1,426.40","1,424.20","1,435.10","1,423.50",129.78K,0.73%
03/18/2011,"1,416.10","1,404.90","1,424.10","1,402.20",135.87K,0.85%
03/17/2011,"1,404.20","1,400.00","1,405.40","1,386.80",109.18K,0.58%
03/16/2011,"1,396.10","1,394.80","1,406.60","1,392.30",151.89K,0.24%
03/15/2011,"1,392.80","1,428.90","1,429.00","1,380.70",248.09K,-2.25%
03/14/2011,"1,424.90","1,421.90","1,433.50","1,418.20",107.16K,0.22%
03/11/2011,"1,421.80","1,411.80","1,424.60","1,404.80",171.58K,0.66%
03/10/2011,"1,412.50","1,431.10","1,431.80","1,403.00",204.14K,-1.20%
03/09/2011,"1,429.60","1,429.70","1,436.80","1,423.20",126.01K,0.17%
03/08/2011,"1,427.20","1,432.30","1,437.20","1,423.60",129.91K,-0.51%
03/07/2011,"1,434.50","1,435.00","1,445.70","1,428.30",170.66K,0.41%
03/04/2011,"1,428.60","1,415.70","1,434.00","1,413.80",141.35K,0.86%
03/03/2011,"1,416.40","1,436.50","1,436.90","1,410.60",202.80K,-1.48%
03/02/2011,"1,437.70","1,434.90","1,441.00","1,428.20",160.58K,0.45%
03/01/2011,"1,431.20","1,411.60","1,435.60","1,409.80",169.54K,1.51%
02/28/2011,"1,409.90","1,411.20","1,417.00","1,405.20",115.32K,0.04%
02/25/2011,"1,409.30","1,401.90","1,412.40","1,400.10",120.51K,-0.46%
02/24/2011,"1,415.80","1,412.10","1,418.80","1,392.20",187.39K,0.13%
02/23/2011,"1,414.00","1,399.40","1,417.30","1,396.00",153.79K,0.92%
02/21/2011,"1,401.10","1,390.10","1,411.50","1,390.10",222.81K,0.90%
02/18/2011,"1,388.60","1,385.40","1,392.60","1,382.00",113.56K,0.25%
02/17/2011,"1,385.10","1,376.50","1,385.80","1,374.60",97.40K,0.73%
02/16/2011,"1,375.10","1,374.30","1,382.70","1,368.30",133.59K,0.07%
02/15/2011,"1,374.10","1,362.10","1,377.50","1,361.30",111.11K,0.66%
02/14/2011,"1,365.10","1,358.20","1,367.50","1,354.40",102.41K,0.35%
02/11/2011,"1,360.40","1,364.00","1,369.70","1,354.30",128.13K,-0.15%
02/10/2011,"1,362.50","1,364.20","1,366.80","1,351.40",120.57K,-0.22%
02/09/2011,"1,365.50","1,363.80","1,367.70","1,358.30",109.18K,0.10%
02/08/2011,"1,364.10","1,352.90","1,368.70","1,348.90",135.35K,1.18%
02/07/2011,"1,348.20","1,348.10","1,354.50","1,344.10",79.09K,-0.06%
02/04/2011,"1,349.00","1,356.40","1,361.00","1,345.50",141.18K,-0.30%
02/03/2011,"1,353.00","1,336.00","1,356.60","1,325.40",189.23K,1.57%
02/02/2011,"1,332.10","1,343.50","1,345.60","1,327.30",109.74K,-0.61%
02/01/2011,"1,340.30","1,334.00","1,344.10","1,326.00",146.59K,0.43%
01/31/2011,"1,334.50","1,338.80","1,347.20","1,323.60",156.13K,-0.54%
01/28/2011,"1,341.70","1,314.90","1,348.00","1,309.10",251.01K,1.77%
01/27/2011,"1,318.40","1,345.90","1,347.50","1,309.70",210.70K,-1.10%
01/26/2011,"1,333.00","1,331.50","1,346.40","1,324.30",208.00K,0.05%
01/25/2011,"1,332.30","1,333.80","1,338.00","1,321.90",227.63K,-0.91%
01/24/2011,"1,344.50","1,343.00","1,352.40","1,331.80",182.11K,0.26%
01/21/2011,"1,341.00","1,345.50","1,349.70","1,337.00",161.57K,-0.41%
01/20/2011,"1,346.50","1,369.90","1,370.90","1,342.40",242.89K,-1.73%
01/19/2011,"1,370.20","1,367.80","1,378.90","1,365.50",137.09K,0.15%
01/17/2011,"1,368.20","1,361.20","1,376.00","1,356.80",165.11K,0.57%
01/14/2011,"1,360.50","1,373.60","1,377.80","1,354.60",200.39K,-1.91%
01/13/2011,"1,387.00","1,387.10","1,392.90","1,369.10",202.00K,0.09%
01/12/2011,"1,385.80","1,381.10","1,389.00","1,376.30",147.50K,0.11%
01/11/2011,"1,384.30","1,375.70","1,386.80","1,372.40",152.15K,0.74%
01/10/2011,"1,374.10","1,369.80","1,376.40","1,365.00",118.86K,0.38%
01/07/2011,"1,368.90","1,371.70","1,379.00","1,352.70",223.83K,-0.20%
01/06/2011,"1,371.70","1,376.40","1,380.00","1,364.30",173.24K,-0.15%
01/05/2011,"1,373.70","1,380.70","1,385.20","1,364.00",202.34K,-0.37%
01/04/2011,"1,378.80","1,414.80","1,417.80","1,375.00",211.91K,-3.10%
01/03/2011,"1,422.90","1,420.40","1,424.40","1,413.10",77.20K,0.11%
12/31/2010,"1,421.40","1,405.00","1,422.00","1,404.60",44.81K,1.10%
12/30/2010,"1,405.90","1,412.20","1,415.40","1,403.50",64.92K,-0.54%
12/29/2010,"1,413.50","1,406.90","1,414.90","1,401.50",75.10K,0.56%
12/28/2010,"1,405.60","1,384.20","1,407.50","1,383.10",105.80K,1.64%
12/27/2010,"1,382.90","1,378.90","1,387.00","1,372.70",44.35K,0.17%
12/23/2010,"1,380.50","1,386.10","1,389.00","1,372.60",81.03K,-0.50%
12/22/2010,"1,387.40","1,386.30","1,391.70","1,383.50",61.95K,-0.10%
12/21/2010,"1,388.80","1,386.10","1,393.00","1,381.40",83.43K,0.19%
12/20/2010,"1,386.10","1,378.90","1,388.90","1,376.60",96.16K,0.50%
12/17/2010,"1,379.20","1,370.40","1,379.80","1,365.40",104.81K,0.60%
12/16/2010,"1,371.00","1,378.90","1,387.30","1,361.60",179.53K,-1.10%
12/15/2010,"1,386.20","1,396.70","1,398.00","1,378.20",151.37K,-1.29%
12/14/2010,"1,404.30","1,395.20","1,408.90","1,392.40",134.95K,0.45%
12/13/2010,"1,398.00","1,385.00","1,400.20","1,380.80",112.38K,0.95%
12/10/2010,"1,384.90","1,388.30","1,393.00","1,372.70",133.23K,-0.57%
12/09/2010,"1,392.80","1,383.00","1,395.60","1,381.10",125.99K,0.69%
12/08/2010,"1,383.20","1,401.30","1,405.40","1,372.10",218.90K,-1.83%
12/07/2010,"1,409.00","1,426.00","1,432.50","1,396.70",206.64K,-0.50%
12/06/2010,"1,416.10","1,415.10","1,429.40","1,409.80",144.12K,0.70%
12/03/2010,"1,406.20","1,387.10","1,417.00","1,385.30",159.64K,1.22%
12/02/2010,"1,389.30","1,387.60","1,399.70","1,383.80",134.39K,0.07%
12/01/2010,"1,388.30","1,387.70","1,398.30","1,383.00",163.76K,0.16%
11/30/2010,"1,386.10","1,368.50","1,391.10","1,364.00",169.68K,1.36%
11/29/2010,"1,367.50","1,365.00","1,370.70","1,354.50",184.84K,0.37%
11/25/2010,"1,362.40","1,372.00","1,374.90","1,350.10",138.42K,-0.77%
11/24/2010,"1,373.00","1,377.10","1,381.00","1,368.70",189.89K,-0.33%
11/23/2010,"1,377.60","1,365.80","1,382.90","1,355.60",249.52K,1.46%
11/22/2010,"1,357.80","1,357.00","1,367.40","1,347.90",182.13K,0.41%
11/19/2010,"1,352.30","1,353.80","1,362.90","1,341.00",166.01K,-0.05%
11/18/2010,"1,353.00","1,336.00","1,359.00","1,334.00",197.60K,1.20%
11/17/2010,"1,336.90","1,341.00","1,344.60","1,330.10",174.18K,-0.11%
11/16/2010,"1,338.40","1,359.80","1,364.30","1,329.00",296.97K,-2.20%
11/15/2010,"1,368.50","1,371.00","1,376.60","1,354.80",199.64K,0.22%
11/12/2010,"1,365.50","1,408.30","1,410.00","1,359.30",301.69K,-2.69%
11/11/2010,"1,403.30","1,403.00","1,417.60","1,396.50",178.47K,0.29%
11/10/2010,"1,399.30","1,392.90","1,410.00","1,383.40",281.25K,-0.77%
11/09/2010,"1,410.10","1,410.00","1,424.30","1,382.20",310.22K,0.49%
11/08/2010,"1,403.20","1,397.00","1,410.40","1,386.60",176.90K,0.39%
11/05/2010,"1,397.70","1,392.50","1,398.70","1,371.90",241.40K,1.06%
11/04/2010,"1,383.10","1,349.00","1,393.40","1,346.70",241.40K,3.40%
11/03/2010,"1,337.60","1,357.30","1,364.80","1,325.50",258.03K,-1.42%
11/02/2010,"1,356.90","1,351.60","1,359.90","1,350.20",116.11K,0.47%
11/01/2010,"1,350.60","1,359.70","1,366.40","1,349.10",126.69K,-0.52%
10/29/2010,"1,357.60","1,344.50","1,359.80","1,335.20",167.82K,1.12%
10/28/2010,"1,342.50","1,325.30","1,346.20","1,322.90",148.66K,1.50%
10/27/2010,"1,322.60","1,340.40","1,343.70","1,318.60",160.01K,-1.20%
10/26/2010,"1,338.60","1,340.30","1,343.80","1,328.10",156.54K,-0.02%
10/25/2010,"1,338.90","1,329.30","1,349.50","1,329.30",149.22K,1.04%
10/22/2010,"1,325.10","1,325.80","1,328.80","1,315.60",147.23K,-0.04%
10/21/2010,"1,325.60","1,345.20","1,349.60","1,318.20",209.17K,-1.38%
10/20/2010,"1,344.20","1,334.40","1,348.10","1,331.10",162.77K,0.61%
10/19/2010,"1,336.00","1,370.60","1,371.70","1,328.40",252.50K,-2.63%
10/18/2010,"1,372.10","1,371.00","1,375.60","1,353.20",134.15K,0.01%
10/15/2010,"1,372.00","1,381.70","1,386.40","1,362.70",196.83K,-0.41%
10/14/2010,"1,377.60","1,372.60","1,388.10","1,371.10",184.98K,0.52%
10/13/2010,"1,370.50","1,351.50","1,375.70","1,350.00",182.48K,1.77%
10/12/2010,"1,346.70","1,354.90","1,356.30","1,341.40",135.28K,-0.57%
10/11/2010,"1,354.40","1,348.90","1,356.30","1,341.10",107.01K,0.68%
10/08/2010,"1,345.30","1,334.20","1,350.80","1,325.60",190.66K,0.77%
10/07/2010,"1,335.00","1,350.50","1,366.00","1,326.50",267.43K,-0.94%
10/06/2010,"1,347.70","1,341.30","1,351.00","1,340.00",136.38K,0.55%
10/05/2010,"1,340.30","1,316.10","1,342.90","1,313.30",148.41K,1.78%
10/04/2010,"1,316.80","1,319.70","1,321.30","1,313.40",76.02K,-0.08%
10/01/2010,"1,317.80","1,309.60","1,322.00","1,307.30",114.68K,0.63%
09/30/2010,"1,309.60","1,310.80","1,317.50","1,297.00",166.31K,-0.05%
09/29/2010,"1,310.30","1,310.80","1,314.80","1,306.10",118.74K,0.15%
09/28/2010,"1,308.30","1,296.80","1,311.80","1,276.20",205.18K,0.75%
09/27/2010,"1,298.60","1,299.20","1,301.30","1,295.20",76.83K,0.04%
09/24/2010,"1,298.10","1,293.80","1,301.60","1,290.60",110.50K,0.14%
09/23/2010,"1,296.30","1,292.70","1,297.50","1,288.20",106.55K,0.33%
09/22/2010,"1,292.10","1,288.70","1,298.00","1,287.50",124.14K,1.40%
09/21/2010,"1,274.30","1,280.40","1,292.40","1,272.00",147.88K,-0.51%
09/20/2010,"1,280.80","1,277.70","1,285.20","1,275.60",81.22K,0.26%
09/17/2010,"1,277.50","1,276.80","1,284.40","1,273.00",99.45K,0.29%
09/16/2010,"1,273.80","1,269.10","1,279.50","1,266.10",99.89K,0.40%
09/15/2010,"1,268.70","1,270.20","1,273.50","1,264.50",102.68K,-0.24%
09/14/2010,"1,271.70","1,246.60","1,276.50","1,246.00",170.22K,1.97%
09/13/2010,"1,247.10","1,247.30","1,251.00","1,242.30",77.44K,0.05%
09/10/2010,"1,246.50","1,245.80","1,253.00","1,237.90",103.13K,-0.35%
09/09/2010,"1,250.90","1,256.70","1,260.50","1,243.50",119.78K,-0.52%
09/08/2010,"1,257.50","1,257.30","1,264.70","1,254.60",107.21K,-0.14%
09/06/2010,"1,259.30","1,250.30","1,261.60","1,246.40",109.66K,0.66%
09/03/2010,"1,251.10","1,253.20","1,255.60","1,239.20",107.02K,-0.18%
09/02/2010,"1,253.40","1,245.60","1,255.20","1,245.30",73.90K,0.42%
09/01/2010,"1,248.10","1,250.30","1,256.60","1,244.10",109.81K,-0.18%
08/31/2010,"1,250.30","1,238.70","1,251.80","1,233.50",109.43K,0.90%
08/30/2010,"1,239.20","1,238.90","1,240.40","1,235.00",38.82K,0.11%
08/27/2010,"1,237.90","1,239.10","1,244.20","1,233.50",86.01K,0.02%
08/26/2010,"1,237.70","1,242.40","1,246.00","1,235.10",78.45K,-0.29%
08/25/2010,"1,241.30","1,232.10","1,243.40","1,230.90",107.82K,0.64%
08/24/2010,"1,233.40","1,227.30","1,237.50","1,211.70",136.56K,0.40%
08/23/2010,"1,228.50","1,229.20","1,234.00","1,223.50",56.77K,-0.02%
08/20/2010,"1,228.80","1,234.20","1,235.60","1,223.60",74.83K,-0.53%
08/19/2010,"1,235.40","1,231.00","1,239.50","1,229.50",86.56K,0.32%
08/18/2010,"1,231.40","1,226.80","1,234.40","1,218.90",100.67K,0.25%
08/17/2010,"1,228.30","1,227.00","1,231.10","1,224.30",59.88K,0.17%
08/16/2010,"1,226.20","1,216.50","1,229.50","1,216.20",79.25K,0.79%
08/13/2010,"1,216.60","1,216.10","1,219.80","1,212.30",73.01K,-0.01%
08/12/2010,"1,216.70","1,200.60","1,218.50","1,199.50",124.75K,1.46%
08/11/2010,"1,199.20","1,206.90","1,210.20","1,194.20",117.46K,0.10%
08/10/2010,"1,198.00","1,203.30","1,209.90","1,192.50",101.15K,-0.38%
08/09/2010,"1,202.60","1,206.30","1,212.10","1,201.10",69.57K,-0.22%
08/06/2010,"1,205.30","1,197.40","1,213.30","1,194.50",105.72K,0.50%
08/05/2010,"1,199.30","1,197.00","1,202.80","1,192.00",76.53K,0.28%
08/04/2010,"1,195.90","1,188.10","1,205.50","1,187.00",119.10K,0.71%
08/03/2010,"1,187.50","1,184.80","1,193.00","1,181.60",67.04K,0.18%
08/02/2010,"1,185.40","1,183.80","1,193.90","1,176.70",89.85K,0.13%
07/30/2010,"1,183.90","1,170.80","1,185.80","1,168.00",119.04K,1.08%
07/29/2010,"1,171.20","1,165.80","1,172.00","1,161.60",113.13K,0.93%
07/28/2010,"1,160.40","1,161.10","1,165.00","1,155.60",206.83K,0.21%
07/27/2010,"1,158.00","1,182.70","1,186.50","1,156.90",235.88K,-2.12%
07/26/2010,"1,183.10","1,188.00","1,194.80","1,178.60",193.66K,-0.40%
07/23/2010,"1,187.80","1,195.10","1,203.90","1,183.40",137.64K,-0.65%
07/22/2010,"1,195.60","1,184.10","1,201.20","1,180.70",134.69K,0.32%
07/21/2010,"1,191.80","1,191.80","1,198.00","1,183.00",146.98K,0.01%
07/20/2010,"1,191.70","1,183.20","1,193.70","1,175.10",144.27K,0.83%
07/19/2010,"1,181.90","1,193.70","1,194.70","1,176.90",119.21K,-0.53%
07/16/2010,"1,188.20","1,209.00","1,210.90","1,185.80",145.70K,-1.66%
07/15/2010,"1,208.30","1,208.10","1,217.30","1,203.70",102.20K,0.11%
07/14/2010,"1,207.00","1,212.00","1,218.20","1,202.50",107.46K,-0.54%
07/13/2010,"1,213.50","1,197.70","1,218.80","1,196.50",110.46K,1.23%
07/12/2010,"1,198.70","1,212.30","1,213.50","1,196.10",96.04K,-0.92%
07/09/2010,"1,209.80","1,198.50","1,214.10","1,194.60",110.47K,1.15%
07/08/2010,"1,196.10","1,202.90","1,208.20","1,187.30",123.08K,-0.23%
07/07/2010,"1,198.90","1,194.00","1,204.40","1,185.00",126.92K,0.32%
07/05/2010,"1,195.10","1,212.20","1,215.10","1,189.50",148.11K,-1.04%
07/02/2010,"1,207.70","1,199.00","1,214.00","1,198.80",119.62K,0.08%
07/01/2010,"1,206.70","1,243.00","1,244.80","1,196.00",257.84K,-3.15%
06/30/2010,"1,245.90","1,241.60","1,248.80","1,235.10",110.72K,0.28%
06/29/2010,"1,242.40","1,239.00","1,246.00","1,227.60",148.82K,0.31%
06/28/2010,"1,238.60","1,255.80","1,263.70","1,235.90",146.27K,-1.40%
06/25/2010,"1,256.20","1,244.50","1,259.50","1,241.60",91.01K,0.83%
06/24/2010,"1,245.90","1,237.60","1,249.50","1,228.00",130.03K,0.90%
06/23/2010,"1,234.80","1,240.60","1,247.40","1,225.20",138.83K,-0.48%
06/22/2010,"1,240.80","1,233.30","1,244.00","1,233.00",122.71K,0.01%
06/21/2010,"1,240.70","1,261.20","1,266.50","1,231.60",154.61K,-1.40%
06/18/2010,"1,258.30","1,247.60","1,263.70","1,243.10",115.42K,0.77%
06/17/2010,"1,248.70","1,231.60","1,252.80","1,231.00",140.09K,1.48%
06/16/2010,"1,230.50","1,236.10","1,239.50","1,228.30",83.67K,-0.32%
06/15/2010,"1,234.40","1,223.00","1,238.50","1,221.10",104.40K,0.81%
06/14/2010,"1,224.50","1,229.30","1,235.90","1,217.50",97.23K,-0.46%
06/11/2010,"1,230.20","1,218.80","1,232.40","1,218.10",80.17K,0.65%
06/10/2010,"1,222.20","1,234.40","1,236.00","1,216.20",118.69K,-0.63%
06/09/2010,"1,229.90","1,237.10","1,242.60","1,223.10",125.49K,-1.26%
06/08/2010,"1,245.60","1,242.60","1,254.50","1,235.00",143.92K,0.39%
06/07/2010,"1,240.80","1,221.10","1,246.70","1,212.10",154.99K,1.90%
06/04/2010,"1,217.70","1,208.50","1,222.00","1,198.10",139.93K,0.64%
06/03/2010,"1,210.00","1,225.20","1,226.50","1,202.40",115.43K,-1.03%
06/02/2010,"1,222.60","1,227.70","1,228.90","1,215.00",90.25K,-0.35%
05/31/2010,"1,226.90","1,216.70","1,230.60","1,211.60",107.41K,0.98%
05/28/2010,"1,215.00","1,213.40","1,217.30","1,203.80",96.00K,0.05%
05/27/2010,"1,214.40","1,213.50","1,220.60","1,207.40",138.27K,0.08%
05/26/2010,"1,213.40","1,203.80","1,216.90","1,201.00",237.50K,1.29%
05/25/2010,"1,198.00","1,192.40","1,204.50","1,185.20",218.49K,0.34%
05/24/2010,"1,194.00","1,178.10","1,197.30","1,176.80",181.60K,1.52%
05/21/2010,"1,176.10","1,183.00","1,188.00","1,166.00",164.81K,-1.05%
05/20/2010,"1,188.60","1,191.00","1,198.20","1,175.00",217.74K,-0.38%
05/19/2010,"1,193.10","1,223.80","1,228.20","1,186.60",225.81K,-1.77%
05/18/2010,"1,214.60","1,223.90","1,229.60","1,206.60",185.97K,-1.10%
05/17/2010,"1,228.10","1,232.00","1,242.80","1,219.10",166.75K,0.02%
05/14/2010,"1,227.80","1,233.30","1,249.70","1,217.60",242.40K,-0.11%
05/13/2010,"1,229.20","1,238.30","1,243.70","1,227.50",163.43K,-1.12%
05/12/2010,"1,243.10","1,232.00","1,249.20","1,227.20",205.85K,1.87%
05/11/2010,"1,220.30","1,201.80","1,235.20","1,201.50",206.84K,1.62%
05/10/2010,"1,200.80","1,207.00","1,207.00","1,184.40",176.64K,-0.79%
05/07/2010,"1,210.40","1,208.40","1,214.90","1,193.00",255.30K,1.09%
05/06/2010,"1,197.30","1,176.00","1,211.90","1,173.00",271.24K,1.90%
05/05/2010,"1,175.00","1,171.20","1,177.70","1,156.20",180.54K,0.50%
05/04/2010,"1,169.20","1,182.90","1,192.80","1,166.90",190.15K,-1.19%
05/03/2010,"1,183.30","1,181.00","1,188.40","1,177.10",87.37K,0.22%
04/30/2010,"1,180.70","1,168.00","1,182.50","1,167.80",120.95K,1.02%
04/29/2010,"1,168.80","1,165.40","1,171.80","1,162.20",109.66K,-0.26%
04/28/2010,"1,171.80","1,168.70","1,175.30","1,161.00",167.71K,0.83%
04/27/2010,"1,162.20","1,154.20","1,173.40","1,146.60",182.68K,0.71%
04/26/2010,"1,154.00","1,158.50","1,160.70","1,151.10",88.29K,0.03%
04/23/2010,"1,153.70","1,141.80","1,158.50","1,135.20",144.45K,0.94%
04/22/2010,"1,142.90","1,147.00","1,149.80","1,132.00",138.49K,-0.51%
04/21/2010,"1,148.80","1,140.10","1,151.20","1,138.10",112.32K,0.84%
04/20/2010,"1,139.20","1,136.60","1,146.80","1,134.00",120.35K,0.30%
04/19/2010,"1,135.80","1,137.00","1,138.50","1,124.30",124.33K,-0.10%
04/16/2010,"1,136.90","1,159.40","1,161.20","1,130.00",202.67K,-2.02%
04/15/2010,"1,160.30","1,155.80","1,162.30","1,150.70",99.31K,0.06%
04/14/2010,"1,159.60","1,152.00","1,162.80","1,151.00",123.13K,0.54%
04/13/2010,"1,153.40","1,156.20","1,158.10","1,145.40",133.64K,-0.76%
04/12/2010,"1,162.20","1,166.30","1,170.70","1,154.80",122.40K,0.03%
04/09/2010,"1,161.90","1,151.80","1,165.80","1,150.40",134.64K,0.78%
04/08/2010,"1,152.90","1,150.20","1,154.70","1,144.40",119.68K,-0.01%
04/07/2010,"1,153.00","1,135.20","1,154.20","1,133.30",163.44K,1.50%
04/06/2010,"1,136.00","1,131.90","1,139.60","1,123.50",126.66K,0.19%
04/05/2010,"1,133.80","1,122.00","1,134.30","1,120.80",75.64K,0.68%
04/01/2010,"1,126.10","1,114.60","1,129.10","1,112.30",118.74K,1.04%
03/31/2010,"1,114.50","1,105.10","1,119.90","1,103.10",108.48K,0.80%
03/30/2010,"1,105.70","1,110.60","1,114.20","1,102.40",109.92K,-0.41%
03/29/2010,"1,110.30","1,110.40","1,114.70","1,103.10",158.73K,0.54%
03/26/2010,"1,104.30","1,091.60","1,109.80","1,088.50",177.74K,1.04%
03/25/2010,"1,092.90","1,087.40","1,095.60","1,085.50",159.34K,0.38%
03/24/2010,"1,088.80","1,102.20","1,106.00","1,084.80",178.06K,-1.35%
03/23/2010,"1,103.70","1,102.50","1,108.00","1,094.00",146.15K,0.38%
03/22/2010,"1,099.50","1,108.00","1,108.60","1,092.10",159.06K,-0.73%
03/19/2010,"1,107.60","1,125.80","1,127.50","1,101.00",176.49K,-1.76%
03/18/2010,"1,127.50","1,124.50","1,129.50","1,118.20",123.99K,0.29%
03/17/2010,"1,124.20","1,126.30","1,133.90","1,118.20",130.32K,0.15%
03/16/2010,"1,122.50","1,108.30","1,129.30","1,108.10",141.80K,1.55%
03/15/2010,"1,105.40","1,101.70","1,110.50","1,101.00",130.83K,0.34%
03/12/2010,"1,101.70","1,110.00","1,119.50","1,097.30",159.86K,-0.59%
03/11/2010,"1,108.20","1,108.90","1,111.70","1,100.50",136.65K,0.01%
03/10/2010,"1,108.10","1,121.50","1,128.30","1,103.10",201.37K,-1.27%
03/09/2010,"1,122.30","1,123.80","1,125.10","1,108.20",153.99K,-0.15%
03/08/2010,"1,124.00","1,136.00","1,138.00","1,118.50",140.54K,-0.99%
03/05/2010,"1,135.20","1,132.90","1,141.20","1,127.50",150.03K,0.19%
03/04/2010,"1,133.10","1,139.80","1,142.30","1,125.90",154.14K,-0.89%
03/03/2010,"1,143.30","1,134.50","1,145.80","1,132.80",159.13K,0.52%
03/02/2010,"1,137.40","1,118.00","1,138.30","1,115.00",193.28K,1.71%
03/01/2010,"1,118.30","1,119.00","1,123.90","1,112.10",124.68K,-0.05%
02/26/2010,"1,118.90","1,108.00","1,119.50","1,104.60",129.61K,0.94%
02/25/2010,"1,108.50","1,096.20","1,110.00","1,088.50",206.76K,1.03%
02/24/2010,"1,097.20","1,103.50","1,108.80","1,090.20",176.13K,-0.54%
02/23/2010,"1,103.20","1,114.10","1,121.70","1,099.60",161.29K,-0.89%
02/22/2010,"1,113.10","1,122.10","1,131.50","1,110.00",137.55K,-0.80%
02/19/2010,"1,122.10","1,108.40","1,127.40","1,099.30",170.95K,0.30%
02/18/2010,"1,118.70","1,108.30","1,124.80","1,098.10",188.71K,-0.12%
02/17/2010,"1,120.10","1,119.80","1,128.70","1,105.50",172.89K,0.03%
02/15/2010,"1,119.80","1,093.70","1,121.90","1,092.00",179.06K,2.73%
02/12/2010,"1,090.00","1,094.60","1,097.70","1,078.10",153.31K,-0.43%
02/11/2010,"1,094.70","1,073.80","1,098.40","1,072.90",188.05K,1.71%
02/10/2010,"1,076.30","1,078.60","1,083.00","1,063.10",163.92K,-0.08%
02/09/2010,"1,077.20","1,062.40","1,083.80","1,062.10",184.39K,1.03%
02/08/2010,"1,066.20","1,068.30","1,074.30","1,061.80",142.16K,1.27%
02/05/2010,"1,052.80","1,065.70","1,069.40","1,044.50",253.58K,-0.96%
02/04/2010,"1,063.00","1,110.10","1,112.00","1,059.00",280.75K,-4.41%
02/03/2010,"1,112.00","1,115.80","1,126.40","1,107.50",158.61K,-0.54%
02/02/2010,"1,118.00","1,107.30","1,119.90","1,099.50",154.49K,1.18%
02/01/2010,"1,105.00","1,081.90","1,108.80","1,077.20",162.34K,1.96%
01/29/2010,"1,083.80","1,087.00","1,091.40","1,075.00",182.59K,-0.09%
01/28/2010,"1,084.80","1,087.00","1,096.90","1,074.40",211.38K,0.03%
01/27/2010,"1,084.50","1,097.40","1,102.10","1,083.00",206.69K,-1.26%
01/26/2010,"1,098.30","1,097.90","1,103.20","1,085.20",230.15K,0.24%
01/25/2010,"1,095.70","1,093.50","1,104.00","1,092.20",155.36K,0.55%
01/22/2010,"1,089.70","1,095.40","1,098.90","1,081.90",214.20K,-1.22%
01/21/2010,"1,103.20","1,112.40","1,117.40","1,088.00",271.81K,-0.84%
01/20/2010,"1,112.60","1,138.50","1,141.70","1,106.80",232.58K,-2.40%
01/18/2010,"1,140.00","1,130.70","1,140.70","1,127.50",188.03K,0.84%
01/15/2010,"1,130.50","1,142.00","1,146.00","1,126.50",144.70K,-1.09%
01/14/2010,"1,143.00","1,137.90","1,146.70","1,130.70",165.71K,0.55%
01/13/2010,"1,136.80","1,129.00","1,138.90","1,118.50",217.63K,0.66%
01/12/2010,"1,129.40","1,152.00","1,158.30","1,124.30",233.12K,-1.91%
01/11/2010,"1,151.40","1,139.00","1,163.00","1,139.00",173.77K,1.10%
01/08/2010,"1,138.90","1,131.50","1,140.00","1,119.50",212.62K,0.46%
01/07/2010,"1,133.70","1,139.00","1,139.50","1,128.70",121.15K,-0.25%
01/06/2010,"1,136.50","1,118.50","1,141.00","1,116.80",176.90K,1.59%
01/05/2010,"1,118.70","1,122.00","1,129.60","1,115.50",156.41K,0.04%
01/04/2010,"1,118.30","1,099.00","1,124.60","1,093.80",155.48K,2.02%
12/31/2009,"1,096.20","1,094.10","1,107.60","1,093.10",64.59K,0.34%
12/30/2009,"1,092.50","1,098.50","1,098.70","1,086.60",91.65K,-0.51%
12/29/2009,"1,098.10","1,108.90","1,109.20","1,097.10",97.22K,-0.88%
12/28/2009,"1,107.90","1,108.00","1,114.50","1,102.10",73.19K,0.28%
12/24/2009,"1,104.80","1,088.60","1,106.90","1,088.30",56.91K,0.99%
12/23/2009,"1,094.00","1,085.10","1,096.80","1,080.10",99.75K,0.67%
12/22/2009,"1,086.70","1,092.70","1,098.20","1,075.20",182.49K,-0.85%
12/21/2009,"1,096.00","1,111.90","1,120.80","1,090.80",137.63K,-1.39%
12/18/2009,"1,111.50","1,099.00","1,118.10","1,097.40",171.60K,0.37%
12/17/2009,"1,107.40","1,138.70","1,142.90","1,095.70",236.02K,-2.53%
12/16/2009,"1,136.20","1,125.70","1,142.50","1,122.40",159.46K,1.18%
12/15/2009,"1,123.00","1,128.20","1,130.00","1,112.00",154.05K,-0.07%
12/14/2009,"1,123.80","1,114.60","1,128.90","1,111.70",133.52K,0.35%
12/11/2009,"1,119.90","1,133.30","1,143.40","1,110.20",215.76K,-0.56%
12/10/2009,"1,126.20","1,130.10","1,137.70","1,121.80",164.03K,0.47%
12/09/2009,"1,120.90","1,129.50","1,148.40","1,117.00",263.93K,-1.97%
12/08/2009,"1,143.40","1,159.80","1,170.20","1,125.30",239.29K,-1.77%
12/07/2009,"1,164.00","1,160.30","1,166.20","1,136.10",276.34K,-0.47%
12/04/2009,"1,169.50","1,208.70","1,213.90","1,147.40",366.08K,-4.01%
12/03/2009,"1,218.30","1,216.50","1,227.50","1,205.20",222.90K,0.44%
12/02/2009,"1,213.00","1,197.00","1,218.40","1,196.50",191.90K,1.07%
12/01/2009,"1,200.20","1,181.40","1,204.00","1,176.40",173.62K,1.51%
11/30/2009,"1,182.30","1,182.00","1,185.00","1,165.00",174.37K,0.58%
11/26/2009,"1,175.50","1,194.60","1,196.80","1,135.80",275.93K,-0.97%
11/25/2009,"1,187.00","1,169.60","1,192.80","1,166.80",205.51K,1.82%
11/24/2009,"1,165.80","1,164.40","1,171.70","1,157.70",254.52K,0.09%
11/23/2009,"1,164.70","1,152.00","1,174.00","1,151.60",227.82K,1.56%
11/20/2009,"1,146.80","1,145.00","1,151.50","1,132.50",173.74K,0.43%
11/19/2009,"1,141.90","1,144.00","1,146.50","1,130.00",194.98K,0.06%
11/18/2009,"1,141.20","1,140.90","1,153.40","1,136.00",180.28K,0.16%
11/17/2009,"1,139.40","1,140.10","1,142.00","1,127.80",143.71K,0.02%
11/16/2009,"1,139.20","1,119.60","1,144.20","1,119.50",188.59K,2.01%
11/13/2009,"1,116.70","1,103.30","1,119.70","1,101.20",149.13K,0.91%
11/12/2009,"1,106.60","1,117.20","1,123.40","1,102.70",168.53K,-0.72%
11/11/2009,"1,114.60","1,106.00","1,119.10","1,105.60",153.62K,1.10%
11/10/2009,"1,102.50","1,103.70","1,109.70","1,097.20",146.66K,0.10%
11/09/2009,"1,101.40","1,098.00","1,111.70","1,096.00",137.53K,0.52%
11/06/2009,"1,095.70","1,090.60","1,101.90","1,086.50",159.85K,0.59%
11/05/2009,"1,089.30","1,094.10","1,095.20","1,084.30",111.07K,0.18%
11/04/2009,"1,087.30","1,085.60","1,098.50","1,080.50",190.85K,0.22%
11/03/2009,"1,084.90","1,060.40","1,088.50","1,055.50",208.68K,2.93%
11/02/2009,"1,054.00","1,043.40","1,063.40","1,042.20",132.63K,1.31%
10/30/2009,"1,040.40","1,047.10","1,049.20","1,035.40",129.46K,-0.64%
10/29/2009,"1,047.10","1,027.70","1,048.40","1,026.90",130.08K,1.61%
10/28/2009,"1,030.50","1,040.00","1,042.60","1,026.90",152.92K,-0.47%
10/27/2009,"1,035.40","1,038.50","1,044.30","1,032.90",153.19K,-0.71%
10/26/2009,"1,042.80","1,055.50","1,060.80","1,038.10",162.32K,-1.29%
10/23/2009,"1,056.40","1,061.10","1,068.80","1,050.40",153.87K,-0.21%
10/22/2009,"1,058.60","1,059.50","1,062.70","1,052.00",110.65K,-0.55%
10/21/2009,"1,064.50","1,050.00","1,065.70","1,048.10",140.36K,0.56%
10/20/2009,"1,058.60","1,065.00","1,069.00","1,052.60",122.57K,0.05%
10/19/2009,"1,058.10","1,053.50","1,065.80","1,048.60",94.79K,0.63%
10/16/2009,"1,051.50","1,051.00","1,057.90","1,043.70",121.67K,0.09%
10/15/2009,"1,050.60","1,063.30","1,066.80","1,046.20",151.36K,-1.32%
10/14/2009,"1,064.70","1,065.30","1,072.00","1,056.50",134.28K,-0.03%
10/13/2009,"1,065.00","1,055.00","1,069.70","1,052.20",141.18K,0.71%
10/12/2009,"1,057.50","1,050.00","1,060.50","1,048.00",74.33K,0.85%
10/09/2009,"1,048.60","1,055.90","1,056.70","1,044.70",122.70K,-0.73%
10/08/2009,"1,056.30","1,045.70","1,062.70","1,043.80",204.45K,1.14%
10/07/2009,"1,044.40","1,042.70","1,049.70","1,037.80",140.68K,0.45%
10/06/2009,"1,039.70","1,017.80","1,045.00","1,016.60",223.54K,2.15%
10/05/2009,"1,017.80","1,004.00","1,018.90","1,001.60",103.25K,1.34%
10/02/2009,"1,004.30",999,"1,008.80",987,141.25K,0.36%
10/01/2009,"1,000.70","1,008.30","1,011.10",998.6,113.35K,-0.85%
09/30/2009,"1,009.30",994,"1,010.80",992.7,142.14K,1.50%
09/29/2009,994.4,992.6,997.2,986.1,105.19K,0.03%
09/28/2009,994.1,993.1,998,986.7,88.77K,0.25%
09/25/2009,991.6,992.8,"1,000.50",985.5,129.03K,-0.73%
09/24/2009,998.9,"1,008.70","1,021.00",991.3,182.50K,-1.53%
09/23/2009,"1,014.40","1,016.10","1,020.40","1,007.20",114.89K,-0.11%
09/22/2009,"1,015.50","1,005.00","1,021.50","1,004.20",96.17K,1.05%
09/21/2009,"1,004.90","1,006.80","1,008.30",996.3,102.95K,-0.53%
09/18/2009,"1,010.30","1,014.50","1,019.50","1,007.40",102.95K,-0.32%
09/17/2009,"1,013.50","1,018.30","1,025.80","1,010.60",118.14K,-0.66%
09/16/2009,"1,020.20","1,009.00","1,023.30","1,007.90",124.44K,1.38%
09/15/2009,"1,006.30","1,000.90","1,011.50",993,114.63K,0.52%
09/14/2009,"1,001.10","1,007.70","1,010.80",994.4,93.92K,-0.53%
09/11/2009,"1,006.40",998.5,"1,013.70",996.3,133.41K,0.96%
09/10/2009,996.8,993.5,"1,000.50",983.2,129.18K,-0.03%
09/09/2009,997.1,998.8,"1,005.00",988.8,126.49K,-0.27%
09/07/2009,999.8,996.9,"1,009.70",992.6,165.00K,0.31%
09/04/2009,996.7,994.3,998.4,987,117.55K,-0.10%
09/03/2009,997.7,979.4,999.5,976.1,163.80K,1.96%
09/02/2009,978.5,958.1,982.4,952.5,155.93K,2.30%
09/01/2009,956.5,952,958.7,947.5,93.24K,0.31%
08/31/2009,953.5,957.4,962.1,944.3,73.13K,-0.55%
08/28/2009,958.8,949.5,964.6,949.5,87.23K,1.21%
08/27/2009,947.3,946.9,952.3,942.6,60.46K,0.16%
08/26/2009,945.8,946.2,951.7,941.2,68.60K,-0.02%
08/25/2009,946,943.8,956.3,943.1,76.99K,0.24%
08/24/2009,943.7,954.8,958.5,935.7,74.59K,-1.15%
08/21/2009,954.7,941.9,959.9,939.2,85.72K,1.38%
08/20/2009,941.7,944.2,947.3,938.5,52.32K,-0.33%
08/19/2009,944.8,940.2,946.8,933.3,80.90K,0.60%
08/18/2009,939.2,935,941.6,935,52.98K,0.36%
08/17/2009,935.8,949.2,950.4,931.3,93.51K,-1.36%
08/14/2009,948.7,956.7,961.4,943.7,78.11K,-0.82%
08/13/2009,956.5,950,963.1,949.8,70.23K,0.42%
08/12/2009,952.5,948.6,954.4,942.1,64.43K,0.52%
08/11/2009,947.6,948.4,951.9,943.6,50.68K,0.07%
08/10/2009,946.9,956.6,959.3,944.2,78.34K,-1.31%
08/07/2009,959.5,965.2,968,955.5,87.11K,-0.35%
08/06/2009,962.9,965,974.3,958.2,108.95K,-0.35%
08/05/2009,966.3,970.3,970.8,961.1,80.72K,-0.35%
08/04/2009,969.7,960,972.7,953.1,94.66K,1.14%
08/03/2009,958.8,954.5,966.9,954.3,95.46K,0.31%
07/31/2009,955.8,937.1,960,933.8,98.49K,1.97%
07/30/2009,937.3,931.9,939.4,930.9,62.13K,1.09%
07/29/2009,927.2,937.8,940.9,925.2,129.09K,-1.27%
07/28/2009,939.1,953.6,956.8,933.8,169.54K,-1.51%
07/27/2009,953.5,951.4,960,947.8,101.95K,0.04%
07/24/2009,953.1,948,954.4,946.6,70.92K,-0.18%
07/23/2009,954.8,952.7,957.5,947.2,124.92K,0.16%
07/22/2009,953.3,948.9,955,944.6,89.85K,0.68%
07/21/2009,946.9,949.8,953.8,944.3,79.09K,-0.20%
07/20/2009,948.8,938.5,955.4,937,102.85K,1.21%
07/17/2009,937.5,937.8,939.8,931.6,62.04K,0.22%
07/16/2009,935.4,939.3,940.5,932.6,60.37K,-0.43%
07/15/2009,939.4,925.4,942.3,924.5,122.62K,1.80%
07/14/2009,922.8,921.2,927.8,917.8,82.44K,0.03%
07/13/2009,922.5,912.3,923.4,907.4,100.04K,1.10%
07/10/2009,912.5,912.1,915.2,906.6,72.83K,-0.40%
07/09/2009,916.2,909.3,918.9,906.2,91.68K,0.76%
07/08/2009,909.3,917.7,925.9,904.8,131.01K,-2.13%
07/07/2009,929.1,924.6,932.4,921,78.42K,0.52%
07/03/2009,924.3,932,932.4,920.3,79.79K,-0.72%
07/02/2009,931,940.9,942.1,926.6,101.81K,-1.09%
07/01/2009,941.3,926.1,947,926.1,97.42K,1.50%
06/30/2009,927.4,938.1,945.4,922.7,102.29K,-1.41%
06/29/2009,940.7,940.7,943.2,933.6,57.11K,-0.03%
06/26/2009,941,940.1,949,936.6,73.58K,0.16%
06/25/2009,939.5,932,940.4,930.3,76.94K,0.55%
06/24/2009,934.4,926.4,944.4,922.8,116.25K,1.09%
06/23/2009,924.3,922.5,927.4,913.2,91.90K,0.36%
06/22/2009,921,935.1,935.6,918.3,96.76K,-1.62%
06/19/2009,936.2,934,939.7,931.5,57.56K,0.17%
06/18/2009,934.6,940,944,930.5,78.32K,-0.15%
06/17/2009,936,935.4,941.1,928.4,87.65K,0.41%
06/16/2009,932.2,928.8,940.6,927.7,76.59K,0.51%
06/15/2009,927.5,940.3,940.3,926.5,91.53K,-1.40%
06/12/2009,940.7,956.3,959.2,936.2,103.11K,-2.21%
06/11/2009,962,955.6,963.2,942.5,111.28K,0.76%
06/10/2009,954.7,955.8,966.7,947.5,107.07K,0.00%
06/09/2009,954.7,951.8,964.5,948.3,88.84K,0.23%
06/08/2009,952.5,956.3,961.1,943.8,95.71K,-1.05%
06/05/2009,962.6,981.4,985,953.8,150.85K,-2.01%
06/04/2009,982.3,966,983.4,962,115.37K,1.73%
06/03/2009,965.6,983.2,992.1,961.5,127.90K,-1.91%
06/02/2009,984.4,976.9,988.3,970.5,88.68K,0.45%
06/01/2009,980,981,990.2,974.1,94.73K,-0.03%
05/29/2009,980.3,960.8,982,960.4,102.47K,1.78%
05/28/2009,963.2,950.2,966.7,945.8,121.23K,1.04%
05/27/2009,953.3,953.3,959.6,946.2,151.33K,0.00%
05/25/2009,953.3,957.6,960.1,936.6,166.71K,-0.58%
05/22/2009,958.9,955.1,963.1,950.1,117.82K,0.81%
05/21/2009,951.2,938.5,957,935.8,130.92K,1.47%
05/20/2009,937.4,925.6,941,925.3,128.00K,1.15%
05/19/2009,926.7,918.2,929.9,917.6,87.16K,0.54%
05/18/2009,921.7,930.5,934.1,915.2,97.05K,-1.03%
05/15/2009,931.3,926.9,934.8,924.1,88.90K,0.31%
05/14/2009,928.4,927,929.4,920.5,76.20K,0.27%
05/13/2009,925.9,923.3,931.4,917.8,116.79K,0.22%
05/12/2009,923.9,913.9,924.9,912.4,88.79K,1.14%
05/11/2009,913.5,917,918.4,908.8,57.35K,-0.15%
05/08/2009,914.9,911.7,921,905.5,86.34K,-0.07%
05/07/2009,915.5,912.5,926.5,908.9,124.79K,0.49%
05/06/2009,911,897.3,913.5,895.4,85.61K,0.74%
05/05/2009,904.3,903.4,916.7,893.2,88.10K,0.23%
05/04/2009,902.2,887.5,908.3,885.6,83.81K,1.58%
05/01/2009,888.2,888.9,890.8,880.5,46.71K,-0.34%
04/30/2009,891.2,898.6,900.8,880.1,81.60K,-1.03%
04/29/2009,900.5,894,904,888.3,69.35K,0.77%
04/28/2009,893.6,907.2,907.7,884.6,81.05K,-1.61%
04/27/2009,908.2,915,919.7,905.8,59.47K,-0.65%
04/24/2009,914.1,905.5,915.4,904.2,74.41K,0.83%
04/23/2009,906.6,891.3,910.4,890.5,90.67K,1.58%
04/22/2009,892.5,884.8,894.8,882.8,59.58K,1.11%
04/21/2009,882.7,886.5,896.4,879.5,73.22K,-0.54%
04/20/2009,887.5,870.2,889.7,865.6,75.86K,2.26%
04/17/2009,867.9,876.9,877.9,865.6,75.75K,-1.35%
04/16/2009,879.8,893,895,873,80.70K,-1.53%
04/15/2009,893.5,891.2,902.1,886.2,56.03K,0.17%
04/14/2009,892,894.2,899.7,887.1,57.46K,-0.42%
04/13/2009,895.8,882.9,901.2,882.9,47.87K,1.42%
04/09/2009,883.3,882.6,887.8,876,53.69K,-0.29%
04/08/2009,885.9,884.6,891.7,879.2,79.89K,0.29%
04/07/2009,883.3,870.1,886.9,870.1,68.27K,1.20%
04/06/2009,872.8,898,899.5,865,123.65K,-2.73%
04/03/2009,897.3,905,911.8,892.5,100.97K,-1.28%
04/02/2009,908.9,929.1,931.8,896.1,154.08K,-2.03%
04/01/2009,927.7,920,935.8,918.6,84.43K,0.29%
03/31/2009,925,919.3,926.9,913.6,93.01K,0.80%
03/30/2009,917.7,926,934.7,910.4,114.01K,-0.60%
03/27/2009,923.2,934.4,936.7,919,106.87K,-1.79%
03/26/2009,940,934.9,946.6,932,122.92K,0.45%
03/25/2009,935.8,927.6,942,916,162.94K,1.30%
03/24/2009,923.8,938.4,944.6,916.9,154.38K,-3.01%
03/23/2009,952.5,950.5,958.1,936,104.40K,-0.39%
03/20/2009,956.2,959.2,967.8,946.7,108.94K,-0.27%
03/19/2009,958.8,941.6,963.5,926,181.06K,7.84%
03/18/2009,889.1,915.2,954,882.7,226.08K,-3.02%
03/17/2009,916.8,924.5,925.3,912.4,70.71K,-0.56%
03/16/2009,922,928.3,930.6,915.3,84.78K,-0.87%
03/13/2009,930.1,927.4,941.1,919.6,98.23K,0.66%
03/12/2009,924,906.7,931.6,906.3,123.79K,1.46%
03/11/2009,910.7,896.1,913.8,892.6,95.71K,1.65%
03/10/2009,895.9,922.9,923.2,891.1,138.51K,-2.41%
03/09/2009,918,941.2,942.8,911.1,108.00K,-2.62%
03/06/2009,942.7,934.2,945.5,930.6,107.51K,1.61%
03/05/2009,927.8,906.8,937.5,906.2,105.85K,2.33%
03/04/2009,906.7,916.5,923.7,900.4,102.12K,-0.76%
03/03/2009,913.6,928,933.5,905.7,130.26K,-2.81%
03/02/2009,940,940.3,959.5,921,124.35K,-0.27%
02/27/2009,942.5,947,964,927,148.53K,-0.01%
02/26/2009,942.6,953.6,957.6,932.2,133.18K,-2.44%
02/25/2009,966.2,962.5,979.7,945.2,140.32K,-0.34%
02/24/2009,969.5,992.1,997,960.2,156.17K,-2.56%
02/23/2009,995,994.3,999.6,976.2,111.09K,-0.72%
02/20/2009,"1,002.20",973.2,"1,007.70",971.5,163.17K,2.63%
02/19/2009,976.5,987,987.9,969.5,116.16K,-0.17%
02/18/2009,978.2,964.8,988.7,961.6,117.78K,1.11%
02/16/2009,967.5,942.8,975.4,937.3,137.89K,2.69%
02/13/2009,942.2,946.6,946.9,933,77.27K,-0.74%
02/12/2009,949.2,939.4,954,936.5,124.89K,0.50%
02/11/2009,944.5,937.4,949,912,172.83K,3.31%
02/10/2009,914.2,895.9,919.7,892,114.81K,2.40%
02/09/2009,892.8,913.4,913.4,891.9,81.74K,-2.35%
02/06/2009,914.3,915.2,921.9,905.4,77.40K,0.01%
02/05/2009,914.2,906.4,926.3,903.4,100.19K,1.33%
02/04/2009,902.2,901.1,910.9,896.2,75.62K,1.09%
02/03/2009,892.5,904.4,914.3,890.3,107.99K,-1.62%
02/02/2009,907.2,924.6,929,902.1,96.27K,-2.28%
01/30/2009,928.4,911,931.3,903.1,129.07K,2.42%
01/29/2009,906.5,890,911.3,875.7,126.38K,2.06%
01/28/2009,888.2,899.5,903.4,882,137.27K,-1.26%
01/27/2009,899.5,902.9,907.6,892.2,113.68K,-1.02%
01/26/2009,908.8,898.9,916.3,889,148.37K,1.45%
01/23/2009,895.8,857.2,903.8,852.1,197.17K,4.31%
01/22/2009,858.8,854,863.2,843.5,107.56K,1.02%
01/21/2009,850.1,857.3,864.6,843,123.21K,-0.60%
01/19/2009,855.2,844.1,866.6,823.6,169.40K,1.82%
01/16/2009,839.9,817.3,843.6,815.7,105.21K,4.04%
01/15/2009,807.3,810.3,822.1,801.5,134.94K,-0.19%
01/14/2009,808.8,821.8,829.9,806.6,117.22K,-1.45%
01/13/2009,820.7,821.5,831.4,814,98.87K,-0.04%
01/12/2009,821,856.1,857.5,815.1,132.31K,-3.98%
01/09/2009,855,857.8,869.3,845,106.50K,0.06%
01/08/2009,854.5,843.2,865.3,836.7,111.88K,1.52%
01/07/2009,841.7,864.2,867.8,836,119.84K,-2.81%
01/06/2009,866,843.5,871.4,838.8,101.20K,0.96%
01/05/2009,857.8,880.7,885.5,843.5,95.45K,-2.47%
01/02/2009,879.5,883,889.1,868.1,46.09K,-0.54%
12/31/2008,884.3,874.7,886,857.3,55.00K,1.64%
12/30/2008,870,882.6,885.9,864.7,54.34K,-0.61%
12/29/2008,875.3,873,892,873,73.96K,0.47%
12/26/2008,871.2,847.5,874,843.4,23.56K,2.74%
12/24/2008,848,840.5,849.6,835.4,20.52K,1.18%
12/23/2008,838.1,849,849.8,829.8,48.85K,-1.07%
12/22/2008,847.2,839.4,853,836.7,54.71K,1.17%
12/19/2008,837.4,853.6,854.9,830.1,73.52K,-2.70%
12/18/2008,860.6,866.1,879.6,848.8,116.59K,-0.91%
12/17/2008,868.5,860,883.6,847.2,149.54K,3.06%
12/16/2008,842.7,838.2,860.8,830.2,94.90K,0.74%
12/15/2008,836.5,825,843.7,821,93.68K,1.95%
12/12/2008,820.5,820,829.7,807.5,91.99K,-0.74%
12/11/2008,826.6,809.6,835.3,802.5,104.53K,2.20%
12/10/2008,808.8,776.7,813.9,774.2,112.53K,4.47%
12/09/2008,774.2,775.6,780.7,762.5,71.76K,0.64%
12/08/2008,769.3,755.2,782.8,754.1,79.72K,2.27%
12/05/2008,752.2,766.7,773.3,741.2,104.92K,-1.74%
12/04/2008,765.5,775,790,763,90.62K,-0.65%
12/03/2008,770.5,783.6,784,764.1,80.38K,-1.63%
12/02/2008,783.3,768.8,788.2,761.8,78.05K,0.84%
12/01/2008,776.8,819,820,768,100.42K,-5.15%
11/28/2008,819,812.3,822,810.6,41.00K,1.30%
11/26/2008,808.5,819.1,822,806.8,52.37K,-1.22%
11/25/2008,818.5,821.7,833.5,803,158.86K,-0.12%
11/24/2008,819.5,802,830.1,786.2,153.81K,3.50%
11/21/2008,791.8,745.8,802.8,742.5,178.81K,5.76%
11/20/2008,748.7,735.2,753.4,732.6,118.16K,1.73%
11/19/2008,736,737.8,764.8,731.4,143.01K,0.45%
11/18/2008,732.7,736.9,745.6,730.3,95.17K,-1.25%
11/17/2008,742,740,748.7,729.6,85.04K,-0.07%
11/14/2008,742.5,734,754,724,132.64K,5.32%
11/13/2008,705,708.4,739.2,698.2,138.22K,-1.85%
11/12/2008,718.3,732.3,738.4,708.3,115.26K,-1.98%
11/11/2008,732.8,745,749.9,725.5,107.77K,-1.84%
11/10/2008,746.5,739.8,768.9,738.4,119.40K,1.68%
11/07/2008,734.2,734.5,744.9,725.5,82.89K,0.27%
11/06/2008,732.2,738.4,761.3,727.5,120.93K,-1.37%
11/05/2008,742.4,770,770,735.7,112.65K,-1.97%
11/04/2008,757.3,723.9,769.3,721.8,114.50K,4.20%
11/03/2008,726.8,727,739.5,721.8,70.31K,1.20%
10/31/2008,718.2,737.4,742.5,717.1,96.73K,-2.75%
10/30/2008,738.5,757.5,778.3,733,114.34K,-2.06%
10/29/2008,754,747.1,775.3,736,117.90K,1.82%
10/28/2008,740.5,731.2,756.1,724.1,98.87K,-0.32%
10/27/2008,742.9,735.1,747.8,707,106.84K,1.73%
10/24/2008,730.3,724.7,750.4,681,143.87K,2.18%
10/23/2008,714.7,730,735.2,695.2,148.94K,-2.79%
10/22/2008,735.2,773.6,777.9,720,147.82K,-4.27%
10/21/2008,768,798,805,766.4,101.81K,-2.78%
10/20/2008,790,784.6,811.8,782.8,76.84K,0.29%
10/17/2008,787.7,807.4,816.9,772.2,104.71K,-2.09%
10/16/2008,804.5,851,852.1,786.7,140.79K,-4.11%
10/15/2008,839,837.9,859.2,833.1,94.98K,-0.06%
10/14/2008,839.5,835.2,857.4,833.6,94.69K,-0.36%
10/13/2008,842.5,855.8,875,824.5,107.71K,-1.92%
10/10/2008,859,915.2,936.3,829,214.11K,-3.10%
10/09/2008,886.5,910.2,929,882.9,105.01K,-2.21%
10/08/2008,906.5,890.9,924.9,880.1,171.46K,2.78%
10/07/2008,882,859.1,893.7,858,120.38K,1.82%
10/06/2008,866.2,836,879,828.4,133.33K,3.96%
10/03/2008,833.2,841,852.7,822.5,136.41K,-1.31%
10/02/2008,844.3,876.2,881.6,833.5,154.81K,-4.85%
10/01/2008,887.3,876.9,898.7,869.6,118.41K,0.74%
09/30/2008,880.8,911,920.2,860.1,143.01K,-1.52%
09/29/2008,894.4,878,932,872.2,181.99K,0.66%
09/26/2008,888.5,882.5,920.1,871.2,167.40K,0.74%
09/25/2008,882,889.5,903.5,868.8,165.18K,-1.45%
09/24/2008,895,896.4,907.8,880.4,132.78K,0.43%
09/23/2008,891.2,906,915.2,885,152.41K,-1.96%
09/22/2008,909,874.6,913.8,866.2,189.78K,5.12%
09/19/2008,864.7,856,881.4,828.5,170.96K,-3.60%
09/18/2008,897,866.5,926,836,312.28K,5.47%
09/17/2008,850.5,781.5,872.9,777.5,317.20K,8.97%
09/16/2008,780.5,791.3,793.6,775.2,170.04K,-0.83%
09/15/2008,787,773.2,791.4,767.4,169.09K,2.94%
09/12/2008,764.5,752.7,770.5,749.2,150.63K,2.55%
09/11/2008,745.5,755.8,762,739.8,185.68K,-2.23%
09/10/2008,762.5,780.7,787.7,755.1,208.45K,-3.72%
09/09/2008,792,806.9,809.5,779.7,208.82K,-1.31%
09/08/2008,802.5,815.6,822.9,800.8,145.82K,-0.04%
09/05/2008,802.8,801,824.2,794.8,176.92K,-0.05%
09/04/2008,803.2,806.4,819.5,798.1,132.05K,-0.62%
09/03/2008,808.2,810.2,813.5,793.7,126.78K,-0.28%
09/02/2008,810.5,842.2,842.8,795.2,197.50K,-2.96%
08/29/2008,835.2,838.9,844.2,834,84.37K,-0.24%
08/28/2008,837.2,832,849.7,830.5,133.62K,0.38%
08/27/2008,834,829.3,841.4,826,103.84K,0.71%
08/26/2008,828.1,827.3,836,812,140.26K,0.29%
08/25/2008,825.7,831.1,831.9,821.1,79.94K,-0.94%
08/22/2008,833.5,841.1,843.6,826.1,98.41K,-0.66%
08/21/2008,839,818.6,845,816.6,130.54K,2.78%
08/20/2008,816.3,819.4,824.5,805.2,126.54K,-0.06%
08/19/2008,816.8,804.9,822.9,787.5,137.36K,1.38%
08/18/2008,805.7,795.5,809.9,795.1,105.80K,1.72%
08/15/2008,792.1,812.3,812.6,777.7,155.27K,-2.75%
08/14/2008,814.5,833,842.9,810.5,161.42K,-2.04%
08/13/2008,831.5,818.4,836.4,811.5,157.64K,2.07%
08/12/2008,814.6,829.1,833.6,808.6,197.57K,-1.65%
08/11/2008,828.3,863.4,872.7,824.5,199.73K,-4.22%
08/08/2008,864.8,879.4,881.3,857.5,142.75K,-1.49%
08/07/2008,877.9,887.6,892.6,874.8,123.70K,-0.58%
08/06/2008,883,881.7,894.6,880.5,112.61K,-0.35%
08/05/2008,886.1,903.7,903.9,880.7,150.03K,-2.40%
08/04/2008,907.9,919,924.1,902.1,121.04K,-1.05%
08/01/2008,917.5,922.9,926,910.3,110.57K,-0.56%
07/31/2008,922.7,917,934.5,915.3,130.54K,1.14%
07/30/2008,912.3,927.8,929,902.7,155.39K,-0.46%
07/29/2008,916.5,930,933,913.1,147.31K,-1.21%
07/28/2008,927.7,929,932.9,922.4,148.63K,0.10%
07/25/2008,926.8,927.6,935.2,918.5,157.77K,0.49%
07/24/2008,922.3,920.8,931.4,915.9,174.08K,-0.05%
07/23/2008,922.8,945.9,949.3,917.5,203.97K,-2.71%
07/22/2008,948.5,966.1,977,942.1,193.29K,-1.58%
07/21/2008,963.7,957.3,969,955.7,96.67K,0.59%
07/18/2008,958,958.4,965,950.2,124.02K,-1.31%
07/17/2008,970.7,960.6,980,953.1,231.44K,0.83%
07/16/2008,962.7,978.5,982.5,958.2,173.59K,-1.63%
07/15/2008,978.7,974.2,989.6,968.7,223.41K,0.51%
07/14/2008,973.7,966.8,976.4,954.2,159.78K,1.36%
07/11/2008,960.6,946.1,969.1,942.6,165.47K,1.97%
07/10/2008,942,929.8,949.2,926.4,140.16K,1.44%
07/09/2008,928.6,921.7,930.5,917.2,116.80K,0.57%
07/08/2008,923.3,927,935.3,913,135.71K,-0.59%
07/07/2008,928.8,934.9,935.1,916.3,127.97K,-0.74%
07/04/2008,935.7,935.9,938.3,930.8,128.42K,0.22%
07/03/2008,933.6,946.6,950,928.5,125.04K,-1.36%
07/02/2008,946.5,941.6,947.9,933.5,125.04K,0.21%
07/01/2008,944.5,928,948.3,923.8,149.45K,1.75%
06/30/2008,928.3,930.9,937.7,920.2,112.67K,-0.32%
06/27/2008,931.3,919,933,912.2,128.28K,1.77%
06/26/2008,915.1,888,920.3,886.6,148.40K,3.72%
06/25/2008,882.3,891.7,892.9,875.2,107.94K,-1.04%
06/24/2008,891.6,885.5,896.5,884.4,94.22K,0.50%
06/23/2008,887.2,903.7,909.7,877.4,130.32K,-1.83%
06/20/2008,903.7,900.4,910.1,897.8,90.24K,-0.06%
06/19/2008,904.2,896.8,911,888.8,151.92K,1.20%
06/18/2008,893.5,884.9,898.1,882.5,103.37K,0.74%
06/17/2008,886.9,884.7,891,876.2,97.08K,0.07%
06/16/2008,886.3,872.6,897.3,868.7,104.89K,1.51%
06/13/2008,873.1,871,876.7,861.5,89.87K,0.13%
06/12/2008,872,883.5,884.9,859.6,144.91K,-1.23%
06/11/2008,882.9,871.2,885.9,870,103.59K,1.34%
06/10/2008,871.2,894.5,897.9,866.7,159.44K,-3.00%
06/09/2008,898.1,906.1,912.5,893.2,119.59K,-0.10%
06/06/2008,899,881,905.6,880,130.73K,2.68%
06/05/2008,875.5,881.8,883.3,867.7,146.54K,-0.94%
06/04/2008,883.8,883.9,890.1,879.2,95.36K,-0.19%
06/03/2008,885.5,894.2,900.6,878.4,123.86K,-1.28%
06/02/2008,897,891.3,901.2,884.4,90.58K,0.62%
05/30/2008,891.5,881.7,892.8,873,90.63K,1.11%
05/29/2008,881.7,906.2,907.8,876.6,167.42K,-2.09%
05/28/2008,900.5,906.2,909.2,888.3,149.89K,-0.82%
05/27/2008,907.9,924.8,930.6,903.3,197.90K,-2.27%
05/26/2008,929,924.8,929,923.2,108.72K,0.35%
05/23/2008,925.8,921.2,929.5,914.7,143.90K,0.82%
05/22/2008,918.3,932.9,935.4,917.1,143.90K,-1.11%
05/21/2008,928.6,921,933,916.5,141.23K,0.91%
05/20/2008,920.2,906.2,924.1,903.1,133.35K,1.59%
05/19/2008,905.8,903.2,914.2,900.8,97.21K,0.66%
05/16/2008,899.9,882.9,905.6,880.5,139.91K,2.26%
05/15/2008,880,865.6,888.5,862.3,149.38K,1.56%
05/14/2008,866.5,867.2,871.7,860,94.94K,-0.36%
05/13/2008,869.6,884,887.2,861.4,141.56K,-1.73%
05/12/2008,884.9,884.3,890.8,878.5,89.45K,-0.10%
05/09/2008,885.8,885.5,890.8,871,116.62K,0.42%
05/08/2008,882.1,870.1,887,866.4,123.11K,1.25%
05/07/2008,871.2,877.4,883.3,864.4,99.98K,-0.74%
05/06/2008,877.7,875.4,884.5,872.6,108.03K,0.41%
05/05/2008,874.1,859.2,876,858.7,83.72K,1.88%
05/02/2008,858,853.8,860.9,846.4,103.60K,0.83%
05/01/2008,850.9,879,883.6,848.5,142.83K,-1.64%
04/30/2008,865.1,872.2,880.8,864.1,133.21K,-1.33%
04/29/2008,876.8,895.6,895.8,870.3,118.11K,-2.09%
04/28/2008,895.5,890,898.1,888.8,83.08K,0.65%
04/25/2008,889.7,888.7,899,880,115.03K,0.03%
04/24/2008,889.4,906.9,909.3,885.4,143.70K,-2.16%
04/23/2008,909,919.4,925.7,899.2,157.10K,-1.75%
04/22/2008,925.2,919,928.5,914.4,94.21K,0.83%
04/21/2008,917.6,920.1,931.9,914,116.79K,0.26%
04/18/2008,915.2,944.1,949.8,907.3,149.07K,-2.94%
04/17/2008,942.9,948.5,956.2,940.3,102.95K,-0.57%
04/16/2008,948.3,931.3,952.7,927.3,122.10K,1.75%
04/15/2008,932,928,939.8,926.1,88.69K,0.36%
04/14/2008,928.7,924.2,935.4,917.5,80.12K,0.18%
04/11/2008,927,932.7,935.8,920.5,89.35K,-0.52%
04/10/2008,931.8,937.5,943.4,925.4,122.17K,-0.61%
04/09/2008,937.5,919.1,939.6,906.6,128.86K,2.12%
04/08/2008,918,923.9,929.7,911.4,96.19K,-0.95%
04/07/2008,926.8,917,933.7,914.4,95.88K,1.49%
04/04/2008,913.2,907.7,919,903,92.60K,0.40%
04/03/2008,909.6,906.6,913.2,892,118.28K,1.04%
04/02/2008,900.2,888,911.5,885.1,121.64K,1.40%
04/01/2008,887.8,920.5,925.7,876.3,190.15K,-3.66%
03/31/2008,921.5,936.4,945.7,917.1,118.96K,-1.60%
03/28/2008,936.5,952.8,956.3,928,123.56K,-1.30%
03/27/2008,948.8,954.2,955.2,940.1,145.63K,-0.04%
03/26/2008,949.2,939.1,954.9,934.7,175.12K,1.52%
03/25/2008,935,915.4,939.5,911.9,158.06K,1.77%
03/24/2008,918.7,918.3,927.5,906.2,94.06K,-0.14%
03/20/2008,920,942.9,943.8,904.7,230.12K,-2.68%
03/19/2008,945.3,982.9,997.8,937.5,295.22K,-5.87%
03/18/2008,"1,004.30","1,003.70","1,013.40",976.8,169.34K,0.17%
03/17/2008,"1,002.60","1,004.50","1,033.90",994.1,225.44K,0.31%
03/14/2008,999.5,997.2,"1,009.00",991.7,160.29K,0.57%
03/13/2008,993.8,984.9,"1,001.50",982.7,142.87K,1.36%
03/12/2008,980.5,974.1,985,969.5,111.27K,0.46%
03/11/2008,976,974.9,987.8,966,157.01K,0.43%
03/10/2008,971.8,975.3,982.8,961.9,126.79K,-0.25%
03/07/2008,974.2,977.5,990.7,971,144.06K,-0.30%
03/06/2008,977.1,991,994.3,966.5,171.61K,-1.15%
03/05/2008,988.5,966.9,995.2,960.7,154.17K,2.30%
03/04/2008,966.3,985.7,990.3,958.3,165.21K,-1.82%
03/03/2008,984.2,975.6,991.9,975.5,125.17K,0.94%
02/29/2008,975,973.1,978.5,966.2,118.01K,0.78%
02/28/2008,967.5,961.2,975,955.5,120.56K,0.68%
02/27/2008,961,951.8,967.7,951.8,128.04K,1.28%
02/26/2008,948.9,940.3,953.2,928.9,111.10K,0.89%
02/25/2008,940.5,948,954.9,935.5,120.12K,-0.77%
02/22/2008,947.8,948.5,953,938.1,102.15K,-0.15%
02/21/2008,949.2,947,958.4,941,128.01K,1.22%
02/20/2008,937.8,930.6,949.2,916.1,131.90K,0.86%
02/19/2008,929.8,905.1,934.4,903.2,133.50K,2.62%
02/15/2008,906.1,911.2,919,900.6,93.91K,-0.52%
02/14/2008,910.8,909.5,917.3,904.8,90.86K,0.07%
02/13/2008,910.2,909.8,914.5,899.5,108.82K,-0.10%
02/12/2008,911.1,926,928.5,906,122.52K,-1.68%
02/11/2008,926.7,924.1,931,919.6,87.88K,0.48%
02/08/2008,922.3,914.8,927.3,911.3,98.05K,1.35%
02/07/2008,910,904.4,916,900.1,123.22K,0.55%
02/06/2008,905,892.9,912,890,124.14K,1.65%
02/05/2008,890.3,907.5,911.3,888.4,152.82K,-2.10%
02/04/2008,909.4,910.5,917.4,896.1,123.84K,-0.45%
02/01/2008,913.5,929.8,941.8,908,186.32K,-1.56%
01/31/2008,928,933.1,934,923,101.35K,0.18%
01/30/2008,926.3,930.1,942.2,921.1,130.24K,0.13%
01/29/2008,925.1,928.5,933.3,919.6,157.69K,-0.22%
01/28/2008,927.1,912.5,929.8,912.5,169.89K,1.80%
01/25/2008,910.7,914.1,924.3,906,155.34K,0.54%
01/24/2008,905.8,892.2,914.2,889.4,165.39K,2.57%
01/23/2008,883.1,893.5,896.5,876.6,166.82K,-0.81%
01/22/2008,890.3,882,895.6,849.5,274.25K,0.98%
01/18/2008,881.7,879.8,889.4,870.6,113.55K,0.14%
01/17/2008,880.5,878.1,891.5,875.2,127.24K,-0.17%
01/16/2008,882,890.6,901,875,203.12K,-2.28%
01/15/2008,902.6,904.6,916.1,888.6,166.33K,-0.09%
01/14/2008,903.4,899.4,915.9,893.1,135.00K,0.63%
01/11/2008,897.7,896.8,900.1,888.8,125.40K,0.46%
01/10/2008,893.6,881,897.3,867.8,180.84K,1.35%
01/09/2008,881.7,880.3,894.4,873.8,137.27K,0.16%
01/08/2008,880.3,860.7,884,859.4,125.47K,2.12%
01/07/2008,862,862.8,867.8,857.8,89.73K,-0.43%
01/04/2008,865.7,866.1,871.8,857,122.76K,-0.39%
01/03/2008,869.1,861.5,872.9,856.5,136.25K,1.06%
01/02/2008,860,837.5,864.9,837.5,137.80K,2.63%
12/31/2007,838,843.2,847.4,833,48.30K,-0.56%
12/28/2007,842.7,829.6,844.6,828.3,61.73K,1.31%
12/27/2007,831.8,828.1,835.5,825.2,68.25K,0.28%
12/26/2007,829.5,816.3,830.2,811.6,55.51K,1.59%
12/24/2007,816.5,815.5,819.7,812.2,23.74K,0.13%
12/21/2007,815.4,800,816.7,799.5,74.03K,1.52%
12/20/2007,803.2,807.3,807.6,797.2,63.78K,-0.27%
12/19/2007,805.4,807.6,809.4,802.2,58.50K,-0.25%
12/18/2007,807.4,798.9,811.4,794.7,80.78K,1.01%
12/17/2007,799.3,798.8,803.6,789.6,67.02K,0.16%
12/14/2007,798,801.7,808.5,792.3,93.43K,-0.75%
12/13/2007,804,812.9,819,796.8,117.08K,-1.81%
12/12/2007,818.8,804.5,822.8,802.2,104.70K,0.21%
12/11/2007,817.1,811.5,819.3,801.5,85.57K,0.44%
12/10/2007,813.5,806.5,818,799.5,77.88K,1.66%
12/07/2007,800.2,807.3,811.1,796.4,91.66K,-0.85%
12/06/2007,807.1,801,811.5,790.9,105.67K,0.42%
12/05/2007,803.7,808.7,813,797,89.00K,-0.48%
12/04/2007,807.6,800.3,811.7,792.6,92.93K,1.62%
12/03/2007,794.7,789.4,800.9,783,73.12K,0.71%
11/30/2007,789.1,799.6,806.2,785,117.06K,-1.65%
11/29/2007,802.3,811.2,814.9,798.8,115.04K,0.25%
11/28/2007,800.3,812.6,815.9,791,165.34K,-1.68%
11/27/2007,814,823.9,829.4,807.4,188.88K,-1.51%
11/26/2007,826.5,823.5,837.2,820,170.84K,0.22%
11/23/2007,824.7,804.5,826.1,798.4,106.72K,2.57%
11/22/2007,804,801.2,805.9,798.4,115.80K,0.68%
11/21/2007,798.6,802.9,808,795,156.53K,0.91%
11/20/2007,791.4,782.1,806.7,773.4,156.53K,1.72%
11/19/2007,778,788.3,794.9,775.7,117.46K,-1.14%
11/16/2007,787,789,798.4,784.5,124.29K,-0.04%
11/15/2007,787.3,813.2,819.4,783,181.66K,-3.36%
11/14/2007,814.7,802.3,817.4,800,113.58K,1.96%
11/13/2007,799,795.7,810.4,791.7,156.36K,-1.08%
11/12/2007,807.7,831.5,833.6,792.8,180.91K,-3.23%
11/09/2007,834.7,835.4,840.7,828.5,122.79K,-0.33%
11/08/2007,837.5,832,847.8,825.6,175.79K,0.48%
11/07/2007,833.5,826.9,848,824.8,195.01K,1.23%
11/06/2007,823.4,809,828,808.6,116.22K,1.55%
11/05/2007,810.8,810.6,814.2,803.5,90.03K,0.28%
11/02/2007,808.5,790.5,811,790,125.97K,1.86%
11/01/2007,793.7,799.4,802.5,786.6,113.67K,-0.20%
10/31/2007,795.3,784.8,800.8,780,113.91K,0.95%
10/30/2007,787.8,794.2,795.6,782.2,97.80K,-0.61%
10/29/2007,792.6,792.5,798.3,788.7,111.98K,0.65%
10/26/2007,787.5,772.9,789.5,771.8,98.81K,2.14%
10/25/2007,771,767.1,773.5,765.5,84.79K,0.71%
10/24/2007,765.6,763.3,768,757.7,85.62K,0.33%
10/23/2007,763.1,758.8,765.5,756.8,83.12K,0.41%
10/22/2007,760,770.9,772.8,749,148.68K,-1.09%
10/19/2007,768.4,772.5,776.9,762.4,110.42K,-0.04%
10/18/2007,768.7,760.2,774.9,759.2,93.60K,0.84%
10/17/2007,762.3,765.6,769.8,756.4,132.69K,0.04%
10/16/2007,762,763.7,772,758.2,126.97K,-0.03%
10/15/2007,762.2,754,765.5,752.7,97.58K,1.11%
10/12/2007,753.8,753.2,757.6,750,79.55K,-0.38%
10/11/2007,756.7,746.1,759.3,745.8,120.32K,1.43%
10/10/2007,746,743.5,751.9,742.8,82.20K,0.39%
10/09/2007,743.1,739,746.5,732.2,99.31K,0.60%
10/08/2007,738.7,747.5,748.5,736.7,48.49K,-1.14%
10/05/2007,747.2,743.8,750.7,732.7,111.76K,0.46%
10/04/2007,743.8,734.8,744.7,726.3,132.49K,1.10%
10/03/2007,735.7,738.4,742.5,732.3,86.47K,-0.08%
10/02/2007,736.3,753.9,754,730.7,125.57K,-2.36%
10/01/2007,754.1,750.6,755.7,747.8,68.81K,0.55%
09/28/2007,750,740.8,752.8,740,101.86K,1.37%
09/27/2007,739.9,734.9,743.2,733.9,83.51K,0.60%
09/26/2007,735.5,738.5,744.2,733.4,104.09K,-0.45%
09/25/2007,738.8,737.6,741.7,729.2,101.36K,-0.07%
09/24/2007,739.3,738.6,743.9,733.5,80.78K,0.05%
09/21/2007,738.9,741.6,747.1,734,100.86K,-0.14%
09/20/2007,739.9,729.6,746.5,728.9,140.15K,1.43%
09/19/2007,729.5,732.3,735,727.7,98.07K,0.80%
09/18/2007,723.7,726.2,735.5,720,100.84K,-0.01%
09/17/2007,723.8,715.8,728.9,714.8,78.80K,0.84%
09/14/2007,717.8,717,726.5,712.7,94.36K,-0.01%
09/13/2007,717.9,720,721.2,712,75.14K,-0.39%
09/12/2007,720.7,721.2,723.6,714.5,78.05K,-0.06%
09/11/2007,721.1,711.8,723.8,711.5,99.93K,1.25%
09/10/2007,712.2,709.5,716.3,708,67.17K,0.35%
09/07/2007,709.7,705.5,716.6,701.5,129.18K,0.72%
09/06/2007,704.6,691,707.3,690.2,127.69K,2.01%
09/05/2007,690.7,691,692.3,687.3,63.44K,-0.12%
09/04/2007,691.5,681.9,692.5,680.1,89.77K,1.56%
09/03/2007,680.9,681.9,682.8,680.1,69.73K,-0.15%
08/31/2007,681.9,673.3,683.9,673,46.16K,1.19%
08/30/2007,673.9,676.5,676.8,671.8,46.16K,-0.22%
08/29/2007,675.4,671.1,678.2,670.2,53.62K,0.28%
08/28/2007,673.5,676,677.7,671,53.51K,-0.40%
08/27/2007,676.2,677.5,677.8,674.9,24.13K,-0.19%
08/24/2007,677.5,669.3,679,666.7,67.68K,1.36%
08/23/2007,668.4,670.1,674.5,667.4,57.08K,-0.04%
08/22/2007,668.7,667,671.6,664.2,55.49K,0.38%
08/21/2007,666.2,667.6,669.8,663.9,58.17K,-0.05%
08/20/2007,666.5,667,670.6,662.3,54.00K,-0.04%
08/17/2007,666.8,660.8,674.5,655.5,94.33K,1.34%
08/16/2007,658,677.8,678.5,651.6,169.66K,-3.19%
08/15/2007,679.7,680,681.8,672.5,76.38K,0.00%
08/14/2007,679.7,680,682.2,676.3,55.77K,-0.18%
08/13/2007,680.9,682.7,683.7,679.1,40.45K,-0.10%
08/10/2007,681.6,672.1,687.4,668.8,111.76K,1.31%
08/09/2007,672.8,686,686,669.8,108.76K,-1.97%
08/08/2007,686.3,683.1,688.1,680.8,54.06K,0.59%
08/07/2007,682.3,683,683.9,677.4,52.63K,-0.15%
08/06/2007,683.3,684.2,687.4,680,49.92K,-0.16%
08/03/2007,684.4,676.8,687.1,676.2,78.92K,1.15%
08/02/2007,676.6,679.1,679.4,674,40.02K,0.10%
08/01/2007,675.9,675.3,679,670.6,71.66K,-0.50%
07/31/2007,679.3,677.3,680.9,675,52.27K,0.40%
07/30/2007,676.6,673,677.8,671.8,56.25K,2.50%
07/27/2007,660.1,662.8,666.8,656.6,95.75K,-0.41%
07/26/2007,662.8,675.3,677.4,652.8,167.33K,-1.63%
07/25/2007,673.8,681.6,682.5,670.5,122.68K,-1.61%
07/24/2007,684.8,682,688.4,681,111.82K,0.48%
07/23/2007,681.5,684.7,685.8,680.5,55.40K,-0.47%
07/20/2007,684.7,678.5,687.6,675.8,103.82K,0.97%
07/19/2007,678.1,673.6,678.5,672,75.28K,0.65%
07/18/2007,673.7,665.4,675.3,665.2,90.98K,1.17%
07/17/2007,665.9,666.2,668.4,663,50.74K,-0.06%
07/16/2007,666.3,667.3,670.5,664.5,42.19K,-0.15%
07/13/2007,667.3,668,669.9,664.4,69.74K,-0.15%
07/12/2007,668.3,661.9,671,661.8,83.47K,0.94%
07/11/2007,662.1,665,667.8,661.3,61.06K,-0.35%
07/10/2007,664.4,662.1,667,660.3,77.46K,0.29%
07/09/2007,662.5,657.6,666,655.3,83.84K,1.18%
07/06/2007,654.8,651.5,658,646.7,79.43K,0.65%
07/05/2007,650.6,656.1,658.7,647.4,84.07K,-0.87%
07/04/2007,656.3,656.1,657.2,655.3,61.22K,0.14%
07/03/2007,655.4,659.2,660.3,654,72.67K,-0.58%
07/02/2007,659.2,651.6,661.3,650.6,72.67K,1.28%
06/29/2007,650.9,651,655,648.8,46.88K,0.08%
06/28/2007,650.4,646.2,652.5,645.5,57.91K,0.87%
06/27/2007,644.8,643.1,647.5,641.1,64.51K,-0.08%
06/26/2007,645.3,654.4,654.7,642.8,106.27K,-1.44%
06/25/2007,654.7,657.4,657.7,651.6,47.61K,-0.35%
06/22/2007,657,655,659.5,653.5,48.95K,0.43%
06/21/2007,654.2,656.7,659.7,650.5,77.89K,-0.88%
06/20/2007,660,664.6,665.4,655.5,60.16K,-0.71%
06/19/2007,664.7,659.4,665.8,657.1,63.85K,0.73%
06/18/2007,659.9,658.7,662.9,658,39.22K,0.18%
06/15/2007,658.7,655.8,659.5,653.6,53.93K,0.43%
06/14/2007,655.9,655.4,658.2,649.5,62.37K,0.49%
06/13/2007,652.7,652.6,656.9,647,67.60K,-0.06%
06/12/2007,653.1,657.8,658.8,649.5,58.51K,-0.90%
06/11/2007,659,653.3,659.4,653.2,53.93K,1.34%
06/08/2007,650.3,663.9,665.9,647.8,125.76K,-2.24%
06/07/2007,665.2,675.5,678,662.5,96.07K,-1.39%
06/06/2007,674.6,675.3,677.3,670.2,76.73K,-0.07%
06/05/2007,675.1,676.4,678.8,674.2,48.05K,-0.18%
06/04/2007,676.3,676.9,679.5,674.2,56.18K,-0.09%
06/01/2007,676.9,666.5,677.5,666.2,84.64K,1.53%
05/31/2007,666.7,658.7,667.5,658.6,68.75K,1.12%
05/30/2007,659.3,662.3,664.6,657.7,83.43K,0.32%
05/29/2007,657.2,655.2,662,654.5,100.72K,0.29%
05/25/2007,655.3,653.8,656.9,653.3,64.26K,0.31%
05/24/2007,653.3,661.6,663.2,651.5,131.08K,-1.40%
05/23/2007,662.6,659.7,665.3,657.5,64.17K,0.41%
05/22/2007,659.9,663.5,665.9,658.7,70.31K,-0.59%
05/21/2007,663.8,662.5,664.6,657.5,61.25K,0.27%
05/18/2007,662,658.4,664,656.4,75.40K,0.73%
05/17/2007,657.2,663.2,665.3,654.1,97.42K,-0.65%
05/16/2007,661.5,673.1,674.4,660.6,109.11K,-1.93%
05/15/2007,674.5,670.5,675,666,69.83K,0.66%
05/14/2007,670.1,673,676.4,667.5,67.32K,-0.33%
05/11/2007,672.3,667.6,674.3,666.3,86.06K,0.79%
05/10/2007,667,682.2,683.2,665.9,132.43K,-2.27%
05/09/2007,682.5,687.1,688.9,677.5,75.10K,-0.71%
05/08/2007,687.4,690.9,691.3,684.1,64.20K,-0.43%
05/07/2007,690.4,691,693.3,689,40.34K,0.10%
05/04/2007,689.7,684.2,693.2,682.6,77.22K,0.77%
05/03/2007,684.4,675.4,685.2,674.5,71.01K,1.38%
05/02/2007,675.1,676.7,677.9,670,78.27K,-0.32%
05/01/2007,677.3,681.2,682.3,674.6,67.24K,-0.91%
04/30/2007,683.5,684.2,684.9,678.8,46.77K,0.25%
04/27/2007,681.8,677.7,684.9,673.8,66.97K,0.56%
04/26/2007,678,689,690.3,674.4,103.49K,-1.37%
04/25/2007,687.4,687.4,690.6,685.8,52.01K,-0.04%
04/24/2007,687.7,693.3,695.7,684.3,85.95K,-0.94%
04/23/2007,694.2,696.2,697.7,690.5,50.75K,-0.23%
04/20/2007,695.8,687.7,698,686.7,67.59K,1.09%
04/19/2007,688.3,693.9,695.9,682.5,80.14K,-0.72%
04/18/2007,693.3,691,695.4,689,61.39K,0.12%
04/17/2007,692.5,694.7,695.5,690.2,50.45K,-0.29%
04/16/2007,694.5,690.6,695.8,687.4,68.76K,0.67%
04/13/2007,689.9,680.7,690.5,680.1,75.85K,1.50%
04/12/2007,679.7,682.2,684.6,675.5,64.24K,-0.29%
04/11/2007,681.7,682.4,686.2,679,51.09K,0.03%
04/10/2007,681.5,676.2,686.8,675.8,55.01K,0.68%
04/09/2007,676.9,677.8,683.1,675.6,40.55K,-0.37%
04/05/2007,679.4,679.4,681,676.6,48.94K,0.30%
04/04/2007,677.4,670.3,681.1,668.8,100.92K,1.15%
04/03/2007,669.7,670,673.4,667.5,64.01K,-0.27%
04/02/2007,671.5,671.1,672.3,661.7,67.91K,0.37%
03/30/2007,669,667.4,673.8,666.5,63.50K,0.21%
03/29/2007,667.6,672.5,672.5,660.8,86.89K,0.12%
03/28/2007,666.8,664.8,669.8,663.3,10.24K,0.65%
03/27/2007,662.5,664,666,661.7,73.18K,-0.21%
03/26/2007,663.9,657.5,666.5,657.1,82.32K,1.00%
03/23/2007,657.3,664.4,665.3,655.2,75.34K,-1.04%
03/22/2007,664.2,665.2,667.6,662.3,74.29K,0.64%
03/21/2007,660,659,665.6,657.5,52.15K,0.15%
03/20/2007,659,654.4,662,653.3,74.04K,0.72%
03/19/2007,654.3,653.9,657.1,652.5,39.80K,0.06%
03/16/2007,653.9,647.2,656.5,646.8,57.86K,1.05%
03/15/2007,647.1,645.1,651.3,644.5,53.68K,0.72%
03/14/2007,642.5,644,647,637.6,90.43K,-1.06%
03/13/2007,649.4,652.2,653.8,642.8,60.39K,-0.14%
03/12/2007,650.3,650.9,655.4,646.8,69.07K,-0.26%
03/09/2007,652,653.7,659.8,648.8,79.72K,-0.53%
03/08/2007,655.5,651.2,657.7,649,65.45K,0.40%
03/07/2007,652.9,649.1,653.7,644.5,86.28K,1.04%
03/06/2007,646.2,638.4,650,634.5,79.08K,1.10%
03/05/2007,639.2,645.6,647,635.1,109.41K,-0.76%
03/02/2007,644.1,666.8,668.2,641.3,131.59K,-3.16%
03/01/2007,665.1,672.8,680.2,664.2,104.44K,-1.10%
02/28/2007,672.5,669.4,680.5,664,106.58K,-2.14%
02/27/2007,687.2,689.9,692.5,660,131.91K,-0.38%
02/26/2007,689.8,684.6,691.8,684.6,57.62K,0.45%
02/23/2007,686.7,681.2,691.9,676.2,80.19K,0.54%
02/22/2007,683,682.7,684.7,678.7,66.38K,-0.15%
02/21/2007,684,660.8,686.4,660.5,102.64K,3.48%
02/20/2007,661,673.2,677.8,659,76.16K,-1.97%
02/19/2007,674.3,673.2,677.8,671.6,50.43K,0.22%
02/16/2007,672.8,674.1,674.1,666.7,57.66K,0.21%
02/15/2007,671.4,673.7,675,666.5,57.66K,-0.09%
02/14/2007,672,669,676.6,668,60.62K,0.52%
02/13/2007,668.5,666.1,673.9,665.1,58.89K,0.18%
02/12/2007,667.3,673.4,673.5,664.1,61.30K,-0.74%
02/09/2007,672.3,665.1,673.9,661.6,77.43K,1.43%
02/08/2007,662.8,656.5,666.1,652.5,74.08K,0.84%
02/07/2007,657.3,658.2,662,655,41.93K,-0.21%
02/06/2007,658.7,653.1,663.7,653,56.14K,0.40%
02/05/2007,656.1,653.1,657.5,651.2,38.43K,0.71%
02/02/2007,651.5,662.4,665.3,648,82.68K,-1.73%
02/01/2007,663,658.5,667.2,657.4,71.27K,0.78%
01/31/2007,657.9,651.8,660.7,647.5,83.73K,1.18%
01/30/2007,650.2,648.5,653.4,646.8,47.55K,1.09%
01/29/2007,643.2,645.7,648.2,640.8,71.05K,-0.23%
01/26/2007,644.7,645.2,648.1,640.6,75.73K,-0.52%
01/25/2007,648.1,648,654.8,644.9,87.21K,-0.02%
01/24/2007,648.2,646.1,649.3,638.9,85.58K,0.36%
01/23/2007,645.9,633.7,648.2,632.3,109.52K,1.86%
01/22/2007,634.1,635.8,640.3,632,62.24K,-0.36%
01/19/2007,636.4,627.5,637,627,51.08K,1.32%
01/18/2007,628.1,633,637.4,626.8,63.54K,-0.82%
01/17/2007,633.3,625.4,634.8,620.6,70.10K,1.18%
01/16/2007,625.9,626.9,629,623.2,66.44K,-0.16%
01/12/2007,626.9,611.5,628.8,610.7,81.17K,2.12%
01/11/2007,613.9,612,617,609.9,54.23K,0.08%
01/10/2007,613.4,614.8,615.1,606.2,58.88K,-0.26%
01/09/2007,615,611,617.4,607,59.25K,0.92%
01/08/2007,609.4,609.3,612.4,605,54.98K,0.41%
01/05/2007,606.9,623.6,627.9,603,117.67K,-3.08%
01/04/2007,626.2,629.3,632.8,622.4,58.93K,-0.57%
01/03/2007,629.8,643,647.3,627,98.49K,-1.29%
01/02/2007,638,639.2,643.5,638,19.38K,0.00%
12/29/2006,638,637.1,639.1,634.5,39.66K,0.17%
12/28/2006,636.9,629.4,638.2,629.2,39.66K,1.05%
12/27/2006,630.3,627.1,632,626.5,22.88K,0.54%
12/26/2006,626.9,625,632.4,624.7,29.42K,0.74%
12/22/2006,622.3,620.9,624.6,620.9,12.83K,0.11%
12/21/2006,621.6,623.8,625.4,620.6,26.42K,-0.43%
12/20/2006,624.3,626.4,627.9,622.1,37.33K,-0.18%
12/19/2006,625.4,618.8,626.5,618.3,36.74K,1.21%
12/18/2006,617.9,619.1,621.9,615,46.69K,-0.19%
12/15/2006,619.1,629.4,633.2,617.5,65.37K,-1.87%
12/14/2006,630.9,631.8,634,629,25.49K,-0.24%
12/13/2006,632.4,632.5,634.8,627.5,40.18K,0.11%
12/12/2006,631.7,634.9,635.5,630.9,29.18K,-0.49%
12/11/2006,634.8,629.5,635.2,627.3,38.95K,0.60%
12/08/2006,631,638.5,642.8,628.2,55.28K,-0.94%
12/07/2006,637,635.7,639,629.2,56.36K,0.17%
12/06/2006,635.9,647.5,648.8,631.5,49.43K,-1.85%
12/05/2006,647.9,651.5,654.2,643.7,44.39K,-0.46%
12/04/2006,650.9,651.2,651.7,645.7,36.34K,0.05%
12/01/2006,650.6,655,655.8,649.2,26.30K,-0.35%
11/30/2006,652.9,646.5,654.5,641.2,32.10K,1.73%
11/29/2006,641.8,644.7,646.8,640.6,39.76K,0.71%
11/28/2006,637.3,640.6,641.9,632.5,82.65K,-0.52%
11/27/2006,640.6,629.9,641.8,629.5,59.68K,1.84%
11/24/2006,629,639.9,641.8,629,48.07K,0.00%
11/22/2006,629,630,635,626.4,48.07K,0.05%
11/21/2006,628.7,621.3,629,621.3,45.65K,1.06%
11/20/2006,622.1,622.8,627.5,620.5,39.26K,-0.06%
11/17/2006,622.5,621.7,622.9,614.5,31.28K,0.13%
11/16/2006,621.7,623.9,629.5,621.1,28.33K,-0.34%
11/15/2006,623.8,624.2,625.8,616,36.75K,-0.24%
11/14/2006,625.3,626.7,630.5,619.5,45.97K,-0.08%
11/13/2006,625.8,628.7,633.9,621.5,34.04K,-0.68%
11/10/2006,630.1,632.5,638,626.5,47.55K,-1.05%
11/09/2006,636.8,623,637.2,614.5,48.63K,2.99%
11/08/2006,618.3,628.5,629.2,617.8,47.67K,-1.53%
11/07/2006,627.9,625.8,631.2,623.7,32.24K,0.00%
11/06/2006,627.9,628.7,632.2,624.5,23.65K,-0.21%
11/03/2006,629.2,627,631.4,619.5,42.87K,0.22%
11/02/2006,627.8,620.4,628.3,616.5,49.63K,1.37%
11/01/2006,619.3,607.5,619.8,607.5,57.42K,2.06%
10/31/2006,606.8,606.5,609.3,600.5,44.44K,-0.10%
10/30/2006,607.4,602.6,613.2,601,46.19K,1.06%
10/27/2006,601,599.1,603,594.5,25.38K,0.20%
10/26/2006,599.8,590.5,601.8,589.8,34.61K,1.52%
10/25/2006,590.8,587.2,594.5,582.5,31.45K,0.54%
10/24/2006,587.6,583.5,589,576,36.37K,0.81%
10/23/2006,582.9,588.5,596.4,582.5,32.66K,-2.26%
10/20/2006,596.4,601.8,606,594.5,23.83K,-1.01%
10/19/2006,602.5,592.5,604.5,589.2,43.64K,1.67%
10/18/2006,592.6,596.5,598.8,591.7,24.85K,-0.15%
10/17/2006,593.5,599.2,601.6,588.5,34.88K,-0.84%
10/16/2006,598.5,595.5,599.5,592.5,24.25K,0.98%
10/13/2006,592.7,588.6,594.5,579.4,35.04K,2.14%
10/12/2006,580.3,576.6,583,574.5,25.06K,0.66%
10/11/2006,576.5,576.4,583.4,574.5,25.11K,0.05%
10/10/2006,576.2,582.6,585.5,573,24.20K,-1.13%
10/09/2006,582.8,580,586,572.5,19.90K,1.04%
10/06/2006,576.8,573.5,578.5,564.5,34.72K,0.23%
10/05/2006,575.5,575.5,578.8,567,39.77K,1.55%
10/04/2006,566.7,584.5,585.7,563,65.10K,-2.55%
10/03/2006,581.5,602.9,605.3,580.5,47.12K,-3.61%
10/02/2006,603.3,606.2,609.5,602,20.54K,-0.15%
09/29/2006,604.2,605.7,611.5,599.5,34.71K,-1.10%
09/28/2006,610.9,604.5,612.4,604,47.15K,1.26%
09/27/2006,603.3,596.1,604.8,595.4,41.11K,1.04%
09/26/2006,597.1,595.7,599.5,591.6,30.99K,0.20%
09/25/2006,595.9,595.5,597,587.5,27.49K,0.08%
09/22/2006,595.4,589.5,598.2,586.5,28.53K,1.21%
09/21/2006,588.3,586.5,590.8,579.9,33.69K,0.36%
09/20/2006,586.2,582.6,592.5,578.3,32.37K,0.51%
09/19/2006,583.2,593.7,597.6,583,30.32K,-1.62%
09/18/2006,592.8,586,594.4,583,28.32K,1.68%
09/15/2006,583,585.5,588.5,576.5,38.62K,-0.51%
09/14/2006,586,596.2,601.8,584,50.29K,-1.73%
09/13/2006,596.3,593.2,600.5,585.6,38.21K,0.34%
09/12/2006,594.3,597.6,607,591.5,45.26K,-0.50%
09/11/2006,597.3,617.7,619,589.6,59.00K,-3.24%
09/08/2006,617.3,625.7,626.7,612,44.17K,-1.22%
09/07/2006,624.9,641,644,621,58.72K,-2.63%
09/06/2006,641.8,646.9,648.5,641,28.32K,-0.79%
09/05/2006,646.9,635.5,648.7,634.1,46.94K,2.26%
09/01/2006,632.6,633.6,634.5,632.1,17.21K,-0.25%
08/31/2006,634.2,626.6,635,626,30.18K,1.29%
08/30/2006,626.1,619.7,629.7,619.5,29.92K,1.13%
08/29/2006,619.1,623.4,626.3,615.5,32.06K,-0.77%
08/28/2006,623.9,631.9,632.7,621,24.71K,-1.09%
08/25/2006,630.8,629.3,633.5,626.8,16.63K,0.37%
08/24/2006,628.5,632.8,635.5,627.5,26.99K,-0.71%
08/23/2006,633,633,639.8,630.5,31.94K,-0.16%
08/22/2006,634,636,639.2,629.5,25.23K,-0.19%
08/21/2006,635.2,624.5,636.5,621.6,26.44K,2.17%
08/18/2006,621.7,625,628.8,616.5,37.75K,-0.58%
08/17/2006,625.3,638.4,642,623.5,43.98K,-2.14%
08/16/2006,639,632.9,643,632.1,30.89K,0.96%
08/15/2006,632.9,637.4,638.3,630.5,36.10K,-1.00%
08/14/2006,639.3,643.6,643.6,634.1,33.22K,-0.79%
08/11/2006,644.4,645.7,655.7,636.5,45.75K,-0.25%
08/10/2006,646,663,665.1,645.5,46.89K,-2.42%
08/09/2006,662,657,666.5,646.3,38.51K,0.72%
08/08/2006,657.3,659,660.8,652.3,21.05K,-0.33%
08/07/2006,659.5,655.8,663.5,655.8,20.48K,0.53%
08/04/2006,656,657.5,666,655,32.18K,-0.15%
08/03/2006,657,664,664.6,650.5,31.86K,-1.07%
08/02/2006,664.1,658.5,668.2,657,36.87K,0.80%
08/01/2006,658.8,646.5,659.3,642.2,41.11K,1.86%
07/31/2006,646.8,647.2,651.5,640.5,22.95K,-0.15%
07/28/2006,647.8,646,649.9,638,48.92K,2.42%
07/27/2006,632.5,621.7,641,621.6,66.41K,1.70%
07/26/2006,621.9,618,622.5,613,79.19K,0.63%
07/25/2006,618,612.6,624.2,610,74.53K,0.78%
07/24/2006,613.2,620.9,623.3,602.5,79.99K,-1.13%
07/21/2006,620.2,632.9,638,616,67.47K,-1.94%
07/20/2006,632.5,643.1,646.5,629.6,41.70K,-1.60%
07/19/2006,642.8,631,647.5,618.9,61.91K,2.11%
07/18/2006,629.5,651.3,655.5,629,64.97K,-3.44%
07/17/2006,651.9,668.3,677.5,646,53.97K,-2.41%
07/14/2006,668,655.1,669,655.1,59.32K,2.08%
07/13/2006,654.4,649,656.5,646,59.72K,0.49%
07/12/2006,651.2,642,657,640.8,1.47K,1.29%
07/11/2006,642.9,625.5,644,623.1,52.10K,2.68%
07/10/2006,626.1,631.9,634.7,621.8,37.44K,-1.37%
07/07/2006,634.8,636.1,639.5,629.5,37.80K,-0.24%
07/06/2006,636.3,629.3,637,623.9,41.86K,1.05%
07/05/2006,629.7,627,632.5,619.5,46.71K,2.22%
06/30/2006,616,589.5,618,587.8,58.02K,4.60%
06/29/2006,588.9,581.1,595,581,37.71K,1.36%
06/28/2006,581,584.8,589.5,579.1,34.32K,-0.58%
06/27/2006,584.4,587.6,599,583.7,47.78K,-0.56%
06/26/2006,587.7,587.4,590.2,580,24.00K,-0.05%
06/23/2006,588,584.2,589,574.5,33.71K,0.44%
06/22/2006,585.4,591.5,598.3,584.5,42.92K,-0.95%
06/21/2006,591,580,591.8,573.5,43.92K,1.81%
06/20/2006,580.5,572.5,581,564.3,39.96K,1.42%
06/19/2006,572.4,583.7,588,569.1,27.36K,-1.60%
06/16/2006,581.7,571.6,589,570.3,43.95K,2.00%
06/15/2006,570.3,562,580.2,557.1,52.63K,0.67%
06/14/2006,566.5,569.4,575.5,546.4,68.73K,-0.05%
06/13/2006,566.8,610,611.7,565.5,93.90K,-7.28%
06/12/2006,611.3,610.4,616.4,605,42.02K,-0.24%
06/09/2006,612.8,615,622,608,56.28K,-0.16%
06/08/2006,613.8,632.6,636,612.8,54.33K,-2.97%
06/07/2006,632.6,634.5,635.5,621.3,51.07K,-0.33%
06/06/2006,634.7,648.2,649.4,630.4,42.80K,-2.16%
06/05/2006,648.7,642.1,650.9,640.5,46.66K,1.20%
06/02/2006,641,633.9,644,624,42.02K,1.18%
06/01/2006,633.5,649.8,651.3,625,62.88K,-2.39%
05/31/2006,649,660,666,644,53.42K,-1.74%
05/30/2006,660.5,659.9,671.5,654.7,80.29K,1.46%
05/26/2006,651,648.1,655.7,640.5,80.56K,0.39%
05/25/2006,648.5,637.2,650.5,637.2,79.30K,1.73%
05/24/2006,637.5,674.1,675,636.5,106.51K,-5.37%
05/23/2006,673.7,657.7,674,651.5,81.57K,2.43%
05/22/2006,657.7,658,661.5,636.8,64.37K,0.11%
05/19/2006,657,680.2,688.9,651,101.59K,-3.51%
05/18/2006,680.9,691.5,695,679.1,57.12K,-1.58%
05/17/2006,691.8,693.1,720,686.1,90.57K,-0.16%
05/16/2006,692.9,684.1,693.8,675.5,90.57K,1.15%
05/15/2006,685,715.7,721.5,679,88.04K,-3.77%
05/12/2006,711.8,722.9,732,709.5,79.68K,-1.34%
05/11/2006,721.5,704.6,728,701.2,85.40K,2.24%
05/10/2006,705.7,701.9,706.8,695.5,64.26K,0.60%
05/09/2006,701.5,680,701.8,679.5,77.70K,3.18%
05/08/2006,679.9,684.4,688.2,673,54.69K,-0.64%
05/05/2006,684.3,676.6,687,675.5,55.10K,1.15%
05/04/2006,676.5,669,679.8,662.8,68.74K,1.20%
05/03/2006,668.5,667.1,679.8,660,85.19K,0.16%
05/02/2006,667.4,660.2,669.3,655.2,58.73K,1.09%
05/01/2006,660.2,656.8,664,653,42.59K,0.87%
04/28/2006,654.5,636.8,658.2,634,66.84K,2.86%
04/27/2006,636.3,642.6,646.3,627,70.59K,-0.89%
04/26/2006,642,633.2,642.9,631,54.19K,1.23%
04/25/2006,634.2,623,638,621,58.47K,1.65%
04/24/2006,623.9,642.3,644.6,622.1,56.48K,-1.83%
04/21/2006,635.5,620,636,613.2,75.20K,1.99%
04/20/2006,623.1,639.1,649,610.5,117.49K,-2.03%
04/19/2006,636,624,636.5,622.1,68.84K,2.04%
04/18/2006,623.3,618.8,623.8,615.9,59.57K,0.73%
04/17/2006,618.8,603,619.5,600.3,54.54K,3.12%
04/13/2006,600.1,601.1,603,594,43.14K,-0.20%
04/12/2006,601.3,599.4,604,597.1,43.70K,0.32%
04/11/2006,599.4,601.5,608.4,597.1,67.23K,-0.40%
04/10/2006,601.8,593.5,602.8,592.6,46.16K,1.54%
04/07/2006,592.7,599.2,603.1,589.5,64.87K,-1.17%
04/06/2006,599.7,592.6,601.9,592,57.79K,1.22%
04/05/2006,592.5,591.3,594.7,586.8,49.11K,0.32%
04/04/2006,590.6,594.1,595.3,589.5,48.70K,-0.62%
04/03/2006,594.3,587.8,596.8,586.3,53.86K,1.30%
03/31/2006,586.7,590.7,594.6,584,63.56K,-0.86%
03/30/2006,591.8,578,592,576.5,110.12K,3.23%
03/29/2006,573.3,566.5,574.5,560.2,64.19K,1.11%
03/28/2006,567,567.4,569.7,563.4,82.36K,-0.07%
03/27/2006,567.4,560.4,568.6,558.9,86.62K,1.23%
03/24/2006,560.5,551.5,561.4,549,99.49K,1.76%
03/23/2006,550.8,551.9,551.9,545.1,62.52K,-0.16%
03/22/2006,551.7,553.1,554,547.3,52.00K,-0.27%
03/21/2006,553.2,555.7,556,547.6,73.60K,-0.52%
03/20/2006,556.1,555.2,557.2,550.5,47.71K,0.18%
03/17/2006,555.1,555.4,558.6,552.5,39.79K,-0.05%
03/16/2006,555.4,554.3,557.6,548.1,68.41K,0.18%
03/15/2006,554.4,553,558.3,551.3,49.74K,0.25%
03/14/2006,553,547.8,553.6,543.5,58.67K,1.00%
03/13/2006,547.5,542.2,547.8,541.4,52.69K,1.15%
03/10/2006,541.3,546.8,548.2,534.5,107.18K,-1.04%
03/09/2006,547,543.9,551.7,540.7,56.95K,0.50%
03/08/2006,544.3,554,555.4,539.5,89.86K,-1.84%
03/07/2006,554.5,556.5,559.8,549.6,72.67K,-0.41%
03/06/2006,556.8,567.5,570.2,553.5,64.52K,-1.97%
03/03/2006,568,570.6,572.5,566.2,44.15K,-0.42%
03/02/2006,570.4,565.6,570.8,563.7,49.55K,0.81%
03/01/2006,565.8,563.1,569,562.4,60.19K,0.34%
02/28/2006,563.9,557.2,564.1,555.1,54.20K,1.24%
02/27/2006,557,561,561.7,554.8,35.16K,-0.75%
02/24/2006,561.2,551.5,562,549.6,58.72K,1.87%
02/23/2006,550.9,556.1,558.4,550.3,42.15K,-1.02%
02/22/2006,556.6,556.9,557.7,549.8,45.84K,0.00%
02/21/2006,556.6,557.7,559.5,553.9,42.09K,0.36%
02/17/2006,554.6,548.1,557,546.5,43.96K,1.06%
02/16/2006,548.8,542.6,549.2,538.6,53.00K,1.12%
02/15/2006,542.7,548.8,551,539,59.70K,-1.13%
02/14/2006,548.9,541.5,550.5,537.8,55.97K,1.25%
02/13/2006,542.1,553.5,555.4,541.8,73.74K,-2.06%
02/10/2006,553.5,568.1,572.3,550,72.75K,-2.57%
02/09/2006,568.1,553.2,568.4,552.3,59.05K,2.58%
02/08/2006,553.8,554.6,556.5,548.5,68.20K,-0.18%
02/07/2006,554.8,574.3,574.9,553.7,96.40K,-3.40%
02/06/2006,574.3,573.5,578,570.7,38.27K,0.47%
02/03/2006,571.6,576,578,569,61.12K,-0.90%
02/02/2006,576.8,574.5,579.5,572,52.10K,0.49%
02/01/2006,574,575.1,576.4,567.6,62.82K,-0.26%
01/31/2006,575.5,571,577.3,570,62.88K,0.86%
01/30/2006,570.6,563.7,571,562.5,67.81K,2.11%
01/27/2006,558.8,560.1,564.5,555.6,79.96K,-0.20%
01/26/2006,559.9,562.8,563.7,554.4,81.79K,-0.46%
01/25/2006,562.5,558.3,566.9,556.7,106.91K,0.79%
01/24/2006,558.1,558.8,560.1,553.1,105.36K,-0.11%
01/23/2006,558.7,554,561,549.3,81.13K,0.85%
01/20/2006,554,559.2,568.5,552.7,101.04K,-0.89%
01/19/2006,559,544.6,559.3,540.5,74.27K,2.66%
01/18/2006,544.5,554.3,558.3,543.1,69.50K,-1.77%
01/17/2006,554.3,561,565.5,552.5,69.80K,-0.48%
01/13/2006,557,549,558.5,545.2,58.88K,1.40%
01/12/2006,549.3,550.1,551.2,543.2,58.11K,-0.15%
01/11/2006,550.1,545.1,550.8,541,66.05K,0.81%
01/10/2006,545.7,552.4,553.1,540.7,76.66K,-0.87%
01/09/2006,550.5,541.8,551.3,536.5,88.71K,1.72%
01/06/2006,541.2,527.8,541.8,524.5,70.07K,2.54%
01/05/2006,527.8,536.3,536.8,524,68.73K,-1.46%
01/04/2006,535.6,532.7,537.7,527,69.33K,0.58%
01/03/2006,532.5,519.9,532.8,517.6,64.87K,2.46%
12/30/2005,519.7,518.1,520.4,514.7,28.16K,0.43%
12/29/2005,517.5,516,520.1,512.8,32.73K,0.23%
12/28/2005,516.3,510.4,520.2,509.7,49.53K,1.22%
12/27/2005,510.1,506.8,510.7,505.3,26.60K,0.97%
12/23/2005,505.2,505.9,508.8,502.2,28.82K,0.04%
12/22/2005,505,495.8,507.3,495.6,51.69K,1.96%
12/21/2005,495.3,497.5,497.7,492.2,10.39K,-0.34%
12/20/2005,497,506.9,511.4,496.7,64.11K,-1.80%
12/19/2005,506.1,505.7,512.1,503.6,6.70K,0.04%
12/16/2005,505.9,507.1,510.5,496.2,63.07K,-0.14%
12/15/2005,506.6,509.1,512.5,502.7,75.29K,-0.57%
12/14/2005,509.5,524.9,525.2,508.5,86.22K,-2.79%
12/13/2005,524.1,530.6,533,522.9,82.13K,-1.39%
12/12/2005,531.5,530.5,544.5,528.7,82.02K,0.25%
12/09/2005,530.2,523.1,534.3,522.5,68.85K,1.43%
12/08/2005,522.7,517.9,523.9,515.8,48.17K,0.95%
12/07/2005,517.8,514,520.3,512.1,58.80K,0.78%
12/06/2005,513.8,512.5,514.8,507.7,45.85K,0.23%
12/05/2005,512.6,507.9,512.9,506.8,41.29K,1.10%
12/02/2005,507,506.7,510.8,503.8,49.56K,0.14%
12/01/2005,506.3,498,506.6,494.3,60.35K,1.52%
11/30/2005,498.7,504.1,504.4,496,48.51K,-0.95%
11/29/2005,503.5,503,506.7,498.6,80.65K,1.04%
11/28/2005,498.3,496.4,499.3,493.2,109.05K,1.22%
11/23/2005,492.3,492.9,495.3,487.5,74.57K,-0.12%
11/22/2005,492.9,489.5,495.9,489.4,98.16K,0.69%
11/21/2005,489.5,485.2,490.5,485,109.64K,0.68%
11/18/2005,486.2,486.8,489.6,484.3,73.75K,-0.14%
11/17/2005,486.9,479.3,487.8,478,90.61K,1.63%
11/16/2005,479.1,469,479.4,468.3,90.22K,2.15%
11/15/2005,469,469,470.8,467.2,39.99K,-0.02%
11/14/2005,469.1,469.6,471.8,467.5,41.79K,-0.06%
11/11/2005,469.4,467.6,470,465.7,31.70K,0.36%
11/10/2005,467.7,467.5,470.9,466,51.28K,0.04%
11/09/2005,467.5,462.3,469,461.1,61.76K,1.12%
11/08/2005,462.3,460.4,463.8,457.7,44.24K,0.41%
11/07/2005,460.4,458,460.6,457.2,45.72K,0.55%
11/04/2005,457.9,462.2,465.7,456.1,67.07K,-0.87%
11/03/2005,461.9,464.6,466.6,460.2,56.54K,-0.58%
11/02/2005,464.6,460.8,465.5,460.2,45.20K,0.87%
11/01/2005,460.6,466.5,468.3,459.5,96.59K,-1.35%
10/31/2005,466.9,474.7,475.6,466.5,64.71K,-1.66%
10/28/2005,474.8,475.6,476.6,471.2,43.02K,-0.17%
10/27/2005,475.6,473.1,477.8,471.9,52.35K,0.55%
10/26/2005,473,475,476.1,472.7,40.26K,-0.36%
10/25/2005,474.7,467.2,475.8,466.3,56.51K,1.65%
10/24/2005,467,468.4,470.8,465.2,44.59K,-0.45%
10/21/2005,469.1,463.5,469.6,462.7,50.88K,1.27%
10/20/2005,463.2,465.8,467.4,462,59.34K,-0.56%
10/19/2005,465.8,474.4,474.5,464,78.69K,-1.85%
10/18/2005,474.6,476.2,477,472.8,31.49K,-0.42%
10/17/2005,476.6,471.6,478,471.1,43.35K,1.02%
10/14/2005,471.8,474.1,474.8,468.3,62.12K,-0.42%
10/13/2005,473.8,475.8,477,470.3,57.42K,-0.59%
10/12/2005,476.6,479.6,483.1,474.3,69.56K,-0.67%
10/11/2005,479.8,477.9,481.5,477.4,38.89K,0.38%
10/10/2005,478,477.9,482,475.2,40.46K,0.06%
10/07/2005,477.7,475,479.1,472.5,64.58K,0.57%
10/06/2005,475,469.2,475.9,467.5,69.31K,1.21%
10/05/2005,469.3,469.4,470.1,465.9,44.64K,0.00%
10/04/2005,469.3,469,472.7,467.4,43.50K,0.00%
10/03/2005,469.3,471.5,472.2,467.2,44.95K,-0.64%
09/30/2005,472.3,476.1,477.8,471.1,58.95K,-0.74%
09/29/2005,475.8,473.1,477,471.4,60.67K,0.57%
09/28/2005,473.1,466,473.7,464.7,75.38K,1.48%
09/27/2005,466.2,469.5,470.9,461.2,76.19K,-0.70%
09/26/2005,469.5,466.4,470.5,462.3,61.12K,0.49%
09/23/2005,467.2,470.2,470.2,464.3,55.00K,-0.66%
09/22/2005,470.3,473.3,479,466.8,88.68K,-0.49%
09/21/2005,472.6,470,473.6,467.4,54.42K,0.55%
09/20/2005,470,470,474.9,467.2,61.60K,-0.09%
09/19/2005,470.4,463,472.4,462,80.36K,1.53%
09/16/2005,463.3,459.3,464,457.8,68.97K,0.87%
09/15/2005,459.3,453.8,459.7,452.4,94.30K,1.23%
09/14/2005,453.7,450.1,454.4,449.9,50.51K,0.82%
09/13/2005,450,453.7,453.9,448.3,53.31K,-0.82%
09/12/2005,453.7,453.7,455.8,451.2,34.50K,0.15%
09/09/2005,453,450.6,453.6,449.7,41.51K,0.51%
09/08/2005,450.7,448.6,453.9,447.8,65.90K,0.38%
09/07/2005,449,448.7,450.2,447,37.86K,0.09%
09/06/2005,448.6,449.4,450.3,447,32.06K,0.02%
09/02/2005,448.5,446.5,451.4,445.8,46.13K,0.45%
09/01/2005,446.5,438.4,449.5,438.3,88.44K,1.92%
08/31/2005,438.1,435.6,438.8,435.3,55.27K,0.60%
08/30/2005,435.5,441.3,441.9,433.5,117.87K,-1.34%
08/29/2005,441.4,442.8,445.3,441.1,31.80K,-0.16%
08/26/2005,442.1,443.3,444.8,440.5,36.33K,-0.23%
08/25/2005,443.1,442.2,444.6,440.6,27.13K,0.20%
08/24/2005,442.2,444.1,445.7,440.6,53.75K,-0.47%
08/23/2005,444.3,443.2,445.5,443.2,23.92K,0.29%
08/22/2005,443,441.4,445.7,440.8,34.65K,0.18%
08/19/2005,442.2,444.8,446,441,43.71K,-0.56%
08/18/2005,444.7,445.3,447.7,443.1,50.82K,-0.11%
08/17/2005,445.2,451.6,452.1,443.4,60.14K,-1.40%
08/16/2005,451.5,447.1,451.8,445.7,52.43K,0.87%
08/15/2005,447.6,451.5,452.1,446.3,45.61K,-0.84%
08/12/2005,451.4,450.4,455.3,449.1,62.36K,0.11%
08/11/2005,450.9,442.1,452.7,442.1,98.43K,2.01%
08/10/2005,442,439.8,442.9,439.6,30.25K,0.50%
08/09/2005,439.8,440.3,441.3,438.4,30.54K,-0.11%
08/08/2005,440.3,442.7,443.3,439.6,42.18K,-0.56%
08/05/2005,442.8,443.6,444.8,442.3,53.38K,-0.20%
08/04/2005,443.7,442.5,445,441.2,65.16K,0.23%
08/03/2005,442.7,437.8,443,436.4,64.55K,1.14%
08/02/2005,437.7,437.4,438.8,436.6,38.33K,0.00%
08/01/2005,437.7,435.4,438.3,434.7,37.17K,0.44%
07/29/2005,435.8,433.7,436.5,432.9,42.17K,0.58%
07/28/2005,433.3,430.9,434.7,430.3,70.59K,2.00%
07/27/2005,424.8,423.4,426,421.8,70.26K,0.31%
07/26/2005,423.5,426,426.1,422.2,68.16K,-0.56%
07/25/2005,425.9,425,426.4,424.3,60.72K,0.21%
07/22/2005,425,426,426.9,424.5,46.41K,-0.16%
07/21/2005,425.7,422.5,426,422.5,64.39K,0.85%
07/20/2005,422.1,420.9,423.3,420,41.34K,0.45%
07/19/2005,420.2,421.1,422.4,418.9,40.72K,-0.19%
07/18/2005,421,421.7,422.8,420.4,31.93K,-0.07%
07/15/2005,421.3,420,421.5,418.2,48.54K,0.26%
07/14/2005,420.2,424.7,425.1,419.2,70.71K,-1.04%
07/13/2005,424.6,427.1,428,424,35.37K,-0.59%
07/12/2005,427.1,426.2,428.5,425.5,36.33K,0.19%
07/11/2005,426.3,424.5,427.4,423.8,32.57K,0.59%
07/08/2005,423.8,424.4,425.8,422.3,46.00K,-0.09%
07/07/2005,424.2,424.7,430.1,422.5,59.94K,-0.07%
07/06/2005,424.5,424,425.9,424,37.98K,0.14%
07/05/2005,423.9,428.4,428.5,422.6,83.91K,-1.14%
07/01/2005,428.8,436.5,438.2,428,91.90K,-1.90%
06/30/2005,437.1,438.5,440.3,436.7,42.08K,-0.34%
06/29/2005,438.6,437.6,439.6,435.3,45.91K,0.21%
06/28/2005,437.7,441.5,441.6,437.2,38.33K,-0.91%
06/27/2005,441.7,441,442,440.1,27.96K,-0.07%
06/24/2005,442,443.1,445.4,440,55.33K,-0.27%
06/23/2005,443.2,439.8,444.2,437.5,70.90K,0.80%
06/22/2005,439.7,440.7,441.1,438,28.69K,-0.18%
06/21/2005,440.5,440.1,440.8,435.9,53.63K,0.11%
06/20/2005,440,439.2,443.2,438.5,47.25K,0.00%
06/17/2005,440,437.7,441.3,437.1,71.86K,0.48%
06/16/2005,437.9,430.9,438.5,430,110.70K,1.62%
06/15/2005,430.9,429,431.8,428,35.20K,0.37%
06/14/2005,429.3,431.1,431.1,428.3,34.89K,-0.42%
06/13/2005,431.1,428.8,432.6,426.3,63.25K,0.42%
06/10/2005,429.3,425.9,430.5,424.1,58.59K,0.75%
06/09/2005,426.1,426.2,427.1,423,38.08K,-0.12%
06/08/2005,426.6,426.7,428.7,426.4,28.10K,-0.02%
06/07/2005,426.7,428.2,429.6,426.2,49.12K,-0.40%
06/06/2005,428.4,424.6,429.5,424.3,44.81K,0.61%
06/03/2005,425.8,424.6,427,423.8,51.38K,0.24%
06/02/2005,424.8,417.8,425.8,417.2,95.85K,1.70%
06/01/2005,417.7,418.7,419.9,416.7,79.13K,-0.29%
05/31/2005,418.9,421.5,421.5,415.8,65.64K,-0.21%
05/27/2005,419.8,417.8,420,417.4,51.36K,0.43%
05/26/2005,418,419,420,417.1,72.62K,-0.21%
05/25/2005,418.9,417.8,419,417.1,79.86K,0.29%
05/24/2005,417.7,417.1,419.4,416.2,70.35K,0.19%
05/23/2005,416.9,417.7,418.5,416.8,40.53K,-0.19%
05/20/2005,417.7,420.9,421.1,416.8,50.41K,-0.74%
05/19/2005,420.8,421.8,423.3,419.5,33.00K,-0.26%
05/18/2005,421.9,420,422,418.8,49.37K,0.50%
05/17/2005,419.8,419.5,421.5,419.2,37.62K,0.12%
05/16/2005,419.3,421,421,418.2,45.24K,-0.33%
05/13/2005,420.7,422.3,423,419.3,60.17K,-0.36%
05/12/2005,422.2,428.1,428.2,420.9,81.32K,-1.33%
05/11/2005,427.9,428,429.3,426,42.42K,0.00%
05/10/2005,427.9,426.8,428.8,426.6,25.87K,0.23%
05/09/2005,426.9,427,427.4,425.4,23.00K,0.00%
05/06/2005,426.9,430.7,432,424.5,77.33K,-0.88%
05/05/2005,430.7,430.1,432.5,428.8,35.69K,0.16%
05/04/2005,430,427.7,430.9,427.6,34.46K,0.54%
05/03/2005,427.7,430.8,431.4,427.3,52.61K,-0.65%
05/02/2005,430.5,435.7,436,429.5,47.22K,-1.28%
04/29/2005,436.1,432.6,438,431.9,44.91K,0.86%
04/28/2005,432.4,434.2,435.3,432.2,41.96K,-0.39%
04/27/2005,434.1,438.7,438.8,433.2,56.23K,-1.12%
04/26/2005,439,435.8,439.1,435.7,45.66K,0.73%
04/25/2005,435.8,435.6,436.6,434,29.98K,0.05%
04/22/2005,435.6,434.4,437,433.5,21.38K,0.28%
04/21/2005,434.4,436.6,436.8,433.6,40.42K,-0.53%
04/20/2005,436.7,434.6,437.4,433,50.91K,0.53%
04/19/2005,434.4,428.9,435.2,428.1,57.43K,1.26%
04/18/2005,429,426.3,429.7,424.7,38.31K,0.59%
04/15/2005,426.5,425.2,427.8,424.1,30.69K,0.21%
04/14/2005,425.6,431.1,431.3,423.5,54.76K,-1.25%
04/13/2005,431,429.3,431.5,428.8,33.88K,0.40%
04/12/2005,429.3,430.5,432.4,428.3,37.87K,-0.26%
04/11/2005,430.4,428.8,431.7,428.2,27.96K,0.37%
04/08/2005,428.8,428.4,429.4,426.4,26.48K,0.09%
04/07/2005,428.4,429.3,430.5,427.3,31.65K,-0.19%
04/06/2005,429.2,426.6,429.6,426.3,30.22K,0.61%
04/05/2005,426.6,425.6,427.8,424.8,27.40K,0.14%
04/04/2005,426,428.2,428.9,424.7,40.53K,-0.54%
04/01/2005,428.3,431.1,431.2,427.1,50.19K,-0.65%
03/31/2005,431.1,429.5,431.4,428.5,32.25K,0.37%
03/30/2005,429.5,428.8,430.7,428,45.45K,0.82%
03/29/2005,426,425.9,427.6,425.6,58.98K,0.00%
03/28/2005,426,425.3,426.5,423.4,72.81K,0.28%
03/24/2005,424.8,424.9,426.5,424.3,53.56K,-0.14%
03/23/2005,425.4,431.7,432.4,424.5,86.85K,-1.44%
03/22/2005,431.6,431.5,432.8,430.3,55.76K,0.05%
03/21/2005,431.4,440,440.3,429.2,92.66K,-1.89%
03/18/2005,439.7,439.4,440.4,436.1,40.75K,0.14%
03/17/2005,439.1,444.4,444.5,437.7,70.80K,-1.15%
03/16/2005,444.2,441.8,444.7,440.6,47.79K,0.63%
03/15/2005,441.4,441.7,444.9,440.3,50.17K,-0.05%
03/14/2005,441.6,446.7,446.7,440.7,53.04K,-1.16%
03/11/2005,446.8,443.5,448,441.1,90.58K,0.77%
03/10/2005,443.4,442.8,443.7,440.7,0.05K,0.11%
03/09/2005,442.9,441.3,443.5,439.9,48.98K,0.41%
03/08/2005,441.1,435.8,441.3,435.2,60.70K,1.22%
03/07/2005,435.8,435.6,436.6,433.3,28.99K,0.16%
03/04/2005,435.1,431,436.3,430.4,48.37K,1.00%
03/03/2005,430.8,433.8,434.6,430.1,40.75K,-0.69%
03/02/2005,433.8,433.6,435,429.8,42.90K,-0.02%
03/01/2005,433.9,437.5,437.6,432,54.26K,-0.85%
02/28/2005,437.6,435.9,439.3,435.9,41.65K,0.34%
02/25/2005,436.1,435.5,436.9,432.5,43.08K,0.09%
02/24/2005,435.7,435.7,438.2,433.5,44.58K,-0.09%
02/23/2005,436.1,435.9,437.4,433,59.73K,0.07%
02/22/2005,435.8,428.3,436.4,427.4,65.94K,1.73%
02/18/2005,428.4,427.5,429.4,427,30.01K,-0.05%
02/17/2005,428.6,427.1,429.8,425.5,47.76K,0.40%
02/16/2005,426.9,427.1,427.4,423.4,43.80K,-0.09%
02/15/2005,427.3,427.4,428.7,425,46.36K,0.00%
02/14/2005,427.3,422,427.7,422,50.15K,1.26%
02/11/2005,422,419,423.4,417.7,44.84K,0.79%
02/10/2005,418.7,414.4,420.1,413.1,69.24K,1.01%
02/09/2005,414.5,414,415.3,411.5,37.36K,0.05%
02/08/2005,414.3,415.7,415.8,412,0.00K,-0.26%
02/07/2005,415.4,415.9,417.7,414,35.11K,-0.12%
02/04/2005,415.9,418.6,419.5,415.5,49.62K,-0.62%
02/03/2005,418.5,422.8,423.9,416.2,55.31K,-1.06%
02/02/2005,423,422.7,424.7,421.9,22.30K,0.02%
02/01/2005,422.9,424.3,424.6,421.4,38.34K,-0.28%
01/31/2005,424.1,428.3,428.9,421.5,65.84K,-0.93%
01/28/2005,428.1,428.6,429.7,426.1,66.14K,0.42%
01/27/2005,426.3,426.7,428.1,424,66.92K,-0.14%
01/26/2005,426.9,422.3,427.8,421.4,90.24K,1.14%
01/25/2005,422.1,427.1,428.1,421,86.02K,-1.17%
01/24/2005,427.1,426.7,428.2,426.7,50.72K,0.05%
01/21/2005,426.9,422.7,428.5,421.3,58.18K,1.02%
01/20/2005,422.6,423.1,423.4,420.3,40.73K,-0.17%
01/19/2005,423.3,423.5,427.2,422.6,40.27K,-0.05%
01/18/2005,423.5,422,424.2,421.4,27.49K,0.05%
01/14/2005,423.3,422.9,423.3,422.7,30.93K,-0.42%
01/13/2005,425.1,426.6,427.3,423.6,35.09K,-0.35%
01/12/2005,426.6,423,428.3,421.1,64.04K,0.99%
01/11/2005,422.4,419.6,423.3,419.6,46.90K,0.64%
01/10/2005,419.7,419.9,422.3,418.4,34.18K,0.05%
01/07/2005,419.5,422.1,425.8,417.2,97.97K,-0.50%
01/06/2005,421.6,427,428.3,421.1,65.18K,-1.33%
01/05/2005,427.3,429,429.3,425.9,43.72K,-0.44%
01/04/2005,429.2,430.4,431.3,424.8,54.83K,-0.12%
01/03/2005,429.7,438.9,438.9,427.8,82.85K,-1.98%
12/30/2004,438.4,437.2,439.8,434.7,32.95K,0.32%
12/29/2004,437,444.8,445.7,434.4,67.91K,-1.86%
12/28/2004,445.3,446.2,446.6,444,19.77K,-0.20%
12/27/2004,446.2,443.4,446.7,443.4,22.08K,0.75%
12/23/2004,442.9,441.6,444,440.8,22.43K,0.34%
12/22/2004,441.4,443.1,444.2,440.1,23.36K,-0.34%
12/21/2004,442.9,443.7,444.8,441.7,24.14K,-0.16%
12/20/2004,443.6,443,445.6,442.3,28.93K,0.16%
12/17/2004,442.9,437.2,443.6,437.2,40.72K,1.07%
12/16/2004,438.2,442.3,444.4,437.3,56.52K,-0.90%
12/15/2004,442.2,437.3,443.2,436.7,49.42K,1.12%
12/14/2004,437.3,440.3,441.3,436.5,33.70K,-0.68%
12/13/2004,440.3,436.2,441.6,435.7,49.01K,1.15%
12/10/2004,435.3,439,439.7,432.9,53.76K,-0.43%
12/09/2004,437.2,438.9,443,434,68.21K,-0.34%
12/08/2004,438.7,453.3,453.7,435,132.63K,-3.31%
12/07/2004,453.7,455.6,456.9,452,32.60K,-0.48%
12/06/2004,455.9,457.4,458.3,452.7,37.25K,-0.42%
12/03/2004,457.8,452.4,458.2,450.1,62.06K,1.22%
12/02/2004,452.3,456,458.7,448.7,72.10K,-0.79%
12/01/2004,455.9,453.4,457.7,452.4,52.42K,0.60%
11/30/2004,453.2,455.9,456.1,450,65.49K,-0.57%
11/29/2004,455.8,452.8,457,451.5,87.15K,1.45%
11/24/2004,449.3,447.6,449.5,447,110.73K,0.31%
11/23/2004,447.9,448.8,449.9,446.1,91.74K,-0.24%
11/22/2004,449,446.4,449.1,446.1,103.11K,0.45%
11/19/2004,447,443.4,448.5,441.9,78.00K,0.93%
11/18/2004,442.9,444.8,446.4,440.2,81.48K,-0.49%
11/17/2004,445.1,440.5,445.4,439.3,49.41K,1.04%
11/16/2004,440.5,437,441.4,436.2,74.59K,0.73%
11/15/2004,437.3,439,440.6,436.3,49.42K,-0.23%
11/12/2004,438.3,435,439.5,434.5,55.08K,0.67%
11/11/2004,435.4,434.1,436.2,432.5,30.76K,0.21%
11/10/2004,434.5,435.9,438.3,432.8,60.67K,-0.39%
11/09/2004,436.2,433.8,437.5,431.9,57.06K,0.65%
11/08/2004,433.4,435,436.1,431.9,41.56K,-0.21%
11/05/2004,434.3,430.1,434.9,425.5,75.73K,0.81%
11/04/2004,430.8,425.4,434,425.4,80.63K,1.27%
11/03/2004,425.4,421.1,426.4,419.4,49.37K,1.09%
11/02/2004,420.8,428.2,428.8,418,80.60K,-1.73%
11/01/2004,428.2,430.5,431.6,427,44.10K,-0.28%
10/29/2004,429.4,425.8,429.8,425,41.04K,0.77%
10/28/2004,426.1,425.5,428.4,421.7,57.98K,0.12%
10/27/2004,425.6,427.7,430.1,424.2,58.99K,-0.47%
10/26/2004,427.6,429.9,430.6,425.7,44.73K,-0.54%
10/25/2004,429.9,426.6,432,426.6,54.65K,1.01%
10/22/2004,425.6,425.3,426.5,423.2,31.94K,0.00%
10/21/2004,425.6,424.9,427.5,423,43.66K,0.19%
10/20/2004,424.8,421.7,427.3,421,55.85K,0.76%
10/19/2004,421.6,418,422.2,416.1,43.79K,0.96%
10/18/2004,417.6,420.1,421.7,417.5,36.82K,-0.60%
10/15/2004,420.1,419.3,423,418.7,46.99K,0.14%
10/14/2004,419.5,415.9,420.5,415.6,52.37K,1.18%
10/13/2004,414.6,416.6,417.3,410.5,56.53K,-0.48%
10/12/2004,416.6,423.6,424.2,414.2,74.09K,-1.61%
10/11/2004,423.4,424,424.9,422.5,23.56K,-0.26%
10/08/2004,424.5,419.6,426,418.9,61.65K,1.19%
10/07/2004,419.5,420,421.7,418.8,30.89K,-0.12%
10/06/2004,420,419.9,422.2,417.5,50.61K,0.05%
10/05/2004,419.8,415.5,421.5,414.5,46.95K,1.01%
10/04/2004,415.6,420.9,420.9,413.3,50.06K,-1.33%
10/01/2004,421.2,420.4,423,418.5,46.68K,0.19%
09/30/2004,420.4,414.1,420.8,413.3,76.93K,1.37%
09/29/2004,414.7,414.2,416.2,412.7,60.30K,0.12%
09/28/2004,414.2,410.6,414.9,410,53.25K,0.85%
09/27/2004,410.7,409.2,412,408.8,26.45K,0.24%
09/24/2004,409.7,412.6,413.7,408.5,44.57K,-0.70%
09/23/2004,412.6,408.9,414,408.4,48.60K,0.88%
09/22/2004,409,410.2,412,405.8,41.63K,-0.27%
09/21/2004,410.1,406.9,412,406.2,40.19K,0.76%
09/20/2004,407,407.6,407.6,405.3,13.53K,-0.15%
09/17/2004,407.6,406.5,409,405,37.47K,0.27%
09/16/2004,406.5,406.4,407.8,404.2,30.48K,-0.07%
09/15/2004,406.8,407.6,407.9,404.7,31.54K,-0.17%
09/14/2004,407.5,406,409,404.4,42.18K,0.37%
09/13/2004,406,403.5,406.8,400.9,38.92K,0.54%
09/10/2004,403.8,400.7,404.9,400.7,38.01K,0.85%
09/09/2004,400.4,401.8,402.6,399.2,31.27K,-0.25%
09/08/2004,401.4,399.3,402.6,396.9,45.25K,0.50%
09/07/2004,399.4,403.8,404.5,398.7,56.53K,-0.77%
09/03/2004,402.5,408.3,408.7,401,67.24K,-1.35%
09/02/2004,408,410.4,411.2,407.8,23.67K,-0.68%
09/01/2004,410.8,412.1,412.5,409.1,33.01K,-0.39%
08/31/2004,412.4,410,413.3,408.8,44.74K,0.59%
08/30/2004,410,406.8,411.4,405.2,36.89K,1.13%
08/27/2004,405.4,409.3,411,403.3,44.77K,-1.03%
08/26/2004,409.6,409.9,411.8,406.6,48.57K,-0.10%
08/25/2004,410,405.6,410.4,405,40.97K,1.23%
08/24/2004,405,412.6,412.6,404.6,54.08K,-1.89%
08/23/2004,412.8,414.8,414.9,411,38.16K,-0.65%
08/20/2004,415.5,409.4,416.8,407.5,78.74K,1.51%
08/19/2004,409.3,406.7,410.4,406.4,43.09K,0.66%
08/18/2004,406.6,406.8,407.6,403.8,33.50K,-0.02%
08/17/2004,406.7,405,407.7,402.6,42.00K,0.37%
08/16/2004,405.2,401.9,406.3,400.6,45.22K,1.00%
08/13/2004,401.2,396.5,402,394.6,43.70K,1.16%
08/12/2004,396.6,397.1,400.5,396.1,31.42K,-0.33%
08/11/2004,397.9,402.2,403.4,395.3,46.05K,-1.09%
08/10/2004,402.3,402.9,403.4,401,18.32K,-0.17%
08/09/2004,403,402,403.2,400.3,19.13K,0.22%
08/06/2004,402.1,395,404,394.1,61.52K,1.85%
08/05/2004,394.8,394.7,395.9,393.1,16.80K,0.03%
08/04/2004,394.7,396.5,396.7,393,28.34K,-0.45%
08/03/2004,396.5,394.2,397.2,391.2,40.49K,0.53%
08/02/2004,394.4,395,397.3,393.5,22.18K,0.18%
07/30/2004,393.7,389.9,394.9,389.7,33.88K,1.00%
07/29/2004,389.8,391.5,394,387.5,69.13K,0.21%
07/28/2004,389,387.3,390.3,385.5,69.18K,0.52%
07/27/2004,387,390.2,393.8,385.8,78.21K,-0.85%
07/26/2004,390.3,390.8,392.8,389.5,66.05K,-0.05%
07/23/2004,390.5,395,396.5,387.4,73.55K,-1.21%
07/22/2004,395.3,397,398.8,394.6,36.98K,-0.50%
07/21/2004,397.3,402.2,402.4,395,66.80K,-1.19%
07/20/2004,402.1,406,407.1,399.7,56.85K,-0.91%
07/19/2004,405.8,406.8,408.4,404.8,27.72K,-0.25%
07/16/2004,406.8,404.2,408.1,403,35.61K,0.59%
07/15/2004,404.4,405.5,406.3,401.8,39.61K,-0.30%
07/14/2004,405.6,402.5,407,402.3,40.33K,0.82%
07/13/2004,402.3,408,408.3,400.8,48.61K,-1.49%
07/12/2004,408.4,408.2,409.4,406,39.52K,0.12%
07/09/2004,407.9,408,409,406,46.06K,-0.07%
07/08/2004,408.2,403,409.6,400.3,77.15K,1.37%
07/07/2004,402.7,393.2,404,392.4,59.36K,2.47%
07/06/2004,393,398.5,399.8,389,60.82K,-1.43%
07/02/2004,398.7,396.6,401.5,392.6,34.50K,0.58%
07/01/2004,396.4,393.3,396.7,393.2,26.48K,0.87%
06/30/2004,393,393.1,397.3,392,37.99K,0.05%
06/29/2004,392.8,401.3,402.2,391,58.82K,-2.12%
06/28/2004,401.3,403.2,405.6,400.2,42.17K,-0.47%
06/25/2004,403.2,403,403.9,401.5,28.16K,-0.07%
06/24/2004,403.5,395.3,404,394.8,60.61K,2.02%
06/23/2004,395.5,395.8,397.7,393.5,25.92K,0.00%
06/22/2004,395.5,395.2,397.4,393.7,34.28K,0.25%
06/21/2004,394.5,395.7,397.9,393.2,36.80K,-0.30%
06/18/2004,395.7,389.5,396.9,387.2,60.32K,1.59%
06/17/2004,389.5,385.8,389.9,384.4,37.71K,1.12%
06/16/2004,385.2,389.4,390.3,383.9,33.39K,-0.90%
06/15/2004,388.7,384.1,390,382.5,46.08K,1.17%
06/14/2004,384.2,383.5,386.9,383.2,31.29K,-0.62%
06/10/2004,386.6,385.3,388.4,383.2,33.76K,0.36%
06/09/2004,385.2,391.7,392.7,383.8,50.31K,-1.68%
06/08/2004,391.8,394.7,396.1,391.1,31.29K,-0.68%
06/07/2004,394.5,392.2,395.2,392.1,30.19K,0.71%
06/04/2004,391.7,389.5,392.5,385.5,38.39K,0.72%
06/03/2004,388.9,392.3,393.7,388.2,40.17K,-0.92%
06/02/2004,392.5,395.8,398,391,55.68K,-0.73%
06/01/2004,395.4,396,399.8,394.3,51.84K,0.13%
05/28/2004,394.9,396.4,398,393.5,43.69K,0.00%
05/27/2004,394.9,388.2,395.9,388.1,53.05K,1.70%
05/26/2004,388.3,388.3,392.1,387.6,81.92K,-0.03%
05/25/2004,388.4,385.9,390,385.2,68.37K,0.70%
05/24/2004,385.7,385.3,386.8,383.2,51.33K,0.21%
05/21/2004,384.9,379,387.3,379,67.11K,1.69%
05/20/2004,378.5,382.8,383,378.2,39.05K,-1.17%
05/19/2004,383,376.2,383.5,376.1,45.80K,1.89%
05/18/2004,375.9,379.8,379.9,375.5,31.43K,-0.97%
05/17/2004,379.6,378.1,383.7,376.8,44.34K,0.66%
05/14/2004,377.1,375,377.9,373.2,38.03K,0.59%
05/13/2004,374.9,377.6,379.2,373,48.58K,-0.74%
05/12/2004,377.7,378.4,384.5,377.5,53.95K,0.13%
05/11/2004,377.2,378.7,380.2,374.6,45.65K,-0.40%
05/10/2004,378.7,379.1,379.8,371.3,55.91K,-0.11%
05/07/2004,379.1,388.4,391,377.7,69.42K,-2.39%
05/06/2004,388.4,394.1,394.9,387,41.91K,-1.37%
05/05/2004,393.8,392.5,395.3,390.5,39.43K,0.51%
05/04/2004,391.8,387.6,394,386.9,41.44K,1.11%
05/03/2004,387.5,388.9,390,386.1,25.70K,0.00%
04/30/2004,387.5,388,391.3,386,44.29K,0.10%
04/29/2004,387.1,386.2,388.5,377,65.61K,0.31%
04/28/2004,385.9,399.4,400,384,97.65K,-3.31%
04/27/2004,399.1,396.8,399.8,396.3,32.30K,0.63%
04/26/2004,396.6,395.5,398.8,394.3,21.07K,0.23%
04/23/2004,395.7,394.5,397.1,393.2,28.05K,0.46%
04/22/2004,393.9,390.9,394.5,390.2,38.07K,0.64%
04/21/2004,391.4,397.8,398,390.2,79.20K,-1.73%
04/20/2004,398.3,400.8,401.9,396.3,47.23K,-0.72%
04/19/2004,401.2,402.3,406.5,400.9,33.55K,-0.10%
04/16/2004,401.6,399.5,403.3,397.5,52.52K,0.83%
04/15/2004,398.3,400.9,402.6,396.2,71.90K,-0.55%
04/14/2004,400.5,407.9,408.7,397,92.74K,-1.77%
04/13/2004,407.7,421,422.2,405.5,109.74K,-3.14%
04/12/2004,420.9,421.5,423.1,418,27.56K,0.05%
04/08/2004,420.7,423.3,424.7,419.5,29.75K,-0.71%
04/07/2004,423.7,420,425.1,418.5,38.24K,0.93%
04/06/2004,419.8,416.7,420.7,416.4,31.55K,0.84%
04/05/2004,416.3,423,423,414.5,54.21K,-1.47%
04/02/2004,422.5,428.5,430.5,418.5,71.52K,-1.47%
04/01/2004,428.8,427.5,433,425.9,53.59K,0.12%
03/31/2004,428.3,422.8,428.5,421.6,55.14K,1.30%
03/30/2004,422.8,418,423.4,417.7,65.19K,1.37%
03/29/2004,417.1,421.9,422.9,416.6,64.30K,-1.21%
03/26/2004,422.2,416.1,424,415.1,73.27K,1.27%
03/25/2004,416.9,416.4,418.5,415,68.52K,-0.12%
03/24/2004,417.4,419.8,420.3,414.9,68.49K,-0.62%
03/23/2004,420,417.4,420.8,415.6,63.09K,0.57%
03/22/2004,417.6,412.3,419,411.5,68.52K,1.19%
03/19/2004,412.7,411.2,413.6,409.1,39.78K,0.34%
03/18/2004,411.3,407.5,414.4,406.3,78.93K,1.03%
03/17/2004,407.1,402.7,407.5,401.9,43.25K,1.12%
03/16/2004,402.6,399.6,404.7,399.2,40.78K,0.75%
03/15/2004,399.6,396,401,396,36.83K,1.01%
03/12/2004,395.6,401.6,403.9,395.1,52.72K,-1.35%
03/11/2004,401,400.3,401.5,397.2,35.28K,0.17%
03/10/2004,400.3,403.5,404.7,397.7,50.11K,-1.04%
03/09/2004,404.5,401.2,406.4,400.5,42.62K,0.90%
03/08/2004,400.9,401.2,401.7,398.8,23.02K,-0.17%
03/05/2004,401.6,393.3,402,392.7,59.42K,2.14%
03/04/2004,393.2,393,396,391.7,36.93K,0.13%
03/03/2004,392.7,393.5,393.9,388.2,51.18K,-0.28%
03/02/2004,393.8,400,401.9,391.2,57.56K,-1.45%
03/01/2004,399.6,397.5,403.5,397.4,41.38K,0.71%
02/27/2004,396.8,395.6,398.4,392.3,37.27K,0.33%
02/26/2004,395.5,396.1,398.1,391,59.32K,-0.15%
02/25/2004,396.1,404.7,404.8,393,70.85K,-2.15%
02/24/2004,404.8,399,405,396.1,34.36K,1.38%
02/23/2004,399.3,399.5,400.8,396.1,35.34K,0.33%
02/20/2004,398,410.4,412,394.5,83.90K,-3.00%
02/19/2004,410.3,411.5,412.6,408.6,38.64K,-0.61%
02/18/2004,412.8,414.8,416.6,411.6,39.58K,-0.89%
02/17/2004,416.5,414.5,417,413.2,39.58K,1.39%
02/13/2004,410.8,413.3,418,407.1,39.58K,-0.82%
02/12/2004,414.2,412.2,414.4,410.3,39.58K,0.85%
02/11/2004,410.7,407.2,412.5,405.5,46.64K,0.91%
02/10/2004,407,407.4,411.1,406.8,38.11K,-0.10%
02/09/2004,407.4,403.4,408.4,403,27.86K,0.79%
02/06/2004,404.2,398.4,410.2,395.6,64.45K,1.35%
02/05/2004,398.8,401.3,401.9,397.8,45.91K,-0.72%
02/04/2004,401.7,400.7,401.8,399.4,25.04K,0.45%
02/03/2004,399.9,398.7,404.5,398.6,38.11K,0.15%
02/02/2004,399.3,403.1,404.3,395,53.27K,-0.89%
01/30/2004,402.9,399.9,403.3,399.4,50.15K,0.88%
01/29/2004,399.4,412,412.5,397.5,116.45K,-3.67%
01/28/2004,414.6,410.3,415,408.2,76.52K,1.10%
01/27/2004,410.1,405.9,412.4,403.1,99.31K,0.84%
01/26/2004,406.7,407.6,409.3,405.5,54.96K,-0.32%
01/23/2004,408,410,413,406.5,72.21K,-0.51%
01/22/2004,410.1,410.8,413.3,408.3,64.88K,-0.27%
01/21/2004,411.2,412.9,413.6,407.5,52.72K,-0.41%
01/20/2004,412.9,407,413.4,405.8,52.90K,1.45%
01/16/2004,407,409,411.2,405.7,54.13K,-0.42%
01/15/2004,408.7,421,421,408,96.40K,-3.15%
01/14/2004,422,424.7,425.4,418,56.77K,-0.47%
01/13/2004,424,425.8,427.2,423,35.89K,-0.61%
01/12/2004,426.6,427.3,429.7,423.6,43.64K,-0.05%
01/09/2004,426.8,424.4,428,421.1,48.25K,0.57%
01/08/2004,424.4,421.7,426,417.7,56.25K,0.50%
01/07/2004,422.3,423.1,425.4,420.5,49.67K,-0.21%
01/06/2004,423.2,424.2,431.5,421.5,59.54K,-0.38%
01/05/2004,424.8,416.8,425.7,416.6,56.43K,2.09%
12/31/2003,416.1,417.3,418.4,414.9,20.37K,-0.26%
12/30/2003,417.2,415.5,417.9,415.2,22.64K,0.46%
12/29/2003,415.3,413.2,416.5,412.8,24.85K,0.61%
12/24/2003,412.8,411.6,413.5,411.3,15.18K,0.29%
12/23/2003,411.6,411.1,411.9,409.6,18.16K,0.07%
12/22/2003,411.3,409.3,412.5,409,22.58K,0.34%
12/19/2003,409.9,411.4,412,408.3,28.66K,-0.29%
12/18/2003,411.1,413.2,414.6,408.5,37.18K,-0.39%
12/17/2003,412.7,408.8,412.8,402.6,35.40K,1.05%
12/16/2003,408.4,410,411.4,408.1,29.70K,-0.37%
12/15/2003,409.9,405,411.9,402.1,44.01K,-0.05%
12/12/2003,410.1,406,410.4,405.8,33.49K,1.16%
12/11/2003,405.4,406.5,407.4,403.3,42.34K,-0.39%
12/10/2003,407,409,413.3,406.5,51.99K,-0.46%
12/09/2003,408.9,407.6,410.5,406.4,36.92K,0.34%
12/08/2003,407.5,407.3,410.6,405.7,37.70K,0.05%
12/05/2003,407.3,404.2,407.5,400.5,46.82K,0.77%
12/04/2003,404.2,405,406.2,400.8,42.59K,-0.15%
12/03/2003,404.8,404.7,405.4,402.2,25.86K,0.05%
12/02/2003,404.6,403.7,407,400.3,41.75K,0.20%
12/01/2003,403.8,398.9,404,397.8,51.90K,1.76%
11/26/2003,396.8,390.7,402,390.6,12.66K,1.46%
11/25/2003,391.1,391.5,393.2,389.5,74.33K,-0.10%
11/24/2003,391.5,396.2,396.5,390.2,77.38K,-1.14%
11/21/2003,396,394.1,398.2,392.7,75.04K,0.58%
11/20/2003,393.7,395,397.5,392,59.92K,-0.30%
11/19/2003,394.9,397.6,400.7,392.7,52.52K,-0.68%
11/18/2003,397.6,391.5,398.6,390.4,72.16K,1.56%
11/17/2003,391.5,399.5,399.9,386,77.98K,-1.63%
11/14/2003,398,394.4,399.4,394.2,69.05K,0.94%
11/13/2003,394.3,394.6,398.4,393.4,67.08K,-0.18%
11/12/2003,395,388.1,397,387.8,78.85K,1.75%
11/11/2003,388.2,386.7,389.3,386,32.65K,0.39%
11/10/2003,386.7,383.6,387.8,383.1,36.29K,0.86%
11/07/2003,383.4,380.4,384,376.5,48.14K,0.71%
11/06/2003,380.7,382.8,384.1,379.7,28.84K,-0.52%
11/05/2003,382.7,380,384.9,379.1,38.81K,0.71%
11/04/2003,380,377.5,381.4,377.2,39.00K,0.77%
11/03/2003,377.1,384.7,385.7,376.5,56.04K,-1.95%
10/31/2003,384.6,384,389.8,382.2,47.91K,0.05%
10/30/2003,384.4,386.9,392,382.5,56.38K,-0.67%
10/29/2003,387,383.4,388.2,380.3,50.79K,0.94%
10/28/2003,383.4,388,388.7,383,39.45K,-1.24%
10/27/2003,388.2,388.6,389,386,25.12K,-0.26%
10/24/2003,389.2,384.8,393,384.3,54.52K,1.09%
10/23/2003,385,387.2,388.1,383.3,35.11K,-0.47%
10/22/2003,386.8,381.5,388,380.9,50.42K,1.26%
10/21/2003,382,374.3,382.5,373.4,55.03K,2.03%
10/20/2003,374.4,372.9,375.1,370.4,28.21K,0.59%
10/17/2003,372.2,372.3,373.1,366.5,43.61K,-0.27%
10/16/2003,373.2,373.4,375.6,371.2,40.46K,0.03%
10/15/2003,373.1,376.2,376.5,372,33.35K,-0.82%
10/14/2003,376.2,375.6,377.4,372.8,35.63K,0.13%
10/13/2003,375.7,374.4,375.8,370.1,32.51K,0.43%
10/10/2003,374.1,370.7,374.5,370.3,33.88K,1.16%
10/09/2003,369.8,376.1,377.7,368.6,62.88K,-1.65%
10/08/2003,376,377.5,378.5,375.3,27.75K,-0.48%
10/07/2003,377.8,373.6,378.2,373.3,42.46K,1.21%
10/06/2003,373.3,371.8,374.3,370.5,41.34K,0.89%
10/03/2003,370,383.2,387,367,111.84K,-3.57%
10/02/2003,383.7,385.2,387.9,382,34.44K,-0.34%
10/01/2003,385,385.9,387.4,383.6,30.99K,-0.28%
09/30/2003,386.1,383.6,389.4,382.8,49.62K,0.76%
09/29/2003,383.2,381.6,386.1,380.2,46.08K,0.37%
09/26/2003,381.8,385.7,387.5,380.1,57.25K,-0.96%
09/25/2003,385.5,389,394.8,385.5,72.42K,-0.75%
09/24/2003,388.4,386.7,388.5,384.8,35.14K,0.36%
09/23/2003,387,388.1,388.9,384.3,38.92K,-0.33%
09/22/2003,388.3,384,389.1,384,50.68K,1.41%
09/19/2003,382.9,377.4,384.5,376.2,48.74K,1.38%
09/18/2003,377.7,377.8,381,376.2,39.77K,0.11%
09/17/2003,377.3,374.5,378,373.4,34.74K,0.72%
09/16/2003,374.6,375.4,377.4,372.5,38.39K,-0.27%
09/15/2003,375.6,376.6,378,373.5,32.91K,-0.34%
09/12/2003,376.9,381,383,376.2,47.07K,-1.02%
09/11/2003,380.8,381.3,382.7,375.7,43.90K,-0.08%
09/10/2003,381.1,383,384.2,379.6,35.69K,-0.44%
09/09/2003,382.8,376,384.8,376,45.49K,1.75%
09/08/2003,376.2,378.7,378.8,374.7,30.12K,-0.66%
09/05/2003,378.7,374,380.9,371.9,49.93K,1.26%
09/04/2003,374,375,376,370.7,31.05K,-0.27%
09/03/2003,375,374.8,376.7,370.9,39.95K,0.19%
09/02/2003,374.3,376.8,380.4,373.5,43.91K,-0.66%
08/29/2003,376.8,371.8,379,370.6,39.49K,1.40%
08/28/2003,371.6,374,374.2,370,37.88K,-0.67%
08/27/2003,374.1,366.4,375.4,364.4,64.56K,1.99%
08/26/2003,366.8,362.5,367.1,360.3,47.39K,1.21%
08/25/2003,362.4,364.4,365.3,361.6,19.39K,-0.52%
08/22/2003,364.3,361.8,365.3,359.3,32.42K,0.69%
08/21/2003,361.8,367,368,359.5,43.11K,-1.42%
08/20/2003,367,362.8,368.2,362.1,38.27K,1.10%
08/19/2003,363,360,363.8,357.3,34.14K,0.86%
08/18/2003,359.9,364.7,364.8,359,25.58K,-1.32%
08/15/2003,364.7,367.3,367.5,364.3,12.42K,-0.76%
08/14/2003,367.5,363.7,368.8,362.3,41.25K,1.04%
08/13/2003,363.7,360,366,357.2,41.25K,1.03%
08/12/2003,360,362.9,363.4,359.7,23.75K,-0.91%
08/11/2003,363.3,357.7,363.5,357.5,28.29K,1.51%
08/08/2003,357.9,354.1,359,353.4,36.97K,1.07%
08/07/2003,354.1,352.3,355,351,24.29K,0.48%
08/06/2003,352.4,351.2,354.6,350.2,33.05K,0.34%
08/05/2003,351.2,351,352.4,349.3,18.66K,0.09%
08/04/2003,350.9,348.7,351.8,348,40.70K,0.89%
08/01/2003,347.8,356,356.9,346,59.01K,-2.25%
07/31/2003,355.8,358.1,359.4,355,41.08K,-0.64%
07/30/2003,358.1,363,363.6,356.6,59.69K,-1.00%
07/29/2003,361.7,363.9,365.4,360.9,48.03K,-0.88%
07/28/2003,364.9,362.6,367.7,360.1,58.36K,0.58%
07/25/2003,362.8,361.9,364.5,359.6,63.27K,0.14%
07/24/2003,362.3,358.7,363.9,356,66.25K,0.92%
07/23/2003,359,350.4,359,350.3,59.97K,2.37%
07/22/2003,350.7,351.3,353,349.6,33.59K,-0.09%
07/21/2003,351,347,352.3,346.8,36.90K,1.07%
07/18/2003,347.3,343.5,347.8,342.9,34.32K,0.87%
07/17/2003,344.3,343.4,345.5,340.8,30.90K,0.32%
07/16/2003,343.2,342.4,344.5,340.6,25.59K,0.29%
07/15/2003,342.2,347.5,349.4,341,21.31K,-1.61%
07/14/2003,347.8,345.2,348.2,344.1,22.03K,0.78%
07/11/2003,345.1,342.3,345.7,342.3,24.41K,0.15%
07/10/2003,344.6,344.4,346,342.1,38.71K,0.20%
07/09/2003,343.9,344.4,346.3,343.5,29.38K,-0.15%
07/08/2003,344.4,348.1,348.8,342.6,33.39K,-1.15%
07/07/2003,348.4,348.8,352.6,347.8,22.42K,-0.83%
07/03/2003,351.3,351.6,352.4,349.3,19.67K,-0.09%
07/02/2003,351.6,351.4,353.3,350.3,24.43K,-0.03%
07/01/2003,351.7,346.4,353.8,346.1,38.72K,1.56%
06/30/2003,346.3,345.5,348.1,344.5,23.51K,0.23%
06/27/2003,345.5,344,347.3,343.3,24.97K,0.38%
06/26/2003,344.2,348.5,348.7,343.5,33.50K,-1.54%
06/25/2003,349.6,346.9,350.3,346.9,29.76K,0.84%
06/24/2003,346.7,353.4,355.4,346.3,58.54K,-1.90%
06/23/2003,353.4,357.7,358.3,351,42.23K,-0.93%
06/20/2003,356.7,361.8,363,355.8,24.14K,-1.41%
06/19/2003,361.8,358.3,363.6,355.5,36.73K,1.12%
06/18/2003,357.8,363.8,364.9,357,36.61K,-1.65%
06/17/2003,363.8,359.8,365.7,359,47.84K,1.14%
06/16/2003,359.7,358,361.9,356.5,30.69K,0.70%
06/13/2003,357.2,354.1,357.7,351.9,28.87K,0.93%
06/12/2003,353.9,356.3,356.6,351.5,31.08K,-0.65%
06/11/2003,356.2,353,358,352.8,34.08K,0.96%
06/10/2003,352.8,362.6,362.9,352,73.30K,-2.70%
06/09/2003,362.6,364.7,366.8,361.8,25.00K,-0.52%
06/06/2003,364.5,369.5,369.5,362.2,38.68K,-1.35%
06/05/2003,369.5,362.8,370.5,361.8,49.03K,1.62%
06/04/2003,363.6,366.9,367.1,362.7,28.08K,-0.74%
06/03/2003,366.3,366.1,368.1,364.3,24.85K,-0.22%
06/02/2003,367.1,364,368.3,361.2,36.82K,0.41%
05/30/2003,365.6,370.7,370.8,361.5,40.34K,-1.38%
05/29/2003,370.7,366.4,371,361.1,58.39K,1.51%
05/28/2003,365.2,367,367.3,358.6,57.23K,-0.71%
05/27/2003,367.8,370.7,374.9,365.6,68.84K,-0.27%
05/23/2003,368.8,367.9,371.2,365.5,39.69K,0.19%
05/22/2003,368.1,372.5,373,366.7,49.12K,-1.10%
05/21/2003,372.2,366.8,373.5,364,57.50K,1.56%
05/20/2003,366.5,364,370.5,364,53.32K,0.58%
05/19/2003,364.4,358,365,356.8,49.91K,2.68%
05/16/2003,354.9,352.4,357.4,351.6,35.35K,0.60%
05/15/2003,352.8,352.5,356.4,351.2,37.63K,0.09%
05/14/2003,352.5,350.1,355.1,348.7,41.63K,0.66%
05/13/2003,350.2,351.8,352.1,349.1,21.74K,-0.48%
05/12/2003,351.9,349.4,352.8,348.5,1.62K,0.86%
05/09/2003,348.9,349,349.5,347,25.85K,0.06%
05/08/2003,348.7,343.7,350,341.2,53.16K,1.90%
05/07/2003,342.2,344.4,345.2,339.6,39.82K,-0.18%
05/06/2003,342.8,344.5,345.4,341.6,25.75K,0.06%
05/05/2003,342.6,341.8,343.6,341,18.35K,0.38%
05/02/2003,341.3,342.2,344,339.2,30.52K,-0.32%
05/01/2003,342.4,339.2,343.8,338.5,43.54K,0.88%
04/30/2003,339.4,334.4,340.4,334,42.10K,1.62%
04/29/2003,334,334.3,334.7,331.3,21.85K,-0.24%
04/28/2003,334.8,333.7,335.6,329.5,34.08K,0.33%
04/25/2003,333.7,333.4,335.1,332.8,17.33K,-0.42%
04/24/2003,335.1,331.9,335.5,331.4,29.60K,0.96%
04/23/2003,331.9,334.1,335.6,331.5,32.26K,-0.87%
04/22/2003,334.8,333.7,336.8,332.4,31.73K,0.27%
04/21/2003,333.9,327.6,334.5,327.6,36.09K,1.92%
04/17/2003,327.6,326.8,328.7,326.5,22.05K,0.40%
04/16/2003,326.3,324.8,327,323.2,30.33K,0.25%
04/15/2003,325.5,324.6,326.8,322.6,28.63K,0.18%
04/14/2003,324.9,326.1,328.1,324.6,16.37K,-1.10%
04/11/2003,328.5,325.5,329,323.5,30.63K,0.37%
04/10/2003,327.3,326,327.9,324.9,32.78K,0.34%
04/09/2003,326.2,323,327.7,321.7,40.11K,1.02%
04/08/2003,322.9,321.7,324.9,319.8,28.19K,0.22%
04/07/2003,322.2,320.8,324,320,23.53K,-1.17%
04/04/2003,326,323.6,326.4,323.6,23.43K,0.09%
04/03/2003,325.7,325.6,330.9,324,33.05K,-1.42%
04/02/2003,330.4,330.3,331.5,328,37.22K,-1.43%
04/01/2003,335.2,335.7,339.4,334.6,24.54K,-0.50%
03/31/2003,336.9,333.4,337.5,333.1,23.16K,1.35%
03/28/2003,332.4,331,333.5,329.4,35.16K,1.22%
03/27/2003,328.4,330.1,333,328.3,26.79K,-0.51%
03/26/2003,330.1,328.7,331.4,328.3,53.77K,0.55%
03/25/2003,328.3,330,334.5,327.3,43.11K,-0.36%
03/24/2003,329.5,327.7,330.7,326.3,38.85K,1.04%
03/21/2003,326.1,332.8,334.5,325.8,24.46K,-2.07%
03/20/2003,333,336,338,331.8,49.56K,-0.95%
03/19/2003,336.2,339.4,341,334.3,32.67K,-0.44%
03/18/2003,337.7,337.5,340.5,334.3,29.39K,0.15%
03/17/2003,337.2,338.4,345.3,334.8,35.98K,0.18%
03/14/2003,336.6,335,339.5,332.4,39.42K,0.18%
03/13/2003,336,346.3,346.7,332,30.78K,-3.06%
03/12/2003,346.6,351,351.3,345.9,60.96K,-1.14%
03/11/2003,350.6,354.9,355.5,348.7,34.78K,-1.18%
03/10/2003,354.8,353.7,355.5,353.2,32.52K,1.11%
03/07/2003,350.9,356.9,358.7,347,22.74K,-1.68%
03/06/2003,356.9,353.5,357.4,352.6,52.45K,1.05%
03/05/2003,353.2,353.4,358.8,352.3,27.35K,-0.03%
03/04/2003,353.3,349.5,354.9,349.5,37.68K,1.15%
03/03/2003,349.3,349.8,349.9,345.2,25.92K,-0.29%
02/28/2003,350.3,346.4,351.5,345.3,30.65K,1.18%
02/27/2003,346.2,354.5,357,345.7,34.86K,-2.23%
02/26/2003,354.1,352,356.5,351.3,47.16K,0.48%
02/25/2003,352.4,356.9,360.6,351,27.58K,-1.12%
02/24/2003,356.4,351.9,358.1,350.4,45.35K,1.31%
02/21/2003,351.8,353.3,355,351,30.94K,-0.37%
02/20/2003,353.1,350.4,355,349.8,21.11K,0.89%
02/19/2003,350,343.6,350.3,342.4,36.70K,1.66%
02/18/2003,344.3,348.1,349,343,39.63K,-2.24%
02/14/2003,352.2,357.7,358.6,349,39.74K,-1.54%
02/13/2003,357.7,353,359.1,348.5,41.02K,1.33%
02/12/2003,353,363.7,366.4,352.5,51.41K,-2.75%
02/11/2003,363,363.8,366.2,361,77.08K,-0.33%
02/10/2003,364.2,370.4,373.7,363.5,51.90K,-1.70%
02/07/2003,370.5,369.9,375.6,367.6,40.67K,-0.05%
02/06/2003,370.7,376.5,377.3,369,50.70K,-1.72%
02/05/2003,377.2,380.2,390.8,373,60.72K,-0.71%
02/04/2003,379.9,372,380,371.9,76.85K,2.23%
02/03/2003,371.6,368.9,372.7,368.7,40.28K,0.68%
01/31/2003,369.1,369.8,372.7,368,25.07K,-0.16%
01/30/2003,369.7,367,371.2,363.5,30.47K,0.93%
01/29/2003,366.3,369.5,371.2,365.5,0.83K,-1.00%
01/28/2003,370,369.4,370.2,365.5,57.10K,0.16%
01/27/2003,369.4,368,373.7,367.8,41.58K,0.27%
01/24/2003,368.4,364.6,370.2,362.8,61.85K,1.01%
01/23/2003,364.7,360.1,367.7,360,53.97K,1.33%
01/22/2003,359.9,357.9,360.4,357.8,62.86K,0.67%
01/21/2003,357.5,356.1,358.1,353.4,37.42K,0.20%
01/17/2003,356.8,358,358.7,355.3,43.86K,-0.36%
01/16/2003,358.1,351,359,350.6,31.63K,1.99%
01/15/2003,351.1,352.2,353.4,348.7,41.79K,-0.37%
01/14/2003,352.4,354.9,355.1,351.5,41.40K,-0.76%
01/13/2003,355.1,354.4,355.4,351.6,37.77K,0.06%
01/10/2003,354.9,353,356.5,350.5,22.39K,0.34%
01/09/2003,353.7,354.6,357.5,351.5,42.15K,-0.17%
01/08/2003,354.3,347.3,356,345.2,43.30K,1.90%
01/07/2003,347.7,351.9,352,345,52.45K,-1.25%
01/06/2003,352.1,351.6,357,350.5,39.84K,0.14%
01/03/2003,351.6,346,353.5,343.6,37.93K,1.47%
01/02/2003,346.5,347.6,348.2,342.8,39.51K,-0.49%
12/31/2002,348.2,344.4,348.5,341.7,34.84K,1.19%
12/30/2002,344.1,350,350.8,342.5,20.78K,-1.60%
12/27/2002,349.7,350,352,347.3,25.32K,0.09%
12/26/2002,349.4,347.3,350.6,344.8,21.41K,0.60%
12/24/2002,347.3,345.3,349.3,345.1,14.24K,0.49%
12/23/2002,345.6,340.1,345.8,340.1,10.91K,1.35%
12/20/2002,341,347,348.9,339,16.50K,-1.59%
12/19/2002,346.5,343.3,355.7,343.3,38.72K,1.11%
12/18/2002,342.7,338,342.8,336.5,55.58K,1.39%
12/17/2002,338,337.4,343,336.3,43.78K,0.12%
12/16/2002,337.6,333.6,338,333.1,57.49K,1.14%
12/13/2002,333.8,332.2,336.7,330.7,31.09K,0.51%
12/12/2002,332.1,325.6,333.5,325,50.61K,2.03%
12/11/2002,325.5,324.4,326,323.6,52.40K,0.40%
12/10/2002,324.2,326.7,327.1,323.1,20.60K,-0.70%
12/09/2002,326.5,327,327.4,325.5,34.05K,-0.18%
12/06/2002,327.1,325.3,330,324.7,21.73K,0.46%
12/05/2002,325.6,322.8,325.8,321.7,53.09K,0.77%
12/04/2002,323.1,321,324.5,320.6,35.62K,0.59%
12/03/2002,321.2,318.4,321.7,318.1,34.66K,0.85%
12/02/2002,318.5,319.1,319.4,316.6,31.05K,0.54%
11/27/2002,316.8,318,318.5,316.7,3.64K,-0.28%
11/26/2002,317.7,317.7,317.7,317.7,,-0.06%
11/25/2002,317.9,320.3,321.2,316.9,50.90K,-0.93%
11/22/2002,320.9,317.8,322,316.5,45.98K,1.04%
11/21/2002,317.6,317.6,318.7,317.2,43.61K,0.00%
11/20/2002,317.6,319,319.7,317.5,41.33K,-0.38%
11/19/2002,318.8,319.5,320.6,318.6,21.84K,-0.19%
11/18/2002,319.4,320.6,321,318.1,19.55K,-0.47%
11/15/2002,320.9,318.1,321.3,318.1,20.85K,0.88%
11/14/2002,318.1,319,319.7,317.2,34.94K,-0.25%
11/13/2002,318.9,324.7,325.4,317,25.60K,-1.79%
11/12/2002,324.7,321.8,325,321,58.90K,0.96%
11/11/2002,321.6,321.7,322.2,320.1,39.96K,-0.03%
11/08/2002,321.7,321.1,323.5,320.6,19.66K,0.25%
11/07/2002,320.9,318.2,321.5,318.2,33.79K,0.94%
11/06/2002,317.9,318.6,318.9,317.2,45.94K,-0.22%
11/05/2002,318.6,318.8,320.2,318.3,14.49K,-0.03%
11/04/2002,318.7,319.2,319.3,317.1,15.19K,-0.16%
11/01/2002,319.2,318.3,322,317.9,22.70K,0.25%
10/31/2002,318.4,317.2,318.7,316,38.93K,0.47%
10/30/2002,316.9,318.2,318.2,316.4,24.54K,-0.38%
10/29/2002,318.1,315.7,318.8,315.7,18.23K,0.79%
10/28/2002,315.6,313.8,315.9,313.5,32.78K,0.54%
10/25/2002,313.9,311.8,314.8,311.7,20.89K,0.87%
10/24/2002,311.2,312.6,313,309.1,30.37K,-0.45%
10/23/2002,312.6,313.9,314,312.2,34.53K,-0.32%
10/22/2002,313.6,311.6,313.9,311.2,21.23K,0.67%
10/21/2002,311.5,313.4,314.3,310.9,20.29K,-0.57%
10/18/2002,313.3,312.4,313.8,311.1,20.42K,0.35%
10/17/2002,312.2,314.7,315.4,310.1,19.55K,-0.79%
10/16/2002,314.7,313.8,315.6,313.3,42.48K,0.41%
10/15/2002,313.4,318.5,319.3,313,21.13K,-1.63%
10/14/2002,318.6,317.2,319.3,317.2,49.26K,0.44%
10/11/2002,317.2,317.3,318.5,316.6,11.44K,-0.06%
10/10/2002,317.4,320.8,321.6,316.8,33.57K,-1.06%
10/09/2002,320.8,319.1,321.3,318.8,38.78K,0.44%
10/08/2002,319.4,323.1,323.9,318.8,24.85K,-1.15%
10/07/2002,323.1,323.4,324.3,322.2,36.51K,-0.06%
10/04/2002,323.3,322.1,323.6,320,16.58K,0.28%
10/03/2002,322.4,322.8,325.5,322,32.14K,-0.12%
10/02/2002,322.8,322.1,323.6,320.8,30.47K,0.19%
10/01/2002,322.2,324.3,325,321.6,26.22K,-0.92%
09/30/2002,325.2,321.7,326.2,321.2,25.37K,1.28%
09/27/2002,321.1,321.6,323.1,320.1,27.46K,-0.19%
09/26/2002,321.7,323.5,324.6,319.8,25.88K,-0.59%
09/25/2002,323.6,327.5,328,323.4,40.76K,-1.10%
09/24/2002,327.2,324.1,329.3,323.2,30.49K,0.96%
09/23/2002,324.1,323.5,326,322.6,49.42K,0.28%
09/20/2002,323.2,324,325.3,321.6,29.79K,-0.22%
09/19/2002,323.9,321.3,325,320.6,29.65K,0.65%
09/18/2002,321.8,318.2,322.5,318,35.78K,1.13%
09/17/2002,318.2,318.6,318.6,314.7,39.33K,-0.09%
09/16/2002,318.5,317.8,319.4,316.4,27.48K,0.13%
09/13/2002,318.1,320.5,321.5,317,21.67K,-0.72%
09/12/2002,320.4,318.1,321.3,318,27.68K,0.72%
09/11/2002,318.1,319.2,319.3,316,22.68K,-0.41%
09/10/2002,319.4,322.6,322.9,318.2,10.20K,-1.05%
09/09/2002,322.8,321.5,325.5,321.2,24.67K,0.40%
09/06/2002,321.5,319.9,322.9,319.2,29.18K,0.53%
09/05/2002,319.8,316.1,320.8,315.4,32.35K,1.04%
09/04/2002,316.5,315.2,317.1,313.8,37.72K,0.48%
09/03/2002,315,313.8,315.9,312.6,18.27K,0.35%
08/30/2002,313.9,314.4,316,313.3,19.53K,-0.16%
08/29/2002,314.4,311.3,314.8,310.8,14.07K,1.13%
08/28/2002,310.9,313.9,314.1,310.7,23.62K,-0.96%
08/27/2002,313.9,311,314.5,309.6,18.09K,0.93%
08/26/2002,311,308.3,312,307.7,27.49K,0.88%
08/23/2002,308.3,308.1,308.7,305.6,18.32K,0.00%
08/22/2002,308.3,309.5,310.1,306.1,16.78K,-0.32%
08/21/2002,309.3,310.3,311,307.5,22.03K,-0.35%
08/20/2002,310.4,307.7,311.2,307.7,15.05K,0.88%
08/19/2002,307.7,315.4,315.4,306,22.12K,-2.44%
08/16/2002,315.4,316.1,317.3,313.8,43.30K,-0.22%
08/15/2002,316.1,313.2,317.8,312.8,15.31K,0.83%
08/14/2002,313.5,316.1,319.2,312.5,26.60K,-0.76%
08/13/2002,315.9,315.8,316.9,315.1,37.98K,0.03%
08/12/2002,315.8,315.5,319.7,315,14.01K,-0.06%
08/09/2002,316,311.9,316.7,309.8,28.99K,1.22%
08/08/2002,312.2,315.9,316.5,311.9,25.98K,-1.23%
08/07/2002,316.1,307.4,317.2,307.4,31.14K,2.86%
08/06/2002,307.3,309.7,310.4,306.5,44.97K,-0.74%
08/05/2002,309.6,309.1,311.5,308.5,18.99K,0.19%
08/02/2002,309,306,309.8,305.8,20.92K,0.98%
08/01/2002,306,305.2,306.8,300.3,23.22K,0.26%
07/31/2002,305.2,306.4,307.9,303.8,37.18K,-0.26%
07/30/2002,306,304.4,307.5,303.5,24.03K,1.19%
07/29/2002,302.4,303.2,303.5,301.6,23.83K,-0.30%
07/26/2002,303.3,310.6,310.6,300.5,28.15K,-2.07%
07/25/2002,309.7,311.5,312.4,308.9,53.40K,-0.55%
07/24/2002,311.4,312.9,314.1,306.7,35.26K,-0.38%
07/23/2002,312.6,323.4,323.5,311.5,51.76K,-3.37%
07/22/2002,323.5,324,326.1,322.2,68.24K,-0.12%
07/19/2002,323.9,317.2,326,317.2,30.19K,2.14%
07/18/2002,317.1,317.5,318.1,316.4,49.14K,-0.19%
07/17/2002,317.7,317.5,318.8,315.7,13.36K,0.06%
07/16/2002,317.5,320,321.3,316.8,26.62K,-0.75%
07/15/2002,319.9,316,320.3,316,32.03K,1.27%
07/12/2002,315.9,317,317.3,315.2,37.16K,-0.54%
07/11/2002,317.6,315.9,318.3,313.7,33.27K,0.79%
07/10/2002,315.1,316.7,317.9,314.2,39.83K,-0.44%
07/09/2002,316.5,313.1,316.7,312.3,33.36K,1.28%
07/08/2002,312.5,310.5,313.8,309,36.01K,0.39%
07/03/2002,311.3,313.1,314.3,310.5,26.06K,-0.61%
07/02/2002,313.2,313.2,313.2,313.2,,-0.38%
07/01/2002,314.4,314.5,315.5,311.6,28.98K,0.16%
06/28/2002,313.9,319.2,321.8,310.5,34.02K,-1.78%
06/27/2002,319.6,321.2,321.5,316.9,42.80K,-0.37%
06/26/2002,320.8,321.4,326.4,320.1,44.27K,0.09%
06/25/2002,320.5,323.3,324.2,318.3,47.77K,-1.29%
06/24/2002,324.7,325.4,327.7,324.3,54.10K,-0.12%
06/21/2002,325.1,324,325.8,322.8,29.99K,0.43%
06/20/2002,323.7,321.3,325.4,321.1,22.24K,1.06%
06/19/2002,320.3,320,323,319.8,39.50K,0.19%
06/18/2002,319.7,317.8,320.2,317.2,23.07K,0.50%
06/17/2002,318.1,319.6,319.8,317.7,17.99K,-0.53%
06/14/2002,319.8,318.5,324,318.5,15.13K,0.41%
06/13/2002,318.5,321,321.1,317.6,30.16K,-0.81%
06/12/2002,321.1,320.8,322.7,319.6,26.81K,0.19%
06/11/2002,320.5,319.5,320.9,316.6,30.29K,0.31%
06/10/2002,319.5,324.5,325.1,318.5,41.63K,-1.81%
06/07/2002,325.4,326.1,328.8,324.3,44.65K,-0.12%
06/06/2002,325.8,322.1,326.6,321.3,31.18K,1.15%
06/05/2002,322.1,328.5,328.5,321.1,34.14K,-2.04%
06/04/2002,328.8,328.8,328.8,328.8,,0.34%
06/03/2002,327.7,327.5,329.5,325.9,27.47K,0.06%
05/31/2002,327.5,326.7,330.2,325.2,25.12K,0.24%
05/30/2002,326.7,326.8,327.9,324.7,32.58K,0.37%
05/29/2002,325.5,324.1,327.3,323,22.05K,0.43%
05/28/2002,324.1,320.2,325.8,319.8,61.74K,1.06%
05/24/2002,320.7,322.5,322.5,319.3,60.78K,-0.65%
05/23/2002,322.8,318.4,323.3,315.6,40.91K,1.41%
05/22/2002,318.3,316,319.8,315.6,55.96K,0.70%
05/21/2002,316.1,316,317.3,314,32.02K,0.03%
05/20/2002,316,310.9,316.7,310.4,46.89K,1.64%
05/17/2002,310.9,310.3,312.4,309.4,40.60K,0.26%
05/16/2002,310.1,309,310.8,308.8,32.21K,0.36%
05/15/2002,309,307.7,309.3,306.5,27.61K,0.46%
05/14/2002,307.6,310.9,311.3,307.1,28.54K,-1.06%
05/13/2002,310.9,311.5,312,309.5,40.42K,-0.13%
05/10/2002,311.3,309.9,312.2,309.9,18.48K,0.48%
05/09/2002,309.8,308.6,310.6,308.4,19.96K,0.42%
05/08/2002,308.5,311.9,313.5,308.3,18.81K,-1.09%
05/07/2002,311.9,311.5,314.5,309.3,54.71K,0.13%
05/06/2002,311.5,312.3,312.8,310.9,46.24K,-0.32%
05/03/2002,312.5,308.3,313.8,308,18.25K,1.26%
05/02/2002,308.6,309.1,309.9,307.1,31.56K,-0.26%
05/01/2002,309.4,309.1,311.6,307.5,22.03K,0.06%
04/30/2002,309.2,311.6,312.2,307.5,38.28K,-0.74%
04/29/2002,311.5,311.8,312.9,310,26.95K,-0.19%
04/26/2002,312.1,308.6,312.5,306.7,20.57K,1.13%
04/25/2002,308.6,304.9,309.8,304.8,42.33K,1.25%
04/24/2002,304.8,304.6,306.2,304.3,35.90K,0.07%
04/23/2002,304.6,303.7,305.2,302.7,17.43K,0.33%
04/22/2002,303.6,302.8,305.2,302.5,15.99K,0.20%
04/19/2002,303,305.2,305.3,301.9,12.25K,-0.72%
04/18/2002,305.2,303,307,302.8,15.53K,0.79%
04/17/2002,302.8,299.4,303.4,298.6,33.73K,1.10%
04/16/2002,299.5,300.5,300.9,298.3,23.50K,-0.40%
04/15/2002,300.7,302.9,303.7,300.4,24.42K,-0.73%
04/12/2002,302.9,303,303.5,301.1,22.16K,-0.03%
04/11/2002,303,302.3,304.2,301.9,14.11K,0.17%
04/10/2002,302.5,299.4,302.9,298,25.19K,1.00%
04/09/2002,299.5,301.4,301.7,299.2,27.91K,-0.60%
04/08/2002,301.3,300.7,302.3,299.3,14.73K,0.10%
04/05/2002,301,301.1,303.2,299,15.29K,-0.33%
04/04/2002,302,303.4,304,300,22.38K,-0.49%
04/03/2002,303.5,306.9,308,302.1,28.09K,-1.14%
04/02/2002,307,304.5,307.8,301.8,29.25K,0.92%
04/01/2002,304.2,304,304.8,301.9,28.77K,0.16%
03/28/2002,303.7,303.9,305.8,301.5,16.48K,0.50%
03/27/2002,302.2,296.8,303.1,296.3,4.10K,1.82%
03/26/2002,296.8,297.6,298.4,295.8,24.90K,-0.30%
03/25/2002,297.7,298,298.6,296.9,31.66K,0.03%
03/22/2002,297.6,293,297.8,293,50.32K,1.54%
03/21/2002,293.1,292.4,293.6,291.9,39.73K,0.24%
03/20/2002,292.4,293,293.3,291.6,19.85K,-0.20%
03/19/2002,293,292.5,294,291.9,15.06K,0.17%
03/18/2002,292.5,292.5,292.5,292.5,14.86K,0.83%
03/15/2002,290.1,291.1,291.6,289.3,17.86K,-0.38%
03/14/2002,291.2,294,294,290.7,19.85K,-0.88%
03/13/2002,293.8,293.4,295.1,293.1,26.76K,0.00%
03/12/2002,293.8,291.1,295,290.5,12.47K,0.86%
03/11/2002,291.3,289.9,293,289.8,29.75K,0.34%
03/08/2002,290.3,290.5,290.5,288.3,11.44K,-0.07%
03/07/2002,290.5,293.8,294.2,289.5,24.68K,-1.16%
03/06/2002,293.9,294.4,295,292.6,32.48K,-0.17%
03/05/2002,294.4,297.1,299.4,294.2,18.00K,-0.91%
03/04/2002,297.1,298.3,300.5,297,30.01K,-0.44%
03/01/2002,298.4,297.4,300,295.5,19.02K,0.44%
02/28/2002,297.1,296.9,298.5,296.3,25.42K,0.17%
02/27/2002,296.6,298.2,299.9,296.1,19.39K,-0.54%
02/26/2002,298.2,291.6,298.5,291.6,23.75K,1.81%
02/25/2002,292.9,292.7,293.3,291.1,30.18K,-0.20%
02/22/2002,293.5,293.6,295,292,17.41K,0.00%
02/21/2002,293.5,292.1,294.5,290.5,20.00K,0.31%
02/20/2002,292.6,293.9,294.6,291.1,23.48K,-0.34%
02/19/2002,293.6,298.5,299.5,293,26.66K,-1.77%
02/15/2002,298.9,300.5,302.5,298.5,30.82K,-0.43%
02/14/2002,300.2,300.1,301.1,298.5,17.76K,0.07%
02/13/2002,300,301.1,301.8,296,16.89K,-0.43%
02/12/2002,301.3,300.8,302.4,297.8,28.15K,0.17%
02/11/2002,300.8,303.5,304.4,298.5,18.55K,-1.18%
02/08/2002,304.4,301.1,309.4,300.6,20.04K,1.26%
02/07/2002,300.6,298.1,302.3,296.5,40.51K,0.77%
02/06/2002,298.3,299,309,297,35.21K,-0.27%
02/05/2002,299.1,290,299.8,290,63.38K,3.10%
02/04/2002,290.1,287,290.5,286,65.22K,1.15%
02/01/2002,286.8,283,287.9,282.4,39.49K,1.38%
01/31/2002,282.9,282.4,283.7,281.8,30.04K,0.00%
01/30/2002,282.9,282.6,284.3,281.4,16.77K,0.53%
01/29/2002,281.4,278.4,281.6,277.2,23.82K,1.04%
01/28/2002,278.5,279,279.8,278,25.74K,-0.21%
01/25/2002,279.1,278.7,279.6,278.2,18.75K,0.25%
01/24/2002,278.4,278.9,279.7,277.5,14.39K,-0.18%
01/23/2002,278.9,281.6,282.4,278.2,25.33K,-1.03%
01/22/2002,281.8,282.5,283.9,281.2,35.90K,-0.56%
01/18/2002,283.4,284.6,284.8,282.8,26.64K,-0.46%
01/17/2002,284.7,287.5,288.6,284.1,14.39K,-1.01%
01/16/2002,287.6,284.5,289.9,283.5,20.92K,1.02%
01/15/2002,284.7,285.5,285.6,283,34.10K,-0.35%
01/14/2002,285.7,287.6,287.6,285.5,20.66K,-0.70%
01/11/2002,287.7,287.6,288.4,285.7,16.92K,0.10%
01/10/2002,287.4,283.7,289.6,283.3,38.79K,1.30%
01/09/2002,283.7,279.3,285,279,42.01K,1.61%
01/08/2002,279.2,279.2,279.2,278.5,65.41K,0.11%
01/07/2002,278.9,279.5,280.5,278,17.46K,-0.11%
01/04/2002,279.2,278.7,279.8,277.6,17.10K,0.25%
01/03/2002,278.5,279,280.4,277.2,14.01K,-0.25%
01/02/2002,279.2,279.5,279.8,278.2,18.03K,0.07%
12/31/2001,279,276.9,279.5,276.5,12.42K,0.79%
12/28/2001,276.8,277.5,278.1,276.3,10.58K,-0.32%
12/27/2001,277.7,279.9,280.8,277.4,11.41K,-0.68%
12/26/2001,279.6,278.8,279.9,278.2,12.95K,0.47%
12/21/2001,278.3,276.6,279.4,276.6,6.71K,0.65%
12/20/2001,276.5,276,277,275.8,11.08K,0.18%
12/19/2001,276,280.9,281,275.6,11.08K,-1.74%
12/18/2001,280.9,278.2,281.4,278.1,34.90K,0.93%
12/17/2001,278.3,278.4,278.9,277,27.03K,-0.11%
12/14/2001,278.6,274.7,279.2,273.8,15.54K,1.46%
12/13/2001,274.6,274.5,275,274.3,44.61K,0.04%
12/12/2001,274.5,273.2,274.8,272.8,7.45K,0.59%
12/11/2001,272.9,273.1,273.4,272.1,12.71K,-0.04%
12/10/2001,273,274.7,274.9,271.7,14.07K,-0.62%
12/07/2001,274.7,275.4,275.9,274.1,31.42K,-0.11%
12/06/2001,275,274.7,275.5,274,14.51K,0.15%
12/05/2001,274.6,276.4,276.4,274.1,11.50K,-0.62%
12/04/2001,276.3,278.2,278.2,276.1,20.40K,-0.58%
12/03/2001,277.9,275.2,278.7,275.2,11.46K,1.09%
11/30/2001,274.9,274.9,276.6,273.7,22.15K,0.07%
11/29/2001,274.7,275.4,276.4,274.5,19.36K,0.22%
11/28/2001,274.1,273.3,275,273.3,22.40K,0.26%
11/27/2001,273.4,272.5,273.9,272.4,22.97K,0.33%
11/26/2001,272.5,272.6,273.2,272.2,26.48K,-0.22%
11/21/2001,273.1,273.3,273.7,271.9,18.62K,-0.04%
11/20/2001,273.2,273,274,272.5,16.27K,0.11%
11/19/2001,272.9,274.9,274.9,272.3,19.45K,-0.73%
11/16/2001,274.9,275.1,275.7,273.8,18.74K,-0.15%
11/15/2001,275.3,277.8,278.1,274.6,17.81K,-0.97%
11/14/2001,278,277.6,279.5,277.4,26.45K,0.00%
11/13/2001,278,278.9,279.5,276.2,17.15K,-0.22%
11/12/2001,278.6,277.7,282.5,277.7,25.19K,0.32%
11/09/2001,277.7,277.7,278.2,277.1,23.28K,0.22%
11/08/2001,277.1,281.2,281.3,276.8,22.43K,-1.49%
11/07/2001,281.3,281,281.9,280.2,28.39K,0.39%
11/06/2001,280.2,279.8,280.7,279,12.91K,0.25%
11/05/2001,279.5,280,280.8,278.5,17.54K,-0.46%
11/02/2001,280.8,280.7,281.7,280.4,10.49K,0.04%
11/01/2001,280.7,280.5,282.3,279.6,8.61K,0.07%
10/31/2001,280.5,281.2,282.4,279.1,13.20K,-0.25%
10/30/2001,281.2,279.8,282,279.5,18.53K,0.54%
10/29/2001,279.7,278.4,280.3,278.1,12.67K,0.50%
10/26/2001,278.3,277.7,279,277.5,12.81K,0.04%
10/25/2001,278.2,276.3,278.4,276.1,14.31K,0.69%
10/24/2001,276.3,276.4,277.4,276.1,17.17K,-0.07%
10/23/2001,276.5,276.3,277.4,275.5,11.21K,0.14%
10/22/2001,276.1,280.9,280.9,275.8,16.39K,-1.64%
10/19/2001,280.7,280.2,281.4,278.8,24.33K,0.32%
10/18/2001,279.8,284.2,284.9,279.2,22.96K,-1.48%
10/17/2001,284,282.8,284.8,282.4,34.26K,0.39%
10/16/2001,282.9,282.7,283.6,282,18.02K,0.07%
10/15/2001,282.7,285.3,286.8,282.5,12.10K,-1.05%
10/12/2001,285.7,282.6,286.5,282.6,17.95K,1.10%
10/11/2001,282.6,285.8,286.9,281.3,22.26K,-1.43%
10/10/2001,286.7,290,290.8,285.1,26.66K,-1.04%
10/09/2001,289.7,293.5,293.8,289.3,32.11K,-1.26%
10/08/2001,293.4,293.8,295.9,292.1,25.54K,0.31%
10/05/2001,292.5,291.6,293.8,291.6,14.74K,0.31%
10/04/2001,291.6,291,293.3,290.1,18.69K,0.21%
10/03/2001,291,291.3,292.8,290.7,20.13K,0.03%
10/02/2001,290.9,293.5,294,290.3,18.66K,-0.89%
10/01/2001,293.5,293.7,294.1,291.9,23.00K,-0.17%
09/28/2001,294,292.9,295.5,291.5,11.05K,0.27%
09/27/2001,293.2,295,295.3,290.5,16.68K,-0.54%
09/26/2001,294.8,291.8,295.2,290.1,17.78K,1.03%
09/25/2001,291.8,291.5,292,288.8,20.94K,0.31%
09/24/2001,290.9,293,294,288,17.48K,-0.68%
09/21/2001,292.9,291.8,296,290.3,14.97K,1.07%
09/20/2001,289.8,292,292.3,289,24.55K,-0.86%
09/19/2001,292.3,289.7,294,288.6,15.31K,0.90%
09/18/2001,289.7,291,292,287.7,25.79K,-0.62%
09/17/2001,291.5,291,293,287,15.84K,-0.27%
09/14/2001,292.3,292,300,289,32.28K,4.39%
09/11/2001,280,273.7,290,273.1,4.52K,2.30%
09/10/2001,273.7,273.7,273.7,273.7,,-0.51%
09/07/2001,275.1,275,276.6,274.4,22.21K,0.04%
09/06/2001,275,274,275.6,273.5,20.60K,0.33%
09/05/2001,274.1,273.5,274.8,273.2,16.90K,0.15%
09/04/2001,273.7,276.1,276.1,273.3,12.62K,-1.01%
08/31/2001,276.5,276.9,278.4,274.5,18.86K,-0.36%
08/30/2001,277.5,275.9,277.7,274.3,18.65K,0.62%
08/29/2001,275.8,274.3,276.4,274,19.51K,0.51%
08/28/2001,274.4,274.2,275.1,272.6,16.27K,-0.18%
08/27/2001,274.9,274.9,275.5,273.5,15.76K,0.00%
08/24/2001,274.9,277.9,278.2,274.3,14.13K,-1.01%
08/23/2001,277.7,277,278.4,276.7,22.50K,0.14%
08/22/2001,277.3,278.2,280.8,277,10.57K,-0.04%
08/21/2001,277.4,278.9,280.2,276.2,17.55K,-0.43%
08/20/2001,278.6,282,282,278.4,21.60K,-1.21%
08/17/2001,282,277.5,283.8,277.4,18.33K,1.48%
08/16/2001,277.9,278.7,279.4,277.5,41.75K,-0.18%
08/15/2001,278.4,279.3,280.5,277.2,28.66K,-0.25%
08/14/2001,279.1,278.8,279.4,276.1,30.50K,0.18%
08/13/2001,278.6,275.8,280.2,275.8,27.37K,0.65%
08/10/2001,276.8,276.2,279.8,275.2,22.92K,0.22%
08/09/2001,276.2,270.8,276.6,270.5,48.33K,2.03%
08/08/2001,270.7,269.8,271.2,268.7,57.18K,0.30%
08/07/2001,269.9,270.1,270.3,268.4,14.47K,0.00%
08/06/2001,269.9,270.8,271,269.3,12.90K,-0.33%
08/03/2001,270.8,270,271.4,268.9,7.42K,0.18%
08/02/2001,270.3,270.3,270.7,269.2,15.40K,0.00%
08/01/2001,270.3,269.2,271.2,268.9,8.91K,0.41%
07/31/2001,269.2,267.6,269.5,267.3,20.27K,0.60%
07/30/2001,267.6,270.6,270.6,267.3,11.93K,0.07%
07/27/2001,267.4,266.3,267.5,265.4,17.98K,0.41%
07/26/2001,266.3,267.8,268.3,265.4,25.74K,-0.56%
07/25/2001,267.8,270,270.2,267.3,37.01K,-0.81%
07/24/2001,270,269.1,270.3,268.6,36.18K,0.33%
07/23/2001,269.1,270.4,270.4,268.8,15.96K,-0.41%
07/20/2001,270.2,269.8,271.1,269,6.41K,0.19%
07/19/2001,269.7,271.4,272.1,268,18.57K,-0.41%
07/18/2001,270.8,268.7,271.5,268.2,23.64K,0.82%
07/17/2001,268.6,267.6,268.7,267.2,25.41K,0.45%
07/16/2001,267.4,267.6,269.6,267,10.91K,-0.07%
07/13/2001,267.6,267.4,267.9,266.3,16.94K,0.19%
07/12/2001,267.1,269,269.2,266,14.02K,-0.63%
07/11/2001,268.8,266.5,270.2,266.1,17.67K,0.79%
07/10/2001,266.7,267,268.1,266.5,26.15K,-0.11%
07/09/2001,267,267.1,267.5,265.9,13.22K,0.15%
07/06/2001,266.6,266,267.7,264.8,13.51K,0.30%
07/05/2001,265.8,267.7,268.8,265.3,24.57K,-0.93%
07/03/2001,268.3,270,270.2,268.1,24.57K,-0.67%
07/02/2001,270.1,271.5,271.5,268.5,18.33K,-0.44%
06/29/2001,271.3,270.5,272.7,270,17.62K,0.48%
06/28/2001,270,272.9,273.2,268.4,17.40K,-1.03%
06/27/2001,272.8,277,278,272.2,36.82K,-1.52%
06/26/2001,277,274.5,279.8,274,23.39K,0.84%
06/25/2001,274.7,273.2,275.9,273.1,26.44K,0.51%
06/22/2001,273.3,273.8,276.7,272.5,13.03K,-0.11%
06/21/2001,273.6,273.2,274.7,272.1,22.09K,0.07%
06/20/2001,273.4,274.6,274.7,271.8,12.85K,-0.36%
06/19/2001,274.4,273.6,275.8,272.6,16.18K,0.37%
06/18/2001,273.4,271.6,275.1,271.6,16.35K,0.40%
06/15/2001,272.3,277.1,277.2,270.8,19.13K,-1.48%
06/14/2001,276.4,273.2,277.9,271.5,24.52K,1.21%
06/13/2001,273.1,272,274.5,270.2,31.76K,0.18%
06/12/2001,272.6,269,273.4,267.8,26.23K,1.38%
06/11/2001,268.9,275,275.2,267.5,24.21K,-2.04%
06/08/2001,274.5,267.6,275.5,267.1,28.48K,2.69%
06/07/2001,267.3,267,267.6,266.6,29.04K,0.11%
06/06/2001,267,267.1,268.4,266.3,6.58K,-0.04%
06/05/2001,267.1,266.9,267.5,265.5,16.36K,0.23%
06/04/2001,266.5,267.9,268.5,266.2,14.00K,-0.56%
06/01/2001,268,266.8,268.7,266.2,14.69K,0.41%
05/31/2001,266.9,267.9,269.6,266.5,18.17K,-0.19%
05/30/2001,267.4,275.2,276.2,266,23.49K,-2.37%
05/29/2001,273.9,278.1,278.3,273.4,28.78K,-1.55%
05/25/2001,278.2,279.5,281.7,275.5,35.77K,-0.43%
05/24/2001,279.4,284.4,288.5,276,33.32K,-1.62%
05/23/2001,284,285.6,286,282.8,57.30K,-0.53%
05/22/2001,285.5,286.5,287.9,282.2,32.89K,-0.10%
05/21/2001,285.8,287.4,298.6,283.1,42.38K,-0.69%
05/18/2001,287.8,274,288.5,272.5,74.58K,5.04%
05/17/2001,274,272.3,274.9,271.8,59.36K,0.59%
05/16/2001,272.4,268.6,272.8,268.3,39.25K,1.45%
05/15/2001,268.5,268.6,268.8,266.6,28.67K,-0.07%
05/14/2001,268.7,268.3,269.1,267.8,26.09K,0.15%
05/11/2001,268.3,269.6,270.2,268.2,12.22K,-0.45%
05/10/2001,269.5,270.5,271.1,268.5,21.09K,-0.33%
05/09/2001,270.4,265.3,271,265,30.85K,1.85%
05/08/2001,265.5,266.8,266.8,265.3,48.20K,-0.38%
05/07/2001,266.5,266.5,267,265.9,10.63K,0.00%
05/04/2001,266.5,267.2,267.9,266.2,5.29K,-0.07%
05/03/2001,266.7,266,268,265.5,21.82K,0.34%
05/02/2001,265.8,265,266,264.3,22.53K,0.38%
05/01/2001,264.8,264.3,265,264.1,15.90K,0.15%
04/30/2001,264.4,264.3,264.5,263.5,7.10K,0.04%
04/27/2001,264.3,264.6,267.5,264.1,11.00K,-0.08%
04/26/2001,264.5,262.8,264.9,262.7,23.77K,0.72%
04/25/2001,262.6,264.5,265,262.2,17.49K,-0.79%
04/24/2001,264.7,264.3,265.7,263.5,17.51K,0.15%
04/23/2001,264.3,265.4,265.8,263.1,22.27K,-0.41%
04/20/2001,265.4,266.2,266.8,264.2,11.84K,-0.23%
04/19/2001,266,261.8,266.1,261.8,22.69K,1.53%
04/18/2001,262,262,262,262,,0.08%
04/17/2001,261.8,264.2,264.7,260.8,24.26K,-0.87%
04/16/2001,264.1,260.6,265,260.2,15.51K,1.23%
04/12/2001,260.9,259.7,261.7,259.5,35.17K,0.50%
04/11/2001,259.6,258.8,260.6,257.6,17.12K,0.54%
04/10/2001,258.2,259.2,259.6,257.2,18.56K,-0.39%
04/09/2001,259.2,260.9,261.9,259,13.68K,-0.65%
04/06/2001,260.9,259.3,261.1,258.4,14.79K,0.69%
04/05/2001,259.1,260.2,260.2,258.4,15.36K,-0.12%
04/04/2001,259.4,258.7,261.5,258,10.37K,0.58%
04/03/2001,257.9,256.6,259.4,256.6,20.37K,0.51%
04/02/2001,256.6,259.1,259.5,255.8,16.13K,-1.00%
03/30/2001,259.2,260.5,260.9,258.5,33.08K,-0.46%
03/29/2001,260.4,261.5,262.2,259.8,21.13K,0.27%
03/28/2001,259.7,261.3,261.4,259.1,22.99K,-0.54%
03/27/2001,261.1,262,262.7,260.6,30.15K,-0.38%
03/26/2001,262.1,261.8,262.7,260.8,26.31K,0.15%
03/23/2001,261.7,262.1,263.5,261.3,17.86K,0.11%
03/22/2001,261.4,262.5,262.6,260.5,26.04K,-0.31%
03/21/2001,262.2,261.5,262.9,260.4,13.61K,0.54%
03/20/2001,260.8,260.1,262.5,260.1,28.58K,0.27%
03/19/2001,260.1,258.4,261.4,258.4,20.19K,0.66%
03/16/2001,258.4,258.4,258.4,258.4,,-0.73%
03/15/2001,260.3,262.8,263.6,259.5,21.69K,-0.99%
03/14/2001,262.9,267.4,269,262.6,28.76K,-1.72%
03/13/2001,267.5,272.5,272.7,267.3,33.66K,-1.76%
03/12/2001,272.3,271.7,274.7,269,29.97K,0.29%
03/09/2001,271.5,266.5,271.7,266.5,35.13K,2.03%
03/08/2001,266.1,262.4,266.5,262.2,53.48K,1.41%
03/07/2001,262.4,261.3,263,260.1,28.68K,0.57%
03/06/2001,260.9,263.7,263.7,260.2,28.60K,-0.99%
03/05/2001,263.5,266,266,262.1,14.71K,0.15%
03/02/2001,263.1,266,266,262.7,8.53K,-1.16%
03/01/2001,266.2,267.7,268.6,265.5,26.19K,-0.60%
02/28/2001,267.8,268.3,268.4,265.1,22.32K,-0.22%
02/27/2001,268.4,267,269.7,266.5,36.05K,0.60%
02/26/2001,266.8,262.1,267,261.3,42.03K,1.79%
02/23/2001,262.1,259.9,262.7,259.3,37.27K,0.89%
02/22/2001,259.8,259.6,261.7,258.4,21.43K,0.15%
02/21/2001,259.4,257.3,260.3,257.2,21.76K,0.70%
02/20/2001,257.6,260.5,260.8,257.3,18.41K,-0.85%
02/16/2001,259.8,257.1,260.5,255.1,14.10K,1.13%
02/15/2001,256.9,261.7,261.8,256.3,32.41K,-1.65%
02/14/2001,261.2,262.2,262.5,261.1,29.32K,-0.38%
02/13/2001,262.2,263,263.2,261.5,11.16K,-0.19%
02/12/2001,262.7,262.7,262.7,262.7,,0.27%
02/09/2001,262,262,262,262,,-0.08%
02/08/2001,262.2,265.1,265.4,262.1,22.49K,-1.02%
02/07/2001,264.9,265.5,266.1,264.3,27.40K,-0.19%
02/06/2001,265.4,267.3,267.4,263.8,11.71K,-0.75%
02/05/2001,267.4,269.2,269.4,266.7,27.76K,-0.71%
02/02/2001,269.3,270.9,270.9,268.5,10.83K,-0.52%
02/01/2001,270.7,267.8,270.9,267.8,13.83K,1.01%
01/31/2001,268,268.3,268.5,266.2,28.51K,0.00%
01/30/2001,268,265.2,269,265.1,20.54K,1.98%
01/29/2001,262.8,262.9,263.6,262.2,15.49K,-0.04%
01/26/2001,262.9,264.7,265.2,262,21.05K,-0.72%
01/25/2001,264.8,264.8,265.3,263.2,40.36K,0.08%
01/24/2001,264.6,266.3,266.9,263.9,18.69K,-0.79%
01/23/2001,266.7,267,269.1,265.5,35.56K,-0.11%
01/22/2001,267,265.5,268.6,265.5,23.49K,0.79%
01/19/2001,264.9,265,266.8,264.5,32.80K,0.04%
01/18/2001,264.8,264.3,265.9,263.7,14.89K,0.38%
01/17/2001,263.8,264,264.5,263,17.30K,-0.04%
01/16/2001,263.9,264.6,266.1,263.4,23.88K,-0.26%
01/12/2001,264.6,264.5,265.3,264,24.18K,-0.08%
01/11/2001,264.8,265.6,266.3,263.9,13.99K,-0.30%
01/10/2001,265.6,268.4,268.4,265.5,25.57K,-1.08%
01/09/2001,268.5,269,269.3,267.7,24.35K,-0.19%
01/08/2001,269,269.2,270.3,268.6,10.86K,0.00%
01/05/2001,269,268.5,269.7,267.5,9.83K,0.22%
01/04/2001,268.4,269.8,269.8,267.8,27.34K,-0.33%
01/03/2001,269.3,270,271,267.6,22.28K,-0.26%
01/02/2001,270,273.8,275,269,37.30K,-1.32%
12/29/2000,273.6,273.3,274.4,272.3,41.62K,-0.04%
12/28/2000,273.7,277,277.2,272.6,10.41K,-1.16%
12/27/2000,276.9,275.5,277.5,275.5,23.76K,0.36%
12/26/2000,275.9,275.7,276.5,275.6,15.53K,0.15%
12/22/2000,275.5,275.8,276.4,275,4.87K,-0.07%
12/21/2000,275.7,275.3,276.7,274.2,6.97K,0.36%
12/20/2000,274.7,272,275.7,272,21.29K,0.99%
12/19/2000,272,271.9,272.3,271,26.42K,0.00%
12/18/2000,272,272.9,272.9,271.7,10.07K,-0.33%
12/15/2000,272.9,271.5,273,271.5,7.93K,0.52%
12/14/2000,271.5,271.3,272.4,270.6,12.33K,0.11%
12/13/2000,271.2,273.5,273.6,270.3,15.91K,-0.73%
12/12/2000,273.2,273,273.9,272.5,20.42K,0.04%
12/11/2000,273.1,275,275.5,272.3,10.11K,-0.73%
12/08/2000,275.1,276.5,276.5,274.7,20.09K,-0.36%
12/07/2000,276.1,277.2,278.5,275.4,12.36K,-0.43%
12/06/2000,277.3,273.3,277.5,273,19.39K,1.46%
12/05/2000,273.3,274,274.7,272.6,35.88K,-0.18%
12/04/2000,273.8,272.5,275,272.3,12.71K,0.70%
12/01/2000,271.9,273.2,275.4,271.6,15.58K,-0.51%
11/30/2000,273.3,269.8,273.5,269.5,23.52K,1.37%
11/29/2000,269.6,272.5,272.9,269.5,305.05K,-0.07%
11/28/2000,269.8,270.7,271.2,268.8,28.70K,-0.18%
11/27/2000,270.3,266.6,271,266,37.18K,1.35%
11/22/2000,266.7,266.2,267.7,265.9,59.20K,0.23%
11/21/2000,266.1,266.1,266.1,266.1,,-0.26%
11/20/2000,266.8,266.5,267.4,266.3,27.61K,0.23%
11/17/2000,266.2,266.6,267.5,265.6,11.73K,-0.04%
11/16/2000,266.3,265.7,269.2,265.3,16.02K,0.26%
11/15/2000,265.6,265.5,266.6,265.2,36.13K,0.08%
11/14/2000,265.4,265.3,266.2,264.9,8.02K,0.04%
11/13/2000,265.3,265.5,266.8,264.9,9.98K,-0.08%
11/10/2000,265.5,267,267.2,265.1,17.70K,-0.52%
11/09/2000,266.9,266.4,267.6,265,12.75K,0.30%
11/08/2000,266.1,265.5,266.8,264.8,18.04K,0.26%
11/07/2000,265.4,266.4,268,264.5,11.02K,-0.23%
11/06/2000,266,266.1,267.4,265.6,20.02K,-0.04%
11/03/2000,266.1,266,268.1,265.1,16.12K,0.08%
11/02/2000,265.9,265.5,268.2,264.9,15.63K,0.19%
11/01/2000,265.4,266.5,267.8,264.6,15.19K,-0.38%
10/31/2000,266.4,265.7,267.1,265,20.80K,0.23%
10/30/2000,265.8,266,267.8,265.7,15.28K,-0.04%
10/27/2000,265.9,266.5,267.9,263.5,8.58K,-0.26%
10/26/2000,266.6,268.2,268.9,265.8,30.52K,-0.49%
10/25/2000,267.9,272.5,272.6,267.7,19.89K,-1.54%
10/24/2000,272.1,272.2,272.8,271.6,30.66K,0.04%
10/23/2000,272,273.3,274,271.8,12.38K,-0.48%
10/20/2000,273.3,272.6,273.8,272.1,11.86K,0.37%
10/19/2000,272.3,272.5,273,272.1,8.59K,-0.11%
10/18/2000,272.6,273.4,276.1,271.8,8.66K,-0.29%
10/17/2000,273.4,273.8,274.3,271.4,28.21K,-0.18%
10/16/2000,273.9,274.6,274.8,273.4,17.15K,-0.33%
10/13/2000,274.8,278.9,279.9,273.8,11.69K,-1.43%
10/12/2000,278.8,273.4,279.3,272.8,31.28K,2.12%
10/11/2000,273,275.3,277.5,272.8,38.96K,-0.76%
10/10/2000,275.1,273.3,275.8,271.2,23.63K,0.81%
10/09/2000,272.9,272,273.2,272,23.98K,0.29%
10/06/2000,272.1,273.8,273.9,271.6,8.48K,-0.48%
10/05/2000,273.4,273.5,274.7,272.3,15.88K,0.07%
10/04/2000,273.2,275,275.3,272.8,16.47K,-0.58%
10/03/2000,274.8,276.1,276.2,274.5,15.47K,-0.54%
10/02/2000,276.3,277.3,277.6,275.6,10.99K,-0.22%
09/29/2000,276.9,278.8,279,275.5,11.62K,-0.72%
09/28/2000,278.9,281.7,282.2,278.2,22.09K,-0.96%
09/27/2000,281.6,277.4,282.5,277.1,28.26K,1.55%
09/26/2000,277.3,277.4,278.7,276.8,42.43K,0.00%
09/25/2000,277.3,275.2,277.4,275.2,19.56K,0.80%
09/22/2000,275.1,273.9,279.2,273.5,13.10K,0.59%
09/21/2000,273.5,272.7,274.2,271.7,30.05K,0.37%
09/20/2000,272.5,275.4,275.8,272.3,13.48K,-1.05%
09/19/2000,275.4,275.3,276.3,274,23.56K,0.18%
09/18/2000,274.9,276,278,274.7,12.05K,-0.33%
09/15/2000,275.8,275.8,276.9,274.3,17.20K,-0.07%
09/14/2000,276,276.7,278.1,275.5,16.43K,-0.18%
09/13/2000,276.5,276.5,277.4,275.9,15.63K,-0.04%
09/12/2000,276.6,277,279.5,276.4,11.10K,-0.07%
09/11/2000,276.8,276.8,277.3,275.9,24.46K,0.00%
09/08/2000,276.8,278,278.4,275.1,13.64K,-0.32%
09/07/2000,277.7,278.2,278.6,276.3,24.34K,-0.07%
09/06/2000,277.9,279.5,280,277.5,17.26K,-0.64%
09/05/2000,279.7,281,281.3,278.9,17.49K,-0.43%
09/01/2000,280.9,281.9,282.1,280.7,13.48K,-0.43%
08/31/2000,282.1,278.5,282.7,278.4,8.76K,1.40%
08/30/2000,278.2,277.7,278.4,276.9,34.24K,0.25%
08/29/2000,277.5,278.6,279.5,276.7,7.96K,-0.36%
08/28/2000,278.5,278.9,279,277.7,16.95K,-0.04%
08/25/2000,278.6,277.9,279.3,276.9,6.34K,0.40%
08/24/2000,277.5,275.7,277.8,275.7,12.40K,0.65%
08/23/2000,275.7,278.7,278.8,275.3,12.14K,-0.93%
08/22/2000,278.3,280,280.2,277.9,21.62K,-0.61%
08/21/2000,280,281.5,281.7,279.2,11.53K,-0.60%
08/18/2000,281.7,283,283,280.3,6.07K,-0.32%
08/17/2000,282.6,282.4,283.9,281.6,11.11K,0.11%
08/16/2000,282.3,279.8,282.8,279.7,16.03K,0.97%
08/15/2000,279.6,279.9,280.3,278.7,22.41K,0.00%
08/14/2000,279.6,280.2,281,279.1,8.32K,-0.25%
08/11/2000,280.3,278.4,280.5,277.7,11.12K,0.97%
08/10/2000,277.6,277.2,278.5,276.9,14.94K,0.11%
08/09/2000,277.3,277.8,278.5,276.5,12.20K,-0.50%
08/08/2000,278.7,279.5,279.6,277.2,15.24K,-0.14%
08/07/2000,279.1,279,279.6,278.4,16.79K,0.18%
08/04/2000,278.6,278,280.5,277.8,6.56K,-0.32%
08/03/2000,279.5,281.1,281.9,278.4,21.32K,-1.17%
08/02/2000,282.8,283,285,282.4,32.64K,-0.14%
08/01/2000,283.2,283.4,284.4,283.2,16.88K,0.00%
07/31/2000,283.2,283.2,283.5,282.4,8.95K,-0.35%
07/28/2000,284.2,285,285.2,283.7,17.57K,2.01%
07/27/2000,278.6,280,280.1,277.7,26.36K,-0.39%
07/26/2000,279.7,280,280.5,279.3,29.02K,0.14%
07/25/2000,279.3,279.2,281.7,278.8,22.57K,0.00%
07/24/2000,279.3,280.4,280.4,279.2,26.05K,-0.46%
07/21/2000,280.6,281.2,281.7,279.2,15.24K,0.07%
07/20/2000,280.4,278.7,281.5,278.3,13.56K,0.29%
07/19/2000,279.6,281.7,282.1,278,19.91K,-1.24%
07/18/2000,283.1,283.7,284.2,282.6,26.95K,-0.39%
07/17/2000,284.2,281.7,284.8,281.7,17.14K,0.82%
07/14/2000,281.9,281,282,280.6,23.28K,0.36%
07/13/2000,280.9,281.7,282.8,280.7,15.39K,-0.18%
07/12/2000,281.4,283.3,284.5,280.6,15.39K,-0.67%
07/11/2000,283.3,284.6,285.2,283,22.03K,-0.56%
07/10/2000,284.9,284.7,286.4,284.3,17.94K,0.11%
07/07/2000,284.6,284.5,285.7,282.6,14.50K,0.00%
07/06/2000,284.6,285.3,287,283.4,15.44K,-0.25%
07/05/2000,285.3,289.7,289.7,285.1,22.41K,-2.13%
06/30/2000,291.5,290.5,291.7,289.1,25.52K,0.28%
06/29/2000,290.7,294.3,294.3,289.4,16.28K,-1.22%
06/28/2000,294.3,287.7,294.8,287.4,23.14K,2.37%
06/27/2000,287.5,285.8,287.6,284.8,39.73K,0.70%
06/26/2000,285.5,284.8,286.5,283.6,14.75K,0.25%
06/23/2000,284.8,287.3,288,284,12.56K,-0.84%
06/22/2000,287.2,288.2,291.1,286.5,24.72K,-0.31%
06/21/2000,288.1,288,289.6,287.5,29.17K,0.00%
06/20/2000,288.1,288.2,289.7,287,12.00K,0.03%
06/19/2000,288,291.5,291.5,287.5,13.55K,-1.10%
06/16/2000,291.2,291.5,294.4,290.6,14.49K,-0.31%
06/15/2000,292.1,294,295.3,289,24.11K,-0.71%
06/14/2000,294.2,288.7,294.5,288.1,23.97K,2.12%
06/13/2000,288.1,289.3,296.5,286.8,30.66K,-0.35%
06/12/2000,289.1,286.4,289.2,285.6,44.40K,0.94%
06/09/2000,286.4,287.2,289.3,286.1,17.15K,-0.14%
06/08/2000,286.8,290,290.2,286.3,18.79K,-1.10%
06/07/2000,290,292,292.2,286.9,34.16K,-0.62%
06/06/2000,291.8,287,294.5,286.6,33.07K,1.25%
06/05/2000,288.2,283.8,289.1,283.2,39.84K,1.41%
06/02/2000,284.2,275.5,285.9,275.3,33.37K,3.20%
06/01/2000,275.4,275.4,276.4,274.8,65.97K,0.22%
05/31/2000,274.8,275.6,275.9,274.5,12.63K,-0.25%
05/30/2000,275.5,275.1,277.2,275,11.81K,1.21%
05/26/2000,272.2,270.7,273.3,270.1,30.19K,0.55%
05/25/2000,270.7,273.8,275,269.5,56.14K,-1.13%
05/24/2000,273.8,275,275,273.2,15.93K,-0.33%
05/23/2000,274.7,276.2,277.2,273.8,23.83K,-0.54%
05/22/2000,276.2,274.3,277.5,274,30.18K,0.58%
05/19/2000,274.6,274.4,274.9,273.3,20.59K,0.33%
05/18/2000,273.7,273.8,274.8,272.1,18.76K,-0.04%
05/17/2000,273.8,276.1,276.2,272.7,18.76K,-0.87%
05/16/2000,276.2,276.8,278,275.7,15.84K,-0.07%
05/15/2000,276.4,277.2,277.8,274.8,19.33K,-0.18%
05/12/2000,276.9,276.8,277.9,276.5,10.33K,0.14%
05/11/2000,276.5,278.7,279.3,276.1,23.25K,-0.79%
05/10/2000,278.7,278.4,280,277.9,14.29K,0.18%
05/09/2000,278.2,278,278.9,276.7,18.48K,0.22%
05/08/2000,277.6,279.8,279.8,277.3,15.42K,-0.89%
05/05/2000,280.1,282,283.8,278.5,30.22K,-0.39%
05/04/2000,281.2,280,284,278.1,34.63K,0.75%
05/03/2000,279.1,277.2,279.4,276.6,22.23K,0.76%
05/02/2000,277,275.1,277.9,274.7,16.04K,0.80%
05/01/2000,274.8,274.8,276.1,273.6,16.30K,0.04%
04/28/2000,274.7,278.2,279,274,25.40K,-1.33%
04/27/2000,278.4,277.3,279.1,276.8,15.08K,0.47%
04/26/2000,277.1,280,280.1,276.4,27.42K,-0.96%
04/25/2000,279.8,281,282,279.5,13.62K,-0.50%
04/24/2000,281.2,281.5,282.9,280.9,7.76K,-0.11%
04/20/2000,281.5,282.4,283,280.5,13.09K,-0.35%
04/19/2000,282.5,283,283.9,282,11.57K,-0.18%
04/18/2000,283,284,284.8,282.4,15.41K,-0.42%
04/17/2000,284.2,285.1,287.5,282.8,17.84K,-0.14%
04/14/2000,284.6,283.4,288.5,282.5,30.67K,0.49%
04/13/2000,283.2,283.5,284.8,282,11.97K,-0.11%
04/12/2000,283.5,283.5,285.7,281.5,19.82K,-0.07%
04/11/2000,283.7,284.3,286,283.1,17.91K,-0.11%
04/10/2000,284,281.8,285,281.5,6.78K,0.53%
04/07/2000,282.5,283,283.6,281.9,7.87K,-0.07%
04/06/2000,282.7,283.8,284.3,281.3,13.22K,-0.39%
04/05/2000,283.8,286.7,287.1,283.2,21.14K,-0.98%
04/04/2000,286.6,280.7,291.5,278.4,44.07K,2.21%
04/03/2000,280.4,281.5,282,279.7,12.35K,-0.36%
03/31/2000,281.4,279.6,283,277.5,31.83K,0.82%
03/30/2000,279.1,279,280.2,277.9,29.78K,1.16%
03/29/2000,275.9,279.5,280.2,274.8,12.11K,-1.29%
03/28/2000,279.5,280.8,281.8,279.4,17.78K,-0.36%
03/27/2000,280.5,285.4,285.4,280.2,22.15K,-1.61%
03/24/2000,285.1,285.6,286.1,284.6,51.45K,-0.11%
03/23/2000,285.4,288.4,288.6,283.8,12.05K,-1.01%
03/22/2000,288.3,290.4,291.1,288.1,36.66K,-0.72%
03/21/2000,290.4,286.5,292,284.2,13.80K,1.36%
03/20/2000,286.5,285,286.9,284.5,42.69K,0.53%
03/17/2000,285,286.8,287,283.6,17.90K,-0.70%
03/16/2000,287,289.9,290.4,286.3,22.02K,-0.90%
03/15/2000,289.6,289.6,291,289.3,39.83K,-0.03%
03/14/2000,289.7,291.7,292.6,289.2,10.30K,-0.62%
03/13/2000,291.5,290,292.9,290,14.10K,0.52%
03/10/2000,290,292.7,294,289.4,15.87K,-0.92%
03/09/2000,292.7,290,293,289.6,33.68K,0.79%
03/08/2000,290.4,293.8,295,289.8,20.16K,-1.12%
03/07/2000,293.7,289.5,295.4,289.4,23.10K,1.49%
03/06/2000,289.4,290.6,291.7,289.2,29.35K,-0.31%
03/03/2000,290.3,289.7,292.2,289.2,11.76K,0.21%
03/02/2000,289.7,292.9,293.3,289.4,14.36K,-1.23%
03/01/2000,293.3,294.2,296.2,292.8,28.15K,-0.31%
02/29/2000,294.2,293.8,296.5,293.5,14.91K,0.00%
02/28/2000,294.2,294.5,295.4,293.1,19.66K,-0.14%
02/25/2000,294.6,300.9,301.2,293.5,12.40K,-2.09%
02/24/2000,300.9,302.4,303.5,300.2,50.88K,-0.50%
02/23/2000,302.4,307.7,308.2,302.3,28.34K,-1.72%
02/22/2000,307.7,307.6,309.4,304.2,25.89K,0.13%
02/18/2000,307.3,303.3,307.8,302,19.38K,1.15%
02/17/2000,303.8,305.3,312.5,300,11.81K,-0.39%
02/16/2000,305,304.2,306,299.7,56.34K,0.30%
02/15/2000,304.1,310.7,311.5,303.8,26.79K,-2.22%
02/14/2000,311,313.6,313.6,308.3,29.20K,-0.83%
02/11/2000,313.6,318.3,320.4,311,26.79K,-1.60%
02/10/2000,318.7,308.5,319,308.5,33.90K,3.27%
02/09/2000,308.6,301.7,314,301.7,68.35K,2.29%
02/08/2000,301.7,306,308,298.5,43.96K,-0.92%
02/07/2000,304.5,318,326.9,302,41.22K,-2.72%
02/04/2000,313,290.2,318.5,289.9,81.00K,7.97%
02/03/2000,289.9,287.7,290.9,287,111.57K,0.76%
02/02/2000,287.7,285.4,289.2,285.3,21.68K,0.81%
02/01/2000,285.4,286,286.5,285,18.56K,-0.28%
01/31/2000,286.2,286,287.4,284.9,13.45K,0.07%
01/28/2000,286,289.6,290.7,283,15.19K,-0.38%
01/27/2000,287.1,286.2,287.5,285.6,14.49K,0.21%
01/26/2000,286.5,286.8,287.5,284.7,19.63K,-0.03%
01/25/2000,286.6,288,291.8,286.6,36.12K,-0.52%
01/24/2000,288.1,289.7,289.7,286.3,32.14K,-0.55%
01/21/2000,289.7,289,290.3,287.4,25.73K,0.14%
01/20/2000,289.3,290.3,290.7,288.4,20.71K,-0.34%
01/19/2000,290.3,289.6,291,287.5,24.10K,0.24%
01/18/2000,289.6,286.1,289.8,285.9,28.62K,1.65%
01/14/2000,284.9,285.2,285.6,284,32.34K,-0.07%
01/13/2000,285.1,283.5,285.9,282.9,12.17K,0.49%
01/12/2000,283.7,284.5,285,282.5,17.84K,-0.25%
01/11/2000,284.4,282.4,285.3,281.9,13.50K,0.60%
01/10/2000,282.7,282.4,283.9,281.8,30.60K,-0.07%
01/07/2000,282.9,282.5,284.5,282,11.27K,0.18%
01/06/2000,282.4,281.6,282.8,280.2,19.06K,0.11%
01/05/2000,282.1,283.7,285,281,25.45K,-0.56%
01/04/2000,283.7,289.5,289.5,280,21.62K,-2.04%
