Date,Price,Open,High,Low,Vol.,Change %
10/22/2025,2.2271,2.2082,2.2343,2.2026,0.43K,0.89%
10/21/2025,2.2075,2.1857,2.2221,2.168,0.08K,0.70%
10/20/2025,2.1921,2.1795,2.1979,2.166,33.13K,0.79%
10/19/2025,2.1749,2.183,2.1887,2.1743,0.56K,-0.23%
10/17/2025,2.18,2.1564,2.1853,2.1174,45.10K,1.23%
10/16/2025,2.1535,2.1941,2.2078,2.1471,45.14K,-0.98%
10/15/2025,2.1748,2.2002,2.2097,2.167,48.58K,-1.04%
10/14/2025,2.1976,2.2549,2.2608,2.1847,54.00K,-2.32%
10/13/2025,2.2497,2.2123,2.26,2.2072,0.12K,2.05%
10/10/2025,2.2044,2.275,2.2847,2.1875,62.11K,-3.33%
10/09/2025,2.2803,2.2906,2.3149,2.2712,49.61K,-0.48%
10/08/2025,2.2913,2.2808,2.2972,2.2658,55.28K,1.15%
10/07/2025,2.2653,2.2521,2.281,2.2359,62.98K,0.94%
10/06/2025,2.2443,2.2385,2.2714,2.231,48.25K,0.36%
10/03/2025,2.2363,2.2454,2.2662,2.2278,58.83K,-0.32%
10/02/2025,2.2435,2.3004,2.3163,2.2375,78.55K,-2.54%
10/01/2025,2.3019,2.3202,2.3377,2.2993,56.27K,-1.31%
09/30/2025,2.3325,2.3406,2.345,2.3107,3.33K,-1.02%
09/29/2025,2.3566,2.4174,2.425,2.3411,21.46K,-2.98%
09/26/2025,2.4289,2.428,2.4453,2.4061,24.23K,0.10%
09/25/2025,2.4265,2.3737,2.4353,2.3681,30.60K,2.07%
09/24/2025,2.3772,2.345,2.3794,2.3245,26.27K,2.11%
09/23/2025,2.328,2.2943,2.3477,2.277,25.70K,1.56%
09/22/2025,2.2923,2.3022,2.3279,2.2713,22.58K,-0.29%
09/19/2025,2.2989,2.3422,2.343,2.2973,26.15K,-1.76%
09/18/2025,2.34,2.3491,2.3659,2.3221,32.17K,-0.63%
09/17/2025,2.3548,2.3916,2.4011,2.3427,47.15K,-1.62%
09/16/2025,2.3935,2.3317,2.4015,2.3179,53.00K,2.68%
09/15/2025,2.3311,2.2981,2.3434,2.2909,41.64K,1.79%
09/12/2025,2.29,2.2808,2.3371,2.2566,59.97K,0.35%
09/11/2025,2.2819,2.3366,2.3367,2.2657,58.08K,-2.22%
09/10/2025,2.3337,2.3247,2.3407,2.3116,51.24K,0.59%
09/09/2025,2.3199,2.3185,2.3548,2.3131,51.22K,0.35%
09/08/2025,2.3119,2.2965,2.3508,2.2892,54.48K,1.09%
09/05/2025,2.287,2.321,2.3341,2.279,43.77K,-1.87%
09/04/2025,2.3307,2.3439,2.3522,2.2987,51.88K,-1.28%
09/03/2025,2.3609,2.3676,2.3907,2.3403,61.19K,-0.57%
09/02/2025,2.3744,2.2656,2.3789,2.2464,89.24K,2.78%
09/01/2025,2.3102,2.3101,2.3114,2.2563,9.57K,1.80%
08/31/2025,2.2693,2.2691,2.271,2.2674,,0.11%
08/29/2025,2.2667,2.2933,2.2951,2.2644,1.38K,-1.87%
08/28/2025,2.3098,2.2873,2.3118,2.2674,17.62K,0.63%
08/27/2025,2.2953,2.2844,2.3062,2.2697,22.95K,0.65%
08/26/2025,2.2805,2.3481,2.3527,2.2774,21.68K,-2.85%
08/25/2025,2.3475,2.3144,2.3598,2.3065,18.03K,1.89%
08/22/2025,2.304,2.3219,2.3285,2.2944,66.23K,-0.68%
08/21/2025,2.3197,2.2689,2.3264,2.2661,52.09K,2.05%
08/20/2025,2.273,2.2539,2.2829,2.2444,45.68K,1.31%
08/19/2025,2.2436,2.2431,2.2544,2.2246,52.12K,0.29%
08/18/2025,2.2371,2.2151,2.2487,2.1862,43.63K,0.54%
08/15/2025,2.225,2.2374,2.2559,2.2103,37.96K,-0.43%
08/14/2025,2.2345,2.2458,2.2562,2.2158,38.75K,-0.37%
08/13/2025,2.2428,2.2443,2.2504,2.2057,52.27K,-0.06%
08/12/2025,2.2441,2.2912,2.2954,2.2384,54.65K,-2.05%
08/11/2025,2.291,2.2678,2.3008,2.2445,53.54K,0.51%
08/08/2025,2.2793,2.2608,2.3155,2.2472,56.43K,0.55%
08/07/2025,2.2668,2.2622,2.2936,2.2458,53.63K,0.18%
08/06/2025,2.2628,2.2529,2.3185,2.2391,65.80K,0.56%
08/05/2025,2.2502,2.307,2.3207,2.247,62.69K,-2.91%
08/04/2025,2.3176,2.28,2.331,2.2664,65.10K,0.77%
08/01/2025,2.2999,2.3985,2.4051,2.285,77.92K,-4.15%
07/31/2025,2.3995,2.424,2.4357,2.393,2.04K,-0.79%
07/30/2025,2.4185,2.458,2.4645,2.394,16.62K,-1.84%
07/29/2025,2.4638,2.4276,2.4772,2.3989,20.31K,1.53%
07/28/2025,2.4266,2.3965,2.4598,2.3921,26.17K,0.85%
07/25/2025,2.4062,2.408,2.4408,2.3957,25.99K,0.73%
07/24/2025,2.3887,2.4225,2.4516,2.3581,79.84K,-1.41%
07/23/2025,2.4228,2.4228,2.4306,2.3873,63.73K,0.07%
07/22/2025,2.421,2.4639,2.464,2.3985,66.00K,-2.23%
07/21/2025,2.4761,2.427,2.479,2.4088,66.52K,0.94%
07/18/2025,2.453,2.4726,2.5939,2.447,75.47K,-0.47%
07/17/2025,2.4646,2.3916,2.4708,2.3847,51.63K,3.06%
07/16/2025,2.3915,2.413,2.4195,2.3554,52.00K,-0.57%
07/15/2025,2.4052,2.3807,2.4289,2.3646,79.68K,0.64%
07/14/2025,2.3898,2.4642,2.4819,2.3788,78.71K,-2.35%
07/11/2025,2.4474,2.3996,2.4676,2.377,58.77K,2.68%
07/10/2025,2.3835,2.4103,2.4338,2.3711,58.85K,-1.07%
07/09/2025,2.4092,2.438,2.465,2.387,74.36K,-1.31%
07/08/2025,2.4413,2.4112,2.4556,2.3952,55.45K,0.83%
07/07/2025,2.4211,2.3736,2.4356,2.373,77.93K,0.51%
07/04/2025,2.4088,2.3668,2.4187,2.3418,13.50K,1.65%
07/03/2025,2.3698,2.4165,2.4235,2.3668,78.45K,-1.74%
07/02/2025,2.4117,2.3338,2.4205,2.3207,91.30K,3.64%
07/01/2025,2.3269,2.2695,2.3385,2.2547,70.95K,-0.81%
06/30/2025,2.3458,2.321,2.3855,2.3129,2.48K,1.67%
06/27/2025,2.3072,2.3826,2.3826,2.28,16.15K,-2.24%
06/26/2025,2.3601,2.3089,2.3911,2.2964,28.46K,2.77%
06/25/2025,2.2964,2.3242,2.336,2.2817,26.03K,0.49%
06/24/2025,2.2851,2.3221,2.3221,2.22,32.31K,-2.27%
06/23/2025,2.3382,2.638,2.6706,2.2839,136.91K,-8.01%
06/20/2025,2.5418,2.531,2.695,2.5245,57.76K,-2.08%
06/19/2025,2.5959,2.5429,2.6955,2.5214,18.02K,2.47%
06/18/2025,2.5334,2.5258,2.5544,2.47,45.63K,1.13%
06/17/2025,2.5051,2.3796,2.5275,2.3699,76.83K,4.67%
06/16/2025,2.3933,2.46,2.4898,2.2998,89.39K,1.47%
06/13/2025,2.3587,2.2071,2.3963,2.2023,106.14K,7.77%
06/12/2025,2.1887,2.2185,2.2205,2.1693,60.13K,-0.75%
06/11/2025,2.2053,2.1387,2.2103,2.1272,59.59K,2.97%
06/10/2025,2.1416,2.1464,2.1751,2.1317,69.11K,-0.22%
06/09/2025,2.1464,2.1331,2.1499,2.1198,64.82K,0.99%
06/06/2025,2.1253,2.0945,2.1315,2.0799,67.99K,1.47%
06/05/2025,2.0945,2.0701,2.108,2.0606,50.80K,1.18%
06/04/2025,2.0701,2.1032,2.1118,2.06,67.25K,-1.42%
06/03/2025,2.0999,2.0546,2.1076,2.0491,74.79K,2.71%
06/02/2025,2.0445,2.0038,2.0882,2.0038,64.19K,1.35%
05/30/2025,2.0172,2.0448,2.0601,2.0065,4.03K,-1.51%
05/29/2025,2.0482,2.087,2.115,2.0429,23.87K,-1.09%
05/28/2025,2.0707,2.0596,2.0935,2.051,69.36K,0.86%
05/27/2025,2.053,2.0837,2.0937,2.0478,74.52K,-0.68%
05/26/2025,2.0671,2.07,2.0908,2.0595,10.84K,-1.02%
05/25/2025,2.0885,2.081,2.0938,2.0798,,0.53%
05/23/2025,2.0775,2.0785,2.087,2.0505,71.61K,-0.24%
05/22/2025,2.0826,2.1058,2.1058,2.0527,63.64K,-1.04%
05/21/2025,2.1044,2.1004,2.1449,2.0845,69.12K,0.49%
05/20/2025,2.0941,2.0901,2.1083,2.075,58.31K,0.13%
05/19/2025,2.0913,2.1058,2.1088,2.0761,62.26K,-2.30%
05/16/2025,2.1406,2.1672,2.182,2.135,70.19K,-1.17%
05/15/2025,2.166,2.1892,2.1929,2.1336,79.89K,-1.82%
05/14/2025,2.2061,2.18,2.2174,2.1594,85.49K,1.60%
05/13/2025,2.1713,2.1112,2.1828,2.1026,74.46K,2.85%
05/12/2025,2.1111,2.077,2.1411,2.0696,70.99K,2.16%
05/09/2025,2.0664,2.0539,2.0806,2.0454,83.83K,1.29%
05/08/2025,2.04,1.9701,2.0578,1.97,83.45K,3.21%
05/07/2025,1.9766,2.0016,2.033,1.9712,67.45K,-1.60%
05/06/2025,2.0088,1.9788,2.0299,1.9757,60.08K,1.74%
05/05/2025,1.9745,1.96,1.9901,1.9338,55.27K,-0.94%
05/02/2025,1.9932,2.0051,2.027,1.976,64.52K,-0.93%
05/01/2025,2.012,2.0023,2.0215,1.9623,72.55K,-1.21%
04/30/2025,2.0367,2.0963,2.1,2.0263,4.97K,-3.95%
04/29/2025,2.1204,2.1829,2.1829,2.1048,27.75K,-2.53%
04/28/2025,2.1755,2.1715,2.2007,2.1579,38.55K,0.38%
04/25/2025,2.1673,2.1492,2.1801,2.1322,32.63K,1.10%
04/24/2025,2.1437,2.1271,2.1489,2.1187,21.17K,3.02%
04/23/2025,2.0809,2.111,2.1355,2.0556,67.94K,-1.07%
04/22/2025,2.1034,2.0787,2.1181,2.0787,52.09K,1.68%
04/21/2025,2.0686,2.1055,2.1076,2.0586,36.78K,-3.89%
04/17/2025,2.1523,2.1191,2.1679,2.1133,47.90K,1.74%
04/16/2025,2.1154,2.0924,2.1255,2.0649,40.61K,1.78%
04/15/2025,2.0784,2.0916,2.1107,2.0688,44.97K,-0.64%
04/14/2025,2.0917,2.0709,2.1075,2.0656,38.26K,1.28%
04/11/2025,2.0653,2.0545,2.0775,2.0283,54.12K,0.92%
04/10/2025,2.0464,2.1226,2.1288,2.0261,58.87K,-3.18%
04/09/2025,2.1136,2.0232,2.1345,1.9373,82.96K,2.75%
04/08/2025,2.057,2.0784,2.1042,2.0124,68.94K,-0.62%
04/07/2025,2.0699,2.0701,2.1441,2.0075,74.89K,-0.58%
04/04/2025,2.0819,2.1805,2.1855,2.0395,80.26K,-4.89%
04/03/2025,2.1889,2.2795,2.28,2.1595,86.08K,-5.73%
04/02/2025,2.322,2.2914,2.3375,2.2803,76.19K,1.45%
04/01/2025,2.2889,2.2801,2.2985,2.2719,57.66K,-1.08%
03/31/2025,2.314,2.2745,2.3246,2.256,4.78K,2.35%
03/28/2025,2.2609,2.2829,2.29,2.2541,15.86K,-1.04%
03/27/2025,2.2847,2.2955,2.2955,2.268,21.98K,-0.17%
03/26/2025,2.2887,2.2857,2.309,2.2819,22.73K,0.12%
03/25/2025,2.2859,2.2592,2.2917,2.2519,23.87K,2.99%
03/24/2025,2.2196,2.2144,2.2319,2.2023,67.72K,-1.33%
03/21/2025,2.2496,2.2599,2.2635,2.2323,27.74K,-0.21%
03/20/2025,2.2543,2.2376,2.2595,2.2122,30.60K,1.00%
03/19/2025,2.2319,2.1953,2.2379,2.1836,43.79K,1.70%
03/18/2025,2.1945,2.2003,2.2355,2.1767,42.31K,-0.42%
03/17/2025,2.2038,2.1753,2.2143,2.1727,45.58K,1.72%
03/14/2025,2.1666,2.1635,2.1789,2.1446,45.00K,0.20%
03/13/2025,2.1622,2.2078,2.2122,2.1531,60.31K,-2.00%
03/12/2025,2.2063,2.209,2.2276,2.1976,67.61K,0.43%
03/11/2025,2.1968,2.1794,2.2205,2.1631,59.19K,0.78%
03/10/2025,2.1799,2.2121,2.2298,2.1767,58.91K,-1.63%
03/07/2025,2.216,2.2132,2.2728,2.2028,75.01K,-0.35%
03/06/2025,2.2238,2.2408,2.2645,2.2068,76.20K,-0.76%
03/05/2025,2.2408,2.2661,2.2758,2.1934,76.20K,-2.03%
03/04/2025,2.2872,2.2787,2.2945,2.2461,90.98K,1.19%
03/03/2025,2.2604,2.3239,2.3343,2.2479,86.16K,-4.01%
02/28/2025,2.3549,2.38,2.38,2.3466,4.74K,-1.71%
02/27/2025,2.3959,2.348,2.3978,2.3406,18.22K,2.20%
02/26/2025,2.3443,2.3886,2.3937,2.3102,25.41K,-1.92%
02/25/2025,2.3903,2.4555,2.465,2.3814,26.43K,0.53%
02/24/2025,2.3777,2.3671,2.3958,2.3605,56.95K,-0.02%
02/21/2025,2.3781,2.4455,2.4515,2.3761,70.37K,-2.80%
02/20/2025,2.4466,2.4141,2.4592,2.4038,74.08K,1.65%
02/19/2025,2.407,2.387,2.4218,2.3804,73.13K,0.82%
02/18/2025,2.3874,2.3898,2.4171,2.368,72.07K,-3.02%
02/14/2025,2.4618,2.4544,2.4828,2.4417,48.86K,0.53%
02/13/2025,2.4487,2.4465,2.4562,2.4005,60.37K,-0.13%
02/12/2025,2.452,2.5144,2.5179,2.4437,71.57K,-2.49%
02/11/2025,2.5146,2.4546,2.5213,2.4479,72.69K,2.60%
02/10/2025,2.4509,2.4367,2.4714,2.4327,66.37K,0.83%
02/07/2025,2.4308,2.4051,2.4377,2.3987,63.67K,1.37%
02/06/2025,2.398,2.3822,2.4086,2.3669,59.82K,0.58%
02/05/2025,2.3842,2.4369,2.4441,2.3809,63.34K,-1.88%
02/04/2025,2.4298,2.425,2.4524,2.3792,74.64K,-1.35%
02/03/2025,2.4631,2.4665,2.5048,2.4038,116.36K,-0.86%
01/31/2025,2.4845,2.4991,2.5047,2.437,5.99K,0.37%
01/30/2025,2.4754,2.4591,2.4999,2.4306,22.50K,0.87%
01/29/2025,2.454,2.4491,2.4705,2.426,18.30K,0.16%
01/28/2025,2.4501,2.4618,2.4913,2.4295,25.73K,-0.40%
01/27/2025,2.46,2.5065,2.5075,2.4188,27.13K,0.49%
01/24/2025,2.448,2.4202,2.4594,2.4134,83.30K,1.02%
01/23/2025,2.4234,2.4214,2.4499,2.3995,89.24K,-0.16%
01/22/2025,2.4272,2.4875,2.5067,2.4167,105.93K,-2.26%
01/21/2025,2.4832,2.5692,2.5896,2.4658,151.66K,-5.26%
01/17/2025,2.621,2.6175,2.643,2.5795,62.94K,0.15%
01/16/2025,2.6172,2.6305,2.6451,2.585,65.16K,1.84%
01/15/2025,2.5699,2.5219,2.5886,2.5011,77.40K,2.85%
01/14/2025,2.4987,2.5101,2.5186,2.4767,71.46K,-0.37%
01/13/2025,2.5081,2.4775,2.5539,2.4775,83.72K,1.30%
01/10/2025,2.4759,2.3722,2.4897,2.3626,93.20K,5.00%
01/09/2025,2.358,2.3345,2.3769,2.3226,70.78K,1.10%
01/08/2025,2.3323,2.3526,2.3647,2.3143,53.24K,-0.70%
01/07/2025,2.3487,2.3356,2.3565,2.3237,46.55K,0.57%
01/06/2025,2.3353,2.3365,2.3737,2.3215,51.43K,0.21%
01/03/2025,2.3303,2.335,2.3475,2.3159,47.46K,-0.12%
01/02/2025,2.3331,2.2988,2.3502,2.2881,45.62K,0.72%
12/31/2024,2.3164,2.3041,2.333,2.2892,54.43K,0.66%
12/30/2024,2.3012,2.2453,2.3218,2.2446,87.69K,2.28%
12/27/2024,2.2499,2.2112,2.2615,2.2035,59.31K,1.80%
12/26/2024,2.2102,2.2342,2.2531,2.2014,44.23K,-0.72%
12/24/2024,2.2262,2.2417,2.2538,2.2215,45.43K,-0.18%
12/23/2024,2.2303,2.2391,2.2656,2.2164,60.15K,-0.27%
12/20/2024,2.2364,2.2356,2.2455,2.2047,58.26K,-0.23%
12/19/2024,2.2416,2.2472,2.2742,2.2332,50.22K,-0.74%
12/18/2024,2.2584,2.2369,2.2797,2.2314,68.62K,1.16%
12/17/2024,2.2324,2.2637,2.2695,2.2119,52.13K,-1.51%
12/16/2024,2.2666,2.2755,2.2779,2.2547,48.92K,-0.31%
12/13/2024,2.2736,2.2412,2.2793,2.2382,44.18K,1.39%
12/12/2024,2.2424,2.2343,2.2511,2.2068,41.67K,0.58%
12/11/2024,2.2295,2.1883,2.2375,2.1869,48.86K,1.69%
12/10/2024,2.1924,2.1824,2.2097,2.1724,42.58K,0.20%
12/09/2024,2.188,2.1371,2.1978,2.1357,37.02K,2.28%
12/06/2024,2.1392,2.1654,2.1654,2.1294,37.96K,-1.05%
12/05/2024,2.162,2.1734,2.1942,2.1514,33.14K,-0.55%
12/04/2024,2.1739,2.2158,2.2366,2.1711,50.43K,-2.07%
12/03/2024,2.2199,2.1772,2.2328,2.1739,31.28K,1.92%
12/02/2024,2.1781,2.201,2.2256,2.1731,40.67K,-0.65%
11/29/2024,2.1924,2.2104,2.2496,2.1898,58.75K,-0.86%
11/27/2024,2.2114,2.2496,2.2574,2.199,78.91K,-1.61%
11/26/2024,2.2477,2.2518,2.2977,2.2271,86.36K,0.16%
11/25/2024,2.2441,2.2924,2.2934,2.2242,91.27K,-1.77%
11/22/2024,2.2845,2.2808,2.3033,2.2564,71.32K,0.03%
11/21/2024,2.2839,2.2416,2.2876,2.2363,68.89K,2.12%
11/20/2024,2.2365,2.2482,2.2603,2.2321,62.39K,-0.68%
11/19/2024,2.2517,2.2661,2.2859,2.2451,67.83K,-0.46%
11/18/2024,2.2621,2.1805,2.2701,2.1765,61.38K,3.68%
11/15/2024,2.1818,2.2192,2.2287,2.1799,44.40K,-1.81%
11/14/2024,2.222,2.2242,2.2552,2.2097,46.98K,-0.31%
11/13/2024,2.2288,2.2128,2.2457,2.1827,51.10K,0.42%
11/12/2024,2.2194,2.2047,2.244,2.1979,46.19K,0.56%
11/11/2024,2.207,2.245,2.258,2.1993,36.46K,-1.91%
11/08/2024,2.25,2.2905,2.2925,2.2366,33.45K,-2.02%
11/07/2024,2.2964,2.2778,2.3069,2.248,51.35K,0.66%
11/06/2024,2.2813,2.3048,2.3212,2.2511,42.78K,-1.37%
11/05/2024,2.3131,2.289,2.3305,2.2868,26.52K,0.90%
11/04/2024,2.2924,2.2589,2.3068,2.2589,25.86K,2.23%
11/01/2024,2.2424,2.268,2.2962,2.2342,35.22K,0.34%
10/31/2024,2.2347,2.216,2.2725,2.1995,74.63K,1.65%
10/30/2024,2.1985,2.1503,2.217,2.1483,63.93K,2.56%
10/29/2024,2.1436,2.1559,2.163,2.1173,64.67K,0.18%
10/28/2024,2.1398,2.2109,2.2109,2.1375,67.59K,-4.86%
10/25/2024,2.2491,2.2183,2.2631,2.2073,64.77K,1.64%
10/24/2024,2.2129,2.2341,2.2688,2.2069,64.80K,-0.82%
10/23/2024,2.2311,2.2417,2.2507,2.2126,52.01K,-0.71%
10/22/2024,2.2471,2.1899,2.256,2.1815,57.23K,2.38%
10/21/2024,2.1948,2.1644,2.203,2.1576,50.17K,1.52%
10/18/2024,2.162,2.2011,2.2174,2.1569,54.25K,-1.94%
10/17/2024,2.2047,2.1902,2.2108,2.1678,47.47K,0.79%
10/16/2024,2.1874,2.2082,2.2145,2.1682,39.77K,-0.57%
10/15/2024,2.1999,2.2294,2.2445,2.1828,53.56K,-3.82%
10/14/2024,2.2873,2.3475,2.3475,2.2344,48.05K,-2.88%
10/11/2024,2.3552,2.3575,2.3739,2.3236,38.33K,-0.27%
10/10/2024,2.3616,2.2926,2.37,2.2894,45.26K,3.26%
10/09/2024,2.287,2.3215,2.3298,2.2526,47.23K,-1.00%
10/08/2024,2.3101,2.409,2.4262,2.283,55.47K,-4.01%
10/07/2024,2.4066,2.3305,2.412,2.3152,53.90K,3.48%
10/04/2024,2.3256,2.315,2.3614,2.3021,64.33K,0.89%
10/03/2024,2.305,2.2167,2.3166,2.1989,57.31K,4.94%
10/02/2024,2.1964,2.212,2.2664,2.1909,45.11K,0.43%
10/01/2024,2.1869,2.165,2.2416,2.1114,66.20K,1.51%
09/30/2024,2.1544,2.167,2.1879,2.1367,60.69K,0.14%
09/27/2024,2.1513,2.1515,2.1731,2.1196,66.76K,-0.07%
09/26/2024,2.1529,2.1769,2.1886,2.1142,66.09K,-1.10%
09/25/2024,2.1769,2.204,2.2107,2.1654,66.64K,-1.01%
09/24/2024,2.1991,2.1745,2.2145,2.1665,69.75K,1.78%
09/23/2024,2.1606,2.1852,2.1992,2.1322,70.22K,-0.59%
09/20/2024,2.1735,2.1848,2.19,2.1623,42.74K,-0.41%
09/19/2024,2.1824,2.1428,2.1946,2.1403,48.34K,1.09%
09/18/2024,2.1588,2.1555,2.1707,2.1179,63.88K,0.42%
09/17/2024,2.1497,2.1169,2.1633,2.0958,50.86K,1.81%
09/16/2024,2.1115,2.1024,2.1302,2.0847,47.72K,0.50%
09/13/2024,2.1009,2.145,2.1555,2.098,43.57K,-1.55%
09/12/2024,2.134,2.107,2.1599,2.0974,46.03K,1.36%
09/11/2024,2.1053,2.0855,2.1178,2.0584,52.87K,1.51%
09/10/2024,2.0739,2.165,2.1716,2.07,41.96K,-3.69%
09/09/2024,2.1534,2.148,2.1803,2.1245,45.34K,0.98%
09/06/2024,2.1324,2.1872,2.204,2.1202,31.26K,-2.39%
09/05/2024,2.1846,2.1728,2.2193,2.1717,37.33K,0.43%
09/04/2024,2.1752,2.2188,2.2424,2.1679,59.97K,-2.11%
09/03/2024,2.222,2.2956,2.309,2.2154,44.51K,-2.47%
08/30/2024,2.2783,2.3215,2.349,2.276,69.16K,-1.48%
08/29/2024,2.3126,2.2569,2.3217,2.2436,61.02K,2.46%
08/28/2024,2.2571,2.3134,2.3195,2.2553,73.03K,-2.32%
08/27/2024,2.3106,2.3668,2.3787,2.3075,75.14K,-2.49%
08/26/2024,2.3697,2.3348,2.3863,2.3265,68.44K,2.23%
08/23/2024,2.3181,2.2851,2.3334,2.2809,58.85K,1.73%
08/22/2024,2.2787,2.2642,2.2916,2.2497,55.32K,0.65%
08/21/2024,2.264,2.2939,2.3221,2.2543,74.00K,-0.69%
08/20/2024,2.2797,2.2855,2.3052,2.25,71.32K,-0.14%
08/19/2024,2.2828,2.3463,2.351,2.2795,63.10K,-2.72%
08/16/2024,2.3466,2.3923,2.3933,2.3316,47.33K,-2.10%
08/15/2024,2.3969,2.387,2.4168,2.3832,57.22K,0.39%
08/14/2024,2.3877,2.4177,2.4304,2.3846,52.67K,-0.97%
08/13/2024,2.411,2.4217,2.4364,2.4067,42.49K,-0.72%
08/12/2024,2.4285,2.3631,2.4324,2.359,37.07K,2.86%
08/09/2024,2.3609,2.3775,2.3909,2.3545,39.91K,-0.70%
08/08/2024,2.3776,2.3709,2.3831,2.3469,40.48K,0.25%
08/07/2024,2.3717,2.3107,2.3817,2.3021,37.10K,2.56%
08/06/2024,2.3124,2.345,2.3572,2.2967,35.61K,-0.16%
08/05/2024,2.3161,2.3519,2.3571,2.2843,41.04K,-0.86%
08/02/2024,2.3362,2.4398,2.4441,2.331,29.01K,-3.57%
08/01/2024,2.4228,2.4727,2.4824,2.4194,30.07K,-0.64%
07/31/2024,2.4383,2.3719,2.4558,2.3672,68.03K,3.37%
07/30/2024,2.3587,2.3956,2.3956,2.3531,70.13K,-1.45%
07/29/2024,2.3935,2.446,2.4575,2.3848,70.94K,-1.81%
07/26/2024,2.4376,2.4901,2.4958,2.4192,84.62K,-2.03%
07/25/2024,2.4881,2.4623,2.4931,2.4205,59.24K,0.77%
07/24/2024,2.469,2.4414,2.4762,2.4308,62.93K,1.73%
07/23/2024,2.4271,2.4503,2.4679,2.4152,55.79K,-1.05%
07/22/2024,2.4529,2.443,2.4561,2.4148,52.58K,0.65%
07/19/2024,2.437,2.4935,2.5185,2.4351,54.00K,-2.65%
07/18/2024,2.5033,2.513,2.5315,2.48,46.73K,-0.27%
07/17/2024,2.5102,2.481,2.5192,2.4682,45.48K,1.05%
07/16/2024,2.4842,2.5273,2.5293,2.4746,53.04K,-1.73%
07/15/2024,2.5279,2.5237,2.542,2.5025,51.23K,0.04%
07/12/2024,2.5269,2.5408,2.5667,2.5233,42.30K,-0.35%
07/11/2024,2.5358,2.5396,2.5586,2.5208,40.99K,0.06%
07/10/2024,2.5343,2.5475,2.5534,2.5149,55.91K,-0.30%
07/09/2024,2.5418,2.5873,2.6009,2.5384,56.00K,-1.97%
07/08/2024,2.5928,2.6248,2.6248,2.5805,33.31K,-0.91%
07/05/2024,2.6166,2.6424,2.6602,2.6116,41.02K,-0.32%
07/04/2024,2.625,2.6269,2.633,2.6002,,-0.87%
07/03/2024,2.648,2.644,2.6496,2.6085,38.72K,0.25%
07/02/2024,2.6415,2.6259,2.6696,2.6241,59.70K,0.60%
07/01/2024,2.6258,2.5575,2.6311,2.5554,44.76K,3.66%
06/28/2024,2.5331,2.5629,2.5965,2.5285,62.74K,-1.16%
06/27/2024,2.5629,2.5508,2.6005,2.5433,61.35K,0.39%
06/26/2024,2.553,2.5281,2.5738,2.525,63.34K,1.05%
06/25/2024,2.5264,2.5418,2.556,2.5199,53.80K,-0.47%
06/24/2024,2.5383,2.504,2.5437,2.4902,56.44K,1.12%
06/21/2024,2.5101,2.5419,2.5602,2.5027,63.22K,-1.13%
06/20/2024,2.5387,2.5441,2.5644,2.5317,68.78K,0.00%
06/19/2024,2.5387,2.5271,2.5498,2.5164,,0.11%
06/18/2024,2.5358,2.5107,2.5461,2.4834,63.52K,1.50%
06/17/2024,2.4983,2.4839,2.5111,2.4714,60.86K,0.58%
06/14/2024,2.4839,2.4919,2.5445,2.4818,72.33K,-0.51%
06/13/2024,2.4967,2.4511,2.4992,2.4388,57.17K,1.69%
06/12/2024,2.4553,2.4479,2.4841,2.4377,53.09K,0.76%
06/11/2024,2.4368,2.44,2.4571,2.4138,40.34K,0.31%
06/10/2024,2.4293,2.3731,2.4396,2.3727,37.35K,2.57%
06/07/2024,2.3684,2.3783,2.3905,2.3624,26.09K,-0.24%
06/06/2024,2.3741,2.33,2.377,2.3208,32.45K,2.34%
06/05/2024,2.3198,2.3016,2.3317,2.2983,47.64K,0.62%
06/04/2024,2.3054,2.3145,2.3191,2.2817,52.83K,-0.71%
06/03/2024,2.3218,2.403,2.4201,2.3116,60.46K,-2.62%
05/31/2024,2.3842,2.3876,2.4129,2.3707,57.32K,-0.31%
05/30/2024,2.3917,2.4528,2.455,2.3872,73.30K,-2.61%
05/29/2024,2.4559,2.4975,2.5124,2.4486,71.40K,-1.10%
05/28/2024,2.4833,2.4372,2.4973,2.43,75.96K,1.32%
05/27/2024,2.451,2.4361,2.466,2.4302,,0.63%
05/26/2024,2.4356,2.4338,2.4366,2.433,,0.20%
05/24/2024,2.4308,2.4334,2.4472,2.407,52.04K,0.08%
05/23/2024,2.4288,2.4421,2.4853,2.4177,66.12K,-0.72%
05/22/2024,2.4463,2.4755,2.4803,2.4375,46.78K,-1.29%
05/21/2024,2.4783,2.4965,2.5007,2.4597,44.83K,-0.99%
05/20/2024,2.5031,2.507,2.5197,2.4747,50.09K,0.08%
05/17/2024,2.5012,2.468,2.5066,2.4661,54.19K,1.69%
05/16/2024,2.4596,2.4428,2.4708,2.4335,36.68K,0.88%
05/15/2024,2.4381,2.444,2.4547,2.393,39.90K,0.15%
05/14/2024,2.4345,2.4544,2.4623,2.4179,38.83K,-0.76%
05/13/2024,2.4531,2.4447,2.4817,2.4385,38.80K,0.13%
05/10/2024,2.4498,2.4975,2.514,2.4465,32.08K,-1.64%
05/09/2024,2.4907,2.4885,2.5211,2.4835,31.93K,0.11%
05/08/2024,2.4879,2.4745,2.4993,2.4407,39.44K,0.36%
05/07/2024,2.479,2.48,2.4948,2.4413,31.25K,0.21%
05/06/2024,2.4739,2.455,2.4889,2.4476,26.76K,0.69%
05/03/2024,2.457,2.4643,2.4752,2.445,29.27K,-0.02%
05/02/2024,2.4576,2.4709,2.4884,2.4379,38.50K,-0.30%
05/01/2024,2.4651,2.5241,2.5415,2.4598,38.33K,-2.47%
04/30/2024,2.5276,2.5554,2.5715,2.4899,60.74K,-0.72%
04/29/2024,2.546,2.5603,2.5828,2.5405,57.48K,-0.57%
04/26/2024,2.5607,2.5692,2.5959,2.557,60.43K,0.01%
04/25/2024,2.5604,2.5643,2.584,2.5279,63.80K,0.03%
04/24/2024,2.5597,2.5817,2.593,2.5447,57.01K,-1.02%
04/23/2024,2.586,2.5767,2.595,2.5309,66.03K,0.70%
04/22/2024,2.5679,2.5498,2.577,2.5123,51.64K,0.68%
04/19/2024,2.5506,2.5426,2.654,2.5226,70.77K,0.33%
04/18/2024,2.5422,2.5845,2.5926,2.535,59.86K,-1.50%
04/17/2024,2.5809,2.6581,2.6643,2.5702,62.30K,-2.89%
04/16/2024,2.6578,2.6651,2.6799,2.6327,51.60K,-0.01%
04/15/2024,2.658,2.696,2.7074,2.6198,41.47K,-0.99%
04/12/2024,2.6846,2.6728,2.7333,2.6683,40.65K,0.83%
04/11/2024,2.6624,2.71,2.7202,2.6532,55.66K,-1.53%
04/10/2024,2.7038,2.6748,2.7135,2.6542,55.17K,1.04%
04/09/2024,2.6759,2.7233,2.7368,2.6723,46.15K,-1.68%
04/08/2024,2.7217,2.744,2.7445,2.6905,38.61K,-1.48%
04/05/2024,2.7625,2.7452,2.7827,2.7401,43.07K,1.03%
04/04/2024,2.7343,2.726,2.7535,2.6881,33.79K,0.40%
04/03/2024,2.7233,2.7192,2.7597,2.7075,52.34K,0.68%
04/02/2024,2.705,2.642,2.7186,2.6339,55.41K,3.02%
04/01/2024,2.6258,2.6189,2.6372,2.5804,31.16K,0.12%
03/28/2024,2.6227,2.6047,2.6307,2.5847,60.83K,0.78%
03/27/2024,2.6025,2.6046,2.6136,2.5809,63.55K,-0.51%
03/26/2024,2.6159,2.67,2.6729,2.603,80.31K,-1.81%
03/25/2024,2.6642,2.6385,2.6911,2.6371,58.97K,0.97%
03/22/2024,2.6385,2.6423,2.6708,2.6316,58.59K,-0.49%
03/21/2024,2.6516,2.6749,2.6855,2.6204,61.38K,-0.89%
03/20/2024,2.6754,2.7302,2.7378,2.6561,70.20K,-2.31%
03/19/2024,2.7386,2.7489,2.754,2.7279,48.71K,-0.84%
03/18/2024,2.7617,2.696,2.7666,2.6951,64.95K,2.44%
03/15/2024,2.6958,2.688,2.7067,2.6543,55.13K,0.38%
03/14/2024,2.6857,2.664,2.6941,2.657,52.57K,1.14%
03/13/2024,2.6555,2.5962,2.667,2.5914,59.33K,2.75%
03/12/2024,2.5845,2.6069,2.63,2.5717,55.94K,-0.83%
03/11/2024,2.6061,2.573,2.618,2.5483,44.34K,0.64%
03/08/2024,2.5895,2.6373,2.6602,2.5697,41.44K,-1.65%
03/07/2024,2.6329,2.6044,2.6515,2.591,48.74K,0.82%
03/06/2024,2.6115,2.5578,2.63,2.5522,40.93K,1.93%
03/05/2024,2.5621,2.594,2.6116,2.5559,32.15K,-1.35%
03/04/2024,2.5972,2.6421,2.6482,2.5845,38.38K,-1.66%
03/01/2024,2.641,2.5943,2.66,2.5897,37.53K,-0.34%
02/29/2024,2.6499,2.6165,2.675,2.5845,84.58K,0.91%
02/28/2024,2.626,2.6882,2.7015,2.6081,96.31K,-2.66%
02/27/2024,2.6977,2.716,2.7287,2.6816,57.61K,-0.35%
02/26/2024,2.7073,2.64,2.7177,2.6166,66.84K,2.51%
02/23/2024,2.6411,2.6987,2.7045,2.6237,75.82K,-2.30%
02/22/2024,2.7033,2.6752,2.709,2.6238,74.00K,1.56%
02/21/2024,2.6619,2.6859,2.6888,2.6411,69.66K,-0.63%
02/20/2024,2.6787,2.7491,2.7616,2.6748,73.72K,-4.84%
02/19/2024,2.8148,2.7946,2.8221,2.7601,,2.28%
02/16/2024,2.7521,2.7626,2.7659,2.7014,72.25K,-0.47%
02/15/2024,2.765,2.7472,2.8002,2.7202,70.83K,0.37%
02/14/2024,2.7547,2.8305,2.84,2.7449,74.99K,-2.61%
02/13/2024,2.8285,2.8544,2.8784,2.8122,57.79K,-0.32%
02/12/2024,2.8377,2.8591,2.8591,2.8123,48.42K,-1.17%
02/09/2024,2.8713,2.8168,2.8814,2.7989,70.22K,2.01%
02/08/2024,2.8147,2.7496,2.8201,2.7317,58.41K,2.63%
02/07/2024,2.7425,2.6931,2.7513,2.6836,55.75K,2.36%
02/06/2024,2.6794,2.6648,2.6976,2.6505,41.60K,0.73%
02/05/2024,2.6599,2.6237,2.6667,2.6028,36.24K,2.16%
02/02/2024,2.6037,2.6606,2.6771,2.5847,49.97K,-1.96%
02/01/2024,2.6558,2.7316,2.7531,2.6319,74.23K,-4.65%
01/31/2024,2.7852,2.7771,2.8111,2.7523,68.22K,0.31%
01/30/2024,2.7766,2.8036,2.8164,2.7275,65.46K,-0.72%
01/29/2024,2.7966,2.839,2.8557,2.7734,74.78K,-0.32%
01/26/2024,2.8057,2.7606,2.832,2.7118,92.82K,1.45%
01/25/2024,2.7655,2.6612,2.7695,2.661,86.95K,4.15%
01/24/2024,2.6554,2.6681,2.6896,2.6366,65.60K,-0.30%
01/23/2024,2.6634,2.6679,2.6871,2.6225,57.77K,-0.01%
01/22/2024,2.6637,2.6355,2.6818,2.603,63.74K,1.37%
01/19/2024,2.6278,2.6475,2.6818,2.6225,57.31K,-0.82%
01/18/2024,2.6496,2.6075,2.6542,2.5891,50.19K,1.51%
01/17/2024,2.6103,2.6058,2.6152,2.5668,56.54K,-0.11%
01/16/2024,2.6131,2.615,2.6718,2.57,97.30K,-1.77%
01/15/2024,2.6603,2.6613,2.6756,2.6155,,-0.03%
01/14/2024,2.6612,2.6592,2.6614,2.6532,,1.75%
01/12/2024,2.6155,2.6324,2.719,2.6126,68.69K,0.04%
01/11/2024,2.6144,2.556,2.6433,2.5515,58.87K,2.37%
01/10/2024,2.5538,2.5927,2.6428,2.5449,63.56K,-1.79%
01/09/2024,2.6004,2.5498,2.6226,2.5397,65.10K,2.52%
01/08/2024,2.5365,2.5869,2.594,2.4938,43.74K,-1.53%
01/05/2024,2.5759,2.5511,2.5881,2.5504,34.58K,0.88%
01/04/2024,2.5535,2.5692,2.5918,2.5233,41.96K,-0.64%
01/03/2024,2.5699,2.4967,2.5883,2.474,36.02K,3.09%
01/02/2024,2.4929,2.5363,2.5594,2.4793,33.59K,-2.70%
01/01/2024,2.562,2.572,2.5732,2.5591,,1.31%
12/29/2023,2.5289,2.5425,2.58,2.517,56.69K,-0.45%
12/28/2023,2.5403,2.5985,2.614,2.5336,53.56K,-2.39%
12/27/2023,2.6025,2.6401,2.6667,2.5987,44.21K,-1.67%
12/26/2023,2.6467,2.6284,2.7036,2.621,47.79K,0.57%
12/25/2023,2.6317,2.6242,2.633,2.6242,,-0.16%
12/22/2023,2.6358,2.677,2.7025,2.6269,44.73K,-1.29%
12/21/2023,2.6702,2.669,2.6898,2.6347,37.30K,-0.52%
12/20/2023,2.6842,2.7003,2.7376,2.6695,50.15K,-0.19%
12/19/2023,2.6894,2.6583,2.7034,2.6277,44.69K,1.45%
12/18/2023,2.6509,2.6066,2.7037,2.5838,49.88K,2.07%
12/15/2023,2.5971,2.5726,2.628,2.5557,51.53K,1.18%
12/14/2023,2.5669,2.5302,2.5885,2.53,36.80K,1.76%
12/13/2023,2.5226,2.4895,2.5401,2.4595,38.22K,1.71%
12/12/2023,2.4803,2.5776,2.5983,2.4735,42.36K,-3.82%
12/11/2023,2.5789,2.5494,2.5909,2.5333,42.65K,1.10%
12/08/2023,2.5508,2.535,2.5841,2.5258,32.90K,1.30%
12/07/2023,2.5181,2.5385,2.5801,2.5162,40.83K,-0.77%
12/06/2023,2.5377,2.595,2.6186,2.5237,35.91K,-2.58%
12/05/2023,2.6048,2.6284,2.6678,2.5933,32.06K,-0.79%
12/04/2023,2.6256,2.6416,2.6713,2.6035,31.16K,-0.16%
12/01/2023,2.6298,2.7034,2.725,2.6283,36.03K,-4.52%
11/30/2023,2.7542,2.8048,2.8722,2.7144,62.14K,-1.94%
11/29/2023,2.8087,2.7941,2.8273,2.735,77.88K,-0.28%
11/28/2023,2.8165,2.7542,2.8344,2.7483,61.09K,2.30%
11/27/2023,2.7532,2.7495,2.7967,2.7233,54.77K,-0.33%
11/24/2023,2.7623,2.7949,2.8273,2.744,36.23K,-3.65%
11/23/2023,2.867,2.8708,2.9023,2.8445,,2.23%
11/22/2023,2.8044,2.861,2.8638,2.7404,66.67K,-1.68%
11/21/2023,2.8522,2.7882,2.866,2.7617,70.09K,2.31%
11/20/2023,2.7877,2.7029,2.8012,2.6894,45.79K,2.72%
11/17/2023,2.7139,2.6703,2.743,2.646,65.05K,1.56%
11/16/2023,2.6722,2.7901,2.8023,2.6599,52.90K,-4.26%
11/15/2023,2.7911,2.7745,2.8029,2.745,60.31K,0.43%
11/14/2023,2.7792,2.78,2.8158,2.7483,51.26K,0.10%
11/13/2023,2.7765,2.6957,2.7803,2.669,44.02K,2.93%
11/10/2023,2.6975,2.6718,2.7401,2.6537,37.21K,0.88%
11/09/2023,2.6741,2.6994,2.7108,2.6531,52.17K,-0.87%
11/08/2023,2.6977,2.7651,2.7806,2.6927,50.46K,-2.91%
11/07/2023,2.7785,2.8864,2.89,2.7611,38.89K,-3.83%
11/06/2023,2.8892,2.8569,2.9096,2.849,34.07K,1.01%
11/03/2023,2.8603,2.9476,2.9713,2.8426,46.52K,-3.07%
11/02/2023,2.951,2.8952,2.9604,2.8892,43.50K,2.08%
11/01/2023,2.891,2.8763,2.9346,2.8567,43.64K,-0.65%
10/31/2023,2.91,2.8946,2.9585,2.8946,51.09K,0.90%
10/30/2023,2.8841,2.9495,2.9544,2.8617,52.00K,-2.85%
10/27/2023,2.9687,2.96,3.0112,2.903,53.96K,0.10%
10/26/2023,2.9656,2.9491,2.9772,2.9,54.63K,0.22%
10/25/2023,2.9591,2.9586,2.9698,2.8766,59.48K,-0.11%
10/24/2023,2.9625,3.0192,3.0299,2.9285,58.28K,-1.76%
10/23/2023,3.0156,3.0744,3.0833,3.0084,50.91K,-1.83%
10/20/2023,3.0717,3.0849,3.1247,3.0646,41.94K,-0.19%
10/19/2023,3.0774,3.0345,3.0955,2.985,59.72K,1.05%
10/18/2023,3.0454,3.0534,3.0917,3.019,68.99K,-0.26%
10/17/2023,3.0532,3.0473,3.0567,2.9954,47.57K,0.36%
10/16/2023,3.0421,3.0851,3.114,3.0371,49.30K,-1.24%
10/13/2023,3.0803,2.9431,3.0873,2.9392,57.61K,4.65%
10/12/2023,2.9434,2.9104,2.9627,2.8985,45.69K,1.09%
10/11/2023,2.9118,2.9242,2.9583,2.8518,40.81K,-0.44%
10/10/2023,2.9246,2.8889,2.9393,2.8625,48.49K,1.61%
10/09/2023,2.8783,2.8709,2.9366,2.8425,36.37K,1.91%
10/06/2023,2.8243,2.7991,2.8772,2.7683,56.57K,0.90%
10/05/2023,2.7991,2.9319,2.9399,2.7948,67.99K,-4.32%
10/04/2023,2.9254,3.0885,3.0952,2.9123,56.40K,-5.24%
10/03/2023,3.0873,3.0988,3.1024,3.0227,49.26K,-0.53%
10/02/2023,3.1037,3.1619,3.2024,3.0807,42.89K,-5.97%
09/29/2023,3.3006,3.2868,3.3564,3.2694,66.31K,0.92%
09/28/2023,3.2704,3.2559,3.316,3.2465,62.46K,0.25%
09/27/2023,3.2621,3.194,3.2739,3.1717,65.19K,2.86%
09/26/2023,3.1713,3.2037,3.2093,3.1259,64.95K,-0.90%
09/25/2023,3.2001,3.2654,3.2806,3.1855,61.65K,-1.15%
09/22/2023,3.2373,3.2892,3.3462,3.2345,67.74K,-1.66%
09/21/2023,3.292,3.2367,3.3893,3.222,81.39K,1.43%
09/20/2023,3.2456,3.3192,3.3322,3.2161,59.15K,-1.42%
09/19/2023,3.2925,3.2307,3.3269,3.2148,66.02K,2.10%
09/18/2023,3.2247,3.3188,3.3346,3.2075,56.82K,-2.53%
09/15/2023,3.3083,3.3934,3.4109,3.3003,59.42K,-2.57%
09/14/2023,3.3956,3.344,3.4178,3.315,60.54K,1.54%
09/13/2023,3.3441,3.2509,3.3501,3.2501,66.79K,2.74%
09/12/2023,3.255,3.2743,3.3031,3.2386,49.77K,-0.65%
09/11/2023,3.2763,3.2105,3.3028,3.1895,53.03K,1.91%
09/08/2023,3.2149,3.1529,3.2417,3.1411,53.62K,2.22%
09/07/2023,3.1451,3.1309,3.1599,3.0949,35.04K,0.52%
09/06/2023,3.1288,3.152,3.1528,3.0715,38.73K,-0.51%
09/05/2023,3.1448,3.0482,3.1738,3.0284,56.74K,0.26%
09/04/2023,3.1368,3.1143,3.1444,3.0911,,0.70%
09/03/2023,3.1151,3.1162,3.1196,3.1138,,2.53%
09/01/2023,3.0383,3.0333,3.0884,3.0319,47.06K,-2.40%
08/31/2023,3.1131,3.0657,3.1236,3.0325,66.81K,1.54%
08/30/2023,3.0658,3.1619,3.1801,3.0588,77.93K,-3.36%
08/29/2023,3.1725,3.1536,3.1935,3.1164,54.80K,0.04%
08/28/2023,3.1711,3.2705,3.2775,3.1501,73.29K,-2.94%
08/25/2023,3.2673,3.1193,3.2966,3.1181,82.96K,4.48%
08/24/2023,3.1271,3.0893,3.1322,3.0738,49.18K,0.81%
08/23/2023,3.1021,3.1156,3.1405,3.0714,49.58K,-0.33%
08/22/2023,3.1125,3.106,3.1305,3.0705,49.63K,0.69%
08/21/2023,3.0912,3.1366,3.1641,3.085,51.65K,-1.17%
08/18/2023,3.1279,3.0677,3.1429,3.0566,63.03K,1.96%
08/17/2023,3.0679,2.9964,3.0877,2.9822,43.76K,2.37%
08/16/2023,2.997,3.0159,3.0405,2.9911,49.69K,-0.46%
08/15/2023,3.011,3.0604,3.072,2.9938,39.25K,-1.86%
08/14/2023,3.0682,3.0882,3.1065,3.0379,44.26K,-0.89%
08/11/2023,3.0959,3.1199,3.1631,3.0859,46.11K,-0.82%
08/10/2023,3.1214,3.1724,3.1928,3.0942,39.51K,-1.55%
08/09/2023,3.1707,3.0593,3.178,3.0539,54.01K,3.67%
08/08/2023,3.0585,3.0117,3.0647,2.9174,47.83K,2.14%
08/07/2023,2.9944,3.0467,3.0577,2.9915,28.63K,-1.41%
08/04/2023,3.0373,3.0533,3.0599,3.0131,36.47K,-0.20%
08/03/2023,3.0433,2.9875,3.0572,2.9374,43.37K,2.26%
08/02/2023,2.9761,3.0269,3.0479,2.9394,47.89K,-0.45%
08/01/2023,2.9895,2.9597,3.0263,2.9459,54.11K,0.13%
07/31/2023,2.9855,2.9548,3.0054,2.9222,57.10K,1.21%
07/28/2023,2.9498,2.9017,2.9651,2.8777,64.39K,1.41%
07/27/2023,2.9088,2.8402,2.9153,2.8336,71.75K,2.54%
07/26/2023,2.8367,2.764,2.8435,2.7526,65.31K,2.28%
07/25/2023,2.7734,2.7678,2.7862,2.7264,60.01K,0.34%
07/24/2023,2.764,2.7407,2.8279,2.7149,79.18K,0.95%
07/21/2023,2.738,2.6643,2.7435,2.6614,56.29K,3.03%
07/20/2023,2.6574,2.637,2.6651,2.6138,46.34K,0.83%
07/19/2023,2.6355,2.608,2.6681,2.5933,59.47K,1.60%
07/18/2023,2.5941,2.5619,2.6065,2.5529,36.86K,1.40%
07/17/2023,2.5584,2.5758,2.6127,2.5454,36.24K,-1.20%
07/14/2023,2.5894,2.6098,2.6278,2.5672,48.50K,-0.58%
07/13/2023,2.6046,2.5996,2.6248,2.5752,49.53K,0.49%
07/12/2023,2.592,2.568,2.6151,2.5627,52.97K,0.67%
07/11/2023,2.5747,2.5442,2.5849,2.5345,32.46K,1.36%
07/10/2023,2.5401,2.5444,2.5682,2.5169,32.83K,-0.07%
07/07/2023,2.542,2.4762,2.5456,2.4688,38.82K,2.98%
07/06/2023,2.4685,2.4851,2.4881,2.4226,36.88K,-0.57%
07/05/2023,2.4827,2.3861,2.4951,2.3832,49.82K,1.98%
07/04/2023,2.4345,2.3896,2.4479,2.3852,,2.50%
07/03/2023,2.3751,2.4351,2.4609,2.3731,26.81K,-2.96%
06/30/2023,2.4476,2.4087,2.4535,2.3879,55.69K,1.68%
06/29/2023,2.4072,2.3847,2.4395,2.3783,41.53K,0.52%
06/28/2023,2.3948,2.3935,2.4131,2.3467,54.28K,0.98%
06/27/2023,2.3716,2.422,2.4468,2.3623,67.93K,-1.70%
06/26/2023,2.4127,2.3879,2.4331,2.3743,61.59K,1.68%
06/23/2023,2.3729,2.4132,2.4156,2.3432,55.24K,-1.68%
06/22/2023,2.4135,2.4872,2.4978,2.3963,69.14K,-3.28%
06/21/2023,2.4954,2.4305,2.5028,2.4092,70.55K,2.41%
06/20/2023,2.4367,2.5069,2.5069,2.4074,70.06K,-2.90%
06/19/2023,2.5094,2.5446,2.545,2.498,,-1.39%
06/18/2023,2.5447,2.553,2.553,2.5429,,1.59%
06/16/2023,2.5048,2.4536,2.5081,2.4456,58.29K,2.05%
06/15/2023,2.4544,2.3465,2.4613,2.3287,47.32K,4.80%
06/14/2023,2.3419,2.3754,2.4111,2.3358,44.90K,-1.56%
06/13/2023,2.3789,2.3015,2.394,2.3015,39.74K,3.52%
06/12/2023,2.2981,2.3495,2.3496,2.2876,32.93K,-2.37%
06/09/2023,2.3538,2.3756,2.3964,2.3523,21.23K,-1.18%
06/08/2023,2.382,2.3979,2.4192,2.3127,39.20K,-0.63%
06/07/2023,2.397,2.3573,2.4093,2.3432,33.66K,1.32%
06/06/2023,2.3657,2.3718,2.3803,2.3247,20.76K,-0.37%
06/05/2023,2.3746,2.4071,2.426,2.3623,22.29K,0.87%
06/02/2023,2.3542,2.3135,2.3752,2.3084,25.52K,1.85%
06/01/2023,2.3114,2.2451,2.334,2.2382,28.79K,2.69%
05/31/2023,2.2509,2.2832,2.2839,2.2268,43.16K,-0.80%
05/30/2023,2.269,2.3677,2.3766,2.2649,64.44K,-4.23%
05/29/2023,2.3692,2.3635,2.3635,2.3385,0.38K,0.59%
05/26/2023,2.3554,2.334,2.378,2.321,54.14K,0.80%
05/25/2023,2.3366,2.3971,2.4031,2.3082,44.70K,-2.72%
05/24/2023,2.4019,2.3696,2.4086,2.3643,48.74K,2.10%
05/23/2023,2.3525,2.3583,2.3945,2.3442,46.35K,-0.14%
05/22/2023,2.3558,2.3559,2.37,2.3191,38.38K,0.14%
05/19/2023,2.3524,2.3919,2.4288,2.3447,48.75K,-1.38%
05/18/2023,2.3854,2.4072,2.4106,2.3614,38.01K,-0.92%
05/17/2023,2.4075,2.344,2.4143,2.3267,40.05K,2.59%
05/16/2023,2.3467,2.3639,2.3769,2.3277,30.01K,-0.55%
05/15/2023,2.3597,2.2983,2.369,2.2739,38.99K,2.70%
05/12/2023,2.2976,2.3522,2.3522,2.2936,27.51K,-1.94%
05/11/2023,2.343,2.3901,2.4158,2.3379,32.75K,-1.92%
05/10/2023,2.3888,2.3944,2.4052,2.3653,36.03K,-0.13%
05/09/2023,2.3919,2.3655,2.3949,2.3258,24.16K,0.53%
05/08/2023,2.3794,2.3183,2.3862,2.316,22.32K,2.61%
05/05/2023,2.3189,2.2444,2.3287,2.2347,24.42K,3.39%
05/04/2023,2.2428,2.215,2.2733,2.155,24.95K,0.37%
05/03/2023,2.2345,2.2961,2.2999,2.2068,27.38K,-2.49%
05/02/2023,2.2915,2.3842,2.3989,2.2761,28.20K,-3.88%
05/01/2023,2.384,2.3747,2.3903,2.3321,22.27K,0.29%
04/28/2023,2.3771,2.3555,2.3943,2.3261,54.17K,1.05%
04/27/2023,2.3525,2.3701,2.3885,2.3324,57.62K,-0.70%
04/26/2023,2.3692,2.4463,2.4676,2.365,57.80K,-3.21%
04/25/2023,2.4477,2.519,2.5377,2.4429,60.52K,-2.97%
04/24/2023,2.5226,2.4908,2.5363,2.447,60.66K,1.75%
04/21/2023,2.4792,2.4777,2.5077,2.4614,40.32K,-0.06%
04/20/2023,2.4808,2.5346,2.5346,2.4608,51.09K,-2.33%
04/19/2023,2.5401,2.5781,2.5823,2.5246,43.31K,-1.60%
04/18/2023,2.5815,2.5957,2.6057,2.5598,46.63K,-0.26%
04/17/2023,2.5882,2.616,2.6277,2.565,49.39K,-1.05%
04/14/2023,2.6156,2.6461,2.6467,2.6046,50.32K,-0.79%
04/13/2023,2.6363,2.6588,2.6703,2.6271,35.12K,-0.89%
04/12/2023,2.66,2.6212,2.6746,2.6067,43.12K,1.41%
04/11/2023,2.623,2.6282,2.6492,2.5796,47.55K,-0.22%
04/10/2023,2.6287,2.618,2.6499,2.5916,32.77K,0.63%
04/06/2023,2.6122,2.6725,2.6753,2.6083,54.77K,-2.23%
04/05/2023,2.6717,2.6388,2.678,2.6098,53.38K,1.83%
04/04/2023,2.6237,2.6196,2.6537,2.5736,44.93K,0.21%
04/03/2023,2.6183,2.6893,2.7095,2.6064,43.64K,-0.09%
03/31/2023,2.6206,2.5716,2.6253,2.5576,47.92K,2.22%
03/30/2023,2.5638,2.5557,2.5948,2.5426,56.44K,-0.11%
03/29/2023,2.5665,2.639,2.6562,2.5527,73.73K,-3.01%
03/28/2023,2.6461,2.6414,2.6811,2.624,60.89K,-0.20%
03/27/2023,2.6515,2.585,2.6608,2.5656,64.27K,3.05%
03/24/2023,2.573,2.574,2.6074,2.5035,59.57K,0.01%
03/23/2023,2.5727,2.5838,2.6281,2.5592,60.18K,-1.29%
03/22/2023,2.6063,2.5709,2.6374,2.5438,61.32K,1.30%
03/21/2023,2.5729,2.5571,2.5793,2.5112,48.04K,0.59%
03/20/2023,2.5578,2.54,2.5718,2.4575,45.13K,0.42%
03/17/2023,2.5472,2.53,2.6102,2.5038,52.18K,0.45%
03/16/2023,2.5358,2.5162,2.5467,2.4238,46.45K,1.17%
03/15/2023,2.5065,2.635,2.66,2.4469,50.92K,-4.49%
03/14/2023,2.6243,2.699,2.7065,2.6115,34.74K,-2.26%
03/13/2023,2.685,2.7229,2.7515,2.5934,44.07K,-1.24%
03/10/2023,2.7188,2.6297,2.7374,2.5971,44.61K,3.21%
03/09/2023,2.6342,2.6997,2.7363,2.6289,39.20K,-2.68%
03/08/2023,2.7068,2.7376,2.7588,2.6812,35.56K,-1.64%
03/07/2023,2.7518,2.8463,2.8578,2.7343,37.83K,-3.07%
03/06/2023,2.839,2.8439,2.8482,2.7845,29.65K,-0.57%
03/03/2023,2.8553,2.8022,2.8594,2.7486,27.54K,1.63%
03/02/2023,2.8096,2.8089,2.8455,2.7803,39.48K,-0.09%
03/01/2023,2.8122,2.7439,2.8136,2.7402,25.65K,0.24%
02/28/2023,2.8056,2.8013,2.8461,2.7685,45.22K,0.19%
02/27/2023,2.8003,2.7703,2.8144,2.7567,58.19K,1.20%
02/24/2023,2.7671,2.703,2.7795,2.6662,63.28K,2.84%
02/23/2023,2.6908,2.6875,2.7288,2.6517,65.05K,-0.41%
02/22/2023,2.7018,2.7728,2.7882,2.6869,48.48K,-2.59%
02/21/2023,2.7736,2.7185,2.7947,2.6807,62.96K,0.73%
02/20/2023,2.7534,2.7367,2.7817,2.7182,,0.61%
02/19/2023,2.7368,2.7396,2.7399,2.7305,,1.30%
02/17/2023,2.7018,2.7753,2.7798,2.6467,52.16K,-3.20%
02/16/2023,2.7911,2.8183,2.8593,2.7657,37.08K,-0.99%
02/15/2023,2.819,2.8852,2.8871,2.7812,45.88K,-3.08%
02/14/2023,2.9086,2.8512,2.915,2.8209,45.32K,1.21%
02/13/2023,2.8739,2.8461,2.888,2.7902,36.56K,1.29%
02/10/2023,2.8372,2.7843,2.8792,2.7702,41.76K,1.86%
02/09/2023,2.7853,2.8647,2.8917,2.76,37.78K,-2.53%
02/08/2023,2.8576,2.8573,2.9177,2.8265,53.00K,0.27%
02/07/2023,2.85,2.7298,2.8572,2.7178,44.70K,4.72%
02/06/2023,2.7215,2.7337,2.7647,2.635,42.82K,-0.10%
02/03/2023,2.7242,2.8369,2.8626,2.7162,40.78K,-3.66%
02/02/2023,2.8278,2.8904,2.903,2.823,38.21K,-1.74%
02/01/2023,2.878,3.0349,3.0487,2.8564,47.25K,-8.48%
01/31/2023,3.1448,3.056,3.1578,3.0068,54.36K,2.78%
01/30/2023,3.0598,3.2,3.2137,3.0534,68.69K,-3.94%
01/27/2023,3.1852,3.2983,3.3408,3.1692,71.70K,-3.35%
01/26/2023,3.2957,3.2596,3.3247,3.217,48.29K,1.10%
01/25/2023,3.2598,3.3518,3.4012,3.2352,69.35K,-1.98%
01/24/2023,3.3258,3.4379,3.4664,3.3147,61.73K,-3.25%
01/23/2023,3.4374,3.3602,3.4507,3.3433,55.16K,2.36%
01/20/2023,3.3583,3.2918,3.3699,3.2609,65.81K,2.36%
01/19/2023,3.2808,3.1745,3.2908,3.1347,68.00K,3.07%
01/18/2023,3.1831,3.187,3.2544,3.1527,44.74K,0.44%
01/17/2023,3.1691,3.1845,3.2198,3.1391,58.70K,-2.71%
01/16/2023,3.2573,3.2628,3.2788,3.2434,,-0.17%
01/15/2023,3.263,3.2763,3.2769,3.263,,3.10%
01/13/2023,3.1649,3.1248,3.1848,3.1063,44.09K,1.45%
01/12/2023,3.1198,3.0811,3.1558,3.0581,50.11K,0.76%
01/11/2023,3.0962,2.9954,3.1126,2.974,63.36K,2.77%
01/10/2023,3.0127,2.9522,3.0335,2.9259,53.76K,2.01%
01/09/2023,2.9534,2.9338,3.0179,2.9226,42.98K,1.10%
01/06/2023,2.9214,2.9029,2.9639,2.878,35.29K,1.00%
01/05/2023,2.8925,2.9128,2.974,2.85,45.90K,0.02%
01/04/2023,2.8918,2.9968,3.0044,2.8539,37.38K,-3.55%
01/03/2023,2.9982,3.1665,3.214,2.9908,33.64K,-9.45%
01/02/2023,3.3112,3.3009,3.3184,3.2971,,0.49%
12/30/2022,3.295,3.275,3.3105,3.2221,39.58K,0.97%
12/29/2022,3.2633,3.2879,3.2891,3.1884,46.09K,-1.11%
12/28/2022,3.2999,3.3463,3.3505,3.186,45.79K,-0.40%
12/27/2022,3.3131,3.2338,3.3543,3.2016,50.62K,0.11%
12/26/2022,3.3096,3.259,3.3096,3.2548,,2.95%
12/23/2022,3.2148,3.114,3.2529,3.0805,44.26K,3.86%
12/22/2022,3.0954,3.1511,3.183,3.0816,38.59K,-0.43%
12/21/2022,3.1088,3.0334,3.1526,3.0211,39.15K,2.63%
12/20/2022,3.0291,3.0648,3.0648,2.9682,35.43K,0.37%
12/19/2022,3.0179,3.075,3.1267,3.0152,37.40K,-1.84%
12/16/2022,3.0746,3.214,3.2242,3.0683,43.88K,-4.36%
12/15/2022,3.2146,3.2182,3.258,3.1786,45.57K,-0.47%
12/14/2022,3.2298,3.055,3.2367,3.0458,47.73K,5.57%
12/13/2022,3.0594,2.9338,3.0816,2.922,38.28K,4.07%
12/12/2022,2.9397,2.8008,2.9683,2.7652,45.82K,5.82%
12/09/2022,2.778,2.8388,2.8613,2.7517,38.36K,-2.36%
12/08/2022,2.845,2.7667,2.8667,2.765,48.44K,2.84%
12/07/2022,2.7665,2.8941,2.9111,2.7555,49.41K,-4.17%
12/06/2022,2.8869,2.9702,2.9985,2.8544,36.42K,-2.80%
12/05/2022,2.9702,3.1414,3.1995,2.9625,45.65K,-5.09%
12/02/2022,3.1294,3.2122,3.2595,3.11,33.28K,-2.60%
12/01/2022,3.2129,3.2854,3.3439,3.1979,40.75K,-4.48%
11/30/2022,3.3635,3.2665,3.3684,3.245,49.97K,3.69%
11/29/2022,3.2439,3.1231,3.276,3.1082,63.13K,2.94%
11/28/2022,3.1514,3.2077,3.2077,3.111,57.39K,-0.53%
11/25/2022,3.1683,3.2571,3.358,3.1644,36.80K,-6.20%
11/24/2022,3.3777,3.3483,3.3964,3.3334,,3.08%
11/23/2022,3.2768,3.3785,3.3982,3.2594,57.74K,-2.66%
11/22/2022,3.3664,3.3725,3.4185,3.3515,42.98K,-0.36%
11/21/2022,3.3787,3.388,3.4026,3.2524,35.56K,-0.53%
11/18/2022,3.3968,3.4008,3.4233,3.2926,36.42K,-0.01%
11/17/2022,3.397,3.4975,3.5007,3.3576,34.41K,-2.49%
11/16/2022,3.4839,3.5122,3.5362,3.4545,27.32K,-0.74%
11/15/2022,3.5099,3.4441,3.5789,3.4207,34.47K,2.36%
11/14/2022,3.429,3.4779,3.5576,3.415,32.06K,-0.63%
11/11/2022,3.4507,3.4236,3.5508,3.403,38.50K,0.52%
11/10/2022,3.4327,3.4784,3.5208,3.425,39.96K,-1.68%
11/09/2022,3.4913,3.607,3.6082,3.4698,33.82K,-2.86%
11/08/2022,3.594,3.6143,3.697,3.58,32.03K,-0.57%
11/07/2022,3.6145,3.6651,3.6941,3.6065,33.18K,-2.23%
11/04/2022,3.6971,3.6537,3.7173,3.637,28.23K,1.32%
11/03/2022,3.649,3.5415,3.668,3.4881,38.85K,3.09%
11/02/2022,3.5396,3.4727,3.5484,3.4182,29.87K,2.03%
11/01/2022,3.4691,3.505,3.5777,3.455,33.11K,-5.58%
10/31/2022,3.6741,3.7605,3.7831,3.6271,51.23K,-1.91%
10/28/2022,3.7455,3.7131,3.8129,3.6814,56.28K,1.05%
10/27/2022,3.7067,3.7146,3.721,3.6423,47.22K,0.82%
10/26/2022,3.6766,3.5633,3.7302,3.5317,56.78K,2.63%
10/25/2022,3.5823,3.6056,3.6161,3.5195,42.57K,0.42%
10/24/2022,3.5672,3.544,3.6452,3.5222,44.55K,0.39%
10/21/2022,3.5532,3.4995,3.582,3.4435,49.31K,1.99%
10/20/2022,3.4838,3.5307,3.6305,3.4576,50.81K,-2.16%
10/19/2022,3.5606,3.6346,3.6524,3.5082,49.72K,-1.89%
10/18/2022,3.6291,3.7264,3.7358,3.6005,46.32K,-1.58%
10/17/2022,3.6873,3.6134,3.7074,3.6031,41.23K,2.35%
10/14/2022,3.6026,3.6854,3.7119,3.5735,41.37K,-2.83%
10/13/2022,3.7076,3.6127,3.7153,3.545,51.16K,2.37%
10/12/2022,3.6216,3.6091,3.6867,3.55,66.82K,-0.04%
10/11/2022,3.623,3.6465,3.6583,3.5028,58.92K,-1.82%
10/10/2022,3.6903,3.8268,3.8315,3.6426,51.88K,-2.53%
10/07/2022,3.786,3.686,3.8141,3.6477,45.86K,3.14%
10/06/2022,3.6707,3.5648,3.7023,3.4834,55.93K,3.29%
10/05/2022,3.5539,3.3905,3.5699,3.3459,61.96K,4.85%
10/04/2022,3.3895,3.2462,3.4,3.2374,51.56K,4.24%
10/03/2022,3.2515,3.1728,3.2626,3.1728,45.58K,0.93%
09/30/2022,3.2216,3.2899,3.2929,3.1943,46.91K,-2.23%
09/29/2022,3.2952,3.3332,3.3785,3.2744,50.09K,-1.26%
09/28/2022,3.3372,3.1579,3.3434,3.0929,73.09K,5.51%
09/27/2022,3.1629,3.065,3.1941,3.0408,56.86K,3.82%
09/26/2022,3.0464,3.1614,3.1865,3.0287,53.62K,-3.52%
09/23/2022,3.1575,3.3224,3.3246,3.1281,53.04K,-4.91%
09/22/2022,3.3207,3.256,3.3888,3.2302,59.45K,1.82%
09/21/2022,3.2615,3.3042,3.428,3.198,55.08K,-1.29%
09/20/2022,3.304,3.2683,3.3236,3.2331,53.67K,1.39%
09/19/2022,3.2588,3.1402,3.2698,3.0925,51.00K,3.91%
09/16/2022,3.1363,3.185,3.2305,3.1259,37.55K,-1.11%
09/15/2022,3.1716,3.3494,3.3553,3.1168,58.56K,-5.00%
09/14/2022,3.3384,3.4992,3.5055,3.29,58.96K,-4.41%
09/13/2022,3.4924,3.5455,3.6011,3.4388,30.22K,-1.51%
09/12/2022,3.5459,3.5252,3.6407,3.5008,27.94K,0.78%
09/09/2022,3.5184,3.4682,3.5488,3.4528,30.27K,1.37%
09/08/2022,3.4707,3.495,3.5358,3.4175,31.66K,-1.16%
09/07/2022,3.5115,3.5088,3.5509,3.4366,30.68K,0.04%
09/06/2022,3.5102,3.5808,3.6996,3.4753,35.08K,-5.26%
09/05/2022,3.705,3.7077,3.7754,3.6664,,-0.07%
09/04/2022,3.7077,3.6436,3.7083,3.6431,,5.60%
09/02/2022,3.5112,3.4984,3.6091,3.4576,32.47K,0.37%
09/01/2022,3.4984,3.5892,3.5892,3.3919,36.14K,-4.61%
08/31/2022,3.6674,3.7889,3.8332,3.6176,40.51K,-2.92%
08/30/2022,3.7778,3.8643,3.8989,3.6841,54.66K,-1.92%
08/29/2022,3.8516,3.9262,3.9493,3.8245,49.87K,-2.12%
08/26/2022,3.9352,3.8912,3.9728,3.88,40.34K,1.36%
08/25/2022,3.8823,3.9845,4.0392,3.8675,52.59K,-2.08%
08/24/2022,3.9649,3.7996,3.9825,3.7739,50.61K,4.22%
08/23/2022,3.8045,3.7352,3.827,3.7155,42.14K,1.77%
08/22/2022,3.7384,3.66,3.7422,3.6078,43.33K,2.12%
08/19/2022,3.6609,3.6086,3.6954,3.5266,36.83K,1.60%
08/18/2022,3.6033,3.5597,3.6385,3.5375,40.71K,0.98%
08/17/2022,3.5682,3.4484,3.5716,3.4196,40.87K,3.58%
08/16/2022,3.4448,3.4098,3.4777,3.3908,25.29K,0.87%
08/15/2022,3.4152,3.4866,3.4989,3.3491,26.57K,-2.04%
08/12/2022,3.4862,3.4504,3.5152,3.4204,26.58K,0.96%
08/11/2022,3.4531,3.3708,3.4886,3.353,32.37K,2.29%
08/10/2022,3.3757,3.321,3.3954,3.2178,26.81K,2.23%
08/09/2022,3.3022,3.1624,3.3215,3.1624,39.09K,4.48%
08/08/2022,3.1605,3.1795,3.2004,3.1167,34.58K,-0.79%
08/05/2022,3.1856,3.2593,3.2876,3.1522,34.17K,-3.44%
08/04/2022,3.2992,3.3794,3.406,3.2433,26.15K,-2.07%
08/03/2022,3.3691,3.3265,3.4553,3.3,27.30K,0.89%
08/02/2022,3.3395,3.3856,3.4031,3.2876,24.20K,-1.52%
08/01/2022,3.3909,3.5103,3.5103,3.3541,33.68K,-4.45%
07/29/2022,3.549,3.6361,3.7055,3.5302,41.36K,-1.79%
07/28/2022,3.6138,3.6512,3.7308,3.5711,43.22K,-0.82%
07/27/2022,3.6438,3.5323,3.6665,3.4983,40.54K,3.36%
07/26/2022,3.5255,3.4444,3.5591,3.4399,40.65K,1.90%
07/25/2022,3.4597,3.408,3.502,3.3288,53.20K,1.94%
07/22/2022,3.394,3.512,3.5851,3.3675,49.59K,-3.68%
07/21/2022,3.5236,3.5778,3.5778,3.3721,46.47K,-0.93%
07/20/2022,3.5565,3.573,3.6073,3.4724,37.18K,-0.34%
07/19/2022,3.5688,3.5638,3.6051,3.4571,37.32K,-0.54%
07/18/2022,3.5881,3.6267,3.6835,3.5397,34.82K,-0.80%
07/15/2022,3.6169,3.5676,3.656,3.5104,28.42K,1.50%
07/14/2022,3.5635,3.6092,3.6354,3.4198,32.14K,-0.50%
07/13/2022,3.5813,3.5572,3.654,3.5195,33.15K,0.40%
07/12/2022,3.5671,3.6713,3.6943,3.5002,31.24K,-3.17%
07/11/2022,3.6838,3.6082,3.7171,3.5465,37.35K,2.49%
07/08/2022,3.5943,3.6033,3.6237,3.4712,39.53K,0.01%
07/07/2022,3.5939,3.3607,3.6294,3.3094,41.56K,7.39%
07/06/2022,3.3466,3.5672,3.5989,3.2946,41.16K,-5.49%
07/05/2022,3.541,3.8699,3.907,3.5045,47.55K,-10.46%
07/04/2022,3.9546,3.9626,3.9856,3.8616,,-0.19%
07/03/2022,3.9623,3.9475,3.9678,3.9466,,2.62%
07/01/2022,3.8612,3.7914,3.9461,3.7433,30.70K,0.80%
06/30/2022,3.8305,3.9514,4.0016,3.7448,47.69K,-3.18%
06/29/2022,3.9563,4.1145,4.1579,3.9335,53.33K,-3.85%
06/28/2022,4.1147,4.16,4.221,3.9482,56.57K,-0.11%
06/27/2022,4.1192,4.2229,4.2585,4.1092,50.73K,-2.96%
06/24/2022,4.2448,4.208,4.2752,4.1769,38.79K,0.66%
06/23/2022,4.217,4.2495,4.3039,4.151,43.35K,-1.49%
06/22/2022,4.2808,4.2526,4.2904,4.0971,47.78K,1.17%
06/21/2022,4.2313,4.2123,4.4053,4.1799,50.93K,-5.71%
06/20/2022,4.4874,4.3819,4.4893,4.3111,,2.41%
06/19/2022,4.3819,4.3835,4.398,4.3793,,4.11%
06/17/2022,4.2091,4.4126,4.4898,4.1702,49.27K,-4.73%
06/16/2022,4.4181,4.3762,4.43,4.2764,33.68K,0.39%
06/15/2022,4.4008,4.262,4.4573,4.2256,47.08K,3.18%
06/14/2022,4.2653,4.1697,4.3361,4.143,38.11K,2.08%
06/13/2022,4.1785,4.2594,4.2675,4.0924,40.76K,-1.87%
06/10/2022,4.2582,4.3121,4.3993,4.2127,30.78K,-1.10%
06/09/2022,4.3056,4.2379,4.356,4.1633,44.52K,2.03%
06/08/2022,4.2198,4.2138,4.2471,4.1794,47.06K,0.29%
06/07/2022,4.2075,4.245,4.2675,4.14,48.68K,-0.51%
06/06/2022,4.2292,4.217,4.2725,4.1375,38.73K,1.79%
06/03/2022,4.1549,4.1397,4.22,4.074,35.20K,1.30%
06/02/2022,4.1017,4.0465,4.1566,3.9225,42.52K,1.73%
06/01/2022,4.0319,3.9198,4.0585,3.8833,38.28K,2.46%
05/31/2022,3.935,3.9265,4.1647,3.901,59.41K,-1.29%
05/30/2022,3.9863,3.9244,3.9913,3.9011,,1.57%
05/29/2022,3.9245,3.912,3.9245,3.9092,,0.49%
05/27/2022,3.9053,3.8692,3.922,3.8028,40.87K,1.42%
05/26/2022,3.8505,3.7516,3.8768,3.7413,36.98K,2.70%
05/25/2022,3.7491,3.6576,3.7704,3.6463,48.04K,2.59%
05/24/2022,3.6543,3.6497,3.715,3.5765,42.65K,0.30%
05/23/2022,3.6434,3.6236,3.6734,3.5752,36.75K,0.60%
05/20/2022,3.6218,3.6672,3.6914,3.6161,31.34K,-1.24%
05/19/2022,3.6671,3.5606,3.6764,3.4274,38.95K,2.74%
05/18/2022,3.5693,3.7065,3.7344,3.5255,46.80K,-3.34%
05/17/2022,3.6928,3.7714,3.8324,3.6747,42.49K,-2.15%
05/16/2022,3.7738,3.7739,3.801,3.6802,33.77K,0.35%
05/13/2022,3.7608,3.7393,3.8242,3.7184,30.00K,0.66%
05/12/2022,3.7363,3.7693,3.7883,3.6165,39.12K,-0.49%
05/11/2022,3.7546,3.6715,3.815,3.6649,45.88K,2.05%
05/10/2022,3.6793,3.6391,3.7334,3.5786,39.93K,0.70%
05/09/2022,3.6539,3.8254,3.8303,3.6167,42.60K,-3.56%
05/06/2022,3.7888,3.8345,3.8618,3.7396,44.72K,-0.83%
05/05/2022,3.8204,3.8877,3.9282,3.7914,42.22K,-1.59%
05/04/2022,3.8822,3.7504,3.9111,3.7504,32.24K,3.77%
05/03/2022,3.7413,3.8574,3.8701,3.6947,37.90K,-2.35%
05/02/2022,3.8314,3.6726,3.8846,3.6207,27.67K,-4.63%
04/29/2022,4.0172,3.9997,4.1771,3.9779,42.61K,0.22%
04/28/2022,4.0084,3.9468,4.039,3.8837,47.99K,1.76%
04/27/2022,3.9391,3.8256,3.9607,3.7453,39.46K,3.19%
04/26/2022,3.8173,3.6992,3.8654,3.6258,51.28K,4.47%
04/25/2022,3.6541,3.6255,3.6875,3.4818,40.68K,0.50%
04/22/2022,3.6358,3.6361,3.6793,3.5583,35.66K,0.25%
04/21/2022,3.6267,3.6649,3.7014,3.5676,39.08K,-1.11%
04/20/2022,3.6674,3.5815,3.6832,3.567,39.35K,2.52%
04/19/2022,3.5772,3.6471,3.668,3.5033,31.17K,-1.82%
04/18/2022,3.6435,3.6871,3.75,3.5813,30.56K,-0.02%
04/14/2022,3.6442,3.5857,3.6989,3.474,34.98K,3.30%
04/13/2022,3.5277,3.3477,3.5807,3.3141,42.49K,6.00%
04/12/2022,3.328,3.17,3.3499,3.1623,32.73K,5.92%
04/11/2022,3.142,3.21,3.2267,3.0979,27.29K,-1.77%
04/08/2022,3.1985,3.191,3.2136,3.1225,29.53K,1.77%
04/07/2022,3.1428,3.2075,3.2366,3.0583,36.13K,-0.75%
04/06/2022,3.1665,3.2724,3.3578,3.1514,25.30K,-3.41%
04/05/2022,3.2784,3.3478,3.3914,3.2231,27.55K,-1.45%
04/04/2022,3.3265,3.2145,3.3729,3.2145,22.90K,3.16%
04/01/2022,3.2245,3.2349,3.2653,3.1379,26.15K,-4.06%
03/31/2022,3.3609,3.45,3.479,3.2865,34.71K,-2.78%
03/30/2022,3.457,3.428,3.5687,3.38,38.05K,2.00%
03/29/2022,3.3892,3.3803,3.5374,3.2114,39.89K,-1.85%
03/28/2022,3.4532,3.7465,3.7465,3.3451,43.03K,-7.94%
03/25/2022,3.7512,3.799,3.8446,3.6097,43.70K,-1.36%
03/24/2022,3.803,3.7826,3.857,3.7183,41.48K,-0.37%
03/23/2022,3.8173,3.5555,3.8304,3.546,38.99K,6.16%
03/22/2022,3.5958,3.5452,3.6157,3.4055,33.53K,1.72%
03/21/2022,3.535,3.3971,3.6148,3.3704,35.36K,4.52%
03/18/2022,3.3821,3.3008,3.405,3.2519,26.01K,2.68%
03/17/2022,3.2937,3.0301,3.3555,2.9949,28.90K,10.86%
03/16/2022,2.971,2.9389,3.073,2.9039,26.65K,0.86%
03/15/2022,2.9458,3.1252,3.1307,2.8635,31.41K,-6.53%
03/14/2022,3.1516,3.288,3.3081,3.0916,24.09K,-4.30%
03/11/2022,3.2931,3.1986,3.3941,3.0714,33.94K,3.05%
03/10/2022,3.1957,3.404,3.6442,3.183,49.01K,-4.16%
03/09/2022,3.3344,4.3,4.3138,3.1957,66.68K,-19.37%
03/08/2022,4.1355,3.765,4.2135,3.6838,61.48K,11.53%
03/07/2022,3.708,3.605,4.0048,3.6039,49.19K,3.76%
03/04/2022,3.5736,3.3268,3.591,3.2773,44.89K,7.35%
03/03/2022,3.3289,3.3554,3.6166,3.2231,37.42K,0.15%
03/02/2022,3.3238,3.1239,3.4117,3.0868,60.82K,9.40%
03/01/2022,3.0381,2.8533,3.1068,2.845,49.03K,3.64%
02/28/2022,2.9313,2.8531,2.9811,2.8505,65.19K,4.47%
02/25/2022,2.8058,2.8572,2.9308,2.7687,82.63K,-1.71%
02/24/2022,2.8547,2.8072,3.0064,2.8015,97.46K,2.19%
02/23/2022,2.7934,2.7779,2.8285,2.7521,73.54K,0.10%
02/22/2022,2.7905,2.767,2.8695,2.7237,83.05K,-0.62%
02/21/2022,2.8078,2.7834,2.8251,2.7253,,0.88%
02/20/2022,2.7832,2.7833,2.7889,2.7821,,1.23%
02/18/2022,2.7493,2.7384,2.7675,2.6728,75.58K,0.36%
02/17/2022,2.7395,2.7288,2.781,2.7017,81.69K,-1.81%
02/16/2022,2.7901,2.7707,2.8173,2.7007,87.93K,0.93%
02/15/2022,2.7643,2.8274,2.8427,2.725,55.96K,-3.02%
02/14/2022,2.8505,2.8202,2.8543,2.7643,50.06K,1.69%
02/11/2022,2.8031,2.7257,2.8301,2.7042,66.79K,2.77%
02/10/2022,2.7276,2.7301,2.7657,2.7058,51.48K,0.04%
02/09/2022,2.7264,2.7071,2.7365,2.6754,56.51K,1.07%
02/08/2022,2.6976,2.7537,2.7597,2.6641,79.51K,-1.95%
02/07/2022,2.7513,2.7631,2.7939,2.7393,69.77K,-0.32%
02/04/2022,2.7601,2.7141,2.7855,2.7112,56.99K,1.46%
02/03/2022,2.7204,2.6632,2.724,2.6425,67.38K,1.78%
02/02/2022,2.6727,2.6605,2.6897,2.6387,42.82K,0.73%
02/01/2022,2.6534,2.64,2.6648,2.5923,53.72K,-2.29%
01/31/2022,2.7157,2.7269,2.7573,2.6928,65.07K,0.12%
01/28/2022,2.7124,2.75,2.7754,2.7038,89.39K,-0.19%
01/27/2022,2.7175,2.6884,2.7551,2.671,103.02K,0.95%
01/26/2022,2.6919,2.6274,2.7051,2.6229,100.39K,2.38%
01/25/2022,2.6292,2.6064,2.6313,2.577,99.80K,1.69%
01/24/2022,2.5854,2.6313,2.661,2.5616,91.48K,-1.97%
01/21/2022,2.6373,2.601,2.6434,2.5565,84.62K,0.34%
01/20/2022,2.6284,2.6175,2.6494,2.5921,97.43K,-0.30%
01/19/2022,2.6364,2.6534,2.6662,2.6105,75.32K,0.63%
01/18/2022,2.62,2.5915,2.6555,2.585,100.76K,-1.70%
01/17/2022,2.6652,2.6491,2.6755,2.635,,0.60%
01/16/2022,2.6494,2.6471,2.654,2.6471,,2.45%
01/14/2022,2.586,2.5487,2.5937,2.5478,76.12K,1.14%
01/13/2022,2.5568,2.5492,2.5667,2.5275,81.54K,0.51%
01/12/2022,2.5437,2.5193,2.5591,2.5157,82.98K,0.88%
01/11/2022,2.5216,2.4497,2.5288,2.4473,67.31K,3.01%
01/10/2022,2.4478,2.4577,2.4844,2.4403,64.38K,-0.11%
01/07/2022,2.4506,2.449,2.4712,2.4381,41.14K,0.05%
01/06/2022,2.4493,2.3991,2.4681,2.3867,47.90K,1.24%
01/05/2022,2.4192,2.389,2.435,2.3766,43.89K,1.34%
01/04/2022,2.3872,2.3399,2.3934,2.3343,40.21K,2.01%
01/03/2022,2.3401,2.3141,2.3549,2.2977,24.13K,0.64%
12/31/2021,2.3253,2.373,2.3871,2.3155,37.98K,-2.56%
12/30/2021,2.3863,2.3696,2.395,2.3519,41.75K,0.81%
12/29/2021,2.3672,2.3641,2.3946,2.3392,44.96K,0.26%
12/28/2021,2.361,2.3507,2.3892,2.3391,43.17K,0.69%
12/27/2021,2.3449,2.3124,2.3665,2.2865,39.35K,0.93%
12/23/2021,2.3234,2.3064,2.328,2.2813,52.49K,1.05%
12/22/2021,2.2992,2.2547,2.3067,2.2406,50.03K,2.12%
12/21/2021,2.2514,2.1855,2.2593,2.1659,49.94K,3.80%
12/20/2021,2.1689,2.209,2.2112,2.1045,50.44K,-2.13%
12/17/2021,2.2162,2.2516,2.2595,2.1932,41.23K,-2.06%
12/16/2021,2.2628,2.2334,2.2737,2.2218,35.22K,2.07%
12/15/2021,2.2169,2.2071,2.2359,2.1847,36.99K,0.09%
12/14/2021,2.2148,2.2271,2.2501,2.1829,35.40K,-0.63%
12/13/2021,2.2288,2.2577,2.2778,2.2267,32.51K,-0.76%
12/10/2021,2.2458,2.2314,2.2658,2.225,24.10K,0.11%
12/09/2021,2.2434,2.2584,2.2782,2.2253,34.90K,-0.52%
12/08/2021,2.2551,2.228,2.2661,2.2062,28.63K,1.69%
12/07/2021,2.2176,2.1715,2.2297,2.1677,39.35K,2.54%
12/06/2021,2.1627,2.1005,2.1797,2.1005,27.77K,3.52%
12/03/2021,2.0891,2.1042,2.1503,2.0717,35.72K,-0.13%
12/02/2021,2.0919,2.0721,2.1213,1.9974,38.97K,1.19%
12/01/2021,2.0674,2.0805,2.1475,2.05,29.47K,0.34%
11/30/2021,2.0603,2.145,2.1738,2.0201,73.47K,-4.09%
11/29/2021,2.1482,2.1055,2.2278,2.1055,88.28K,2.75%
11/26/2021,2.0907,2.3749,2.3816,2.0843,90.66K,-11.46%
11/25/2021,2.3613,2.3788,2.3847,2.3599,,-0.76%
11/24/2021,2.3794,2.3851,2.4047,2.3707,70.42K,-0.12%
11/23/2021,2.3823,2.3193,2.3919,2.2915,78.26K,2.50%
11/22/2021,2.3242,2.2818,2.3354,2.2569,90.98K,1.61%
11/19/2021,2.2874,2.3772,2.4017,2.2627,106.48K,-3.76%
11/18/2021,2.3767,2.3634,2.385,2.3345,62.06K,0.86%
11/17/2021,2.3564,2.4161,2.4217,2.3469,62.20K,-2.69%
11/16/2021,2.4216,2.394,2.4334,2.3822,50.21K,1.37%
11/15/2021,2.3888,2.3945,2.4057,2.3427,54.13K,-0.24%
11/12/2021,2.3946,2.4214,2.4284,2.3736,52.33K,-1.66%
11/11/2021,2.4349,2.4344,2.4541,2.4,61.82K,-0.14%
11/10/2021,2.4383,2.5025,2.5136,2.4213,41.31K,-2.23%
11/09/2021,2.494,2.4611,2.501,2.4461,43.07K,1.64%
11/08/2021,2.4537,2.4352,2.4719,2.4352,37.71K,0.48%
11/05/2021,2.4421,2.4026,2.4596,2.3888,33.97K,2.07%
11/04/2021,2.3925,2.4064,2.4889,2.3838,30.27K,-1.16%
11/03/2021,2.4206,2.4694,2.4799,2.3981,29.51K,-2.93%
11/02/2021,2.4937,2.4907,2.5023,2.4494,41.18K,0.23%
11/01/2021,2.4879,2.4627,2.4989,2.4476,22.34K,0.37%
10/29/2021,2.4787,2.4915,2.5059,2.4534,64.10K,-0.25%
10/28/2021,2.4848,2.4969,2.5008,2.4428,80.29K,-0.85%
10/27/2021,2.5062,2.5575,2.561,2.4862,77.94K,-2.43%
10/26/2021,2.5685,2.558,2.5708,2.5389,74.99K,0.44%
10/25/2021,2.5572,2.5353,2.5728,2.5311,58.70K,1.03%
10/22/2021,2.5312,2.5442,2.56,2.5181,69.71K,-0.37%
10/21/2021,2.5407,2.581,2.5879,2.5076,63.21K,-1.67%
10/20/2021,2.5838,2.5569,2.5849,2.509,74.99K,1.26%
10/19/2021,2.5517,2.5259,2.5593,2.501,76.41K,0.43%
10/18/2021,2.5408,2.5598,2.5983,2.5256,71.74K,-0.91%
10/15/2021,2.5641,2.5548,2.5873,2.5477,75.05K,0.56%
10/14/2021,2.5498,2.5158,2.5572,2.5094,49.01K,1.54%
10/13/2021,2.5112,2.496,2.5197,2.4663,52.27K,0.40%
10/12/2021,2.5012,2.5056,2.5195,2.4755,66.46K,-0.18%
10/11/2021,2.5058,2.4788,2.5285,2.4683,47.47K,1.67%
10/08/2021,2.4646,2.4626,2.4939,2.4559,52.32K,0.50%
10/07/2021,2.4523,2.4303,2.4647,2.3678,55.89K,0.73%
10/06/2021,2.4346,2.4819,2.5126,2.4223,42.82K,-2.08%
10/05/2021,2.4863,2.4308,2.495,2.4256,54.18K,2.30%
10/04/2021,2.4303,2.3796,2.4449,2.3589,39.58K,2.31%
10/01/2021,2.3755,2.3371,2.3798,2.3157,36.01K,1.58%
09/30/2021,2.3385,2.3111,2.3662,2.2843,74.98K,1.47%
09/29/2021,2.3047,2.2709,2.3149,2.2503,62.12K,0.82%
09/28/2021,2.286,2.2901,2.3297,2.2624,72.95K,-0.31%
09/27/2021,2.2931,2.2656,2.3099,2.265,76.94K,1.26%
09/24/2021,2.2646,2.243,2.268,2.2292,60.58K,0.81%
09/23/2021,2.2464,2.2034,2.2485,2.1884,59.42K,1.71%
09/22/2021,2.2087,2.1769,2.2114,2.1723,66.86K,1.74%
09/21/2021,2.171,2.1656,2.1922,2.1411,46.86K,0.69%
09/20/2021,2.1561,2.2079,2.2097,2.1457,68.02K,-2.28%
09/17/2021,2.2064,2.189,2.216,2.189,51.38K,-0.12%
09/16/2021,2.209,2.2019,2.2141,2.1725,43.17K,0.25%
09/15/2021,2.2035,2.163,2.2225,2.1623,42.68K,2.06%
09/14/2021,2.1591,2.1612,2.1734,2.143,44.92K,0.12%
09/13/2021,2.1566,2.136,2.1708,2.136,29.76K,0.61%
09/10/2021,2.1436,2.1067,2.1524,2.0992,28.34K,1.55%
09/09/2021,2.1109,2.1325,2.1439,2.0892,37.95K,-1.07%
09/08/2021,2.1337,2.1184,2.1486,2.1167,51.33K,0.78%
09/07/2021,2.1172,2.1547,2.1547,2.1058,31.94K,-1.11%
09/06/2021,2.141,2.143,2.1586,2.1275,,-0.12%
09/05/2021,2.1436,2.1567,2.1572,2.1436,,-0.47%
09/03/2021,2.1538,2.1585,2.1786,2.1447,20.63K,-0.42%
09/02/2021,2.1629,2.1169,2.178,2.1063,29.76K,1.83%
09/01/2021,2.124,2.1277,2.1441,2.0854,32.82K,-0.29%
08/31/2021,2.1302,2.1376,2.1423,2.1043,63.25K,-0.36%
08/30/2021,2.1378,2.1296,2.1569,2.0979,87.07K,1.46%
08/27/2021,2.107,2.0755,2.1152,2.0685,61.02K,1.24%
08/26/2021,2.0811,2.1108,2.1194,2.0697,89.16K,-1.75%
08/25/2021,2.1181,2.0694,2.1214,2.0548,89.00K,2.35%
08/24/2021,2.0694,2.0053,2.0735,2.0018,78.59K,3.05%
08/23/2021,2.0082,1.8988,2.0157,1.8976,79.21K,5.14%
08/20/2021,1.91,1.9661,1.9734,1.8971,68.27K,-3.11%
08/19/2021,1.9714,2.0031,2.0108,1.9465,65.10K,-2.63%
08/18/2021,2.0246,2.0381,2.0639,2.0013,47.04K,-0.72%
08/17/2021,2.0392,2.0583,2.0682,2.0333,31.77K,-0.58%
08/16/2021,2.0511,2.0678,2.0794,2.0195,30.65K,-1.40%
08/13/2021,2.0803,2.1027,2.1101,2.0665,33.03K,-1.26%
08/12/2021,2.1068,2.1141,2.1157,2.081,32.05K,-0.12%
08/11/2021,2.1093,2.0922,2.1154,2.0487,37.14K,1.26%
08/10/2021,2.083,2.051,2.098,2.0413,32.47K,1.84%
08/09/2021,2.0453,2.0694,2.0694,2.0097,32.19K,-2.05%
08/06/2021,2.0881,2.106,2.1287,2.0785,27.60K,-0.98%
08/05/2021,2.1087,2.0781,2.1105,2.0651,30.81K,1.53%
08/04/2021,2.077,2.1253,2.1374,2.07,40.32K,-2.40%
08/03/2021,2.1281,2.1495,2.1589,2.0911,27.30K,-0.39%
08/02/2021,2.1364,2.1919,2.195,2.1197,23.27K,-2.70%
07/30/2021,2.1956,2.191,2.2045,2.1759,45.81K,0.16%
07/29/2021,2.1921,2.155,2.1952,2.1537,51.37K,1.59%
07/28/2021,2.1577,2.15,2.1627,2.1429,48.86K,0.56%
07/27/2021,2.1456,2.1591,2.167,2.1329,64.15K,-0.32%
07/26/2021,2.1525,2.1374,2.1599,2.1007,52.51K,0.80%
07/23/2021,2.1354,2.1324,2.1402,2.1222,54.70K,0.08%
07/22/2021,2.1336,2.0884,2.1371,2.0748,57.47K,2.15%
07/21/2021,2.0886,1.9973,2.0942,1.9942,49.90K,3.69%
07/20/2021,2.0142,1.9859,2.0209,1.9641,42.09K,1.38%
07/19/2021,1.9868,2.1014,2.1081,1.9691,51.72K,-6.06%
07/16/2021,2.115,2.1068,2.1298,2.085,21.01K,0.04%
07/15/2021,2.1141,2.1395,2.1437,2.1038,28.20K,-1.45%
07/14/2021,2.1452,2.1862,2.1862,2.1123,33.20K,-1.90%
07/13/2021,2.1867,2.1532,2.1901,2.1471,28.14K,1.60%
07/12/2021,2.1523,2.1535,2.1623,2.1189,32.98K,-0.24%
07/09/2021,2.1574,2.1296,2.167,2.1133,25.50K,1.66%
07/08/2021,2.1221,2.0917,2.1313,2.0536,34.60K,1.48%
07/07/2021,2.0912,2.1268,2.152,2.0646,30.21K,-0.77%
07/06/2021,2.1074,2.1791,2.212,2.101,38.31K,-4.02%
07/05/2021,2.1957,2.1787,2.1991,2.1662,,0.78%
07/04/2021,2.1787,2.1768,2.181,2.1746,,-0.12%
07/02/2021,2.1814,2.1519,2.186,2.1433,18.28K,1.09%
07/01/2021,2.1579,2.1316,2.1882,2.1316,28.03K,1.39%
06/30/2021,2.1283,2.134,2.148,2.1084,46.62K,0.18%
06/29/2021,2.1245,2.122,2.1512,2.1015,46.42K,0.17%
06/28/2021,2.1208,2.1496,2.1582,2.119,59.07K,-1.43%
06/25/2021,2.1515,2.166,2.178,2.0902,69.01K,-0.62%
06/24/2021,2.165,2.1635,2.1683,2.1344,61.01K,0.12%
06/23/2021,2.1624,2.1551,2.1916,2.1503,64.25K,0.37%
06/22/2021,2.1544,2.128,2.1609,2.1185,56.48K,1.16%
06/21/2021,2.1297,2.0903,2.1327,2.0737,57.03K,1.57%
06/18/2021,2.0967,2.0692,2.1047,2.0464,49.73K,1.32%
06/17/2021,2.0694,2.0955,2.113,2.0404,35.01K,-1.72%
06/16/2021,2.1057,2.1193,2.13,2.0901,28.85K,-0.43%
06/15/2021,2.1147,2.113,2.1294,2.1067,21.78K,0.00%
06/14/2021,2.1147,2.122,2.1442,2.1106,21.36K,-0.42%
06/11/2021,2.1237,2.1427,2.1549,2.0941,31.92K,-1.03%
06/10/2021,2.1459,2.1255,2.1585,2.104,25.18K,0.63%
06/09/2021,2.1325,2.1378,2.1527,2.1215,22.71K,-0.25%
06/08/2021,2.1378,2.1158,2.1422,2.0952,26.66K,0.92%
06/07/2021,2.1184,2.1163,2.1319,2.1025,23.94K,-0.18%
06/04/2021,2.1222,2.1042,2.1252,2.0946,10.98K,0.86%
06/03/2021,2.1042,2.1072,2.124,2.0858,19.81K,-0.24%
06/02/2021,2.1093,2.0825,2.1126,2.077,21.96K,1.74%
06/01/2021,2.0733,2.0418,2.114,2.0418,23.37K,1.01%
05/31/2021,2.0526,2.0419,2.0674,2.0369,,0.52%
05/30/2021,2.0419,2.0421,2.0444,2.0396,,0.18%
05/28/2021,2.0383,2.0558,2.072,2.0335,47.37K,-0.82%
05/27/2021,2.0552,2.046,2.0588,2.022,47.96K,0.55%
05/26/2021,2.0439,2.0336,2.0485,2.018,53.20K,0.49%
05/25/2021,2.0339,2.044,2.0522,2.0239,52.84K,-0.36%
05/24/2021,2.0412,1.9918,2.0453,1.9861,48.18K,2.70%
05/21/2021,1.9876,1.9585,2.0018,1.9471,56.07K,1.23%
05/20/2021,1.9635,2.0048,2.0153,1.9544,53.48K,-2.07%
05/19/2021,2.0051,2.0466,2.0514,1.9718,48.13K,-2.40%
05/18/2021,2.0544,2.0592,2.076,2.0178,44.64K,-0.20%
05/17/2021,2.0586,2.0355,2.0643,2.0283,33.20K,1.18%
05/14/2021,2.0345,1.9978,2.0383,1.9848,33.94K,1.78%
05/13/2021,1.999,2.0642,2.0642,1.9809,50.13K,-3.21%
05/12/2021,2.0652,2.0425,2.0777,2.0301,55.64K,1.26%
05/11/2021,2.0396,2.0157,2.0444,1.9956,45.08K,1.16%
05/10/2021,2.0162,2.0566,2.0772,1.996,55.03K,0.22%
05/07/2021,2.0118,1.9951,2.016,1.9704,30.87K,1.05%
05/06/2021,1.9908,1.9938,2.012,1.9815,17.86K,-0.63%
05/05/2021,2.0035,2.0164,2.0285,1.9899,30.59K,0.18%
05/04/2021,1.9999,1.9565,2.0147,1.9534,32.97K,2.36%
05/03/2021,1.9537,1.926,1.9621,1.91,15.87K,1.63%
04/30/2021,1.9224,1.9566,1.9618,1.9088,56.94K,-2.04%
04/29/2021,1.9625,1.9371,1.9756,1.9341,55.72K,1.18%
04/28/2021,1.9397,1.9125,1.9526,1.9017,58.56K,1.71%
04/27/2021,1.9071,1.8823,1.9156,1.88,61.20K,1.40%
04/26/2021,1.8808,1.875,1.8864,1.8344,61.52K,0.27%
04/23/2021,1.8757,1.8629,1.8851,1.8547,49.23K,0.69%
04/22/2021,1.8629,1.8504,1.8701,1.8397,54.71K,0.40%
04/21/2021,1.8555,1.8774,1.879,1.8408,52.41K,-1.41%
04/20/2021,1.882,1.895,1.9174,1.8507,56.38K,-0.67%
04/19/2021,1.8947,1.8927,1.9047,1.8836,31.99K,-0.15%
04/16/2021,1.8975,1.8934,1.9109,1.8883,37.80K,-0.15%
04/15/2021,1.9004,1.8839,1.9009,1.8775,36.83K,0.44%
04/14/2021,1.892,1.8256,1.8964,1.8249,39.51K,4.12%
04/13/2021,1.8171,1.8095,1.8255,1.8037,31.22K,0.37%
04/12/2021,1.8104,1.8096,1.8446,1.7902,33.25K,0.02%
04/09/2021,1.81,1.8111,1.8151,1.7907,31.57K,-0.10%
04/08/2021,1.8118,1.8048,1.8145,1.7868,29.03K,0.14%
04/07/2021,1.8093,1.7929,1.8121,1.7642,33.19K,0.74%
04/06/2021,1.796,1.7785,1.8277,1.7785,26.98K,1.19%
04/05/2021,1.7748,1.8328,1.8352,1.7516,22.72K,-3.25%
04/01/2021,1.8344,1.7779,1.8387,1.7716,25.21K,3.65%
03/31/2021,1.7698,1.7927,1.8086,1.7623,38.51K,-1.21%
03/30/2021,1.7914,1.8164,1.8272,1.7796,37.16K,-1.11%
03/29/2021,1.8115,1.8144,1.8281,1.775,46.74K,0.01%
03/26/2021,1.8114,1.7486,1.822,1.7473,51.36K,3.53%
03/25/2021,1.7496,1.8206,1.8222,1.7322,51.19K,-4.21%
03/24/2021,1.8265,1.7357,1.8308,1.7335,53.51K,4.36%
03/23/2021,1.7502,1.8241,1.8273,1.7315,53.40K,-4.38%
03/22/2021,1.8303,1.8256,1.8412,1.7965,50.10K,0.46%
03/19/2021,1.822,1.775,1.8321,1.757,62.69K,2.02%
03/18/2021,1.7859,1.899,1.9132,1.7459,56.99K,-6.34%
03/17/2021,1.9068,1.933,1.9427,1.8821,48.00K,-1.33%
03/16/2021,1.9325,1.9439,1.9467,1.912,27.46K,-0.77%
03/15/2021,1.9474,1.9658,1.9794,1.922,32.54K,-0.84%
03/12/2021,1.9638,1.9585,1.975,1.9481,51.33K,0.30%
03/11/2021,1.958,1.9191,1.9622,1.9082,44.02K,2.13%
03/10/2021,1.9172,1.8975,1.9278,1.8802,51.89K,0.59%
03/09/2021,1.9059,1.9072,1.9352,1.8948,41.96K,-0.17%
03/08/2021,1.9091,1.9503,1.983,1.8989,57.44K,-1.69%
03/05/2021,1.9419,1.8955,1.9501,1.8837,66.95K,2.63%
03/04/2021,1.8922,1.8259,1.9107,1.7991,48.56K,3.34%
03/03/2021,1.8311,1.8003,1.8435,1.7951,39.85K,1.64%
03/02/2021,1.8015,1.8006,1.8326,1.7811,29.01K,-0.55%
03/01/2021,1.8114,1.8436,1.8695,1.794,46.16K,-1.72%
02/26/2021,1.8431,1.8966,1.9044,1.8388,72.25K,-2.89%
02/25/2021,1.8979,1.904,1.913,1.8804,63.44K,-0.11%
02/24/2021,1.9,1.8575,1.9044,1.8472,63.83K,2.10%
02/23/2021,1.8609,1.8625,1.8855,1.8272,85.25K,0.55%
02/22/2021,1.8508,1.8015,1.8681,1.8,103.32K,2.23%
02/19/2021,1.8104,1.8161,1.8311,1.7905,101.22K,-0.68%
02/18/2021,1.8228,1.8331,1.8504,1.8025,93.60K,-0.05%
02/17/2021,1.8238,1.8052,1.8374,1.7882,84.32K,1.23%
02/16/2021,1.8017,1.77,1.8175,1.77,134.42K,-1.20%
02/15/2021,1.8236,1.7928,1.828,1.7915,,1.69%
02/14/2021,1.7933,1.7743,1.801,1.7743,,1.61%
02/12/2021,1.7648,1.733,1.7709,1.7181,54.46K,1.52%
02/11/2021,1.7384,1.7457,1.7516,1.7299,49.51K,-0.80%
02/10/2021,1.7525,1.7473,1.7593,1.7399,42.44K,0.25%
02/09/2021,1.7482,1.7406,1.7569,1.7249,36.59K,0.55%
02/08/2021,1.7386,1.7085,1.7434,1.7085,40.09K,1.95%
02/05/2021,1.7053,1.7036,1.7258,1.7017,48.57K,0.70%
02/04/2021,1.6934,1.6878,1.7021,1.6668,33.41K,0.62%
02/03/2021,1.683,1.6742,1.6967,1.6685,38.51K,1.03%
02/02/2021,1.6658,1.6379,1.6795,1.6362,52.74K,1.67%
02/01/2021,1.6384,1.59,1.6416,1.5807,49.92K,2.50%
01/29/2021,1.5984,1.5948,1.635,1.5911,64.87K,-0.16%
01/28/2021,1.601,1.605,1.6313,1.5921,61.49K,-0.41%
01/27/2021,1.6076,1.6005,1.6207,1.5826,63.30K,0.58%
01/26/2021,1.5984,1.5976,1.6084,1.5868,64.10K,0.18%
01/25/2021,1.5955,1.5734,1.6011,1.5671,62.29K,1.10%
01/22/2021,1.5782,1.6028,1.6033,1.5571,60.89K,-1.51%
01/21/2021,1.6024,1.5927,1.6043,1.5858,52.22K,-0.01%
01/20/2021,1.6025,1.599,1.6162,1.5892,55.50K,0.14%
01/19/2021,1.6002,1.5858,1.6105,1.5793,61.24K,0.65%
01/18/2021,1.5899,1.5886,1.5943,1.5778,,0.11%
01/17/2021,1.5881,1.5829,1.5914,1.5829,,-0.38%
01/15/2021,1.5942,1.6215,1.6246,1.5743,51.43K,-1.62%
01/14/2021,1.6205,1.5992,1.6228,1.584,47.00K,1.27%
01/13/2021,1.6002,1.6031,1.6174,1.5843,41.63K,0.11%
01/12/2021,1.5985,1.5714,1.604,1.5711,42.54K,1.49%
01/11/2021,1.575,1.5864,1.5884,1.554,52.25K,-0.34%
01/08/2021,1.5804,1.5416,1.587,1.5393,43.37K,2.67%
01/07/2021,1.5393,1.5267,1.5507,1.5254,46.03K,0.59%
01/06/2021,1.5302,1.5206,1.5437,1.5041,42.78K,0.61%
01/05/2021,1.5209,1.4549,1.5262,1.4533,42.96K,3.89%
01/04/2021,1.464,1.4839,1.5348,1.454,35.08K,-1.35%
12/31/2020,1.484,1.4891,1.4914,1.4689,50.88K,-0.52%
12/30/2020,1.4918,1.49,1.5041,1.4767,50.28K,0.28%
12/29/2020,1.4877,1.4819,1.5007,1.4809,47.29K,0.53%
12/28/2020,1.4798,1.4908,1.5093,1.474,52.39K,-0.70%
12/24/2020,1.4903,1.4981,1.509,1.4782,37.45K,-0.51%
12/23/2020,1.4979,1.4591,1.5069,1.4442,65.07K,2.39%
12/22/2020,1.463,1.478,1.4787,1.4469,47.44K,-1.03%
12/21/2020,1.4782,1.5109,1.5121,1.4308,69.02K,-2.30%
12/18/2020,1.513,1.495,1.5188,1.4886,63.53K,1.09%
12/17/2020,1.4967,1.4817,1.5021,1.4806,52.54K,1.08%
12/16/2020,1.4807,1.4646,1.484,1.4561,44.21K,0.87%
12/15/2020,1.468,1.4599,1.4726,1.4468,37.67K,0.71%
12/14/2020,1.4576,1.4424,1.4653,1.4231,30.78K,1.11%
12/11/2020,1.4416,1.442,1.4541,1.4295,34.84K,0.04%
12/10/2020,1.441,1.408,1.4671,1.4059,34.82K,2.53%
12/09/2020,1.4054,1.413,1.4307,1.3989,36.05K,-0.58%
12/08/2020,1.4136,1.4037,1.4158,1.3931,24.29K,0.50%
12/07/2020,1.4065,1.4077,1.4227,1.3896,24.47K,-0.27%
12/04/2020,1.4103,1.3999,1.4268,1.3958,24.44K,0.74%
12/03/2020,1.3999,1.3721,1.4048,1.3633,33.63K,1.79%
12/02/2020,1.3753,1.3504,1.3878,1.3429,23.91K,1.39%
12/01/2020,1.3564,1.3766,1.3953,1.3484,35.77K,-1.09%
11/30/2020,1.3714,1.3786,1.3857,1.356,52.02K,-0.97%
11/27/2020,1.3849,1.3965,1.4015,1.3594,37.53K,1.17%
11/26/2020,1.3689,1.3912,1.4,1.3617,,-1.46%
11/25/2020,1.3892,1.3658,1.4004,1.3604,83.74K,1.83%
11/24/2020,1.3642,1.312,1.3796,1.31,73.57K,3.68%
11/23/2020,1.3158,1.2937,1.3173,1.2874,62.38K,1.90%
11/20/2020,1.2913,1.2812,1.294,1.27,64.41K,1.15%
11/19/2020,1.2766,1.2696,1.2852,1.2618,72.89K,0.43%
11/18/2020,1.2711,1.2517,1.2831,1.2444,72.76K,1.78%
11/17/2020,1.2489,1.2433,1.2543,1.2215,49.74K,0.69%
11/16/2020,1.2404,1.2182,1.262,1.2154,31.74K,2.01%
11/13/2020,1.2159,1.2393,1.24,1.2134,44.75K,-2.38%
11/12/2020,1.2455,1.2587,1.27,1.2373,43.04K,-0.98%
11/11/2020,1.2578,1.2733,1.3084,1.2527,41.77K,-0.44%
11/10/2020,1.2633,1.2211,1.2736,1.2079,52.75K,2.95%
11/09/2020,1.2271,1.1579,1.2557,1.1514,64.57K,6.58%
11/06/2020,1.1513,1.1741,1.1745,1.1448,34.86K,-2.35%
11/05/2020,1.179,1.1767,1.1835,1.1586,38.27K,-0.25%
11/04/2020,1.182,1.1545,1.1844,1.1229,39.11K,3.89%
11/03/2020,1.1377,1.1259,1.1526,1.1105,41.93K,1.38%
11/02/2020,1.1222,1.0755,1.1302,1.0356,42.92K,3.34%
10/30/2020,1.0859,1.0854,1.097,1.0653,81.60K,-0.09%
10/29/2020,1.0869,1.1114,1.1296,1.0525,103.74K,-2.37%
10/28/2020,1.1133,1.149,1.149,1.1025,98.01K,-3.94%
10/27/2020,1.159,1.1279,1.1635,1.1279,87.70K,2.76%
10/26/2020,1.1279,1.1536,1.1557,1.1182,64.68K,-2.63%
10/23/2020,1.1584,1.1665,1.1772,1.1503,59.97K,-0.88%
10/22/2020,1.1687,1.1447,1.1768,1.1402,58.74K,1.84%
10/21/2020,1.1476,1.1716,1.179,1.1357,91.81K,-2.76%
10/20/2020,1.1802,1.164,1.1855,1.153,69.28K,1.17%
10/19/2020,1.1665,1.1798,1.1888,1.1597,46.40K,-1.54%
10/16/2020,1.1848,1.191,1.1953,1.1692,40.36K,-0.78%
10/15/2020,1.1941,1.1989,1.2041,1.1555,45.56K,-0.40%
10/14/2020,1.1989,1.1755,1.2011,1.1628,37.58K,1.89%
10/13/2020,1.1767,1.1712,1.1878,1.1663,42.33K,0.92%
10/12/2020,1.166,1.1971,1.1977,1.1576,37.70K,-2.99%
10/09/2020,1.2019,1.1985,1.2144,1.192,52.18K,-0.11%
10/08/2020,1.2032,1.1748,1.205,1.1696,35.70K,2.64%
10/07/2020,1.1723,1.184,1.1902,1.1563,55.32K,-2.20%
10/06/2020,1.1987,1.1529,1.2024,1.1455,51.50K,4.63%
10/05/2020,1.1457,1.098,1.1564,1.0969,46.58K,4.39%
10/02/2020,1.0975,1.1344,1.1359,1.0819,41.10K,-3.53%
10/01/2020,1.1377,1.1633,1.1733,1.1052,43.78K,-1.26%
09/30/2020,1.1522,1.1179,1.1554,1.105,67.66K,3.27%
09/29/2020,1.1157,1.1478,1.1505,1.1066,73.56K,-2.64%
09/28/2020,1.146,1.1314,1.152,1.122,60.03K,1.12%
09/25/2020,1.1333,1.1201,1.1372,1.1181,62.12K,0.61%
09/24/2020,1.1264,1.1118,1.1271,1.1038,60.46K,0.77%
09/23/2020,1.1178,1.1094,1.1396,1.0988,71.18K,0.79%
09/22/2020,1.109,1.1236,1.1364,1.1004,57.89K,-0.88%
09/21/2020,1.1188,1.166,1.1753,1.1144,68.50K,-4.38%
09/18/2020,1.1701,1.1742,1.1858,1.1574,57.16K,-0.36%
09/17/2020,1.1743,1.1333,1.1787,1.1145,40.52K,3.58%
09/16/2020,1.1337,1.1181,1.1383,1.1143,48.23K,1.60%
09/15/2020,1.1159,1.1082,1.1217,1.0979,29.46K,0.58%
09/14/2020,1.1095,1.1089,1.1151,1.0932,45.93K,0.26%
09/11/2020,1.1066,1.0959,1.1197,1.0885,36.38K,0.62%
09/10/2020,1.0998,1.121,1.1245,1.0911,32.86K,-2.05%
09/09/2020,1.1228,1.0998,1.1295,1.0843,46.88K,2.52%
09/08/2020,1.0952,1.1592,1.1616,1.0792,45.45K,-3.05%
09/07/2020,1.1296,1.128,1.1443,1.1224,,0.16%
09/06/2020,1.1278,1.1423,1.1425,1.1252,,-3.54%
09/04/2020,1.1692,1.1821,1.2066,1.1586,36.91K,-1.67%
09/03/2020,1.189,1.2108,1.2155,1.1621,39.49K,-1.87%
09/02/2020,1.2117,1.2569,1.2651,1.2079,41.94K,-3.20%
09/01/2020,1.2518,1.2483,1.2695,1.2453,25.90K,2.83%
08/31/2020,1.2173,1.2379,1.2569,1.2157,57.23K,-1.85%
08/28/2020,1.2403,1.2296,1.2488,1.2171,59.08K,0.89%
08/27/2020,1.2293,1.2605,1.2627,1.2175,79.51K,-2.45%
08/26/2020,1.2602,1.2756,1.279,1.2475,65.33K,-1.13%
08/25/2020,1.2746,1.2645,1.2896,1.2616,65.58K,0.84%
08/24/2020,1.264,1.2349,1.2688,1.2285,78.67K,2.91%
08/21/2020,1.2283,1.265,1.271,1.2103,70.38K,-2.86%
08/20/2020,1.2645,1.2674,1.2702,1.2405,56.80K,-0.61%
08/19/2020,1.2722,1.2751,1.2799,1.2597,52.07K,-0.80%
08/18/2020,1.2825,1.267,1.2851,1.2561,38.31K,1.44%
08/17/2020,1.2643,1.2608,1.2729,1.2508,31.16K,0.41%
08/14/2020,1.2592,1.2639,1.2741,1.2529,22.99K,0.01%
08/13/2020,1.2591,1.2755,1.2771,1.2579,25.33K,-1.50%
08/12/2020,1.2783,1.2633,1.2844,1.2601,29.18K,1.45%
08/11/2020,1.26,1.2553,1.2868,1.2553,34.95K,0.03%
08/10/2020,1.2596,1.248,1.2668,1.2447,24.70K,1.35%
08/07/2020,1.2428,1.2701,1.2742,1.2401,22.34K,-2.07%
08/06/2020,1.2691,1.2818,1.2902,1.2656,24.74K,-0.93%
08/05/2020,1.281,1.2723,1.3192,1.2675,28.12K,0.54%
08/04/2020,1.2741,1.2536,1.2856,1.2375,19.78K,1.44%
08/03/2020,1.256,1.2423,1.2657,1.2276,20.76K,2.61%
07/31/2020,1.224,1.2254,1.2388,1.2171,51.41K,0.30%
07/30/2020,1.2203,1.2625,1.2676,1.1724,71.54K,-3.29%
07/29/2020,1.2618,1.2496,1.2694,1.246,39.89K,0.99%
07/28/2020,1.2494,1.2636,1.2712,1.2438,38.06K,-1.01%
07/27/2020,1.2622,1.2627,1.2705,1.2408,49.12K,-0.13%
07/24/2020,1.2638,1.2612,1.2702,1.2498,45.21K,0.17%
07/23/2020,1.2617,1.2845,1.2982,1.2581,45.57K,-1.51%
07/22/2020,1.281,1.2823,1.2892,1.2654,45.43K,-0.67%
07/21/2020,1.2896,1.2455,1.2995,1.2438,45.92K,3.45%
07/20/2020,1.2466,1.2305,1.2555,1.2145,34.29K,1.23%
07/17/2020,1.2314,1.2418,1.244,1.2272,22.91K,-0.81%
07/16/2020,1.2414,1.257,1.2596,1.2371,20.70K,-1.28%
07/15/2020,1.2575,1.2357,1.2605,1.2244,28.57K,1.75%
07/14/2020,1.2359,1.2294,1.2426,1.2166,33.20K,-0.02%
07/13/2020,1.2361,1.2492,1.2505,1.2271,27.13K,-1.29%
07/10/2020,1.2523,1.236,1.2541,1.2117,23.41K,1.30%
07/09/2020,1.2362,1.2506,1.2561,1.224,29.29K,-1.02%
07/08/2020,1.249,1.2502,1.2633,1.243,26.02K,-0.51%
07/07/2020,1.2554,1.256,1.2648,1.2343,25.25K,0.14%
07/06/2020,1.2536,1.2409,1.27,1.2409,21.78K,2.16%
07/03/2020,1.2271,1.2233,1.2312,1.2096,,-1.33%
07/02/2020,1.2437,1.2146,1.247,1.2078,18.40K,2.56%
07/01/2020,1.2126,1.2141,1.2373,1.195,31.83K,2.20%
06/30/2020,1.1865,1.1802,1.204,1.1635,45.56K,0.76%
06/29/2020,1.1775,1.1385,1.185,1.1296,53.49K,2.33%
06/26/2020,1.1507,1.1742,1.1841,1.1324,47.75K,-1.61%
06/25/2020,1.1695,1.1657,1.1808,1.1348,62.06K,0.33%
06/24/2020,1.1657,1.2155,1.2219,1.1511,56.04K,-4.10%
06/23/2020,1.2155,1.2312,1.2534,1.2104,45.90K,-1.24%
06/22/2020,1.2307,1.2139,1.2351,1.2071,38.36K,0.81%
06/19/2020,1.2208,1.2168,1.2417,1.1905,45.71K,0.82%
06/18/2020,1.2109,1.2004,1.2131,1.182,37.54K,1.20%
06/17/2020,1.1966,1.1963,1.2094,1.1756,38.28K,-0.18%
06/16/2020,1.1987,1.1592,1.2121,1.1416,33.20K,3.76%
06/15/2020,1.1553,1.1271,1.1613,1.0996,28.40K,2.79%
06/12/2020,1.1239,1.1066,1.1472,1.078,26.39K,0.97%
06/11/2020,1.1131,1.1876,1.1876,1.0923,34.26K,-7.01%
06/10/2020,1.197,1.1684,1.2063,1.1599,32.46K,1.33%
06/09/2020,1.1813,1.151,1.1849,1.1349,23.00K,2.55%
06/08/2020,1.1519,1.1868,1.2092,1.1471,23.39K,-2.33%
06/05/2020,1.1794,1.1045,1.1819,1.1028,23.72K,6.55%
06/04/2020,1.1069,1.0944,1.1117,1.0813,24.37K,0.88%
06/03/2020,1.0972,1.1183,1.1349,1.0785,24.31K,-1.90%
06/02/2020,1.1184,1.0644,1.121,1.0644,31.17K,5.42%
06/01/2020,1.0609,1.0651,1.0809,1.0424,22.08K,2.34%
05/29/2020,1.0366,0.9847,1.045,0.9562,64.25K,6.31%
05/28/2020,0.9751,0.9899,1.0058,0.9696,78.77K,-3.45%
05/27/2020,1.0099,1.0276,1.0315,0.9861,51.06K,-1.75%
05/26/2020,1.0279,1.0248,1.0712,1.0065,61.77K,-1.14%
05/25/2020,1.0398,1.0133,1.0472,1.0078,,2.67%
05/24/2020,1.0128,1.0189,1.0217,1.0063,,-0.69%
05/22/2020,1.0198,1.0268,1.0345,0.975,43.27K,-1.13%
05/21/2020,1.0315,1.0361,1.0631,1.0247,49.96K,-0.52%
05/20/2020,1.0369,1.0148,1.0637,1.0073,53.23K,2.41%
05/19/2020,1.0125,1.0544,1.059,1.0026,50.44K,-2.45%
05/18/2020,1.0379,0.9585,1.0586,0.9556,42.38K,8.70%
05/15/2020,0.9548,0.94,0.9708,0.9307,32.43K,2.68%
05/14/2020,0.9299,0.8771,0.9396,0.8677,35.52K,6.58%
05/13/2020,0.8725,0.8645,0.8998,0.8487,39.89K,-0.57%
05/12/2020,0.8775,0.9094,0.924,0.8613,34.03K,-2.77%
05/11/2020,0.9025,0.94,0.9516,0.8995,41.22K,-3.95%
05/08/2020,0.9396,0.8798,0.9454,0.877,37.77K,6.75%
05/07/2020,0.8802,0.8741,0.9294,0.8601,41.89K,0.76%
05/06/2020,0.8736,0.95,0.959,0.8513,43.94K,-6.58%
05/05/2020,0.9351,0.8789,0.9468,0.8738,39.68K,9.60%
05/04/2020,0.8532,0.8498,0.8777,0.8266,30.51K,0.64%
05/01/2020,0.8478,0.8907,0.9166,0.8411,41.11K,1.76%
04/30/2020,0.8331,0.7804,0.8677,0.78,65.51K,7.22%
04/29/2020,0.777,0.7138,0.8034,0.7033,64.86K,9.31%
04/28/2020,0.7108,0.7036,0.7325,0.6724,64.23K,1.02%
04/27/2020,0.7036,0.7389,0.7522,0.686,60.76K,-3.98%
04/24/2020,0.7328,0.7878,0.8,0.7214,88.05K,-7.36%
04/23/2020,0.791,0.792,0.8632,0.7794,62.73K,0.98%
04/22/2020,0.7833,0.8047,0.8371,0.7084,69.87K,2.17%
04/21/2020,0.7667,0.9288,0.9496,0.7481,87.37K,-16.23%
04/20/2020,0.9152,0.9814,0.9883,0.9126,51.77K,-6.61%
04/17/2020,0.98,0.9854,1.0058,0.9677,45.33K,0.75%
04/16/2020,0.9727,0.9609,0.993,0.9391,49.30K,2.31%
04/15/2020,0.9507,0.9885,1.0005,0.9358,40.70K,-3.63%
04/14/2020,0.9865,1.0407,1.0539,0.9799,46.82K,-4.75%
04/13/2020,1.0357,1.0576,1.0651,0.9832,33.89K,2.22%
04/09/2020,1.0132,1.0631,1.1136,1.0097,43.89K,-3.02%
04/08/2020,1.0447,1.0568,1.078,1.0378,43.61K,-1.10%
04/07/2020,1.0563,1.0934,1.1052,1.0515,32.11K,-1.64%
04/06/2020,1.0739,1.074,1.1121,1.0505,28.83K,-1.89%
04/03/2020,1.0946,1.02,1.1332,1.012,32.32K,7.27%
04/02/2020,1.0204,0.9636,1.1602,0.9614,40.45K,7.09%
04/01/2020,0.9528,1.007,1.0155,0.9507,46.96K,-4.86%
03/31/2020,1.0015,1.0166,1.0472,0.9868,54.56K,-1.36%
03/30/2020,1.0153,1.0494,1.057,0.9857,66.59K,-4.98%
03/27/2020,1.0685,1.0705,1.0779,1.0453,49.68K,1.71%
03/26/2020,1.0505,1.0909,1.0975,1.0445,50.11K,-4.46%
03/25/2020,1.0995,1.0896,1.1076,1.0554,61.86K,1.47%
03/24/2020,1.0836,1.0486,1.0977,1.0451,59.28K,5.78%
03/23/2020,1.0244,1.013,1.0525,0.9635,57.13K,1.04%
03/20/2020,1.0139,1.0481,1.1184,1.009,77.13K,-3.21%
03/19/2020,1.0475,1.0044,1.0674,0.9622,77.32K,8.81%
03/18/2020,0.9627,1.0394,1.0585,0.943,72.45K,-7.41%
03/17/2020,1.0398,1.0414,1.0876,1.035,44.83K,-1.10%
03/16/2020,1.0514,1.1835,1.1835,1.0331,53.54K,-8.23%
03/13/2020,1.1457,1.1534,1.2168,1.138,42.85K,-2.27%
03/12/2020,1.1723,1.2427,1.2566,1.1306,71.36K,-5.59%
03/11/2020,1.2417,1.2588,1.3026,1.2228,60.06K,-0.78%
03/10/2020,1.2515,1.1574,1.2744,1.1529,70.76K,7.48%
03/09/2020,1.1644,1.255,1.26,1.0779,80.98K,-15.75%
03/06/2020,1.3821,1.4882,1.4952,1.3781,60.16K,-6.90%
03/05/2020,1.4846,1.5384,1.548,1.4781,54.89K,-2.80%
03/04/2020,1.5273,1.5243,1.5566,1.5165,40.71K,0.10%
03/03/2020,1.5258,1.5486,1.5694,1.5067,45.15K,0.23%
03/02/2020,1.5223,1.4619,1.5442,1.4436,48.88K,3.05%
02/28/2020,1.4773,1.4785,1.4908,1.4401,89.75K,-0.66%
02/27/2020,1.4871,1.5055,1.5089,1.4383,105.60K,-0.69%
02/26/2020,1.4974,1.5689,1.5773,1.4809,108.47K,-4.36%
02/25/2020,1.5657,1.613,1.6273,1.5586,83.66K,-2.70%
02/24/2020,1.6092,1.6677,1.6677,1.5785,84.44K,-4.30%
02/21/2020,1.6815,1.685,1.6867,1.6517,62.91K,-0.67%
02/20/2020,1.6928,1.7023,1.714,1.6826,58.47K,-0.55%
02/19/2020,1.7021,1.6678,1.7076,1.6628,70.09K,1.98%
02/18/2020,1.669,1.6958,1.6965,1.6544,72.74K,-1.20%
02/17/2020,1.6892,1.6968,1.7001,1.6814,,-0.47%
02/16/2020,1.6971,1.6997,1.7021,1.6964,,0.20%
02/14/2020,1.6937,1.676,1.6978,1.6693,54.08K,0.92%
02/13/2020,1.6783,1.6766,1.6924,1.6568,49.36K,0.33%
02/12/2020,1.6727,1.6236,1.6802,1.6236,53.76K,3.02%
02/11/2020,1.6236,1.6064,1.64,1.6064,48.17K,0.89%
02/10/2020,1.6093,1.6361,1.6489,1.6068,40.22K,-1.83%
02/07/2020,1.6393,1.668,1.6752,1.6367,62.19K,-1.46%
02/06/2020,1.6636,1.6566,1.6784,1.6422,44.46K,1.05%
02/05/2020,1.6463,1.5913,1.6736,1.5912,50.68K,3.70%
02/04/2020,1.5875,1.5747,1.6204,1.5724,43.84K,0.37%
02/03/2020,1.5816,1.6231,1.6306,1.5747,41.26K,-2.87%
01/31/2020,1.6284,1.6677,1.6786,1.6181,77.29K,-0.83%
01/30/2020,1.642,1.6952,1.699,1.6305,77.93K,-3.66%
01/29/2020,1.7043,1.7261,1.7355,1.6933,77.33K,-0.69%
01/28/2020,1.7162,1.674,1.7303,1.66,88.53K,1.98%
01/27/2020,1.6829,1.7279,1.7305,1.6598,109.27K,-3.14%
01/24/2020,1.7374,1.7944,1.801,1.7295,91.41K,-3.17%
01/23/2020,1.7943,1.7919,1.7981,1.7558,96.93K,-0.58%
01/22/2020,1.8048,1.8348,1.8367,1.7834,100.06K,-1.63%
01/21/2020,1.8347,1.8822,1.8906,1.83,117.79K,-2.11%
01/20/2020,1.8742,1.876,1.8836,1.8658,,-0.09%
01/19/2020,1.8758,1.88,1.8862,1.8746,,0.65%
01/17/2020,1.8637,1.8669,1.875,1.8472,88.62K,-0.05%
01/16/2020,1.8647,1.8866,1.8926,1.8615,108.85K,-0.93%
01/15/2020,1.8822,1.9043,1.9168,1.8797,102.00K,-1.56%
01/14/2020,1.912,1.9005,1.9239,1.8871,63.90K,0.64%
01/13/2020,1.8999,1.9387,1.9407,1.896,55.95K,-1.54%
01/10/2020,1.9297,1.9542,1.9597,1.9275,62.52K,-1.08%
01/09/2020,1.9507,1.9669,1.9725,1.93,66.97K,-0.40%
01/08/2020,1.9585,2.0345,2.1177,1.945,98.95K,-3.64%
01/07/2020,2.0324,2.0278,2.0399,2.0091,62.02K,-0.13%
01/06/2020,2.0351,2.0737,2.1008,2.0195,90.11K,-1.18%
01/03/2020,2.0593,2.0194,2.1,2.0192,81.22K,1.96%
01/02/2020,2.0198,2.0258,2.0312,2.0117,34.45K,-0.47%
01/01/2020,2.0293,2.0295,2.033,2.028,,0.32%
12/31/2019,2.0228,2.0468,2.0506,2.0162,62.42K,-1.03%
12/30/2019,2.0438,2.055,2.0782,2.0328,58.23K,-0.39%
12/27/2019,2.0519,2.0537,2.0664,2.0479,54.84K,-0.08%
12/26/2019,2.0535,2.0425,2.0559,2.036,46.50K,0.87%
12/25/2019,2.0357,2.0415,2.0438,2.0349,,-0.08%
12/24/2019,2.0373,2.026,2.0426,2.0202,36.06K,0.75%
12/23/2019,2.0221,2.0205,2.0313,2.0118,65.01K,0.07%
12/20/2019,2.0206,2.031,2.0408,2.0136,79.71K,-0.40%
12/19/2019,2.0287,2.0191,2.0353,2.0139,77.61K,0.42%
12/18/2019,2.0202,2.0266,2.033,2.012,68.35K,-0.57%
12/17/2019,2.0317,2.0062,2.0327,2.0017,60.17K,1.43%
12/16/2019,2.0031,1.9868,2.0102,1.9803,50.19K,0.86%
12/13/2019,1.986,1.9533,1.9981,1.9533,44.24K,1.85%
12/12/2019,1.95,1.9307,1.9642,1.9285,48.03K,1.14%
12/11/2019,1.9281,1.9589,1.9589,1.9157,48.79K,-1.81%
12/10/2019,1.9636,1.942,1.9678,1.9297,49.53K,1.04%
12/09/2019,1.9433,1.9545,1.9547,1.9256,48.37K,-0.42%
12/06/2019,1.9514,1.932,1.9725,1.9186,53.26K,0.95%
12/05/2019,1.9331,1.9262,1.945,1.9114,50.29K,0.60%
12/04/2019,1.9215,1.8798,1.9382,1.8798,47.60K,2.37%
12/03/2019,1.877,1.8844,1.8981,1.8668,33.52K,-0.35%
12/02/2019,1.8836,1.8787,1.9201,1.8787,35.64K,0.27%
11/29/2019,1.8785,1.9497,1.9646,1.875,61.55K,-3.70%
11/28/2019,1.9506,1.943,1.9608,1.9352,,0.27%
11/27/2019,1.9453,1.9529,1.9716,1.9385,83.39K,-0.65%
11/26/2019,1.958,1.9416,1.9646,1.9379,70.94K,0.81%
11/25/2019,1.9423,1.9343,1.945,1.922,66.28K,0.73%
11/22/2019,1.9283,1.9379,1.9584,1.9185,78.36K,-0.76%
11/21/2019,1.9431,1.8904,1.9453,1.881,73.60K,2.79%
11/20/2019,1.8904,1.8548,1.9111,1.8441,92.36K,1.88%
11/19/2019,1.8555,1.894,1.9031,1.8509,84.60K,-2.36%
11/18/2019,1.9004,1.9514,1.9514,1.8903,61.32K,-2.21%
11/15/2019,1.9433,1.9142,1.9563,1.8993,55.64K,1.50%
11/14/2019,1.9145,1.9107,1.9364,1.9102,37.05K,0.26%
11/13/2019,1.9095,1.8932,1.9194,1.8663,71.16K,0.76%
11/12/2019,1.8951,1.9119,1.9185,1.8894,62.94K,-0.74%
11/11/2019,1.9092,1.914,1.9281,1.8889,53.69K,-0.21%
11/08/2019,1.9132,1.9137,1.919,1.8669,62.48K,-0.07%
11/07/2019,1.9146,1.922,1.9401,1.9063,57.44K,-0.33%
11/06/2019,1.9209,1.9534,1.9621,1.9139,41.99K,-1.50%
11/05/2019,1.9501,1.938,1.9549,1.9319,38.37K,0.85%
11/04/2019,1.9336,1.9317,1.9565,1.919,49.06K,0.46%
11/01/2019,1.9247,1.8663,1.9276,1.8654,57.92K,2.61%
10/31/2019,1.8758,1.9019,1.9165,1.8594,94.22K,-1.39%
10/30/2019,1.9022,1.9461,1.9535,1.895,87.25K,-2.25%
10/29/2019,1.9459,1.9537,1.9611,1.9209,81.84K,-0.40%
10/28/2019,1.9537,1.97,1.9788,1.946,72.98K,-0.86%
10/25/2019,1.9707,1.9748,1.9768,1.9403,83.62K,-0.21%
10/24/2019,1.9748,1.955,1.9799,1.942,89.95K,1.16%
10/23/2019,1.9522,1.9319,1.9548,1.9065,114.84K,1.18%
10/22/2019,1.9294,1.9255,1.9529,1.9166,77.59K,0.32%
10/21/2019,1.9232,1.9316,1.9332,1.8959,57.31K,-0.34%
10/18/2019,1.9298,1.9361,1.9455,1.9169,66.52K,-0.18%
10/17/2019,1.9333,1.9213,1.938,1.9043,67.01K,0.20%
10/16/2019,1.9295,1.9032,1.9384,1.8976,72.37K,1.52%
10/15/2019,1.9006,1.9024,1.922,1.8804,65.51K,-0.25%
10/14/2019,1.9053,1.9408,1.9465,1.8915,93.18K,-1.83%
10/11/2019,1.9408,1.917,1.9501,1.9076,65.58K,2.00%
10/10/2019,1.9027,1.9011,1.9181,1.8694,75.31K,0.23%
10/09/2019,1.8984,1.8835,1.9228,1.8821,73.37K,0.40%
10/08/2019,1.8909,1.8889,1.8997,1.8588,61.96K,0.27%
10/07/2019,1.8858,1.8768,1.915,1.8714,57.07K,0.31%
10/04/2019,1.88,1.8635,1.8953,1.8633,68.35K,0.89%
10/03/2019,1.8635,1.8605,1.8693,1.8151,67.48K,0.03%
10/02/2019,1.8629,1.8941,1.9025,1.8489,47.00K,-1.36%
10/01/2019,1.8885,1.8906,1.9124,1.877,45.65K,-0.46%
09/30/2019,1.8972,1.9421,1.95,1.8957,58.48K,-2.00%
09/27/2019,1.936,1.9506,1.9608,1.9108,73.13K,-0.74%
09/26/2019,1.9505,1.9497,1.9598,1.9203,54.29K,0.04%
09/25/2019,1.9497,1.9506,1.9541,1.9174,55.95K,-0.68%
09/24/2019,1.963,1.9862,1.9911,1.9449,68.97K,-1.48%
09/23/2019,1.9925,2.0159,2.0189,1.9671,49.68K,0.53%
09/20/2019,1.982,2.0078,2.013,1.9793,52.53K,-0.87%
09/19/2019,1.9994,1.9716,2.0223,1.9668,71.24K,1.46%
09/18/2019,1.9706,1.9823,2,1.9572,48.33K,-0.92%
09/17/2019,1.9889,2.057,2.0935,1.9664,89.78K,-4.36%
09/16/2019,2.0796,1.9816,2.0921,1.9816,88.86K,10.80%
09/13/2019,1.8769,1.8869,1.8898,1.8616,35.79K,-0.41%
09/12/2019,1.8847,1.9054,1.9149,1.8515,43.58K,-0.98%
09/11/2019,1.9034,1.9428,1.9529,1.8899,48.47K,-1.50%
09/10/2019,1.9323,1.9337,1.9635,1.9276,45.77K,0.18%
09/09/2019,1.9289,1.8991,1.9378,1.8991,30.61K,1.45%
09/06/2019,1.9013,1.8863,1.9102,1.846,27.17K,0.64%
09/05/2019,1.8892,1.8774,1.9209,1.8761,35.01K,0.43%
09/04/2019,1.8812,1.8078,1.8861,1.8037,39.49K,4.17%
09/03/2019,1.8059,1.8242,1.8414,1.7806,39.25K,-0.30%
09/02/2019,1.8114,1.8309,1.8402,1.802,,-1.06%
09/01/2019,1.8308,1.8224,1.8329,1.8224,,-0.35%
08/30/2019,1.8373,1.8671,1.8734,1.8163,58.78K,-1.75%
08/29/2019,1.87,1.8575,1.8735,1.8504,60.65K,0.67%
08/28/2019,1.8575,1.8395,1.87,1.832,71.74K,1.89%
08/27/2019,1.823,1.8024,1.8405,1.8024,81.91K,1.24%
08/26/2019,1.8007,1.8018,1.8456,1.7973,64.83K,-1.25%
08/23/2019,1.8235,1.848,1.8528,1.8045,66.71K,-1.35%
08/22/2019,1.8484,1.8642,1.8755,1.8401,55.07K,-0.84%
08/21/2019,1.8641,1.8588,1.8871,1.8565,52.98K,0.19%
08/20/2019,1.8606,1.8408,1.8643,1.8295,52.82K,1.14%
08/19/2019,1.8397,1.8155,1.8443,1.8155,30.86K,1.09%
08/16/2019,1.8199,1.819,1.8417,1.8108,30.09K,0.07%
08/15/2019,1.8186,1.8444,1.851,1.8109,41.76K,-1.77%
08/14/2019,1.8514,1.8802,1.8822,1.8165,40.61K,-1.76%
08/13/2019,1.8845,1.8092,1.8905,1.7983,35.68K,3.97%
08/12/2019,1.8125,1.8023,1.8226,1.7995,28.42K,-0.13%
08/09/2019,1.8148,1.7915,1.8281,1.7794,36.41K,1.78%
08/08/2019,1.7831,1.7821,1.7961,1.7636,40.16K,1.35%
08/07/2019,1.7593,1.8232,1.8354,1.7515,56.63K,-3.82%
08/06/2019,1.8292,1.8468,1.8616,1.8233,34.23K,-0.66%
08/05/2019,1.8414,1.8835,1.8852,1.836,30.44K,-2.89%
08/02/2019,1.8962,1.8855,1.9193,1.875,33.11K,1.97%
08/01/2019,1.8595,1.9599,1.9648,1.8485,37.83K,-5.64%
07/31/2019,1.9707,1.9634,1.9747,1.9512,71.21K,0.93%
07/30/2019,1.9526,1.9219,1.9651,1.9211,61.18K,1.68%
07/29/2019,1.9203,1.9119,1.9281,1.9053,51.80K,0.37%
07/26/2019,1.9133,1.9161,1.9323,1.9083,51.26K,-0.49%
07/25/2019,1.9227,1.9153,1.9373,1.9144,46.04K,0.29%
07/24/2019,1.9172,1.9333,1.9551,1.9004,59.74K,-0.65%
07/23/2019,1.9297,1.908,1.9387,1.8934,49.79K,1.17%
07/22/2019,1.9073,1.9025,1.9353,1.9008,46.42K,0.56%
07/19/2019,1.8967,1.8891,1.9149,1.8786,52.31K,1.43%
07/18/2019,1.8699,1.9023,1.9222,1.8596,52.35K,-1.63%
07/17/2019,1.9009,1.906,1.9385,1.894,39.84K,-0.64%
07/16/2019,1.9131,1.9522,1.9816,1.9003,38.57K,-2.39%
07/15/2019,1.9599,1.9826,1.9947,1.9529,34.10K,-1.35%
07/12/2019,1.9867,1.9874,1.9958,1.9776,31.61K,0.06%
07/11/2019,1.9855,1.9959,2.024,1.9825,43.73K,-0.62%
07/10/2019,1.9978,1.9212,2.0005,1.9212,47.09K,4.19%
07/09/2019,1.9174,1.8978,1.9283,1.8942,36.03K,0.79%
07/08/2019,1.9023,1.914,1.9264,1.8957,30.74K,-0.46%
07/05/2019,1.9111,1.9098,1.9173,1.8768,22.83K,1.30%
07/04/2019,1.8866,1.9028,1.9066,1.8786,,-1.03%
07/03/2019,1.9063,1.9028,1.9155,1.8822,32.31K,0.68%
07/02/2019,1.8935,1.9599,1.968,1.8892,27.54K,-3.44%
07/01/2019,1.961,1.9634,1.9964,1.9407,22.38K,1.11%
06/28/2019,1.9394,1.96,1.973,1.924,56.54K,-1.11%
06/27/2019,1.9612,1.9748,1.9766,1.9545,63.64K,-0.86%
06/26/2019,1.9782,1.9452,1.9851,1.943,76.28K,2.45%
06/25/2019,1.9309,1.9148,1.95,1.8989,58.50K,0.77%
06/24/2019,1.9162,1.9302,1.9409,1.8966,65.75K,-0.31%
06/21/2019,1.9221,1.899,1.9369,1.8828,81.01K,1.62%
06/20/2019,1.8914,1.8432,1.9092,1.8408,67.25K,3.04%
06/19/2019,1.8356,1.8365,1.8524,1.8239,49.95K,0.05%
06/18/2019,1.8346,1.8088,1.8498,1.7874,44.25K,1.56%
06/17/2019,1.8065,1.834,1.843,1.8019,31.04K,-1.60%
06/14/2019,1.8358,1.8142,1.8467,1.8068,44.13K,1.15%
06/13/2019,1.815,1.7837,1.8449,1.7801,43.81K,1.57%
06/12/2019,1.787,1.8244,1.8262,1.779,45.20K,-2.29%
06/11/2019,1.8289,1.8168,1.8383,1.8125,45.34K,0.88%
06/10/2019,1.8129,1.8316,1.8485,1.8075,27.22K,-1.02%
06/07/2019,1.8316,1.807,1.8401,1.7986,34.59K,2.05%
06/06/2019,1.7948,1.7827,1.8155,1.7591,25.20K,0.54%
06/05/2019,1.7852,1.8103,1.8215,1.7465,34.71K,-2.26%
06/04/2019,1.8265,1.8089,1.8311,1.7871,41.17K,0.84%
06/03/2019,1.8113,1.8457,1.8607,1.8013,48.35K,-1.58%
05/31/2019,1.8404,1.9164,1.9196,1.8274,71.65K,-4.06%
05/30/2019,1.9183,1.9753,1.9809,1.9111,77.29K,-2.59%
05/29/2019,1.9693,1.9923,1.9934,1.9471,67.21K,-1.23%
05/28/2019,1.9938,1.984,2.0219,1.9701,89.17K,-0.56%
05/27/2019,2.005,1.9855,2.009,1.9699,,0.95%
05/26/2019,1.9861,1.984,1.9893,1.9834,,0.72%
05/24/2019,1.972,1.9666,1.9897,1.9438,67.22K,0.45%
05/23/2019,1.9631,2.0449,2.0483,1.95,93.46K,-4.27%
05/22/2019,2.0506,2.0786,2.0797,2.0305,69.57K,-1.54%
05/21/2019,2.0827,2.0791,2.0883,2.0691,58.85K,0.35%
05/20/2019,2.0754,2.0963,2.1191,2.0706,49.83K,-1.00%
05/17/2019,2.0963,2.1274,2.133,2.0886,44.23K,-1.29%
05/16/2019,2.1236,2.0917,2.1381,2.0917,50.98K,1.71%
05/15/2019,2.0879,2.0527,2.0966,2.0471,36.61K,1.26%
05/14/2019,2.062,2.0317,2.0713,2.0285,29.88K,1.05%
05/13/2019,2.0405,2.0572,2.109,2.0295,42.36K,-0.56%
05/10/2019,2.052,2.0429,2.067,2.0425,33.25K,0.33%
05/09/2019,2.0452,2.0583,2.0608,2.0238,39.11K,-0.59%
05/08/2019,2.0573,2.037,2.0696,2.0298,37.15K,0.87%
05/07/2019,2.0395,2.0631,2.0731,2.0237,41.60K,-1.47%
05/06/2019,2.07,2.0642,2.0894,2.0278,26.72K,-0.08%
05/03/2019,2.0717,2.0685,2.0928,2.0556,31.45K,-0.34%
05/02/2019,2.0788,2.096,2.0987,2.0498,45.08K,-0.87%
05/01/2019,2.097,2.0715,2.1005,2.0651,27.78K,0.92%
04/30/2019,2.0779,2.0547,2.0938,2.0464,59.55K,1.17%
04/29/2019,2.0539,2.0444,2.0705,2.0301,60.39K,0.08%
04/26/2019,2.0522,2.0992,2.1022,2.0246,78.71K,-2.30%
04/25/2019,2.1005,2.0982,2.1193,2.0886,53.97K,-0.01%
04/24/2019,2.1008,2.1139,2.118,2.0973,49.66K,-0.92%
04/23/2019,2.1202,2.112,2.1233,2.108,59.10K,0.65%
04/22/2019,2.1066,2.0695,2.1268,2.0695,56.41K,1.57%
04/18/2019,2.074,2.0718,2.0839,2.0633,47.87K,0.13%
04/17/2019,2.0714,2.0855,2.094,2.0692,43.58K,-0.60%
04/16/2019,2.084,2.0666,2.0875,2.0527,35.30K,1.02%
04/15/2019,2.0629,2.0728,2.0728,2.0493,24.12K,-0.48%
04/12/2019,2.0728,2.0762,2.0894,2.0676,37.82K,0.23%
04/11/2019,2.0681,2.0902,2.0902,2.0606,53.73K,-1.01%
04/10/2019,2.0892,2.0575,2.091,2.052,61.56K,2.01%
04/09/2019,2.048,2.065,2.0669,2.042,45.62K,-0.56%
04/08/2019,2.0595,2.0513,2.0652,2.0464,44.17K,0.70%
04/05/2019,2.0452,2.0154,2.0495,2.0055,36.93K,1.42%
04/04/2019,2.0166,2.0111,2.0323,1.9952,31.84K,0.27%
04/03/2019,2.0111,2.0127,2.0256,1.9936,38.39K,-0.08%
04/02/2019,2.0127,1.9929,2.0173,1.9901,34.02K,1.04%
04/01/2019,1.9919,1.977,2.0044,1.9746,33.97K,1.04%
03/29/2019,1.9714,1.9747,2.0009,1.9665,51.43K,0.04%
03/28/2019,1.9707,1.9826,1.9829,1.938,58.99K,-0.54%
03/27/2019,1.9814,1.9928,1.9981,1.9692,58.62K,-0.49%
03/26/2019,1.9911,1.9817,2,1.981,52.58K,0.49%
03/25/2019,1.9814,1.9613,1.9916,1.9466,54.05K,0.74%
03/22/2019,1.9668,1.9848,1.9897,1.9369,72.84K,-1.15%
03/21/2019,1.9897,2.0038,2.0155,1.9805,55.20K,-1.02%
03/20/2019,2.0103,1.9891,2.0155,1.9764,57.18K,0.97%
03/19/2019,1.991,1.9708,2,1.968,55.80K,0.94%
03/18/2019,1.9725,1.9646,1.9831,1.9561,39.38K,0.08%
03/15/2019,1.971,1.9856,1.9973,1.9512,33.99K,-0.83%
03/14/2019,1.9874,1.9958,2.0061,1.9785,47.53K,-0.35%
03/13/2019,1.9944,1.9872,2.0015,1.9798,72.87K,0.41%
03/12/2019,1.9862,1.9921,2.0134,1.975,96.27K,-0.27%
03/11/2019,1.9916,1.9909,2.0088,1.9815,74.45K,-0.11%
03/08/2019,1.9938,2.0002,2.0017,1.9418,46.83K,-0.72%
03/07/2019,2.0082,2.0081,2.0304,1.9942,28.45K,-0.13%
03/06/2019,2.0109,2.0056,2.0194,1.995,28.53K,-0.04%
03/05/2019,2.0117,2.0061,2.0181,1.9869,25.13K,0.12%
03/04/2019,2.0092,1.9936,2.0311,1.9933,29.54K,0.70%
03/01/2019,1.9953,2.0246,2.042,1.9743,26.25K,-1.58%
02/28/2019,2.0273,2.0228,2.0368,2.0047,56.28K,0.26%
02/27/2019,2.0221,2.0076,2.0333,1.9967,63.32K,1.20%
02/26/2019,1.9981,1.9782,2.012,1.9688,56.51K,1.18%
02/25/2019,1.9748,2.0291,2.0402,1.9687,62.54K,-2.72%
02/22/2019,2.0301,2.0309,2.0448,2.0247,47.81K,-0.23%
02/21/2019,2.0347,2.0184,2.0361,2.009,67.25K,0.82%
02/20/2019,2.0181,1.999,2.028,1.9795,52.66K,1.11%
02/19/2019,1.996,2.0213,2.029,1.9863,93.29K,-1.12%
02/18/2019,2.0187,2.0225,2.0319,2.0085,,-0.22%
02/17/2019,2.0231,2.0224,2.0264,2.0204,,0.32%
02/15/2019,2.0167,1.9695,2.0205,1.9686,57.61K,2.51%
02/14/2019,1.9674,1.9363,1.9726,1.9305,56.74K,1.64%
02/13/2019,1.9357,1.9119,1.9487,1.91,50.91K,1.72%
02/12/2019,1.9029,1.8897,1.9298,1.8861,49.20K,0.89%
02/11/2019,1.8861,1.9032,1.913,1.8785,42.78K,-0.79%
02/08/2019,1.9011,1.8942,1.9117,1.8754,46.92K,0.40%
02/07/2019,1.8936,1.9047,1.9094,1.8625,47.65K,-0.64%
02/06/2019,1.9058,1.8905,1.9119,1.8678,35.33K,0.81%
02/05/2019,1.8905,1.905,1.9152,1.884,27.28K,-0.52%
02/04/2019,1.9003,1.9095,1.9302,1.8749,33.59K,-0.37%
02/01/2019,1.9073,1.8718,1.9118,1.855,31.69K,1.59%
01/31/2019,1.8774,1.9,1.9297,1.8716,78.75K,-1.03%
01/30/2019,1.8969,1.8928,1.9186,1.8855,68.80K,0.13%
01/29/2019,1.8945,1.8367,1.9012,1.8313,85.01K,3.27%
01/28/2019,1.8346,1.8843,1.8855,1.828,81.47K,-2.76%
01/25/2019,1.8867,1.8813,1.8987,1.869,52.37K,0.36%
01/24/2019,1.8799,1.8812,1.8933,1.8596,58.31K,-0.19%
01/23/2019,1.8834,1.8944,1.9166,1.862,65.31K,-0.52%
01/22/2019,1.8932,1.9065,1.9195,1.8603,68.27K,-1.62%
01/21/2019,1.9244,1.9072,1.927,1.9026,,0.91%
01/20/2019,1.907,1.9163,1.9166,1.9055,,-0.08%
01/18/2019,1.9085,1.8775,1.9149,1.8741,49.05K,1.64%
01/17/2019,1.8777,1.8862,1.8862,1.8474,31.57K,-0.57%
01/16/2019,1.8885,1.8635,1.8918,1.8516,50.04K,1.26%
01/15/2019,1.865,1.8479,1.8703,1.8434,51.64K,1.23%
01/14/2019,1.8424,1.8793,1.8933,1.8392,71.63K,-1.57%
01/11/2019,1.8718,1.8939,1.9178,1.8655,47.46K,-1.51%
01/10/2019,1.9005,1.8755,1.9034,1.8545,47.10K,1.37%
01/09/2019,1.8748,1.813,1.8816,1.813,48.70K,3.04%
01/08/2019,1.8194,1.7801,1.8218,1.769,41.44K,2.71%
01/07/2019,1.7714,1.7711,1.816,1.769,34.97K,0.59%
01/04/2019,1.761,1.7215,1.7946,1.7142,31.68K,1.64%
01/03/2019,1.7326,1.6845,1.7375,1.6731,31.23K,2.35%
01/02/2019,1.6928,1.6795,1.74,1.6337,33.88K,0.43%
01/01/2019,1.6856,1.6891,1.6922,1.6856,,0.37%
12/31/2018,1.6794,1.6539,1.711,1.653,36.25K,1.14%
12/28/2018,1.6604,1.6929,1.7154,1.645,62.49K,-0.78%
12/27/2018,1.6735,1.7405,1.7411,1.6676,62.15K,-3.15%
12/26/2018,1.728,1.663,1.7493,1.638,58.09K,3.44%
12/25/2018,1.6706,1.6776,1.6782,1.6672,,0.98%
12/24/2018,1.6544,1.7254,1.7432,1.6524,30.03K,-4.09%
12/21/2018,1.7249,1.7485,1.7639,1.6992,81.15K,-0.70%
12/20/2018,1.7371,1.785,1.7908,1.7355,73.51K,-3.32%
12/19/2018,1.7967,1.7499,1.813,1.7477,69.16K,2.83%
12/18/2018,1.7473,1.7987,1.8136,1.7392,53.11K,-4.08%
12/17/2018,1.8216,1.8381,1.8619,1.7995,37.56K,-0.96%
12/14/2018,1.8392,1.8777,1.8777,1.832,37.69K,-1.67%
12/13/2018,1.8704,1.8454,1.884,1.8225,41.46K,1.44%
12/12/2018,1.8438,1.8435,1.8769,1.8405,51.36K,0.25%
12/11/2018,1.8392,1.8392,1.8623,1.8266,31.84K,0.21%
12/10/2018,1.8353,1.8631,1.8917,1.8285,35.84K,-2.26%
12/07/2018,1.8778,1.8591,1.9443,1.8239,41.52K,1.50%
12/06/2018,1.8501,1.8835,1.8929,1.8074,43.39K,-1.65%
12/05/2018,1.8812,1.878,1.9249,1.8657,17.41K,-0.61%
12/04/2018,1.8927,1.8854,1.9388,1.8758,34.11K,0.69%
12/03/2018,1.8797,1.8408,1.8991,1.8408,30.83K,2.75%
11/30/2018,1.8294,1.8374,1.8503,1.7837,74.33K,-0.54%
11/29/2018,1.8394,1.8412,1.8575,1.8142,70.91K,0.23%
11/28/2018,1.8352,1.8967,1.9022,1.8315,83.14K,-2.51%
11/27/2018,1.8824,1.8849,1.9054,1.8559,70.63K,-0.25%
11/26/2018,1.8872,1.8702,1.9109,1.8652,69.15K,0.91%
11/23/2018,1.8702,1.968,1.9748,1.8649,46.92K,-4.64%
11/22/2018,1.9612,1.9747,1.9802,1.9497,,-0.15%
11/21/2018,1.9641,1.9774,2.0066,1.9584,71.08K,-0.89%
11/20/2018,1.9818,2.08,2.0801,1.9643,65.25K,-4.62%
11/19/2018,2.0778,2.0749,2.0912,2.0452,52.68K,0.53%
11/16/2018,2.0669,2.0699,2.1009,2.0514,35.68K,0.00%
11/15/2018,2.067,2.0845,2.1014,2.062,45.80K,-0.97%
11/14/2018,2.0872,2.0586,2.1288,2.0439,54.90K,1.51%
11/13/2018,2.0561,2.1284,2.1422,2.0448,53.84K,-4.34%
11/12/2018,2.1493,2.1718,2.1988,2.1191,57.38K,-0.67%
11/09/2018,2.1638,2.1627,2.1699,2.113,64.05K,0.18%
11/08/2018,2.16,2.2267,2.2413,2.1572,80.90K,-2.87%
11/07/2018,2.2238,2.1743,2.233,2.1718,87.02K,2.01%
11/06/2018,2.1799,2.1724,2.2033,2.1563,52.00K,-0.33%
11/05/2018,2.1872,2.169,2.2058,2.1509,66.58K,0.91%
11/02/2018,2.1675,2.1896,2.206,2.1594,48.19K,-1.29%
11/01/2018,2.1959,2.2393,2.25,2.1889,48.64K,-2.47%
10/31/2018,2.2514,2.2622,2.295,2.2419,71.89K,-0.35%
10/30/2018,2.2594,2.2777,2.2869,2.234,72.34K,-1.08%
10/29/2018,2.2841,2.3023,2.3122,2.2679,67.77K,-0.84%
10/26/2018,2.3034,2.2752,2.3111,2.2585,80.60K,1.10%
10/25/2018,2.2784,2.2408,2.2848,2.2335,72.42K,1.13%
10/24/2018,2.2529,2.2456,2.2753,2.2314,67.83K,0.13%
10/23/2018,2.2499,2.3223,2.3265,2.2374,74.79K,-2.98%
10/22/2018,2.3189,2.322,2.3272,2.291,42.80K,0.70%
10/19/2018,2.3027,2.2999,2.3316,2.2946,46.90K,0.27%
10/18/2018,2.2964,2.3149,2.3207,2.2851,39.01K,-0.70%
10/17/2018,2.3125,2.3457,2.3544,2.2951,50.94K,-1.26%
10/16/2018,2.3419,2.3264,2.351,2.3079,45.03K,0.59%
10/15/2018,2.3281,2.3313,2.3545,2.3054,35.19K,0.21%
10/12/2018,2.3232,2.334,2.3568,2.2975,50.83K,-0.44%
10/11/2018,2.3335,2.3905,2.3905,2.323,50.07K,-2.63%
10/10/2018,2.3965,2.4235,2.43,2.3808,66.26K,-1.21%
10/09/2018,2.4258,2.3974,2.4335,2.3909,62.75K,1.20%
10/08/2018,2.3971,2.3975,2.4018,2.3625,59.40K,0.05%
10/05/2018,2.3959,2.4015,2.4172,2.3916,38.88K,-0.31%
10/04/2018,2.4033,2.441,2.4441,2.3893,38.56K,-1.56%
10/03/2018,2.4415,2.414,2.4541,2.394,28.16K,1.24%
10/02/2018,2.4115,2.4175,2.4205,2.3989,35.99K,0.00%
10/01/2018,2.4114,2.36,2.4215,2.351,31.83K,2.68%
09/28/2018,2.3485,2.3217,2.3653,2.3217,56.39K,0.97%
09/27/2018,2.326,2.3139,2.3331,2.3066,56.02K,0.97%
09/26/2018,2.3037,2.3055,2.3197,2.2932,67.95K,-0.26%
09/25/2018,2.3097,2.2962,2.3205,2.2906,73.01K,0.85%
09/24/2018,2.2902,2.2337,2.2965,2.2337,71.20K,2.67%
09/21/2018,2.2306,2.233,2.2668,2.2193,79.06K,-0.07%
09/20/2018,2.2321,2.2512,2.2656,2.2292,66.93K,-0.80%
09/19/2018,2.25,2.2331,2.2553,2.2209,59.26K,0.50%
09/18/2018,2.2389,2.2057,2.2593,2.1971,57.87K,1.30%
09/17/2018,2.2102,2.2166,2.2358,2.2053,32.88K,-0.13%
09/14/2018,2.213,2.2313,2.2373,2.1972,36.75K,-0.60%
09/13/2018,2.2264,2.2633,2.2633,2.2199,39.87K,-1.53%
09/12/2018,2.261,2.2652,2.2735,2.2492,54.29K,0.27%
09/11/2018,2.255,2.2217,2.2666,2.2208,49.82K,1.52%
09/10/2018,2.2213,2.2255,2.2444,2.2135,45.27K,0.05%
09/07/2018,2.2202,2.2151,2.2248,2.1943,31.20K,0.36%
09/06/2018,2.2123,2.2332,2.2473,2.1943,39.70K,-1.12%
09/05/2018,2.2374,2.2542,2.2593,2.2316,29.85K,-0.87%
09/04/2018,2.257,2.2518,2.3102,2.2414,54.38K,-0.54%
09/03/2018,2.2693,2.2468,2.2795,2.2388,,0.97%
09/02/2018,2.2474,2.2488,2.2492,2.2466,,0.19%
08/31/2018,2.2431,2.248,2.2607,2.2364,68.92K,-0.50%
08/30/2018,2.2544,2.2526,2.2647,2.2443,69.83K,0.25%
08/29/2018,2.2488,2.2224,2.2561,2.2139,68.96K,1.43%
08/28/2018,2.217,2.2255,2.2392,2.2133,70.08K,-0.16%
08/27/2018,2.2206,2.2027,2.225,2.1979,52.59K,0.58%
08/24/2018,2.2078,2.1833,2.2228,2.1815,69.45K,1.24%
08/23/2018,2.1807,2.1742,2.1834,2.1629,53.51K,0.33%
08/22/2018,2.1736,2.1305,2.1816,2.1298,65.42K,2.14%
08/21/2018,2.1281,2.1178,2.1456,2.1131,57.35K,0.49%
08/20/2018,2.1178,2.1009,2.1224,2.098,37.07K,0.71%
08/17/2018,2.1028,2.1001,2.128,2.0973,27.99K,0.10%
08/16/2018,2.1008,2.092,2.1058,2.0844,40.49K,0.30%
08/15/2018,2.0945,2.1244,2.1331,2.0805,41.50K,-1.81%
08/14/2018,2.1331,2.1475,2.182,2.1243,37.36K,-0.36%
08/13/2018,2.1409,2.1468,2.153,2.104,28.69K,-0.12%
08/10/2018,2.1435,2.1125,2.1561,2.105,39.43K,1.28%
08/09/2018,2.1165,2.1232,2.1369,2.1104,40.33K,-0.20%
08/08/2018,2.1207,2.1686,2.1806,2.1081,36.75K,-2.46%
08/07/2018,2.1742,2.1433,2.1806,2.1421,29.77K,1.36%
08/06/2018,2.1451,2.1316,2.167,2.1316,26.62K,0.60%
08/03/2018,2.1324,2.1319,2.1486,2.1184,28.87K,-0.19%
08/02/2018,2.1365,2.1051,2.1436,2.0924,34.97K,1.54%
08/01/2018,2.104,2.1405,2.1423,2.0963,41.94K,-1.56%
07/31/2018,2.1374,2.1744,2.182,2.12,68.49K,-1.80%
07/30/2018,2.1765,2.1624,2.179,2.1565,48.27K,0.79%
07/27/2018,2.1594,2.179,2.1836,2.1576,54.38K,-0.99%
07/26/2018,2.1809,2.1555,2.1857,2.1544,57.00K,1.15%
07/25/2018,2.156,2.1474,2.1638,2.1346,55.82K,0.85%
07/24/2018,2.1379,2.1261,2.1565,2.1183,50.05K,0.71%
07/23/2018,2.1229,2.1065,2.147,2.1003,44.65K,0.64%
07/20/2018,2.1094,2.0965,2.1224,2.0888,46.18K,0.71%
07/19/2018,2.0945,2.095,2.1144,2.0713,54.03K,-0.03%
07/18/2018,2.0952,2.0658,2.1037,2.0474,44.28K,0.96%
07/17/2018,2.0753,2.0648,2.0877,2.0537,43.96K,0.72%
07/16/2018,2.0605,2.1314,2.1423,2.0576,52.68K,-3.68%
07/13/2018,2.1393,2.128,2.154,2.0975,50.86K,0.53%
07/12/2018,2.128,2.12,2.1399,2.087,51.57K,1.03%
07/11/2018,2.1064,2.2284,2.2286,2.1,51.88K,-5.43%
07/10/2018,2.2273,2.2069,2.2388,2.2042,40.53K,1.18%
07/09/2018,2.2013,2.1784,2.2141,2.1762,35.37K,1.20%
07/06/2018,2.1751,2.1896,2.1903,2.1615,43.06K,-0.38%
07/05/2018,2.1835,2.1755,2.2079,2.1704,39.15K,0.51%
07/04/2018,2.1724,2.1662,2.1808,2.1648,,0.06%
07/03/2018,2.1711,2.1628,2.1975,2.148,32.97K,0.37%
07/02/2018,2.163,2.2104,2.2104,2.161,38.21K,-2.11%
06/29/2018,2.2097,2.1804,2.2196,2.1672,73.24K,1.41%
06/28/2018,2.179,2.1721,2.1944,2.1664,65.92K,-0.03%
06/27/2018,2.1796,2.1412,2.189,2.1324,76.33K,2.21%
06/26/2018,2.1325,2.1121,2.1446,2.0876,69.05K,1.34%
06/25/2018,2.1042,2.1223,2.1261,2.0905,70.83K,-1.18%
06/22/2018,2.1293,2.0801,2.1314,2.0785,72.02K,2.66%
06/21/2018,2.0742,2.1019,2.1122,2.0723,85.10K,-1.73%
06/20/2018,2.1107,2.1186,2.1391,2.0914,68.64K,-0.62%
06/19/2018,2.1238,2.1341,2.136,2.1088,46.59K,-0.46%
06/18/2018,2.1337,2.0834,2.1371,2.0689,36.66K,2.09%
06/15/2018,2.0901,2.1651,2.1651,2.0824,41.89K,-3.32%
06/14/2018,2.1618,2.1819,2.1878,2.1565,39.04K,-1.17%
06/13/2018,2.1875,2.152,2.1913,2.1463,42.00K,1.07%
06/12/2018,2.1644,2.1676,2.1847,2.1497,39.30K,-0.02%
06/11/2018,2.1648,2.1739,2.176,2.1475,39.74K,-0.12%
06/08/2018,2.1675,2.1851,2.1886,2.165,42.03K,-0.75%
06/07/2018,2.1839,2.1412,2.1869,2.1346,42.91K,2.42%
06/06/2018,2.1323,2.1382,2.1662,2.1147,45.06K,-0.62%
06/05/2018,2.1456,2.1555,2.1626,2.1203,30.57K,-0.47%
06/04/2018,2.1558,2.176,2.1877,2.152,35.37K,-1.13%
06/01/2018,2.1804,2.2123,2.2164,2.1723,38.10K,-1.10%
05/31/2018,2.2046,2.2178,2.2401,2.1873,95.69K,-0.94%
05/30/2018,2.2255,2.1822,2.2315,2.1717,80.55K,2.05%
05/29/2018,2.1808,2.196,2.2003,2.1647,87.25K,-0.43%
05/28/2018,2.1902,2.197,2.197,2.1654,,-0.29%
05/27/2018,2.1966,2.199,2.2002,2.189,,-0.39%
05/25/2018,2.2052,2.2606,2.2641,2.1981,69.43K,-2.53%
05/24/2018,2.2625,2.2855,2.2885,2.2593,59.58K,-1.02%
05/23/2018,2.2859,2.2763,2.2875,2.2502,75.36K,0.39%
05/22/2018,2.2771,2.2767,2.2952,2.2682,55.45K,0.33%
05/21/2018,2.2697,2.2594,2.2778,2.2467,53.20K,0.47%
05/18/2018,2.2591,2.2787,2.2874,2.2564,42.96K,-0.68%
05/17/2018,2.2746,2.2612,2.2987,2.2594,49.27K,0.51%
05/16/2018,2.263,2.2349,2.2652,2.2258,49.19K,0.89%
05/15/2018,2.2431,2.2438,2.2646,2.2326,55.86K,0.08%
05/14/2018,2.2412,2.2138,2.2473,2.2029,55.39K,1.16%
05/11/2018,2.2154,2.2187,2.2274,2.2079,54.99K,-0.10%
05/10/2018,2.2176,2.2151,2.2267,2.1877,56.78K,0.29%
05/09/2018,2.2112,2.1811,2.2172,2.175,67.93K,2.83%
05/08/2018,2.1504,2.1666,2.1827,2.1037,75.03K,-1.39%
05/07/2018,2.1808,2.1494,2.1821,2.1465,47.88K,1.51%
05/04/2018,2.1483,2.1128,2.1514,2.102,37.12K,1.95%
05/03/2018,2.1072,2.1085,2.1204,2.0935,48.91K,-0.32%
05/02/2018,2.114,2.0974,2.1175,2.0877,55.45K,0.83%
05/01/2018,2.0965,2.1428,2.1481,2.0885,52.98K,-2.46%
04/30/2018,2.1493,2.1425,2.1726,2.108,75.10K,0.70%
04/27/2018,2.1343,2.1416,2.1481,2.1287,76.48K,-0.34%
04/26/2018,2.1416,2.1271,2.1505,2.1248,81.68K,0.85%
04/25/2018,2.1235,2.1189,2.126,2.1059,76.50K,0.25%
04/24/2018,2.1183,2.141,2.1484,2.1138,67.59K,-0.66%
04/23/2018,2.1324,2.1101,2.142,2.0923,65.68K,0.81%
04/20/2018,2.1152,2.1155,2.1186,2.0796,61.75K,0.52%
04/19/2018,2.1042,2.099,2.1244,2.0909,62.65K,0.76%
04/18/2018,2.0883,2.0602,2.1009,2.0547,72.00K,1.73%
04/17/2018,2.0527,2.0668,2.0716,2.0414,70.38K,-0.41%
04/16/2018,2.0612,2.0967,2.098,2.0521,49.69K,-1.40%
04/13/2018,2.0905,2.0784,2.0931,2.0561,47.20K,0.72%
04/12/2018,2.0756,2.083,2.0936,2.0614,61.60K,-0.36%
04/11/2018,2.083,2.0509,2.1105,2.0425,86.03K,1.35%
04/10/2018,2.0553,1.9891,2.0596,1.9872,74.18K,3.26%
04/09/2018,1.9904,1.953,1.9975,1.9517,48.02K,1.84%
04/06/2018,1.9544,1.9842,1.9879,1.9456,47.99K,-1.00%
04/05/2018,1.9742,1.9844,1.9863,1.9578,35.89K,0.00%
04/04/2018,1.9742,1.9975,1.9975,1.949,39.53K,-0.84%
04/03/2018,1.991,1.9769,1.9959,1.9758,35.25K,0.67%
04/02/2018,1.9777,2.0255,2.0386,1.9758,32.55K,-2.14%
03/29/2018,2.021,2.0157,2.0363,1.9956,61.47K,0.35%
03/28/2018,2.0139,2.0125,2.0304,1.996,75.33K,-0.51%
03/27/2018,2.0242,2.0205,2.0485,2.0065,62.29K,0.31%
03/26/2018,2.018,2.0228,2.0366,2.0055,59.53K,-0.15%
03/23/2018,2.021,1.9951,2.0277,1.9895,66.00K,1.30%
03/22/2018,1.995,2.0162,2.0192,1.9839,70.20K,-0.62%
03/21/2018,2.0074,1.9574,2.0184,1.956,66.41K,2.79%
03/20/2018,1.953,1.9167,1.9621,1.9144,62.49K,2.17%
03/19/2018,1.9116,1.9151,1.9287,1.9005,43.03K,-0.29%
03/16/2018,1.9172,1.8967,1.9238,1.8881,28.38K,1.03%
03/15/2018,1.8977,1.8914,1.9025,1.8857,29.56K,0.31%
03/14/2018,1.8918,1.8804,1.8995,1.8705,40.21K,0.79%
03/13/2018,1.8769,1.8689,1.8933,1.8511,51.21K,0.44%
03/12/2018,1.8687,1.89,1.8934,1.8442,54.84K,-1.13%
03/09/2018,1.89,1.8675,1.8989,1.8638,47.53K,1.49%
03/08/2018,1.8622,1.8843,1.887,1.8591,48.72K,-0.90%
03/07/2018,1.8791,1.9003,1.9147,1.8673,50.16K,-1.60%
03/06/2018,1.9097,1.9021,1.9155,1.8889,37.79K,0.42%
03/05/2018,1.9017,1.8974,1.9087,1.8612,38.24K,1.05%
03/02/2018,1.882,1.8902,1.892,1.8518,38.95K,-0.20%
03/01/2018,1.8857,1.9095,1.9133,1.8644,45.00K,-0.94%
02/28/2018,1.9035,1.9676,1.9723,1.9001,86.45K,-3.31%
02/27/2018,1.9687,1.9935,1.9935,1.9618,56.92K,-0.95%
02/26/2018,1.9875,1.9772,1.9967,1.9621,60.71K,0.76%
02/23/2018,1.9726,1.9476,1.9781,1.937,63.91K,0.97%
02/22/2018,1.9536,1.9302,1.9586,1.9162,62.39K,1.11%
02/21/2018,1.9321,1.9191,1.9367,1.9069,53.59K,0.30%
02/20/2018,1.9263,1.9126,1.9414,1.9082,57.65K,-0.50%
02/19/2018,1.9359,1.9156,1.9379,1.9152,,1.06%
02/18/2018,1.9156,1.9126,1.9159,1.9109,,0.38%
02/16/2018,1.9084,1.8905,1.9183,1.8902,50.37K,1.05%
02/15/2018,1.8886,1.8853,1.9021,1.8541,55.94K,0.33%
02/14/2018,1.8823,1.8301,1.8905,1.8097,72.46K,2.50%
02/13/2018,1.8364,1.8395,1.8541,1.8177,56.86K,0.00%
02/12/2018,1.8364,1.8407,1.8885,1.8347,62.33K,-0.79%
02/09/2018,1.851,1.9049,1.9135,1.8279,80.06K,-3.41%
02/08/2018,1.9164,1.92,1.9289,1.8994,59.91K,-0.59%
02/07/2018,1.9277,1.9819,1.9907,1.9208,80.59K,-2.51%
02/06/2018,1.9773,1.9951,2.0044,1.9748,49.65K,-1.68%
02/05/2018,2.0111,2.0296,2.0346,1.995,37.71K,-1.61%
02/02/2018,2.0441,2.0849,2.088,2.0337,46.13K,-1.65%
02/01/2018,2.0783,2.0535,2.0853,2.0535,36.26K,0.58%
01/31/2018,2.0664,2.06,2.0699,2.0493,77.77K,-0.03%
01/30/2018,2.0671,2.0967,2.0977,2.0569,83.85K,-1.46%
01/29/2018,2.0978,2.1279,2.132,2.0834,95.98K,-1.40%
01/26/2018,2.1275,2.1022,2.1362,2.0991,93.38K,0.81%
01/25/2018,2.1104,2.1081,2.1236,2.1014,83.50K,0.39%
01/24/2018,2.1023,2.0849,2.1116,2.0738,117.43K,0.96%
01/23/2018,2.0823,2.0628,2.0944,2.0559,79.97K,1.32%
01/22/2018,2.0551,2.0596,2.0686,2.0392,66.40K,0.05%
01/19/2018,2.0541,2.0597,2.0653,2.0342,66.19K,-0.22%
01/18/2018,2.0586,2.0657,2.068,2.0405,63.23K,-0.22%
01/17/2018,2.0631,2.063,2.0736,2.0413,42.32K,0.22%
01/16/2018,2.0586,2.0844,2.1008,2.0508,58.27K,-2.17%
01/15/2018,2.1042,2.0851,2.1074,2.0785,,0.90%
01/14/2018,2.0854,2.0888,2.0888,2.0838,,0.37%
01/12/2018,2.0778,2.0688,2.0805,2.0536,49.90K,0.50%
01/11/2018,2.0675,2.0692,2.0885,2.0653,63.40K,-0.11%
01/10/2018,2.0698,2.0649,2.0741,2.0539,50.55K,0.64%
01/09/2018,2.0567,2.0401,2.0669,2.0298,64.54K,1.07%
01/08/2018,2.035,2.047,2.0509,2.0298,59.19K,-0.40%
01/05/2018,2.0432,2.0614,2.0636,2.0343,50.05K,-0.80%
01/04/2018,2.0596,2.0628,2.0689,2.048,50.62K,-0.33%
01/03/2018,2.0664,2.0343,2.068,2.0285,56.17K,1.64%
01/02/2018,2.0331,2.0433,2.0621,2.0301,51.47K,-2.28%
01/01/2018,2.0805,2.0679,2.0811,2.0662,,0.60%
12/29/2017,2.0681,2.0499,2.0833,2.0461,70.28K,0.90%
12/28/2017,2.0497,2.0316,2.054,2.0302,59.53K,0.56%
12/27/2017,2.0383,2.0387,2.0552,2.0201,81.11K,0.01%
12/26/2017,2.038,1.9699,2.0416,1.9648,68.33K,3.35%
12/22/2017,1.9719,1.9512,1.973,1.9406,48.99K,0.98%
12/21/2017,1.9528,1.9458,1.9543,1.9349,54.44K,0.32%
12/20/2017,1.9465,1.9415,1.9527,1.936,62.67K,0.28%
12/19/2017,1.941,1.927,1.9479,1.9239,45.71K,0.76%
12/18/2017,1.9263,1.9087,1.9409,1.9069,48.43K,1.08%
12/15/2017,1.9057,1.9154,1.9304,1.9032,38.06K,-0.33%
12/14/2017,1.912,1.911,1.9165,1.8843,38.05K,0.39%
12/13/2017,1.9045,1.9445,1.9501,1.903,47.62K,-1.50%
12/12/2017,1.9335,1.9559,1.9808,1.9228,49.59K,-0.89%
12/11/2017,1.9508,1.928,1.9588,1.9183,45.98K,1.18%
12/08/2017,1.928,1.8971,1.9438,1.8907,51.57K,1.63%
12/07/2017,1.8971,1.862,1.8995,1.8615,43.08K,1.80%
12/06/2017,1.8636,1.9091,1.9113,1.8625,36.23K,-2.67%
12/05/2017,1.9148,1.893,1.9279,1.8877,29.47K,0.98%
12/04/2017,1.8962,1.933,1.9449,1.8951,27.07K,-2.34%
12/01/2017,1.9417,1.9039,1.9607,1.9023,37.33K,2.32%
11/30/2017,1.8976,1.9267,1.9508,1.8908,96.56K,-1.36%
11/29/2017,1.9238,1.9475,1.9584,1.916,73.84K,-1.49%
11/28/2017,1.9529,1.9507,1.955,1.9357,56.61K,0.12%
11/27/2017,1.9505,1.9556,1.9652,1.9318,62.54K,-0.26%
11/24/2017,1.9555,1.9433,1.9589,1.9285,33.70K,0.78%
11/23/2017,1.9403,1.934,1.9465,1.9259,,0.24%
11/22/2017,1.9357,1.9459,1.9577,1.927,71.93K,-0.12%
11/21/2017,1.9381,1.9339,1.9517,1.9231,59.80K,0.20%
11/20/2017,1.9343,1.9493,1.9522,1.9081,52.07K,-0.73%
11/17/2017,1.9486,1.9094,1.956,1.903,53.61K,2.27%
11/16/2017,1.9053,1.913,1.9196,1.8983,38.45K,-0.35%
11/15/2017,1.912,1.8959,1.9178,1.8901,46.76K,0.05%
11/14/2017,1.9111,1.9367,1.938,1.887,43.02K,-1.25%
11/13/2017,1.9353,1.938,1.9469,1.9242,32.46K,-0.12%
11/10/2017,1.9377,1.948,1.9584,1.9315,55.41K,-0.58%
11/09/2017,1.949,1.9262,1.9555,1.9175,48.63K,1.24%
11/08/2017,1.9251,1.9279,1.9481,1.9093,46.77K,-0.11%
11/07/2017,1.9273,1.9395,1.9485,1.9224,53.55K,-0.90%
11/06/2017,1.9449,1.8864,1.9493,1.8835,28.02K,2.96%
11/03/2017,1.8889,1.8604,1.8931,1.8545,28.34K,1.80%
11/02/2017,1.8555,1.8637,1.868,1.84,29.17K,-0.42%
11/01/2017,1.8633,1.8872,1.9015,1.8554,38.45K,-0.91%
10/31/2017,1.8805,1.8767,1.8896,1.8657,58.69K,0.23%
10/30/2017,1.8762,1.8777,1.8814,1.8629,55.59K,0.54%
10/27/2017,1.8662,1.8482,1.8773,1.8301,65.71K,1.38%
10/26/2017,1.8408,1.8195,1.8521,1.8079,68.52K,1.24%
10/25/2017,1.8183,1.8292,1.8395,1.8035,78.75K,-0.24%
10/24/2017,1.8226,1.7865,1.8311,1.7711,82.62K,1.84%
10/23/2017,1.7896,1.8103,1.8155,1.7874,45.14K,-0.88%
10/20/2017,1.8054,1.778,1.8127,1.7618,63.84K,1.55%
10/19/2017,1.7778,1.805,1.8171,1.7694,56.14K,-1.44%
10/18/2017,1.8037,1.8099,1.8185,1.7903,48.34K,-0.29%
10/17/2017,1.809,1.8162,1.8249,1.7906,32.98K,-0.15%
10/16/2017,1.8118,1.7994,1.8302,1.7968,32.78K,0.87%
10/13/2017,1.7961,1.7671,1.806,1.767,48.06K,1.76%
10/12/2017,1.7651,1.7755,1.781,1.7494,42.62K,-1.12%
10/11/2017,1.7851,1.7644,1.7874,1.7579,44.33K,1.17%
10/10/2017,1.7644,1.7381,1.775,1.7352,34.49K,1.75%
10/09/2017,1.7341,1.7327,1.7417,1.7188,39.86K,-0.45%
10/06/2017,1.7419,1.7878,1.7913,1.7303,51.04K,-2.29%
10/05/2017,1.7827,1.7699,1.8081,1.7648,52.31K,0.67%
10/04/2017,1.7708,1.7411,1.7747,1.7384,40.84K,1.17%
10/03/2017,1.7504,1.7632,1.7653,1.7399,43.88K,-0.83%
10/02/2017,1.765,1.808,1.8091,1.7544,58.67K,-2.49%
09/29/2017,1.81,1.8244,1.8263,1.8001,55.88K,-0.78%
09/28/2017,1.8243,1.8246,1.8451,1.8121,56.61K,-0.80%
09/27/2017,1.839,1.8446,1.8539,1.822,62.65K,-0.34%
09/26/2017,1.8453,1.8597,1.8646,1.8155,36.45K,-0.23%
09/25/2017,1.8495,1.8046,1.8524,1.7969,64.16K,2.26%
09/22/2017,1.8086,1.808,1.8143,1.7979,44.87K,0.07%
09/21/2017,1.8074,1.7989,1.81,1.7919,45.42K,0.46%
09/20/2017,1.7991,1.7756,1.8034,1.7665,46.57K,1.90%
09/19/2017,1.7655,1.7742,1.7854,1.7534,45.01K,-0.38%
09/18/2017,1.7723,1.7908,1.7961,1.7585,30.60K,-1.03%
09/15/2017,1.7908,1.7718,1.7939,1.7577,35.08K,1.08%
09/14/2017,1.7716,1.7643,1.79,1.7566,42.45K,0.44%
09/13/2017,1.7639,1.735,1.7674,1.7252,49.64K,1.70%
09/12/2017,1.7344,1.733,1.7407,1.7171,38.83K,0.06%
09/11/2017,1.7334,1.7545,1.756,1.7121,36.20K,-1.02%
09/08/2017,1.7512,1.7634,1.7805,1.7426,35.59K,-1.00%
09/07/2017,1.7689,1.7437,1.7695,1.7336,38.01K,1.30%
09/06/2017,1.7462,1.7232,1.7481,1.7224,43.31K,0.80%
09/05/2017,1.7323,1.7361,1.7525,1.6829,38.07K,0.91%
09/04/2017,1.7167,1.7315,1.7344,1.6977,,-0.92%
09/03/2017,1.7326,1.7555,1.7572,1.7295,,0.13%
09/01/2017,1.7304,1.724,1.7329,1.6961,54.74K,-0.66%
08/31/2017,1.7419,1.6561,1.745,1.6521,110.38K,5.23%
08/30/2017,1.6554,1.6661,1.6893,1.6337,120.31K,0.08%
08/29/2017,1.654,1.6381,1.6627,1.6259,79.72K,1.42%
08/28/2017,1.6309,1.6427,1.6681,1.6229,92.08K,0.43%
08/25/2017,1.6239,1.6282,1.659,1.6107,84.64K,0.03%
08/24/2017,1.6234,1.6333,1.6452,1.615,87.62K,-0.33%
08/23/2017,1.6288,1.5895,1.6327,1.5855,62.60K,2.04%
08/22/2017,1.5963,1.5784,1.6051,1.5737,58.41K,1.19%
08/21/2017,1.5775,1.6261,1.6299,1.5722,59.88K,-2.96%
08/18/2017,1.6256,1.5857,1.633,1.5845,39.10K,2.41%
08/17/2017,1.5873,1.5795,1.5915,1.555,56.92K,0.49%
08/16/2017,1.5795,1.6113,1.618,1.5748,39.38K,-1.53%
08/15/2017,1.6041,1.6104,1.6152,1.5873,41.56K,-0.34%
08/14/2017,1.6095,1.6373,1.6548,1.6073,31.32K,-1.76%
08/11/2017,1.6383,1.6329,1.6452,1.6147,37.93K,0.24%
08/10/2017,1.6344,1.6615,1.6814,1.6288,60.06K,-1.29%
08/09/2017,1.6557,1.6232,1.6583,1.6176,47.61K,1.39%
08/08/2017,1.633,1.6402,1.6541,1.6184,34.08K,-0.62%
08/07/2017,1.6432,1.6464,1.6535,1.6201,41.27K,-0.57%
08/04/2017,1.6526,1.6441,1.6566,1.6287,20.88K,0.59%
08/03/2017,1.6429,1.6629,1.6663,1.6393,25.71K,-1.14%
08/02/2017,1.6618,1.6437,1.6627,1.6289,30.01K,1.03%
08/01/2017,1.6449,1.6721,1.6774,1.6237,43.72K,-1.35%
07/31/2017,1.6674,1.6493,1.6728,1.6392,69.38K,1.61%
07/28/2017,1.6409,1.6096,1.6448,1.6024,81.02K,2.10%
07/27/2017,1.6071,1.5993,1.6144,1.5919,67.08K,0.74%
07/26/2017,1.5953,1.5776,1.5977,1.5672,23.54K,1.71%
07/25/2017,1.5685,1.5187,1.58,1.5163,25.60K,3.40%
07/24/2017,1.5169,1.5147,1.5316,1.5023,26.42K,0.11%
07/21/2017,1.5152,1.5436,1.5526,1.509,26.90K,-1.84%
07/20/2017,1.5436,1.5504,1.578,1.5416,41.51K,-0.50%
07/19/2017,1.5514,1.5088,1.5557,1.5076,58.60K,2.71%
07/18/2017,1.5104,1.4986,1.5259,1.4923,52.42K,0.73%
07/17/2017,1.4995,1.5186,1.5236,1.4958,42.81K,-1.02%
07/14/2017,1.515,1.494,1.5203,1.4862,55.92K,1.56%
07/13/2017,1.4917,1.473,1.4962,1.4575,52.61K,1.22%
07/12/2017,1.4737,1.4899,1.5053,1.4683,62.87K,-0.18%
07/11/2017,1.4763,1.455,1.4907,1.4358,62.20K,1.56%
07/10/2017,1.4536,1.4512,1.4666,1.4345,49.81K,0.37%
07/07/2017,1.4482,1.4775,1.4792,1.4267,66.44K,-2.27%
07/06/2017,1.4819,1.4921,1.5096,1.4726,85.93K,0.23%
07/05/2017,1.4785,1.5123,1.5248,1.4688,82.94K,-2.70%
07/04/2017,1.5196,1.5125,1.5248,1.5038,,0.45%
07/03/2017,1.5128,1.4901,1.5147,1.4781,48.19K,2.53%
06/30/2017,1.4755,1.4467,1.4795,1.4467,4.92K,2.04%
06/29/2017,1.446,1.4395,1.4629,1.4366,18.89K,0.91%
06/28/2017,1.433,1.4035,1.4383,1.4006,15.97K,1.37%
06/27/2017,1.4137,1.3833,1.4211,1.3805,29.53K,2.43%
06/26/2017,1.3802,1.3765,1.3901,1.3578,20.08K,0.62%
06/23/2017,1.3717,1.3721,1.3839,1.3613,24.94K,0.01%
06/22/2017,1.3716,1.3619,1.3886,1.3579,23.45K,0.50%
06/21/2017,1.3648,1.3914,1.413,1.354,31.03K,-2.16%
06/20/2017,1.3949,1.4087,1.4199,1.3824,36.28K,-1.15%
06/19/2017,1.4111,1.4232,1.4381,1.4071,43.91K,-1.11%
06/16/2017,1.427,1.4113,1.4363,1.4099,43.80K,0.88%
06/15/2017,1.4146,1.41,1.4193,1.4032,58.26K,0.31%
06/14/2017,1.4102,1.4412,1.4575,1.4062,71.47K,-2.59%
06/13/2017,1.4477,1.4232,1.4521,1.4181,66.60K,1.56%
06/12/2017,1.4254,1.4312,1.4541,1.4235,61.26K,-0.41%
06/09/2017,1.4312,1.4225,1.4482,1.4132,67.44K,0.63%
06/08/2017,1.4223,1.4268,1.4405,1.4098,62.23K,0.43%
06/07/2017,1.4162,1.4609,1.4667,1.4128,80.20K,-3.41%
06/06/2017,1.4662,1.4594,1.4705,1.4416,69.31K,0.47%
06/05/2017,1.4593,1.4835,1.5031,1.4527,58.33K,-1.72%
06/02/2017,1.4848,1.5001,1.5001,1.4634,68.50K,-1.13%
06/01/2017,1.5017,1.5234,1.5376,1.4923,73.62K,-0.90%
05/31/2017,1.5153,1.5523,1.5525,1.499,5.61K,-2.20%
05/30/2017,1.5494,1.5621,1.5786,1.5356,26.06K,-1.25%
05/29/2017,1.569,1.5711,1.5835,1.5576,,-0.12%
05/28/2017,1.5709,1.5721,1.574,1.5693,,0.49%
05/26/2017,1.5633,1.5471,1.5691,1.53,22.91K,0.80%
05/25/2017,1.5509,1.6076,1.6269,1.5459,40.33K,-3.45%
05/24/2017,1.6063,1.6101,1.6221,1.5956,35.44K,-0.02%
05/23/2017,1.6067,1.6004,1.6164,1.5851,35.60K,0.29%
05/22/2017,1.6021,1.5888,1.608,1.5855,27.83K,1.23%
05/19/2017,1.5827,1.5433,1.5897,1.5433,42.26K,2.42%
05/18/2017,1.5453,1.5334,1.5536,1.5061,48.12K,0.77%
05/17/2017,1.5335,1.503,1.5464,1.5001,68.07K,1.13%
05/16/2017,1.5164,1.5101,1.5315,1.5031,47.14K,0.45%
05/15/2017,1.5096,1.4933,1.5405,1.4897,64.34K,1.09%
05/12/2017,1.4933,1.49,1.5056,1.4852,49.83K,0.23%
05/11/2017,1.4899,1.4765,1.4981,1.476,55.99K,0.98%
05/10/2017,1.4754,1.4445,1.4861,1.4417,69.98K,2.31%
05/09/2017,1.4421,1.459,1.4672,1.4333,59.50K,-0.93%
05/08/2017,1.4556,1.4465,1.4611,1.4316,84.01K,1.32%
05/05/2017,1.4366,1.4114,1.4536,1.3748,74.67K,1.72%
05/04/2017,1.4123,1.4691,1.472,1.4067,86.51K,-4.16%
05/03/2017,1.4736,1.4883,1.4889,1.4587,69.98K,0.38%
05/02/2017,1.468,1.4861,1.5097,1.4618,75.99K,-1.33%
05/01/2017,1.4878,1.5062,1.5109,1.4766,57.45K,-1.08%
04/28/2017,1.504,1.5162,1.5215,1.4924,6.05K,-0.21%
04/27/2017,1.5072,1.5284,1.533,1.4909,18.16K,-1.92%
04/26/2017,1.5367,1.5405,1.5452,1.5254,25.22K,-0.55%
04/25/2017,1.5452,1.54,1.552,1.5287,34.49K,0.16%
04/24/2017,1.5427,1.5557,1.5705,1.538,33.48K,-0.68%
04/21/2017,1.5533,1.579,1.5865,1.5427,39.17K,-1.62%
04/20/2017,1.5789,1.583,1.5942,1.5736,33.11K,-0.15%
04/19/2017,1.5813,1.6219,1.6316,1.5696,43.76K,-2.50%
04/18/2017,1.6219,1.6343,1.6384,1.6128,45.86K,-0.67%
04/17/2017,1.6329,1.647,1.6505,1.6314,44.54K,-1.01%
04/13/2017,1.6495,1.649,1.6583,1.6419,54.70K,-0.15%
04/12/2017,1.652,1.6545,1.6661,1.6435,56.31K,0.08%
04/11/2017,1.6506,1.6508,1.6548,1.633,66.32K,0.20%
04/10/2017,1.6473,1.6296,1.6505,1.6284,49.73K,1.16%
04/07/2017,1.6284,1.612,1.6439,1.6067,57.23K,0.96%
04/06/2017,1.6129,1.596,1.6175,1.5946,50.34K,0.59%
04/05/2017,1.6035,1.5982,1.6223,1.5927,62.97K,0.70%
04/04/2017,1.5923,1.5634,1.5985,1.5527,51.79K,1.85%
04/03/2017,1.5634,1.5729,1.5872,1.5605,55.04K,-0.65%
03/31/2017,1.5736,1.562,1.5787,1.5512,51.60K,0.99%
03/30/2017,1.5582,1.546,1.5627,1.5303,18.34K,1.02%
03/29/2017,1.5425,1.5216,1.5443,1.5192,18.30K,1.70%
03/28/2017,1.5167,1.501,1.5369,1.4996,28.81K,0.95%
03/27/2017,1.5025,1.5028,1.5079,1.4763,26.49K,0.33%
03/24/2017,1.4976,1.4883,1.5071,1.4862,27.10K,0.50%
03/23/2017,1.4901,1.4997,1.5083,1.488,26.23K,-0.45%
03/22/2017,1.4968,1.5025,1.5077,1.4758,30.11K,-0.43%
03/21/2017,1.5033,1.515,1.536,1.4972,34.24K,-0.71%
03/20/2017,1.5141,1.5117,1.5263,1.4926,35.68K,0.37%
03/17/2017,1.5085,1.5046,1.5168,1.4979,35.55K,0.28%
03/16/2017,1.5043,1.5133,1.5299,1.5006,49.86K,-0.54%
03/15/2017,1.5124,1.5118,1.5213,1.5016,48.28K,1.37%
03/14/2017,1.4919,1.5002,1.5126,1.4784,49.59K,-0.58%
03/13/2017,1.5006,1.5116,1.5165,1.4943,54.43K,-0.20%
03/10/2017,1.5036,1.5355,1.5459,1.5001,66.21K,-1.69%
03/09/2017,1.5295,1.5533,1.5714,1.5148,83.58K,-1.75%
03/08/2017,1.5567,1.6176,1.6247,1.5502,89.26K,-3.54%
03/07/2017,1.6139,1.6095,1.6384,1.6019,77.59K,0.59%
03/06/2017,1.6045,1.5916,1.6141,1.5796,57.53K,0.68%
03/03/2017,1.5936,1.575,1.5965,1.5741,56.82K,0.92%
03/02/2017,1.5791,1.6267,1.634,1.578,89.49K,-2.77%
03/01/2017,1.6241,1.6399,1.6595,1.6221,71.16K,0.20%
02/28/2017,1.6208,1.6425,1.6434,1.5924,9.32K,-1.16%
02/27/2017,1.6399,1.64,1.6651,1.6375,23.36K,-0.03%
02/24/2017,1.6404,1.6533,1.6548,1.6293,25.23K,-0.98%
02/23/2017,1.6567,1.6375,1.6819,1.6371,30.09K,1.66%
02/22/2017,1.6296,1.6432,1.6526,1.6068,39.71K,-0.79%
02/21/2017,1.6425,1.6417,1.675,1.6365,40.84K,-0.12%
02/20/2017,1.6444,1.6376,1.6546,1.6361,,0.42%
02/19/2017,1.6375,1.6412,1.6421,1.6372,,0.07%
02/17/2017,1.6364,1.627,1.6379,1.611,42.98K,0.45%
02/16/2017,1.6291,1.6305,1.6485,1.6127,53.44K,-0.09%
02/15/2017,1.6305,1.632,1.6467,1.6201,56.97K,-0.47%
02/14/2017,1.6382,1.6264,1.6559,1.6238,53.34K,0.67%
02/13/2017,1.6273,1.6661,1.6724,1.6189,69.23K,-2.32%
02/10/2017,1.6659,1.6402,1.6758,1.638,56.34K,1.49%
02/09/2017,1.6415,1.636,1.6624,1.6345,59.10K,0.34%
02/08/2017,1.636,1.6124,1.65,1.6028,67.09K,0.86%
02/07/2017,1.6221,1.6405,1.6414,1.608,61.45K,-0.80%
02/06/2017,1.6352,1.6724,1.6798,1.6316,59.78K,-1.80%
02/03/2017,1.6651,1.6586,1.6746,1.6421,61.22K,0.81%
02/02/2017,1.6518,1.6709,1.6938,1.6491,63.84K,-1.33%
02/01/2017,1.674,1.6307,1.675,1.6247,75.09K,3.87%
01/31/2017,1.6117,1.605,1.6428,1.6,7.75K,0.31%
01/30/2017,1.6067,1.6189,1.6288,1.6046,19.99K,-0.75%
01/27/2017,1.6189,1.648,1.649,1.5981,23.59K,-1.34%
01/26/2017,1.6409,1.6166,1.6525,1.612,20.36K,1.83%
01/25/2017,1.6114,1.631,1.6361,1.6018,24.99K,-1.83%
01/24/2017,1.6415,1.6303,1.6461,1.6262,26.06K,0.92%
01/23/2017,1.6265,1.6361,1.6493,1.6205,31.90K,-1.18%
01/20/2017,1.6459,1.6197,1.6647,1.6161,42.08K,1.71%
01/19/2017,1.6183,1.6199,1.6352,1.6129,45.32K,0.57%
01/18/2017,1.6092,1.6486,1.6588,1.6044,55.90K,-2.39%
01/17/2017,1.6486,1.6526,1.6957,1.6456,70.59K,-0.84%
01/16/2017,1.6626,1.6565,1.6648,1.6455,,0.37%
01/15/2017,1.6564,1.6572,1.6584,1.6546,,0.30%
01/13/2017,1.6514,1.6758,1.6796,1.6478,56.66K,-1.44%
01/12/2017,1.6756,1.6577,1.6905,1.6523,67.20K,1.40%
01/11/2017,1.6524,1.6106,1.6723,1.6064,75.91K,2.54%
01/10/2017,1.6114,1.6379,1.6506,1.608,67.58K,-1.60%
01/09/2017,1.6376,1.7011,1.7031,1.6338,67.73K,-3.85%
01/06/2017,1.7032,1.6971,1.7146,1.6777,55.55K,0.53%
01/05/2017,1.6942,1.6897,1.7055,1.6702,58.59K,0.07%
01/04/2017,1.693,1.68,1.6986,1.665,52.73K,0.97%
01/03/2017,1.6767,1.7313,1.7647,1.6721,70.19K,-3.07%
01/02/2017,1.7298,1.729,1.7328,1.7287,,1.50%
12/30/2016,1.7043,1.7048,1.7137,1.6937,43.20K,0.04%
12/29/2016,1.7037,1.699,1.717,1.6965,17.81K,0.26%
12/28/2016,1.6993,1.7,1.7156,1.695,20.64K,-0.01%
12/27/2016,1.6994,1.6727,1.7109,1.6575,27.56K,0.91%
12/26/2016,1.684,1.6833,1.6921,1.6831,,1.27%
12/23/2016,1.6628,1.6584,1.6765,1.6428,19.22K,0.12%
12/22/2016,1.6608,1.6411,1.6675,1.6244,35.98K,1.26%
12/21/2016,1.6401,1.6775,1.6799,1.6363,37.51K,-1.72%
12/20/2016,1.6688,1.6691,1.681,1.6595,38.33K,-0.01%
12/19/2016,1.669,1.6763,1.6872,1.6598,40.20K,-0.20%
12/16/2016,1.6723,1.6502,1.6816,1.6354,44.83K,1.85%
12/15/2016,1.642,1.6387,1.6586,1.6275,47.81K,-0.09%
12/14/2016,1.6435,1.6603,1.6889,1.6368,55.00K,-1.86%
12/13/2016,1.6747,1.6705,1.6868,1.6614,60.00K,0.18%
12/12/2016,1.6717,1.6565,1.7106,1.6564,58.52K,2.09%
12/09/2016,1.6374,1.6231,1.6417,1.6197,59.77K,0.71%
12/08/2016,1.6259,1.6174,1.6358,1.6066,64.41K,0.46%
12/07/2016,1.6184,1.6381,1.6427,1.6138,71.42K,-1.19%
12/06/2016,1.6379,1.6467,1.6602,1.6272,64.72K,-1.16%
12/05/2016,1.6571,1.6561,1.6774,1.6428,70.65K,-0.06%
12/02/2016,1.6581,1.6454,1.6631,1.6239,62.59K,0.62%
12/01/2016,1.6479,1.568,1.6634,1.5659,80.62K,4.90%
11/30/2016,1.5709,1.4627,1.5809,1.46,6.16K,7.40%
11/29/2016,1.4627,1.5108,1.5113,1.4552,27.64K,-3.31%
11/28/2016,1.5128,1.4706,1.5267,1.4394,28.27K,2.91%
11/25/2016,1.47,1.5184,1.527,1.4661,13.58K,-3.61%
11/24/2016,1.5251,1.5204,1.5273,1.5137,,0.54%
11/23/2016,1.5169,1.5272,1.5482,1.5157,40.11K,-0.62%
11/22/2016,1.5263,1.5365,1.5569,1.5094,36.28K,0.12%
11/21/2016,1.5245,1.4794,1.5353,1.4631,31.97K,4.58%
11/18/2016,1.4577,1.436,1.4679,1.4316,42.18K,0.74%
11/17/2016,1.447,1.4303,1.4741,1.4292,51.90K,0.84%
11/16/2016,1.435,1.4439,1.4545,1.424,44.68K,-0.62%
11/15/2016,1.4439,1.3928,1.4529,1.3871,58.97K,4.22%
11/14/2016,1.3855,1.3983,1.4041,1.3737,50.89K,-1.12%
11/11/2016,1.4012,1.4313,1.4352,1.3874,61.16K,-2.46%
11/10/2016,1.4366,1.4424,1.452,1.4212,57.13K,-0.31%
11/09/2016,1.4411,1.4403,1.4595,1.4043,65.79K,0.00%
11/08/2016,1.4411,1.445,1.4525,1.4257,56.84K,0.03%
11/07/2016,1.4406,1.4444,1.4529,1.4251,53.79K,0.72%
11/04/2016,1.4303,1.455,1.463,1.4258,67.19K,-1.91%
11/03/2016,1.4582,1.461,1.4772,1.4484,57.32K,-0.57%
11/02/2016,1.4665,1.5117,1.517,1.4516,84.43K,-3.32%
11/01/2016,1.5169,1.5114,1.5791,1.5,141.30K,1.43%
10/31/2016,1.4955,1.5474,1.5474,1.4888,6.85K,-3.03%
10/28/2016,1.5422,1.5641,1.5681,1.5323,20.04K,-1.78%
10/27/2016,1.5701,1.5511,1.58,1.5502,19.21K,1.22%
10/26/2016,1.5511,1.5503,1.5735,1.54,25.46K,-0.77%
10/25/2016,1.5631,1.5786,1.5893,1.5487,30.55K,-1.06%
10/24/2016,1.5798,1.5797,1.5846,1.5496,23.06K,0.37%
10/21/2016,1.574,1.5625,1.5785,1.5546,30.33K,0.92%
10/20/2016,1.5596,1.5874,1.5874,1.5476,31.82K,-1.78%
10/19/2016,1.5879,1.582,1.6077,1.58,36.03K,1.23%
10/18/2016,1.5686,1.5592,1.5831,1.5514,48.67K,0.80%
10/17/2016,1.5561,1.5665,1.5718,1.5418,45.48K,-0.71%
10/14/2016,1.5673,1.5815,1.5923,1.5551,49.18K,-0.78%
10/13/2016,1.5796,1.5695,1.5887,1.5537,62.13K,0.82%
10/12/2016,1.5668,1.5914,1.5957,1.5582,57.13K,-1.29%
10/11/2016,1.5873,1.6028,1.6118,1.5756,63.00K,-1.42%
10/10/2016,1.6102,1.5772,1.6264,1.5673,54.34K,1.96%
10/07/2016,1.5793,1.5999,1.6058,1.5636,52.49K,-1.03%
10/06/2016,1.5958,1.5741,1.6016,1.563,59.13K,0.85%
10/05/2016,1.5823,1.5672,1.5923,1.565,60.73K,1.79%
10/04/2016,1.5544,1.5528,1.5674,1.5368,46.26K,0.08%
10/03/2016,1.5532,1.5357,1.5612,1.5262,50.27K,1.66%
09/30/2016,1.5279,1.5068,1.5323,1.4924,19.24K,1.17%
09/29/2016,1.5102,1.4893,1.5288,1.4752,19.24K,1.29%
09/28/2016,1.491,1.4163,1.4946,1.4102,22.61K,5.75%
09/27/2016,1.4099,1.4376,1.4457,1.3967,28.64K,-2.70%
09/26/2016,1.449,1.4113,1.4615,1.399,22.24K,2.96%
09/23/2016,1.4073,1.4494,1.4691,1.4003,26.99K,-3.23%
09/22/2016,1.4542,1.4351,1.4583,1.4315,17.38K,1.76%
09/21/2016,1.429,1.4089,1.44,1.408,27.81K,1.71%
09/20/2016,1.405,1.3945,1.4124,1.37,43.78K,0.76%
09/19/2016,1.3944,1.4116,1.4382,1.3931,48.10K,-0.76%
09/16/2016,1.4051,1.4094,1.4199,1.3955,61.64K,-0.78%
09/15/2016,1.4162,1.3888,1.4271,1.3801,58.47K,2.50%
09/14/2016,1.3817,1.4153,1.4258,1.379,66.53K,-2.90%
09/13/2016,1.4229,1.437,1.45,1.4148,69.92K,-1.29%
09/12/2016,1.4415,1.4276,1.4512,1.4039,54.29K,0.78%
09/09/2016,1.4304,1.4767,1.4772,1.4285,66.41K,-3.49%
09/08/2016,1.4822,1.4389,1.487,1.433,62.00K,3.90%
09/07/2016,1.4265,1.4124,1.44,1.4007,60.81K,1.28%
09/06/2016,1.4085,1.4059,1.4747,1.3907,56.41K,-1.22%
09/05/2016,1.4259,1.4007,1.4743,1.3986,,1.78%
09/04/2016,1.4009,1.4053,1.4078,1.4009,,-0.62%
09/02/2016,1.4096,1.3913,1.4151,1.3794,49.25K,2.00%
09/01/2016,1.3819,1.4317,1.4358,1.3767,64.45K,-2.01%
08/31/2016,1.4102,1.4615,1.4644,1.4059,7.77K,-4.14%
08/30/2016,1.4711,1.4859,1.5033,1.462,18.46K,-1.02%
08/29/2016,1.4862,1.4939,1.4959,1.4725,20.14K,-0.73%
08/26/2016,1.4972,1.5091,1.5302,1.483,24.98K,-0.81%
08/25/2016,1.5094,1.4933,1.5117,1.4766,24.79K,0.88%
08/24/2016,1.4963,1.4955,1.51,1.4825,29.11K,-0.37%
08/23/2016,1.5018,1.485,1.5146,1.4663,26.62K,1.04%
08/22/2016,1.4864,1.5143,1.5167,1.4812,29.66K,-2.18%
08/19/2016,1.5196,1.5236,1.5324,1.5028,36.04K,-0.42%
08/18/2016,1.526,1.4914,1.5297,1.4838,55.33K,2.47%
08/17/2016,1.4892,1.4572,1.4931,1.446,68.10K,1.91%
08/16/2016,1.4613,1.448,1.4672,1.438,55.42K,0.79%
08/15/2016,1.4499,1.4145,1.4559,1.4099,46.82K,2.93%
08/12/2016,1.4086,1.3809,1.4148,1.3676,48.72K,1.71%
08/11/2016,1.3849,1.3122,1.3934,1.306,85.04K,5.04%
08/10/2016,1.3184,1.3334,1.3564,1.3114,70.81K,-0.92%
08/09/2016,1.3307,1.339,1.3576,1.3268,57.13K,-0.96%
08/08/2016,1.3436,1.319,1.3529,1.3162,59.07K,2.02%
08/05/2016,1.317,1.321,1.328,1.299,67.69K,-0.67%
08/04/2016,1.3259,1.2969,1.3272,1.2697,69.45K,2.98%
08/03/2016,1.2875,1.2658,1.2979,1.2561,74.86K,2.26%
08/02/2016,1.259,1.2632,1.299,1.2466,64.03K,0.09%
08/01/2016,1.2579,1.3031,1.3141,1.2505,67.00K,-1.42%
07/29/2016,1.276,1.2727,1.2811,1.2575,59.66K,0.44%
07/28/2016,1.2704,1.2992,1.3045,1.2694,20.68K,-1.90%
07/27/2016,1.295,1.3149,1.3304,1.2915,25.18K,-2.34%
07/26/2016,1.326,1.3225,1.335,1.3118,26.32K,0.24%
07/25/2016,1.3228,1.3598,1.3624,1.3195,33.99K,-2.52%
07/22/2016,1.357,1.3676,1.3784,1.34,26.55K,-1.00%
07/21/2016,1.3707,1.4085,1.4162,1.3687,29.07K,-2.47%
07/20/2016,1.4054,1.3839,1.419,1.3705,37.42K,1.54%
07/19/2016,1.3841,1.382,1.4073,1.3718,38.18K,0.46%
07/18/2016,1.3778,1.4015,1.4081,1.3618,45.55K,-1.40%
07/15/2016,1.3974,1.4022,1.4283,1.3868,52.92K,-0.64%
07/14/2016,1.4064,1.3882,1.4165,1.3853,55.85K,1.85%
07/13/2016,1.3809,1.4534,1.4542,1.3776,74.17K,-5.62%
07/12/2016,1.4632,1.4174,1.4736,1.415,73.35K,3.31%
07/11/2016,1.4163,1.4116,1.4311,1.3959,56.21K,0.28%
07/08/2016,1.4123,1.4142,1.432,1.3989,60.06K,0.12%
07/07/2016,1.4106,1.4893,1.5027,1.4009,78.44K,-4.11%
07/06/2016,1.4711,1.453,1.4927,1.4289,72.09K,1.76%
07/05/2016,1.4456,1.5174,1.5258,1.4333,68.36K,-3.62%
07/04/2016,1.4999,1.5159,1.526,1.4957,,-1.07%
07/03/2016,1.5161,1.516,1.5204,1.5148,,0.30%
07/01/2016,1.5115,1.4918,1.5225,1.4731,59.38K,1.81%
06/30/2016,1.4847,1.5215,1.5215,1.4661,6.02K,-3.18%
06/29/2016,1.5335,1.4758,1.5354,1.4758,20.17K,4.24%
06/28/2016,1.4711,1.4378,1.4786,1.436,23.87K,2.93%
06/27/2016,1.4292,1.4695,1.4725,1.415,28.14K,-1.79%
06/24/2016,1.4553,1.5252,1.5297,1.4384,41.20K,-4.29%
06/23/2016,1.5206,1.5,1.525,1.496,32.96K,1.05%
06/22/2016,1.5048,1.5255,1.5353,1.4825,45.47K,-0.78%
06/21/2016,1.5167,1.5212,1.53,1.4874,41.22K,-0.70%
06/20/2016,1.5274,1.4851,1.5282,1.4849,42.24K,3.08%
06/17/2016,1.4817,1.4201,1.4888,1.4193,54.68K,4.13%
06/16/2016,1.4229,1.4668,1.4742,1.4165,57.61K,-3.71%
06/15/2016,1.4778,1.4856,1.5024,1.4636,57.30K,-1.61%
06/14/2016,1.502,1.5061,1.5077,1.4846,45.44K,-0.83%
06/13/2016,1.5145,1.5161,1.527,1.4939,52.47K,-0.10%
06/10/2016,1.516,1.5522,1.5547,1.5111,56.30K,-2.27%
06/09/2016,1.5512,1.574,1.5848,1.5437,63.13K,-1.23%
06/08/2016,1.5705,1.5408,1.5772,1.5372,82.44K,1.88%
06/07/2016,1.5415,1.5052,1.5435,1.5001,67.64K,2.55%
06/06/2016,1.5031,1.4905,1.5092,1.4879,58.05K,1.01%
06/03/2016,1.4881,1.5054,1.5153,1.481,66.26K,-1.37%
06/02/2016,1.5088,1.503,1.5298,1.483,84.87K,0.66%
06/01/2016,1.4989,1.4917,1.5074,1.4662,69.55K,0.09%
05/31/2016,1.4975,1.4959,1.525,1.4793,8.56K,-1.16%
05/30/2016,1.5151,1.5013,1.521,1.4848,,0.91%
05/29/2016,1.5015,1.5032,1.5048,1.5013,,0.50%
05/27/2016,1.494,1.499,1.5076,1.4778,23.23K,-0.49%
05/26/2016,1.5013,1.5128,1.5195,1.4873,21.69K,-0.75%
05/25/2016,1.5127,1.5071,1.5208,1.4926,28.98K,1.61%
05/24/2016,1.4887,1.479,1.5087,1.4634,31.39K,0.76%
05/23/2016,1.4775,1.4919,1.4919,1.4657,33.95K,-0.84%
05/20/2016,1.49,1.4738,1.5015,1.468,39.91K,0.76%
05/19/2016,1.4788,1.475,1.4807,1.4397,37.21K,-0.29%
05/18/2016,1.4831,1.4719,1.52,1.4489,81.37K,1.07%
05/17/2016,1.4674,1.445,1.4791,1.4356,62.38K,1.90%
05/16/2016,1.4401,1.4006,1.4579,1.3995,63.78K,2.64%
05/13/2016,1.4031,1.392,1.4099,1.3758,62.41K,0.65%
05/12/2016,1.394,1.3944,1.4043,1.3675,63.58K,-0.19%
05/11/2016,1.3967,1.3431,1.3999,1.3235,73.72K,4.43%
05/10/2016,1.3375,1.2826,1.3443,1.2801,65.05K,3.98%
05/09/2016,1.2863,1.3498,1.3639,1.2814,67.45K,-3.81%
05/06/2016,1.3373,1.3341,1.3583,1.3047,64.04K,0.65%
05/05/2016,1.3287,1.3425,1.38,1.3194,61.35K,0.04%
05/04/2016,1.3282,1.3428,1.3626,1.314,59.35K,-0.39%
05/03/2016,1.3334,1.3582,1.37,1.3219,58.49K,-1.63%
05/02/2016,1.3555,1.3792,1.3939,1.3495,56.67K,-1.63%
04/29/2016,1.3779,1.4066,1.4125,1.373,7.39K,-1.90%
04/28/2016,1.4046,1.3799,1.4084,1.3711,19.17K,1.82%
04/27/2016,1.3795,1.3488,1.3832,1.3392,23.30K,3.53%
04/26/2016,1.3325,1.2997,1.352,1.29,26.88K,3.27%
04/25/2016,1.2903,1.314,1.3235,1.2875,25.13K,-1.42%
04/22/2016,1.3089,1.3095,1.3356,1.3007,23.96K,0.70%
04/21/2016,1.2998,1.3313,1.3424,1.2983,32.56K,-2.43%
04/20/2016,1.3322,1.2659,1.334,1.2375,31.64K,5.46%
04/19/2016,1.2632,1.2434,1.2813,1.232,36.02K,2.21%
04/18/2016,1.2359,1.1874,1.2548,1.1704,54.20K,0.30%
04/15/2016,1.2322,1.2562,1.2616,1.2046,59.80K,-1.76%
04/14/2016,1.2543,1.266,1.2818,1.2491,42.62K,-0.89%
04/13/2016,1.2656,1.2712,1.2907,1.261,64.59K,-0.81%
04/12/2016,1.2759,1.2147,1.2846,1.2093,63.74K,5.04%
04/11/2016,1.2147,1.197,1.2271,1.1844,58.06K,1.19%
04/08/2016,1.2004,1.1334,1.2075,1.1308,76.16K,6.64%
04/07/2016,1.1257,1.1425,1.1572,1.1054,59.84K,-1.28%
04/06/2016,1.1403,1.0839,1.145,1.0823,67.09K,6.11%
04/05/2016,1.0746,1.0861,1.0879,1.0668,49.62K,-1.31%
04/04/2016,1.0889,1.1323,1.1393,1.0843,58.07K,-3.78%
04/01/2016,1.1317,1.1863,1.1924,1.1292,58.81K,-4.48%
03/31/2016,1.1848,1.16,1.1905,1.1547,6.80K,2.16%
03/30/2016,1.1597,1.1685,1.2012,1.1563,22.25K,0.36%
03/29/2016,1.1555,1.1797,1.1839,1.14,20.19K,-2.08%
03/28/2016,1.1801,1.1955,1.2125,1.1688,25.08K,-1.49%
03/24/2016,1.1979,1.2058,1.2125,1.1752,32.83K,-0.51%
03/23/2016,1.204,1.2491,1.2492,1.2015,27.74K,-3.84%
03/22/2016,1.2521,1.2382,1.2606,1.2274,25.81K,1.19%
03/21/2016,1.2374,1.2465,1.2559,1.2201,32.96K,-0.14%
03/18/2016,1.2391,1.2541,1.2762,1.2365,42.51K,-1.23%
03/17/2016,1.2545,1.2295,1.258,1.2276,33.93K,1.89%
03/16/2016,1.2312,1.1867,1.234,1.1779,43.02K,4.54%
03/15/2016,1.1777,1.2012,1.2033,1.1616,37.09K,-1.57%
03/14/2016,1.1965,1.2164,1.2216,1.1715,46.25K,-1.77%
03/11/2016,1.218,1.2219,1.2411,1.2142,42.66K,0.16%
03/10/2016,1.2161,1.228,1.2316,1.2096,47.63K,-1.35%
03/09/2016,1.2327,1.1996,1.2399,1.1995,53.85K,2.72%
03/08/2016,1.2,1.2236,1.2425,1.1946,57.39K,-1.84%
03/07/2016,1.2225,1.1676,1.2273,1.1597,61.72K,5.27%
03/04/2016,1.1613,1.1217,1.1665,1.1137,53.94K,3.67%
03/03/2016,1.1202,1.1098,1.13,1.0992,55.58K,1.24%
03/02/2016,1.1065,1.0921,1.125,1.0866,55.49K,0.64%
03/01/2016,1.0995,1.097,1.118,1.0843,46.53K,2.18%
02/29/2016,1.076,1.0565,1.0926,1.045,7.36K,2.36%
02/26/2016,1.0512,1.062,1.1107,1.0477,20.52K,-1.76%
02/25/2016,1.07,1.0535,1.0794,1.025,21.16K,1.00%
02/24/2016,1.0594,1.0175,1.0624,1.0005,30.54K,3.65%
02/23/2016,1.0221,1.0542,1.0694,1.0117,28.40K,-3.13%
02/22/2016,1.0551,1.0316,1.0759,1.0246,33.05K,2.89%
02/19/2016,1.0255,1.0775,1.0822,1.0217,33.39K,-4.98%
02/18/2016,1.0792,1.0992,1.1155,1.07,39.25K,-0.80%
02/17/2016,1.0879,1.032,1.0995,1.0155,53.08K,5.93%
02/16/2016,1.027,1.0577,1.1145,1.0227,69.41K,-3.93%
02/15/2016,1.069,1.0585,1.0791,1.0547,,1.04%
02/14/2016,1.058,1.0571,1.0596,1.0528,,-1.06%
02/12/2016,1.0693,1.0049,1.0739,1.0044,62.34K,9.21%
02/11/2016,0.9791,0.9773,1.0146,0.961,58.51K,0.43%
02/10/2016,0.9749,0.9891,1.0035,0.9672,60.44K,0.00%
02/09/2016,0.9749,1.051,1.0581,0.972,70.59K,-6.83%
02/08/2016,1.0464,1.0619,1.0806,1.0409,61.57K,-1.19%
02/05/2016,1.059,1.0772,1.0873,1.0542,59.56K,-1.99%
02/04/2016,1.0805,1.095,1.1181,1.0622,68.92K,0.18%
02/03/2016,1.0786,1.0065,1.0944,1.0025,63.49K,6.70%
02/02/2016,1.0109,1.0405,1.0462,0.9859,64.27K,-2.47%
02/01/2016,1.0365,1.0836,1.0865,1.0246,64.11K,-1.76%
01/29/2016,1.0551,1.0477,1.0657,1.0279,6.46K,2.35%
01/28/2016,1.0309,1.022,1.0956,1.0142,23.47K,0.56%
01/27/2016,1.0252,0.9551,1.0309,0.9521,19.02K,5.94%
01/26/2016,0.9677,0.9253,0.9903,0.9026,27.46K,3.46%
01/25/2016,0.9353,1,1.014,0.9236,30.07K,-6.07%
01/22/2016,0.9957,0.9095,1,0.9018,31.24K,10.94%
01/21/2016,0.8975,0.8657,0.9267,0.8487,29.76K,3.67%
01/20/2016,0.8657,0.9047,0.9152,0.8538,49.79K,-4.73%
01/19/2016,0.9087,0.9324,0.9553,0.9055,60.20K,-1.38%
01/18/2016,0.9214,0.9186,0.9454,0.9084,,0.35%
01/17/2016,0.9182,0.9278,0.9278,0.9088,,-1.72%
01/15/2016,0.9343,0.9869,0.987,0.9328,68.11K,-4.74%
01/14/2016,0.9808,0.966,0.99,0.9537,56.76K,1.18%
01/13/2016,0.9694,0.988,1.0061,0.9597,55.59K,-2.09%
01/12/2016,0.9901,1.008,1.0373,0.9837,63.37K,-2.44%
01/11/2016,1.0149,1.0478,1.053,1.0066,66.65K,-3.54%
01/08/2016,1.0521,1.0669,1.0853,1.0347,68.15K,-1.27%
01/07/2016,1.0656,1.0907,1.1005,1.0454,70.90K,-1.40%
01/06/2016,1.0807,1.1309,1.1393,1.072,75.10K,-3.96%
01/05/2016,1.1253,1.1346,1.1481,1.1191,63.05K,-0.10%
01/04/2016,1.1264,1.1375,1.1827,1.1125,66.47K,2.33%
12/31/2015,1.1007,1.08,1.1247,1.0704,48.63K,2.00%
12/30/2015,1.0791,1.1186,1.1245,1.0779,15.63K,-4.46%
12/29/2015,1.1295,1.086,1.1388,1.0854,20.07K,3.59%
12/28/2015,1.0904,1.1009,1.116,1.082,17.64K,-0.95%
12/24/2015,1.1009,1.1308,1.135,1.095,16.36K,-1.64%
12/23/2015,1.1192,1.0914,1.1348,1.09,25.76K,2.91%
12/22/2015,1.0876,1.0967,1.1134,1.084,34.42K,-1.16%
12/21/2015,1.1004,1.1055,1.1126,1.0813,30.86K,-0.61%
12/18/2015,1.1071,1.1065,1.1448,1.0911,51.25K,0.16%
12/17/2015,1.1053,1.1204,1.1384,1.0995,46.04K,-0.62%
12/16/2015,1.1122,1.1379,1.1596,1.1066,71.47K,-3.01%
12/15/2015,1.1467,1.1211,1.1914,1.1124,68.59K,1.68%
12/14/2015,1.1277,1.145,1.1585,1.0874,81.50K,-1.56%
12/11/2015,1.1456,1.2155,1.2179,1.1367,94.66K,-6.49%
12/10/2015,1.2251,1.2475,1.2544,1.214,65.68K,-1.11%
12/09/2015,1.2389,1.2557,1.2749,1.2277,62.40K,-1.61%
12/08/2015,1.2592,1.2802,1.2893,1.2462,60.13K,-1.59%
12/07/2015,1.2796,1.3494,1.3512,1.2759,74.86K,-4.68%
12/04/2015,1.3424,1.369,1.3839,1.3279,57.16K,-1.19%
12/03/2015,1.3586,1.3149,1.3924,1.3149,88.46K,4.12%
12/02/2015,1.3049,1.3605,1.3741,1.3033,91.03K,-4.68%
12/01/2015,1.369,1.3613,1.3898,1.3516,79.94K,2.40%
11/30/2015,1.3369,1.356,1.3869,1.3217,6.88K,-1.15%
11/27/2015,1.3524,1.4027,1.403,1.35,12.08K,-1.89%
11/26/2015,1.3785,1.4037,1.4053,1.3658,,-1.73%
11/25/2015,1.4027,1.3967,1.4079,1.3743,23.69K,0.21%
11/24/2015,1.3997,1.3801,1.4131,1.3774,31.11K,1.85%
11/23/2015,1.3743,1.3651,1.4041,1.3454,33.56K,0.22%
11/20/2015,1.3713,1.3775,1.3965,1.3624,37.12K,-0.04%
11/19/2015,1.3718,1.3807,1.3971,1.3688,38.13K,-0.62%
11/18/2015,1.3804,1.3814,1.4028,1.3632,41.32K,0.90%
11/17/2015,1.3681,1.3926,1.405,1.3663,56.92K,-1.23%
11/16/2015,1.3851,1.3865,1.3989,1.3508,52.05K,0.28%
11/13/2015,1.3813,1.4069,1.4279,1.3773,53.96K,-1.80%
11/12/2015,1.4066,1.4521,1.465,1.4057,69.55K,-2.84%
11/11/2015,1.4477,1.4776,1.4986,1.4435,55.67K,-2.61%
11/10/2015,1.4865,1.4795,1.5011,1.4682,50.69K,0.62%
11/09/2015,1.4774,1.4958,1.522,1.4745,65.69K,-0.82%
11/06/2015,1.4896,1.4891,1.5121,1.4812,65.46K,0.16%
11/05/2015,1.4872,1.5187,1.5196,1.4857,55.31K,-1.08%
11/04/2015,1.5035,1.5678,1.5816,1.5019,75.79K,-3.99%
11/03/2015,1.566,1.5092,1.5796,1.5037,82.22K,3.92%
11/02/2015,1.5069,1.5129,1.5271,1.4951,47.60K,0.50%
10/30/2015,1.4994,1.4675,1.5071,1.4675,55.90K,1.67%
10/29/2015,1.4748,1.483,1.4956,1.4677,16.28K,-0.61%
10/28/2015,1.4839,1.43,1.4971,1.4232,20.67K,4.18%
10/27/2015,1.4244,1.4272,1.4346,1.4079,29.41K,-0.11%
10/26/2015,1.4259,1.4562,1.4594,1.4235,30.18K,-1.96%
10/23/2015,1.4544,1.4764,1.491,1.45,36.84K,-0.72%
10/22/2015,1.465,1.452,1.48,1.4506,28.43K,1.03%
10/21/2015,1.45,1.4427,1.4618,1.4295,32.22K,0.09%
10/20/2015,1.4487,1.4579,1.4628,1.4311,32.58K,-0.03%
10/19/2015,1.4491,1.4953,1.5024,1.4481,41.52K,-3.17%
10/16/2015,1.4966,1.4956,1.5044,1.4726,37.34K,0.69%
10/15/2015,1.4863,1.4796,1.4989,1.4492,59.40K,0.20%
10/14/2015,1.4833,1.4766,1.4937,1.4681,47.84K,0.85%
10/13/2015,1.4708,1.5156,1.5215,1.4685,78.51K,-2.10%
10/12/2015,1.5024,1.5907,1.608,1.5005,78.23K,-5.56%
10/09/2015,1.5909,1.607,1.6379,1.5789,66.74K,-0.68%
10/08/2015,1.6018,1.5911,1.6139,1.5697,57.19K,1.41%
10/07/2015,1.5796,1.6191,1.6344,1.5774,66.80K,-1.98%
10/06/2015,1.6115,1.5482,1.6189,1.5384,60.36K,4.08%
10/05/2015,1.5483,1.5243,1.5682,1.5131,50.81K,1.87%
10/02/2015,1.5199,1.527,1.5418,1.4908,62.71K,0.01%
10/01/2015,1.5198,1.5395,1.5817,1.5179,75.47K,0.48%
09/30/2015,1.5126,1.5001,1.5193,1.4949,6.30K,1.00%
09/29/2015,1.4976,1.4775,1.516,1.4762,19.43K,1.38%
09/28/2015,1.4772,1.5157,1.5168,1.4742,24.59K,-2.98%
09/25/2015,1.5225,1.5282,1.5457,1.5046,27.74K,-0.08%
09/24/2015,1.5237,1.5156,1.5302,1.5014,19.59K,1.20%
09/23/2015,1.5056,1.5344,1.578,1.5034,30.78K,-1.72%
09/22/2015,1.532,1.5092,1.5364,1.4802,36.78K,1.19%
09/21/2015,1.514,1.4921,1.5242,1.4891,35.53K,1.56%
09/18/2015,1.4907,1.5373,1.5494,1.4838,47.49K,-2.55%
09/17/2015,1.5297,1.5572,1.5572,1.5111,43.68K,-0.76%
09/16/2015,1.5414,1.5041,1.5638,1.4957,52.04K,2.76%
09/15/2015,1.5,1.511,1.516,1.4889,47.69K,-0.23%
09/14/2015,1.5035,1.5464,1.5531,1.5012,48.00K,-3.00%
09/11/2015,1.55,1.5694,1.5804,1.5259,52.89K,-1.57%
09/10/2015,1.5747,1.5402,1.5779,1.5226,51.87K,2.35%
09/09/2015,1.5386,1.5933,1.6043,1.5362,64.32K,-3.46%
09/08/2015,1.5938,1.5928,1.6041,1.5523,59.46K,1.74%
09/07/2015,1.5666,1.5885,1.5936,1.553,,-1.38%
09/06/2015,1.5885,1.5889,1.5916,1.5874,,-0.47%
09/04/2015,1.596,1.6165,1.6298,1.5874,52.54K,-1.41%
09/03/2015,1.6188,1.6092,1.6643,1.5926,56.86K,0.60%
09/02/2015,1.6092,1.5594,1.6222,1.5419,64.87K,1.98%
09/01/2015,1.5779,1.6722,1.6762,1.5528,80.26K,-5.72%
08/31/2015,1.6736,1.564,1.6865,1.5326,6.73K,6.17%
08/28/2015,1.5764,1.5045,1.5997,1.48,22.93K,5.37%
08/27/2015,1.496,1.3973,1.5029,1.3971,24.34K,8.34%
08/26/2015,1.3809,1.4017,1.4053,1.3745,31.36K,-1.02%
08/25/2015,1.3952,1.3996,1.441,1.3869,31.43K,0.17%
08/24/2015,1.3929,1.46,1.4653,1.3845,34.67K,-4.75%
08/21/2015,1.4624,1.489,1.4949,1.4507,27.68K,-2.22%
08/20/2015,1.4956,1.5085,1.5203,1.486,31.01K,-1.48%
08/19/2015,1.518,1.5525,1.5641,1.5039,51.57K,-2.60%
08/18/2015,1.5586,1.5481,1.5645,1.5375,40.91K,0.24%
08/17/2015,1.5548,1.5497,1.5741,1.5381,47.25K,-0.20%
08/14/2015,1.5579,1.5705,1.5745,1.5306,44.42K,-0.69%
08/13/2015,1.5687,1.5939,1.6031,1.5593,51.81K,-1.15%
08/12/2015,1.5869,1.5602,1.5978,1.5511,67.21K,1.54%
08/11/2015,1.5629,1.584,1.6051,1.543,61.60K,-1.83%
08/10/2015,1.5921,1.5436,1.6007,1.5361,67.68K,3.14%
08/07/2015,1.5436,1.5544,1.5595,1.5322,64.41K,-0.41%
08/06/2015,1.5499,1.5406,1.5558,1.5276,63.49K,0.74%
08/05/2015,1.5385,1.5547,1.5693,1.5212,49.92K,-0.58%
08/04/2015,1.5475,1.5358,1.5616,1.534,51.26K,1.11%
08/03/2015,1.5305,1.5785,1.5863,1.5283,58.61K,-3.38%
07/31/2015,1.584,1.5955,1.6075,1.5739,55.94K,-0.89%
07/30/2015,1.5982,1.5985,1.6214,1.5949,11.82K,-0.01%
07/29/2015,1.5983,1.5906,1.6214,1.5797,14.52K,-0.38%
07/28/2015,1.6044,1.581,1.6244,1.5699,21.28K,0.55%
07/27/2015,1.5956,1.6241,1.634,1.5839,21.90K,-2.12%
07/24/2015,1.6302,1.6613,1.6637,1.6275,25.57K,-1.47%
07/23/2015,1.6546,1.6649,1.6805,1.6491,25.18K,-1.02%
07/22/2015,1.6717,1.6784,1.6864,1.6622,30.85K,-0.40%
07/21/2015,1.6784,1.6529,1.6841,1.6468,36.01K,1.21%
07/20/2015,1.6584,1.6589,1.6727,1.6422,41.65K,-0.34%
07/17/2015,1.6641,1.666,1.6807,1.6538,44.96K,-0.13%
07/16/2015,1.6662,1.6764,1.6849,1.6645,53.18K,-0.19%
07/15/2015,1.6693,1.7275,1.7316,1.6644,60.18K,-4.16%
07/14/2015,1.7417,1.7344,1.749,1.7007,29.50K,0.43%
07/13/2015,1.7343,1.7465,1.7611,1.6941,28.96K,-1.20%
07/10/2015,1.7553,1.7484,1.7764,1.736,29.49K,0.15%
07/09/2015,1.7527,1.7395,1.775,1.7323,30.69K,1.29%
07/08/2015,1.7303,1.7354,1.7467,1.704,34.59K,0.10%
07/07/2015,1.7286,1.7359,1.7531,1.6888,35.27K,0.17%
07/06/2015,1.7256,1.8516,1.8574,1.7216,27.55K,-4.11%
07/03/2015,1.7996,1.8343,1.8416,1.7956,,-3.03%
07/02/2015,1.8558,1.8572,1.8895,1.8482,22.40K,0.06%
07/01/2015,1.8546,1.8904,1.895,1.8472,25.57K,-1.87%
06/30/2015,1.8899,1.8449,1.9033,1.8386,57.77K,2.51%
06/29/2015,1.8436,1.8602,1.8755,1.8227,65.12K,-1.39%
06/26/2015,1.8696,1.8727,1.8844,1.8549,38.68K,0.05%
06/25/2015,1.8687,1.8855,1.897,1.8593,43.67K,-0.76%
06/24/2015,1.8831,1.931,1.9374,1.8702,66.46K,-1.86%
06/23/2015,1.9188,1.8725,1.9333,1.8684,72.36K,2.27%
06/22/2015,1.8762,1.8737,1.8896,1.8479,41.21K,0.15%
06/19/2015,1.8734,1.9214,1.9251,1.8597,44.92K,-2.47%
06/18/2015,1.9208,1.9175,1.938,1.9042,26.45K,0.31%
06/17/2015,1.9148,1.8908,1.9548,1.8762,45.68K,1.23%
06/16/2015,1.8915,1.8755,1.8958,1.869,29.78K,0.66%
06/15/2015,1.8791,1.893,1.8973,1.864,27.31K,-0.97%
06/12/2015,1.8976,1.9237,1.9265,1.8935,25.24K,-1.64%
06/11/2015,1.9292,1.9437,1.96,1.9175,29.49K,-1.24%
06/10/2015,1.9535,1.9328,1.9615,1.9269,33.47K,1.41%
06/09/2015,1.9264,1.8643,1.9367,1.8643,29.50K,3.33%
06/08/2015,1.8643,1.8723,1.8759,1.8592,23.57K,-0.78%
06/05/2015,1.8789,1.85,1.8821,1.8281,30.18K,1.44%
06/04/2015,1.8523,1.8992,1.9039,1.8484,28.14K,-2.56%
06/03/2015,1.901,1.9509,1.953,1.8929,26.59K,-2.72%
06/02/2015,1.9541,1.9304,1.9599,1.9285,20.17K,0.99%
06/01/2015,1.9349,1.9575,1.9629,1.9254,18.78K,-0.76%
05/29/2015,1.9497,1.8799,1.9631,1.8768,79.49K,4.08%
05/28/2015,1.8732,1.8621,1.8829,1.8455,62.38K,0.69%
05/27/2015,1.8603,1.9093,1.9208,1.8578,59.33K,-2.31%
05/26/2015,1.9042,1.963,1.9837,1.9002,55.19K,-2.64%
05/25/2015,1.9558,1.9633,1.9836,1.9393,,-0.37%
05/24/2015,1.963,1.9604,1.9632,1.9574,,0.29%
05/22/2015,1.9573,1.9894,1.9894,1.9519,44.68K,-1.64%
05/21/2015,1.9899,1.946,1.9998,1.9428,49.53K,2.05%
05/20/2015,1.9499,1.938,1.96,1.9324,57.61K,0.96%
05/19/2015,1.9314,1.9893,1.9952,1.9268,48.62K,-2.92%
05/18/2015,1.9895,2.008,2.0311,1.9841,28.20K,-0.91%
05/15/2015,2.0078,2.0087,2.0176,1.9685,29.21K,-0.02%
05/14/2015,2.0083,2.0026,2.0319,1.9896,36.71K,-0.01%
05/13/2015,2.0086,2.0143,2.0329,2,26.86K,0.31%
05/12/2015,2.0023,1.949,2.016,1.9462,38.88K,2.64%
05/11/2015,1.9508,1.9603,1.9731,1.9374,22.03K,-0.48%
05/08/2015,1.9603,1.9704,1.981,1.9342,27.04K,-0.37%
05/07/2015,1.9676,2.0178,2.0354,1.9591,32.38K,-2.68%
05/06/2015,2.0218,2.023,2.0622,2.0074,27.56K,0.09%
05/05/2015,2.0199,1.9862,2.0439,1.9804,21.98K,1.72%
05/04/2015,1.9857,1.988,1.9998,1.9716,17.06K,-0.12%
05/01/2015,1.988,1.9872,1.9941,1.961,22.84K,0.38%
04/30/2015,1.9805,1.9471,1.9856,1.9403,55.00K,1.48%
04/29/2015,1.9516,1.9167,1.9705,1.9056,53.42K,1.62%
04/28/2015,1.9204,1.924,1.9425,1.905,39.71K,-0.23%
04/27/2015,1.9249,1.9377,1.9404,1.9111,34.94K,-0.38%
04/24/2015,1.9323,1.927,1.9427,1.9171,41.40K,0.29%
04/23/2015,1.9268,1.8725,1.9475,1.8615,59.67K,2.87%
04/22/2015,1.8731,1.8549,1.8846,1.841,38.76K,0.88%
04/21/2015,1.8567,1.8891,1.8891,1.8473,41.22K,-1.33%
04/20/2015,1.8818,1.9033,1.907,1.8499,35.33K,-0.24%
04/17/2015,1.8864,1.9085,1.9165,1.8792,30.71K,-1.26%
04/16/2015,1.9105,1.8838,1.929,1.8633,35.67K,1.00%
04/15/2015,1.8916,1.8101,1.8948,1.8101,46.32K,4.83%
04/14/2015,1.8045,1.7895,1.8231,1.7851,57.80K,1.10%
04/13/2015,1.7848,1.7735,1.818,1.7713,63.05K,0.78%
04/10/2015,1.771,1.7379,1.7789,1.724,48.55K,2.15%
04/09/2015,1.7338,1.7251,1.7727,1.7154,35.64K,1.59%
04/08/2015,1.7067,1.7786,1.7807,1.7045,34.79K,-4.80%
04/07/2015,1.7928,1.7782,1.7976,1.7486,23.60K,1.14%
04/06/2015,1.7726,1.6913,1.7839,1.6912,17.97K,4.75%
04/03/2015,1.6922,1.6922,1.6922,1.6922,,0.00%
04/02/2015,1.6922,1.7447,1.7586,1.6749,28.24K,-3.65%
04/01/2015,1.7563,1.7195,1.7747,1.7052,33.89K,2.83%
03/31/2015,1.708,1.7282,1.7304,1.6932,56.56K,-1.16%
03/30/2015,1.7281,1.7236,1.7367,1.7026,48.93K,0.38%
03/27/2015,1.7216,1.7779,1.7867,1.7145,54.96K,-3.58%
03/26/2015,1.7856,1.7203,1.7996,1.7155,58.66K,3.66%
03/25/2015,1.7226,1.702,1.7381,1.6874,53.62K,1.29%
03/24/2015,1.7007,1.7195,1.7452,1.6906,55.44K,-1.01%
03/23/2015,1.718,1.7089,1.7388,1.6869,46.68K,0.12%
03/20/2015,1.716,1.7026,1.7241,1.6761,33.13K,0.78%
03/19/2015,1.7027,1.7544,1.7557,1.6875,43.56K,-2.61%
03/18/2015,1.7483,1.6691,1.7688,1.66,39.47K,4.37%
03/17/2015,1.6751,1.6821,1.6907,1.6501,34.78K,-0.33%
03/16/2015,1.6807,1.6914,1.6997,1.649,33.27K,-0.94%
03/13/2015,1.6966,1.76,1.7658,1.6908,30.62K,-3.62%
03/12/2015,1.7604,1.805,1.8164,1.7451,50.01K,-1.73%
03/11/2015,1.7914,1.774,1.8039,1.7608,45.21K,0.70%
03/10/2015,1.779,1.8199,1.8236,1.7669,38.30K,-2.22%
03/09/2015,1.8193,1.8403,1.8569,1.8154,32.79K,-1.47%
03/06/2015,1.8464,1.8643,1.8808,1.8345,32.24K,-0.66%
03/05/2015,1.8586,1.8763,1.8913,1.8531,36.88K,-1.06%
03/04/2015,1.8786,1.902,1.902,1.8551,44.45K,-1.45%
03/03/2015,1.9063,1.8694,1.9194,1.8619,34.61K,2.63%
03/02/2015,1.8574,1.9249,1.9336,1.8522,30.71K,-5.89%
02/27/2015,1.9737,1.907,1.9786,1.9029,64.46K,4.25%
02/26/2015,1.8933,1.9695,1.9695,1.8824,57.68K,-2.44%
02/25/2015,1.9407,1.865,1.9465,1.8591,51.46K,3.54%
02/24/2015,1.8744,1.8982,1.9065,1.8631,57.67K,-0.95%
02/23/2015,1.8923,1.912,1.9331,1.8773,72.33K,-0.93%
02/20/2015,1.9101,1.8805,1.9325,1.8761,103.38K,1.35%
02/19/2015,1.8846,1.8614,1.9,1.8258,76.08K,-0.05%
02/18/2015,1.8856,1.9115,1.9165,1.852,67.39K,-1.82%
02/17/2015,1.9205,1.9283,1.9416,1.8791,54.29K,-3.50%
02/16/2015,1.9901,1.9866,2.0032,1.9644,,0.18%
02/15/2015,1.9866,1.9766,1.9944,1.9766,,3.38%
02/13/2015,1.9217,1.8833,1.9271,1.8707,68.96K,2.52%
02/12/2015,1.8745,1.7966,1.8874,1.7874,68.76K,5.03%
02/11/2015,1.7848,1.8234,1.8254,1.7603,47.75K,-1.28%
02/10/2015,1.8079,1.8438,1.847,1.7976,43.43K,-2.13%
02/09/2015,1.8472,1.8189,1.8734,1.8047,40.61K,1.86%
02/06/2015,1.8135,1.7952,1.8397,1.7832,42.07K,1.86%
02/05/2015,1.7803,1.7528,1.8117,1.7132,37.64K,2.43%
02/04/2015,1.7381,1.8163,1.8242,1.7197,34.74K,-4.49%
02/03/2015,1.8199,1.745,1.8472,1.7414,32.44K,4.92%
02/02/2015,1.7345,1.6769,1.7506,1.6514,31.30K,1.98%
01/30/2015,1.7008,1.605,1.7037,1.5898,71.42K,5.99%
01/29/2015,1.6047,1.6027,1.6215,1.5953,65.62K,-0.29%
01/28/2015,1.6093,1.6335,1.6338,1.6011,58.21K,-1.88%
01/27/2015,1.6402,1.6116,1.6445,1.5988,47.86K,1.60%
01/26/2015,1.6143,1.6146,1.6491,1.5991,62.29K,-0.42%
01/23/2015,1.6211,1.6129,1.6455,1.6125,45.25K,0.66%
01/22/2015,1.6104,1.6087,1.6565,1.6023,64.60K,-0.42%
01/21/2015,1.6172,1.5997,1.6268,1.59,58.74K,1.68%
01/20/2015,1.5905,1.6363,1.6374,1.5865,56.26K,-3.36%
01/19/2015,1.6458,1.6591,1.6688,1.64,,-0.78%
01/18/2015,1.6588,1.664,1.6649,1.6569,,1.36%
01/16/2015,1.6365,1.5935,1.6404,1.5807,42.87K,2.69%
01/15/2015,1.5936,1.6258,1.6903,1.5878,39.69K,-2.35%
01/14/2015,1.632,1.5948,1.6408,1.5623,49.89K,1.91%
01/13/2015,1.6014,1.6119,1.6166,1.5661,54.93K,-0.78%
01/12/2015,1.614,1.6661,1.6682,1.6055,40.08K,-3.28%
01/09/2015,1.6688,1.6872,1.7003,1.6393,46.49K,-0.65%
01/08/2015,1.6798,1.6755,1.6926,1.6474,48.61K,0.26%
01/07/2015,1.6755,1.6784,1.6966,1.6486,43.74K,-1.12%
01/06/2015,1.6944,1.7307,1.7387,1.6772,44.84K,-2.02%
01/05/2015,1.7294,1.7831,1.7831,1.7189,34.71K,-3.01%
01/02/2015,1.7831,1.8317,1.8609,1.774,16.78K,-4.67%
01/01/2015,1.8704,1.8506,1.8784,1.8446,,2.01%
12/31/2014,1.8336,1.8368,1.8554,1.7926,38.43K,-0.43%
12/30/2014,1.8416,1.8262,1.8523,1.8054,42.92K,1.10%
12/29/2014,1.8216,1.8934,1.9112,1.8192,45.31K,-3.32%
12/26/2014,1.8842,1.8901,1.9091,1.8716,22.16K,-2.21%
12/25/2014,1.9268,1.9242,1.9293,1.9184,,2.01%
12/24/2014,1.8889,1.9448,1.9538,1.8814,34.49K,-3.22%
12/23/2014,1.9517,1.8989,1.9653,1.8982,38.13K,2.03%
12/22/2014,1.9129,1.9304,1.9601,1.8972,43.41K,-0.74%
12/19/2014,1.9272,1.9037,1.957,1.8864,54.92K,2.11%
12/18/2014,1.8873,1.9275,1.9919,1.884,50.28K,-2.75%
12/17/2014,1.9406,1.896,1.9904,1.876,45.06K,1.96%
12/16/2014,1.9033,1.92,1.9295,1.8676,39.21K,-1.51%
12/15/2014,1.9324,1.96,2.0038,1.9109,56.34K,-1.53%
12/12/2014,1.9625,1.9963,2.0089,1.9569,43.78K,-2.30%
12/11/2014,2.0088,2.02,2.0362,1.9976,70.69K,-0.04%
12/10/2014,2.0097,2.0525,2.0525,1.9908,63.86K,-2.59%
12/09/2014,2.0631,2.0363,2.0649,2.0215,37.27K,1.07%
12/08/2014,2.0412,2.0891,2.0892,2.033,35.97K,-2.77%
12/05/2014,2.0993,2.1095,2.121,2.0873,32.63K,-0.61%
12/04/2014,2.1121,2.1223,2.1417,2.105,22.94K,-0.77%
12/03/2014,2.1284,2.158,2.166,2.1178,30.77K,-0.90%
12/02/2014,2.1477,2.2105,2.2105,2.1431,40.43K,-2.34%
12/01/2014,2.1991,2.1525,2.2117,2.0946,22.82K,1.75%
11/28/2014,2.1612,2.3257,2.3262,2.152,57.33K,-2.67%
11/27/2014,2.2206,2.3258,2.3258,2.1869,,-4.66%
11/26/2014,2.3291,2.3486,2.3652,2.3251,63.82K,-0.79%
11/25/2014,2.3477,2.3654,2.3958,2.3361,67.13K,-0.81%
11/24/2014,2.3668,2.3779,2.3896,2.3568,50.35K,-0.61%
11/21/2014,2.3813,2.3709,2.4203,2.353,82.87K,0.77%
11/20/2014,2.363,2.3431,2.3781,2.3307,52.84K,0.93%
11/19/2014,2.3412,2.3675,2.3935,2.3396,58.30K,-0.91%
11/18/2014,2.3626,2.3732,2.3898,2.3544,49.29K,-0.68%
11/17/2014,2.3788,2.3896,2.3937,2.3481,39.74K,-0.26%
11/14/2014,2.3851,2.3503,2.394,2.3263,69.19K,1.84%
11/13/2014,2.3421,2.4218,2.4265,2.3379,62.98K,-3.67%
11/12/2014,2.4314,2.4399,2.4629,2.4148,47.84K,-1.00%
11/11/2014,2.4559,2.4473,2.46,2.421,34.97K,-0.06%
11/10/2014,2.4573,2.4969,2.5343,2.4477,43.87K,-1.29%
11/07/2014,2.4893,2.4489,2.4963,2.436,46.82K,1.59%
11/06/2014,2.4503,2.4395,2.4548,2.4176,33.71K,0.60%
11/05/2014,2.4356,2.4361,2.4788,2.4117,31.58K,-0.14%
11/04/2014,2.4391,2.4727,2.4795,2.4256,33.29K,-1.84%
11/03/2014,2.4847,2.51,2.5279,2.47,26.36K,-1.04%
10/31/2014,2.5109,2.4991,2.5212,2.4601,64.80K,0.24%
10/30/2014,2.505,2.5184,2.522,2.4907,64.80K,-0.73%
10/29/2014,2.5235,2.4829,2.5428,2.4826,82.01K,1.73%
10/28/2014,2.4807,2.457,2.4917,2.4489,47.45K,0.72%
10/27/2014,2.4629,2.4691,2.4723,2.4323,47.04K,-0.19%
10/24/2014,2.4676,2.4812,2.4836,2.4419,58.68K,-0.76%
10/23/2014,2.4864,2.4578,2.4954,2.441,69.54K,1.11%
10/22/2014,2.4592,2.4967,2.5149,2.4512,80.88K,-1.50%
10/21/2014,2.4967,2.4636,2.5046,2.4636,52.05K,0.96%
10/20/2014,2.4729,2.4985,2.4985,2.456,47.37K,-0.68%
10/17/2014,2.4899,2.4788,2.4995,2.4582,40.66K,1.06%
10/16/2014,2.4639,2.441,2.5172,2.4156,52.52K,0.44%
10/15/2014,2.4532,2.4835,2.4835,2.428,48.48K,-0.63%
10/14/2014,2.4688,2.5509,2.5517,2.4563,51.50K,-3.41%
10/13/2014,2.556,2.567,2.567,2.521,30.02K,-0.19%
10/10/2014,2.5609,2.5263,2.5695,2.5065,47.76K,0.81%
10/09/2014,2.5403,2.5868,2.5901,2.5119,36.67K,-1.55%
10/08/2014,2.5803,2.6082,2.6083,2.5698,30.00K,-1.20%
10/07/2014,2.6117,2.6265,2.6297,2.5944,24.32K,-0.51%
10/06/2014,2.625,2.6129,2.6358,2.5959,26.43K,0.18%
10/03/2014,2.6202,2.652,2.6579,2.598,25.57K,-0.81%
10/02/2014,2.6417,2.6659,2.669,2.6079,32.08K,-0.69%
10/01/2014,2.6601,2.6658,2.7004,2.6504,37.40K,0.36%
09/30/2014,2.6505,2.7022,2.7202,2.6378,59.76K,-2.13%
09/29/2014,2.7082,2.7009,2.7154,2.6832,47.22K,0.21%
09/26/2014,2.7024,2.7001,2.7173,2.689,48.04K,0.12%
09/25/2014,2.6992,2.6932,2.712,2.6814,48.96K,0.23%
09/24/2014,2.693,2.6828,2.701,2.6605,51.76K,0.16%
09/23/2014,2.6886,2.6925,2.7038,2.6804,42.68K,-0.16%
09/22/2014,2.6929,2.7191,2.7214,2.6814,44.27K,-1.10%
09/19/2014,2.7228,2.7191,2.7336,2.711,35.86K,0.11%
09/18/2014,2.7198,2.7482,2.7484,2.7093,32.71K,-1.18%
09/17/2014,2.7524,2.7587,2.7706,2.7453,18.81K,-0.39%
09/16/2014,2.7632,2.7478,2.7721,2.733,24.27K,0.63%
09/15/2014,2.746,2.7425,2.761,2.7324,22.15K,-0.07%
09/12/2014,2.748,2.7635,2.7795,2.7442,22.92K,-0.57%
09/11/2014,2.7638,2.7657,2.7715,2.7308,33.13K,0.06%
09/10/2014,2.7622,2.8001,2.8043,2.7527,37.44K,-1.29%
09/09/2014,2.7984,2.8165,2.8207,2.7946,22.95K,-0.63%
09/08/2014,2.816,2.8285,2.8316,2.7953,24.42K,-0.34%
09/05/2014,2.8257,2.8495,2.8573,2.8101,16.03K,-0.59%
09/04/2014,2.8424,2.8649,2.8784,2.837,18.21K,-1.02%
09/03/2014,2.8716,2.806,2.8771,2.8055,21.18K,2.38%
09/02/2014,2.8049,2.8662,2.8691,2.8018,22.64K,-1.68%
09/01/2014,2.8529,2.859,2.8628,2.8423,,-0.25%
08/29/2014,2.8601,2.8525,2.8655,2.8492,48.41K,0.29%
08/28/2014,2.8518,2.861,2.8905,2.8475,60.29K,-0.45%
08/27/2014,2.8646,2.8454,2.8674,2.8404,43.75K,0.55%
08/26/2014,2.849,2.8418,2.8687,2.8413,40.82K,0.26%
08/25/2014,2.8417,2.8268,2.8513,2.8243,34.52K,0.26%
08/22/2014,2.8343,2.839,2.8569,2.8321,47.65K,-0.24%
08/21/2014,2.8411,2.8313,2.8467,2.8097,44.63K,0.35%
08/20/2014,2.8313,2.8226,2.8369,2.816,37.64K,0.31%
08/19/2014,2.8226,2.8175,2.8278,2.8122,33.07K,0.37%
08/18/2014,2.8122,2.8412,2.8516,2.808,24.85K,-1.47%
08/15/2014,2.8542,2.8338,2.8628,2.8212,26.00K,1.00%
08/14/2014,2.826,2.9044,2.9067,2.8215,40.16K,-2.79%
08/13/2014,2.907,2.861,2.9085,2.8472,35.14K,1.91%
08/12/2014,2.8524,2.8879,2.8944,2.8284,28.57K,-1.14%
08/11/2014,2.8854,2.8825,2.9084,2.874,25.34K,0.06%
08/08/2014,2.8838,2.9123,2.9228,2.8756,28.21K,-0.64%
08/07/2014,2.9024,2.8802,2.9127,2.8739,28.19K,0.70%
08/06/2014,2.8823,2.8595,2.8919,2.858,23.03K,0.94%
08/05/2014,2.8555,2.8777,2.8819,2.8405,21.82K,-0.86%
08/04/2014,2.8802,2.8748,2.8991,2.8709,20.48K,0.18%
08/01/2014,2.8751,2.8867,2.9069,2.8681,17.94K,-0.51%
07/31/2014,2.8899,2.889,2.9005,2.8687,62.33K,-0.24%
07/30/2014,2.8969,2.9119,2.9196,2.8803,51.48K,-0.56%
07/29/2014,2.9133,2.8992,2.9202,2.894,50.99K,0.59%
07/28/2014,2.8961,2.9236,2.9275,2.8856,53.70K,-0.94%
07/25/2014,2.9235,2.8837,2.9254,2.8779,71.09K,1.54%
07/24/2014,2.8792,2.8917,2.8942,2.874,53.98K,-0.23%
07/23/2014,2.8857,2.8585,2.895,2.8524,42.45K,0.77%
07/22/2014,2.8636,2.8708,2.889,2.855,43.64K,-0.26%
07/21/2014,2.8711,2.8593,2.8754,2.8548,29.05K,0.48%
07/18/2014,2.8574,2.8863,2.8878,2.854,25.51K,-0.52%
07/17/2014,2.8722,2.8702,2.887,2.8613,34.47K,0.07%
07/16/2014,2.8702,2.8687,2.8811,2.8623,27.78K,0.05%
07/15/2014,2.8687,2.8855,2.8855,2.8405,34.24K,-0.59%
07/14/2014,2.8856,2.88,2.8974,2.8707,27.73K,0.42%
07/11/2014,2.8734,2.91,2.91,2.863,28.48K,-1.13%
07/10/2014,2.9063,2.8846,2.9198,2.8768,27.28K,0.73%
07/09/2014,2.8852,2.8957,2.8957,2.8741,28.08K,-0.11%
07/08/2014,2.8884,2.9201,2.9237,2.8851,25.22K,-1.35%
07/07/2014,2.9278,2.9395,2.94,2.9164,19.71K,0.36%
07/04/2014,2.9172,2.925,2.9333,2.9167,,-0.90%
07/03/2014,2.9436,2.9527,2.954,2.9398,22.93K,-0.55%
07/02/2014,2.96,2.9828,2.9928,2.9526,25.17K,-1.01%
07/01/2014,2.9903,2.9848,2.9934,2.9767,30.42K,0.50%
06/30/2014,2.9753,3.002,3.0032,2.9725,58.36K,-0.94%
06/27/2014,3.0035,3.0198,3.0312,3.0012,53.05K,-0.50%
06/26/2014,3.0186,3.045,3.045,3.0156,45.64K,-0.57%
06/25/2014,3.0359,3.047,3.0583,3.0236,47.70K,-0.43%
06/24/2014,3.049,3.0439,3.0624,3.0316,46.21K,0.28%
06/23/2014,3.0405,3.062,3.0741,3.0296,43.68K,-0.59%
06/20/2014,3.0585,3.0579,3.0647,3.0479,39.36K,-0.05%
06/19/2014,3.0599,3.0473,3.0783,3.0429,43.63K,0.41%
06/18/2014,3.0473,3.0247,3.0539,3.0202,27.93K,0.71%
06/17/2014,3.0258,3.0029,3.0321,2.9849,26.21K,0.68%
06/16/2014,3.0054,3,3.0127,2.9904,24.93K,0.37%
06/13/2014,2.9943,2.9959,3.0302,2.9853,26.64K,-0.02%
06/12/2014,2.9948,2.9092,3.0017,2.908,33.96K,2.88%
06/11/2014,2.911,2.8933,2.914,2.8914,24.16K,0.69%
06/10/2014,2.8911,2.8974,2.9042,2.876,24.08K,-0.24%
06/09/2014,2.8981,2.8786,2.9089,2.8745,22.95K,0.71%
06/06/2014,2.8778,2.8946,2.8999,2.8692,19.31K,-0.29%
06/05/2014,2.8862,2.8595,2.8901,2.8538,20.88K,1.03%
06/04/2014,2.8568,2.8758,2.8863,2.8559,26.93K,-0.58%
06/03/2014,2.8735,2.885,2.8884,2.8678,26.13K,-0.36%
06/02/2014,2.8839,2.8936,2.9063,2.8811,17.50K,-0.15%
05/30/2014,2.8882,2.9239,2.925,2.8844,74.43K,-1.09%
05/29/2014,2.9199,2.936,2.9388,2.9182,50.07K,-0.36%
05/28/2014,2.9304,2.942,2.9498,2.9182,65.12K,-0.31%
05/27/2014,2.9394,2.9548,2.9681,2.9368,50.91K,-0.44%
05/26/2014,2.9524,2.9537,2.9547,2.9379,,-0.08%
05/23/2014,2.9549,2.9501,2.9628,2.949,39.35K,0.16%
05/22/2014,2.9501,2.9495,2.9628,2.9427,40.73K,-0.08%
05/21/2014,2.9526,2.9481,2.9627,2.936,48.14K,0.23%
05/20/2014,2.9459,2.9376,2.9547,2.9284,35.98K,0.31%
05/19/2014,2.9368,2.9493,2.967,2.9352,24.07K,-0.40%
05/16/2014,2.9486,2.947,2.9632,2.9427,29.26K,0.12%
05/15/2014,2.9452,2.9635,2.9648,2.9421,20.22K,-0.38%
05/14/2014,2.9563,2.9436,2.964,2.9389,23.59K,0.62%
05/13/2014,2.9382,2.9165,2.9445,2.9086,18.95K,0.86%
05/12/2014,2.9132,2.9091,2.9275,2.9017,20.71K,0.40%
05/09/2014,2.9017,2.9123,2.9377,2.8985,19.58K,-0.43%
05/08/2014,2.9142,2.9255,2.9255,2.9021,25.42K,-0.26%
05/07/2014,2.9219,2.886,2.9255,2.8834,27.54K,1.32%
05/06/2014,2.8837,2.893,2.9168,2.8819,20.26K,-0.64%
05/05/2014,2.9022,2.9202,2.9245,2.8857,17.70K,-0.58%
05/02/2014,2.9191,2.9091,2.9323,2.905,17.66K,0.30%
05/01/2014,2.9104,2.9246,2.9246,2.8889,13.69K,-0.60%
04/30/2014,2.9281,2.962,2.962,2.9167,56.71K,-1.19%
04/29/2014,2.9635,2.9415,2.9764,2.9415,47.06K,0.65%
04/28/2014,2.9445,2.9859,2.9975,2.935,54.73K,-1.22%
04/25/2014,2.9809,3.0095,3.0144,2.973,47.52K,-0.95%
04/24/2014,3.0095,2.9779,3.0158,2.9726,49.90K,1.13%
04/23/2014,2.9758,2.9973,3.0025,2.9715,50.20K,-0.66%
04/22/2014,2.9955,3.0074,3.0103,2.9756,43.38K,-0.29%
04/21/2014,3.0042,3.0049,3.0105,2.984,23.67K,0.10%
04/17/2014,3.0012,3.0032,3.0136,2.9861,35.14K,-0.02%
04/16/2014,3.0018,2.9805,3.006,2.9713,39.92K,0.77%
04/15/2014,2.9788,2.9696,2.9888,2.9593,27.96K,0.26%
04/14/2014,2.9711,2.9258,2.9767,2.9254,36.37K,1.51%
04/11/2014,2.927,2.9346,2.9447,2.9222,25.98K,-0.22%
04/10/2014,2.9336,2.95,2.95,2.92,24.38K,-0.47%
04/09/2014,2.9475,2.925,2.9512,2.92,28.41K,0.58%
04/08/2014,2.9304,2.8888,2.9339,2.8835,24.15K,1.51%
04/07/2014,2.8868,2.9022,2.9081,2.868,22.74K,-0.53%
04/04/2014,2.9022,2.8958,2.9192,2.8925,23.60K,0.09%
04/03/2014,2.8996,2.859,2.9016,2.8495,21.57K,1.34%
04/02/2014,2.8612,2.878,2.8861,2.8434,34.31K,-0.67%
04/01/2014,2.8806,2.9228,2.9314,2.8684,24.92K,-1.68%
03/31/2014,2.9298,2.943,2.95,2.915,47.46K,-0.61%
03/28/2014,2.9478,2.9436,2.9607,2.9354,47.80K,0.17%
03/27/2014,2.9429,2.9121,2.9488,2.9121,47.05K,0.86%
03/26/2014,2.9178,2.918,2.9307,2.9009,44.20K,-0.10%
03/25/2014,2.9208,2.9139,2.94,2.9071,42.82K,0.36%
03/24/2014,2.9102,2.9125,2.9296,2.9032,43.43K,-0.11%
03/21/2014,2.9134,2.9123,2.9446,2.9024,34.94K,0.01%
03/20/2014,2.9131,2.8935,2.9239,2.8837,33.91K,0.76%
03/19/2014,2.891,2.894,2.9015,2.8782,35.43K,-0.46%
03/18/2014,2.9044,2.8854,2.9055,2.874,32.74K,0.90%
03/17/2014,2.8784,2.9278,2.9305,2.8767,33.57K,-1.70%
03/14/2014,2.9282,2.908,2.939,2.9041,34.47K,0.83%
03/13/2014,2.9041,2.9147,2.92,2.8891,33.25K,-0.34%
03/12/2014,2.914,2.939,2.9417,2.9021,48.82K,-1.00%
03/11/2014,2.9433,2.9395,2.9576,2.9348,37.80K,-0.01%
03/10/2014,2.9436,2.9691,2.9691,2.9359,48.89K,-1.07%
03/07/2014,2.9754,2.9538,2.977,2.9414,27.74K,0.86%
03/06/2014,2.9499,2.9481,2.9626,2.9319,31.47K,-0.14%
03/05/2014,2.954,2.9945,2.995,2.9446,30.10K,-1.51%
03/04/2014,2.9992,3.0435,3.049,2.9861,38.25K,-1.53%
03/03/2014,3.0457,2.9998,3.064,2.9995,29.35K,0.97%
02/28/2014,3.0163,3.01,3.0244,2.9841,54.93K,0.29%
02/27/2014,3.0077,3.0375,3.0388,2.9981,64.61K,-1.01%
02/26/2014,3.0383,3.0375,3.0529,3.0283,56.25K,0.12%
02/25/2014,3.0346,3.0548,3.0562,3.025,52.72K,-0.51%
02/24/2014,3.0501,3.0388,3.0615,3.0337,51.74K,0.37%
02/21/2014,3.0389,3.0827,3.0865,3.0304,68.82K,-1.44%
02/20/2014,3.0834,3.0799,3.0884,3.0515,62.91K,0.35%
02/19/2014,3.0726,3.05,3.0799,3.0394,48.27K,0.90%
02/18/2014,3.0452,3.0176,3.052,3.0125,46.73K,-1.40%
02/17/2014,3.0884,3.0828,3.0945,3.0795,,2.38%
02/14/2014,3.0166,2.995,3.0245,2.9815,45.64K,0.88%
02/13/2014,2.9903,2.9803,2.9981,2.9705,31.73K,0.36%
02/12/2014,2.9795,2.9925,3.0097,2.9691,52.60K,-0.32%
02/11/2014,2.989,2.9656,2.9939,2.9656,42.04K,0.64%
02/10/2014,2.9699,3.0018,3.005,2.964,49.32K,-1.05%
02/07/2014,3.0015,2.958,3.0055,2.9403,32.14K,2.09%
02/06/2014,2.94,2.94,2.9564,2.9285,33.00K,0.28%
02/05/2014,2.9317,2.924,2.9373,2.9123,37.79K,0.66%
02/04/2014,2.9126,2.9371,2.9479,2.9105,36.65K,-0.78%
02/03/2014,2.9354,2.9399,2.9495,2.9064,34.53K,-2.06%
01/31/2014,2.9971,3.0375,3.059,2.991,78.47K,-1.00%
01/30/2014,3.0275,3.0236,3.0417,3.0074,54.61K,0.24%
01/29/2014,3.0204,2.9983,3.0236,2.9839,65.98K,0.89%
01/28/2014,2.9939,2.9675,2.9991,2.9576,63.90K,0.92%
01/27/2014,2.9667,3.02,3.0318,2.9586,73.25K,-1.63%
01/24/2014,3.0158,2.9919,3.0336,2.9568,73.89K,0.83%
01/23/2014,2.991,2.983,3.0033,2.974,65.45K,0.33%
01/22/2014,2.9812,2.952,2.9847,2.952,56.21K,1.02%
01/21/2014,2.9511,2.9521,2.9955,2.9381,75.01K,-2.92%
01/20/2014,3.04,3.0309,3.04,3.0181,,2.91%
01/17/2014,2.954,2.9405,2.9666,2.9336,56.89K,0.66%
01/16/2014,2.9345,2.939,2.9459,2.9227,55.12K,-0.23%
01/15/2014,2.9412,2.9067,2.9548,2.904,63.09K,1.08%
01/14/2014,2.9098,2.9047,2.9245,2.8945,42.03K,-0.10%
01/13/2014,2.9127,2.9249,2.9352,2.9047,36.46K,-0.37%
01/10/2014,2.9234,2.9056,2.9324,2.8911,32.96K,0.62%
01/09/2014,2.9054,2.9397,2.9508,2.8905,37.00K,-0.91%
01/08/2014,2.9322,2.9393,2.9552,2.9288,25.53K,-0.31%
01/07/2014,2.9413,2.936,2.9512,2.9317,31.68K,0.57%
01/06/2014,2.9245,2.9356,2.966,2.9215,31.58K,-0.04%
01/03/2014,2.9256,2.9812,2.9948,2.9222,31.89K,-1.60%
01/02/2014,2.9733,3.0573,3.0598,2.9707,23.27K,-3.09%
01/01/2014,3.0682,3.0671,3.0686,3.0644,,0.10%
12/31/2013,3.0652,3.0584,3.0718,3.0522,37.17K,0.30%
12/30/2013,3.0561,3.0921,3.1088,3.0512,56.51K,-1.16%
12/27/2013,3.0921,3.0803,3.111,3.0651,50.69K,0.54%
12/26/2013,3.0756,3.0739,3.0948,3.0459,36.15K,0.23%
12/24/2013,3.0685,3.0575,3.0795,3.0536,20.44K,0.49%
12/23/2013,3.0534,3.0696,3.072,3.0474,42.36K,-0.55%
12/20/2013,3.0702,3.0196,3.0729,3.0189,46.91K,1.48%
12/19/2013,3.0253,3,3.031,2.9956,43.14K,0.61%
12/18/2013,3.0069,2.96,3.0119,2.955,39.30K,1.52%
12/17/2013,2.9619,2.984,2.9905,2.9522,27.67K,-0.92%
12/16/2013,2.9893,2.9822,3.0346,2.98,28.75K,0.47%
12/13/2013,2.9752,2.9751,2.9884,2.9587,26.82K,-0.19%
12/12/2013,2.981,3.0195,3.0342,2.9748,24.47K,-1.35%
12/11/2013,3.0218,3.022,3.0279,3.0031,23.06K,0.15%
12/10/2013,3.0173,3.0093,3.0477,3.0078,22.01K,0.09%
12/09/2013,3.0147,3.0588,3.0647,3.0033,21.42K,-1.39%
12/06/2013,3.0573,3.0574,3.0804,3.0454,19.81K,0.23%
12/05/2013,3.0503,3.051,3.0706,3.0468,17.79K,-0.30%
12/04/2013,3.0596,3.0742,3.0754,3.0466,20.41K,-0.16%
12/03/2013,3.0646,3.0491,3.0729,3.0388,24.09K,0.56%
12/02/2013,3.0475,3.0244,3.0831,3.0178,21.15K,0.55%
11/29/2013,3.0308,3.045,3.0704,3.0288,31.36K,-0.22%
11/28/2013,3.0375,3.0423,3.0511,3.0354,,-0.18%
11/27/2013,3.043,3.0467,3.0545,3.0365,62.28K,0.02%
11/26/2013,3.0425,3.0325,3.0527,3.0173,54.00K,0.40%
11/25/2013,3.0304,3.0223,3.051,2.9689,66.80K,-0.29%
11/22/2013,3.0393,3.0062,3.0486,2.9962,62.64K,1.12%
11/21/2013,3.0056,2.9508,3.0072,2.9468,60.59K,1.79%
11/20/2013,2.9528,2.9124,2.9582,2.905,50.01K,1.60%
11/19/2013,2.9064,2.9159,2.9436,2.9025,34.92K,-0.62%
11/18/2013,2.9244,2.9426,2.9477,2.9116,22.15K,-0.56%
11/15/2013,2.9409,2.928,2.9456,2.924,23.41K,0.26%
11/14/2013,2.9332,2.8977,2.9489,2.8912,27.21K,1.10%
11/13/2013,2.9014,2.8613,2.9059,2.8551,25.88K,1.52%
11/12/2013,2.858,2.8918,2.9047,2.8513,27.21K,-1.28%
11/11/2013,2.8952,2.8749,2.9052,2.873,19.33K,0.67%
11/08/2013,2.876,2.8477,2.8832,2.8371,22.83K,1.09%
11/07/2013,2.8449,2.873,2.8825,2.8351,24.94K,-1.05%
11/06/2013,2.8752,2.8778,2.8972,2.8705,30.03K,0.17%
11/05/2013,2.8702,2.8818,2.8945,2.865,20.12K,-0.38%
11/04/2013,2.8811,2.8864,2.902,2.8649,25.96K,-0.18%
11/01/2013,2.8864,2.9601,2.9719,2.8819,25.07K,-2.29%
10/31/2013,2.9539,2.9777,2.986,2.9462,55.55K,-0.77%
10/30/2013,2.9768,2.9591,2.9839,2.9552,55.49K,0.45%
10/29/2013,2.9636,2.96,2.967,2.9382,48.55K,-0.02%
10/28/2013,2.9642,2.9101,2.9683,2.9054,62.72K,1.90%
10/25/2013,2.9089,2.9003,2.9164,2.8904,50.75K,0.34%
10/24/2013,2.8989,2.9221,2.9325,2.8934,61.23K,-0.80%
10/23/2013,2.9222,2.9927,2.9961,2.9157,72.93K,-2.44%
10/22/2013,2.9954,3.0076,3.0439,2.9924,45.13K,-0.39%
10/21/2013,3.0072,3.0329,3.0407,3.0043,30.05K,-0.82%
10/18/2013,3.032,2.993,3.0334,2.9875,42.37K,1.45%
10/17/2013,2.9886,3.036,3.0426,2.9696,48.76K,-1.57%
10/16/2013,3.0363,3.003,3.0577,3.003,43.00K,0.80%
10/15/2013,3.0121,3.026,3.037,2.9976,22.15K,-0.51%
10/14/2013,3.0275,3.032,3.0431,3.0003,19.24K,-0.14%
10/11/2013,3.0316,3.047,3.0474,3.0052,41.00K,-1.07%
10/10/2013,3.0645,3.0068,3.073,3.0067,43.16K,1.73%
10/09/2013,3.0125,3.0331,3.0331,2.9839,27.62K,-0.53%
10/08/2013,3.0287,3.0058,3.038,2.9993,26.61K,0.79%
10/07/2013,3.0051,2.9926,3.0214,2.96,28.26K,0.39%
10/04/2013,2.9934,2.9902,3.0099,2.9758,24.23K,-0.07%
10/03/2013,2.9956,2.9859,3.0131,2.9809,31.12K,0.22%
10/02/2013,2.9891,2.9486,2.9926,2.9451,24.11K,1.26%
10/01/2013,2.952,2.9625,2.9712,2.9215,25.50K,-0.66%
09/30/2013,2.9715,2.976,2.9804,2.949,53.12K,-0.45%
09/27/2013,2.9848,2.9955,3.0174,2.9715,56.28K,-0.48%
09/26/2013,2.9993,2.9672,3.0033,2.9632,49.35K,0.94%
09/25/2013,2.9713,2.96,2.9998,2.9554,51.84K,0.37%
09/24/2013,2.9604,2.9543,2.9665,2.9295,64.30K,0.13%
09/23/2013,2.9566,3.0053,3.0136,2.948,54.84K,-1.62%
09/20/2013,3.0053,3.006,3.0284,2.9958,36.35K,-0.02%
09/19/2013,3.006,3.0419,3.065,2.9981,34.22K,-1.17%
09/18/2013,3.0415,2.9875,3.0505,2.9807,27.51K,1.40%
09/17/2013,2.9996,3.0597,3.0625,2.9812,45.97K,-2.07%
09/16/2013,3.0631,3.1,3.1128,3.05,29.31K,-1.56%
09/13/2013,3.1117,3.1208,3.1235,3.0859,20.57K,-0.13%
09/12/2013,3.1157,3.08,3.1272,3.0709,26.57K,1.44%
09/11/2013,3.0714,3.066,3.0941,3.0574,24.42K,0.10%
09/10/2013,3.0684,3.1054,3.124,3.0555,24.65K,-1.64%
09/09/2013,3.1197,3.1524,3.1638,3.1056,19.53K,-1.39%
09/06/2013,3.1638,3.1352,3.1753,3.1271,18.92K,0.74%
09/05/2013,3.1406,3.1372,3.153,3.1236,14.47K,0.04%
09/04/2013,3.1393,3.1464,3.1497,3.1217,13.83K,-0.29%
09/03/2013,3.1484,3.1133,3.163,3.096,18.64K,0.28%
09/02/2013,3.1397,3.1009,3.153,3.0974,,0.10%
08/30/2013,3.1366,3.1719,3.193,3.1054,44.26K,-1.62%
08/29/2013,3.1883,3.1964,3.229,3.166,46.40K,-0.72%
08/28/2013,3.2113,3.1729,3.222,3.1656,46.63K,1.44%
08/27/2013,3.1656,3.0917,3.1739,3.0824,52.35K,2.66%
08/26/2013,3.0835,3.1022,3.1141,3.0761,38.00K,-0.50%
08/23/2013,3.099,3.075,3.116,3.0687,48.22K,0.82%
08/22/2013,3.0737,3.0821,3.0964,3.0644,39.51K,-0.25%
08/21/2013,3.0815,3.0851,3.0908,3.0652,36.68K,-0.12%
08/20/2013,3.0852,3.0762,3.1038,3.0503,36.90K,0.19%
08/19/2013,3.0793,3.1,3.1112,3.0728,35.44K,-0.36%
08/16/2013,3.0904,3.077,3.0986,3.0707,20.23K,0.35%
08/15/2013,3.0795,3.0583,3.0889,3.0559,18.40K,0.83%
08/14/2013,3.054,3.0455,3.0601,3.034,19.15K,0.02%
08/13/2013,3.0534,3.03,3.0667,3.03,23.78K,0.83%
08/12/2013,3.0284,2.9977,3.0365,2.9858,24.01K,0.93%
08/09/2013,3.0004,2.9657,3.007,2.9541,26.27K,1.23%
08/08/2013,2.964,2.9714,2.9818,2.9261,25.44K,-0.25%
08/07/2013,2.9714,3.0155,3.0163,2.9674,38.72K,-1.44%
08/06/2013,3.0149,3.0547,3.0672,3.0017,27.33K,-1.38%
08/05/2013,3.0572,3.07,3.088,3.025,17.96K,-0.59%
08/02/2013,3.0754,3.1,3.1087,3.063,17.23K,-0.73%
08/01/2013,3.0981,3.0575,3.1043,3.0547,17.33K,1.41%
07/31/2013,3.055,3.005,3.0594,2.9772,63.81K,1.53%
07/30/2013,3.009,3.0211,3.0211,3,39.93K,-0.33%
07/29/2013,3.019,3.0125,3.0395,3.0034,42.84K,0.20%
07/26/2013,3.0131,3.0337,3.0391,2.9999,45.05K,-0.88%
07/25/2013,3.0399,3.0474,3.0511,3.005,51.98K,-0.36%
07/24/2013,3.0508,3.0772,3.081,3.0275,53.71K,-0.71%
07/23/2013,3.0725,3.0733,3.0811,3.0452,41.92K,0.12%
07/22/2013,3.0688,3.0907,3.1125,3.0621,50.26K,-0.71%
07/19/2013,3.0906,3.1141,3.1322,3.0654,37.95K,-0.31%
07/18/2013,3.1003,3.0708,3.1137,3.0666,42.97K,0.96%
07/17/2013,3.0708,3.0386,3.0775,3.0279,35.25K,0.80%
07/16/2013,3.0464,3.035,3.0582,3.0247,34.31K,0.61%
07/15/2013,3.0278,3.0315,3.0421,3.0172,29.69K,-0.10%
07/12/2013,3.0308,2.9958,3.0422,2.9923,40.67K,1.07%
07/11/2013,2.9987,3.002,3.0206,2.9881,32.78K,-0.29%
07/10/2013,3.0073,2.9932,3.014,2.9866,30.71K,0.52%
07/09/2013,2.9918,2.9805,2.9953,2.9708,22.93K,0.25%
07/08/2013,2.9842,2.9985,3.0029,2.9765,23.64K,-0.35%
07/05/2013,2.9946,2.957,3.0043,2.9359,18.05K,1.36%
07/04/2013,2.9545,2.954,2.959,2.931,,-0.03%
07/03/2013,2.9554,2.9125,2.9708,2.9125,18.05K,1.71%
07/02/2013,2.9057,2.8822,2.9131,2.876,16.35K,0.93%
07/01/2013,2.879,2.8633,2.9053,2.8545,17.79K,0.71%
06/28/2013,2.8588,2.881,2.9062,2.854,60.07K,-1.01%
06/27/2013,2.888,2.8581,2.9074,2.8558,49.02K,1.15%
06/26/2013,2.8551,2.855,2.8677,2.8238,51.16K,-0.12%
06/25/2013,2.8585,2.853,2.8788,2.8431,63.53K,0.19%
06/24/2013,2.853,2.84,2.8679,2.821,62.57K,0.34%
06/21/2013,2.8434,2.8712,2.8974,2.8232,64.57K,-1.03%
06/20/2013,2.873,2.9671,2.9671,2.8647,48.26K,-3.39%
06/19/2013,2.9737,2.964,2.9894,2.9581,28.71K,0.35%
06/18/2013,2.9633,2.9521,2.9743,2.9425,21.69K,0.38%
06/17/2013,2.9521,2.9674,2.9759,2.9479,18.11K,-0.41%
06/14/2013,2.9644,2.9382,2.985,2.9289,30.15K,0.82%
06/13/2013,2.9404,2.8907,2.9499,2.8724,44.81K,1.47%
06/12/2013,2.8979,2.8519,2.9058,2.8513,26.45K,1.29%
06/11/2013,2.8609,2.8859,2.8881,2.8404,25.25K,-0.88%
06/10/2013,2.8862,2.9018,2.9061,2.8803,23.74K,-0.32%
06/07/2013,2.8956,2.8758,2.9167,2.8558,31.65K,0.77%
06/06/2013,2.8734,2.8579,2.8777,2.8519,25.13K,0.52%
06/05/2013,2.8586,2.8835,2.8933,2.8516,25.01K,-0.33%
06/04/2013,2.8681,2.8457,2.8795,2.8259,29.33K,0.97%
06/03/2013,2.8405,2.7921,2.8546,2.7745,27.21K,2.12%
05/31/2013,2.7814,2.8423,2.8482,2.7803,81.68K,-2.21%
05/30/2013,2.8442,2.8601,2.8716,2.8233,66.80K,-0.72%
05/29/2013,2.8648,2.907,2.9077,2.8601,58.43K,-1.35%
05/28/2013,2.904,2.8507,2.919,2.8389,49.67K,1.28%
05/27/2013,2.8673,2.8457,2.868,2.8388,,0.45%
05/24/2013,2.8544,2.8583,2.8595,2.8324,43.64K,-0.07%
05/23/2013,2.8565,2.8636,2.8702,2.8189,64.35K,-0.43%
05/22/2013,2.8687,2.9097,2.9097,2.8636,60.75K,-1.73%
05/21/2013,2.9193,2.9446,2.9484,2.9079,39.85K,-0.74%
05/20/2013,2.9411,2.9318,2.9515,2.913,27.63K,0.40%
05/17/2013,2.9293,2.9004,2.9424,2.8925,31.27K,0.99%
05/16/2013,2.9005,2.8744,2.9117,2.853,34.50K,0.92%
05/15/2013,2.8742,2.8651,2.8781,2.8152,34.75K,0.28%
05/14/2013,2.8662,2.8785,2.8903,2.859,20.65K,-0.59%
05/13/2013,2.8832,2.8981,2.9038,2.8702,29.03K,-0.52%
05/10/2013,2.8982,2.9177,2.9204,2.8462,22.33K,-0.92%
05/09/2013,2.925,2.9118,2.9276,2.8964,33.94K,0.58%
05/08/2013,2.9081,2.9116,2.9228,2.8916,34.83K,-0.42%
05/07/2013,2.9203,2.9132,2.94,2.9022,33.38K,0.15%
05/06/2013,2.9159,2.878,2.9188,2.8702,21.29K,1.16%
05/03/2013,2.8824,2.8501,2.9021,2.8415,22.77K,1.02%
05/02/2013,2.8533,2.7855,2.8554,2.7808,23.66K,2.39%
05/01/2013,2.7868,2.8284,2.8388,2.7578,19.99K,-1.86%
04/30/2013,2.8396,2.8659,2.866,2.8209,60.07K,-0.95%
04/29/2013,2.8668,2.8639,2.8766,2.8449,46.58K,0.02%
04/26/2013,2.8661,2.8761,2.8843,2.8538,70.14K,-0.48%
04/25/2013,2.8798,2.8395,2.8809,2.8275,62.87K,1.84%
04/24/2013,2.8277,2.798,2.8427,2.795,50.19K,1.06%
04/23/2013,2.798,2.7992,2.8046,2.7586,46.29K,0.09%
04/22/2013,2.7954,2.7797,2.8172,2.7695,39.86K,0.71%
04/19/2013,2.7757,2.7721,2.7977,2.7652,41.11K,0.27%
04/18/2013,2.7682,2.7269,2.7838,2.7198,42.57K,1.42%
04/17/2013,2.7295,2.809,2.8111,2.7242,46.15K,-2.60%
04/16/2013,2.8025,2.79,2.8147,2.769,37.84K,-0.70%
04/15/2013,2.8222,2.8674,2.8674,2.7875,34.07K,-1.54%
04/12/2013,2.8663,2.9011,2.9149,2.8303,45.92K,-1.11%
04/11/2013,2.8986,2.9444,2.9448,2.89,48.97K,-1.54%
04/10/2013,2.944,2.9548,2.9696,2.9316,33.17K,-0.37%
04/09/2013,2.9549,2.9438,2.96,2.9219,37.32K,0.38%
04/08/2013,2.9438,2.9142,2.9532,2.903,45.95K,1.37%
04/05/2013,2.9041,2.9612,2.9661,2.9,46.20K,-1.80%
04/04/2013,2.9572,2.9925,3.0041,2.9293,44.86K,-1.12%
04/03/2013,2.9908,3.0744,3.0785,2.9817,33.33K,-2.71%
04/02/2013,3.0742,3.067,3.0884,3.053,31.56K,0.55%
04/01/2013,3.0575,3.0398,3.0769,3.0078,27.28K,0.34%
03/28/2013,3.047,3.0408,3.056,3.0177,51.58K,0.34%
03/27/2013,3.0368,3.0074,3.0422,2.9933,54.40K,1.27%
03/26/2013,2.9988,2.983,3.0101,2.9731,46.47K,0.53%
03/25/2013,2.983,2.9623,3.0225,2.9615,52.79K,0.34%
03/22/2013,2.9728,2.9704,2.9843,2.9613,39.31K,-0.22%
03/21/2013,2.9795,2.9897,3.0001,2.9636,44.66K,-0.53%
03/20/2013,2.9953,2.9643,3.0015,2.9611,40.22K,0.91%
03/19/2013,2.9684,3.0314,3.0314,2.9551,62.57K,-2.08%
03/18/2013,3.0314,3.0348,3.036,2.9837,32.25K,0.03%
03/15/2013,3.0306,3.0238,3.0545,3.0164,25.15K,0.58%
03/14/2013,3.0131,3.0085,3.0248,2.9954,35.59K,0.04%
03/13/2013,3.0118,3.0447,3.0535,2.99,39.73K,-1.01%
03/12/2013,3.0426,3.0663,3.1026,3.0315,47.53K,-1.06%
03/11/2013,3.0753,3.0625,3.0805,3.0525,28.27K,0.26%
03/08/2013,3.0674,3.0586,3.0715,3.0377,31.88K,0.11%
03/07/2013,3.0641,3.0425,3.065,3.0378,33.66K,0.42%
03/06/2013,3.0513,3.0634,3.0725,3.035,36.27K,-0.09%
03/05/2013,3.0542,3.0067,3.0633,2.9996,31.46K,1.58%
03/04/2013,3.0067,3.01,3.0225,2.9914,26.14K,-0.13%
03/01/2013,3.0106,3.0365,3.0365,2.9958,34.02K,1.70%
02/28/2013,2.9603,2.9898,2.9978,2.9459,61.48K,-0.81%
02/27/2013,2.9846,3.0304,3.0478,2.9811,70.74K,-1.39%
02/26/2013,3.0268,3.0725,3.0855,3.0176,67.07K,-2.30%
02/25/2013,3.0981,3.0997,3.1484,3.0728,49.56K,-0.12%
02/22/2013,3.1018,3.1007,3.1177,3.0912,45.80K,0.22%
02/21/2013,3.0949,3.1453,3.1509,3.0874,46.17K,-1.82%
02/20/2013,3.1522,3.1878,3.1958,3.1353,50.66K,-0.93%
02/19/2013,3.1817,3.2068,3.2125,3.1616,57.15K,-0.80%
02/18/2013,3.2073,3.2159,3.2206,3.1935,,0.17%
02/15/2013,3.2019,3.2122,3.2157,3.1651,41.66K,-0.30%
02/14/2013,3.2114,3.2097,3.2187,3.1975,32.97K,0.18%
02/13/2013,3.2056,3.2219,3.2243,3.1986,44.99K,-0.40%
02/12/2013,3.2184,3.212,3.2292,3.201,31.39K,0.22%
02/11/2013,3.2112,3.2229,3.2243,3.191,27.39K,-0.13%
02/08/2013,3.2155,3.1901,3.2303,3.1872,28.78K,1.25%
02/07/2013,3.1759,3.1642,3.1911,3.1596,33.12K,0.45%
02/06/2013,3.1618,3.1657,3.1718,3.1378,32.11K,-0.04%
02/05/2013,3.1632,3.1325,3.174,3.1197,42.60K,1.12%
02/04/2013,3.1283,3.1461,3.1477,3.1225,38.71K,-0.52%
02/01/2013,3.1447,3.1068,3.1533,3.0975,21.97K,0.83%
01/31/2013,3.1187,3.113,3.125,3.0867,54.07K,0.32%
01/30/2013,3.1087,3.0986,3.124,3.09,54.60K,0.33%
01/29/2013,3.0986,3.054,3.1003,3.0466,61.45K,1.45%
01/28/2013,3.0543,3.0527,3.0759,3.0374,59.14K,0.18%
01/25/2013,3.0489,3.0789,3.0815,3.0458,55.05K,-0.89%
01/24/2013,3.0764,3.0674,3.0848,3.0561,52.86K,0.37%
01/23/2013,3.0652,3.0562,3.075,3.0444,42.47K,0.31%
01/22/2013,3.0557,3.0379,3.0772,3.0293,47.60K,-0.49%
01/21/2013,3.0707,3.0505,3.0752,3.0419,,0.95%
01/18/2013,3.0419,3.0183,3.0458,3.0035,35.84K,0.91%
01/17/2013,3.0145,2.9981,3.0279,2.9908,43.13K,0.74%
01/16/2013,2.9924,3.0034,3.0278,2.9795,38.68K,-0.37%
01/15/2013,3.0034,3.0597,3.0658,3.0021,46.91K,-1.59%
01/14/2013,3.0518,3.005,3.0578,3.0047,40.76K,1.67%
01/11/2013,3.0018,3.0456,3.0466,2.9872,48.40K,-1.44%
01/10/2013,3.0456,3.0597,3.0937,3.0401,91.20K,-0.26%
01/09/2013,3.0535,3.043,3.0579,3.0328,35.57K,0.35%
01/08/2013,3.0427,3.017,3.0549,3.0141,40.84K,0.99%
01/07/2013,3.013,3.0056,3.0252,2.9912,28.35K,0.46%
01/04/2013,2.9991,3.007,3.0095,2.9697,43.61K,-0.53%
01/03/2013,3.015,3.0317,3.0317,2.9971,35.35K,-0.66%
01/02/2013,3.035,3.0167,3.0561,3.0167,23.66K,0.02%
01/01/2013,3.0344,3.0337,3.036,3.0316,,0.09%
12/31/2012,3.0318,3.023,3.043,2.9905,35.43K,0.35%
12/28/2012,3.0213,3.0547,3.06,3.0108,56.33K,-0.91%
12/27/2012,3.0489,3.0412,3.0575,3.0288,42.46K,0.43%
12/26/2012,3.0357,2.9957,3.0529,2.9911,34.13K,1.58%
12/24/2012,2.9885,3.0125,3.02,2.9846,22.66K,-0.72%
12/21/2012,3.0102,3.0502,3.0502,3.0066,43.52K,-1.26%
12/20/2012,3.0486,3.0252,3.0619,3.0198,55.46K,0.57%
12/19/2012,3.0313,2.9977,3.035,2.9932,36.44K,1.25%
12/18/2012,2.9939,2.9545,3.003,2.9545,33.56K,1.36%
12/17/2012,2.9538,2.983,2.9861,2.9528,30.02K,-0.78%
12/14/2012,2.9769,2.9479,2.988,2.9435,33.74K,1.16%
12/13/2012,2.9429,2.97,2.9776,2.9405,46.96K,-0.87%
12/12/2012,2.9686,2.9372,2.9997,2.935,54.35K,1.27%
12/11/2012,2.9315,2.9128,2.9417,2.9072,28.74K,0.89%
12/10/2012,2.9056,2.9304,2.9511,2.9027,26.42K,-0.63%
12/07/2012,2.924,2.9483,2.9626,2.9214,29.13K,-0.87%
12/06/2012,2.9496,3.0004,3.0108,2.9411,26.26K,-1.57%
12/05/2012,2.9967,3.0108,3.037,2.9871,26.15K,-0.57%
12/04/2012,3.014,3.0578,3.0661,3.0093,25.77K,-1.65%
12/03/2012,3.0645,3.0769,3.1026,3.0556,24.73K,0.12%
11/30/2012,3.0607,3.06,3.0728,3.0455,54.48K,0.12%
11/29/2012,3.0569,3.0209,3.0746,3.0174,55.26K,1.19%
11/28/2012,3.0209,3.0348,3.0351,2.9885,56.36K,-0.13%
11/27/2012,3.0247,3.0589,3.0707,3.0156,66.02K,-1.13%
11/26/2012,3.0594,3.088,3.0905,3.0515,56.71K,-0.86%
11/23/2012,3.086,3.0829,3.1026,3.0517,18.69K,0.82%
11/22/2012,3.061,3.0738,3.078,3.0551,,-0.66%
11/21/2012,3.0812,3.075,3.0947,3.0503,47.59K,1.08%
11/20/2012,3.0483,3.0871,3.0962,3.0275,57.56K,-1.14%
11/19/2012,3.0834,3.002,3.0954,3.002,47.27K,2.97%
11/16/2012,2.9946,2.982,3.0031,2.9603,34.25K,0.42%
11/15/2012,2.982,3.007,3.0248,2.96,30.47K,-0.52%
11/14/2012,2.9975,2.97,3.0164,2.9598,15.41K,0.87%
11/13/2012,2.9715,3.0027,3.0039,2.955,36.53K,-1.16%
11/12/2012,3.0063,3.0045,3.0336,2.993,23.38K,-0.16%
11/09/2012,3.0111,2.963,3.023,2.9493,24.01K,1.61%
11/08/2012,2.9635,2.974,3.005,2.955,24.36K,-0.25%
11/07/2012,2.9709,3.059,3.0704,2.9585,36.44K,-2.87%
11/06/2012,3.0587,2.9856,3.0655,2.9719,35.49K,2.36%
11/05/2012,2.9882,2.9525,2.9972,2.9387,28.99K,1.24%
11/02/2012,2.9516,3.0292,3.038,2.9481,47.34K,-2.65%
11/01/2012,3.0321,3.0495,3.0523,3.0195,48.65K,-0.99%
10/31/2012,3.0623,3.0695,3.0837,3.0452,79.44K,-0.24%
10/30/2012,3.0697,3.0771,3.0923,3.0486,57.52K,-0.57%
10/29/2012,3.0873,3.077,3.1207,3.0741,62.41K,0.35%
10/26/2012,3.0764,3.044,3.0915,3.028,87.32K,1.02%
10/25/2012,3.0452,3.0294,3.0584,3.0255,59.53K,0.62%
10/24/2012,3.0264,3.033,3.0585,3.0036,59.54K,-0.15%
10/23/2012,3.0308,3.0668,3.0754,3.0111,84.33K,-1.17%
10/22/2012,3.0668,3.1001,3.1329,3.0637,86.60K,-1.63%
10/19/2012,3.1176,3.174,3.2035,3.113,44.74K,-1.56%
10/18/2012,3.1669,3.1774,3.1881,3.1414,51.77K,-0.31%
10/17/2012,3.1769,3.1692,3.1846,3.1578,40.66K,-0.25%
10/16/2012,3.1849,3.1928,3.2,3.1688,46.03K,-0.25%
10/15/2012,3.193,3.1992,3.2102,3.1628,52.48K,-0.31%
10/12/2012,3.2029,3.2377,3.2377,3.1861,42.04K,-0.91%
10/11/2012,3.2323,3.1907,3.2412,3.1887,46.21K,1.33%
10/10/2012,3.1899,3.1881,3.2152,3.1658,49.36K,0.29%
10/09/2012,3.1806,3.1373,3.1932,3.1305,39.88K,1.73%
10/08/2012,3.1264,3.1338,3.1479,3.1009,32.88K,-0.30%
10/05/2012,3.1358,3.1556,3.1626,3.1057,42.86K,-0.78%
10/04/2012,3.1604,3.0459,3.1615,3.0459,53.04K,3.77%
10/03/2012,3.0455,3.1135,3.1135,3.0384,55.86K,-2.09%
10/02/2012,3.1104,3.1252,3.1372,3.1091,26.76K,-0.43%
10/01/2012,3.1238,3.1397,3.16,3.1136,34.79K,-1.12%
09/28/2012,3.1592,3.1604,3.1762,3.1377,64.95K,0.27%
09/27/2012,3.1508,3.0985,3.1624,3.09,62.53K,1.56%
09/26/2012,3.1025,3.096,3.1057,3.0612,76.84K,-0.14%
09/25/2012,3.1069,3.096,3.129,3.0861,61.12K,0.35%
09/24/2012,3.0961,3.1191,3.1225,3.0726,54.02K,-0.69%
09/21/2012,3.1177,3.0977,3.13,3.0918,53.02K,0.80%
09/20/2012,3.093,3.0424,3.1069,3.0227,61.61K,1.66%
09/19/2012,3.0424,3.126,3.1524,3.0246,50.74K,-2.69%
09/18/2012,3.1264,3.1637,3.175,3.1194,25.36K,-1.20%
09/17/2012,3.1644,3.2414,3.2483,3.0925,38.03K,-2.29%
09/14/2012,3.2385,3.2062,3.2633,3.2037,26.59K,0.85%
09/13/2012,3.2111,3.2082,3.2459,3.1786,35.87K,-0.07%
09/12/2012,3.2134,3.1777,3.2156,3.1777,32.81K,0.91%
09/11/2012,3.1843,3.1624,3.188,3.1565,24.68K,0.53%
09/10/2012,3.1674,3.1558,3.171,3.1473,26.52K,0.53%
09/07/2012,3.1507,3.1289,3.1686,3.1121,24.96K,0.26%
09/06/2012,3.1425,3.13,3.1717,3.1253,30.28K,0.73%
09/05/2012,3.1196,3.1511,3.1552,3.1134,19.86K,-0.89%
09/04/2012,3.1477,3.1813,3.2147,3.1457,23.14K,-1.60%
09/03/2012,3.1988,3.1763,3.2061,3.1647,,0.58%
08/31/2012,3.1802,3.1326,3.1881,3.131,58.79K,1.50%
08/30/2012,3.1333,3.1303,3.1477,3.1214,53.16K,0.35%
08/29/2012,3.1224,3.1264,3.1366,3.1012,46.83K,-0.19%
08/28/2012,3.1285,3.1302,3.1446,3.111,52.65K,0.29%
08/27/2012,3.1195,3.1339,3.1915,3.1059,79.66K,0.03%
08/24/2012,3.1187,3.134,3.1567,3.1086,54.43K,-0.72%
08/23/2012,3.1412,3.1404,3.1685,3.1285,45.43K,0.13%
08/22/2012,3.1372,3.1329,3.145,3.1124,43.44K,0.18%
08/21/2012,3.1317,3.0977,3.1491,3.0977,31.17K,0.97%
08/20/2012,3.1015,3.1027,3.125,3.0841,20.60K,0.03%
08/17/2012,3.1005,3.1132,3.1212,3.0804,29.09K,-0.97%
08/16/2012,3.131,3.0975,3.1337,3.0833,37.11K,1.21%
08/15/2012,3.0936,3.0426,3.1025,3.032,33.36K,1.60%
08/14/2012,3.0448,3.028,3.0554,3.026,15.62K,0.47%
08/13/2012,3.0306,3.0344,3.0671,3.0235,29.77K,0.01%
08/10/2012,3.0304,3.0603,3.0656,3.0147,24.00K,-0.74%
08/09/2012,3.0529,3.0225,3.063,3.013,32.47K,0.95%
08/08/2012,3.0243,2.9951,3.0372,2.9807,25.41K,0.62%
08/07/2012,3.0057,2.9441,3.0168,2.9416,23.52K,1.91%
08/06/2012,2.9493,2.9373,2.9558,2.916,17.20K,0.58%
08/03/2012,2.9323,2.8495,2.9397,2.8484,20.39K,2.89%
08/02/2012,2.8499,2.8632,2.8901,2.8358,31.49K,-0.57%
08/01/2012,2.8663,2.848,2.892,2.8391,24.21K,0.64%
07/31/2012,2.848,2.875,2.8824,2.8252,73.39K,-1.16%
07/30/2012,2.8814,2.8906,2.8974,2.8709,55.45K,-0.31%
07/27/2012,2.8905,2.8695,2.895,2.865,50.03K,0.74%
07/26/2012,2.8694,2.8496,2.8929,2.825,60.36K,0.80%
07/25/2012,2.8467,2.811,2.8545,2.7917,56.66K,0.72%
07/24/2012,2.8263,2.8225,2.8465,2.7989,60.15K,0.20%
07/23/2012,2.8206,2.9238,2.9248,2.8175,56.16K,-3.53%
07/20/2012,2.9238,2.9394,2.9441,2.9006,45.05K,-0.78%
07/19/2012,2.9468,2.8851,2.9503,2.8817,37.69K,2.42%
07/18/2012,2.8771,2.8345,2.8855,2.8276,30.05K,1.23%
07/17/2012,2.8422,2.8279,2.8563,2.8183,29.43K,0.51%
07/16/2012,2.8279,2.7886,2.8345,2.7774,33.11K,1.41%
07/13/2012,2.7886,2.7645,2.8069,2.7615,35.24K,0.64%
07/12/2012,2.771,2.7616,2.7764,2.7076,27.54K,0.40%
07/11/2012,2.7599,2.7165,2.7683,2.7165,34.44K,1.59%
07/10/2012,2.7167,2.728,2.744,2.7104,27.62K,-1.12%
07/09/2012,2.7476,2.7114,2.7654,2.7038,18.39K,1.38%
07/06/2012,2.7101,2.7561,2.758,2.7045,18.61K,-2.11%
07/05/2012,2.7685,2.7605,2.7896,2.7268,25.95K,1.14%
07/04/2012,2.7374,2.7592,2.7599,2.7258,,-0.83%
07/03/2012,2.7603,2.6765,2.7634,2.6765,25.88K,3.12%
07/02/2012,2.6769,2.7103,2.7103,2.6495,23.32K,-1.22%
06/29/2012,2.7099,2.563,2.7172,2.5601,71.15K,6.39%
06/28/2012,2.5472,2.595,2.5992,2.5333,63.34K,-1.66%
06/27/2012,2.5902,2.5802,2.6072,2.5509,62.93K,0.66%
06/26/2012,2.5732,2.5372,2.5803,2.5277,56.70K,1.51%
06/25/2012,2.5348,2.5435,2.5603,2.5084,52.33K,0.11%
06/22/2012,2.532,2.5352,2.5518,2.514,50.97K,0.35%
06/21/2012,2.5231,2.59,2.5903,2.5136,55.43K,-2.38%
06/20/2012,2.5846,2.6386,2.646,2.5806,57.11K,-1.88%
06/19/2012,2.6342,2.6169,2.6496,2.5919,55.36K,0.55%
06/18/2012,2.6198,2.6604,2.6805,2.6034,40.80K,-1.14%
06/15/2012,2.6499,2.6452,2.6597,2.6326,25.18K,0.70%
06/14/2012,2.6316,2.6109,2.6453,2.6005,24.51K,0.65%
06/13/2012,2.6147,2.6326,2.6535,2.6085,35.47K,-0.34%
06/12/2012,2.6236,2.6157,2.6565,2.613,29.68K,-0.60%
06/11/2012,2.6394,2.6931,2.7441,2.6127,26.69K,-1.33%
06/08/2012,2.6751,2.6623,2.6873,2.621,42.93K,0.07%
06/07/2012,2.6731,2.6882,2.721,2.6547,36.65K,-0.22%
06/06/2012,2.6789,2.6355,2.7005,2.6353,25.51K,1.46%
06/05/2012,2.6404,2.6351,2.6516,2.6144,18.16K,0.18%
06/04/2012,2.6356,2.6453,2.6478,2.5724,18.25K,-0.03%
06/01/2012,2.6364,2.7167,2.7221,2.6171,25.76K,-2.47%
05/31/2012,2.7032,2.7419,2.7549,2.6994,71.27K,-1.48%
05/30/2012,2.7438,2.8173,2.8215,2.7353,71.97K,-2.47%
05/29/2012,2.8132,2.8345,2.8579,2.8074,51.68K,-0.76%
05/28/2012,2.8348,2.8293,2.8542,2.8287,,0.07%
05/25/2012,2.8329,2.8261,2.8384,2.8163,39.79K,0.25%
05/24/2012,2.8257,2.8323,2.8435,2.8048,52.73K,0.36%
05/23/2012,2.8155,2.8655,2.8655,2.8076,56.14K,-1.74%
05/22/2012,2.8655,2.8732,2.8843,2.8544,44.99K,0.00%
05/21/2012,2.8654,2.8352,2.8778,2.8315,39.55K,1.07%
05/18/2012,2.8352,2.8505,2.8642,2.8287,34.26K,-0.71%
05/17/2012,2.8556,2.895,2.9115,2.8461,33.45K,-1.66%
05/16/2012,2.9039,2.9349,2.9436,2.8916,33.67K,-1.18%
05/15/2012,2.9386,2.9214,2.9501,2.9201,32.42K,0.09%
05/14/2012,2.9359,2.9586,2.96,2.9197,29.58K,-1.07%
05/11/2012,2.9678,2.9762,2.9878,2.9569,18.90K,-0.67%
05/10/2012,2.9877,2.995,3.0093,2.976,24.73K,-0.46%
05/09/2012,3.0015,3.001,3.0028,2.9603,25.90K,0.29%
05/08/2012,2.9929,2.9877,3.0021,2.9414,28.49K,0.26%
05/07/2012,2.9852,3.0015,3.0085,2.9584,23.89K,-0.93%
05/04/2012,3.0131,3.0977,3.0977,2.9841,22.71K,-2.49%
05/03/2012,3.0902,3.149,3.1496,3.0869,22.65K,-1.73%
05/02/2012,3.1446,3.1829,3.1877,3.1342,25.33K,-1.11%
05/01/2012,3.1799,3.18,3.1967,3.1668,16.54K,-0.14%
04/30/2012,3.1842,3.1848,3.1922,3.1658,47.10K,0.02%
04/27/2012,3.1835,3.1965,3.2051,3.1704,70.58K,-0.47%
04/26/2012,3.1984,3.1666,3.2101,3.1592,69.29K,0.99%
04/25/2012,3.1669,3.1428,3.1686,3.1228,65.60K,1.03%
04/24/2012,3.1346,3.1428,3.1486,3.1234,52.35K,-0.26%
04/23/2012,3.1429,3.1425,3.1475,3.109,50.75K,0.07%
04/20/2012,3.1408,3.1293,3.1623,3.1237,43.13K,0.40%
04/19/2012,3.1284,3.1246,3.1468,3.1156,53.87K,0.21%
04/18/2012,3.1219,3.1308,3.134,3.0935,37.53K,-0.28%
04/17/2012,3.1308,3.1288,3.1399,3.1097,35.32K,0.28%
04/16/2012,3.122,3.1781,3.1781,3.1183,40.54K,-1.79%
04/13/2012,3.1789,3.172,3.191,3.1554,50.45K,0.22%
04/12/2012,3.172,3.1164,3.1779,3.1101,42.87K,1.61%
04/11/2012,3.1216,3.1042,3.14,3.0885,42.48K,0.56%
04/10/2012,3.1042,3.1573,3.1605,3.0966,27.39K,-1.66%
04/09/2012,3.1567,3.171,3.174,3.1211,17.18K,-0.69%
04/05/2012,3.1785,3.182,3.1947,3.1504,21.13K,0.30%
04/04/2012,3.1689,3.2442,3.2442,3.1669,25.99K,-2.05%
04/03/2012,3.2351,3.2568,3.2666,3.2259,25.90K,-0.65%
04/02/2012,3.2562,3.1877,3.2634,3.1559,27.72K,2.72%
03/30/2012,3.1701,3.1698,3.2105,3.1635,64.40K,0.01%
03/29/2012,3.1698,3.223,3.2425,3.1533,63.55K,-1.63%
03/28/2012,3.2222,3.2323,3.2323,3.2038,54.61K,-0.43%
03/27/2012,3.236,3.2454,3.2526,3.2196,49.72K,-0.32%
03/26/2012,3.2465,3.2214,3.248,3.2137,55.42K,0.68%
03/23/2012,3.2247,3.1976,3.2821,3.1975,55.81K,1.00%
03/22/2012,3.1928,3.232,3.2351,3.1728,53.69K,-1.18%
03/21/2012,3.231,3.2525,3.2618,3.2247,42.86K,-0.58%
03/20/2012,3.2499,3.2624,3.2667,3.2188,40.01K,-0.79%
03/19/2012,3.2759,3.2981,3.2981,3.2633,39.86K,-0.46%
03/16/2012,3.291,3.2335,3.2989,3.2268,28.06K,1.92%
03/15/2012,3.229,3.2696,3.275,3.2088,29.11K,-1.26%
03/14/2012,3.2701,3.288,3.31,3.26,28.79K,-0.33%
03/13/2012,3.2808,3.2636,3.2914,3.249,24.99K,0.85%
03/12/2012,3.253,3.2755,3.2755,3.2297,18.02K,-0.61%
03/09/2012,3.2729,3.2782,3.2844,3.2567,18.89K,-0.10%
03/08/2012,3.2763,3.2267,3.2899,3.2217,32.02K,1.51%
03/07/2012,3.2276,3.2039,3.2361,3.1852,29.38K,1.02%
03/06/2012,3.195,3.2219,3.2302,3.1831,24.32K,-0.84%
03/05/2012,3.2221,3.2074,3.2371,3.1905,18.90K,0.48%
03/02/2012,3.2066,3.2625,3.2756,3.193,29.01K,-2.04%
03/01/2012,3.2733,3.2125,3.3135,3.191,44.42K,2.10%
02/29/2012,3.2059,3.2317,3.2555,3.1605,96.47K,-0.44%
02/28/2012,3.2201,3.2798,3.2811,3.2185,64.30K,-1.91%
02/27/2012,3.2829,3.3061,3.3077,3.2593,50.16K,-0.91%
02/24/2012,3.313,3.2948,3.3151,3.271,62.66K,0.70%
02/23/2012,3.29,3.261,3.3056,3.2546,73.54K,0.77%
02/22/2012,3.265,3.2284,3.2745,3.2134,60.41K,0.93%
02/21/2012,3.2348,3.194,3.2431,3.1792,58.27K,0.67%
02/20/2012,3.2132,3.211,3.2214,3.1976,,1.13%
02/17/2012,3.1772,3.1926,3.1992,3.1657,38.79K,-0.54%
02/16/2012,3.1943,3.1743,3.2007,3.1591,40.79K,0.70%
02/15/2012,3.1721,3.1598,3.195,3.151,40.76K,0.86%
02/14/2012,3.1451,3.1444,3.1645,3.128,31.84K,0.15%
02/13/2012,3.1403,3.1646,3.1825,3.133,36.55K,-0.55%
02/10/2012,3.1577,3.1917,3.1917,3.147,30.13K,-0.76%
02/09/2012,3.1819,3.1765,3.195,3.1546,33.16K,0.67%
02/08/2012,3.1607,3.1534,3.1759,3.1372,33.31K,0.04%
02/07/2012,3.1595,3.1576,3.1867,3.1419,39.97K,0.49%
02/06/2012,3.144,3.0939,3.1619,3.0805,31.78K,1.60%
02/03/2012,3.0946,3.0432,3.098,3.0297,22.50K,2.03%
02/02/2012,3.0329,3.0297,3.0486,3.0094,28.22K,0.18%
02/01/2012,3.0274,3.0385,3.0657,3.018,26.48K,-0.77%
01/31/2012,3.0509,3.0382,3.09,3.0382,61.17K,0.43%
01/30/2012,3.0378,3.082,3.0825,3.0288,70.03K,-0.70%
01/27/2012,3.0593,3.0485,3.0816,3.0335,70.82K,0.48%
01/26/2012,3.0446,3.0365,3.058,3.0232,60.39K,1.14%
01/25/2012,3.0104,3.0268,3.04,2.9908,77.13K,-0.16%
01/24/2012,3.0151,3.0139,3.0305,3.0047,68.52K,0.39%
01/23/2012,3.0035,2.9911,3.0302,2.9844,42.58K,0.63%
01/20/2012,2.9848,3.0353,3.0439,2.9815,48.46K,-1.61%
01/19/2012,3.0335,3.0393,3.0453,3.0076,37.91K,0.74%
01/18/2012,3.0112,3.0352,3.0628,2.9917,66.81K,-0.74%
01/17/2012,3.0335,3.028,3.0871,3.014,46.77K,-0.80%
01/16/2012,3.0579,3.0441,3.0676,3.041,,1.25%
01/13/2012,3.0201,3.0485,3.0724,3.017,33.07K,-0.86%
01/12/2012,3.0463,3.0625,3.1286,3.0334,26.39K,-0.42%
01/11/2012,3.0593,3.1035,3.1145,3.0573,38.17K,-1.12%
01/10/2012,3.0939,3.0664,3.1123,3.0648,37.51K,0.84%
01/09/2012,3.0682,3.0795,3.088,3.0491,26.34K,0.14%
01/06/2012,3.0638,3.0452,3.086,3.0367,29.85K,0.91%
01/05/2012,3.0361,3.0852,3.0967,3.0317,35.14K,-1.51%
01/04/2012,3.0828,3.0357,3.0938,3.0184,34.28K,1.78%
01/03/2012,3.0288,2.9148,3.0364,2.9148,28.16K,3.11%
01/02/2012,2.9375,2.9108,2.943,2.9108,,0.80%
12/30/2011,2.9142,2.9275,2.9531,2.8932,45.29K,-0.20%
12/29/2011,2.9201,2.9012,2.9327,2.8949,42.56K,0.65%
12/28/2011,2.9012,2.9092,2.9329,2.8905,46.04K,-0.50%
12/27/2011,2.9159,2.9108,2.9434,2.8976,38.80K,0.39%
12/26/2011,2.9047,2.9085,2.912,2.9047,,0.18%
12/23/2011,2.8995,2.9069,2.928,2.895,30.78K,-0.55%
12/22/2011,2.9154,2.9144,2.9343,2.9021,39.94K,-0.08%
12/21/2011,2.9176,2.9176,2.925,2.8618,44.74K,2.04%
12/20/2011,2.8592,2.795,2.8782,2.7943,41.65K,2.47%
12/19/2011,2.7903,2.8106,2.8453,2.7859,38.22K,-0.72%
12/16/2011,2.8106,2.8289,2.8599,2.807,41.73K,-0.76%
12/15/2011,2.832,2.8379,2.8875,2.8198,40.13K,-0.23%
12/14/2011,2.8386,2.9391,2.9438,2.8273,27.25K,-3.45%
12/13/2011,2.94,2.9016,2.9906,2.8982,29.61K,1.19%
12/12/2011,2.9055,2.9185,2.927,2.8954,22.47K,-0.66%
12/09/2011,2.9247,2.9264,2.9639,2.9092,28.72K,-0.52%
12/08/2011,2.9401,2.9967,3.0312,2.9228,25.88K,-1.76%
12/07/2011,2.9927,3.036,3.0488,2.99,25.93K,-1.25%
12/06/2011,3.0307,2.993,3.0325,2.991,18.48K,0.97%
12/05/2011,3.0016,3.0036,3.0868,2.9929,15.74K,0.06%
12/02/2011,2.9999,3.006,3.0348,2.9775,21.53K,0.62%
12/01/2011,2.9814,3.039,3.0482,2.9722,37.73K,-1.44%
11/30/2011,3.0251,3.02,3.0685,3.01,69.95K,-0.28%
11/29/2011,3.0336,2.974,3.0464,2.9709,65.52K,1.71%
11/28/2011,2.9827,2.9486,3.01,2.9486,65.72K,1.44%
11/25/2011,2.9405,2.9681,3.0037,2.9288,31.75K,-0.94%
11/24/2011,2.9683,2.9573,2.9938,2.9564,,-0.10%
11/23/2011,2.9714,3.0388,3.0406,2.9673,56.92K,-2.47%
11/22/2011,3.0465,2.9939,3.0494,2.9845,65.60K,1.40%
11/21/2011,3.0043,3.0574,3.0674,2.9778,61.47K,-1.22%
11/18/2011,3.0413,3.088,3.1342,3.0387,46.91K,-1.58%
11/17/2011,3.0901,3.1229,3.1542,3.0814,53.40K,-1.62%
11/16/2011,3.1409,3.1783,3.1812,3.115,55.40K,-1.04%
11/15/2011,3.174,3.1675,3.1907,3.1557,33.81K,0.38%
11/14/2011,3.162,3.1885,3.1956,3.1562,25.43K,-0.20%
11/11/2011,3.1682,3.138,3.1948,3.1361,29.20K,0.70%
11/10/2011,3.1463,3.1097,3.1681,3.0824,50.07K,1.52%
11/09/2011,3.0993,3.127,3.1512,3.08,39.05K,-0.65%
11/08/2011,3.1195,3.1198,3.1594,3.1079,43.65K,0.01%
11/07/2011,3.1192,3.0825,3.1331,3.0575,22.63K,1.61%
11/04/2011,3.0699,3.0378,3.08,3.0335,12.89K,1.09%
11/03/2011,3.0369,3.0176,3.0509,2.9755,22.23K,1.22%
11/02/2011,3.0003,3.0171,3.0584,2.9938,37.89K,-1.07%
11/01/2011,3.0329,3.0409,3.045,2.966,22.39K,-0.83%
10/31/2011,3.0583,3.0786,3.0786,3.027,51.35K,-0.26%
10/28/2011,3.0664,3.1092,3.1135,3.0543,55.84K,-1.20%
10/27/2011,3.1037,3.0256,3.1177,3.0255,67.29K,2.74%
10/26/2011,3.021,3.0481,3.0703,3.0181,65.00K,-0.99%
10/25/2011,3.0512,3.045,3.0712,3.0215,60.39K,-0.10%
10/24/2011,3.0542,3.0159,3.059,3.015,47.62K,1.27%
10/21/2011,3.0159,3.026,3.0775,3.0122,50.91K,-0.35%
10/20/2011,3.0266,2.9877,3.0307,2.9637,51.21K,1.56%
10/19/2011,2.98,3.035,3.0599,2.9767,52.10K,-1.56%
10/18/2011,3.0271,3.0043,3.041,2.9688,54.54K,0.56%
10/17/2011,3.0102,3.0568,3.0869,2.999,38.29K,-1.19%
10/14/2011,3.0466,2.967,3.0588,2.9616,41.77K,2.82%
10/13/2011,2.963,2.9226,2.9739,2.9097,45.65K,1.13%
10/12/2011,2.93,2.895,2.9494,2.8855,32.34K,0.91%
10/11/2011,2.9037,2.8946,2.9141,2.8533,40.37K,0.20%
10/10/2011,2.898,2.8512,2.9162,2.8385,28.96K,1.64%
10/07/2011,2.8512,2.8484,2.8708,2.8179,25.27K,-0.08%
10/06/2011,2.8534,2.7675,2.8559,2.7479,38.80K,2.88%
10/05/2011,2.7735,2.7602,2.7751,2.7305,33.33K,2.08%
10/04/2011,2.717,2.7299,2.7709,2.6914,34.66K,-1.17%
10/03/2011,2.7491,2.7776,2.7821,2.73,23.16K,-1.09%
09/30/2011,2.7793,2.8426,2.8465,2.7722,67.60K,-1.67%
09/29/2011,2.8266,2.819,2.8812,2.8025,53.76K,-0.02%
09/28/2011,2.8271,2.8825,2.897,2.82,59.02K,-2.03%
09/27/2011,2.8857,2.8275,2.8935,2.8188,74.19K,2.95%
09/26/2011,2.803,2.806,2.8465,2.7624,60.45K,-0.10%
09/23/2011,2.8059,2.8579,2.8861,2.8028,65.96K,-1.82%
09/22/2011,2.8579,2.92,2.9305,2.8302,72.68K,-2.96%
09/21/2011,2.9452,2.963,3.0113,2.9205,55.95K,-0.88%
09/20/2011,2.9713,2.9536,2.9986,2.9439,28.24K,0.58%
09/19/2011,2.9543,3.0033,3.0139,2.9389,28.88K,-2.08%
09/16/2011,3.0171,3.0307,3.0585,3.0038,23.34K,-0.46%
09/15/2011,3.0309,2.9483,3.0517,2.9404,29.24K,2.62%
09/14/2011,2.9536,2.9547,2.9575,2.912,26.93K,0.24%
09/13/2011,2.9465,2.9675,2.975,2.9336,37.52K,-0.35%
09/12/2011,2.9569,2.9811,2.993,2.9368,21.98K,-1.23%
09/09/2011,2.9938,3.0477,3.0738,2.9601,20.95K,-1.93%
09/08/2011,3.0526,3.0879,3.0879,3.044,24.20K,-1.07%
09/07/2011,3.0856,3.0268,3.0975,3.0194,23.40K,2.18%
09/06/2011,3.0198,2.9988,3.0345,2.9429,17.50K,2.65%
09/05/2011,2.9418,2.9906,2.991,2.9325,,-2.14%
09/02/2011,3.0061,3.0619,3.0677,2.9897,16.31K,-1.79%
09/01/2011,3.0608,3.0949,3.0971,3.0583,16.26K,-0.75%
08/31/2011,3.084,3.0767,3.0947,3.0591,48.12K,0.24%
08/30/2011,3.0767,3.0223,3.0843,3.004,50.90K,1.97%
08/29/2011,3.0173,3.0154,3.0478,2.9951,40.80K,0.05%
08/26/2011,3.0158,2.9828,3.0236,2.9658,53.98K,0.76%
08/25/2011,2.9932,2.97,3.0062,2.9448,56.15K,0.82%
08/24/2011,2.969,2.9619,2.9925,2.9437,52.59K,0.67%
08/23/2011,2.9492,2.9185,2.9675,2.8897,54.23K,1.04%
08/22/2011,2.9187,2.9176,2.9283,2.8493,43.38K,0.18%
08/19/2011,2.9134,2.8678,2.9404,2.8397,28.39K,1.03%
08/18/2011,2.8836,2.9721,2.9754,2.8664,36.63K,-2.93%
08/17/2011,2.9706,2.9515,3.0071,2.9445,20.76K,0.97%
08/16/2011,2.9421,2.949,2.9659,2.9167,20.80K,-0.40%
08/15/2011,2.9539,2.904,2.9579,2.9034,21.46K,1.49%
08/12/2011,2.9105,2.8988,2.9435,2.8857,20.76K,0.14%
08/11/2011,2.9064,2.846,2.9141,2.8332,30.32K,1.09%
08/10/2011,2.8751,2.8088,2.8929,2.8088,33.19K,3.56%
08/09/2011,2.7763,2.835,2.8667,2.7154,29.86K,-1.25%
08/08/2011,2.8114,2.938,2.938,2.7935,23.32K,-4.74%
08/05/2011,2.9513,2.9204,2.975,2.8376,23.29K,1.60%
08/04/2011,2.9048,3.0372,3.0495,2.8999,28.70K,-4.19%
08/03/2011,3.0318,3.0866,3.1014,3.0259,17.56K,-2.36%
08/02/2011,3.1051,3.1072,3.1549,3.0774,17.97K,-0.16%
08/01/2011,3.1102,3.136,3.2068,3.0664,17.40K,0.35%
07/29/2011,3.0994,3.1124,3.1181,3.0749,65.48K,-0.48%
07/28/2011,3.1144,3.0951,3.1327,3.091,49.91K,0.65%
07/27/2011,3.0944,3.1175,3.1244,3.0909,45.16K,-0.98%
07/26/2011,3.1251,3.1085,3.15,3.0817,47.79K,0.14%
07/25/2011,3.1207,3.1425,3.1425,3.1028,39.16K,-0.66%
07/22/2011,3.1415,3.1175,3.1513,3.114,31.12K,0.92%
07/21/2011,3.1129,3.1267,3.1577,3.0971,33.07K,-0.61%
07/20/2011,3.132,3.1195,3.1468,3.1006,37.53K,0.68%
07/19/2011,3.1107,3.0993,3.1435,3.0939,22.80K,0.65%
07/18/2011,3.0905,3.1343,3.1456,3.0571,20.45K,-1.24%
07/15/2011,3.1292,3.1065,3.1416,3.0698,18.00K,1.07%
07/14/2011,3.0962,3.1073,3.1481,3.0709,26.49K,-0.56%
07/13/2011,3.1137,3.073,3.1459,3.0707,31.80K,0.45%
07/12/2011,3.0999,3.0911,3.1013,3.054,26.84K,0.05%
07/11/2011,3.0982,3.1012,3.1253,3.05,24.39K,-0.32%
07/08/2011,3.1081,3.1136,3.1461,3.08,28.03K,-0.24%
07/07/2011,3.1155,2.9943,3.1173,2.9924,26.63K,4.58%
07/06/2011,2.9791,2.9704,2.9914,2.9459,8.91K,0.21%
07/05/2011,2.9728,2.947,3.0034,2.9127,15.87K,1.70%
07/04/2011,2.923,2.935,2.9389,2.9112,,-0.57%
07/01/2011,2.9397,2.956,2.956,2.8947,14.15K,-0.22%
06/30/2011,2.9463,2.9354,2.9648,2.9055,54.57K,0.40%
06/29/2011,2.9347,2.8433,2.948,2.8298,58.65K,3.28%
06/28/2011,2.8415,2.7852,2.8514,2.7643,45.03K,2.16%
06/27/2011,2.7814,2.7738,2.8036,2.7321,48.92K,0.45%
06/24/2011,2.7689,2.8499,2.8518,2.7501,53.31K,-1.09%
06/23/2011,2.7994,2.9503,2.9513,2.7715,75.25K,-5.77%
06/22/2011,2.9709,2.9029,2.9879,2.8847,51.37K,2.23%
06/21/2011,2.9062,2.9429,2.9772,2.8798,58.82K,-1.38%
06/20/2011,2.9469,2.991,2.9971,2.9398,27.00K,-1.70%
06/17/2011,2.9978,3.0278,3.0278,2.9482,22.58K,-0.67%
06/16/2011,3.0179,3.02,3.0482,2.9848,25.55K,0.65%
06/15/2011,2.9984,3.1381,3.1429,2.9847,23.69K,-4.48%
06/14/2011,3.1391,3.1136,3.1667,3.1053,24.71K,0.61%
06/13/2011,3.1202,3.1135,3.1496,3.0763,20.27K,0.02%
06/10/2011,3.1196,3.1498,3.16,3.0997,15.71K,-0.99%
06/09/2011,3.1508,3.1013,3.1566,3.0894,24.54K,1.37%
06/08/2011,3.1081,3.0912,3.1266,3.0579,23.07K,0.55%
06/07/2011,3.0912,3.0225,3.1082,3.0173,23.47K,1.95%
06/06/2011,3.032,3.0776,3.0776,3.0198,18.87K,-1.25%
06/03/2011,3.0703,3.0675,3.0822,3,22.35K,0.39%
06/02/2011,3.0584,3.023,3.0667,3.0092,21.08K,1.16%
06/01/2011,3.0233,3.0676,3.0784,3.0062,17.81K,-0.97%
05/31/2011,3.053,3,3.075,2.9762,62.53K,1.88%
05/30/2011,2.9968,2.9973,2.999,2.9767,,-0.15%
05/27/2011,3.0014,2.9934,3.0098,2.9813,46.97K,0.27%
05/26/2011,2.9934,2.9955,3.0134,2.9768,60.81K,0.04%
05/25/2011,2.9923,2.9137,2.9977,2.8952,57.82K,2.43%
05/24/2011,2.9213,2.8606,2.93,2.8401,46.86K,2.15%
05/23/2011,2.8597,2.9257,2.928,2.8423,46.38K,-2.47%
05/20/2011,2.932,2.9117,2.9534,2.8395,42.00K,0.81%
05/19/2011,2.9085,2.912,2.9375,2.8942,37.85K,-0.37%
05/18/2011,2.9193,2.8934,2.936,2.8788,30.27K,2.12%
05/17/2011,2.8588,2.8733,2.91,2.8221,39.82K,-1.03%
05/16/2011,2.8886,2.9468,2.9512,2.8712,26.37K,-2.20%
05/13/2011,2.9535,2.9235,2.972,2.8999,22.49K,0.95%
05/12/2011,2.9256,2.9261,2.9636,2.8611,34.02K,0.46%
05/11/2011,2.9123,3.0177,3.0327,2.905,29.70K,-3.39%
05/10/2011,3.0145,2.9728,3.0253,2.9347,32.73K,1.37%
05/09/2011,2.9739,2.8877,3,2.8743,31.01K,4.00%
05/06/2011,2.8594,2.9111,2.9792,2.7885,31.71K,-1.47%
05/05/2011,2.902,3.15,3.1825,2.8688,30.87K,-8.11%
05/04/2011,3.1581,3.2058,3.2215,3.1494,21.50K,-1.51%
05/03/2011,3.2064,3.2515,3.2614,3.1851,17.61K,-1.85%
05/02/2011,3.2669,3.2907,3.3059,3.1906,13.98K,-0.27%
04/29/2011,3.2758,3.248,3.281,3.2358,35.51K,0.92%
04/28/2011,3.2459,3.2561,3.2837,3.2225,53.81K,-0.07%
04/27/2011,3.2481,3.2173,3.2706,3.2069,55.11K,0.64%
04/26/2011,3.2273,3.1955,3.2325,3.185,47.81K,0.89%
04/25/2011,3.1989,3.2162,3.2356,3.1688,44.82K,-0.12%
04/22/2011,3.2026,3.2026,3.2026,3.2026,,-0.42%
04/21/2011,3.2162,3.2333,3.2539,3.2002,41.45K,-0.61%
04/20/2011,3.2359,3.1677,3.248,3.1638,44.95K,2.00%
04/19/2011,3.1725,3.2042,3.2042,3.1325,51.11K,-0.71%
04/18/2011,3.1952,3.2381,3.2389,3.1757,34.57K,-1.28%
04/15/2011,3.2367,3.2202,3.2544,3.2001,25.08K,1.10%
04/14/2011,3.2016,3.2375,3.2383,3.184,31.38K,-0.45%
04/13/2011,3.2161,3.194,3.2296,3.1718,32.05K,0.94%
04/12/2011,3.1863,3.2489,3.2925,3.1662,47.40K,-2.40%
04/11/2011,3.2647,3.325,3.3316,3.2445,28.91K,-1.94%
04/08/2011,3.3292,3.2179,3.3372,3.2135,32.35K,3.46%
04/07/2011,3.218,3.203,3.2221,3.1842,22.14K,0.42%
04/06/2011,3.2045,3.1813,3.2313,3.1785,27.75K,0.23%
04/05/2011,3.1972,3.171,3.2058,3.1545,17.26K,0.50%
04/04/2011,3.1814,3.1502,3.1868,3.1471,15.25K,1.15%
04/01/2011,3.1452,3.1175,3.1501,3.1043,16.52K,1.05%
03/31/2011,3.1125,3.055,3.1306,3.0525,52.96K,1.94%
03/30/2011,3.0534,3.054,3.072,3.0366,48.13K,-0.13%
03/29/2011,3.0573,3.039,3.0688,3.0183,50.61K,0.53%
03/28/2011,3.0412,3.076,3.088,3.0355,47.82K,-0.99%
03/25/2011,3.0715,3.0871,3.097,3.0655,40.09K,-0.23%
03/24/2011,3.0787,3.071,3.0871,3.032,53.53K,0.22%
03/23/2011,3.0719,3.086,3.1123,3.059,39.65K,-0.65%
03/22/2011,3.0921,3.0628,3.1052,3.05,35.56K,0.81%
03/21/2011,3.0672,3.0486,3.0912,3.0486,32.93K,1.01%
03/18/2011,3.0364,3.084,3.1127,3.0172,28.85K,-1.24%
03/17/2011,3.0745,3.005,3.0906,2.9728,25.22K,2.32%
03/16/2011,3.0047,2.9658,3.0467,2.93,45.03K,1.48%
03/15/2011,2.9608,3.0674,3.0674,2.9254,33.06K,-3.59%
03/14/2011,3.0709,3.0435,3.0854,3.0072,31.28K,1.09%
03/11/2011,3.0379,3.0558,3.0621,2.9933,21.89K,-0.59%
03/10/2011,3.0559,3.0821,3.0971,3.0017,25.70K,-0.77%
03/09/2011,3.0796,3.016,3.0911,3.0096,19.24K,1.87%
03/08/2011,3.0231,3.05,3.0802,2.9957,25.80K,-1.67%
03/07/2011,3.0743,3.0921,3.1426,3.0561,21.52K,-0.69%
03/04/2011,3.0957,3.058,3.0999,3.058,19.51K,1.21%
03/03/2011,3.0588,3.0708,3.0744,3.0278,15.02K,-0.34%
03/02/2011,3.0692,3.0598,3.0938,3.0258,20.51K,1.07%
03/01/2011,3.0368,2.954,3.0674,2.9517,15.37K,3.33%
02/28/2011,2.9389,2.9518,2.9891,2.9247,41.11K,-0.22%
02/25/2011,2.9455,2.8808,2.9585,2.8766,49.10K,1.81%
02/24/2011,2.8932,2.9286,3.0767,2.8583,63.58K,-0.80%
02/23/2011,2.9166,2.8092,2.9348,2.7966,53.27K,4.03%
02/22/2011,2.8035,2.7275,2.8693,2.7275,52.25K,-1.08%
02/21/2011,2.834,2.7286,2.8415,2.7285,,3.96%
02/18/2011,2.726,2.7351,2.7581,2.6831,50.46K,-0.54%
02/17/2011,2.7409,2.7844,2.7888,2.7335,34.76K,-1.44%
02/16/2011,2.7809,2.732,2.7982,2.732,35.89K,1.77%
02/15/2011,2.7324,2.7538,2.7757,2.7183,30.85K,-0.82%
02/14/2011,2.7551,2.705,2.7861,2.705,21.53K,1.94%
02/11/2011,2.7028,2.7306,2.7413,2.6932,29.35K,-0.49%
02/10/2011,2.7161,2.771,2.7808,2.7083,43.47K,-1.97%
02/09/2011,2.7706,2.7359,2.7777,2.7291,31.79K,1.46%
02/08/2011,2.7306,2.7071,2.7427,2.6692,34.26K,0.84%
02/07/2011,2.7078,2.7226,2.7404,2.6924,25.12K,-0.38%
02/04/2011,2.7181,2.763,2.7837,2.705,26.87K,-1.77%
02/03/2011,2.7672,2.7805,2.8009,2.7582,28.09K,-0.40%
02/02/2011,2.7784,2.7505,2.7827,2.7461,27.50K,0.95%
02/01/2011,2.7522,2.727,2.7566,2.7131,29.46K,0.43%
01/31/2011,2.7403,2.7045,2.7596,2.6728,53.09K,1.71%
01/28/2011,2.6942,2.6579,2.7071,2.6425,67.18K,1.47%
01/27/2011,2.6551,2.6768,2.696,2.652,52.88K,-0.61%
01/26/2011,2.6713,2.6125,2.6841,2.605,69.35K,2.88%
01/25/2011,2.5966,2.6193,2.6275,2.5762,56.05K,-1.01%
01/24/2011,2.6231,2.6588,2.6808,2.6183,47.23K,-1.18%
01/21/2011,2.6543,2.6255,2.6645,2.622,57.20K,1.06%
01/20/2011,2.6265,2.6574,2.659,2.599,47.69K,-1.22%
01/19/2011,2.659,2.642,2.6774,2.642,40.87K,0.38%
01/18/2011,2.6489,2.6486,2.6634,2.6245,32.95K,0.81%
01/17/2011,2.6277,2.6426,2.6454,2.6246,,-0.79%
01/14/2011,2.6486,2.6247,2.6495,2.6017,29.90K,1.36%
01/13/2011,2.6131,2.62,2.6306,2.5925,35.81K,-0.35%
01/12/2011,2.6223,2.6078,2.6375,2.6024,31.34K,0.43%
01/11/2011,2.6112,2.5668,2.615,2.6112,32.11K,2.09%
01/10/2011,2.5578,2.5174,2.5656,2.4969,27.21K,2.70%
01/07/2011,2.4906,2.5241,2.5266,2.4906,30.87K,-1.07%
01/06/2011,2.5175,2.5577,2.5648,2.5066,28.04K,-1.31%
01/05/2011,2.551,2.52,2.5622,2.4786,24.68K,1.37%
01/04/2011,2.5165,2.5649,2.5781,2.4935,27.39K,-1.64%
01/03/2011,2.5585,2.548,2.5921,2.548,10.87K,0.63%
12/31/2010,2.5424,2.4974,2.5669,2.4741,38.79K,1.70%
12/30/2010,2.4999,2.5324,2.5452,2.4821,42.82K,-1.34%
12/29/2010,2.5339,2.531,2.542,2.5239,29.68K,-0.06%
12/28/2010,2.5355,2.522,2.5425,2.5208,27.57K,0.35%
12/27/2010,2.5266,2.55,2.5601,2.5167,27.44K,-0.79%
12/24/2010,2.5466,2.5466,2.5466,2.5466,,-0.19%
12/23/2010,2.5515,2.539,2.5586,2.534,28.38K,0.44%
12/22/2010,2.5402,2.5328,2.5488,2.5285,41.28K,0.44%
12/21/2010,2.5291,2.4982,2.5333,2.4852,33.36K,1.01%
12/20/2010,2.5038,2.4855,2.5134,2.465,39.67K,0.74%
12/17/2010,2.4855,2.4944,2.511,2.4718,30.79K,0.04%
12/16/2010,2.4845,2.4895,2.5031,2.4795,32.59K,-0.34%
12/15/2010,2.4929,2.471,2.5034,2.4471,26.49K,0.51%
12/14/2010,2.4803,2.473,2.4941,2.4659,19.98K,-0.01%
12/13/2010,2.4805,2.4695,2.5101,2.4635,20.98K,0.34%
12/10/2010,2.4721,2.4917,2.4976,2.4537,21.33K,-0.44%
12/09/2010,2.4831,2.4773,2.5053,2.4687,27.09K,0.13%
12/08/2010,2.4798,2.4779,2.4987,2.4515,23.55K,-0.35%
12/07/2010,2.4886,2.4834,2.5321,2.4744,31.44K,-0.10%
12/06/2010,2.4911,2.5135,2.5183,2.4815,24.95K,-0.38%
12/03/2010,2.5005,2.4585,2.5108,2.4503,21.87K,1.43%
12/02/2010,2.4652,2.4139,2.4715,2.4059,28.76K,1.97%
12/01/2010,2.4175,2.3376,2.4219,2.3315,15.55K,4.01%
11/30/2010,2.3244,2.3822,2.3834,2.3133,58.83K,-2.35%
11/29/2010,2.3803,2.338,2.3874,2.3325,54.02K,2.03%
11/26/2010,2.333,2.35,2.3563,2.3119,21.99K,0.31%
11/25/2010,2.3257,2.3321,2.3399,2.3131,,-0.69%
11/24/2010,2.3418,2.263,2.3484,2.263,50.63K,3.30%
11/23/2010,2.2669,2.2822,2.2921,2.2451,51.61K,-0.82%
11/22/2010,2.2856,2.2911,2.3224,2.2611,39.64K,-0.27%
11/19/2010,2.2918,2.3212,2.3369,2.2757,44.06K,-0.93%
11/18/2010,2.3133,2.272,2.3229,2.2709,43.35K,1.83%
11/17/2010,2.2718,2.33,2.3319,2.2585,36.79K,-2.41%
11/16/2010,2.328,2.381,2.3849,2.325,27.50K,-2.55%
11/15/2010,2.3888,2.373,2.4086,2.373,16.50K,0.34%
11/12/2010,2.3806,2.4396,2.4396,2.3679,22.87K,-2.57%
11/11/2010,2.4433,2.4599,2.472,2.442,29.39K,-0.60%
11/10/2010,2.458,2.4223,2.4683,2.4177,45.48K,1.31%
11/09/2010,2.4263,2.413,2.4402,2.3982,37.98K,0.27%
11/08/2010,2.4198,2.4231,2.4231,2.3913,16.98K,0.52%
11/05/2010,2.4074,2.3993,2.417,2.3851,17.88K,0.48%
11/04/2010,2.3959,2.3542,2.4018,2.353,15.21K,1.91%
11/03/2010,2.351,2.3264,2.3614,2.3205,19.14K,1.44%
11/02/2010,2.3176,2.3043,2.3313,2.3041,17.91K,0.68%
11/01/2010,2.302,2.2679,2.327,2.2654,10.92K,2.87%
10/29/2010,2.2377,2.2562,2.259,2.2183,55.56K,-0.96%
10/28/2010,2.2594,2.2552,2.2731,2.2436,46.27K,0.14%
10/27/2010,2.2562,2.263,2.2662,2.2188,48.99K,-0.54%
10/26/2010,2.2684,2.2743,2.281,2.2579,42.10K,-0.25%
10/25/2010,2.2741,2.2781,2.3009,2.2505,49.17K,0.22%
10/22/2010,2.2691,2.24,2.2798,2.2275,37.64K,1.62%
10/21/2010,2.233,2.2707,2.2795,2.225,46.68K,-1.76%
10/20/2010,2.2729,2.2085,2.2737,2.2082,48.26K,2.86%
10/19/2010,2.2097,2.294,2.2956,2.2064,47.17K,-3.73%
10/18/2010,2.2953,2.2493,2.2987,2.23,27.58K,2.04%
10/15/2010,2.2495,2.3033,2.3129,2.2376,36.98K,-2.31%
10/14/2010,2.3027,2.3227,2.3397,2.291,29.45K,-0.68%
10/13/2010,2.3185,2.2824,2.3284,2.2824,26.80K,1.57%
10/12/2010,2.2827,2.2946,2.3027,2.2664,31.01K,-0.63%
10/11/2010,2.2972,2.3033,2.3172,2.284,24.39K,-0.16%
10/08/2010,2.3008,2.2723,2.3086,2.2432,25.83K,1.25%
10/07/2010,2.2723,2.3321,2.3514,2.2611,34.37K,-2.34%
10/06/2010,2.3268,2.3168,2.3513,2.3012,24.11K,0.21%
10/05/2010,2.322,2.2993,2.3263,2.2953,29.51K,0.93%
10/04/2010,2.3006,2.3155,2.328,2.2896,20.21K,-0.40%
10/01/2010,2.3099,2.2763,2.3143,2.2747,32.94K,1.86%
09/30/2010,2.2678,2.215,2.2707,2.205,65.55K,2.56%
09/29/2010,2.2113,2.1479,2.2172,2.1382,62.58K,3.27%
09/28/2010,2.1412,2.1325,2.164,2.114,44.00K,0.08%
09/27/2010,2.1394,2.1481,2.1573,2.1116,45.40K,-0.49%
09/24/2010,2.1499,2.1246,2.1603,2.1204,44.87K,0.77%
09/23/2010,2.1335,2.1231,2.1465,2.0943,45.42K,0.40%
09/22/2010,2.125,2.1294,2.1495,2.1063,42.88K,-0.52%
09/21/2010,2.1362,2.1519,2.1787,2.1263,42.01K,-0.87%
09/20/2010,2.1549,2.1159,2.1695,2.1072,39.65K,1.78%
09/17/2010,2.1172,2.1186,2.1472,2.0888,29.81K,-0.07%
09/16/2010,2.1186,2.14,2.1492,2.1031,29.62K,-1.46%
09/15/2010,2.1499,2.14,2.1545,2.1271,22.22K,0.25%
09/14/2010,2.1445,2.1368,2.1681,2.1309,24.43K,0.25%
09/13/2010,2.1392,2.1275,2.16,2.1221,39.37K,0.81%
09/10/2010,2.1221,2.0857,2.1276,2.0844,31.87K,1.54%
09/09/2010,2.0899,2.1143,2.1292,2.0803,17.98K,-0.76%
09/08/2010,2.1058,2.087,2.1244,2.0773,16.85K,0.42%
09/07/2010,2.0969,2.0733,2.1176,2.0489,18.77K,2.03%
09/06/2010,2.0551,2.0537,2.0659,2.0478,,-1.23%
09/03/2010,2.0807,2.0766,2.093,2.0377,19.28K,-0.16%
09/02/2010,2.084,2.0633,2.0862,2.0393,19.74K,1.01%
09/01/2010,2.0632,2.0154,2.0785,2.0154,20.39K,3.59%
08/31/2010,1.9917,2.028,2.0504,1.9846,72.67K,-2.26%
08/30/2010,2.0377,2.061,2.0675,2.026,50.47K,-0.96%
08/27/2010,2.0575,2.017,2.0679,1.9994,58.22K,1.68%
08/26/2010,2.0236,1.992,2.0391,1.9829,54.64K,1.91%
08/25/2010,1.9856,1.951,1.9954,1.9419,49.64K,1.63%
08/24/2010,1.9537,1.978,1.9798,1.9486,43.47K,-1.15%
08/23/2010,1.9765,1.993,2.0103,1.9723,41.69K,-0.83%
08/20/2010,1.9931,2.0275,2.0336,1.9893,35.10K,-1.50%
08/19/2010,2.0235,2.0449,2.0661,2.0142,30.45K,-1.22%
08/18/2010,2.0484,2.0464,2.0567,2.0125,28.07K,-0.15%
08/17/2010,2.0514,2.0144,2.0645,2.0137,24.14K,1.74%
08/16/2010,2.0164,2.0283,2.0415,2.0108,17.49K,-0.39%
08/13/2010,2.0242,2.033,2.0586,2.0168,18.41K,-0.41%
08/12/2010,2.0326,2.092,2.1025,2.029,33.13K,-3.53%
08/11/2010,2.107,2.159,2.1607,2.09,24.30K,-2.36%
08/10/2010,2.158,2.1913,2.1934,2.1302,24.88K,-1.36%
08/09/2010,2.1878,2.18,2.2054,2.1785,17.00K,0.43%
08/06/2010,2.1784,2.22,2.2323,2.1626,21.24K,-1.65%
08/05/2010,2.215,2.2289,2.2339,2.2091,18.34K,-0.73%
08/04/2010,2.2312,2.2259,2.2373,2.21,14.15K,0.12%
08/03/2010,2.2286,2.1859,2.2311,2.1833,16.01K,2.14%
08/02/2010,2.1819,2.1159,2.1969,2.1159,14.77K,4.49%
07/30/2010,2.0881,2.0688,2.0925,2.0314,53.25K,0.89%
07/29/2010,2.0696,2.024,2.0848,2.0161,52.00K,2.15%
07/28/2010,2.026,2.0207,2.0393,2.0044,45.95K,-0.17%
07/27/2010,2.0294,2.0705,2.0908,2.0154,48.40K,-2.01%
07/26/2010,2.0711,2.0794,2.0886,2.0573,30.11K,-0.36%
07/23/2010,2.0786,2.0853,2.1018,2.065,33.65K,-0.52%
07/22/2010,2.0895,2.0166,2.0931,2.0099,42.44K,3.63%
07/21/2010,2.0163,2.0566,2.0762,2.0114,38.34K,-1.67%
07/20/2010,2.0506,2.0376,2.063,2.0207,36.45K,0.46%
07/19/2010,2.0413,2.0286,2.0858,2.0257,30.47K,0.37%
07/16/2010,2.0338,2.0484,2.0572,2.0166,13.83K,-0.39%
07/15/2010,2.0418,2.0501,2.0749,2.0163,21.77K,-0.84%
07/14/2010,2.0592,2.0728,2.0871,2.0483,21.28K,-0.57%
07/13/2010,2.071,2.024,2.0823,2.001,17.98K,2.75%
07/12/2010,2.0156,2.0503,2.0585,2.0093,14.58K,-1.63%
07/09/2010,2.049,2.04,2.0657,2.0247,17.66K,0.97%
07/08/2010,2.0293,2.0105,2.0542,2.0063,19.37K,1.42%
07/07/2010,2.0009,1.945,2.0186,1.936,17.93K,3.03%
07/06/2010,1.942,1.95,1.994,1.9236,19.06K,1.97%
07/05/2010,1.9045,1.924,1.9305,1.898,,-1.93%
07/02/2010,1.942,1.9675,1.9805,1.9318,14.41K,-1.32%
07/01/2010,1.9679,2.0372,2.043,1.9521,22.48K,-2.30%
06/30/2010,2.0143,2.0327,2.0635,1.9913,59.21K,-1.73%
06/29/2010,2.0498,2.1171,2.1186,2.0309,48.69K,-3.18%
06/28/2010,2.1171,2.1386,2.1386,2.1034,36.78K,-0.76%
06/25/2010,2.1334,2.0776,2.1396,2.0609,51.79K,2.65%
06/24/2010,2.0783,2.0804,2.0918,2.055,42.75K,-0.39%
06/23/2010,2.0865,2.1383,2.1383,2.0679,40.86K,-2.07%
06/22/2010,2.1307,2.1541,2.1624,2.1237,46.20K,-1.42%
06/21/2010,2.1613,2.1455,2.1874,2.1403,31.62K,0.80%
06/18/2010,2.1442,2.1567,2.1625,2.128,26.48K,-0.83%
06/17/2010,2.1621,2.1263,2.1656,2.1172,35.39K,1.66%
06/16/2010,2.1268,2.0883,2.1371,2.0779,25.54K,1.92%
06/15/2010,2.0868,2.0347,2.0961,2.028,17.43K,2.05%
06/14/2010,2.0448,2.0258,2.0785,2.0253,16.62K,0.94%
06/11/2010,2.0258,2.053,2.0606,2.0125,22.99K,-1.31%
06/10/2010,2.0527,2.0223,2.0723,2.0147,24.81K,1.15%
06/09/2010,2.0293,1.9875,2.0402,1.9797,24.35K,2.25%
06/08/2010,1.9847,1.9697,2.0014,1.9696,19.39K,-0.17%
06/07/2010,1.9881,1.9588,2.0061,1.942,17.30K,0.59%
06/04/2010,1.9765,2.0485,2.0756,1.9635,17.72K,-3.96%
06/03/2010,2.058,2.0389,2.0609,2.0195,20.11K,1.62%
06/02/2010,2.0252,1.98,2.0429,1.9734,16.95K,1.71%
06/01/2010,1.9912,2.0235,2.0583,1.9674,16.66K,-1.55%
05/31/2010,2.0225,2.004,2.027,2.003,,0.90%
05/28/2010,2.0045,2.017,2.041,1.9847,45.99K,-0.26%
05/27/2010,2.0097,1.9325,2.0171,1.92,56.22K,4.00%
05/26/2010,1.9324,1.9036,1.942,1.885,51.36K,2.56%
05/25/2010,1.8842,1.9125,1.9141,1.8483,50.56K,-1.54%
05/24/2010,1.9136,1.9125,1.9288,1.8968,44.06K,0.14%
05/21/2010,1.9109,1.895,1.9405,1.8888,50.01K,-0.28%
05/20/2010,1.9162,1.9662,1.9752,1.8773,52.82K,-2.28%
05/19/2010,1.961,1.975,1.9849,1.9397,43.33K,-0.88%
05/18/2010,1.9785,2.0132,2.0384,1.965,36.85K,-1.17%
05/17/2010,2.002,2.0761,2.0845,1.9975,31.92K,-3.53%
05/14/2010,2.0752,2.149,2.1515,2.0677,31.25K,-3.42%
05/13/2010,2.1487,2.182,2.1904,2.1439,37.03K,-1.28%
05/12/2010,2.1766,2.1516,2.1888,2.1437,34.87K,0.78%
05/11/2010,2.1598,2.1456,2.1741,2.1212,20.86K,0.86%
05/10/2010,2.1414,2.123,2.1854,2.1206,22.26K,1.98%
05/07/2010,2.0998,2.1349,2.1557,2.0804,30.70K,-1.77%
05/06/2010,2.1377,2.2152,2.2152,2.0837,28.95K,-3.28%
05/05/2010,2.2101,2.2778,2.2879,2.1967,28.39K,-3.28%
05/04/2010,2.285,2.368,2.3735,2.2753,21.98K,-3.62%
05/03/2010,2.3708,2.35,2.3818,2.3375,11.74K,2.38%
04/30/2010,2.3157,2.29,2.3234,2.28,62.92K,1.65%
04/29/2010,2.2782,2.252,2.297,2.2473,57.35K,1.06%
04/28/2010,2.2542,2.246,2.2617,2.22,59.53K,-0.04%
04/27/2010,2.2551,2.26,2.2829,2.2405,54.19K,-0.38%
04/26/2010,2.2637,2.2789,2.2895,2.255,43.88K,-0.48%
04/23/2010,2.2747,2.2362,2.2783,2.226,36.57K,1.56%
04/22/2010,2.2397,2.2305,2.2508,2.1991,49.29K,0.45%
04/21/2010,2.2297,2.213,2.244,2.198,57.03K,1.12%
04/20/2010,2.2049,2.193,2.2186,2.1905,49.65K,0.98%
04/19/2010,2.1836,2.2393,2.2393,2.1631,58.89K,-2.49%
04/16/2010,2.2394,2.2713,2.2739,2.2131,39.78K,-1.52%
04/15/2010,2.2739,2.23,2.2825,2.2274,33.09K,0.54%
04/14/2010,2.2616,2.23,2.2768,2.2274,33.01K,1.26%
04/13/2010,2.2334,2.2372,2.2448,2.2063,37.64K,-0.18%
04/12/2010,2.2374,2.255,2.2631,2.232,26.00K,-0.28%
04/09/2010,2.2436,2.2443,2.2747,2.2243,26.32K,-0.04%
04/08/2010,2.2445,2.2539,2.2611,2.2245,34.25K,-0.73%
04/07/2010,2.2611,2.2782,2.2853,2.2527,29.23K,-1.06%
04/06/2010,2.2853,2.2757,2.2973,2.2729,24.65K,0.12%
04/05/2010,2.2825,2.2441,2.2898,2.2425,19.75K,2.32%
04/01/2010,2.2307,2.1841,2.2418,2.178,19.72K,2.37%
03/31/2010,2.179,2.1316,2.182,2.1266,50.75K,2.22%
03/30/2010,2.1316,2.134,2.1396,2.115,40.29K,0.14%
03/29/2010,2.1286,2.083,2.1532,2.083,53.95K,2.27%
03/26/2010,2.0813,2.073,2.1072,2.0607,52.25K,-0.05%
03/25/2010,2.0824,2.0758,2.101,2.0728,39.84K,-0.05%
03/24/2010,2.0835,2.1086,2.1086,2.0709,43.12K,-1.46%
03/23/2010,2.1143,2.0983,2.1166,2.0819,34.49K,0.78%
03/22/2010,2.0979,2.093,2.103,2.0384,36.41K,0.42%
03/19/2010,2.0891,2.1285,2.1299,2.0638,35.30K,-2.05%
03/18/2010,2.1329,2.15,2.15,2.12,19.91K,-0.86%
03/17/2010,2.1513,2.137,2.156,2.1238,19.17K,1.22%
03/16/2010,2.1253,2.0736,2.1334,2.0585,20.87K,2.71%
03/15/2010,2.0692,2.1087,2.116,2.0551,11.84K,-1.72%
03/12/2010,2.1054,2.13,2.154,2.0866,14.71K,-0.96%
03/11/2010,2.1258,2.1243,2.1357,2.112,21.60K,-0.09%
03/10/2010,2.1277,2.102,2.146,2.0909,24.51K,1.19%
03/09/2010,2.1026,2.1156,2.1191,2.0803,19.65K,-0.79%
03/08/2010,2.1194,2.122,2.1305,2.0985,16.60K,0.43%
03/05/2010,2.1104,2.0927,2.1208,2.0859,15.87K,1.39%
03/04/2010,2.0814,2.1038,2.1052,2.0731,18.88K,-1.06%
03/03/2010,2.1037,2.0692,2.1072,2.0636,19.89K,1.80%
03/02/2010,2.0666,2.0394,2.0957,2.0272,16.49K,1.56%
03/01/2010,2.0348,2.0522,2.0788,2.0178,12.58K,-0.02%
02/26/2010,2.0353,2.003,2.0485,1.9909,49.89K,1.84%
02/25/2010,1.9986,2.063,2.0634,1.9764,57.16K,-2.69%
02/24/2010,2.0539,2.0485,2.065,2.0266,48.35K,0.55%
02/23/2010,2.0426,2.088,2.0897,2.0305,44.57K,-2.18%
02/22/2010,2.0882,2.0898,2.1,2.0766,34.45K,0.42%
02/19/2010,2.0794,2.0464,2.0871,2.0279,33.92K,0.83%
02/18/2010,2.0622,2.0121,2.0673,1.9895,31.12K,2.25%
02/17/2010,2.0168,2.0097,2.022,1.9969,19.18K,0.54%
02/16/2010,2.0059,1.9288,2.0165,1.9175,20.79K,4.58%
02/15/2010,1.918,1.926,1.929,1.9085,,-0.56%
02/12/2010,1.9288,1.9712,1.9712,1.9093,25.18K,-2.15%
02/11/2010,1.9712,1.957,1.9836,1.9312,22.95K,0.87%
02/10/2010,1.9542,1.9334,1.9672,1.9154,20.08K,0.50%
02/09/2010,1.9444,1.8835,1.9545,1.8835,18.88K,2.69%
02/08/2010,1.8934,1.9002,1.9093,1.8728,16.98K,0.56%
02/05/2010,1.8828,1.9365,1.95,1.835,25.95K,-3.08%
02/04/2010,1.9426,2.0295,2.0301,1.925,19.06K,-4.17%
02/03/2010,2.0271,2.033,2.062,2.0156,21.47K,-0.53%
02/02/2010,2.0379,1.9657,2.043,1.9616,14.88K,3.95%
02/01/2010,1.9605,1.9189,1.9748,1.9176,11.33K,2.48%
01/29/2010,1.913,1.9323,1.9522,1.9005,45.02K,-0.83%
01/28/2010,1.929,1.9275,1.9476,1.9105,49.03K,0.12%
01/27/2010,1.9267,1.9615,1.975,1.9047,58.94K,-1.78%
01/26/2010,1.9616,1.9753,1.9754,1.9424,45.83K,-0.68%
01/25/2010,1.975,1.9455,1.979,1.9455,37.73K,1.13%
01/22/2010,1.953,1.9925,2.0065,1.9433,48.75K,-2.23%
01/21/2010,1.9975,2.0353,2.0465,1.9895,49.10K,-1.81%
01/20/2010,2.0344,2.058,2.0585,2.0129,32.02K,-1.19%
01/19/2010,2.059,2.0579,2.0665,2.0112,39.03K,0.71%
01/18/2010,2.0445,2.0445,2.055,2.031,,-0.65%
01/15/2010,2.0579,2.0812,2.0838,2.0492,27.41K,-1.63%
01/14/2010,2.0921,2.1076,2.118,2.076,27.60K,-0.61%
01/13/2010,2.1049,2.1165,2.1294,2.0733,34.96K,-1.72%
01/12/2010,2.1417,2.1801,2.1834,2.1181,23.60K,-2.18%
01/11/2010,2.1895,2.215,2.232,2.1763,24.31K,-0.79%
01/08/2010,2.2069,2.1951,2.2145,2.169,22.18K,0.56%
01/07/2010,2.1946,2.2147,2.2168,2.1895,18.62K,-0.85%
01/06/2010,2.2135,2.1924,2.2172,2.1726,21.71K,0.58%
01/05/2010,2.2007,2.1953,2.2091,2.1773,24.06K,0.37%
01/04/2010,2.1926,2.1379,2.199,2.1374,24.39K,3.35%
01/01/2010,2.1215,2.1215,2.1215,2.1215,,0.28%
12/31/2009,2.1156,2.1227,2.141,2.1135,27.66K,-0.22%
12/30/2009,2.1202,2.1212,2.1364,2.1135,40.15K,0.17%
12/29/2009,2.1166,2.097,2.1364,2.0931,41.04K,1.12%
12/28/2009,2.0931,2.0656,2.1022,2.058,26.33K,2.75%
12/25/2009,2.037,2.037,2.037,2.037,,-0.93%
12/24/2009,2.0562,2.0342,2.061,2.0188,19.83K,1.15%
12/23/2009,2.0329,1.9702,2.0593,1.9702,42.71K,3.19%
12/22/2009,1.97,1.9614,1.988,1.9355,34.75K,0.28%
12/21/2009,1.9645,1.9711,2.0073,1.9535,29.34K,-0.55%
12/18/2009,1.9753,1.97,2.0092,1.9635,36.76K,-0.05%
12/17/2009,1.9763,2,2,1.9469,29.43K,-0.55%
12/16/2009,1.9873,1.9396,1.9946,1.9367,25.24K,3.14%
12/15/2009,1.9268,1.9302,1.955,1.9243,19.87K,-0.20%
12/14/2009,1.9307,1.9309,1.9474,1.925,15.04K,-0.02%
12/11/2009,1.931,1.9305,1.9442,1.9126,21.15K,0.09%
12/10/2009,1.9292,1.9398,1.9512,1.9135,19.51K,-0.38%
12/09/2009,1.9365,2.0197,2.0327,1.9335,27.94K,-4.01%
12/08/2009,2.0173,2.0475,2.0543,2.0089,28.61K,-1.15%
12/07/2009,2.0408,2.0706,2.078,2.0298,17.38K,-0.90%
12/04/2009,2.0593,2.065,2.1197,2.0477,15.38K,-1.07%
12/03/2009,2.0815,2.0718,2.0946,2.0531,14.02K,0.67%
12/02/2009,2.0677,2.107,2.1107,2.0571,15.29K,-1.89%
12/01/2009,2.1075,2.0796,2.1262,2.0768,13.68K,2.91%
11/30/2009,2.0479,2.0111,2.0736,1.9917,55.05K,1.91%
11/27/2009,2.0096,2.0349,2.0349,1.9103,30.98K,0.68%
11/26/2009,1.996,1.9855,2.03,1.9625,,-1.95%
11/25/2009,2.0357,1.9892,2.0457,1.9837,52.43K,2.32%
11/24/2009,1.9895,2.0155,2.0282,1.9743,56.38K,-1.39%
11/23/2009,2.0176,2.0158,2.0805,2.0077,45.35K,0.23%
11/20/2009,2.013,2.0389,2.0447,1.9966,41.90K,-1.02%
11/19/2009,2.0337,2.0888,2.0919,2.0216,39.06K,-2.47%
11/18/2009,2.0852,2.095,2.1265,2.0704,31.24K,-0.43%
11/17/2009,2.0943,2.07,2.1053,2.0568,19.88K,1.17%
11/16/2009,2.07,1.995,2.084,1.995,22.04K,3.34%
11/13/2009,2.003,2.0268,2.041,1.9879,18.99K,-1.17%
11/12/2009,2.0268,2.0942,2.0942,2.0154,29.14K,-3.04%
11/11/2009,2.0903,2.083,2.113,2.0718,17.11K,0.17%
11/10/2009,2.0867,2.0911,2.1258,2.0645,23.72K,-0.66%
11/09/2009,2.1005,2.0488,2.1147,2.0488,19.73K,2.81%
11/06/2009,2.0431,2.0989,2.1123,2.017,24.58K,-2.54%
11/05/2009,2.0963,2.1124,2.127,2.0889,18.96K,-1.40%
11/04/2009,2.126,2.0945,2.1345,2.093,16.73K,0.89%
11/03/2009,2.1072,2.0857,2.1124,2.0356,13.45K,1.39%
11/02/2009,2.0783,2.0435,2.0852,2.0335,12.59K,3.65%
10/30/2009,2.0052,2.0827,2.0882,1.9975,49.75K,-3.54%
10/29/2009,2.0787,2.0175,2.0975,2.014,45.82K,2.84%
10/28/2009,2.0212,2.0746,2.0815,2.0153,45.82K,-2.79%
10/27/2009,2.0792,2.0651,2.092,2.0457,48.20K,0.78%
10/26/2009,2.0631,2.0965,2.1412,2.0497,49.82K,-1.97%
10/23/2009,2.1046,2.1244,2.1349,2.083,40.83K,-0.93%
10/22/2009,2.1243,2.1274,2.1389,2.0934,36.70K,-0.48%
10/21/2009,2.1346,2.07,2.1578,2.0505,42.53K,2.77%
10/20/2009,2.077,2.0855,2.0909,2.0584,33.04K,-0.35%
10/19/2009,2.0843,2.0865,2.0865,2.0536,22.90K,1.05%
10/16/2009,2.0627,2.0471,2.0676,2.0289,31.64K,0.72%
10/15/2009,2.0479,1.9802,2.0542,1.9704,28.31K,3.75%
10/14/2009,1.9739,1.9801,1.982,1.952,26.36K,1.17%
10/13/2009,1.951,1.9152,1.9559,1.914,25.93K,1.62%
10/12/2009,1.9199,1.8921,1.9388,1.8918,21.62K,2.15%
10/09/2009,1.8794,1.8628,1.897,1.8542,21.24K,0.21%
10/08/2009,1.8754,1.8195,1.8869,1.8,22.73K,3.60%
10/07/2009,1.8103,1.8585,1.8675,1.7956,20.66K,-1.80%
10/06/2009,1.8434,1.8157,1.8703,1.815,16.25K,1.17%
10/05/2009,1.8221,1.8161,1.8379,1.7677,20.66K,-0.20%
10/02/2009,1.8258,1.8401,1.842,1.7909,17.83K,-1.63%
10/01/2009,1.856,1.8509,1.878,1.8224,14.51K,1.29%
09/30/2009,1.8324,1.7196,1.8355,1.711,59.81K,6.13%
09/29/2009,1.7266,1.7201,1.7342,1.7038,35.05K,0.40%
09/28/2009,1.7197,1.726,1.7453,1.6959,29.44K,0.77%
09/25/2009,1.7065,1.7108,1.735,1.6866,36.01K,-0.25%
09/24/2009,1.7108,1.7786,1.7871,1.7025,37.09K,-4.45%
09/23/2009,1.7904,1.841,1.8515,1.7759,36.37K,-2.89%
09/22/2009,1.8436,1.7889,1.8507,1.7876,26.64K,3.27%
09/21/2009,1.7852,1.8585,1.8585,1.7744,22.49K,-3.95%
09/18/2009,1.8586,1.867,1.8792,1.8489,11.47K,-0.72%
09/17/2009,1.872,1.8524,1.8878,1.8478,14.61K,0.77%
09/16/2009,1.8577,1.7988,1.8595,1.7889,18.47K,2.42%
09/15/2009,1.8138,1.775,1.8225,1.7637,18.43K,2.01%
09/14/2009,1.778,1.7673,1.7809,1.7457,13.94K,0.48%
09/11/2009,1.7695,1.827,1.8463,1.7562,18.18K,-3.13%
09/10/2009,1.8266,1.835,1.8463,1.804,19.35K,-0.23%
09/09/2009,1.8308,1.814,1.8608,1.8105,14.61K,0.68%
09/08/2009,1.8184,1.744,1.8424,1.743,15.78K,3.64%
09/04/2009,1.7545,1.774,1.7762,1.7356,11.04K,-0.74%
09/03/2009,1.7675,1.7841,1.8064,1.7628,14.90K,-0.73%
09/02/2009,1.7805,1.7897,1.8124,1.7667,11.31K,-0.49%
09/01/2009,1.7892,1.835,1.8753,1.7883,12.52K,-1.07%
08/31/2009,1.8085,1.8865,1.8981,1.7825,41.20K,-4.13%
08/28/2009,1.8865,1.8895,1.9143,1.8665,37.24K,0.08%
08/27/2009,1.885,1.8795,1.8935,1.8359,38.75K,0.52%
08/26/2009,1.8752,1.8771,1.895,1.84,37.67K,-0.23%
08/25/2009,1.8795,1.94,1.9504,1.8608,37.78K,-3.43%
08/24/2009,1.9463,1.9277,1.9594,1.9223,22.60K,0.91%
08/21/2009,1.9287,1.9125,1.9528,1.9,22.02K,0.91%
08/20/2009,1.9113,1.9447,1.9491,1.9071,23.01K,-1.73%
08/19/2009,1.9449,1.9,1.957,1.8617,25.84K,2.79%
08/18/2009,1.8921,1.852,1.9091,1.818,19.23K,2.16%
08/17/2009,1.8521,1.879,1.879,1.8109,12.40K,-0.85%
08/14/2009,1.8679,1.955,1.9579,1.8585,18.67K,-3.40%
08/13/2009,1.9336,1.9451,1.9625,1.921,18.18K,0.57%
08/12/2009,1.9227,1.9375,1.9576,1.9111,19.87K,-0.78%
08/11/2009,1.9379,1.9731,1.9731,1.9128,16.27K,-0.96%
08/10/2009,1.9566,1.9469,1.9697,1.9332,10.80K,0.75%
08/07/2009,1.9421,1.96,1.9895,1.9374,13.12K,-1.18%
08/06/2009,1.9652,1.971,1.9977,1.9517,15.46K,-0.88%
08/05/2009,1.9827,1.94,1.9859,1.9174,20.64K,2.75%
08/04/2009,1.9296,1.9093,1.9429,1.8787,11.98K,1.46%
08/03/2009,1.9018,1.874,1.9202,1.874,11.29K,3.78%
07/31/2009,1.8325,1.7891,1.8387,1.7342,44.19K,2.38%
07/30/2009,1.7899,1.6855,1.7944,1.683,48.17K,5.55%
07/29/2009,1.6958,1.7855,1.79,1.683,45.80K,-5.18%
07/28/2009,1.7884,1.8085,1.8305,1.7804,30.19K,-1.80%
07/27/2009,1.8212,1.808,1.834,1.799,28.45K,0.71%
07/24/2009,1.8083,1.783,1.8218,1.7828,26.28K,0.80%
07/23/2009,1.794,1.7455,1.8048,1.7295,39.47K,3.08%
07/22/2009,1.7404,1.7197,1.7515,1.7008,37.35K,0.79%
07/21/2009,1.7267,1.721,1.7641,1.7065,41.90K,0.37%
07/20/2009,1.7204,1.669,1.7277,1.669,28.49K,2.66%
07/17/2009,1.6758,1.6348,1.6927,1.6095,21.71K,2.51%
07/16/2009,1.6348,1.6235,1.641,1.5956,24.53K,1.09%
07/15/2009,1.6172,1.5618,1.6265,1.5618,20.95K,4.37%
07/14/2009,1.5495,1.5486,1.5796,1.535,24.01K,0.32%
07/13/2009,1.5445,1.5685,1.5763,1.525,21.46K,-1.63%
07/10/2009,1.5701,1.575,1.5807,1.5373,28.25K,-0.47%
07/09/2009,1.5775,1.5925,1.6097,1.5548,19.56K,-0.16%
07/08/2009,1.58,1.6293,1.6373,1.5758,21.91K,-4.06%
07/07/2009,1.6468,1.6802,1.6894,1.6296,15.43K,-1.69%
07/06/2009,1.6751,1.7489,1.7552,1.6698,12.52K,-4.22%
07/02/2009,1.7489,1.8088,1.8161,1.743,12.46K,-3.55%
07/01/2009,1.8132,1.849,1.8777,1.7933,16.67K,1.43%
06/30/2009,1.7877,1.8335,1.8732,1.76,44.85K,-2.51%
06/29/2009,1.8337,1.781,1.8485,1.7613,35.00K,2.96%
06/26/2009,1.781,1.829,1.8435,1.7705,40.83K,-2.34%
06/25/2009,1.8236,1.7826,1.8447,1.78,39.60K,2.29%
06/24/2009,1.7827,1.8115,1.8209,1.777,36.45K,-1.72%
06/23/2009,1.8139,1.7692,1.8216,1.75,35.82K,2.58%
06/22/2009,1.7683,1.8269,1.8417,1.7529,26.71K,-3.18%
06/19/2009,1.8263,1.8805,1.895,1.8135,17.83K,-2.57%
06/18/2009,1.8745,1.8945,1.9076,1.8619,17.02K,-1.16%
06/17/2009,1.8965,1.859,1.9014,1.8366,18.60K,1.98%
06/16/2009,1.8597,1.8522,1.9138,1.8402,12.22K,0.40%
06/15/2009,1.8522,1.8765,1.8827,1.8253,11.94K,-1.22%
06/12/2009,1.875,1.8837,1.8852,1.8491,12.22K,-0.74%
06/11/2009,1.889,1.864,1.9031,1.864,22.10K,1.32%
06/10/2009,1.8643,1.8495,1.8775,1.8432,19.11K,1.34%
06/09/2009,1.8396,1.819,1.8492,1.8112,16.67K,2.10%
06/08/2009,1.8018,1.796,1.8215,1.7729,16.04K,-0.08%
06/05/2009,1.8032,1.8337,1.8442,1.788,10.38K,-0.77%
06/04/2009,1.8172,1.7752,1.8404,1.77,14.59K,2.50%
06/03/2009,1.7728,1.8104,1.83,1.7466,18.66K,-3.01%
06/02/2009,1.8279,1.791,1.8411,1.7778,17.34K,1.12%
06/01/2009,1.8076,1.7171,1.8091,1.7171,15.61K,7.75%
05/29/2009,1.6776,1.63,1.685,1.6237,41.93K,2.89%
05/28/2009,1.6305,1.577,1.6408,1.575,41.07K,2.66%
05/27/2009,1.5883,1.5703,1.6,1.5616,31.40K,1.10%
05/26/2009,1.571,1.5662,1.5857,1.5006,36.08K,0.43%
05/22/2009,1.5642,1.5556,1.569,1.5318,28.05K,0.55%
05/21/2009,1.5557,1.5519,1.5675,1.5183,41.36K,-0.56%
05/20/2009,1.5645,1.5153,1.5691,1.5074,34.77K,3.49%
05/19/2009,1.5117,1.506,1.5324,1.4822,22.77K,0.50%
05/18/2009,1.5042,1.4408,1.5176,1.4408,18.16K,4.05%
05/15/2009,1.4456,1.5195,1.5214,1.4412,23.05K,-4.96%
05/14/2009,1.5211,1.5111,1.5286,1.4831,12.63K,0.29%
05/13/2009,1.5167,1.5477,1.5625,1.5015,18.54K,-1.17%
05/12/2009,1.5346,1.5475,1.563,1.516,14.15K,0.51%
05/11/2009,1.5268,1.563,1.563,1.5038,13.43K,-1.26%
05/08/2009,1.5463,1.469,1.5528,1.469,17.44K,2.09%
05/07/2009,1.5146,1.5165,1.5612,1.4856,16.05K,0.72%
05/06/2009,1.5037,1.4583,1.5045,1.45,14.64K,3.09%
05/05/2009,1.4586,1.4595,1.4722,1.4429,10.11K,-0.65%
05/04/2009,1.4681,1.416,1.4698,1.4135,6.12K,3.21%
05/01/2009,1.4224,1.3597,1.43,1.353,10.04K,6.40%
04/30/2009,1.3368,1.3475,1.3618,1.3205,36.48K,-0.79%
04/29/2009,1.3475,1.3263,1.378,1.3246,39.74K,1.09%
04/28/2009,1.333,1.34,1.3475,1.31,26.51K,-0.61%
04/27/2009,1.3412,1.3758,1.3799,1.294,35.76K,-3.22%
04/24/2009,1.3858,1.333,1.389,1.319,29.49K,3.78%
04/23/2009,1.3353,1.3326,1.3612,1.3208,25.70K,-0.82%
04/22/2009,1.3464,1.3658,1.3707,1.3274,27.98K,-1.42%
04/21/2009,1.3658,1.3531,1.3831,1.3173,34.62K,0.96%
04/20/2009,1.3528,1.4439,1.453,1.3445,26.98K,-6.31%
04/17/2009,1.4439,1.437,1.4736,1.4246,22.44K,0.01%
04/16/2009,1.4438,1.435,1.4519,1.4233,21.42K,1.43%
04/15/2009,1.4235,1.413,1.4447,1.4024,15.48K,-0.15%
04/14/2009,1.4256,1.4195,1.4593,1.401,19.04K,0.22%
04/13/2009,1.4225,1.4445,1.465,1.3708,19.96K,-2.15%
04/09/2009,1.4538,1.4175,1.4775,1.4175,16.05K,2.18%
04/08/2009,1.4228,1.408,1.4805,1.3866,27.04K,0.52%
04/07/2009,1.4155,1.445,1.4557,1.407,18.37K,-1.81%
04/06/2009,1.4416,1.465,1.4907,1.4093,12.36K,-1.93%
04/03/2009,1.47,1.456,1.4805,1.4298,8.60K,0.44%
04/02/2009,1.4636,1.3804,1.4731,1.38,13.82K,6.96%
04/01/2009,1.3684,1.38,1.38,1.3232,12.62K,0.04%
03/31/2009,1.3679,1.356,1.39,1.3228,36.26K,1.36%
03/30/2009,1.3496,1.457,1.457,1.345,32.05K,-6.31%
03/27/2009,1.4405,1.4831,1.4894,1.432,31.04K,-3.28%
03/26/2009,1.4894,1.475,1.5143,1.469,26.69K,0.96%
03/25/2009,1.4753,1.5115,1.5124,1.4577,31.83K,-2.54%
03/24/2009,1.5138,1.4849,1.5154,1.4649,26.56K,1.95%
03/23/2009,1.4849,1.4036,1.4893,1.3979,29.15K,6.08%
03/20/2009,1.3998,1.368,1.4037,1.3535,21.97K,2.08%
03/19/2009,1.3713,1.3128,1.4017,1.2956,22.11K,7.20%
03/18/2009,1.2792,1.2818,1.3166,1.2473,16.45K,-0.70%
03/17/2009,1.2882,1.2255,1.3,1.2039,16.94K,5.12%
03/16/2009,1.2255,1.188,1.2376,1.1538,17.16K,1.48%
03/13/2009,1.2076,1.226,1.2619,1.201,13.20K,-2.42%
03/12/2009,1.2376,1.15,1.2482,1.14,20.59K,7.89%
03/11/2009,1.1471,1.2037,1.2178,1.1399,19.20K,-5.37%
03/10/2009,1.2122,1.2324,1.2821,1.2056,16.09K,-1.28%
03/09/2009,1.2279,1.2467,1.2762,1.2136,16.07K,-1.29%
03/06/2009,1.2439,1.189,1.2507,1.1754,16.54K,5.75%
03/05/2009,1.1763,1.2223,1.2223,1.1517,9.65K,-4.17%
03/04/2009,1.2275,1.1862,1.2438,1.1801,15.76K,3.14%
03/03/2009,1.1901,1.155,1.21,1.155,11.74K,2.58%
03/02/2009,1.1602,1.2696,1.2696,1.1566,9.72K,-8.47%
02/27/2009,1.2675,1.2778,1.2915,1.2287,36.23K,-2.05%
02/26/2009,1.294,1.2306,1.3032,1.2276,34.96K,4.85%
02/25/2009,1.2342,1.1989,1.2531,1.1735,36.18K,2.67%
02/24/2009,1.2021,1.151,1.211,1.151,31.87K,2.80%
02/23/2009,1.1694,1.1896,1.2275,1.1555,28.30K,-2.06%
02/20/2009,1.194,1.1871,1.1955,1.1419,26.98K,-0.54%
02/19/2009,1.2005,1.15,1.2075,1.1359,33.20K,5.18%
02/18/2009,1.1414,1.18,1.1993,1.1381,21.11K,-3.51%
02/17/2009,1.1829,1.29,1.3054,1.1715,22.71K,-8.87%
02/13/2009,1.298,1.332,1.332,1.2866,18.47K,-1.80%
02/12/2009,1.3218,1.3295,1.3403,1.3015,19.81K,0.35%
02/11/2009,1.3172,1.316,1.3409,1.3008,24.13K,0.87%
02/10/2009,1.3059,1.3674,1.4129,1.3019,19.67K,-3.93%
02/09/2009,1.3593,1.3675,1.4281,1.3465,19.77K,-0.40%
02/06/2009,1.3648,1.3675,1.3914,1.3047,15.11K,-0.36%
02/05/2009,1.3697,1.33,1.38,1.3225,9.56K,3.18%
02/04/2009,1.3275,1.32,1.3591,1.3154,10.15K,0.06%
02/03/2009,1.3267,1.339,1.3603,1.3191,10.51K,-1.24%
02/02/2009,1.3434,1.4304,1.4304,1.3432,11.40K,-6.32%
01/30/2009,1.434,1.4185,1.4748,1.4113,36.09K,1.14%
01/29/2009,1.4178,1.4116,1.4477,1.3797,36.00K,0.44%
01/28/2009,1.4116,1.3778,1.4495,1.3687,36.26K,3.41%
01/27/2009,1.3651,1.4159,1.465,1.3602,32.67K,-4.04%
01/26/2009,1.4225,1.44,1.4813,1.4023,34.40K,-1.55%
01/23/2009,1.4449,1.3514,1.453,1.3159,37.96K,7.38%
01/22/2009,1.3456,1.3839,1.4056,1.3039,39.37K,-2.51%
01/21/2009,1.3802,1.3751,1.3885,1.3426,29.47K,0.73%
01/20/2009,1.3702,1.462,1.4693,1.365,35.74K,-6.43%
01/16/2009,1.4643,1.482,1.5203,1.4426,27.44K,-1.13%
01/15/2009,1.481,1.4655,1.5133,1.42,27.15K,1.30%
01/14/2009,1.462,1.5208,1.5357,1.4248,34.46K,-3.35%
01/13/2009,1.5126,1.4765,1.5469,1.4505,25.17K,2.80%
01/12/2009,1.4714,1.4928,1.5104,1.4435,18.72K,-1.53%
01/09/2009,1.4942,1.545,1.5555,1.4457,19.70K,-2.09%
01/08/2009,1.5261,1.5636,1.6077,1.505,23.32K,-1.68%
01/07/2009,1.5521,1.6362,1.655,1.5455,21.26K,-5.23%
01/06/2009,1.6378,1.584,1.6768,1.5811,17.84K,2.73%
01/05/2009,1.5943,1.5296,1.6009,1.4954,12.40K,6.16%
01/02/2009,1.5018,1.45,1.5143,1.3821,7.41K,4.14%
12/31/2008,1.4421,1.3063,1.456,1.2784,28.07K,10.41%
12/30/2008,1.3061,1.3068,1.3205,1.2785,24.43K,-0.21%
12/29/2008,1.3088,1.2776,1.4009,1.267,22.57K,3.22%
12/26/2008,1.268,1.245,1.2775,1.2245,9.91K,3.84%
12/24/2008,1.2211,1.3504,1.3623,1.2136,17.95K,-9.23%
12/23/2008,1.3452,1.3615,1.379,1.3165,24.34K,-1.23%
12/22/2008,1.3619,1.4275,1.4474,1.3585,21.84K,-3.85%
12/19/2008,1.4164,1.42,1.449,1.395,25.14K,1.50%
12/18/2008,1.3955,1.42,1.4246,1.42,29.03K,-4.74%
12/17/2008,1.465,1.5015,1.552,1.4628,22.41K,-1.23%
12/16/2008,1.4833,1.4994,1.5608,1.4693,16.36K,-0.26%
12/15/2008,1.4871,1.54,1.6298,1.4841,17.86K,-2.13%
12/12/2008,1.5194,1.52,1.5513,1.4465,18.30K,-1.31%
12/11/2008,1.5396,1.4458,1.582,1.418,20.20K,7.24%
12/10/2008,1.4357,1.487,1.523,1.42,21.33K,-2.19%
12/09/2008,1.4679,1.527,1.537,1.465,15.22K,-3.53%
12/08/2008,1.5216,1.5099,1.5453,1.4859,15.71K,4.38%
12/05/2008,1.4578,1.531,1.5604,1.4494,18.21K,-5.00%
12/04/2008,1.5346,1.614,1.6207,1.5309,12.93K,-4.56%
12/03/2008,1.608,1.6125,1.638,1.59,17.29K,-0.07%
12/02/2008,1.6092,1.6497,1.6746,1.6047,11.61K,-2.00%
12/01/2008,1.6421,1.74,1.74,1.6407,10.92K,-4.92%
11/28/2008,1.7271,1.756,1.7668,1.6715,20.77K,-1.96%
11/26/2008,1.7616,1.7295,1.7852,1.6927,39.14K,3.20%
11/25/2008,1.7069,1.7968,1.8,1.7025,32.11K,-4.97%
11/24/2008,1.7961,1.7181,1.838,1.666,32.96K,5.12%
11/21/2008,1.7086,1.6779,1.735,1.6514,26.79K,1.31%
11/20/2008,1.6865,1.7721,1.7734,1.6734,28.68K,-4.92%
11/19/2008,1.7737,1.7841,1.8135,1.7585,24.21K,-0.07%
11/18/2008,1.7749,1.814,1.8243,1.7705,16.69K,-1.89%
11/17/2008,1.809,1.8276,1.9117,1.8052,15.22K,-2.69%
11/14/2008,1.859,1.9422,1.9422,1.8365,13.52K,-2.08%
11/13/2008,1.8985,1.845,1.9398,1.821,18.61K,2.02%
11/12/2008,1.8609,1.9475,1.956,1.8519,18.97K,-4.81%
11/11/2008,1.955,2.0118,2.0118,1.9365,14.77K,-3.82%
11/10/2008,2.0326,2.0577,2.12,1.974,16.67K,1.31%
11/07/2008,2.0064,1.9846,2.03,1.965,13.59K,1.82%
11/06/2008,1.9706,2.087,2.088,1.9648,12.01K,-5.47%
11/05/2008,2.0846,2.168,2.1694,2.0593,8.94K,-4.88%
11/04/2008,2.1916,2.011,2.238,1.9761,14.23K,8.80%
11/03/2008,2.0143,2.11,2.1318,2.0098,8.91K,-3.35%
10/31/2008,2.0842,1.9943,2.1074,1.9396,39.91K,4.23%
10/30/2008,1.9996,2.0402,2.0803,1.9486,40.03K,-1.26%
10/29/2008,2.0251,1.9752,2.0731,1.9555,38.29K,4.74%
10/28/2008,1.9335,1.9204,1.9965,1.9089,32.49K,-0.25%
10/27/2008,1.9383,1.978,2.0139,1.9128,27.82K,-1.61%
10/24/2008,1.9701,2.0965,2.0965,1.9341,28.70K,-4.16%
10/23/2008,2.0557,2.05,2.11,2.042,28.91K,-0.02%
10/22/2008,2.0562,2.19,2.19,2.0467,31.58K,-6.43%
10/21/2008,2.1975,2.262,2.275,2.147,20.99K,-1.45%
10/20/2008,2.2299,2.1692,2.2905,2.165,17.79K,3.38%
10/17/2008,2.1569,2.1857,2.215,2.1095,13.86K,2.18%
10/16/2008,2.1108,2.201,2.2131,2.0748,17.61K,-4.79%
10/15/2008,2.217,2.3135,2.3177,2.1985,13.34K,-3.11%
10/14/2008,2.2882,2.3795,2.447,2.2834,15.23K,-3.43%
10/13/2008,2.3695,2.2975,2.3877,2.2975,17.02K,5.62%
10/10/2008,2.2435,2.388,2.3968,2.2184,23.61K,-8.45%
10/09/2008,2.4506,2.5098,2.5243,2.3905,19.25K,-2.93%
10/08/2008,2.5245,2.526,2.5423,2.4267,21.37K,-0.40%
10/07/2008,2.5347,2.5237,2.5929,2.4957,19.74K,1.29%
10/06/2008,2.5025,2.645,2.6513,2.4975,18.78K,-6.94%
10/03/2008,2.689,2.743,2.7573,2.6565,13.88K,-1.72%
10/02/2008,2.736,2.8747,2.8767,2.7296,12.40K,-4.68%
10/01/2008,2.8704,2.9331,2.9675,2.8179,10.45K,-0.84%
09/30/2008,2.8947,2.77,2.936,2.7295,30.31K,3.81%
09/29/2008,2.7885,3.016,3.0184,2.7579,33.33K,-7.59%
09/26/2008,3.0174,3.0489,3.0515,2.9582,27.52K,-1.01%
09/25/2008,3.0483,3.02,3.0824,2.9676,34.08K,0.70%
09/24/2008,3.027,3.0322,3.1108,2.992,28.92K,0.46%
09/23/2008,3.0132,3.0526,3.0751,2.958,33.95K,-1.64%
09/22/2008,3.0634,2.93,3.0917,2.89,30.76K,5.01%
09/19/2008,2.9173,2.83,2.9239,2.7984,16.05K,4.10%
09/18/2008,2.8024,2.838,2.937,2.7655,20.78K,-1.26%
09/17/2008,2.8382,2.7657,2.8491,2.6916,21.10K,3.80%
09/16/2008,2.7342,2.772,2.7837,2.6883,18.15K,-2.58%
09/15/2008,2.8067,2.933,2.933,2.7401,18.45K,-4.89%
09/12/2008,2.9511,2.9405,2.9873,2.9244,16.60K,0.75%
09/11/2008,2.929,2.9382,2.9942,2.89,21.82K,0.29%
09/10/2008,2.9204,2.95,2.9855,2.8864,13.49K,-0.81%
09/09/2008,2.9442,3.0517,3.0517,2.9138,13.52K,-2.91%
09/08/2008,3.0326,3.0277,3.1752,2.981,14.84K,0.87%
09/05/2008,3.0063,3.0375,3.0444,2.9584,9.26K,-1.39%
09/04/2008,3.0487,3.104,3.1198,3.0276,11.29K,-1.78%
09/03/2008,3.1038,3.1222,3.1222,3.0481,10.39K,0.04%
09/02/2008,3.1026,3.2925,3.3184,2.99,13.90K,-2.80%
08/29/2008,3.1919,3.216,3.2982,3.1835,34.87K,-0.32%
08/28/2008,3.2021,3.29,3.3488,3.1655,45.55K,-2.42%
08/27/2008,3.2815,3.2335,3.3407,3.2245,39.74K,1.46%
08/26/2008,3.2344,3.1905,3.2932,3.1327,40.62K,1.74%
08/25/2008,3.179,3.165,3.207,3.1411,24.36K,0.62%
08/22/2008,3.1593,3.3275,3.337,3.1505,40.60K,-5.05%
08/21/2008,3.3274,3.1957,3.376,3.1923,38.71K,4.26%
08/20/2008,3.1913,3.172,3.222,3.1068,25.72K,1.30%
08/19/2008,3.1502,3.1213,3.2245,3.0897,19.65K,1.20%
08/18/2008,3.1128,3.1625,3.1752,3.0933,15.35K,-1.07%
08/15/2008,3.1466,3.1395,3.1539,3.054,16.01K,0.56%
08/14/2008,3.1291,3.1617,3.187,3.0885,16.12K,-1.00%
08/13/2008,3.1607,3.1081,3.218,3.101,22.70K,1.69%
08/12/2008,3.1081,3.1321,3.2066,3.1025,18.51K,-1.38%
08/11/2008,3.1515,3.195,3.2148,3.116,12.09K,-0.27%
08/08/2008,3.16,3.2625,3.2625,3.1515,15.28K,-3.23%
08/07/2008,3.2656,3.2728,3.336,3.2314,12.48K,-0.10%
08/06/2008,3.2689,3.2969,3.3416,3.241,14.29K,-1.26%
08/05/2008,3.3105,3.3725,3.388,3.2995,13.19K,-2.13%
08/04/2008,3.3826,3.4927,3.499,3.3483,11.67K,-2.56%
08/01/2008,3.4713,3.4879,3.5698,3.4438,9.01K,0.35%
07/31/2008,3.4593,3.5587,3.5684,3.43,39.74K,-2.44%
07/30/2008,3.5458,3.496,3.569,3.4601,43.45K,1.35%
07/29/2008,3.4985,3.5926,3.6115,3.4741,37.14K,-2.48%
07/28/2008,3.5875,3.5562,3.6135,3.5479,26.10K,1.07%
07/25/2008,3.5494,3.6029,3.6261,3.5292,25.58K,-1.26%
07/24/2008,3.5946,3.5791,3.6283,3.5634,28.31K,0.46%
07/23/2008,3.578,3.71,3.71,3.5615,33.59K,-3.38%
07/22/2008,3.7033,3.7889,3.81,3.671,27.62K,-1.99%
07/21/2008,3.7784,3.7475,3.8026,3.7229,16.67K,1.50%
07/18/2008,3.7225,3.7839,3.8335,3.7202,16.94K,-1.42%
07/17/2008,3.7763,3.912,3.9434,3.7646,19.42K,-2.51%
07/16/2008,3.8735,3.9599,3.9821,3.7933,17.30K,-1.95%
07/15/2008,3.9507,4.0991,4.1471,3.874,19.20K,-3.62%
07/14/2008,4.0989,4.0821,4.1537,4.0443,12.31K,-0.31%
07/11/2008,4.1116,4.0555,4.1919,4.0555,15.57K,0.96%
07/10/2008,4.0724,3.9052,4.0865,3.891,21.25K,4.69%
07/09/2008,3.8901,3.8601,3.9393,3.8594,15.21K,0.77%
07/08/2008,3.8603,4.024,4.024,3.8382,17.23K,-3.68%
07/07/2008,4.0076,4.105,4.105,3.972,9.98K,-3.27%
07/03/2008,4.143,4.1115,4.1722,4.1084,8.07K,0.86%
07/02/2008,4.1075,3.9943,4.1293,3.9604,12.50K,3.15%
07/01/2008,3.982,3.9565,4.0433,3.9565,12.77K,1.84%
06/30/2008,3.91,3.9488,4.0286,3.897,35.36K,-0.59%
06/27/2008,3.9331,3.9059,4.01,3.8937,44.09K,0.60%
06/26/2008,3.9095,3.7843,3.9615,3.7631,46.96K,3.57%
06/25/2008,3.7746,3.844,3.8645,3.7104,47.70K,-1.74%
06/24/2008,3.8416,3.844,3.88,3.8123,29.83K,0.39%
06/23/2008,3.8266,3.79,3.8933,3.782,32.71K,0.63%
06/20/2008,3.8027,3.7405,3.8803,3.7397,29.58K,1.57%
06/19/2008,3.744,3.861,3.9138,3.731,23.18K,-3.69%
06/18/2008,3.8875,3.8465,3.8968,3.7595,19.84K,0.97%
06/17/2008,3.8502,3.8583,3.884,3.7858,15.70K,-0.17%
06/16/2008,3.8569,3.848,3.9941,3.8292,18.86K,-0.17%
06/13/2008,3.8633,3.968,3.9744,3.86,10.59K,-2.61%
06/12/2008,3.9667,4.0225,4.0225,3.8661,19.70K,-0.83%
06/11/2008,3.9998,3.87,4.0359,3.8606,20.18K,4.20%
06/10/2008,3.8384,3.9165,4.0095,3.8321,15.80K,-1.64%
06/09/2008,3.9025,3.9786,4.0109,3.898,18.08K,-2.33%
06/06/2008,3.9955,3.7131,4.0118,3.708,18.54K,7.86%
06/05/2008,3.7043,3.5684,3.7131,3.5677,10.75K,3.75%
06/04/2008,3.5703,3.6738,3.677,3.5649,13.44K,-2.56%
06/03/2008,3.6641,3.7405,3.7645,3.6566,11.02K,-2.16%
06/02/2008,3.745,3.6927,3.7844,3.642,14.35K,2.14%
05/30/2008,3.6667,3.6992,3.7298,3.6335,37.46K,-1.06%
05/29/2008,3.706,3.847,3.8815,3.6744,50.13K,-3.67%
05/28/2008,3.847,3.8124,3.8746,3.7581,35.61K,0.60%
05/27/2008,3.8239,3.8925,3.9903,3.8042,40.27K,-1.67%
05/23/2008,3.8889,3.9722,4.0291,3.866,40.39K,-2.15%
05/22/2008,3.9744,3.9511,4.0338,3.9273,46.88K,1.24%
05/21/2008,3.9258,3.7886,3.956,3.7793,32.36K,3.54%
05/20/2008,3.7916,3.6923,3.8025,3.6861,33.22K,2.86%
05/19/2008,3.6861,3.7093,3.7272,3.6657,17.52K,-0.63%
05/16/2008,3.7093,3.64,3.721,3.64,18.71K,2.20%
05/15/2008,3.6294,3.62,3.6944,3.5608,19.47K,0.19%
05/14/2008,3.6224,3.7066,3.7304,3.616,18.96K,-2.35%
05/13/2008,3.7094,3.5636,3.7252,3.5569,22.49K,3.82%
05/12/2008,3.5728,3.6485,3.6515,3.5574,20.47K,-2.05%
05/09/2008,3.6475,3.5279,3.6633,3.5234,18.44K,3.60%
05/08/2008,3.5208,3.4605,3.5412,3.4416,26.44K,1.80%
05/07/2008,3.4585,3.366,3.4695,3.3557,20.65K,2.75%
05/06/2008,3.366,3.32,3.3818,3.302,11.85K,1.42%
05/05/2008,3.319,3.23,3.3391,3.2128,9.77K,2.75%
05/02/2008,3.2302,3.1261,3.235,3.1214,10.68K,3.16%
05/01/2008,3.1312,3.1976,3.2041,3.0822,11.78K,-0.85%
04/30/2008,3.158,3.2328,3.2746,3.153,47.11K,-2.32%
04/29/2008,3.2331,3.285,3.2944,3.2245,41.37K,-1.66%
04/28/2008,3.2876,3.2995,3.3135,3.2642,29.22K,-0.11%
04/25/2008,3.2913,3.2481,3.3224,3.2004,34.86K,1.33%
04/24/2008,3.2481,3.305,3.3139,3.2225,36.96K,-1.79%
04/23/2008,3.3072,3.3071,3.31,3.2585,28.89K,0.30%
04/22/2008,3.2972,3.283,3.3248,3.251,30.02K,0.44%
04/21/2008,3.2829,3.2585,3.2944,3.2357,16.74K,0.75%
04/18/2008,3.2583,3.23,3.2633,3.1872,16.89K,0.99%
04/17/2008,3.2264,3.243,3.26,3.204,14.12K,-0.48%
04/16/2008,3.242,3.2333,3.2691,3.1762,26.16K,0.27%
04/15/2008,3.2334,3.165,3.2406,3.1619,17.43K,2.26%
04/14/2008,3.1619,3.1535,3.17,3.1273,11.77K,0.17%
04/11/2008,3.1565,3.1388,3.195,3.1139,22.94K,0.37%
04/10/2008,3.145,3.1555,3.2497,3.1333,35.52K,-0.74%
04/09/2008,3.1685,3.06,3.1836,3.0427,36.97K,3.49%
04/08/2008,3.0617,3.039,3.0753,3.0255,24.98K,0.59%
04/07/2008,3.0438,2.961,3.0601,2.961,21.38K,3.05%
04/04/2008,2.9536,2.905,2.9575,2.898,14.64K,2.37%
04/03/2008,2.8853,2.906,2.9477,2.8785,15.97K,-0.97%
04/02/2008,2.9135,2.8405,2.9222,2.8102,17.83K,2.71%
04/01/2008,2.8367,2.8521,2.879,2.8078,17.28K,-2.39%
03/31/2008,2.9061,2.9876,3.0539,2.8935,41.94K,-2.73%
03/28/2008,2.9876,3.03,3.0426,2.9775,28.88K,-1.64%
03/27/2008,3.0375,2.9458,3.0556,2.9458,42.10K,3.11%
03/26/2008,2.9458,2.8434,2.9598,2.8375,32.56K,3.72%
03/25/2008,2.8401,2.866,2.8968,2.7923,39.26K,-1.18%
03/24/2008,2.8741,2.895,2.9294,2.8606,22.78K,-1.11%
03/20/2008,2.9064,2.943,2.9635,2.8689,28.66K,-1.36%
03/19/2008,2.9465,3.0465,3.0563,2.9261,31.30K,-3.85%
03/18/2008,3.0645,2.9907,3.08,2.97,27.00K,2.93%
03/17/2008,2.9774,3.0323,3.0874,2.908,25.24K,-2.06%
03/14/2008,3.04,3.034,3.1093,3.0169,29.67K,0.14%
03/13/2008,3.0358,2.9608,3.0392,2.945,37.51K,2.50%
03/12/2008,2.9619,2.923,2.9674,2.8914,24.06K,1.01%
03/11/2008,2.9322,2.9109,2.941,2.858,20.19K,0.87%
03/10/2008,2.9069,2.8858,2.9158,2.8534,20.11K,0.76%
03/07/2008,2.885,2.9043,2.9211,2.8551,19.18K,-1.06%
03/06/2008,2.9158,2.8896,2.9174,2.8451,18.25K,0.94%
03/05/2008,2.8886,2.7634,2.8952,2.7508,31.23K,5.01%
03/04/2008,2.7508,2.8005,2.8204,2.7327,23.75K,-1.98%
03/03/2008,2.8063,2.7659,2.8393,2.7659,16.28K,-0.02%
02/29/2008,2.8069,2.8261,2.8412,2.7951,38.09K,-0.56%
02/28/2008,2.8228,2.7527,2.8333,2.7245,42.61K,2.73%
02/27/2008,2.7478,2.7903,2.8105,2.7428,37.20K,-1.51%
02/26/2008,2.7899,2.761,2.8022,2.7355,37.75K,1.09%
02/25/2008,2.7598,2.749,2.7734,2.7222,30.29K,0.63%
02/22/2008,2.7425,2.7025,2.7615,2.6931,35.69K,0.93%
02/21/2008,2.7173,2.7402,2.7507,2.6764,36.57K,-0.71%
02/20/2008,2.7366,2.7335,2.7525,2.702,31.74K,-0.26%
02/19/2008,2.7438,2.629,2.746,2.623,34.56K,4.53%
02/15/2008,2.6249,2.635,2.655,2.6057,24.38K,-0.46%
02/14/2008,2.6371,2.589,2.6377,2.589,16.55K,1.91%
02/13/2008,2.5876,2.5631,2.5977,2.5518,23.70K,0.90%
02/12/2008,2.5646,2.576,2.6002,2.5428,23.05K,-0.52%
02/11/2008,2.5779,2.558,2.6144,2.5195,28.44K,1.73%
02/08/2008,2.5341,2.448,2.5472,2.4416,31.32K,3.84%
02/07/2008,2.4405,2.3975,2.4483,2.388,22.03K,1.55%
02/06/2008,2.4033,2.4358,2.4462,2.3955,15.56K,-1.06%
02/05/2008,2.429,2.4659,2.4659,2.4065,13.22K,-1.47%
02/04/2008,2.4653,2.4215,2.4836,2.4147,11.26K,1.37%
02/01/2008,2.4319,2.4852,2.5153,2.4234,16.91K,-3.84%
01/31/2008,2.5291,2.5345,2.5422,2.47,49.03K,-0.52%
01/30/2008,2.5424,2.5512,2.5549,2.5219,40.29K,0.38%
01/29/2008,2.5328,2.5154,2.5512,2.5045,33.15K,0.72%
01/28/2008,2.5148,2.5094,2.523,2.4565,38.79K,0.35%
01/25/2008,2.5061,2.4753,2.5182,2.4678,33.36K,1.70%
01/24/2008,2.4641,2.4328,2.47,2.4205,27.01K,2.23%
01/23/2008,2.4103,2.46,2.467,2.4084,27.32K,-2.13%
01/22/2008,2.4628,2.499,2.5101,2.3975,37.77K,-1.39%
01/18/2008,2.4974,2.4846,2.5196,2.4786,19.78K,0.37%
01/17/2008,2.4882,2.5135,2.541,2.4755,22.00K,-0.65%
01/16/2008,2.5044,2.529,2.532,2.464,19.01K,-1.15%
01/15/2008,2.5335,2.5814,2.59,2.5104,18.85K,-1.67%
01/14/2008,2.5765,2.5245,2.5843,2.5244,17.63K,2.06%
01/11/2008,2.5245,2.5625,2.5736,2.5185,24.12K,-0.99%
01/10/2008,2.5498,2.6014,2.6147,2.5394,24.19K,-2.15%
01/09/2008,2.6059,2.6244,2.6602,2.5987,24.57K,-0.91%
01/08/2008,2.6299,2.6065,2.6591,2.5929,23.49K,1.56%
01/07/2008,2.5895,2.675,2.682,2.5701,20.00K,-3.18%
01/04/2008,2.6745,2.71,2.714,2.6566,14.11K,-1.19%
01/03/2008,2.7066,2.7226,2.7331,2.6899,10.78K,-0.69%
01/02/2008,2.7254,2.6454,2.7305,2.643,11.55K,2.87%
12/31/2007,2.6494,2.6316,2.6704,2.6224,21.56K,0.78%
12/28/2007,2.6288,2.6805,2.6961,2.6227,32.47K,-1.76%
12/27/2007,2.6758,2.636,2.6943,2.6291,27.30K,1.41%
12/26/2007,2.6387,2.5854,2.6747,2.584,24.35K,1.87%
12/24/2007,2.5902,2.6078,2.6217,2.562,14.38K,-0.61%
12/21/2007,2.6062,2.587,2.6374,2.5779,29.80K,0.79%
12/20/2007,2.5859,2.5997,2.629,2.5807,26.70K,-0.37%
12/19/2007,2.5954,2.5569,2.6231,2.5377,29.12K,1.62%
12/18/2007,2.5539,2.5944,2.6405,2.5321,33.25K,-1.56%
12/17/2007,2.5944,2.6205,2.6304,2.5746,20.19K,-0.25%
12/14/2007,2.6009,2.6177,2.6563,2.5953,19.61K,-0.39%
12/13/2007,2.6112,2.625,2.66,2.606,20.33K,-1.04%
12/12/2007,2.6387,2.515,2.6535,2.5105,26.92K,4.59%
12/11/2007,2.5228,2.4755,2.5392,2.4755,21.98K,1.81%
12/10/2007,2.4779,2.4985,2.5333,2.4627,20.79K,-0.97%
12/07/2007,2.5022,2.5333,2.5446,2.4702,19.59K,-1.43%
12/06/2007,2.5385,2.4775,2.5453,2.4405,13.84K,2.20%
12/05/2007,2.4838,2.5025,2.558,2.4709,16.78K,-0.70%
12/04/2007,2.5013,2.5068,2.5152,2.4772,15.80K,0.07%
12/03/2007,2.4996,2.5135,2.518,2.4496,15.68K,-0.61%
11/30/2007,2.515,2.584,2.5986,2.51,50.02K,-2.49%
11/29/2007,2.5791,2.603,2.6665,2.57,45.58K,0.05%
11/28/2007,2.5778,2.6602,2.6861,2.5702,52.41K,-3.01%
11/27/2007,2.6579,2.698,2.7057,2.654,45.97K,-2.06%
11/26/2007,2.7139,2.7185,2.7385,2.6852,31.17K,-0.05%
11/23/2007,2.7152,2.6995,2.728,2.6793,14.31K,0.65%
11/21/2007,2.6977,2.7026,2.7274,2.6775,33.34K,-0.18%
11/20/2007,2.7026,2.6212,2.7135,2.6005,36.18K,3.27%
11/19/2007,2.617,2.5983,2.6287,2.5836,27.77K,0.72%
11/16/2007,2.5982,2.5765,2.6217,2.5688,20.89K,1.11%
11/15/2007,2.5697,2.5835,2.6042,2.5436,19.14K,-0.56%
11/14/2007,2.5841,2.519,2.5897,2.519,18.67K,2.78%
11/13/2007,2.5143,2.5786,2.5941,2.503,23.27K,-3.06%
11/12/2007,2.5937,2.6102,2.6348,2.5743,17.28K,-1.45%
11/09/2007,2.6318,2.6275,2.6474,2.6025,20.18K,0.50%
11/08/2007,2.6188,2.6289,2.6715,2.609,19.32K,-0.48%
11/07/2007,2.6315,2.629,2.6639,2.5898,21.15K,0.41%
11/06/2007,2.6208,2.569,2.6321,2.569,15.42K,2.46%
11/05/2007,2.5579,2.585,2.6002,2.5445,10.55K,-1.13%
11/02/2007,2.5871,2.5252,2.5895,2.5252,13.20K,2.37%
11/01/2007,2.5273,2.5586,2.5697,2.4955,13.60K,-0.08%
10/31/2007,2.5293,2.4308,2.5446,2.4153,49.62K,3.58%
10/30/2007,2.4418,2.4855,2.4855,2.4308,38.49K,-1.69%
10/29/2007,2.4837,2.448,2.4913,2.448,33.86K,1.33%
10/26/2007,2.451,2.4231,2.4581,2.4231,30.89K,1.00%
10/25/2007,2.4267,2.3665,2.4292,2.3665,31.52K,2.68%
10/24/2007,2.3633,2.3177,2.3747,2.3096,33.68K,1.89%
10/23/2007,2.3195,2.3238,2.35,2.3126,30.76K,-0.41%
10/22/2007,2.3291,2.3454,2.3592,2.3058,21.38K,-0.84%
10/19/2007,2.3489,2.3735,2.3811,2.3335,16.53K,-0.76%
10/18/2007,2.3668,2.3315,2.3781,2.3272,16.24K,1.28%
10/17/2007,2.3369,2.351,2.3671,2.3254,18.74K,-0.88%
10/16/2007,2.3577,2.3365,2.3587,2.312,23.13K,1.33%
10/15/2007,2.3267,2.2735,2.339,2.2659,19.74K,2.64%
10/12/2007,2.2669,2.2626,2.2818,2.2515,20.43K,0.05%
10/11/2007,2.2658,2.2354,2.2869,2.2349,23.90K,1.39%
10/10/2007,2.2347,2.201,2.2369,2.1911,21.24K,1.45%
10/09/2007,2.2028,2.1833,2.2208,2.16,20.99K,1.13%
10/08/2007,2.1781,2.2378,2.2378,2.165,21.53K,-2.79%
10/05/2007,2.2405,2.24,2.253,2.223,16.37K,-0.26%
10/04/2007,2.2463,2.1875,2.257,2.1746,14.75K,2.28%
10/03/2007,2.1962,2.191,2.2093,2.1692,18.61K,0.66%
10/02/2007,2.1818,2.2002,2.2025,2.1644,15.59K,-0.84%
10/01/2007,2.2002,2.2396,2.2561,2.183,19.21K,-1.14%
09/28/2007,2.2256,2.2685,2.2825,2.2155,31.05K,-1.93%
09/27/2007,2.2694,2.2064,2.273,2.2038,37.40K,3.02%
09/26/2007,2.2029,2.2055,2.2371,2.1685,42.68K,-0.18%
09/25/2007,2.2068,2.2502,2.2502,2.196,41.37K,-1.99%
09/24/2007,2.2516,2.2751,2.2752,2.2368,30.29K,-1.03%
09/21/2007,2.2751,2.2774,2.278,2.256,26.01K,-0.12%
09/20/2007,2.2779,2.257,2.2803,2.2467,20.22K,0.69%
09/19/2007,2.2623,2.2759,2.2775,2.2261,24.21K,0.18%
09/18/2007,2.2583,2.2487,2.276,2.2167,17.81K,0.72%
09/17/2007,2.2422,2.218,2.2475,2.2046,14.19K,1.03%
09/14/2007,2.2193,2.2335,2.242,2.2141,22.27K,-0.59%
09/13/2007,2.2325,2.224,2.2449,2.2061,19.62K,0.04%
09/12/2007,2.2316,2.193,2.2349,2.1907,19.57K,1.66%
09/11/2007,2.1952,2.1916,2.2,2.1685,17.02K,0.49%
09/10/2007,2.1846,2.1581,2.203,2.144,17.50K,1.27%
09/07/2007,2.1572,2.1505,2.1701,2.1334,12.47K,0.37%
09/06/2007,2.1493,2.1225,2.1613,2.1158,16.85K,1.63%
09/05/2007,2.1149,2.099,2.12,2.0975,11.73K,0.85%
09/04/2007,2.097,2.0755,2.1112,2.0755,8.72K,1.92%
08/31/2007,2.0574,2.055,2.0772,2.0475,26.03K,0.48%
08/30/2007,2.0476,2.0633,2.07,2.04,25.72K,-0.63%
08/29/2007,2.0605,2.0125,2.0647,2.0125,31.28K,2.22%
08/28/2007,2.0158,2.0295,2.035,2.011,27.84K,-0.61%
08/27/2007,2.0282,2.023,2.0328,1.9804,24.06K,0.62%
08/24/2007,2.0158,1.978,2.0175,1.9687,23.93K,1.89%
08/23/2007,1.9784,1.972,1.9853,1.9647,18.79K,0.71%
08/22/2007,1.9644,1.9755,1.9842,1.9507,21.73K,-0.28%
08/21/2007,1.97,1.9955,2.0165,1.9577,26.08K,-1.40%
08/20/2007,1.9979,2.0134,2.0179,1.9716,19.09K,-1.82%
08/17/2007,2.035,2.023,2.0376,1.995,16.09K,1.81%
08/16/2007,1.9989,2.0367,2.0367,1.965,20.27K,-2.20%
08/15/2007,2.0439,2.0065,2.0641,2.0031,22.99K,2.23%
08/14/2007,1.9993,1.9848,2.0075,1.9717,12.93K,0.67%
08/13/2007,1.986,1.9994,2.0423,1.9756,23.88K,-0.24%
08/10/2007,1.9907,2.009,2.0124,1.9651,21.47K,-0.97%
08/09/2007,2.0102,1.9935,2.0138,1.964,22.97K,1.03%
08/08/2007,1.9898,1.9894,2.0126,1.9794,20.68K,0.01%
08/07/2007,1.9896,1.9749,1.9967,1.9535,18.87K,1.29%
08/06/2007,1.9643,2.047,2.058,1.9609,14.19K,-4.58%
08/03/2007,2.0585,2.0952,2.1017,2.0538,12.27K,-1.82%
08/02/2007,2.0966,2.094,2.1087,2.0678,12.84K,0.25%
08/01/2007,2.0914,2.1388,2.1388,2.0742,15.75K,-1.50%
07/31/2007,2.1232,2.088,2.1272,2.0775,37.50K,1.93%
07/30/2007,2.0831,2.0881,2.0984,2.059,34.57K,-0.49%
07/27/2007,2.0934,2.051,2.1037,2.0477,30.33K,1.99%
07/26/2007,2.0526,2.0895,2.1176,2.0372,43.00K,-1.54%
07/25/2007,2.0847,2.0476,2.0979,2.029,29.33K,1.74%
07/24/2007,2.049,2.079,2.08,2.0395,32.66K,-1.41%
07/23/2007,2.0784,2.11,2.1133,2.0688,27.41K,-1.67%
07/20/2007,2.1137,2.127,2.14,2.1078,21.66K,-1.00%
07/19/2007,2.135,2.114,2.1404,2.1093,21.44K,0.42%
07/18/2007,2.1261,2.0565,2.128,2.054,25.89K,3.42%
07/17/2007,2.0557,2.0859,2.1008,2.0466,27.06K,-1.03%
07/16/2007,2.0771,2.1282,2.1423,2.0738,27.59K,-2.44%
07/13/2007,2.1291,2.1199,2.1474,2.115,25.42K,0.56%
07/12/2007,2.1172,2.1105,2.1616,2.1012,28.43K,-0.15%
07/11/2007,2.1203,2.1351,2.1425,2.1148,16.36K,-0.96%
07/10/2007,2.1408,2.1083,2.1464,2.1013,17.69K,1.40%
07/09/2007,2.1113,2.1096,2.1221,2.09,16.91K,-0.05%
07/06/2007,2.1123,2.1031,2.12,2.0914,10.61K,0.43%
07/05/2007,2.1033,2.107,2.107,2.103,12.60K,1.06%
07/03/2007,2.0812,2.075,2.0893,2.0665,9.87K,0.26%
07/02/2007,2.0757,2.058,2.0823,2.0427,9.70K,1.63%
06/29/2007,2.0424,2.025,2.0612,2.0225,29.79K,0.78%
06/28/2007,2.0266,2.04,2.0525,2.023,33.43K,-0.27%
06/27/2007,2.0321,1.9984,2.0453,1.9808,36.69K,1.64%
06/26/2007,1.9993,2.035,2.0429,1.997,30.20K,-2.30%
06/25/2007,2.0464,2.04,2.0626,2.0022,28.74K,0.07%
06/22/2007,2.045,2.0205,2.0548,2.01,22.36K,0.59%
06/21/2007,2.033,2.0381,2.075,2.0281,32.61K,-0.46%
06/20/2007,2.0423,2.0326,2.044,2.0031,25.34K,0.20%
06/19/2007,2.0382,2.044,2.044,2.0256,16.68K,-0.34%
06/18/2007,2.0452,2.0215,2.0518,2.0075,15.12K,1.22%
06/15/2007,2.0206,2.0226,2.0341,2.0074,18.75K,-0.25%
06/14/2007,2.0256,1.966,2.0319,1.966,23.54K,2.85%
06/13/2007,1.9695,1.922,1.98,1.9155,34.19K,2.21%
06/12/2007,1.9269,1.939,1.9458,1.91,18.75K,-0.81%
06/11/2007,1.9426,1.912,1.9474,1.9047,24.23K,1.66%
06/08/2007,1.9108,1.977,1.9858,1.9088,26.79K,-3.79%
06/07/2007,1.986,1.98,1.9992,1.9725,19.73K,0.34%
06/06/2007,1.9792,1.974,1.9902,1.9566,13.92K,0.40%
06/05/2007,1.9714,1.96,1.9912,1.96,18.39K,0.04%
06/04/2007,1.9706,1.924,1.9855,1.924,21.34K,1.90%
06/01/2007,1.9338,1.8976,1.9426,1.89,14.45K,2.69%
05/31/2007,1.8831,1.8678,1.8879,1.848,35.16K,0.50%
05/30/2007,1.8738,1.878,1.8908,1.8624,28.98K,0.04%
05/29/2007,1.8731,1.9421,1.9421,1.8609,43.09K,-3.55%
05/25/2007,1.9421,1.9291,1.958,1.9287,21.06K,0.63%
05/24/2007,1.93,1.9355,1.9591,1.9237,23.91K,-0.26%
05/23/2007,1.9351,1.913,1.94,1.9053,22.61K,1.33%
05/22/2007,1.9097,1.9535,1.9546,1.9095,19.74K,-2.18%
05/21/2007,1.9522,1.9157,1.9618,1.9091,18.25K,1.61%
05/18/2007,1.9212,1.935,1.9408,1.9175,20.00K,-1.03%
05/17/2007,1.9412,1.8828,1.944,1.879,25.99K,3.61%
05/16/2007,1.8735,1.89,1.8979,1.8421,23.78K,-1.07%
05/15/2007,1.8937,1.8709,1.9025,1.8478,12.54K,1.26%
05/14/2007,1.8702,1.8856,1.9025,1.8637,14.55K,-0.91%
05/11/2007,1.8873,1.8637,1.9016,1.86,22.02K,1.14%
05/10/2007,1.866,1.837,1.8754,1.8273,28.23K,2.15%
05/09/2007,1.8268,1.8404,1.8533,1.796,19.54K,-0.71%
05/08/2007,1.8399,1.8175,1.8524,1.8099,20.27K,1.32%
05/07/2007,1.816,1.846,1.851,1.804,18.02K,-1.65%
05/04/2007,1.8464,1.8718,1.8857,1.832,14.40K,-0.85%
05/03/2007,1.8623,1.8674,1.8797,1.8475,8.90K,-0.39%
05/02/2007,1.8696,1.901,1.9045,1.8466,15.17K,-1.52%
05/01/2007,1.8984,1.9,1.93,1.8941,11.81K,0.19%
04/30/2007,1.8948,1.9132,1.9194,1.8871,34.23K,-0.94%
04/27/2007,1.9127,1.8925,1.92,1.8688,28.69K,1.24%
04/26/2007,1.8893,1.8975,1.9194,1.876,27.13K,-0.62%
04/25/2007,1.9011,1.8495,1.9029,1.8478,26.50K,2.87%
04/24/2007,1.848,1.889,1.8972,1.836,32.07K,-2.45%
04/23/2007,1.8945,1.8291,1.897,1.8223,28.37K,3.30%
04/20/2007,1.834,1.8056,1.8358,1.8,20.92K,1.48%
04/19/2007,1.8072,1.816,1.8365,1.7989,19.82K,-0.30%
04/18/2007,1.8126,1.814,1.8246,1.7715,27.31K,0.33%
04/17/2007,1.8066,1.8679,1.8841,1.8059,31.20K,-3.20%
04/16/2007,1.8663,1.9005,1.9185,1.8602,15.87K,-2.09%
04/13/2007,1.9062,1.9225,1.9338,1.9005,30.05K,-0.48%
04/12/2007,1.9153,1.8816,1.9223,1.8792,26.12K,1.54%
04/11/2007,1.8862,1.8705,1.8978,1.8683,31.66K,0.97%
04/10/2007,1.8681,1.8346,1.8762,1.8328,24.18K,2.07%
04/09/2007,1.8302,1.8691,1.8905,1.8271,23.75K,-2.28%
04/05/2007,1.8729,1.8734,1.886,1.855,12.67K,-0.08%
04/04/2007,1.8744,1.8465,1.8765,1.8284,15.31K,1.39%
04/03/2007,1.8487,1.8695,1.8695,1.8195,12.96K,-1.19%
04/02/2007,1.871,1.8831,1.8909,1.8659,11.50K,-0.31%
03/30/2007,1.8769,1.8772,1.906,1.8641,36.11K,-0.07%
03/29/2007,1.8783,1.8205,1.892,1.8105,36.60K,2.82%
03/28/2007,1.8268,1.8125,1.85,1.8,33.74K,2.34%
03/27/2007,1.7851,1.7702,1.899,1.7605,25.40K,0.57%
03/26/2007,1.775,1.728,1.777,1.7225,31.95K,3.37%
03/23/2007,1.7171,1.7257,1.7415,1.7066,21.97K,-0.20%
03/22/2007,1.7205,1.6731,1.73,1.67,28.09K,3.27%
03/21/2007,1.666,1.6796,1.6796,1.656,23.69K,0.05%
03/20/2007,1.6652,1.6892,1.7065,1.6634,18.75K,-1.20%
03/19/2007,1.6854,1.6858,1.7026,1.6767,17.23K,-0.02%
03/16/2007,1.6858,1.686,1.7315,1.6676,25.18K,-0.12%
03/15/2007,1.6878,1.7088,1.7225,1.6835,10.85K,-1.13%
03/14/2007,1.7071,1.7037,1.712,1.681,14.64K,1.06%
03/13/2007,1.6892,1.6862,1.7271,1.682,23.28K,0.44%
03/12/2007,1.6818,1.7011,1.7099,1.673,20.11K,-1.69%
03/09/2007,1.7107,1.7623,1.7654,1.708,20.99K,-2.80%
03/08/2007,1.7599,1.765,1.7773,1.7466,19.06K,-0.37%
03/07/2007,1.7665,1.748,1.7744,1.747,19.00K,1.21%
03/06/2007,1.7453,1.721,1.749,1.721,12.22K,1.31%
03/05/2007,1.7228,1.7539,1.7548,1.7104,10.41K,-2.40%
03/02/2007,1.7652,1.7748,1.7834,1.7558,10.76K,-0.48%
03/01/2007,1.7738,1.7696,1.7917,1.7439,10.07K,-0.24%
02/28/2007,1.7781,1.7345,1.7804,1.73,41.11K,0.43%
02/27/2007,1.7705,1.7485,1.7824,1.7238,41.65K,1.16%
02/26/2007,1.7502,1.7444,1.761,1.7319,24.67K,0.23%
02/23/2007,1.7461,1.721,1.76,1.7193,32.54K,1.35%
02/22/2007,1.7228,1.6759,1.727,1.6695,34.60K,2.51%
02/21/2007,1.6806,1.641,1.697,1.6224,29.58K,2.41%
02/20/2007,1.6411,1.653,1.6626,1.604,26.04K,-1.52%
02/16/2007,1.6665,1.6245,1.6682,1.614,24.13K,2.67%
02/15/2007,1.6231,1.6392,1.6489,1.6045,24.42K,-0.78%
02/14/2007,1.6358,1.6876,1.6876,1.623,24.95K,-3.16%
02/13/2007,1.6892,1.6451,1.695,1.6347,37.07K,2.52%
02/12/2007,1.6477,1.724,1.729,1.6371,38.95K,-4.19%
02/09/2007,1.7198,1.725,1.7335,1.7043,22.50K,0.02%
02/08/2007,1.7195,1.6615,1.7235,1.652,22.93K,3.45%
02/07/2007,1.6621,1.6985,1.7117,1.653,27.71K,-1.53%
02/06/2007,1.6879,1.68,1.71,1.6749,11.75K,0.67%
02/05/2007,1.6766,1.6755,1.7154,1.6744,12.16K,-0.62%
02/02/2007,1.687,1.6609,1.69,1.641,11.62K,1.66%
02/01/2007,1.6595,1.6695,1.691,1.6535,13.32K,-1.44%
01/31/2007,1.6838,1.6458,1.685,1.618,56.90K,2.31%
01/30/2007,1.6458,1.5566,1.648,1.5566,47.98K,5.69%
01/29/2007,1.5572,1.605,1.6215,1.5554,40.73K,-2.76%
01/26/2007,1.6014,1.565,1.6053,1.5601,28.95K,2.69%
01/25/2007,1.5594,1.596,1.6119,1.558,33.07K,-2.31%
01/24/2007,1.5963,1.593,1.598,1.556,39.46K,0.24%
01/23/2007,1.5925,1.5258,1.595,1.5175,34.11K,4.46%
01/22/2007,1.5245,1.534,1.5741,1.5136,29.69K,-0.52%
01/19/2007,1.5325,1.4909,1.5375,1.4909,24.97K,2.56%
01/18/2007,1.4942,1.5289,1.533,1.4762,24.80K,-1.88%
01/17/2007,1.5228,1.505,1.5274,1.4807,22.70K,1.30%
01/16/2007,1.5033,1.5418,1.5445,1.4896,22.06K,-1.85%
01/12/2007,1.5317,1.5165,1.5402,1.5109,32.54K,1.41%
01/11/2007,1.5104,1.5548,1.5791,1.5088,28.02K,-3.02%
01/10/2007,1.5575,1.5934,1.599,1.5485,24.34K,-2.11%
01/09/2007,1.591,1.5965,1.604,1.557,24.24K,-0.25%
01/08/2007,1.595,1.6135,1.6385,1.5855,22.59K,-0.52%
01/05/2007,1.6033,1.585,1.6074,1.5704,16.82K,1.40%
01/04/2007,1.5811,1.6289,1.637,1.58,18.41K,-2.83%
01/03/2007,1.6271,1.682,1.682,1.6148,12.86K,-3.48%
01/02/2007,1.6857,1.678,1.699,1.6667,1.29K,2.28%
12/29/2006,1.6482,1.6525,1.6564,1.63,25.88K,-0.48%
12/28/2006,1.6561,1.6535,1.665,1.64,24.30K,0.20%
12/27/2006,1.6528,1.6675,1.681,1.6456,24.03K,-0.78%
12/26/2006,1.6658,1.725,1.7385,1.662,18.62K,-3.22%
12/22/2006,1.7213,1.745,1.769,1.717,21.55K,-1.07%
12/21/2006,1.74,1.77,1.77,1.736,24.56K,-1.66%
12/20/2006,1.7693,1.7617,1.7895,1.7535,26.62K,0.57%
12/19/2006,1.7592,1.757,1.779,1.7386,30.20K,0.23%
12/18/2006,1.7552,1.8145,1.816,1.754,21.04K,-3.39%
12/15/2006,1.8167,1.8145,1.825,1.7935,19.58K,0.28%
12/14/2006,1.8116,1.7718,1.8225,1.7718,20.01K,2.35%
12/13/2006,1.77,1.7625,1.7887,1.75,35.11K,0.25%
12/12/2006,1.7655,1.7641,1.79,1.752,32.85K,-0.25%
12/11/2006,1.77,1.7945,1.803,1.765,27.13K,-1.49%
12/08/2006,1.7967,1.8265,1.854,1.7935,24.35K,-1.25%
12/07/2006,1.8194,1.8355,1.84,1.8068,27.18K,-0.71%
12/06/2006,1.8324,1.831,1.8515,1.8107,10.56K,-0.02%
12/05/2006,1.8328,1.844,1.866,1.8175,8.12K,-0.55%
12/04/2006,1.8429,1.879,1.879,1.8372,7.91K,-1.99%
12/01/2006,1.8804,1.875,1.885,1.8538,12.39K,1.64%
11/30/2006,1.85,1.8355,1.8725,1.825,38.98K,0.80%
11/29/2006,1.8353,1.779,1.839,1.775,43.78K,3.12%
11/28/2006,1.7798,1.758,1.784,1.7568,29.37K,1.25%
11/27/2006,1.7578,1.747,1.766,1.7285,30.16K,2.27%
11/24/2006,1.7187,1.7187,1.7187,1.7187,,0.00%
11/22/2006,1.7187,1.7711,1.781,1.711,33.48K,-3.37%
11/21/2006,1.7786,1.7225,1.781,1.717,37.09K,3.50%
11/20/2006,1.7185,1.7125,1.7237,1.691,18.86K,0.09%
11/17/2006,1.7169,1.7055,1.7233,1.6886,17.23K,0.69%
11/16/2006,1.7051,1.75,1.7806,1.7015,27.56K,-2.22%
11/15/2006,1.7439,1.721,1.758,1.719,21.35K,1.55%
11/14/2006,1.7172,1.7225,1.7385,1.714,12.13K,-0.03%
11/13/2006,1.7177,1.7623,1.7725,1.708,24.57K,-2.03%
11/10/2006,1.7533,1.794,1.7995,1.75,17.61K,-2.57%
11/09/2006,1.7996,1.7715,1.807,1.7715,19.08K,2.10%
11/08/2006,1.7626,1.74,1.775,1.7334,23.17K,1.54%
11/07/2006,1.7358,1.7735,1.777,1.733,20.41K,-2.21%
11/06/2006,1.7751,1.7299,1.7919,1.7226,15.01K,2.14%
11/03/2006,1.7379,1.696,1.7439,1.6885,9.32K,2.31%
11/02/2006,1.6987,1.7105,1.7225,1.687,8.94K,-0.79%
11/01/2006,1.7122,1.723,1.7306,1.6898,10.26K,2.71%
10/31/2006,1.667,1.6645,1.6715,1.634,34.47K,0.42%
10/30/2006,1.66,1.738,1.741,1.661,34.39K,-4.52%
10/27/2006,1.7385,1.7385,1.7473,1.719,26.63K,-0.09%
10/26/2006,1.74,1.781,1.7853,1.7337,27.34K,-2.10%
10/25/2006,1.7774,1.7343,1.7825,1.7325,30.25K,2.67%
10/24/2006,1.7312,1.715,1.7452,1.704,23.23K,1.28%
10/23/2006,1.7094,1.7239,1.7269,1.695,17.12K,-0.75%
10/20/2006,1.7224,1.755,1.771,1.715,16.14K,-2.08%
10/19/2006,1.7589,1.7418,1.764,1.7085,19.89K,1.56%
10/18/2006,1.7318,1.779,1.802,1.726,24.86K,-2.25%
10/17/2006,1.7716,1.8024,1.822,1.767,18.55K,-1.45%
10/16/2006,1.7976,1.7745,1.8005,1.7525,12.44K,2.07%
10/13/2006,1.7611,1.744,1.7843,1.737,17.90K,1.65%
10/12/2006,1.7325,1.7175,1.7485,1.709,23.63K,0.77%
10/11/2006,1.7193,1.733,1.7484,1.715,21.87K,-0.75%
10/10/2006,1.7323,1.7705,1.785,1.729,27.53K,-2.68%
10/09/2006,1.78,1.76,1.811,1.7579,24.28K,1.55%
10/06/2006,1.7529,1.744,1.755,1.7175,16.86K,0.30%
10/05/2006,1.7476,1.7385,1.775,1.7245,11.60K,0.70%
10/04/2006,1.7354,1.711,1.7365,1.6936,8.54K,1.31%
10/03/2006,1.7129,1.7625,1.7625,1.7054,11.73K,-2.80%
10/02/2006,1.7622,1.8234,1.8234,1.7572,11.62K,0.50%
09/29/2006,1.7535,1.7515,1.76,1.713,36.41K,-0.31%
09/28/2006,1.7589,1.7568,1.7915,1.744,32.72K,0.11%
09/27/2006,1.757,1.6975,1.7615,1.68,35.81K,3.35%
09/26/2006,1.7,1.708,1.7265,1.685,30.41K,-0.38%
09/25/2006,1.7064,1.689,1.729,1.67,20.34K,0.80%
09/22/2006,1.6929,1.73,1.7395,1.6805,25.31K,-1.82%
09/21/2006,1.7243,1.704,1.729,1.7,16.02K,1.36%
09/20/2006,1.7011,1.752,1.7527,1.7,21.33K,-2.74%
09/19/2006,1.7491,1.7885,1.818,1.745,20.05K,-2.10%
09/18/2006,1.7867,1.779,1.803,1.7643,24.18K,0.85%
09/15/2006,1.7717,1.785,1.79,1.757,16.95K,-0.86%
09/14/2006,1.7871,1.8136,1.8264,1.77,26.93K,-1.22%
09/13/2006,1.8091,1.825,1.838,1.7895,19.17K,-0.23%
09/12/2006,1.8133,1.8715,1.8965,1.8125,22.14K,-3.10%
09/11/2006,1.8714,1.9,1.9,1.868,13.74K,-1.91%
09/08/2006,1.9078,1.9465,1.9525,1.898,15.78K,-2.08%
09/07/2006,1.9484,1.9715,1.9764,1.935,11.48K,-1.09%
09/06/2006,1.9698,1.9965,2.002,1.9676,7.34K,-1.32%
09/05/2006,1.9962,2.0225,2.025,1.9939,5.50K,-1.37%
09/01/2006,2.0239,2.0611,2.067,2.02,6.07K,0.64%
08/31/2006,2.0111,2.0075,2.016,1.978,27.60K,0.81%
08/30/2006,1.995,1.9895,2.0115,1.959,25.74K,0.58%
08/29/2006,1.9835,1.9972,2.02,1.97,26.09K,-0.69%
08/28/2006,1.9972,2.0675,2.0675,1.994,29.31K,-3.27%
08/25/2006,2.0648,2.0945,2.118,2.06,23.65K,0.04%
08/24/2006,2.064,2.044,2.094,2.0345,18.12K,1.08%
08/23/2006,2.042,2.085,2.085,2.025,22.78K,-1.96%
08/22/2006,2.0828,2.0745,2.1,2.0701,16.50K,0.13%
08/21/2006,2.0801,2.042,2.085,2.0311,15.68K,2.05%
08/18/2006,2.0384,2.0465,2.062,2.015,15.13K,0.77%
08/17/2006,2.0229,2.07,2.07,2.02,14.20K,-2.61%
08/16/2006,2.0772,2.0835,2.097,2.0725,12.91K,-0.43%
08/15/2006,2.0862,2.0819,2.105,2.0745,17.41K,0.05%
08/14/2006,2.0852,2.1015,2.1015,2.056,9.81K,-1.14%
08/11/2006,2.1092,2.108,2.14,2.096,17.08K,0.48%
08/10/2006,2.0992,2.1675,2.1724,2.092,21.63K,-3.38%
08/09/2006,2.1727,2.1745,2.206,2.1675,14.24K,-0.24%
08/08/2006,2.178,2.198,2.208,2.174,13.11K,-0.92%
08/07/2006,2.1983,2.15,2.213,2.15,15.26K,2.42%
08/04/2006,2.1463,2.1695,2.1715,2.132,12.31K,-1.14%
08/03/2006,2.171,2.185,2.1925,2.144,8.73K,-0.56%
08/02/2006,2.1833,2.1495,2.19,2.1452,12.10K,1.66%
08/01/2006,2.1477,2.117,2.156,2.1025,7.97K,5.40%
07/31/2006,2.0376,2.0175,2.048,2,25.08K,1.01%
07/28/2006,2.0173,2.051,2.0624,2.008,24.38K,-1.71%
07/27/2006,2.0523,2.0255,2.085,2.022,23.98K,1.22%
07/26/2006,2.0275,2.01,2.05,2.003,22.99K,1.06%
07/25/2006,2.0062,2.0425,2.0586,2.001,18.17K,-1.68%
07/24/2006,2.0405,2.0235,2.045,1.9971,16.02K,0.84%
07/21/2006,2.0235,2.0075,2.0424,2.002,21.20K,0.38%
07/20/2006,2.0158,2.047,2.0586,2.0125,17.26K,-1.59%
07/19/2006,2.0484,2.065,2.0925,2,26.56K,-1.22%
07/18/2006,2.0737,2.107,2.1525,2.0575,21.08K,-1.40%
07/17/2006,2.1032,2.1544,2.184,2.1,17.70K,-2.38%
07/14/2006,2.1544,2.1535,2.2,2.146,17.72K,-0.10%
07/13/2006,2.1565,2.0862,2.176,2.0862,25.00K,3.23%
07/12/2006,2.0891,2.0775,2.09,2.053,17.91K,0.26%
07/11/2006,2.0837,2.047,2.09,2.035,16.49K,1.94%
07/10/2006,2.044,2.079,2.083,2.027,18.06K,-1.71%
07/07/2006,2.0796,2.1185,2.141,2.075,10.12K,-2.24%
07/06/2006,2.1272,2.129,2.159,2.086,10.49K,0.22%
07/05/2006,2.1226,2.0851,2.132,2.08,8.27K,1.73%
07/03/2006,2.0866,2.0866,2.0866,2.0866,,2.86%
06/30/2006,2.0286,2.0505,2.0636,2.02,23.70K,-1.06%
06/29/2006,2.0504,1.9997,2.067,1.9985,28.47K,2.60%
06/28/2006,1.9984,2.0138,2.03,1.99,28.56K,-0.58%
06/27/2006,2.0101,2.0235,2.05,2.005,21.00K,-0.77%
06/26/2006,2.0257,2.0125,2.0425,1.988,25.47K,0.94%
06/23/2006,2.0069,2.0164,2.03,2.0005,17.48K,-0.54%
06/22/2006,2.0178,1.99,2.023,1.98,18.20K,1.75%
06/21/2006,1.983,1.9526,1.995,1.932,18.63K,1.65%
06/20/2006,1.9508,1.944,1.972,1.9359,14.81K,0.72%
06/19/2006,1.9369,1.97,1.9732,1.93,15.23K,-1.70%
06/16/2006,1.9704,1.9825,1.9985,1.953,13.57K,-0.27%
06/15/2006,1.9758,1.9775,2.0009,1.973,14.81K,-0.04%
06/14/2006,1.9765,1.9711,1.9892,1.955,13.63K,0.18%
06/13/2006,1.973,2.028,2.0315,1.966,21.10K,-2.68%
06/12/2006,2.0274,2.0765,2.0925,2.025,14.62K,-2.60%
06/09/2006,2.0816,2.0205,2.085,2.0135,19.02K,3.02%
06/08/2006,2.0205,2.0295,2.0295,1.99,19.99K,-0.51%
06/07/2006,2.0309,2.0739,2.0746,2.015,19.04K,-2.08%
06/06/2006,2.074,2.067,2.08,2.0435,6.53K,0.04%
06/05/2006,2.0731,2.06,2.0945,2.06,6.48K,1.33%
06/02/2006,2.0458,2,2.055,1.999,7.72K,2.17%
06/01/2006,2.0024,2.0275,2.045,1.991,7.88K,0.36%
05/31/2006,1.9953,2.022,2.026,1.9625,38.51K,-1.46%
05/30/2006,2.0249,1.9991,2.047,1.9988,21.95K,1.64%
05/26/2006,1.9922,2.0135,2.035,1.98,16.61K,-1.07%
05/25/2006,2.0137,1.964,2.02,1.9541,18.77K,2.64%
05/24/2006,1.9619,2.017,2.0175,1.96,26.01K,-3.05%
05/23/2006,2.0237,1.9597,2.05,1.957,24.48K,3.32%
05/22/2006,1.9587,1.9449,1.965,1.925,16.15K,0.56%
05/19/2006,1.9477,1.982,1.9908,1.942,13.41K,-1.31%
05/18/2006,1.9735,1.9466,1.9785,1.9305,14.85K,1.40%
05/17/2006,1.9463,1.9725,1.9919,1.941,21.43K,-1.57%
05/16/2006,1.9773,1.966,2.007,1.9483,14.49K,0.50%
05/15/2006,1.9675,2.065,2.065,1.964,18.91K,-4.74%
05/12/2006,2.0655,2.121,2.121,2.063,14.70K,-2.45%
05/11/2006,2.1174,2.083,2.1234,2.0806,23.03K,1.56%
05/10/2006,2.0849,2.015,2.088,1.996,21.30K,3.38%
05/09/2006,2.0167,1.98,2.034,1.9756,23.45K,1.93%
05/08/2006,1.9785,1.9825,1.99,1.945,17.08K,-0.28%
05/05/2006,1.9841,1.97,1.987,1.9675,19.27K,1.07%
05/04/2006,1.9631,2.03,2.0371,1.951,14.29K,-3.30%
05/03/2006,2.0301,2.1025,2.1085,2.028,10.79K,-3.51%
05/02/2006,2.104,2.085,2.112,2.08,10.75K,0.95%
05/01/2006,2.0843,2.033,2.088,2.033,7.48K,3.55%
04/28/2006,2.0129,1.9931,2.042,1.9821,33.51K,0.97%
04/27/2006,1.9936,2.0305,2.0348,1.991,26.27K,-1.88%
04/26/2006,2.0318,2.07,2.0775,2.026,27.48K,-1.80%
04/25/2006,2.069,2.0455,2.077,2.0325,25.48K,1.14%
04/24/2006,2.0456,2.0981,2.11,2.043,15.51K,-2.18%
04/21/2006,2.0911,2.0634,2.105,2.0419,16.53K,1.18%
04/20/2006,2.0667,2.075,2.089,2.0335,17.36K,-0.71%
04/19/2006,2.0815,2.06,2.099,2.0515,22.14K,0.60%
04/18/2006,2.069,2.0322,2.0725,2.028,20.00K,1.65%
04/17/2006,2.0355,2.0019,2.038,1.99,14.93K,2.05%
04/13/2006,1.9946,1.9845,1.999,1.958,20.54K,0.50%
04/12/2006,1.9847,1.968,1.995,1.955,26.24K,0.87%
04/11/2006,1.9675,1.957,1.97,1.928,18.54K,0.47%
04/10/2006,1.9583,1.9,1.962,1.9,18.27K,3.17%
04/07/2006,1.8981,1.899,1.903,1.8715,21.50K,-0.28%
04/06/2006,1.9035,1.885,1.905,1.884,9.88K,1.22%
04/05/2006,1.8805,1.87,1.889,1.856,11.50K,0.71%
04/04/2006,1.8672,1.877,1.877,1.8465,9.40K,-0.49%
04/03/2006,1.8764,1.8763,1.907,1.8702,8.14K,0.70%
03/31/2006,1.8633,1.8784,1.8784,1.836,26.74K,-0.85%
03/30/2006,1.8793,1.851,1.885,1.8396,24.98K,1.62%
03/29/2006,1.8494,1.829,1.855,1.82,25.79K,1.14%
03/28/2006,1.8286,1.7885,1.835,1.7836,22.78K,2.45%
03/27/2006,1.7848,1.7945,1.802,1.7675,15.41K,-0.51%
03/24/2006,1.7939,1.7873,1.814,1.773,16.36K,0.37%
03/23/2006,1.7873,1.7475,1.789,1.7355,17.90K,2.40%
03/22/2006,1.7454,1.773,1.782,1.742,14.75K,-1.56%
03/21/2006,1.773,1.746,1.785,1.728,15.33K,1.63%
03/20/2006,1.7446,1.7901,1.797,1.741,14.21K,-2.57%
03/17/2006,1.7906,1.815,1.8225,1.7875,10.80K,-1.62%
03/16/2006,1.82,1.7865,1.825,1.77,11.28K,1.73%
03/15/2006,1.7891,1.8145,1.836,1.78,20.04K,-2.19%
03/14/2006,1.8292,1.7562,1.832,1.7545,17.34K,4.09%
03/13/2006,1.7573,1.705,1.763,1.692,16.66K,3.04%
03/10/2006,1.7054,1.729,1.7389,1.695,16.94K,-1.47%
03/09/2006,1.7309,1.708,1.735,1.7015,24.12K,1.41%
03/08/2006,1.7069,1.745,1.745,1.692,19.55K,-2.23%
03/07/2006,1.7459,1.7785,1.7898,1.7265,19.01K,-2.03%
03/06/2006,1.782,1.8214,1.825,1.78,12.83K,-2.77%
03/03/2006,1.8327,1.8225,1.836,1.805,10.86K,0.57%
03/02/2006,1.8224,1.768,1.825,1.764,10.73K,3.28%
03/01/2006,1.7646,1.7465,1.776,1.746,11.12K,2.45%
02/28/2006,1.7224,1.694,1.726,1.68,32.65K,1.53%
02/27/2006,1.6964,1.738,1.738,1.683,30.37K,-2.65%
02/24/2006,1.7426,1.6775,1.7505,1.6775,24.47K,3.87%
02/23/2006,1.6777,1.669,1.688,1.658,23.80K,0.39%
02/22/2006,1.6711,1.6883,1.6917,1.6625,19.49K,-1.38%
02/21/2006,1.6944,1.7015,1.725,1.685,21.29K,0.67%
02/17/2006,1.6832,1.6595,1.69,1.6595,14.57K,1.80%
02/16/2006,1.6535,1.6369,1.662,1.6255,22.97K,1.02%
02/15/2006,1.6368,1.645,1.6694,1.635,16.56K,-0.60%
02/14/2006,1.6466,1.675,1.68,1.645,15.39K,-1.81%
02/13/2006,1.6769,1.6975,1.6997,1.6725,16.44K,-0.20%
02/10/2006,1.6803,1.705,1.7254,1.666,20.87K,-1.45%
02/09/2006,1.7051,1.7116,1.735,1.69,22.51K,-0.21%
02/08/2006,1.7087,1.734,1.748,1.705,27.16K,-1.57%
02/07/2006,1.736,1.7985,1.7985,1.7325,21.99K,-3.37%
02/06/2006,1.7965,1.8355,1.84,1.7925,14.12K,-0.99%
02/03/2006,1.8145,1.8085,1.819,1.7625,12.74K,0.64%
02/02/2006,1.8029,1.8465,1.8674,1.798,15.93K,-2.58%
02/01/2006,1.8507,1.8725,1.916,1.845,11.42K,0.15%
01/31/2006,1.8479,1.868,1.873,1.834,29.98K,-1.01%
01/30/2006,1.8667,1.85,1.885,1.83,25.78K,1.59%
01/27/2006,1.8375,1.813,1.855,1.8075,27.76K,1.79%
01/26/2006,1.8051,1.815,1.827,1.7945,24.37K,-0.45%
01/25/2006,1.8132,1.8375,1.8405,1.795,21.64K,-1.66%
01/24/2006,1.8439,1.871,1.8773,1.8425,19.47K,-1.51%
01/23/2006,1.8722,1.9012,1.9095,1.8621,15.50K,-1.34%
01/20/2006,1.8977,1.835,1.92,1.8345,24.15K,3.47%
01/19/2006,1.8341,1.7919,1.84,1.78,19.66K,2.48%
01/18/2006,1.7898,1.82,1.832,1.775,20.36K,-1.77%
01/17/2006,1.822,1.771,1.83,1.768,19.74K,4.32%
01/13/2006,1.7466,1.745,1.755,1.726,20.36K,0.25%
01/12/2006,1.7423,1.761,1.785,1.7375,24.81K,-0.90%
01/11/2006,1.7582,1.7725,1.781,1.725,21.83K,-0.71%
01/10/2006,1.7708,1.8,1.8069,1.7675,18.85K,-1.56%
01/09/2006,1.7989,1.817,1.8325,1.775,17.20K,-1.52%
01/06/2006,1.8267,1.8075,1.837,1.8055,11.51K,0.82%
01/05/2006,1.8118,1.8348,1.84,1.795,16.86K,-1.42%
01/04/2006,1.8379,1.8125,1.84,1.8,10.59K,1.24%
01/03/2006,1.8154,1.7812,1.8675,1.781,13.79K,2.58%
12/30/2005,1.7698,1.7307,1.795,1.7125,20.81K,2.12%
12/29/2005,1.7331,1.7105,1.75,1.705,19.98K,1.35%
12/28/2005,1.71,1.6655,1.717,1.659,21.15K,2.67%
12/27/2005,1.6656,1.72,1.72,1.66,20.68K,-3.43%
12/23/2005,1.7248,1.7572,1.7591,1.721,13.12K,-1.80%
12/22/2005,1.7564,1.75,1.795,1.741,16.53K,-1.24%
12/21/2005,1.7785,1.7455,1.785,1.741,19.86K,1.70%
12/20/2005,1.7487,1.7375,1.7586,1.728,13.87K,0.81%
12/19/2005,1.7347,1.7647,1.7814,1.7275,16.77K,-1.55%
12/16/2005,1.762,1.819,1.823,1.755,17.18K,-3.29%
12/15/2005,1.822,1.8815,1.885,1.82,18.23K,-3.07%
12/14/2005,1.8797,1.87,1.898,1.8554,20.69K,0.06%
12/13/2005,1.8785,1.823,1.8825,1.8106,24.10K,3.03%
12/12/2005,1.8232,1.7843,1.825,1.7766,19.61K,2.22%
12/09/2005,1.7836,1.835,1.855,1.7635,18.67K,-2.70%
12/08/2005,1.8331,1.7845,1.835,1.775,21.01K,2.64%
12/07/2005,1.7859,1.8115,1.8275,1.775,23.33K,-1.48%
12/06/2005,1.8127,1.824,1.824,1.789,13.42K,-0.58%
12/05/2005,1.8233,1.81,1.861,1.81,13.85K,0.96%
12/02/2005,1.806,1.773,1.815,1.765,15.08K,1.70%
12/01/2005,1.7758,1.7296,1.7775,1.725,14.78K,5.10%
11/30/2005,1.6897,1.6735,1.694,1.6525,37.14K,1.06%
11/29/2005,1.672,1.6961,1.7275,1.665,29.45K,-1.22%
11/28/2005,1.6926,1.748,1.748,1.6825,27.02K,-3.21%
11/23/2005,1.7488,1.8,1.8096,1.7425,23.90K,-2.62%
11/22/2005,1.7958,1.774,1.82,1.7705,16.80K,1.26%
11/21/2005,1.7734,1.769,1.8033,1.7675,12.55K,0.55%
11/18/2005,1.7637,1.77,1.7775,1.7475,14.21K,-0.12%
11/17/2005,1.7659,1.795,1.829,1.7625,12.69K,-1.62%
11/16/2005,1.7949,1.755,1.8075,1.7495,12.00K,2.43%
11/15/2005,1.7524,1.7978,1.8075,1.749,18.10K,-2.66%
11/14/2005,1.8002,1.8,1.8207,1.7825,10.76K,0.54%
11/11/2005,1.7905,1.8005,1.835,1.775,19.77K,-0.61%
11/10/2005,1.8015,1.8355,1.841,1.785,21.22K,-2.29%
11/09/2005,1.8438,1.8295,1.8825,1.815,17.91K,0.61%
11/08/2005,1.8326,1.8375,1.8413,1.807,17.66K,-0.38%
11/07/2005,1.8395,1.8195,1.84,1.797,16.84K,-0.40%
11/04/2005,1.8469,1.885,1.89,1.835,9.28K,-1.95%
11/03/2005,1.8836,1.8314,1.885,1.83,7.08K,3.05%
11/02/2005,1.8279,1.8575,1.8615,1.797,12.87K,-1.51%
11/01/2005,1.856,1.877,1.877,1.835,11.59K,1.76%
10/31/2005,1.8239,1.898,1.898,1.815,31.50K,-3.85%
10/28/2005,1.8969,1.905,1.9175,1.875,21.74K,-0.23%
10/27/2005,1.9013,1.8975,1.931,1.8825,20.02K,0.14%
10/26/2005,1.8986,1.9455,1.985,1.89,26.97K,-1.76%
10/25/2005,1.9326,1.85,1.94,1.8411,19.26K,4.63%
10/24/2005,1.8471,1.881,1.885,1.84,24.21K,-2.77%
10/21/2005,1.8997,1.897,1.9098,1.86,13.52K,0.16%
10/20/2005,1.8966,1.9375,1.9475,1.873,14.74K,-2.49%
10/19/2005,1.9451,1.9691,1.9831,1.91,15.52K,-1.11%
10/18/2005,1.9669,2.022,2.025,1.9575,13.20K,-2.80%
10/17/2005,2.0236,1.9904,2.045,1.9904,14.33K,1.67%
10/14/2005,1.9904,2.034,2.034,1.945,15.30K,-2.15%
10/13/2005,2.0342,2.055,2.056,2.0025,17.29K,-1.09%
10/12/2005,2.0567,2.0539,2.07,2.035,17.82K,0.16%
10/11/2005,2.0535,2.0125,2.0565,2,18.78K,2.06%
10/10/2005,2.012,1.9984,2.02,1.945,21.08K,0.48%
10/07/2005,2.0023,2.075,2.075,1.97,18.65K,0.80%
10/06/2005,1.9864,2.0436,2.049,1.9425,12.90K,-3.06%
10/05/2005,2.049,2.0755,2.12,2.04,8.87K,-1.65%
10/04/2005,2.0834,2.102,2.102,2.025,7.52K,-1.25%
10/03/2005,2.1098,2.1597,2.1684,2.095,7.80K,-0.93%
09/30/2005,2.1296,2.1398,2.145,2.057,31.53K,-1.16%
09/29/2005,2.1545,2.1625,2.1845,2.075,24.39K,-0.65%
09/28/2005,2.1686,2.092,2.18,2.0665,28.95K,3.56%
09/27/2005,2.094,2.0849,2.108,2.048,24.87K,0.25%
09/26/2005,2.0888,1.9455,2.092,1.891,21.24K,5.35%
09/23/2005,1.9827,2.065,2.0675,1.95,18.76K,-3.91%
09/22/2005,2.0634,2.0667,2.1123,2.035,15.16K,0.09%
09/21/2005,2.0615,2.0346,2.115,2.0305,15.31K,0.96%
09/20/2005,2.0418,2.075,2.075,1.965,13.84K,-1.28%
09/19/2005,2.0683,1.886,2.075,1.886,14.32K,10.13%
09/16/2005,1.878,1.9475,1.9475,1.87,14.67K,-3.82%
09/15/2005,1.9525,1.965,1.98,1.916,14.76K,-0.59%
09/14/2005,1.964,1.8835,1.97,1.866,16.99K,4.41%
09/13/2005,1.881,1.8536,1.89,1.844,19.63K,1.39%
09/12/2005,1.8553,1.937,1.9456,1.84,20.82K,-4.36%
09/09/2005,1.9398,1.97,1.993,1.9,17.69K,-1.20%
09/08/2005,1.9634,1.992,2.016,1.935,18.61K,-1.29%
09/07/2005,1.989,2.075,2.091,1.97,12.75K,-4.26%
09/06/2005,2.0776,2.095,2.12,2.0578,8.97K,-1.55%
09/02/2005,2.1104,2.2055,2.2067,2.0893,8.80K,-4.65%
09/01/2005,2.2134,2.089,2.22,2.0856,9.70K,6.59%
08/31/2005,2.0765,2.09,2.117,2.04,34.31K,-0.41%
08/30/2005,2.085,1.94,2.1,1.938,38.99K,7.80%
08/29/2005,1.9341,1.95,2.05,1.895,32.19K,3.36%
08/26/2005,1.8712,1.9078,1.91,1.868,17.15K,-1.92%
08/25/2005,1.9078,1.91,1.9208,1.876,12.95K,0.23%
08/24/2005,1.9034,1.854,1.907,1.84,20.97K,2.85%
08/23/2005,1.8506,1.846,1.867,1.823,15.27K,0.09%
08/22/2005,1.8489,1.8661,1.89,1.843,10.41K,-0.39%
08/19/2005,1.8561,1.831,1.884,1.83,12.83K,1.80%
08/18/2005,1.8232,1.8235,1.838,1.793,12.45K,0.35%
08/17/2005,1.8169,1.9003,1.92,1.81,12.02K,-4.42%
08/16/2005,1.9009,1.907,1.93,1.892,13.38K,-0.25%
08/15/2005,1.9056,1.9327,1.939,1.896,15.53K,-1.58%
08/12/2005,1.9361,1.9285,1.96,1.9095,14.50K,0.25%
08/11/2005,1.9312,1.8725,1.934,1.8521,20.20K,3.06%
08/10/2005,1.8738,1.81,1.877,1.81,22.51K,3.30%
08/09/2005,1.814,1.8297,1.8425,1.811,21.38K,-0.83%
08/08/2005,1.8291,1.7735,1.834,1.7735,17.78K,3.25%
08/05/2005,1.7715,1.739,1.775,1.732,17.40K,1.43%
08/04/2005,1.7466,1.725,1.759,1.722,10.79K,1.05%
08/03/2005,1.7284,1.763,1.774,1.727,12.61K,-2.03%
08/02/2005,1.7643,1.7555,1.767,1.7336,6.86K,0.56%
08/01/2005,1.7545,1.7241,1.768,1.7198,6.00K,4.67%
07/29/2005,1.6762,1.677,1.7,1.668,22.56K,-0.05%
07/28/2005,1.6771,1.6535,1.687,1.64,24.16K,1.38%
07/27/2005,1.6542,1.6471,1.668,1.63,22.24K,0.52%
07/26/2005,1.6457,1.648,1.683,1.6375,22.53K,-0.10%
07/25/2005,1.6473,1.63,1.651,1.603,17.57K,1.17%
07/22/2005,1.6283,1.615,1.638,1.597,20.10K,0.96%
07/21/2005,1.6128,1.64,1.65,1.594,17.19K,-1.31%
07/20/2005,1.6342,1.663,1.6864,1.628,24.77K,-1.64%
07/19/2005,1.6614,1.6605,1.68,1.652,14.50K,-0.14%
07/18/2005,1.6637,1.69,1.7094,1.644,14.00K,-1.56%
07/15/2005,1.69,1.6895,1.725,1.6705,14.49K,0.37%
07/14/2005,1.6837,1.739,1.744,1.66,18.29K,-3.53%
07/13/2005,1.7453,1.7708,1.778,1.732,20.60K,-1.69%
07/12/2005,1.7753,1.7131,1.777,1.7011,12.98K,3.97%
07/11/2005,1.7075,1.731,1.7392,1.689,14.83K,-2.01%
07/08/2005,1.7426,1.7886,1.816,1.737,15.58K,-2.81%
07/07/2005,1.7929,1.8095,1.8301,1.7065,10.70K,-1.09%
07/06/2005,1.8126,1.757,1.815,1.7554,7.97K,3.35%
07/05/2005,1.7538,1.73,1.783,1.73,8.95K,1.33%
07/01/2005,1.7307,1.6598,1.75,1.6568,7.87K,5.78%
06/30/2005,1.6361,1.6175,1.68,1.6175,34.50K,0.84%
06/29/2005,1.6224,1.641,1.645,1.599,28.60K,-0.86%
06/28/2005,1.6364,1.694,1.694,1.625,28.28K,-3.40%
06/27/2005,1.694,1.6784,1.702,1.6757,19.72K,1.71%
06/24/2005,1.6656,1.678,1.698,1.66,21.34K,-1.31%
06/23/2005,1.6877,1.6395,1.698,1.6354,18.13K,3.18%
06/22/2005,1.6357,1.6433,1.669,1.62,14.40K,-0.46%
06/21/2005,1.6432,1.6746,1.6762,1.641,12.57K,-1.88%
06/20/2005,1.6746,1.6715,1.6845,1.647,13.32K,0.66%
06/17/2005,1.6636,1.6381,1.672,1.6352,13.64K,1.53%
06/16/2005,1.6385,1.633,1.6425,1.618,15.01K,0.21%
06/15/2005,1.6351,1.651,1.68,1.63,17.82K,-0.92%
06/14/2005,1.6502,1.675,1.69,1.647,16.74K,-1.53%
06/13/2005,1.6759,1.6123,1.686,1.6059,16.64K,3.62%
06/10/2005,1.6173,1.638,1.662,1.616,17.24K,-1.23%
06/09/2005,1.6374,1.562,1.64,1.5498,21.66K,4.73%
06/08/2005,1.5634,1.6135,1.632,1.56,22.89K,-3.12%
06/07/2005,1.6137,1.621,1.636,1.603,18.66K,-0.81%
06/06/2005,1.6268,1.6105,1.638,1.5915,13.88K,1.09%
06/03/2005,1.6092,1.5508,1.612,1.546,9.06K,3.68%
06/02/2005,1.5521,1.5455,1.6,1.54,15.39K,0.27%
06/01/2005,1.5479,1.462,1.558,1.462,9.48K,6.79%
05/31/2005,1.4495,1.4479,1.46,1.418,23.66K,0.21%
05/27/2005,1.4464,1.445,1.457,1.4407,19.12K,-0.14%
05/26/2005,1.4484,1.4305,1.463,1.423,26.48K,0.84%
05/25/2005,1.4363,1.3938,1.453,1.3905,27.20K,2.86%
05/24/2005,1.3964,1.3755,1.399,1.3743,15.19K,1.44%
05/23/2005,1.3766,1.3656,1.3895,1.3509,12.02K,0.07%
05/20/2005,1.3756,1.4165,1.4165,1.366,12.19K,-0.93%
05/19/2005,1.3885,1.3695,1.417,1.362,13.31K,1.43%
05/18/2005,1.3689,1.3741,1.397,1.366,16.26K,-1.04%
05/17/2005,1.3833,1.3655,1.386,1.358,11.20K,1.61%
05/16/2005,1.3614,1.376,1.376,1.343,18.99K,-1.48%
05/13/2005,1.3818,1.39,1.403,1.368,13.03K,-0.86%
05/12/2005,1.3938,1.417,1.4185,1.382,20.30K,-1.68%
05/11/2005,1.4176,1.457,1.4605,1.415,15.92K,-3.03%
05/10/2005,1.4619,1.457,1.506,1.4535,18.49K,0.54%
05/09/2005,1.454,1.4564,1.4592,1.432,19.88K,0.41%
05/06/2005,1.4481,1.462,1.47,1.425,13.71K,-0.51%
05/05/2005,1.4555,1.4659,1.4795,1.436,9.44K,-0.62%
05/04/2005,1.4646,1.448,1.482,1.432,11.08K,1.30%
05/03/2005,1.4458,1.476,1.476,1.444,7.07K,-2.06%
05/02/2005,1.4762,1.4275,1.481,1.4235,7.20K,3.53%
04/29/2005,1.4259,1.489,1.4955,1.41,23.95K,-4.19%
04/28/2005,1.4883,1.475,1.49,1.426,29.93K,0.89%
04/27/2005,1.4751,1.5195,1.5231,1.472,21.55K,-2.69%
04/26/2005,1.5159,1.5231,1.526,1.496,22.90K,-0.70%
04/25/2005,1.5266,1.557,1.5634,1.5225,19.12K,-1.55%
04/22/2005,1.5506,1.5371,1.561,1.5347,15.47K,0.82%
04/21/2005,1.538,1.5127,1.543,1.4983,13.96K,1.66%
04/20/2005,1.5129,1.48,1.515,1.48,17.05K,1.06%
04/19/2005,1.497,1.45,1.501,1.45,10.95K,3.42%
04/18/2005,1.4475,1.462,1.475,1.435,10.17K,-1.11%
04/15/2005,1.4638,1.489,1.4936,1.451,13.27K,-1.63%
04/14/2005,1.4881,1.451,1.494,1.4495,21.96K,2.61%
04/13/2005,1.4503,1.47,1.47,1.44,18.27K,-1.37%
04/12/2005,1.4704,1.492,1.5041,1.468,17.93K,-1.47%
04/11/2005,1.4924,1.492,1.496,1.464,17.80K,-0.49%
04/08/2005,1.4997,1.53,1.53,1.48,21.09K,-1.86%
04/07/2005,1.5282,1.582,1.6025,1.512,23.21K,-3.40%
04/06/2005,1.582,1.6135,1.6135,1.58,11.91K,-2.07%
04/05/2005,1.6154,1.635,1.652,1.6125,7.13K,-1.34%
04/04/2005,1.6374,1.6541,1.684,1.635,11.15K,-1.12%
04/01/2005,1.656,1.5935,1.665,1.5935,12.39K,2.47%
03/31/2005,1.6161,1.562,1.635,1.5573,39.51K,3.32%
03/30/2005,1.5642,1.5166,1.566,1.495,35.51K,3.06%
03/29/2005,1.5178,1.5039,1.525,1.4965,17.73K,0.92%
03/28/2005,1.504,1.5224,1.526,1.5,16.40K,-1.54%
03/24/2005,1.5276,1.519,1.54,1.507,24.16K,0.88%
03/23/2005,1.5142,1.528,1.528,1.489,21.97K,-0.98%
03/22/2005,1.5292,1.554,1.5585,1.525,21.03K,-1.63%
03/21/2005,1.5545,1.5531,1.562,1.5425,16.68K,0.46%
03/18/2005,1.5474,1.5495,1.565,1.542,15.51K,-0.73%
03/17/2005,1.5588,1.558,1.58,1.54,17.47K,0.33%
03/16/2005,1.5537,1.5119,1.559,1.4963,22.45K,2.57%
03/15/2005,1.5148,1.5014,1.52,1.49,12.57K,1.11%
03/14/2005,1.4982,1.4915,1.505,1.461,12.66K,-0.17%
03/11/2005,1.5007,1.47,1.508,1.448,17.57K,1.85%
03/10/2005,1.4734,1.494,1.494,1.45,16.02K,-1.71%
03/09/2005,1.499,1.495,1.5155,1.483,19.60K,0.26%
03/08/2005,1.4951,1.455,1.5025,1.4435,19.52K,2.41%
03/07/2005,1.4599,1.4464,1.462,1.43,15.42K,0.76%
03/04/2005,1.4489,1.4465,1.46,1.4335,9.98K,0.01%
03/03/2005,1.4487,1.46,1.4825,1.443,15.59K,-0.65%
03/02/2005,1.4582,1.417,1.46,1.415,13.93K,2.70%
03/01/2005,1.4198,1.4,1.421,1.37,17.10K,-2.37%
02/28/2005,1.4542,1.445,1.461,1.433,31.83K,1.79%
02/25/2005,1.4286,1.4291,1.445,1.41,31.94K,-0.07%
02/24/2005,1.4296,1.436,1.467,1.4065,38.43K,-0.45%
02/23/2005,1.4361,1.402,1.44,1.3921,35.65K,1.92%
02/22/2005,1.409,1.3391,1.415,1.3349,28.95K,6.39%
02/18/2005,1.3244,1.2995,1.335,1.294,15.28K,2.20%
02/17/2005,1.2959,1.3235,1.3265,1.295,12.65K,-2.09%
02/16/2005,1.3235,1.2772,1.326,1.2755,21.40K,3.64%
02/15/2005,1.277,1.277,1.29,1.272,12.86K,0.00%
02/14/2005,1.277,1.2815,1.301,1.262,13.33K,-0.69%
02/11/2005,1.2859,1.2925,1.301,1.279,16.86K,-0.89%
02/10/2005,1.2974,1.247,1.3,1.247,22.87K,3.93%
02/09/2005,1.2484,1.2335,1.268,1.2215,18.27K,1.07%
02/08/2005,1.2352,1.221,1.239,1.2111,13.62K,1.25%
02/07/2005,1.22,1.2425,1.2454,1.213,18.16K,-2.44%
02/04/2005,1.2505,1.2595,1.271,1.245,14.07K,-0.35%
02/03/2005,1.2549,1.2745,1.2765,1.24,12.96K,-1.59%
02/02/2005,1.2752,1.29,1.302,1.27,11.65K,-1.10%
02/01/2005,1.2894,1.318,1.3189,1.287,11.05K,-4.35%
01/31/2005,1.3481,1.31,1.35,1.2835,36.33K,1.57%
01/28/2005,1.3272,1.3843,1.385,1.318,33.25K,-4.26%
01/27/2005,1.3863,1.395,1.411,1.382,23.87K,-0.40%
01/26/2005,1.3919,1.408,1.42,1.368,28.42K,-1.20%
01/25/2005,1.4088,1.385,1.4125,1.374,18.96K,1.65%
01/24/2005,1.386,1.3795,1.398,1.36,17.65K,1.20%
01/21/2005,1.3695,1.33,1.3825,1.33,19.49K,3.08%
01/20/2005,1.3286,1.335,1.353,1.3111,22.00K,-0.50%
01/19/2005,1.3353,1.3397,1.352,1.3305,15.57K,-0.22%
01/18/2005,1.3383,1.36,1.3829,1.325,16.64K,-0.40%
01/14/2005,1.3437,1.33,1.3525,1.324,11.10K,0.70%
01/13/2005,1.3344,1.297,1.339,1.2936,16.83K,2.95%
01/12/2005,1.2962,1.2893,1.3,1.255,14.62K,0.55%
01/11/2005,1.2891,1.268,1.3,1.268,14.21K,1.43%
01/10/2005,1.2709,1.28,1.338,1.265,15.03K,0.29%
01/07/2005,1.2672,1.268,1.281,1.245,21.41K,-0.48%
01/06/2005,1.2733,1.2125,1.28,1.2,14.54K,5.03%
01/05/2005,1.2123,1.2356,1.2356,1.182,15.72K,-1.97%
01/04/2005,1.2366,1.182,1.247,1.18,11.45K,4.62%
01/03/2005,1.182,1.215,1.215,1.16,10.98K,-5.64%
12/30/2004,1.2526,1.278,1.2827,1.2375,21.52K,-2.01%
12/29/2004,1.2783,1.23,1.285,1.202,29.18K,3.82%
12/28/2004,1.2313,1.2179,1.257,1.214,20.41K,1.08%
12/27/2004,1.2182,1.327,1.327,1.2125,20.67K,-8.43%
12/23/2004,1.3304,1.361,1.3622,1.323,14.80K,-2.30%
12/22/2004,1.3617,1.4042,1.417,1.336,19.56K,-2.96%
12/21/2004,1.4032,1.4,1.415,1.387,16.19K,0.19%
12/20/2004,1.4006,1.4389,1.4389,1.39,15.41K,-2.71%
12/17/2004,1.4396,1.376,1.458,1.372,17.62K,4.61%
12/16/2004,1.3761,1.386,1.406,1.355,16.18K,-0.79%
12/15/2004,1.3871,1.3107,1.39,1.304,18.82K,6.00%
12/14/2004,1.3086,1.2782,1.317,1.276,16.89K,3.05%
12/13/2004,1.2699,1.2386,1.287,1.2382,14.78K,2.53%
12/10/2004,1.2386,1.311,1.327,1.235,21.76K,-5.54%
12/09/2004,1.3113,1.2688,1.3165,1.2685,16.64K,3.26%
12/08/2004,1.2699,1.232,1.285,1.2029,18.07K,3.19%
12/07/2004,1.2307,1.2565,1.2608,1.225,17.18K,-2.00%
12/06/2004,1.2558,1.2286,1.276,1.2286,16.01K,1.41%
12/03/2004,1.2384,1.264,1.2718,1.224,11.89K,-1.75%
12/02/2004,1.2605,1.335,1.3399,1.251,15.35K,-5.37%
12/01/2004,1.3321,1.418,1.4208,1.327,13.13K,-6.08%
11/30/2004,1.4183,1.4584,1.469,1.405,36.43K,-2.75%
11/29/2004,1.4584,1.4694,1.485,1.446,25.65K,-0.57%
11/24/2004,1.4667,1.458,1.478,1.42,24.21K,0.60%
11/23/2004,1.4579,1.46,1.499,1.442,26.02K,-0.16%
11/22/2004,1.4603,1.49,1.5081,1.458,24.34K,-2.12%
11/19/2004,1.492,1.4378,1.498,1.43,24.70K,3.68%
11/18/2004,1.439,1.418,1.455,1.393,24.91K,1.27%
11/17/2004,1.4209,1.34,1.4275,1.334,22.90K,6.30%
11/16/2004,1.3367,1.35,1.374,1.3355,12.46K,-1.23%
11/15/2004,1.3533,1.3848,1.3848,1.3175,13.36K,-1.56%
11/12/2004,1.3748,1.376,1.388,1.367,9.54K,-0.04%
11/11/2004,1.3753,1.4159,1.4159,1.367,17.74K,-2.59%
11/10/2004,1.4118,1.3542,1.416,1.3465,18.29K,4.25%
11/09/2004,1.3542,1.3785,1.392,1.353,19.00K,-1.89%
11/08/2004,1.3803,1.3825,1.393,1.362,11.73K,-0.38%
11/05/2004,1.3856,1.3825,1.3935,1.3625,17.37K,0.24%
11/04/2004,1.3823,1.4317,1.44,1.381,11.75K,-3.52%
11/03/2004,1.4327,1.399,1.437,1.38,15.36K,2.13%
11/02/2004,1.4028,1.415,1.42,1.3975,9.94K,-0.83%
11/01/2004,1.4146,1.475,1.493,1.4,8.64K,-3.38%
10/29/2004,1.4641,1.459,1.4689,1.434,33.05K,0.19%
10/28/2004,1.4613,1.5055,1.515,1.46,39.67K,-2.92%
10/27/2004,1.5052,1.5785,1.598,1.495,42.62K,-4.52%
10/26/2004,1.5765,1.5703,1.58,1.543,27.38K,0.38%
10/25/2004,1.5706,1.6039,1.61,1.563,25.21K,-1.69%
10/22/2004,1.5976,1.5806,1.61,1.58,22.44K,0.96%
10/21/2004,1.5824,1.5608,1.586,1.558,17.45K,1.35%
10/20/2004,1.5613,1.51,1.57,1.509,26.85K,3.38%
10/19/2004,1.5103,1.512,1.515,1.488,17.60K,-0.11%
10/18/2004,1.512,1.546,1.5581,1.5,16.03K,-2.43%
10/15/2004,1.5497,1.546,1.5535,1.525,19.59K,-0.08%
10/14/2004,1.551,1.5045,1.552,1.498,24.43K,3.13%
10/13/2004,1.504,1.46,1.505,1.4387,27.56K,3.13%
10/12/2004,1.4583,1.4767,1.497,1.455,21.60K,-1.20%
10/11/2004,1.476,1.458,1.481,1.4492,15.35K,1.08%
10/08/2004,1.4602,1.432,1.463,1.419,15.13K,1.71%
10/07/2004,1.4356,1.425,1.442,1.4215,19.86K,0.83%
10/06/2004,1.4238,1.4098,1.425,1.392,12.91K,1.06%
10/05/2004,1.4089,1.388,1.413,1.385,13.10K,1.47%
10/04/2004,1.3885,1.398,1.398,1.3809,5.30K,-0.65%
10/01/2004,1.3976,1.386,1.399,1.372,8.50K,0.83%
09/30/2004,1.3861,1.374,1.398,1.3695,25.74K,0.73%
09/29/2004,1.3761,1.3815,1.39,1.347,27.67K,-0.42%
09/28/2004,1.3819,1.374,1.389,1.361,24.55K,0.69%
09/27/2004,1.3724,1.365,1.3796,1.36,14.84K,0.76%
09/24/2004,1.3621,1.3534,1.365,1.338,16.67K,0.40%
09/23/2004,1.3567,1.351,1.368,1.323,17.34K,0.64%
09/22/2004,1.3481,1.309,1.357,1.298,30.09K,2.87%
09/21/2004,1.3105,1.274,1.317,1.2705,17.88K,2.87%
09/20/2004,1.2739,1.269,1.281,1.255,13.22K,0.26%
09/17/2004,1.2706,1.2326,1.276,1.2326,11.32K,2.79%
09/16/2004,1.2361,1.22,1.24,1.189,9.01K,1.76%
09/15/2004,1.2147,1.2445,1.257,1.208,13.79K,-1.76%
09/14/2004,1.2365,1.217,1.25,1.215,15.27K,1.67%
09/13/2004,1.2162,1.1926,1.227,1.1912,11.36K,3.34%
09/10/2004,1.1769,1.235,1.2485,1.165,13.13K,-4.90%
09/09/2004,1.2375,1.168,1.239,1.168,17.56K,5.53%
09/08/2004,1.1726,1.176,1.194,1.156,11.32K,-0.25%
09/07/2004,1.1755,1.1812,1.183,1.168,6.77K,-1.09%
09/03/2004,1.1884,1.1948,1.2025,1.183,4.26K,-0.57%
09/02/2004,1.1952,1.1893,1.223,1.188,8.19K,0.23%
09/01/2004,1.1925,1.1375,1.1995,1.1375,9.65K,6.19%
08/31/2004,1.123,1.1319,1.135,1.113,27.25K,-0.70%
08/30/2004,1.1309,1.157,1.165,1.111,20.65K,-2.12%
08/27/2004,1.1554,1.15,1.1645,1.139,20.28K,0.27%
08/26/2004,1.1523,1.158,1.1734,1.135,23.13K,-0.45%
08/25/2004,1.1575,1.2293,1.2305,1.15,29.73K,-4.15%
08/24/2004,1.2076,1.2293,1.2305,1.196,21.02K,-1.73%
08/23/2004,1.2288,1.2452,1.2559,1.226,11.80K,-1.32%
08/20/2004,1.2452,1.278,1.292,1.243,17.35K,-2.57%
08/19/2004,1.278,1.2415,1.2795,1.2394,16.08K,3.11%
08/18/2004,1.2394,1.234,1.2448,1.225,11.02K,0.27%
08/17/2004,1.2361,1.217,1.248,1.2115,15.38K,1.44%
08/16/2004,1.2186,1.2283,1.2344,1.217,11.39K,-0.70%
08/13/2004,1.2272,1.211,1.231,1.211,12.55K,1.75%
08/12/2004,1.2061,1.183,1.2115,1.183,16.69K,1.80%
08/11/2004,1.1848,1.183,1.188,1.135,14.76K,0.18%
08/10/2004,1.1827,1.198,1.2025,1.175,13.19K,-1.33%
08/09/2004,1.1986,1.1848,1.2105,1.1745,11.87K,1.16%
08/06/2004,1.1848,1.2012,1.2095,1.176,11.76K,-1.57%
08/05/2004,1.2037,1.165,1.21,1.1618,9.21K,3.29%
08/04/2004,1.1654,1.1908,1.1962,1.164,5.80K,-2.23%
08/03/2004,1.192,1.176,1.198,1.175,5.48K,1.47%
08/02/2004,1.1747,1.1759,1.178,1.1665,6.49K,0.46%
07/30/2004,1.1693,1.1447,1.1715,1.1447,19.19K,2.02%
07/29/2004,1.1462,1.1545,1.155,1.131,19.53K,-0.73%
07/28/2004,1.1546,1.1339,1.158,1.1275,20.50K,1.94%
07/27/2004,1.1326,1.126,1.143,1.1209,17.37K,0.83%
07/26/2004,1.1233,1.1415,1.1434,1.118,20.61K,-1.57%
07/23/2004,1.1412,1.126,1.149,1.125,18.48K,1.29%
07/22/2004,1.1267,1.0912,1.131,1.085,16.54K,3.25%
07/21/2004,1.0912,1.0851,1.106,1.077,11.19K,0.36%
07/20/2004,1.0873,1.1131,1.122,1.083,12.96K,-2.53%
07/19/2004,1.1155,1.099,1.122,1.098,12.70K,0.80%
07/16/2004,1.1067,1.1045,1.1345,1.093,8.80K,-0.09%
07/15/2004,1.1077,1.1027,1.108,1.092,7.73K,0.50%
07/14/2004,1.1022,1.0745,1.104,1.058,13.90K,2.88%
07/13/2004,1.0713,1.0679,1.083,1.057,15.34K,0.08%
07/12/2004,1.0704,1.0805,1.114,1.0685,11.15K,-1.80%
07/09/2004,1.09,1.1107,1.1113,1.088,12.69K,-1.85%
07/08/2004,1.1106,1.0877,1.1125,1.065,13.36K,2.20%
07/07/2004,1.0867,1.0981,1.1031,1.071,9.03K,-1.36%
07/06/2004,1.1017,1.0955,1.113,1.093,5.42K,1.93%
07/02/2004,1.0808,1.0885,1.096,1.0745,3.91K,-0.75%
07/01/2004,1.089,1.025,1.095,1.02,10.83K,6.68%
06/30/2004,1.0208,0.971,1.0225,0.9675,37.44K,5.02%
06/29/2004,0.972,0.9886,0.99,0.971,23.34K,-1.12%
06/28/2004,0.983,1.0197,1.0197,0.97,37.35K,-3.60%
06/25/2004,1.0197,1.0305,1.0305,1.0125,14.23K,-1.03%
06/24/2004,1.0303,1.012,1.033,1.0078,20.38K,2.16%
06/23/2004,1.0085,1.0215,1.0247,0.996,19.65K,-1.57%
06/22/2004,1.0246,1.0025,1.028,0.994,11.05K,2.22%
06/21/2004,1.0023,1.0245,1.0417,1,16.75K,-3.04%
06/18/2004,1.0337,1.0378,1.0444,1.026,15.77K,-0.40%
06/17/2004,1.0379,0.9965,1.0415,0.9946,18.68K,4.46%
06/16/2004,0.9936,0.9853,1,0.981,12.86K,0.89%
06/15/2004,0.9848,0.9885,1.02,0.976,12.49K,-0.51%
06/14/2004,0.9898,1.0046,1.0115,0.988,10.62K,-2.26%
06/10/2004,1.0127,0.9915,1.023,0.9845,16.45K,2.35%
06/09/2004,0.9894,0.9635,0.99,0.95,20.29K,2.34%
06/08/2004,0.9668,1.0015,1.0055,0.965,8.80K,-2.88%
06/07/2004,0.9955,0.986,1,0.9715,10.80K,0.90%
06/04/2004,0.9866,1.002,1.0026,0.982,10.53K,-1.42%
06/03/2004,1.0008,1.015,1.033,0.975,12.08K,-1.60%
06/02/2004,1.0171,1.0691,1.0691,1.015,7.12K,-4.84%
06/01/2004,1.0688,1.0276,1.065,1.02,5.58K,6.57%
05/28/2004,1.0029,0.993,1.007,0.986,16.29K,1.00%
05/27/2004,0.993,1.022,1.0225,0.978,34.96K,-2.89%
05/26/2004,1.0226,1.0295,1.043,1.015,20.30K,-0.79%
05/25/2004,1.0307,1.0498,1.0498,1.0195,23.51K,-1.74%
05/24/2004,1.0489,0.996,1.055,0.99,25.94K,5.11%
05/21/2004,0.9979,1.0205,1.028,0.996,18.33K,-2.78%
05/20/2004,1.0264,1.0473,1.049,1.023,10.16K,-1.92%
05/19/2004,1.0465,1.0105,1.0505,1.001,18.50K,3.27%
05/18/2004,1.0134,1.042,1.0433,1.006,14.42K,-2.57%
05/17/2004,1.0401,1.0369,1.049,1.027,9.63K,0.32%
05/14/2004,1.0368,1.038,1.0485,1.035,10.63K,-0.34%
05/13/2004,1.0403,1.0316,1.042,1.018,15.56K,0.59%
05/12/2004,1.0342,1.0145,1.037,1.0075,14.19K,2.08%
05/11/2004,1.0131,0.977,1.014,0.9698,10.72K,3.49%
05/10/2004,0.9789,1.0004,1.0037,0.9725,14.14K,-3.01%
05/07/2004,1.0093,1.0029,1.014,1,12.58K,1.02%
05/06/2004,0.9991,0.998,1.007,0.992,11.71K,0.40%
05/05/2004,0.9951,0.9855,0.999,0.972,15.50K,0.90%
05/04/2004,0.9862,0.967,0.989,0.9615,9.28K,1.96%
05/03/2004,0.9672,0.9425,0.97,0.938,8.16K,2.36%
04/30/2004,0.9449,0.9445,0.966,0.941,25.18K,0.20%
04/29/2004,0.943,0.937,0.944,0.926,18.99K,0.24%
04/28/2004,0.9407,0.9421,0.96,0.926,21.18K,-0.15%
04/27/2004,0.9421,0.931,0.948,0.9288,19.33K,1.28%
04/26/2004,0.9302,0.9209,0.937,0.913,19.13K,1.96%
04/23/2004,0.9123,0.932,0.9352,0.902,18.83K,-2.20%
04/22/2004,0.9328,0.9037,0.942,0.9035,14.33K,3.22%
04/21/2004,0.9037,0.923,0.923,0.9,19.29K,-2.10%
04/20/2004,0.9231,0.9335,0.934,0.919,13.91K,-0.93%
04/19/2004,0.9318,0.9445,0.9585,0.93,12.82K,-1.58%
04/16/2004,0.9468,0.948,0.96,0.936,18.16K,-0.16%
04/15/2004,0.9483,0.924,0.95,0.9177,17.52K,2.54%
04/14/2004,0.9248,0.9215,0.926,0.91,17.75K,0.12%
04/13/2004,0.9237,0.933,0.934,0.92,14.80K,-1.27%
04/12/2004,0.9356,0.9255,0.94,0.922,13.15K,1.94%
04/08/2004,0.9178,0.8995,0.9265,0.8995,19.68K,1.98%
04/07/2004,0.9,0.872,0.911,0.863,20.97K,3.44%
04/06/2004,0.8701,0.8475,0.872,0.8464,11.75K,2.33%
04/05/2004,0.8503,0.8525,0.856,0.842,5.89K,-0.14%
04/02/2004,0.8515,0.8455,0.8545,0.81,13.57K,1.18%
04/01/2004,0.8416,0.8857,0.891,0.83,11.01K,-6.03%
03/31/2004,0.8956,0.9017,0.917,0.865,31.55K,-0.75%
03/30/2004,0.9024,0.8775,0.909,0.874,25.61K,2.88%
03/29/2004,0.8771,0.8862,0.8862,0.864,17.59K,-1.02%
03/26/2004,0.8861,0.8835,0.898,0.86,19.16K,0.44%
03/25/2004,0.8822,0.916,0.916,0.874,26.42K,-3.70%
03/24/2004,0.9161,0.9245,0.932,0.906,19.21K,-0.96%
03/23/2004,0.925,0.908,0.93,0.895,10.24K,1.75%
03/22/2004,0.9091,0.925,0.9281,0.889,14.41K,-2.06%
03/19/2004,0.9282,0.931,0.943,0.92,8.60K,-0.19%
03/18/2004,0.93,0.942,0.9441,0.921,13.64K,-1.43%
03/17/2004,0.9435,0.9027,0.951,0.902,23.30K,4.22%
03/16/2004,0.9053,0.91,0.912,0.895,12.42K,-0.68%
03/15/2004,0.9115,0.8754,0.915,0.8752,16.76K,3.91%
03/12/2004,0.8772,0.8925,0.8986,0.853,18.42K,-1.21%
03/11/2004,0.8879,0.8798,0.892,0.873,14.42K,1.34%
03/10/2004,0.8762,0.885,0.8893,0.866,16.01K,-1.11%
03/09/2004,0.886,0.888,0.894,0.876,14.13K,-0.26%
03/08/2004,0.8883,0.91,0.9175,0.88,14.07K,-2.80%
03/05/2004,0.9139,0.908,0.92,0.906,13.04K,0.89%
03/04/2004,0.9058,0.8825,0.909,0.88,11.15K,2.72%
03/03/2004,0.8818,0.9117,0.9117,0.878,14.57K,-3.26%
03/02/2004,0.9115,0.923,0.923,0.909,11.59K,-1.30%
03/01/2004,0.9235,0.9075,0.929,0.898,10.78K,-1.95%
02/27/2004,0.9419,0.9235,0.947,0.9195,31.81K,2.04%
02/26/2004,0.9231,0.919,0.93,0.909,30.89K,0.42%
02/25/2004,0.9192,0.8805,0.927,0.8785,41.07K,4.48%
02/24/2004,0.8798,0.873,0.887,0.8726,20.16K,0.71%
02/23/2004,0.8736,0.876,0.89,0.871,14.03K,-0.17%
02/20/2004,0.8751,0.898,0.9043,0.863,25.85K,-2.91%
02/19/2004,0.9013,0.9043,0.907,0.895,12.95K,-0.32%
02/18/2004,0.9042,0.9117,0.92,0.9,11.75K,-0.65%
02/17/2004,0.9101,0.9022,0.916,0.897,11.30K,0.31%
02/13/2004,0.9073,0.8857,0.91,0.8845,13.77K,2.32%
02/12/2004,0.8867,0.8755,0.89,0.8697,14.86K,0.60%
02/11/2004,0.8814,0.8707,0.887,0.852,21.27K,1.29%
02/10/2004,0.8702,0.851,0.875,0.847,17.71K,2.64%
02/09/2004,0.8478,0.835,0.85,0.833,17.51K,1.31%
02/06/2004,0.8368,0.8575,0.8595,0.832,16.84K,-2.24%
02/05/2004,0.856,0.8581,0.8596,0.831,14.40K,-0.30%
02/04/2004,0.8586,0.877,0.884,0.8505,19.11K,-1.90%
02/03/2004,0.8752,0.896,0.8979,0.8705,11.16K,-2.41%
02/02/2004,0.8968,0.86,0.898,0.8515,10.60K,-2.05%
01/30/2004,0.9156,0.927,0.937,0.906,36.92K,-0.87%
01/29/2004,0.9236,0.951,0.954,0.911,35.82K,-2.90%
01/28/2004,0.9512,0.965,0.981,0.94,31.08K,-2.03%
01/27/2004,0.9709,0.974,0.9865,0.959,22.72K,-0.22%
01/26/2004,0.973,0.993,0.996,0.96,30.91K,-2.39%
01/23/2004,0.9968,1.01,1.0129,0.995,18.43K,-1.13%
01/22/2004,1.0082,1.005,1.012,0.966,32.40K,0.64%
01/21/2004,1.0018,0.9945,1.005,0.9809,25.32K,0.73%
01/20/2004,0.9945,0.9654,0.997,0.9654,19.53K,3.46%
01/16/2004,0.9612,0.918,0.963,0.918,13.47K,4.88%
01/15/2004,0.9165,0.9569,0.9809,0.912,26.86K,-3.73%
01/14/2004,0.952,0.9695,0.9712,0.9455,26.11K,-1.97%
01/13/2004,0.9711,0.99,0.9985,0.968,14.13K,-1.63%
01/12/2004,0.9872,0.985,0.994,0.965,21.31K,0.32%
01/09/2004,0.9841,0.969,0.993,0.969,22.62K,2.07%
01/08/2004,0.9641,0.948,0.966,0.943,19.18K,1.74%
01/07/2004,0.9476,0.955,0.96,0.934,15.48K,-0.76%
01/06/2004,0.9549,0.949,0.9725,0.946,12.43K,0.53%
01/05/2004,0.9499,0.9039,0.951,0.8989,8.48K,3.86%
12/31/2003,0.9146,0.935,0.941,0.912,19.67K,-1.94%
12/30/2003,0.9327,0.9097,0.941,0.9078,20.63K,2.71%
12/29/2003,0.9081,0.9205,0.9205,0.9,14.15K,-1.16%
12/24/2003,0.9188,0.9084,0.9235,0.901,15.84K,1.93%
12/23/2003,0.9014,0.9024,0.905,0.883,18.85K,-0.01%
12/22/2003,0.9015,0.9415,0.945,0.9,18.58K,-4.75%
12/19/2003,0.9465,0.955,0.974,0.943,17.25K,-2.49%
12/18/2003,0.9707,0.9455,0.978,0.936,23.92K,2.54%
12/17/2003,0.9467,0.922,0.955,0.9216,18.76K,2.53%
12/16/2003,0.9233,0.9243,0.932,0.915,14.83K,-0.29%
12/15/2003,0.926,0.9,0.933,0.9,18.36K,-0.23%
12/12/2003,0.9281,0.8925,0.93,0.8925,13.85K,4.46%
12/11/2003,0.8885,0.8915,0.895,0.877,13.86K,-0.28%
12/10/2003,0.891,0.889,0.913,0.88,15.89K,0.10%
12/09/2003,0.8901,0.905,0.907,0.889,13.91K,-1.71%
12/08/2003,0.9056,0.867,0.9165,0.867,19.39K,4.75%
12/05/2003,0.8645,0.8816,0.888,0.863,17.15K,-2.03%
12/04/2003,0.8824,0.866,0.892,0.8505,9.97K,1.82%
12/03/2003,0.8666,0.8584,0.87,0.8505,9.51K,0.53%
12/02/2003,0.862,0.8364,0.8665,0.834,10.70K,3.15%
12/01/2003,0.8357,0.84,0.8413,0.8256,7.00K,-0.83%
11/26/2003,0.8427,0.8265,0.847,0.8255,23.67K,2.01%
11/25/2003,0.8261,0.8275,0.8363,0.813,31.97K,-0.06%
11/24/2003,0.8266,0.8705,0.871,0.823,27.73K,-5.69%
11/21/2003,0.8765,0.879,0.892,0.873,21.00K,-0.47%
11/20/2003,0.8806,0.8907,0.91,0.877,19.84K,-1.51%
11/19/2003,0.8941,0.9,0.915,0.889,27.31K,-1.27%
11/18/2003,0.9056,0.8663,0.91,0.857,16.53K,4.51%
11/17/2003,0.8665,0.887,0.887,0.863,11.24K,-2.16%
11/14/2003,0.8856,0.8695,0.891,0.8685,16.15K,1.79%
11/13/2003,0.87,0.853,0.872,0.845,16.39K,1.87%
11/12/2003,0.854,0.852,0.857,0.8415,9.84K,0.26%
11/11/2003,0.8518,0.8431,0.853,0.8391,9.09K,1.43%
11/10/2003,0.8398,0.8461,0.8542,0.8365,8.39K,-0.40%
11/07/2003,0.8432,0.829,0.852,0.828,9.30K,1.73%
11/06/2003,0.8289,0.834,0.84,0.8235,13.01K,-0.56%
11/05/2003,0.8336,0.7884,0.835,0.785,9.42K,5.98%
11/04/2003,0.7866,0.792,0.792,0.7825,6.23K,-0.74%
11/03/2003,0.7925,0.8075,0.81,0.7915,8.14K,-0.99%
10/31/2003,0.8004,0.7784,0.804,0.7784,25.33K,2.83%
10/30/2003,0.7784,0.796,0.796,0.775,28.53K,-2.05%
10/29/2003,0.7947,0.804,0.8196,0.792,28.17K,-1.24%
10/28/2003,0.8047,0.815,0.8195,0.803,31.33K,-1.38%
10/27/2003,0.816,0.8254,0.8327,0.811,21.10K,-1.54%
10/24/2003,0.8288,0.837,0.8476,0.8235,16.03K,-0.84%
10/23/2003,0.8358,0.829,0.838,0.815,15.88K,1.43%
10/22/2003,0.824,0.8323,0.8485,0.822,15.65K,-1.21%
10/21/2003,0.8341,0.8324,0.8451,0.8305,13.22K,0.12%
10/20/2003,0.8331,0.8283,0.845,0.816,11.57K,-0.79%
10/17/2003,0.8397,0.872,0.872,0.815,22.87K,-3.56%
10/16/2003,0.8707,0.878,0.8848,0.869,14.66K,-0.81%
10/15/2003,0.8778,0.881,0.885,0.8726,9.80K,-0.49%
10/14/2003,0.8821,0.8827,0.896,0.873,21.74K,-0.09%
10/13/2003,0.8829,0.891,0.8915,0.878,20.84K,-1.00%
10/10/2003,0.8918,0.8625,0.908,0.8554,30.62K,3.29%
10/09/2003,0.8634,0.8195,0.865,0.8115,24.83K,5.14%
10/08/2003,0.8212,0.8274,0.83,0.8105,15.86K,-0.82%
10/07/2003,0.828,0.8217,0.829,0.8133,11.15K,0.72%
10/06/2003,0.8221,0.821,0.8325,0.82,8.85K,-0.18%
10/03/2003,0.8236,0.815,0.824,0.8035,11.95K,1.04%
10/02/2003,0.8151,0.8058,0.8225,0.8036,12.38K,1.22%
10/01/2003,0.8053,0.794,0.807,0.7885,13.21K,2.26%
09/30/2003,0.7875,0.762,0.792,0.7605,32.98K,3.40%
09/29/2003,0.7616,0.758,0.769,0.758,19.55K,1.05%
09/26/2003,0.7537,0.7505,0.763,0.742,18.67K,0.48%
09/25/2003,0.7501,0.752,0.7633,0.747,17.50K,-0.40%
09/24/2003,0.7531,0.72,0.762,0.7175,30.91K,4.54%
09/23/2003,0.7204,0.7166,0.732,0.7166,14.34K,0.54%
09/22/2003,0.7165,0.711,0.7255,0.709,11.06K,0.38%
09/19/2003,0.7138,0.7224,0.7285,0.711,15.13K,-1.19%
09/18/2003,0.7224,0.7275,0.7293,0.717,11.10K,-0.59%
09/17/2003,0.7267,0.7475,0.7515,0.725,8.77K,-2.77%
09/16/2003,0.7474,0.7615,0.7615,0.7425,6.56K,-1.52%
09/15/2003,0.7589,0.7648,0.767,0.752,8.25K,-0.37%
09/12/2003,0.7617,0.77,0.7771,0.752,13.14K,-1.17%
09/11/2003,0.7707,0.7865,0.7884,0.766,8.58K,-1.76%
09/10/2003,0.7845,0.7825,0.786,0.766,9.72K,0.56%
09/09/2003,0.7801,0.7725,0.782,0.7701,7.92K,1.02%
09/08/2003,0.7722,0.773,0.786,0.767,9.82K,-0.10%
09/05/2003,0.773,0.777,0.7805,0.768,10.24K,-0.59%
09/04/2003,0.7776,0.7885,0.793,0.763,11.23K,-1.36%
09/03/2003,0.7883,0.7843,0.794,0.775,11.55K,0.64%
09/02/2003,0.7833,0.8307,0.831,0.782,13.22K,-5.20%
08/29/2003,0.8263,0.824,0.84,0.8221,1.46K,0.28%
08/28/2003,0.824,0.82,0.829,0.818,19.15K,0.65%
08/27/2003,0.8187,0.8395,0.8415,0.815,20.41K,-2.44%
08/26/2003,0.8392,0.8295,0.8425,0.829,13.65K,0.79%
08/25/2003,0.8326,0.84,0.855,0.8285,14.21K,-1.00%
08/22/2003,0.841,0.843,0.848,0.837,18.06K,-0.20%
08/21/2003,0.8427,0.8155,0.859,0.8155,17.35K,3.58%
08/20/2003,0.8136,0.8035,0.819,0.799,12.67K,1.40%
08/19/2003,0.8024,0.8053,0.8155,0.79,22.51K,-0.36%
08/18/2003,0.8053,0.828,0.829,0.802,9.90K,-1.07%
08/15/2003,0.814,0.8245,0.8355,0.808,7.93K,-1.05%
08/14/2003,0.8226,0.82,0.824,0.8,12.19K,0.72%
08/13/2003,0.8167,0.844,0.8489,0.814,14.07K,-3.23%
08/12/2003,0.844,0.8423,0.851,0.827,21.09K,-0.21%
08/11/2003,0.8458,0.8445,0.847,0.838,10.46K,-0.77%
08/08/2003,0.8524,0.8613,0.868,0.843,12.27K,-1.03%
08/07/2003,0.8613,0.8408,0.863,0.8401,10.77K,2.52%
08/06/2003,0.8401,0.852,0.8635,0.833,7.92K,-1.41%
08/05/2003,0.8521,0.8386,0.8595,0.838,6.04K,1.43%
08/04/2003,0.8401,0.8495,0.856,0.839,8.43K,-1.90%
08/01/2003,0.8564,0.8084,0.857,0.8074,6.53K,7.24%
07/31/2003,0.7986,0.803,0.814,0.795,22.98K,-0.54%
07/30/2003,0.8029,0.7875,0.806,0.781,24.19K,2.11%
07/29/2003,0.7863,0.781,0.794,0.7765,20.77K,0.65%
07/28/2003,0.7812,0.7805,0.788,0.769,13.97K,-0.28%
07/25/2003,0.7834,0.784,0.791,0.7766,14.09K,0.01%
07/24/2003,0.7833,0.775,0.7845,0.765,16.63K,1.52%
07/23/2003,0.7716,0.767,0.7785,0.759,19.22K,0.84%
07/22/2003,0.7652,0.801,0.801,0.762,23.53K,-4.54%
07/21/2003,0.8016,0.8105,0.8105,0.791,8.56K,-0.67%
07/18/2003,0.807,0.802,0.812,0.795,12.50K,0.65%
07/17/2003,0.8018,0.7965,0.806,0.7957,9.50K,0.91%
07/16/2003,0.7946,0.8185,0.824,0.79,10.35K,-2.94%
07/15/2003,0.8187,0.8095,0.82,0.805,8.48K,0.68%
07/14/2003,0.8132,0.809,0.8193,0.8035,8.62K,0.02%
07/11/2003,0.813,0.82,0.826,0.8054,8.96K,0.32%
07/10/2003,0.8104,0.8088,0.823,0.8055,11.39K,0.07%
07/09/2003,0.8098,0.787,0.81,0.7845,11.09K,3.00%
07/08/2003,0.7862,0.7801,0.79,0.765,14.41K,0.72%
07/07/2003,0.7806,0.7846,0.785,0.7762,7.37K,-0.67%
07/03/2003,0.7859,0.787,0.803,0.784,3.91K,-0.30%
07/02/2003,0.7883,0.793,0.8,0.781,4.34K,-0.88%
07/01/2003,0.7953,0.787,0.796,0.778,3.36K,1.21%
06/30/2003,0.7858,0.763,0.787,0.7595,23.21K,3.11%
06/27/2003,0.7621,0.7535,0.769,0.751,18.47K,1.21%
06/26/2003,0.753,0.783,0.783,0.752,22.75K,-3.88%
06/25/2003,0.7834,0.7505,0.785,0.7455,21.14K,4.61%
06/24/2003,0.7489,0.755,0.7555,0.744,13.63K,-0.87%
06/23/2003,0.7555,0.7619,0.7675,0.75,13.42K,-0.88%
06/20/2003,0.7622,0.7376,0.768,0.7371,12.83K,3.10%
06/19/2003,0.7393,0.7453,0.7458,0.7335,15.53K,-1.20%
06/18/2003,0.7483,0.7555,0.7561,0.73,11.38K,-1.11%
06/17/2003,0.7567,0.7476,0.758,0.7453,5.43K,1.03%
06/16/2003,0.749,0.7505,0.762,0.7425,7.44K,0.24%
06/13/2003,0.7472,0.77,0.77,0.732,9.98K,-2.95%
06/12/2003,0.7699,0.7915,0.792,0.764,13.30K,-3.17%
06/11/2003,0.7951,0.7915,0.798,0.783,10.36K,0.51%
06/10/2003,0.7911,0.7825,0.792,0.7725,8.43K,0.93%
06/09/2003,0.7838,0.7855,0.796,0.7737,9.39K,-0.32%
06/06/2003,0.7863,0.777,0.7875,0.7725,10.18K,1.39%
06/05/2003,0.7755,0.7525,0.7765,0.7496,6.28K,2.47%
06/04/2003,0.7568,0.7691,0.781,0.75,7.94K,-1.65%
06/03/2003,0.7695,0.7705,0.774,0.7635,6.86K,-0.03%
06/02/2003,0.7697,0.7586,0.7775,0.756,6.44K,2.87%
05/30/2003,0.7482,0.744,0.751,0.736,22.43K,0.36%
05/29/2003,0.7455,0.726,0.754,0.7135,35.74K,2.67%
05/28/2003,0.7261,0.741,0.7417,0.724,15.61K,-2.31%
05/27/2003,0.7433,0.7421,0.751,0.7305,19.42K,0.16%
05/23/2003,0.7421,0.741,0.7495,0.7375,9.79K,0.30%
05/22/2003,0.7399,0.7425,0.7462,0.726,9.75K,-0.66%
05/21/2003,0.7448,0.73,0.756,0.73,11.90K,1.87%
05/20/2003,0.7311,0.729,0.735,0.717,12.42K,0.29%
05/19/2003,0.729,0.753,0.7595,0.727,13.47K,-2.85%
05/16/2003,0.7504,0.74,0.754,0.7375,10.22K,0.71%
05/15/2003,0.7451,0.759,0.766,0.74,10.16K,-1.78%
05/14/2003,0.7586,0.7398,0.763,0.727,12.56K,2.28%
05/13/2003,0.7417,0.71,0.743,0.7085,9.83K,4.46%
05/12/2003,0.71,0.72,0.741,0.708,13.37K,-1.36%
05/09/2003,0.7198,0.7084,0.7235,0.7084,8.27K,1.37%
05/08/2003,0.7101,0.693,0.719,0.6838,11.73K,2.62%
05/07/2003,0.692,0.679,0.694,0.675,12.24K,2.11%
05/06/2003,0.6777,0.6957,0.7,0.673,10.02K,-3.20%
05/05/2003,0.7001,0.678,0.702,0.678,4.33K,3.81%
05/02/2003,0.6744,0.6855,0.696,0.668,8.81K,-1.46%
05/01/2003,0.6844,0.6865,0.694,0.682,5.49K,-0.10%
04/30/2003,0.6851,0.6735,0.7025,0.67,26.79K,2.16%
04/29/2003,0.6706,0.676,0.682,0.669,17.47K,-1.21%
04/28/2003,0.6788,0.7,0.7,0.676,17.62K,-3.07%
04/25/2003,0.7003,0.713,0.7195,0.698,12.93K,-1.74%
04/24/2003,0.7127,0.7059,0.715,0.688,16.46K,0.96%
04/23/2003,0.7059,0.7375,0.74,0.6985,15.72K,-4.35%
04/22/2003,0.738,0.757,0.757,0.736,9.96K,-2.47%
04/21/2003,0.7567,0.7443,0.765,0.741,9.76K,1.65%
04/17/2003,0.7444,0.729,0.746,0.7259,9.37K,2.27%
04/16/2003,0.7279,0.73,0.74,0.716,11.67K,-0.12%
04/15/2003,0.7288,0.7114,0.7305,0.7064,9.78K,2.13%
04/14/2003,0.7136,0.711,0.718,0.6965,10.03K,0.58%
04/11/2003,0.7095,0.703,0.711,0.686,9.88K,1.42%
04/10/2003,0.6996,0.728,0.731,0.694,12.17K,-3.99%
04/09/2003,0.7287,0.7025,0.73,0.699,8.80K,3.97%
04/08/2003,0.7009,0.6975,0.71,0.6849,9.86K,0.33%
04/07/2003,0.6986,0.695,0.71,0.674,7.99K,-1.01%
04/04/2003,0.7057,0.7075,0.708,0.6885,7.19K,-0.88%
04/03/2003,0.712,0.708,0.72,0.691,5.91K,1.11%
04/02/2003,0.7042,0.7266,0.7266,0.6995,5.89K,-2.80%
04/01/2003,0.7245,0.7566,0.7595,0.723,6.42K,-6.01%
03/31/2003,0.7708,0.77,0.782,0.758,18.58K,1.82%
03/28/2003,0.757,0.776,0.7925,0.753,20.50K,-2.61%
03/27/2003,0.7773,0.7281,0.783,0.7252,17.26K,6.96%
03/26/2003,0.7267,0.7103,0.732,0.7103,15.64K,2.61%
03/25/2003,0.7082,0.744,0.759,0.7,15.74K,-4.32%
03/24/2003,0.7402,0.719,0.746,0.7185,13.53K,4.70%
03/21/2003,0.707,0.759,0.7665,0.699,15.84K,-6.85%
03/20/2003,0.759,0.7846,0.803,0.745,13.31K,-3.20%
03/19/2003,0.7841,0.79,0.8165,0.78,13.42K,-1.99%
03/18/2003,0.8,0.854,0.857,0.7915,11.51K,-6.56%
03/17/2003,0.8562,0.895,0.9158,0.853,9.59K,-3.80%
03/14/2003,0.89,0.9085,0.9124,0.86,14.70K,-2.01%
03/13/2003,0.9083,0.959,0.963,0.895,17.72K,-5.52%
03/12/2003,0.9614,0.951,0.964,0.9435,19.67K,1.25%
03/11/2003,0.9495,0.976,0.982,0.938,15.76K,-2.78%
03/10/2003,0.9767,0.9995,1.006,0.975,13.29K,-1.99%
03/07/2003,0.9965,0.959,0.998,0.9573,13.76K,4.11%
03/06/2003,0.9572,0.945,0.959,0.943,8.92K,1.25%
03/05/2003,0.9454,0.9455,0.9615,0.932,11.36K,-0.18%
03/04/2003,0.9471,0.93,0.955,0.93,8.60K,1.97%
03/03/2003,0.9288,0.9355,0.9458,0.92,7.40K,-13.37%
02/28/2003,1.0721,1.059,1.088,1.0457,31.41K,1.13%
02/27/2003,1.0601,1.065,1.0893,1.031,32.59K,-0.54%
02/26/2003,1.0659,1.025,1.07,1.0235,25.27K,4.21%
02/25/2003,1.0228,1.045,1.0669,1.019,28.03K,-1.77%
02/24/2003,1.0412,0.998,1.045,0.9945,18.13K,4.27%
02/21/2003,0.9986,0.963,1.015,0.963,22.33K,3.64%
02/20/2003,0.9635,0.993,1.0135,0.96,25.92K,-3.12%
02/19/2003,0.9945,0.9725,0.996,0.964,19.13K,2.19%
02/18/2003,0.9732,0.9637,0.982,0.9586,10.61K,-0.10%
02/14/2003,0.9742,0.977,0.9841,0.957,13.58K,-0.35%
02/13/2003,0.9776,0.9653,0.9815,0.963,15.93K,1.46%
02/12/2003,0.9635,0.975,0.989,0.942,20.82K,-1.28%
02/11/2003,0.976,0.9547,0.978,0.944,21.31K,2.23%
02/10/2003,0.9547,0.9805,0.9976,0.952,19.85K,-2.43%
02/07/2003,0.9785,0.9417,0.9835,0.9375,19.58K,4.48%
02/06/2003,0.9365,0.9185,0.949,0.918,22.44K,1.89%
02/05/2003,0.9191,0.8993,0.927,0.898,13.71K,2.07%
02/04/2003,0.9005,0.869,0.903,0.8675,14.30K,3.66%
02/03/2003,0.8687,0.8779,0.878,0.8675,10.70K,-6.85%
01/31/2003,0.9326,0.942,0.945,0.93,27.49K,-1.00%
01/30/2003,0.942,0.93,0.945,0.925,23.35K,1.03%
01/29/2003,0.9324,0.8957,0.935,0.8925,32.54K,3.83%
01/28/2003,0.898,0.8885,0.9,0.888,25.32K,1.05%
01/27/2003,0.8887,0.906,0.9136,0.887,23.55K,-2.04%
01/24/2003,0.9072,0.8815,0.91,0.878,23.12K,2.73%
01/23/2003,0.8831,0.887,0.898,0.869,22.91K,-0.43%
01/22/2003,0.8869,0.8821,0.897,0.8735,21.05K,0.41%
01/21/2003,0.8833,0.888,0.901,0.8695,17.47K,-0.39%
01/17/2003,0.8868,0.885,0.89,0.8675,16.76K,0.17%
01/16/2003,0.8853,0.8821,0.9,0.88,25.04K,-0.09%
01/15/2003,0.8861,0.8747,0.89,0.869,22.90K,1.66%
01/14/2003,0.8716,0.8655,0.8794,0.8576,17.16K,0.66%
01/13/2003,0.8659,0.84,0.8675,0.84,13.02K,2.22%
01/10/2003,0.8471,0.859,0.8665,0.8375,16.69K,-1.27%
01/09/2003,0.858,0.818,0.86,0.817,16.01K,4.92%
01/08/2003,0.8178,0.8302,0.8302,0.795,18.64K,-1.11%
01/07/2003,0.827,0.8602,0.8646,0.818,13.94K,-3.61%
01/06/2003,0.858,0.8819,0.8827,0.8515,10.81K,-2.71%
01/03/2003,0.8819,0.853,0.884,0.851,11.27K,4.00%
01/02/2003,0.848,0.8435,0.8535,0.84,9.12K,-2.37%
12/31/2002,0.8686,0.868,0.8765,0.841,23.07K,0.01%
12/30/2002,0.8685,0.9075,0.925,0.867,28.38K,-4.22%
12/27/2002,0.9068,0.911,0.911,0.894,17.75K,-0.10%
12/26/2002,0.9077,0.888,0.912,0.8878,10.92K,0.92%
12/24/2002,0.8994,0.9,0.901,0.886,9.86K,1.23%
12/23/2002,0.8885,0.8562,0.896,0.8562,14.85K,3.77%
12/20/2002,0.8562,0.8595,0.865,0.848,13.83K,-0.37%
12/19/2002,0.8594,0.8545,0.877,0.855,19.74K,0.50%
12/18/2002,0.8551,0.8365,0.8675,0.832,18.50K,2.02%
12/17/2002,0.8382,0.8502,0.8518,0.835,24.96K,-1.28%
12/16/2002,0.8491,0.816,0.85,0.815,21.74K,5.41%
12/13/2002,0.8055,0.788,0.812,0.788,18.97K,2.19%
12/12/2002,0.7882,0.7703,0.792,0.7703,21.85K,2.72%
12/11/2002,0.7673,0.7655,0.777,0.7635,15.54K,-0.47%
12/10/2002,0.7709,0.761,0.7725,0.748,19.98K,1.72%
12/09/2002,0.7579,0.7569,0.7605,0.753,12.70K,1.28%
12/06/2002,0.7483,0.7535,0.7625,0.744,12.60K,-0.48%
12/05/2002,0.7519,0.745,0.759,0.742,13.90K,1.65%
12/04/2002,0.7397,0.7659,0.7685,0.739,15.97K,-3.48%
12/03/2002,0.7664,0.7655,0.775,0.759,10.63K,0.33%
12/02/2002,0.7639,0.7505,0.7665,0.749,6.52K,0.54%
11/27/2002,0.7598,0.751,0.768,0.751,30.85K,0.98%
11/26/2002,0.7524,0.7455,0.7565,0.74,26.95K,0.95%
11/25/2002,0.7453,0.763,0.7715,0.743,25.99K,-2.32%
11/22/2002,0.763,0.7448,0.765,0.7445,21.26K,2.29%
11/21/2002,0.7459,0.7395,0.7491,0.738,26.28K,0.57%
11/20/2002,0.7417,0.722,0.743,0.719,24.55K,2.60%
11/19/2002,0.7229,0.7255,0.739,0.721,15.41K,-0.36%
11/18/2002,0.7255,0.7255,0.729,0.7,18.73K,4.83%
11/15/2002,0.6921,0.682,0.6935,0.6765,14.77K,1.60%
11/14/2002,0.6812,0.6775,0.6831,0.669,15.70K,0.53%
11/13/2002,0.6776,0.695,0.7027,0.668,16.76K,-2.49%
11/12/2002,0.6949,0.693,0.7025,0.6912,9.88K,0.20%
11/11/2002,0.6935,0.6976,0.7086,0.69,18.56K,-0.09%
11/08/2002,0.6941,0.7,0.707,0.693,11.61K,-0.79%
11/07/2002,0.6996,0.7101,0.725,0.698,13.19K,-1.58%
11/06/2002,0.7108,0.7215,0.7235,0.7045,11.43K,-1.46%
11/05/2002,0.7213,0.7345,0.7368,0.7205,10.88K,-2.10%
11/04/2002,0.7368,0.738,0.749,0.735,7.34K,-0.89%
11/01/2002,0.7434,0.7543,0.758,0.742,7.58K,-0.75%
10/31/2002,0.749,0.7346,0.751,0.7346,30.42K,1.96%
10/30/2002,0.7346,0.725,0.745,0.7225,34.11K,1.31%
10/29/2002,0.7251,0.7385,0.7408,0.722,22.38K,-1.81%
10/28/2002,0.7385,0.741,0.746,0.7235,23.37K,0.46%
10/25/2002,0.7351,0.7673,0.769,0.7315,21.57K,-4.20%
10/24/2002,0.7673,0.7665,0.7705,0.761,12.84K,0.33%
10/23/2002,0.7648,0.765,0.77,0.757,16.02K,-0.01%
10/22/2002,0.7649,0.771,0.7751,0.7555,21.10K,-0.68%
10/21/2002,0.7701,0.807,0.808,0.767,19.59K,-4.77%
10/18/2002,0.8087,0.814,0.815,0.8035,9.04K,-0.53%
10/17/2002,0.813,0.8058,0.8145,0.795,10.62K,0.92%
10/16/2002,0.8056,0.81,0.816,0.8025,16.28K,-0.02%
10/15/2002,0.8058,0.8135,0.818,0.801,9.37K,-1.09%
10/14/2002,0.8147,0.799,0.818,0.794,8.10K,2.23%
10/11/2002,0.7969,0.791,0.7995,0.787,7.84K,0.77%
10/10/2002,0.7908,0.8005,0.8005,0.78,12.78K,-1.25%
10/09/2002,0.8008,0.8005,0.809,0.7945,11.05K,0.43%
10/08/2002,0.7974,0.8015,0.8025,0.787,8.26K,-0.28%
10/07/2002,0.7996,0.8074,0.8084,0.792,10.73K,0.11%
10/04/2002,0.7987,0.8011,0.8077,0.794,6.86K,-0.26%
10/03/2002,0.8008,0.8229,0.8251,0.795,10.75K,-2.23%
10/02/2002,0.8191,0.8265,0.8296,0.814,10.75K,-0.82%
10/01/2002,0.8259,0.817,0.834,0.817,5.40K,2.25%
09/30/2002,0.8077,0.82,0.8215,0.806,18.53K,-0.69%
09/27/2002,0.8133,0.813,0.821,0.806,19.97K,-0.09%
09/26/2002,0.814,0.8175,0.8211,0.8,17.15K,-0.26%
09/25/2002,0.8161,0.816,0.819,0.808,16.77K,0.00%
09/24/2002,0.8161,0.8142,0.8267,0.8115,25.42K,0.25%
09/23/2002,0.8141,0.8094,0.819,0.8023,14.82K,2.35%
09/20/2002,0.7954,0.7954,0.81,0.7935,10.81K,-0.11%
09/19/2002,0.7963,0.796,0.801,0.79,6.32K,-0.10%
09/18/2002,0.7971,0.7825,0.801,0.7825,11.18K,2.00%
09/17/2002,0.7815,0.783,0.785,0.7635,6.05K,-1.44%
09/16/2002,0.7929,0.797,0.7978,0.7875,3.42K,-0.50%
09/13/2002,0.7969,0.777,0.799,0.774,12.05K,2.60%
09/12/2002,0.7767,0.799,0.799,0.7725,9.75K,-2.77%
09/11/2002,0.7988,0.798,0.801,0.7922,6.13K,-0.20%
09/10/2002,0.8004,0.7957,0.81,0.7957,7.81K,0.53%
09/09/2002,0.7962,0.7983,0.8033,0.784,7.20K,0.43%
09/06/2002,0.7928,0.7817,0.804,0.78,6.98K,1.42%
09/05/2002,0.7817,0.7595,0.7825,0.7595,6.15K,2.99%
09/04/2002,0.759,0.7386,0.764,0.7386,5.20K,2.96%
09/03/2002,0.7372,0.762,0.7645,0.735,6.77K,-3.44%
08/30/2002,0.7635,0.764,0.767,0.7585,16.70K,-0.13%
08/29/2002,0.7645,0.7545,0.767,0.7495,16.94K,1.46%
08/28/2002,0.7535,0.759,0.763,0.748,17.88K,-0.82%
08/27/2002,0.7597,0.7605,0.772,0.756,18.28K,-0.54%
08/26/2002,0.7638,0.7527,0.768,0.749,17.45K,1.92%
08/23/2002,0.7494,0.7565,0.7565,0.748,14.72K,-0.94%
08/22/2002,0.7565,0.7602,0.763,0.7535,12.26K,-0.76%
08/21/2002,0.7623,0.744,0.77,0.7376,18.80K,1.99%
08/20/2002,0.7474,0.7445,0.75,0.738,19.32K,0.66%
08/19/2002,0.7425,0.7355,0.7525,0.7338,11.51K,0.24%
08/16/2002,0.7407,0.733,0.743,0.7253,12.19K,0.71%
08/15/2002,0.7355,0.71,0.737,0.707,14.11K,3.72%
08/14/2002,0.7091,0.705,0.7153,0.705,10.57K,0.68%
08/13/2002,0.7043,0.7015,0.7055,0.6964,12.90K,-0.13%
08/12/2002,0.7052,0.684,0.706,0.6725,10.01K,3.37%
08/09/2002,0.6822,0.6825,0.688,0.6785,7.15K,-0.04%
08/08/2002,0.6825,0.6769,0.684,0.67,10.12K,0.80%
08/07/2002,0.6771,0.688,0.688,0.671,8.88K,-1.47%
08/06/2002,0.6872,0.6752,0.688,0.6752,5.88K,1.55%
08/05/2002,0.6767,0.679,0.6815,0.673,7.71K,-1.46%
08/02/2002,0.6867,0.684,0.689,0.666,5.91K,0.64%
08/01/2002,0.6823,0.6926,0.6985,0.681,8.20K,-0.57%
07/31/2002,0.6862,0.698,0.707,0.683,28.84K,-1.62%
07/30/2002,0.6975,0.674,0.702,0.6735,26.32K,3.32%
07/29/2002,0.6751,0.6779,0.679,0.6725,9.17K,-0.41%
07/26/2002,0.6779,0.6778,0.683,0.672,11.86K,-0.85%
07/25/2002,0.6837,0.6835,0.686,0.676,13.68K,0.00%
07/24/2002,0.6837,0.6685,0.686,0.658,18.41K,2.35%
07/23/2002,0.668,0.68,0.688,0.667,24.62K,-1.72%
07/22/2002,0.6797,0.7055,0.7055,0.674,13.03K,-4.08%
07/19/2002,0.7086,0.707,0.715,0.697,10.34K,-0.04%
07/18/2002,0.7089,0.716,0.716,0.7065,7.77K,-0.94%
07/17/2002,0.7156,0.714,0.7204,0.706,12.80K,-0.31%
07/16/2002,0.7178,0.7015,0.719,0.696,9.27K,2.15%
07/15/2002,0.7027,0.7175,0.72,0.7015,7.17K,-1.35%
07/12/2002,0.7123,0.697,0.714,0.697,9.88K,2.21%
07/11/2002,0.6969,0.691,0.702,0.6905,6.24K,0.45%
07/10/2002,0.6938,0.679,0.702,0.679,12.08K,2.29%
07/09/2002,0.6783,0.667,0.6795,0.667,6.65K,0.30%
07/08/2002,0.6763,0.6945,0.6945,0.6745,8.53K,-2.66%
07/03/2002,0.6948,0.6905,0.696,0.6885,7.84K,0.19%
07/02/2002,0.6935,0.6885,0.697,0.6855,8.53K,0.73%
07/01/2002,0.6885,0.69,0.695,0.685,4.22K,1.21%
06/28/2002,0.6803,0.6784,0.687,0.669,21.24K,0.41%
06/27/2002,0.6775,0.6752,0.6825,0.6735,17.42K,0.34%
06/26/2002,0.6752,0.666,0.68,0.6595,19.34K,1.00%
06/25/2002,0.6685,0.675,0.684,0.666,18.89K,-0.70%
06/24/2002,0.6732,0.6589,0.677,0.6565,14.42K,2.67%
06/21/2002,0.6557,0.6655,0.674,0.6465,11.69K,-1.56%
06/20/2002,0.6661,0.659,0.668,0.653,5.50K,1.20%
06/19/2002,0.6582,0.661,0.674,0.6565,11.19K,-0.57%
06/18/2002,0.662,0.671,0.675,0.661,8.42K,-1.50%
06/17/2002,0.6721,0.672,0.681,0.671,9.36K,0.15%
06/14/2002,0.6711,0.664,0.673,0.655,6.31K,0.55%
06/13/2002,0.6674,0.642,0.6705,0.642,11.91K,4.18%
06/12/2002,0.6406,0.628,0.644,0.628,9.53K,2.06%
06/11/2002,0.6277,0.6315,0.6332,0.6235,9.51K,-0.79%
06/10/2002,0.6327,0.6419,0.6419,0.6315,7.56K,-1.59%
06/07/2002,0.6429,0.646,0.647,0.633,8.76K,-0.08%
06/06/2002,0.6434,0.645,0.6539,0.631,8.36K,-0.08%
06/05/2002,0.6439,0.6495,0.65,0.639,5.74K,-1.15%
06/04/2002,0.6514,0.6421,0.6535,0.6421,4.75K,1.16%
06/03/2002,0.6439,0.6475,0.6485,0.64,3.76K,0.44%
05/31/2002,0.6411,0.6309,0.6475,0.628,23.17K,2.09%
05/30/2002,0.628,0.6575,0.6585,0.623,27.12K,-4.70%
05/29/2002,0.659,0.6431,0.661,0.637,20.99K,2.14%
05/28/2002,0.6452,0.6615,0.662,0.643,18.32K,-2.95%
05/24/2002,0.6648,0.67,0.673,0.66,9.47K,-0.85%
05/23/2002,0.6705,0.677,0.686,0.667,9.22K,-0.65%
05/22/2002,0.6749,0.6724,0.682,0.665,9.42K,0.19%
05/21/2002,0.6736,0.6945,0.6955,0.668,18.89K,-3.19%
05/20/2002,0.6958,0.691,0.704,0.6845,6.28K,0.69%
05/17/2002,0.691,0.6903,0.6925,0.677,5.88K,0.64%
05/16/2002,0.6866,0.69,0.6975,0.6725,10.58K,0.50%
05/15/2002,0.6832,0.72,0.726,0.68,0.00K,-5.52%
05/14/2002,0.7231,0.7025,0.727,0.7025,11.23K,3.12%
05/13/2002,0.7012,0.6885,0.704,0.682,9.84K,0.66%
05/10/2002,0.6966,0.685,0.701,0.685,13.20K,1.69%
05/09/2002,0.685,0.6805,0.686,0.6725,10.62K,0.72%
05/08/2002,0.6801,0.665,0.685,0.665,11.37K,2.29%
05/07/2002,0.6649,0.655,0.668,0.651,6.44K,1.53%
05/06/2002,0.6549,0.6592,0.6592,0.648,4.50K,-2.24%
05/03/2002,0.6699,0.6695,0.671,0.659,4.50K,0.86%
05/02/2002,0.6642,0.682,0.682,0.651,5.58K,-1.99%
05/01/2002,0.6777,0.6829,0.687,0.676,3.91K,-2.05%
04/30/2002,0.6919,0.6925,0.697,0.684,19.32K,-0.29%
04/29/2002,0.6939,0.6745,0.6975,0.6707,18.14K,1.76%
04/26/2002,0.6819,0.6758,0.686,0.67,16.72K,0.84%
04/25/2002,0.6762,0.667,0.686,0.661,13.95K,1.78%
04/24/2002,0.6644,0.67,0.67,0.655,13.48K,-0.73%
04/23/2002,0.6693,0.6625,0.675,0.661,10.62K,1.00%
04/22/2002,0.6627,0.663,0.6737,0.6515,11.55K,-0.17%
04/19/2002,0.6638,0.66,0.667,0.649,9.92K,0.64%
04/18/2002,0.6596,0.6584,0.673,0.656,11.62K,0.18%
04/17/2002,0.6584,0.642,0.6595,0.6415,11.24K,2.63%
04/16/2002,0.6415,0.639,0.652,0.6305,11.59K,0.49%
04/15/2002,0.6384,0.626,0.64,0.611,15.89K,5.47%
04/12/2002,0.6053,0.6502,0.653,0.604,15.17K,-6.91%
04/11/2002,0.6502,0.6775,0.6775,0.649,12.79K,-4.44%
04/10/2002,0.6804,0.682,0.685,0.6705,11.86K,-0.12%
04/09/2002,0.6812,0.689,0.6925,0.677,12.26K,-2.01%
04/08/2002,0.6952,0.6875,0.7105,0.6875,9.51K,1.56%
04/05/2002,0.6845,0.691,0.699,0.659,12.26K,-0.71%
04/04/2002,0.6894,0.7095,0.728,0.6875,7.67K,-2.87%
04/03/2002,0.7098,0.711,0.713,0.7,7.81K,-0.24%
04/02/2002,0.7115,0.69,0.718,0.6894,7.50K,3.21%
04/01/2002,0.6894,0.6885,0.694,0.685,8.02K,2.39%
03/28/2002,0.6733,0.666,0.677,0.656,24.97K,0.43%
03/27/2002,0.6704,0.6445,0.672,0.642,16.80K,1.58%
03/26/2002,0.66,0.6445,0.663,0.64,15.45K,2.44%
03/25/2002,0.6443,0.65,0.65,0.637,16.44K,-1.44%
03/22/2002,0.6537,0.6555,0.671,0.652,18.43K,-1.85%
03/21/2002,0.666,0.6531,0.6685,0.644,16.59K,1.49%
03/20/2002,0.6562,0.6625,0.679,0.655,16.79K,-0.42%
03/19/2002,0.659,0.66,0.666,0.654,8.65K,-0.75%
03/18/2002,0.664,0.646,0.6675,0.64,8.89K,2.58%
03/15/2002,0.6473,0.653,0.656,0.642,9.45K,-0.93%
03/14/2002,0.6534,0.6477,0.655,0.636,18.18K,0.83%
03/13/2002,0.648,0.637,0.655,0.637,14.81K,1.71%
03/12/2002,0.6371,0.635,0.639,0.624,10.03K,0.02%
03/11/2002,0.637,0.6211,0.6417,0.6211,6.31K,2.31%
03/08/2002,0.6226,0.621,0.627,0.61,7.90K,0.31%
03/07/2002,0.6207,0.6027,0.646,0.6027,14.83K,3.09%
03/06/2002,0.6021,0.603,0.609,0.5925,8.73K,-0.18%
03/05/2002,0.6032,0.5891,0.605,0.5891,8.09K,3.13%
03/04/2002,0.5849,0.5855,0.592,0.581,5.07K,-0.78%
03/01/2002,0.5895,0.571,0.595,0.5678,7.12K,3.15%
02/28/2002,0.5715,0.5565,0.574,0.554,29.47K,3.07%
02/27/2002,0.5545,0.552,0.5695,0.5469,26.23K,0.13%
02/26/2002,0.5538,0.526,0.5575,0.526,22.22K,5.01%
02/25/2002,0.5274,0.546,0.5478,0.526,16.04K,-3.72%
02/22/2002,0.5478,0.5515,0.555,0.544,14.17K,-0.54%
02/21/2002,0.5508,0.5358,0.562,0.5336,18.27K,3.15%
02/20/2002,0.534,0.545,0.545,0.533,10.55K,-2.38%
02/19/2002,0.547,0.553,0.556,0.5457,8.84K,-2.50%
02/15/2002,0.561,0.5575,0.563,0.5515,8.95K,0.47%
02/14/2002,0.5584,0.5585,0.5655,0.5555,6.86K,0.04%
02/13/2002,0.5582,0.5461,0.57,0.543,9.90K,1.51%
02/12/2002,0.5499,0.5645,0.568,0.548,11.55K,-2.88%
02/11/2002,0.5662,0.539,0.573,0.532,9.50K,5.22%
02/08/2002,0.5381,0.5261,0.539,0.523,9.65K,2.61%
02/07/2002,0.5244,0.531,0.533,0.514,13.79K,-1.30%
02/06/2002,0.5313,0.541,0.5465,0.53,5.13K,-1.50%
02/05/2002,0.5394,0.5405,0.5415,0.532,5.63K,-0.31%
02/04/2002,0.5411,0.5414,0.5515,0.539,6.72K,-2.54%
02/01/2002,0.5552,0.534,0.557,0.5245,7.87K,4.44%
01/31/2002,0.5316,0.514,0.534,0.512,36.64K,3.61%
01/30/2002,0.5131,0.5225,0.5225,0.501,25.51K,-1.72%
01/29/2002,0.5221,0.53,0.5325,0.52,19.08K,-1.86%
01/28/2002,0.532,0.5376,0.542,0.528,16.38K,-1.04%
01/25/2002,0.5376,0.538,0.543,0.519,22.23K,0.49%
01/24/2002,0.535,0.528,0.5385,0.5236,13.32K,1.23%
01/23/2002,0.5285,0.5204,0.5345,0.52,11.90K,2.01%
01/22/2002,0.5181,0.5185,0.529,0.511,14.99K,0.29%
01/18/2002,0.5166,0.522,0.5315,0.515,12.69K,-0.27%
01/17/2002,0.518,0.54,0.543,0.512,14.66K,-3.29%
01/16/2002,0.5356,0.5175,0.5375,0.5151,13.48K,1.67%
01/15/2002,0.5268,0.526,0.5375,0.5236,12.36K,0.34%
01/14/2002,0.525,0.547,0.548,0.515,16.20K,-4.06%
01/11/2002,0.5472,0.56,0.5615,0.545,12.42K,-2.27%
01/10/2002,0.5599,0.544,0.562,0.542,10.36K,2.85%
01/09/2002,0.5444,0.5726,0.5726,0.543,17.44K,-4.92%
01/08/2002,0.5726,0.5755,0.577,0.5665,8.79K,-0.75%
01/07/2002,0.5769,0.5845,0.592,0.573,9.34K,-2.05%
01/04/2002,0.589,0.564,0.5895,0.564,9.21K,4.92%
01/03/2002,0.5614,0.5775,0.5844,0.551,10.15K,-3.14%
01/02/2002,0.5796,0.5515,0.58,0.551,9.83K,4.75%
12/31/2001,0.5533,0.5702,0.575,0.552,16.34K,-3.01%
12/28/2001,0.5705,0.585,0.5993,0.569,16.25K,-2.58%
12/27/2001,0.5856,0.5975,0.5977,0.5726,14.56K,-1.88%
12/26/2001,0.5968,0.5569,0.6,0.5569,13.88K,8.39%
12/21/2001,0.5506,0.5515,0.5625,0.549,0.24K,-0.18%
12/20/2001,0.5516,0.568,0.5825,0.55,17.93K,-2.87%
12/19/2001,0.5679,0.557,0.578,0.557,14.68K,2.21%
12/18/2001,0.5556,0.5485,0.5635,0.546,13.98K,1.29%
12/17/2001,0.5485,0.5515,0.561,0.544,10.68K,-0.72%
12/14/2001,0.5525,0.5285,0.556,0.5281,16.33K,5.84%
12/13/2001,0.522,0.5267,0.5284,0.51,10.91K,0.46%
12/12/2001,0.5196,0.5145,0.532,0.5075,8.81K,0.99%
12/11/2001,0.5145,0.519,0.5216,0.509,8.01K,-1.29%
12/10/2001,0.5212,0.522,0.53,0.5155,9.43K,-1.85%
12/07/2001,0.531,0.514,0.532,0.507,14.24K,2.00%
12/06/2001,0.5206,0.537,0.543,0.5155,13.44K,-4.07%
12/05/2001,0.5427,0.556,0.5785,0.5385,10.02K,-1.42%
12/04/2001,0.5505,0.563,0.57,0.54,10.01K,-2.72%
12/03/2001,0.5659,0.551,0.575,0.5426,4.68K,3.66%
11/30/2001,0.5459,0.5285,0.549,0.524,21.33K,2.92%
11/29/2001,0.5304,0.5428,0.544,0.529,22.53K,-1.87%
11/28/2001,0.5405,0.551,0.5535,0.533,20.54K,-1.58%
11/27/2001,0.5492,0.5325,0.559,0.5312,16.73K,3.31%
11/26/2001,0.5316,0.5381,0.5467,0.53,10.72K,-2.19%
11/21/2001,0.5435,0.5475,0.5581,0.542,11.51K,-0.68%
11/20/2001,0.5472,0.535,0.5605,0.5311,9.49K,2.63%
11/19/2001,0.5332,0.52,0.536,0.507,10.95K,0.30%
11/16/2001,0.5316,0.5302,0.5439,0.519,9.77K,2.00%
11/15/2001,0.5212,0.57,0.573,0.52,14.68K,-8.77%
11/14/2001,0.5713,0.616,0.616,0.57,12.98K,-7.60%
11/13/2001,0.6183,0.608,0.625,0.605,9.81K,1.61%
11/12/2001,0.6085,0.6411,0.6435,0.5975,74.42K,-4.25%
11/09/2001,0.6355,0.614,0.6435,0.614,7.76K,3.32%
11/08/2001,0.6151,0.5809,0.6175,0.5809,7.37K,6.11%
11/07/2001,0.5797,0.5795,0.5875,0.574,8.23K,0.03%
11/06/2001,0.5795,0.584,0.585,0.574,5.00K,-0.80%
11/05/2001,0.5842,0.594,0.5985,0.5815,3.74K,-1.08%
11/02/2001,0.5906,0.6,0.601,0.584,6.45K,-1.14%
11/01/2001,0.5974,0.617,0.621,0.596,9.66K,-2.13%
10/31/2001,0.6104,0.628,0.633,0.6,34.72K,-2.82%
10/30/2001,0.6281,0.633,0.6365,0.627,20.90K,-0.88%
10/29/2001,0.6337,0.6402,0.644,0.632,16.40K,0.52%
10/26/2001,0.6304,0.6365,0.6403,0.6295,16.91K,-1.44%
10/25/2001,0.6396,0.6445,0.654,0.638,12.46K,-0.82%
10/24/2001,0.6449,0.626,0.649,0.6195,14.95K,2.74%
10/23/2001,0.6277,0.6325,0.644,0.626,10.37K,-0.87%
10/22/2001,0.6332,0.6341,0.642,0.626,8.22K,-0.11%
10/19/2001,0.6339,0.6162,0.645,0.6155,12.17K,2.89%
10/18/2001,0.6161,0.6266,0.63,0.614,14.41K,-2.05%
10/17/2001,0.629,0.635,0.64,0.6225,11.05K,-0.84%
10/16/2001,0.6343,0.6395,0.647,0.631,8.79K,-0.84%
10/15/2001,0.6397,0.6515,0.66,0.646,6.54K,-1.22%
10/12/2001,0.6476,0.676,0.686,0.641,10.79K,-4.24%
10/11/2001,0.6763,0.6555,0.68,0.654,10.67K,3.14%
10/10/2001,0.6557,0.656,0.661,0.6535,6.19K,-0.15%
10/09/2001,0.6567,0.6541,0.6598,0.651,7.39K,0.11%
10/08/2001,0.656,0.6625,0.665,0.644,8.01K,0.78%
10/05/2001,0.6509,0.665,0.674,0.65,10.95K,-1.69%
10/04/2001,0.6621,0.6475,0.6665,0.646,9.56K,2.14%
10/03/2001,0.6482,0.65,0.6545,0.636,8.92K,-1.05%
10/02/2001,0.6551,0.664,0.6705,0.654,5.24K,-2.12%
10/01/2001,0.6693,0.6765,0.6797,0.654,6.98K,-0.09%
09/28/2001,0.6699,0.665,0.6804,0.6616,15.20K,1.62%
09/27/2001,0.6592,0.661,0.67,0.651,19.27K,0.17%
09/26/2001,0.6581,0.633,0.665,0.606,20.94K,5.01%
09/25/2001,0.6267,0.628,0.659,0.617,24.14K,0.24%
09/24/2001,0.6252,0.7229,0.7229,0.615,19.75K,-13.03%
09/21/2001,0.7189,0.7359,0.745,0.716,10.31K,-1.86%
09/20/2001,0.7325,0.7395,0.753,0.727,13.18K,-0.35%
09/19/2001,0.7351,0.7595,0.77,0.718,18.73K,-3.24%
09/18/2001,0.7597,0.82,0.82,0.755,11.85K,-7.35%
09/17/2001,0.82,0.815,0.83,0.81,9.53K,-2.11%
09/14/2001,0.8377,0.8511,0.8555,0.8511,2.66K,4.46%
09/10/2001,0.8019,0.8082,0.812,0.8015,6.86K,-0.80%
09/07/2001,0.8084,0.7884,0.81,0.7864,8.09K,2.52%
09/06/2001,0.7885,0.78,0.79,0.7764,5.40K,2.10%
09/05/2001,0.7723,0.7657,0.777,0.762,4.26K,0.76%
09/04/2001,0.7665,0.7755,0.776,0.763,2.72K,-0.83%
08/31/2001,0.7729,0.761,0.78,0.7585,13.45K,1.55%
08/30/2001,0.7611,0.7715,0.773,0.756,16.27K,-1.34%
08/29/2001,0.7714,0.782,0.789,0.765,17.34K,-1.29%
08/28/2001,0.7815,0.7565,0.788,0.753,27.73K,3.30%
08/27/2001,0.7565,0.7575,0.767,0.752,13.69K,0.77%
08/24/2001,0.7507,0.743,0.769,0.7385,18.27K,1.43%
08/23/2001,0.7401,0.735,0.7425,0.7277,10.07K,1.08%
08/22/2001,0.7322,0.735,0.7484,0.73,9.92K,-0.44%
08/21/2001,0.7354,0.7258,0.737,0.72,16.70K,2.08%
08/20/2001,0.7204,0.7155,0.723,0.707,10.50K,0.85%
08/17/2001,0.7143,0.7496,0.7525,0.712,10.46K,-4.49%
08/16/2001,0.7479,0.7491,0.752,0.743,7.51K,-0.53%
08/15/2001,0.7519,0.761,0.764,0.7435,9.72K,-0.59%
08/14/2001,0.7564,0.7496,0.758,0.7442,6.19K,1.03%
08/13/2001,0.7487,0.752,0.755,0.746,8.83K,-0.27%
08/10/2001,0.7507,0.7445,0.7575,0.7445,9.49K,1.12%
08/09/2001,0.7424,0.737,0.745,0.732,6.83K,0.88%
08/08/2001,0.7359,0.7425,0.749,0.732,6.05K,-0.66%
08/07/2001,0.7408,0.7335,0.75,0.7335,6.85K,1.05%
08/06/2001,0.7331,0.7335,0.739,0.73,3.99K,-0.18%
08/03/2001,0.7344,0.741,0.744,0.7315,5.11K,-0.51%
08/02/2001,0.7382,0.7135,0.7435,0.7135,6.83K,3.67%
08/01/2001,0.7121,0.707,0.717,0.705,4.49K,1.58%
07/31/2001,0.701,0.7136,0.715,0.7,16.91K,-1.50%
07/30/2001,0.7117,0.716,0.7205,0.71,9.25K,-0.61%
07/27/2001,0.7161,0.722,0.728,0.711,12.47K,-0.76%
07/26/2001,0.7216,0.712,0.73,0.71,15.62K,1.25%
07/25/2001,0.7127,0.69,0.7165,0.69,16.14K,2.86%
07/24/2001,0.6929,0.6905,0.699,0.686,10.67K,0.23%
07/23/2001,0.6913,0.7019,0.7019,0.6895,9.67K,0.03%
07/20/2001,0.6911,0.6725,0.699,0.6715,7.93K,2.75%
07/19/2001,0.6726,0.679,0.691,0.67,13.77K,-0.90%
07/18/2001,0.6787,0.688,0.6885,0.677,11.01K,-2.36%
07/17/2001,0.6951,0.696,0.704,0.694,7.82K,-0.13%
07/16/2001,0.696,0.7005,0.7005,0.687,6.87K,-0.19%
07/13/2001,0.6973,0.7185,0.7185,0.69,8.73K,-2.42%
07/12/2001,0.7146,0.7175,0.7175,0.697,8.76K,0.25%
07/11/2001,0.7128,0.731,0.731,0.711,10.30K,-2.36%
07/10/2001,0.73,0.734,0.739,0.724,7.02K,-0.92%
07/09/2001,0.7368,0.743,0.749,0.734,7.75K,-1.27%
07/06/2001,0.7463,0.736,0.75,0.7265,6.56K,2.02%
07/05/2001,0.7315,0.731,0.733,0.713,5.64K,1.11%
07/03/2001,0.7235,0.716,0.7245,0.711,2.96K,0.79%
07/02/2001,0.7178,0.7389,0.739,0.709,5.83K,-0.07%
06/29/2001,0.7183,0.7075,0.738,0.7075,26.42K,1.63%
06/28/2001,0.7068,0.696,0.7125,0.696,18.71K,0.11%
06/27/2001,0.706,0.7345,0.735,0.699,24.63K,-4.04%
06/26/2001,0.7357,0.745,0.748,0.732,13.77K,-1.05%
06/25/2001,0.7435,0.7407,0.747,0.739,10.16K,0.66%
06/22/2001,0.7386,0.7485,0.759,0.731,13.25K,-0.79%
06/21/2001,0.7445,0.7475,0.7565,0.739,15.11K,-0.52%
06/20/2001,0.7484,0.777,0.777,0.746,17.46K,-3.76%
06/19/2001,0.7776,0.7775,0.788,0.771,7.40K,0.30%
06/18/2001,0.7753,0.8075,0.808,0.772,11.44K,-4.04%
06/15/2001,0.8079,0.826,0.8265,0.805,15.25K,-2.26%
06/14/2001,0.8266,0.8025,0.834,0.801,16.86K,2.62%
06/13/2001,0.8055,0.8065,0.8135,0.804,10.08K,-0.12%
06/12/2001,0.8065,0.7857,0.811,0.785,8.50K,2.46%
06/11/2001,0.7871,0.781,0.801,0.779,7.46K,2.06%
06/08/2001,0.7712,0.766,0.775,0.766,5.52K,0.81%
06/07/2001,0.765,0.768,0.7735,0.76,7.02K,-0.75%
06/06/2001,0.7708,0.769,0.778,0.756,7.22K,-0.54%
06/05/2001,0.775,0.765,0.78,0.765,3.59K,1.31%
06/04/2001,0.765,0.765,0.767,0.765,5.20K,0.01%
06/01/2001,0.7649,0.7785,0.7785,0.7625,4.70K,-1.12%
05/31/2001,0.7736,0.7784,0.781,0.751,27.47K,-0.62%
05/30/2001,0.7784,0.778,0.786,0.774,13.87K,-0.03%
05/29/2001,0.7786,0.784,0.799,0.777,13.97K,-0.76%
05/25/2001,0.7846,0.7939,0.794,0.782,11.59K,-0.72%
05/24/2001,0.7903,0.8089,0.8125,0.7845,14.82K,-2.42%
05/23/2001,0.8099,0.7975,0.815,0.795,20.39K,1.24%
05/22/2001,0.8,0.8071,0.8075,0.798,7.94K,-0.67%
05/21/2001,0.8054,0.8075,0.811,0.8005,7.81K,0.29%
05/18/2001,0.8031,0.7825,0.8095,0.7825,12.24K,2.72%
05/17/2001,0.7818,0.779,0.7865,0.766,9.61K,0.85%
05/16/2001,0.7752,0.7705,0.78,0.762,8.71K,1.03%
05/15/2001,0.7673,0.758,0.771,0.756,6.08K,1.41%
05/14/2001,0.7566,0.764,0.77,0.7455,7.02K,-0.88%
05/11/2001,0.7633,0.768,0.7725,0.7625,7.99K,-1.08%
05/10/2001,0.7716,0.7715,0.778,0.767,5.31K,0.08%
05/09/2001,0.771,0.759,0.773,0.749,8.99K,2.11%
05/08/2001,0.7551,0.755,0.7615,0.7485,5.57K,0.40%
05/07/2001,0.7521,0.769,0.773,0.75,3.65K,-2.29%
05/04/2001,0.7697,0.7745,0.776,0.767,3.79K,0.12%
05/03/2001,0.7688,0.7455,0.774,0.737,4.41K,2.88%
05/02/2001,0.7473,0.7551,0.7585,0.746,4.59K,-2.49%
05/01/2001,0.7664,0.757,0.771,0.753,5.40K,1.77%
04/30/2001,0.7531,0.765,0.775,0.744,21.78K,-0.76%
04/27/2001,0.7589,0.771,0.777,0.7575,12.33K,-1.74%
04/26/2001,0.7723,0.753,0.778,0.753,12.97K,2.66%
04/25/2001,0.7523,0.737,0.755,0.736,12.94K,2.34%
04/24/2001,0.7351,0.7474,0.755,0.734,12.45K,-1.12%
04/23/2001,0.7434,0.755,0.7565,0.7425,7.07K,-1.22%
04/20/2001,0.7526,0.7662,0.7671,0.751,7.99K,-1.71%
04/19/2001,0.7657,0.7635,0.769,0.7565,8.59K,-0.04%
04/18/2001,0.766,0.775,0.775,0.749,11.87K,-1.62%
04/17/2001,0.7786,0.7923,0.794,0.776,9.26K,-1.73%
04/16/2001,0.7923,0.76,0.797,0.76,12.68K,4.09%
04/12/2001,0.7612,0.77,0.782,0.759,11.36K,-0.50%
04/11/2001,0.765,0.755,0.77,0.7535,10.34K,0.37%
04/10/2001,0.7622,0.726,0.764,0.723,12.32K,5.92%
04/09/2001,0.7196,0.7135,0.726,0.7135,5.80K,1.07%
04/06/2001,0.712,0.72,0.72,0.7085,5.58K,-0.82%
04/05/2001,0.7179,0.7125,0.7265,0.7075,9.40K,0.80%
04/04/2001,0.7122,0.688,0.718,0.6875,9.53K,3.49%
04/03/2001,0.6882,0.672,0.69,0.669,5.01K,2.70%
04/02/2001,0.6701,0.698,0.6985,0.669,6.45K,-4.84%
03/30/2001,0.7042,0.705,0.7145,0.7,23.27K,-0.07%
03/29/2001,0.7047,0.695,0.7093,0.687,17.49K,1.13%
03/28/2001,0.6968,0.735,0.74,0.695,22.38K,-5.45%
03/27/2001,0.737,0.72,0.74,0.718,14.22K,2.32%
03/26/2001,0.7203,0.7207,0.727,0.7115,13.35K,0.10%
03/23/2001,0.7196,0.688,0.732,0.688,17.09K,4.58%
03/22/2001,0.6881,0.687,0.703,0.685,10.53K,-0.20%
03/21/2001,0.6895,0.6684,0.6925,0.665,11.57K,3.47%
03/20/2001,0.6664,0.667,0.68,0.6645,15.01K,-0.07%
03/19/2001,0.6669,0.6885,0.6887,0.665,8.73K,-3.14%
03/16/2001,0.6885,0.6885,0.704,0.686,6.92K,-0.03%
03/15/2001,0.6887,0.6837,0.692,0.678,12.58K,0.55%
03/14/2001,0.6849,0.71,0.723,0.683,11.80K,-4.14%
03/13/2001,0.7145,0.713,0.7158,0.71,6.03K,-0.53%
03/12/2001,0.7183,0.7155,0.7215,0.711,6.43K,0.10%
03/09/2001,0.7176,0.721,0.725,0.7125,9.45K,-0.42%
03/08/2001,0.7206,0.7295,0.7345,0.716,6.72K,-1.50%
03/07/2001,0.7316,0.7215,0.733,0.7135,5.65K,1.91%
03/06/2001,0.7179,0.725,0.725,0.714,2.72K,-1.16%
03/05/2001,0.7263,0.7215,0.735,0.7215,3.19K,2.07%
03/02/2001,0.7116,0.708,0.718,0.707,2.48K,1.24%
03/01/2001,0.7029,0.697,0.705,0.693,4.70K,-0.87%
02/28/2001,0.7091,0.7228,0.7315,0.708,20.47K,-1.90%
02/27/2001,0.7228,0.723,0.7315,0.715,18.95K,0.00%
02/26/2001,0.7228,0.7277,0.734,0.7175,14.64K,-0.67%
02/23/2001,0.7277,0.7251,0.738,0.7125,13.57K,0.36%
02/22/2001,0.7251,0.716,0.735,0.716,12.38K,-0.36%
02/21/2001,0.7277,0.7384,0.741,0.722,8.26K,-1.15%
02/20/2001,0.7362,0.7605,0.7605,0.732,8.42K,-1.04%
02/16/2001,0.7439,0.744,0.753,0.743,6.13K,0.39%
02/15/2001,0.741,0.761,0.761,0.739,10.62K,-2.26%
02/14/2001,0.7581,0.77,0.7825,0.757,9.45K,-2.28%
02/13/2001,0.7758,0.779,0.779,0.7675,7.84K,-0.60%
02/12/2001,0.7805,0.7905,0.791,0.7775,8.07K,-1.65%
02/09/2001,0.7936,0.811,0.812,0.792,6.04K,-2.41%
02/08/2001,0.8132,0.803,0.815,0.801,7.95K,1.80%
02/07/2001,0.7988,0.779,0.801,0.769,9.52K,2.54%
02/06/2001,0.779,0.769,0.789,0.769,5.15K,0.21%
02/05/2001,0.7774,0.7823,0.783,0.7705,4.55K,-1.36%
02/02/2001,0.7881,0.75,0.7895,0.75,6.97K,5.14%
02/01/2001,0.7496,0.73,0.75,0.722,7.26K,-1.32%
01/31/2001,0.7596,0.779,0.783,0.756,30.43K,-2.55%
01/30/2001,0.7795,0.7875,0.7917,0.771,19.79K,-1.02%
01/29/2001,0.7875,0.8175,0.821,0.785,15.65K,-3.47%
01/26/2001,0.8158,0.807,0.82,0.803,14.17K,1.29%
01/25/2001,0.8054,0.7985,0.809,0.793,10.96K,1.09%
01/24/2001,0.7967,0.827,0.827,0.7925,18.43K,-3.65%
01/23/2001,0.8269,0.8355,0.836,0.818,11.55K,-1.45%
01/22/2001,0.8391,0.843,0.857,0.8275,14.64K,-0.04%
01/19/2001,0.8394,0.8,0.844,0.7961,15.48K,4.60%
01/18/2001,0.8025,0.785,0.805,0.781,9.59K,2.60%
01/17/2001,0.7822,0.8036,0.8036,0.7665,16.39K,-2.66%
01/16/2001,0.8036,0.8121,0.8212,0.799,8.99K,-0.57%
01/12/2001,0.8082,0.8033,0.812,0.799,9.10K,0.40%
01/11/2001,0.805,0.817,0.8175,0.79,12.23K,-0.80%
01/10/2001,0.8115,0.775,0.82,0.775,13.11K,4.56%
01/09/2001,0.7761,0.795,0.795,0.768,14.58K,-1.45%
01/08/2001,0.7875,0.8215,0.8245,0.78,12.33K,-3.81%
01/05/2001,0.8187,0.8225,0.834,0.815,7.29K,-0.18%
01/04/2001,0.8202,0.811,0.831,0.802,11.37K,0.01%
01/03/2001,0.8201,0.8167,0.823,0.802,7.24K,0.09%
01/02/2001,0.8194,0.81,0.822,0.805,5.46K,-8.03%
12/29/2000,0.8909,0.86,0.895,0.86,18.68K,3.68%
12/28/2000,0.8593,0.891,0.895,0.858,20.55K,-3.56%
12/27/2000,0.891,0.8873,0.9,0.882,13.51K,0.85%
12/26/2000,0.8835,0.86,0.8875,0.8575,14.77K,4.25%
12/22/2000,0.8475,0.8392,0.878,0.838,12.73K,1.36%
12/21/2000,0.8361,0.831,0.8505,0.83,17.78K,0.76%
12/20/2000,0.8298,0.91,0.91,0.828,13.79K,-5.74%
12/19/2000,0.8803,0.8845,0.893,0.875,11.10K,-0.51%
12/18/2000,0.8848,0.883,0.913,0.879,10.96K,0.75%
12/15/2000,0.8782,0.857,0.8825,0.846,13.48K,2.41%
12/14/2000,0.8575,0.8885,0.892,0.849,13.98K,-3.17%
12/13/2000,0.8856,0.927,0.945,0.8825,12.82K,-4.39%
12/12/2000,0.9263,0.949,0.956,0.911,13.11K,-2.10%
12/11/2000,0.9462,0.917,0.947,0.917,12.67K,4.22%
12/08/2000,0.9079,0.945,0.945,0.898,16.53K,-3.62%
12/07/2000,0.942,0.96,0.974,0.9305,10.41K,-1.11%
12/06/2000,0.9526,0.922,0.9595,0.91,14.38K,3.32%
12/05/2000,0.922,0.963,0.963,0.92,8.88K,-2.51%
12/04/2000,0.9457,0.9479,0.988,0.9395,13.48K,1.08%
12/01/2000,0.9356,0.9695,0.987,0.933,7.90K,-8.50%
11/30/2000,1.0225,1.015,1.044,1.01,27.57K,0.48%
11/29/2000,1.0176,0.9995,1.02,0.9875,28.01K,1.84%
11/28/2000,0.9992,1.053,1.053,0.9975,31.03K,-5.25%
11/27/2000,1.0546,1.0572,1.066,1.0425,21.96K,-0.52%
11/22/2000,1.0601,1.0675,1.0725,1.054,11.37K,-0.69%
11/21/2000,1.0675,1.066,1.077,1.06,15.84K,0.04%
11/20/2000,1.0671,1.0605,1.08,1.0605,13.86K,1.69%
11/17/2000,1.0494,1.023,1.052,1.0115,17.91K,1.73%
11/16/2000,1.0316,1.0425,1.0425,1.023,14.45K,-1.29%
11/15/2000,1.0451,1.025,1.053,1.025,16.81K,2.02%
11/14/2000,1.0244,0.998,1.026,0.997,20.94K,2.87%
11/13/2000,0.9958,0.9875,1.0055,0.987,14.30K,1.15%
11/10/2000,0.9845,0.991,1.001,0.977,1.66K,-0.80%
11/09/2000,0.9924,0.945,0.995,0.945,19.04K,4.88%
11/08/2000,0.9462,0.94,0.948,0.928,9.70K,0.72%
11/07/2000,0.9394,0.915,0.941,0.9135,15.07K,3.20%
11/06/2000,0.9103,0.9115,0.9135,0.896,8.06K,-0.56%
11/03/2000,0.9154,0.9226,0.9226,0.909,6.08K,-0.78%
11/02/2000,0.9226,0.931,0.9315,0.9175,6.01K,-0.87%
11/01/2000,0.9307,0.9273,0.946,0.9273,7.57K,-0.54%
10/31/2000,0.9358,0.9451,0.949,0.9225,24.75K,-0.98%
10/30/2000,0.9451,0.9492,0.959,0.9425,19.11K,0.10%
10/27/2000,0.9442,0.979,0.981,0.941,21.82K,-3.59%
10/26/2000,0.9794,0.9717,0.987,0.96,14.18K,0.79%
10/25/2000,0.9717,0.988,0.999,0.965,14.62K,-1.72%
10/24/2000,0.9887,0.9965,1.003,0.985,13.31K,-0.62%
10/23/2000,0.9949,0.9755,0.9975,0.961,7.39K,2.77%
10/20/2000,0.9681,0.9475,0.97,0.9445,11.24K,2.40%
10/19/2000,0.9454,0.966,0.9805,0.943,15.07K,-1.95%
10/18/2000,0.9642,0.9625,0.987,0.954,14.20K,0.39%
10/17/2000,0.9605,0.9777,0.9824,0.957,16.94K,-1.27%
10/16/2000,0.9729,1.0069,1.0165,0.971,11.62K,-4.61%
10/13/2000,1.0199,1.0775,1.0879,1.017,11.46K,-5.34%
10/12/2000,1.0774,1.01,1.11,1.0085,18.48K,6.14%
10/11/2000,1.0151,0.9935,1.0251,0.9935,15.56K,1.75%
10/10/2000,0.9976,0.962,0.998,0.962,11.95K,4.28%
10/09/2000,0.9567,0.936,0.959,0.936,6.41K,2.76%
10/06/2000,0.931,0.935,0.9415,0.9265,8.41K,0.55%
10/05/2000,0.9259,0.953,0.953,0.921,14.20K,-3.63%
10/04/2000,0.9608,0.955,0.9675,0.9495,12.32K,0.10%
10/03/2000,0.9598,0.953,0.964,0.944,7.19K,0.52%
10/02/2000,0.9548,0.9375,0.96,0.9375,9.94K,3.15%
09/29/2000,0.9256,0.913,0.935,0.9115,20.19K,1.36%
09/28/2000,0.9132,0.949,0.949,0.912,20.03K,-3.92%
09/27/2000,0.9505,0.933,0.965,0.9315,19.29K,1.86%
09/26/2000,0.9331,0.9415,0.952,0.925,17.23K,-0.88%
09/25/2000,0.9414,0.955,0.955,0.925,15.63K,-1.58%
09/22/2000,0.9565,0.989,1.01,0.955,13.20K,-4.33%
09/21/2000,0.9998,1.016,1.0225,0.996,13.52K,-1.73%
09/20/2000,1.0174,1.017,1.043,1.006,13.02K,0.02%
09/19/2000,1.0172,1.0385,1.0385,1.0025,17.71K,-2.12%
09/18/2000,1.0392,1.0295,1.047,1.0295,8.10K,0.95%
09/15/2000,1.0294,1.017,1.041,1.017,9.57K,2.42%
09/14/2000,1.0051,1.0073,1.011,0.976,13.69K,-0.12%
09/13/2000,1.0063,1.0366,1.0366,0.993,12.98K,-2.92%
09/12/2000,1.0366,1.043,1.064,1.023,13.76K,-0.40%
09/11/2000,1.0408,0.9835,1.055,0.9835,19.45K,5.84%
09/08/2000,0.9834,1.017,1.017,0.98,10.20K,-3.49%
09/07/2000,1.019,0.997,1.02,0.987,10.00K,2.91%
09/06/2000,0.9902,0.979,0.992,0.975,10.16K,1.72%
09/05/2000,0.9735,0.988,0.989,0.9695,5.84K,0.47%
09/01/2000,0.9689,0.971,0.98,0.964,3.79K,-1.83%
08/31/2000,0.987,0.9915,1,0.9835,22.43K,-0.62%
08/30/2000,0.9932,0.9815,0.999,0.958,4.97K,1.11%
08/29/2000,0.9823,0.9935,1.005,0.9785,20.13K,-1.03%
08/28/2000,0.9925,0.955,0.996,0.955,14.11K,3.08%
08/25/2000,0.9628,0.9445,0.965,0.9415,14.92K,1.94%
08/24/2000,0.9445,0.948,0.957,0.935,13.04K,-0.35%
08/23/2000,0.9478,0.899,0.9545,0.898,18.20K,5.48%
08/22/2000,0.8986,0.913,0.928,0.8965,11.77K,-2.12%
08/21/2000,0.9181,0.8995,0.928,0.8995,100.28K,2.68%
08/18/2000,0.8941,0.88,0.9015,0.8775,11.41K,1.53%
08/17/2000,0.8806,0.865,0.894,0.865,10.49K,1.77%
08/16/2000,0.8653,0.8595,0.87,0.8595,8.52K,0.08%
08/15/2000,0.8646,0.871,0.8835,0.864,9.26K,-0.73%
08/14/2000,0.871,0.852,0.8725,0.851,7.45K,1.62%
08/11/2000,0.8571,0.86,0.877,0.8525,10.92K,-0.56%
08/10/2000,0.8619,0.8295,0.8635,0.82,12.11K,3.25%
08/09/2000,0.8348,0.802,0.837,0.802,12.77K,4.45%
08/08/2000,0.7992,0.7825,0.803,0.7825,9.87K,1.77%
08/07/2000,0.7853,0.823,0.8245,0.78,8.79K,-4.51%
08/04/2000,0.8224,0.798,0.825,0.798,9.43K,3.33%
08/03/2000,0.7959,0.7865,0.797,0.7825,7.14K,1.39%
08/02/2000,0.785,0.7825,0.794,0.7825,6.88K,1.86%
08/01/2000,0.7707,0.7625,0.7745,0.757,5.11K,1.88%
07/31/2000,0.7565,0.769,0.775,0.754,23.27K,-1.64%
07/28/2000,0.7691,0.7695,0.78,0.768,12.17K,-0.03%
07/27/2000,0.7693,0.7635,0.776,0.762,14.27K,0.96%
07/26/2000,0.762,0.765,0.776,0.758,11.19K,0.41%
07/25/2000,0.7589,0.757,0.77,0.752,10.92K,0.08%
07/24/2000,0.7583,0.769,0.7715,0.7575,13.65K,-1.38%
07/21/2000,0.7689,0.796,0.796,0.763,11.79K,-3.48%
07/20/2000,0.7966,0.801,0.81,0.795,12.22K,-0.96%
07/19/2000,0.8043,0.804,0.8135,0.798,9.21K,-0.58%
07/18/2000,0.809,0.7935,0.817,0.792,10.75K,1.72%
07/17/2000,0.7953,0.802,0.804,0.793,7.34K,-2.07%
07/14/2000,0.8121,0.822,0.822,0.8065,8.87K,-0.98%
07/13/2000,0.8201,0.8025,0.822,0.7975,6.86K,2.89%
07/12/2000,0.7971,0.792,0.799,0.7795,9.38K,0.75%
07/11/2000,0.7912,0.78,0.792,0.7755,9.50K,1.22%
07/10/2000,0.7817,0.786,0.7905,0.778,8.97K,-1.05%
07/07/2000,0.79,0.8,0.8,0.78,4.07K,0.70%
07/06/2000,0.7845,0.805,0.814,0.783,6.24K,-1.63%
07/05/2000,0.7975,0.815,0.815,0.79,3.79K,-4.24%
06/30/2000,0.8328,0.8475,0.8495,0.83,19.85K,-1.56%
06/29/2000,0.846,0.818,0.85,0.815,18.25K,3.57%
06/28/2000,0.8168,0.815,0.832,0.8135,11.91K,-0.28%
06/27/2000,0.8191,0.801,0.8295,0.7915,11.49K,2.14%
06/26/2000,0.8019,0.81,0.824,0.8,0.00K,-0.50%
06/23/2000,0.8059,0.8095,0.82,0.7995,14.26K,-0.43%
06/22/2000,0.8094,0.783,0.811,0.7705,13.49K,3.21%
06/21/2000,0.7842,0.76,0.7925,0.755,13.38K,3.08%
06/20/2000,0.7608,0.7365,0.764,0.736,11.11K,3.27%
06/19/2000,0.7367,0.74,0.747,0.7285,6.63K,-0.87%
06/16/2000,0.7432,0.7715,0.7715,0.7325,9.75K,-3.67%
06/15/2000,0.7715,0.78,0.789,0.765,5.42K,-1.29%
06/14/2000,0.7816,0.7875,0.7915,0.7785,6.71K,-0.47%
06/13/2000,0.7853,0.775,0.79,0.7745,6.62K,0.95%
06/12/2000,0.7779,0.77,0.779,0.762,7.60K,4.44%
06/09/2000,0.7448,0.7445,0.753,0.7415,4.42K,0.07%
06/08/2000,0.7443,0.7515,0.7575,0.741,6.65K,-1.04%
06/07/2000,0.7521,0.75,0.759,0.732,7.14K,0.16%
06/06/2000,0.7509,0.75,0.76,0.747,3.79K,0.51%
06/05/2000,0.7471,0.752,0.754,0.7425,4.54K,-1.22%
06/02/2000,0.7563,0.756,0.763,0.747,5.13K,-0.29%
06/01/2000,0.7585,0.738,0.758,0.734,5.10K,4.87%
05/31/2000,0.7233,0.7485,0.762,0.72,29.62K,-3.37%
05/30/2000,0.7485,0.743,0.755,0.743,16.39K,0.77%
05/26/2000,0.7428,0.7705,0.775,0.74,9.24K,-3.48%
05/25/2000,0.7696,0.76,0.772,0.754,12.31K,1.46%
05/24/2000,0.7585,0.745,0.761,0.738,12.44K,3.86%
05/23/2000,0.7303,0.735,0.737,0.7265,8.86K,-0.60%
05/22/2000,0.7347,0.76,0.762,0.728,10.78K,-3.05%
05/19/2000,0.7578,0.7695,0.775,0.754,10.79K,-1.65%
05/18/2000,0.7705,0.748,0.775,0.747,11.82K,3.01%
05/17/2000,0.748,0.7415,0.751,0.7375,9.35K,0.28%
05/16/2000,0.7459,0.7485,0.7565,0.7445,9.03K,-0.37%
05/15/2000,0.7487,0.7372,0.754,0.733,4.66K,0.88%
05/12/2000,0.7422,0.751,0.76,0.73,9.70K,-0.27%
05/11/2000,0.7442,0.714,0.751,0.713,15.32K,4.01%
05/10/2000,0.7155,0.705,0.7195,0.7015,11.42K,1.52%
05/09/2000,0.7048,0.6887,0.7105,0.683,8.87K,2.35%
05/08/2000,0.6886,0.6695,0.692,0.666,6.55K,3.39%
05/05/2000,0.666,0.6725,0.6725,0.662,6.40K,-0.97%
05/04/2000,0.6725,0.6665,0.68,0.6664,7.90K,0.57%
05/03/2000,0.6687,0.6835,0.685,0.667,7.91K,-2.05%
05/02/2000,0.6827,0.665,0.685,0.663,5.92K,3.68%
05/01/2000,0.6585,0.65,0.662,0.649,3.42K,-1.99%
04/28/2000,0.6719,0.6775,0.689,0.6675,16.25K,-0.78%
04/27/2000,0.6772,0.664,0.683,0.664,12.31K,2.08%
04/26/2000,0.6634,0.676,0.677,0.657,15.24K,-1.31%
04/25/2000,0.6722,0.683,0.683,0.669,10.20K,-1.68%
04/24/2000,0.6837,0.683,0.6915,0.682,5.35K,0.19%
04/20/2000,0.6824,0.6875,0.692,0.675,10.41K,-0.74%
04/19/2000,0.6875,0.6525,0.69,0.6525,12.04K,5.36%
04/18/2000,0.6525,0.6535,0.657,0.645,13.04K,0.71%
04/17/2000,0.6479,0.625,0.656,0.62,9.68K,2.96%
04/14/2000,0.6293,0.641,0.6465,0.62,6.79K,-2.04%
04/13/2000,0.6424,0.645,0.6525,0.638,10.04K,-0.20%
04/12/2000,0.6437,0.62,0.645,0.615,9.20K,5.16%
04/11/2000,0.6121,0.6105,0.62,0.605,9.24K,0.26%
04/10/2000,0.6105,0.618,0.625,0.61,5.86K,-2.97%
04/07/2000,0.6292,0.64,0.643,0.627,6.74K,-1.66%
04/06/2000,0.6398,0.644,0.647,0.638,4.83K,-0.39%
04/05/2000,0.6423,0.626,0.644,0.624,6.28K,2.16%
04/04/2000,0.6287,0.633,0.6405,0.626,6.43K,-2.99%
04/03/2000,0.6481,0.66,0.663,0.647,4.40K,-5.59%
03/31/2000,0.6865,0.675,0.693,0.667,20.20K,1.52%
03/30/2000,0.6762,0.6665,0.681,0.655,8.71K,1.11%
03/29/2000,0.6688,0.682,0.682,0.658,13.34K,-1.88%
03/28/2000,0.6816,0.6795,0.696,0.67,11.47K,0.34%
03/27/2000,0.6793,0.676,0.687,0.671,6.67K,-0.79%
03/24/2000,0.6847,0.674,0.703,0.67,6.71K,2.03%
03/23/2000,0.6711,0.6645,0.676,0.6645,7.07K,0.80%
03/22/2000,0.6658,0.664,0.681,0.6575,11.01K,0.26%
03/21/2000,0.6641,0.6543,0.665,0.6533,12.70K,1.65%
03/20/2000,0.6533,0.68,0.682,0.651,10.02K,-5.06%
03/17/2000,0.6881,0.698,0.701,0.686,5.53K,-1.04%
03/16/2000,0.6953,0.6825,0.699,0.675,7.12K,0.91%
03/15/2000,0.689,0.705,0.705,0.681,5.51K,-2.23%
03/14/2000,0.7047,0.722,0.722,0.701,6.03K,-1.95%
03/13/2000,0.7187,0.71,0.724,0.71,5.97K,0.71%
03/10/2000,0.7136,0.723,0.725,0.712,6.41K,-2.05%
03/09/2000,0.7285,0.72,0.733,0.699,9.57K,1.24%
03/08/2000,0.7196,0.7895,0.7895,0.71,9.53K,-8.44%
03/07/2000,0.7859,0.7485,0.788,0.7485,7.20K,4.87%
03/06/2000,0.7494,0.741,0.751,0.738,5.14K,1.83%
03/03/2000,0.7359,0.743,0.7495,0.73,5.19K,-1.02%
03/02/2000,0.7435,0.7445,0.7535,0.738,2.85K,-0.43%
03/01/2000,0.7467,0.7205,0.748,0.718,4.37K,-2.33%
02/29/2000,0.7645,0.7581,0.7725,0.7565,19.17K,0.84%
02/28/2000,0.7581,0.76,0.77,0.7505,13.60K,-0.54%
02/25/2000,0.7622,0.741,0.7785,0.738,19.40K,2.54%
02/24/2000,0.7433,0.733,0.749,0.733,13.68K,1.61%
02/23/2000,0.7315,0.716,0.733,0.713,9.03K,1.77%
02/22/2000,0.7188,0.715,0.7205,0.7,9.58K,0.01%
02/18/2000,0.7187,0.721,0.725,0.716,5.51K,-0.42%
02/17/2000,0.7217,0.73,0.73,0.715,8.28K,-1.94%
02/16/2000,0.736,0.729,0.7375,0.722,10.72K,1.07%
02/15/2000,0.7282,0.732,0.734,0.7215,10.68K,-0.33%
02/14/2000,0.7306,0.72,0.732,0.718,4.52K,1.85%
02/11/2000,0.7173,0.7175,0.724,0.7045,13.05K,-0.06%
02/10/2000,0.7177,0.7055,0.721,0.7015,18.63K,1.38%
02/09/2000,0.7079,0.696,0.709,0.687,9.92K,2.39%
02/08/2000,0.6914,0.707,0.708,0.69,14.33K,-2.29%
02/07/2000,0.7076,0.71,0.7145,0.703,9.12K,-1.37%
02/04/2000,0.7174,0.705,0.723,0.7005,8.76K,1.93%
02/03/2000,0.7038,0.705,0.7135,0.7,7.20K,1.19%
02/02/2000,0.6955,0.714,0.715,0.6925,10.76K,-1.64%
02/01/2000,0.7071,0.694,0.708,0.692,8.86K,-4.88%
01/31/2000,0.7434,0.73,0.756,0.72,25.77K,1.46%
01/28/2000,0.7327,0.73,0.744,0.7265,16.74K,0.08%
01/27/2000,0.7321,0.745,0.76,0.726,17.06K,-2.06%
01/26/2000,0.7475,0.759,0.775,0.745,16.80K,-0.61%
01/25/2000,0.7521,0.7375,0.763,0.733,17.18K,1.53%
01/24/2000,0.7408,0.7605,0.785,0.725,27.38K,-3.30%
01/21/2000,0.7661,0.77,0.82,0.76,26.22K,-0.69%
01/20/2000,0.7714,0.75,0.7765,0.741,24.68K,3.42%
01/19/2000,0.7459,0.7316,0.75,0.7225,15.28K,1.95%
01/18/2000,0.7316,0.7125,0.734,0.7115,19.25K,2.65%
01/14/2000,0.7127,0.671,0.7145,0.671,14.49K,6.07%
01/13/2000,0.6719,0.6705,0.678,0.6605,13.58K,0.54%
01/12/2000,0.6683,0.646,0.6725,0.641,11.31K,2.64%
01/11/2000,0.6511,0.638,0.6525,0.636,8.91K,3.23%
01/10/2000,0.6307,0.629,0.635,0.6195,9.67K,0.29%
01/07/2000,0.6289,0.6415,0.656,0.6285,9.64K,-2.16%
01/06/2000,0.6428,0.644,0.66,0.638,12.17K,-0.68%
01/05/2000,0.6472,0.659,0.659,0.647,5.78K,-1.69%
01/04/2000,0.6583,0.6425,0.6615,0.638,8.85K,-3.01%
