Date,Price,Open,High,Low,Vol.,Change %
10/22/2025,3.464,3.522,3.573,3.455,16.07K,-1.67%
10/21/2025,3.523,3.421,3.527,3.357,1.39K,3.71%
10/20/2025,3.397,3.16,3.43,3.136,266.60K,7.74%
10/19/2025,3.153,3.154,3.178,3.147,9.39K,4.82%
10/17/2025,3.008,2.926,3.024,2.893,128.24K,2.38%
10/16/2025,2.938,3.036,3.067,2.922,161.36K,-2.59%
10/15/2025,3.016,3.029,3.041,2.964,149.15K,-0.40%
10/14/2025,3.028,3.103,3.106,3.004,150.48K,-2.89%
10/13/2025,3.118,3.1,3.138,3.029,0.70K,0.39%
10/10/2025,3.106,3.239,3.253,3.089,195.35K,-4.99%
10/09/2025,3.269,3.336,3.393,3.235,198.68K,-1.92%
10/08/2025,3.333,3.524,3.55,3.316,242.69K,-4.72%
10/07/2025,3.498,3.398,3.524,3.355,230.26K,4.20%
10/06/2025,3.357,3.3,3.485,3.296,165.23K,0.99%
10/03/2025,3.324,3.413,3.451,3.307,217.26K,-3.43%
10/02/2025,3.442,3.457,3.585,3.402,259.35K,-0.98%
10/01/2025,3.476,3.331,3.492,3.318,240.70K,5.24%
09/30/2025,3.303,3.279,3.351,3.245,162.03K,1.10%
09/29/2025,3.267,3.149,3.299,3.133,166.63K,15.24%
09/26/2025,2.835,2.912,2.944,2.788,4.45K,-2.38%
09/25/2025,2.904,2.879,2.968,2.848,74.21K,1.61%
09/24/2025,2.858,2.863,2.914,2.816,55.70K,0.18%
09/23/2025,2.853,2.806,2.87,2.772,70.89K,1.67%
09/22/2025,2.806,2.909,2.945,2.804,163.18K,-12.04%
09/19/2025,3.19,3.211,3.241,3.174,135.90K,-1.36%
09/18/2025,3.234,3.34,3.365,3.224,124.16K,-3.81%
09/17/2025,3.362,3.366,3.419,3.332,84.82K,0.21%
09/16/2025,3.355,3.308,3.375,3.17,102.44K,1.67%
09/15/2025,3.3,3.199,3.306,3.173,92.15K,12.21%
09/12/2025,2.941,2.918,3,2.897,160.05K,0.24%
09/11/2025,2.934,3.029,3.062,2.911,199.07K,-3.14%
09/10/2025,3.029,3.107,3.117,3.008,171.98K,-2.82%
09/09/2025,3.117,3.098,3.165,3.046,181.52K,0.87%
09/08/2025,3.09,3.087,3.198,3.056,200.53K,1.38%
09/05/2025,3.048,3.078,3.13,3.021,130.91K,-0.85%
09/04/2025,3.074,3.075,3.13,3.022,165.91K,0.33%
09/03/2025,3.064,2.992,3.131,2.964,187.56K,1.83%
09/02/2025,3.009,2.972,3.065,2.869,226.57K,0.91%
09/01/2025,2.982,2.974,3.065,2.928,45.73K,-0.73%
08/31/2025,3.004,2.986,3.005,2.979,,0.23%
08/29/2025,2.997,2.985,3.023,2.921,142.63K,1.80%
08/28/2025,2.944,2.874,2.999,2.85,186.27K,2.69%
08/27/2025,2.867,2.738,2.906,2.676,3.34K,5.52%
08/26/2025,2.717,2.711,2.742,2.654,70.24K,0.78%
08/25/2025,2.696,2.639,2.717,2.622,60.32K,-0.07%
08/22/2025,2.698,2.813,2.819,2.689,79.36K,-4.53%
08/21/2025,2.826,2.765,2.849,2.74,115.27K,-0.56%
08/20/2025,2.842,2.857,2.869,2.82,113.08K,-0.70%
08/19/2025,2.862,3.009,3.009,2.827,154.55K,-4.34%
08/18/2025,2.992,2.985,3.025,2.911,95.61K,2.61%
08/15/2025,2.916,2.85,2.966,2.836,132.78K,2.64%
08/14/2025,2.841,2.818,2.852,2.774,138.65K,0.46%
08/13/2025,2.828,2.784,2.851,2.764,179.25K,0.71%
08/12/2025,2.808,2.978,2.985,2.774,219.06K,-4.94%
08/11/2025,2.954,2.895,3,2.881,156.87K,-1.20%
08/08/2025,2.99,3.086,3.106,2.96,164.26K,-2.51%
08/07/2025,3.067,3.099,3.148,3.035,171.66K,-0.32%
08/06/2025,3.077,3.015,3.096,2.945,133.71K,2.23%
08/05/2025,3.01,2.946,3.041,2.929,134.13K,2.66%
08/04/2025,2.932,3.065,3.078,2.895,167.44K,-4.90%
08/01/2025,3.083,3.1,3.131,3.051,102.38K,-0.74%
07/31/2025,3.106,3.026,3.114,2.972,168.40K,2.00%
07/30/2025,3.045,3.164,3.186,3.014,126.25K,-1.17%
07/29/2025,3.081,3.034,3.112,3.011,2.37K,3.11%
07/28/2025,2.988,3.093,3.14,2.984,69.85K,-3.92%
07/25/2025,3.11,3.11,3.145,3.068,39.12K,0.52%
07/24/2025,3.094,3.07,3.166,3.065,75.36K,0.55%
07/23/2025,3.077,3.253,3.267,3.061,158.44K,-6.39%
07/22/2025,3.287,3.342,3.36,3.247,122.26K,-2.06%
07/21/2025,3.356,3.506,3.512,3.319,143.80K,-5.86%
07/18/2025,3.565,3.519,3.628,3.494,123.96K,0.65%
07/17/2025,3.542,3.557,3.629,3.511,108.57K,-0.25%
07/16/2025,3.551,3.519,3.598,3.491,116.04K,0.79%
07/15/2025,3.523,3.447,3.542,3.401,132.96K,1.64%
07/14/2025,3.466,3.404,3.499,3.383,149.46K,4.59%
07/11/2025,3.314,3.365,3.418,3.293,130.29K,-0.69%
07/10/2025,3.337,3.208,3.398,3.191,163.04K,3.83%
07/09/2025,3.214,3.348,3.359,3.149,217.20K,-3.77%
07/08/2025,3.34,3.406,3.469,3.325,130.24K,-2.11%
07/07/2025,3.412,3.344,3.472,3.275,163.40K,0.65%
07/04/2025,3.39,3.418,3.434,3.368,16.62K,-0.56%
07/03/2025,3.409,3.5,3.574,3.392,147.83K,-2.26%
07/02/2025,3.488,3.417,3.52,3.366,115.61K,2.14%
07/01/2025,3.415,3.453,3.468,3.293,177.01K,-1.19%
06/30/2025,3.456,3.735,3.738,3.421,212.92K,-7.57%
06/27/2025,3.739,3.53,3.751,3.513,153.06K,14.66%
06/26/2025,3.261,3.394,3.425,3.199,5.53K,-4.26%
06/25/2025,3.406,3.549,3.587,3.372,74.50K,-3.70%
06/24/2025,3.537,3.681,3.684,3.53,70.98K,-4.35%
06/23/2025,3.698,3.949,3.949,3.666,102.70K,-6.36%
06/20/2025,3.949,4.077,4.23,3.918,150.78K,-3.35%
06/19/2025,4.086,4.083,4.102,3.966,36.51K,0.22%
06/18/2025,4.077,3.963,4.092,3.918,171.19K,3.24%
06/17/2025,3.949,3.836,3.975,3.818,86.01K,2.73%
06/16/2025,3.844,3.773,3.855,3.732,85.97K,7.34%
06/13/2025,3.581,3.541,3.623,3.499,133.29K,2.55%
06/12/2025,3.492,3.519,3.644,3.466,220.85K,-0.43%
06/11/2025,3.507,3.526,3.626,3.453,211.74K,-0.74%
06/10/2025,3.533,3.612,3.662,3.515,179.31K,-2.81%
06/09/2025,3.635,3.719,3.769,3.581,215.68K,-3.94%
06/06/2025,3.784,3.653,3.817,3.649,180.63K,2.91%
06/05/2025,3.677,3.703,3.791,3.62,208.76K,-1.05%
06/04/2025,3.716,3.729,3.74,3.661,126.09K,-0.16%
06/03/2025,3.722,3.748,3.764,3.63,139.41K,0.76%
06/02/2025,3.694,3.501,3.75,3.501,199.98K,7.17%
05/30/2025,3.447,3.535,3.564,3.44,131.55K,-2.13%
05/29/2025,3.522,3.535,3.576,3.437,180.66K,9.93%
05/28/2025,3.204,3.405,3.511,3.152,2.54K,-5.71%
05/27/2025,3.398,3.376,3.445,3.214,55.90K,-7.34%
05/26/2025,3.667,3.672,3.758,3.643,17.95K,-2.27%
05/25/2025,3.752,3.786,3.803,3.745,,12.54%
05/23/2025,3.334,3.283,3.35,3.217,60.60K,2.49%
05/22/2025,3.253,3.356,3.381,3.238,91.99K,-12.95%
05/21/2025,3.737,3.759,3.84,3.678,118.67K,-0.80%
05/20/2025,3.767,3.445,3.795,3.444,195.65K,9.13%
05/19/2025,3.452,3.64,3.64,3.436,150.36K,3.54%
05/16/2025,3.334,3.372,3.449,3.305,141.33K,-0.83%
05/15/2025,3.362,3.467,3.499,3.335,152.65K,-3.72%
05/14/2025,3.492,3.622,3.635,3.454,119.95K,-4.25%
05/13/2025,3.647,3.677,3.728,3.57,130.02K,0.03%
05/12/2025,3.646,3.775,3.84,3.608,163.73K,-3.93%
05/09/2025,3.795,3.621,3.815,3.613,174.97K,5.65%
05/08/2025,3.592,3.632,3.723,3.527,158.75K,-0.80%
05/07/2025,3.621,3.487,3.656,3.487,162.37K,4.56%
05/06/2025,3.463,3.568,3.648,3.423,200.86K,-2.45%
05/05/2025,3.55,3.671,3.747,3.531,161.32K,-2.20%
05/02/2025,3.63,3.446,3.673,3.418,140.95K,4.34%
05/01/2025,3.479,3.353,3.54,3.34,159.64K,4.60%
04/30/2025,3.326,3.38,3.399,3.26,145.96K,-1.77%
04/29/2025,3.386,3.32,3.457,3.307,156.57K,6.81%
04/28/2025,3.17,2.884,3.187,2.859,2.17K,7.93%
04/25/2025,2.937,2.939,2.983,2.868,58.82K,0.24%
04/24/2025,2.93,3.011,3.016,2.858,66.98K,-3.04%
04/23/2025,3.022,3.046,3.074,2.967,86.14K,0.50%
04/22/2025,3.007,3.051,3.095,2.955,133.98K,-5.35%
04/21/2025,3.177,3.367,3.391,3.155,117.68K,-2.10%
04/17/2025,3.245,3.262,3.334,3.191,145.61K,-0.06%
04/16/2025,3.247,3.318,3.318,3.204,150.41K,-2.46%
04/15/2025,3.329,3.345,3.378,3.216,143.59K,0.12%
04/14/2025,3.325,3.5,3.613,3.312,160.23K,-5.73%
04/11/2025,3.527,3.52,3.576,3.394,181.63K,-0.84%
04/10/2025,3.557,3.747,3.751,3.466,260.68K,-6.79%
04/09/2025,3.816,3.481,3.829,3.336,359.06K,10.13%
04/08/2025,3.465,3.63,3.783,3.462,278.15K,-5.20%
04/07/2025,3.655,3.811,3.939,3.6,298.84K,-4.74%
04/04/2025,3.837,4.119,4.153,3.811,246.55K,-7.27%
04/03/2025,4.138,4.011,4.203,3.968,165.41K,2.05%
04/02/2025,4.055,3.95,4.089,3.935,141.24K,2.63%
04/01/2025,3.951,4.132,4.148,3.934,156.69K,-4.08%
03/31/2025,4.119,4.176,4.253,4.055,171.86K,1.33%
03/28/2025,4.065,3.915,4.1,3.836,176.36K,2.91%
03/27/2025,3.95,3.859,4.016,3.689,5.09K,2.31%
03/26/2025,3.861,3.866,3.93,3.813,52.75K,0.55%
03/25/2025,3.84,3.909,3.99,3.796,50.29K,-1.89%
03/24/2025,3.914,3.88,4.012,3.862,78.99K,-2.73%
03/21/2025,4.024,4.035,4.089,3.931,118.07K,-0.35%
03/20/2025,4.038,4.28,4.312,4.027,141.55K,-6.38%
03/19/2025,4.313,4.11,4.322,4.102,113.39K,4.96%
03/18/2025,4.109,4.073,4.185,4.041,95.98K,0.56%
03/17/2025,4.086,4.187,4.278,4.046,88.75K,-0.44%
03/14/2025,4.104,4.04,4.141,3.962,144.41K,-0.17%
03/13/2025,4.111,4.032,4.195,3.955,227.07K,0.66%
03/12/2025,4.084,4.346,4.379,4.029,224.05K,-8.29%
03/11/2025,4.453,4.461,4.588,4.334,192.16K,-0.85%
03/10/2025,4.491,4.467,4.901,4.447,221.48K,2.09%
03/07/2025,4.399,4.286,4.426,4.132,211.90K,2.25%
03/06/2025,4.302,4.466,4.471,4.254,202.48K,-3.33%
03/05/2025,4.45,4.317,4.518,4.227,224.57K,2.30%
03/04/2025,4.35,4.168,4.551,4.056,350.51K,5.53%
03/03/2025,4.122,3.779,4.173,3.742,269.84K,7.51%
02/28/2025,3.834,3.939,3.954,3.814,141.99K,-2.54%
02/27/2025,3.934,3.966,4.065,3.878,171.40K,0.72%
02/26/2025,3.906,4.13,4.212,3.86,2.24K,-6.42%
02/25/2025,4.174,3.987,4.186,3.935,91.53K,4.51%
02/24/2025,3.994,4.065,4.09,3.906,82.87K,-5.67%
02/21/2025,4.234,4.174,4.444,4.148,164.32K,1.97%
02/20/2025,4.152,4.381,4.476,4.034,211.82K,-1.26%
02/19/2025,4.205,3.974,4.289,3.911,247.32K,5.73%
02/18/2025,3.977,3.61,3.981,3.557,203.90K,6.77%
02/14/2025,3.725,3.65,3.801,3.635,201.10K,2.67%
02/13/2025,3.628,3.591,3.786,3.583,305.90K,1.77%
02/12/2025,3.565,3.51,3.583,3.469,194.73K,1.31%
02/11/2025,3.519,3.442,3.576,3.431,219.16K,2.18%
02/10/2025,3.444,3.406,3.487,3.352,203.92K,4.08%
02/07/2025,3.309,3.38,3.435,3.296,188.70K,-2.90%
02/06/2025,3.408,3.355,3.434,3.303,177.67K,1.43%
02/05/2025,3.36,3.229,3.375,3.161,170.26K,3.29%
02/04/2025,3.253,3.327,3.35,3.168,182.53K,-2.95%
02/03/2025,3.352,3.23,3.407,3.23,273.51K,10.12%
01/31/2025,3.044,3.081,3.118,2.99,138.21K,-0.10%
01/30/2025,3.047,3.175,3.24,3.035,201.74K,-13.80%
01/29/2025,3.535,3.335,3.588,3.313,3.30K,1.84%
01/28/2025,3.471,3.699,3.72,3.361,63.82K,-6.11%
01/27/2025,3.697,3.785,3.827,3.609,66.94K,-8.19%
01/24/2025,4.027,3.933,4.05,3.808,87.57K,2.08%
01/23/2025,3.945,4.001,4.048,3.861,120.84K,12.52%
01/22/2025,3.506,3.371,3.532,3.321,138.13K,4.88%
01/21/2025,3.343,3.392,3.466,3.334,161.48K,-15.32%
01/17/2025,3.948,4.28,4.308,3.91,204.28K,-7.28%
01/16/2025,4.258,4.13,4.328,4.018,193.02K,4.29%
01/15/2025,4.083,3.955,4.141,3.859,169.34K,2.90%
01/14/2025,3.968,3.93,4.059,3.736,167.42K,0.86%
01/13/2025,3.934,4.347,4.369,3.845,195.51K,-1.38%
01/10/2025,3.989,3.709,4.018,3.685,229.11K,7.78%
01/09/2025,3.701,3.682,3.83,3.552,145.20K,1.37%
01/08/2025,3.651,3.448,3.694,3.427,189.26K,5.86%
01/07/2025,3.449,3.705,3.738,3.427,182.15K,-6.07%
01/06/2025,3.672,3.554,3.726,3.502,228.12K,9.48%
01/03/2025,3.354,3.669,3.68,3.33,188.09K,-8.36%
01/02/2025,3.66,3.656,3.801,3.541,156.67K,0.74%
12/31/2024,3.633,3.915,4.012,3.577,184.55K,-7.70%
12/30/2024,3.936,3.657,4.201,3.648,374.32K,12.01%
12/27/2024,3.514,3.707,3.887,3.37,2.52K,-5.41%
12/26/2024,3.715,3.97,4.01,3.652,67.21K,-5.85%
12/24/2024,3.946,3.695,3.958,3.666,66.85K,7.93%
12/23/2024,3.656,3.869,3.944,3.581,125.62K,7.15%
12/20/2024,3.412,3.327,3.457,3.264,165.73K,3.52%
12/19/2024,3.296,3.135,3.338,3.126,132.38K,5.81%
12/18/2024,3.115,3.123,3.175,3.084,111.29K,1.14%
12/17/2024,3.08,3.03,3.147,2.919,122.87K,13.99%
12/16/2024,2.702,2.71,2.727,2.672,89.64K,-17.62%
12/13/2024,3.28,3.458,3.489,3.264,213.64K,-5.07%
12/12/2024,3.455,3.364,3.559,3.282,328.09K,2.28%
12/11/2024,3.378,3.193,3.404,3.181,276.53K,6.80%
12/10/2024,3.163,3.189,3.193,3.069,233.88K,-0.60%
12/09/2024,3.182,3.26,3.324,3.137,258.43K,3.45%
12/06/2024,3.076,3.087,3.108,3.004,188.69K,-0.10%
12/05/2024,3.079,3.071,3.155,3.035,183.89K,1.18%
12/04/2024,3.043,3.048,3.088,2.977,171.70K,0.03%
12/03/2024,3.042,3.207,3.217,3.03,184.35K,-5.32%
12/02/2024,3.213,3.22,3.279,3.148,208.65K,-4.46%
11/29/2024,3.363,3.195,3.384,3.175,163.06K,4.96%
11/27/2024,3.204,3.468,3.47,3.189,214.29K,-6.62%
11/26/2024,3.431,3.33,3.5,3.255,3.24K,1.84%
11/25/2024,3.369,3.356,3.461,3.264,108.49K,7.67%
11/22/2024,3.129,3.39,3.563,3.071,95.81K,-6.29%
11/21/2024,3.339,3.216,3.451,3.195,192.16K,4.57%
11/20/2024,3.193,2.962,3.237,2.942,225.69K,-1.08%
11/19/2024,3.228,3.166,3.28,3.132,170.83K,1.32%
11/18/2024,3.186,3.198,3.22,3.088,167.48K,2.91%
11/15/2024,3.096,3.037,3.113,2.975,123.42K,1.38%
11/14/2024,3.054,3.201,3.201,3.036,149.36K,-4.62%
11/13/2024,3.202,3.137,3.234,3.057,161.61K,2.20%
11/12/2024,3.133,3.155,3.216,3.081,176.30K,0.22%
11/11/2024,3.126,3.013,3.169,3.009,146.08K,6.98%
11/08/2024,2.922,2.952,3.002,2.905,105.68K,-0.88%
11/07/2024,2.948,2.966,3.029,2.915,103.38K,-1.96%
11/06/2024,3.007,2.948,3.05,2.921,95.62K,2.42%
11/05/2024,2.936,3.042,3.07,2.915,93.38K,-3.29%
11/04/2024,3.036,2.849,3.053,2.8,109.06K,3.41%
11/01/2024,2.936,2.965,2.983,2.908,102.07K,-1.08%
10/31/2024,2.968,3.073,3.087,2.958,119.05K,-4.29%
10/30/2024,3.101,3.169,3.171,3.032,91.51K,8.46%
10/29/2024,2.859,2.841,2.908,2.794,143.88K,-0.14%
10/28/2024,2.863,3.044,3.044,2.801,253.31K,-7.41%
10/25/2024,3.092,3.017,3.101,2.967,144.71K,2.45%
10/24/2024,3.018,2.952,3.062,2.903,199.16K,4.03%
10/23/2024,2.901,2.878,2.98,2.848,121.31K,0.21%
10/22/2024,2.895,2.85,2.92,2.787,142.72K,3.14%
10/21/2024,2.807,2.74,2.862,2.712,111.07K,1.52%
10/18/2024,2.765,2.829,2.842,2.762,128.38K,-2.30%
10/17/2024,2.83,2.851,2.892,2.819,103.63K,-0.39%
10/16/2024,2.841,2.937,2.942,2.83,121.63K,-3.50%
10/15/2024,2.944,2.922,3.001,2.882,94.81K,0.48%
10/14/2024,2.93,3.03,3.039,2.915,80.92K,-3.84%
10/11/2024,3.047,3.115,3.146,3.03,81.89K,-1.77%
10/10/2024,3.102,3.099,3.128,3.048,94.80K,-0.45%
10/09/2024,3.116,3.176,3.185,3.084,88.81K,-2.59%
10/08/2024,3.199,3.202,3.23,3.162,75.26K,-0.59%
10/07/2024,3.218,3.282,3.316,3.197,104.32K,-2.63%
10/04/2024,3.305,3.37,3.406,3.288,83.10K,-1.90%
10/03/2024,3.369,3.329,3.387,3.303,59.49K,2.18%
10/02/2024,3.297,3.288,3.378,3.272,63.44K,0.27%
10/01/2024,3.288,3.33,3.338,3.253,69.60K,-1.70%
09/30/2024,3.345,3.302,3.368,3.274,67.90K,1.24%
09/27/2024,3.304,3.173,3.332,3.145,78.66K,20.01%
09/26/2024,2.753,2.829,2.883,2.731,187.37K,-2.27%
09/25/2024,2.817,2.814,2.887,2.795,183.26K,0.93%
09/24/2024,2.791,2.861,2.895,2.776,153.22K,-2.21%
09/23/2024,2.854,2.735,2.874,2.728,212.24K,4.97%
09/20/2024,2.719,2.603,2.743,2.582,183.09K,4.78%
09/19/2024,2.595,2.568,2.604,2.505,138.18K,1.17%
09/18/2024,2.565,2.606,2.656,2.56,95.43K,-1.84%
09/17/2024,2.613,2.645,2.691,2.603,118.35K,-0.99%
09/16/2024,2.639,2.58,2.656,2.547,108.85K,1.93%
09/13/2024,2.589,2.638,2.666,2.575,109.16K,-1.67%
09/12/2024,2.633,2.583,2.666,2.533,138.04K,2.17%
09/11/2024,2.577,2.538,2.597,2.513,114.66K,1.26%
09/10/2024,2.545,2.516,2.58,2.497,111.76K,0.71%
09/09/2024,2.527,2.557,2.581,2.506,109.25K,-2.70%
09/06/2024,2.597,2.58,2.615,2.561,60.76K,0.70%
09/05/2024,2.579,2.503,2.614,2.482,74.26K,2.91%
09/04/2024,2.506,2.541,2.612,2.499,62.74K,-1.73%
09/03/2024,2.55,2.512,2.571,2.439,97.33K,2.08%
08/30/2024,2.498,2.535,2.553,2.479,66.97K,-1.23%
08/29/2024,2.529,2.524,2.552,2.454,62.68K,20.60%
08/28/2024,2.097,2.085,2.14,2.021,165.22K,0.58%
08/27/2024,2.085,2.123,2.126,2.045,182.03K,-2.11%
08/26/2024,2.13,2.16,2.186,2.114,121.32K,-2.29%
08/23/2024,2.18,2.201,2.211,2.154,112.32K,-0.64%
08/22/2024,2.194,2.328,2.337,2.167,166.91K,-5.19%
08/21/2024,2.314,2.333,2.364,2.271,105.72K,-0.69%
08/20/2024,2.33,2.367,2.401,2.301,100.47K,-1.15%
08/19/2024,2.357,2.25,2.374,2.225,133.82K,4.90%
08/16/2024,2.247,2.341,2.343,2.237,107.16K,-3.64%
08/15/2024,2.332,2.345,2.421,2.317,121.87K,-0.47%
08/14/2024,2.343,2.288,2.395,2.272,126.59K,2.76%
08/13/2024,2.28,2.324,2.373,2.267,119.24K,-2.65%
08/12/2024,2.342,2.311,2.394,2.301,99.38K,2.18%
08/09/2024,2.292,2.29,2.333,2.247,103.64K,0.97%
08/08/2024,2.27,2.228,2.321,2.161,135.05K,1.38%
08/07/2024,2.239,2.133,2.247,2.125,118.66K,5.56%
08/06/2024,2.121,2.058,2.14,2.015,83.46K,3.72%
08/05/2024,2.045,2.069,2.083,1.991,69.66K,-1.59%
08/02/2024,2.078,2.114,2.147,2.041,87.31K,-0.86%
08/01/2024,2.096,2.158,2.243,2.093,97.44K,-3.05%
07/31/2024,2.162,2.241,2.261,2.149,79.09K,-3.65%
07/30/2024,2.244,2.189,2.252,2.113,71.34K,10.22%
07/29/2024,2.036,2.053,2.102,1.999,162.68K,-0.73%
07/26/2024,2.051,2.082,2.096,2.039,149.81K,-1.01%
07/25/2024,2.072,2.161,2.193,2.064,158.13K,-3.99%
07/24/2024,2.158,2.19,2.208,2.139,133.12K,-2.97%
07/23/2024,2.224,2.279,2.29,2.16,127.42K,-2.71%
07/22/2024,2.286,2.145,2.302,2.131,141.07K,5.59%
07/19/2024,2.165,2.128,2.179,2.095,101.00K,-0.14%
07/18/2024,2.168,2.088,2.172,2.063,147.92K,4.68%
07/17/2024,2.071,2.203,2.224,2.055,187.04K,-6.12%
07/16/2024,2.206,2.189,2.235,2.171,121.32K,1.29%
07/15/2024,2.178,2.283,2.284,2.167,162.46K,-6.56%
07/12/2024,2.331,2.287,2.357,2.252,101.06K,2.15%
07/11/2024,2.282,2.339,2.353,2.277,100.06K,-2.69%
07/10/2024,2.345,2.366,2.396,2.313,107.30K,-0.64%
07/09/2024,2.36,2.384,2.454,2.351,106.05K,-0.92%
07/08/2024,2.382,2.3,2.417,2.3,126.72K,1.36%
07/05/2024,2.35,2.459,2.466,2.347,98.43K,-0.89%
07/04/2024,2.371,2.431,2.439,2.335,,-3.11%
07/03/2024,2.447,2.485,2.503,2.434,70.97K,-0.29%
07/02/2024,2.454,2.482,2.497,2.436,96.17K,-1.52%
07/01/2024,2.492,2.581,2.599,2.474,107.00K,-4.08%
06/28/2024,2.598,2.694,2.749,2.591,80.15K,-2.88%
06/27/2024,2.675,2.725,2.773,2.665,61.99K,-2.55%
06/26/2024,2.745,2.85,2.863,2.731,141.35K,-4.12%
06/25/2024,2.863,2.943,2.951,2.831,158.42K,-2.88%
06/24/2024,2.948,2.813,2.953,2.78,139.60K,3.95%
06/21/2024,2.836,2.838,2.888,2.793,104.88K,-0.63%
06/20/2024,2.854,2.995,3.027,2.833,131.81K,-2.13%
06/19/2024,2.916,2.904,2.928,2.859,,-2.47%
06/18/2024,2.99,2.87,2.997,2.858,91.14K,4.29%
06/17/2024,2.867,2.93,2.93,2.837,96.87K,-3.24%
06/14/2024,2.963,3,3.068,2.95,80.26K,-2.44%
06/13/2024,3.037,3.104,3.167,2.978,94.27K,-2.72%
06/12/2024,3.122,3.194,3.194,3.073,101.31K,-2.22%
06/11/2024,3.193,3.046,3.221,3.031,85.32K,7.26%
06/10/2024,2.977,3.055,3.163,2.945,106.18K,-0.63%
06/07/2024,2.996,2.883,3.037,2.871,93.24K,3.60%
06/06/2024,2.892,2.829,2.946,2.796,73.60K,2.26%
06/05/2024,2.828,2.694,2.854,2.681,76.26K,5.92%
06/04/2024,2.67,2.814,2.874,2.656,87.22K,-4.78%
06/03/2024,2.804,2.716,2.85,2.688,99.26K,5.33%
05/31/2024,2.662,2.647,2.701,2.605,61.48K,0.57%
05/30/2024,2.647,2.715,2.731,2.637,73.51K,-0.71%
05/29/2024,2.666,2.836,2.848,2.655,161.40K,-5.63%
05/28/2024,2.825,2.761,2.853,2.732,211.82K,1.62%
05/27/2024,2.78,2.747,2.853,2.742,,1.16%
05/26/2024,2.748,2.747,2.76,2.732,,-0.90%
05/24/2024,2.773,2.938,2.965,2.759,165.96K,-5.13%
05/23/2024,2.923,3.004,3.161,2.896,274.51K,-4.23%
05/22/2024,3.052,2.834,3.06,2.786,213.50K,7.50%
05/21/2024,2.839,2.891,2.945,2.802,156.13K,-2.14%
05/20/2024,2.901,2.815,2.905,2.785,172.08K,4.02%
05/17/2024,2.789,2.681,2.809,2.673,146.53K,3.80%
05/16/2024,2.687,2.622,2.753,2.609,152.35K,2.13%
05/15/2024,2.631,2.559,2.637,2.542,129.40K,2.81%
05/14/2024,2.559,2.576,2.61,2.52,104.01K,-1.08%
05/13/2024,2.587,2.477,2.59,2.447,119.01K,4.15%
05/10/2024,2.484,2.539,2.567,2.473,119.37K,-2.09%
05/09/2024,2.537,2.47,2.561,2.438,160.91K,2.55%
05/08/2024,2.474,2.479,2.533,2.45,111.54K,0.12%
05/07/2024,2.471,2.476,2.493,2.423,92.67K,0.32%
05/06/2024,2.463,2.439,2.521,2.396,100.91K,1.95%
05/03/2024,2.416,2.333,2.43,2.305,104.78K,3.65%
05/02/2024,2.331,2.263,2.344,2.261,70.43K,2.87%
05/01/2024,2.266,2.285,2.3,2.255,74.76K,-2.29%
04/30/2024,2.319,2.394,2.42,2.287,80.03K,-2.28%
04/29/2024,2.373,2.282,2.391,2.279,80.44K,23.40%
04/26/2024,1.923,1.977,2.002,1.909,119.52K,-3.17%
04/25/2024,1.986,1.969,1.993,1.926,158.31K,0.35%
04/24/2024,1.979,2.128,2.133,1.96,182.16K,-5.49%
04/23/2024,2.094,2.07,2.14,2.018,150.38K,1.40%
04/22/2024,2.065,1.988,2.072,1.961,116.22K,3.87%
04/19/2024,1.988,1.974,2.029,1.951,112.54K,0.10%
04/18/2024,1.986,1.971,2.004,1.964,106.14K,1.22%
04/17/2024,1.962,1.94,1.976,1.914,97.83K,-1.31%
04/16/2024,1.988,1.946,2.046,1.907,133.97K,2.16%
04/15/2024,1.946,2.035,2.052,1.931,105.81K,-4.09%
04/12/2024,2.029,2.005,2.043,1.973,94.17K,1.45%
04/11/2024,2,2.061,2.074,1.992,120.91K,-3.57%
04/10/2024,2.074,2.085,2.118,2.054,86.43K,0.48%
04/09/2024,2.064,2.046,2.11,2.037,109.83K,0.63%
04/08/2024,2.051,1.996,2.057,1.975,96.95K,2.04%
04/05/2024,2.01,2.001,2.036,1.972,75.18K,0.65%
04/04/2024,1.997,2.068,2.074,1.992,93.95K,-3.39%
04/03/2024,2.067,2.093,2.136,2.06,56.65K,-1.81%
04/02/2024,2.105,2.075,2.115,2.018,66.68K,1.49%
04/01/2024,2.074,1.999,2.088,1.958,67.72K,3.86%
03/28/2024,1.997,1.954,2.017,1.928,45.87K,2.25%
03/27/2024,1.953,2.012,2.014,1.943,47.25K,9.23%
03/26/2024,1.788,1.805,1.83,1.775,123.17K,-0.06%
03/25/2024,1.789,1.817,1.825,1.758,147.53K,-1.27%
03/22/2024,1.812,1.838,1.859,1.791,105.07K,-1.04%
03/21/2024,1.831,1.839,1.855,1.797,143.83K,-0.76%
03/20/2024,1.845,1.882,1.9,1.824,136.83K,-1.65%
03/19/2024,1.876,1.844,1.89,1.832,122.80K,2.35%
03/18/2024,1.833,1.824,1.884,1.801,118.33K,2.46%
03/15/2024,1.789,1.875,1.893,1.781,137.15K,-3.92%
03/14/2024,1.862,1.791,1.884,1.761,136.51K,4.37%
03/13/2024,1.784,1.822,1.833,1.766,157.54K,-2.14%
03/12/2024,1.823,1.855,1.921,1.8,169.86K,-2.09%
03/11/2024,1.862,1.92,1.961,1.852,137.93K,-3.17%
03/08/2024,1.923,1.942,1.955,1.896,131.96K,-1.49%
03/07/2024,1.952,2.075,2.087,1.926,142.91K,-5.79%
03/06/2024,2.072,2.088,2.115,2.061,72.08K,-1.10%
03/05/2024,2.095,2.076,2.152,2.039,82.94K,1.06%
03/04/2024,2.073,2.012,2.132,2.011,116.37K,4.96%
03/01/2024,1.975,1.993,2.021,1.948,65.21K,-1.64%
02/29/2024,2.008,2.044,2.064,1.988,97.38K,-2.14%
02/28/2024,2.052,1.965,2.071,1.94,87.15K,13.50%
02/27/2024,1.808,1.751,1.838,1.71,179.94K,3.67%
02/26/2024,1.744,1.75,1.834,1.716,235.21K,2.65%
02/23/2024,1.699,1.817,1.819,1.683,161.17K,-7.26%
02/22/2024,1.832,1.863,1.868,1.752,183.31K,-1.66%
02/21/2024,1.863,1.792,1.877,1.749,233.77K,13.18%
02/20/2024,1.646,1.62,1.783,1.6,178.44K,5.65%
02/19/2024,1.558,1.552,1.583,1.54,,0.45%
02/18/2024,1.551,1.527,1.565,1.527,,-7.68%
02/16/2024,1.68,1.654,1.704,1.638,146.71K,2.00%
02/15/2024,1.647,1.672,1.718,1.633,142.08K,-1.08%
02/14/2024,1.665,1.725,1.744,1.64,162.74K,-4.42%
02/13/2024,1.742,1.793,1.826,1.707,195.55K,-3.22%
02/12/2024,1.8,1.841,1.89,1.77,154.30K,-4.51%
02/09/2024,1.885,1.915,1.921,1.852,141.20K,-3.23%
02/08/2024,1.948,1.981,1.994,1.9,130.05K,-1.62%
02/07/2024,1.98,2,2.035,1.967,108.62K,-1.35%
02/06/2024,2.007,2.054,2.072,1.996,85.69K,-3.23%
02/05/2024,2.074,2.114,2.13,2.045,72.51K,-0.58%
02/02/2024,2.086,2.067,2.106,2.034,61.51K,1.07%
02/01/2024,2.064,2.151,2.177,2.047,90.38K,-2.69%
01/31/2024,2.121,2.112,2.175,2.063,63.90K,0.81%
01/30/2024,2.104,2.095,2.143,2.082,71.41K,2.43%
01/29/2024,2.054,2.159,2.166,2.047,164.62K,-5.56%
01/26/2024,2.175,2.19,2.235,2.093,214.99K,-0.23%
01/25/2024,2.18,2.288,2.334,2.158,188.52K,-3.63%
01/24/2024,2.262,2.213,2.29,2.19,182.13K,4.38%
01/23/2024,2.167,2.133,2.194,2.079,141.10K,1.98%
01/22/2024,2.125,2.165,2.187,2.114,184.49K,-5.64%
01/19/2024,2.252,2.42,2.421,2.237,169.18K,-6.67%
01/18/2024,2.413,2.496,2.496,2.364,138.74K,-3.33%
01/17/2024,2.496,2.438,2.516,2.402,126.63K,0.77%
01/16/2024,2.477,2.545,2.545,2.409,174.05K,-19.21%
01/15/2024,3.066,3.112,3.188,3.055,,-1.45%
01/14/2024,3.111,3.104,3.137,3.077,,18.88%
01/12/2024,2.617,2.557,2.647,2.543,172.29K,3.03%
01/11/2024,2.54,2.551,2.644,2.494,179.05K,-0.86%
01/10/2024,2.562,2.697,2.71,2.535,186.15K,-5.01%
01/09/2024,2.697,2.565,2.791,2.529,248.56K,3.81%
01/08/2024,2.598,2.649,2.654,2.43,173.15K,-0.88%
01/05/2024,2.621,2.58,2.631,2.467,118.41K,2.42%
01/04/2024,2.559,2.472,2.59,2.467,118.26K,4.53%
01/03/2024,2.448,2.381,2.503,2.367,110.28K,2.60%
01/02/2024,2.386,2.398,2.467,2.349,83.73K,-10.54%
01/01/2024,2.667,2.614,2.67,2.614,,14.61%
12/29/2023,2.327,2.371,2.395,2.307,69.88K,-2.10%
12/28/2023,2.377,2.302,2.392,2.266,68.45K,-2.46%
12/27/2023,2.437,2.429,2.57,2.429,129.27K,0.74%
12/26/2023,2.419,2.445,2.445,2.356,114.52K,0.04%
12/25/2023,2.418,2.425,2.442,2.415,,-2.89%
12/22/2023,2.49,2.465,2.501,2.41,90.40K,1.26%
12/21/2023,2.459,2.331,2.492,2.313,139.73K,4.77%
12/20/2023,2.347,2.425,2.451,2.317,116.98K,-0.80%
12/19/2023,2.366,2.429,2.44,2.288,124.83K,-2.07%
12/18/2023,2.416,2.434,2.509,2.411,96.99K,-0.37%
12/15/2023,2.425,2.366,2.467,2.327,114.21K,3.32%
12/14/2023,2.347,2.309,2.374,2.28,101.86K,2.40%
12/13/2023,2.292,2.225,2.342,2.187,148.82K,2.32%
12/12/2023,2.24,2.359,2.369,2.223,113.43K,-4.68%
12/11/2023,2.35,2.408,2.417,2.217,144.30K,-6.15%
12/08/2023,2.504,2.487,2.534,2.459,88.30K,-0.63%
12/07/2023,2.52,2.522,2.555,2.436,125.25K,0.12%
12/06/2023,2.517,2.658,2.707,2.492,82.95K,-5.62%
12/05/2023,2.667,2.655,2.738,2.632,42.49K,0.60%
12/04/2023,2.651,2.685,2.704,2.608,53.83K,-4.40%
12/01/2023,2.773,2.77,2.801,2.712,48.47K,0.36%
11/30/2023,2.763,2.761,2.814,2.724,44.65K,-0.22%
11/29/2023,2.769,2.757,2.83,2.728,46.45K,-2.40%
11/28/2023,2.837,2.947,2.992,2.786,187.19K,-3.70%
11/27/2023,2.946,2.924,2.956,2.867,164.41K,-1.77%
11/24/2023,2.999,3.035,3.095,2.933,118.87K,2.35%
11/23/2023,2.93,2.88,2.938,2.861,,-3.40%
11/22/2023,3.033,2.994,3.055,2.961,139.53K,1.34%
11/21/2023,2.993,3.047,3.084,2.986,131.77K,-1.87%
11/20/2023,3.05,3.115,3.134,3.04,121.19K,-2.59%
11/17/2023,3.131,3.227,3.275,3.068,146.65K,-3.33%
11/16/2023,3.239,3.326,3.407,3.188,166.40K,-3.66%
11/15/2023,3.362,3.316,3.448,3.269,109.45K,1.39%
11/14/2023,3.316,3.435,3.465,3.297,102.15K,-2.47%
11/13/2023,3.4,3.313,3.438,3.311,127.12K,3.53%
11/10/2023,3.284,3.327,3.343,3.273,87.04K,-1.47%
11/09/2023,3.333,3.4,3.426,3.299,111.08K,-1.65%
11/08/2023,3.389,3.496,3.514,3.345,131.59K,-2.14%
11/07/2023,3.463,3.566,3.593,3.458,124.13K,-2.83%
11/06/2023,3.564,3.66,3.693,3.556,105.29K,-6.09%
11/03/2023,3.795,3.794,3.856,3.738,53.25K,1.20%
11/02/2023,3.75,3.763,3.799,3.673,67.46K,-0.08%
11/01/2023,3.753,3.84,3.841,3.684,77.52K,-1.57%
10/31/2023,3.813,3.567,3.865,3.558,150.58K,6.24%
10/30/2023,3.589,3.639,3.647,3.563,56.27K,3.04%
10/27/2023,3.483,3.511,3.643,3.435,140.96K,0.17%
10/26/2023,3.477,3.399,3.544,3.363,190.45K,2.99%
10/25/2023,3.376,3.331,3.406,3.317,96.49K,1.63%
10/24/2023,3.322,3.278,3.349,3.253,114.03K,1.50%
10/23/2023,3.273,3.25,3.297,3.216,100.09K,0.46%
10/20/2023,3.258,3.324,3.329,3.247,123.46K,-2.04%
10/19/2023,3.326,3.485,3.498,3.317,100.08K,-3.96%
10/18/2023,3.463,3.45,3.542,3.441,80.98K,-0.14%
10/17/2023,3.468,3.481,3.512,3.408,78.13K,-0.32%
10/16/2023,3.479,3.539,3.539,3.438,99.21K,-2.93%
10/13/2023,3.584,3.636,3.639,3.535,75.91K,-1.51%
10/12/2023,3.639,3.659,3.699,3.582,69.22K,-0.52%
10/11/2023,3.658,3.679,3.725,3.525,92.68K,-0.03%
10/10/2023,3.659,3.642,3.695,3.603,76.43K,0.77%
10/09/2023,3.631,3.657,3.756,3.595,84.31K,-0.27%
10/06/2023,3.641,3.537,3.659,3.521,106.07K,3.70%
10/05/2023,3.511,3.334,3.547,3.324,76.34K,5.75%
10/04/2023,3.32,3.307,3.396,3.303,56.63K,0.21%
10/03/2023,3.313,3.237,3.327,3.216,41.76K,2.47%
10/02/2023,3.233,3.326,3.333,3.224,45.62K,-2.39%
09/29/2023,3.312,3.343,3.382,3.255,38.96K,-0.84%
09/28/2023,3.34,3.29,3.356,3.269,39.84K,15.21%
09/27/2023,2.899,2.858,2.947,2.85,136.01K,1.90%
09/26/2023,2.845,2.904,2.906,2.796,167.23K,-2.10%
09/25/2023,2.906,2.889,2.937,2.862,105.42K,0.94%
09/22/2023,2.879,2.844,2.912,2.834,105.57K,1.37%
09/21/2023,2.84,2.925,2.963,2.832,123.55K,-2.77%
09/20/2023,2.921,3.009,3.016,2.901,145.73K,-3.47%
09/19/2023,3.026,2.994,3.072,2.975,128.38K,0.83%
09/18/2023,3.001,2.918,3.009,2.878,115.14K,2.35%
09/15/2023,2.932,2.987,2.997,2.927,87.64K,-1.71%
09/14/2023,2.983,3.005,3.088,2.975,112.57K,-0.13%
09/13/2023,2.987,3.019,3.042,2.953,132.25K,-0.93%
09/12/2023,3.015,2.949,3.061,2.93,135.12K,2.66%
09/11/2023,2.937,2.971,2.973,2.909,79.98K,-0.98%
09/08/2023,2.966,2.946,3.025,2.942,68.75K,0.27%
09/07/2023,2.958,2.945,3.004,2.901,73.22K,0.51%
09/06/2023,2.943,2.994,3.018,2.92,55.16K,-1.60%
09/05/2023,2.991,3.05,3.075,2.976,72.21K,13.00%
09/04/2023,2.647,2.671,2.708,2.642,,-0.90%
09/03/2023,2.671,2.692,2.694,2.652,,-14.14%
09/01/2023,3.111,3.136,3.213,3.096,55.19K,-1.14%
08/31/2023,3.147,3.191,3.242,3.117,68.87K,-1.07%
08/30/2023,3.181,3.083,3.196,3.039,60.75K,19.50%
08/29/2023,2.662,2.685,2.699,2.622,145.38K,-0.11%
08/28/2023,2.665,2.74,2.829,2.653,189.03K,0.30%
08/25/2023,2.657,2.631,2.679,2.585,99.62K,0.80%
08/24/2023,2.636,2.583,2.68,2.529,153.98K,1.70%
08/23/2023,2.592,2.654,2.673,2.57,113.80K,-2.26%
08/22/2023,2.652,2.732,2.737,2.632,101.07K,-3.32%
08/21/2023,2.743,2.71,2.797,2.685,81.30K,1.93%
08/18/2023,2.691,2.763,2.774,2.663,92.12K,-2.32%
08/17/2023,2.755,2.742,2.795,2.715,77.88K,1.06%
08/16/2023,2.726,2.78,2.797,2.705,95.06K,-1.98%
08/15/2023,2.781,2.913,2.961,2.765,106.34K,-4.04%
08/14/2023,2.898,2.897,2.932,2.851,64.16K,0.56%
08/11/2023,2.882,2.89,2.939,2.817,82.58K,0.42%
08/10/2023,2.87,3.062,3.089,2.857,102.46K,-5.99%
08/09/2023,3.053,2.883,3.096,2.855,138.90K,6.60%
08/08/2023,2.864,2.828,2.886,2.783,73.72K,1.81%
08/07/2023,2.813,2.681,2.844,2.674,81.54K,4.92%
08/04/2023,2.681,2.658,2.72,2.635,38.24K,0.41%
08/03/2023,2.67,2.592,2.685,2.58,46.83K,3.25%
08/02/2023,2.586,2.689,2.69,2.57,51.00K,-3.22%
08/01/2023,2.672,2.747,2.778,2.644,46.74K,-2.52%
07/31/2023,2.741,2.768,2.804,2.72,40.53K,-0.44%
07/28/2023,2.753,2.717,2.801,2.682,44.86K,6.09%
07/27/2023,2.595,2.684,2.691,2.551,166.76K,-3.64%
07/26/2023,2.693,2.734,2.759,2.65,139.07K,-1.97%
07/25/2023,2.747,2.707,2.771,2.672,146.12K,2.19%
07/24/2023,2.688,2.713,2.762,2.661,109.32K,-0.70%
07/21/2023,2.707,2.718,2.759,2.684,103.19K,-0.88%
07/20/2023,2.731,2.611,2.759,2.599,147.71K,5.65%
07/19/2023,2.585,2.612,2.642,2.57,81.16K,-1.26%
07/18/2023,2.618,2.529,2.634,2.522,101.52K,4.55%
07/17/2023,2.504,2.541,2.569,2.477,90.91K,-1.03%
07/14/2023,2.53,2.545,2.592,2.487,115.68K,-0.16%
07/13/2023,2.534,2.622,2.631,2.528,120.19K,-2.43%
07/12/2023,2.597,2.697,2.712,2.586,99.29K,-3.53%
07/11/2023,2.692,2.639,2.716,2.606,81.34K,1.93%
07/10/2023,2.641,2.566,2.671,2.562,72.91K,2.76%
07/07/2023,2.57,2.623,2.665,2.526,46.47K,-1.12%
07/06/2023,2.599,2.637,2.678,2.579,53.43K,-1.66%
07/05/2023,2.643,2.694,2.78,2.63,57.57K,-3.93%
07/04/2023,2.751,2.689,2.758,2.662,,1.81%
07/03/2023,2.702,2.71,2.728,2.661,42.57K,-2.60%
06/30/2023,2.774,2.664,2.801,2.629,67.45K,3.08%
06/29/2023,2.691,2.642,2.734,2.607,64.21K,0.86%
06/28/2023,2.668,2.807,2.878,2.647,137.91K,-4.34%
06/27/2023,2.789,2.881,2.895,2.759,167.92K,-3.56%
06/26/2023,2.892,2.878,2.936,2.828,153.70K,1.72%
06/23/2023,2.843,2.707,2.852,2.611,142.28K,5.14%
06/22/2023,2.704,2.675,2.714,2.612,93.24K,1.01%
06/21/2023,2.677,2.563,2.684,2.527,96.97K,4.16%
06/20/2023,2.57,2.72,2.783,2.562,135.94K,-2.76%
06/19/2023,2.643,2.604,2.683,2.569,,1.58%
06/18/2023,2.602,2.613,2.623,2.598,,-4.37%
06/16/2023,2.721,2.627,2.733,2.594,109.35K,4.29%
06/15/2023,2.609,2.424,2.639,2.394,143.19K,8.12%
06/14/2023,2.413,2.403,2.455,2.368,81.11K,0.25%
06/13/2023,2.407,2.352,2.433,2.344,75.35K,3.04%
06/12/2023,2.336,2.38,2.401,2.282,71.02K,0.21%
06/09/2023,2.331,2.402,2.415,2.325,69.63K,-4.23%
06/08/2023,2.434,2.431,2.469,2.368,79.73K,0.04%
06/07/2023,2.433,2.381,2.456,2.369,63.56K,2.18%
06/06/2023,2.381,2.391,2.408,2.294,54.08K,0.63%
06/05/2023,2.366,2.309,2.435,2.3,50.31K,2.91%
06/02/2023,2.299,2.28,2.355,2.258,53.82K,1.14%
06/01/2023,2.273,2.349,2.374,2.244,71.61K,-3.60%
05/31/2023,2.358,2.395,2.492,2.34,43.88K,-2.40%
05/30/2023,2.416,2.502,2.534,2.35,44.29K,2.85%
05/29/2023,2.349,2.434,2.447,2.338,,-3.53%
05/28/2023,2.435,2.418,2.441,2.417,,0.74%
05/26/2023,2.417,2.463,2.479,2.381,140.56K,-2.38%
05/25/2023,2.476,2.572,2.607,2.429,167.61K,-3.51%
05/24/2023,2.566,2.514,2.575,2.495,111.04K,3.09%
05/23/2023,2.489,2.55,2.568,2.484,119.57K,-2.43%
05/22/2023,2.551,2.697,2.707,2.512,137.18K,-5.76%
05/19/2023,2.707,2.735,2.816,2.682,151.50K,-0.29%
05/18/2023,2.715,2.519,2.755,2.488,157.18K,8.21%
05/17/2023,2.509,2.524,2.586,2.471,99.22K,-0.99%
05/16/2023,2.534,2.533,2.63,2.506,95.02K,-0.31%
05/15/2023,2.542,2.445,2.55,2.417,111.08K,4.27%
05/12/2023,2.438,2.342,2.495,2.31,131.02K,3.97%
05/11/2023,2.345,2.331,2.389,2.31,89.13K,0.39%
05/10/2023,2.336,2.415,2.415,2.315,108.74K,-3.75%
05/09/2023,2.427,2.416,2.463,2.36,94.18K,0.62%
05/08/2023,2.412,2.329,2.424,2.32,91.22K,3.92%
05/05/2023,2.321,2.281,2.349,2.233,76.70K,1.04%
05/04/2023,2.297,2.347,2.374,2.275,62.91K,-2.67%
05/03/2023,2.36,2.428,2.443,2.312,71.92K,-2.36%
05/02/2023,2.417,2.501,2.524,2.389,66.07K,-3.24%
05/01/2023,2.498,2.568,2.582,2.473,56.18K,-3.10%
04/28/2023,2.578,2.538,2.7,2.484,81.15K,1.18%
04/27/2023,2.548,2.51,2.567,2.465,54.02K,10.54%
04/26/2023,2.305,2.385,2.413,2.274,149.63K,-5.42%
04/25/2023,2.437,2.466,2.468,2.368,135.04K,-1.38%
04/24/2023,2.471,2.395,2.484,2.364,117.96K,2.62%
04/21/2023,2.408,2.374,2.448,2.35,84.07K,-0.78%
04/20/2023,2.427,2.361,2.436,2.316,91.51K,1.34%
04/19/2023,2.395,2.526,2.543,2.356,97.93K,-4.85%
04/18/2023,2.517,2.446,2.533,2.396,76.04K,2.99%
04/17/2023,2.444,2.326,2.458,2.326,103.18K,6.03%
04/14/2023,2.305,2.209,2.316,2.143,96.78K,4.92%
04/13/2023,2.197,2.257,2.302,2.184,94.26K,-3.09%
04/12/2023,2.267,2.373,2.384,2.241,113.79K,-3.57%
04/11/2023,2.351,2.372,2.42,2.306,92.12K,-0.42%
04/10/2023,2.361,2.24,2.419,2.24,91.61K,5.50%
04/06/2023,2.238,2.375,2.4,2.22,51.99K,-6.01%
04/05/2023,2.381,2.332,2.421,2.3,35.43K,1.58%
04/04/2023,2.344,2.348,2.385,2.31,40.30K,0.47%
04/03/2023,2.333,2.345,2.398,2.28,49.01K,-5.35%
03/31/2023,2.465,2.352,2.488,2.321,43.80K,4.54%
03/30/2023,2.358,2.455,2.455,2.336,37.26K,7.97%
03/29/2023,2.184,2.161,2.225,2.103,155.18K,1.72%
03/28/2023,2.147,2.221,2.26,2.142,156.20K,-3.07%
03/27/2023,2.215,2.288,2.299,2.184,143.18K,-6.18%
03/24/2023,2.361,2.277,2.382,2.267,122.74K,3.42%
03/23/2023,2.283,2.354,2.383,2.263,106.54K,-1.04%
03/22/2023,2.307,2.456,2.462,2.287,133.98K,-7.16%
03/21/2023,2.485,2.339,2.493,2.24,151.46K,6.61%
03/20/2023,2.331,2.46,2.521,2.324,101.86K,-4.70%
03/17/2023,2.446,2.638,2.639,2.436,101.40K,-6.85%
03/16/2023,2.626,2.59,2.657,2.527,93.85K,3.14%
03/15/2023,2.546,2.696,2.71,2.499,117.57K,-5.35%
03/14/2023,2.69,2.74,2.789,2.65,75.91K,-1.32%
03/13/2023,2.726,2.566,2.751,2.514,112.03K,6.53%
03/10/2023,2.559,2.629,2.691,2.554,80.58K,-4.62%
03/09/2023,2.683,2.754,2.797,2.614,88.69K,-1.11%
03/08/2023,2.713,2.821,2.85,2.687,91.28K,-4.47%
03/07/2023,2.84,2.769,2.85,2.673,95.46K,4.03%
03/06/2023,2.73,2.954,2.954,2.688,132.81K,-13.09%
03/03/2023,3.141,2.916,3.156,2.904,97.38K,8.35%
03/02/2023,2.899,2.938,2.994,2.848,61.85K,-1.50%
03/01/2023,2.943,2.884,2.969,2.788,89.85K,2.79%
02/28/2023,2.863,2.842,2.898,2.701,97.49K,0.35%
02/27/2023,2.853,2.811,2.863,2.7,95.21K,11.97%
02/24/2023,2.548,2.464,2.587,2.415,168.13K,4.77%
02/23/2023,2.432,2.295,2.488,2.235,207.38K,5.83%
02/22/2023,2.298,2.188,2.422,2.113,207.99K,5.56%
02/21/2023,2.177,2.306,2.373,2.162,175.52K,-6.33%
02/20/2023,2.324,2.304,2.373,2.271,,0.82%
02/19/2023,2.305,2.303,2.306,2.284,,-2.00%
02/17/2023,2.352,2.485,2.521,2.304,132.58K,-5.35%
02/16/2023,2.485,2.554,2.635,2.455,101.08K,-2.74%
02/15/2023,2.555,2.686,2.693,2.531,106.90K,-3.66%
02/14/2023,2.652,2.522,2.7,2.518,120.08K,6.12%
02/13/2023,2.499,2.663,2.689,2.473,144.73K,-4.14%
02/10/2023,2.607,2.513,2.67,2.475,135.22K,4.61%
02/09/2023,2.492,2.497,2.578,2.441,112.91K,0.61%
02/08/2023,2.477,2.667,2.734,2.45,93.35K,-7.02%
02/07/2023,2.664,2.569,2.69,2.5,119.36K,5.09%
02/06/2023,2.535,2.495,2.57,2.447,64.96K,2.22%
02/03/2023,2.48,2.525,2.585,2.416,63.36K,-1.67%
02/02/2023,2.522,2.579,2.652,2.502,70.79K,-0.55%
02/01/2023,2.536,2.789,2.836,2.532,88.09K,-7.48%
01/31/2023,2.741,2.738,2.809,2.668,80.03K,0.37%
01/30/2023,2.731,2.75,2.807,2.661,61.80K,-4.14%
01/27/2023,2.849,2.853,2.908,2.747,128.69K,0.04%
01/26/2023,2.848,2.873,2.891,2.68,222.21K,-2.30%
01/25/2023,2.915,3.065,3.078,2.86,152.92K,-4.65%
01/24/2023,3.057,3.228,3.3,3.031,133.73K,-5.12%
01/23/2023,3.222,3.216,3.243,2.992,139.30K,6.13%
01/20/2023,3.036,3.076,3.191,2.985,85.86K,-2.82%
01/19/2023,3.124,3.1,3.198,3.056,77.46K,0.42%
01/18/2023,3.111,3.294,3.332,3.087,85.81K,-4.37%
01/17/2023,3.253,3.283,3.44,3.237,97.11K,-11.48%
01/16/2023,3.675,3.601,3.696,3.524,,2.05%
01/15/2023,3.601,3.591,3.615,3.554,,12.67%
01/13/2023,3.196,3.356,3.392,3.169,83.11K,-4.74%
01/12/2023,3.355,3.396,3.556,3.309,79.52K,0.27%
01/11/2023,3.346,3.289,3.42,3.137,93.60K,0.97%
01/10/2023,3.314,3.541,3.549,3.261,74.99K,-6.99%
01/09/2023,3.563,3.476,3.714,3.449,95.69K,5.04%
01/06/2023,3.392,3.462,3.495,3.283,67.70K,-0.99%
01/05/2023,3.426,3.776,3.789,3.414,70.02K,-9.37%
01/04/2023,3.78,3.658,3.81,3.595,56.71K,3.82%
01/03/2023,3.641,4.005,4.005,3.62,66.04K,-12.12%
01/02/2023,4.143,4.222,4.222,4.072,,0.95%
12/30/2022,4.104,4.147,4.167,4.015,37.81K,-0.32%
12/29/2022,4.117,4.269,4.279,4.02,40.40K,-12.12%
12/28/2022,4.685,5.08,5.083,4.462,115.02K,-8.46%
12/27/2022,5.118,5.19,5.245,4.99,85.03K,-0.51%
12/26/2022,5.144,5.179,5.188,5.037,,3.29%
12/23/2022,4.98,5.014,5.139,4.779,87.38K,1.06%
12/22/2022,4.928,5.356,5.526,4.905,82.27K,-5.92%
12/21/2022,5.238,5.232,5.481,5.175,55.52K,0.42%
12/20/2022,5.216,5.678,5.765,5.167,77.84K,-8.65%
12/19/2022,5.71,5.935,6.085,5.634,65.66K,-9.41%
12/16/2022,6.303,6.539,6.546,5.96,48.45K,-4.34%
12/15/2022,6.589,6.174,6.646,6.163,63.69K,5.93%
12/14/2022,6.22,6.76,6.764,6.138,52.19K,-7.62%
12/13/2022,6.733,6.341,6.871,6.337,55.83K,4.94%
12/12/2022,6.416,6.687,6.807,6.32,62.49K,5.49%
12/09/2022,6.082,5.792,6.192,5.68,48.19K,4.50%
12/08/2022,5.82,5.707,6.007,5.649,49.95K,3.61%
12/07/2022,5.617,5.3,5.719,5.298,67.44K,4.44%
12/06/2022,5.378,5.542,5.587,5.256,42.69K,-1.93%
12/05/2022,5.484,5.85,5.949,5.468,48.48K,-11.10%
12/02/2022,6.169,6.714,6.729,6.109,29.96K,-6.97%
12/01/2022,6.631,6.839,7.075,6.6,28.55K,-2.74%
11/30/2022,6.818,7.1,7.159,6.7,42.66K,-3.75%
11/29/2022,7.084,7.12,7.249,6.944,38.40K,-1.56%
11/28/2022,7.196,7.301,7.386,6.929,105.91K,-1.83%
11/25/2022,7.33,7.727,7.804,7.201,97.87K,2.13%
11/24/2022,7.177,7.307,7.404,7.1,,-6.89%
11/23/2022,7.708,7.525,8.177,7.505,154.60K,4.08%
11/22/2022,7.406,7.183,7.55,6.899,107.98K,2.53%
11/21/2022,7.223,6.796,7.273,6.571,84.47K,7.55%
11/18/2022,6.716,6.758,6.831,6.425,58.64K,-0.42%
11/17/2022,6.744,6.612,6.912,6.554,72.24K,2.07%
11/16/2022,6.607,6.503,6.637,6.132,68.55K,3.32%
11/15/2022,6.395,6.434,6.531,6.19,42.66K,1.52%
11/14/2022,6.299,6.491,6.742,6.26,55.52K,0.57%
11/11/2022,6.263,6.54,6.864,6.172,60.95K,-5.29%
11/10/2022,6.613,6.299,6.637,6.143,57.65K,6.23%
11/09/2022,6.225,6.596,6.745,6.131,84.86K,-4.58%
11/08/2022,6.524,7.024,7.162,6.454,89.02K,-9.94%
11/07/2022,7.244,7.268,7.501,6.921,92.52K,7.25%
11/04/2022,6.754,6.298,6.873,6.267,51.46K,6.70%
11/03/2022,6.33,6.522,6.543,6.23,37.80K,-3.93%
11/02/2022,6.589,6.179,6.62,6.16,42.31K,8.37%
11/01/2022,6.08,6.561,6.565,6.011,67.23K,-7.98%
10/31/2022,6.607,6.092,6.617,6.086,64.95K,10.99%
10/28/2022,5.953,6.114,6.153,5.824,35.77K,1.33%
10/27/2022,5.875,6.19,6.198,5.71,118.81K,-3.99%
10/26/2022,6.119,6.259,6.265,5.828,125.69K,-0.76%
10/25/2022,6.166,5.739,6.281,5.727,112.87K,7.18%
10/24/2022,5.753,5.464,5.844,5.345,87.25K,5.14%
10/21/2022,5.472,5.784,5.851,5.393,82.76K,-6.27%
10/20/2022,5.838,5.908,6.044,5.738,64.63K,-1.52%
10/19/2022,5.928,6.175,6.271,5.893,55.18K,-4.95%
10/18/2022,6.237,6.474,6.531,6.15,53.28K,-3.74%
10/17/2022,6.479,6.68,6.737,6.382,70.12K,-5.10%
10/14/2022,6.827,6.989,7.051,6.772,54.80K,-3.20%
10/13/2022,7.053,6.795,7.084,6.672,61.88K,4.24%
10/12/2022,6.766,6.945,7.127,6.728,50.20K,-2.34%
10/11/2022,6.928,6.891,6.991,6.723,44.66K,2.12%
10/10/2022,6.784,6.936,7.205,6.759,51.33K,-3.73%
10/07/2022,7.047,7.14,7.226,6.911,45.82K,-2.69%
10/06/2022,7.242,7.225,7.436,7.145,40.55K,0.08%
10/05/2022,7.236,7.152,7.352,6.984,23.97K,0.86%
10/04/2022,7.174,6.86,7.239,6.66,42.93K,5.45%
10/03/2022,6.803,7.111,7.111,6.626,35.21K,-3.71%
09/30/2022,7.065,7.144,7.322,6.99,36.28K,-1.08%
09/29/2022,7.142,7.271,7.37,6.865,23.25K,2.69%
09/28/2022,6.955,6.775,7.041,6.562,98.40K,2.88%
09/27/2022,6.76,7.055,7.24,6.74,130.92K,-3.62%
09/26/2022,7.014,7.017,7.126,6.692,81.08K,0.31%
09/23/2022,6.992,7.274,7.374,6.867,123.60K,-2.79%
09/22/2022,7.193,7.8,7.825,7.168,94.31K,-8.10%
09/21/2022,7.827,7.792,8.179,7.609,60.25K,0.71%
09/20/2022,7.772,7.929,8.037,7.703,42.91K,-0.41%
09/19/2022,7.804,7.751,7.961,7.455,46.34K,-0.09%
09/16/2022,7.811,8.349,8.367,7.766,54.36K,-6.70%
09/15/2022,8.372,9.134,9.159,8.26,63.98K,-8.67%
09/14/2022,9.167,8.414,9.292,8.376,73.71K,10.00%
09/13/2022,8.334,8.434,8.501,8.211,52.48K,0.57%
09/12/2022,8.287,8.121,8.447,7.911,61.49K,3.02%
09/09/2022,8.044,8.018,8.255,7.946,50.67K,0.92%
09/08/2022,7.971,7.9,8.12,7.834,61.12K,0.89%
09/07/2022,7.901,8.118,8.355,7.828,47.90K,-3.79%
09/06/2022,8.212,9.058,9.176,7.9,59.72K,-5.76%
09/05/2022,8.714,8.98,8.995,8.71,,-2.95%
09/04/2022,8.979,9.086,9.096,8.946,,1.46%
09/02/2022,8.85,9.259,9.31,8.692,35.02K,-5.14%
09/01/2022,9.33,9.194,9.454,9.074,42.44K,1.53%
08/31/2022,9.189,9.141,9.341,8.879,27.11K,0.94%
08/30/2022,9.103,9.318,9.365,8.933,27.72K,-2.50%
08/29/2022,9.336,9.605,9.711,8.98,89.28K,0.72%
08/26/2022,9.269,9.336,9.64,9.16,83.80K,-0.80%
08/25/2022,9.344,9.197,9.392,9.147,56.51K,0.47%
08/24/2022,9.3,9.196,9.408,9.063,72.19K,1.58%
08/23/2022,9.155,9.78,9.987,9.021,86.53K,-5.10%
08/22/2022,9.647,9.159,9.95,9.143,60.48K,3.56%
08/19/2022,9.315,9.153,9.37,8.86,41.66K,1.58%
08/18/2022,9.17,9.159,9.64,8.862,55.45K,-0.63%
08/17/2022,9.228,9.346,9.65,9.1,45.92K,-0.89%
08/16/2022,9.311,8.798,9.39,8.773,53.22K,6.88%
08/15/2022,8.712,8.668,8.912,8.383,30.13K,-0.37%
08/12/2022,8.744,8.706,8.9,8.51,34.10K,-1.34%
08/11/2022,8.863,8.21,8.979,8.171,67.20K,8.18%
08/10/2022,8.193,7.848,8.254,7.703,45.99K,4.70%
08/09/2022,7.825,7.67,7.88,7.618,40.53K,3.26%
08/08/2022,7.578,7.85,7.909,7.536,49.58K,-5.88%
08/05/2022,8.051,8.142,8.229,7.894,55.05K,-0.78%
08/04/2022,8.114,8.279,8.432,7.8,28.70K,-1.79%
08/03/2022,8.262,7.666,8.46,7.557,41.58K,7.33%
08/02/2022,7.698,8.18,8.196,7.618,36.47K,-6.80%
08/01/2022,8.26,7.894,8.276,7.735,34.29K,0.63%
07/29/2022,8.208,8.16,8.356,7.995,25.60K,1.11%
07/28/2022,8.118,8.6,8.8,8.095,27.79K,-5.10%
07/27/2022,8.554,8.701,8.99,8.345,105.22K,-3.07%
07/26/2022,8.825,8.667,9.419,8.568,146.56K,2.96%
07/25/2022,8.571,8.273,8.704,8.202,79.05K,4.59%
07/22/2022,8.195,7.78,8.293,7.652,86.58K,4.86%
07/21/2022,7.815,7.769,8.045,7.485,84.55K,-1.06%
07/20/2022,7.899,7.2,7.925,7.057,75.27K,10.48%
07/19/2022,7.15,7.329,7.453,7.017,58.01K,-3.14%
07/18/2022,7.382,7.021,7.46,6.987,52.89K,6.58%
07/15/2022,6.926,6.584,7.047,6.351,49.32K,6.37%
07/14/2022,6.511,6.544,6.806,6.461,69.08K,-1.18%
07/13/2022,6.589,6.125,6.683,6.058,67.36K,9.43%
07/12/2022,6.021,6.395,6.647,5.895,73.23K,-4.72%
07/11/2022,6.319,6.314,6.59,6.16,70.94K,5.90%
07/08/2022,5.967,6.18,6.263,5.948,61.70K,-4.71%
07/07/2022,6.262,5.508,6.338,5.464,47.17K,14.23%
07/06/2022,5.482,5.43,5.699,5.349,28.36K,-0.09%
07/05/2022,5.487,5.679,5.883,5.324,44.02K,-6.25%
07/04/2022,5.853,5.712,5.905,5.606,,2.52%
07/03/2022,5.709,5.701,5.734,5.678,,-0.05%
07/01/2022,5.712,5.599,5.909,5.557,49.27K,5.93%
06/30/2022,5.392,6.425,6.575,5.327,74.70K,-16.96%
06/29/2022,6.493,6.609,6.812,6.401,34.69K,-1.17%
06/28/2022,6.57,6.468,6.738,6.417,90.79K,0.37%
06/27/2022,6.546,6.188,6.597,6.065,101.37K,4.22%
06/24/2022,6.281,6.26,6.407,6.062,84.61K,-0.03%
06/23/2022,6.283,6.829,6.854,6.237,112.23K,-8.57%
06/22/2022,6.872,6.816,6.95,6.554,54.83K,1.31%
06/21/2022,6.783,6.79,6.948,6.531,67.30K,1.04%
06/20/2022,6.713,6.706,6.84,6.635,,0.16%
06/19/2022,6.702,6.752,6.758,6.659,,-2.95%
06/17/2022,6.906,7.422,7.566,6.852,56.89K,-7.15%
06/16/2022,7.438,7.467,7.981,7.305,55.12K,0.43%
06/15/2022,7.406,7.259,7.681,7.205,53.88K,3.15%
06/14/2022,7.18,8.688,8.885,7.01,137.51K,-16.70%
06/13/2022,8.619,8.888,8.968,8.388,71.30K,-2.80%
06/10/2022,8.867,9.011,9.161,8.635,61.07K,-1.24%
06/09/2022,8.978,8.612,9.041,8.022,104.72K,3.45%
06/08/2022,8.679,9.347,9.645,8.447,116.44K,-6.46%
06/07/2022,9.278,9.365,9.514,9.187,68.45K,-0.30%
06/06/2022,9.306,8.696,9.383,8.696,32.88K,9.35%
06/03/2022,8.51,8.406,8.677,8.257,22.80K,0.42%
06/02/2022,8.474,8.751,9.04,8.37,29.36K,-2.44%
06/01/2022,8.686,8.25,8.779,8.143,29.20K,6.73%
05/31/2022,8.138,8.87,8.897,8.111,34.63K,-6.31%
05/30/2022,8.686,8.819,8.908,8.598,,-1.46%
05/29/2022,8.815,8.829,8.841,8.701,,1.18%
05/27/2022,8.712,8.797,8.875,8.275,22.81K,-2.06%
05/26/2022,8.895,8.978,9.447,8.626,163.27K,-1.09%
05/25/2022,8.993,8.876,9.437,8.798,132.24K,1.78%
05/24/2022,8.836,8.819,9.014,8.683,89.42K,0.10%
05/23/2022,8.827,8.188,8.906,7.95,87.27K,7.94%
05/20/2022,8.178,8.192,8.285,7.943,49.77K,-2.64%
05/19/2022,8.4,8.348,8.591,8,69.13K,-0.65%
05/18/2022,8.455,8.41,8.64,8.253,44.44K,0.73%
05/17/2022,8.394,8.112,8.457,8.112,40.67K,4.23%
05/16/2022,8.053,7.826,8.276,7.765,56.71K,3.71%
05/13/2022,7.765,7.776,8.022,7.618,57.74K,-0.89%
05/12/2022,7.835,7.749,7.884,7.348,62.46K,1.40%
05/11/2022,7.727,7.395,7.803,7.385,62.46K,3.48%
05/10/2022,7.467,7.108,7.543,6.521,90.33K,5.08%
05/09/2022,7.106,7.945,8.37,7.045,120.27K,-12.57%
05/06/2022,8.128,8.896,9.052,8.039,81.13K,-8.06%
05/05/2022,8.841,8.457,8.965,8.178,49.02K,4.36%
05/04/2022,8.472,7.899,8.542,7.815,53.02K,5.57%
05/03/2022,8.025,7.656,8.25,7.643,83.05K,6.07%
05/02/2022,7.566,7.511,7.701,7.331,73.58K,2.87%
04/29/2022,7.355,7.044,7.447,6.919,52.95K,5.16%
04/28/2022,6.994,7.494,7.517,6.985,68.51K,-4.70%
04/27/2022,7.339,7.009,7.524,6.956,155.33K,5.17%
04/26/2022,6.978,6.963,7.175,6.79,135.73K,2.54%
04/25/2022,6.805,6.517,7.112,6.471,114.27K,2.13%
04/22/2022,6.663,7.076,7.214,6.56,95.25K,-6.10%
04/21/2022,7.096,6.954,7.274,6.832,76.73K,0.44%
04/20/2022,7.065,7.369,7.496,6.894,78.26K,-2.91%
04/19/2022,7.277,7.908,8.075,7.052,98.50K,-8.56%
04/18/2022,7.958,7.49,8.197,7.488,94.94K,7.21%
04/14/2022,7.423,7.14,7.465,7.064,85.25K,4.61%
04/13/2022,7.096,6.791,7.193,6.735,74.25K,4.92%
04/12/2022,6.763,6.784,7.025,6.68,76.04K,0.59%
04/11/2022,6.723,6.458,6.8,6.327,56.92K,5.77%
04/08/2022,6.356,6.484,6.615,6.338,60.00K,-1.24%
04/07/2022,6.436,6.189,6.517,6.08,62.49K,5.39%
04/06/2022,6.107,6.175,6.469,6.08,56.57K,-0.02%
04/05/2022,6.108,5.864,6.277,5.847,53.63K,5.44%
04/04/2022,5.793,5.813,5.928,5.728,60.08K,-0.03%
04/01/2022,5.795,5.694,5.85,5.575,54.25K,1.65%
03/31/2022,5.701,5.631,5.887,5.516,47.66K,0.76%
03/30/2022,5.658,5.364,5.677,5.326,39.61K,6.15%
03/29/2022,5.33,5.5,5.527,5.316,111.30K,-3.76%
03/28/2022,5.538,5.595,5.707,5.452,105.61K,-1.30%
03/25/2022,5.611,5.469,5.617,5.386,84.02K,3.03%
03/24/2022,5.446,5.158,5.508,5.114,99.25K,3.26%
03/23/2022,5.274,5.184,5.364,5.135,63.05K,0.90%
03/22/2022,5.227,4.983,5.244,4.907,86.52K,5.94%
03/21/2022,4.934,4.927,5.008,4.791,46.28K,0.65%
03/18/2022,4.902,4.969,4.989,4.849,46.84K,-2.37%
03/17/2022,5.021,4.805,5.031,4.724,60.97K,4.95%
03/16/2022,4.784,4.685,4.812,4.645,58.60K,3.62%
03/15/2022,4.617,4.722,4.722,4.509,55.85K,-1.81%
03/14/2022,4.702,4.749,4.797,4.555,40.01K,-1.34%
03/11/2022,4.766,4.696,4.837,4.666,51.22K,2.08%
03/10/2022,4.669,4.561,4.707,4.538,54.15K,2.37%
03/09/2022,4.561,4.615,4.664,4.488,52.78K,-0.04%
03/08/2022,4.563,4.848,4.909,4.541,87.82K,-6.07%
03/07/2022,4.858,5.057,5.199,4.809,71.58K,-3.53%
03/04/2022,5.036,4.763,5.06,4.758,59.64K,6.33%
03/03/2022,4.736,4.813,4.949,4.653,86.53K,-1.07%
03/02/2022,4.787,4.631,4.928,4.63,80.45K,4.11%
03/01/2022,4.598,4.425,4.649,4.361,61.82K,4.03%
02/28/2022,4.42,4.63,4.7,4.392,51.67K,-1.45%
02/25/2022,4.485,4.591,4.724,4.435,48.17K,-3.36%
02/24/2022,4.641,4.592,4.938,4.555,184.11K,1.05%
02/23/2022,4.593,4.466,4.685,4.437,136.53K,2.96%
02/22/2022,4.461,4.505,4.746,4.409,141.92K,-5.19%
02/21/2022,4.705,4.58,4.745,4.52,,2.75%
02/20/2022,4.579,4.529,4.598,4.527,,4.62%
02/18/2022,4.377,4.451,4.585,4.306,98.02K,-1.20%
02/17/2022,4.43,4.532,4.645,4.343,92.86K,-3.11%
02/16/2022,4.572,4.306,4.592,4.279,103.91K,7.80%
02/15/2022,4.241,4.147,4.336,4.125,83.26K,1.95%
02/14/2022,4.16,4.07,4.186,4.019,71.38K,5.72%
02/11/2022,3.935,3.923,4.045,3.872,101.61K,-0.20%
02/10/2022,3.943,4,4.033,3.867,76.76K,-0.93%
02/09/2022,3.98,4.178,4.229,3.955,78.05K,-5.64%
02/08/2022,4.218,4.238,4.343,4.157,76.34K,0.48%
02/07/2022,4.198,4.329,4.409,4.1,96.42K,-6.54%
02/04/2022,4.492,4.75,4.861,4.41,85.89K,-4.83%
02/03/2022,4.72,4.966,5.009,4.617,82.15K,-6.42%
02/02/2022,5.044,4.681,5.053,4.664,164.67K,10.30%
02/01/2022,4.573,4.696,4.736,4.474,66.06K,-2.18%
01/31/2022,4.675,4.637,4.803,4.533,81.26K,4.52%
01/28/2022,4.473,4.222,4.629,4.192,137.04K,4.44%
01/27/2022,4.283,4,4.42,3.99,193.25K,6.12%
01/26/2022,4.036,3.885,4.194,3.856,158.50K,3.65%
01/25/2022,3.894,3.811,3.919,3.761,91.17K,0.49%
01/24/2022,3.875,3.709,3.912,3.693,90.92K,2.46%
01/21/2022,3.782,3.68,3.829,3.669,75.32K,3.64%
01/20/2022,3.649,3.834,3.868,3.629,97.44K,-5.10%
01/19/2022,3.845,4.071,4.119,3.834,84.60K,-5.01%
01/18/2022,4.048,4.143,4.18,4.002,77.07K,-5.33%
01/17/2022,4.276,4.33,4.353,4.216,,-1.36%
01/16/2022,4.335,4.338,4.35,4.323,,6.22%
01/14/2022,4.081,4.01,4.097,3.933,67.72K,1.90%
01/13/2022,4.005,4.296,4.329,3.99,115.34K,-7.44%
01/12/2022,4.327,3.948,4.356,3.926,125.21K,9.05%
01/11/2022,3.968,3.868,3.98,3.787,76.68K,3.50%
01/10/2022,3.834,3.91,3.966,3.764,89.08K,2.90%
01/07/2022,3.726,3.716,3.803,3.664,66.76K,1.53%
01/06/2022,3.67,3.679,3.757,3.647,45.46K,-1.08%
01/05/2022,3.71,3.611,3.738,3.591,48.91K,3.57%
01/04/2022,3.582,3.674,3.777,3.573,56.26K,-2.61%
01/03/2022,3.678,3.554,3.709,3.5,52.87K,3.40%
12/31/2021,3.557,3.456,3.627,3.449,56.60K,3.55%
12/30/2021,3.435,3.698,3.781,3.416,57.67K,-10.78%
12/29/2021,3.85,3.899,4.077,3.813,141.91K,-0.90%
12/28/2021,3.885,3.935,4.031,3.805,116.12K,-1.45%
12/27/2021,3.942,3.815,3.97,3.632,125.28K,8.60%
12/23/2021,3.63,3.86,3.896,3.518,104.37K,-5.96%
12/22/2021,3.86,3.774,3.93,3.73,56.48K,2.28%
12/21/2021,3.774,3.755,3.835,3.645,70.73K,0.43%
12/20/2021,3.758,3.602,3.841,3.592,61.25K,3.27%
12/17/2021,3.639,3.734,3.762,3.575,36.91K,-2.05%
12/16/2021,3.715,3.786,3.923,3.681,42.23K,-1.22%
12/15/2021,3.761,3.746,3.879,3.728,41.60K,1.29%
12/14/2021,3.713,3.777,3.804,3.658,44.44K,-1.28%
12/13/2021,3.761,3.94,4.042,3.737,57.85K,-3.29%
12/10/2021,3.889,3.764,3.927,3.727,44.53K,2.77%
12/09/2021,3.784,3.776,3.889,3.686,47.29K,0.26%
12/08/2021,3.774,3.692,3.886,3.688,50.87K,2.72%
12/07/2021,3.674,3.654,3.792,3.626,53.38K,1.35%
12/06/2021,3.625,3.83,3.853,3.601,54.86K,-11.00%
12/03/2021,4.073,4.046,4.221,4.01,33.42K,1.90%
12/02/2021,3.997,4.202,4.256,3.988,31.76K,-4.56%
12/01/2021,4.188,4.547,4.603,4.159,54.91K,-7.06%
11/30/2021,4.506,4.792,4.808,4.42,40.53K,-5.49%
11/29/2021,4.768,5.135,5.135,4.734,37.74K,-12.95%
11/26/2021,5.477,5.069,5.518,5.026,141.78K,7.67%
11/25/2021,5.087,5.089,5.136,5.029,,-0.53%
11/24/2021,5.114,5.061,5.205,4.945,118.41K,1.57%
11/23/2021,5.035,4.865,5.149,4.833,122.01K,3.58%
11/22/2021,4.861,4.998,5.047,4.736,111.00K,-5.52%
11/19/2021,5.145,4.992,5.237,4.933,69.02K,3.00%
11/18/2021,4.995,4.993,5.133,4.935,56.06K,1.65%
11/17/2021,4.914,5.248,5.263,4.9,63.70K,-6.76%
11/16/2021,5.27,5.145,5.48,5.107,58.88K,3.25%
11/15/2021,5.104,4.986,5.15,4.811,49.22K,4.59%
11/12/2021,4.88,5.225,5.239,4.85,65.97K,-6.96%
11/11/2021,5.245,5.011,5.273,4.987,63.91K,5.45%
11/10/2021,4.974,5.061,5.137,4.819,68.03K,-1.89%
11/09/2021,5.07,5.487,5.54,5,87.28K,-7.90%
11/08/2021,5.505,5.73,5.76,5.481,72.73K,-2.15%
11/05/2021,5.626,5.779,5.866,5.609,57.58K,-3.43%
11/04/2021,5.826,5.969,5.975,5.653,45.28K,0.80%
11/03/2021,5.78,5.645,5.967,5.57,49.76K,2.48%
11/02/2021,5.64,5.341,5.659,5.322,48.41K,6.31%
11/01/2021,5.305,5.425,5.595,5.238,55.90K,-4.05%
10/29/2021,5.529,5.823,5.922,5.504,54.43K,-5.83%
10/28/2021,5.871,6.221,6.279,5.809,53.02K,-5.28%
10/27/2021,6.198,5.946,6.281,5.886,187.42K,3.25%
10/26/2021,6.003,6.119,6.233,5.731,188.89K,-0.88%
10/25/2021,6.056,5.629,6.161,5.629,163.91K,10.90%
10/22/2021,5.461,5.428,5.59,5.336,89.45K,2.15%
10/21/2021,5.346,5.439,5.478,5.24,80.53K,-1.85%
10/20/2021,5.447,5.329,5.483,5.194,72.77K,1.81%
10/19/2021,5.35,5.22,5.361,5.07,75.30K,2.18%
10/18/2021,5.236,5.529,5.588,5.203,84.28K,-6.50%
10/15/2021,5.6,5.8,5.94,5.59,93.14K,-4.06%
10/14/2021,5.837,5.837,6.111,5.757,74.58K,1.46%
10/13/2021,5.753,5.607,5.855,5.511,81.27K,1.59%
10/12/2021,5.663,5.564,5.68,5.332,88.31K,2.93%
10/11/2021,5.502,5.835,5.945,5.46,61.33K,-3.64%
10/08/2021,5.71,5.907,6.021,5.693,48.44K,-1.84%
10/07/2021,5.817,5.83,5.965,5.533,65.37K,0.24%
10/06/2021,5.803,6.447,6.593,5.79,75.91K,-9.78%
10/05/2021,6.432,5.964,6.509,5.927,66.34K,8.91%
10/04/2021,5.906,5.78,6.202,5.773,63.78K,2.48%
10/01/2021,5.763,6.07,6.141,5.68,62.60K,-3.81%
09/30/2021,5.991,5.579,6.126,5.469,74.65K,7.08%
09/29/2021,5.595,5.96,6.063,5.542,73.02K,-4.85%
09/28/2021,5.88,5.854,6.318,5.647,338.97K,2.60%
09/27/2021,5.731,5.26,5.894,5.238,230.18K,10.21%
09/24/2021,5.2,5.105,5.241,5.045,130.65K,3.11%
09/23/2021,5.043,4.806,5.109,4.793,139.71K,3.87%
09/22/2021,4.855,4.842,4.94,4.791,80.22K,0.27%
09/21/2021,4.842,4.998,5.083,4.766,104.56K,-3.58%
09/20/2021,5.022,5.052,5.209,4.945,85.64K,-2.41%
09/17/2021,5.146,5.317,5.435,5.087,81.64K,-4.38%
09/16/2021,5.382,5.449,5.642,5.278,108.51K,-2.27%
09/15/2021,5.507,5.332,5.695,5.311,145.60K,3.81%
09/14/2021,5.305,5.243,5.409,5.217,101.73K,0.61%
09/13/2021,5.273,4.987,5.326,4.92,100.81K,6.03%
09/10/2021,4.973,5.044,5.095,4.947,78.99K,-1.95%
09/09/2021,5.072,4.967,5.092,4.87,111.77K,2.22%
09/08/2021,4.962,4.646,5.056,4.633,96.45K,7.52%
09/07/2021,4.615,4.756,4.826,4.608,57.21K,-1.66%
09/06/2021,4.693,4.724,4.774,4.668,,-0.66%
09/05/2021,4.724,4.727,4.742,4.715,,-0.80%
09/03/2021,4.762,4.681,4.771,4.642,35.37K,1.49%
09/02/2021,4.692,4.689,4.773,4.627,66.87K,0.62%
09/01/2021,4.663,4.454,4.751,4.427,88.36K,5.38%
08/31/2021,4.425,4.356,4.471,4.273,54.03K,1.51%
08/30/2021,4.359,4.535,4.566,4.276,54.98K,-0.66%
08/27/2021,4.388,4.237,4.417,4.221,210.96K,4.20%
08/26/2021,4.211,3.949,4.251,3.931,242.85K,7.29%
08/25/2021,3.925,3.914,4.021,3.877,132.02K,0.23%
08/24/2021,3.916,3.947,3.989,3.902,93.96K,-1.11%
08/23/2021,3.96,3.867,3.97,3.852,84.45K,2.43%
08/20/2021,3.866,3.885,3.967,3.849,93.12K,0.57%
08/19/2021,3.844,3.841,3.893,3.751,92.44K,-0.57%
08/18/2021,3.866,3.844,3.89,3.801,51.45K,0.39%
08/17/2021,3.851,3.951,3.968,3.817,75.97K,-2.75%
08/16/2021,3.96,3.86,4.002,3.833,56.01K,2.19%
08/13/2021,3.875,3.929,3.964,3.86,65.85K,-1.85%
08/12/2021,3.948,4.07,4.078,3.915,102.20K,-3.02%
08/11/2021,4.071,4.125,4.142,3.995,81.43K,-0.78%
08/10/2021,4.103,4.05,4.139,4.032,73.42K,0.69%
08/09/2021,4.075,4.182,4.194,4.016,87.40K,-1.90%
08/06/2021,4.154,4.17,4.201,4.108,76.29K,0.14%
08/05/2021,4.148,4.155,4.211,4.125,52.28K,-0.36%
08/04/2021,4.163,4.068,4.207,4.06,61.46K,3.25%
08/03/2021,4.032,3.965,4.079,3.921,60.97K,2.39%
08/02/2021,3.938,3.975,4.042,3.93,40.60K,0.46%
07/30/2021,3.92,4.054,4.054,3.865,70.97K,-3.45%
07/29/2021,4.06,3.945,4.096,3.931,44.91K,2.34%
07/28/2021,3.967,3.925,4.025,3.837,134.73K,0.63%
07/27/2021,3.942,4.075,4.094,3.907,145.92K,-3.43%
07/26/2021,4.082,4,4.165,3.99,138.93K,0.99%
07/23/2021,4.042,3.98,4.051,3.955,97.97K,1.51%
07/22/2021,3.982,3.9,3.986,3.856,94.47K,1.12%
07/21/2021,3.938,3.9,3.943,3.87,88.04K,2.23%
07/20/2021,3.852,3.745,3.908,3.716,84.42K,2.61%
07/19/2021,3.754,3.687,3.762,3.669,73.76K,2.62%
07/16/2021,3.658,3.608,3.669,3.572,51.35K,1.58%
07/15/2021,3.601,3.657,3.671,3.592,64.40K,-1.29%
07/14/2021,3.648,3.68,3.741,3.611,78.38K,-0.92%
07/13/2021,3.682,3.729,3.751,3.658,57.87K,-1.34%
07/12/2021,3.732,3.657,3.743,3.608,62.05K,2.05%
07/09/2021,3.657,3.663,3.72,3.639,59.82K,-0.27%
07/08/2021,3.667,3.559,3.697,3.524,77.65K,2.60%
07/07/2021,3.574,3.649,3.677,3.495,53.08K,-0.94%
07/06/2021,3.608,3.668,3.789,3.58,62.16K,-4.80%
07/05/2021,3.79,3.718,3.797,3.708,,1.91%
07/04/2021,3.719,3.701,3.724,3.686,,1.39%
07/02/2021,3.668,3.634,3.71,3.571,52.04K,0.99%
07/01/2021,3.632,3.727,3.731,3.57,62.96K,0.22%
06/30/2021,3.624,3.631,3.782,3.58,80.02K,0.50%
06/29/2021,3.606,3.562,3.784,3.55,76.19K,0.36%
06/28/2021,3.593,3.525,3.653,3.505,163.57K,2.07%
06/25/2021,3.52,3.439,3.538,3.43,137.65K,2.41%
06/24/2021,3.437,3.337,3.46,3.318,124.96K,2.54%
06/23/2021,3.352,3.281,3.406,3.272,113.65K,2.29%
06/22/2021,3.277,3.221,3.304,3.212,66.84K,1.93%
06/21/2021,3.215,3.225,3.238,3.165,66.88K,-0.65%
06/18/2021,3.236,3.241,3.282,3.192,53.94K,-1.19%
06/17/2021,3.275,3.271,3.286,3.21,65.31K,0.12%
06/16/2021,3.271,3.24,3.292,3.206,50.98K,0.46%
06/15/2021,3.256,3.368,3.385,3.23,70.23K,-3.30%
06/14/2021,3.367,3.324,3.378,3.289,56.28K,1.69%
06/11/2021,3.311,3.169,3.344,3.164,80.89K,4.58%
06/10/2021,3.166,3.167,3.213,3.148,51.46K,0.70%
06/09/2021,3.144,3.139,3.18,3.12,43.29K,0.13%
06/08/2021,3.14,3.108,3.21,3.108,78.02K,1.65%
06/07/2021,3.089,3.125,3.131,3.053,50.43K,-0.80%
06/04/2021,3.114,3.084,3.137,3.031,39.14K,1.80%
06/03/2021,3.059,3.091,3.106,3.05,32.36K,-1.13%
06/02/2021,3.094,3.117,3.145,3.07,43.39K,-1.02%
06/01/2021,3.126,3.055,3.169,3.034,71.84K,2.32%
05/31/2021,3.055,3.037,3.059,3.015,,0.59%
05/30/2021,3.037,3.033,3.046,3.03,,1.00%
05/28/2021,3.007,2.984,3.058,2.975,38.13K,0.97%
05/27/2021,2.978,3.041,3.043,2.938,36.41K,-1.62%
05/26/2021,3.027,2.995,3.046,2.975,120.87K,1.78%
05/25/2021,2.974,2.956,3.003,2.951,99.67K,0.47%
05/24/2021,2.96,2.92,2.967,2.903,102.50K,-0.57%
05/21/2021,2.977,3.012,3.045,2.962,80.37K,-0.47%
05/20/2021,2.991,3.028,3.047,2.97,87.89K,-1.22%
05/19/2021,3.028,3.072,3.079,3.004,90.23K,-1.62%
05/18/2021,3.078,3.176,3.191,3.068,103.67K,-2.72%
05/17/2021,3.164,3.072,3.204,3.071,132.44K,4.84%
05/14/2021,3.018,3.029,3.069,3,57.09K,-0.23%
05/13/2021,3.025,3.032,3.047,2.986,55.31K,0.23%
05/12/2021,3.018,2.998,3.034,2.971,61.36K,0.63%
05/11/2021,2.999,2.971,3.013,2.928,65.53K,0.71%
05/10/2021,2.978,3.015,3.015,2.948,51.27K,-0.87%
05/07/2021,3.004,2.978,3.031,2.953,57.29K,1.01%
05/06/2021,2.974,2.99,3.014,2.954,38.17K,-0.27%
05/05/2021,2.982,3.021,3.032,2.96,38.46K,-1.00%
05/04/2021,3.012,3.01,3.045,2.979,44.99K,-0.07%
05/03/2021,3.014,2.977,3.018,2.952,47.26K,1.21%
04/30/2021,2.978,2.953,3.006,2.941,52.39K,0.57%
04/29/2021,2.961,3.006,3.024,2.937,44.86K,0.03%
04/28/2021,2.96,2.939,2.988,2.93,131.13K,0.61%
04/27/2021,2.942,2.873,2.948,2.864,131.14K,2.37%
04/26/2021,2.874,2.788,2.884,2.774,101.67K,1.99%
04/23/2021,2.818,2.833,2.845,2.804,71.59K,-0.46%
04/22/2021,2.831,2.778,2.86,2.735,126.41K,1.98%
04/21/2021,2.776,2.801,2.803,2.746,74.83K,-0.96%
04/20/2021,2.803,2.811,2.83,2.793,69.15K,-0.53%
04/19/2021,2.818,2.773,2.821,2.765,72.52K,2.32%
04/16/2021,2.754,2.734,2.765,2.729,60.95K,0.88%
04/15/2021,2.73,2.693,2.747,2.659,63.90K,1.37%
04/14/2021,2.693,2.695,2.737,2.682,66.24K,-0.11%
04/13/2021,2.696,2.636,2.713,2.614,68.91K,2.01%
04/12/2021,2.643,2.617,2.676,2.611,66.80K,1.46%
04/09/2021,2.605,2.604,2.63,2.588,54.81K,-0.08%
04/08/2021,2.607,2.591,2.616,2.563,58.61K,0.39%
04/07/2021,2.597,2.543,2.62,2.54,46.26K,2.41%
04/06/2021,2.536,2.589,2.637,2.534,42.33K,-1.78%
04/05/2021,2.582,2.655,2.674,2.558,53.47K,-4.26%
04/01/2021,2.697,2.666,2.718,2.64,40.75K,1.12%
03/31/2021,2.667,2.676,2.712,2.637,34.71K,-0.52%
03/30/2021,2.681,2.701,2.738,2.659,27.46K,1.06%
03/29/2021,2.653,2.624,2.656,2.582,103.90K,1.30%
03/26/2021,2.619,2.617,2.64,2.603,77.94K,0.11%
03/25/2021,2.616,2.563,2.629,2.526,105.29K,1.87%
03/24/2021,2.568,2.56,2.594,2.542,75.02K,0.55%
03/23/2021,2.554,2.614,2.615,2.551,92.90K,-2.48%
03/22/2021,2.619,2.54,2.628,2.515,88.73K,2.07%
03/19/2021,2.566,2.523,2.583,2.49,66.14K,2.19%
03/18/2021,2.511,2.547,2.553,2.459,100.51K,-1.72%
03/17/2021,2.555,2.597,2.6,2.525,84.11K,-1.62%
03/16/2021,2.597,2.539,2.6,2.522,84.67K,2.93%
03/15/2021,2.523,2.596,2.602,2.518,98.13K,-4.29%
03/12/2021,2.636,2.703,2.727,2.619,67.46K,-2.48%
03/11/2021,2.703,2.725,2.75,2.675,76.73K,-0.92%
03/10/2021,2.728,2.688,2.742,2.652,59.84K,1.19%
03/09/2021,2.696,2.699,2.724,2.66,61.90K,-0.07%
03/08/2021,2.698,2.725,2.77,2.664,80.64K,-1.50%
03/05/2021,2.739,2.775,2.787,2.72,73.12K,-1.51%
03/04/2021,2.781,2.836,2.857,2.724,55.12K,-2.39%
03/03/2021,2.849,2.883,2.916,2.837,36.74K,-0.90%
03/02/2021,2.875,2.823,2.89,2.798,47.43K,2.02%
03/01/2021,2.818,2.83,2.841,2.766,36.53K,0.32%
02/26/2021,2.809,2.801,2.822,2.734,73.39K,0.00%
02/25/2021,2.809,2.833,2.879,2.795,59.29K,0.50%
02/24/2021,2.795,2.866,2.868,2.791,113.57K,-2.17%
02/23/2021,2.857,2.921,2.932,2.842,129.78K,-2.69%
02/22/2021,2.936,2.934,2.962,2.865,150.48K,-1.84%
02/19/2021,2.991,2.944,3.025,2.904,132.72K,0.71%
02/18/2021,2.97,3.06,3.06,2.933,184.74K,-2.04%
02/17/2021,3.032,2.964,3.043,2.939,174.98K,1.64%
02/16/2021,2.983,2.976,3.02,2.904,206.48K,-2.74%
02/15/2021,3.067,3.034,3.094,2.978,,1.05%
02/14/2021,3.035,3.03,3.039,3.009,,5.53%
02/12/2021,2.876,2.839,2.919,2.806,113.88K,1.41%
02/11/2021,2.836,2.91,2.956,2.81,155.08K,-1.49%
02/10/2021,2.879,2.807,2.91,2.747,151.47K,1.98%
02/09/2021,2.823,2.86,2.896,2.777,107.65K,-1.36%
02/08/2021,2.862,2.88,2.946,2.822,108.26K,0.74%
02/05/2021,2.841,2.905,2.98,2.823,155.02K,-1.66%
02/04/2021,2.889,2.761,2.92,2.727,98.71K,4.22%
02/03/2021,2.772,2.796,2.842,2.737,81.78K,-1.63%
02/02/2021,2.818,2.804,2.935,2.786,154.73K,-0.11%
02/01/2021,2.821,2.73,2.839,2.722,136.22K,8.83%
01/29/2021,2.592,2.686,2.716,2.583,62.37K,-3.10%
01/28/2021,2.675,2.688,2.721,2.617,71.60K,-1.00%
01/27/2021,2.702,2.632,2.74,2.618,153.19K,2.50%
01/26/2021,2.636,2.597,2.662,2.59,111.06K,1.46%
01/25/2021,2.598,2.53,2.609,2.498,119.25K,5.78%
01/22/2021,2.456,2.5,2.511,2.425,97.29K,-1.64%
01/21/2021,2.497,2.528,2.541,2.462,95.65K,-1.42%
01/20/2021,2.533,2.526,2.554,2.459,117.38K,0.16%
01/19/2021,2.529,2.62,2.641,2.507,168.50K,-4.10%
01/18/2021,2.637,2.64,2.656,2.572,,-0.11%
01/17/2021,2.64,2.641,2.657,2.639,,-2.08%
01/15/2021,2.696,2.636,2.748,2.606,91.10K,2.51%
01/14/2021,2.63,2.701,2.75,2.625,84.70K,-2.19%
01/13/2021,2.689,2.69,2.773,2.671,97.03K,-0.66%
01/12/2021,2.707,2.742,2.835,2.672,123.98K,0.15%
01/11/2021,2.703,2.577,2.755,2.561,109.23K,1.77%
01/08/2021,2.656,2.643,2.685,2.603,89.98K,-1.30%
01/07/2021,2.691,2.691,2.719,2.635,74.22K,0.26%
01/06/2021,2.684,2.658,2.732,2.584,69.45K,0.41%
01/05/2021,2.673,2.577,2.698,2.571,85.70K,4.37%
01/04/2021,2.561,2.601,2.643,2.553,69.27K,1.39%
12/31/2020,2.526,2.434,2.537,2.431,50.70K,4.29%
12/30/2020,2.422,2.442,2.468,2.389,36.83K,-0.90%
12/29/2020,2.444,2.35,2.486,2.305,143.53K,5.07%
12/28/2020,2.326,2.322,2.368,2.263,151.95K,-7.40%
12/24/2020,2.512,2.584,2.616,2.507,69.89K,-2.94%
12/23/2020,2.588,2.737,2.765,2.552,107.37K,-5.86%
12/22/2020,2.749,2.688,2.775,2.672,87.87K,2.23%
12/21/2020,2.689,2.709,2.71,2.624,62.56K,0.30%
12/18/2020,2.681,2.655,2.711,2.644,77.04K,1.67%
12/17/2020,2.637,2.689,2.724,2.608,78.91K,-1.64%
12/16/2020,2.681,2.665,2.695,2.62,61.50K,0.04%
12/15/2020,2.68,2.667,2.691,2.596,68.79K,0.07%
12/14/2020,2.678,2.664,2.711,2.613,66.72K,2.88%
12/11/2020,2.603,2.589,2.635,2.54,69.25K,1.28%
12/10/2020,2.57,2.448,2.609,2.406,88.43K,4.64%
12/09/2020,2.456,2.473,2.538,2.438,88.30K,1.40%
12/08/2020,2.422,2.453,2.501,2.393,72.68K,-0.45%
12/07/2020,2.433,2.471,2.495,2.406,104.54K,-5.92%
12/04/2020,2.586,2.521,2.632,2.475,50.00K,2.82%
12/03/2020,2.515,2.756,2.764,2.486,89.71K,-9.47%
12/02/2020,2.778,2.866,2.918,2.739,48.42K,-3.14%
12/01/2020,2.868,2.913,2.95,2.819,39.75K,0.10%
11/30/2020,2.865,2.823,2.977,2.813,40.91K,1.17%
11/27/2020,2.832,2.938,2.938,2.818,24.28K,-3.34%
11/26/2020,2.93,2.927,2.949,2.905,,-1.05%
11/25/2020,2.961,2.895,3.002,2.838,112.02K,2.10%
11/24/2020,2.9,2.817,2.908,2.8,110.03K,2.73%
11/23/2020,2.823,2.822,2.839,2.756,87.35K,1.91%
11/20/2020,2.77,2.725,2.808,2.716,86.64K,1.84%
11/19/2020,2.72,2.842,2.865,2.656,151.07K,-4.16%
11/18/2020,2.838,2.841,2.917,2.822,92.37K,-0.21%
11/17/2020,2.844,2.852,2.89,2.809,86.39K,-0.70%
11/16/2020,2.864,3.008,3.022,2.842,141.09K,-8.26%
11/13/2020,3.122,3.075,3.204,3.074,79.76K,0.90%
11/12/2020,3.094,3.152,3.181,3.066,79.97K,-1.81%
11/11/2020,3.151,3.071,3.168,3.042,88.30K,2.54%
11/10/2020,3.073,3.001,3.131,2.99,96.31K,2.47%
11/09/2020,2.999,3.022,3.068,2.965,77.02K,-1.06%
11/06/2020,3.031,3.08,3.112,3.01,89.55K,-1.72%
11/05/2020,3.084,3.195,3.244,3.071,91.30K,-2.93%
11/04/2020,3.177,3.197,3.229,3.142,60.16K,-0.56%
11/03/2020,3.195,3.364,3.367,3.175,80.69K,-5.33%
11/02/2020,3.375,3.49,3.505,3.342,56.77K,-2.71%
10/30/2020,3.469,3.431,3.507,3.374,56.49K,1.52%
10/29/2020,3.417,3.396,3.459,3.276,67.13K,3.83%
10/28/2020,3.291,3.308,3.324,3.265,102.03K,-0.60%
10/27/2020,3.311,3.242,3.336,3.18,166.31K,1.78%
10/26/2020,3.253,3.176,3.293,3.159,98.81K,1.82%
10/23/2020,3.195,3.263,3.277,3.166,94.65K,-2.35%
10/22/2020,3.272,3.338,3.359,3.254,95.70K,-2.27%
10/21/2020,3.348,3.255,3.362,3.253,117.46K,2.70%
10/20/2020,3.26,3.288,3.342,3.248,78.87K,-0.61%
10/19/2020,3.28,3.205,3.311,3.205,89.96K,0.28%
10/16/2020,3.271,3.261,3.319,3.234,82.61K,0.31%
10/15/2020,3.261,3.209,3.291,3.2,81.38K,2.26%
10/14/2020,3.189,3.209,3.226,3.132,106.35K,-1.79%
10/13/2020,3.247,3.231,3.269,3.189,105.08K,-0.73%
10/12/2020,3.271,3.287,3.329,3.219,95.74K,2.09%
10/09/2020,3.204,3.131,3.263,3.131,112.57K,1.75%
10/08/2020,3.149,3.105,3.16,3.075,99.25K,0.00%
10/07/2020,3.149,3.08,3.221,3.06,103.19K,1.71%
10/06/2020,3.096,3.156,3.229,3.088,60.86K,-2.06%
10/05/2020,3.161,2.989,3.217,2.989,77.68K,5.68%
10/02/2020,2.991,3.022,3.038,2.922,85.13K,-2.32%
10/01/2020,3.062,3.133,3.176,3.015,91.07K,-1.76%
09/30/2020,3.117,3.082,3.166,3.039,66.10K,-0.03%
09/29/2020,3.118,3.247,3.267,3.07,72.72K,11.56%
09/28/2020,2.795,2.785,2.823,2.704,113.19K,-0.43%
09/25/2020,2.807,2.865,2.918,2.791,140.30K,-3.17%
09/24/2020,2.899,2.821,2.928,2.775,136.93K,3.76%
09/23/2020,2.794,2.58,2.841,2.518,202.73K,7.59%
09/22/2020,2.597,2.732,2.742,2.561,137.02K,-4.17%
09/21/2020,2.71,2.588,2.738,2.576,188.35K,2.92%
09/18/2020,2.633,2.556,2.654,2.521,108.38K,2.17%
09/17/2020,2.577,2.658,2.665,2.496,172.50K,-3.27%
09/16/2020,2.664,2.732,2.775,2.64,89.24K,-2.81%
09/15/2020,2.741,2.738,2.767,2.7,80.24K,0.04%
09/14/2020,2.74,2.767,2.833,2.716,105.74K,-0.15%
09/11/2020,2.744,2.797,2.807,2.723,90.30K,-1.93%
09/10/2020,2.798,2.856,2.874,2.787,88.72K,-2.61%
09/09/2020,2.873,2.861,2.927,2.822,111.18K,-0.66%
09/08/2020,2.892,2.982,2.99,2.851,96.60K,13.81%
09/07/2020,2.541,2.562,2.567,2.494,,-0.78%
09/06/2020,2.561,2.578,2.58,2.554,,-14.26%
09/04/2020,2.987,2.924,3.002,2.882,82.30K,2.05%
09/03/2020,2.927,2.929,2.971,2.895,66.65K,-0.14%
09/02/2020,2.931,2.899,2.975,2.837,151.06K,1.03%
09/01/2020,2.901,2.918,2.965,2.857,120.38K,-0.65%
08/31/2020,2.92,2.882,2.944,2.811,82.88K,0.14%
08/28/2020,2.916,2.945,2.973,2.883,55.54K,7.60%
08/27/2020,2.71,2.527,2.715,2.491,209.68K,5.28%
08/26/2020,2.574,2.579,2.654,2.519,142.31K,-0.85%
08/25/2020,2.596,2.616,2.649,2.568,117.37K,-0.76%
08/24/2020,2.616,2.585,2.658,2.514,134.13K,1.67%
08/21/2020,2.573,2.502,2.588,2.424,133.75K,2.80%
08/20/2020,2.503,2.569,2.577,2.495,112.56K,-2.34%
08/19/2020,2.563,2.554,2.593,2.513,70.71K,0.27%
08/18/2020,2.556,2.481,2.598,2.439,103.43K,3.23%
08/17/2020,2.476,2.525,2.525,2.44,94.16K,-0.76%
08/14/2020,2.495,2.328,2.514,2.312,149.81K,7.36%
08/13/2020,2.324,2.294,2.347,2.282,98.36K,1.18%
08/12/2020,2.297,2.286,2.308,2.228,118.23K,-0.61%
08/11/2020,2.311,2.294,2.356,2.27,101.83K,1.05%
08/10/2020,2.287,2.385,2.401,2.254,109.88K,-3.75%
08/07/2020,2.376,2.297,2.389,2.283,112.87K,3.08%
08/06/2020,2.305,2.347,2.422,2.277,72.92K,-1.12%
08/05/2020,2.331,2.324,2.395,2.3,81.94K,-0.13%
08/04/2020,2.334,2.239,2.338,2.197,102.49K,4.24%
08/03/2020,2.239,2.009,2.291,2.003,174.01K,14.41%
07/31/2020,1.957,1.993,2.026,1.941,56.14K,-1.71%
07/30/2020,1.991,2.079,2.079,1.977,80.38K,3.16%
07/29/2020,1.93,1.856,1.937,1.826,165.74K,3.54%
07/28/2020,1.864,1.784,1.867,1.777,143.66K,4.37%
07/27/2020,1.786,1.856,1.86,1.767,127.86K,-4.34%
07/24/2020,1.867,1.832,1.871,1.793,120.62K,1.74%
07/23/2020,1.835,1.731,1.852,1.716,140.65K,6.81%
07/22/2020,1.718,1.708,1.735,1.66,99.23K,0.23%
07/21/2020,1.714,1.685,1.719,1.659,101.75K,1.78%
07/20/2020,1.684,1.748,1.748,1.646,124.10K,-4.59%
07/17/2020,1.765,1.78,1.796,1.743,70.68K,-0.62%
07/16/2020,1.776,1.825,1.845,1.758,74.09K,-2.31%
07/15/2020,1.818,1.787,1.831,1.769,58.80K,1.73%
07/14/2020,1.787,1.789,1.813,1.765,105.19K,-0.56%
07/13/2020,1.797,1.828,1.854,1.78,91.88K,-2.71%
07/10/2020,1.847,1.822,1.874,1.787,105.60K,1.43%
07/09/2020,1.821,1.872,1.934,1.816,100.94K,-2.93%
07/08/2020,1.876,1.944,1.948,1.868,113.13K,-3.25%
07/07/2020,1.939,1.893,1.989,1.893,80.48K,2.43%
07/06/2020,1.893,1.786,1.903,1.781,108.74K,8.42%
07/03/2020,1.746,1.723,1.75,1.715,,-2.18%
07/02/2020,1.785,1.747,1.791,1.724,62.06K,3.72%
07/01/2020,1.721,1.792,1.792,1.7,76.38K,-3.80%
06/30/2020,1.789,1.742,1.831,1.739,87.21K,2.00%
06/29/2020,1.754,1.621,1.799,1.616,78.57K,13.60%
06/26/2020,1.544,1.526,1.569,1.517,117.33K,-0.13%
06/25/2020,1.546,1.661,1.661,1.517,273.58K,-6.92%
06/24/2020,1.661,1.688,1.715,1.652,125.89K,-1.77%
06/23/2020,1.691,1.731,1.735,1.682,127.67K,-2.70%
06/22/2020,1.738,1.758,1.787,1.719,121.44K,-0.57%
06/19/2020,1.748,1.726,1.766,1.719,109.03K,1.16%
06/18/2020,1.728,1.726,1.748,1.701,97.17K,0.06%
06/17/2020,1.727,1.7,1.736,1.688,122.77K,1.53%
06/16/2020,1.701,1.762,1.774,1.692,110.04K,-3.35%
06/15/2020,1.76,1.84,1.844,1.755,137.60K,-3.03%
06/12/2020,1.815,1.899,1.906,1.811,96.83K,-4.47%
06/11/2020,1.9,1.877,1.915,1.855,111.81K,1.60%
06/10/2020,1.87,1.86,1.895,1.772,110.28K,0.38%
06/09/2020,1.863,1.905,1.921,1.853,93.85K,-1.53%
06/08/2020,1.892,1.9,1.91,1.853,103.05K,0.32%
06/05/2020,1.886,1.916,1.96,1.881,89.61K,-1.62%
06/04/2020,1.917,1.901,1.943,1.889,46.03K,0.10%
06/03/2020,1.915,1.871,1.95,1.871,62.33K,2.08%
06/02/2020,1.876,1.874,1.897,1.856,41.60K,0.27%
06/01/2020,1.871,1.905,1.935,1.84,58.66K,-3.56%
05/29/2020,1.94,1.912,1.951,1.862,63.49K,1.09%
05/28/2020,1.919,1.963,1.978,1.902,47.46K,1.75%
05/27/2020,1.886,1.935,1.979,1.867,161.46K,-3.03%
05/26/2020,1.945,1.882,1.95,1.842,190.72K,4.35%
05/25/2020,1.864,1.863,1.886,1.843,,0.05%
05/24/2020,1.863,1.883,1.883,1.861,,-0.96%
05/22/2020,1.881,1.87,1.903,1.832,129.09K,1.57%
05/21/2020,1.852,1.91,1.916,1.832,138.51K,-2.99%
05/20/2020,1.909,1.963,2.023,1.885,165.33K,-3.83%
05/19/2020,1.985,1.951,2.027,1.942,211.30K,1.33%
05/18/2020,1.959,1.903,2.02,1.878,203.55K,6.87%
05/15/2020,1.833,1.87,1.92,1.822,124.88K,-2.71%
05/14/2020,1.884,1.882,1.928,1.851,149.55K,1.51%
05/13/2020,1.856,1.95,1.975,1.838,200.95K,-5.55%
05/12/2020,1.965,2.096,2.103,1.938,169.78K,-5.76%
05/11/2020,2.085,2.089,2.125,2.064,129.56K,0.39%
05/08/2020,2.077,2.126,2.141,2.066,97.49K,-2.35%
05/07/2020,2.127,2.179,2.199,2.116,104.15K,-2.03%
05/06/2020,2.171,2.267,2.287,2.162,87.56K,-6.10%
05/05/2020,2.312,2.231,2.364,2.227,109.35K,3.68%
05/04/2020,2.23,2.195,2.241,2.168,61.06K,4.50%
05/01/2020,2.134,2.161,2.225,2.119,73.91K,-1.66%
04/30/2020,2.17,2.104,2.175,2.055,59.62K,3.78%
04/29/2020,2.091,2.186,2.198,2.085,47.81K,7.34%
04/28/2020,1.948,1.92,2.018,1.884,157.78K,1.67%
04/27/2020,1.916,1.867,1.927,1.765,233.56K,1.11%
04/24/2020,1.895,1.955,1.988,1.865,171.27K,-2.42%
04/23/2020,1.942,2.041,2.071,1.931,148.28K,-5.41%
04/22/2020,2.053,1.991,2.077,1.928,183.68K,3.48%
04/21/2020,1.984,2.066,2.1,1.937,254.74K,-3.17%
04/20/2020,2.049,1.93,2.085,1.86,170.05K,7.67%
04/17/2020,1.903,1.852,1.96,1.819,129.54K,3.14%
04/16/2020,1.845,1.743,1.877,1.705,189.89K,5.55%
04/15/2020,1.748,1.819,1.831,1.738,105.81K,-4.27%
04/14/2020,1.826,1.883,1.9,1.81,112.16K,-2.82%
04/13/2020,1.879,1.882,1.937,1.842,109.97K,0.86%
04/09/2020,1.863,1.898,1.93,1.843,118.69K,-1.74%
04/08/2020,1.896,2,2.007,1.884,117.93K,-2.72%
04/07/2020,1.949,1.879,2.002,1.861,146.17K,5.69%
04/06/2020,1.844,1.768,1.865,1.745,76.47K,6.10%
04/03/2020,1.738,1.672,1.777,1.651,64.20K,3.95%
04/02/2020,1.672,1.715,1.746,1.649,70.80K,-2.34%
04/01/2020,1.712,1.753,1.786,1.702,59.13K,-2.51%
03/31/2020,1.756,1.8,1.834,1.751,66.23K,-2.12%
03/30/2020,1.794,1.737,1.81,1.714,46.51K,7.36%
03/27/2020,1.671,1.699,1.71,1.648,114.35K,-1.07%
03/26/2020,1.689,1.725,1.743,1.672,129.32K,-1.46%
03/25/2020,1.714,1.741,1.782,1.697,96.08K,-0.87%
03/24/2020,1.729,1.66,1.752,1.656,133.25K,3.35%
03/23/2020,1.673,1.612,1.702,1.587,130.43K,-0.12%
03/20/2020,1.675,1.723,1.772,1.646,160.64K,-2.95%
03/19/2020,1.726,1.683,1.732,1.649,169.73K,4.80%
03/18/2020,1.647,1.762,1.766,1.594,197.87K,-6.90%
03/17/2020,1.769,1.831,1.86,1.752,128.84K,-4.53%
03/16/2020,1.853,1.891,1.891,1.814,128.84K,-2.52%
03/13/2020,1.901,1.851,1.986,1.836,147.17K,0.85%
03/12/2020,1.885,1.923,1.924,1.801,179.00K,-1.87%
03/11/2020,1.921,1.979,2.044,1.906,206.90K,-3.22%
03/10/2020,1.985,1.876,2.002,1.836,216.86K,9.13%
03/09/2020,1.819,1.72,1.874,1.657,182.92K,4.06%
03/06/2020,1.748,1.803,1.804,1.745,131.62K,-3.59%
03/05/2020,1.813,1.872,1.884,1.796,69.60K,-2.79%
03/04/2020,1.865,1.839,1.881,1.822,59.25K,1.47%
03/03/2020,1.838,1.804,1.876,1.794,86.86K,2.28%
03/02/2020,1.797,1.739,1.806,1.729,94.82K,3.75%
02/28/2020,1.732,1.795,1.796,1.694,88.13K,-3.78%
02/27/2020,1.8,1.872,1.874,1.766,104.12K,-2.01%
02/26/2020,1.837,1.852,1.886,1.82,163.42K,-0.76%
02/25/2020,1.851,1.853,1.879,1.833,166.76K,0.43%
02/24/2020,1.843,1.891,1.893,1.839,156.38K,-3.86%
02/21/2020,1.917,1.924,1.93,1.874,182.59K,-0.73%
02/20/2020,1.931,1.973,2.024,1.919,272.83K,-2.03%
02/19/2020,1.971,1.958,1.986,1.941,249.02K,0.00%
02/18/2020,1.971,1.892,1.974,1.885,269.47K,2.12%
02/17/2020,1.93,1.901,1.946,1.889,,1.47%
02/16/2020,1.902,1.849,1.907,1.849,,2.48%
02/14/2020,1.856,1.851,1.872,1.831,128.68K,0.00%
02/13/2020,1.856,1.868,1.894,1.853,211.02K,-0.96%
02/12/2020,1.874,1.819,1.885,1.819,227.09K,2.80%
02/11/2020,1.823,1.804,1.833,1.788,210.38K,1.05%
02/10/2020,1.804,1.85,1.851,1.796,249.66K,-4.65%
02/07/2020,1.892,1.888,1.915,1.869,198.64K,0.26%
02/06/2020,1.887,1.891,1.927,1.857,104.50K,0.00%
02/05/2020,1.887,1.902,1.909,1.857,93.33K,-0.79%
02/04/2020,1.902,1.862,1.917,1.847,97.02K,2.15%
02/03/2020,1.862,1.895,1.924,1.857,102.14K,-1.27%
01/31/2020,1.886,1.872,1.895,1.859,76.39K,0.75%
01/30/2020,1.872,1.915,1.926,1.864,114.63K,0.38%
01/29/2020,1.865,1.913,1.922,1.858,171.88K,-2.25%
01/28/2020,1.908,1.878,1.927,1.86,192.22K,1.60%
01/27/2020,1.878,1.91,1.953,1.865,189.26K,0.43%
01/24/2020,1.87,1.914,1.919,1.854,177.58K,-1.79%
01/23/2020,1.904,1.908,1.957,1.897,198.07K,0.21%
01/22/2020,1.9,1.902,1.928,1.889,222.41K,0.58%
01/21/2020,1.889,1.963,1.963,1.826,226.91K,-2.53%
01/20/2020,1.938,1.905,1.948,1.893,,1.73%
01/19/2020,1.905,1.958,1.964,1.804,,-4.03%
01/17/2020,1.985,2.046,2.048,1.977,177.94K,-2.98%
01/16/2020,2.046,2.097,2.124,2.038,167.46K,-1.78%
01/15/2020,2.083,2.146,2.152,2.08,175.80K,-3.16%
01/14/2020,2.151,2.158,2.204,2.139,222.51K,-0.32%
01/13/2020,2.158,2.175,2.181,2.125,167.50K,-0.46%
01/10/2020,2.168,2.148,2.184,2.121,194.31K,0.93%
01/09/2020,2.148,2.138,2.154,2.092,166.55K,0.66%
01/08/2020,2.134,2.148,2.164,2.103,170.26K,-0.88%
01/07/2020,2.153,2.144,2.166,2.103,82.70K,0.89%
01/06/2020,2.134,2.095,2.155,2.083,79.91K,1.04%
01/03/2020,2.112,2.1,2.133,2.062,61.29K,0.91%
01/02/2020,2.093,2.152,2.158,2.088,73.01K,-3.95%
01/01/2020,2.179,2.182,2.183,2.173,,0.97%
12/31/2019,2.158,2.16,2.177,2.126,51.32K,0.05%
12/30/2019,2.157,2.189,2.199,2.155,41.47K,-3.32%
12/27/2019,2.231,2.273,2.275,2.167,223.90K,-2.36%
12/26/2019,2.285,2.207,2.29,2.207,134.83K,2.19%
12/25/2019,2.236,2.208,2.237,2.208,,2.24%
12/24/2019,2.187,2.215,2.234,2.18,83.78K,-1.35%
12/23/2019,2.217,2.246,2.256,2.203,151.67K,-4.03%
12/20/2019,2.31,2.277,2.325,2.27,130.70K,1.99%
12/19/2019,2.265,2.261,2.282,2.221,179.41K,0.04%
12/18/2019,2.264,2.303,2.311,2.243,131.37K,-1.69%
12/17/2019,2.303,2.328,2.343,2.271,98.95K,-0.99%
12/16/2019,2.326,2.279,2.351,2.274,104.15K,1.93%
12/13/2019,2.282,2.327,2.328,2.241,100.44K,-1.64%
12/12/2019,2.32,2.247,2.341,2.244,159.57K,3.43%
12/11/2019,2.243,2.263,2.292,2.24,117.30K,-0.88%
12/10/2019,2.263,2.258,2.279,2.219,142.58K,1.30%
12/09/2019,2.234,2.208,2.258,2.169,170.09K,-3.67%
12/06/2019,2.319,2.39,2.409,2.313,115.36K,-3.29%
12/05/2019,2.398,2.376,2.43,2.368,54.79K,1.01%
12/04/2019,2.374,2.417,2.427,2.34,52.55K,-1.29%
12/03/2019,2.405,2.322,2.468,2.318,94.74K,4.20%
12/02/2019,2.308,2.31,2.343,2.271,53.94K,2.03%
11/29/2019,2.262,2.466,2.481,2.253,50.68K,-8.16%
11/28/2019,2.463,2.495,2.513,2.454,,-0.28%
11/27/2019,2.47,2.497,2.521,2.458,32.13K,-2.49%
11/26/2019,2.533,2.58,2.583,2.5,241.56K,-1.97%
11/25/2019,2.584,2.738,2.743,2.564,271.67K,-4.65%
11/22/2019,2.71,2.635,2.724,2.601,180.12K,3.36%
11/21/2019,2.622,2.614,2.641,2.574,148.36K,0.42%
11/20/2019,2.611,2.581,2.631,2.572,146.97K,1.36%
11/19/2019,2.576,2.608,2.626,2.57,174.76K,-2.05%
11/18/2019,2.63,2.715,2.715,2.603,144.45K,-4.36%
11/15/2019,2.75,2.711,2.785,2.682,109.43K,1.14%
11/14/2019,2.719,2.754,2.777,2.705,124.22K,1.00%
11/13/2019,2.692,2.716,2.76,2.66,136.40K,-0.81%
11/12/2019,2.714,2.725,2.769,2.696,124.98K,-0.51%
11/11/2019,2.728,2.802,2.806,2.706,142.00K,-5.05%
11/08/2019,2.873,2.871,2.905,2.839,105.07K,0.49%
11/07/2019,2.859,2.907,2.95,2.829,149.69K,-1.65%
11/06/2019,2.907,2.952,2.969,2.899,67.43K,-1.12%
11/05/2019,2.94,2.896,2.98,2.896,85.66K,1.45%
11/04/2019,2.898,2.876,2.92,2.862,78.29K,3.43%
11/01/2019,2.802,2.738,2.81,2.676,93.38K,2.56%
10/31/2019,2.732,2.777,2.826,2.705,79.21K,-1.76%
10/30/2019,2.781,2.72,2.809,2.708,69.31K,5.38%
10/29/2019,2.639,2.562,2.704,2.555,307.27K,3.29%
10/28/2019,2.555,2.505,2.588,2.499,248.06K,3.90%
10/25/2019,2.459,2.477,2.48,2.432,97.75K,-0.24%
10/24/2019,2.465,2.424,2.477,2.416,136.03K,1.57%
10/23/2019,2.427,2.442,2.46,2.415,131.58K,-0.90%
10/22/2019,2.449,2.436,2.478,2.436,178.97K,0.33%
10/21/2019,2.441,2.524,2.524,2.413,160.29K,-3.02%
10/18/2019,2.517,2.518,2.551,2.488,98.47K,0.04%
10/17/2019,2.516,2.485,2.54,2.479,106.43K,0.84%
10/16/2019,2.495,2.532,2.564,2.474,102.70K,-1.46%
10/15/2019,2.532,2.495,2.537,2.485,100.87K,1.36%
10/14/2019,2.498,2.469,2.527,2.457,90.64K,1.67%
10/11/2019,2.457,2.405,2.467,2.388,180.15K,1.65%
10/10/2019,2.417,2.438,2.457,2.405,144.01K,-0.78%
10/09/2019,2.436,2.488,2.504,2.432,115.26K,-2.21%
10/08/2019,2.491,2.485,2.525,2.471,99.28K,-0.36%
10/07/2019,2.5,2.506,2.52,2.477,99.90K,-0.95%
10/04/2019,2.524,2.508,2.568,2.446,94.68K,0.96%
10/03/2019,2.5,2.455,2.524,2.4,111.69K,2.00%
10/02/2019,2.451,2.481,2.501,2.449,57.98K,-1.17%
10/01/2019,2.48,2.503,2.509,2.466,110.60K,-0.96%
09/30/2019,2.504,2.543,2.555,2.498,63.90K,-2.38%
09/27/2019,2.565,2.596,2.599,2.539,52.30K,4.99%
09/26/2019,2.443,2.524,2.562,2.412,242.12K,-2.98%
09/25/2019,2.518,2.524,2.536,2.472,167.22K,-0.28%
09/24/2019,2.525,2.557,2.617,2.515,130.62K,-1.17%
09/23/2019,2.555,2.54,2.569,2.511,140.84K,0.00%
09/20/2019,2.555,2.58,2.604,2.532,119.25K,-0.54%
09/19/2019,2.569,2.665,2.665,2.563,178.52K,-3.60%
09/18/2019,2.665,2.695,2.726,2.629,103.90K,-1.30%
09/17/2019,2.7,2.729,2.745,2.673,109.65K,-0.92%
09/16/2019,2.725,2.725,2.738,2.677,144.62K,2.71%
09/13/2019,2.653,2.605,2.675,2.586,129.87K,1.84%
09/12/2019,2.605,2.583,2.616,2.551,142.97K,0.62%
09/11/2019,2.589,2.622,2.641,2.571,137.02K,-1.18%
09/10/2019,2.62,2.643,2.685,2.612,170.21K,-0.19%
09/09/2019,2.625,2.592,2.646,2.548,144.31K,2.90%
09/06/2019,2.551,2.495,2.556,2.456,87.18K,2.41%
09/05/2019,2.491,2.487,2.517,2.441,104.91K,-0.04%
09/04/2019,2.492,2.391,2.503,2.384,102.24K,3.96%
09/03/2019,2.397,2.337,2.403,2.311,88.08K,3.68%
09/02/2019,2.312,2.274,2.343,2.268,,1.63%
09/01/2019,2.275,2.292,2.292,2.274,,-2.11%
08/30/2019,2.324,2.337,2.346,2.305,71.69K,-0.77%
08/29/2019,2.342,2.29,2.356,2.271,72.80K,5.40%
08/28/2019,2.222,2.192,2.27,2.187,184.10K,1.37%
08/27/2019,2.192,2.229,2.235,2.175,157.81K,-1.84%
08/26/2019,2.233,2.171,2.241,2.16,146.40K,3.57%
08/23/2019,2.156,2.154,2.17,2.126,105.55K,-0.32%
08/22/2019,2.163,2.177,2.2,2.148,118.67K,-0.64%
08/21/2019,2.177,2.217,2.238,2.162,174.13K,-1.89%
08/20/2019,2.219,2.204,2.23,2.188,88.65K,0.27%
08/19/2019,2.213,2.171,2.221,2.139,109.21K,0.27%
08/16/2019,2.207,2.225,2.23,2.175,88.82K,-1.34%
08/15/2019,2.237,2.167,2.273,2.148,156.71K,3.85%
08/14/2019,2.154,2.173,2.213,2.133,87.52K,-0.23%
08/13/2019,2.159,2.119,2.184,2.101,136.58K,1.98%
08/12/2019,2.117,2.135,2.167,2.106,114.12K,-0.75%
08/09/2019,2.133,2.14,2.159,2.084,107.73K,-0.61%
08/08/2019,2.146,2.103,2.169,2.103,115.24K,2.24%
08/07/2019,2.099,2.121,2.158,2.09,118.89K,-1.18%
08/06/2019,2.124,2.104,2.145,2.09,70.19K,1.97%
08/05/2019,2.083,2.091,2.122,2.045,73.02K,-2.21%
08/02/2019,2.13,2.184,2.211,2.089,90.55K,-3.71%
08/01/2019,2.212,2.257,2.338,2.177,121.72K,-1.69%
07/31/2019,2.25,2.16,2.287,2.151,83.62K,4.17%
07/30/2019,2.16,2.135,2.165,2.13,37.78K,2.08%
07/29/2019,2.116,2.154,2.164,2.101,157.69K,-1.58%
07/26/2019,2.15,2.22,2.225,2.147,173.50K,-3.46%
07/25/2019,2.227,2.213,2.248,2.206,113.29K,1.14%
07/24/2019,2.202,2.264,2.273,2.192,157.80K,-3.21%
07/23/2019,2.275,2.3,2.305,2.264,108.28K,-0.78%
07/22/2019,2.293,2.22,2.302,2.211,145.49K,2.92%
07/19/2019,2.228,2.267,2.276,2.217,100.39K,-1.55%
07/18/2019,2.263,2.283,2.326,2.242,122.81K,-0.66%
07/17/2019,2.278,2.296,2.32,2.263,85.12K,-0.35%
07/16/2019,2.286,2.372,2.385,2.277,118.68K,-4.19%
07/15/2019,2.386,2.442,2.444,2.359,104.23K,-1.97%
07/12/2019,2.434,2.394,2.458,2.385,126.73K,1.37%
07/11/2019,2.401,2.428,2.472,2.377,126.68K,-1.32%
07/10/2019,2.433,2.42,2.476,2.407,123.37K,0.70%
07/09/2019,2.416,2.382,2.423,2.347,119.58K,1.34%
07/08/2019,2.384,2.431,2.437,2.346,113.54K,-0.21%
07/05/2019,2.389,2.26,2.412,2.237,69.52K,4.55%
07/04/2019,2.285,2.288,2.3,2.264,,0.97%
07/03/2019,2.263,2.217,2.267,2.214,48.24K,2.07%
07/02/2019,2.217,2.242,2.271,2.209,42.30K,-1.12%
07/01/2019,2.242,2.3,2.306,2.193,56.49K,-1.75%
06/28/2019,2.282,2.294,2.338,2.275,58.72K,-0.70%
06/27/2019,2.298,2.246,2.313,2.241,38.89K,1.32%
06/26/2019,2.268,2.263,2.305,2.256,125.47K,-0.79%
06/25/2019,2.286,2.279,2.296,2.235,125.72K,0.09%
06/24/2019,2.284,2.174,2.298,2.174,143.46K,5.30%
06/21/2019,2.169,2.191,2.202,2.158,131.80K,0.14%
06/20/2019,2.166,2.265,2.281,2.134,228.38K,-4.29%
06/19/2019,2.263,2.31,2.341,2.255,142.49K,-2.08%
06/18/2019,2.311,2.361,2.386,2.3,95.76K,-2.61%
06/17/2019,2.373,2.383,2.413,2.349,74.13K,-0.34%
06/14/2019,2.381,2.323,2.393,2.322,78.25K,2.54%
06/13/2019,2.322,2.373,2.379,2.317,101.41K,-2.48%
06/12/2019,2.381,2.397,2.4,2.361,101.05K,-0.50%
06/11/2019,2.393,2.355,2.401,2.329,99.07K,1.83%
06/10/2019,2.35,2.334,2.357,2.321,95.27K,0.82%
06/07/2019,2.331,2.337,2.349,2.305,94.39K,0.30%
06/06/2019,2.324,2.371,2.393,2.307,74.80K,-2.35%
06/05/2019,2.38,2.42,2.429,2.359,39.82K,-1.61%
06/04/2019,2.419,2.417,2.444,2.386,45.72K,0.67%
06/03/2019,2.403,2.445,2.479,2.387,80.85K,-2.32%
05/31/2019,2.46,2.568,2.581,2.454,70.55K,-3.79%
05/30/2019,2.557,2.621,2.638,2.546,45.64K,-2.55%
05/29/2019,2.624,2.584,2.646,2.58,151.09K,1.55%
05/28/2019,2.584,2.605,2.622,2.544,138.56K,0.00%
05/27/2019,2.584,2.609,2.622,2.564,,-1.00%
05/26/2019,2.61,2.605,2.613,2.602,,-0.04%
05/24/2019,2.611,2.593,2.62,2.556,84.23K,0.73%
05/23/2019,2.592,2.567,2.601,2.554,137.36K,1.29%
05/22/2019,2.559,2.644,2.651,2.555,155.87K,-3.10%
05/21/2019,2.641,2.694,2.694,2.636,117.40K,-2.15%
05/20/2019,2.699,2.659,2.731,2.659,89.11K,1.31%
05/17/2019,2.664,2.671,2.694,2.652,52.36K,-0.37%
05/16/2019,2.674,2.637,2.678,2.621,75.45K,1.52%
05/15/2019,2.634,2.68,2.7,2.628,79.36K,-2.05%
05/14/2019,2.689,2.655,2.697,2.652,68.27K,1.36%
05/13/2019,2.653,2.65,2.683,2.633,82.54K,-0.08%
05/10/2019,2.655,2.626,2.682,2.608,90.71K,0.91%
05/09/2019,2.631,2.64,2.643,2.599,81.35K,-0.57%
05/08/2019,2.646,2.577,2.652,2.572,108.29K,2.84%
05/07/2019,2.573,2.553,2.59,2.55,80.66K,0.51%
05/06/2019,2.56,2.6,2.607,2.551,41.50K,-1.54%
05/03/2019,2.6,2.623,2.644,2.587,41.26K,-0.91%
05/02/2019,2.624,2.654,2.657,2.603,51.75K,-1.28%
05/01/2019,2.658,2.613,2.664,2.604,48.53K,1.57%
04/30/2019,2.617,2.637,2.659,2.612,47.02K,-0.87%
04/29/2019,2.64,2.629,2.646,2.6,33.93K,2.33%
04/26/2019,2.58,2.533,2.605,2.517,156.42K,1.26%
04/25/2019,2.548,2.51,2.558,2.477,136.86K,1.92%
04/24/2019,2.5,2.495,2.528,2.494,78.12K,0.04%
04/23/2019,2.499,2.565,2.57,2.491,151.46K,-2.31%
04/22/2019,2.558,2.535,2.578,2.531,98.38K,0.91%
04/18/2019,2.535,2.549,2.561,2.525,136.75K,-0.94%
04/17/2019,2.559,2.615,2.626,2.546,108.80K,-2.22%
04/16/2019,2.617,2.634,2.638,2.615,68.72K,-0.61%
04/15/2019,2.633,2.689,2.695,2.63,88.46K,-2.63%
04/12/2019,2.704,2.714,2.728,2.693,57.87K,-0.15%
04/11/2019,2.708,2.744,2.752,2.697,92.61K,-1.24%
04/10/2019,2.742,2.749,2.768,2.726,87.37K,0.11%
04/09/2019,2.739,2.752,2.763,2.722,69.30K,-0.33%
04/08/2019,2.748,2.702,2.763,2.702,85.46K,1.55%
04/05/2019,2.706,2.686,2.72,2.675,81.20K,0.74%
04/04/2019,2.686,2.715,2.723,2.679,56.43K,-1.07%
04/03/2019,2.715,2.731,2.733,2.7,46.31K,-0.26%
04/02/2019,2.722,2.742,2.759,2.716,42.41K,-0.98%
04/01/2019,2.749,2.715,2.774,2.707,48.33K,1.33%
03/29/2019,2.713,2.767,2.774,2.708,42.32K,-1.74%
03/28/2019,2.761,2.774,2.803,2.758,28.40K,1.54%
03/27/2019,2.719,2.749,2.75,2.69,135.19K,-1.16%
03/26/2019,2.751,2.775,2.788,2.746,82.20K,-0.83%
03/25/2019,2.774,2.735,2.786,2.72,98.30K,0.25%
03/22/2019,2.767,2.825,2.826,2.73,130.20K,-2.12%
03/21/2019,2.827,2.838,2.846,2.801,81.14K,0.07%
03/20/2019,2.825,2.862,2.87,2.817,84.29K,-1.64%
03/19/2019,2.872,2.854,2.897,2.839,81.90K,0.56%
03/18/2019,2.856,2.797,2.862,2.783,70.54K,1.93%
03/15/2019,2.802,2.848,2.86,2.798,51.89K,-2.03%
03/14/2019,2.86,2.847,2.864,2.837,61.32K,0.92%
03/13/2019,2.834,2.803,2.85,2.779,80.06K,1.32%
03/12/2019,2.797,2.792,2.81,2.765,60.33K,0.43%
03/11/2019,2.785,2.841,2.849,2.78,90.56K,-2.96%
03/08/2019,2.87,2.865,2.896,2.865,74.67K,-0.07%
03/07/2019,2.872,2.854,2.878,2.822,70.89K,0.77%
03/06/2019,2.85,2.888,2.895,2.835,57.69K,-1.18%
03/05/2019,2.884,2.857,2.892,2.846,45.31K,0.95%
03/04/2019,2.857,2.852,2.887,2.828,44.89K,-0.21%
03/01/2019,2.863,2.815,2.872,2.795,58.66K,1.42%
02/28/2019,2.823,2.822,2.848,2.799,57.97K,0.36%
02/27/2019,2.813,2.782,2.824,2.75,37.41K,0.61%
02/26/2019,2.796,2.818,2.849,2.76,143.69K,-0.67%
02/25/2019,2.815,2.772,2.821,2.75,167.37K,2.77%
02/22/2019,2.739,2.728,2.747,2.698,91.90K,0.55%
02/21/2019,2.724,2.679,2.731,2.673,130.86K,2.06%
02/20/2019,2.669,2.693,2.718,2.664,110.05K,-1.04%
02/19/2019,2.697,2.65,2.7,2.63,125.96K,1.93%
02/18/2019,2.646,2.619,2.663,2.602,,1.07%
02/17/2019,2.618,2.619,2.628,2.611,,-1.43%
02/15/2019,2.656,2.611,2.663,2.589,84.15K,1.76%
02/14/2019,2.61,2.638,2.651,2.602,85.15K,-0.42%
02/13/2019,2.621,2.689,2.689,2.601,131.19K,-3.11%
02/12/2019,2.705,2.663,2.71,2.635,123.23K,1.73%
02/11/2019,2.659,2.642,2.73,2.642,139.02K,2.11%
02/08/2019,2.604,2.59,2.636,2.573,112.72K,1.24%
02/07/2019,2.572,2.668,2.68,2.565,139.07K,-3.20%
02/06/2019,2.657,2.676,2.703,2.645,59.89K,0.26%
02/05/2019,2.65,2.644,2.687,2.627,40.48K,0.30%
02/04/2019,2.642,2.685,2.703,2.641,55.40K,-2.11%
02/01/2019,2.699,2.789,2.792,2.695,69.12K,-2.39%
01/31/2019,2.765,2.822,2.834,2.76,70.43K,-1.53%
01/30/2019,2.808,2.842,2.848,2.803,47.33K,-3.27%
01/29/2019,2.903,2.893,2.923,2.802,163.70K,1.04%
01/28/2019,2.873,2.888,2.922,2.84,177.06K,-6.48%
01/25/2019,3.072,3.042,3.09,2.946,133.91K,2.47%
01/24/2019,2.998,2.955,3.051,2.926,140.32K,2.60%
01/23/2019,2.922,2.989,3.062,2.897,144.47K,-1.68%
01/22/2019,2.972,3.12,3.145,2.961,168.71K,-10.48%
01/21/2019,3.32,3.322,3.357,3.232,,-0.09%
01/20/2019,3.323,3.319,3.344,3.312,,2.59%
01/18/2019,3.239,3.196,3.248,3.04,129.42K,2.05%
01/17/2019,3.174,3.18,3.307,3.144,115.01K,0.86%
01/16/2019,3.147,3.218,3.406,3.117,143.92K,-3.14%
01/15/2019,3.249,3.326,3.373,3.2,139.54K,-1.22%
01/14/2019,3.289,3.125,3.306,3.073,204.91K,11.68%
01/11/2019,2.945,2.842,3.002,2.841,123.05K,4.69%
01/10/2019,2.813,2.851,2.909,2.809,118.29K,-0.95%
01/09/2019,2.84,2.876,2.887,2.817,100.72K,0.18%
01/08/2019,2.835,2.864,2.932,2.829,94.53K,-0.42%
01/07/2019,2.847,2.832,2.886,2.793,54.22K,-2.00%
01/04/2019,2.905,2.791,2.909,2.778,52.51K,3.31%
01/03/2019,2.812,2.849,2.886,2.771,58.53K,-0.60%
01/02/2019,2.829,2.844,2.926,2.821,82.47K,-5.13%
01/01/2019,2.982,2.932,2.993,2.922,,4.59%
12/31/2018,2.851,3.028,3.028,2.841,76.64K,-9.43%
12/28/2018,3.148,3.325,3.332,3.126,51.88K,-11.22%
12/27/2018,3.546,3.424,3.554,3.359,144.90K,2.54%
12/26/2018,3.458,3.399,3.551,3.252,120.85K,-0.92%
12/25/2018,3.49,3.416,3.497,3.406,,1.96%
12/24/2018,3.423,3.684,3.773,3.41,97.97K,-8.72%
12/21/2018,3.75,3.633,3.762,3.537,123.13K,6.35%
12/20/2018,3.526,3.65,3.821,3.514,124.90K,-3.48%
12/19/2018,3.653,3.729,3.794,3.475,111.16K,-2.38%
12/18/2018,3.742,3.488,3.752,3.482,103.77K,8.37%
12/17/2018,3.453,3.552,3.659,3.433,110.19K,-7.99%
12/14/2018,3.753,3.976,3.998,3.718,103.75K,-6.80%
12/13/2018,4.027,4.001,4.185,3.959,96.65K,-0.20%
12/12/2018,4.035,4.229,4.275,3.984,110.83K,-5.24%
12/11/2018,4.258,4.313,4.395,4.21,98.06K,-2.34%
12/10/2018,4.36,4.47,4.533,4.278,94.35K,-0.41%
12/07/2018,4.378,4.231,4.463,4.127,86.84K,3.82%
12/06/2018,4.217,4.311,4.35,4.145,42.10K,-2.61%
12/05/2018,4.33,4.367,4.489,4.27,34.54K,0.58%
12/04/2018,4.305,4.199,4.408,4.18,42.37K,3.56%
12/03/2018,4.157,4.31,4.344,4.091,49.79K,-5.93%
11/30/2018,4.419,4.45,4.6,4.29,53.28K,-1.41%
11/29/2018,4.482,4.5,4.522,4.312,43.01K,-4.62%
11/28/2018,4.699,4.219,4.728,4.209,294.42K,9.48%
11/27/2018,4.292,4.266,4.346,4.142,191.29K,-0.16%
11/26/2018,4.299,4.114,4.326,4.038,185.26K,-1.29%
11/23/2018,4.355,4.502,4.598,4.151,125.20K,2.04%
11/22/2018,4.268,4.485,4.53,4.119,,-4.67%
11/21/2018,4.477,4.53,4.875,4.438,153.81K,-0.97%
11/20/2018,4.521,4.591,4.674,4.264,167.24K,-4.05%
11/19/2018,4.712,4.592,4.803,4.457,184.59K,9.81%
11/16/2018,4.291,3.917,4.412,3.917,170.52K,6.13%
11/15/2018,4.043,4.736,4.838,3.898,273.36K,-17.46%
11/14/2018,4.898,4.111,4.964,4.088,355.13K,18.11%
11/13/2018,4.147,3.954,4.155,3.916,241.64K,9.13%
11/12/2018,3.8,3.747,3.964,3.747,179.26K,2.12%
11/09/2018,3.721,3.562,3.827,3.561,176.01K,4.73%
11/08/2018,3.553,3.546,3.582,3.517,107.82K,-0.45%
11/07/2018,3.569,3.56,3.579,3.512,105.03K,-0.39%
11/06/2018,3.583,3.56,3.594,3.527,102.14K,0.22%
11/05/2018,3.575,3.487,3.585,3.446,128.09K,8.01%
11/02/2018,3.31,3.28,3.335,3.203,85.37K,1.07%
11/01/2018,3.275,3.324,3.358,3.255,68.52K,-0.82%
10/31/2018,3.302,3.266,3.335,3.253,87.13K,1.79%
10/30/2018,3.244,3.243,3.337,3.224,64.93K,1.44%
10/29/2018,3.198,3.187,3.203,3.133,144.08K,-0.84%
10/26/2018,3.225,3.228,3.25,3.146,171.95K,-0.95%
10/25/2018,3.256,3.241,3.286,3.202,127.27K,0.90%
10/24/2018,3.227,3.284,3.314,3.215,119.41K,-1.71%
10/23/2018,3.283,3.21,3.308,3.183,147.49K,2.15%
10/22/2018,3.214,3.289,3.304,3.201,109.10K,-2.87%
10/19/2018,3.309,3.275,3.318,3.219,101.05K,1.82%
10/18/2018,3.25,3.367,3.367,3.244,107.80K,-3.53%
10/17/2018,3.369,3.328,3.384,3.3,97.16K,2.06%
10/16/2018,3.301,3.323,3.377,3.278,77.05K,-0.27%
10/15/2018,3.31,3.28,3.33,3.236,101.34K,2.60%
10/12/2018,3.226,3.303,3.344,3.202,100.84K,-1.62%
10/11/2018,3.279,3.323,3.337,3.228,148.84K,-1.59%
10/10/2018,3.332,3.345,3.409,3.305,130.14K,1.03%
10/09/2018,3.298,3.299,3.384,3.273,148.46K,0.27%
10/08/2018,3.289,3.225,3.324,3.218,128.57K,3.17%
10/05/2018,3.188,3.242,3.274,3.161,99.85K,-1.02%
10/04/2018,3.221,3.309,3.317,3.198,94.95K,-2.31%
10/03/2018,3.297,3.25,3.326,3.228,89.85K,1.79%
10/02/2018,3.239,3.225,3.268,3.187,85.41K,2.11%
10/01/2018,3.172,3.094,3.193,3.085,90.72K,2.62%
09/28/2018,3.091,3.139,3.14,3.063,67.37K,-1.40%
09/27/2018,3.135,3.059,3.186,3.047,77.68K,5.20%
09/26/2018,2.98,3.049,3.062,2.966,227.06K,-2.55%
09/25/2018,3.058,3.033,3.062,3.013,212.22K,0.96%
09/24/2018,3.029,2.979,3.038,2.95,167.08K,1.85%
09/21/2018,2.974,2.952,2.982,2.931,162.40K,0.34%
09/20/2018,2.964,2.882,2.975,2.875,187.64K,2.85%
09/19/2018,2.882,2.893,2.908,2.872,128.46K,-0.48%
09/18/2018,2.896,2.78,2.899,2.777,187.32K,4.21%
09/17/2018,2.779,2.762,2.795,2.756,122.20K,1.02%
09/14/2018,2.751,2.797,2.802,2.747,102.57K,-1.75%
09/13/2018,2.8,2.815,2.844,2.795,114.77K,-0.71%
09/12/2018,2.82,2.83,2.859,2.811,109.95K,-0.25%
09/11/2018,2.827,2.812,2.832,2.787,87.97K,0.68%
09/10/2018,2.808,2.786,2.82,2.764,109.43K,0.65%
09/07/2018,2.79,2.793,2.802,2.778,57.92K,-0.04%
09/06/2018,2.791,2.81,2.815,2.783,71.51K,-0.78%
09/05/2018,2.813,2.837,2.861,2.804,62.91K,-1.02%
09/04/2018,2.842,2.926,2.926,2.831,90.85K,-0.80%
09/03/2018,2.865,2.896,2.896,2.82,,-1.10%
09/02/2018,2.897,2.901,2.902,2.882,,-1.43%
08/31/2018,2.939,2.908,2.954,2.908,61.51K,1.31%
08/30/2018,2.901,2.899,2.914,2.869,51.99K,1.33%
08/29/2018,2.863,2.854,2.876,2.83,137.94K,0.63%
08/28/2018,2.845,2.868,2.873,2.833,115.51K,-0.84%
08/27/2018,2.869,2.9,2.912,2.864,99.23K,-1.51%
08/24/2018,2.913,2.967,2.967,2.904,95.75K,-1.35%
08/23/2018,2.953,2.944,2.969,2.926,89.79K,0.31%
08/22/2018,2.944,2.97,2.974,2.941,71.12K,-0.67%
08/21/2018,2.964,2.944,2.974,2.94,85.64K,1.09%
08/20/2018,2.932,2.94,2.948,2.905,88.48K,-0.58%
08/17/2018,2.949,2.913,2.97,2.913,70.55K,1.24%
08/16/2018,2.913,2.948,2.955,2.898,83.08K,-1.19%
08/15/2018,2.948,2.96,2.969,2.94,59.11K,-0.61%
08/14/2018,2.966,2.934,2.979,2.931,73.59K,1.02%
08/13/2018,2.936,2.941,2.95,2.905,85.81K,-0.44%
08/10/2018,2.949,2.95,2.959,2.922,94.65K,-0.34%
08/09/2018,2.959,2.959,2.964,2.937,95.89K,0.14%
08/08/2018,2.955,2.898,2.957,2.891,113.87K,1.90%
08/07/2018,2.9,2.871,2.904,2.864,96.39K,1.19%
08/06/2018,2.866,2.862,2.875,2.835,48.20K,0.14%
08/03/2018,2.862,2.822,2.87,2.821,56.66K,1.42%
08/02/2018,2.822,2.756,2.833,2.751,65.97K,1.88%
08/01/2018,2.77,2.794,2.803,2.756,54.88K,-1.00%
07/31/2018,2.798,2.823,2.847,2.79,74.43K,-0.67%
07/30/2018,2.817,2.815,2.832,2.786,46.67K,1.26%
07/27/2018,2.782,2.758,2.797,2.757,104.67K,0.72%
07/26/2018,2.762,2.755,2.779,2.749,139.03K,0.25%
07/25/2018,2.755,2.723,2.762,2.721,90.72K,1.32%
07/24/2018,2.719,2.697,2.727,2.685,95.60K,0.89%
07/23/2018,2.695,2.705,2.711,2.688,114.82K,-1.21%
07/20/2018,2.728,2.736,2.752,2.724,80.15K,-0.29%
07/19/2018,2.736,2.703,2.743,2.671,102.76K,1.75%
07/18/2018,2.689,2.709,2.718,2.688,88.12K,-0.66%
07/17/2018,2.707,2.738,2.756,2.701,77.20K,-0.84%
07/16/2018,2.73,2.741,2.749,2.709,81.53K,0.22%
07/13/2018,2.724,2.773,2.784,2.723,93.56K,-1.52%
07/12/2018,2.766,2.787,2.796,2.759,73.91K,-1.11%
07/11/2018,2.797,2.757,2.799,2.751,61.47K,1.41%
07/10/2018,2.758,2.798,2.804,2.753,76.69K,-1.36%
07/09/2018,2.796,2.809,2.833,2.788,80.70K,-1.06%
07/06/2018,2.826,2.805,2.833,2.799,46.69K,0.50%
07/05/2018,2.812,2.835,2.868,2.799,44.88K,-1.02%
07/04/2018,2.841,2.849,2.893,2.822,,-0.18%
07/03/2018,2.846,2.841,2.878,2.83,53.81K,0.07%
07/02/2018,2.844,2.895,2.896,2.834,56.36K,-1.96%
06/29/2018,2.901,2.931,2.931,2.889,40.58K,-0.62%
06/28/2018,2.919,2.956,2.992,2.908,43.08K,-2.08%
06/27/2018,2.981,2.943,2.998,2.941,161.50K,1.71%
06/26/2018,2.931,2.93,2.947,2.902,101.09K,0.34%
06/25/2018,2.921,2.923,2.94,2.896,84.60K,-0.81%
06/22/2018,2.945,2.976,2.986,2.924,100.70K,-0.91%
06/21/2018,2.972,2.969,3.006,2.945,99.25K,0.24%
06/20/2018,2.965,2.924,2.968,2.917,100.28K,2.10%
06/19/2018,2.904,2.953,2.956,2.891,104.02K,-1.59%
06/18/2018,2.951,3.039,3.043,2.947,88.69K,-2.12%
06/15/2018,3.015,2.962,3.027,2.959,101.45K,1.93%
06/14/2018,2.958,2.946,2.966,2.92,72.74K,0.34%
06/13/2018,2.948,2.932,2.965,2.909,90.98K,0.65%
06/12/2018,2.929,2.947,2.974,2.912,92.39K,-0.41%
06/11/2018,2.941,2.932,2.966,2.917,93.65K,1.62%
06/08/2018,2.894,2.941,2.942,2.883,76.20K,-1.53%
06/07/2018,2.939,2.914,2.994,2.91,83.28K,1.03%
06/06/2018,2.909,2.906,2.929,2.89,42.87K,0.07%
06/05/2018,2.907,2.936,2.945,2.889,36.58K,-1.22%
06/04/2018,2.943,2.988,2.994,2.937,40.48K,-1.11%
06/01/2018,2.976,2.965,2.996,2.947,29.49K,0.37%
05/31/2018,2.965,2.911,3,2.909,62.65K,2.07%
05/30/2018,2.905,2.924,2.926,2.888,34.26K,0.07%
05/29/2018,2.903,2.974,3,2.864,212.20K,-2.42%
05/28/2018,2.975,2.964,3.001,2.94,,0.40%
05/25/2018,2.963,2.964,2.994,2.942,142.63K,-0.27%
05/24/2018,2.971,2.959,2.976,2.942,102.73K,0.54%
05/23/2018,2.955,2.928,2.974,2.926,142.41K,0.65%
05/22/2018,2.936,2.867,2.942,2.854,145.07K,3.02%
05/21/2018,2.85,2.859,2.879,2.845,86.39K,-1.01%
05/18/2018,2.879,2.883,2.901,2.865,77.04K,-0.24%
05/17/2018,2.886,2.838,2.89,2.804,100.31K,1.73%
05/16/2018,2.837,2.846,2.862,2.83,64.14K,-0.60%
05/15/2018,2.854,2.85,2.878,2.844,62.36K,-0.17%
05/14/2018,2.859,2.841,2.862,2.817,70.16K,1.20%
05/11/2018,2.825,2.823,2.836,2.809,84.91K,-0.11%
05/10/2018,2.828,2.759,2.833,2.732,120.72K,2.46%
05/09/2018,2.76,2.767,2.785,2.753,76.04K,0.00%
05/08/2018,2.76,2.761,2.797,2.735,83.70K,-0.25%
05/07/2018,2.767,2.74,2.797,2.722,85.58K,0.95%
05/04/2018,2.741,2.762,2.772,2.734,55.28K,-0.65%
05/03/2018,2.759,2.795,2.81,2.739,46.08K,-1.15%
05/02/2018,2.791,2.842,2.845,2.783,41.43K,-1.62%
05/01/2018,2.837,2.8,2.854,2.795,50.80K,1.32%
04/30/2018,2.8,2.805,2.817,2.769,42.43K,-0.39%
04/27/2018,2.811,2.863,2.868,2.808,41.55K,-0.99%
04/26/2018,2.839,2.812,2.844,2.799,159.93K,1.14%
04/25/2018,2.807,2.813,2.825,2.784,126.93K,-0.21%
04/24/2018,2.813,2.779,2.815,2.761,100.85K,1.37%
04/23/2018,2.775,2.77,2.783,2.737,103.19K,0.29%
04/20/2018,2.767,2.71,2.773,2.691,133.35K,2.67%
04/19/2018,2.695,2.775,2.777,2.693,156.46K,-2.64%
04/18/2018,2.768,2.772,2.818,2.763,83.49K,-0.07%
04/17/2018,2.77,2.778,2.792,2.743,50.72K,-0.50%
04/16/2018,2.784,2.78,2.806,2.769,66.61K,0.72%
04/13/2018,2.764,2.72,2.787,2.706,93.04K,1.73%
04/12/2018,2.717,2.709,2.731,2.684,113.03K,0.30%
04/11/2018,2.709,2.699,2.723,2.66,108.86K,0.56%
04/10/2018,2.694,2.737,2.761,2.682,106.72K,-1.35%
04/09/2018,2.731,2.729,2.741,2.684,136.82K,-0.58%
04/06/2018,2.747,2.732,2.768,2.729,75.77K,0.66%
04/05/2018,2.729,2.764,2.764,2.702,60.99K,-1.34%
04/04/2018,2.766,2.744,2.792,2.725,54.03K,0.77%
04/03/2018,2.745,2.734,2.755,2.719,40.54K,0.48%
04/02/2018,2.732,2.777,2.802,2.698,43.23K,-1.66%
03/29/2018,2.778,2.753,2.81,2.752,48.58K,0.98%
03/28/2018,2.751,2.769,2.78,2.74,32.74K,1.36%
03/27/2018,2.714,2.67,2.721,2.66,148.93K,2.15%
03/26/2018,2.657,2.627,2.68,2.61,130.13K,0.91%
03/23/2018,2.633,2.659,2.666,2.622,96.74K,-0.87%
03/22/2018,2.656,2.68,2.699,2.65,101.45K,-0.41%
03/21/2018,2.667,2.704,2.735,2.664,118.59K,-1.37%
03/20/2018,2.704,2.693,2.72,2.675,95.92K,0.97%
03/19/2018,2.678,2.713,2.736,2.668,86.32K,-1.40%
03/16/2018,2.716,2.716,2.729,2.698,55.75K,0.15%
03/15/2018,2.712,2.767,2.775,2.696,93.76K,-1.70%
03/14/2018,2.759,2.811,2.82,2.737,80.30K,-1.78%
03/13/2018,2.809,2.806,2.831,2.797,94.62K,0.32%
03/12/2018,2.8,2.757,2.826,2.74,103.41K,1.49%
03/09/2018,2.759,2.773,2.78,2.739,98.40K,-1.00%
03/08/2018,2.787,2.813,2.819,2.767,92.46K,-0.68%
03/07/2018,2.806,2.782,2.815,2.773,86.03K,1.01%
03/06/2018,2.778,2.743,2.785,2.738,60.55K,1.46%
03/05/2018,2.738,2.753,2.754,2.709,40.12K,0.40%
03/02/2018,2.727,2.724,2.756,2.716,40.00K,-0.07%
03/01/2018,2.729,2.701,2.756,2.672,60.55K,1.22%
02/28/2018,2.696,2.72,2.737,2.689,52.32K,-0.59%
02/27/2018,2.712,2.704,2.728,2.661,41.94K,0.97%
02/26/2018,2.686,2.67,2.723,2.642,158.11K,1.09%
02/23/2018,2.657,2.661,2.674,2.612,162.54K,-0.71%
02/22/2018,2.676,2.679,2.696,2.652,116.94K,-0.19%
02/21/2018,2.681,2.668,2.701,2.593,129.63K,1.21%
02/20/2018,2.649,2.608,2.677,2.602,123.91K,1.65%
02/19/2018,2.606,2.582,2.618,2.562,,0.93%
02/18/2018,2.582,2.57,2.587,2.568,,-0.62%
02/16/2018,2.598,2.621,2.625,2.588,85.91K,-0.84%
02/15/2018,2.62,2.646,2.661,2.58,118.32K,-0.38%
02/14/2018,2.63,2.636,2.65,2.589,118.36K,0.27%
02/13/2018,2.623,2.59,2.653,2.59,148.44K,1.71%
02/12/2018,2.579,2.574,2.625,2.565,128.79K,-0.69%
02/09/2018,2.597,2.66,2.695,2.588,145.20K,-3.28%
02/08/2018,2.685,2.692,2.73,2.674,114.98K,-0.26%
02/07/2018,2.692,2.732,2.748,2.675,131.67K,-1.14%
02/06/2018,2.723,2.747,2.754,2.681,87.68K,-0.11%
02/05/2018,2.726,2.786,2.809,2.715,79.66K,-2.36%
02/02/2018,2.792,2.813,2.834,2.784,71.39K,-0.04%
02/01/2018,2.793,2.84,2.849,2.771,130.16K,-2.34%
01/31/2018,2.86,2.965,2.965,2.833,117.72K,-3.54%
01/30/2018,2.965,2.949,2.983,2.941,109.08K,-6.38%
01/29/2018,3.167,3.08,3.188,3.038,265.22K,-0.25%
01/26/2018,3.175,3.105,3.197,3.072,259.61K,2.45%
01/25/2018,3.099,3.051,3.169,3.045,303.35K,0.62%
01/24/2018,3.08,3.09,3.132,3.024,283.94K,1.35%
01/23/2018,3.039,2.949,3.129,2.944,249.11K,3.68%
01/22/2018,2.931,2.98,2.99,2.907,150.32K,-0.34%
01/19/2018,2.941,2.988,2.998,2.926,159.02K,-1.57%
01/18/2018,2.988,3.029,3.07,2.905,177.45K,-1.19%
01/17/2018,3.024,2.964,3.038,2.929,187.26K,2.09%
01/16/2018,2.962,2.94,2.975,2.872,198.11K,-5.46%
01/15/2018,3.133,3.117,3.175,3.107,,0.55%
01/14/2018,3.116,3.124,3.124,3.091,,4.11%
01/12/2018,2.993,2.954,2.996,2.911,263.06K,2.32%
01/11/2018,2.925,2.819,2.957,2.801,256.73K,3.65%
01/10/2018,2.822,2.882,2.906,2.788,146.68K,-1.05%
01/09/2018,2.852,2.77,2.892,2.755,154.46K,2.89%
01/08/2018,2.772,2.761,2.812,2.721,133.00K,0.98%
01/05/2018,2.745,2.809,2.817,2.693,102.98K,-2.42%
01/04/2018,2.813,2.935,2.992,2.776,111.86K,-4.03%
01/03/2018,2.931,2.96,2.974,2.885,108.84K,-1.41%
01/02/2018,2.973,2.972,3.035,2.874,119.89K,-3.54%
01/01/2018,3.082,3.057,3.093,3.043,,6.06%
12/29/2017,2.906,2.886,2.956,2.873,99.95K,0.97%
12/28/2017,2.878,2.714,2.903,2.7,129.24K,5.34%
12/27/2017,2.732,2.646,2.753,2.612,175.03K,2.94%
12/26/2017,2.654,2.681,2.766,2.635,172.74K,-2.89%
12/25/2017,2.733,2.703,2.741,2.699,,2.82%
12/22/2017,2.658,2.612,2.676,2.583,98.24K,2.55%
12/21/2017,2.592,2.65,2.66,2.562,149.01K,-1.67%
12/20/2017,2.636,2.725,2.758,2.612,116.86K,-2.26%
12/19/2017,2.697,2.747,2.775,2.693,133.91K,-2.11%
12/18/2017,2.755,2.67,2.789,2.656,140.19K,4.55%
12/15/2017,2.635,2.7,2.746,2.602,117.18K,-2.55%
12/14/2017,2.704,2.72,2.734,2.658,98.87K,-1.02%
12/13/2017,2.732,2.714,2.763,2.669,136.29K,1.41%
12/12/2017,2.694,2.818,2.861,2.692,148.35K,-5.37%
12/11/2017,2.847,2.862,2.862,2.808,104.17K,1.97%
12/08/2017,2.792,2.79,2.837,2.774,118.40K,0.36%
12/07/2017,2.782,2.909,2.924,2.769,168.61K,-4.86%
12/06/2017,2.924,2.912,2.965,2.891,69.51K,0.14%
12/05/2017,2.92,2.983,3,2.881,70.00K,-2.28%
12/04/2017,2.988,3.077,3.124,2.956,61.30K,-2.45%
12/01/2017,3.063,3.035,3.118,3.035,60.06K,1.02%
11/30/2017,3.032,3.176,3.193,3.017,81.81K,-4.62%
11/29/2017,3.179,3.133,3.21,3.129,62.15K,1.63%
11/28/2017,3.128,3.04,3.154,3.028,271.47K,3.68%
11/27/2017,3.017,3.013,3.038,2.971,227.10K,3.46%
11/24/2017,2.916,3.056,3.081,2.903,188.53K,0.41%
11/23/2017,2.904,2.971,2.986,2.891,,-5.07%
11/22/2017,3.059,3.11,3.12,3.049,167.20K,-1.64%
11/21/2017,3.11,3.126,3.157,3.106,97.62K,-0.96%
11/20/2017,3.14,3.165,3.179,3.125,103.72K,-1.60%
11/17/2017,3.191,3.171,3.221,3.159,112.01K,1.21%
11/16/2017,3.153,3.187,3.203,3.147,110.44K,-0.82%
11/15/2017,3.179,3.184,3.244,3.151,100.54K,-0.75%
11/14/2017,3.203,3.239,3.245,3.163,123.71K,-1.81%
11/13/2017,3.262,3.291,3.321,3.225,117.70K,-1.33%
11/10/2017,3.306,3.303,3.318,3.272,111.59K,0.27%
11/09/2017,3.297,3.258,3.311,3.256,132.74K,0.76%
11/08/2017,3.272,3.25,3.285,3.213,123.00K,0.65%
11/07/2017,3.251,3.222,3.272,3.188,132.56K,0.59%
11/06/2017,3.232,3.18,3.242,3.154,105.33K,4.36%
11/03/2017,3.097,3.052,3.109,3.049,52.96K,1.51%
11/02/2017,3.051,3.019,3.076,3.005,67.01K,1.13%
11/01/2017,3.017,3.034,3.055,2.983,75.35K,-0.30%
10/31/2017,3.026,3.125,3.133,3.016,85.91K,-2.39%
10/30/2017,3.1,3.081,3.139,3.075,47.84K,4.59%
10/27/2017,2.964,3.052,3.054,2.946,241.05K,-2.85%
10/26/2017,3.051,3.094,3.103,3.036,157.24K,-1.01%
10/25/2017,3.082,3.153,3.156,3.076,115.56K,-1.69%
10/24/2017,3.135,3.139,3.165,3.117,105.23K,-0.67%
10/23/2017,3.156,3.18,3.198,3.127,146.58K,1.38%
10/20/2017,3.113,3.091,3.128,3.065,145.05K,0.87%
10/19/2017,3.086,3.081,3.111,3.012,185.88K,0.69%
10/18/2017,3.065,3.097,3.113,3.059,114.62K,-2.01%
10/17/2017,3.128,3.119,3.182,3.095,113.84K,0.64%
10/16/2017,3.108,3.122,3.141,3.071,94.56K,-1.65%
10/13/2017,3.16,3.149,3.185,3.142,90.20K,0.51%
10/12/2017,3.144,3.081,3.165,3.068,169.52K,2.54%
10/11/2017,3.066,3.066,3.133,3.057,126.07K,-0.16%
10/10/2017,3.071,3.022,3.073,3.014,122.98K,1.76%
10/09/2017,3.018,3.047,3.068,3.013,103.51K,-0.92%
10/06/2017,3.046,3.079,3.093,3.035,117.38K,-1.84%
10/05/2017,3.103,3.125,3.167,3.076,61.73K,-0.61%
10/04/2017,3.122,3.097,3.159,3.089,54.29K,1.20%
10/03/2017,3.085,3.11,3.119,3.068,54.99K,-0.68%
10/02/2017,3.106,3.188,3.199,3.078,68.61K,-2.36%
09/29/2017,3.181,3.192,3.21,3.161,37.56K,-0.09%
09/28/2017,3.184,3.223,3.239,3.168,49.22K,4.02%
09/27/2017,3.061,3.005,3.089,3,195.94K,2.03%
09/26/2017,3,2.995,3.025,2.974,132.73K,0.40%
09/25/2017,2.988,3,3.049,2.979,125.72K,-1.09%
09/22/2017,3.021,3.026,3.037,3.008,112.48K,0.47%
09/21/2017,3.007,3.141,3.149,3.003,191.15K,-4.51%
09/20/2017,3.149,3.171,3.203,3.136,101.25K,-0.82%
09/19/2017,3.175,3.196,3.214,3.168,91.87K,-0.63%
09/18/2017,3.195,3.11,3.207,3.11,107.18K,3.57%
09/15/2017,3.085,3.126,3.133,3.068,76.20K,-1.34%
09/14/2017,3.127,3.112,3.159,3.093,104.95K,0.29%
09/13/2017,3.118,3.062,3.137,3.062,108.52K,1.66%
09/12/2017,3.067,3.021,3.11,3.002,117.96K,1.59%
09/11/2017,3.019,2.984,3.022,2.972,93.74K,1.82%
09/08/2017,2.965,3.045,3.048,2.957,93.65K,-2.88%
09/07/2017,3.053,3.075,3.095,3.04,46.54K,-0.52%
09/06/2017,3.069,3.045,3.097,3.034,55.38K,0.82%
09/05/2017,3.044,3.093,3.129,3.037,44.12K,0.76%
09/04/2017,3.021,3.042,3.06,3.018,,-0.72%
09/03/2017,3.043,3.025,3.054,3.014,,-2.97%
09/01/2017,3.136,3.086,3.152,3.066,57.04K,1.10%
08/31/2017,3.102,3.021,3.108,2.983,61.26K,2.92%
08/30/2017,3.014,3.047,3.052,3.001,30.99K,1.04%
08/29/2017,2.983,2.959,2.99,2.934,106.59K,0.74%
08/28/2017,2.961,2.95,2.998,2.88,165.83K,1.27%
08/25/2017,2.924,2.974,2.982,2.914,108.31K,-1.95%
08/24/2017,2.982,2.956,3.015,2.95,111.29K,0.74%
08/23/2017,2.96,2.961,2.985,2.929,73.88K,-0.27%
08/22/2017,2.968,2.992,3.035,2.953,119.61K,-0.80%
08/21/2017,2.992,2.929,3.014,2.903,99.47K,2.12%
08/18/2017,2.93,2.951,2.964,2.921,61.12K,-1.21%
08/17/2017,2.966,2.92,2.972,2.886,89.81K,1.40%
08/16/2017,2.925,2.95,2.962,2.915,83.31K,-1.35%
08/15/2017,2.965,2.987,3,2.95,60.24K,-0.80%
08/14/2017,2.989,3.03,3.042,2.952,65.13K,-0.66%
08/11/2017,3.009,3.009,3.021,2.992,90.81K,-0.27%
08/10/2017,3.017,2.916,3.027,2.911,137.62K,3.32%
08/09/2017,2.92,2.835,2.933,2.835,97.19K,2.10%
08/08/2017,2.86,2.838,2.867,2.819,84.32K,0.70%
08/07/2017,2.84,2.805,2.849,2.805,93.05K,0.82%
08/04/2017,2.817,2.833,2.84,2.799,43.84K,-0.95%
08/03/2017,2.844,2.845,2.888,2.835,55.62K,-0.25%
08/02/2017,2.851,2.846,2.876,2.824,44.44K,-0.14%
08/01/2017,2.855,2.849,2.87,2.8,63.74K,0.74%
07/31/2017,2.834,2.929,2.932,2.826,72.14K,-4.93%
07/28/2017,2.981,2.993,3.017,2.962,32.04K,0.47%
07/27/2017,2.967,2.922,2.99,2.898,175.91K,1.82%
07/26/2017,2.914,2.93,2.951,2.883,110.73K,-0.58%
07/25/2017,2.931,2.893,2.936,2.881,100.47K,1.70%
07/24/2017,2.882,2.921,2.942,2.866,143.78K,-2.67%
07/21/2017,2.961,3.016,3.03,2.928,113.00K,-2.37%
07/20/2017,3.033,3.058,3.101,3.008,101.37K,-0.72%
07/19/2017,3.055,3.066,3.084,3.05,66.01K,-0.59%
07/18/2017,3.073,3.008,3.079,3.007,73.77K,2.19%
07/17/2017,3.007,2.969,3.034,2.968,61.58K,1.21%
07/14/2017,2.971,2.95,2.984,2.917,98.97K,0.78%
07/13/2017,2.948,2.985,3.007,2.934,106.56K,-0.91%
07/12/2017,2.975,3.023,3.031,2.957,103.22K,-2.07%
07/11/2017,3.038,2.919,3.043,2.917,107.53K,3.90%
07/10/2017,2.924,2.892,2.934,2.863,94.70K,2.35%
07/07/2017,2.857,2.887,2.938,2.842,46.45K,-0.83%
07/06/2017,2.881,2.851,2.891,2.848,56.43K,1.55%
07/05/2017,2.837,2.955,3.016,2.83,71.58K,-4.93%
07/04/2017,2.984,2.959,2.993,2.95,,1.05%
07/03/2017,2.953,2.953,3.048,2.935,39.66K,-2.57%
06/30/2017,3.031,3.036,3.044,2.972,39.91K,-0.20%
06/29/2017,3.037,3.074,3.114,3.028,46.05K,-1.84%
06/28/2017,3.094,3.052,3.117,3.047,119.30K,0.98%
06/27/2017,3.064,3.067,3.084,3.038,131.02K,0.49%
06/26/2017,3.049,3.003,3.073,2.993,116.99K,3.32%
06/23/2017,2.951,2.91,2.962,2.91,79.93K,1.23%
06/22/2017,2.915,2.921,2.98,2.875,105.86K,0.00%
06/21/2017,2.915,2.918,2.966,2.899,98.25K,-0.51%
06/20/2017,2.93,2.927,2.936,2.903,65.88K,0.45%
06/19/2017,2.917,2.995,2.995,2.902,108.58K,-4.67%
06/16/2017,3.06,3.076,3.102,3.042,79.42K,-0.58%
06/15/2017,3.078,2.965,3.085,2.945,108.58K,4.23%
06/14/2017,2.953,2.99,3.007,2.936,99.59K,-1.20%
06/13/2017,2.989,3.054,3.092,2.978,118.24K,-2.13%
06/12/2017,3.054,3.064,3.116,3.031,86.25K,-0.55%
06/09/2017,3.071,3.061,3.096,3.061,82.03K,0.29%
06/08/2017,3.062,3.051,3.096,3.01,102.33K,0.26%
06/07/2017,3.054,3.092,3.127,3.043,95.41K,-0.72%
06/06/2017,3.076,3.025,3.097,3.014,52.81K,1.72%
06/05/2017,3.024,3.057,3.087,2.98,54.44K,-0.56%
06/02/2017,3.041,3.087,3.087,3.03,55.78K,-0.20%
06/01/2017,3.047,3.116,3.161,3.03,64.34K,-1.99%
05/31/2017,3.109,3.19,3.205,3.1,64.48K,-2.26%
05/30/2017,3.181,3.292,3.292,3.177,61.95K,-0.62%
05/29/2017,3.201,3.236,3.245,3.192,,-1.08%
05/28/2017,3.236,3.252,3.252,3.216,,-2.24%
05/26/2017,3.31,3.282,3.328,3.254,140.94K,1.07%
05/25/2017,3.275,3.294,3.351,3.24,190.51K,-0.76%
05/24/2017,3.3,3.328,3.345,3.269,117.39K,-0.36%
05/23/2017,3.312,3.422,3.426,3.303,151.47K,-3.27%
05/22/2017,3.424,3.393,3.428,3.374,114.10K,5.16%
05/19/2017,3.256,3.184,3.27,3.181,143.46K,2.33%
05/18/2017,3.182,3.209,3.242,3.161,153.42K,-0.31%
05/17/2017,3.192,3.231,3.269,3.165,147.28K,-1.18%
05/16/2017,3.23,3.359,3.369,3.216,203.41K,-3.55%
05/15/2017,3.349,3.387,3.408,3.334,142.31K,-2.19%
05/12/2017,3.424,3.368,3.431,3.35,150.24K,1.42%
05/11/2017,3.376,3.278,3.388,3.273,199.19K,2.55%
05/10/2017,3.292,3.214,3.349,3.202,223.19K,2.01%
05/09/2017,3.227,3.178,3.246,3.173,170.98K,1.73%
05/08/2017,3.172,3.243,3.265,3.14,196.69K,-2.88%
05/05/2017,3.266,3.199,3.282,3.183,150.65K,2.51%
05/04/2017,3.186,3.22,3.254,3.165,140.03K,-1.30%
05/03/2017,3.228,3.185,3.233,3.175,89.63K,1.03%
05/02/2017,3.195,3.231,3.273,3.178,141.62K,-0.62%
05/01/2017,3.215,3.249,3.313,3.198,128.61K,-1.86%
04/28/2017,3.276,3.24,3.298,3.229,117.65K,1.14%
04/27/2017,3.239,3.255,3.266,3.207,139.12K,3.09%
04/26/2017,3.142,3.052,3.17,3.031,11.33K,3.25%
04/25/2017,3.043,3.064,3.083,3.022,64.75K,-0.75%
04/24/2017,3.066,3.094,3.149,3.031,67.85K,-1.13%
04/21/2017,3.101,3.168,3.185,3.082,114.90K,-1.84%
04/20/2017,3.159,3.191,3.219,3.134,126.00K,-0.82%
04/19/2017,3.185,3.15,3.223,3.143,158.32K,1.27%
04/18/2017,3.145,3.164,3.182,3.114,138.63K,-0.57%
04/17/2017,3.163,3.229,3.249,3.158,147.64K,-1.98%
04/13/2017,3.227,3.182,3.243,3.149,182.11K,1.26%
04/12/2017,3.187,3.168,3.197,3.132,174.01K,1.17%
04/11/2017,3.15,3.243,3.268,3.141,201.47K,-2.72%
04/10/2017,3.238,3.24,3.293,3.228,141.82K,-0.71%
04/07/2017,3.261,3.307,3.34,3.246,170.78K,-2.10%
04/06/2017,3.331,3.269,3.337,3.235,165.91K,1.99%
04/05/2017,3.266,3.293,3.347,3.254,165.27K,-0.82%
04/04/2017,3.293,3.145,3.301,3.121,232.92K,5.27%
04/03/2017,3.128,3.217,3.239,3.125,124.59K,-1.94%
03/31/2017,3.19,3.199,3.242,3.163,114.82K,-0.03%
03/30/2017,3.191,3.21,3.237,3.141,133.29K,0.50%
03/29/2017,3.175,3.089,3.183,3.082,8.02K,2.55%
03/28/2017,3.096,3.046,3.104,3.011,53.20K,1.44%
03/27/2017,3.052,3.119,3.133,3.043,59.54K,-0.78%
03/24/2017,3.076,3.05,3.092,3.016,102.12K,0.82%
03/23/2017,3.051,3.02,3.063,2.986,147.43K,1.33%
03/22/2017,3.011,3.082,3.095,3.007,125.48K,-2.65%
03/21/2017,3.093,3.08,3.113,3.033,138.76K,1.71%
03/20/2017,3.041,2.913,3.085,2.902,133.71K,3.15%
03/17/2017,2.948,2.908,2.965,2.882,102.59K,1.59%
03/16/2017,2.902,2.974,2.976,2.888,175.33K,-2.65%
03/15/2017,2.981,2.949,3.006,2.923,119.23K,1.46%
03/14/2017,2.938,3.018,3.063,2.927,156.66K,-3.45%
03/13/2017,3.043,3.083,3.089,2.99,140.78K,1.16%
03/10/2017,3.008,2.987,3.043,2.966,162.57K,1.14%
03/09/2017,2.974,2.913,2.99,2.889,178.68K,2.52%
03/08/2017,2.901,2.835,2.949,2.833,200.06K,2.73%
03/07/2017,2.824,2.872,2.89,2.815,166.48K,-2.65%
03/06/2017,2.901,2.911,2.952,2.857,216.89K,2.62%
03/03/2017,2.827,2.816,2.84,2.775,155.24K,0.82%
03/02/2017,2.804,2.791,2.835,2.73,173.32K,0.18%
03/01/2017,2.799,2.77,2.828,2.743,154.83K,0.90%
02/28/2017,2.774,2.691,2.788,2.653,183.62K,3.01%
02/27/2017,2.693,2.715,2.721,2.659,127.55K,2.51%
02/24/2017,2.627,2.62,2.67,2.587,,0.38%
02/23/2017,2.617,2.598,2.704,2.569,67.94K,0.96%
02/22/2017,2.592,2.584,2.64,2.522,69.60K,1.09%
02/21/2017,2.564,2.791,2.826,2.556,205.02K,-10.91%
02/20/2017,2.878,2.894,2.897,2.864,,-0.55%
02/19/2017,2.894,2.913,2.913,2.892,,2.12%
02/17/2017,2.834,2.84,2.899,2.83,126.49K,-0.70%
02/16/2017,2.854,2.934,2.953,2.831,138.78K,-2.43%
02/15/2017,2.925,2.939,2.994,2.913,126.12K,0.69%
02/14/2017,2.905,2.923,2.953,2.887,142.94K,-1.32%
02/13/2017,2.944,2.978,2.994,2.921,162.67K,-2.97%
02/10/2017,3.034,3.105,3.121,3.005,188.16K,-3.41%
02/09/2017,3.141,3.143,3.189,3.11,162.28K,0.48%
02/08/2017,3.126,3.14,3.164,3.06,159.48K,-0.13%
02/07/2017,3.13,3.06,3.156,3.051,177.01K,2.62%
02/06/2017,3.05,3.015,3.086,3.006,124.25K,-0.42%
02/03/2017,3.063,3.193,3.201,3.042,179.66K,-3.89%
02/02/2017,3.187,3.174,3.209,3.118,149.33K,0.60%
02/01/2017,3.168,3.134,3.228,3.113,136.18K,1.64%
01/31/2017,3.117,3.224,3.235,3.11,198.01K,-3.56%
01/30/2017,3.232,3.3,3.342,3.216,135.65K,-4.69%
01/27/2017,3.391,3.35,3.418,3.245,,0.27%
01/26/2017,3.382,3.362,3.494,3.35,75.88K,1.50%
01/25/2017,3.332,3.292,3.365,3.255,51.14K,1.62%
01/24/2017,3.279,3.28,3.35,3.259,99.03K,1.11%
01/23/2017,3.243,3.18,3.278,3.145,108.56K,1.22%
01/20/2017,3.204,3.301,3.347,3.189,138.92K,-4.87%
01/19/2017,3.368,3.325,3.404,3.257,145.48K,2.00%
01/18/2017,3.302,3.397,3.437,3.282,128.82K,-3.22%
01/17/2017,3.412,3.473,3.513,3.354,137.70K,-2.04%
01/16/2017,3.483,3.466,3.496,3.401,,0.49%
01/15/2017,3.466,3.474,3.479,3.465,,1.37%
01/13/2017,3.419,3.397,3.435,3.332,155.20K,0.97%
01/12/2017,3.386,3.295,3.45,3.294,202.40K,5.02%
01/11/2017,3.224,3.274,3.352,3.213,145.25K,-1.65%
01/10/2017,3.278,3.115,3.327,3.11,178.59K,5.64%
01/09/2017,3.103,3.253,3.275,3.098,163.39K,-5.54%
01/06/2017,3.285,3.304,3.358,3.214,140.08K,0.37%
01/05/2017,3.273,3.26,3.346,3.172,208.43K,0.18%
01/04/2017,3.267,3.317,3.358,3.236,171.53K,-1.80%
01/03/2017,3.327,3.568,3.568,3.267,254.13K,-4.94%
01/02/2017,3.5,3.56,3.56,3.459,,-6.02%
12/30/2016,3.724,3.8,3.857,3.69,96.92K,-2.05%
12/29/2016,3.802,3.872,3.884,3.754,132.57K,-3.26%
12/28/2016,3.93,3.735,3.994,3.664,17.26K,4.49%
12/27/2016,3.761,3.736,3.778,3.686,59.67K,-0.13%
12/26/2016,3.766,3.756,3.774,3.751,,2.84%
12/23/2016,3.662,3.541,3.715,3.534,58.30K,3.50%
12/22/2016,3.538,3.572,3.626,3.497,119.59K,-0.11%
12/21/2016,3.542,3.311,3.593,3.307,169.03K,8.55%
12/20/2016,3.263,3.401,3.408,3.242,165.29K,-3.80%
12/19/2016,3.392,3.353,3.45,3.33,119.33K,-0.67%
12/16/2016,3.415,3.42,3.434,3.343,120.43K,-0.55%
12/15/2016,3.434,3.567,3.589,3.394,190.80K,-2.99%
12/14/2016,3.54,3.477,3.572,3.444,140.16K,1.90%
12/13/2016,3.474,3.525,3.577,3.448,163.18K,-0.94%
12/12/2016,3.507,3.583,3.601,3.472,245.76K,-6.38%
12/09/2016,3.746,3.71,3.777,3.661,206.66K,1.38%
12/08/2016,3.695,3.569,3.73,3.503,233.85K,2.55%
12/07/2016,3.603,3.633,3.748,3.556,252.20K,-0.88%
12/06/2016,3.635,3.6,3.732,3.574,225.25K,-0.52%
12/05/2016,3.654,3.471,3.656,3.45,192.19K,6.34%
12/02/2016,3.436,3.539,3.568,3.378,168.56K,-1.97%
12/01/2016,3.505,3.348,3.547,3.316,210.76K,4.56%
11/30/2016,3.352,3.325,3.365,3.285,168.56K,1.12%
11/29/2016,3.315,3.359,3.367,3.277,163.40K,2.57%
11/28/2016,3.232,3.13,3.265,3.13,13.72K,4.76%
11/25/2016,3.085,3.011,3.121,3.001,36.48K,1.61%
11/24/2016,3.036,3.012,3.045,3,,0.33%
11/23/2016,3.026,2.948,3.062,2.915,65.48K,1.48%
11/22/2016,2.982,2.973,3.014,2.913,112.52K,1.08%
11/21/2016,2.95,2.898,2.973,2.891,112.52K,3.76%
11/18/2016,2.843,2.696,2.852,2.69,134.23K,5.18%
11/17/2016,2.703,2.767,2.798,2.681,140.20K,-2.21%
11/16/2016,2.764,2.71,2.782,2.669,125.53K,2.03%
11/15/2016,2.709,2.746,2.822,2.694,150.88K,-1.46%
11/14/2016,2.749,2.667,2.778,2.644,138.94K,4.96%
11/11/2016,2.619,2.656,2.685,2.555,162.83K,-0.49%
11/10/2016,2.632,2.691,2.728,2.575,185.15K,-2.16%
11/09/2016,2.69,2.612,2.743,2.546,209.32K,2.16%
11/08/2016,2.633,2.832,2.856,2.607,211.75K,-6.50%
11/07/2016,2.816,2.848,2.875,2.781,141.84K,1.77%
11/04/2016,2.767,2.815,2.82,2.741,120.82K,-0.07%
11/03/2016,2.769,2.773,2.84,2.725,170.35K,-0.82%
11/02/2016,2.792,2.852,2.889,2.769,193.68K,-3.79%
11/01/2016,2.902,2.979,3.029,2.85,228.84K,-4.10%
10/31/2016,3.026,3.15,3.163,2.978,154.85K,-2.54%
10/28/2016,3.105,3.081,3.125,3.016,157.12K,12.34%
10/27/2016,2.764,2.746,2.793,2.684,14.50K,1.21%
10/26/2016,2.731,2.757,2.776,2.627,83.05K,-1.55%
10/25/2016,2.774,2.851,2.879,2.755,99.28K,-2.01%
10/24/2016,2.831,3.007,3.044,2.827,162.04K,-5.41%
10/21/2016,2.993,3.12,3.121,2.955,170.37K,-4.71%
10/20/2016,3.141,3.173,3.201,3.101,161.64K,-0.91%
10/19/2016,3.17,3.26,3.261,3.144,156.84K,-2.85%
10/18/2016,3.263,3.252,3.317,3.248,116.94K,0.59%
10/17/2016,3.244,3.26,3.271,3.211,128.89K,-1.25%
10/14/2016,3.285,3.345,3.362,3.264,166.45K,-1.68%
10/13/2016,3.341,3.211,3.366,3.164,267.95K,4.08%
10/12/2016,3.21,3.223,3.26,3.184,171.81K,-0.83%
10/11/2016,3.237,3.272,3.3,3.209,187.56K,-1.16%
10/10/2016,3.275,3.194,3.289,3.154,204.36K,2.57%
10/07/2016,3.193,3.033,3.218,3.015,283.58K,4.72%
10/06/2016,3.049,3.03,3.071,2.972,202.36K,0.26%
10/05/2016,3.041,2.973,3.058,2.922,171.02K,2.60%
10/04/2016,2.964,2.907,2.99,2.878,145.55K,1.40%
10/03/2016,2.923,2.905,2.937,2.866,126.40K,0.59%
09/30/2016,2.906,2.966,2.977,2.892,168.14K,-1.79%
09/29/2016,2.959,3.01,3.032,2.956,131.81K,0.24%
09/28/2016,2.952,2.994,2.994,2.905,8.88K,-1.47%
09/27/2016,2.996,3.011,3.023,2.977,45.16K,-0.03%
09/26/2016,2.997,2.949,3.018,2.943,44.21K,1.42%
09/23/2016,2.955,2.995,3.021,2.933,93.79K,-1.17%
09/22/2016,2.99,3.074,3.091,2.981,132.43K,-2.19%
09/21/2016,3.057,3.078,3.098,3.029,129.47K,0.33%
09/20/2016,3.047,2.936,3.072,2.935,172.08K,3.85%
09/19/2016,2.934,2.956,2.958,2.89,106.54K,-0.47%
09/16/2016,2.948,2.918,2.963,2.866,124.00K,0.72%
09/15/2016,2.927,2.895,2.944,2.834,152.77K,1.32%
09/14/2016,2.889,2.899,2.978,2.852,175.31K,-0.69%
09/13/2016,2.909,2.902,2.942,2.887,140.06K,-0.21%
09/12/2016,2.915,2.82,2.924,2.82,189.73K,4.22%
09/09/2016,2.797,2.81,2.844,2.783,149.67K,-0.32%
09/08/2016,2.806,2.681,2.821,2.679,212.59K,4.86%
09/07/2016,2.676,2.725,2.743,2.665,139.25K,-1.51%
09/06/2016,2.717,2.764,2.77,2.708,126.92K,-1.27%
09/05/2016,2.752,2.756,2.77,2.734,,-0.22%
09/04/2016,2.758,2.764,2.764,2.755,,-1.22%
09/02/2016,2.792,2.805,2.825,2.77,88.82K,0.00%
09/01/2016,2.792,2.879,2.89,2.785,157.51K,-3.29%
08/31/2016,2.887,2.834,2.9,2.808,140.18K,2.12%
08/30/2016,2.827,2.893,2.943,2.815,133.44K,-0.91%
08/29/2016,2.853,2.847,2.896,2.831,10.33K,-0.63%
08/26/2016,2.871,2.84,2.907,2.797,49.83K,0.88%
08/25/2016,2.846,2.79,2.863,2.749,68.93K,1.79%
08/24/2016,2.796,2.761,2.819,2.749,108.01K,1.27%
08/23/2016,2.761,2.671,2.765,2.652,131.60K,3.06%
08/22/2016,2.679,2.596,2.696,2.596,143.25K,3.68%
08/19/2016,2.584,2.66,2.67,2.569,122.69K,-3.37%
08/18/2016,2.674,2.615,2.697,2.602,146.98K,2.10%
08/17/2016,2.619,2.627,2.648,2.585,122.02K,0.08%
08/16/2016,2.617,2.591,2.63,2.58,98.53K,1.04%
08/15/2016,2.59,2.565,2.636,2.561,102.33K,0.15%
08/12/2016,2.586,2.535,2.625,2.523,134.47K,1.37%
08/11/2016,2.551,2.57,2.605,2.529,181.83K,-0.39%
08/10/2016,2.561,2.619,2.65,2.551,187.74K,-2.07%
08/09/2016,2.615,2.738,2.744,2.605,221.21K,-4.84%
08/08/2016,2.748,2.749,2.761,2.705,175.88K,-0.87%
08/05/2016,2.772,2.829,2.832,2.756,145.17K,-2.19%
08/04/2016,2.834,2.842,2.885,2.81,148.30K,-0.18%
08/03/2016,2.839,2.734,2.866,2.722,155.70K,3.88%
08/02/2016,2.733,2.774,2.799,2.728,107.78K,-1.37%
08/01/2016,2.771,2.84,2.876,2.768,128.41K,-3.65%
07/29/2016,2.876,2.857,2.911,2.837,116.83K,0.10%
07/28/2016,2.873,2.673,2.893,2.651,249.34K,7.52%
07/27/2016,2.672,2.691,2.75,2.654,13.34K,-1.47%
07/26/2016,2.712,2.733,2.772,2.682,54.03K,-1.27%
07/25/2016,2.747,2.779,2.818,2.728,46.36K,-1.08%
07/22/2016,2.777,2.688,2.795,2.66,95.60K,3.16%
07/21/2016,2.692,2.665,2.71,2.625,120.59K,1.28%
07/20/2016,2.658,2.722,2.73,2.648,125.80K,-2.57%
07/19/2016,2.728,2.733,2.787,2.714,105.29K,0.22%
07/18/2016,2.722,2.775,2.799,2.708,89.83K,-1.23%
07/15/2016,2.756,2.73,2.778,2.669,122.44K,1.06%
07/14/2016,2.727,2.751,2.769,2.709,126.99K,-0.37%
07/13/2016,2.737,2.738,2.799,2.702,131.50K,0.11%
07/12/2016,2.734,2.717,2.751,2.687,143.03K,1.18%
07/11/2016,2.702,2.819,2.871,2.696,151.03K,-3.53%
07/08/2016,2.801,2.758,2.825,2.748,98.79K,0.86%
07/07/2016,2.777,2.803,2.841,2.725,138.17K,-0.32%
07/06/2016,2.786,2.768,2.802,2.697,135.88K,0.80%
07/05/2016,2.764,2.915,2.945,2.752,176.56K,-5.21%
07/04/2016,2.916,2.904,2.945,2.886,,0.45%
07/03/2016,2.903,2.915,2.915,2.882,,-2.81%
07/01/2016,2.987,2.931,2.998,2.891,114.64K,2.15%
06/30/2016,2.924,2.863,2.945,2.851,160.70K,2.13%
06/29/2016,2.863,2.879,2.974,2.844,147.25K,-1.85%
06/28/2016,2.917,2.726,2.934,2.721,13.04K,7.40%
06/27/2016,2.716,2.636,2.736,2.631,45.35K,2.03%
06/24/2016,2.662,2.703,2.703,2.625,46.17K,-1.33%
06/23/2016,2.698,2.67,2.72,2.614,141.68K,0.78%
06/22/2016,2.677,2.765,2.775,2.657,142.67K,-3.29%
06/21/2016,2.768,2.743,2.786,2.71,124.58K,0.76%
06/20/2016,2.747,2.652,2.759,2.65,158.50K,4.73%
06/17/2016,2.623,2.584,2.656,2.554,127.81K,1.67%
06/16/2016,2.58,2.592,2.639,2.553,149.53K,-0.58%
06/15/2016,2.595,2.607,2.634,2.586,107.73K,-0.35%
06/14/2016,2.604,2.576,2.621,2.535,158.70K,0.74%
06/13/2016,2.585,2.595,2.635,2.57,163.31K,1.13%
06/10/2016,2.556,2.593,2.609,2.551,165.07K,-2.33%
06/09/2016,2.617,2.465,2.63,2.451,280.22K,6.04%
06/08/2016,2.468,2.481,2.501,2.453,163.43K,-0.24%
06/07/2016,2.474,2.444,2.491,2.408,169.66K,0.32%
06/06/2016,2.466,2.439,2.48,2.399,150.66K,2.84%
06/03/2016,2.398,2.404,2.454,2.387,135.94K,-0.29%
06/02/2016,2.405,2.369,2.424,2.361,155.78K,1.01%
06/01/2016,2.381,2.287,2.386,2.277,209.91K,4.06%
05/31/2016,2.288,2.16,2.303,2.151,194.03K,5.63%
05/30/2016,2.166,2.171,2.171,2.151,,-0.23%
05/29/2016,2.171,2.163,2.176,2.155,,0.09%
05/27/2016,2.169,2.145,2.191,2.101,124.44K,10.49%
05/26/2016,1.963,1.972,1.985,1.909,14.25K,-1.46%
05/25/2016,1.992,1.98,2.008,1.955,54.78K,0.61%
05/24/2016,1.98,2.064,2.087,1.976,80.23K,-3.65%
05/23/2016,2.055,2.093,2.133,2.05,106.26K,-0.34%
05/20/2016,2.062,2.037,2.074,2.015,108.44K,1.13%
05/19/2016,2.039,2.01,2.052,1.952,175.78K,1.90%
05/18/2016,2.001,2.054,2.057,1.994,129.14K,-2.29%
05/17/2016,2.048,2.037,2.083,2.03,114.93K,0.94%
05/16/2016,2.029,2.08,2.087,2.023,122.63K,-3.20%
05/13/2016,2.096,2.134,2.164,2.075,169.40K,-2.74%
05/12/2016,2.155,2.163,2.185,2.125,144.82K,-0.83%
05/11/2016,2.173,2.164,2.183,2.114,154.96K,0.70%
05/10/2016,2.158,2.1,2.173,2.091,137.45K,2.86%
05/09/2016,2.098,2.104,2.126,2.08,109.46K,-0.14%
05/06/2016,2.101,2.084,2.109,2.045,128.48K,1.20%
05/05/2016,2.076,2.143,2.179,2.068,148.47K,-3.04%
05/04/2016,2.141,2.086,2.16,2.061,131.09K,2.64%
05/03/2016,2.086,2.053,2.104,2.041,125.19K,2.15%
05/02/2016,2.042,2.132,2.143,2.026,161.76K,-6.24%
04/29/2016,2.178,2.06,2.195,2.042,228.08K,4.81%
04/28/2016,2.078,2.149,2.155,2.054,181.45K,4.16%
04/27/2016,1.995,2.035,2.064,1.95,14.22K,-1.82%
04/26/2016,2.032,2.072,2.082,1.993,55.33K,-1.50%
04/25/2016,2.063,2.16,2.176,2.043,66.03K,-3.60%
04/22/2016,2.14,2.061,2.147,2.034,155.81K,3.48%
04/21/2016,2.068,2.073,2.107,2.053,147.70K,-0.05%
04/20/2016,2.069,2.089,2.137,2.054,189.78K,-0.91%
04/19/2016,2.088,1.934,2.096,1.925,179.59K,7.63%
04/18/2016,1.94,1.882,1.95,1.872,128.24K,2.00%
04/15/2016,1.902,1.961,1.967,1.885,137.69K,-3.45%
04/14/2016,1.97,2.045,2.048,1.957,147.14K,-3.24%
04/13/2016,2.036,2.016,2.051,2.002,164.61K,1.60%
04/12/2016,2.004,1.934,2.03,1.922,175.35K,4.81%
04/11/2016,1.912,1.951,1.951,1.907,158.32K,-3.92%
04/08/2016,1.99,2.015,2.044,1.986,163.14K,-1.39%
04/07/2016,2.018,1.904,2.024,1.892,214.84K,5.60%
04/06/2016,1.911,1.941,1.943,1.897,123.75K,-2.20%
04/05/2016,1.954,2.004,2.041,1.931,136.28K,-2.20%
04/04/2016,1.998,1.988,2.074,1.976,158.62K,2.15%
04/01/2016,1.956,1.963,1.992,1.925,115.46K,-0.15%
03/31/2016,1.959,1.99,2.028,1.93,184.46K,-1.85%
03/30/2016,1.996,1.979,2.015,1.963,116.07K,4.89%
03/29/2016,1.903,1.855,1.914,1.821,10.79K,2.98%
03/28/2016,1.848,1.785,1.852,1.766,55.16K,2.33%
03/24/2016,1.806,1.791,1.827,1.772,64.62K,0.67%
03/23/2016,1.794,1.867,1.899,1.777,121.75K,-3.70%
03/22/2016,1.863,1.813,1.87,1.796,116.29K,1.91%
03/21/2016,1.828,1.893,1.908,1.808,139.54K,-4.14%
03/18/2016,1.907,1.933,1.957,1.881,122.65K,-1.50%
03/17/2016,1.936,1.869,1.952,1.83,172.24K,3.64%
03/16/2016,1.868,1.849,1.879,1.82,112.16K,0.92%
03/15/2016,1.851,1.832,1.898,1.808,137.27K,1.76%
03/14/2016,1.819,1.818,1.857,1.771,111.24K,-0.16%
03/11/2016,1.822,1.799,1.859,1.792,135.38K,1.90%
03/10/2016,1.788,1.764,1.812,1.733,183.31K,2.05%
03/09/2016,1.752,1.727,1.784,1.715,160.68K,2.34%
03/08/2016,1.712,1.707,1.74,1.678,147.45K,1.30%
03/07/2016,1.69,1.628,1.74,1.612,158.88K,1.44%
03/04/2016,1.666,1.626,1.675,1.611,100.28K,1.65%
03/03/2016,1.639,1.672,1.695,1.63,139.56K,-2.32%
03/02/2016,1.678,1.741,1.746,1.657,128.73K,-3.67%
03/01/2016,1.742,1.707,1.775,1.685,192.97K,1.81%
02/29/2016,1.711,1.711,1.737,1.69,173.24K,-4.47%
02/26/2016,1.791,1.786,1.805,1.731,115.55K,4.68%
02/25/2016,1.711,1.773,1.776,1.682,11.51K,-3.77%
02/24/2016,1.778,1.785,1.808,1.761,41.98K,-0.22%
02/23/2016,1.782,1.832,1.848,1.773,54.65K,-2.14%
02/22/2016,1.821,1.784,1.844,1.767,92.46K,0.94%
02/19/2016,1.804,1.856,1.87,1.794,110.29K,-2.59%
02/18/2016,1.852,1.948,1.954,1.849,144.73K,-4.63%
02/17/2016,1.942,1.925,1.96,1.893,108.69K,2.05%
02/16/2016,1.903,1.952,1.963,1.879,135.74K,-0.76%
02/15/2016,1.918,1.936,1.962,1.911,,-1.01%
02/14/2016,1.937,1.934,1.952,1.926,,-1.48%
02/12/2016,1.966,1.994,2.025,1.951,102.01K,-1.40%
02/11/2016,1.994,2.052,2.093,1.98,163.83K,-2.54%
02/10/2016,2.046,2.097,2.109,2.017,147.14K,-2.48%
02/09/2016,2.098,2.129,2.134,2.065,144.49K,-1.96%
02/08/2016,2.14,2.106,2.172,2.105,197.08K,3.73%
02/05/2016,2.063,1.981,2.076,1.981,165.22K,4.61%
02/04/2016,1.972,2.042,2.048,1.954,153.16K,-3.24%
02/03/2016,2.038,2.036,2.065,1.992,124.47K,0.64%
02/02/2016,2.025,2.136,2.14,1.976,215.72K,-5.90%
02/01/2016,2.152,2.213,2.228,2.127,174.77K,-6.35%
01/29/2016,2.298,2.224,2.315,2.218,181.50K,5.32%
01/28/2016,2.182,2.145,2.231,2.088,183.96K,-0.32%
01/27/2016,2.189,2.177,2.241,2.161,11.48K,0.41%
01/26/2016,2.18,2.144,2.219,2.128,47.01K,1.02%
01/25/2016,2.158,2.156,2.175,2.081,59.78K,0.89%
01/22/2016,2.139,2.149,2.168,2.112,92.56K,0.05%
01/21/2016,2.138,2.135,2.189,2.08,161.15K,0.94%
01/20/2016,2.118,2.091,2.149,2.067,106.10K,1.29%
01/19/2016,2.091,2.055,2.17,2.044,133.09K,-0.64%
01/18/2016,2.105,2.052,2.133,2.045,,2.58%
01/17/2016,2.052,2.092,2.092,2.046,,-2.31%
01/15/2016,2.1,2.144,2.153,2.086,103.82K,-1.82%
01/14/2016,2.139,2.274,2.294,2.126,156.66K,-5.73%
01/13/2016,2.269,2.263,2.323,2.256,137.81K,0.53%
01/12/2016,2.257,2.362,2.366,2.241,157.60K,-5.80%
01/11/2016,2.396,2.446,2.48,2.355,146.84K,-3.07%
01/08/2016,2.472,2.397,2.495,2.377,163.91K,3.78%
01/07/2016,2.382,2.29,2.429,2.271,214.46K,5.07%
01/06/2016,2.267,2.345,2.36,2.241,166.28K,-2.49%
01/05/2016,2.325,2.29,2.346,2.255,123.92K,-0.39%
01/04/2016,2.334,2.366,2.375,2.239,135.24K,-0.13%
12/31/2015,2.337,2.273,2.378,2.27,144.67K,5.56%
12/30/2015,2.214,2.322,2.335,2.188,134.93K,-6.66%
12/29/2015,2.372,2.238,2.387,2.235,12.46K,6.46%
12/28/2015,2.228,2.082,2.248,2.067,65.77K,9.81%
12/24/2015,2.029,1.994,2.052,1.977,47.51K,2.32%
12/23/2015,1.983,1.912,2.009,1.871,102.22K,5.03%
12/22/2015,1.888,1.929,1.939,1.863,112.28K,-1.20%
12/21/2015,1.911,1.836,1.948,1.787,182.62K,8.15%
12/18/2015,1.767,1.738,1.805,1.684,150.92K,0.68%
12/17/2015,1.755,1.825,1.854,1.734,213.11K,-1.96%
12/16/2015,1.79,1.804,1.849,1.775,157.97K,-1.76%
12/15/2015,1.822,1.9,1.905,1.795,171.96K,-3.80%
12/14/2015,1.894,1.913,1.923,1.862,140.55K,-4.82%
12/11/2015,1.99,2.003,2.011,1.959,168.11K,-1.24%
12/10/2015,2.015,2.065,2.099,1.999,186.40K,-2.28%
12/09/2015,2.062,2.08,2.118,2.048,153.58K,-0.39%
12/08/2015,2.07,2.068,2.093,2.014,172.50K,0.15%
12/07/2015,2.067,2.159,2.162,2.06,188.74K,-5.44%
12/04/2015,2.186,2.198,2.211,2.167,85.24K,0.23%
12/03/2015,2.181,2.174,2.2,2.131,143.07K,0.74%
12/02/2015,2.165,2.221,2.225,2.151,133.51K,-2.96%
12/01/2015,2.231,2.23,2.259,2.193,140.27K,-0.18%
11/30/2015,2.235,2.175,2.25,2.175,93.35K,1.04%
11/27/2015,2.212,2.289,2.305,2.205,68.46K,-1.38%
11/26/2015,2.243,2.301,2.302,2.237,,1.68%
11/25/2015,2.206,2.196,2.235,2.133,10.36K,0.27%
11/24/2015,2.2,2.206,2.218,2.13,57.91K,-0.45%
11/23/2015,2.21,2.111,2.226,2.051,83.26K,3.03%
11/20/2015,2.145,2.26,2.275,2.123,136.87K,-5.76%
11/19/2015,2.276,2.328,2.376,2.255,146.82K,-3.03%
11/18/2015,2.347,2.368,2.41,2.328,104.25K,-1.01%
11/17/2015,2.371,2.333,2.396,2.285,125.02K,-0.59%
11/16/2015,2.385,2.449,2.46,2.33,157.36K,1.02%
11/13/2015,2.361,2.285,2.391,2.284,167.72K,4.47%
11/12/2015,2.26,2.265,2.313,2.234,151.54K,-0.13%
11/11/2015,2.263,2.332,2.35,2.249,162.91K,-2.46%
11/10/2015,2.32,2.305,2.364,2.292,149.63K,0.87%
11/09/2015,2.3,2.373,2.387,2.274,151.38K,-2.99%
11/06/2015,2.371,2.364,2.398,2.317,182.94K,0.30%
11/05/2015,2.364,2.266,2.383,2.249,174.27K,4.51%
11/04/2015,2.262,2.276,2.317,2.255,124.18K,0.40%
11/03/2015,2.253,2.254,2.293,2.236,128.36K,-0.13%
11/02/2015,2.256,2.268,2.278,2.231,122.90K,-2.80%
10/30/2015,2.321,2.248,2.336,2.188,186.38K,2.84%
10/29/2015,2.257,2.301,2.372,2.235,154.66K,11.02%
10/28/2015,2.033,2.096,2.104,2.006,12.82K,-2.82%
10/27/2015,2.092,2.074,2.115,1.948,76.12K,1.45%
10/26/2015,2.062,2.221,2.238,2.05,133.21K,-9.80%
10/23/2015,2.286,2.372,2.374,2.275,107.55K,-4.19%
10/22/2015,2.386,2.398,2.435,2.356,138.91K,-0.75%
10/21/2015,2.404,2.493,2.493,2.379,156.83K,-2.91%
10/20/2015,2.476,2.453,2.499,2.444,147.32K,1.39%
10/19/2015,2.442,2.464,2.481,2.435,95.86K,0.49%
10/16/2015,2.43,2.453,2.466,2.41,119.25K,-0.94%
10/15/2015,2.453,2.538,2.578,2.449,179.40K,-2.58%
10/14/2015,2.518,2.499,2.539,2.472,146.83K,0.80%
10/13/2015,2.498,2.544,2.555,2.487,149.91K,-1.46%
10/12/2015,2.535,2.52,2.559,2.51,134.73K,1.32%
10/09/2015,2.502,2.488,2.523,2.469,134.03K,0.16%
10/08/2015,2.498,2.474,2.53,2.452,176.17K,0.97%
10/07/2015,2.474,2.476,2.531,2.455,163.42K,0.16%
10/06/2015,2.47,2.459,2.489,2.436,140.22K,0.82%
10/05/2015,2.45,2.451,2.491,2.429,103.99K,-0.04%
10/02/2015,2.451,2.429,2.471,2.403,113.07K,0.74%
10/01/2015,2.433,2.522,2.541,2.42,165.22K,-3.61%
09/30/2015,2.524,2.585,2.611,2.511,131.36K,-2.40%
09/29/2015,2.586,2.669,2.673,2.581,115.76K,0.90%
09/28/2015,2.563,2.608,2.64,2.549,11.24K,-0.04%
09/25/2015,2.564,2.586,2.607,2.529,63.29K,-1.04%
09/24/2015,2.591,2.568,2.594,2.521,73.24K,0.86%
09/23/2015,2.569,2.576,2.604,2.558,102.00K,-0.31%
09/22/2015,2.577,2.576,2.598,2.562,99.09K,0.16%
09/21/2015,2.573,2.585,2.596,2.55,95.59K,-1.23%
09/18/2015,2.605,2.644,2.665,2.602,84.02K,-1.77%
09/17/2015,2.652,2.668,2.679,2.603,103.12K,-0.30%
09/16/2015,2.66,2.734,2.736,2.657,134.43K,-2.49%
09/15/2015,2.728,2.768,2.794,2.721,99.55K,-1.09%
09/14/2015,2.758,2.702,2.775,2.692,147.62K,2.41%
09/11/2015,2.693,2.677,2.717,2.66,104.41K,0.37%
09/10/2015,2.683,2.661,2.733,2.656,184.22K,1.21%
09/09/2015,2.651,2.693,2.707,2.641,129.97K,-2.18%
09/08/2015,2.71,2.651,2.722,2.641,142.15K,1.90%
09/07/2015,2.659,2.656,2.702,2.651,,0.13%
09/06/2015,2.656,2.644,2.657,2.644,,0.04%
09/04/2015,2.655,2.71,2.717,2.648,105.08K,-2.57%
09/03/2015,2.725,2.638,2.735,2.633,157.04K,2.91%
09/02/2015,2.648,2.689,2.699,2.632,81.04K,-2.00%
09/01/2015,2.702,2.686,2.721,2.67,94.14K,0.48%
08/31/2015,2.689,2.681,2.692,2.643,87.74K,-0.96%
08/28/2015,2.715,2.677,2.725,2.664,80.83K,2.92%
08/27/2015,2.638,2.681,2.696,2.629,9.81K,-2.04%
08/26/2015,2.693,2.694,2.714,2.668,33.49K,0.30%
08/25/2015,2.685,2.671,2.703,2.652,46.66K,1.32%
08/24/2015,2.65,2.654,2.696,2.624,105.38K,-0.97%
08/21/2015,2.676,2.753,2.76,2.67,114.84K,-2.87%
08/20/2015,2.755,2.709,2.788,2.694,142.29K,1.44%
08/19/2015,2.716,2.715,2.739,2.694,85.96K,0.44%
08/18/2015,2.704,2.73,2.735,2.68,105.54K,-0.88%
08/17/2015,2.728,2.774,2.788,2.718,120.55K,-2.61%
08/14/2015,2.801,2.809,2.836,2.781,97.80K,0.50%
08/13/2015,2.787,2.921,2.931,2.784,246.31K,-4.91%
08/12/2015,2.931,2.858,2.934,2.852,197.56K,3.06%
08/11/2015,2.844,2.835,2.861,2.796,143.15K,0.07%
08/10/2015,2.842,2.835,2.852,2.818,132.72K,1.57%
08/07/2015,2.798,2.805,2.824,2.761,155.08K,-0.53%
08/06/2015,2.813,2.782,2.838,2.726,190.87K,0.54%
08/05/2015,2.798,2.811,2.863,2.78,170.37K,-0.50%
08/04/2015,2.812,2.757,2.821,2.752,140.06K,2.33%
08/03/2015,2.748,2.725,2.785,2.707,130.21K,1.18%
07/31/2015,2.716,2.782,2.788,2.706,117.37K,-1.88%
07/30/2015,2.768,2.858,2.895,2.762,146.55K,-4.09%
07/29/2015,2.886,2.841,2.895,2.831,10.82K,2.30%
07/28/2015,2.821,2.796,2.852,2.777,52.15K,1.15%
07/27/2015,2.789,2.745,2.82,2.735,44.02K,0.47%
07/24/2015,2.776,2.807,2.815,2.773,62.91K,-1.42%
07/23/2015,2.816,2.894,2.951,2.804,181.46K,-2.80%
07/22/2015,2.897,2.89,2.915,2.841,108.39K,0.52%
07/21/2015,2.882,2.84,2.894,2.822,94.01K,2.09%
07/20/2015,2.823,2.843,2.874,2.785,141.07K,-1.64%
07/17/2015,2.87,2.863,2.897,2.826,91.16K,0.56%
07/16/2015,2.854,2.914,2.93,2.842,146.19K,-2.19%
07/15/2015,2.918,2.845,2.929,2.832,147.62K,2.75%
07/14/2015,2.84,2.868,2.934,2.822,151.86K,-0.84%
07/13/2015,2.864,2.816,2.883,2.787,183.79K,3.39%
07/10/2015,2.77,2.732,2.807,2.723,125.44K,1.61%
07/09/2015,2.726,2.687,2.738,2.644,133.12K,1.53%
07/08/2015,2.685,2.729,2.756,2.676,123.56K,-1.14%
07/07/2015,2.716,2.758,2.8,2.688,128.81K,-1.45%
07/06/2015,2.756,2.836,2.857,2.731,134.80K,-0.72%
07/03/2015,2.776,2.839,2.855,2.763,,-1.63%
07/02/2015,2.822,2.798,2.885,2.795,156.31K,1.40%
07/01/2015,2.783,2.816,2.856,2.761,124.69K,-1.73%
06/30/2015,2.832,2.806,2.837,2.752,115.06K,0.96%
06/29/2015,2.805,2.755,2.844,2.735,123.71K,1.15%
06/26/2015,2.773,2.843,2.846,2.743,,-2.70%
06/25/2015,2.85,2.769,2.854,2.752,60.08K,3.30%
06/24/2015,2.759,2.726,2.779,2.711,39.84K,1.21%
06/23/2015,2.726,2.738,2.792,2.712,105.58K,-0.26%
06/22/2015,2.733,2.749,2.753,2.715,117.99K,-2.95%
06/19/2015,2.816,2.784,2.837,2.739,117.27K,1.40%
06/18/2015,2.777,2.85,2.882,2.772,149.24K,-2.73%
06/17/2015,2.855,2.903,2.955,2.839,166.03K,-1.35%
06/16/2015,2.894,2.907,2.929,2.831,157.27K,0.17%
06/15/2015,2.889,2.769,2.919,2.764,169.33K,5.05%
06/12/2015,2.75,2.818,2.826,2.744,144.90K,-2.65%
06/11/2015,2.825,2.906,2.919,2.814,188.96K,-2.28%
06/10/2015,2.891,2.833,2.922,2.825,225.85K,1.58%
06/09/2015,2.846,2.704,2.85,2.696,246.12K,5.21%
06/08/2015,2.705,2.64,2.712,2.624,170.73K,4.44%
06/05/2015,2.59,2.628,2.646,2.581,131.56K,-1.37%
06/04/2015,2.626,2.639,2.675,2.556,166.24K,-0.30%
06/03/2015,2.634,2.703,2.724,2.625,128.12K,-2.37%
06/02/2015,2.698,2.652,2.723,2.599,145.37K,1.85%
06/01/2015,2.649,2.615,2.672,2.603,125.93K,0.26%
05/29/2015,2.642,2.716,2.722,2.633,126.73K,-2.37%
05/28/2015,2.706,2.837,2.845,2.7,167.79K,-3.87%
05/27/2015,2.815,2.827,2.887,2.797,11.49K,-0.25%
05/26/2015,2.822,2.878,2.879,2.788,59.02K,-1.78%
05/25/2015,2.873,2.871,2.888,2.869,,0.05%
05/24/2015,2.872,2.908,2.908,2.869,,-0.54%
05/22/2015,2.887,2.962,2.97,2.881,65.66K,-2.10%
05/21/2015,2.949,2.939,3.038,2.92,146.21K,1.17%
05/20/2015,2.915,2.961,3.021,2.902,113.97K,-1.12%
05/19/2015,2.948,3.02,3.105,2.938,194.67K,-2.06%
05/18/2015,3.01,2.983,3.048,2.978,95.16K,-0.20%
05/15/2015,3.016,3.017,3.036,2.971,96.22K,0.27%
05/14/2015,3.008,2.94,3.02,2.888,184.91K,2.49%
05/13/2015,2.935,2.896,2.972,2.856,142.74K,1.31%
05/12/2015,2.897,2.818,2.931,2.785,153.77K,3.39%
05/11/2015,2.802,2.914,2.935,2.796,124.58K,-2.71%
05/08/2015,2.88,2.735,2.888,2.725,201.29K,5.34%
05/07/2015,2.734,2.772,2.821,2.711,149.38K,-1.51%
05/06/2015,2.776,2.791,2.822,2.747,111.31K,-0.14%
05/05/2015,2.78,2.808,2.821,2.766,83.53K,-1.45%
05/04/2015,2.821,2.738,2.824,2.738,86.81K,1.62%
05/01/2015,2.776,2.737,2.8,2.714,118.89K,0.91%
04/30/2015,2.751,2.59,2.77,2.557,228.13K,5.56%
04/29/2015,2.606,2.531,2.612,2.511,108.18K,3.54%
04/28/2015,2.517,2.482,2.527,2.468,11.83K,1.08%
04/27/2015,2.49,2.472,2.494,2.443,69.05K,-1.62%
04/24/2015,2.531,2.546,2.561,2.518,39.87K,0.00%
04/23/2015,2.531,2.602,2.605,2.52,133.45K,-2.88%
04/22/2015,2.606,2.571,2.622,2.554,83.37K,1.20%
04/21/2015,2.575,2.549,2.597,2.533,103.65K,1.54%
04/20/2015,2.536,2.592,2.596,2.534,118.34K,-3.72%
04/17/2015,2.634,2.682,2.693,2.625,86.59K,-1.86%
04/16/2015,2.684,2.598,2.69,2.545,186.38K,2.84%
04/15/2015,2.61,2.526,2.625,2.491,136.77K,3.16%
04/14/2015,2.53,2.507,2.552,2.502,145.59K,0.76%
04/13/2015,2.511,2.487,2.543,2.475,150.88K,0.00%
04/10/2015,2.511,2.539,2.551,2.504,120.05K,-0.67%
04/09/2015,2.528,2.624,2.646,2.522,171.40K,-3.47%
04/08/2015,2.619,2.666,2.669,2.611,131.93K,-2.28%
04/07/2015,2.68,2.655,2.709,2.647,105.70K,1.13%
04/06/2015,2.65,2.681,2.698,2.633,70.63K,-2.32%
04/03/2015,2.713,2.713,2.713,2.713,,0.00%
04/02/2015,2.713,2.601,2.719,2.591,138.65K,4.15%
04/01/2015,2.605,2.637,2.67,2.583,99.02K,-1.33%
03/31/2015,2.64,2.64,2.686,2.622,76.71K,-0.15%
03/30/2015,2.644,2.624,2.673,2.608,77.70K,2.08%
03/27/2015,2.59,2.666,2.675,2.578,13.46K,-3.07%
03/26/2015,2.672,2.733,2.756,2.649,49.63K,-1.87%
03/25/2015,2.723,2.784,2.793,2.712,54.87K,-2.26%
03/24/2015,2.786,2.751,2.81,2.735,87.79K,1.94%
03/23/2015,2.733,2.741,2.756,2.691,111.02K,-1.90%
03/20/2015,2.786,2.831,2.919,2.762,145.54K,-0.96%
03/19/2015,2.813,2.909,2.928,2.776,141.09K,-3.66%
03/18/2015,2.92,2.854,2.935,2.775,153.51K,2.28%
03/17/2015,2.855,2.742,2.858,2.74,159.24K,5.12%
03/16/2015,2.716,2.705,2.748,2.68,82.67K,-0.40%
03/13/2015,2.727,2.749,2.759,2.674,95.87K,-0.26%
03/12/2015,2.734,2.828,2.864,2.725,155.48K,-3.19%
03/11/2015,2.824,2.716,2.848,2.662,149.11K,3.37%
03/10/2015,2.732,2.693,2.741,2.683,87.60K,2.02%
03/09/2015,2.678,2.775,2.778,2.668,160.37K,-5.67%
03/06/2015,2.839,2.828,2.87,2.783,118.19K,-0.07%
03/05/2015,2.841,2.777,2.864,2.743,158.57K,2.60%
03/04/2015,2.769,2.713,2.783,2.712,100.32K,2.10%
03/03/2015,2.712,2.658,2.734,2.641,90.00K,0.52%
03/02/2015,2.698,2.691,2.753,2.65,93.38K,-1.32%
02/27/2015,2.734,2.707,2.745,2.684,98.79K,1.37%
02/26/2015,2.697,2.875,2.888,2.689,161.32K,-6.81%
02/25/2015,2.894,2.922,2.966,2.852,12.47K,-0.28%
02/24/2015,2.902,2.869,2.972,2.827,79.66K,0.80%
02/23/2015,2.879,2.963,3.039,2.845,64.99K,-2.44%
02/20/2015,2.951,2.815,2.984,2.801,121.86K,4.13%
02/19/2015,2.834,2.825,2.885,2.772,146.52K,0.11%
02/18/2015,2.831,2.78,2.841,2.732,118.99K,2.61%
02/17/2015,2.759,2.818,2.896,2.697,169.19K,-3.11%
02/16/2015,2.848,2.827,2.895,2.812,,0.71%
02/15/2015,2.828,2.819,2.838,2.788,,0.84%
02/13/2015,2.804,2.715,2.811,2.656,141.01K,3.35%
02/12/2015,2.713,2.835,2.883,2.679,228.32K,-3.00%
02/11/2015,2.797,2.693,2.857,2.685,211.50K,4.48%
02/10/2015,2.677,2.62,2.746,2.609,185.72K,3.08%
02/09/2015,2.597,2.659,2.688,2.571,151.19K,0.70%
02/06/2015,2.579,2.594,2.632,2.567,132.15K,-0.81%
02/05/2015,2.6,2.661,2.698,2.578,131.28K,-2.33%
02/04/2015,2.662,2.766,2.779,2.649,109.56K,-3.34%
02/03/2015,2.754,2.692,2.783,2.65,122.98K,2.76%
02/02/2015,2.68,2.664,2.707,2.608,101.83K,-0.41%
01/30/2015,2.691,2.732,2.733,2.637,110.32K,-1.03%
01/29/2015,2.719,2.852,2.924,2.672,171.78K,-5.13%
01/28/2015,2.866,2.917,2.93,2.828,13.55K,-3.86%
01/27/2015,2.981,2.895,3.005,2.888,55.62K,3.47%
01/26/2015,2.881,2.897,2.955,2.841,62.58K,-3.52%
01/23/2015,2.986,2.858,2.994,2.855,99.07K,5.33%
01/22/2015,2.835,3,3.048,2.766,169.45K,-4.67%
01/21/2015,2.974,2.892,3.015,2.867,163.87K,5.05%
01/20/2015,2.831,3.045,3.045,2.821,169.83K,-4.70%
01/19/2015,2.97,2.992,3.04,2.953,,-0.65%
01/18/2015,2.99,3.036,3.043,2.978,,-4.38%
01/16/2015,3.127,3.191,3.228,3.024,152.32K,-0.98%
01/15/2015,3.158,3.301,3.352,3.057,219.15K,-2.32%
01/14/2015,3.233,2.954,3.337,2.932,233.23K,9.85%
01/13/2015,2.943,2.815,2.971,2.795,137.91K,5.30%
01/12/2015,2.795,2.917,2.934,2.783,130.40K,-5.13%
01/09/2015,2.946,2.959,2.99,2.888,107.33K,0.65%
01/08/2015,2.927,2.877,2.968,2.816,147.80K,1.95%
01/07/2015,2.871,2.949,3.012,2.825,134.83K,-2.28%
01/06/2015,2.938,2.921,2.955,2.811,111.34K,1.94%
01/05/2015,2.882,3.076,3.176,2.875,141.78K,-4.03%
01/02/2015,3.003,2.845,3.096,2.805,109.12K,5.70%
01/01/2015,2.841,2.916,2.916,2.825,,-1.66%
12/31/2014,2.889,3.095,3.13,2.882,115.58K,-6.63%
12/30/2014,3.094,3.168,3.178,3.079,69.72K,-2.98%
12/29/2014,3.189,3.053,3.207,3.018,13.60K,6.05%
12/26/2014,3.007,3.067,3.098,2.973,37.87K,-2.76%
12/25/2014,3.092,3.033,3.093,3.033,,2.06%
12/24/2014,3.03,3.17,3.19,3,50.88K,-4.45%
12/23/2014,3.171,3.171,3.234,3.098,90.10K,0.86%
12/22/2014,3.144,3.35,3.351,3.12,154.68K,-9.24%
12/19/2014,3.464,3.661,3.677,3.444,120.01K,-4.89%
12/18/2014,3.642,3.701,3.805,3.636,132.94K,-1.62%
12/17/2014,3.702,3.621,3.724,3.614,89.06K,2.29%
12/16/2014,3.619,3.736,3.789,3.605,108.39K,-2.69%
12/15/2014,3.719,3.93,3.936,3.699,134.65K,-2.00%
12/12/2014,3.795,3.648,3.826,3.644,124.56K,4.43%
12/11/2014,3.634,3.716,3.778,3.614,168.06K,-1.94%
12/10/2014,3.706,3.65,3.743,3.606,141.14K,1.48%
12/09/2014,3.652,3.62,3.709,3.608,146.87K,1.59%
12/08/2014,3.595,3.777,3.785,3.585,159.08K,-5.44%
12/05/2014,3.802,3.676,3.824,3.664,162.63K,4.19%
12/04/2014,3.649,3.787,3.808,3.638,143.65K,-4.10%
12/03/2014,3.805,3.863,3.866,3.757,131.45K,-1.78%
12/02/2014,3.874,4.023,4.026,3.856,144.38K,-3.32%
12/01/2014,4.007,3.975,4.041,3.928,181.56K,-1.98%
11/28/2014,4.088,4.341,4.367,4.075,94.59K,-2.48%
11/27/2014,4.192,4.353,4.366,4.188,,-3.74%
11/26/2014,4.355,4.438,4.529,4.33,131.62K,1.70%
11/25/2014,4.282,4.154,4.319,4.098,14.64K,3.16%
11/24/2014,4.151,4.047,4.158,4.006,77.92K,-2.70%
11/21/2014,4.266,4.46,4.532,4.233,98.33K,-4.97%
11/20/2014,4.489,4.408,4.503,4.25,220.24K,2.70%
11/19/2014,4.371,4.266,4.508,4.194,190.23K,2.99%
11/18/2014,4.244,4.303,4.336,4.149,211.10K,-2.23%
11/17/2014,4.341,4.148,4.347,4.113,164.39K,7.99%
11/14/2014,4.02,3.978,4.074,3.931,153.09K,1.08%
11/13/2014,3.977,4.155,4.175,3.962,169.77K,-4.97%
11/12/2014,4.185,4.218,4.227,4.143,140.52K,-1.46%
11/11/2014,4.247,4.266,4.311,4.121,173.54K,-0.19%
11/10/2014,4.255,4.509,4.544,4.246,176.12K,-3.56%
11/07/2014,4.412,4.429,4.494,4.282,219.41K,0.18%
11/06/2014,4.404,4.209,4.457,4.111,252.18K,5.01%
11/05/2014,4.194,4.144,4.315,4.132,178.92K,1.57%
11/04/2014,4.129,4.041,4.179,4.029,188.24K,2.05%
11/03/2014,4.046,4.007,4.065,3.989,155.26K,4.47%
10/31/2014,3.873,3.858,3.955,3.835,153.51K,1.20%
10/30/2014,3.827,3.793,3.873,3.768,101.28K,2.66%
10/29/2014,3.728,3.658,3.765,3.616,12.88K,2.16%
10/28/2014,3.649,3.572,3.677,3.541,59.57K,2.47%
10/27/2014,3.561,3.62,3.644,3.547,50.69K,-1.71%
10/24/2014,3.623,3.653,3.654,3.558,79.06K,0.03%
10/23/2014,3.622,3.662,3.683,3.59,135.30K,-1.01%
10/22/2014,3.659,3.7,3.718,3.651,79.90K,-1.40%
10/21/2014,3.711,3.652,3.716,3.631,96.00K,1.12%
10/20/2014,3.67,3.721,3.745,3.662,87.72K,-2.55%
10/17/2014,3.766,3.817,3.817,3.715,89.23K,-0.79%
10/16/2014,3.796,3.811,3.834,3.744,106.14K,-0.11%
10/15/2014,3.8,3.836,3.857,3.764,101.22K,-0.42%
10/14/2014,3.816,3.922,3.955,3.806,123.22K,-2.55%
10/13/2014,3.916,3.836,3.927,3.82,113.23K,1.48%
10/10/2014,3.859,3.857,3.888,3.833,87.70K,0.36%
10/09/2014,3.845,3.861,3.941,3.815,170.17K,-0.26%
10/08/2014,3.855,3.939,3.947,3.837,142.58K,-2.58%
10/07/2014,3.957,3.914,3.968,3.866,141.15K,1.51%
10/06/2014,3.898,4,4,3.887,103.48K,-3.49%
10/03/2014,4.039,3.96,4.047,3.945,96.96K,2.72%
10/02/2014,3.932,4.032,4.059,3.908,140.32K,-2.26%
10/01/2014,4.023,4.13,4.184,4.017,112.37K,-2.38%
09/30/2014,4.121,4.134,4.178,4.098,125.73K,-0.79%
09/29/2014,4.154,4.032,4.162,4.011,129.26K,4.27%
09/26/2014,3.984,3.963,3.996,3.919,9.98K,0.33%
09/25/2014,3.971,3.895,3.974,3.823,80.68K,1.53%
09/24/2014,3.911,3.833,3.922,3.796,52.71K,2.49%
09/23/2014,3.816,3.852,3.903,3.813,76.26K,-0.88%
09/22/2014,3.85,3.84,3.878,3.804,89.39K,0.34%
09/19/2014,3.837,3.908,3.922,3.834,84.73K,-1.87%
09/18/2014,3.91,4.009,4.027,3.897,127.10K,-2.57%
09/17/2014,4.013,3.991,4.04,3.96,105.99K,0.45%
09/16/2014,3.995,3.932,3.999,3.863,114.57K,1.63%
09/15/2014,3.931,3.841,3.952,3.839,136.72K,1.92%
09/12/2014,3.857,3.844,3.859,3.786,106.44K,0.89%
09/11/2014,3.823,3.954,3.963,3.809,149.89K,-3.31%
09/10/2014,3.954,3.978,3.994,3.937,77.07K,-0.75%
09/09/2014,3.984,3.887,4.016,3.853,175.06K,2.79%
09/08/2014,3.876,3.783,3.898,3.761,104.50K,2.19%
09/05/2014,3.793,3.838,3.848,3.781,72.55K,-0.68%
09/04/2014,3.819,3.853,3.879,3.789,125.45K,-0.73%
09/03/2014,3.847,3.891,3.917,3.829,109.71K,-1.11%
09/02/2014,3.89,4.048,4.078,3.885,143.80K,-4.05%
09/01/2014,4.054,4.05,4.073,4.024,,-0.27%
08/29/2014,4.065,4.056,4.085,4.012,72.91K,0.52%
08/28/2014,4.044,4.009,4.101,3.973,130.27K,2.20%
08/27/2014,3.957,3.934,3.996,3.897,11.54K,1.18%
08/26/2014,3.911,3.936,3.978,3.899,41.26K,-0.66%
08/25/2014,3.937,3.869,3.944,3.843,51.21K,2.53%
08/22/2014,3.84,3.88,3.893,3.828,54.54K,-1.26%
08/21/2014,3.889,3.831,3.955,3.786,121.32K,1.73%
08/20/2014,3.823,3.87,3.888,3.792,94.97K,-1.39%
08/19/2014,3.877,3.79,3.915,3.78,98.69K,2.24%
08/18/2014,3.792,3.746,3.825,3.727,90.65K,0.42%
08/15/2014,3.776,3.885,3.906,3.763,99.79K,-3.33%
08/14/2014,3.906,3.813,3.947,3.799,150.08K,1.96%
08/13/2014,3.831,3.979,3.986,3.812,153.54K,-3.60%
08/12/2014,3.974,3.991,4.02,3.954,98.80K,0.23%
08/11/2014,3.965,3.988,4.012,3.922,116.80K,0.08%
08/08/2014,3.962,3.877,3.975,3.872,117.92K,2.22%
08/07/2014,3.876,3.946,3.981,3.858,155.89K,-1.45%
08/06/2014,3.933,3.897,3.95,3.876,78.03K,0.92%
08/05/2014,3.897,3.841,3.915,3.826,81.11K,1.64%
08/04/2014,3.834,3.786,3.853,3.761,65.39K,0.95%
08/01/2014,3.798,3.829,3.877,3.781,89.63K,-1.12%
07/31/2014,3.841,3.787,3.89,3.76,131.86K,1.45%
07/30/2014,3.786,3.821,3.83,3.749,67.34K,-0.58%
07/29/2014,3.808,3.737,3.834,3.723,12.01K,1.63%
07/28/2014,3.747,3.736,3.85,3.728,52.29K,-0.90%
07/25/2014,3.781,3.842,3.862,3.764,34.66K,-1.72%
07/24/2014,3.847,3.767,3.886,3.744,91.78K,2.26%
07/23/2014,3.762,3.758,3.817,3.752,58.12K,-0.27%
07/22/2014,3.772,3.853,3.866,3.756,86.61K,-2.00%
07/21/2014,3.849,3.883,3.893,3.827,96.11K,-2.58%
07/18/2014,3.951,3.962,3.976,3.934,56.03K,-0.08%
07/17/2014,3.954,4.109,4.11,3.936,150.97K,-4.01%
07/16/2014,4.119,4.087,4.146,4.084,58.85K,0.54%
07/15/2014,4.097,4.157,4.158,4.081,81.09K,-1.21%
07/14/2014,4.147,4.145,4.173,4.092,91.73K,0.02%
07/11/2014,4.146,4.126,4.159,4.106,62.70K,0.63%
07/10/2014,4.12,4.173,4.193,4.108,116.15K,-1.20%
07/09/2014,4.17,4.205,4.23,4.163,89.08K,-0.81%
07/08/2014,4.204,4.228,4.238,4.129,127.05K,-0.50%
07/07/2014,4.225,4.398,4.356,4.2,112.62K,-3.30%
07/04/2014,4.369,4.393,4.394,4.343,,-0.84%
07/03/2014,4.406,4.358,4.411,4.329,92.67K,1.12%
07/02/2014,4.357,4.444,4.459,4.338,93.03K,-2.20%
07/01/2014,4.455,4.447,4.488,4.403,63.69K,-0.13%
06/30/2014,4.461,4.419,4.493,4.378,87.44K,1.18%
06/27/2014,4.409,4.444,4.466,4.375,76.33K,0.20%
06/26/2014,4.4,4.557,4.597,4.35,11.47K,-3.36%
06/25/2014,4.553,4.525,4.587,4.517,40.58K,0.40%
06/24/2014,4.535,4.437,4.556,4.431,57.87K,2.00%
06/23/2014,4.446,4.522,4.577,4.436,67.38K,-1.88%
06/20/2014,4.531,4.572,4.614,4.516,76.73K,-1.16%
06/19/2014,4.584,4.65,4.7,4.559,155.81K,-1.61%
06/18/2014,4.659,4.704,4.773,4.646,84.96K,-1.06%
06/17/2014,4.709,4.707,4.739,4.672,77.37K,0.04%
06/16/2014,4.707,4.757,4.886,4.669,113.45K,-0.68%
06/13/2014,4.739,4.754,4.793,4.716,111.22K,-0.48%
06/12/2014,4.762,4.526,4.769,4.52,229.86K,5.63%
06/11/2014,4.508,4.535,4.573,4.504,112.26K,-0.49%
06/10/2014,4.53,4.63,4.636,4.52,151.78K,-2.48%
06/09/2014,4.645,4.714,4.743,4.63,131.65K,-1.38%
06/06/2014,4.71,4.701,4.736,4.679,109.21K,0.19%
06/05/2014,4.701,4.64,4.723,4.586,153.43K,1.31%
06/04/2014,4.64,4.615,4.653,4.576,74.95K,0.24%
06/03/2014,4.629,4.617,4.662,4.593,81.59K,0.37%
06/02/2014,4.612,4.551,4.62,4.522,83.38K,1.54%
05/30/2014,4.542,4.582,4.592,4.489,101.47K,-0.37%
05/29/2014,4.559,4.608,4.665,4.529,136.18K,-1.30%
05/28/2014,4.619,4.496,4.635,4.482,11.55K,2.53%
05/27/2014,4.505,4.406,4.512,4.36,50.75K,2.51%
05/26/2014,4.394,4.398,4.406,4.39,,-0.24%
05/23/2014,4.405,4.374,4.411,4.358,38.69K,1.06%
05/22/2014,4.359,4.489,4.515,4.349,114.37K,-2.55%
05/21/2014,4.473,4.536,4.575,4.466,88.11K,-1.74%
05/20/2014,4.552,4.474,4.57,4.43,103.25K,1.83%
05/19/2014,4.47,4.414,4.523,4.39,78.21K,1.29%
05/16/2014,4.413,4.449,4.458,4.407,55.34K,-1.25%
05/15/2014,4.469,4.384,4.509,4.289,126.59K,2.34%
05/14/2014,4.367,4.372,4.403,4.339,73.56K,0.21%
05/13/2014,4.358,4.407,4.469,4.347,124.37K,-1.71%
05/12/2014,4.434,4.535,4.549,4.396,109.25K,-2.14%
05/09/2014,4.531,4.586,4.598,4.498,97.29K,-0.90%
05/08/2014,4.572,4.75,4.754,4.56,158.08K,-3.54%
05/07/2014,4.74,4.786,4.827,4.706,100.37K,-1.23%
05/06/2014,4.799,4.702,4.806,4.692,98.74K,2.37%
05/05/2014,4.688,4.775,4.775,4.651,61.24K,0.30%
05/02/2014,4.674,4.73,4.765,4.672,62.42K,-0.95%
05/01/2014,4.719,4.797,4.823,4.707,101.31K,-1.99%
04/30/2014,4.815,4.838,4.852,4.751,82.54K,-0.33%
04/29/2014,4.831,4.77,4.848,4.754,98.63K,0.75%
04/28/2014,4.795,4.642,4.808,4.636,13.73K,3.18%
04/25/2014,4.647,4.688,4.72,4.632,46.90K,-1.23%
04/24/2014,4.705,4.723,4.805,4.674,80.84K,-0.53%
04/23/2014,4.73,4.753,4.785,4.716,65.04K,-0.19%
04/22/2014,4.739,4.695,4.757,4.677,78.37K,0.89%
04/21/2014,4.697,4.756,4.789,4.687,84.80K,-0.93%
04/17/2014,4.741,4.532,4.746,4.484,169.76K,4.66%
04/16/2014,4.53,4.571,4.603,4.523,66.14K,-0.81%
04/15/2014,4.567,4.575,4.633,4.511,98.18K,0.15%
04/14/2014,4.56,4.62,4.646,4.539,79.20K,-1.30%
04/11/2014,4.62,4.635,4.673,4.605,114.00K,-0.75%
04/10/2014,4.655,4.561,4.703,4.522,201.91K,1.50%
04/09/2014,4.586,4.534,4.593,4.498,128.93K,1.15%
04/08/2014,4.534,4.469,4.552,4.456,124.60K,1.30%
04/07/2014,4.476,4.443,4.528,4.43,121.45K,0.83%
04/04/2014,4.439,4.431,4.478,4.404,70.47K,-0.69%
04/03/2014,4.47,4.369,4.483,4.313,101.68K,2.43%
04/02/2014,4.364,4.262,4.39,4.221,104.46K,2.06%
04/01/2014,4.276,4.367,4.39,4.251,108.60K,-2.17%
03/31/2014,4.371,4.482,4.487,4.337,117.49K,-2.54%
03/28/2014,4.485,4.517,4.568,4.471,68.38K,-2.16%
03/27/2014,4.584,4.395,4.615,4.372,12.43K,4.13%
03/26/2014,4.402,4.406,4.428,4.352,50.39K,-0.20%
03/25/2014,4.411,4.288,4.43,4.263,60.15K,3.16%
03/24/2014,4.276,4.312,4.35,4.262,63.83K,-0.86%
03/21/2014,4.313,4.377,4.378,4.286,70.15K,-1.28%
03/20/2014,4.369,4.471,4.474,4.349,115.25K,-2.56%
03/19/2014,4.484,4.467,4.504,4.42,61.53K,0.63%
03/18/2014,4.456,4.515,4.549,4.446,70.75K,-1.76%
03/17/2014,4.536,4.504,4.587,4.482,91.77K,2.51%
03/14/2014,4.425,4.375,4.439,4.341,70.47K,0.96%
03/13/2014,4.383,4.493,4.496,4.355,130.72K,-2.38%
03/12/2014,4.49,4.604,4.631,4.448,117.74K,-2.50%
03/11/2014,4.605,4.658,4.683,4.572,96.08K,-0.99%
03/10/2014,4.651,4.623,4.733,4.556,123.08K,0.71%
03/07/2014,4.618,4.641,4.681,4.566,81.50K,-0.94%
03/06/2014,4.662,4.566,4.695,4.506,146.17K,3.07%
03/05/2014,4.523,4.657,4.722,4.507,122.29K,-3.09%
03/04/2014,4.667,4.499,4.676,4.49,137.05K,3.90%
03/03/2014,4.492,4.69,4.736,4.463,128.97K,-2.54%
02/28/2014,4.609,4.48,4.658,4.451,111.33K,2.17%
02/27/2014,4.511,4.522,4.567,4.441,133.09K,-7.09%
02/26/2014,4.855,4.957,5.005,4.66,17.97K,-4.73%
02/25/2014,5.096,5.464,5.492,4.788,81.45K,-6.41%
02/24/2014,5.445,6.3,6.493,5.38,116.69K,-11.25%
02/21/2014,6.135,6.068,6.308,5.88,127.85K,1.17%
02/20/2014,6.064,6.095,6.4,5.882,180.03K,-1.38%
02/19/2014,6.149,5.565,6.275,5.56,242.49K,10.77%
02/18/2014,5.551,5.384,5.612,5.371,192.54K,0.43%
02/17/2014,5.528,5.446,5.533,5.372,,6.01%
02/14/2014,5.214,5.279,5.389,5.14,206.72K,-0.17%
02/13/2014,5.223,4.828,5.239,4.818,240.24K,8.32%
02/12/2014,4.822,4.942,5.028,4.78,220.39K,-0.04%
02/11/2014,4.824,4.607,4.97,4.57,171.25K,5.35%
02/10/2014,4.579,4.66,4.787,4.563,169.48K,-4.10%
02/07/2014,4.775,5.03,5.049,4.739,188.05K,-3.16%
02/06/2014,4.931,5.165,5.396,4.896,200.08K,-1.97%
02/05/2014,5.03,5.284,5.737,4.99,256.13K,-6.42%
02/04/2014,5.375,4.953,5.397,4.942,205.52K,9.58%
02/03/2014,4.905,4.85,4.986,4.751,123.16K,-0.77%
01/31/2014,4.943,4.9,4.995,4.721,187.07K,-1.36%
01/30/2014,5.011,5.467,5.477,4.9,287.69K,-9.83%
01/29/2014,5.557,4.992,5.725,4.901,17.60K,10.41%
01/28/2014,5.033,4.9,5.115,4.867,72.61K,3.84%
01/27/2014,4.847,5.153,5.442,4.828,146.76K,-6.46%
01/24/2014,5.182,4.835,5.246,4.813,231.26K,9.56%
01/23/2014,4.73,4.699,4.947,4.653,211.24K,0.87%
01/22/2014,4.689,4.47,4.725,4.433,202.37K,5.82%
01/21/2014,4.431,4.236,4.475,4.203,151.39K,3.20%
01/20/2014,4.293,4.247,4.3,4.237,,-0.75%
01/17/2014,4.326,4.37,4.385,4.293,123.00K,-1.28%
01/16/2014,4.382,4.335,4.495,4.316,263.60K,1.32%
01/15/2014,4.325,4.353,4.432,4.318,154.47K,-1.01%
01/14/2014,4.369,4.308,4.382,4.287,158.28K,2.22%
01/13/2014,4.274,4.12,4.313,4.118,177.32K,5.45%
01/10/2014,4.053,4.029,4.099,3.953,152.20K,1.20%
01/09/2014,4.005,4.187,4.194,3.999,193.82K,-5.00%
01/08/2014,4.216,4.327,4.365,4.18,134.37K,-1.93%
01/07/2014,4.299,4.308,4.43,4.262,159.42K,-0.16%
01/06/2014,4.306,4.313,4.379,4.266,91.96K,0.05%
01/03/2014,4.304,4.298,4.39,4.206,141.97K,-0.39%
01/02/2014,4.321,4.232,4.331,4.213,98.00K,2.10%
01/01/2014,4.232,4.251,4.252,4.231,,0.05%
12/31/2013,4.23,4.435,4.448,4.224,105.30K,-4.45%
12/30/2013,4.427,4.403,4.472,4.403,81.55K,0.45%
12/27/2013,4.407,4.433,4.438,4.338,15.19K,-0.59%
12/26/2013,4.433,4.439,4.465,4.377,40.69K,0.38%
12/24/2013,4.416,4.469,4.486,4.384,35.58K,-1.05%
12/23/2013,4.463,4.49,4.532,4.456,83.22K,1.02%
12/20/2013,4.418,4.471,4.492,4.402,115.41K,-0.94%
12/19/2013,4.46,4.27,4.471,4.268,200.34K,4.92%
12/18/2013,4.251,4.288,4.334,4.244,133.92K,-0.84%
12/17/2013,4.287,4.265,4.326,4.194,141.77K,0.19%
12/16/2013,4.279,4.275,4.318,4.203,163.41K,-1.65%
12/13/2013,4.351,4.389,4.443,4.341,158.93K,-1.32%
12/12/2013,4.409,4.345,4.434,4.307,252.80K,1.66%
12/11/2013,4.337,4.251,4.348,4.172,242.55K,2.36%
12/10/2013,4.237,4.24,4.287,4.199,209.52K,0.12%
12/09/2013,4.232,4.148,4.248,4.139,177.84K,2.87%
12/06/2013,4.114,4.144,4.199,4.103,218.99K,-0.44%
12/05/2013,4.132,3.965,4.152,3.951,247.40K,4.34%
12/04/2013,3.96,3.98,4.013,3.953,104.51K,-0.40%
12/03/2013,3.976,3.975,4.017,3.945,130.05K,-0.30%
12/02/2013,3.988,3.911,3.993,3.897,129.86K,0.86%
11/29/2013,3.954,3.895,3.962,3.873,89.36K,0.65%
11/28/2013,3.928,3.904,3.942,3.874,,0.86%
11/27/2013,3.895,3.866,3.918,3.834,109.47K,2.02%
11/26/2013,3.818,3.795,3.837,3.741,15.99K,0.77%
11/25/2013,3.789,3.814,3.849,3.753,69.27K,0.56%
11/22/2013,3.768,3.703,3.787,3.682,64.34K,1.78%
11/21/2013,3.702,3.67,3.743,3.661,113.94K,0.76%
11/20/2013,3.674,3.558,3.681,3.549,124.15K,3.32%
11/19/2013,3.556,3.614,3.647,3.545,106.15K,-1.69%
11/18/2013,3.617,3.681,3.705,3.611,117.34K,-1.17%
11/15/2013,3.66,3.612,3.667,3.575,95.00K,1.53%
11/14/2013,3.605,3.556,3.624,3.491,139.89K,1.09%
11/13/2013,3.566,3.646,3.662,3.54,115.26K,-1.41%
11/12/2013,3.617,3.581,3.656,3.561,110.42K,1.20%
11/11/2013,3.574,3.586,3.598,3.542,89.46K,0.42%
11/08/2013,3.559,3.52,3.589,3.51,80.00K,1.14%
11/07/2013,3.519,3.495,3.622,3.483,171.29K,0.60%
11/06/2013,3.498,3.482,3.547,3.453,124.02K,0.92%
11/05/2013,3.466,3.443,3.491,3.379,126.61K,0.61%
11/04/2013,3.445,3.475,3.475,3.406,100.68K,-1.94%
11/01/2013,3.513,3.574,3.578,3.508,115.05K,-1.90%
10/31/2013,3.581,3.638,3.659,3.56,116.77K,-1.08%
10/30/2013,3.62,3.64,3.662,3.61,85.55K,3.55%
10/29/2013,3.496,3.567,3.589,3.48,15.96K,-2.05%
10/28/2013,3.569,3.678,3.681,3.557,66.71K,-3.72%
10/25/2013,3.707,3.63,3.731,3.593,59.73K,2.15%
10/24/2013,3.629,3.617,3.645,3.545,123.68K,0.28%
10/23/2013,3.619,3.593,3.639,3.577,91.78K,1.06%
10/22/2013,3.581,3.669,3.669,3.573,147.02K,-2.37%
10/21/2013,3.668,3.795,3.838,3.654,109.59K,-2.55%
10/18/2013,3.764,3.759,3.785,3.685,129.26K,0.19%
10/17/2013,3.757,3.775,3.801,3.727,112.30K,-0.32%
10/16/2013,3.769,3.813,3.869,3.757,145.07K,-0.55%
10/15/2013,3.79,3.821,3.855,3.773,129.06K,-0.79%
10/14/2013,3.82,3.815,3.855,3.758,100.77K,1.17%
10/11/2013,3.776,3.728,3.792,3.726,137.04K,1.42%
10/10/2013,3.723,3.699,3.795,3.683,199.43K,1.20%
10/09/2013,3.679,3.724,3.734,3.673,137.54K,-1.00%
10/08/2013,3.716,3.637,3.73,3.633,198.00K,2.40%
10/07/2013,3.629,3.53,3.661,3.519,191.18K,3.51%
10/04/2013,3.506,3.509,3.535,3.482,73.86K,0.20%
10/03/2013,3.499,3.542,3.57,3.49,131.76K,-1.21%
10/02/2013,3.542,3.608,3.647,3.533,98.66K,-1.86%
10/01/2013,3.609,3.557,3.653,3.536,148.09K,1.38%
09/30/2013,3.56,3.581,3.583,3.509,104.29K,-0.81%
09/27/2013,3.589,3.581,3.608,3.521,90.54K,2.60%
09/26/2013,3.498,3.507,3.515,3.402,14.10K,0.14%
09/25/2013,3.493,3.509,3.546,3.49,62.87K,0.03%
09/24/2013,3.492,3.593,3.617,3.488,66.20K,-3.05%
09/23/2013,3.602,3.681,3.681,3.592,72.27K,-2.31%
09/20/2013,3.687,3.712,3.715,3.656,74.70K,-0.89%
09/19/2013,3.72,3.729,3.82,3.68,177.57K,0.19%
09/18/2013,3.713,3.738,3.754,3.671,98.55K,-0.85%
09/17/2013,3.745,3.741,3.776,3.72,116.54K,0.19%
09/16/2013,3.738,3.687,3.749,3.625,116.10K,1.66%
09/13/2013,3.677,3.628,3.689,3.603,101.45K,1.07%
09/12/2013,3.638,3.558,3.665,3.537,168.47K,1.99%
09/11/2013,3.567,3.583,3.618,3.525,122.38K,-0.47%
09/10/2013,3.584,3.609,3.629,3.54,101.89K,-0.58%
09/09/2013,3.605,3.534,3.621,3.531,89.14K,2.12%
09/06/2013,3.53,3.575,3.595,3.517,84.49K,-1.26%
09/05/2013,3.575,3.672,3.719,3.562,150.60K,-2.93%
09/04/2013,3.683,3.674,3.699,3.64,111.74K,0.46%
09/03/2013,3.666,3.601,3.689,3.601,124.21K,-0.01%
09/02/2013,3.667,3.658,3.688,3.629,,2.39%
08/30/2013,3.581,3.624,3.653,3.566,93.52K,-1.02%
08/29/2013,3.618,3.58,3.655,3.51,166.10K,1.43%
08/28/2013,3.567,3.542,3.589,3.479,14.65K,0.93%
08/27/2013,3.534,3.505,3.547,3.451,57.26K,0.60%
08/26/2013,3.513,3.511,3.545,3.476,42.87K,0.80%
08/23/2013,3.485,3.545,3.562,3.473,85.91K,-1.69%
08/22/2013,3.545,3.47,3.559,3.451,136.26K,2.46%
08/21/2013,3.46,3.437,3.495,3.388,83.49K,0.46%
08/20/2013,3.444,3.465,3.5,3.431,106.93K,-0.55%
08/19/2013,3.463,3.392,3.501,3.385,123.89K,2.82%
08/16/2013,3.368,3.425,3.434,3.36,77.07K,-1.49%
08/15/2013,3.419,3.341,3.433,3.303,152.29K,2.30%
08/14/2013,3.342,3.298,3.376,3.285,152.10K,1.74%
08/13/2013,3.285,3.304,3.334,3.262,195.33K,-0.76%
08/12/2013,3.31,3.26,3.361,3.244,185.43K,2.48%
08/09/2013,3.23,3.32,3.326,3.215,155.39K,-2.03%
08/08/2013,3.297,3.237,3.326,3.129,232.57K,1.54%
08/07/2013,3.247,3.305,3.318,3.23,177.41K,-2.14%
08/06/2013,3.318,3.325,3.357,3.301,75.45K,-0.03%
08/05/2013,3.319,3.326,3.361,3.308,75.74K,-0.84%
08/02/2013,3.347,3.386,3.407,3.33,78.24K,-1.18%
08/01/2013,3.387,3.452,3.454,3.341,152.92K,-1.71%
07/31/2013,3.446,3.45,3.472,3.42,81.07K,0.41%
07/30/2013,3.432,3.472,3.488,3.418,91.38K,-0.78%
07/29/2013,3.459,3.515,3.52,3.413,11.88K,-2.70%
07/26/2013,3.555,3.651,3.654,3.548,75.41K,-2.44%
07/25/2013,3.644,3.701,3.759,3.64,96.07K,-1.46%
07/24/2013,3.698,3.732,3.78,3.689,87.59K,-1.20%
07/23/2013,3.743,3.7,3.762,3.659,102.54K,1.79%
07/22/2013,3.677,3.75,3.763,3.64,112.71K,-2.96%
07/19/2013,3.789,3.813,3.827,3.761,85.92K,-0.60%
07/18/2013,3.812,3.623,3.835,3.606,162.49K,5.04%
07/17/2013,3.629,3.671,3.683,3.607,107.57K,-1.31%
07/16/2013,3.677,3.686,3.718,3.608,107.54K,0.08%
07/15/2013,3.674,3.65,3.689,3.546,135.85K,0.82%
07/12/2013,3.644,3.614,3.692,3.6,88.91K,0.86%
07/11/2013,3.613,3.663,3.702,3.574,136.12K,-1.82%
07/10/2013,3.68,3.659,3.787,3.631,104.60K,0.63%
07/09/2013,3.657,3.732,3.747,3.626,108.79K,-2.25%
07/08/2013,3.741,3.626,3.764,3.612,108.75K,3.43%
07/05/2013,3.617,3.69,3.699,3.577,78.01K,-1.35%
07/04/2013,3.667,3.697,3.697,3.616,,-0.64%
07/03/2013,3.69,3.658,3.7,3.573,100.08K,0.99%
07/02/2013,3.654,3.59,3.667,3.567,93.53K,2.15%
07/01/2013,3.577,3.547,3.607,3.531,81.76K,0.34%
06/28/2013,3.565,3.596,3.618,3.526,112.00K,-0.47%
06/27/2013,3.582,3.743,3.757,3.556,178.66K,-3.37%
06/26/2013,3.707,3.654,3.728,3.635,19.26K,1.65%
06/25/2013,3.647,3.738,3.76,3.645,70.60K,-2.46%
06/24/2013,3.739,3.79,3.822,3.725,67.58K,-0.85%
06/21/2013,3.771,3.871,3.904,3.764,108.68K,-2.73%
06/20/2013,3.877,3.953,3.964,3.835,144.32K,-2.17%
06/19/2013,3.963,3.911,3.983,3.906,107.19K,1.49%
06/18/2013,3.905,3.902,3.952,3.865,153.82K,0.77%
06/17/2013,3.875,3.738,3.913,3.738,137.16K,3.80%
06/14/2013,3.733,3.813,3.831,3.729,105.30K,-2.12%
06/13/2013,3.814,3.773,3.85,3.715,193.61K,0.98%
06/12/2013,3.777,3.725,3.789,3.71,158.31K,1.42%
06/11/2013,3.724,3.793,3.803,3.716,157.30K,-2.00%
06/10/2013,3.8,3.848,3.868,3.779,142.65K,-0.73%
06/07/2013,3.828,3.846,3.869,3.814,142.06K,0.03%
06/06/2013,3.827,3.997,4.002,3.824,179.67K,-4.35%
06/05/2013,4.001,4,4.027,3.975,90.19K,0.08%
06/04/2013,3.998,3.988,4.033,3.965,82.00K,0.18%
06/03/2013,3.991,3.963,4.04,3.951,95.62K,0.18%
05/31/2013,3.984,4.032,4.064,3.981,110.72K,-0.97%
05/30/2013,4.023,4.177,4.184,4.011,137.12K,-3.01%
05/29/2013,4.148,4.167,4.179,4.071,15.77K,-0.62%
05/28/2013,4.174,4.223,4.308,4.13,83.21K,-3.21%
05/27/2013,4.313,4.253,4.358,4.253,,1.78%
05/24/2013,4.237,4.262,4.295,4.216,55.98K,-0.56%
05/23/2013,4.261,4.181,4.269,4.159,147.27K,1.79%
05/22/2013,4.186,4.19,4.228,4.155,94.18K,-0.14%
05/21/2013,4.192,4.087,4.21,4.078,104.31K,2.49%
05/20/2013,4.09,4.089,4.159,4.063,117.09K,0.86%
05/17/2013,4.055,3.942,4.096,3.915,143.87K,3.13%
05/16/2013,3.932,4.095,4.095,3.912,162.30K,-3.39%
05/15/2013,4.07,4.018,4.078,4.011,98.30K,1.14%
05/14/2013,4.024,3.942,4.03,3.923,105.37K,2.52%
05/13/2013,3.925,3.897,3.977,3.886,102.67K,0.38%
05/10/2013,3.91,3.967,4.01,3.898,108.25K,-1.83%
05/09/2013,3.983,3.976,4.02,3.883,151.47K,0.13%
05/08/2013,3.978,3.915,3.989,3.895,90.79K,1.48%
05/07/2013,3.92,4,4.005,3.916,124.06K,-2.27%
05/06/2013,4.011,4.012,4.056,3.971,103.08K,-0.74%
05/03/2013,4.041,4.043,4.07,3.977,120.22K,0.40%
05/02/2013,4.025,4.313,4.364,4.017,245.32K,-6.96%
05/01/2013,4.326,4.34,4.444,4.31,165.59K,-0.39%
04/30/2013,4.343,4.378,4.397,4.322,133.91K,-1.12%
04/29/2013,4.392,4.233,4.395,4.225,130.68K,5.78%
04/26/2013,4.152,4.159,4.196,4.062,,-0.36%
04/25/2013,4.167,4.17,4.251,4.141,81.50K,0.02%
04/24/2013,4.166,4.233,4.276,4.162,84.61K,-1.70%
04/23/2013,4.238,4.257,4.319,4.218,138.48K,-0.68%
04/22/2013,4.267,4.39,4.397,4.251,125.56K,-3.20%
04/19/2013,4.408,4.418,4.42,4.363,100.57K,0.16%
04/18/2013,4.401,4.203,4.429,4.172,233.94K,4.44%
04/17/2013,4.214,4.194,4.244,4.146,130.01K,1.30%
04/16/2013,4.16,4.128,4.2,4.084,154.42K,0.56%
04/15/2013,4.137,4.227,4.29,4.116,153.06K,-2.01%
04/12/2013,4.222,4.175,4.264,4.151,152.67K,2.01%
04/11/2013,4.139,4.102,4.185,4.047,225.71K,1.32%
04/10/2013,4.085,4.032,4.161,4.025,241.92K,1.69%
04/09/2013,4.017,4.085,4.104,4.004,167.73K,-1.59%
04/08/2013,4.082,4.163,4.18,4.045,250.95K,-1.04%
04/05/2013,4.125,3.947,4.146,3.93,311.66K,4.51%
04/04/2013,3.947,3.904,3.976,3.861,190.16K,1.21%
04/03/2013,3.9,3.959,3.985,3.897,143.32K,-1.74%
04/02/2013,3.969,4.031,4.044,3.943,156.39K,-1.15%
04/01/2013,4.015,3.969,4.044,3.934,145.34K,-0.22%
03/28/2013,4.024,4.091,4.121,3.973,205.18K,-1.08%
03/27/2013,4.068,3.999,4.103,3.983,172.87K,2.31%
03/26/2013,3.976,3.875,3.991,3.862,19.44K,2.87%
03/25/2013,3.865,3.943,3.996,3.86,63.31K,-1.58%
03/22/2013,3.927,3.93,4.006,3.913,77.78K,-0.20%
03/21/2013,3.935,3.95,4.025,3.891,208.09K,-0.63%
03/20/2013,3.96,3.967,3.976,3.885,143.37K,-0.23%
03/19/2013,3.969,3.882,3.973,3.869,140.41K,2.24%
03/18/2013,3.882,3.907,3.965,3.858,157.79K,0.26%
03/15/2013,3.872,3.825,3.924,3.821,194.78K,1.57%
03/14/2013,3.812,3.686,3.834,3.679,232.98K,3.59%
03/13/2013,3.68,3.637,3.696,3.623,98.48K,0.96%
03/12/2013,3.645,3.64,3.676,3.62,140.33K,-0.11%
03/11/2013,3.649,3.636,3.652,3.59,96.73K,0.55%
03/08/2013,3.629,3.585,3.635,3.565,111.06K,1.31%
03/07/2013,3.582,3.472,3.603,3.463,189.15K,3.23%
03/06/2013,3.47,3.523,3.55,3.462,107.86K,-1.67%
03/05/2013,3.529,3.535,3.594,3.511,148.09K,0.00%
03/04/2013,3.529,3.469,3.54,3.408,127.15K,2.11%
03/01/2013,3.456,3.491,3.52,3.44,118.03K,-0.86%
02/28/2013,3.486,3.418,3.508,3.395,148.12K,1.51%
02/27/2013,3.434,3.449,3.554,3.406,173.67K,0.20%
02/26/2013,3.427,3.416,3.455,3.386,14.83K,0.38%
02/25/2013,3.414,3.32,3.425,3.32,83.31K,3.74%
02/22/2013,3.291,3.241,3.294,3.231,59.31K,1.39%
02/21/2013,3.246,3.268,3.337,3.231,174.16K,-1.01%
02/20/2013,3.279,3.271,3.313,3.257,123.63K,0.21%
02/19/2013,3.272,3.166,3.279,3.135,146.33K,3.77%
02/15/2013,3.153,3.17,3.194,3.125,126.94K,-0.32%
02/14/2013,3.163,3.297,3.309,3.135,211.04K,-4.33%
02/13/2013,3.306,3.241,3.323,3.23,182.65K,2.35%
02/12/2013,3.23,3.28,3.314,3.223,180.04K,-1.49%
02/11/2013,3.279,3.26,3.295,3.207,163.31K,0.21%
02/08/2013,3.272,3.295,3.327,3.256,148.42K,-0.40%
02/07/2013,3.285,3.439,3.453,3.282,215.01K,-3.89%
02/06/2013,3.418,3.424,3.459,3.398,129.24K,0.56%
02/05/2013,3.399,3.33,3.427,3.318,107.59K,2.53%
02/04/2013,3.315,3.313,3.354,3.259,91.49K,0.42%
02/01/2013,3.301,3.328,3.387,3.278,126.84K,-1.14%
01/31/2013,3.339,3.335,3.395,3.243,212.22K,0.12%
01/30/2013,3.335,3.262,3.344,3.261,113.31K,3.38%
01/29/2013,3.226,3.273,3.275,3.207,13.35K,-1.92%
01/28/2013,3.289,3.392,3.396,3.267,72.42K,-4.50%
01/25/2013,3.444,3.452,3.48,3.411,69.91K,-0.06%
01/24/2013,3.446,3.57,3.592,3.441,165.77K,-3.04%
01/23/2013,3.554,3.573,3.596,3.512,101.49K,-0.11%
01/22/2013,3.558,3.572,3.645,3.505,165.80K,-0.22%
01/18/2013,3.566,3.485,3.579,3.473,113.08K,2.06%
01/17/2013,3.494,3.435,3.529,3.38,181.82K,1.72%
01/16/2013,3.435,3.445,3.457,3.364,148.73K,-0.58%
01/15/2013,3.455,3.383,3.464,3.328,174.19K,2.43%
01/14/2013,3.373,3.379,3.411,3.337,134.65K,1.38%
01/11/2013,3.327,3.193,3.341,3.178,163.03K,4.20%
01/10/2013,3.193,3.13,3.211,3.108,141.55K,2.57%
01/09/2013,3.113,3.218,3.227,3.087,133.81K,-3.26%
01/08/2013,3.218,3.276,3.281,3.201,105.51K,-1.47%
01/07/2013,3.266,3.277,3.352,3.238,79.34K,-0.64%
01/04/2013,3.287,3.198,3.299,3.193,108.56K,2.78%
01/03/2013,3.198,3.231,3.236,3.164,91.04K,-1.08%
01/02/2013,3.233,3.348,3.358,3.05,137.08K,-3.52%
12/31/2012,3.351,3.455,3.481,3.341,62.81K,-3.40%
12/28/2012,3.469,3.412,3.487,3.36,59.23K,3.43%
12/27/2012,3.354,3.352,3.38,3.317,12.62K,-1.12%
12/26/2012,3.392,3.33,3.408,3.3,48.44K,1.37%
12/24/2012,3.346,3.461,3.461,3.331,30.89K,-3.04%
12/21/2012,3.451,3.447,3.508,3.425,96.19K,-0.32%
12/20/2012,3.462,3.337,3.467,3.316,141.49K,4.28%
12/19/2012,3.32,3.399,3.414,3.284,118.17K,-2.87%
12/18/2012,3.418,3.35,3.45,3.336,125.24K,1.79%
12/17/2012,3.358,3.299,3.395,3.277,135.76K,1.33%
12/14/2012,3.314,3.339,3.363,3.261,147.82K,-0.99%
12/13/2012,3.347,3.395,3.407,3.293,228.08K,-1.03%
12/12/2012,3.382,3.423,3.447,3.366,187.10K,-0.88%
12/11/2012,3.412,3.426,3.494,3.391,181.13K,-1.39%
12/10/2012,3.46,3.519,3.52,3.415,190.00K,-2.56%
12/07/2012,3.551,3.64,3.684,3.539,164.02K,-3.14%
12/06/2012,3.666,3.69,3.748,3.614,183.56K,-0.92%
12/05/2012,3.7,3.547,3.719,3.507,148.13K,4.55%
12/04/2012,3.539,3.611,3.611,3.525,103.43K,-1.45%
12/03/2012,3.591,3.553,3.643,3.526,135.67K,0.84%
11/30/2012,3.561,3.649,3.679,3.546,149.08K,-2.38%
11/29/2012,3.648,3.807,3.815,3.637,159.98K,-1.30%
11/28/2012,3.696,3.761,3.769,3.626,19.48K,-1.94%
11/27/2012,3.769,3.745,3.774,3.71,73.62K,1.05%
11/26/2012,3.73,3.864,3.868,3.704,85.88K,-4.38%
11/23/2012,3.901,3.902,3.933,3.83,50.25K,-0.05%
11/21/2012,3.903,3.835,3.91,3.786,134.41K,1.85%
11/20/2012,3.832,3.73,3.842,3.725,93.27K,3.04%
11/19/2012,3.719,3.798,3.835,3.71,120.00K,-1.87%
11/16/2012,3.79,3.715,3.803,3.662,114.88K,2.35%
11/15/2012,3.703,3.76,3.83,3.68,162.22K,-1.52%
11/14/2012,3.76,3.783,3.827,3.724,137.20K,0.56%
11/13/2012,3.739,3.57,3.775,3.56,163.02K,4.73%
11/12/2012,3.57,3.496,3.596,3.47,96.81K,1.91%
11/09/2012,3.503,3.59,3.617,3.482,112.68K,-2.91%
11/08/2012,3.608,3.572,3.613,3.518,121.69K,0.84%
11/07/2012,3.578,3.614,3.617,3.555,86.33K,-1.08%
11/06/2012,3.617,3.568,3.62,3.513,94.31K,1.77%
11/05/2012,3.554,3.533,3.588,3.506,85.74K,0.00%
11/02/2012,3.554,3.675,3.693,3.532,128.74K,-3.92%
11/01/2012,3.699,3.692,3.742,3.653,106.55K,0.19%
10/31/2012,3.692,3.695,3.778,3.68,100.04K,0.03%
10/30/2012,3.691,3.801,3.82,3.65,80.33K,6.34%
10/29/2012,3.471,3.36,3.5,3.36,14.96K,2.09%
10/26/2012,3.4,3.424,3.442,3.355,63.56K,-0.99%
10/25/2012,3.434,3.442,3.48,3.36,114.70K,-0.46%
10/24/2012,3.45,3.523,3.561,3.429,114.25K,-2.40%
10/23/2012,3.535,3.444,3.559,3.437,126.48K,2.40%
10/22/2012,3.452,3.617,3.648,3.426,173.39K,-4.56%
10/19/2012,3.617,3.584,3.647,3.559,122.78K,0.84%
10/18/2012,3.587,3.478,3.591,3.401,205.53K,3.37%
10/17/2012,3.47,3.442,3.5,3.398,156.50K,0.96%
10/16/2012,3.437,3.49,3.519,3.408,186.12K,-1.41%
10/15/2012,3.486,3.593,3.6,3.447,154.52K,-3.46%
10/12/2012,3.611,3.611,3.638,3.563,136.67K,0.19%
10/11/2012,3.604,3.483,3.634,3.468,293.22K,3.71%
10/10/2012,3.475,3.473,3.514,3.431,211.27K,0.23%
10/09/2012,3.467,3.414,3.515,3.346,208.35K,1.88%
10/08/2012,3.403,3.38,3.431,3.327,143.43K,0.21%
10/05/2012,3.396,3.407,3.435,3.337,174.99K,-0.29%
10/04/2012,3.406,3.393,3.464,3.36,186.18K,0.32%
10/03/2012,3.395,3.52,3.526,3.348,176.28K,-3.85%
10/02/2012,3.531,3.483,3.546,3.398,194.78K,1.47%
10/01/2012,3.48,3.325,3.486,3.325,210.25K,4.82%
09/28/2012,3.32,3.285,3.33,3.248,169.81K,0.70%
09/27/2012,3.297,3.2,3.318,3.188,222.37K,9.06%
09/26/2012,3.023,2.942,3.046,2.927,16.18K,3.39%
09/25/2012,2.924,2.85,2.954,2.843,82.61K,3.07%
09/24/2012,2.837,2.9,2.903,2.814,77.63K,-1.66%
09/21/2012,2.885,2.809,2.901,2.79,141.85K,3.15%
09/20/2012,2.797,2.777,2.821,2.747,161.15K,1.27%
09/19/2012,2.762,2.774,2.855,2.737,161.16K,-0.40%
09/18/2012,2.773,2.875,2.916,2.755,174.55K,-3.21%
09/17/2012,2.865,2.929,2.983,2.856,110.15K,-2.65%
09/14/2012,2.943,3.036,3.062,2.92,144.32K,-3.10%
09/13/2012,3.037,3.063,3.07,2.96,196.95K,-0.85%
09/12/2012,3.063,3.001,3.068,2.95,197.44K,2.37%
09/11/2012,2.992,2.842,3.009,2.802,257.93K,6.40%
09/10/2012,2.812,2.659,2.847,2.647,141.36K,4.85%
09/07/2012,2.682,2.747,2.765,2.666,145.91K,-3.39%
09/06/2012,2.776,2.799,2.866,2.742,158.02K,-0.68%
09/05/2012,2.795,2.85,2.869,2.78,120.27K,-2.07%
09/04/2012,2.854,2.806,2.888,2.762,126.23K,1.96%
08/31/2012,2.799,2.76,2.808,2.707,116.40K,1.86%
08/30/2012,2.748,2.692,2.767,2.637,159.24K,4.33%
08/29/2012,2.634,2.616,2.646,2.575,13.32K,0.77%
08/28/2012,2.614,2.663,2.677,2.603,81.52K,-1.47%
08/27/2012,2.653,2.768,2.768,2.64,83.44K,-1.81%
08/24/2012,2.702,2.833,2.877,2.695,120.49K,-3.57%
08/23/2012,2.802,2.844,2.859,2.682,194.03K,-0.85%
08/22/2012,2.826,2.83,2.863,2.772,128.63K,1.84%
08/21/2012,2.775,2.767,2.837,2.7,162.80K,-0.04%
08/20/2012,2.776,2.715,2.785,2.686,108.93K,2.10%
08/17/2012,2.719,2.71,2.757,2.688,86.27K,-0.18%
08/16/2012,2.724,2.765,2.84,2.685,189.45K,-0.87%
08/15/2012,2.748,2.834,2.84,2.74,135.69K,-3.03%
08/14/2012,2.834,2.747,2.848,2.73,138.48K,3.85%
08/13/2012,2.729,2.77,2.79,2.715,159.45K,-1.48%
08/10/2012,2.77,2.931,2.943,2.76,208.07K,-5.94%
08/09/2012,2.945,2.931,3.12,2.876,302.09K,0.41%
08/08/2012,2.933,2.959,2.987,2.897,155.70K,-1.05%
08/07/2012,2.964,2.919,2.995,2.882,169.99K,1.93%
08/06/2012,2.908,2.841,2.938,2.801,105.25K,1.08%
08/03/2012,2.877,2.918,2.955,2.84,111.17K,-1.47%
08/02/2012,2.92,3.156,3.171,2.912,198.97K,-7.92%
08/01/2012,3.171,3.217,3.241,3.123,180.21K,-1.18%
07/31/2012,3.209,3.22,3.277,3.157,180.49K,-0.16%
07/30/2012,3.214,3.03,3.231,3.03,157.18K,6.78%
07/27/2012,3.01,3.103,3.11,2.99,12.09K,-3.06%
07/26/2012,3.105,3.062,3.129,3.018,75.17K,1.14%
07/25/2012,3.07,3.174,3.178,3.05,102.42K,-3.67%
07/24/2012,3.187,3.117,3.196,3.084,121.99K,2.25%
07/23/2012,3.117,3.083,3.13,2.991,118.12K,1.17%
07/20/2012,3.081,3.031,3.096,2.984,140.98K,2.73%
07/19/2012,2.999,2.975,3.045,2.925,169.96K,0.87%
07/18/2012,2.973,2.791,3.02,2.777,200.46K,6.33%
07/17/2012,2.796,2.816,2.846,2.72,114.20K,-0.18%
07/16/2012,2.801,2.875,2.915,2.781,113.68K,-2.54%
07/13/2012,2.874,2.878,2.911,2.829,96.35K,0.00%
07/12/2012,2.874,2.853,2.92,2.72,211.34K,0.74%
07/11/2012,2.853,2.747,2.862,2.718,113.53K,4.24%
07/10/2012,2.737,2.88,2.915,2.734,151.16K,-5.06%
07/09/2012,2.883,2.781,2.896,2.776,119.25K,3.85%
07/06/2012,2.776,2.949,3.06,2.753,211.27K,-5.74%
07/05/2012,2.945,2.9,2.957,2.885,102.57K,1.59%
07/03/2012,2.899,2.844,2.902,2.786,106.02K,2.66%
07/02/2012,2.824,2.804,2.855,2.742,99.49K,0.00%
06/29/2012,2.824,2.761,2.832,2.716,150.84K,3.75%
06/28/2012,2.722,2.765,2.846,2.659,174.56K,-1.87%
06/27/2012,2.774,2.787,2.946,2.735,15.40K,0.25%
06/26/2012,2.767,2.669,2.786,2.648,89.92K,2.71%
06/25/2012,2.694,2.66,2.731,2.644,95.05K,2.63%
06/22/2012,2.625,2.582,2.664,2.542,133.46K,1.67%
06/21/2012,2.582,2.525,2.638,2.505,178.97K,2.58%
06/20/2012,2.517,2.559,2.679,2.503,150.63K,-1.10%
06/19/2012,2.545,2.654,2.671,2.506,146.05K,-3.42%
06/18/2012,2.635,2.467,2.658,2.459,190.17K,6.81%
06/15/2012,2.467,2.526,2.557,2.444,152.81K,-1.12%
06/14/2012,2.495,2.197,2.531,2.168,271.77K,14.19%
06/13/2012,2.185,2.212,2.229,2.182,148.06K,-2.11%
06/12/2012,2.232,2.206,2.272,2.173,162.84K,0.63%
06/11/2012,2.218,2.262,2.285,2.198,129.15K,-3.52%
06/08/2012,2.299,2.276,2.323,2.231,147.44K,1.10%
06/07/2012,2.274,2.421,2.439,2.263,206.51K,-6.07%
06/06/2012,2.421,2.446,2.487,2.397,135.44K,-1.02%
06/05/2012,2.446,2.429,2.477,2.383,134.95K,1.28%
06/04/2012,2.415,2.33,2.44,2.318,133.54K,3.83%
06/01/2012,2.326,2.408,2.415,2.313,149.92K,-3.96%
05/31/2012,2.422,2.45,2.498,2.377,207.54K,0.17%
05/30/2012,2.418,2.498,2.508,2.393,139.18K,-0.45%
05/29/2012,2.429,2.547,2.56,2.399,15.29K,-5.41%
05/25/2012,2.568,2.642,2.654,2.523,95.00K,-2.98%
05/24/2012,2.647,2.729,2.75,2.628,116.71K,-3.29%
05/23/2012,2.737,2.691,2.747,2.615,157.33K,1.11%
05/22/2012,2.707,2.642,2.728,2.579,161.08K,3.76%
05/21/2012,2.609,2.722,2.743,2.589,146.05K,-4.85%
05/18/2012,2.742,2.633,2.759,2.606,166.69K,5.71%
05/17/2012,2.594,2.625,2.676,2.507,192.08K,-0.92%
05/16/2012,2.618,2.52,2.638,2.489,159.85K,4.72%
05/15/2012,2.5,2.417,2.525,2.387,132.51K,2.84%
05/14/2012,2.431,2.493,2.52,2.414,109.21K,-3.11%
05/11/2012,2.509,2.467,2.531,2.455,126.38K,0.88%
05/10/2012,2.487,2.463,2.519,2.407,193.21K,0.89%
05/09/2012,2.465,2.44,2.509,2.402,186.41K,3.01%
05/08/2012,2.393,2.323,2.461,2.276,159.77K,2.44%
05/07/2012,2.336,2.277,2.358,2.273,90.61K,2.50%
05/04/2012,2.279,2.34,2.373,2.261,137.31K,-2.61%
05/03/2012,2.34,2.26,2.38,2.253,160.94K,3.86%
05/02/2012,2.253,2.371,2.384,2.236,166.59K,-4.98%
05/01/2012,2.371,2.311,2.385,2.293,161.95K,3.76%
04/30/2012,2.285,2.19,2.32,2.15,150.39K,4.53%
04/27/2012,2.186,2.126,2.198,2.107,109.06K,7.37%
04/26/2012,2.036,2.094,2.187,1.999,17.16K,-1.55%
04/25/2012,2.068,1.984,2.09,1.971,68.55K,4.71%
04/24/2012,1.975,2.011,2.028,1.97,66.74K,-1.59%
04/23/2012,2.007,1.937,2.022,1.921,144.18K,4.15%
04/20/2012,1.927,1.904,1.935,1.902,83.72K,1.05%
04/19/2012,1.907,1.949,1.971,1.902,125.32K,-2.26%
04/18/2012,1.951,1.95,1.988,1.94,99.95K,0.00%
04/17/2012,1.951,2.008,2.016,1.947,113.74K,-3.22%
04/16/2012,2.016,1.986,2.03,1.976,133.53K,1.77%
04/13/2012,1.981,1.982,1.999,1.959,145.88K,-0.10%
04/12/2012,1.983,1.976,2.069,1.971,233.10K,-0.05%
04/11/2012,1.984,2.023,2.049,1.972,163.94K,-2.31%
04/10/2012,2.031,2.111,2.126,2.024,147.61K,-3.61%
04/09/2012,2.107,2.103,2.117,2.061,129.37K,0.86%
04/05/2012,2.089,2.137,2.159,2.084,152.78K,-2.43%
04/04/2012,2.141,2.171,2.198,2.13,99.97K,-2.10%
04/03/2012,2.187,2.146,2.204,2.117,123.04K,1.63%
04/02/2012,2.152,2.122,2.163,2.069,130.25K,1.22%
03/30/2012,2.126,2.166,2.172,2.101,127.07K,-1.07%
03/29/2012,2.149,2.267,2.277,2.132,161.71K,-1.92%
03/28/2012,2.191,2.196,2.21,2.163,11.25K,-0.77%
03/27/2012,2.208,2.217,2.238,2.176,74.74K,-0.81%
03/26/2012,2.226,2.286,2.318,2.213,64.98K,-2.15%
03/23/2012,2.275,2.266,2.325,2.261,102.97K,0.26%
03/22/2012,2.269,2.342,2.38,2.25,155.47K,-3.86%
03/21/2012,2.36,2.329,2.366,2.303,95.48K,1.07%
03/20/2012,2.335,2.339,2.369,2.318,96.07K,-0.68%
03/19/2012,2.351,2.322,2.393,2.285,132.74K,1.07%
03/16/2012,2.326,2.267,2.362,2.246,127.34K,2.06%
03/15/2012,2.279,2.275,2.334,2.234,132.65K,-0.22%
03/14/2012,2.284,2.329,2.344,2.245,141.16K,-0.65%
03/13/2012,2.299,2.27,2.338,2.204,133.10K,1.32%
03/12/2012,2.269,2.272,2.29,2.235,90.53K,-2.37%
03/09/2012,2.324,2.297,2.327,2.26,104.34K,2.29%
03/08/2012,2.272,2.305,2.335,2.235,142.80K,-1.30%
03/07/2012,2.302,2.341,2.343,2.281,124.63K,-2.29%
03/06/2012,2.356,2.355,2.395,2.339,94.16K,0.04%
03/05/2012,2.355,2.401,2.441,2.349,101.53K,-5.19%
03/02/2012,2.484,2.472,2.505,2.461,85.42K,0.85%
03/01/2012,2.463,2.593,2.597,2.444,166.26K,-5.85%
02/29/2012,2.616,2.539,2.625,2.502,156.55K,3.85%
02/28/2012,2.519,2.598,2.624,2.511,122.33K,2.98%
02/27/2012,2.446,2.523,2.589,2.436,15.62K,-4.08%
02/24/2012,2.55,2.613,2.635,2.512,79.01K,-2.71%
02/23/2012,2.621,2.664,2.695,2.565,110.20K,-0.83%
02/22/2012,2.643,2.637,2.668,2.532,122.55K,0.65%
02/21/2012,2.626,2.659,2.673,2.575,136.05K,-2.16%
02/17/2012,2.684,2.556,2.733,2.527,160.54K,4.56%
02/16/2012,2.567,2.436,2.577,2.415,201.17K,5.86%
02/15/2012,2.425,2.55,2.567,2.404,180.89K,-4.23%
02/14/2012,2.532,2.441,2.569,2.434,188.37K,4.15%
02/13/2012,2.431,2.448,2.47,2.395,195.21K,-1.86%
02/10/2012,2.477,2.481,2.528,2.451,156.96K,0.00%
02/09/2012,2.477,2.444,2.585,2.405,256.96K,1.18%
02/08/2012,2.448,2.492,2.508,2.39,180.78K,-0.97%
02/07/2012,2.472,2.574,2.618,2.452,224.08K,-3.06%
02/06/2012,2.55,2.503,2.587,2.447,147.66K,2.04%
02/03/2012,2.499,2.558,2.56,2.45,159.59K,-2.15%
02/02/2012,2.554,2.375,2.587,2.34,249.78K,7.22%
02/01/2012,2.382,2.465,2.471,2.355,190.34K,-4.83%
01/31/2012,2.503,2.689,2.689,2.453,215.16K,-7.74%
01/30/2012,2.713,2.81,2.844,2.64,156.09K,1.31%
01/27/2012,2.678,2.58,2.7,2.56,200.14K,2.80%
01/26/2012,2.605,2.76,2.803,2.553,91.91K,-4.54%
01/25/2012,2.729,2.572,2.776,2.571,158.86K,6.85%
01/24/2012,2.554,2.577,2.65,2.512,210.66K,1.15%
01/23/2012,2.525,2.27,2.619,2.231,259.77K,7.77%
01/20/2012,2.343,2.306,2.367,2.283,133.82K,0.90%
01/19/2012,2.322,2.482,2.485,2.293,159.16K,-6.07%
01/18/2012,2.472,2.485,2.542,2.452,127.93K,-0.64%
01/17/2012,2.488,2.569,2.587,2.439,199.11K,-6.82%
01/13/2012,2.67,2.705,2.711,2.621,118.53K,-1.00%
01/12/2012,2.697,2.761,2.772,2.663,157.65K,-2.78%
01/11/2012,2.774,2.923,2.929,2.741,167.96K,-5.68%
01/10/2012,2.941,3.014,3.045,2.903,134.79K,-2.32%
01/09/2012,3.011,3.011,3.032,2.977,107.25K,-1.67%
01/06/2012,3.062,2.96,3.077,2.955,115.52K,2.75%
01/05/2012,2.98,3.122,3.123,2.947,163.14K,-3.75%
01/04/2012,3.096,2.978,3.123,2.975,133.51K,3.44%
01/03/2012,2.993,2.969,3.074,2.936,106.19K,0.13%
12/30/2011,2.989,3.02,3.042,2.957,60.19K,-1.26%
12/29/2011,3.027,3.139,3.148,3.001,87.07K,-1.85%
12/28/2011,3.084,3.102,3.14,3.065,15.64K,-0.90%
12/27/2011,3.112,3.106,3.181,3.078,55.02K,-0.06%
12/23/2011,3.114,3.158,3.169,3.101,39.81K,-1.74%
12/22/2011,3.169,3.168,3.201,3.1,112.26K,0.44%
12/21/2011,3.155,3.135,3.192,3.095,102.37K,0.86%
12/20/2011,3.128,3.117,3.15,3.086,91.18K,1.03%
12/19/2011,3.096,3.093,3.12,3.05,89.38K,-0.99%
12/16/2011,3.127,3.124,3.173,3.084,103.93K,0.00%
12/15/2011,3.127,3.141,3.204,3.1,139.65K,-0.29%
12/14/2011,3.136,3.285,3.287,3.126,145.44K,-4.36%
12/13/2011,3.279,3.247,3.299,3.231,145.95K,0.77%
12/12/2011,3.254,3.253,3.271,3.217,128.73K,-1.90%
12/09/2011,3.317,3.435,3.441,3.309,173.35K,-4.05%
12/08/2011,3.457,3.422,3.55,3.41,171.87K,1.05%
12/07/2011,3.421,3.497,3.504,3.409,138.85K,-1.89%
12/06/2011,3.487,3.463,3.507,3.405,122.83K,0.75%
12/05/2011,3.461,3.57,3.572,3.444,114.25K,-3.43%
12/02/2011,3.584,3.644,3.663,3.568,84.30K,-1.75%
12/01/2011,3.648,3.575,3.689,3.541,175.65K,2.76%
11/30/2011,3.55,3.627,3.639,3.54,126.80K,-2.28%
11/29/2011,3.633,3.552,3.64,3.525,128.91K,8.00%
11/28/2011,3.364,3.529,3.58,3.351,16.85K,-5.03%
11/25/2011,3.542,3.481,3.549,3.415,14.61K,2.37%
11/23/2011,3.46,3.408,3.483,3.352,116.33K,1.32%
11/22/2011,3.415,3.404,3.455,3.362,100.40K,0.47%
11/21/2011,3.399,3.329,3.44,3.285,146.59K,2.50%
11/18/2011,3.316,3.439,3.444,3.285,148.71K,-2.76%
11/17/2011,3.41,3.343,3.479,3.325,169.14K,1.97%
11/16/2011,3.344,3.407,3.439,3.326,135.13K,-1.76%
11/15/2011,3.404,3.445,3.483,3.39,136.95K,-1.56%
11/14/2011,3.458,3.54,3.553,3.441,127.73K,-3.52%
11/11/2011,3.584,3.631,3.659,3.557,101.20K,-1.78%
11/10/2011,3.649,3.658,3.708,3.612,101.71K,-0.08%
11/09/2011,3.652,3.76,3.763,3.648,122.32K,-2.48%
11/08/2011,3.745,3.704,3.769,3.656,95.15K,1.33%
11/07/2011,3.696,3.764,3.765,3.652,125.62K,-2.30%
11/04/2011,3.783,3.807,3.847,3.769,112.54K,0.13%
11/03/2011,3.778,3.76,3.863,3.741,157.40K,0.77%
11/02/2011,3.749,3.772,3.804,3.73,79.84K,-0.85%
11/01/2011,3.781,3.932,3.955,3.76,142.83K,-3.89%
10/31/2011,3.934,3.93,3.978,3.852,88.20K,0.28%
10/28/2011,3.923,3.775,3.94,3.771,167.62K,11.32%
10/27/2011,3.524,3.59,3.6,3.495,22.98K,-1.84%
10/26/2011,3.59,3.66,3.693,3.564,70.47K,-1.86%
10/25/2011,3.658,3.601,3.7,3.581,88.39K,1.50%
10/24/2011,3.604,3.635,3.678,3.591,90.02K,-0.69%
10/21/2011,3.629,3.621,3.651,3.549,105.57K,-0.03%
10/20/2011,3.63,3.605,3.724,3.571,197.52K,1.23%
10/19/2011,3.586,3.55,3.635,3.536,119.83K,0.93%
10/18/2011,3.553,3.688,3.698,3.532,126.31K,-3.66%
10/17/2011,3.688,3.73,3.777,3.641,149.91K,-0.41%
10/14/2011,3.703,3.539,3.743,3.512,188.08K,4.87%
10/13/2011,3.531,3.482,3.559,3.446,173.57K,1.20%
10/12/2011,3.489,3.609,3.63,3.48,192.41K,-3.51%
10/11/2011,3.616,3.562,3.627,3.513,190.17K,2.12%
10/10/2011,3.541,3.486,3.568,3.455,139.11K,1.72%
10/07/2011,3.481,3.595,3.6,3.47,161.20K,-3.25%
10/06/2011,3.598,3.565,3.64,3.512,154.57K,0.78%
10/05/2011,3.57,3.654,3.692,3.553,108.17K,-1.87%
10/04/2011,3.638,3.607,3.665,3.591,91.15K,0.58%
10/03/2011,3.617,3.643,3.699,3.591,114.84K,-1.34%
09/30/2011,3.666,3.755,3.792,3.651,119.83K,-2.16%
09/29/2011,3.747,3.793,3.837,3.685,160.16K,-0.32%
09/28/2011,3.759,3.805,3.826,3.741,15.60K,-1.78%
09/27/2011,3.827,3.786,3.853,3.773,74.28K,1.19%
09/26/2011,3.782,3.701,3.803,3.68,68.56K,2.19%
09/23/2011,3.701,3.711,3.755,3.693,74.04K,-0.11%
09/22/2011,3.705,3.722,3.76,3.662,126.91K,-0.67%
09/21/2011,3.73,3.781,3.799,3.71,109.66K,-1.79%
09/20/2011,3.798,3.83,3.859,3.775,85.30K,-0.81%
09/19/2011,3.829,3.776,3.847,3.743,113.72K,0.53%
09/16/2011,3.809,3.882,3.895,3.791,146.76K,-1.78%
09/15/2011,3.878,4.042,4.08,3.875,188.89K,-3.99%
09/14/2011,4.039,3.99,4.099,3.955,145.90K,1.48%
09/13/2011,3.98,3.905,4.018,3.87,144.77K,2.45%
09/12/2011,3.885,3.9,3.925,3.826,103.18K,-0.77%
09/09/2011,3.915,3.977,3.989,3.885,120.63K,-1.63%
09/08/2011,3.98,3.942,4.029,3.92,135.09K,1.02%
09/07/2011,3.94,3.925,4.038,3.9,148.74K,0.05%
09/06/2011,3.938,3.882,3.95,3.851,107.03K,1.70%
09/02/2011,3.872,4.05,4.065,3.85,127.81K,-4.40%
09/01/2011,4.05,4.06,4.13,3.97,153.28K,-0.10%
08/31/2011,4.054,3.909,4.068,3.87,143.02K,3.71%
08/30/2011,3.909,3.842,3.92,3.78,85.77K,1.35%
08/29/2011,3.857,3.925,3.931,3.834,13.86K,-1.88%
08/26/2011,3.931,3.927,3.964,3.904,55.35K,0.00%
08/25/2011,3.931,3.915,3.984,3.87,92.40K,0.23%
08/24/2011,3.922,3.994,4.029,3.91,95.89K,-1.78%
08/23/2011,3.993,3.889,4.048,3.874,144.01K,2.67%
08/22/2011,3.889,3.893,3.928,3.853,114.15K,-1.29%
08/19/2011,3.94,3.926,3.972,3.901,66.82K,1.23%
08/18/2011,3.892,3.933,3.996,3.843,135.46K,-1.04%
08/17/2011,3.933,3.932,3.982,3.892,96.96K,0.03%
08/16/2011,3.932,4.038,4.042,3.903,148.77K,-2.29%
08/15/2011,4.024,4.012,4.062,3.95,106.86K,-0.89%
08/12/2011,4.06,4.106,4.14,4.052,79.41K,-1.17%
08/11/2011,4.108,3.998,4.143,3.94,162.30K,2.62%
08/10/2011,4.003,4.009,4.081,3.98,145.36K,0.23%
08/09/2011,3.994,3.944,4.04,3.888,142.26K,1.50%
08/08/2011,3.935,3.911,3.972,3.855,139.14K,-0.15%
08/05/2011,3.941,3.946,3.979,3.901,136.66K,0.00%
08/04/2011,3.941,4.091,4.119,3.915,187.16K,-3.64%
08/03/2011,4.09,4.153,4.18,4.066,104.06K,-1.56%
08/02/2011,4.155,4.191,4.23,4.135,68.80K,-0.79%
08/01/2011,4.188,4.135,4.204,4.129,76.74K,1.04%
07/29/2011,4.145,4.234,4.234,4.138,88.28K,-2.33%
07/28/2011,4.244,4.318,4.339,4.2,115.06K,-2.88%
07/27/2011,4.37,4.377,4.412,4.34,15.91K,0.00%
07/26/2011,4.37,4.365,4.391,4.316,67.35K,-0.36%
07/25/2011,4.386,4.413,4.459,4.343,80.42K,-0.30%
07/22/2011,4.399,4.394,4.474,4.37,86.94K,0.09%
07/21/2011,4.395,4.499,4.594,4.373,137.59K,-2.33%
07/20/2011,4.5,4.535,4.597,4.433,134.20K,-0.73%
07/19/2011,4.533,4.543,4.579,4.511,89.35K,-0.29%
07/18/2011,4.546,4.546,4.612,4.482,126.34K,0.00%
07/15/2011,4.546,4.402,4.56,4.383,145.36K,3.84%
07/14/2011,4.378,4.375,4.409,4.252,149.32K,-0.57%
07/13/2011,4.403,4.32,4.418,4.313,112.40K,1.62%
07/12/2011,4.333,4.283,4.35,4.223,92.28K,1.05%
07/11/2011,4.288,4.231,4.338,4.182,115.25K,1.97%
07/08/2011,4.205,4.162,4.225,4.121,86.65K,1.74%
07/07/2011,4.133,4.225,4.248,4.064,144.83K,-1.99%
07/06/2011,4.217,4.355,4.361,4.213,109.41K,-3.35%
07/05/2011,4.363,4.313,4.411,4.251,130.44K,1.21%
07/01/2011,4.311,4.372,4.389,4.301,71.50K,-1.44%
06/30/2011,4.374,4.313,4.422,4.213,142.38K,1.37%
06/29/2011,4.315,4.372,4.378,4.276,94.78K,-0.96%
06/28/2011,4.357,4.274,4.38,4.251,16.33K,2.37%
06/27/2011,4.256,4.228,4.276,4.176,70.79K,0.64%
06/24/2011,4.229,4.212,4.248,4.171,66.90K,0.86%
06/23/2011,4.193,4.301,4.335,4.154,144.18K,-2.87%
06/22/2011,4.317,4.415,4.444,4.298,114.04K,-1.62%
06/21/2011,4.388,4.309,4.414,4.305,115.66K,1.64%
06/20/2011,4.317,4.301,4.376,4.279,96.86K,-0.18%
06/17/2011,4.325,4.44,4.449,4.317,110.42K,-1.97%
06/16/2011,4.412,4.585,4.595,4.408,148.83K,-3.60%
06/15/2011,4.577,4.573,4.605,4.522,101.38K,-0.09%
06/14/2011,4.581,4.611,4.654,4.558,100.38K,-1.40%
06/13/2011,4.646,4.79,4.811,4.595,142.86K,-2.33%
06/10/2011,4.757,4.661,4.782,4.661,131.20K,1.78%
06/09/2011,4.674,4.85,4.983,4.51,227.42K,-3.57%
06/08/2011,4.847,4.814,4.873,4.767,144.33K,0.33%
06/07/2011,4.831,4.823,4.854,4.764,145.27K,0.08%
06/06/2011,4.827,4.772,4.855,4.738,146.88K,2.55%
06/03/2011,4.707,4.785,4.807,4.683,100.40K,-1.81%
06/02/2011,4.794,4.627,4.859,4.625,190.72K,3.56%
06/01/2011,4.629,4.655,4.68,4.587,124.01K,-0.79%
05/31/2011,4.666,4.56,4.707,4.525,173.18K,3.28%
05/27/2011,4.518,4.374,4.563,4.365,146.47K,4.44%
05/26/2011,4.326,4.37,4.414,4.195,18.15K,-1.21%
05/25/2011,4.379,4.334,4.385,4.316,68.49K,0.78%
05/24/2011,4.345,4.328,4.397,4.27,94.23K,-0.02%
05/23/2011,4.346,4.238,4.379,4.22,130.82K,2.74%
05/20/2011,4.23,4.088,4.266,4.077,116.15K,3.32%
05/19/2011,4.094,4.19,4.197,4.088,131.20K,-2.48%
05/18/2011,4.198,4.189,4.241,4.18,75.97K,0.38%
05/17/2011,4.182,4.285,4.328,4.16,114.03K,-3.15%
05/16/2011,4.318,4.253,4.339,4.196,113.11K,1.70%
05/13/2011,4.246,4.192,4.273,4.153,89.24K,1.24%
05/12/2011,4.194,4.189,4.236,4.109,117.52K,0.31%
05/11/2011,4.181,4.28,4.292,4.153,126.36K,-1.53%
05/10/2011,4.246,4.19,4.282,4.162,107.18K,2.21%
05/09/2011,4.154,4.25,4.297,4.149,119.28K,-1.91%
05/06/2011,4.235,4.235,4.344,4.217,129.87K,-0.61%
05/05/2011,4.261,4.565,4.572,4.205,218.24K,-6.90%
05/04/2011,4.577,4.67,4.685,4.556,122.06K,-1.99%
05/03/2011,4.67,4.688,4.718,4.649,84.23K,-0.49%
05/02/2011,4.693,4.685,4.729,4.637,118.63K,-0.11%
04/29/2011,4.698,4.57,4.705,4.555,132.07K,2.78%
04/28/2011,4.571,4.397,4.599,4.396,194.27K,4.43%
04/27/2011,4.377,4.378,4.425,4.365,14.67K,-0.23%
04/26/2011,4.387,4.377,4.409,4.333,82.20K,-0.05%
04/25/2011,4.389,4.404,4.445,4.344,82.73K,-0.52%
04/21/2011,4.412,4.316,4.428,4.271,138.98K,2.37%
04/20/2011,4.31,4.281,4.344,4.271,108.72K,1.13%
04/19/2011,4.262,4.143,4.293,4.129,122.12K,3.00%
04/18/2011,4.138,4.21,4.27,4.087,158.47K,-1.57%
04/15/2011,4.204,4.218,4.24,4.173,103.67K,-0.19%
04/14/2011,4.212,4.14,4.261,4.063,191.97K,1.71%
04/13/2011,4.141,4.09,4.182,4.075,172.80K,1.05%
04/12/2011,4.098,4.11,4.145,4.058,144.76K,-0.24%
04/11/2011,4.108,4.016,4.152,3.99,157.37K,1.66%
04/08/2011,4.041,4.061,4.079,4.014,158.30K,-0.39%
04/07/2011,4.057,4.145,4.16,4.033,229.15K,-2.15%
04/06/2011,4.146,4.226,4.245,4.129,129.32K,-2.01%
04/05/2011,4.231,4.282,4.322,4.221,83.12K,-1.35%
04/04/2011,4.289,4.334,4.364,4.233,121.93K,-1.67%
04/01/2011,4.362,4.405,4.428,4.286,113.93K,-0.62%
03/31/2011,4.389,4.374,4.442,4.205,186.37K,0.78%
03/30/2011,4.355,4.26,4.389,4.255,124.48K,2.71%
03/29/2011,4.24,4.333,4.369,4.197,16.34K,-3.06%
03/28/2011,4.374,4.425,4.48,4.324,91.16K,-0.66%
03/25/2011,4.403,4.23,4.432,4.219,83.18K,3.75%
03/24/2011,4.244,4.35,4.399,4.213,145.82K,-2.10%
03/23/2011,4.335,4.269,4.35,4.254,121.87K,1.90%
03/22/2011,4.254,4.156,4.269,4.151,103.99K,2.24%
03/21/2011,4.161,4.168,4.23,4.116,114.13K,-0.17%
03/18/2011,4.168,4.16,4.198,4.099,132.75K,0.24%
03/17/2011,4.158,3.941,4.169,3.919,169.31K,5.59%
03/16/2011,3.938,3.948,4.015,3.902,128.82K,-0.08%
03/15/2011,3.941,3.911,4.004,3.8,204.33K,0.69%
03/14/2011,3.914,3.923,4.053,3.891,129.59K,0.64%
03/11/2011,3.889,3.831,3.947,3.806,128.31K,1.54%
03/10/2011,3.83,3.922,3.94,3.795,132.68K,-2.54%
03/09/2011,3.93,3.854,3.946,3.838,128.45K,1.71%
03/08/2011,3.864,3.92,3.964,3.832,135.63K,-1.60%
03/07/2011,3.927,3.792,3.936,3.731,162.28K,3.10%
03/04/2011,3.809,3.782,3.826,3.731,76.28K,0.82%
03/03/2011,3.778,3.814,3.87,3.76,104.05K,-1.05%
03/02/2011,3.818,3.856,3.885,3.796,93.45K,-1.42%
03/01/2011,3.873,4.05,4.056,3.854,140.93K,-4.06%
02/28/2011,4.037,4.009,4.1,3.954,123.00K,0.80%
02/25/2011,4.005,3.884,4.044,3.832,130.79K,5.59%
02/24/2011,3.793,3.898,3.906,3.775,16.93K,-2.74%
02/23/2011,3.9,3.858,3.929,3.821,72.77K,0.85%
02/22/2011,3.867,3.879,3.989,3.824,78.37K,-0.23%
02/18/2011,3.876,3.87,3.899,3.841,87.96K,0.21%
02/17/2011,3.868,3.913,3.949,3.825,105.76K,-1.35%
02/16/2011,3.921,3.994,3.997,3.908,121.59K,-1.38%
02/15/2011,3.976,3.941,3.997,3.891,127.68K,1.30%
02/14/2011,3.925,3.899,3.95,3.86,121.91K,0.38%
02/11/2011,3.91,3.963,3.981,3.895,163.58K,-1.91%
02/10/2011,3.986,4.066,4.149,3.965,205.27K,-1.43%
02/09/2011,4.044,4.074,4.087,3.992,156.22K,0.10%
02/08/2011,4.04,4.111,4.127,4.028,181.90K,-1.56%
02/07/2011,4.104,4.26,4.274,4.101,213.51K,-4.78%
02/04/2011,4.31,4.359,4.369,4.287,110.63K,-0.62%
02/03/2011,4.337,4.431,4.496,4.325,143.78K,-2.08%
02/02/2011,4.429,4.351,4.445,4.339,121.87K,1.89%
02/01/2011,4.347,4.417,4.425,4.321,100.15K,-1.65%
01/31/2011,4.42,4.323,4.46,4.29,139.21K,2.24%
01/28/2011,4.323,4.322,4.369,4.252,92.45K,0.16%
01/27/2011,4.316,4.471,4.474,4.29,17.31K,-3.90%
01/26/2011,4.491,4.467,4.51,4.381,63.38K,0.40%
01/25/2011,4.473,4.581,4.609,4.401,91.89K,-2.34%
01/24/2011,4.58,4.802,4.879,4.557,115.56K,-3.29%
01/21/2011,4.736,4.689,4.777,4.644,137.17K,0.87%
01/20/2011,4.695,4.575,4.704,4.525,175.72K,2.94%
01/19/2011,4.561,4.41,4.585,4.406,138.91K,3.07%
01/18/2011,4.425,4.494,4.545,4.387,142.87K,-1.23%
01/14/2011,4.48,4.401,4.496,4.367,130.34K,1.66%
01/13/2011,4.407,4.481,4.503,4.362,169.04K,-2.74%
01/12/2011,4.531,4.504,4.554,4.446,133.47K,1.12%
01/11/2011,4.481,4.386,4.504,4.338,134.83K,1.86%
01/10/2011,4.399,4.373,4.45,4.322,108.50K,-0.52%
01/07/2011,4.422,4.4,4.45,4.327,124.91K,-0.27%
01/06/2011,4.434,4.486,4.623,4.38,164.03K,-0.87%
01/05/2011,4.473,4.611,4.64,4.447,116.91K,-4.20%
01/04/2011,4.669,4.627,4.707,4.557,160.21K,0.41%
01/03/2011,4.65,4.492,4.689,4.491,156.62K,5.56%
12/31/2010,4.405,4.325,4.454,4.306,65.87K,1.54%
12/30/2010,4.338,4.31,4.364,4.235,82.00K,1.19%
12/29/2010,4.287,4.291,4.31,4.216,72.63K,1.68%
12/28/2010,4.216,4.094,4.266,4.07,15.43K,2.53%
12/27/2010,4.112,4.031,4.12,3.992,73.31K,0.71%
12/23/2010,4.083,4.119,4.174,4.052,63.59K,-1.66%
12/22/2010,4.152,4.069,4.167,3.988,98.38K,2.29%
12/21/2010,4.059,4.245,4.245,4.056,93.93K,-4.20%
12/20/2010,4.237,4.052,4.25,4.013,112.66K,4.21%
12/17/2010,4.066,4.02,4.11,3.951,127.04K,0.44%
12/16/2010,4.048,4.242,4.242,4.01,162.40K,-4.12%
12/15/2010,4.222,4.255,4.278,4.193,139.39K,-0.78%
12/14/2010,4.255,4.431,4.439,4.25,140.65K,-3.73%
12/13/2010,4.42,4.444,4.547,4.323,177.03K,0.07%
12/10/2010,4.417,4.399,4.479,4.344,146.93K,-0.41%
12/09/2010,4.435,4.612,4.637,4.41,204.14K,-3.71%
12/08/2010,4.606,4.397,4.614,4.35,197.36K,4.85%
12/07/2010,4.393,4.5,4.545,4.383,155.15K,-2.12%
12/06/2010,4.488,4.385,4.54,4.328,151.48K,3.20%
12/03/2010,4.349,4.341,4.391,4.28,86.98K,0.14%
12/02/2010,4.343,4.31,4.377,4.197,135.78K,1.73%
12/01/2010,4.269,4.196,4.324,4.164,118.74K,2.13%
11/30/2010,4.18,4.219,4.254,4.126,98.17K,-0.71%
11/29/2010,4.21,4.398,4.487,4.166,135.32K,-4.30%
11/26/2010,4.399,4.388,4.482,4.352,38.36K,3.09%
11/24/2010,4.267,4.235,4.382,4.176,15.82K,0.07%
11/23/2010,4.264,4.262,4.29,4.115,92.46K,-0.16%
11/22/2010,4.271,4.162,4.293,4.125,103.53K,2.57%
11/19/2010,4.164,4.023,4.175,3.975,117.95K,3.92%
11/18/2010,4.007,4.027,4.058,3.853,154.99K,-0.57%
11/17/2010,4.03,3.834,4.037,3.796,139.23K,5.55%
11/16/2010,3.818,3.869,3.919,3.782,112.16K,-0.70%
11/15/2010,3.845,3.78,3.88,3.71,161.36K,1.21%
11/12/2010,3.799,3.939,3.94,3.794,133.64K,-3.26%
11/11/2010,3.927,4.062,4.125,3.917,144.07K,-2.94%
11/10/2010,4.046,4.205,4.249,4.018,161.72K,-3.90%
11/09/2010,4.21,4.12,4.228,4.058,154.08K,2.98%
11/08/2010,4.088,3.954,4.132,3.937,140.47K,3.84%
11/05/2010,3.937,3.854,3.948,3.846,109.99K,2.10%
11/04/2010,3.856,3.838,3.899,3.743,134.67K,0.52%
11/03/2010,3.836,3.892,3.9,3.79,78.10K,-0.88%
11/02/2010,3.87,3.821,3.928,3.75,133.37K,0.99%
11/01/2010,3.832,4.031,4.187,3.812,134.61K,-5.10%
10/29/2010,4.038,3.922,4.075,3.83,156.38K,3.80%
10/28/2010,3.89,3.781,3.924,3.656,150.50K,18.17%
10/27/2010,3.292,3.333,3.391,3.212,16.49K,-1.85%
10/26/2010,3.354,3.352,3.41,3.263,72.62K,1.12%
10/25/2010,3.317,3.292,3.37,3.255,62.75K,-0.45%
10/22/2010,3.332,3.391,3.403,3.29,76.57K,-1.07%
10/21/2010,3.368,3.512,3.54,3.346,117.34K,-4.83%
10/20/2010,3.539,3.527,3.613,3.507,99.92K,0.74%
10/19/2010,3.513,3.399,3.54,3.395,103.71K,2.39%
10/18/2010,3.431,3.48,3.53,3.41,143.27K,-2.94%
10/15/2010,3.535,3.638,3.678,3.52,130.47K,-3.34%
10/14/2010,3.657,3.685,3.761,3.595,169.42K,-1.06%
10/13/2010,3.696,3.655,3.777,3.633,198.55K,1.85%
10/12/2010,3.629,3.601,3.667,3.545,144.33K,0.78%
10/11/2010,3.601,3.646,3.673,3.586,108.04K,-1.37%
10/08/2010,3.651,3.622,3.683,3.583,126.26K,0.94%
10/07/2010,3.617,3.881,3.888,3.61,191.72K,-6.42%
10/06/2010,3.865,3.779,3.888,3.748,115.00K,3.26%
10/05/2010,3.743,3.732,3.788,3.691,67.47K,0.43%
10/04/2010,3.727,3.752,3.788,3.686,82.99K,-1.84%
10/01/2010,3.797,3.861,3.87,3.788,71.50K,-1.94%
09/30/2010,3.872,3.961,4.012,3.78,109.16K,-2.27%
09/29/2010,3.962,3.961,3.98,3.903,67.65K,3.26%
09/28/2010,3.837,3.814,3.895,3.784,20.24K,0.97%
09/27/2010,3.8,3.818,3.829,3.732,71.08K,-2.09%
09/24/2010,3.881,4.028,4.039,3.873,71.81K,-3.43%
09/23/2010,4.019,3.993,4.133,3.972,121.11K,1.34%
09/22/2010,3.966,3.932,4.014,3.908,98.16K,1.20%
09/21/2010,3.919,3.832,3.998,3.811,138.33K,2.54%
09/20/2010,3.822,3.97,3.981,3.806,121.66K,-5.02%
09/17/2010,4.024,4.062,4.106,3.988,114.24K,-0.94%
09/16/2010,4.062,3.999,4.144,3.852,225.11K,1.68%
09/15/2010,3.995,3.964,4.06,3.932,137.98K,0.73%
09/14/2010,3.966,3.937,4.02,3.843,165.83K,0.71%
09/13/2010,3.938,3.834,3.975,3.8,113.06K,1.42%
09/10/2010,3.883,3.805,3.939,3.773,108.54K,3.05%
09/09/2010,3.768,3.822,3.84,3.703,133.48K,-1.21%
09/08/2010,3.814,3.871,3.914,3.795,81.91K,-0.99%
09/07/2010,3.852,3.933,3.933,3.768,111.42K,-2.21%
09/03/2010,3.939,3.81,3.946,3.757,97.03K,5.01%
09/02/2010,3.751,3.75,3.844,3.697,100.48K,-0.29%
09/01/2010,3.762,3.79,3.878,3.708,126.17K,-1.42%
08/31/2010,3.816,3.861,3.877,3.727,94.53K,0.10%
08/30/2010,3.812,3.746,3.878,3.693,89.61K,4.41%
08/27/2010,3.651,3.804,3.85,3.62,19.23K,-4.35%
08/26/2010,3.817,3.9,3.935,3.791,63.63K,-1.39%
08/25/2010,3.871,4.04,4.056,3.838,86.07K,-4.16%
08/24/2010,4.039,4.085,4.091,4.027,59.47K,-0.66%
08/23/2010,4.066,4.066,4.129,4.029,76.31K,-1.24%
08/20/2010,4.117,4.161,4.177,4.109,60.97K,-1.29%
08/19/2010,4.171,4.237,4.375,4.141,112.69K,-1.60%
08/18/2010,4.239,4.275,4.308,4.196,92.05K,-0.66%
08/17/2010,4.267,4.226,4.322,4.186,109.26K,0.92%
08/16/2010,4.228,4.336,4.35,4.182,111.62K,-2.31%
08/13/2010,4.328,4.279,4.342,4.269,75.81K,0.74%
08/12/2010,4.296,4.317,4.363,4.264,138.18K,-0.69%
08/11/2010,4.326,4.308,4.376,4.257,130.79K,0.67%
08/10/2010,4.297,4.33,4.37,4.276,146.49K,-0.28%
08/09/2010,4.309,4.452,4.548,4.263,181.97K,-3.54%
08/06/2010,4.467,4.61,4.646,4.456,119.81K,-2.85%
08/05/2010,4.598,4.736,4.825,4.556,142.43K,-2.93%
08/04/2010,4.737,4.664,4.756,4.632,94.56K,2.11%
08/03/2010,4.639,4.719,4.825,4.625,127.99K,-1.32%
08/02/2010,4.701,4.988,5.007,4.681,117.30K,-4.51%
07/30/2010,4.923,4.828,4.937,4.784,89.51K,1.99%
07/29/2010,4.827,4.685,4.87,4.678,129.64K,1.11%
07/28/2010,4.774,4.685,4.881,4.679,23.10K,2.12%
07/27/2010,4.675,4.612,4.691,4.6,65.65K,1.37%
07/26/2010,4.612,4.561,4.634,4.511,77.18K,0.70%
07/23/2010,4.58,4.655,4.665,4.552,78.01K,-1.36%
07/22/2010,4.643,4.527,4.719,4.509,144.10K,2.88%
07/21/2010,4.513,4.616,4.662,4.48,120.95K,-1.68%
07/20/2010,4.59,4.515,4.617,4.466,120.80K,1.77%
07/19/2010,4.51,4.531,4.555,4.454,91.18K,-0.20%
07/16/2010,4.519,4.614,4.659,4.472,113.67K,-1.46%
07/15/2010,4.586,4.319,4.623,4.288,187.33K,6.50%
07/14/2010,4.306,4.373,4.389,4.303,91.29K,-1.10%
07/13/2010,4.354,4.419,4.487,4.334,110.33K,-0.77%
07/12/2010,4.388,4.421,4.454,4.352,67.87K,-0.32%
07/09/2010,4.402,4.413,4.455,4.339,72.60K,0.07%
07/08/2010,4.399,4.598,4.619,4.355,125.61K,-3.64%
07/07/2010,4.565,4.662,4.78,4.555,97.66K,-2.50%
07/06/2010,4.682,4.66,4.9,4.64,111.46K,-0.11%
07/02/2010,4.687,4.83,4.871,4.613,95.15K,-3.44%
07/01/2010,4.854,4.636,4.923,4.534,138.08K,5.16%
06/30/2010,4.616,4.562,4.637,4.477,92.61K,1.50%
06/29/2010,4.548,4.73,4.756,4.525,98.80K,-3.58%
06/28/2010,4.717,4.829,4.841,4.695,15.48K,-2.96%
06/25/2010,4.861,4.769,4.893,4.74,66.23K,2.38%
06/24/2010,4.748,4.811,4.855,4.698,72.92K,-1.17%
06/23/2010,4.804,4.777,4.878,4.746,101.33K,1.01%
06/22/2010,4.756,4.87,4.888,4.691,109.47K,-2.40%
06/21/2010,4.873,5.044,5.182,4.826,126.78K,-2.48%
06/18/2010,4.997,5.128,5.19,4.987,90.59K,-3.20%
06/17/2010,5.162,5.012,5.178,4.98,148.77K,3.70%
06/16/2010,4.978,5.152,5.196,4.965,118.02K,-4.07%
06/15/2010,5.189,5.084,5.194,5.024,139.49K,3.66%
06/14/2010,5.006,4.861,5.069,4.861,137.62K,4.71%
06/11/2010,4.781,4.699,4.815,4.675,100.40K,2.88%
06/10/2010,4.647,4.675,4.808,4.628,146.72K,-0.64%
06/09/2010,4.677,4.786,4.836,4.667,116.52K,-2.72%
06/08/2010,4.808,4.969,4.995,4.747,151.09K,-2.20%
06/07/2010,4.916,4.841,4.96,4.66,149.43K,2.48%
06/04/2010,4.797,4.699,4.977,4.609,164.53K,2.28%
06/03/2010,4.69,4.437,4.713,4.379,173.31K,6.01%
06/02/2010,4.424,4.217,4.44,4.217,111.38K,4.14%
06/01/2010,4.248,4.35,4.431,4.217,98.91K,-2.14%
05/28/2010,4.341,4.337,4.399,4.26,99.76K,1.09%
05/27/2010,4.294,4.175,4.336,4.154,92.96K,3.35%
05/26/2010,4.155,4.098,4.245,4.07,16.69K,2.57%
05/25/2010,4.051,4.045,4.097,3.986,46.07K,0.85%
05/24/2010,4.017,4.037,4.068,3.986,62.44K,-0.45%
05/21/2010,4.035,4.117,4.175,4.02,84.61K,-1.73%
05/20/2010,4.106,4.162,4.207,4.04,112.68K,-1.25%
05/19/2010,4.158,4.336,4.341,4.131,106.98K,-4.24%
05/18/2010,4.342,4.412,4.494,4.296,107.68K,-1.27%
05/17/2010,4.398,4.325,4.413,4.282,116.91K,1.99%
05/14/2010,4.312,4.307,4.35,4.252,109.17K,-0.62%
05/13/2010,4.339,4.277,4.414,4.154,173.51K,1.28%
05/12/2010,4.284,4.138,4.292,4.133,131.55K,3.70%
05/11/2010,4.131,4.157,4.225,4.109,92.22K,-0.94%
05/10/2010,4.17,4.015,4.235,4.006,127.28K,3.86%
05/07/2010,4.015,3.936,4.039,3.9,86.66K,2.19%
05/06/2010,3.929,3.978,4.086,3.855,102.83K,-1.55%
05/05/2010,3.991,4.03,4.04,3.925,70.78K,-0.55%
05/04/2010,4.013,4.009,4.046,3.963,81.14K,0.33%
05/03/2010,4,3.935,4.02,3.89,79.14K,2.04%
04/30/2010,3.92,4.01,4.065,3.885,109.37K,-1.51%
04/29/2010,3.98,4.348,4.386,3.967,191.79K,-6.81%
04/28/2010,4.271,4.207,4.326,4.186,18.84K,1.30%
04/27/2010,4.216,4.239,4.293,4.191,65.53K,-1.08%
04/26/2010,4.262,4.29,4.313,4.174,84.70K,0.12%
04/23/2010,4.257,4.117,4.322,4.067,109.56K,3.13%
04/22/2010,4.128,3.982,4.15,3.93,125.22K,4.37%
04/21/2010,3.955,3.975,4.044,3.933,84.90K,-0.50%
04/20/2010,3.975,3.958,3.993,3.879,99.49K,0.79%
04/19/2010,3.944,4.038,4.077,3.902,117.50K,-2.35%
04/16/2010,4.039,4.012,4.099,3.985,123.29K,1.36%
04/15/2010,3.985,4.154,4.269,3.967,162.64K,-5.10%
04/14/2010,4.199,4.154,4.269,4.114,163.60K,0.94%
04/13/2010,4.16,4.012,4.167,3.947,152.07K,3.79%
04/12/2010,4.008,4.093,4.18,3.936,168.50K,-1.52%
04/09/2010,4.07,3.939,4.102,3.907,129.80K,4.12%
04/08/2010,3.909,4.009,4.099,3.857,139.30K,-2.74%
04/07/2010,4.019,4.119,4.173,4.008,115.38K,-1.88%
04/06/2010,4.096,4.284,4.334,4.066,125.89K,-4.23%
04/05/2010,4.277,4.096,4.313,4.002,108.98K,4.67%
04/01/2010,4.086,3.874,4.157,3.81,105.67K,5.61%
03/31/2010,3.869,4.003,4.079,3.853,114.06K,-2.62%
03/30/2010,3.973,3.885,4.015,3.847,80.17K,3.41%
03/29/2010,3.842,3.866,3.95,3.82,16.03K,-0.77%
03/26/2010,3.872,3.974,3.997,3.856,67.94K,-2.74%
03/25/2010,3.981,4.092,4.142,3.94,86.75K,-3.02%
03/24/2010,4.105,4.142,4.142,4.052,75.40K,-0.61%
03/23/2010,4.13,4.116,4.16,4.058,76.25K,1.25%
03/22/2010,4.079,4.158,4.168,4.036,81.87K,-2.16%
03/19/2010,4.169,4.091,4.175,4.05,74.12K,2.06%
03/18/2010,4.085,4.289,4.292,4.054,153.91K,-5.07%
03/17/2010,4.303,4.334,4.368,4.28,80.23K,-1.01%
03/16/2010,4.347,4.385,4.423,4.323,106.94K,-1.00%
03/15/2010,4.391,4.389,4.447,4.334,101.16K,-0.20%
03/12/2010,4.4,4.415,4.469,4.377,56.91K,-0.90%
03/11/2010,4.44,4.576,4.593,4.415,98.14K,-2.61%
03/10/2010,4.559,4.51,4.595,4.45,95.84K,0.95%
03/09/2010,4.516,4.571,4.603,4.476,74.65K,-0.24%
03/08/2010,4.527,4.537,4.575,4.458,68.08K,-1.44%
03/05/2010,4.593,4.595,4.626,4.54,64.87K,0.39%
03/04/2010,4.575,4.761,4.787,4.556,102.37K,-3.83%
03/03/2010,4.757,4.72,4.79,4.68,66.17K,1.04%
03/02/2010,4.708,4.693,4.755,4.655,85.65K,0.62%
03/01/2010,4.679,4.772,4.869,4.66,89.84K,-2.78%
02/26/2010,4.813,4.8,4.853,4.739,69.23K,0.96%
02/25/2010,4.767,4.876,4.894,4.743,84.37K,-1.02%
02/24/2010,4.816,4.773,4.884,4.745,17.09K,0.80%
02/23/2010,4.778,4.915,4.934,4.766,66.65K,-2.39%
02/22/2010,4.895,4.95,4.977,4.841,78.06K,-2.95%
02/19/2010,5.044,5.151,5.167,5.008,96.76K,-2.47%
02/18/2010,5.172,5.386,5.419,5.135,118.53K,-3.97%
02/17/2010,5.386,5.35,5.414,5.274,91.20K,1.43%
02/16/2010,5.31,5.429,5.56,5.305,140.89K,-2.89%
02/12/2010,5.468,5.404,5.556,5.204,149.08K,1.33%
02/11/2010,5.396,5.297,5.416,5.286,135.61K,1.97%
02/10/2010,5.292,5.348,5.38,5.24,138.42K,0.04%
02/09/2010,5.29,5.42,5.466,5.262,148.51K,-2.06%
02/08/2010,5.401,5.602,5.68,5.396,140.79K,-2.07%
02/05/2010,5.515,5.485,5.598,5.383,149.13K,1.83%
02/04/2010,5.416,5.406,5.5,5.227,132.33K,-0.06%
02/03/2010,5.419,5.441,5.558,5.36,97.20K,-0.64%
02/02/2010,5.454,5.436,5.538,5.378,104.92K,0.37%
02/01/2010,5.434,5.247,5.45,5.236,106.10K,5.91%
01/29/2010,5.131,5.19,5.285,5.094,79.68K,-0.14%
01/28/2010,5.138,5.23,5.258,5.06,107.01K,-2.58%
01/27/2010,5.274,5.46,5.482,5.223,19.27K,-3.85%
01/26/2010,5.485,5.707,5.721,5.434,65.65K,-4.14%
01/25/2010,5.722,5.821,5.854,5.671,85.29K,-1.67%
01/22/2010,5.819,5.658,5.869,5.65,104.04K,3.63%
01/21/2010,5.615,5.487,5.719,5.48,115.56K,2.17%
01/20/2010,5.496,5.595,5.624,5.464,72.28K,-1.10%
01/19/2010,5.557,5.64,5.687,5.444,150.33K,-2.35%
01/15/2010,5.691,5.587,5.732,5.519,105.41K,1.84%
01/14/2010,5.588,5.754,5.804,5.483,160.79K,-2.53%
01/13/2010,5.733,5.588,5.785,5.432,158.39K,2.54%
01/12/2010,5.591,5.485,5.605,5.354,109.93K,2.51%
01/11/2010,5.454,5.576,5.625,5.371,120.79K,-5.13%
01/08/2010,5.749,5.827,5.853,5.621,101.15K,-0.98%
01/07/2010,5.806,6.033,6.108,5.763,135.11K,-3.38%
01/06/2010,6.009,5.69,6.075,5.65,140.61K,6.60%
01/05/2010,5.637,5.837,5.858,5.615,99.49K,-4.20%
01/04/2010,5.884,5.705,5.894,5.705,78.86K,5.60%
12/31/2009,5.572,5.709,5.873,5.505,59.41K,-2.40%
12/30/2009,5.709,5.84,5.929,5.672,56.10K,-1.81%
12/29/2009,5.814,5.985,6.035,5.78,17.33K,-2.94%
12/28/2009,5.99,5.752,6.006,5.752,62.35K,6.15%
12/24/2009,5.643,5.844,5.926,5.6,44.50K,-3.06%
12/23/2009,5.821,5.732,5.857,5.598,71.00K,1.85%
12/22/2009,5.715,5.676,5.767,5.531,86.50K,0.81%
12/21/2009,5.669,5.798,5.929,5.625,83.10K,-1.95%
12/18/2009,5.782,5.766,5.926,5.727,103.92K,0.24%
12/17/2009,5.768,5.479,5.911,5.454,157.40K,5.60%
12/16/2009,5.462,5.535,5.569,5.42,128.61K,-1.10%
12/15/2009,5.523,5.36,5.54,5.314,153.09K,3.58%
12/14/2009,5.332,5.235,5.409,5.191,110.24K,3.27%
12/11/2009,5.163,5.26,5.375,5.121,140.01K,-2.55%
12/10/2009,5.298,4.9,5.347,4.837,202.92K,8.17%
12/09/2009,4.898,5.095,5.23,4.847,157.38K,-4.22%
12/08/2009,5.114,4.969,5.152,4.969,179.04K,2.88%
12/07/2009,4.971,4.651,5.009,4.644,171.97K,8.40%
12/04/2009,4.586,4.459,4.676,4.445,92.95K,2.85%
12/03/2009,4.459,4.548,4.605,4.432,93.80K,-1.57%
12/02/2009,4.53,4.682,4.792,4.511,116.03K,-4.87%
12/01/2009,4.762,4.82,4.891,4.659,128.89K,-1.77%
11/30/2009,4.848,5.184,5.192,4.82,122.15K,-6.63%
11/27/2009,5.192,5.131,5.29,4.809,84.88K,0.56%
11/25/2009,5.163,4.777,5.178,4.765,129.91K,15.09%
11/24/2009,4.486,4.47,4.61,4.361,20.87K,0.29%
11/23/2009,4.473,4.507,4.58,4.406,80.07K,1.11%
11/20/2009,4.424,4.35,4.45,4.22,86.01K,1.89%
11/19/2009,4.342,4.274,4.364,4.157,112.40K,2.07%
11/18/2009,4.254,4.54,4.578,4.229,129.89K,-6.09%
11/17/2009,4.53,4.632,4.734,4.511,144.79K,-1.82%
11/16/2009,4.614,4.44,4.656,4.382,124.22K,5.05%
11/13/2009,4.392,4.385,4.459,4.287,140.11K,0.50%
11/12/2009,4.37,4.49,4.517,4.357,128.04K,-2.95%
11/11/2009,4.503,4.545,4.566,4.433,117.79K,0.81%
11/10/2009,4.467,4.635,4.665,4.436,134.29K,-4.35%
11/09/2009,4.67,4.605,4.69,4.473,105.09K,1.63%
11/06/2009,4.595,4.815,4.827,4.555,94.69K,-3.91%
11/05/2009,4.782,4.732,4.882,4.676,103.52K,1.21%
11/04/2009,4.725,4.925,4.984,4.71,87.10K,-4.00%
11/03/2009,4.922,4.83,4.94,4.761,95.65K,2.03%
11/02/2009,4.824,5.034,5.115,4.817,98.11K,-4.38%
10/30/2009,5.045,5.094,5.271,4.952,116.30K,-0.34%
10/29/2009,5.062,5.066,5.129,4.941,95.09K,18.02%
10/28/2009,4.289,4.599,4.629,4.23,20.94K,-5.88%
10/27/2009,4.557,4.52,4.637,4.476,59.44K,0.97%
10/26/2009,4.513,4.735,4.749,4.459,84.96K,-5.72%
10/23/2009,4.787,4.98,5.056,4.771,86.61K,-3.23%
10/22/2009,4.947,5.095,5.214,4.908,121.20K,-3.00%
10/21/2009,5.1,5.172,5.318,5.07,145.43K,-1.18%
10/20/2009,5.161,4.87,5.195,4.856,151.13K,6.74%
10/19/2009,4.835,4.77,4.916,4.672,138.31K,1.13%
10/16/2009,4.781,4.5,4.88,4.437,168.13K,6.67%
10/15/2009,4.482,4.445,4.608,4.355,149.56K,1.04%
10/14/2009,4.436,4.609,4.664,4.399,174.32K,-3.31%
10/13/2009,4.588,4.873,4.959,4.513,180.89K,-5.98%
10/12/2009,4.88,4.781,4.972,4.781,92.97K,2.31%
10/09/2009,4.77,4.977,4.99,4.754,122.85K,-3.89%
10/08/2009,4.963,4.89,5.045,4.808,145.48K,1.20%
10/07/2009,4.904,4.919,5.088,4.831,155.20K,0.49%
10/06/2009,4.88,4.99,5.12,4.801,135.53K,-2.15%
10/05/2009,4.987,4.735,5.07,4.671,155.20K,5.70%
10/02/2009,4.718,4.45,4.728,4.351,138.36K,5.64%
10/01/2009,4.466,4.825,4.825,4.439,163.73K,-7.75%
09/30/2009,4.841,4.862,4.92,4.727,107.68K,-0.70%
09/29/2009,4.875,4.82,4.975,4.598,162.65K,30.70%
09/28/2009,3.73,3.965,3.996,3.662,23.49K,-6.40%
09/25/2009,3.985,3.95,4.035,3.796,88.09K,0.76%
09/24/2009,3.955,3.828,3.999,3.732,108.77K,2.46%
09/23/2009,3.86,3.652,3.935,3.596,144.33K,6.95%
09/22/2009,3.609,3.602,3.729,3.502,111.69K,0.92%
09/21/2009,3.576,3.722,3.797,3.532,112.25K,-5.35%
09/18/2009,3.778,3.453,3.838,3.453,128.22K,9.25%
09/17/2009,3.458,3.771,3.9,3.442,199.12K,-8.03%
09/16/2009,3.76,3.355,3.797,3.355,195.65K,13.25%
09/15/2009,3.32,3.421,3.6,3.313,208.79K,0.70%
09/14/2009,3.297,2.956,3.439,2.911,197.03K,11.39%
09/11/2009,2.96,3.256,3.424,2.93,189.39K,-9.09%
09/10/2009,3.256,2.845,3.32,2.74,198.02K,15.09%
09/09/2009,2.829,2.841,2.998,2.802,117.22K,0.78%
09/08/2009,2.807,2.741,2.888,2.623,128.60K,2.90%
09/04/2009,2.728,2.513,2.758,2.409,138.00K,8.77%
09/03/2009,2.508,2.724,2.739,2.5,127.15K,-7.62%
09/02/2009,2.715,2.827,2.898,2.709,112.89K,-3.76%
09/01/2009,2.821,2.984,3.017,2.81,98.95K,-5.24%
08/31/2009,2.977,3.003,3.084,2.914,73.54K,-1.85%
08/28/2009,3.033,3.193,3.22,3.017,86.56K,6.68%
08/27/2009,2.843,2.91,2.91,2.692,27.39K,-2.30%
08/26/2009,2.91,2.871,2.915,2.823,66.96K,0.97%
08/25/2009,2.882,2.948,2.954,2.819,55.94K,-1.40%
08/24/2009,2.923,2.79,2.974,2.726,106.08K,4.24%
08/21/2009,2.804,2.93,2.993,2.776,90.12K,-4.79%
08/20/2009,2.945,3.14,3.169,2.928,115.83K,-5.58%
08/19/2009,3.119,3.095,3.186,3.049,83.51K,0.74%
08/18/2009,3.096,3.196,3.239,3.088,105.31K,-2.12%
08/17/2009,3.163,3.184,3.281,3.117,119.09K,-2.32%
08/14/2009,3.238,3.346,3.408,3.224,146.30K,-2.94%
08/13/2009,3.336,3.48,3.557,3.313,186.30K,-4.11%
08/12/2009,3.479,3.56,3.61,3.461,125.04K,-1.75%
08/11/2009,3.541,3.66,3.739,3.533,102.19K,-2.75%
08/10/2009,3.641,3.703,3.768,3.613,85.39K,-0.90%
08/07/2009,3.674,3.752,3.851,3.662,84.21K,-1.84%
08/06/2009,3.743,4.023,4.075,3.735,121.56K,-7.40%
08/05/2009,4.042,3.982,4.09,3.894,82.34K,1.02%
08/04/2009,4.001,3.991,4.06,3.868,107.71K,-0.74%
08/03/2009,4.031,3.632,4.162,3.596,147.82K,10.35%
07/31/2009,3.653,3.742,3.761,3.568,80.28K,-2.40%
07/30/2009,3.743,3.518,3.769,3.499,95.09K,10.77%
07/29/2009,3.379,3.545,3.548,3.296,21.36K,-4.41%
07/28/2009,3.535,3.636,3.665,3.454,71.21K,-1.91%
07/27/2009,3.604,3.666,3.668,3.555,59.24K,-2.46%
07/24/2009,3.695,3.529,3.705,3.524,79.91K,4.08%
07/23/2009,3.55,3.82,3.891,3.523,120.02K,-6.41%
07/22/2009,3.793,3.681,3.904,3.63,107.33K,2.38%
07/21/2009,3.705,3.676,3.745,3.606,72.04K,0.43%
07/20/2009,3.689,3.7,3.774,3.516,105.50K,0.55%
07/17/2009,3.669,3.616,3.785,3.544,114.83K,0.03%
07/16/2009,3.668,3.296,3.68,3.25,167.36K,11.73%
07/15/2009,3.283,3.446,3.527,3.259,147.10K,-4.26%
07/14/2009,3.429,3.32,3.472,3.304,97.22K,5.09%
07/13/2009,3.263,3.337,3.356,3.225,86.27K,-3.26%
07/10/2009,3.373,3.42,3.449,3.35,46.74K,-1.03%
07/09/2009,3.408,3.386,3.489,3.356,84.85K,1.64%
07/08/2009,3.353,3.365,3.41,3.337,65.62K,-2.22%
07/07/2009,3.429,3.505,3.525,3.373,102.29K,-1.66%
07/06/2009,3.487,3.64,3.685,3.369,97.14K,-3.54%
07/02/2009,3.615,3.792,3.795,3.606,96.11K,-4.74%
07/01/2009,3.795,3.849,3.891,3.759,80.40K,-1.04%
06/30/2009,3.835,3.931,3.986,3.798,88.48K,-2.76%
06/29/2009,3.944,4.049,4.09,3.929,63.87K,-0.13%
06/26/2009,3.949,3.873,4,3.77,26.23K,2.73%
06/25/2009,3.844,3.779,3.95,3.743,79.69K,2.21%
06/24/2009,3.761,3.871,3.91,3.717,71.70K,-3.04%
06/23/2009,3.879,3.933,4,3.827,84.04K,-1.37%
06/22/2009,3.933,4.04,4.105,3.86,88.59K,-2.46%
06/19/2009,4.032,4.08,4.159,4.014,69.27K,-1.49%
06/18/2009,4.093,4.263,4.328,4.061,101.29K,-3.76%
06/17/2009,4.253,4.109,4.288,4.035,117.64K,3.00%
06/16/2009,4.129,4.191,4.387,4.065,136.21K,-1.27%
06/15/2009,4.182,3.859,4.198,3.825,146.65K,8.43%
06/12/2009,3.857,3.911,3.973,3.741,129.47K,-1.93%
06/11/2009,3.933,3.687,4.067,3.663,193.51K,6.07%
06/10/2009,3.708,3.777,3.86,3.665,110.00K,-0.62%
06/09/2009,3.731,3.727,3.82,3.656,100.49K,0.00%
06/08/2009,3.731,3.87,3.882,3.679,101.50K,-3.54%
06/05/2009,3.868,3.84,3.986,3.714,114.10K,1.52%
06/04/2009,3.81,3.765,3.872,3.55,135.77K,1.17%
06/03/2009,3.766,4.113,4.139,3.708,115.36K,-8.59%
06/02/2009,4.12,4.203,4.284,4.069,89.19K,-3.04%
06/01/2009,4.249,3.869,4.259,3.844,102.86K,10.80%
05/29/2009,3.835,3.98,4.104,3.798,103.93K,-3.08%
05/28/2009,3.957,3.63,3.979,3.572,127.01K,11.84%
05/27/2009,3.538,3.57,3.578,3.452,28.31K,0.03%
05/26/2009,3.537,3.48,3.589,3.388,75.04K,0.63%
05/22/2009,3.515,3.595,3.638,3.478,53.97K,-2.44%
05/21/2009,3.603,4.003,4.003,3.579,97.81K,-9.24%
05/20/2009,3.97,3.939,4.008,3.815,85.85K,1.43%
05/19/2009,3.914,4.154,4.206,3.859,101.06K,-5.44%
05/18/2009,4.139,4.037,4.239,3.997,83.37K,1.00%
05/15/2009,4.098,4.3,4.317,4.083,63.99K,-4.52%
05/14/2009,4.292,4.216,4.349,4.125,111.72K,-0.95%
05/13/2009,4.333,4.56,4.575,4.203,117.79K,-2.61%
05/12/2009,4.449,4.33,4.552,4.276,111.07K,3.42%
05/11/2009,4.302,4.34,4.364,4.195,87.06K,-0.21%
05/08/2009,4.311,4.172,4.36,4.096,90.48K,5.64%
05/07/2009,4.081,3.866,4.186,3.82,129.24K,4.99%
05/06/2009,3.887,3.619,3.9,3.596,99.45K,7.52%
05/05/2009,3.615,3.724,3.725,3.57,56.44K,-2.95%
05/04/2009,3.725,3.544,3.74,3.469,73.69K,5.05%
05/01/2009,3.546,3.393,3.591,3.361,69.22K,5.13%
04/30/2009,3.373,3.347,3.415,3.251,61.29K,-0.88%
04/29/2009,3.403,3.469,3.525,3.339,57.74K,2.47%
04/28/2009,3.321,3.266,3.352,3.192,28.56K,2.09%
04/27/2009,3.253,3.268,3.278,3.155,60.36K,-1.33%
04/24/2009,3.297,3.38,3.433,3.26,48.82K,-3.29%
04/23/2009,3.409,3.52,3.532,3.38,59.80K,-3.48%
04/22/2009,3.532,3.513,3.548,3.497,40.64K,0.60%
04/21/2009,3.511,3.56,3.56,3.448,57.56K,-0.82%
04/20/2009,3.54,3.71,3.757,3.52,54.41K,-5.07%
04/17/2009,3.729,3.601,3.786,3.534,68.92K,3.61%
04/16/2009,3.599,3.692,3.714,3.534,75.43K,-2.55%
04/15/2009,3.693,3.685,3.746,3.62,62.73K,0.11%
04/14/2009,3.689,3.638,3.715,3.585,67.56K,1.68%
04/13/2009,3.628,3.625,3.66,3.504,52.29K,0.50%
04/09/2009,3.61,3.696,3.824,3.555,53.27K,-0.55%
04/08/2009,3.63,3.579,3.669,3.531,45.72K,1.91%
04/07/2009,3.562,3.709,3.747,3.554,60.86K,-4.56%
04/06/2009,3.732,3.801,3.86,3.661,44.84K,-1.82%
04/03/2009,3.801,3.787,3.84,3.702,36.06K,0.50%
04/02/2009,3.782,3.667,3.904,3.638,63.16K,2.35%
04/01/2009,3.695,3.791,3.799,3.629,54.14K,-2.15%
03/31/2009,3.776,3.792,3.828,3.634,56.92K,0.99%
03/30/2009,3.739,3.76,3.8,3.676,41.71K,2.97%
03/27/2009,3.631,3.942,3.942,3.6,22.90K,-8.01%
03/26/2009,3.947,4.325,4.377,3.889,90.42K,-8.82%
03/25/2009,4.329,4.34,4.36,4.241,48.44K,-0.41%
03/24/2009,4.347,4.345,4.379,4.2,73.18K,1.23%
03/23/2009,4.294,4.19,4.35,4.183,45.56K,1.59%
03/20/2009,4.227,4.2,4.335,4.109,69.19K,1.27%
03/19/2009,4.174,3.685,4.424,3.675,118.27K,13.30%
03/18/2009,3.684,3.835,3.852,3.672,64.73K,-3.36%
03/17/2009,3.812,3.837,3.899,3.761,50.11K,-0.99%
03/16/2009,3.85,3.914,3.95,3.766,72.95K,-2.09%
03/13/2009,3.932,4.014,4.03,3.901,63.07K,-1.58%
03/12/2009,3.995,3.798,4.04,3.759,86.94K,5.19%
03/11/2009,3.798,3.85,3.909,3.791,53.74K,-1.09%
03/10/2009,3.84,3.841,3.956,3.81,61.65K,-0.65%
03/09/2009,3.865,3.882,3.965,3.809,64.48K,-2.03%
03/06/2009,3.945,4.075,4.148,3.917,73.42K,-3.50%
03/05/2009,4.088,4.339,4.38,4.06,82.16K,-5.81%
03/04/2009,4.34,4.299,4.349,4.141,82.24K,1.35%
03/03/2009,4.282,4.177,4.327,4.166,68.88K,3.13%
03/02/2009,4.152,4.274,4.343,4.058,83.49K,-1.10%
02/27/2009,4.198,4.067,4.296,3.916,84.48K,2.97%
02/26/2009,4.077,4.032,4.128,4.018,49.26K,0.52%
02/25/2009,4.056,4.23,4.25,4.01,22.53K,-4.25%
02/24/2009,4.236,4.067,4.257,3.984,61.83K,3.39%
02/23/2009,4.097,4.075,4.159,4.01,61.67K,2.27%
02/20/2009,4.006,4.069,4.078,3.921,49.80K,-1.77%
02/19/2009,4.078,4.228,4.28,4.001,80.56K,-3.23%
02/18/2009,4.214,4.184,4.254,4.037,77.89K,0.26%
02/17/2009,4.203,4.3,4.322,4.148,62.94K,-5.59%
02/13/2009,4.452,4.507,4.53,4.39,52.39K,-0.74%
02/12/2009,4.485,4.597,4.631,4.38,92.16K,-1.04%
02/11/2009,4.532,4.521,4.746,4.445,112.95K,-0.24%
02/10/2009,4.543,4.816,4.867,4.521,81.70K,-5.49%
02/09/2009,4.807,4.77,4.88,4.638,69.52K,0.69%
02/06/2009,4.774,4.655,4.837,4.522,68.23K,2.84%
02/05/2009,4.642,4.627,4.742,4.51,70.34K,0.98%
02/04/2009,4.597,4.527,4.72,4.484,67.89K,1.86%
02/03/2009,4.513,4.59,4.728,4.36,72.67K,-0.97%
02/02/2009,4.557,4.315,4.669,4.28,72.48K,3.17%
01/30/2009,4.417,4.607,4.661,4.366,58.78K,-3.47%
01/29/2009,4.576,4.435,4.648,4.359,57.24K,2.23%
01/28/2009,4.476,4.512,4.665,4.41,22.04K,-0.60%
01/27/2009,4.503,4.485,4.598,4.47,45.17K,0.29%
01/26/2009,4.49,4.44,4.61,4.377,48.43K,-0.62%
01/23/2009,4.518,4.637,4.681,4.432,59.74K,-3.48%
01/22/2009,4.681,4.83,4.83,4.483,61.20K,-2.07%
01/21/2009,4.78,4.712,4.859,4.621,47.05K,2.97%
01/20/2009,4.642,4.729,4.775,4.57,39.95K,-3.31%
01/16/2009,4.801,4.896,4.979,4.765,45.08K,-0.87%
01/15/2009,4.843,4.925,5.03,4.742,56.89K,-2.56%
01/14/2009,4.97,5.219,5.235,4.94,73.46K,-4.13%
01/13/2009,5.184,5.51,5.567,5.158,65.39K,-6.46%
01/12/2009,5.542,5.547,5.634,5.37,47.93K,0.47%
01/09/2009,5.516,5.607,5.625,5.423,48.08K,-1.20%
01/08/2009,5.583,5.849,6.004,5.55,74.72K,-4.92%
01/07/2009,5.872,5.985,6.07,5.784,48.76K,-1.86%
01/06/2009,5.983,6.083,6.24,5.865,57.51K,-1.47%
01/05/2009,6.072,5.93,6.142,5.825,42.39K,1.69%
01/02/2009,5.971,5.55,6.088,5.503,41.11K,6.21%
12/31/2008,5.622,5.852,5.855,5.477,28.38K,-4.05%
12/30/2008,5.859,6.065,6.18,5.789,27.69K,-4.51%
12/29/2008,6.136,5.909,6.175,5.909,21.73K,5.32%
12/26/2008,5.826,5.85,5.938,5.779,6.31K,-1.42%
12/24/2008,5.91,5.702,5.94,5.517,38.13K,3.02%
12/23/2008,5.737,5.335,5.862,5.3,51.65K,8.37%
12/22/2008,5.294,5.27,5.37,5.21,40.96K,-0.75%
12/19/2008,5.334,5.559,5.703,5.267,47.36K,-3.86%
12/18/2008,5.548,5.559,5.579,5.559,54.58K,-1.26%
12/17/2008,5.619,5.785,5.855,5.486,60.92K,-2.30%
12/16/2008,5.751,5.66,5.825,5.574,47.99K,1.88%
12/15/2008,5.645,5.594,5.821,5.571,50.33K,2.86%
12/12/2008,5.488,5.57,5.577,5.463,43.91K,-1.96%
12/11/2008,5.598,5.684,5.772,5.508,67.42K,-1.55%
12/10/2008,5.686,5.667,5.792,5.565,68.71K,1.92%
12/09/2008,5.579,5.601,5.678,5.458,68.84K,0.23%
12/08/2008,5.566,5.708,5.738,5.484,70.19K,-3.07%
12/05/2008,5.742,6.009,6.009,5.712,66.52K,-4.57%
12/04/2008,6.017,6.37,6.428,5.961,78.61K,-5.20%
12/03/2008,6.347,6.47,6.484,6.28,44.51K,-1.20%
12/02/2008,6.424,6.497,6.659,6.371,53.72K,-2.73%
12/01/2008,6.604,6.55,6.685,6.37,57.32K,1.44%
11/28/2008,6.51,6.817,6.904,6.255,34.90K,-5.35%
11/26/2008,6.878,6.403,6.978,6.343,68.24K,7.70%
11/25/2008,6.386,6.837,6.863,6.347,65.38K,-7.29%
11/24/2008,6.888,6.672,6.922,6.601,24.72K,6.30%
11/21/2008,6.48,6.301,6.548,6.252,55.04K,2.60%
11/20/2008,6.316,6.734,6.82,6.201,66.85K,-6.33%
11/19/2008,6.743,6.476,6.825,6.428,72.18K,3.48%
11/18/2008,6.516,6.574,6.704,6.404,64.84K,-0.26%
11/17/2008,6.533,6.361,6.59,6.32,49.31K,3.50%
11/14/2008,6.312,6.4,6.45,6.054,59.33K,-0.09%
11/13/2008,6.318,6.349,6.487,6.084,92.28K,-1.36%
11/12/2008,6.405,6.698,6.789,6.333,76.73K,-4.47%
11/11/2008,6.705,7.24,7.25,6.67,86.87K,-7.49%
11/10/2008,7.248,6.887,7.308,6.887,72.23K,7.27%
11/07/2008,6.757,6.969,6.969,6.72,49.27K,-3.18%
11/06/2008,6.979,7.26,7.343,6.857,73.25K,-3.72%
11/05/2008,7.249,7.323,7.347,7.082,59.13K,0.42%
11/04/2008,7.219,6.85,7.36,6.836,86.08K,5.57%
11/03/2008,6.838,6.693,6.856,6.512,54.39K,0.81%
10/31/2008,6.783,6.42,6.832,6.33,53.04K,5.47%
10/30/2008,6.431,6.87,6.896,6.35,76.69K,-0.59%
10/29/2008,6.469,6.33,6.58,6.295,27.71K,4.57%
10/28/2008,6.186,6.145,6.313,6.067,53.39K,1.06%
10/27/2008,6.121,6.133,6.206,5.99,46.60K,-1.89%
10/24/2008,6.239,6.424,6.468,6.15,47.24K,-2.80%
10/23/2008,6.419,6.777,6.79,6.36,90.66K,-5.28%
10/22/2008,6.777,6.9,6.97,6.732,48.50K,-0.98%
10/21/2008,6.844,6.76,6.897,6.696,43.44K,1.53%
10/20/2008,6.741,6.854,7.087,6.683,74.32K,-0.66%
10/17/2008,6.786,6.818,6.975,6.751,61.96K,1.24%
10/16/2008,6.703,6.521,6.842,6.436,79.45K,1.68%
10/15/2008,6.592,6.74,6.754,6.529,44.83K,-2.01%
10/14/2008,6.727,6.707,6.837,6.643,56.00K,0.58%
10/13/2008,6.688,6.535,6.776,6.519,52.34K,2.34%
10/10/2008,6.535,6.763,6.785,6.522,67.47K,-4.25%
10/09/2008,6.825,6.756,6.886,6.622,62.28K,1.23%
10/08/2008,6.742,6.768,6.834,6.51,85.33K,-0.38%
10/07/2008,6.768,6.9,7.011,6.73,74.30K,-0.98%
10/06/2008,6.835,7.348,7.348,6.823,72.81K,-7.11%
10/03/2008,7.358,7.45,7.5,7.29,39.57K,-1.64%
10/02/2008,7.481,7.8,7.834,7.434,64.54K,-3.20%
10/01/2008,7.728,7.518,7.938,7.45,86.23K,3.90%
09/30/2008,7.438,7.176,7.542,7.176,48.68K,3.01%
09/29/2008,7.221,7.628,7.628,7.14,66.37K,-3.36%
09/26/2008,7.472,7.74,7.758,7.296,34.45K,-3.26%
09/25/2008,7.724,7.666,7.942,7.46,86.78K,0.59%
09/24/2008,7.679,8.015,8.16,7.605,76.06K,-3.18%
09/23/2008,7.931,7.729,8.06,7.6,93.48K,3.56%
09/22/2008,7.658,7.451,7.745,7.361,64.07K,1.69%
09/19/2008,7.531,7.57,7.748,7.425,51.73K,-1.18%
09/18/2008,7.621,7.965,8.32,7.411,102.32K,-3.65%
09/17/2008,7.91,7.333,7.989,7.27,116.52K,8.67%
09/16/2008,7.279,7.31,7.52,7.135,79.29K,-1.29%
09/15/2008,7.374,7.372,7.84,7.071,98.16K,0.11%
09/12/2008,7.366,7.252,7.67,7.12,91.51K,1.63%
09/11/2008,7.248,7.437,7.648,7.162,83.22K,-1.96%
09/10/2008,7.393,7.464,7.579,7.25,82.63K,-1.88%
09/09/2008,7.535,7.577,7.64,7.122,87.90K,0.11%
09/08/2008,7.527,7.6,7.705,7.3,82.97K,1.05%
09/05/2008,7.449,7.356,7.499,7.211,68.34K,1.73%
09/04/2008,7.322,7.26,7.39,7.023,78.10K,0.80%
09/03/2008,7.264,7.165,7.3,7.028,84.83K,0.04%
09/02/2008,7.261,8.094,8.13,7.16,109.20K,-8.59%
08/29/2008,7.943,8.049,8.32,7.926,81.20K,-1.33%
08/28/2008,8.05,8.557,8.808,7.722,140.81K,-4.10%
08/27/2008,8.394,8.295,8.777,8.276,36.38K,1.40%
08/26/2008,8.278,7.889,8.379,7.888,99.52K,5.79%
08/25/2008,7.825,7.794,7.915,7.617,80.77K,-0.23%
08/22/2008,7.843,8.291,8.34,7.768,86.12K,-4.96%
08/21/2008,8.252,8.108,8.388,8.015,88.63K,2.17%
08/20/2008,8.077,8.059,8.181,7.916,57.87K,1.27%
08/19/2008,7.976,7.865,8.151,7.78,75.50K,1.12%
08/18/2008,7.888,7.928,8.052,7.814,72.11K,-2.52%
08/15/2008,8.092,8.05,8.199,7.96,73.66K,-0.54%
08/14/2008,8.136,8.531,8.55,8,103.90K,-3.78%
08/13/2008,8.456,8.352,8.736,8.05,124.17K,1.51%
08/12/2008,8.33,8.395,8.489,8.233,76.54K,-0.23%
08/11/2008,8.349,8.36,8.46,8.16,83.06K,1.22%
08/08/2008,8.248,8.54,8.553,8.19,89.73K,-3.77%
08/07/2008,8.571,8.833,9.092,8.486,113.62K,-2.30%
08/06/2008,8.773,8.62,8.977,8.552,70.48K,0.54%
08/05/2008,8.726,8.612,8.958,8.335,97.08K,0.00%
08/04/2008,8.726,9.451,9.6,8.6,102.55K,-7.06%
08/01/2008,9.389,9.123,9.46,8.908,81.38K,2.96%
07/31/2008,9.119,9.311,9.35,9.049,79.99K,-1.39%
07/30/2008,9.248,9.056,9.34,8.81,89.86K,0.34%
07/29/2008,9.217,9.194,9.264,8.934,37.20K,0.59%
07/28/2008,9.163,9.196,9.306,9.071,69.25K,0.87%
07/25/2008,9.084,9.346,9.485,8.988,72.87K,-2.56%
07/24/2008,9.323,9.686,9.886,8.883,161.89K,-4.75%
07/23/2008,9.788,10.07,10.316,9.661,111.71K,-2.77%
07/22/2008,10.067,10.505,10.505,9.889,99.32K,-4.22%
07/21/2008,10.51,10.632,10.793,10.322,80.07K,-0.57%
07/18/2008,10.57,10.596,10.799,10.516,70.57K,0.31%
07/17/2008,10.537,11.475,11.55,10.464,147.90K,-7.55%
07/16/2008,11.398,11.453,11.496,11.113,89.56K,-0.69%
07/15/2008,11.477,11.991,12.111,11.376,114.48K,-4.03%
07/14/2008,11.959,11.955,12.137,11.765,82.33K,0.46%
07/11/2008,11.904,12.385,12.62,11.812,107.14K,-3.22%
07/10/2008,12.3,11.955,12.442,11.906,109.06K,2.45%
07/09/2008,12.006,12.363,12.487,11.907,121.28K,-2.93%
07/08/2008,12.368,12.931,12.97,12.29,133.90K,-4.69%
07/07/2008,12.977,13.5,13.572,12.874,119.18K,-4.42%
07/03/2008,13.577,13.485,13.619,13.306,50.73K,1.40%
07/02/2008,13.389,13.58,13.694,13.207,83.76K,-0.86%
07/01/2008,13.505,13.374,13.61,13.304,58.64K,1.14%
06/30/2008,13.353,13.26,13.448,13.21,60.29K,1.17%
06/27/2008,13.198,13.26,13.428,13.187,63.07K,0.71%
06/26/2008,13.105,12.69,13.222,12.524,46.02K,2.76%
06/25/2008,12.753,13.027,13.027,12.654,77.68K,-1.98%
06/24/2008,13.011,13.18,13.269,12.903,74.27K,-1.45%
06/23/2008,13.203,13.14,13.266,13.021,77.35K,1.61%
06/20/2008,12.994,12.89,13.185,12.782,70.55K,1.03%
06/19/2008,12.861,13.26,13.35,12.625,148.63K,-2.64%
06/18/2008,13.21,13.003,13.29,12.97,53.94K,1.99%
06/17/2008,12.952,12.945,13.05,12.837,75.05K,0.15%
06/16/2008,12.933,12.637,12.99,12.58,72.17K,2.44%
06/13/2008,12.625,12.8,12.824,12.574,62.15K,-1.35%
06/12/2008,12.798,12.705,12.888,12.543,96.20K,1.09%
06/11/2008,12.66,12.435,12.779,12.42,87.00K,1.81%
06/10/2008,12.435,12.595,12.754,12.367,95.59K,-1.34%
06/09/2008,12.604,12.69,12.811,12.543,80.22K,-0.70%
06/06/2008,12.693,12.548,12.823,12.548,91.74K,1.39%
06/05/2008,12.519,12.415,12.548,12.312,72.61K,1.13%
06/04/2008,12.379,12.143,12.475,12.076,92.60K,1.29%
06/03/2008,12.221,12.085,12.376,12.026,88.59K,2.11%
06/02/2008,11.969,11.791,12.203,11.633,90.08K,2.27%
05/30/2008,11.703,11.48,11.83,11.45,69.49K,2.00%
05/29/2008,11.474,12.021,12.075,11.43,113.22K,-3.71%
05/28/2008,11.916,11.786,11.975,11.602,37.43K,0.97%
05/27/2008,11.801,11.95,12.085,11.754,72.22K,-0.47%
05/23/2008,11.857,11.621,11.95,11.6,62.13K,1.37%
05/22/2008,11.697,11.71,11.857,11.481,118.10K,0.49%
05/21/2008,11.64,11.43,11.73,11.374,89.00K,2.42%
05/20/2008,11.365,10.985,11.477,10.95,115.44K,3.75%
05/19/2008,10.954,11.158,11.278,10.857,79.98K,-1.26%
05/16/2008,11.094,11.374,11.583,11.01,105.13K,-2.68%
05/15/2008,11.399,11.596,11.718,11.141,102.56K,-1.72%
05/14/2008,11.598,11.44,11.794,11.44,64.10K,1.54%
05/13/2008,11.422,11.325,11.649,11.215,109.34K,1.07%
05/12/2008,11.301,11.644,11.675,11.249,90.67K,-2.05%
05/09/2008,11.537,11.214,11.608,11.214,73.37K,2.43%
05/08/2008,11.263,11.349,11.428,11.211,88.42K,-0.57%
05/07/2008,11.327,11.08,11.387,11.061,77.86K,1.59%
05/06/2008,11.15,11.164,11.364,11.065,78.57K,-0.25%
05/05/2008,11.178,10.843,11.221,10.781,68.96K,3.72%
05/02/2008,10.777,10.522,10.795,10.5,50.72K,2.05%
05/01/2008,10.561,10.92,10.945,10.48,76.35K,-2.60%
04/30/2008,10.843,10.815,10.959,10.662,71.59K,0.01%
04/29/2008,10.842,11.21,11.244,10.765,82.40K,-3.88%
04/28/2008,11.28,11.02,11.36,10.97,33.77K,2.89%
04/25/2008,10.963,10.801,11.05,10.729,58.23K,1.60%
04/24/2008,10.79,10.84,10.945,10.593,80.14K,0.08%
04/23/2008,10.781,10.565,10.844,10.415,92.12K,1.64%
04/22/2008,10.607,10.699,10.764,10.529,75.25K,-1.17%
04/21/2008,10.733,10.624,10.749,10.496,69.82K,1.38%
04/18/2008,10.587,10.34,10.658,10.212,68.38K,1.96%
04/17/2008,10.383,10.478,10.536,10.322,74.19K,-0.48%
04/16/2008,10.433,10.245,10.489,10.06,109.89K,2.23%
04/15/2008,10.205,10.084,10.28,10.082,66.32K,1.51%
04/14/2008,10.053,9.92,10.097,9.816,57.20K,1.54%
04/11/2008,9.901,10,10.09,9.821,77.54K,-1.95%
04/10/2008,10.098,10.12,10.314,9.984,97.43K,0.42%
04/09/2008,10.056,9.778,10.153,9.735,93.54K,3.70%
04/08/2008,9.697,9.758,9.938,9.622,91.92K,-0.96%
04/07/2008,9.791,9.343,9.835,9.343,85.75K,5.03%
04/04/2008,9.322,9.349,9.547,9.29,64.94K,-1.01%
04/03/2008,9.417,9.811,9.88,9.333,87.94K,-4.22%
04/02/2008,9.832,9.63,9.952,9.386,106.81K,1.11%
04/01/2008,9.724,10.033,10.035,9.564,76.66K,-3.73%
03/31/2008,10.101,9.836,10.21,9.822,79.49K,3.07%
03/28/2008,9.8,9.681,9.85,9.663,44.75K,2.32%
03/27/2008,9.578,9.56,9.645,9.346,32.95K,0.06%
03/26/2008,9.572,9.452,9.65,9.352,70.67K,1.62%
03/25/2008,9.419,9.373,9.486,9.278,70.64K,0.96%
03/24/2008,9.329,9.12,9.447,9.008,79.83K,2.91%
03/20/2008,9.065,9.036,9.23,8.664,82.77K,0.45%
03/19/2008,9.024,9.44,9.45,8.977,78.89K,-4.14%
03/18/2008,9.414,9.14,9.473,9.11,75.01K,3.45%
03/17/2008,9.1,10.002,10.103,9.064,122.19K,-7.78%
03/14/2008,9.868,10.236,10.294,9.8,74.15K,-3.54%
03/13/2008,10.23,10.087,10.258,9.999,69.97K,2.19%
03/12/2008,10.011,10.023,10.087,9.86,56.53K,0.11%
03/11/2008,10,10.07,10.139,9.844,83.69K,-0.24%
03/10/2008,10.024,9.84,10.063,9.627,78.13K,2.61%
03/07/2008,9.769,9.765,10.004,9.686,79.06K,0.28%
03/06/2008,9.742,9.836,9.855,9.642,76.75K,0.01%
03/05/2008,9.741,9.368,9.876,9.34,99.06K,4.15%
03/04/2008,9.353,9.296,9.499,9.254,78.58K,0.07%
03/03/2008,9.346,9.387,9.605,9.27,75.04K,-0.21%
02/29/2008,9.366,9.421,9.478,9.302,49.17K,-0.82%
02/28/2008,9.443,9.024,9.498,9.012,75.73K,5.74%
02/27/2008,8.93,9.156,9.202,8.88,40.20K,-3.00%
02/26/2008,9.206,9.151,9.327,9.103,90.97K,0.22%
02/25/2008,9.186,9.335,9.36,9.061,77.27K,0.44%
02/22/2008,9.146,8.869,9.239,8.771,94.81K,2.87%
02/21/2008,8.891,8.939,9.05,8.84,67.04K,-0.83%
02/20/2008,8.965,9.023,9.12,8.898,60.98K,-0.13%
02/19/2008,8.977,8.755,9.07,8.734,63.67K,3.66%
02/15/2008,8.66,8.751,8.847,8.636,64.53K,-1.28%
02/14/2008,8.772,8.395,8.81,8.355,83.25K,4.58%
02/13/2008,8.388,8.41,8.555,8.336,78.26K,-0.57%
02/12/2008,8.436,8.562,8.62,8.36,92.67K,-1.11%
02/11/2008,8.531,8.405,8.627,8.395,91.09K,2.77%
02/08/2008,8.301,8.195,8.33,8.059,100.77K,2.46%
02/07/2008,8.102,8.032,8.194,7.971,69.11K,1.35%
02/06/2008,7.994,7.962,8.08,7.916,48.43K,0.65%
02/05/2008,7.942,7.89,8.005,7.863,53.40K,0.93%
02/04/2008,7.869,7.625,8.011,7.58,75.60K,1.67%
02/01/2008,7.74,8.065,8.066,7.691,78.64K,-4.14%
01/31/2008,8.074,8.056,8.123,7.94,61.89K,0.36%
01/30/2008,8.045,7.915,8.13,7.906,58.98K,0.61%
01/29/2008,7.996,8.118,8.133,7.89,33.73K,-1.22%
01/28/2008,8.095,7.96,8.112,7.898,56.12K,1.40%
01/25/2008,7.983,7.83,8.006,7.771,41.99K,2.32%
01/24/2008,7.802,7.7,7.864,7.662,48.88K,2.38%
01/23/2008,7.621,7.685,7.751,7.57,43.76K,-0.64%
01/22/2008,7.67,7.94,7.99,7.626,57.44K,-4.04%
01/18/2008,7.993,8.11,8.22,7.918,40.64K,-1.09%
01/17/2008,8.081,8.08,8.175,7.933,50.84K,-0.64%
01/16/2008,8.133,8.158,8.246,8.05,62.65K,-0.77%
01/15/2008,8.196,8.38,8.415,8.078,59.26K,-1.88%
01/14/2008,8.353,8.401,8.481,8.227,61.53K,1.74%
01/11/2008,8.21,8.299,8.41,8.083,67.60K,-0.59%
01/10/2008,8.259,8.135,8.303,7.988,64.77K,1.98%
01/09/2008,8.099,7.936,8.2,7.915,60.87K,1.66%
01/08/2008,7.967,7.909,8,7.88,53.78K,1.12%
01/07/2008,7.879,7.803,7.94,7.701,56.68K,0.48%
01/04/2008,7.841,7.652,7.859,7.5,61.50K,2.18%
01/03/2008,7.674,7.873,7.98,7.61,72.74K,-2.24%
01/02/2008,7.85,7.572,7.875,7.564,68.55K,4.90%
12/31/2007,7.483,7.349,7.54,7.283,27.30K,1.31%
12/28/2007,7.386,7.135,7.41,7.08,36.98K,2.98%
12/27/2007,7.172,7.05,7.301,6.838,30.31K,1.79%
12/26/2007,7.046,6.99,7.068,6.96,37.43K,0.30%
12/24/2007,7.025,7.079,7.17,6.98,16.24K,-2.29%
12/21/2007,7.19,7.137,7.25,7.04,40.81K,0.74%
12/20/2007,7.137,7.165,7.25,7.025,63.23K,-0.59%
12/19/2007,7.179,7.19,7.21,6.981,56.31K,0.53%
12/18/2007,7.141,7.049,7.185,7.024,35.95K,1.51%
12/17/2007,7.035,6.992,7.1,6.914,50.18K,0.14%
12/14/2007,7.025,7.167,7.207,6.992,42.54K,-2.34%
12/13/2007,7.193,7.432,7.529,7.16,83.95K,-2.90%
12/12/2007,7.408,7.141,7.438,7.11,70.79K,4.56%
12/11/2007,7.085,7.075,7.238,6.993,75.23K,0.75%
12/10/2007,7.032,7.045,7.183,6.95,67.56K,-1.72%
12/07/2007,7.155,7.32,7.38,7.09,71.92K,-2.39%
12/06/2007,7.33,7.225,7.445,7.175,50.03K,2.02%
12/05/2007,7.185,7.156,7.278,7.045,57.77K,0.42%
12/04/2007,7.155,7.22,7.279,7.069,50.81K,-0.82%
12/03/2007,7.214,7.209,7.279,7.038,56.94K,-1.21%
11/30/2007,7.302,7.506,7.57,7.276,42.82K,-2.01%
11/29/2007,7.452,7.52,7.676,7.38,54.62K,3.46%
11/28/2007,7.203,7.597,7.6,7.18,35.17K,-4.68%
11/27/2007,7.557,7.701,7.764,7.52,54.56K,-2.15%
11/26/2007,7.723,7.848,7.969,7.654,51.77K,0.30%
11/23/2007,7.7,7.575,7.74,7.465,11.37K,1.99%
11/21/2007,7.55,7.478,7.683,7.42,38.49K,0.98%
11/20/2007,7.477,7.753,7.753,7.459,49.71K,-3.98%
11/19/2007,7.787,8.045,8.13,7.744,43.00K,-2.67%
11/16/2007,8.001,7.71,8.049,7.65,52.15K,3.91%
11/15/2007,7.7,7.771,7.885,7.65,52.08K,-1.72%
11/14/2007,7.835,7.924,8.07,7.77,61.15K,-1.43%
11/13/2007,7.949,7.914,8.123,7.882,62.66K,-0.15%
11/12/2007,7.961,7.855,8.07,7.72,56.52K,0.81%
11/09/2007,7.897,7.718,7.96,7.675,47.38K,2.39%
11/08/2007,7.713,7.655,7.754,7.504,65.64K,1.17%
11/07/2007,7.624,7.903,7.97,7.546,76.32K,-3.04%
11/06/2007,7.863,7.94,8.14,7.765,66.53K,-1.70%
11/05/2007,7.999,8.333,8.333,7.92,43.05K,-4.98%
11/02/2007,8.418,8.639,8.712,8.342,50.94K,-2.54%
11/01/2007,8.637,8.373,8.677,8.231,79.92K,3.69%
10/31/2007,8.33,7.991,8.475,7.991,68.12K,3.85%
10/30/2007,8.021,7.986,8.175,7.94,63.34K,10.35%
10/29/2007,7.269,7.254,7.387,7.21,29.58K,0.71%
10/26/2007,7.218,7.176,7.227,7.073,54.48K,0.42%
10/25/2007,7.188,6.993,7.208,6.882,64.20K,3.10%
10/24/2007,6.972,6.76,7.058,6.687,67.61K,3.12%
10/23/2007,6.761,6.892,6.999,6.64,65.69K,-1.89%
10/22/2007,6.891,7.053,7.056,6.808,53.96K,-2.13%
10/19/2007,7.041,7.321,7.364,7.027,50.14K,-4.52%
10/18/2007,7.374,7.458,7.616,7.25,70.74K,-1.13%
10/17/2007,7.458,7.37,7.55,7.301,59.16K,1.24%
10/16/2007,7.367,7.485,7.57,7.29,77.25K,-1.05%
10/15/2007,7.445,7.087,7.49,7.087,79.64K,6.75%
10/12/2007,6.974,6.874,6.995,6.745,45.93K,1.43%
10/11/2007,6.876,7.011,7.117,6.846,80.97K,-1.91%
10/10/2007,7.01,6.936,7.08,6.835,74.30K,2.14%
10/09/2007,6.863,6.848,6.953,6.77,76.07K,0.25%
10/08/2007,6.846,7.027,7.186,6.826,86.87K,-3.21%
10/05/2007,7.073,7.398,7.412,7.026,77.12K,-4.57%
10/04/2007,7.412,7.24,7.431,7.15,43.95K,1.86%
10/03/2007,7.277,7.449,7.505,7.2,59.22K,-2.02%
10/02/2007,7.427,7.08,7.455,7.065,70.58K,5.35%
10/01/2007,7.05,6.86,7.098,6.753,62.52K,2.62%
09/28/2007,6.87,6.944,7.035,6.823,36.71K,-0.71%
09/27/2007,6.919,7.03,7.039,6.744,54.61K,7.72%
09/26/2007,6.423,6.36,6.474,6.25,31.95K,0.99%
09/25/2007,6.36,6.379,6.53,6.273,74.18K,-0.16%
09/24/2007,6.37,6.018,6.432,5.916,63.53K,4.77%
09/21/2007,6.08,6,6.259,5.725,62.08K,1.20%
09/20/2007,6.008,6.118,6.165,5.87,78.48K,-2.78%
09/19/2007,6.18,6.525,6.642,6.088,64.98K,-5.91%
09/18/2007,6.568,6.672,6.73,6.168,95.88K,-1.28%
09/17/2007,6.653,6.395,6.69,6.275,61.99K,5.96%
09/14/2007,6.279,6.07,6.498,6.025,83.46K,4.15%
09/13/2007,6.029,6.471,6.49,6,72.71K,-6.35%
09/12/2007,6.438,5.939,6.49,5.931,80.62K,8.49%
09/11/2007,5.934,5.972,5.994,5.815,73.76K,0.73%
09/10/2007,5.891,5.348,5.989,5.249,90.27K,7.09%
09/07/2007,5.501,5.605,5.62,5.427,49.14K,-2.64%
09/06/2007,5.65,5.856,6.019,5.584,68.32K,-2.67%
09/05/2007,5.805,5.699,5.854,5.56,57.60K,3.13%
09/04/2007,5.629,5.44,5.713,5.259,58.78K,2.94%
08/31/2007,5.468,5.696,5.762,5.414,33.59K,-2.96%
08/30/2007,5.635,5.593,5.785,5.521,43.78K,3.78%
08/29/2007,5.43,5.67,5.75,5.369,28.88K,-2.91%
08/28/2007,5.593,5.429,5.728,5.365,76.72K,3.96%
08/27/2007,5.38,5.293,5.433,5.192,47.27K,-2.59%
08/24/2007,5.523,5.635,5.7,5.434,44.97K,-1.76%
08/23/2007,5.622,5.631,5.715,5.519,38.55K,0.79%
08/22/2007,5.578,5.865,5.879,5.544,53.38K,-4.11%
08/21/2007,5.817,6.02,6.034,5.752,59.96K,-3.69%
08/20/2007,6.04,6.635,6.635,5.995,72.48K,-13.84%
08/17/2007,7.01,6.89,7.132,6.705,54.91K,1.96%
08/16/2007,6.875,6.848,6.997,6.546,70.36K,0.16%
08/15/2007,6.864,7.015,7.192,6.745,79.11K,-1.10%
08/14/2007,6.94,6.85,7.059,6.672,72.07K,2.15%
08/13/2007,6.794,6.883,7.127,6.736,91.09K,-0.38%
08/10/2007,6.82,6.605,6.958,6.45,96.03K,3.55%
08/09/2007,6.586,6.265,6.65,6.244,92.62K,5.88%
08/08/2007,6.22,6.23,6.3,6.108,69.47K,0.31%
08/07/2007,6.201,6.26,6.4,6.175,66.47K,-0.11%
08/06/2007,6.208,6.162,6.28,5.906,44.85K,1.94%
08/03/2007,6.09,6.164,6.292,6.031,40.86K,-0.26%
08/02/2007,6.106,6.412,6.455,6.075,51.05K,-3.87%
08/01/2007,6.352,6.201,6.5,6.103,69.62K,2.60%
07/31/2007,6.191,6.566,6.684,6.166,59.86K,-4.74%
07/30/2007,6.499,6.285,6.58,6.232,51.98K,6.37%
07/27/2007,6.11,5.96,6.162,5.893,31.97K,2.81%
07/26/2007,5.943,5.941,6.032,5.851,58.43K,0.30%
07/25/2007,5.925,5.855,5.987,5.754,56.19K,1.06%
07/24/2007,5.863,6.02,6.043,5.801,67.65K,-2.91%
07/23/2007,6.039,6.279,6.295,6.001,60.83K,-6.31%
07/20/2007,6.446,6.738,6.75,6.378,43.76K,-3.88%
07/19/2007,6.706,6.56,6.744,6.536,46.50K,2.73%
07/18/2007,6.528,6.363,6.579,6.226,47.28K,3.50%
07/17/2007,6.307,6.357,6.495,6.237,52.30K,-1.08%
07/16/2007,6.376,6.527,6.527,6.314,53.50K,-4.29%
07/13/2007,6.662,6.564,6.752,6.521,51.62K,2.54%
07/12/2007,6.497,6.572,6.662,6.301,67.13K,-1.56%
07/11/2007,6.6,6.723,6.849,6.563,62.72K,-1.48%
07/10/2007,6.699,6.43,6.741,6.4,72.94K,4.51%
07/09/2007,6.41,6.444,6.614,6.383,55.17K,-0.53%
07/06/2007,6.444,6.61,6.65,6.36,40.15K,-2.63%
07/05/2007,6.618,6.77,6.79,6.56,29.86K,-2.01%
07/03/2007,6.754,6.765,6.839,6.689,33.23K,-0.15%
07/02/2007,6.764,6.72,6.8,6.551,47.69K,-0.13%
06/29/2007,6.773,6.68,6.845,6.607,47.89K,1.77%
06/28/2007,6.655,7.1,7.107,6.551,78.88K,-3.95%
06/27/2007,6.929,6.86,6.97,6.736,31.24K,0.76%
06/26/2007,6.877,6.94,7.002,6.834,64.63K,-0.91%
06/25/2007,6.94,7,7.039,6.91,53.72K,-2.66%
06/22/2007,7.13,7.367,7.39,7.049,63.35K,-2.97%
06/21/2007,7.348,7.398,7.5,7.325,56.59K,-0.58%
06/20/2007,7.391,7.555,7.58,7.325,59.88K,-1.70%
06/19/2007,7.519,7.677,7.71,7.5,58.77K,-2.22%
06/18/2007,7.69,7.909,7.918,7.659,46.65K,-2.88%
06/15/2007,7.918,7.823,8.017,7.771,71.44K,1.41%
06/14/2007,7.808,7.606,7.825,7.59,54.35K,2.63%
06/13/2007,7.608,7.712,7.77,7.584,65.07K,-0.96%
06/12/2007,7.682,7.597,7.73,7.58,54.52K,0.97%
06/11/2007,7.608,7.65,7.757,7.56,69.63K,-0.72%
06/08/2007,7.663,7.791,7.83,7.65,61.39K,-2.07%
06/07/2007,7.825,8.089,8.132,7.79,87.97K,-3.16%
06/06/2007,8.08,8.066,8.16,8,41.35K,0.20%
06/05/2007,8.064,8.18,8.208,8.01,49.31K,-1.55%
06/04/2007,8.191,7.92,8.21,7.873,80.29K,3.97%
06/01/2007,7.878,7.955,7.968,7.8,45.29K,-0.72%
05/31/2007,7.935,7.96,8,7.799,54.37K,-0.08%
05/30/2007,7.941,7.769,7.995,7.73,58.45K,4.61%
05/29/2007,7.591,7.592,7.633,7.489,31.88K,-0.64%
05/25/2007,7.64,7.69,7.74,7.5,54.89K,-0.53%
05/24/2007,7.681,7.763,7.799,7.65,50.82K,-0.98%
05/23/2007,7.757,7.8,7.87,7.74,42.63K,-0.56%
05/22/2007,7.801,7.911,7.941,7.795,35.38K,-1.42%
05/21/2007,7.913,7.876,7.96,7.82,41.59K,-0.39%
05/18/2007,7.944,8.12,8.23,7.891,61.19K,-1.62%
05/17/2007,8.075,7.945,8.139,7.853,49.83K,2.34%
05/16/2007,7.89,7.871,7.95,7.76,43.00K,0.33%
05/15/2007,7.864,7.922,7.936,7.815,41.60K,-1.11%
05/14/2007,7.952,7.96,8.112,7.91,61.38K,0.67%
05/11/2007,7.899,7.713,7.961,7.637,62.12K,2.24%
05/10/2007,7.726,7.718,7.79,7.632,53.75K,0.08%
05/09/2007,7.72,7.62,7.765,7.597,47.32K,1.09%
05/08/2007,7.637,7.733,7.779,7.59,61.30K,-1.83%
05/07/2007,7.779,7.85,7.875,7.732,53.21K,-2.00%
05/04/2007,7.938,7.974,8.105,7.834,62.66K,-0.11%
05/03/2007,7.947,7.728,8,7.508,86.49K,2.81%
05/02/2007,7.73,7.743,7.796,7.701,36.97K,0.16%
05/01/2007,7.718,7.833,7.856,7.68,42.18K,-1.84%
04/30/2007,7.863,7.849,7.93,7.707,43.67K,0.41%
04/27/2007,7.831,7.63,7.897,7.535,62.05K,4.30%
04/26/2007,7.508,7.697,7.7,7.42,17.84K,-2.35%
04/25/2007,7.689,7.608,7.7,7.55,58.49K,1.20%
04/24/2007,7.598,7.58,7.696,7.468,63.01K,0.48%
04/23/2007,7.562,7.293,7.601,7.25,56.07K,2.45%
04/20/2007,7.381,7.471,7.486,7.325,35.20K,-1.48%
04/19/2007,7.492,7.521,7.553,7.25,42.42K,-0.07%
04/18/2007,7.497,7.445,7.564,7.39,41.83K,1.06%
04/17/2007,7.418,7.47,7.587,7.4,41.49K,-1.49%
04/16/2007,7.53,7.725,7.74,7.461,60.51K,-3.47%
04/13/2007,7.801,7.962,7.995,7.76,58.16K,-1.55%
04/12/2007,7.924,7.829,7.97,7.8,50.54K,0.88%
04/11/2007,7.855,7.89,8.01,7.757,76.94K,-0.18%
04/10/2007,7.869,7.569,7.938,7.531,87.91K,4.28%
04/09/2007,7.546,7.656,7.693,7.535,60.08K,-0.80%
04/05/2007,7.607,7.535,7.724,7.493,41.34K,1.22%
04/04/2007,7.515,7.449,7.55,7.378,32.69K,1.20%
04/03/2007,7.426,7.604,7.646,7.39,49.02K,-3.19%
04/02/2007,7.671,7.768,7.791,7.545,45.42K,-0.76%
03/30/2007,7.73,7.63,7.77,7.616,35.17K,1.59%
03/29/2007,7.609,7.603,7.7,7.53,44.88K,0.67%
03/28/2007,7.558,7.6,7.728,7.52,29.16K,0.73%
03/27/2007,7.503,7.282,7.72,7.23,63.72K,3.43%
03/26/2007,7.254,7.27,7.323,7.194,38.02K,-0.21%
03/23/2007,7.269,7.3,7.361,7.221,37.15K,-0.70%
03/22/2007,7.32,7.197,7.37,7.132,57.44K,2.23%
03/21/2007,7.16,6.929,7.198,6.906,50.48K,3.62%
03/20/2007,6.91,6.854,6.961,6.825,42.75K,0.92%
03/19/2007,6.847,6.9,6.902,6.812,25.11K,-1.11%
03/16/2007,6.924,6.948,6.988,6.883,26.66K,-0.50%
03/15/2007,6.959,7.112,7.166,6.92,41.85K,-1.75%
03/14/2007,7.083,6.926,7.111,6.88,34.18K,2.77%
03/13/2007,6.892,6.914,7.065,6.86,51.39K,-0.29%
03/12/2007,6.912,7.035,7.06,6.88,39.19K,-2.41%
03/09/2007,7.083,7.245,7.29,7.022,43.55K,-2.15%
03/08/2007,7.239,7.295,7.375,7.15,51.94K,-1.72%
03/07/2007,7.366,7.485,7.55,7.29,59.66K,-1.42%
03/06/2007,7.472,7.262,7.51,7.247,44.01K,3.01%
03/05/2007,7.254,7.233,7.344,7.124,31.88K,0.15%
03/02/2007,7.243,7.308,7.379,7.16,24.45K,-0.62%
03/01/2007,7.288,7.218,7.36,7.1,42.85K,-0.16%
02/28/2007,7.3,7.45,7.485,7.242,63.89K,-3.09%
02/27/2007,7.533,7.696,7.766,7.418,48.20K,-0.19%
02/26/2007,7.547,7.78,7.861,7.478,30.79K,-2.68%
02/23/2007,7.755,7.715,7.78,7.535,53.28K,0.36%
02/22/2007,7.727,7.65,7.753,7.511,53.06K,1.06%
02/21/2007,7.646,7.653,7.762,7.5,59.05K,0.80%
02/20/2007,7.585,7.42,7.66,7.23,57.06K,1.09%
02/16/2007,7.503,7.349,7.648,7.314,48.27K,2.89%
02/15/2007,7.292,7.278,7.38,7.05,46.85K,0.70%
02/14/2007,7.241,7.392,7.444,7.14,50.52K,-1.71%
02/13/2007,7.367,7.22,7.45,7.125,69.98K,1.95%
02/12/2007,7.226,7.66,7.67,7.19,82.13K,-7.68%
02/09/2007,7.827,7.9,8.027,7.74,69.48K,-0.56%
02/08/2007,7.871,7.709,7.95,7.68,69.92K,2.10%
02/07/2007,7.709,7.73,7.89,7.618,78.19K,1.22%
02/06/2007,7.616,7.699,7.86,7.459,60.19K,-0.24%
02/05/2007,7.634,7.73,8.035,7.559,70.00K,2.11%
02/02/2007,7.476,7.65,7.743,7.422,55.90K,-0.72%
02/01/2007,7.53,7.705,7.936,7.31,72.32K,-1.79%
01/31/2007,7.667,7.682,7.966,7.488,90.65K,-0.94%
01/30/2007,7.74,7.022,7.777,6.98,85.80K,11.90%
01/29/2007,6.917,7.15,7.365,6.82,38.04K,-3.60%
01/26/2007,7.175,6.897,7.258,6.863,50.56K,3.91%
01/25/2007,6.905,7.34,7.34,6.823,51.11K,-6.95%
01/24/2007,7.421,7.645,7.705,7.3,58.61K,-2.32%
01/23/2007,7.597,7.32,7.657,7.31,63.03K,3.80%
01/22/2007,7.319,7.18,7.37,6.92,68.86K,6.29%
01/19/2007,6.886,6.366,6.98,6.325,74.32K,8.89%
01/18/2007,6.324,6.252,6.38,6.15,45.65K,1.44%
01/17/2007,6.234,6.656,6.735,6.2,56.97K,-6.09%
01/16/2007,6.638,6.58,6.8,6.456,56.88K,0.56%
01/12/2007,6.601,6.273,6.64,6.2,51.29K,4.91%
01/11/2007,6.292,6.693,6.693,6.24,68.16K,-6.85%
01/10/2007,6.755,6.731,6.807,6.58,58.42K,1.87%
01/09/2007,6.631,6.43,6.73,6.28,61.09K,3.97%
01/08/2007,6.378,6.37,6.56,6.325,50.53K,3.14%
01/05/2007,6.184,6.155,6.289,6.03,35.37K,0.36%
01/04/2007,6.162,6.165,6.45,6.086,48.53K,-0.02%
01/03/2007,6.163,6.3,6.398,6.14,35.63K,-2.16%
01/02/2007,6.299,6.205,6.309,6.1,4.73K,0.00%
12/29/2006,6.299,6.296,6.346,6,24.54K,0.82%
12/28/2006,6.248,6.134,6.367,6.09,22.17K,7.02%
12/27/2006,5.838,6.015,6.098,5.74,37.62K,-4.50%
12/26/2006,6.113,6.35,6.49,6.017,34.89K,-7.87%
12/22/2006,6.635,6.731,6.77,6.515,17.05K,-2.43%
12/21/2006,6.8,6.715,6.87,6.6,36.94K,0.46%
12/20/2006,6.769,7.14,7.18,6.74,48.35K,-4.43%
12/19/2006,7.083,7.027,7.174,6.905,40.47K,0.11%
12/18/2006,7.075,7.29,7.29,6.996,41.50K,-4.51%
12/15/2006,7.409,7.491,7.575,7.3,37.08K,-1.93%
12/14/2006,7.555,7.703,7.915,7.49,54.24K,-1.54%
12/13/2006,7.673,7.471,7.785,7.471,51.41K,3.27%
12/12/2006,7.43,7.445,7.567,7.325,47.88K,0.04%
12/11/2006,7.427,7.46,7.485,7.216,52.21K,-1.77%
12/08/2006,7.561,7.72,7.78,7.5,46.10K,-1.43%
12/07/2006,7.671,7.801,7.815,7.58,56.09K,-0.72%
12/06/2006,7.727,7.71,7.85,7.5,48.06K,0.55%
12/05/2006,7.685,7.727,7.88,7.623,51.58K,-1.55%
12/04/2006,7.806,8.25,8.289,7.744,58.91K,-7.31%
12/01/2006,8.422,8.732,8.749,8.35,45.28K,-4.77%
11/30/2006,8.844,8.98,9.05,8.6,50.15K,-0.30%
11/29/2006,8.871,8.561,8.94,8.465,59.17K,6.65%
11/28/2006,8.318,8.002,8.38,7.95,38.92K,4.00%
11/27/2006,7.998,7.94,8.04,7.824,51.06K,3.63%
11/22/2006,7.718,7.989,8.02,7.68,35.59K,-3.38%
11/21/2006,7.988,7.985,8.11,7.834,38.68K,-0.39%
11/20/2006,8.019,8.099,8.186,7.909,39.20K,-1.96%
11/17/2006,8.179,7.712,8.25,7.7,47.93K,5.47%
11/16/2006,7.755,8.175,8.24,7.701,51.39K,-4.50%
11/15/2006,8.12,7.985,8.217,7.904,41.50K,1.79%
11/14/2006,7.977,7.954,8.22,7.84,53.08K,1.05%
11/13/2006,7.894,7.85,8,7.59,49.56K,1.28%
11/10/2006,7.794,7.865,7.9,7.695,29.99K,-2.02%
11/09/2006,7.955,7.878,8.26,7.792,51.74K,1.69%
11/08/2006,7.823,7.768,8.04,7.63,51.06K,0.88%
11/07/2006,7.755,7.38,7.964,7.278,60.36K,3.54%
11/06/2006,7.49,7.66,7.762,7.43,33.22K,-5.00%
11/03/2006,7.884,7.836,8.1,7.767,34.84K,0.90%
11/02/2006,7.814,7.765,8.02,7.4,54.23K,1.32%
11/01/2006,7.712,7.6,7.775,7.372,46.67K,2.36%
10/31/2006,7.534,7.42,7.61,7.06,42.17K,1.59%
10/30/2006,7.416,7.649,7.729,7.4,31.19K,3.68%
10/27/2006,7.153,7.459,7.74,7.04,31.63K,-4.59%
10/26/2006,7.497,7.77,7.929,7.445,54.36K,-2.55%
10/25/2006,7.693,7.15,7.776,6.921,56.75K,8.49%
10/24/2006,7.091,6.79,7.15,6.775,47.98K,3.05%
10/23/2006,6.881,7.257,7.408,6.81,45.61K,-4.97%
10/20/2006,7.241,7.095,7.3,6.85,30.71K,1.53%
10/19/2006,7.132,6.945,7.18,6.62,50.70K,4.77%
10/18/2006,6.807,6.428,6.948,6.23,46.89K,5.67%
10/17/2006,6.442,6.599,6.928,6.26,48.21K,-0.03%
10/16/2006,6.444,5.75,6.625,5.725,43.71K,13.87%
10/13/2006,5.659,5.7,5.85,5.583,34.28K,-2.13%
10/12/2006,5.782,6.15,6.22,5.709,48.90K,-5.98%
10/11/2006,6.15,6.58,6.605,6.1,49.08K,-4.89%
10/10/2006,6.466,6.359,6.64,6.34,47.58K,0.58%
10/09/2006,6.429,6.5,6.8,6.31,40.03K,0.03%
10/06/2006,6.427,6.41,6.52,6.06,43.30K,2.05%
10/05/2006,6.298,6.104,6.449,6.035,38.58K,5.05%
10/04/2006,5.995,5.802,6.185,5.76,34.74K,4.10%
10/03/2006,5.759,5.615,5.848,5.46,25.17K,2.06%
10/02/2006,5.643,5.606,5.87,5.554,23.15K,0.41%
09/29/2006,5.62,5.37,5.742,5.274,32.08K,4.23%
09/28/2006,5.392,5.652,5.764,5.349,33.32K,28.35%
09/27/2006,4.201,4.46,4.505,4.05,46.64K,-7.18%
09/26/2006,4.526,4.528,4.55,4.3,52.77K,1.14%
09/25/2006,4.475,4.57,4.58,4.4,36.95K,-3.29%
09/22/2006,4.627,4.755,4.904,4.6,28.22K,-3.22%
09/21/2006,4.781,4.931,4.932,4.593,32.88K,-3.04%
09/20/2006,4.931,5.09,5.1,4.819,25.91K,-1.50%
09/19/2006,5.006,5.035,5.145,4.9,22.74K,1.30%
09/18/2006,4.942,4.927,5.274,4.854,31.27K,-0.80%
09/15/2006,4.982,4.916,5.07,4.65,40.95K,1.84%
09/14/2006,4.892,5.42,5.43,4.8,52.75K,-10.22%
09/13/2006,5.449,5.57,5.635,5.352,32.16K,-2.24%
09/12/2006,5.574,5.615,5.86,5.52,45.97K,-1.69%
09/11/2006,5.67,5.58,5.695,5.319,42.87K,-0.09%
09/08/2006,5.675,5.73,5.78,5.61,35.41K,-0.75%
09/07/2006,5.718,5.89,5.944,5.66,42.37K,-4.60%
09/06/2006,5.994,5.989,6.13,5.88,31.33K,-0.75%
09/05/2006,6.039,5.88,6.08,5.71,22.07K,2.76%
09/01/2006,5.877,5.89,5.99,5.77,18.90K,-2.83%
08/31/2006,6.048,6.29,6.351,5.85,46.28K,-3.85%
08/30/2006,6.29,6.767,6.767,6.2,34.71K,-7.72%
08/29/2006,6.816,6.385,6.95,6.08,53.06K,5.32%
08/28/2006,6.472,6.768,6.768,6.32,56.43K,-9.57%
08/25/2006,7.157,7.35,7.54,7.055,30.14K,1.10%
08/24/2006,7.079,7,7.38,6.94,23.70K,2.97%
08/23/2006,6.875,7.075,7.18,6.75,28.39K,-1.90%
08/22/2006,7.008,6.631,7.12,6.48,19.95K,5.80%
08/21/2006,6.624,6.619,6.78,6.45,26.52K,-1.59%
08/18/2006,6.731,6.715,7.09,6.52,17.56K,0.63%
08/17/2006,6.689,6.78,6.789,6.45,23.91K,-1.14%
08/16/2006,6.766,6.888,7.1,6.59,33.64K,-1.38%
08/15/2006,6.861,6.899,6.93,6.76,14.25K,-0.75%
08/14/2006,6.913,7.189,7.189,6.715,27.10K,-4.90%
08/11/2006,7.269,7.405,7.67,7.215,24.62K,-3.45%
08/10/2006,7.529,7.615,7.9,7.418,31.09K,-1.59%
08/09/2006,7.651,7.297,7.94,7.2,66.08K,6.89%
08/08/2006,7.158,7.03,7.3,6.81,41.16K,3.63%
08/07/2006,6.907,7.25,7.27,6.76,36.71K,-4.68%
08/04/2006,7.246,7.295,7.398,7.12,22.49K,-0.63%
08/03/2006,7.292,7.88,7.96,7.23,26.95K,-6.50%
08/02/2006,7.799,7.649,8.545,7.53,43.55K,2.97%
08/01/2006,7.574,8.25,8.619,7.45,35.74K,-7.76%
07/31/2006,8.211,7.22,8.26,7.22,36.69K,14.30%
07/28/2006,7.184,7.25,7.29,6.95,23.06K,2.02%
07/27/2006,7.042,6.905,7.25,6.89,30.37K,2.25%
07/26/2006,6.887,6.49,6.9,6.401,40.99K,7.46%
07/25/2006,6.409,6.625,6.84,6.35,33.24K,-2.97%
07/24/2006,6.605,6.14,6.63,6.121,34.14K,7.59%
07/21/2006,6.139,6.08,6.15,5.85,16.68K,0.79%
07/20/2006,6.091,5.88,6.23,5.827,41.53K,3.91%
07/19/2006,5.862,5.595,5.93,5.585,25.48K,5.53%
07/18/2006,5.555,5.779,5.91,5.52,37.61K,-3.94%
07/17/2006,5.783,6.34,6.34,5.73,34.65K,-8.89%
07/14/2006,6.347,6.15,6.45,6.135,39.11K,3.56%
07/13/2006,6.129,5.805,6.18,5.72,36.82K,6.00%
07/12/2006,5.782,5.639,5.83,5.595,35.60K,2.65%
07/11/2006,5.633,5.62,5.85,5.55,31.55K,0.45%
07/10/2006,5.608,5.5,5.71,5.39,19.81K,1.54%
07/07/2006,5.523,5.68,5.72,5.47,18.59K,-2.49%
07/06/2006,5.664,5.76,5.83,5.592,21.33K,-1.75%
07/05/2006,5.765,6.09,6.1,5.76,30.59K,-5.55%
07/03/2006,6.104,6.104,6.104,6.104,,0.00%
06/30/2006,6.104,6.16,6.2,6.062,18.31K,-0.51%
06/29/2006,6.135,6.15,6.29,6.04,19.89K,4.21%
06/28/2006,5.887,6.119,6.165,5.81,32.60K,-3.60%
06/27/2006,6.107,5.99,6.12,5.96,36.09K,2.31%
06/26/2006,5.969,6.209,6.21,5.96,26.31K,-4.13%
06/23/2006,6.226,6.42,6.44,6.17,17.60K,-3.31%
06/22/2006,6.439,6.6,6.634,6.37,28.37K,-2.26%
06/21/2006,6.588,6.51,6.68,6.495,31.05K,1.32%
06/20/2006,6.502,6.88,6.88,6.47,27.69K,-5.67%
06/19/2006,6.893,7.17,7.18,6.79,21.51K,-4.06%
06/16/2006,7.185,7.2,7.33,7.03,30.55K,-0.31%
06/15/2006,7.207,6.65,7.25,6.54,43.74K,9.36%
06/14/2006,6.59,6.178,6.66,6.121,48.73K,6.93%
06/13/2006,6.163,6.23,6.315,6.14,32.28K,-0.98%
06/12/2006,6.224,6.18,6.27,6.11,27.04K,0.84%
06/09/2006,6.172,6.201,6.4,6.157,31.47K,-0.31%
06/08/2006,6.191,5.98,6.2,5.954,33.78K,3.63%
06/07/2006,5.974,6.38,6.4,5.94,57.06K,-6.44%
06/06/2006,6.385,6.45,6.598,6.29,27.87K,-1.21%
06/05/2006,6.463,6.65,6.82,6.41,24.02K,-2.42%
06/02/2006,6.623,6.462,6.67,6.37,20.16K,2.71%
06/01/2006,6.448,6.42,6.725,6.35,41.61K,1.00%
05/31/2006,6.384,6.12,6.45,6.02,34.46K,4.26%
05/30/2006,6.123,6.25,6.36,6.11,21.36K,3.34%
05/26/2006,5.925,5.954,6.08,5.75,31.18K,-0.84%
05/25/2006,5.975,5.945,6.05,5.897,38.86K,0.18%
05/24/2006,5.964,6.28,6.296,5.94,29.49K,-4.70%
05/23/2006,6.258,6.28,6.44,6.14,46.92K,-0.29%
05/22/2006,6.276,6.015,6.35,5.92,44.69K,5.27%
05/19/2006,5.962,6.001,6.09,5.88,20.94K,-0.58%
05/18/2006,5.997,6.14,6.14,5.86,26.21K,-2.15%
05/17/2006,6.129,6.288,6.419,6.1,24.54K,-1.97%
05/16/2006,6.252,6.15,6.32,6.1,26.81K,2.11%
05/15/2006,6.123,6.3,6.34,6.045,27.97K,-2.50%
05/12/2006,6.28,6.634,6.634,6.225,29.94K,-5.55%
05/11/2006,6.649,6.9,7.034,6.56,41.51K,-3.64%
05/10/2006,6.9,6.585,6.92,6.54,34.44K,4.85%
05/09/2006,6.581,6.705,6.72,6.56,30.29K,-1.72%
05/08/2006,6.696,6.795,6.815,6.56,21.23K,-1.17%
05/05/2006,6.775,6.96,7.133,6.75,27.84K,-1.90%
05/04/2006,6.906,6.64,6.98,6.5,30.47K,4.54%
05/03/2006,6.606,6.756,6.795,6.54,27.53K,-2.08%
05/02/2006,6.746,6.707,6.895,6.6,26.59K,0.76%
05/01/2006,6.695,6.533,6.8,6.51,19.91K,2.14%
04/28/2006,6.555,6.8,6.9,6.49,31.93K,-3.67%
04/27/2006,6.805,7.22,7.254,6.79,39.01K,-5.46%
04/26/2006,7.198,7.257,7.345,7,44.70K,-0.77%
04/25/2006,7.254,7.554,7.565,7.14,48.18K,-4.02%
04/24/2006,7.558,8.03,8.074,7.52,35.92K,-5.30%
04/21/2006,7.981,8.001,8.035,7.78,29.52K,-1.03%
04/20/2006,8.064,8.19,8.232,7.875,28.82K,-1.56%
04/19/2006,8.192,8.01,8.28,7.831,31.54K,2.30%
04/18/2006,8.008,7.552,8.1,7.55,40.95K,5.69%
04/17/2006,7.577,7.18,7.63,7.11,37.09K,6.19%
04/13/2006,7.135,6.78,7.15,6.65,47.07K,4.80%
04/12/2006,6.808,6.907,7,6.77,27.11K,-1.45%
04/11/2006,6.908,6.919,7.02,6.79,33.40K,0.38%
04/10/2006,6.882,6.726,6.94,6.65,31.64K,2.06%
04/07/2006,6.743,6.949,6.949,6.72,36.42K,-3.28%
04/06/2006,6.972,7.08,7.25,6.95,30.07K,-1.37%
04/05/2006,7.069,7.063,7.16,6.9,24.87K,0.06%
04/04/2006,7.065,7.22,7.22,6.97,34.71K,-2.47%
04/03/2006,7.244,7.2,7.63,7.14,41.44K,0.47%
03/31/2006,7.21,7.49,7.49,7.2,28.52K,-3.70%
03/30/2006,7.487,7.48,7.562,7.37,24.59K,3.51%
03/29/2006,7.233,7.263,7.37,7.15,30.08K,0.26%
03/28/2006,7.214,7.08,7.28,7.06,33.91K,2.08%
03/27/2006,7.067,7.3,7.33,6.93,21.48K,-3.06%
03/24/2006,7.29,7.35,7.49,7.16,25.37K,-0.52%
03/23/2006,7.328,6.94,7.34,6.932,32.33K,5.39%
03/22/2006,6.953,6.91,7.13,6.87,26.50K,1.24%
03/21/2006,6.868,6.85,6.95,6.707,18.86K,0.48%
03/20/2006,6.835,7.01,7.085,6.82,28.41K,-3.09%
03/17/2006,7.053,7.24,7.31,7.04,20.09K,-2.94%
03/16/2006,7.267,7.146,7.37,7.064,22.27K,1.74%
03/15/2006,7.143,7.17,7.21,7.03,20.61K,-0.33%
03/14/2006,7.167,7.04,7.239,6.95,32.21K,2.28%
03/13/2006,7.007,6.72,7.09,6.69,33.46K,5.43%
03/10/2006,6.646,6.644,6.81,6.581,23.34K,0.68%
03/09/2006,6.601,6.641,6.72,6.48,28.75K,-0.71%
03/08/2006,6.648,6.7,6.764,6.45,25.74K,-0.45%
03/07/2006,6.678,6.541,6.75,6.501,23.46K,2.00%
03/06/2006,6.547,6.7,6.732,6.47,22.22K,-3.58%
03/03/2006,6.79,6.762,6.85,6.61,14.60K,0.44%
03/02/2006,6.76,6.772,6.92,6.54,30.38K,0.40%
03/01/2006,6.733,6.714,6.88,6.69,21.97K,0.28%
02/28/2006,6.714,6.73,6.821,6.58,31.09K,-1.10%
02/27/2006,6.789,7.1,7.18,6.7,27.95K,-4.54%
02/24/2006,7.112,7.42,7.551,6.9,47.06K,-4.64%
02/23/2006,7.458,7.284,7.6,6.99,56.39K,2.40%
02/22/2006,7.283,7.76,7.85,7.17,34.28K,-5.79%
02/21/2006,7.731,7.34,7.77,7.28,33.56K,7.64%
02/17/2006,7.182,7.18,7.36,7.09,22.50K,0.67%
02/16/2006,7.134,7.1,7.23,6.98,21.51K,0.96%
02/15/2006,7.066,7.092,7.44,6.975,29.83K,-0.67%
02/14/2006,7.114,7.256,7.308,7.02,25.51K,-1.78%
02/13/2006,7.243,7.41,7.47,7.16,30.48K,-1.00%
02/10/2006,7.316,7.47,7.58,7.25,27.38K,-2.18%
02/09/2006,7.479,7.69,7.8,7.3,37.37K,-3.31%
02/08/2006,7.735,7.9,8.12,7.7,34.81K,-1.57%
02/07/2006,7.858,7.95,7.97,7.7,37.65K,-1.71%
02/06/2006,7.995,8.64,8.745,7.91,28.01K,-7.18%
02/03/2006,8.613,8.403,8.65,8.26,21.58K,3.19%
02/02/2006,8.347,8.78,9.16,8.17,33.99K,-4.31%
02/01/2006,8.723,9.325,9.825,8.7,40.17K,-6.37%
01/31/2006,9.316,9.4,9.508,9.15,29.57K,-0.78%
01/30/2006,9.389,8.8,9.42,8.66,38.62K,11.77%
01/27/2006,8.4,8.206,8.64,8,32.44K,2.08%
01/26/2006,8.229,8.46,8.476,7.75,35.54K,-2.73%
01/25/2006,8.46,8.55,8.84,8.42,21.85K,-2.56%
01/24/2006,8.682,8.584,8.94,8.42,24.67K,1.26%
01/23/2006,8.574,9,9.095,8.31,25.42K,-7.61%
01/20/2006,9.28,8.95,9.44,8.938,28.41K,4.21%
01/19/2006,8.905,8.789,9.18,8.46,22.26K,2.43%
01/18/2006,8.694,9.265,9.39,8.505,33.83K,-5.17%
01/17/2006,9.168,8.795,9.28,8.77,25.96K,4.29%
01/13/2006,8.791,8.971,9.01,8.74,20.55K,-1.70%
01/12/2006,8.943,9.25,9.405,8.91,31.41K,-3.19%
01/11/2006,9.238,9.36,9.54,9.08,27.78K,-1.05%
01/10/2006,9.336,9.425,9.55,9.265,24.09K,-0.26%
01/09/2006,9.36,9.525,9.661,9.15,30.56K,-2.82%
01/06/2006,9.632,9.565,9.929,9.555,17.74K,1.40%
01/05/2006,9.499,10.185,10.215,9.39,24.98K,-6.85%
01/04/2006,10.197,10.605,10.634,10.03,23.46K,-4.04%
01/03/2006,10.626,10.7,11,10.596,16.95K,-5.34%
12/30/2005,11.225,11.17,11.38,10.88,14.17K,0.02%
12/29/2005,11.223,11.55,11.88,11.2,11.87K,-1.82%
12/28/2005,11.431,11.03,11.7,10.72,26.19K,3.71%
12/27/2005,11.022,11.695,11.695,10.96,41.19K,-10.27%
12/23/2005,12.283,12.895,12.895,11.96,22.31K,-4.95%
12/22/2005,12.923,13.75,14.385,12.75,31.24K,-9.45%
12/21/2005,14.271,14.05,14.4,13.63,19.75K,1.36%
12/20/2005,14.08,14.112,14.49,13.65,17.12K,0.26%
12/19/2005,14.043,13.565,14.12,13.38,22.39K,3.01%
12/16/2005,13.633,13.8,13.815,13.28,18.42K,-1.07%
12/15/2005,13.781,14.701,14.92,13.75,32.00K,-6.12%
12/14/2005,14.679,15.16,15.545,14.57,25.16K,-4.55%
12/13/2005,15.378,14.9,15.78,14.851,37.54K,3.62%
12/12/2005,14.841,14.4,14.93,14.195,28.25K,3.70%
12/09/2005,14.312,15.1,15.52,14.2,42.85K,-4.55%
12/08/2005,14.994,13.745,15.1,13.735,41.87K,9.45%
12/07/2005,13.7,13.5,13.975,13.5,32.55K,1.56%
12/06/2005,13.489,13.532,13.83,13.3,29.75K,-1.25%
12/05/2005,13.66,13.901,14.45,13.61,34.84K,-1.95%
12/02/2005,13.931,13.03,13.95,12.96,37.29K,6.94%
12/01/2005,13.027,12.62,13.1,12.38,32.78K,3.50%
11/30/2005,12.587,11.74,12.65,11.715,27.61K,7.25%
11/29/2005,11.736,11.67,12.15,11.62,29.78K,4.97%
11/28/2005,11.18,11.73,11.739,10.88,29.12K,-3.79%
11/23/2005,11.62,11.64,11.86,11.33,29.48K,0.05%
11/22/2005,11.614,11.64,11.65,11.35,25.70K,2.50%
11/21/2005,11.331,11.335,11.39,11.12,31.92K,-0.73%
11/18/2005,11.414,11.91,11.95,11.32,26.57K,-4.42%
11/17/2005,11.942,12.33,12.695,11.87,28.88K,-3.14%
11/16/2005,12.329,11.55,12.33,11.485,32.38K,6.62%
11/15/2005,11.563,11.62,11.86,11.475,23.90K,-0.38%
11/14/2005,11.607,11.51,11.61,11.35,27.67K,-0.90%
11/11/2005,11.712,11.409,11.74,11.37,30.14K,2.92%
11/10/2005,11.38,11.71,11.726,11.06,31.89K,-2.48%
11/09/2005,11.669,11.79,11.93,11.51,27.04K,-1.05%
11/08/2005,11.793,11.875,12.06,11.5,35.83K,-0.67%
11/07/2005,11.873,11.142,11.89,11,30.85K,4.01%
11/04/2005,11.415,11.69,11.695,11.215,22.81K,-2.34%
11/03/2005,11.689,11.615,11.73,11.55,25.42K,0.73%
11/02/2005,11.604,11.91,11.995,11.49,28.54K,-2.16%
11/01/2005,11.86,12.21,12.338,11.55,27.34K,-2.83%
10/31/2005,12.205,12.9,12.9,12.14,31.60K,-6.51%
10/28/2005,13.055,13.549,13.6,12.88,27.03K,-5.62%
10/27/2005,13.832,13.96,14.07,13.3,31.33K,-1.48%
10/26/2005,14.04,14.329,14.495,13.75,37.74K,-2.08%
10/25/2005,14.338,13.02,14.375,13,34.03K,10.26%
10/24/2005,13.004,12.66,13.09,12.593,24.83K,1.03%
10/21/2005,12.872,12.95,13.025,12.68,23.54K,-0.81%
10/20/2005,12.977,13.516,13.6,12.75,32.30K,-4.22%
10/19/2005,13.549,13.375,13.678,13.25,26.26K,0.95%
10/18/2005,13.421,13.845,13.851,13.36,20.65K,-3.36%
10/17/2005,13.887,13.551,14.02,13.551,25.35K,5.05%
10/14/2005,13.219,13.1,13.11,12.75,22.20K,0.89%
10/13/2005,13.103,13.538,13.6,13.06,32.03K,-3.11%
10/12/2005,13.524,13.56,13.699,13.365,27.13K,0.04%
10/11/2005,13.519,13.07,13.55,13.044,25.79K,4.19%
10/10/2005,12.975,13.149,13.149,12.7,25.70K,-1.90%
10/07/2005,13.226,13.35,13.51,13.135,25.73K,-1.11%
10/06/2005,13.375,14.13,14.285,13.32,26.30K,-5.70%
10/05/2005,14.183,14.265,14.75,14.12,23.58K,-0.29%
10/04/2005,14.224,14.019,14.24,13.75,18.36K,1.48%
10/03/2005,14.017,13.802,14.18,13.801,15.83K,0.69%
09/30/2005,13.921,14.094,14.35,13.8,24.93K,-1.94%
09/29/2005,14.196,14.199,14.58,13.9,24.84K,2.08%
09/28/2005,13.907,12.63,14.6,12.55,27.33K,9.88%
09/27/2005,12.656,12.45,12.7,12.1,37.68K,1.74%
09/26/2005,12.44,12.299,12.48,11.68,37.48K,0.94%
09/23/2005,12.324,12.79,13.05,12.2,22.18K,-3.64%
09/22/2005,12.79,12.655,13.42,12.65,29.26K,1.56%
09/21/2005,12.594,12.45,13.24,12.446,29.60K,0.82%
09/20/2005,12.492,12.642,12.865,11.811,34.53K,-1.35%
09/19/2005,12.663,11.62,12.7,11.52,34.51K,13.63%
09/16/2005,11.144,11.38,11.46,11.11,25.40K,-1.69%
09/15/2005,11.336,11.18,11.5,10.86,31.75K,1.52%
09/14/2005,11.166,10.75,11.2,10.608,28.76K,3.74%
09/13/2005,10.763,10.965,10.993,10.69,28.68K,-2.43%
09/12/2005,11.031,11.156,11.2,10.78,27.95K,-2.06%
09/09/2005,11.263,11.355,11.48,11.23,23.28K,-0.74%
09/08/2005,11.347,11.23,11.38,10.9,28.49K,1.30%
09/07/2005,11.201,11.65,11.7,11.05,27.81K,-3.91%
09/06/2005,11.657,11.824,11.9,11.46,20.79K,-0.29%
09/02/2005,11.691,11.81,11.995,11.55,15.87K,-0.56%
09/01/2005,11.757,11.419,11.9,11.145,30.49K,2.48%
08/31/2005,11.472,11.73,12.3,11.21,43.00K,-1.60%
08/30/2005,11.659,11.28,12,11.16,40.47K,7.49%
08/29/2005,10.847,11.95,12.07,10.65,32.96K,10.77%
08/26/2005,9.792,9.77,10.075,9.67,39.57K,0.23%
08/25/2005,9.77,9.99,10.06,9.4,34.98K,-2.14%
08/24/2005,9.984,9.74,10.128,9.68,29.95K,3.11%
08/23/2005,9.683,9.555,9.989,9.48,32.83K,1.24%
08/22/2005,9.564,9.19,9.85,9.032,34.71K,4.97%
08/19/2005,9.111,8.965,9.2,8.912,19.09K,2.05%
08/18/2005,8.928,9.38,9.429,8.85,32.43K,-4.93%
08/17/2005,9.391,9.76,9.91,9.38,31.94K,-3.70%
08/16/2005,9.752,9.55,9.88,9.44,31.62K,2.22%
08/15/2005,9.54,9.458,9.62,9.35,25.78K,-0.50%
08/12/2005,9.588,9.34,9.91,9.325,32.01K,3.09%
08/11/2005,9.301,9.096,9.35,8.99,38.91K,2.54%
08/10/2005,9.071,8.675,9.09,8.625,44.57K,4.88%
08/09/2005,8.649,8.715,8.795,8.53,31.38K,-0.40%
08/08/2005,8.684,8.765,8.87,8.5,36.74K,-0.18%
08/05/2005,8.7,8.508,8.75,8.475,30.67K,2.70%
08/04/2005,8.471,8.331,8.685,8.3,39.71K,1.44%
08/03/2005,8.351,8.36,8.64,8.275,33.71K,-0.32%
08/02/2005,8.378,8.152,8.41,8.122,35.14K,2.75%
08/01/2005,8.154,7.9,8.22,7.9,32.42K,3.41%
07/29/2005,7.885,7.701,7.9,7.701,23.67K,2.48%
07/28/2005,7.694,7.53,7.71,7.5,29.49K,0.61%
07/27/2005,7.647,7.425,7.75,7.39,32.89K,2.99%
07/26/2005,7.425,7.3,7.47,7.235,37.04K,1.94%
07/25/2005,7.284,7.3,7.35,7.14,35.29K,-1.35%
07/22/2005,7.384,7.299,7.4,7.285,19.61K,1.15%
07/21/2005,7.3,7.565,7.6,7.25,41.81K,-3.31%
07/20/2005,7.55,7.6,7.709,7.48,32.94K,-0.47%
07/19/2005,7.586,7.655,7.66,7.509,25.33K,-0.86%
07/18/2005,7.652,7.75,7.879,7.56,31.10K,-2.51%
07/15/2005,7.849,7.872,8.29,7.81,28.10K,0.06%
07/14/2005,7.844,7.93,8.045,7.66,38.24K,-0.71%
07/13/2005,7.9,7.84,8.035,7.72,35.85K,0.19%
07/12/2005,7.885,7.535,8.1,7.535,45.86K,5.20%
07/11/2005,7.495,7.33,7.53,7.26,27.38K,0.31%
07/08/2005,7.472,7.418,7.77,7.36,35.42K,1.00%
07/07/2005,7.398,7.689,7.771,7.25,32.49K,-3.77%
07/06/2005,7.688,7.5,7.735,7.5,29.54K,2.85%
07/05/2005,7.475,7.36,7.51,7.27,30.75K,4.24%
07/01/2005,7.171,6.98,7.2,6.949,18.47K,2.72%
06/30/2005,6.981,7.09,7.14,6.91,32.38K,-1.50%
06/29/2005,7.087,7.09,7.165,7.04,20.81K,1.59%
06/28/2005,6.976,7.145,7.152,6.9,26.61K,-2.27%
06/27/2005,7.138,7.29,7.36,7.12,37.80K,-3.02%
06/24/2005,7.36,7.539,7.57,7.28,30.93K,-1.51%
06/23/2005,7.473,7.47,7.64,7.39,34.33K,0.42%
06/22/2005,7.442,7.48,7.568,7.39,28.41K,-0.43%
06/21/2005,7.474,7.665,7.665,7.435,27.69K,-2.56%
06/20/2005,7.67,7.77,7.915,7.5,32.79K,-0.26%
06/17/2005,7.69,7.611,7.73,7.552,26.96K,1.01%
06/16/2005,7.613,7.435,7.7,7.387,34.33K,2.31%
06/15/2005,7.441,7.25,7.5,7.25,35.14K,2.95%
06/14/2005,7.228,7.27,7.34,7.19,33.30K,-0.44%
06/13/2005,7.26,6.905,7.28,6.9,38.91K,4.73%
06/10/2005,6.932,7.08,7.1,6.905,28.64K,-1.60%
06/09/2005,7.045,7,7.1,6.88,40.59K,0.64%
06/08/2005,7,7.135,7.43,6.97,63.32K,-1.78%
06/07/2005,7.127,7.13,7.18,7.06,37.55K,0.07%
06/06/2005,7.122,6.9,7.24,6.9,46.42K,3.52%
06/03/2005,6.88,6.821,6.925,6.76,26.48K,0.89%
06/02/2005,6.819,6.75,7.02,6.66,70.95K,0.44%
06/01/2005,6.789,6.38,6.8,6.371,63.80K,6.43%
05/31/2005,6.379,6.4,6.4,6.26,27.38K,0.14%
05/27/2005,6.37,6.24,6.39,6.23,20.25K,4.03%
05/26/2005,6.123,6.3,6.325,6.03,22.51K,-3.04%
05/25/2005,6.315,6.335,6.39,6.27,31.31K,-0.54%
05/24/2005,6.349,6.425,6.47,6.31,35.43K,-0.91%
05/23/2005,6.407,6.33,6.47,6.225,38.49K,1.01%
05/20/2005,6.343,6.36,6.386,6.32,14.63K,-0.22%
05/19/2005,6.357,6.398,6.42,6.31,28.95K,-0.55%
05/18/2005,6.392,6.486,6.57,6.37,31.38K,-1.30%
05/17/2005,6.476,6.46,6.55,6.403,37.15K,0.47%
05/16/2005,6.446,6.48,6.515,6.405,22.33K,-1.38%
05/13/2005,6.536,6.51,6.545,6.43,24.36K,0.38%
05/12/2005,6.511,6.674,6.68,6.45,38.52K,-2.57%
05/11/2005,6.683,6.691,6.75,6.6,27.66K,-0.16%
05/10/2005,6.694,6.68,6.84,6.648,33.61K,0.30%
05/09/2005,6.674,6.585,6.68,6.585,20.03K,0.80%
05/06/2005,6.621,6.7,6.78,6.55,29.20K,-1.05%
05/05/2005,6.691,6.64,6.72,6.57,31.20K,0.92%
05/04/2005,6.63,6.516,6.7,6.45,33.42K,1.77%
05/03/2005,6.515,6.7,6.71,6.5,34.76K,-2.72%
05/02/2005,6.697,6.52,6.73,6.471,30.36K,1.70%
04/29/2005,6.585,6.78,6.809,6.55,25.21K,-2.42%
04/28/2005,6.748,6.79,6.795,6.615,40.52K,0.00%
04/27/2005,6.748,7.13,7.175,6.68,28.56K,-5.22%
04/26/2005,7.12,7.14,7.145,7.02,30.69K,-0.46%
04/25/2005,7.153,7.195,7.369,7.14,33.17K,-0.58%
04/22/2005,7.195,7.04,7.245,7.03,29.01K,2.32%
04/21/2005,7.032,7.052,7.054,6.88,30.85K,-0.35%
04/20/2005,7.057,7.045,7.19,7.04,25.45K,0.17%
04/19/2005,7.045,6.95,7.09,6.915,26.47K,1.37%
04/18/2005,6.95,6.98,7.09,6.875,34.58K,-0.67%
04/15/2005,6.997,7.07,7.08,6.93,21.88K,-1.02%
04/14/2005,7.069,6.98,7.115,6.89,34.45K,1.30%
04/13/2005,6.978,7.09,7.14,6.97,39.08K,-1.64%
04/12/2005,7.094,7.281,7.39,7.085,48.06K,-2.94%
04/11/2005,7.309,7.2,7.32,7.14,29.39K,0.93%
04/08/2005,7.242,7.362,7.38,7.2,34.56K,-1.68%
04/07/2005,7.366,7.55,7.607,7.33,44.45K,-2.54%
04/06/2005,7.558,7.572,7.7,7.508,24.19K,-0.18%
04/05/2005,7.572,7.568,7.592,7.48,26.37K,-0.29%
04/04/2005,7.594,7.75,7.904,7.56,31.83K,-2.00%
04/01/2005,7.749,7.65,7.85,7.618,30.68K,1.25%
03/31/2005,7.653,7.48,7.74,7.435,33.84K,2.59%
03/30/2005,7.46,7.411,7.48,7.33,28.05K,1.87%
03/29/2005,7.323,6.999,7.4,6.96,31.07K,4.63%
03/28/2005,6.999,7.02,7.105,6.945,28.75K,-0.89%
03/24/2005,7.062,7.16,7.18,6.97,33.26K,-1.06%
03/23/2005,7.138,7.24,7.241,7.09,27.79K,-1.52%
03/22/2005,7.248,7.333,7.364,7.19,26.33K,-0.96%
03/21/2005,7.318,7.268,7.33,7.1,30.45K,0.62%
03/18/2005,7.273,7.185,7.31,7.14,19.21K,0.48%
03/17/2005,7.238,7.2,7.38,7.195,29.97K,0.64%
03/16/2005,7.192,7.17,7.22,7.06,33.06K,0.18%
03/15/2005,7.179,7.125,7.26,7.07,35.60K,0.57%
03/14/2005,7.138,6.72,7.2,6.72,41.48K,5.40%
03/11/2005,6.772,6.798,6.82,6.678,22.90K,0.06%
03/10/2005,6.768,6.87,6.98,6.69,37.35K,-1.63%
03/09/2005,6.88,6.84,6.973,6.83,32.83K,0.48%
03/08/2005,6.847,6.72,6.94,6.675,40.12K,1.98%
03/07/2005,6.714,6.7,6.759,6.63,23.50K,-0.44%
03/04/2005,6.744,6.655,6.78,6.58,27.34K,1.31%
03/03/2005,6.657,6.71,6.815,6.64,41.23K,-0.89%
03/02/2005,6.717,6.675,6.74,6.565,25.66K,0.55%
03/01/2005,6.68,6.721,6.73,6.55,27.22K,-0.74%
02/28/2005,6.73,6.75,6.8,6.61,33.24K,0.22%
02/25/2005,6.715,6.485,6.72,6.4,36.74K,6.52%
02/24/2005,6.304,6.306,6.5,6.25,30.63K,-0.11%
02/23/2005,6.311,6.086,6.34,6.04,44.96K,3.41%
02/22/2005,6.103,5.985,6.12,5.954,41.32K,3.30%
02/18/2005,5.908,5.92,5.965,5.892,22.86K,-0.25%
02/17/2005,5.923,6.11,6.139,5.85,45.95K,-3.04%
02/16/2005,6.109,6.17,6.23,6.02,37.67K,-1.07%
02/15/2005,6.175,6.1,6.195,6.06,34.09K,1.35%
02/14/2005,6.093,6.035,6.11,5.97,30.03K,0.00%
02/11/2005,6.093,6.185,6.21,6.02,32.88K,-1.09%
02/10/2005,6.16,6.17,6.27,6.14,38.58K,-0.08%
02/09/2005,6.165,6.17,6.26,6.1,35.96K,0.02%
02/08/2005,6.164,5.959,6.175,5.95,32.96K,3.27%
02/07/2005,5.969,6.095,6.14,5.95,27.68K,-2.08%
02/04/2005,6.096,6.155,6.2,6.05,21.52K,-0.86%
02/03/2005,6.149,6.39,6.459,6.08,39.31K,-3.56%
02/02/2005,6.376,6.322,6.48,6.28,32.02K,0.95%
02/01/2005,6.316,6.31,6.4,6.224,29.35K,-0.08%
01/31/2005,6.321,6.2,6.33,6.12,31.58K,0.99%
01/28/2005,6.259,6.325,6.335,6.15,31.38K,-0.46%
01/27/2005,6.288,6.39,6.55,6.25,31.19K,-1.57%
01/26/2005,6.388,6.41,6.51,6.29,36.92K,-0.23%
01/25/2005,6.403,6.5,6.542,6.245,39.36K,-1.13%
01/24/2005,6.476,6.21,6.51,6.206,27.86K,3.78%
01/21/2005,6.24,6.31,6.645,6.2,37.91K,-1.08%
01/20/2005,6.308,6.295,6.35,6.15,24.75K,0.24%
01/19/2005,6.293,6.14,6.33,6.112,28.58K,2.54%
01/18/2005,6.137,6.55,6.805,6.08,49.34K,-4.03%
01/14/2005,6.395,6.445,6.61,6.3,23.28K,-0.78%
01/13/2005,6.445,5.923,6.52,5.9,50.05K,8.45%
01/12/2005,5.943,6.101,6.148,5.83,35.02K,-2.49%
01/11/2005,6.095,6.149,6.26,5.93,30.43K,-1.04%
01/10/2005,6.159,6.111,6.55,6.111,46.53K,2.63%
01/07/2005,6.001,6.02,6.1,5.91,31.12K,-0.79%
01/06/2005,6.049,5.835,6.07,5.76,26.67K,3.70%
01/05/2005,5.833,5.93,5.978,5.76,23.08K,-1.17%
01/04/2005,5.902,5.78,5.99,5.77,24.80K,1.93%
01/03/2005,5.79,5.949,5.949,5.71,23.38K,-5.84%
12/30/2004,6.149,6.44,6.46,6.1,16.53K,-3.95%
12/29/2004,6.402,6.325,6.43,6.225,14.20K,3.04%
12/28/2004,6.213,6.14,6.34,6.105,27.76K,0.86%
12/27/2004,6.16,6.55,6.55,6.12,32.79K,-7.62%
12/23/2004,6.668,6.835,6.9,6.63,27.76K,-2.23%
12/22/2004,6.82,6.885,6.98,6.73,18.25K,-0.53%
12/21/2004,6.856,6.945,6.945,6.72,19.69K,-1.38%
12/20/2004,6.952,7.14,7.2,6.85,24.29K,-6.77%
12/17/2004,7.457,7.02,7.54,7,29.33K,6.53%
12/16/2004,7,7.214,7.23,6.9,32.77K,-3.26%
12/15/2004,7.236,7.34,7.39,7.19,22.88K,-1.32%
12/14/2004,7.333,7.215,7.378,7.08,29.39K,2.33%
12/13/2004,7.166,6.993,7.22,6.993,30.51K,4.72%
12/10/2004,6.843,6.98,7.13,6.76,26.13K,-0.62%
12/09/2004,6.886,6.704,7.1,6.682,32.62K,3.04%
12/08/2004,6.683,6.65,6.75,6.495,32.48K,0.94%
12/07/2004,6.621,6.93,6.98,6.58,39.56K,-4.36%
12/06/2004,6.923,7.05,7.05,6.8,23.90K,1.87%
12/03/2004,6.796,6.84,6.9,6.69,20.99K,-0.22%
12/02/2004,6.811,7.43,7.478,6.69,35.71K,-8.12%
12/01/2004,7.413,7.62,7.775,7.38,32.35K,-2.72%
11/30/2004,7.62,7.83,7.915,7.41,30.11K,-2.77%
11/29/2004,7.837,8.26,8.325,7.785,23.71K,-1.74%
11/24/2004,7.976,6.779,8.2,6.6,33.60K,17.41%
11/23/2004,6.793,6.745,6.97,6.65,31.71K,0.46%
11/22/2004,6.762,7.2,7.39,6.72,30.25K,-4.96%
11/19/2004,7.115,6.87,7.15,6.71,34.96K,3.52%
11/18/2004,6.873,7.29,7.3,6.8,26.89K,-5.63%
11/17/2004,7.283,7.145,7.36,7.005,31.70K,2.23%
11/16/2004,7.124,7.451,7.569,7.05,40.51K,-4.20%
11/15/2004,7.436,7.12,7.46,6.98,29.44K,3.62%
11/12/2004,7.176,7.249,7.38,7.16,17.93K,-0.83%
11/11/2004,7.236,7.689,7.73,7.13,36.44K,-5.76%
11/10/2004,7.678,7.49,7.75,7.35,36.42K,2.77%
11/09/2004,7.471,7.605,7.65,7.28,34.34K,-1.70%
11/08/2004,7.6,7.95,7.96,7.55,33.33K,-4.45%
11/05/2004,7.954,8.21,8.255,7.7,48.87K,-2.99%
11/04/2004,8.199,8.8,8.87,8.1,37.19K,-6.32%
11/03/2004,8.752,8.589,8.78,8.46,27.59K,2.16%
11/02/2004,8.567,8.735,8.865,8.47,23.85K,-1.75%
11/01/2004,8.72,8.825,9.2,8.61,30.16K,-0.06%
10/29/2004,8.725,8.66,8.765,8.526,16.89K,0.47%
10/28/2004,8.684,8.86,9.2,8.54,36.22K,13.87%
10/27/2004,7.626,8.435,8.52,7.5,35.57K,-9.24%
10/26/2004,8.402,7.89,8.46,7.82,35.88K,6.49%
10/25/2004,7.89,8.03,8.26,7.77,30.75K,-2.65%
10/22/2004,8.105,7.73,8.23,7.605,19.71K,5.30%
10/21/2004,7.697,7.63,7.85,7.46,28.25K,0.97%
10/20/2004,7.623,7.21,7.75,7.2,35.78K,7.02%
10/19/2004,7.123,6.809,7.155,6.71,32.52K,4.66%
10/18/2004,6.806,6.55,7.03,6.483,30.58K,1.45%
10/15/2004,6.709,6.79,6.795,6.66,15.25K,-1.38%
10/14/2004,6.803,6.87,6.985,6.65,31.27K,-0.70%
10/13/2004,6.851,6.67,6.95,6.425,45.33K,3.24%
10/12/2004,6.636,6.938,6.938,6.61,36.31K,-5.11%
10/11/2004,6.993,7.12,7.19,6.94,25.03K,-2.37%
10/08/2004,7.163,7.252,7.27,7.05,23.87K,-1.27%
10/07/2004,7.255,7.03,7.44,6.95,36.34K,2.98%
10/06/2004,7.045,7.18,7.215,6.915,25.24K,-1.66%
10/05/2004,7.164,6.724,7.23,6.724,26.59K,6.53%
10/04/2004,6.725,6.705,6.87,6.52,21.72K,-0.69%
10/01/2004,6.772,6.79,6.8,6.5,24.99K,-0.34%
09/30/2004,6.795,6.88,7.075,6.67,36.52K,-1.68%
09/29/2004,6.911,6.33,7.23,6.33,54.42K,20.76%
09/28/2004,5.723,5.256,5.78,5.247,32.79K,8.76%
09/27/2004,5.262,5.255,5.331,5.2,31.05K,-2.41%
09/24/2004,5.392,5.568,5.568,5.33,27.79K,-3.09%
09/23/2004,5.564,5.62,5.675,5.38,27.09K,-1.15%
09/22/2004,5.629,5.555,5.705,5.51,27.31K,0.37%
09/21/2004,5.608,5.25,5.685,5.23,41.84K,6.84%
09/20/2004,5.249,5.081,5.26,4.981,35.10K,2.76%
09/17/2004,5.108,4.749,5.27,4.722,51.93K,8.24%
09/16/2004,4.719,4.83,4.875,4.52,39.91K,-2.18%
09/15/2004,4.824,4.945,5.074,4.75,41.57K,-2.11%
09/14/2004,4.928,4.87,5.01,4.82,39.03K,1.61%
09/13/2004,4.85,4.731,5.08,4.731,45.27K,6.13%
09/10/2004,4.57,4.665,4.76,4.54,26.65K,-1.89%
09/09/2004,4.658,4.626,4.72,4.56,31.37K,0.58%
09/08/2004,4.631,4.78,4.895,4.62,34.92K,-3.32%
09/07/2004,4.79,4.7,4.83,4.655,23.80K,2.46%
09/03/2004,4.675,4.77,4.84,4.62,28.06K,-1.93%
09/02/2004,4.767,4.98,5.033,4.71,48.18K,-3.99%
09/01/2004,4.965,5.06,5.18,4.955,36.83K,-2.15%
08/31/2004,5.074,5.21,5.26,5.03,31.31K,-3.06%
08/30/2004,5.234,5.21,5.251,5.091,24.26K,2.99%
08/27/2004,5.082,5.18,5.185,5.03,30.37K,-2.06%
08/26/2004,5.189,5.3,5.34,5.105,34.00K,-2.06%
08/25/2004,5.298,5.324,5.38,5.25,25.35K,-0.75%
08/24/2004,5.338,5.324,5.38,5.25,38.17K,0.53%
08/23/2004,5.31,5.55,5.55,5.305,27.89K,-4.36%
08/20/2004,5.552,5.53,5.62,5.49,23.11K,0.82%
08/19/2004,5.507,5.38,5.52,5.33,31.57K,2.32%
08/18/2004,5.382,5.375,5.48,5.35,26.20K,0.17%
08/17/2004,5.373,5.375,5.445,5.335,29.39K,-0.09%
08/16/2004,5.378,5.525,5.64,5.36,29.05K,-2.80%
08/13/2004,5.533,5.44,5.55,5.42,24.22K,1.67%
08/12/2004,5.442,5.62,5.649,5.44,35.28K,-3.06%
08/11/2004,5.614,5.775,5.785,5.565,36.16K,-3.06%
08/10/2004,5.791,5.72,5.96,5.72,51.20K,1.72%
08/09/2004,5.693,5.53,5.75,5.515,27.38K,1.88%
08/06/2004,5.588,5.712,5.72,5.57,24.56K,-2.17%
08/05/2004,5.712,5.665,5.75,5.62,27.01K,0.90%
08/04/2004,5.661,5.82,5.835,5.64,29.56K,-2.67%
08/03/2004,5.816,5.84,5.875,5.77,26.02K,0.05%
08/02/2004,5.813,6.045,6.045,5.78,50.11K,-4.89%
07/30/2004,6.112,6.176,6.25,6.09,25.36K,-1.10%
07/29/2004,6.18,6.135,6.22,6.1,29.14K,2.18%
07/28/2004,6.048,5.99,6.11,5.88,32.56K,0.99%
07/27/2004,5.989,5.95,6.029,5.921,30.29K,0.54%
07/26/2004,5.957,6.07,6.105,5.94,33.48K,-2.89%
07/23/2004,6.134,6.15,6.19,6.1,27.05K,-0.29%
07/22/2004,6.152,5.95,6.22,5.885,46.01K,3.73%
07/21/2004,5.931,5.845,5.95,5.845,24.00K,1.61%
07/20/2004,5.837,5.815,5.96,5.797,38.90K,0.33%
07/19/2004,5.818,5.831,5.865,5.77,25.05K,-1.17%
07/16/2004,5.887,5.845,5.99,5.84,33.85K,0.70%
07/15/2004,5.846,5.995,6.024,5.805,35.73K,-2.19%
07/14/2004,5.977,5.93,5.99,5.88,30.22K,1.22%
07/13/2004,5.905,5.87,5.94,5.82,42.37K,0.82%
07/12/2004,5.857,6.067,6.125,5.85,63.61K,-4.62%
07/09/2004,6.141,6.184,6.19,6.07,25.78K,-0.71%
07/08/2004,6.185,6.365,6.375,6.11,51.66K,-2.90%
07/07/2004,6.37,6.415,6.44,6.31,34.57K,-0.84%
07/06/2004,6.424,6.21,6.46,6.201,42.99K,4.49%
07/02/2004,6.148,6.2,6.22,6.13,17.74K,-1.11%
07/01/2004,6.217,6.155,6.27,6.045,33.81K,1.01%
06/30/2004,6.155,6.103,6.19,6.03,35.51K,0.60%
06/29/2004,6.118,6.201,6.232,6.09,38.16K,-0.37%
06/28/2004,6.141,6.292,6.34,6.09,31.62K,-3.34%
06/25/2004,6.353,6.48,6.485,6.28,35.98K,-2.04%
06/24/2004,6.485,6.41,6.55,6.41,34.37K,1.09%
06/23/2004,6.415,6.416,6.435,6.31,28.59K,0.05%
06/22/2004,6.412,6.335,6.44,6.298,24.48K,1.15%
06/21/2004,6.339,6.495,6.544,6.3,36.18K,-2.78%
06/18/2004,6.52,6.57,6.618,6.495,18.89K,-0.94%
06/17/2004,6.582,6.491,6.65,6.42,43.22K,1.43%
06/16/2004,6.489,6.295,6.5,6.29,38.14K,2.93%
06/15/2004,6.304,6.258,6.4,6.201,39.29K,0.96%
06/14/2004,6.244,6.14,6.33,6.098,36.71K,1.10%
06/10/2004,6.176,6.08,6.22,5.98,46.39K,1.55%
06/09/2004,6.082,6.115,6.14,5.96,55.56K,-0.54%
06/08/2004,6.115,6.216,6.275,6.095,36.44K,-1.48%
06/07/2004,6.207,6.239,6.265,6.08,45.33K,-0.86%
06/04/2004,6.261,6.36,6.38,6.22,31.82K,-1.60%
06/03/2004,6.363,6.51,6.59,6.26,57.81K,-2.39%
06/02/2004,6.519,6.68,6.69,6.5,29.88K,-2.42%
06/01/2004,6.681,6.5,6.73,6.5,44.51K,3.71%
05/28/2004,6.442,6.567,6.58,6.4,33.56K,-1.99%
05/27/2004,6.573,6.715,6.725,6.465,42.11K,-1.60%
05/26/2004,6.68,6.68,6.73,6.58,37.04K,-0.06%
05/25/2004,6.684,6.7,6.76,6.55,41.81K,-0.31%
05/24/2004,6.705,6.37,6.73,6.31,41.38K,5.54%
05/21/2004,6.353,6.315,6.39,6.25,36.81K,0.46%
05/20/2004,6.324,6.46,6.57,6.3,41.47K,-2.03%
05/19/2004,6.455,6.17,6.5,6.1,58.73K,4.89%
05/18/2004,6.154,6.43,6.44,6.12,54.19K,-4.20%
05/17/2004,6.424,6.4,6.46,6.34,40.31K,0.36%
05/14/2004,6.401,6.49,6.53,6.38,27.02K,-1.22%
05/13/2004,6.48,6.4,6.52,6.32,42.43K,1.17%
05/12/2004,6.405,6.4,6.48,6.36,34.92K,0.30%
05/11/2004,6.386,6.18,6.4,6.15,40.49K,3.27%
05/10/2004,6.184,6.3,6.3,6.12,32.07K,-1.75%
05/07/2004,6.294,6.21,6.33,6.191,25.99K,1.21%
05/06/2004,6.219,6.3,6.36,6.19,27.64K,-1.44%
05/05/2004,6.31,6.246,6.35,6.14,34.94K,0.65%
05/04/2004,6.269,6.21,6.36,6.21,34.89K,0.61%
05/03/2004,6.231,5.862,6.25,5.84,52.91K,6.29%
04/30/2004,5.862,5.93,5.975,5.85,24.49K,-1.05%
04/29/2004,5.924,5.95,5.99,5.82,30.70K,-0.19%
04/28/2004,5.935,5.87,5.97,5.78,36.93K,1.04%
04/27/2004,5.874,5.755,5.895,5.75,36.81K,1.91%
04/26/2004,5.764,5.555,5.79,5.55,41.48K,3.46%
04/23/2004,5.571,5.62,5.632,5.555,17.67K,-0.92%
04/22/2004,5.623,5.58,5.66,5.55,32.63K,0.73%
04/21/2004,5.582,5.56,5.65,5.49,29.43K,0.52%
04/20/2004,5.553,5.52,5.58,5.46,32.51K,0.80%
04/19/2004,5.509,5.58,5.7,5.5,43.40K,-1.80%
04/16/2004,5.61,5.74,5.79,5.6,25.59K,-2.16%
04/15/2004,5.734,5.74,5.78,5.63,41.13K,-0.17%
04/14/2004,5.744,5.79,5.8,5.65,34.14K,-0.76%
04/13/2004,5.788,6.01,6.01,5.73,49.24K,-3.68%
04/12/2004,6.009,5.915,6.03,5.867,25.85K,1.14%
04/08/2004,5.941,5.87,5.98,5.84,26.50K,1.18%
04/07/2004,5.872,5.8,5.92,5.75,30.59K,1.08%
04/06/2004,5.809,5.786,5.83,5.711,17.81K,0.09%
04/05/2004,5.804,5.88,5.94,5.78,22.10K,-0.14%
04/02/2004,5.812,5.775,5.92,5.71,29.09K,0.82%
04/01/2004,5.765,5.9,5.99,5.73,44.86K,-2.83%
03/31/2004,5.933,5.73,5.95,5.69,47.50K,3.25%
03/30/2004,5.746,5.485,5.775,5.471,56.35K,7.10%
03/29/2004,5.365,5.33,5.39,5.33,26.54K,-0.56%
03/26/2004,5.395,5.34,5.4,5.292,31.93K,1.11%
03/25/2004,5.336,5.53,5.47,5.38,29.94K,-1.71%
03/24/2004,5.429,5.53,5.56,5.38,32.47K,-1.83%
03/23/2004,5.53,5.54,5.57,5.44,27.63K,-0.29%
03/22/2004,5.546,5.61,5.61,5.5,18.38K,-0.64%
03/19/2004,5.582,5.63,5.66,5.56,17.32K,20.54%
03/18/2004,4.631,5.73,5.75,5.6,22.78K,-19.07%
03/17/2004,5.722,5.68,5.76,5.64,24.22K,0.60%
03/16/2004,5.688,5.7,5.73,5.62,24.61K,-0.52%
03/15/2004,5.718,5.62,5.75,5.62,25.25K,2.18%
03/12/2004,5.596,5.64,5.676,5.49,27.50K,-0.83%
03/11/2004,5.643,5.39,5.66,5.3,41.56K,4.56%
03/10/2004,5.397,5.46,5.47,5.31,28.72K,-0.75%
03/09/2004,5.438,5.39,5.48,5.35,22.85K,0.83%
03/08/2004,5.393,5.5,5.54,5.35,26.35K,-0.92%
03/05/2004,5.443,5.46,5.56,5.42,25.16K,-0.26%
03/04/2004,5.457,5.38,5.5,5.2,44.55K,1.53%
03/03/2004,5.375,5.59,5.59,5.35,33.11K,-3.41%
03/02/2004,5.565,5.56,5.6,5.48,28.11K,0.27%
03/01/2004,5.55,5.35,5.57,5.26,39.97K,2.47%
02/27/2004,5.416,5.395,5.48,5.34,26.80K,0.46%
02/26/2004,5.391,5.23,5.43,5.19,30.32K,4.68%
02/25/2004,5.15,5.07,5.29,5.06,39.68K,1.44%
02/24/2004,5.077,5.12,5.15,5.06,37.36K,-0.98%
02/23/2004,5.127,5.1,5.17,5.1,25.84K,-1.27%
02/20/2004,5.193,5.25,5.27,5.12,29.30K,-0.80%
02/19/2004,5.235,5.35,5.39,5.2,21.27K,-1.58%
02/18/2004,5.319,5.32,5.42,5.29,19.88K,-3.92%
02/17/2004,5.536,5.411,5.457,5.275,23.52K,0.00%
02/13/2004,5.536,5.45,5.63,5.425,26.60K,1.56%
02/12/2004,5.451,5.27,5.52,5.16,34.45K,3.63%
02/11/2004,5.26,5.41,5.43,5.16,31.33K,-2.66%
02/10/2004,5.404,5.33,5.43,5.29,26.85K,1.03%
02/09/2004,5.349,5.35,5.5,5.26,30.03K,-0.09%
02/06/2004,5.354,5.344,5.46,5.29,26.24K,-0.85%
02/05/2004,5.4,5.64,5.66,5.25,38.17K,-4.49%
02/04/2004,5.654,5.67,5.79,5.56,24.12K,0.05%
02/03/2004,5.651,5.57,5.79,5.48,25.99K,1.38%
02/02/2004,5.574,5.45,5.59,5.32,19.85K,3.28%
01/30/2004,5.397,5.659,5.75,5.35,25.54K,-4.63%
01/29/2004,5.659,5.75,5.8,5.58,21.53K,-2.01%
01/28/2004,5.775,5.7,5.95,5.68,34.24K,1.03%
01/27/2004,5.716,5.72,5.88,5.68,35.95K,-0.19%
01/26/2004,5.727,5.89,5.89,5.55,29.82K,-5.48%
01/23/2004,6.059,5.845,6.15,5.84,26.04K,3.86%
01/22/2004,5.834,6.17,6.316,5.6,32.46K,-5.14%
01/21/2004,6.15,6.29,6.49,6.12,28.42K,-2.24%
01/20/2004,6.291,6.08,6.32,6.08,20.39K,5.91%
01/16/2004,5.94,5.845,6.04,5.83,21.05K,1.63%
01/15/2004,5.845,6.4,6.63,5.8,37.52K,-8.49%
01/14/2004,6.387,6.32,6.58,6.2,30.98K,0.92%
01/13/2004,6.329,6.95,7.03,6.31,33.74K,-8.28%
01/12/2004,6.9,7.35,7.39,6.57,38.33K,-5.31%
01/09/2004,7.287,7.15,7.63,7.15,28.34K,2.72%
01/08/2004,7.094,6.87,7.12,6.61,30.63K,3.14%
01/07/2004,6.878,7.08,7.11,6.77,19.84K,-2.88%
01/06/2004,7.082,6.849,7.353,6.84,22.54K,3.74%
01/05/2004,6.827,6.32,6.92,6.32,23.72K,10.31%
12/31/2003,6.189,6.6,6.74,6.05,19.02K,-6.23%
12/30/2003,6.6,6.25,6.95,6.2,21.84K,7.32%
12/29/2003,6.15,6.02,6.24,5.96,33.69K,-3.59%
12/24/2003,6.379,6.17,6.4,5.99,25.74K,3.84%
12/23/2003,6.143,6.32,6.4,5.94,32.74K,-2.86%
12/22/2003,6.324,6.85,6.85,6.3,33.63K,-9.42%
12/19/2003,6.982,7.14,7.207,6.92,22.78K,-1.97%
12/18/2003,7.122,7.035,7.215,6.75,31.47K,1.84%
12/17/2003,6.993,6.72,7.1,6.583,26.36K,3.65%
12/16/2003,6.747,6.955,7.08,6.61,21.85K,-2.98%
12/15/2003,6.954,6.78,7.04,6.56,27.13K,-3.70%
12/12/2003,7.221,6.66,7.25,6.635,24.77K,9.16%
12/11/2003,6.615,6.67,6.95,6.36,29.06K,-1.43%
12/10/2003,6.711,6.73,7.55,6.66,36.46K,-0.16%
12/09/2003,6.722,6.88,6.94,6.55,38.79K,-2.61%
12/08/2003,6.902,6.21,6.93,6.15,51.27K,12.50%
12/05/2003,6.135,6.335,6.54,6.085,38.78K,-3.19%
12/04/2003,6.337,5.77,6.56,5.67,64.06K,10.09%
12/03/2003,5.756,5.55,5.77,5.44,51.38K,3.17%
12/02/2003,5.579,5.27,5.65,5.27,59.55K,5.60%
12/01/2003,5.283,4.89,5.38,4.87,52.52K,7.27%
11/26/2003,4.925,5.065,5.115,4.85,32.08K,1.34%
11/25/2003,4.86,4.68,4.92,4.59,39.08K,3.80%
11/24/2003,4.682,4.57,4.7,4.52,42.87K,1.04%
11/21/2003,4.634,4.605,4.7,4.59,34.79K,0.35%
11/20/2003,4.618,4.73,4.95,4.55,48.03K,-2.53%
11/19/2003,4.738,4.86,4.92,4.68,36.00K,-2.61%
11/18/2003,4.865,4.77,4.88,4.69,42.53K,2.12%
11/17/2003,4.764,5.07,5.07,4.69,46.04K,-6.81%
11/14/2003,5.112,4.806,5.22,4.753,61.60K,6.57%
11/13/2003,4.797,4.74,4.815,4.635,34.75K,1.22%
11/12/2003,4.739,4.88,4.93,4.67,45.09K,-2.67%
11/11/2003,4.869,4.705,4.9,4.665,35.13K,3.35%
11/10/2003,4.711,4.72,4.75,4.6,30.87K,0.11%
11/07/2003,4.706,4.68,4.8,4.64,33.07K,1.03%
11/06/2003,4.658,4.915,5.02,4.65,47.63K,-4.88%
11/05/2003,4.897,4.71,4.92,4.69,35.52K,3.60%
11/04/2003,4.727,4.706,4.79,4.585,33.11K,0.47%
11/03/2003,4.705,4.89,5.024,4.7,42.21K,-3.84%
10/31/2003,4.893,4.715,4.94,4.64,40.95K,3.89%
10/30/2003,4.71,4.87,4.915,4.645,39.06K,5.63%
10/29/2003,4.459,4.49,4.54,4.4,34.61K,-0.60%
10/28/2003,4.486,4.529,4.544,4.42,38.76K,-0.58%
10/27/2003,4.512,4.71,4.71,4.5,35.19K,-5.73%
10/24/2003,4.786,4.92,4.97,4.75,26.93K,-2.58%
10/23/2003,4.913,4.929,5.02,4.85,33.48K,-0.22%
10/22/2003,4.924,4.88,5.01,4.83,31.14K,1.01%
10/21/2003,4.875,4.77,4.96,4.76,32.52K,2.16%
10/20/2003,4.772,5.036,5.036,4.74,47.41K,-5.24%
10/17/2003,5.036,5.408,5.408,5.025,42.64K,-6.93%
10/16/2003,5.411,5.43,5.5,5.35,26.21K,-0.35%
10/15/2003,5.43,5.466,5.52,5.34,27.83K,-0.82%
10/14/2003,5.475,5.535,5.72,5.36,45.12K,-1.30%
10/13/2003,5.547,5.66,5.69,5.39,37.09K,-1.86%
10/10/2003,5.652,5.539,5.8,5.445,52.10K,2.88%
10/09/2003,5.494,5.165,5.57,5.12,62.31K,6.72%
10/08/2003,5.148,5.155,5.225,5.05,43.59K,0.16%
10/07/2003,5.14,4.904,5.21,4.88,67.12K,4.81%
10/06/2003,4.904,4.767,4.91,4.66,28.53K,2.87%
10/03/2003,4.767,4.69,4.845,4.625,35.12K,1.73%
10/02/2003,4.686,4.677,4.73,4.565,34.18K,0.19%
10/01/2003,4.677,4.83,4.85,4.62,53.03K,-3.17%
09/30/2003,4.83,4.89,4.98,4.82,39.31K,-1.33%
09/29/2003,4.895,4.63,4.94,4.62,53.42K,10.50%
09/26/2003,4.43,4.535,4.544,4.4,32.44K,-2.47%
09/25/2003,4.542,4.57,4.62,4.49,41.91K,-1.00%
09/24/2003,4.588,4.524,4.66,4.495,39.30K,1.71%
09/23/2003,4.511,4.509,4.605,4.485,37.24K,0.38%
09/22/2003,4.494,4.47,4.52,4.39,28.46K,0.25%
09/19/2003,4.483,4.475,4.525,4.425,28.13K,0.27%
09/18/2003,4.471,4.63,4.64,4.45,45.25K,-3.68%
09/17/2003,4.642,4.68,4.68,4.55,38.43K,-0.41%
09/16/2003,4.661,4.68,4.76,4.65,21.61K,-0.51%
09/15/2003,4.685,4.68,4.72,4.62,27.33K,-1.70%
09/12/2003,4.766,4.739,4.82,4.635,38.84K,0.59%
09/11/2003,4.738,4.95,4.96,4.68,37.76K,-4.63%
09/10/2003,4.968,4.73,4.98,4.71,50.14K,5.03%
09/09/2003,4.73,4.681,4.76,4.661,29.87K,1.48%
09/08/2003,4.661,4.78,4.885,4.65,34.80K,-2.31%
09/05/2003,4.771,4.8,4.83,4.76,17.24K,-0.81%
09/04/2003,4.81,4.7,4.86,4.59,49.46K,2.47%
09/03/2003,4.694,4.68,4.71,4.63,22.62K,1.19%
09/02/2003,4.639,4.7,4.7,4.55,35.15K,-1.94%
08/29/2003,4.731,4.97,5.009,4.65,1.92K,-4.31%
08/28/2003,4.944,4.88,5.08,4.86,33.12K,0.35%
08/27/2003,4.927,5.04,5.08,4.9,40.62K,-2.20%
08/26/2003,5.038,5.07,5.07,4.94,46.42K,-0.89%
08/25/2003,5.083,5.21,5.29,5.03,36.88K,-3.73%
08/22/2003,5.28,5.275,5.38,5.24,22.14K,0.09%
08/21/2003,5.275,5.12,5.34,5.04,39.50K,3.05%
08/20/2003,5.119,4.97,5.13,4.91,36.34K,3.12%
08/19/2003,4.964,4.91,4.98,4.87,30.78K,1.66%
08/18/2003,4.883,4.83,4.96,4.75,23.42K,0.72%
08/15/2003,4.848,4.9,4.97,4.82,12.82K,-0.88%
08/14/2003,4.891,5.179,5.25,4.79,46.09K,-5.56%
08/13/2003,5.179,5.24,5.28,5.12,32.34K,-0.73%
08/12/2003,5.217,5.16,5.26,5.06,36.97K,1.72%
08/11/2003,5.129,5,5.22,4.97,32.65K,1.83%
08/08/2003,5.037,5.099,5.135,4.99,28.71K,-0.89%
08/07/2003,5.082,4.74,5.14,4.74,50.92K,7.10%
08/06/2003,4.745,4.681,4.775,4.66,21.59K,1.45%
08/05/2003,4.677,4.64,4.78,4.63,27.35K,1.02%
08/04/2003,4.63,4.82,4.89,4.615,31.82K,-5.01%
08/01/2003,4.874,4.715,4.895,4.71,28.41K,3.31%
07/31/2003,4.718,4.665,4.79,4.59,34.58K,1.07%
07/30/2003,4.668,4.625,4.69,4.58,24.46K,-0.53%
07/29/2003,4.693,4.71,4.755,4.62,35.71K,-0.15%
07/28/2003,4.7,4.68,4.8,4.603,35.52K,-0.13%
07/25/2003,4.706,4.72,4.755,4.7,25.14K,-0.53%
07/24/2003,4.731,4.895,4.94,4.66,37.79K,-2.97%
07/23/2003,4.876,4.87,4.955,4.8,32.27K,0.16%
07/22/2003,4.868,5.11,5.113,4.84,39.70K,-4.68%
07/21/2003,5.107,5.072,5.18,5.03,36.27K,1.69%
07/18/2003,5.022,5.08,5.09,4.99,19.61K,-0.55%
07/17/2003,5.05,4.936,5.075,4.88,28.21K,2.35%
07/16/2003,4.934,5,5.05,4.82,40.86K,-1.71%
07/15/2003,5.02,5.11,5.2,5,35.29K,-1.61%
07/14/2003,5.102,5.09,5.13,5.02,23.85K,-1.01%
07/11/2003,5.154,5.266,5.32,5.13,30.09K,-1.98%
07/10/2003,5.258,5.52,5.52,5.22,43.95K,-4.75%
07/09/2003,5.52,5.524,5.64,5.41,41.06K,0.31%
07/08/2003,5.503,5.37,5.52,5.345,31.16K,2.27%
07/07/2003,5.381,5.32,5.41,5.17,29.50K,2.97%
07/03/2003,5.226,5.21,5.36,5.185,25.83K,0.52%
07/02/2003,5.199,5.319,5.325,5.08,37.87K,-2.22%
07/01/2003,5.317,5.405,5.42,5.25,29.80K,-1.74%
06/30/2003,5.411,5.38,5.47,5.34,23.31K,0.91%
06/27/2003,5.362,5.43,5.473,5.35,21.95K,1.34%
06/26/2003,5.291,5.75,5.765,5.22,44.18K,-8.09%
06/25/2003,5.757,5.698,5.78,5.6,41.97K,1.05%
06/24/2003,5.697,5.87,5.94,5.66,37.88K,-2.83%
06/23/2003,5.863,5.805,6.12,5.73,48.89K,1.00%
06/20/2003,5.805,5.945,5.965,5.79,30.60K,-2.29%
06/19/2003,5.941,5.55,5.95,5.516,46.53K,6.45%
06/18/2003,5.581,5.715,5.72,5.46,41.14K,-2.29%
06/17/2003,5.712,5.725,5.78,5.66,28.94K,0.11%
06/16/2003,5.706,5.71,5.747,5.55,27.89K,0.55%
06/13/2003,5.675,5.64,5.7,5.48,41.12K,1.23%
06/12/2003,5.606,6.21,6.227,5.57,74.89K,-9.77%
06/11/2003,6.213,6.35,6.36,6.15,35.87K,-1.85%
06/10/2003,6.33,6.31,6.37,6.23,36.00K,0.25%
06/09/2003,6.314,6.565,6.619,6.3,31.45K,-3.01%
06/06/2003,6.51,6.55,6.719,6.35,34.85K,-0.17%
06/05/2003,6.521,6.36,6.53,6.25,39.76K,2.29%
06/04/2003,6.375,6.372,6.61,6.22,49.14K,0.24%
06/03/2003,6.36,6.401,6.42,6.315,26.01K,-0.81%
06/02/2003,6.412,6.25,6.49,6.22,42.50K,2.58%
05/30/2003,6.251,6.075,6.27,6.05,29.73K,3.05%
05/29/2003,6.066,6.01,6.12,5.85,41.68K,2.04%
05/28/2003,5.945,5.895,6,5.77,38.30K,0.76%
05/27/2003,5.9,6.09,6.09,5.85,49.69K,-3.58%
05/23/2003,6.119,6.01,6.16,5.995,20.74K,1.39%
05/22/2003,6.035,6.21,6.255,5.95,37.52K,-2.63%
05/21/2003,6.198,6.07,6.33,6.025,40.00K,2.34%
05/20/2003,6.056,5.99,6.09,5.9,32.03K,0.68%
05/19/2003,6.015,6.13,6.43,5.99,48.66K,-1.75%
05/16/2003,6.122,6.138,6.138,6.003,26.63K,-0.15%
05/15/2003,6.131,6.29,6.37,6.12,39.78K,-2.90%
05/14/2003,6.314,6.29,6.44,6.13,44.20K,0.10%
05/13/2003,6.308,5.989,6.33,5.94,43.91K,5.43%
05/12/2003,5.983,5.81,6.1,5.806,39.09K,3.05%
05/09/2003,5.806,5.77,5.83,5.72,30.45K,0.59%
05/08/2003,5.772,5.66,5.885,5.59,50.13K,1.98%
05/07/2003,5.66,5.571,5.68,5.46,33.67K,1.65%
05/06/2003,5.568,5.7,5.73,5.54,34.89K,-2.13%
05/05/2003,5.689,5.265,5.71,5.255,48.01K,8.26%
05/02/2003,5.255,5.27,5.31,5.22,15.86K,-0.23%
05/01/2003,5.267,5.39,5.453,5.25,33.09K,-2.19%
04/30/2003,5.385,5.24,5.47,5.24,38.83K,2.85%
04/29/2003,5.236,5.22,5.26,5.145,28.55K,2.21%
04/28/2003,5.123,5.48,5.48,5,35.49K,-6.46%
04/25/2003,5.477,5.465,5.68,5.45,30.55K,0.05%
04/24/2003,5.474,5.57,5.59,5.38,35.61K,-1.71%
04/23/2003,5.569,5.645,5.685,5.52,31.02K,-1.35%
04/22/2003,5.645,5.707,5.72,5.62,25.27K,-1.19%
04/21/2003,5.713,5.702,5.82,5.62,26.78K,0.07%
04/17/2003,5.709,5.692,5.83,5.62,22.58K,0.56%
04/16/2003,5.677,5.65,5.72,5.495,36.70K,0.42%
04/15/2003,5.653,5.58,5.695,5.555,21.77K,1.82%
04/14/2003,5.552,5.39,5.62,5.36,26.74K,2.61%
04/11/2003,5.411,5.42,5.425,5.33,25.54K,-0.15%
04/10/2003,5.419,5.205,5.49,5.16,45.90K,4.31%
04/09/2003,5.195,5.11,5.23,5.04,30.53K,1.70%
04/08/2003,5.108,5.14,5.22,5.035,25.05K,-0.51%
04/07/2003,5.134,4.94,5.25,4.915,44.75K,3.86%
04/04/2003,4.943,4.919,4.99,4.865,16.14K,0.49%
04/03/2003,4.919,5.064,5.08,4.885,32.33K,-2.88%
04/02/2003,5.065,5.075,5.13,4.93,33.69K,-1.17%
04/01/2003,5.125,5.075,5.165,5.02,23.65K,1.28%
03/31/2003,5.06,5.14,5.22,4.995,22.27K,-1.67%
03/28/2003,5.146,5.23,5.265,5.105,21.23K,0.00%
03/27/2003,5.146,5.09,5.25,4.995,38.41K,0.96%
03/26/2003,5.097,5.08,5.13,4.98,38.64K,0.39%
03/25/2003,5.077,5.241,5.29,5,36.13K,-3.35%
03/24/2003,5.253,5.32,5.4,5.11,25.63K,2.44%
03/21/2003,5.128,5.325,5.35,5.1,26.82K,-3.35%
03/20/2003,5.306,5.32,5.62,5.16,32.09K,0.53%
03/19/2003,5.278,5.31,5.45,5.27,19.76K,-1.14%
03/18/2003,5.339,5.53,5.56,5.192,21.06K,-3.05%
03/17/2003,5.507,5.55,5.638,5.28,22.21K,1.44%
03/14/2003,5.429,5.37,5.48,5.08,31.08K,1.27%
03/13/2003,5.361,5.88,5.929,5.35,34.04K,-8.59%
03/12/2003,5.865,5.94,6.115,5.735,28.64K,-1.33%
03/11/2003,5.944,6.499,6.499,5.84,39.77K,-8.76%
03/10/2003,6.515,6.9,6.9,6.5,23.68K,-6.84%
03/07/2003,6.993,6.85,7.11,6.835,21.76K,2.18%
03/06/2003,6.844,7.08,7.2,6.69,24.86K,-2.52%
03/05/2003,7.021,7.1,7.15,6.75,24.75K,-0.28%
03/04/2003,7.041,7.131,7.55,6.95,27.76K,-1.69%
03/03/2003,7.162,8.18,8.18,7.105,24.15K,-11.59%
02/28/2003,8.101,7.391,8.5,7.39,27.79K,8.23%
02/27/2003,7.485,7.35,7.7,7.1,30.17K,-18.04%
02/26/2003,9.133,9.25,9.6,8.1,35.84K,-4.64%
02/25/2003,9.577,9.1,11.899,8.6,41.48K,4.82%
02/24/2003,9.137,6.8,9.2,6.75,55.08K,38.31%
02/21/2003,6.606,6.175,6.7,6.16,48.61K,7.21%
02/20/2003,6.162,6.134,6.22,6.085,42.46K,0.46%
02/19/2003,6.134,5.91,6.2,5.877,49.23K,3.77%
02/18/2003,5.911,5.881,6.02,5.871,31.88K,1.03%
02/14/2003,5.851,5.721,5.86,5.72,26.85K,1.93%
02/13/2003,5.74,5.785,5.955,5.66,57.46K,-0.78%
02/12/2003,5.785,5.98,5.98,5.72,48.27K,-3.21%
02/11/2003,5.977,5.865,6.07,5.795,51.66K,2.14%
02/10/2003,5.852,6.043,6.111,5.83,42.83K,-3.16%
02/07/2003,6.043,5.828,6.065,5.805,39.93K,3.69%
02/06/2003,5.828,5.65,5.91,5.64,51.50K,3.26%
02/05/2003,5.644,5.764,5.79,5.565,37.85K,-2.05%
02/04/2003,5.762,5.775,5.88,5.7,37.82K,-0.07%
02/03/2003,5.766,5.605,5.81,5.485,44.50K,2.87%
01/31/2003,5.605,5.59,5.675,5.51,35.18K,0.39%
01/30/2003,5.583,5.63,5.74,5.48,42.71K,-1.36%
01/29/2003,5.66,5.44,5.73,5.425,44.13K,3.97%
01/28/2003,5.444,5.41,5.499,5.34,47.28K,0.89%
01/27/2003,5.396,5.59,5.67,5.37,43.65K,-2.32%
01/24/2003,5.524,5.448,5.63,5.377,43.83K,1.21%
01/23/2003,5.458,5.689,5.85,5.43,52.45K,-3.79%
01/22/2003,5.673,5.44,5.74,5.435,44.73K,4.42%
01/21/2003,5.433,5.54,5.54,5.35,40.39K,-1.86%
01/17/2003,5.536,5.635,5.675,5.445,36.94K,-1.93%
01/16/2003,5.645,5.43,5.7,5.42,49.08K,3.96%
01/15/2003,5.43,5.12,5.5,5.12,60.12K,6.32%
01/14/2003,5.107,5.25,5.34,5.065,55.10K,-2.74%
01/13/2003,5.251,5.225,5.36,5.225,41.25K,2.10%
01/10/2003,5.143,5.3,5.36,5.11,42.93K,-3.04%
01/09/2003,5.304,5.16,5.32,4.97,53.74K,2.77%
01/08/2003,5.161,5.125,5.265,5.055,40.70K,0.66%
01/07/2003,5.127,4.94,5.15,4.88,47.23K,3.89%
01/06/2003,4.935,5.276,5.299,4.85,47.06K,-7.65%
01/03/2003,5.344,5.299,5.42,5.21,34.69K,1.77%
01/02/2003,5.251,4.9,5.335,4.88,47.31K,9.65%
12/31/2002,4.789,4.795,4.85,4.69,18.91K,-0.23%
12/30/2002,4.8,5.02,5.02,4.72,26.78K,-3.77%
12/27/2002,4.988,4.96,5.05,4.83,42.84K,0.52%
12/26/2002,4.962,5.15,5.16,4.905,39.40K,-3.58%
12/24/2002,5.146,5.105,5.15,5.075,15.30K,0.59%
12/23/2002,5.116,5.15,5.205,5.03,31.10K,-1.29%
12/20/2002,5.183,5.06,5.195,5.035,32.11K,2.69%
12/19/2002,5.047,5.06,5.49,5.04,53.30K,-4.38%
12/18/2002,5.278,5.27,5.39,5.1,49.41K,0.73%
12/17/2002,5.24,5.25,5.31,5.19,32.19K,-1.89%
12/16/2002,5.341,5.315,5.435,5.17,38.02K,1.08%
12/13/2002,5.284,5.1,5.53,5.01,68.43K,3.83%
12/12/2002,5.089,4.71,5.15,4.7,55.82K,8.07%
12/11/2002,4.709,4.639,4.77,4.61,53.68K,1.57%
12/10/2002,4.636,4.37,4.65,4.337,64.73K,6.35%
12/09/2002,4.359,4.345,4.38,4.29,25.50K,-0.55%
12/06/2002,4.383,4.41,4.439,4.34,29.19K,-0.52%
12/05/2002,4.406,4.305,4.41,4.24,40.01K,2.51%
12/04/2002,4.298,4.235,4.365,4.165,53.71K,1.70%
12/03/2002,4.226,4.32,4.344,4.19,35.10K,-2.18%
12/02/2002,4.32,4.2,4.35,4.137,42.56K,2.86%
11/27/2002,4.2,4.21,4.238,4.18,20.07K,1.45%
11/26/2002,4.14,4.265,4.285,4.11,52.31K,-2.84%
11/25/2002,4.261,4.34,4.37,4.17,52.55K,0.02%
11/22/2002,4.26,4.355,4.37,4.22,40.75K,-2.09%
11/21/2002,4.351,4.26,4.4,4.2,54.99K,2.28%
11/20/2002,4.254,4.26,4.379,4.21,39.66K,-0.16%
11/19/2002,4.261,4.27,4.343,4.215,44.93K,-0.05%
11/18/2002,4.263,4.27,4.28,4.05,49.30K,7.08%
11/15/2002,3.981,3.875,4.03,3.87,43.26K,2.89%
11/14/2002,3.869,3.895,4.005,3.78,42.50K,-0.21%
11/13/2002,3.877,3.88,3.91,3.74,50.92K,0.13%
11/12/2002,3.872,3.78,3.88,3.77,29.22K,2.49%
11/11/2002,3.778,3.84,3.91,3.77,39.49K,-3.20%
11/08/2002,3.903,3.83,3.95,3.785,34.23K,1.88%
11/07/2002,3.831,3.865,4.02,3.805,53.59K,-0.60%
11/06/2002,3.854,3.915,3.935,3.8,40.02K,-0.75%
11/05/2002,3.883,3.88,3.91,3.83,36.98K,0.52%
11/04/2002,3.863,4.03,4.03,3.84,41.69K,-4.85%
11/01/2002,4.06,4.16,4.18,4.035,42.91K,-2.31%
10/31/2002,4.156,4.395,4.415,4.12,61.53K,-5.31%
10/30/2002,4.389,4.28,4.44,4.23,42.92K,6.37%
10/29/2002,4.126,4.165,4.245,4.09,48.57K,-1.20%
10/28/2002,4.176,4.089,4.19,4.032,47.28K,3.67%
10/25/2002,4.028,4.145,4.174,3.99,44.49K,-2.54%
10/24/2002,4.133,4.265,4.36,4.085,54.61K,-2.98%
10/23/2002,4.26,4.13,4.27,4.105,38.00K,3.65%
10/22/2002,4.11,4.15,4.255,4.08,44.28K,-1.13%
10/21/2002,4.157,4.175,4.42,4.15,59.26K,-1.93%
10/18/2002,4.239,4.29,4.31,4.17,32.52K,-1.40%
10/17/2002,4.299,4.24,4.38,4.11,44.84K,1.70%
10/16/2002,4.227,4.231,4.27,4.13,30.92K,-0.47%
10/15/2002,4.247,4.312,4.34,4.17,55.55K,-1.30%
10/14/2002,4.303,4.156,4.32,4.156,46.24K,3.79%
10/11/2002,4.146,3.83,4.16,3.825,62.20K,8.31%
10/10/2002,3.828,3.92,3.965,3.775,52.85K,-2.30%
10/09/2002,3.918,3.854,3.94,3.84,32.92K,1.45%
10/08/2002,3.862,3.75,3.89,3.745,46.09K,3.26%
10/07/2002,3.74,3.731,3.77,3.67,36.79K,0.03%
10/04/2002,3.739,3.779,4,3.72,45.07K,0.40%
10/03/2002,3.724,4.164,4.23,3.71,74.25K,-10.48%
10/02/2002,4.16,4.085,4.2,3.947,56.07K,2.29%
10/01/2002,4.067,4.14,4.25,4,52.93K,-1.72%
09/30/2002,4.138,4.14,4.2,4.12,36.04K,2.40%
09/27/2002,4.041,3.891,4.095,3.831,43.95K,9.63%
09/26/2002,3.686,3.5,3.76,3.405,63.73K,5.50%
09/25/2002,3.494,3.735,3.765,3.48,69.02K,-6.63%
09/24/2002,3.742,3.99,4.034,3.71,59.26K,-5.93%
09/23/2002,3.978,3.871,3.99,3.835,57.44K,5.85%
09/20/2002,3.758,3.865,3.97,3.74,43.93K,-2.54%
09/19/2002,3.856,3.765,3.94,3.75,51.57K,1.82%
09/18/2002,3.787,3.67,3.85,3.665,54.03K,2.94%
09/17/2002,3.679,3.515,3.695,3.385,62.51K,4.90%
09/16/2002,3.507,3.405,3.53,3.405,28.43K,1.15%
09/13/2002,3.467,3.335,3.495,3.332,42.82K,4.15%
09/12/2002,3.329,3.261,3.375,3.19,51.72K,2.43%
09/11/2002,3.25,3.36,3.395,3.235,29.03K,-3.16%
09/10/2002,3.356,3.41,3.429,3.34,0.27K,-1.27%
09/09/2002,3.399,3.247,3.41,3.19,49.94K,4.10%
09/06/2002,3.265,3.355,3.445,3.26,54.84K,-2.30%
09/05/2002,3.342,3.19,3.36,3.1,64.19K,4.67%
09/04/2002,3.193,3.135,3.29,3.12,55.28K,1.95%
09/03/2002,3.132,3.25,3.25,3.1,42.92K,-4.98%
08/30/2002,3.296,3.252,3.31,3.25,24.80K,1.42%
08/29/2002,3.25,3.4,3.455,3.175,63.65K,-1.16%
08/28/2002,3.288,3.485,3.5,3.26,56.18K,-5.60%
08/27/2002,3.483,3.62,3.643,3.47,59.19K,-3.70%
08/26/2002,3.617,3.49,3.63,3.46,49.32K,3.73%
08/23/2002,3.487,3.5,3.521,3.44,41.19K,-0.80%
08/22/2002,3.515,3.298,3.53,3.26,61.62K,7.36%
08/21/2002,3.274,3.177,3.31,3.13,44.75K,3.41%
08/20/2002,3.166,3.275,3.3,3.16,58.43K,-3.09%
08/19/2002,3.267,3.13,3.28,3.055,52.82K,3.75%
08/16/2002,3.149,3.135,3.165,3.08,43.42K,0.70%
08/15/2002,3.127,2.92,3.14,2.877,79.96K,7.46%
08/14/2002,2.91,2.98,3.04,2.9,49.57K,-2.18%
08/13/2002,2.975,2.964,3,2.91,50.44K,0.34%
08/12/2002,2.965,2.76,2.97,2.76,50.85K,7.39%
08/09/2002,2.761,2.749,2.8,2.749,23.87K,0.58%
08/08/2002,2.745,2.661,2.8,2.655,46.66K,3.20%
08/07/2002,2.66,2.725,2.745,2.64,33.43K,-2.06%
08/06/2002,2.716,2.675,2.745,2.671,27.30K,1.42%
08/05/2002,2.678,2.86,2.86,2.665,40.41K,-6.30%
08/02/2002,2.858,2.84,2.9,2.825,27.67K,0.56%
08/01/2002,2.842,2.97,3.028,2.825,54.77K,-3.79%
07/31/2002,2.954,2.892,3.04,2.885,48.84K,2.18%
07/30/2002,2.891,2.93,2.93,2.85,40.14K,-2.86%
07/29/2002,2.976,2.955,3.11,2.9,52.96K,1.36%
07/26/2002,2.936,2.909,2.944,2.87,59.02K,1.17%
07/25/2002,2.902,3.04,3.1,2.875,66.16K,-4.60%
07/24/2002,3.042,2.892,3.05,2.8,64.71K,5.30%
07/23/2002,2.889,2.955,2.975,2.885,38.36K,-1.97%
07/22/2002,2.947,2.865,3,2.865,41.32K,0.48%
07/19/2002,2.933,2.977,3.019,2.83,44.76K,-0.34%
07/18/2002,2.943,2.845,2.965,2.8,57.15K,3.59%
07/17/2002,2.841,2.877,2.953,2.78,59.93K,-0.77%
07/16/2002,2.863,2.791,2.92,2.78,45.01K,2.84%
07/15/2002,2.784,2.82,2.86,2.77,33.85K,-0.11%
07/12/2002,2.787,2.851,2.919,2.77,39.22K,-1.52%
07/11/2002,2.83,2.872,2.875,2.76,47.08K,-1.19%
07/10/2002,2.864,2.989,3.08,2.86,69.36K,-4.25%
07/09/2002,2.991,2.94,3.01,2.94,32.77K,1.77%
07/08/2002,2.939,3.11,3.11,2.93,62.93K,-6.46%
07/03/2002,3.142,3.156,3.185,3.125,32.12K,-0.10%
07/02/2002,3.145,3.17,3.19,3.125,26.72K,-1.47%
07/01/2002,3.192,3.24,3.285,3.18,21.31K,-1.63%
06/28/2002,3.245,3.245,3.27,3.22,24.93K,0.28%
06/27/2002,3.236,3.345,3.36,3.2,39.80K,-1.28%
06/26/2002,3.278,3.435,3.5,3.2,57.67K,-4.96%
06/25/2002,3.449,3.451,3.58,3.426,68.45K,0.55%
06/24/2002,3.43,3.258,3.47,3.255,60.36K,5.96%
06/21/2002,3.237,3.224,3.25,3.16,36.01K,0.65%
06/20/2002,3.216,3.312,3.375,3.165,59.70K,-2.96%
06/19/2002,3.314,3.315,3.415,3.275,47.62K,0.06%
06/18/2002,3.312,3.479,3.48,3.295,43.75K,-1.92%
06/17/2002,3.377,3.35,3.47,3.35,42.59K,1.05%
06/14/2002,3.342,3.215,3.35,3.185,49.82K,4.08%
06/13/2002,3.211,3.06,3.26,3.05,73.74K,5.04%
06/12/2002,3.057,3.12,3.17,3.05,43.10K,-2.39%
06/11/2002,3.132,3.13,3.18,3.085,41.63K,-0.10%
06/10/2002,3.135,3.185,3.2,3.125,41.54K,-2.15%
06/07/2002,3.204,3.18,3.22,3.143,30.33K,0.69%
06/06/2002,3.182,3.255,3.3,3.12,56.27K,-2.39%
06/05/2002,3.26,3.347,3.347,3.24,40.16K,-2.04%
06/04/2002,3.328,3.238,3.35,3.23,43.86K,2.65%
06/03/2002,3.242,3.23,3.305,3.185,36.67K,0.78%
05/31/2002,3.217,3.225,3.29,3.2,32.73K,-0.16%
05/30/2002,3.222,3.515,3.541,3.19,0.05K,-5.79%
05/29/2002,3.42,3.279,3.47,3.27,54.93K,4.27%
05/28/2002,3.28,3.3,3.34,3.255,66.34K,-2.00%
05/24/2002,3.347,3.43,3.435,3.325,33.76K,-2.65%
05/23/2002,3.438,3.465,3.52,3.4,55.74K,-0.61%
05/22/2002,3.459,3.42,3.525,3.4,46.95K,1.89%
05/21/2002,3.395,3.475,3.475,3.36,53.88K,-2.72%
05/20/2002,3.49,3.59,3.61,3.48,50.71K,-3.00%
05/17/2002,3.598,3.63,3.645,3.53,38.14K,-0.30%
05/16/2002,3.609,3.632,3.67,3.535,60.25K,-0.85%
05/15/2002,3.64,3.82,3.859,3.63,61.78K,-5.58%
05/14/2002,3.855,3.79,3.875,3.745,60.54K,1.90%
05/13/2002,3.783,3.7,3.795,3.615,47.63K,0.91%
05/10/2002,3.749,3.68,3.805,3.662,43.75K,0.81%
05/09/2002,3.719,3.72,3.79,3.6,75.38K,-0.72%
05/08/2002,3.746,3.69,3.86,3.645,71.32K,1.99%
05/07/2002,3.673,3.6,3.69,3.47,64.21K,2.17%
05/06/2002,3.595,3.72,3.72,3.53,46.28K,-4.01%
05/03/2002,3.745,3.69,3.77,3.62,45.44K,1.66%
05/02/2002,3.684,3.71,3.72,3.56,57.95K,-1.37%
05/01/2002,3.735,3.76,3.84,3.715,44.12K,-1.58%
04/30/2002,3.795,3.556,3.82,3.55,63.09K,6.57%
04/29/2002,3.561,3.38,3.58,3.371,43.19K,7.29%
04/26/2002,3.319,3.575,3.58,3.23,61.29K,0.73%
04/25/2002,3.295,3.4,3.58,3.28,73.64K,-3.63%
04/24/2002,3.419,3.575,3.58,3.37,55.19K,-4.79%
04/23/2002,3.591,3.605,3.659,3.57,50.35K,-0.14%
04/22/2002,3.596,3.515,3.61,3.46,56.50K,1.96%
04/19/2002,3.527,3.448,3.535,3.376,49.91K,1.21%
04/18/2002,3.485,3.49,3.62,3.435,66.66K,0.23%
04/17/2002,3.477,3.289,3.49,3.285,46.09K,5.56%
04/16/2002,3.294,3.438,3.5,3.28,58.79K,-3.97%
04/15/2002,3.43,3.175,3.44,3.151,68.07K,9.76%
04/12/2002,3.125,3.1,3.21,3.06,50.83K,0.71%
04/11/2002,3.103,3.16,3.168,3.06,45.48K,-2.54%
04/10/2002,3.184,3.16,3.27,3.125,46.87K,-0.53%
04/09/2002,3.201,3.2,3.24,3.15,54.60K,-3.79%
04/08/2002,3.327,3.281,3.37,3.25,37.81K,1.59%
04/05/2002,3.275,3.34,3.365,3.17,54.63K,-1.74%
04/04/2002,3.333,3.49,3.62,3.3,66.65K,-4.93%
04/03/2002,3.506,3.626,3.67,3.48,38.12K,-4.05%
04/02/2002,3.654,3.515,3.7,3.51,53.37K,3.48%
04/01/2002,3.531,3.21,3.55,3.21,53.89K,7.55%
03/28/2002,3.283,3.269,3.3,3.16,37.88K,-0.21%
03/27/2002,3.29,3.39,3.525,3.21,51.84K,-5.24%
03/26/2002,3.472,3.319,3.56,3.241,84.86K,0.43%
03/25/2002,3.457,3.319,3.47,3.241,80.86K,3.94%
03/22/2002,3.326,3.4,3.52,3.23,79.80K,-3.06%
03/21/2002,3.431,3.095,3.44,3.055,79.34K,10.29%
03/20/2002,3.111,3.23,3.28,3.1,55.62K,-4.45%
03/19/2002,3.256,3.299,3.326,3.225,54.78K,-1.48%
03/18/2002,3.305,3.1,3.31,3.1,59.06K,7.44%
03/15/2002,3.076,2.932,3.08,2.932,46.25K,5.20%
03/14/2002,2.924,2.84,2.93,2.75,54.66K,1.88%
03/13/2002,2.87,3.025,3.044,2.86,53.67K,-4.90%
03/12/2002,3.018,3.032,3.09,2.86,59.25K,-0.10%
03/11/2002,3.021,2.78,3.04,2.76,54.09K,7.89%
03/08/2002,2.8,2.751,2.81,2.732,40.91K,1.60%
03/07/2002,2.756,2.58,2.82,2.575,91.79K,7.40%
03/06/2002,2.566,2.475,2.575,2.435,43.61K,4.01%
03/05/2002,2.467,2.485,2.535,2.445,48.64K,-0.84%
03/04/2002,2.488,2.4,2.5,2.381,36.60K,5.47%
03/01/2002,2.359,2.359,2.42,2.335,32.84K,0.08%
02/28/2002,2.357,2.425,2.465,2.34,61.90K,-2.88%
02/27/2002,2.427,2.38,2.43,2.33,34.41K,1.63%
02/26/2002,2.388,2.309,2.41,2.278,66.96K,3.51%
02/25/2002,2.307,2.361,2.405,2.29,66.58K,-5.80%
02/22/2002,2.449,2.431,2.47,2.36,37.96K,0.99%
02/21/2002,2.425,2.39,2.44,2.35,53.36K,1.68%
02/20/2002,2.385,2.4,2.463,2.3,64.04K,-0.50%
02/19/2002,2.397,2.233,2.405,2.233,63.97K,8.66%
02/15/2002,2.206,2.176,2.21,2.147,23.18K,0.91%
02/14/2002,2.186,2.25,2.275,2.18,38.26K,-2.63%
02/13/2002,2.245,2.29,2.41,2.24,47.71K,-2.60%
02/12/2002,2.305,2.28,2.345,2.265,46.39K,0.83%
02/11/2002,2.286,2.191,2.3,2.12,54.69K,4.34%
02/08/2002,2.191,2.155,2.21,2.15,32.24K,1.91%
02/07/2002,2.15,2.109,2.155,2.085,28.66K,2.33%
02/06/2002,2.101,2.07,2.11,2.04,30.94K,1.30%
02/05/2002,2.074,2.115,2.14,2.07,26.41K,-2.03%
02/04/2002,2.117,2.129,2.195,2.08,25.30K,-0.98%
02/01/2002,2.138,2.145,2.175,2.1,28.39K,0.00%
01/31/2002,2.138,2.1,2.15,2.095,31.24K,2.79%
01/30/2002,2.08,2.025,2.115,2.025,37.57K,3.69%
01/29/2002,2.006,1.931,2.08,1.905,63.58K,5.14%
01/28/2002,1.908,2.005,2.03,1.85,65.39K,-6.33%
01/25/2002,2.037,2.06,2.06,1.99,37.20K,-0.54%
01/24/2002,2.048,2.08,2.15,2.025,45.80K,-1.35%
01/23/2002,2.076,2.12,2.14,2.04,46.01K,-1.42%
01/22/2002,2.106,2.2,2.2,2.095,41.50K,-5.81%
01/18/2002,2.236,2.25,2.274,2.21,25.46K,-0.80%
01/17/2002,2.254,2.395,2.444,2.22,57.06K,-5.85%
01/16/2002,2.394,2.314,2.4,2.294,38.38K,4.50%
01/15/2002,2.291,2.245,2.32,2.225,32.36K,1.82%
01/14/2002,2.25,2.344,2.35,2.2,54.79K,2.09%
01/11/2002,2.204,2.2,2.26,2.18,25.28K,0.87%
01/10/2002,2.185,2.25,2.3,2.18,34.83K,-1.93%
01/09/2002,2.228,2.3,2.315,2.14,39.59K,-2.32%
01/08/2002,2.281,2.27,2.35,2.23,31.09K,0.40%
01/07/2002,2.272,2.278,2.35,2.185,38.45K,-0.13%
01/04/2002,2.275,2.285,2.33,2.25,30.29K,0.31%
01/03/2002,2.268,2.55,2.551,2.26,38.81K,-7.99%
01/02/2002,2.465,2.55,2.551,2.43,33.48K,-4.09%
12/31/2001,2.57,2.75,2.755,2.545,25.78K,-7.35%
12/28/2001,2.774,2.66,2.785,2.608,29.25K,8.57%
12/27/2001,2.555,2.861,2.869,2.65,75.32K,-12.23%
12/26/2001,2.911,2.909,3.05,2.89,45.79K,0.55%
12/21/2001,2.895,2.69,2.91,2.69,2.32K,7.78%
12/20/2001,2.686,2.62,2.7,2.601,36.62K,2.68%
12/19/2001,2.616,2.67,2.73,2.59,39.02K,-1.54%
12/18/2001,2.657,2.695,2.75,2.635,39.28K,-1.08%
12/17/2001,2.686,2.85,2.863,2.675,52.66K,-5.62%
12/14/2001,2.846,2.765,2.885,2.72,46.70K,3.27%
12/13/2001,2.756,2.73,2.78,2.7,29.21K,1.36%
12/12/2001,2.719,2.79,2.815,2.645,33.35K,-3.00%
12/11/2001,2.803,2.743,2.854,2.67,51.70K,2.04%
12/10/2001,2.747,2.64,2.755,2.52,41.13K,6.97%
12/07/2001,2.568,2.61,2.64,2.49,32.56K,0.12%
12/06/2001,2.565,2.49,2.61,2.475,39.19K,2.97%
12/05/2001,2.491,2.51,2.605,2.45,34.54K,-2.81%
12/04/2001,2.563,2.55,2.61,2.5,35.43K,-2.70%
12/03/2001,2.634,2.63,2.69,2.555,0.01K,-2.48%
11/30/2001,2.701,2.56,2.735,2.521,41.09K,5.47%
11/29/2001,2.561,2.73,2.774,2.55,38.81K,10.58%
11/28/2001,2.316,2.594,2.82,2.17,74.28K,-11.13%
11/27/2001,2.606,2.69,2.725,2.53,64.85K,-3.34%
11/26/2001,2.696,2.692,2.771,2.61,40.62K,-4.16%
11/21/2001,2.813,2.85,3.01,2.735,36.64K,-1.37%
11/20/2001,2.852,2.845,2.895,2.68,49.67K,2.19%
11/19/2001,2.791,2.61,2.8,2.52,37.18K,5.84%
11/16/2001,2.637,2.555,2.65,2.482,36.84K,3.37%
11/15/2001,2.551,2.71,2.72,2.52,34.04K,-4.67%
11/14/2001,2.676,2.81,2.86,2.635,37.16K,-4.36%
11/13/2001,2.798,2.74,2.815,2.698,32.21K,2.38%
11/12/2001,2.733,2.84,2.87,2.7,32.60K,-6.56%
11/09/2001,2.925,2.95,3,2.83,33.17K,-1.18%
11/08/2001,2.96,2.83,2.97,2.76,30.37K,3.14%
11/07/2001,2.87,2.9,3.02,2.85,33.16K,-0.35%
11/06/2001,2.88,2.92,2.92,2.785,40.83K,-1.44%
11/05/2001,2.922,3.13,3.15,2.9,43.99K,-10.04%
11/02/2001,3.248,3.295,3.325,3.208,32.56K,-1.28%
11/01/2001,3.29,3.321,3.4,3.19,36.91K,-0.03%
10/31/2001,3.291,3.195,3.44,3.11,39.81K,3.39%
10/30/2001,3.183,3.35,3.35,3.085,37.04K,-0.59%
10/29/2001,3.202,3.036,3.3,3.025,52.81K,5.29%
10/26/2001,3.041,2.941,3.075,2.915,43.77K,3.51%
10/25/2001,2.938,2.96,3.14,2.87,47.81K,-1.44%
10/24/2001,2.981,2.66,3,2.591,47.21K,11.19%
10/23/2001,2.681,2.77,2.86,2.63,36.67K,-4.49%
10/22/2001,2.807,2.7,2.84,2.65,33.25K,4.70%
10/19/2001,2.681,2.52,2.72,2.43,45.48K,7.84%
10/18/2001,2.486,2.43,2.495,2.37,30.44K,2.81%
10/17/2001,2.418,2.597,2.69,2.41,48.35K,-6.71%
10/16/2001,2.592,2.38,2.645,2.378,43.53K,9.00%
10/15/2001,2.378,2.4,2.43,2.33,21.43K,-2.14%
10/12/2001,2.43,2.53,2.535,2.37,33.00K,-3.99%
10/11/2001,2.531,2.49,2.57,2.447,35.03K,2.06%
10/10/2001,2.48,2.39,2.54,2.33,34.84K,3.85%
10/09/2001,2.388,2.272,2.39,2.255,30.07K,5.20%
10/08/2001,2.27,2.27,2.31,2.22,22.93K,1.93%
10/05/2001,2.227,2.44,2.46,2.225,32.94K,-7.75%
10/04/2001,2.414,2.3,2.47,2.291,32.44K,4.05%
10/03/2001,2.32,2.28,2.36,2.235,23.36K,2.29%
10/02/2001,2.268,2.22,2.3,2.18,25.38K,2.72%
10/01/2001,2.208,2.22,2.23,2.14,16.61K,-1.60%
09/28/2001,2.244,2.253,2.285,2.205,0.54K,-0.40%
09/27/2001,2.253,2.222,2.3,2.21,13.24K,23.11%
09/26/2001,1.83,1.91,1.925,1.76,45.85K,-4.94%
09/25/2001,1.925,1.9,1.97,1.88,42.00K,0.79%
09/24/2001,1.91,2.04,2.05,1.88,28.95K,-9.18%
09/21/2001,2.103,2.136,2.145,2.08,20.14K,-1.59%
09/20/2001,2.137,2.115,2.15,2.03,27.73K,1.67%
09/19/2001,2.102,2.2,2.2,2.08,26.43K,-5.53%
09/18/2001,2.225,2.3,2.3,2.21,15.35K,-6.08%
09/17/2001,2.369,2.425,2.44,2.355,21.38K,-7.17%
09/14/2001,2.552,2.7,2.72,2.67,5.28K,6.69%
09/10/2001,2.392,2.469,2.49,2.37,27.89K,-4.32%
09/07/2001,2.5,2.444,2.53,2.4,23.19K,2.46%
09/06/2001,2.44,2.43,2.47,2.39,1.32K,0.83%
09/05/2001,2.42,2.37,2.47,2.37,36.53K,2.59%
09/04/2001,2.359,2.283,2.4,2.25,24.28K,-0.88%
08/31/2001,2.38,2.395,2.43,2.265,18.54K,-0.63%
08/30/2001,2.395,2.4,2.52,2.36,36.81K,4.36%
08/29/2001,2.295,2.42,2.44,2.245,53.29K,-4.97%
08/28/2001,2.415,2.544,2.544,2.4,49.79K,-5.07%
08/27/2001,2.544,2.64,2.64,2.5,31.24K,-5.99%
08/24/2001,2.706,2.81,2.82,2.67,22.33K,-3.74%
08/23/2001,2.811,2.865,2.88,2.765,42.44K,-1.30%
08/22/2001,2.848,3.165,3.22,2.8,40.59K,-10.04%
08/21/2001,3.166,3.195,3.195,3.135,18.08K,-0.66%
08/20/2001,3.187,3.279,3.279,3.15,19.32K,-3.51%
08/17/2001,3.303,3.355,3.395,3.235,33.48K,-1.90%
08/16/2001,3.367,3.43,3.62,3.16,54.41K,-2.91%
08/15/2001,3.468,3.109,3.49,3.03,43.39K,12.09%
08/14/2001,3.094,3,3.11,2.99,33.19K,3.17%
08/13/2001,2.999,3.005,3.046,2.96,19.50K,-1.35%
08/10/2001,3.04,2.959,3.055,2.92,0.11K,2.84%
08/09/2001,2.956,3.065,3.09,2.93,26.40K,-2.64%
08/08/2001,3.036,2.972,3.08,2.97,29.40K,2.19%
08/07/2001,2.971,3.05,3.1,2.95,27.77K,-1.85%
08/06/2001,3.027,2.965,3.05,2.91,18.90K,1.88%
08/03/2001,2.971,3.16,3.18,2.94,29.69K,-6.92%
08/02/2001,3.192,3.09,3.21,3.051,30.58K,3.60%
08/01/2001,3.081,3.3,3.355,3.07,37.09K,-6.52%
07/31/2001,3.296,3.35,3.425,3.23,31.08K,-1.70%
07/30/2001,3.353,3.21,3.4,3.19,30.08K,5.87%
07/27/2001,3.167,3.28,3.36,3.06,45.80K,1.25%
07/26/2001,3.128,3.28,3.36,3.1,56.02K,-4.52%
07/25/2001,3.276,2.972,3.285,2.939,47.87K,10.30%
07/24/2001,2.97,2.99,2.995,2.935,25.02K,-0.27%
07/23/2001,2.978,2.94,3.01,2.905,23.86K,0.78%
07/20/2001,2.955,2.949,3.005,2.881,18.51K,0.54%
07/19/2001,2.939,3.076,3.105,2.91,39.30K,-4.79%
07/18/2001,3.087,3.175,3.215,3.055,37.61K,-2.46%
07/17/2001,3.165,3.065,3.195,3.055,30.74K,3.16%
07/16/2001,3.068,3.22,3.22,3.05,27.55K,-5.60%
07/13/2001,3.25,3.42,3.435,3.23,24.95K,-5.19%
07/12/2001,3.428,3.38,3.45,3.322,23.35K,2.57%
07/11/2001,3.342,3.315,3.365,3.205,37.41K,1.83%
07/10/2001,3.282,3.152,3.34,3.152,34.31K,4.09%
07/09/2001,3.153,3.201,3.335,3.135,40.96K,-2.02%
07/06/2001,3.218,3.17,3.235,3.125,21.35K,2.61%
07/05/2001,3.136,3.25,3.29,3.04,28.83K,-2.03%
07/03/2001,3.201,3.15,3.23,3.125,18.46K,2.69%
07/02/2001,3.117,3.09,3.2,3.003,24.46K,0.68%
06/29/2001,3.096,3.28,3.28,3.055,29.75K,-5.61%
06/28/2001,3.28,3.305,3.365,3.225,27.97K,3.08%
06/27/2001,3.182,3.37,3.405,3.13,48.11K,-6.33%
06/26/2001,3.397,3.442,3.49,3.39,43.02K,-1.42%
06/25/2001,3.446,3.68,3.7,3.43,43.82K,-7.91%
06/22/2001,3.742,3.769,3.82,3.72,26.14K,-0.13%
06/21/2001,3.747,3.73,3.78,3.705,25.05K,0.35%
06/20/2001,3.734,3.97,3.98,3.69,44.89K,-6.20%
06/19/2001,3.981,3.93,4.05,3.876,29.66K,1.07%
06/18/2001,3.939,3.94,4.15,3.89,40.03K,-1.01%
06/15/2001,3.979,4.035,4.06,3.92,22.94K,-1.46%
06/14/2001,4.038,4.08,4.13,3.975,38.77K,-1.80%
06/13/2001,4.112,4.308,4.335,4.06,38.95K,-4.39%
06/12/2001,4.301,4.18,4.44,4.076,49.03K,2.92%
06/11/2001,4.179,3.98,4.21,3.94,42.69K,6.55%
06/08/2001,3.922,3.79,3.93,3.725,30.11K,3.48%
06/07/2001,3.79,3.81,3.845,3.748,21.92K,-0.29%
06/06/2001,3.801,3.89,3.915,3.73,30.43K,-2.34%
06/05/2001,3.892,4.098,4.179,3.85,50.74K,-4.35%
06/04/2001,4.069,4.098,4.149,4.09,20.06K,3.54%
06/01/2001,3.93,3.898,4,3.811,31.55K,0.41%
05/31/2001,3.914,4,4.075,3.78,42.02K,-1.68%
05/30/2001,3.981,3.805,4.01,3.67,50.36K,6.50%
05/29/2001,3.738,3.945,3.945,3.68,42.03K,-5.91%
05/25/2001,3.973,4.054,4.055,3.95,49.16K,-2.00%
05/24/2001,4.054,4.125,4.23,4.02,44.17K,-1.43%
05/23/2001,4.113,4.13,4.18,4.045,35.35K,-0.24%
05/22/2001,4.123,4.11,4.135,4.05,34.37K,0.24%
05/21/2001,4.113,4.24,4.26,4.105,31.18K,-4.15%
05/18/2001,4.291,4.26,4.31,4.155,28.15K,1.01%
05/17/2001,4.248,4.29,4.305,4.18,34.57K,-1.16%
05/16/2001,4.298,4.661,4.7,4.28,50.43K,-7.63%
05/15/2001,4.653,4.44,4.67,4.435,47.28K,5.89%
05/14/2001,4.394,4.41,4.44,4.27,19.76K,2.71%
05/11/2001,4.278,4.34,4.418,4.23,28.95K,-1.61%
05/10/2001,4.348,4.205,4.395,4.17,40.81K,3.47%
05/09/2001,4.202,4.27,4.315,4.145,31.73K,-1.80%
05/08/2001,4.279,4.251,4.32,4.2,28.28K,0.94%
05/07/2001,4.239,4.459,4.459,4.21,31.69K,-5.59%
05/04/2001,4.49,4.55,4.566,4.465,15.67K,-0.82%
05/03/2001,4.527,4.485,4.55,4.415,27.14K,0.98%
05/02/2001,4.483,4.65,4.66,4.44,32.55K,-3.40%
05/01/2001,4.641,4.685,4.703,4.535,36.84K,-1.15%
04/30/2001,4.695,4.78,4.81,4.68,29.51K,-3.53%
04/27/2001,4.867,4.95,5.01,4.85,26.33K,-0.49%
04/26/2001,4.891,4.97,5.005,4.85,49.20K,-1.81%
04/25/2001,4.981,5.06,5.075,4.93,41.28K,-1.91%
04/24/2001,5.078,5.125,5.17,5.05,31.34K,-0.92%
04/23/2001,5.125,5.14,5.19,5.082,26.32K,-0.06%
04/20/2001,5.128,5.13,5.16,5,24.30K,0.53%
04/19/2001,5.101,5.15,5.225,5.05,18.18K,-0.91%
04/18/2001,5.148,5.26,5.265,5.01,34.92K,-1.91%
04/17/2001,5.248,5.51,5.51,5.215,38.21K,-4.86%
04/16/2001,5.516,5.52,5.565,5.455,17.46K,2.51%
04/12/2001,5.381,5.374,5.42,5.3,18.12K,-0.07%
04/11/2001,5.385,5.56,5.56,5.38,28.62K,-3.13%
04/10/2001,5.559,5.49,5.62,5.482,22.20K,1.50%
04/09/2001,5.477,5.475,5.565,5.365,23.20K,1.65%
04/06/2001,5.388,5.49,5.49,5.33,22.95K,-0.63%
04/05/2001,5.422,5.24,5.48,5.175,35.03K,4.63%
04/04/2001,5.182,5.14,5.3,5.1,24.68K,1.31%
04/03/2001,5.115,5.1,5.21,5.07,22.24K,0.24%
04/02/2001,5.103,4.985,5.14,4.92,27.50K,1.55%
03/30/2001,5.025,5.27,5.4,5.01,40.20K,-4.72%
03/29/2001,5.274,5.39,5.45,5.25,26.74K,-2.04%
03/28/2001,5.384,5.62,5.74,5.31,34.61K,-4.22%
03/27/2001,5.621,5.32,5.63,5.32,27.73K,5.62%
03/26/2001,5.322,5.22,5.33,5.16,23.09K,0.93%
03/23/2001,5.273,5.2,5.31,5.19,23.11K,1.17%
03/22/2001,5.212,5.02,5.22,5.01,24.08K,3.39%
03/21/2001,5.041,5.28,5.29,5.03,28.57K,-4.65%
03/20/2001,5.287,5.105,5.34,5.09,34.71K,4.42%
03/19/2001,5.063,5.11,5.158,5,18.56K,0.56%
03/16/2001,5.035,4.96,5.06,4.925,15.10K,2.19%
03/15/2001,4.927,4.9,4.98,4.87,21.06K,0.33%
03/14/2001,4.911,5.01,5.095,4.9,23.90K,-1.90%
03/13/2001,5.006,5.164,5.19,4.93,28.64K,-2.97%
03/12/2001,5.159,5.044,5.17,4.975,23.35K,1.72%
03/09/2001,5.072,5.27,5.285,5.06,27.72K,-4.03%
03/08/2001,5.285,5.345,5.394,5.28,14.40K,-1.21%
03/07/2001,5.35,5.32,5.375,5.18,27.48K,0.66%
03/06/2001,5.315,5.355,5.38,5.271,9.16K,-0.39%
03/05/2001,5.336,5.355,5.45,5.33,15.06K,1.25%
03/02/2001,5.27,5.18,5.29,5.18,10.92K,1.62%
03/01/2001,5.186,5.204,5.34,5.13,15.07K,-0.95%
02/28/2001,5.236,5.31,5.385,5.17,26.91K,-0.81%
02/27/2001,5.279,5.11,5.325,5.06,27.01K,5.62%
02/26/2001,4.998,5.131,5.19,4.95,40.08K,-2.59%
02/23/2001,5.131,5.14,5.21,5.09,30.54K,-0.21%
02/22/2001,5.142,5.15,5.22,5.11,21.78K,-0.08%
02/21/2001,5.146,5.28,5.37,5.07,27.45K,-2.50%
02/20/2001,5.278,5.318,5.42,5.27,18.59K,-5.21%
02/16/2001,5.568,5.594,5.69,5.45,19.70K,-0.46%
02/15/2001,5.594,5.52,5.61,5.43,23.23K,1.38%
02/14/2001,5.518,6.02,6.09,5.47,31.60K,-8.32%
02/13/2001,6.019,5.79,6.05,5.68,24.44K,3.40%
02/12/2001,5.821,6.08,6.13,5.73,16.22K,-6.26%
02/09/2001,6.21,6.19,6.32,6.101,14.15K,0.84%
02/08/2001,6.158,6.355,6.7,6.06,28.65K,-1.23%
02/07/2001,6.235,5.79,6.26,5.64,25.84K,8.17%
02/06/2001,5.764,5.69,5.88,5.62,22.05K,1.02%
02/05/2001,5.706,6.2,6.325,5.67,24.83K,-15.38%
02/02/2001,6.743,6.4,7.1,6.4,29.89K,5.69%
02/01/2001,6.38,5.7,6.42,5.615,30.31K,11.79%
01/31/2001,5.707,6.058,6.25,5.65,29.44K,-6.40%
01/30/2001,6.097,6.11,6.32,5.83,27.87K,-3.11%
01/29/2001,6.293,7.105,7.49,6.1,39.49K,-13.27%
01/26/2001,7.256,7.3,7.3,7,33.33K,-0.19%
01/25/2001,7.27,7.17,7.5,7.14,22.26K,2.18%
01/24/2001,7.115,6.97,7.2,6.78,24.39K,2.43%
01/23/2001,6.946,7.363,7.43,6.9,21.18K,-6.85%
01/22/2001,7.457,7.85,7.93,7.41,15.67K,-0.03%
01/19/2001,7.459,7.18,7.62,7.15,19.16K,4.53%
01/18/2001,7.136,6.89,7.22,6.83,18.75K,3.29%
01/17/2001,6.909,8.06,8.09,6.8,28.58K,-14.74%
01/16/2001,8.103,8.45,8.45,7.94,20.12K,-4.36%
01/12/2001,8.472,8.665,9.01,8.205,20.67K,-2.71%
01/11/2001,8.708,9.12,9.225,8.6,21.26K,-4.60%
01/10/2001,9.128,9.82,9.916,9.01,22.69K,-7.04%
01/09/2001,9.819,9.75,9.87,9.46,18.73K,1.34%
01/08/2001,9.689,9.605,9.87,9.48,16.34K,4.62%
01/05/2001,9.261,9.03,9.35,8.9,21.12K,3.29%
01/04/2001,8.966,9.03,9.2,9,20.68K,9.49%
01/03/2001,8.189,8.3,8.7,8.11,18.11K,-2.09%
01/02/2001,8.364,9.45,9.45,8.25,13.75K,-14.43%
12/29/2000,9.775,9.19,9.925,9.15,7.87K,5.53%
12/28/2000,9.263,9.1,9.45,8.8,10.33K,-7.17%
12/27/2000,9.978,9.779,10.1,9.4,38.95K,1.76%
12/26/2000,9.805,9.85,9.95,9.5,21.98K,2.36%
12/22/2000,9.579,9.88,9.88,9.4,13.55K,-2.55%
12/21/2000,9.83,9.36,9.9,9.34,17.37K,5.40%
12/20/2000,9.326,9.119,9.75,9.1,21.30K,2.46%
12/19/2000,9.102,8.69,9.13,8.41,14.49K,6.74%
12/18/2000,8.527,8.96,9.245,8.4,18.87K,1.56%
12/15/2000,8.396,7.47,8.55,7.47,19.20K,13.26%
12/14/2000,7.413,7.5,7.85,7.221,18.89K,-1.65%
12/13/2000,7.537,8.01,8.35,7.5,26.36K,-7.46%
12/12/2000,8.145,9.49,9.6,8.01,22.76K,-13.47%
12/11/2000,9.413,9.35,9.86,9.2,17.83K,9.66%
12/08/2000,8.584,8.375,8.7,7.96,20.17K,2.52%
12/07/2000,8.373,8.61,9.539,8.135,22.80K,-1.32%
12/06/2000,8.485,7.5,8.8,7.47,27.61K,14.91%
12/05/2000,7.384,7.59,7.95,7.225,35.28K,-0.66%
12/04/2000,7.433,7.055,7.95,6.977,36.59K,11.39%
12/01/2000,6.673,6.579,6.83,6.51,37.18K,1.27%
11/30/2000,6.589,6.15,6.73,6.122,42.21K,6.60%
11/29/2000,6.181,6.139,6.5,6.05,41.39K,2.74%
11/28/2000,6.016,6.32,6.34,5.9,61.04K,-5.53%
11/27/2000,6.368,6.375,6.58,6.255,49.82K,-3.18%
11/22/2000,6.577,6.4,6.62,6.3,31.69K,2.64%
11/21/2000,6.408,6.189,6.51,6.135,42.97K,2.54%
11/20/2000,6.249,6.201,6.395,6.15,36.29K,2.44%
11/17/2000,6.1,5.75,6.14,5.555,54.99K,5.21%
11/16/2000,5.798,6.2,6.285,5.785,57.98K,-7.45%
11/15/2000,6.265,5.986,6.315,5.915,56.11K,4.14%
11/14/2000,6.016,5.69,6.025,5.651,51.82K,5.58%
11/13/2000,5.698,5.565,5.74,5.565,40.12K,4.44%
11/10/2000,5.456,5.44,5.525,5.345,36.28K,0.20%
11/09/2000,5.445,5.39,5.55,5.3,45.29K,2.00%
11/08/2000,5.338,5.14,5.44,5.14,52.61K,5.06%
11/07/2000,5.081,4.86,5.1,4.86,36.84K,4.78%
11/06/2000,4.849,4.975,5.01,4.8,30.91K,-1.66%
11/03/2000,4.931,4.733,4.97,4.7,34.10K,3.59%
11/02/2000,4.76,4.702,4.85,4.64,39.52K,1.58%
11/01/2000,4.686,4.53,4.75,4.521,46.31K,4.37%
10/31/2000,4.49,4.5,4.58,4.38,41.47K,0.11%
10/30/2000,4.485,4.7,4.76,4.46,48.65K,-1.23%
10/27/2000,4.541,4.65,4.681,4.5,51.91K,-2.64%
10/26/2000,4.664,4.655,4.745,4.64,43.04K,0.11%
10/25/2000,4.659,4.835,4.848,4.62,37.43K,-3.34%
10/24/2000,4.82,5.08,5.08,4.77,39.13K,-4.97%
10/23/2000,5.072,4.92,5.115,4.86,33.46K,2.73%
10/20/2000,4.937,4.945,5.005,4.87,27.86K,-0.28%
10/19/2000,4.951,5.193,5.22,4.92,54.41K,-5.30%
10/18/2000,5.228,5.44,5.52,5.2,37.83K,-3.88%
10/17/2000,5.439,5.352,5.46,5.332,31.52K,1.40%
10/16/2000,5.364,5.45,5.501,5.355,25.93K,-3.12%
10/13/2000,5.537,5.63,5.63,5.49,24.52K,-1.65%
10/12/2000,5.63,5.51,5.78,5.475,39.91K,2.21%
10/11/2000,5.508,5.14,5.53,5.11,52.19K,7.28%
10/10/2000,5.134,5.16,5.18,5.1,23.19K,-0.31%
10/09/2000,5.15,5,5.165,4.995,24.64K,2.84%
10/06/2000,5.008,5.13,5.159,4.98,33.82K,-2.80%
10/05/2000,5.152,5.27,5.335,5.05,47.40K,-2.61%
10/04/2000,5.29,5.335,5.34,5.15,34.75K,-1.08%
10/03/2000,5.348,5.36,5.38,5.28,25.58K,-0.07%
10/02/2000,5.352,5.325,5.365,5.26,28.28K,3.20%
09/29/2000,5.186,5.14,5.32,5.13,28.72K,1.21%
09/28/2000,5.124,5.445,5.479,5.1,43.66K,-3.54%
09/27/2000,5.312,5.339,5.425,5.28,52.42K,-0.23%
09/26/2000,5.324,5.285,5.445,5.28,67.96K,0.91%
09/25/2000,5.276,5.135,5.305,5.075,44.16K,2.83%
09/22/2000,5.131,5.23,5.32,5.105,45.41K,-2.95%
09/21/2000,5.287,5.295,5.33,5.21,31.86K,-0.58%
09/20/2000,5.318,5.381,5.41,5.26,36.65K,-0.84%
09/19/2000,5.363,5.3,5.385,5.23,39.14K,1.28%
09/18/2000,5.295,5.111,5.31,4.93,36.61K,1.71%
09/15/2000,5.206,5.205,5.34,5.17,36.63K,0.21%
09/14/2000,5.195,5.08,5.223,5.08,35.20K,2.77%
09/13/2000,5.055,5.03,5.17,4.92,47.05K,0.94%
09/12/2000,5.008,5.015,5.07,4.96,36.08K,-0.06%
09/11/2000,5.011,4.825,5.095,4.825,40.10K,2.68%
09/08/2000,4.88,5.007,5.025,4.845,33.31K,-2.36%
09/07/2000,4.998,5.069,5.07,4.89,38.10K,-1.44%
09/06/2000,5.071,4.955,5.1,4.955,32.76K,2.44%
09/05/2000,4.95,4.85,4.975,4.84,26.10K,2.38%
09/01/2000,4.835,4.78,4.86,4.741,0.11K,1.11%
08/31/2000,4.782,4.811,4.865,4.74,25.79K,-0.40%
08/30/2000,4.801,4.64,4.81,4.585,34.95K,3.96%
08/29/2000,4.618,4.7,4.729,4.57,49.94K,-1.43%
08/28/2000,4.685,4.61,4.775,4.57,49.14K,1.23%
08/25/2000,4.628,4.545,4.663,4.53,24.80K,1.94%
08/24/2000,4.54,4.586,4.625,4.41,27.92K,-1.41%
08/23/2000,4.605,4.534,4.79,4.511,38.72K,1.88%
08/22/2000,4.52,4.75,4.85,4.5,49.40K,-4.78%
08/21/2000,4.747,4.53,4.76,4.53,34.23K,7.01%
08/18/2000,4.436,4.39,4.465,4.38,15.53K,0.68%
08/17/2000,4.406,4.42,4.48,4.38,24.48K,-0.16%
08/16/2000,4.413,4.22,4.435,4.2,34.49K,4.23%
08/15/2000,4.234,4.333,4.345,4.21,25.06K,-1.95%
08/14/2000,4.318,4.435,4.445,4.305,28.95K,-3.51%
08/11/2000,4.475,4.475,4.52,4.395,17.13K,0.16%
08/10/2000,4.468,4.45,4.475,4.36,31.62K,1.11%
08/09/2000,4.419,4.44,4.565,4.39,34.59K,0.23%
08/08/2000,4.409,4.33,4.48,4.32,23.69K,1.40%
08/07/2000,4.348,4.38,4.43,4.345,25.60K,1.21%
08/04/2000,4.296,4.24,4.39,4.185,33.87K,1.08%
08/03/2000,4.25,4.22,4.29,4.18,29.36K,0.85%
08/02/2000,4.214,3.999,4.22,3.99,40.51K,5.69%
08/01/2000,3.987,3.77,4.03,3.76,38.48K,5.64%
07/31/2000,3.774,3.8,3.839,3.77,17.94K,-1.85%
07/28/2000,3.845,3.855,3.985,3.84,28.84K,0.65%
07/27/2000,3.82,3.763,3.87,3.76,55.14K,1.51%
07/26/2000,3.763,3.66,3.85,3.61,58.60K,2.81%
07/25/2000,3.66,3.705,3.705,3.64,34.04K,-1.48%
07/24/2000,3.715,3.75,3.78,3.695,27.89K,-3.10%
07/21/2000,3.834,3.855,3.93,3.82,26.27K,-0.67%
07/20/2000,3.86,3.87,3.885,3.79,31.88K,-0.62%
07/19/2000,3.884,4.035,4.095,3.87,36.78K,-3.96%
07/18/2000,4.044,3.98,4.12,3.92,37.18K,1.05%
07/17/2000,4.002,4.135,4.135,3.99,26.84K,-3.57%
07/14/2000,4.15,4.16,4.23,4.131,25.65K,-0.38%
07/13/2000,4.166,4.01,4.195,3.985,35.32K,3.35%
07/12/2000,4.031,4.24,4.36,3.91,53.40K,-5.31%
07/11/2000,4.257,4.216,4.28,4,28.74K,0.69%
07/10/2000,4.228,4.19,4.295,4.17,25.68K,-0.80%
07/07/2000,4.262,4.08,4.31,3.97,37.74K,4.82%
07/06/2000,4.066,4.081,4.2,3.98,42.29K,-1.05%
07/05/2000,4.109,4.27,4.28,4.07,40.60K,-8.20%
06/30/2000,4.476,4.45,4.49,4.391,0.74K,1.20%
06/29/2000,4.423,4.407,4.47,4.22,39.60K,1.24%
06/28/2000,4.369,4.615,4.64,4.3,69.06K,-6.76%
06/27/2000,4.686,4.549,4.715,4.535,66.48K,2.76%
06/26/2000,4.56,4.34,4.57,4.31,50.78K,2.52%
06/23/2000,4.448,4.535,4.55,4.395,31.33K,-2.26%
06/22/2000,4.551,4.38,4.59,4.335,61.17K,3.95%
06/21/2000,4.378,4.12,4.39,4.095,43.61K,6.60%
06/20/2000,4.107,4.06,4.22,3.96,55.17K,1.08%
06/19/2000,4.063,4.45,4.45,4.05,55.74K,-9.47%
06/16/2000,4.488,4.461,4.58,4.415,40.89K,0.56%
06/15/2000,4.463,4.277,4.48,4.27,42.62K,4.86%
06/14/2000,4.256,4.161,4.315,4.09,39.41K,2.36%
06/13/2000,4.158,4.23,4.265,4.115,34.67K,-1.28%
06/12/2000,4.212,4.18,4.27,4.09,27.55K,1.25%
06/09/2000,4.16,4.15,4.24,4.06,27.62K,0.65%
06/08/2000,4.133,3.95,4.17,3.83,48.54K,4.77%
06/07/2000,3.945,4.3,4.335,3.93,54.74K,-8.13%
06/06/2000,4.294,4.4,4.575,4.245,0.25K,-2.36%
06/05/2000,4.398,4.08,4.41,4.05,30.98K,8.78%
06/02/2000,4.043,4.07,4.16,3.93,40.20K,-0.52%
06/01/2000,4.064,4.349,4.37,3.8,72.33K,-6.70%
05/31/2000,4.356,4.379,4.555,4.345,50.31K,0.05%
05/30/2000,4.354,4.32,4.36,4.23,32.80K,-1.18%
05/26/2000,4.406,4.215,4.5,4.23,55.26K,4.01%
05/25/2000,4.236,4.1,4.25,4.08,71.67K,4.00%
05/24/2000,4.073,3.829,4.1,3.829,47.34K,6.79%
05/23/2000,3.814,3.745,3.825,3.74,36.81K,1.79%
05/22/2000,3.747,3.94,3.985,3.72,58.67K,-2.04%
05/19/2000,3.825,3.706,3.84,3.706,31.55K,3.10%
05/18/2000,3.71,3.696,3.74,3.625,34.47K,0.57%
05/17/2000,3.689,3.453,3.73,3.438,44.68K,6.99%
05/16/2000,3.448,3.395,3.475,3.393,36.03K,1.53%
05/15/2000,3.396,3.33,3.42,3.315,30.37K,1.25%
05/12/2000,3.354,3.352,3.369,3.31,25.00K,0.06%
05/11/2000,3.352,3.32,3.385,3.31,37.92K,1.06%
05/10/2000,3.317,3.18,3.325,3.15,42.30K,4.21%
05/09/2000,3.183,3.168,3.23,3.165,32.91K,0.41%
05/08/2000,3.17,3.065,3.18,3.05,40.41K,4.79%
05/05/2000,3.025,3.115,3.135,3.01,29.21K,-2.64%
05/04/2000,3.107,3.12,3.124,3.05,34.09K,-0.61%
05/03/2000,3.126,3.22,3.235,3.125,37.24K,-2.83%
05/02/2000,3.217,3.215,3.24,3.165,31.50K,0.03%
05/01/2000,3.216,3.175,3.235,3.165,29.05K,2.39%
04/28/2000,3.141,3.06,3.165,3.055,29.77K,2.82%
04/27/2000,3.055,3.085,3.089,3.04,18.92K,-1.10%
04/26/2000,3.089,3.11,3.13,3.075,47.61K,-0.68%
04/25/2000,3.11,3.145,3.16,3.085,49.22K,-0.86%
04/24/2000,3.137,3.11,3.15,3.11,30.63K,2.08%
04/20/2000,3.073,3.055,3.085,3.045,25.08K,0.59%
04/19/2000,3.055,3.095,3.145,3.05,38.42K,-1.39%
04/18/2000,3.098,3.164,3.165,3.065,42.12K,-1.90%
04/17/2000,3.158,3.11,3.175,3.11,2.17K,2.60%
04/14/2000,3.078,3.084,3.1,3.05,17.98K,-0.29%
04/13/2000,3.087,3.025,3.105,3.025,32.99K,2.18%
04/12/2000,3.021,2.948,3.03,2.946,26.27K,2.44%
04/11/2000,2.949,2.949,2.98,2.94,19.34K,-0.74%
04/10/2000,2.971,2.97,3.025,2.955,27.91K,0.00%
04/07/2000,2.971,2.96,3.015,2.935,33.08K,0.51%
04/06/2000,2.956,2.894,2.96,2.879,30.44K,2.35%
04/05/2000,2.888,2.824,2.9,2.82,27.10K,2.34%
04/04/2000,2.822,2.89,2.93,2.815,40.48K,-2.32%
04/03/2000,2.889,2.94,2.945,2.88,25.52K,-1.90%
03/31/2000,2.945,2.875,2.955,2.86,26.95K,2.51%
03/30/2000,2.873,2.905,2.905,2.845,23.61K,-0.93%
03/29/2000,2.9,2.945,2.965,2.86,1.52K,-2.13%
03/28/2000,2.963,2.931,2.98,2.91,44.39K,1.68%
03/27/2000,2.914,2.83,2.935,2.81,35.23K,2.75%
03/24/2000,2.836,2.85,2.87,2.815,28.64K,-0.39%
03/23/2000,2.847,2.798,2.85,2.74,39.08K,1.90%
03/22/2000,2.794,2.751,2.815,2.745,24.71K,1.56%
03/21/2000,2.751,2.72,2.77,2.71,27.73K,1.36%
03/20/2000,2.714,2.76,2.775,2.71,28.70K,-2.55%
03/17/2000,2.785,2.86,2.86,2.78,23.68K,-2.31%
03/16/2000,2.851,2.865,2.9,2.825,19.76K,-0.52%
03/15/2000,2.866,2.815,2.885,2.75,36.16K,2.03%
03/14/2000,2.809,2.86,2.863,2.79,24.51K,-1.78%
03/13/2000,2.86,2.81,2.875,2.81,23.68K,3.10%
03/10/2000,2.774,2.8,2.84,2.765,23.38K,-0.43%
03/09/2000,2.786,2.706,2.795,2.67,36.90K,2.80%
03/08/2000,2.71,2.79,2.8,2.707,37.54K,-3.18%
03/07/2000,2.799,2.86,2.88,2.775,36.59K,-1.79%
03/06/2000,2.85,2.795,2.86,2.78,26.70K,0.88%
03/03/2000,2.825,2.78,2.83,2.745,25.93K,1.51%
03/02/2000,2.783,2.815,2.865,2.75,39.44K,-1.14%
03/01/2000,2.815,2.76,2.835,2.725,37.10K,1.96%
02/29/2000,2.761,2.69,2.77,2.66,33.12K,2.79%
02/28/2000,2.686,2.59,2.72,2.585,39.09K,3.19%
02/25/2000,2.603,2.55,2.64,2.53,58.73K,2.12%
02/24/2000,2.549,2.54,2.56,2.505,54.65K,0.75%
02/23/2000,2.53,2.5,2.545,2.465,34.70K,0.60%
02/22/2000,2.515,2.545,2.57,2.49,41.50K,-4.48%
02/18/2000,2.633,2.67,2.68,2.595,23.74K,-1.27%
02/17/2000,2.667,2.58,2.675,2.577,38.41K,4.02%
02/16/2000,2.564,2.63,2.648,2.555,31.35K,-2.06%
02/15/2000,2.618,2.55,2.625,2.525,27.70K,3.03%
02/14/2000,2.541,2.53,2.56,2.515,22.23K,-1.13%
02/11/2000,2.57,2.595,2.665,2.56,40.56K,-0.85%
02/10/2000,2.592,2.55,2.61,2.525,39.11K,2.05%
02/09/2000,2.54,2.5,2.565,2.495,25.88K,1.80%
02/08/2000,2.495,2.559,2.577,2.475,44.12K,-2.62%
02/07/2000,2.562,2.695,2.715,2.55,44.07K,-6.56%
02/04/2000,2.742,2.645,2.75,2.62,35.99K,3.12%
02/03/2000,2.659,2.76,2.77,2.63,60.18K,-3.62%
02/02/2000,2.759,2.69,2.78,2.671,37.89K,2.22%
02/01/2000,2.699,2.67,2.745,2.635,47.92K,1.39%
01/31/2000,2.662,2.575,2.675,2.565,35.14K,5.13%
01/28/2000,2.532,2.55,2.66,2.5,53.89K,-2.99%
01/27/2000,2.61,2.515,2.68,2.495,64.06K,3.45%
01/26/2000,2.523,2.62,2.67,2.5,58.71K,-3.56%
01/25/2000,2.616,2.535,2.63,2.53,39.25K,3.48%
01/24/2000,2.528,2.53,2.57,2.49,35.08K,1.73%
01/21/2000,2.485,2.545,2.635,2.42,66.78K,-2.89%
01/20/2000,2.559,2.4,2.58,2.383,47.34K,5.88%
01/19/2000,2.417,2.39,2.465,2.37,43.61K,1.43%
01/18/2000,2.383,2.36,2.39,2.335,22.93K,2.63%
01/14/2000,2.322,2.26,2.35,2.25,26.29K,3.11%
01/13/2000,2.252,2.245,2.29,2.235,27.09K,0.36%
01/12/2000,2.244,2.267,2.285,2.19,36.87K,-0.71%
01/11/2000,2.26,2.211,2.265,2.205,23.41K,1.99%
01/10/2000,2.216,2.18,2.255,2.165,28.92K,1.98%
01/07/2000,2.173,2.195,2.23,2.155,28.46K,-1.05%
01/06/2000,2.196,2.165,2.22,2.135,29.07K,1.29%
01/05/2000,2.168,2.18,2.2,2.125,27.95K,-0.37%
01/04/2000,2.176,2.13,2.2,2.13,30.15K,-6.57%
