Date,Price,Open,High,Low,Vol.,Change %
10/21/2025,"3,820.35","3,841.82","3,847.28","3,798.09",,-0.49%
10/20/2025,"3,838.99","3,810.84","3,840.94","3,802.30",,0.91%
10/17/2025,"3,804.38","3,822.58","3,824.69","3,786.84",,-0.33%
10/16/2025,"3,816.95","3,819.27","3,849.18","3,812.07",,-0.03%
10/15/2025,"3,817.95","3,823.91","3,842.46","3,809.41",,-0.12%
10/14/2025,"3,822.50","3,850.62","3,861.54","3,790.17",,-0.70%
10/13/2025,"3,849.44","3,812.08","3,858.53","3,812.08",,1.18%
10/10/2025,"3,804.49","3,893.19","3,894.25","3,792.61",,-2.22%
10/09/2025,"3,890.75","3,919.49","3,942.32","3,883.47",,-0.80%
10/08/2025,"3,921.96","3,900.59","3,932.42","3,900.59",,0.65%
10/07/2025,"3,896.49","3,886.74","3,902.28","3,867.17",,0.25%
10/06/2025,"3,886.65","3,863.64","3,893.67","3,863.64",,0.86%
10/03/2025,"3,853.69","3,836.72","3,865.19","3,836.72",,0.45%
10/02/2025,"3,836.30","3,871.91","3,890.69","3,830.04",,-0.99%
10/01/2025,"3,874.61","3,880.50","3,899.82","3,855.41",,-0.11%
09/30/2025,"3,878.68","3,910.90","3,910.90","3,866.55",,-0.80%
09/29/2025,"3,910.12","3,957.52","3,957.52","3,899.58",,-1.21%
09/26/2025,"3,957.81","3,935.28","3,973.62","3,925.78",,0.61%
09/25/2025,"3,934.00","3,925.66","3,939.98","3,906.76",,0.23%
09/24/2025,"3,924.82","3,885.69","3,926.32","3,878.07",,0.99%
09/23/2025,"3,886.30","3,847.51","3,897.95","3,833.52",,1.02%
09/22/2025,"3,847.09","3,846.86","3,869.65","3,824.07",,0.04%
09/19/2025,"3,845.61","3,871.12","3,878.02","3,841.59",,-0.66%
09/18/2025,"3,871.15","3,892.97","3,899.92","3,864.62",,-0.60%
09/17/2025,"3,894.69","3,933.67","3,938.09","3,886.05",,-0.97%
09/16/2025,"3,932.87","3,898.80","3,938.26","3,890.07",,0.88%
09/15/2025,"3,898.38","3,859.20","3,904.77","3,857.74",,1.00%
09/12/2025,"3,859.67","3,840.09","3,887.34","3,825.44",,0.52%
09/11/2025,"3,839.75","3,866.15","3,869.58","3,825.40",,-0.68%
09/10/2025,"3,866.01","3,840.72","3,874.69","3,840.72",,0.64%
09/09/2025,"3,841.25","3,837.02","3,869.75","3,837.02",,0.11%
09/08/2025,"3,837.16","3,812.35","3,858.81","3,812.32",,0.67%
09/05/2025,"3,811.72","3,850.14","3,856.31","3,804.32",,-1.01%
09/04/2025,"3,850.63","3,874.36","3,874.36","3,833.36",,-0.65%
09/03/2025,"3,875.72","3,911.29","3,917.26","3,870.46",,-0.89%
09/02/2025,"3,910.42","3,858.92","3,913.01","3,858.90",,1.47%
08/29/2025,"3,853.71","3,845.88","3,855.85","3,835.77",,0.19%
08/28/2025,"3,846.35","3,824.96","3,848.81","3,811.49",,0.47%
08/27/2025,"3,828.32","3,807.42","3,830.01","3,793.13",,0.58%
08/26/2025,"3,806.29","3,844.84","3,844.84","3,803.77",,-0.99%
08/25/2025,"3,844.40","3,817.14","3,852.17","3,812.62",,0.68%
08/22/2025,"3,818.30","3,801.54","3,822.73","3,791.59",,0.46%
08/21/2025,"3,800.85","3,768.05","3,804.09","3,767.92",,0.89%
08/20/2025,"3,767.28","3,729.43","3,773.00","3,729.24",,1.03%
08/19/2025,"3,728.98","3,752.35","3,753.58","3,725.21",,-0.61%
08/18/2025,"3,751.92","3,740.27","3,761.07","3,715.69",,0.34%
08/15/2025,"3,739.11","3,743.16","3,751.74","3,724.93",,-0.11%
08/14/2025,"3,743.11","3,732.10","3,747.69","3,721.00",,0.31%
08/13/2025,"3,731.67","3,743.36","3,749.64","3,708.08",,-0.30%
08/12/2025,"3,742.92","3,758.85","3,767.44","3,739.15",,-0.41%
08/11/2025,"3,758.42","3,758.90","3,771.49","3,727.95",,0.00%
08/08/2025,"3,758.28","3,764.69","3,791.99","3,742.46",,-0.07%
08/07/2025,"3,761.08","3,761.27","3,784.97","3,755.91",,0.00%
08/06/2025,"3,761.01","3,763.51","3,812.30","3,752.05",,-0.06%
08/05/2025,"3,763.15","3,786.52","3,790.69","3,756.47",,-0.60%
08/04/2025,"3,785.84","3,800.10","3,816.55","3,765.68",,-0.46%
08/01/2025,"3,803.41","3,862.05","3,870.95","3,797.89",,-1.51%
07/31/2025,"3,861.59","3,888.89","3,901.30","3,846.74",,-0.74%
07/30/2025,"3,890.55","3,883.95","3,901.99","3,860.74",,0.21%
07/29/2025,"3,882.46","3,829.37","3,894.49","3,823.44",,1.40%
07/28/2025,"3,828.70","3,797.61","3,844.01","3,792.58",,0.84%
07/25/2025,"3,796.67","3,823.42","3,834.02","3,794.17",,-0.65%
07/24/2025,"3,821.65","3,814.44","3,841.41","3,803.44",,0.20%
07/23/2025,"3,813.99","3,820.57","3,833.25","3,797.43",,-0.16%
07/22/2025,"3,820.11","3,836.67","3,836.67","3,806.31",,-0.45%
07/21/2025,"3,837.52","3,840.47","3,843.41","3,814.12",,-0.04%
07/18/2025,"3,839.11","3,822.53","3,882.88","3,821.61",,0.45%
07/17/2025,"3,821.98","3,792.84","3,824.60","3,786.81",,0.78%
07/16/2025,"3,792.38","3,790.29","3,803.24","3,763.47",,0.07%
07/15/2025,"3,789.84","3,796.81","3,807.11","3,778.21",,-0.18%
07/14/2025,"3,796.55","3,830.23","3,865.81","3,794.66",,-0.76%
07/11/2025,"3,825.66","3,779.40","3,837.55","3,766.12",,1.24%
07/10/2025,"3,778.68","3,809.98","3,823.75","3,773.49",,-0.82%
07/09/2025,"3,809.92","3,816.41","3,826.86","3,790.05",,-0.16%
07/08/2025,"3,815.96","3,801.28","3,828.47","3,785.34",,0.40%
07/07/2025,"3,800.83","3,787.30","3,809.03","3,746.65",,0.21%
07/03/2025,"3,792.84","3,804.41","3,815.71","3,786.65",,-0.33%
07/02/2025,"3,805.55","3,735.11","3,807.62","3,726.52",,1.90%
07/01/2025,"3,734.54","3,728.82","3,746.51","3,715.81",,0.21%
06/30/2025,"3,726.85","3,744.51","3,747.96","3,715.08",,-0.44%
06/27/2025,"3,743.20","3,734.34","3,747.58","3,716.00",,0.25%
06/26/2025,"3,733.94","3,718.86","3,756.10","3,717.45",,0.42%
06/25/2025,"3,718.42","3,716.94","3,752.25","3,716.81",,0.06%
06/24/2025,"3,716.35","3,827.25","3,827.25","3,712.31",,-3.67%
06/23/2025,"3,857.82","4,011.81","4,053.28","3,851.64",,-3.12%
06/20/2025,"3,981.93","3,982.03","4,011.88","3,967.37",,-0.04%
06/18/2025,"3,983.40","3,965.08","3,998.82","3,929.95",,0.48%
06/17/2025,"3,964.53","3,887.28","3,973.80","3,878.96",,1.99%
06/16/2025,"3,887.05","3,895.32","3,954.75","3,818.68",,-0.14%
06/13/2025,"3,892.45","3,772.21","3,965.24","3,772.21",,3.20%
06/12/2025,"3,771.77","3,787.07","3,793.16","3,752.98",,-0.07%
06/11/2025,"3,774.49","3,712.51","3,778.81","3,700.64",,1.68%
06/10/2025,"3,712.07","3,724.96","3,738.85","3,703.79",,-0.33%
06/09/2025,"3,724.51","3,712.70","3,726.74","3,699.54",,0.34%
06/06/2025,"3,711.99","3,677.60","3,715.18","3,663.45",,0.95%
06/05/2025,"3,677.16","3,651.50","3,695.61","3,644.11",,0.71%
06/04/2025,"3,651.07","3,661.85","3,678.28","3,633.71",,-0.28%
06/03/2025,"3,661.41","3,637.58","3,672.49","3,627.55",,0.71%
06/02/2025,"3,635.56","3,570.37","3,671.50","3,570.37",,1.92%
05/30/2025,"3,567.08","3,586.37","3,604.39","3,551.73",,-0.54%
05/29/2025,"3,586.51","3,611.25","3,643.57","3,578.26",,-0.68%
05/28/2025,"3,611.13","3,611.88","3,633.33","3,604.39",,0.07%
05/27/2025,"3,608.60","3,635.97","3,637.62","3,590.63",,-0.71%
05/23/2025,"3,634.23","3,620.72","3,639.85","3,592.07",,0.39%
05/22/2025,"3,620.29","3,641.80","3,645.19","3,592.46",,-0.58%
05/21/2025,"3,641.37","3,658.01","3,675.45","3,635.97",,0.00%
05/20/2025,"3,641.46","3,620.39","3,650.40","3,604.95",,0.62%
05/19/2025,"3,619.14","3,620.86","3,632.30","3,597.95",,0.02%
05/16/2025,"3,618.27","3,615.13","3,631.15","3,594.79",,0.10%
05/15/2025,"3,614.70","3,647.50","3,647.50","3,583.15",,-1.15%
05/14/2025,"3,656.70","3,677.62","3,679.91","3,651.46",,-0.56%
05/13/2025,"3,677.18","3,625.36","3,683.75","3,618.50",,1.43%
05/12/2025,"3,625.29","3,606.23","3,667.32","3,599.06",,0.56%
05/09/2025,"3,604.95","3,566.02","3,611.45","3,565.58",,1.14%
05/08/2025,"3,564.39","3,522.12","3,567.65","3,517.43",,1.18%
05/07/2025,"3,522.81","3,560.40","3,588.53","3,516.16",,-1.03%
05/06/2025,"3,559.37","3,500.14","3,578.47","3,500.14",,1.71%
05/05/2025,"3,499.51","3,507.08","3,524.73","3,473.48",,-0.75%
05/02/2025,"3,525.82","3,526.49","3,551.07","3,510.80",,-0.01%
05/01/2025,"3,526.08","3,508.41","3,530.96","3,459.91",,0.42%
04/30/2025,"3,511.24","3,581.88","3,581.88","3,502.62",,-1.96%
04/29/2025,"3,581.46","3,627.35","3,629.67","3,576.71",,-1.25%
04/28/2025,"3,626.91","3,639.50","3,651.18","3,612.84",,-0.31%
04/25/2025,"3,638.22","3,636.66","3,651.47","3,607.28",,0.15%
04/24/2025,"3,632.95","3,608.05","3,638.34","3,606.69",,0.70%
04/23/2025,"3,607.62","3,637.93","3,673.49","3,583.99",,-0.99%
04/22/2025,"3,643.53","3,602.99","3,661.66","3,602.99",,1.18%
04/21/2025,"3,601.06","3,639.90","3,639.91","3,594.95",,-1.17%
04/17/2025,"3,643.72","3,594.57","3,651.35","3,594.57",,1.43%
04/16/2025,"3,592.48","3,547.14","3,600.16","3,522.94",,1.33%
04/15/2025,"3,545.22","3,552.51","3,571.85","3,532.92",,-0.19%
04/14/2025,"3,551.93","3,551.44","3,583.93","3,536.86",,0.03%
04/11/2025,"3,550.78","3,498.04","3,557.24","3,480.77",,1.60%
04/10/2025,"3,494.79","3,526.62","3,570.62","3,462.51",,-0.85%
04/09/2025,"3,524.74","3,440.66","3,537.63","3,328.00",,2.47%
04/08/2025,"3,439.73","3,482.51","3,524.11","3,426.52",,-1.04%
04/07/2025,"3,475.86","3,509.33","3,601.17","3,441.68",,-1.53%
04/04/2025,"3,530.01","3,714.46","3,715.43","3,490.69",,-4.93%
04/03/2025,"3,713.09","3,834.12","3,834.12","3,697.92",,-3.78%
04/02/2025,"3,858.78","3,837.80","3,863.14","3,820.15",,0.56%
04/01/2025,"3,837.37","3,835.29","3,853.57","3,825.80",,0.07%
03/31/2025,"3,834.68","3,783.54","3,837.94","3,774.99",,1.39%
03/28/2025,"3,782.22","3,794.78","3,797.79","3,765.82",,-0.30%
03/27/2025,"3,793.68","3,787.01","3,797.03","3,763.35",,0.19%
03/26/2025,"3,786.61","3,778.43","3,804.22","3,778.20",,0.23%
03/25/2025,"3,777.99","3,777.58","3,801.51","3,764.06",,0.02%
03/24/2025,"3,777.14","3,765.58","3,789.97","3,756.32",,0.36%
03/21/2025,"3,763.66","3,774.13","3,785.27","3,754.99",,-0.27%
03/20/2025,"3,773.69","3,756.34","3,777.71","3,737.98",,0.53%
03/19/2025,"3,753.94","3,735.03","3,764.24","3,720.93",,0.51%
03/18/2025,"3,734.72","3,746.67","3,773.13","3,729.60",,-0.31%
03/17/2025,"3,746.23","3,718.28","3,759.61","3,718.28",,0.80%
03/14/2025,"3,716.63","3,709.53","3,729.86","3,696.76",,0.20%
03/13/2025,"3,709.10","3,726.43","3,733.80","3,705.35",,-0.45%
03/12/2025,"3,725.97","3,702.95","3,732.69","3,699.22",,0.59%
03/11/2025,"3,704.02","3,692.68","3,730.89","3,669.34",,0.25%
03/10/2025,"3,694.96","3,720.70","3,741.31","3,691.44",,-0.51%
03/07/2025,"3,713.82","3,687.51","3,738.23","3,677.32",,0.69%
03/06/2025,"3,688.33","3,681.27","3,704.92","3,670.47",,0.21%
03/05/2025,"3,680.65","3,700.42","3,709.30","3,651.60",,-0.57%
03/04/2025,"3,701.59","3,703.65","3,706.71","3,662.30",,-0.02%
03/03/2025,"3,702.51","3,734.74","3,756.02","3,688.37",,-0.64%
02/28/2025,"3,726.46","3,768.93","3,768.93","3,723.60",,-1.18%
02/27/2025,"3,771.05","3,751.34","3,776.59","3,746.22",,0.58%
02/26/2025,"3,749.15","3,771.11","3,782.00","3,742.89",,-0.50%
02/25/2025,"3,767.97","3,817.93","3,829.69","3,754.43",,-1.25%
02/24/2025,"3,815.79","3,831.40","3,831.40","3,806.32",,-0.37%
02/21/2025,"3,829.76","3,894.60","3,898.79","3,826.71",,-1.57%
02/20/2025,"3,890.87","3,883.62","3,902.26","3,880.36",,0.24%
02/19/2025,"3,881.73","3,870.37","3,906.04","3,867.65",,0.24%
02/18/2025,"3,872.48","3,828.59","3,875.52","3,825.11",,1.19%
02/14/2025,"3,826.78","3,831.03","3,868.69","3,822.00",,-0.07%
02/13/2025,"3,829.44","3,824.10","3,835.32","3,799.51",,0.10%
02/12/2025,"3,825.47","3,861.09","3,861.18","3,823.74",,-0.95%
02/11/2025,"3,862.01","3,837.59","3,869.41","3,832.59",,0.67%
02/10/2025,"3,836.35","3,793.10","3,841.45","3,793.10",,1.28%
02/07/2025,"3,787.91","3,780.38","3,806.12","3,779.30",,0.20%
02/06/2025,"3,780.23","3,787.96","3,807.91","3,763.29",,-0.15%
02/05/2025,"3,785.88","3,816.17","3,823.46","3,780.98",,-0.82%
02/04/2025,"3,817.01","3,809.81","3,831.54","3,751.30",,0.12%
02/03/2025,"3,812.34","3,820.89","3,840.61","3,786.18",,0.93%
01/31/2025,"3,777.23","3,794.01","3,807.64","3,758.13",,-0.42%
01/30/2025,"3,793.33","3,796.51","3,816.43","3,776.89",,0.01%
01/29/2025,"3,792.92","3,792.85","3,812.74","3,777.72",,0.02%
01/28/2025,"3,792.19","3,779.17","3,803.00","3,773.83",,0.34%
01/27/2025,"3,779.31","3,832.29","3,832.29","3,759.18",,-1.48%
01/24/2025,"3,836.08","3,830.15","3,845.08","3,810.50",,0.17%
01/23/2025,"3,829.70","3,843.16","3,859.18","3,819.41",,-0.34%
01/22/2025,"3,842.76","3,847.55","3,861.17","3,829.24",,-0.11%
01/21/2025,"3,847.12","3,870.54","3,878.77","3,826.03",,-0.81%
01/17/2025,"3,878.63","3,887.29","3,904.70","3,862.75",,-0.22%
01/16/2025,"3,887.37","3,906.60","3,918.48","3,860.55",,-0.41%
01/15/2025,"3,903.28","3,836.43","3,912.69","3,832.45",,1.74%
01/14/2025,"3,836.66","3,859.04","3,859.29","3,831.73",,-0.57%
01/13/2025,"3,858.67","3,836.22","3,876.48","3,834.18",,1.13%
01/10/2025,"3,815.64","3,726.21","3,835.98","3,725.91",,2.50%
01/09/2025,"3,722.55","3,686.00","3,733.11","3,675.68",,1.03%
01/08/2025,"3,684.55","3,710.51","3,738.09","3,679.75",,-0.69%
01/07/2025,"3,710.23","3,698.30","3,720.23","3,680.89",,0.29%
01/06/2025,"3,699.67","3,693.53","3,738.80","3,685.25",,0.43%
01/03/2025,"3,683.85","3,697.28","3,707.78","3,674.75",,-0.35%
01/02/2025,"3,696.66","3,661.28","3,717.20","3,659.25",,1.11%
12/31/2024,"3,655.99","3,644.66","3,663.02","3,630.54",,0.33%
12/30/2024,"3,644.06","3,623.77","3,668.73","3,618.06",,0.91%
12/27/2024,"3,611.09","3,590.16","3,614.54","3,583.57",,0.60%
12/26/2024,"3,589.73","3,601.36","3,612.43","3,583.10",,-0.30%
12/25/2024,"3,600.48","3,573.49","3,607.75","3,573.49",,0.00%
12/24/2024,"3,600.48","3,573.49","3,607.75","3,573.49",,0.83%
12/23/2024,"3,570.70","3,582.60","3,604.18","3,553.70",,-0.29%
12/20/2024,"3,581.00","3,558.15","3,590.13","3,541.66",,0.61%
12/19/2024,"3,559.41","3,574.61","3,592.36","3,551.95",,-0.74%
12/18/2024,"3,585.92","3,580.83","3,609.66","3,576.46",,0.23%
12/17/2024,"3,577.65","3,606.80","3,611.36","3,552.50",,-0.80%
12/16/2024,"3,606.37","3,624.67","3,626.09","3,603.70",,-0.54%
12/13/2024,"3,625.98","3,603.76","3,628.69","3,603.15",,0.59%
12/12/2024,"3,604.79","3,616.12","3,628.60","3,579.95",,-0.32%
12/11/2024,"3,616.46","3,570.47","3,619.61","3,570.44",,1.28%
12/10/2024,"3,570.60","3,554.85","3,581.00","3,542.28",,0.37%
12/09/2024,"3,557.58","3,518.24","3,573.85","3,518.24",,1.17%
12/06/2024,"3,516.47","3,537.88","3,539.28","3,505.20",,-0.53%
12/05/2024,"3,535.38","3,538.98","3,559.90","3,526.68",,-0.09%
12/04/2024,"3,538.55","3,571.87","3,583.25","3,537.56",,-0.89%
12/03/2024,"3,570.18","3,526.41","3,579.12","3,520.14",,1.28%
12/02/2024,"3,525.23","3,534.47","3,566.44","3,515.54",,-0.42%
11/29/2024,"3,539.95","3,550.87","3,579.30","3,538.70",,-0.18%
11/27/2024,"3,546.20","3,561.59","3,573.03","3,534.71",,-0.40%
11/26/2024,"3,560.29","3,557.69","3,599.02","3,539.88",,0.09%
11/25/2024,"3,557.25","3,616.02","3,631.73","3,554.04",,-1.54%
11/22/2024,"3,612.71","3,590.59","3,618.60","3,570.89",,0.63%
11/21/2024,"3,590.15","3,559.97","3,607.09","3,559.97",,0.86%
11/20/2024,"3,559.53","3,559.43","3,580.68","3,556.46",,0.02%
11/19/2024,"3,558.99","3,547.77","3,572.25","3,537.99",,0.24%
11/18/2024,"3,550.60","3,480.35","3,554.54","3,474.87",,2.10%
11/15/2024,"3,477.63","3,498.33","3,513.45","3,468.97",,-0.58%
11/14/2024,"3,497.99","3,505.48","3,529.06","3,486.11",,-0.20%
11/13/2024,"3,505.05","3,501.97","3,522.35","3,464.92",,0.09%
11/12/2024,"3,502.06","3,506.92","3,531.86","3,494.91",,-0.09%
11/11/2024,"3,505.07","3,565.31","3,568.99","3,497.19",,-1.57%
11/08/2024,"3,561.05","3,624.52","3,624.73","3,553.36",,-1.72%
11/07/2024,"3,623.31","3,589.12","3,634.15","3,574.75",,0.97%
11/06/2024,"3,588.67","3,616.59","3,617.43","3,530.06",,-0.72%
11/05/2024,"3,614.87","3,598.42","3,635.54","3,593.57",,0.47%
11/04/2024,"3,598.10","3,540.72","3,603.55","3,540.68",,1.58%
11/01/2024,"3,542.19","3,551.63","3,599.12","3,540.03",,0.12%
10/31/2024,"3,537.79","3,532.15","3,568.35","3,521.89",,0.17%
10/30/2024,"3,531.95","3,493.01","3,544.65","3,493.01",,1.13%
10/29/2024,"3,492.57","3,498.08","3,524.41","3,478.47",,0.01%
10/28/2024,"3,492.11","3,548.97","3,549.04","3,486.05",,-3.41%
10/25/2024,"3,615.28","3,578.42","3,617.73","3,562.19",,1.10%
10/24/2024,"3,576.03","3,586.48","3,633.62","3,560.48",,-0.27%
10/23/2024,"3,585.83","3,608.12","3,610.09","3,568.62",,-0.61%
10/22/2024,"3,607.67","3,547.91","3,615.07","3,537.07",,1.67%
10/21/2024,"3,548.47","3,519.67","3,566.37","3,519.01",,0.88%
10/18/2024,"3,517.38","3,550.68","3,573.01","3,505.95",,-0.92%
10/17/2024,"3,550.15","3,543.85","3,568.00","3,522.95",,0.19%
10/16/2024,"3,543.40","3,548.01","3,568.52","3,527.77",,-0.12%
10/15/2024,"3,547.56","3,637.88","3,637.88","3,527.58",,-2.47%
10/14/2024,"3,637.25","3,698.32","3,698.32","3,632.94",,-1.61%
10/11/2024,"3,696.91","3,695.52","3,715.41","3,669.76",,0.05%
10/10/2024,"3,694.91","3,619.96","3,701.55","3,619.96",,2.08%
10/09/2024,"3,619.50","3,643.49","3,665.74","3,578.40",,-0.58%
10/08/2024,"3,640.64","3,747.06","3,753.88","3,620.16",,-2.83%
10/07/2024,"3,746.83","3,684.05","3,751.68","3,668.41",,1.67%
10/04/2024,"3,685.46","3,672.86","3,714.45","3,671.22",,0.34%
10/03/2024,"3,672.84","3,599.89","3,679.47","3,597.62",,2.22%
10/02/2024,"3,592.92","3,574.80","3,647.55","3,574.80",,0.50%
10/01/2024,"3,574.98","3,521.94","3,622.17","3,475.00",,1.51%
09/30/2024,"3,521.77","3,520.85","3,554.09","3,502.09",,0.03%
09/27/2024,"3,520.75","3,509.23","3,531.63","3,488.79",,0.34%
09/26/2024,"3,508.78","3,544.64","3,556.86","3,483.68",,-1.03%
09/25/2024,"3,545.43","3,574.69","3,585.61","3,534.32",,-0.79%
09/24/2024,"3,573.64","3,531.35","3,594.76","3,528.28",,1.28%
09/23/2024,"3,528.41","3,522.12","3,563.20","3,506.74",,0.22%
09/20/2024,"3,520.72","3,524.57","3,531.63","3,499.88",,-0.10%
09/19/2024,"3,524.10","3,480.93","3,532.65","3,462.77",,1.04%
09/18/2024,"3,487.94","3,481.72","3,499.24","3,456.78",,0.19%
09/17/2024,"3,481.26","3,454.48","3,493.94","3,442.18",,0.79%
09/16/2024,"3,454.02","3,424.31","3,469.60","3,415.85",,0.91%
09/13/2024,"3,423.03","3,420.21","3,460.56","3,420.21",,0.10%
09/12/2024,"3,419.72","3,363.87","3,439.81","3,363.55",,1.67%
09/11/2024,"3,363.50","3,322.49","3,375.78","3,316.74",,1.36%
09/10/2024,"3,318.44","3,387.41","3,400.21","3,307.02",,-2.01%
09/09/2024,"3,386.68","3,360.97","3,393.90","3,348.82",,0.82%
09/06/2024,"3,359.22","3,419.26","3,442.66","3,350.78",,-1.73%
09/05/2024,"3,418.48","3,418.94","3,458.86","3,410.48",,0.00%
09/04/2024,"3,418.36","3,448.66","3,470.44","3,415.53",,-0.86%
09/03/2024,"3,448.04","3,526.59","3,536.39","3,438.75",,-2.17%
08/30/2024,"3,524.63","3,572.74","3,598.49","3,523.86",,-1.33%
08/29/2024,"3,572.25","3,533.56","3,582.82","3,517.40",,1.12%
08/28/2024,"3,532.85","3,575.47","3,582.09","3,521.96",,-1.16%
08/27/2024,"3,574.28","3,605.52","3,609.10","3,571.02",,-0.85%
08/26/2024,"3,605.02","3,547.21","3,612.48","3,547.21",,1.68%
08/23/2024,"3,545.49","3,490.96","3,551.36","3,490.58",,1.58%
08/22/2024,"3,490.47","3,480.02","3,502.65","3,467.50",,0.32%
08/21/2024,"3,479.25","3,504.52","3,527.99","3,468.51",,-0.70%
08/20/2024,"3,503.84","3,520.15","3,537.59","3,490.11",,-0.44%
08/19/2024,"3,519.18","3,541.53","3,557.52","3,513.92",,-0.57%
08/16/2024,"3,539.52","3,581.23","3,581.23","3,516.76",,-1.16%
08/15/2024,"3,581.12","3,550.63","3,598.24","3,550.34",,0.87%
08/14/2024,"3,550.13","3,566.61","3,586.90","3,546.78",,-0.45%
08/13/2024,"3,566.35","3,610.67","3,610.67","3,563.05",,-1.21%
08/12/2024,"3,610.16","3,541.50","3,612.29","3,537.64",,1.97%
08/09/2024,"3,540.34","3,518.67","3,544.90","3,515.19",,0.61%
08/08/2024,"3,518.77","3,502.17","3,526.28","3,480.93",,0.49%
08/07/2024,"3,501.67","3,455.41","3,516.76","3,436.55",,1.35%
08/06/2024,"3,454.92","3,456.59","3,487.11","3,425.45",,0.28%
08/05/2024,"3,445.25","3,474.12","3,483.95","3,396.15",,-0.65%
08/02/2024,"3,467.93","3,542.31","3,568.92","3,457.44",,-2.06%
08/01/2024,"3,540.97","3,587.20","3,615.75","3,540.59",,-1.27%
07/31/2024,"3,586.43","3,506.36","3,590.58","3,506.33",,2.30%
07/30/2024,"3,505.76","3,532.67","3,532.70","3,497.06",,-0.73%
07/29/2024,"3,531.42","3,574.07","3,587.34","3,522.08",,-1.08%
07/26/2024,"3,569.82","3,606.93","3,621.24","3,554.07",,-1.01%
07/25/2024,"3,606.40","3,599.47","3,608.59","3,547.12",,0.21%
07/24/2024,"3,598.90","3,582.59","3,617.97","3,582.19",,0.47%
07/23/2024,"3,582.07","3,617.71","3,628.17","3,575.70",,-0.97%
07/22/2024,"3,617.19","3,620.29","3,628.32","3,588.48",,0.23%
07/19/2024,"3,608.83","3,679.23","3,679.23","3,608.14",,-1.90%
07/18/2024,"3,678.88","3,690.13","3,713.12","3,660.50",,-0.29%
07/17/2024,"3,689.59","3,662.06","3,691.83","3,654.17",,0.77%
07/16/2024,"3,661.50","3,691.35","3,692.34","3,646.30",,-0.79%
07/15/2024,"3,690.82","3,714.04","3,716.66","3,683.55",,-0.58%
07/12/2024,"3,712.41","3,719.08","3,737.17","3,710.08",,-0.17%
07/11/2024,"3,718.58","3,704.27","3,731.75","3,699.73",,0.40%
07/10/2024,"3,703.73","3,703.69","3,721.76","3,683.22",,0.02%
07/09/2024,"3,703.03","3,737.60","3,742.52","3,701.95",,-0.90%
07/08/2024,"3,736.72","3,778.52","3,781.55","3,732.53",,-1.07%
07/05/2024,"3,777.24","3,785.60","3,810.00","3,776.37",,-0.25%
07/03/2024,"3,786.55","3,761.88","3,787.23","3,757.04",,0.74%
07/02/2024,"3,758.59","3,759.59","3,789.11","3,756.89",,0.00%
07/01/2024,"3,758.66","3,719.08","3,761.00","3,716.75",,1.11%
06/28/2024,"3,717.39","3,730.95","3,762.94","3,710.16",,-0.35%
06/27/2024,"3,730.34","3,712.28","3,750.24","3,704.56",,0.50%
06/26/2024,"3,711.74","3,709.15","3,729.68","3,695.70",,0.07%
06/25/2024,"3,709.26","3,740.35","3,747.57","3,705.47",,-0.82%
06/24/2024,"3,739.81","3,716.71","3,741.53","3,701.49",,0.59%
06/21/2024,"3,717.88","3,743.73","3,749.69","3,710.45",,-0.67%
06/20/2024,"3,742.77","3,738.37","3,760.91","3,735.10",,0.15%
06/18/2024,"3,737.27","3,706.33","3,738.13","3,685.30",,0.88%
06/17/2024,"3,704.78","3,689.79","3,709.52","3,664.16",,0.44%
06/14/2024,"3,688.61","3,701.08","3,715.75","3,679.69",,-0.32%
06/13/2024,"3,700.52","3,692.84","3,711.12","3,674.76",,0.14%
06/12/2024,"3,695.22","3,672.34","3,716.20","3,672.20",,0.65%
06/11/2024,"3,671.18","3,665.13","3,685.66","3,649.19",,0.27%
06/10/2024,"3,661.47","3,613.03","3,666.55","3,610.78",,1.36%
06/07/2024,"3,612.38","3,642.20","3,654.37","3,605.78",,-0.81%
06/06/2024,"3,641.77","3,586.62","3,646.29","3,586.62",,1.64%
06/05/2024,"3,582.94","3,566.49","3,587.17","3,558.34",,0.39%
06/04/2024,"3,568.93","3,605.28","3,605.63","3,555.35",,-1.04%
06/03/2024,"3,606.26","3,664.02","3,689.57","3,597.80",,-1.61%
05/31/2024,"3,665.10","3,696.97","3,719.20","3,653.85",,-0.86%
05/30/2024,"3,696.74","3,755.53","3,757.51","3,694.95",,-1.55%
05/29/2024,"3,755.12","3,786.82","3,806.37","3,751.11",,-0.81%
05/28/2024,"3,785.95","3,726.90","3,793.02","3,726.90",,1.91%
05/24/2024,"3,715.09","3,703.42","3,726.95","3,687.16",,0.33%
05/23/2024,"3,703.05","3,723.84","3,755.07","3,693.46",,-0.55%
05/22/2024,"3,723.57","3,760.28","3,760.28","3,715.07",,-0.96%
05/21/2024,"3,759.73","3,773.18","3,775.66","3,732.58",,-0.34%
05/20/2024,"3,772.63","3,749.31","3,783.72","3,743.62",,0.65%
05/17/2024,"3,748.22","3,712.18","3,749.64","3,712.14",,1.03%
05/16/2024,"3,709.97","3,692.73","3,721.25","3,689.54",,0.48%
05/15/2024,"3,692.18","3,670.82","3,701.39","3,647.21",,0.60%
05/14/2024,"3,670.28","3,695.65","3,703.37","3,661.94",,-0.67%
05/13/2024,"3,695.11","3,680.20","3,712.41","3,661.73",,0.43%
05/10/2024,"3,679.23","3,695.60","3,721.74","3,677.31",,-0.33%
05/09/2024,"3,691.39","3,682.02","3,704.83","3,681.74",,0.28%
05/08/2024,"3,681.06","3,685.22","3,687.07","3,641.94",,-0.10%
05/07/2024,"3,684.61","3,681.23","3,699.22","3,658.32",,0.11%
05/06/2024,"3,680.63","3,660.36","3,691.79","3,647.59",,0.70%
05/03/2024,"3,655.05","3,654.92","3,686.50","3,651.04",,0.02%
05/02/2024,"3,654.38","3,653.34","3,678.60","3,634.49",,0.10%
05/01/2024,"3,650.65","3,730.58","3,730.58","3,647.64",,-2.29%
04/30/2024,"3,736.14","3,777.44","3,778.29","3,711.29",,-1.06%
04/29/2024,"3,776.33","3,791.18","3,801.27","3,770.39",,-0.52%
04/26/2024,"3,796.19","3,787.86","3,815.28","3,784.18",,0.24%
04/25/2024,"3,787.12","3,770.47","3,790.44","3,751.06",,0.43%
04/24/2024,"3,771.00","3,781.57","3,792.60","3,763.72",,-0.26%
04/23/2024,"3,781.01","3,757.92","3,782.00","3,714.03",,0.67%
04/22/2024,"3,755.89","3,757.67","3,761.56","3,714.69",,-0.01%
04/19/2024,"3,756.19","3,730.85","3,831.05","3,718.84",,0.66%
04/18/2024,"3,731.41","3,735.12","3,747.78","3,711.21",,-0.10%
04/17/2024,"3,735.25","3,796.10","3,798.68","3,727.01",,-1.61%
04/16/2024,"3,796.18","3,798.57","3,817.51","3,774.01",,-0.01%
04/15/2024,"3,796.51","3,805.06","3,825.57","3,759.45",,-0.18%
04/12/2024,"3,803.53","3,776.91","3,857.44","3,776.91",,0.72%
04/11/2024,"3,776.36","3,801.54","3,817.84","3,768.89",,-0.66%
04/10/2024,"3,801.56","3,786.63","3,812.33","3,767.38",,0.43%
04/09/2024,"3,785.37","3,808.25","3,822.42","3,781.58",,-0.55%
04/08/2024,"3,806.44","3,804.96","3,828.82","3,757.75",,-0.40%
04/05/2024,"3,821.67","3,803.48","3,838.36","3,801.55",,0.49%
04/04/2024,"3,803.11","3,778.24","3,816.72","3,760.90",,0.71%
04/03/2024,"3,776.22","3,754.33","3,789.25","3,746.76",,0.77%
04/02/2024,"3,747.38","3,708.53","3,755.95","3,708.28",,1.16%
04/01/2024,"3,704.40","3,696.86","3,726.29","3,678.09",,0.30%
03/28/2024,"3,693.33","3,638.86","3,694.37","3,637.64",,1.51%
03/27/2024,"3,638.32","3,648.68","3,648.68","3,616.44",,-0.28%
03/26/2024,"3,648.45","3,675.17","3,682.78","3,645.14",,-0.71%
03/25/2024,"3,674.50","3,642.31","3,691.07","3,642.31",,0.97%
03/22/2024,"3,639.16","3,655.04","3,660.38","3,634.14",,-0.42%
03/21/2024,"3,654.50","3,656.27","3,683.83","3,634.32",,-0.02%
03/20/2024,"3,655.23","3,691.72","3,691.72","3,638.65",,-0.97%
03/19/2024,"3,691.18","3,687.80","3,696.56","3,672.76",,0.10%
03/18/2024,"3,687.45","3,643.51","3,690.13","3,642.97",,1.27%
03/15/2024,"3,641.13","3,629.28","3,647.18","3,617.94",,0.28%
03/14/2024,"3,631.13","3,608.88","3,639.82","3,604.04",,0.64%
03/13/2024,"3,608.09","3,553.68","3,611.37","3,553.68",,1.58%
03/12/2024,"3,551.85","3,557.64","3,573.75","3,538.77",,-0.10%
03/11/2024,"3,555.38","3,538.55","3,565.41","3,516.73",,0.43%
03/08/2024,"3,540.08","3,567.36","3,592.55","3,522.84",,-0.73%
03/07/2024,"3,566.03","3,555.18","3,579.16","3,539.62",,0.30%
03/06/2024,"3,555.49","3,527.70","3,582.37","3,517.61",,0.82%
03/05/2024,"3,526.62","3,550.02","3,554.60","3,517.31",,-0.64%
03/04/2024,"3,549.44","3,570.85","3,584.87","3,544.53",,-0.56%
03/01/2024,"3,569.60","3,526.87","3,583.05","3,519.59",,1.22%
02/29/2024,"3,526.54","3,521.69","3,547.44","3,511.45",,0.05%
02/28/2024,"3,524.80","3,542.24","3,553.48","3,513.94",,-0.61%
02/27/2024,"3,546.38","3,512.94","3,548.16","3,507.69",,0.97%
02/26/2024,"3,512.27","3,479.74","3,522.67","3,466.38",,0.95%
02/23/2024,"3,479.27","3,528.80","3,531.54","3,475.54",,-1.48%
02/22/2024,"3,531.49","3,518.91","3,536.96","3,494.04",,0.37%
02/21/2024,"3,518.62","3,498.90","3,521.30","3,488.34",,0.64%
02/20/2024,"3,496.27","3,525.33","3,527.58","3,487.46",,-0.85%
02/16/2024,"3,526.29","3,508.76","3,526.95","3,484.30",,0.53%
02/15/2024,"3,507.69","3,485.33","3,523.41","3,461.30",,0.63%
02/14/2024,"3,485.83","3,526.83","3,539.26","3,482.97",,-1.17%
02/13/2024,"3,526.93","3,519.42","3,544.38","3,509.17",,0.24%
02/12/2024,"3,518.50","3,524.74","3,529.00","3,493.71",,-0.13%
02/09/2024,"3,523.12","3,506.21","3,535.27","3,493.40",,0.53%
02/08/2024,"3,504.59","3,452.47","3,510.01","3,447.14",,1.52%
02/07/2024,"3,452.00","3,434.18","3,461.83","3,429.73",,0.53%
02/06/2024,"3,433.69","3,410.42","3,445.97","3,408.41",,0.64%
02/05/2024,"3,411.76","3,409.64","3,420.86","3,378.58",,0.28%
02/02/2024,"3,402.21","3,449.98","3,460.57","3,392.95",,-1.37%
02/01/2024,"3,449.31","3,496.09","3,514.33","3,445.51",,-1.34%
01/31/2024,"3,496.06","3,535.00","3,539.11","3,490.00",,-1.08%
01/30/2024,"3,534.33","3,502.93","3,539.81","3,472.08",,0.92%
01/29/2024,"3,502.03","3,543.53","3,564.92","3,494.71",,-0.90%
01/26/2024,"3,533.67","3,513.95","3,535.20","3,482.73",,0.52%
01/25/2024,"3,515.51","3,460.23","3,519.16","3,460.23",,1.61%
01/24/2024,"3,459.72","3,432.67","3,475.65","3,427.55",,0.83%
01/23/2024,"3,431.35","3,421.89","3,447.65","3,398.81",,0.30%
01/22/2024,"3,420.98","3,389.28","3,433.28","3,367.66",,0.98%
01/19/2024,"3,387.84","3,397.99","3,424.13","3,384.33",,-0.32%
01/18/2024,"3,398.72","3,358.98","3,401.72","3,345.36",,1.20%
01/17/2024,"3,358.43","3,370.23","3,370.30","3,322.35",,-0.49%
01/16/2024,"3,374.91","3,383.15","3,407.97","3,362.18",,-0.19%
01/12/2024,"3,381.26","3,372.32","3,452.74","3,369.47",,0.36%
01/11/2024,"3,369.18","3,344.29","3,407.75","3,340.55",,0.72%
01/10/2024,"3,344.94","3,370.78","3,398.58","3,336.52",,-0.76%
01/09/2024,"3,370.46","3,318.48","3,387.49","3,316.26",,1.58%
01/08/2024,"3,317.93","3,389.87","3,394.19","3,290.57",,-2.08%
01/05/2024,"3,388.27","3,359.76","3,404.21","3,357.71",,0.90%
01/04/2024,"3,358.00","3,376.31","3,400.25","3,328.69",,-0.39%
01/03/2024,"3,371.07","3,317.56","3,375.14","3,287.34",,1.65%
01/02/2024,"3,316.32","3,348.55","3,402.65","3,306.89",,-0.90%
12/29/2023,"3,346.58","3,368.14","3,377.87","3,341.10",,-0.59%
12/28/2023,"3,366.46","3,416.97","3,424.83","3,365.78",,-1.48%
12/27/2023,"3,416.90","3,443.12","3,449.55","3,413.41",,-0.73%
12/26/2023,"3,441.97","3,397.74","3,454.66","3,381.71",,1.43%
12/22/2023,"3,393.60","3,394.62","3,426.18","3,386.18",,0.00%
12/21/2023,"3,393.51","3,399.96","3,410.02","3,361.69",,-0.36%
12/20/2023,"3,405.63","3,410.44","3,440.01","3,394.38",,-0.07%
12/19/2023,"3,407.94","3,378.79","3,416.66","3,361.21",,0.88%
12/18/2023,"3,378.05","3,359.80","3,424.95","3,330.51",,0.79%
12/15/2023,"3,351.67","3,339.16","3,361.62","3,316.66",,0.40%
12/14/2023,"3,338.23","3,263.65","3,351.28","3,263.65",,2.46%
12/13/2023,"3,258.11","3,243.92","3,267.63","3,218.98",,0.45%
12/12/2023,"3,243.44","3,307.78","3,328.77","3,236.31",,-1.93%
12/11/2023,"3,307.14","3,316.26","3,327.15","3,284.28",,-0.25%
12/08/2023,"3,315.51","3,277.76","3,331.68","3,276.98",,1.29%
12/07/2023,"3,273.27","3,274.44","3,306.61","3,264.72",,0.02%
12/06/2023,"3,272.73","3,362.78","3,376.39","3,270.64",,-2.73%
12/05/2023,"3,364.75","3,388.15","3,411.50","3,357.93",,-0.57%
12/04/2023,"3,383.89","3,423.35","3,436.13","3,369.96",,-0.99%
12/01/2023,"3,417.63","3,461.91","3,479.74","3,414.30",,-1.26%
11/30/2023,"3,461.11","3,508.07","3,549.43","3,439.58",,-1.34%
11/29/2023,"3,507.96","3,477.90","3,510.08","3,454.20",,0.89%
11/28/2023,"3,476.94","3,426.76","3,489.89","3,418.93",,1.60%
11/27/2023,"3,422.02","3,451.07","3,457.10","3,412.23",,-0.82%
11/24/2023,"3,450.43","3,496.14","3,496.29","3,442.64",,-1.25%
11/22/2023,"3,494.00","3,523.07","3,531.23","3,424.11",,-0.80%
11/21/2023,"3,522.29","3,511.81","3,524.65","3,495.53",,0.25%
11/20/2023,"3,513.43","3,464.05","3,524.41","3,454.28",,1.53%
11/17/2023,"3,460.57","3,405.13","3,464.45","3,396.74",,1.68%
11/16/2023,"3,403.27","3,499.26","3,504.22","3,389.37",,-2.81%
11/15/2023,"3,501.58","3,525.52","3,535.21","3,496.32",,-0.70%
11/14/2023,"3,526.17","3,524.01","3,563.82","3,507.80",,0.12%
11/13/2023,"3,522.03","3,467.76","3,527.25","3,448.54",,1.59%
11/10/2023,"3,466.98","3,447.25","3,481.45","3,441.65",,0.52%
11/09/2023,"3,449.20","3,459.26","3,486.07","3,443.43",,-0.26%
11/08/2023,"3,458.08","3,503.73","3,512.72","3,446.45",,-1.29%
11/07/2023,"3,503.22","3,605.76","3,607.89","3,502.26",,-2.85%
11/06/2023,"3,605.82","3,600.97","3,637.52","3,599.72",,0.18%
11/03/2023,"3,599.39","3,639.79","3,668.33","3,591.06",,-1.06%
11/02/2023,"3,638.01","3,583.07","3,643.60","3,583.07",,1.56%
11/01/2023,"3,582.08","3,596.90","3,644.52","3,581.53",,-0.28%
10/31/2023,"3,592.04","3,607.85","3,643.21","3,586.30",,-0.42%
10/30/2023,"3,607.28","3,657.77","3,671.50","3,596.04",,-1.97%
10/27/2023,"3,679.75","3,625.89","3,686.57","3,623.96",,1.50%
10/26/2023,"3,625.48","3,663.30","3,668.28","3,605.35",,-1.04%
10/25/2023,"3,663.67","3,629.18","3,665.78","3,583.60",,0.97%
10/24/2023,"3,628.64","3,674.17","3,688.43","3,608.39",,-1.22%
10/23/2023,"3,673.53","3,732.39","3,732.97","3,670.43",,-1.63%
10/20/2023,"3,734.23","3,753.60","3,776.93","3,725.15",,-0.25%
10/19/2023,"3,743.66","3,721.77","3,757.58","3,676.44",,0.59%
10/18/2023,"3,721.83","3,686.99","3,750.86","3,686.99",,1.30%
10/17/2023,"3,674.20","3,673.99","3,692.08","3,649.46",,0.03%
10/16/2023,"3,673.18","3,700.90","3,715.75","3,669.56",,-0.71%
10/13/2023,"3,699.60","3,588.60","3,703.01","3,588.29",,3.11%
10/12/2023,"3,588.14","3,578.96","3,618.28","3,566.76",,0.27%
10/11/2023,"3,578.41","3,622.07","3,645.10","3,559.18",,-1.20%
10/10/2023,"3,621.92","3,632.22","3,637.72","3,602.97",,-0.24%
10/09/2023,"3,630.78","3,626.38","3,660.17","3,601.59",,2.30%
10/06/2023,"3,549.11","3,534.97","3,557.69","3,515.79",,0.59%
10/05/2023,"3,528.32","3,568.58","3,580.38","3,516.78",,-1.10%
10/04/2023,"3,567.51","3,693.96","3,701.23","3,566.61",,-3.41%
10/03/2023,"3,693.41","3,701.91","3,708.42","3,669.90",,-0.27%
10/02/2023,"3,703.50","3,750.28","3,773.19","3,696.23",,-1.21%
09/29/2023,"3,748.92","3,787.78","3,821.33","3,743.71",,-0.97%
09/28/2023,"3,785.59","3,801.73","3,832.89","3,779.21",,-0.40%
09/27/2023,"3,800.86","3,743.99","3,810.90","3,743.99",,1.53%
09/26/2023,"3,743.43","3,745.67","3,749.46","3,699.51",,-0.01%
09/25/2023,"3,743.78","3,759.99","3,771.52","3,723.07",,-0.29%
09/22/2023,"3,754.66","3,759.94","3,792.71","3,742.84",,-0.13%
09/21/2023,"3,759.38","3,772.40","3,799.22","3,738.22",,-0.37%
09/20/2023,"3,773.37","3,793.87","3,801.41","3,755.70",,-0.48%
09/19/2023,"3,791.55","3,787.97","3,826.19","3,783.36",,0.11%
09/18/2023,"3,787.27","3,794.24","3,814.14","3,774.00",,-0.14%
09/15/2023,"3,792.55","3,802.18","3,826.33","3,769.95",,-0.24%
09/14/2023,"3,801.67","3,756.55","3,808.83","3,756.55",,1.21%
09/13/2023,"3,756.15","3,748.01","3,770.19","3,741.54",,0.23%
09/12/2023,"3,747.61","3,724.01","3,757.03","3,719.53",,0.65%
09/11/2023,"3,723.45","3,704.68","3,740.52","3,687.00",,0.54%
09/08/2023,"3,703.59","3,680.91","3,716.15","3,669.11",,0.63%
09/07/2023,"3,680.36","3,687.82","3,698.56","3,668.67",,-0.19%
09/06/2023,"3,687.27","3,681.83","3,698.99","3,658.36",,0.16%
09/05/2023,"3,681.29","3,649.47","3,710.40","3,628.32",,0.93%
09/01/2023,"3,647.29","3,601.26","3,655.29","3,599.68",,1.29%
08/31/2023,"3,600.72","3,572.26","3,603.37","3,567.91",,0.81%
08/30/2023,"3,571.84","3,573.50","3,591.71","3,556.82",,0.02%
08/29/2023,"3,571.06","3,561.29","3,575.86","3,536.57",,0.29%
08/28/2023,"3,560.76","3,563.88","3,579.86","3,550.90",,0.06%
08/25/2023,"3,558.55","3,521.14","3,562.99","3,516.03",,1.04%
08/24/2023,"3,521.96","3,513.81","3,524.91","3,477.55",,0.25%
08/23/2023,"3,513.29","3,515.61","3,526.05","3,476.53",,-0.05%
08/22/2023,"3,515.09","3,523.48","3,536.33","3,510.08",,-0.22%
08/21/2023,"3,522.96","3,538.32","3,570.19","3,519.22",,-0.39%
08/18/2023,"3,536.75","3,504.15","3,542.82","3,492.90",,0.86%
08/17/2023,"3,506.70","3,484.83","3,528.11","3,471.50",,0.65%
08/16/2023,"3,484.20","3,507.92","3,525.82","3,482.95",,-0.66%
08/15/2023,"3,507.40","3,560.90","3,573.59","3,499.36",,-1.50%
08/14/2023,"3,560.77","3,587.58","3,587.58","3,545.63",,-0.70%
08/11/2023,"3,585.99","3,589.16","3,607.65","3,573.04",,-0.07%
08/10/2023,"3,588.57","3,620.32","3,640.71","3,582.20",,-0.87%
08/09/2023,"3,619.93","3,572.40","3,625.73","3,570.37",,1.35%
08/08/2023,"3,571.87","3,555.56","3,575.21","3,490.61",,0.47%
08/07/2023,"3,555.03","3,572.89","3,584.24","3,543.01",,-0.45%
08/04/2023,"3,571.12","3,545.27","3,580.89","3,544.29",,0.74%
08/03/2023,"3,544.75","3,506.34","3,552.86","3,486.27",,1.17%
08/02/2023,"3,503.84","3,570.81","3,604.48","3,494.07",,-1.84%
08/01/2023,"3,569.52","3,579.47","3,586.62","3,554.05",,-0.27%
07/31/2023,"3,579.36","3,564.48","3,581.41","3,542.26",,0.46%
07/28/2023,"3,562.91","3,544.09","3,566.06","3,521.56",,0.44%
07/27/2023,"3,547.15","3,527.91","3,562.68","3,523.07",,0.56%
07/26/2023,"3,527.39","3,549.38","3,549.38","3,521.94",,-0.60%
07/25/2023,"3,548.85","3,531.88","3,553.96","3,508.93",,0.50%
07/24/2023,"3,531.36","3,458.78","3,546.88","3,452.68",,2.02%
07/21/2023,"3,461.59","3,432.48","3,466.18","3,430.96",,0.86%
07/20/2023,"3,431.97","3,418.68","3,449.93","3,409.14",,0.38%
07/19/2023,"3,419.02","3,398.30","3,448.01","3,394.69",,0.66%
07/18/2023,"3,396.76","3,346.36","3,403.78","3,342.34",,1.52%
07/17/2023,"3,345.87","3,386.11","3,404.70","3,343.61",,-1.15%
07/14/2023,"3,384.62","3,399.78","3,415.10","3,369.53",,-0.43%
07/13/2023,"3,399.19","3,359.43","3,404.01","3,356.67",,1.20%
07/12/2023,"3,358.91","3,346.51","3,386.69","3,344.59",,0.38%
07/11/2023,"3,346.30","3,296.57","3,348.50","3,295.27",,1.52%
07/10/2023,"3,296.08","3,301.15","3,321.99","3,289.28",,-0.23%
07/07/2023,"3,303.77","3,258.48","3,306.13","3,248.59",,1.43%
07/06/2023,"3,257.17","3,266.88","3,274.34","3,217.98",,-0.28%
07/05/2023,"3,266.41","3,223.15","3,278.36","3,223.12",,1.73%
07/03/2023,"3,211.01","3,231.22","3,263.31","3,209.10",,-0.66%
06/30/2023,"3,232.35","3,202.96","3,254.53","3,198.61",,0.93%
06/29/2023,"3,202.50","3,201.15","3,220.06","3,182.13",,0.05%
06/28/2023,"3,201.02","3,191.56","3,209.88","3,156.27",,0.33%
06/27/2023,"3,190.61","3,243.39","3,264.63","3,187.28",,-1.63%
06/26/2023,"3,243.50","3,244.52","3,270.29","3,232.85",,0.24%
06/23/2023,"3,235.68","3,268.37","3,268.37","3,195.04",,-0.99%
06/22/2023,"3,267.91","3,344.79","3,345.67","3,253.36",,-2.29%
06/21/2023,"3,344.38","3,288.84","3,345.48","3,283.39",,1.70%
06/20/2023,"3,288.32","3,325.91","3,325.91","3,259.70",,-1.13%
06/16/2023,"3,325.85","3,270.64","3,326.91","3,268.79",,1.70%
06/15/2023,"3,270.17","3,182.95","3,277.56","3,168.82",,2.76%
06/14/2023,"3,182.49","3,201.99","3,229.16","3,179.34",,-0.60%
06/13/2023,"3,201.65","3,137.54","3,212.37","3,136.48",,2.06%
06/12/2023,"3,136.89","3,200.67","3,200.67","3,124.50",,-1.96%
06/09/2023,"3,199.57","3,222.78","3,236.71","3,199.08",,-0.70%
06/08/2023,"3,222.14","3,232.22","3,254.14","3,166.67",,-0.30%
06/07/2023,"3,231.84","3,216.78","3,248.79","3,197.01",,0.48%
06/06/2023,"3,216.31","3,213.35","3,226.33","3,170.90",,0.11%
06/05/2023,"3,212.88","3,217.72","3,249.41","3,208.17",,0.43%
06/02/2023,"3,199.06","3,151.14","3,204.32","3,145.24",,1.54%
06/01/2023,"3,150.68","3,096.86","3,170.85","3,086.58",,1.75%
05/31/2023,"3,096.40","3,121.85","3,124.42","3,057.83",,-0.80%
05/30/2023,"3,121.40","3,205.14","3,215.09","3,110.71",,-2.56%
05/26/2023,"3,203.25","3,171.33","3,207.84","3,162.18",,1.02%
05/25/2023,"3,170.97","3,228.46","3,234.01","3,147.50",,-1.77%
05/24/2023,"3,228.02","3,200.95","3,240.48","3,200.04",,0.89%
05/23/2023,"3,199.60","3,189.52","3,219.36","3,170.44",,0.39%
05/22/2023,"3,187.22","3,181.23","3,194.71","3,148.70",,0.23%
05/19/2023,"3,179.88","3,189.96","3,238.12","3,170.71",,-0.28%
05/18/2023,"3,188.68","3,213.69","3,214.36","3,171.60",,-0.76%
05/17/2023,"3,213.21","3,174.59","3,220.45","3,155.68",,1.23%
05/16/2023,"3,174.14","3,195.85","3,211.89","3,166.14",,-0.67%
05/15/2023,"3,195.40","3,151.91","3,208.10","3,134.54",,1.43%
05/12/2023,"3,150.34","3,160.85","3,183.97","3,141.75",,-0.32%
05/11/2023,"3,160.39","3,218.36","3,234.83","3,156.44",,-1.77%
05/10/2023,"3,217.35","3,239.03","3,244.92","3,201.48",,-0.65%
05/09/2023,"3,238.55","3,235.23","3,240.08","3,181.53",,0.12%
05/08/2023,"3,234.77","3,188.72","3,246.13","3,183.37",,1.49%
05/05/2023,"3,187.35","3,113.11","3,197.01","3,110.41",,2.40%
05/04/2023,"3,112.56","3,095.10","3,140.51","3,084.76",,0.15%
05/03/2023,"3,107.99","3,173.42","3,174.79","3,091.07",,-2.05%
05/02/2023,"3,172.97","3,271.23","3,286.25","3,167.57",,-2.99%
05/01/2023,"3,270.83","3,299.17","3,299.17","3,242.46",,-0.82%
04/28/2023,"3,297.81","3,247.09","3,301.75","3,222.38",,1.58%
04/27/2023,"3,246.53","3,251.66","3,260.22","3,227.58",,-0.11%
04/26/2023,"3,250.03","3,316.32","3,336.39","3,246.64",,-1.93%
04/25/2023,"3,313.84","3,369.98","3,377.54","3,297.52",,-1.65%
04/24/2023,"3,369.51","3,347.01","3,377.82","3,316.76",,0.68%
04/21/2023,"3,346.63","3,348.94","3,366.22","3,327.60",,-0.05%
04/20/2023,"3,348.46","3,403.06","3,403.06","3,334.96",,-1.59%
04/19/2023,"3,402.57","3,457.95","3,461.56","3,389.24",,-1.59%
04/18/2023,"3,457.46","3,447.11","3,470.19","3,426.77",,0.31%
04/17/2023,"3,446.62","3,466.98","3,471.96","3,431.59",,-0.55%
04/14/2023,"3,465.64","3,455.72","3,478.33","3,440.76",,0.30%
04/13/2023,"3,455.15","3,475.97","3,487.76","3,455.15",,-0.57%
04/12/2023,"3,475.12","3,438.11","3,480.33","3,429.97",,1.09%
04/11/2023,"3,437.62","3,405.73","3,441.03","3,394.92",,0.96%
04/10/2023,"3,404.81","3,411.98","3,429.60","3,393.24",,-0.17%
04/06/2023,"3,410.59","3,417.98","3,429.30","3,395.11",,-0.23%
04/05/2023,"3,418.59","3,410.52","3,424.15","3,395.19",,0.32%
04/04/2023,"3,407.71","3,416.76","3,436.93","3,383.27",,-0.24%
04/03/2023,"3,415.95","3,417.93","3,443.45","3,392.63",,2.80%
03/31/2023,"3,323.01","3,280.42","3,323.01","3,259.65",,1.32%
03/30/2023,"3,279.88","3,260.05","3,284.23","3,245.64",,0.62%
03/29/2023,"3,259.63","3,279.38","3,300.77","3,252.17",,-0.45%
03/28/2023,"3,274.33","3,255.79","3,288.38","3,248.07",,0.58%
03/27/2023,"3,255.31","3,185.92","3,260.20","3,170.10",,2.45%
03/24/2023,"3,177.43","3,181.93","3,196.69","3,114.28",,-0.13%
03/23/2023,"3,181.55","3,196.31","3,222.07","3,166.44",,-0.40%
03/22/2023,"3,194.41","3,170.31","3,202.56","3,150.34",,0.78%
03/21/2023,"3,169.83","3,141.95","3,178.38","3,117.83",,0.90%
03/20/2023,"3,141.53","3,131.67","3,150.21","3,062.22",,0.38%
03/17/2023,"3,129.71","3,150.81","3,197.36","3,090.50",,-0.65%
03/16/2023,"3,150.29","3,151.44","3,167.54","3,083.19",,0.86%
03/15/2023,"3,123.35","3,233.81","3,259.63","3,082.28",,-3.40%
03/14/2023,"3,233.38","3,297.50","3,302.27","3,223.99",,-1.92%
03/13/2023,"3,296.56","3,328.23","3,345.36","3,218.57",,-0.86%
03/10/2023,"3,325.08","3,293.77","3,333.75","3,264.14",,0.89%
03/09/2023,"3,295.83","3,336.37","3,364.63","3,292.66",,-1.20%
03/08/2023,"3,335.92","3,362.26","3,366.22","3,325.17",,-0.77%
03/07/2023,"3,361.97","3,435.26","3,450.97","3,354.05",,-2.08%
03/06/2023,"3,433.26","3,436.29","3,437.75","3,388.92",,-0.23%
03/03/2023,"3,441.17","3,396.87","3,443.72","3,354.97",,1.33%
03/02/2023,"3,396.08","3,393.96","3,409.12","3,377.65",,0.06%
03/01/2023,"3,394.17","3,355.70","3,396.27","3,348.51",,1.04%
02/28/2023,"3,359.08","3,334.01","3,373.25","3,328.36",,0.77%
02/27/2023,"3,333.57","3,333.95","3,353.96","3,317.20",,0.03%
02/24/2023,"3,332.57","3,328.62","3,353.82","3,280.98",,0.26%
02/23/2023,"3,324.09","3,310.48","3,351.82","3,303.39",,0.42%
02/22/2023,"3,310.04","3,369.18","3,376.48","3,306.98",,-1.78%
02/21/2023,"3,370.06","3,360.58","3,396.16","3,353.18",,0.53%
02/17/2023,"3,352.15","3,402.89","3,402.89","3,316.37",,-1.53%
02/16/2023,"3,404.22","3,410.43","3,435.88","3,391.57",,-0.19%
02/15/2023,"3,410.63","3,442.14","3,442.27","3,381.77",,-0.96%
02/14/2023,"3,443.58","3,447.41","3,459.41","3,403.93",,-0.33%
02/13/2023,"3,455.06","3,441.22","3,461.84","3,409.55",,0.35%
02/10/2023,"3,443.10","3,393.67","3,452.50","3,379.11",,1.39%
02/09/2023,"3,395.82","3,413.56","3,429.64","3,362.84",,-0.50%
02/08/2023,"3,413.05","3,393.55","3,432.72","3,381.44",,0.69%
02/07/2023,"3,389.58","3,315.71","3,396.17","3,315.71",,2.35%
02/06/2023,"3,311.61","3,314.26","3,331.47","3,256.13",,-0.02%
02/03/2023,"3,312.15","3,389.98","3,421.36","3,308.65",,-2.26%
02/02/2023,"3,388.90","3,408.83","3,429.05","3,375.19",,-0.51%
02/01/2023,"3,406.40","3,493.16","3,509.02","3,392.84",,-2.47%
01/31/2023,"3,492.71","3,456.94","3,498.49","3,413.41",,1.04%
01/30/2023,"3,456.62","3,520.38","3,523.78","3,452.75",,-1.45%
01/27/2023,"3,507.31","3,544.76","3,575.59","3,490.42",,-1.01%
01/26/2023,"3,543.06","3,517.38","3,560.14","3,498.01",,0.84%
01/25/2023,"3,513.42","3,528.10","3,549.02","3,500.46",,-0.33%
01/24/2023,"3,525.09","3,563.74","3,582.21","3,517.96",,-1.07%
01/23/2023,"3,563.29","3,545.83","3,576.37","3,536.56",,0.49%
01/20/2023,"3,545.93","3,508.86","3,551.24","3,503.16",,1.09%
01/19/2023,"3,507.61","3,487.57","3,526.25","3,451.53",,0.49%
01/18/2023,"3,490.57","3,508.60","3,560.88","3,480.81",,-0.38%
01/17/2023,"3,503.75","3,475.10","3,520.87","3,461.88",,0.59%
01/13/2023,"3,483.13","3,446.26","3,485.43","3,436.69",,1.07%
01/12/2023,"3,446.15","3,405.44","3,463.65","3,396.18",,1.25%
01/11/2023,"3,403.49","3,333.83","3,408.87","3,321.52",,2.01%
01/10/2023,"3,336.37","3,329.80","3,353.48","3,300.54",,0.20%
01/09/2023,"3,329.56","3,293.78","3,377.55","3,293.78",,1.27%
01/06/2023,"3,287.87","3,279.24","3,326.96","3,266.40",,0.39%
01/05/2023,"3,275.04","3,282.57","3,332.22","3,263.97",,-0.01%
01/04/2023,"3,275.26","3,387.55","3,394.71","3,270.91",,-3.27%
01/03/2023,"3,386.03","3,500.16","3,515.57","3,382.62",,-3.14%
12/30/2022,"3,495.76","3,454.03","3,498.06","3,443.55",,1.21%
12/29/2022,"3,453.92","3,471.17","3,473.31","3,420.97",,-0.49%
12/28/2022,"3,471.00","3,497.94","3,510.70","3,424.28",,-0.78%
12/27/2022,"3,498.16","3,485.54","3,526.32","3,472.34",,0.86%
12/23/2022,"3,468.33","3,401.41","3,477.91","3,401.41",,1.99%
12/22/2022,"3,400.52","3,432.97","3,469.90","3,394.53",,-0.89%
12/21/2022,"3,431.04","3,366.37","3,439.36","3,365.65",,1.92%
12/20/2022,"3,366.53","3,361.41","3,382.50","3,330.13",,0.30%
12/19/2022,"3,356.36","3,372.01","3,393.18","3,337.98",,-0.25%
12/16/2022,"3,364.86","3,420.47","3,429.24","3,343.57",,-1.59%
12/15/2022,"3,419.28","3,448.28","3,453.42","3,396.38",,-0.83%
12/14/2022,"3,447.88","3,410.80","3,457.51","3,392.23",,1.10%
12/13/2022,"3,410.39","3,330.57","3,430.77","3,330.57",,2.41%
12/12/2022,"3,330.17","3,277.84","3,347.44","3,265.15",,1.83%
12/09/2022,"3,270.17","3,275.96","3,309.84","3,249.94",,0.00%
12/08/2022,"3,270.09","3,276.21","3,338.63","3,250.67",,-0.08%
12/07/2022,"3,272.65","3,308.50","3,339.29","3,265.80",,-1.07%
12/06/2022,"3,308.06","3,395.44","3,407.71","3,289.61",,-2.44%
12/05/2022,"3,390.65","3,491.31","3,541.72","3,387.87",,-2.87%
12/02/2022,"3,490.81","3,545.51","3,553.21","3,485.03",,-1.50%
12/01/2022,"3,544.01","3,549.23","3,610.42","3,533.72",,-0.02%
11/30/2022,"3,544.68","3,476.63","3,555.03","3,475.56",,2.12%
11/29/2022,"3,471.13","3,436.67","3,511.48","3,423.80",,0.82%
11/28/2022,"3,442.88","3,446.99","3,464.02","3,372.38",,-0.21%
11/25/2022,"3,450.18","3,507.04","3,546.06","3,448.31",,-1.60%
11/23/2022,"3,506.22","3,558.09","3,594.17","3,478.10",,-1.45%
11/22/2022,"3,557.67","3,525.37","3,590.22","3,520.57",,1.01%
11/21/2022,"3,522.26","3,528.87","3,533.24","3,421.64",,-0.13%
11/18/2022,"3,526.81","3,559.98","3,579.52","3,470.68",,-0.80%
11/17/2022,"3,555.41","3,635.06","3,639.62","3,546.26",,-2.26%
11/16/2022,"3,637.79","3,667.84","3,679.32","3,601.70",,-0.76%
11/15/2022,"3,665.81","3,632.20","3,708.25","3,599.54",,0.93%
11/14/2022,"3,632.07","3,683.94","3,715.65","3,624.48",,-1.37%
11/11/2022,"3,682.67","3,625.82","3,721.64","3,623.34",,1.54%
11/10/2022,"3,626.95","3,605.74","3,642.80","3,568.59",,0.59%
11/09/2022,"3,605.63","3,694.82","3,696.91","3,601.88",,-2.31%
11/08/2022,"3,690.79","3,760.20","3,761.29","3,686.28",,-1.82%
11/07/2022,"3,759.26","3,759.51","3,809.35","3,737.89",,-0.36%
11/04/2022,"3,772.68","3,651.21","3,776.71","3,644.05",,3.28%
11/03/2022,"3,652.70","3,676.52","3,676.52","3,616.21",,-0.67%
11/02/2022,"3,677.39","3,633.51","3,682.15","3,609.63",,1.22%
11/01/2022,"3,633.10","3,602.91","3,663.44","3,587.28",,0.75%
10/31/2022,"3,606.18","3,611.99","3,645.34","3,572.78",,0.08%
10/28/2022,"3,603.20","3,640.03","3,640.87","3,576.31",,-1.12%
10/27/2022,"3,644.13","3,635.14","3,663.80","3,624.65",,0.29%
10/26/2022,"3,633.54","3,567.28","3,642.18","3,547.29",,1.76%
10/25/2022,"3,570.81","3,547.58","3,576.79","3,502.67",,0.77%
10/24/2022,"3,543.68","3,540.45","3,578.56","3,488.86",,0.15%
10/21/2022,"3,538.49","3,533.25","3,544.93","3,484.78",,0.17%
10/20/2022,"3,532.61","3,530.31","3,588.95","3,521.06",,0.07%
10/19/2022,"3,530.07","3,515.82","3,540.12","3,486.79",,0.57%
10/18/2022,"3,510.21","3,567.54","3,584.75","3,488.95",,-1.60%
10/17/2022,"3,567.16","3,572.66","3,608.21","3,549.09",,-0.12%
10/14/2022,"3,571.61","3,661.73","3,680.28","3,564.00",,-2.46%
10/13/2022,"3,661.75","3,604.42","3,669.13","3,552.32",,1.61%
10/12/2022,"3,603.87","3,631.75","3,661.86","3,587.76",,-0.76%
10/11/2022,"3,631.40","3,684.68","3,686.64","3,602.49",,-1.44%
10/10/2022,"3,684.34","3,719.28","3,759.56","3,671.78",,-0.98%
10/07/2022,"3,720.67","3,640.69","3,734.23","3,625.80",,2.21%
10/06/2022,"3,640.39","3,621.81","3,650.98","3,593.76",,0.58%
10/05/2022,"3,619.49","3,569.90","3,637.19","3,548.39",,1.34%
10/04/2022,"3,571.45","3,467.55","3,578.28","3,464.28",,3.03%
10/03/2022,"3,466.57","3,403.63","3,478.66","3,403.63",,2.57%
09/30/2022,"3,379.58","3,424.46","3,456.23","3,365.90",,-1.30%
09/29/2022,"3,423.95","3,437.81","3,473.99","3,398.11",,-0.45%
09/28/2022,"3,439.40","3,341.48","3,441.61","3,290.08",,2.94%
09/27/2022,"3,341.12","3,300.35","3,375.72","3,299.94",,1.20%
09/26/2022,"3,301.44","3,376.61","3,397.63","3,291.10",,-2.02%
09/23/2022,"3,369.41","3,508.07","3,518.26","3,356.19",,-3.95%
09/22/2022,"3,507.87","3,499.57","3,572.57","3,484.64",,0.22%
09/21/2022,"3,500.20","3,522.60","3,602.17","3,483.47",,-0.62%
09/20/2022,"3,521.92","3,523.16","3,553.22","3,488.09",,-0.03%
09/19/2022,"3,522.84","3,514.20","3,531.53","3,428.29",,0.43%
09/16/2022,"3,507.62","3,514.94","3,539.05","3,484.60",,-0.21%
09/15/2022,"3,514.86","3,631.52","3,643.60","3,498.38",,-3.20%
09/14/2022,"3,631.13","3,618.65","3,656.27","3,568.26",,0.34%
09/13/2022,"3,618.72","3,641.19","3,682.95","3,573.34",,-0.61%
09/12/2022,"3,640.88","3,592.48","3,667.10","3,559.57",,1.38%
09/09/2022,"3,591.44","3,496.82","3,598.39","3,488.38",,3.35%
09/07/2022,"3,475.07","3,566.87","3,595.35","3,468.06",,-2.57%
09/06/2022,"3,566.70","3,587.58","3,659.35","3,555.23",,-0.55%
09/02/2022,"3,586.43","3,571.70","3,635.85","3,567.54",,0.41%
09/01/2022,"3,571.65","3,665.54","3,665.54","3,558.43",,-2.56%
08/31/2022,"3,665.54","3,721.41","3,759.10","3,642.94",,-1.50%
08/30/2022,"3,721.25","3,865.03","3,865.03","3,693.96",,-3.71%
08/29/2022,"3,864.72","3,791.45","3,869.69","3,775.36",,1.95%
08/26/2022,"3,790.85","3,767.43","3,811.92","3,743.11",,0.74%
08/25/2022,"3,762.94","3,809.18","3,839.23","3,757.91",,-1.12%
08/24/2022,"3,805.55","3,767.62","3,811.67","3,758.82",,1.00%
08/23/2022,"3,767.78","3,698.49","3,797.64","3,698.49",,1.88%
08/22/2022,"3,698.21","3,685.75","3,716.03","3,606.65",,0.36%
08/19/2022,"3,685.11","3,660.29","3,705.15","3,604.50",,0.69%
08/18/2022,"3,659.85","3,615.86","3,680.25","3,602.97",,1.22%
08/17/2022,"3,615.60","3,586.16","3,632.27","3,574.13",,0.83%
08/16/2022,"3,585.90","3,626.23","3,660.72","3,570.76",,-1.11%
08/15/2022,"3,625.96","3,698.33","3,698.33","3,560.09",,-1.93%
08/12/2022,"3,697.48","3,724.52","3,735.68","3,663.32",,-0.72%
08/11/2022,"3,724.26","3,642.50","3,735.65","3,633.29",,2.25%
08/10/2022,"3,642.24","3,588.28","3,651.42","3,545.87",,1.55%
08/09/2022,"3,586.56","3,553.60","3,630.42","3,538.96",,0.89%
08/08/2022,"3,555.05","3,532.44","3,561.73","3,482.75",,0.43%
08/05/2022,"3,539.82","3,528.55","3,580.07","3,481.05",,0.19%
08/04/2022,"3,533.18","3,573.50","3,599.23","3,514.05",,-1.11%
08/03/2022,"3,573.01","3,622.53","3,685.63","3,556.25",,-1.51%
08/02/2022,"3,627.93","3,653.52","3,674.04","3,600.72",,-0.69%
08/01/2022,"3,653.27","3,767.07","3,767.07","3,610.17",,-3.00%
07/29/2022,"3,766.42","3,720.24","3,834.70","3,714.55",,1.28%
07/28/2022,"3,718.78","3,719.41","3,784.45","3,710.28",,0.00%
07/27/2022,"3,718.87","3,666.61","3,730.12","3,650.86",,1.43%
07/26/2022,"3,666.35","3,657.80","3,739.62","3,648.69",,0.24%
07/25/2022,"3,657.54","3,606.69","3,660.31","3,566.05",,1.43%
07/22/2022,"3,605.95","3,619.18","3,663.21","3,571.22",,-0.32%
07/21/2022,"3,617.69","3,705.95","3,705.95","3,566.61",,-2.37%
07/20/2022,"3,705.70","3,695.07","3,709.85","3,655.72",,0.29%
07/19/2022,"3,694.82","3,702.64","3,703.98","3,613.21",,-0.20%
07/18/2022,"3,702.39","3,577.88","3,712.95","3,540.51",,3.50%
07/15/2022,"3,577.25","3,520.87","3,600.20","3,495.78",,1.61%
07/14/2022,"3,520.66","3,566.24","3,592.11","3,436.91",,-1.29%
07/13/2022,"3,566.66","3,541.20","3,610.11","3,511.02",,0.72%
07/12/2022,"3,541.00","3,725.93","3,729.10","3,532.33",,-5.13%
07/11/2022,"3,732.40","3,720.05","3,763.66","3,685.35",,0.23%
07/08/2022,"3,723.76","3,673.60","3,735.25","3,639.10",,1.37%
07/07/2022,"3,673.52","3,529.74","3,705.53","3,497.71",,4.08%
07/06/2022,"3,529.56","3,585.81","3,643.27","3,478.74",,-1.56%
07/05/2022,"3,585.40","3,824.42","3,882.48","3,551.38",,-6.23%
07/01/2022,"3,823.67","3,768.20","3,851.83","3,744.57",,1.48%
06/30/2022,"3,768.02","3,915.68","3,918.31","3,768.02",,-3.78%
06/29/2022,"3,916.19","3,957.35","4,015.38","3,910.24",,-1.04%
06/28/2022,"3,957.21","3,915.99","3,977.51","3,915.89",,1.06%
06/27/2022,"3,915.80","3,885.67","3,938.39","3,851.30",,0.30%
06/24/2022,"3,903.96","3,849.90","3,922.34","3,814.74",,1.44%
06/23/2022,"3,848.57","3,925.31","3,943.91","3,835.76",,-2.34%
06/22/2022,"3,940.65","4,012.19","4,012.19","3,845.00",,-1.77%
06/21/2022,"4,011.82","4,002.09","4,071.49","4,002.04",,0.26%
06/17/2022,"4,001.36","4,157.77","4,195.31","3,973.19",,-3.76%
06/16/2022,"4,157.58","4,122.54","4,166.58","4,076.08",,0.85%
06/15/2022,"4,122.35","4,147.04","4,174.37","4,106.94",,-0.60%
06/14/2022,"4,147.11","4,214.93","4,261.24","4,133.39",,-1.62%
06/13/2022,"4,215.40","4,234.70","4,246.80","4,138.87",,-0.85%
06/10/2022,"4,251.62","4,293.61","4,315.50","4,203.38",,-1.00%
06/09/2022,"4,294.66","4,284.28","4,305.01","4,246.63",,0.24%
06/08/2022,"4,284.17","4,243.08","4,319.55","4,243.08",,0.97%
06/07/2022,"4,242.94","4,236.34","4,260.18","4,207.75",,0.16%
06/06/2022,"4,236.18","4,218.73","4,259.80","4,211.50",,1.02%
06/03/2022,"4,193.54","4,153.45","4,208.97","4,124.66",,1.00%
06/02/2022,"4,152.13","4,100.63","4,165.67","4,047.51",,0.87%
06/01/2022,"4,116.40","4,083.94","4,163.33","4,075.31",,0.90%
05/31/2022,"4,079.85","4,136.32","4,219.27","4,074.46",,-0.78%
05/27/2022,"4,112.01","4,076.01","4,113.77","4,047.71",,0.89%
05/26/2022,"4,075.89","4,003.75","4,100.25","3,992.40",,1.80%
05/25/2022,"4,003.63","3,988.69","4,019.13","3,979.40",,0.38%
05/24/2022,"3,988.58","4,005.21","4,016.30","3,956.62",,-0.40%
05/23/2022,"4,004.79","3,971.58","4,010.46","3,961.95",,0.84%
05/20/2022,"3,971.23","3,974.76","3,994.46","3,936.63",,-0.09%
05/19/2022,"3,974.64","3,913.88","3,977.01","3,819.31",,1.56%
05/18/2022,"3,913.76","4,005.23","4,037.51","3,897.80",,-2.28%
05/17/2022,"4,005.18","4,026.07","4,063.29","4,001.87",,-0.51%
05/16/2022,"4,025.91","3,945.64","4,035.65","3,912.98",,2.21%
05/13/2022,"3,938.94","3,860.37","3,944.72","3,860.32",,2.04%
05/12/2022,"3,860.27","3,857.71","3,874.66","3,773.24",,0.07%
05/11/2022,"3,857.54","3,731.38","3,870.59","3,713.46",,3.33%
05/10/2022,"3,733.11","3,778.92","3,805.85","3,715.74",,-1.22%
05/09/2022,"3,779.16","3,955.53","3,973.78","3,768.01",,-4.45%
05/06/2022,"3,955.30","3,974.71","4,010.27","3,928.56",,-0.48%
05/05/2022,"3,974.44","3,959.96","4,033.04","3,930.06",,0.40%
05/04/2022,"3,958.50","3,837.05","3,974.26","3,837.04",,3.17%
05/03/2022,"3,837.06","3,903.18","3,929.54","3,828.27",,-1.69%
05/02/2022,"3,903.09","3,880.46","3,912.60","3,795.64",,0.52%
04/29/2022,"3,882.99","3,884.70","3,947.71","3,874.57",,-0.04%
04/28/2022,"3,884.43","3,844.60","3,891.79","3,809.62",,1.03%
04/27/2022,"3,844.82","3,809.04","3,854.74","3,783.80",,0.99%
04/26/2022,"3,807.18","3,730.04","3,829.95","3,725.83",,2.08%
04/25/2022,"3,729.64","3,822.12","3,822.12","3,662.11",,-2.42%
04/22/2022,"3,822.05","3,873.18","3,886.72","3,811.14",,-1.32%
04/21/2022,"3,873.08","3,852.99","3,904.79","3,842.65",,0.52%
04/20/2022,"3,852.90","3,846.90","3,890.25","3,802.46",,0.16%
04/19/2022,"3,846.81","3,981.80","4,001.11","3,832.44",,-3.40%
04/18/2022,"3,982.14","3,933.52","4,022.36","3,925.49",,1.50%
04/14/2022,"3,923.40","3,852.72","3,933.63","3,826.29",,1.83%
04/13/2022,"3,852.81","3,760.01","3,856.94","3,746.66",,2.46%
04/12/2022,"3,760.31","3,617.61","3,778.93","3,617.61",,3.95%
04/11/2022,"3,617.53","3,679.60","3,679.82","3,584.51",,-1.79%
04/08/2022,"3,683.37","3,621.52","3,691.22","3,610.67",,1.71%
04/07/2022,"3,621.45","3,640.37","3,684.76","3,580.05",,-0.52%
04/06/2022,"3,640.30","3,748.39","3,791.14","3,634.35",,-2.89%
04/05/2022,"3,748.48","3,762.94","3,813.12","3,738.71",,-0.38%
04/04/2022,"3,762.87","3,673.13","3,780.75","3,666.69",,2.29%
04/01/2022,"3,678.74","3,693.94","3,718.15","3,637.18",,-0.41%
03/31/2022,"3,693.88","3,826.85","3,828.61","3,683.00",,-3.56%
03/30/2022,"3,830.18","3,755.18","3,856.50","3,739.56",,2.61%
03/29/2022,"3,732.62","3,806.95","3,838.97","3,616.03",,-1.98%
03/28/2022,"3,808.18","3,963.21","3,963.21","3,786.09",,-4.47%
03/25/2022,"3,986.33","3,945.01","3,988.50","3,877.92",,0.88%
03/24/2022,"3,951.41","3,990.31","4,027.85","3,920.42",,-1.03%
03/23/2022,"3,992.66","3,850.59","3,998.69","3,827.48",,3.69%
03/22/2022,"3,850.54","3,855.89","3,932.00","3,792.35",,-0.13%
03/21/2022,"3,855.36","3,700.59","3,868.03","3,700.59",,4.19%
03/18/2022,"3,700.45","3,687.92","3,742.66","3,656.86",,0.34%
03/17/2022,"3,687.88","3,490.37","3,699.33","3,490.37",,5.66%
03/16/2022,"3,490.32","3,534.14","3,605.27","3,477.55",,-1.24%
03/15/2022,"3,534.10","3,651.83","3,651.83","3,463.81",,-3.22%
03/14/2022,"3,651.79","3,765.68","3,765.68","3,607.15",,-3.34%
03/11/2022,"3,777.80","3,710.42","3,799.25","3,648.37",,2.13%
03/10/2022,"3,698.86","3,798.10","3,902.55","3,694.94",,-2.16%
03/09/2022,"3,780.44","4,167.49","4,233.32","3,700.92",,-8.95%
03/08/2022,"4,152.16","4,053.79","4,310.02","3,997.22",,2.77%
03/07/2022,"4,040.19","4,014.97","4,205.66","3,967.18",,3.03%
03/04/2022,"3,921.46","3,746.90","3,923.08","3,737.45",,5.02%
03/03/2022,"3,733.85","3,740.09","3,925.91","3,695.12",,-0.03%
03/02/2022,"3,734.89","3,584.42","3,771.91","3,582.73",,4.96%
03/01/2022,"3,558.34","3,371.77","3,607.75","3,371.77",,5.61%
02/28/2022,"3,369.30","3,345.55","3,411.10","3,345.55",,3.13%
02/25/2022,"3,266.91","3,359.40","3,393.94","3,243.77",,-2.24%
02/24/2022,"3,341.86","3,304.05","3,504.27","3,303.72",,1.33%
02/23/2022,"3,298.06","3,284.38","3,325.80","3,260.21",,0.40%
02/22/2022,"3,284.85","3,241.50","3,334.97","3,241.50",,1.97%
02/18/2022,"3,221.50","3,212.12","3,240.19","3,164.12",,0.26%
02/17/2022,"3,213.10","3,239.99","3,239.99","3,189.97",,-0.93%
02/16/2022,"3,243.34","3,196.65","3,261.20","3,186.95",,1.46%
02/15/2022,"3,196.61","3,265.57","3,265.59","3,171.26",,-2.10%
02/14/2022,"3,265.29","3,220.03","3,270.38","3,203.31",,1.45%
02/11/2022,"3,218.69","3,174.23","3,243.09","3,146.93",,1.38%
02/10/2022,"3,174.80","3,179.93","3,219.84","3,167.67",,-0.09%
02/09/2022,"3,177.71","3,149.79","3,185.14","3,132.19",,0.98%
02/08/2022,"3,147.01","3,183.71","3,188.63","3,127.82",,-1.14%
02/07/2022,"3,183.16","3,182.95","3,212.73","3,172.42",,-0.31%
02/04/2022,"3,193.10","3,152.56","3,210.30","3,152.56",,1.26%
02/03/2022,"3,153.45","3,132.86","3,154.66","3,093.44",,0.66%
02/02/2022,"3,132.84","3,111.98","3,159.37","3,110.22",,0.67%
02/01/2022,"3,112.00","3,099.49","3,125.74","3,073.53",,0.47%
01/31/2022,"3,097.53","3,089.84","3,120.34","3,064.66",,0.56%
01/28/2022,"3,080.42","3,072.48","3,115.47","3,067.47",,0.59%
01/27/2022,"3,062.50","3,076.43","3,094.80","3,048.50",,-0.45%
01/26/2022,"3,076.41","3,032.06","3,086.18","3,021.55",,1.39%
01/25/2022,"3,034.14","2,987.16","3,035.42","2,984.95",,1.57%
01/24/2022,"2,987.15","3,034.05","3,042.16","2,955.22",,-1.20%
01/21/2022,"3,023.37","3,024.06","3,031.88","2,976.05",,-0.42%
01/20/2022,"3,035.98","3,027.21","3,058.32","3,009.97",,0.07%
01/19/2022,"3,033.77","3,008.10","3,048.60","3,005.59",,1.20%
01/18/2022,"2,997.69","2,963.20","3,007.23","2,963.20",,1.17%
01/14/2022,"2,963.09","2,927.33","2,967.73","2,919.81",,1.13%
01/13/2022,"2,929.90","2,954.83","2,956.08","2,921.63",,-0.84%
01/12/2022,"2,954.65","2,913.33","2,960.26","2,912.40",,1.42%
01/11/2022,"2,913.26","2,843.57","2,916.67","2,843.57",,2.45%
01/10/2022,"2,843.56","2,856.69","2,878.30","2,837.19",,-0.57%
01/07/2022,"2,859.88","2,858.53","2,879.83","2,848.37",,0.06%
01/06/2022,"2,858.13","2,837.16","2,872.94","2,811.86",,0.50%
01/05/2022,"2,843.81","2,823.08","2,856.85","2,814.91",,0.73%
01/04/2022,"2,823.22","2,790.48","2,832.04","2,785.68",,1.15%
01/03/2022,"2,791.08","2,780.15","2,804.94","2,761.37",,0.59%
12/31/2021,"2,774.73","2,808.42","2,815.09","2,771.25",,-1.20%
12/30/2021,"2,808.29","2,813.10","2,826.61","2,799.06",,-0.15%
12/29/2021,"2,812.38","2,800.43","2,832.94","2,790.18",,0.46%
12/28/2021,"2,799.40","2,803.88","2,828.55","2,796.84",,-0.06%
12/27/2021,"2,801.15","2,760.69","2,809.36","2,740.52",,1.47%
12/23/2021,"2,760.66","2,738.64","2,762.85","2,732.39",,0.81%
12/22/2021,"2,738.50","2,694.27","2,742.43","2,693.44",,1.69%
12/21/2021,"2,692.89","2,628.97","2,699.12","2,623.97",,2.63%
12/20/2021,"2,623.87","2,656.93","2,657.18","2,582.49",,-1.78%
12/17/2021,"2,671.34","2,695.94","2,700.77","2,655.07",,-1.06%
12/16/2021,"2,699.95","2,659.52","2,709.79","2,659.37",,1.82%
12/15/2021,"2,651.59","2,660.52","2,662.33","2,632.50",,-0.48%
12/14/2021,"2,664.25","2,678.77","2,689.37","2,643.84",,-0.55%
12/13/2021,"2,678.89","2,692.92","2,719.33","2,675.56",,-0.43%
12/10/2021,"2,690.55","2,674.86","2,703.39","2,660.77",,0.53%
12/09/2021,"2,676.28","2,704.62","2,719.83","2,668.89",,-1.01%
12/08/2021,"2,703.47","2,687.73","2,712.85","2,672.86",,0.52%
12/07/2021,"2,689.43","2,640.04","2,705.79","2,640.04",,1.97%
12/06/2021,"2,637.53","2,603.54","2,649.78","2,596.71",,1.74%
12/03/2021,"2,592.32","2,597.02","2,650.08","2,585.16",,0.18%
12/02/2021,"2,587.56","2,573.21","2,607.90","2,512.32",,0.56%
12/01/2021,"2,573.24","2,585.56","2,649.17","2,570.38",,-0.22%
11/30/2021,"2,578.94","2,685.69","2,699.97","2,549.14",,-3.69%
11/29/2021,"2,677.82","2,694.21","2,747.79","2,659.60",,0.47%
11/26/2021,"2,665.23","2,860.06","2,860.06","2,642.94",,-7.07%
11/24/2021,"2,868.01","2,863.58","2,882.72","2,858.23",,0.09%
11/23/2021,"2,865.33","2,820.32","2,870.05","2,797.13",,1.60%
11/22/2021,"2,820.31","2,796.00","2,825.32","2,781.16",,0.74%
11/19/2021,"2,799.49","2,837.60","2,866.67","2,780.77",,-1.37%
11/18/2021,"2,838.48","2,824.62","2,846.01","2,805.48",,0.48%
11/17/2021,"2,824.88","2,863.03","2,863.03","2,817.62",,-1.39%
11/16/2021,"2,864.78","2,862.02","2,883.67","2,851.87",,0.07%
11/15/2021,"2,862.72","2,865.15","2,866.45","2,830.65",,0.06%
11/12/2021,"2,861.13","2,873.63","2,875.32","2,836.49",,-0.50%
11/11/2021,"2,875.65","2,857.08","2,884.18","2,840.79",,0.65%
11/10/2021,"2,857.04","2,894.92","2,905.39","2,847.38",,-1.18%
11/09/2021,"2,891.04","2,868.24","2,893.04","2,858.20",,0.79%
11/08/2021,"2,868.30","2,855.26","2,881.84","2,855.26",,0.47%
11/05/2021,"2,854.84","2,826.83","2,864.43","2,814.21",,1.23%
11/04/2021,"2,820.23","2,849.92","2,912.21","2,812.68",,-1.22%
11/03/2021,"2,855.15","2,915.30","2,915.30","2,842.67",,-2.06%
11/02/2021,"2,915.29","2,912.47","2,924.52","2,896.20",,0.10%
11/01/2021,"2,912.47","2,891.85","2,922.85","2,876.04",,0.71%
10/29/2021,"2,891.95","2,897.52","2,906.14","2,859.47",,-0.17%
10/28/2021,"2,896.80","2,900.72","2,902.83","2,851.36",,-0.14%
10/27/2021,"2,900.76","2,940.42","2,940.42","2,888.31",,-1.35%
10/26/2021,"2,940.41","2,931.57","2,944.11","2,912.66",,0.26%
10/25/2021,"2,932.77","2,901.02","2,949.16","2,901.02",,1.10%
10/22/2021,"2,901.01","2,880.21","2,912.83","2,866.87",,0.72%
10/21/2021,"2,880.20","2,929.12","2,940.45","2,853.63",,-1.67%
10/20/2021,"2,929.12","2,900.06","2,929.96","2,869.51",,1.00%
10/19/2021,"2,900.14","2,892.87","2,916.73","2,874.00",,0.25%
10/18/2021,"2,892.87","2,914.03","2,933.55","2,816.40",,-0.56%
10/15/2021,"2,909.18","2,882.63","2,918.25","2,881.96",,0.99%
10/14/2021,"2,880.62","2,847.59","2,890.44","2,847.59",,1.16%
10/13/2021,"2,847.58","2,847.32","2,853.46","2,824.29",,0.01%
10/12/2021,"2,847.23","2,853.71","2,868.79","2,833.71",,-0.23%
10/11/2021,"2,853.85","2,830.54","2,884.88","2,830.54",,0.82%
10/08/2021,"2,830.68","2,817.62","2,852.83","2,817.62",,0.59%
10/07/2021,"2,814.00","2,789.63","2,820.77","2,742.84",,0.87%
10/06/2021,"2,789.63","2,839.26","2,859.75","2,782.53",,-1.75%
10/05/2021,"2,839.25","2,799.46","2,848.17","2,795.84",,1.42%
10/04/2021,"2,799.45","2,754.60","2,823.01","2,745.92",,1.65%
10/01/2021,"2,754.10","2,733.43","2,756.91","2,720.65",,0.75%
09/30/2021,"2,733.49","2,718.13","2,746.37","2,691.26",,0.58%
09/29/2021,"2,717.85","2,733.00","2,736.12","2,699.11",,-0.55%
09/28/2021,"2,733.00","2,738.22","2,769.85","2,718.50",,-0.19%
09/27/2021,"2,738.28","2,694.19","2,742.21","2,694.19",,1.63%
09/24/2021,"2,694.35","2,675.77","2,697.87","2,665.34",,0.68%
09/23/2021,"2,676.16","2,642.98","2,677.99","2,634.70",,1.24%
09/22/2021,"2,643.30","2,593.58","2,644.37","2,593.58",,1.93%
09/21/2021,"2,593.27","2,595.60","2,621.70","2,569.00",,-0.09%
09/20/2021,"2,595.49","2,639.12","2,639.22","2,589.10",,-1.73%
09/17/2021,"2,641.05","2,659.13","2,661.75","2,631.06",,-0.69%
09/16/2021,"2,659.30","2,671.29","2,676.89","2,635.27",,-0.45%
09/15/2021,"2,671.24","2,616.86","2,685.19","2,616.75",,2.08%
09/14/2021,"2,616.86","2,612.91","2,630.28","2,608.38",,0.15%
09/13/2021,"2,612.90","2,602.37","2,621.26","2,601.66",,0.42%
09/10/2021,"2,601.89","2,569.50","2,606.26","2,557.87",,1.26%
09/09/2021,"2,569.49","2,586.48","2,598.40","2,557.89",,-0.66%
09/08/2021,"2,586.59","2,566.77","2,601.78","2,566.77",,0.77%
09/07/2021,"2,566.87","2,599.42","2,604.01","2,559.91",,-1.27%
09/03/2021,"2,599.99","2,603.76","2,620.39","2,594.67",,-0.14%
09/02/2021,"2,603.75","2,571.72","2,615.75","2,558.51",,1.25%
09/01/2021,"2,571.70","2,577.90","2,589.99","2,545.57",,-0.24%
08/31/2021,"2,577.95","2,589.35","2,597.36","2,565.22",,-0.44%
08/30/2021,"2,589.35","2,601.43","2,607.12","2,572.93",,0.11%
08/27/2021,"2,586.40","2,550.39","2,587.37","2,550.27",,1.44%
08/26/2021,"2,549.68","2,563.06","2,566.54","2,542.40",,-0.52%
08/25/2021,"2,563.06","2,542.06","2,565.30","2,528.16",,0.81%
08/24/2021,"2,542.42","2,496.28","2,544.80","2,491.06",,1.85%
08/23/2021,"2,496.20","2,417.95","2,500.29","2,417.67",,3.28%
08/20/2021,"2,416.90","2,448.25","2,458.98","2,414.77",,-1.19%
08/19/2021,"2,446.08","2,499.71","2,499.71","2,428.50",,-2.13%
08/18/2021,"2,499.32","2,519.55","2,534.18","2,491.39",,-0.80%
08/17/2021,"2,519.54","2,544.39","2,552.14","2,514.93",,-0.98%
08/16/2021,"2,544.43","2,565.23","2,565.23","2,517.65",,-0.80%
08/13/2021,"2,565.05","2,570.75","2,582.79","2,552.15",,-0.21%
08/12/2021,"2,570.54","2,566.22","2,583.49","2,546.10",,0.19%
08/11/2021,"2,565.60","2,545.80","2,567.15","2,518.84",,0.77%
08/10/2021,"2,545.93","2,502.13","2,555.73","2,502.13",,1.77%
08/09/2021,"2,501.68","2,543.04","2,543.04","2,482.30",,-1.83%
08/06/2021,"2,548.30","2,565.74","2,584.97","2,540.34",,-0.66%
08/05/2021,"2,565.16","2,544.81","2,573.38","2,533.46",,0.79%
08/04/2021,"2,544.96","2,584.22","2,595.15","2,541.19",,-1.56%
08/03/2021,"2,585.17","2,602.84","2,608.86","2,556.75",,-0.62%
08/02/2021,"2,601.28","2,637.65","2,639.29","2,587.95",,-1.42%
07/30/2021,"2,638.69","2,649.19","2,649.19","2,626.97",,-0.41%
07/29/2021,"2,649.45","2,612.03","2,649.96","2,609.51",,1.45%
07/28/2021,"2,611.61","2,599.16","2,616.55","2,597.16",,0.50%
07/27/2021,"2,598.66","2,612.81","2,622.37","2,589.65",,-0.45%
07/26/2021,"2,610.39","2,596.52","2,614.89","2,566.05",,0.53%
07/23/2021,"2,596.50","2,592.62","2,599.90","2,586.78",,0.15%
07/22/2021,"2,592.61","2,561.69","2,594.85","2,547.89",,1.19%
07/21/2021,"2,562.16","2,499.67","2,564.59","2,485.23",,2.50%
07/20/2021,"2,499.68","2,472.85","2,503.97","2,458.03",,1.21%
07/19/2021,"2,469.83","2,573.08","2,574.07","2,459.26",,-4.10%
07/16/2021,"2,575.47","2,571.42","2,587.56","2,554.40",,0.16%
07/15/2021,"2,571.39","2,591.37","2,591.37","2,561.22",,-0.77%
07/14/2021,"2,591.34","2,614.21","2,627.09","2,575.03",,-0.88%
07/13/2021,"2,614.23","2,587.10","2,618.65","2,577.46",,1.05%
07/12/2021,"2,587.05","2,583.97","2,590.41","2,555.13",,0.12%
07/09/2021,"2,583.98","2,549.37","2,587.43","2,543.66",,1.42%
07/08/2021,"2,547.74","2,539.60","2,551.46","2,511.78",,0.34%
07/07/2021,"2,538.99","2,565.87","2,600.59","2,516.38",,-0.94%
07/06/2021,"2,563.19","2,635.70","2,663.41","2,556.25",,-2.33%
07/02/2021,"2,624.37","2,620.07","2,632.62","2,605.85",,0.17%
07/01/2021,"2,619.85","2,597.90","2,656.64","2,595.76",,0.85%
06/30/2021,"2,597.79","2,568.97","2,608.39","2,559.00",,1.12%
06/29/2021,"2,568.97","2,563.03","2,589.93","2,542.41",,0.22%
06/28/2021,"2,563.32","2,568.98","2,578.10","2,558.73",,-0.21%
06/25/2021,"2,568.65","2,562.14","2,573.41","2,541.47",,0.25%
06/24/2021,"2,562.19","2,560.79","2,563.01","2,535.44",,0.05%
06/23/2021,"2,560.79","2,546.25","2,582.55","2,545.67",,0.57%
06/22/2021,"2,546.25","2,547.43","2,560.33","2,536.38",,-0.03%
06/21/2021,"2,547.10","2,522.71","2,548.61","2,497.72",,1.06%
06/18/2021,"2,520.48","2,498.65","2,527.91","2,485.93",,0.88%
06/17/2021,"2,498.54","2,565.66","2,565.66","2,483.02",,-2.73%
06/16/2021,"2,568.70","2,567.56","2,587.20","2,562.25",,0.06%
06/15/2021,"2,567.25","2,566.67","2,573.52","2,553.42",,0.03%
06/14/2021,"2,566.49","2,578.46","2,580.97","2,561.74",,-0.47%
06/11/2021,"2,578.60","2,576.28","2,586.53","2,566.42",,0.08%
06/10/2021,"2,576.52","2,567.19","2,583.13","2,545.16",,0.33%
06/09/2021,"2,567.92","2,566.38","2,578.92","2,555.11",,0.06%
06/08/2021,"2,566.41","2,546.32","2,569.76","2,536.92",,0.79%
06/07/2021,"2,546.31","2,560.70","2,576.86","2,544.79",,-0.55%
06/04/2021,"2,560.49","2,528.34","2,563.22","2,521.03",,1.27%
06/03/2021,"2,528.33","2,548.58","2,565.39","2,517.18",,-0.79%
06/02/2021,"2,548.44","2,533.06","2,551.30","2,532.17",,0.60%
06/01/2021,"2,533.35","2,496.66","2,562.22","2,496.66",,1.71%
05/28/2021,"2,490.86","2,500.35","2,510.98","2,488.51",,-0.36%
05/27/2021,"2,499.92","2,465.28","2,500.31","2,454.37",,1.40%
05/26/2021,"2,465.28","2,458.76","2,472.03","2,440.49",,0.27%
05/25/2021,"2,458.65","2,467.24","2,476.33","2,453.72",,-0.34%
05/24/2021,"2,466.98","2,429.40","2,468.52","2,421.56",,1.55%
05/21/2021,"2,429.32","2,410.88","2,438.52","2,395.79",,0.79%
05/20/2021,"2,410.27","2,434.33","2,450.13","2,405.53",,-0.99%
05/19/2021,"2,434.33","2,489.88","2,489.96","2,405.78",,-2.31%
05/18/2021,"2,491.80","2,499.00","2,522.97","2,468.50",,-0.29%
05/17/2021,"2,498.99","2,470.65","2,501.56","2,466.72",,1.15%
05/14/2021,"2,470.55","2,453.89","2,484.47","2,443.10",,0.68%
05/13/2021,"2,453.89","2,527.24","2,527.24","2,443.52",,-2.90%
05/12/2021,"2,527.27","2,517.67","2,545.78","2,516.59",,0.40%
05/11/2021,"2,517.15","2,500.23","2,522.04","2,482.21",,0.66%
05/10/2021,"2,500.64","2,515.69","2,532.55","2,484.43",,-0.44%
05/07/2021,"2,511.61","2,494.08","2,515.46","2,487.13",,0.78%
05/06/2021,"2,492.06","2,489.73","2,507.92","2,480.00",,-0.07%
05/05/2021,"2,493.73","2,480.97","2,504.43","2,480.97",,0.52%
05/04/2021,"2,480.84","2,448.20","2,486.49","2,448.20",,1.35%
05/03/2021,"2,447.71","2,430.25","2,457.19","2,425.18",,0.75%
04/30/2021,"2,429.60","2,442.45","2,443.06","2,410.13",,-0.55%
04/29/2021,"2,443.04","2,424.43","2,458.99","2,420.87",,0.74%
04/28/2021,"2,425.09","2,410.66","2,446.22","2,393.45",,0.59%
04/27/2021,"2,410.89","2,391.74","2,419.20","2,391.74",,0.83%
04/26/2021,"2,390.97","2,372.40","2,396.31","2,359.23",,0.75%
04/23/2021,"2,373.13","2,359.09","2,376.52","2,349.99",,0.78%
04/22/2021,"2,354.68","2,337.06","2,359.27","2,327.97",,0.63%
04/21/2021,"2,339.92","2,350.18","2,355.82","2,321.71",,-0.44%
04/20/2021,"2,350.18","2,357.63","2,379.77","2,331.92",,-0.26%
04/19/2021,"2,356.22","2,344.49","2,362.97","2,338.74",,0.38%
04/16/2021,"2,347.30","2,353.99","2,363.61","2,345.26",,-0.29%
04/15/2021,"2,354.16","2,341.08","2,355.53","2,334.11",,0.54%
04/14/2021,"2,341.50","2,275.85","2,346.41","2,275.75",,2.92%
04/13/2021,"2,275.12","2,259.80","2,283.99","2,257.20",,0.69%
04/12/2021,"2,259.43","2,264.60","2,285.87","2,247.76",,-0.17%
04/09/2021,"2,263.29","2,270.25","2,276.36","2,258.39",,-0.31%
04/08/2021,"2,270.42","2,256.52","2,275.20","2,248.31",,0.59%
04/07/2021,"2,257.02","2,249.57","2,262.45","2,229.43",,0.29%
04/06/2021,"2,250.41","2,233.36","2,281.61","2,233.34",,0.91%
04/05/2021,"2,230.04","2,276.61","2,278.28","2,213.72",,-2.04%
04/01/2021,"2,276.58","2,244.43","2,282.64","2,238.75",,1.41%
03/31/2021,"2,244.83","2,252.13","2,276.11","2,240.25",,-0.33%
03/30/2021,"2,252.28","2,279.23","2,288.69","2,245.40",,-1.18%
03/29/2021,"2,279.23","2,274.48","2,288.08","2,246.29",,0.12%
03/26/2021,"2,276.53","2,221.22","2,282.87","2,221.18",,2.53%
03/25/2021,"2,220.25","2,276.50","2,276.50","2,200.99",,-2.52%
03/24/2021,"2,277.53","2,215.89","2,279.70","2,204.97",,2.78%
03/23/2021,"2,215.89","2,284.34","2,284.34","2,209.10",,-2.99%
03/22/2021,"2,284.29","2,277.91","2,292.51","2,259.55",,0.11%
03/19/2021,"2,281.74","2,249.93","2,288.14","2,230.38",,1.24%
03/18/2021,"2,253.80","2,346.41","2,351.69","2,245.00",,-3.95%
03/17/2021,"2,346.59","2,355.77","2,364.68","2,329.70",,-0.32%
03/16/2021,"2,354.15","2,362.67","2,364.06","2,333.26",,-0.35%
03/15/2021,"2,362.43","2,363.15","2,380.09","2,339.82",,-0.06%
03/12/2021,"2,363.92","2,369.64","2,373.94","2,355.72",,-0.24%
03/11/2021,"2,369.66","2,333.73","2,371.13","2,333.72",,1.61%
03/10/2021,"2,332.18","2,330.04","2,342.24","2,308.11",,0.08%
03/09/2021,"2,330.28","2,343.70","2,361.47","2,322.57",,-0.61%
03/08/2021,"2,344.47","2,369.86","2,408.95","2,336.73",,-0.80%
03/05/2021,"2,363.47","2,317.83","2,369.77","2,307.72",,2.08%
03/04/2021,"2,315.25","2,276.49","2,339.84","2,253.54",,1.42%
03/03/2021,"2,282.83","2,267.68","2,294.57","2,264.28",,0.56%
03/02/2021,"2,270.10","2,270.04","2,293.16","2,243.72",,-0.14%
03/01/2021,"2,273.27","2,309.14","2,327.16","2,260.96",,-0.91%
02/26/2021,"2,294.25","2,349.09","2,349.24","2,292.03",,-2.39%
02/25/2021,"2,350.45","2,356.97","2,371.82","2,335.93",,-0.13%
02/24/2021,"2,353.48","2,310.65","2,355.87","2,300.96",,1.69%
02/23/2021,"2,314.32","2,312.46","2,343.38","2,290.31",,0.05%
02/22/2021,"2,313.07","2,262.91","2,313.38","2,262.91",,2.30%
02/19/2021,"2,261.05","2,266.95","2,286.94","2,238.37",,-0.57%
02/18/2021,"2,273.99","2,280.98","2,300.26","2,261.29",,-0.08%
02/17/2021,"2,275.78","2,260.52","2,284.30","2,250.10",,0.61%
02/16/2021,"2,261.93","2,237.05","2,266.18","2,237.05",,1.36%
02/12/2021,"2,231.51","2,204.16","2,237.87","2,189.15",,1.14%
02/11/2021,"2,206.47","2,210.59","2,218.97","2,196.40",,-0.19%
02/10/2021,"2,210.57","2,211.64","2,217.65","2,200.77",,-0.05%
02/09/2021,"2,211.69","2,203.31","2,220.28","2,192.42",,0.40%
02/08/2021,"2,202.80","2,174.22","2,206.11","2,174.22",,1.57%
02/05/2021,"2,168.83","2,156.75","2,181.89","2,156.64",,0.74%
02/04/2021,"2,152.95","2,146.20","2,155.50","2,131.77",,0.37%
02/03/2021,"2,145.12","2,126.07","2,151.69","2,121.80",,1.05%
02/02/2021,"2,122.89","2,104.71","2,133.56","2,103.40",,0.85%
02/01/2021,"2,104.99","2,077.89","2,107.56","2,075.42",,1.46%
01/29/2021,"2,074.70","2,071.51","2,100.23","2,065.77",,0.10%
01/28/2021,"2,072.53","2,081.04","2,107.34","2,065.83",,-0.64%
01/27/2021,"2,085.83","2,088.37","2,100.28","2,066.26",,-0.12%
01/26/2021,"2,088.36","2,077.08","2,093.93","2,066.37",,0.54%
01/25/2021,"2,077.07","2,057.44","2,078.32","2,053.08",,0.96%
01/22/2021,"2,057.40","2,085.09","2,085.75","2,041.53",,-1.37%
01/21/2021,"2,086.05","2,087.09","2,091.89","2,078.92",,-0.07%
01/20/2021,"2,087.47","2,082.87","2,093.01","2,076.86",,0.31%
01/19/2021,"2,081.07","2,077.75","2,090.35","2,070.97",,0.14%
01/15/2021,"2,078.23","2,104.95","2,108.71","2,067.77",,-1.19%
01/14/2021,"2,103.25","2,086.96","2,105.50","2,072.87",,0.76%
01/13/2021,"2,087.32","2,092.21","2,113.11","2,081.68",,-0.17%
01/12/2021,"2,090.94","2,054.56","2,092.77","2,053.62",,1.76%
01/11/2021,"2,054.82","2,063.93","2,064.44","2,038.13",,-0.42%
01/08/2021,"2,063.40","2,045.29","2,065.37","2,042.50",,0.95%
01/07/2021,"2,044.08","2,039.96","2,056.26","2,031.83",,0.15%
01/06/2021,"2,040.94","2,030.70","2,054.17","2,027.74",,0.49%
01/05/2021,"2,030.94","1,968.15","2,036.64","1,967.21",,3.08%
01/04/2021,"1,970.19","1,978.92","2,022.90","1,962.74",,-0.34%
12/31/2020,"1,976.96","1,969.84","1,978.19","1,957.77",,0.40%
12/30/2020,"1,969.08","1,954.79","1,972.38","1,948.60",,0.78%
12/29/2020,"1,953.89","1,940.61","1,957.83","1,938.66",,0.71%
12/28/2020,"1,940.11","1,954.63","1,964.62","1,938.64",,-0.70%
12/24/2020,"1,953.80","1,952.05","1,962.81","1,943.91",,0.03%
12/23/2020,"1,953.17","1,923.28","1,960.76","1,906.02",,1.47%
12/22/2020,"1,924.90","1,940.22","1,944.37","1,911.05",,-0.87%
12/21/2020,"1,941.75","1,964.23","1,964.23","1,901.01",,-1.43%
12/18/2020,"1,969.94","1,952.89","1,972.92","1,950.91",,0.87%
12/17/2020,"1,953.00","1,932.88","1,956.05","1,932.86",,1.10%
12/16/2020,"1,931.84","1,922.64","1,933.60","1,917.38",,0.44%
12/15/2020,"1,923.29","1,908.16","1,924.37","1,900.68",,0.78%
12/14/2020,"1,908.34","1,900.77","1,920.58","1,886.63",,0.39%
12/11/2020,"1,900.89","1,904.90","1,915.21","1,890.95",,-0.20%
12/10/2020,"1,904.69","1,870.54","1,925.46","1,870.54",,1.83%
12/09/2020,"1,870.38","1,863.40","1,881.59","1,859.51",,0.37%
12/08/2020,"1,863.40","1,868.45","1,871.04","1,855.45",,-0.27%
12/07/2020,"1,868.40","1,877.21","1,883.68","1,852.82",,-0.61%
12/04/2020,"1,879.88","1,871.38","1,893.62","1,871.07",,0.48%
12/03/2020,"1,870.84","1,865.33","1,874.34","1,856.41",,0.11%
12/02/2020,"1,868.86","1,851.74","1,880.74","1,842.03",,0.71%
12/01/2020,"1,855.73","1,866.27","1,879.29","1,848.40",,-0.53%
11/30/2020,"1,865.57","1,875.36","1,882.95","1,855.94",,-0.64%
11/27/2020,"1,877.49","1,868.60","1,881.11","1,858.04",,0.13%
11/25/2020,"1,875.12","1,865.57","1,884.25","1,864.58",,0.48%
11/24/2020,"1,866.07","1,826.92","1,867.90","1,824.69",,2.18%
11/23/2020,"1,826.32","1,810.19","1,833.98","1,809.76",,0.97%
11/20/2020,"1,808.78","1,788.74","1,810.04","1,788.74",,0.99%
11/19/2020,"1,790.97","1,800.51","1,802.98","1,784.45",,-0.67%
11/18/2020,"1,803.01","1,788.48","1,814.62","1,783.58",,0.74%
11/17/2020,"1,789.82","1,785.37","1,794.62","1,771.68",,0.25%
11/16/2020,"1,785.37","1,766.49","1,800.17","1,764.40",,1.24%
11/13/2020,"1,763.43","1,778.68","1,780.43","1,761.16",,-1.05%
11/12/2020,"1,782.08","1,792.76","1,803.96","1,777.96",,-0.55%
11/11/2020,"1,791.95","1,792.82","1,827.43","1,789.43",,0.01%
11/10/2020,"1,791.84","1,758.80","1,792.62","1,746.19",,1.93%
11/09/2020,"1,758.00","1,710.51","1,783.00","1,710.51",,3.13%
11/06/2020,"1,704.65","1,730.97","1,731.63","1,703.22",,-1.70%
11/05/2020,"1,734.13","1,733.50","1,753.76","1,719.60",,0.03%
11/04/2020,"1,733.58","1,710.93","1,735.66","1,685.14",,1.81%
11/03/2020,"1,702.69","1,686.00","1,718.38","1,682.57",,1.01%
11/02/2020,"1,685.70","1,633.14","1,689.09","1,627.62",,1.24%
10/30/2020,"1,665.08","1,666.33","1,678.10","1,650.34",,-0.11%
10/29/2020,"1,666.96","1,695.71","1,701.64","1,637.04",,-1.56%
10/28/2020,"1,693.31","1,745.19","1,745.19","1,687.15",,-2.99%
10/27/2020,"1,745.59","1,727.59","1,751.57","1,725.05",,1.17%
10/26/2020,"1,725.44","1,743.28","1,743.32","1,717.61",,-1.57%
10/23/2020,"1,752.94","1,766.47","1,771.97","1,747.17",,-0.75%
10/22/2020,"1,766.20","1,758.44","1,777.66","1,750.57",,0.38%
10/21/2020,"1,759.47","1,782.24","1,784.60","1,755.72",,-1.28%
10/20/2020,"1,782.33","1,768.92","1,785.47","1,758.60",,0.73%
10/19/2020,"1,769.38","1,772.77","1,780.12","1,766.02",,-0.13%
10/16/2020,"1,771.66","1,773.52","1,778.41","1,760.02",,-0.17%
10/15/2020,"1,774.64","1,769.44","1,775.43","1,734.05",,0.28%
10/14/2020,"1,769.68","1,751.21","1,770.74","1,741.39",,1.06%
10/13/2020,"1,751.14","1,741.40","1,759.97","1,738.67",,0.57%
10/12/2020,"1,741.29","1,767.48","1,769.08","1,737.13",,-1.50%
10/09/2020,"1,767.72","1,765.36","1,783.08","1,761.95",,0.23%
10/08/2020,"1,763.64","1,739.63","1,768.26","1,736.82",,1.39%
10/07/2020,"1,739.48","1,733.35","1,742.66","1,721.78",,-0.28%
10/06/2020,"1,744.40","1,713.03","1,755.35","1,711.08",,1.83%
10/05/2020,"1,713.02","1,663.97","1,723.72","1,663.97",,2.93%
10/02/2020,"1,664.18","1,692.16","1,692.16","1,649.11",,-1.74%
10/01/2020,"1,693.71","1,726.27","1,736.56","1,672.93",,-1.92%
09/30/2020,"1,726.81","1,700.72","1,729.44","1,682.41",,1.54%
09/29/2020,"1,700.69","1,728.89","1,732.71","1,684.75",,-1.62%
09/28/2020,"1,728.71","1,717.29","1,731.73","1,709.06",,0.67%
09/25/2020,"1,717.18","1,717.03","1,728.52","1,707.31",,-0.07%
09/24/2020,"1,718.34","1,714.00","1,720.41","1,698.54",,0.21%
09/23/2020,"1,714.71","1,715.26","1,730.67","1,698.16",,-0.07%
09/22/2020,"1,715.84","1,717.82","1,731.20","1,705.53",,0.17%
09/21/2020,"1,712.88","1,761.67","1,767.94","1,702.42",,-2.98%
09/18/2020,"1,765.48","1,757.18","1,770.82","1,746.09",,0.51%
09/17/2020,"1,756.60","1,735.44","1,760.46","1,715.89",,1.21%
09/16/2020,"1,735.68","1,701.60","1,737.49","1,700.94",,1.98%
09/15/2020,"1,701.90","1,688.84","1,706.11","1,684.93",,0.77%
09/14/2020,"1,688.83","1,686.05","1,697.48","1,681.64",,0.14%
09/11/2020,"1,686.43","1,683.47","1,697.09","1,672.53",,0.09%
09/10/2020,"1,684.86","1,694.96","1,702.61","1,681.25",,-0.68%
09/09/2020,"1,696.33","1,670.10","1,703.47","1,664.22",,1.35%
09/08/2020,"1,673.75","1,728.47","1,729.18","1,659.76",,-3.61%
09/04/2020,"1,736.50","1,753.07","1,772.82","1,728.09",,-1.07%
09/03/2020,"1,755.26","1,769.69","1,773.77","1,736.76",,-0.81%
09/02/2020,"1,769.58","1,799.66","1,808.57","1,765.70",,-1.68%
09/01/2020,"1,799.76","1,792.40","1,814.08","1,792.00",,0.43%
08/31/2020,"1,792.03","1,800.98","1,816.64","1,790.84",,-0.48%
08/28/2020,"1,800.71","1,795.12","1,806.99","1,791.15",,0.31%
08/27/2020,"1,795.10","1,800.12","1,804.84","1,780.24",,-0.29%
08/26/2020,"1,800.33","1,801.93","1,808.59","1,794.28",,-0.05%
08/25/2020,"1,801.15","1,780.53","1,804.22","1,780.03",,1.08%
08/24/2020,"1,781.83","1,770.50","1,788.54","1,766.60",,0.80%
08/21/2020,"1,767.73","1,783.39","1,789.68","1,750.68",,-0.83%
08/20/2020,"1,782.47","1,791.71","1,791.71","1,761.32",,-0.62%
08/19/2020,"1,793.58","1,792.09","1,794.71","1,782.02",,0.09%
08/18/2020,"1,792.04","1,786.36","1,794.96","1,778.06",,0.28%
08/17/2020,"1,786.96","1,762.25","1,787.63","1,762.25",,1.43%
08/14/2020,"1,761.73","1,760.85","1,768.40","1,751.68",,0.03%
08/13/2020,"1,761.11","1,761.12","1,766.52","1,756.04",,-0.10%
08/12/2020,"1,762.90","1,741.30","1,766.87","1,732.95",,1.20%
08/11/2020,"1,742.00","1,753.46","1,767.59","1,740.67",,-0.64%
08/10/2020,"1,753.29","1,738.01","1,760.89","1,738.01",,0.90%
08/07/2020,"1,737.71","1,762.94","1,767.38","1,733.51",,-1.33%
08/06/2020,"1,761.18","1,767.70","1,779.46","1,755.26",,-0.29%
08/05/2020,"1,766.33","1,747.87","1,792.78","1,745.37",,1.05%
08/04/2020,"1,748.00","1,735.23","1,754.95","1,717.83",,0.57%
08/03/2020,"1,738.12","1,716.04","1,742.79","1,701.04",,1.44%
07/31/2020,"1,713.46","1,709.35","1,720.15","1,701.52",,0.61%
07/30/2020,"1,703.09","1,732.19","1,733.62","1,675.04",,-1.63%
07/29/2020,"1,731.38","1,721.16","1,734.53","1,719.38",,0.59%
07/28/2020,"1,721.22","1,728.17","1,740.32","1,716.14",,-0.35%
07/27/2020,"1,727.25","1,722.13","1,735.84","1,709.56",,0.16%
07/24/2020,"1,724.45","1,723.34","1,729.87","1,711.37",,0.10%
07/23/2020,"1,722.69","1,733.18","1,746.13","1,719.41",,-0.59%
07/22/2020,"1,732.83","1,727.60","1,734.54","1,711.49",,0.14%
07/21/2020,"1,730.46","1,699.29","1,740.36","1,699.01",,1.75%
07/20/2020,"1,700.69","1,701.50","1,703.39","1,679.50",,-0.05%
07/17/2020,"1,701.48","1,705.70","1,708.43","1,689.55",,-0.25%
07/16/2020,"1,705.73","1,714.05","1,714.74","1,701.85",,-0.48%
07/15/2020,"1,714.04","1,695.84","1,714.81","1,687.64",,1.25%
07/14/2020,"1,692.84","1,697.25","1,702.22","1,672.13",,-0.27%
07/13/2020,"1,697.36","1,706.33","1,708.58","1,690.39",,-0.61%
07/10/2020,"1,707.73","1,689.42","1,711.07","1,668.56",,1.09%
07/09/2020,"1,689.33","1,708.46","1,716.65","1,686.79",,-1.12%
07/08/2020,"1,708.51","1,697.72","1,711.67","1,692.86",,0.50%
07/07/2020,"1,700.01","1,695.73","1,706.32","1,679.35",,0.27%
07/06/2020,"1,695.44","1,688.26","1,704.94","1,684.51",,0.43%
07/02/2020,"1,688.22","1,667.20","1,689.79","1,662.18",,1.26%
07/01/2020,"1,667.29","1,654.50","1,680.72","1,646.91",,1.00%
06/30/2020,"1,650.79","1,646.16","1,665.72","1,635.45",,0.30%
06/29/2020,"1,645.87","1,613.77","1,649.34","1,596.49",,2.02%
06/26/2020,"1,613.28","1,624.06","1,639.18","1,600.06",,-0.66%
06/25/2020,"1,624.06","1,615.84","1,631.16","1,595.13",,0.37%
06/24/2020,"1,617.99","1,668.55","1,675.35","1,607.63",,-3.26%
06/23/2020,"1,672.50","1,680.10","1,693.13","1,653.60",,-0.26%
06/22/2020,"1,676.86","1,662.38","1,677.30","1,651.99",,0.91%
06/19/2020,"1,661.65","1,647.15","1,677.14","1,639.57",,1.00%
06/18/2020,"1,645.20","1,628.81","1,646.58","1,616.29",,0.86%
06/17/2020,"1,631.17","1,628.08","1,643.01","1,613.41",,-0.21%
06/16/2020,"1,634.60","1,611.99","1,652.90","1,601.34",,1.61%
06/15/2020,"1,608.66","1,588.87","1,611.27","1,557.64",,0.93%
06/12/2020,"1,593.83","1,596.12","1,615.75","1,560.85",,-0.16%
06/11/2020,"1,596.44","1,665.05","1,665.05","1,579.46",,-4.03%
06/10/2020,"1,663.52","1,650.71","1,668.92","1,633.86",,0.77%
06/09/2020,"1,650.87","1,642.31","1,653.14","1,618.37",,0.68%
06/08/2020,"1,639.79","1,664.43","1,682.52","1,637.05",,-1.37%
06/05/2020,"1,662.64","1,616.06","1,666.25","1,611.82",,2.85%
06/04/2020,"1,616.53","1,605.41","1,619.17","1,590.08",,0.67%
06/03/2020,"1,605.80","1,599.65","1,619.94","1,583.20",,0.40%
06/02/2020,"1,599.46","1,572.58","1,601.15","1,572.15",,1.73%
06/01/2020,"1,572.22","1,570.09","1,578.13","1,547.91",,0.09%
05/29/2020,"1,570.82","1,532.47","1,575.00","1,511.16",,2.53%
05/28/2020,"1,532.14","1,518.21","1,544.54","1,497.47",,0.75%
05/27/2020,"1,520.79","1,552.04","1,552.04","1,510.70",,-2.04%
05/26/2020,"1,552.49","1,524.46","1,562.37","1,524.10",,1.87%
05/22/2020,"1,523.96","1,542.25","1,545.89","1,485.98",,-1.19%
05/21/2020,"1,542.36","1,542.37","1,563.44","1,532.41",,0.00%
05/20/2020,"1,542.37","1,516.00","1,553.11","1,510.70",,1.70%
05/19/2020,"1,516.60","1,517.04","1,535.84","1,506.80",,0.04%
05/18/2020,"1,515.97","1,459.71","1,537.94","1,459.69",,3.93%
05/15/2020,"1,458.61","1,432.64","1,462.32","1,429.47",,1.86%
05/14/2020,"1,431.95","1,398.94","1,436.92","1,390.28",,2.58%
05/13/2020,"1,395.90","1,423.74","1,427.77","1,388.99",,-1.99%
05/12/2020,"1,424.31","1,416.52","1,434.08","1,413.44",,0.59%
05/11/2020,"1,416.02","1,444.00","1,455.72","1,411.63",,-1.95%
05/08/2020,"1,444.23","1,421.68","1,446.53","1,417.77",,1.85%
05/07/2020,"1,418.03","1,408.00","1,465.37","1,404.36",,0.47%
05/06/2020,"1,411.36","1,448.77","1,464.62","1,388.89",,-1.98%
05/05/2020,"1,439.80","1,368.74","1,441.93","1,368.23",,5.82%
05/04/2020,"1,360.58","1,334.82","1,368.28","1,322.16",,1.02%
05/01/2020,"1,346.90","1,358.57","1,372.17","1,323.81",,-0.22%
04/30/2020,"1,349.82","1,294.46","1,356.63","1,294.46",,4.48%
04/29/2020,"1,291.97","1,261.03","1,315.96","1,260.53",,2.53%
04/28/2020,"1,260.15","1,262.17","1,286.84","1,220.45",,-0.10%
04/27/2020,"1,261.38","1,321.24","1,323.02","1,247.65",,-4.55%
04/24/2020,"1,321.52","1,335.20","1,356.49","1,308.59",,-0.78%
04/23/2020,"1,331.94","1,296.10","1,376.44","1,288.30",,2.77%
04/22/2020,"1,296.10","1,270.15","1,336.88","1,204.65",,3.75%
04/21/2020,"1,249.25","1,427.97","1,447.53","1,193.37",,-11.77%
04/20/2020,"1,415.90","1,475.59","1,477.21","1,413.01",,-4.39%
04/17/2020,"1,480.90","1,482.64","1,507.78","1,476.23",,-0.03%
04/16/2020,"1,481.35","1,482.95","1,508.93","1,468.91",,-0.11%
04/15/2020,"1,482.94","1,523.32","1,537.75","1,473.31",,-2.73%
04/14/2020,"1,524.48","1,560.05","1,579.45","1,521.43",,-2.20%
04/13/2020,"1,558.77","1,558.49","1,597.23","1,544.09",,-0.07%
04/09/2020,"1,559.83","1,592.76","1,657.66","1,558.58",,-1.53%
04/08/2020,"1,584.11","1,573.57","1,605.23","1,562.47",,1.25%
04/07/2020,"1,564.51","1,597.21","1,623.42","1,563.29",,-1.53%
04/06/2020,"1,588.88","1,610.71","1,621.23","1,563.98",,-1.36%
04/03/2020,"1,610.74","1,543.51","1,639.34","1,515.72",,4.36%
04/02/2020,"1,543.51","1,448.95","1,634.15","1,448.95",,6.81%
04/01/2020,"1,445.11","1,490.56","1,494.70","1,443.37",,-3.29%
03/31/2020,"1,494.34","1,493.02","1,523.93","1,486.08",,0.35%
03/30/2020,"1,489.07","1,513.10","1,513.10","1,471.13",,-2.64%
03/27/2020,"1,529.41","1,557.06","1,570.23","1,518.47",,-1.74%
03/26/2020,"1,556.48","1,597.34","1,600.33","1,550.89",,-2.64%
03/25/2020,"1,598.66","1,592.35","1,613.38","1,558.95",,1.04%
03/24/2020,"1,582.28","1,549.96","1,598.13","1,549.03",,2.64%
03/23/2020,"1,541.62","1,514.59","1,548.18","1,487.80",,0.78%
03/20/2020,"1,529.65","1,571.74","1,651.81","1,523.79",,-2.95%
03/19/2020,"1,576.10","1,467.84","1,608.91","1,467.84",,7.38%
03/18/2020,"1,467.82","1,601.60","1,614.27","1,458.65",,-8.36%
03/17/2020,"1,601.75","1,635.77","1,669.61","1,598.75",,-1.84%
03/16/2020,"1,631.75","1,728.66","1,728.66","1,621.57",,-6.50%
03/13/2020,"1,745.17","1,757.14","1,821.67","1,728.98",,-0.69%
03/12/2020,"1,757.28","1,843.36","1,845.67","1,731.58",,-4.36%
03/11/2020,"1,837.36","1,874.84","1,924.54","1,828.60",,-2.01%
03/10/2020,"1,875.09","1,803.00","1,890.90","1,803.00",,4.25%
03/09/2020,"1,798.57","2,037.48","2,038.19","1,713.21",,-11.70%
03/06/2020,"2,036.99","2,162.32","2,164.25","2,033.39",,-5.62%
03/05/2020,"2,158.22","2,194.49","2,206.70","2,153.89",,-1.30%
03/04/2020,"2,186.72","2,190.97","2,221.25","2,182.39",,-0.25%
03/03/2020,"2,192.25","2,195.50","2,235.91","2,176.96",,0.61%
03/02/2020,"2,178.98","2,116.04","2,188.44","2,112.88",,2.91%
02/28/2020,"2,117.39","2,170.46","2,171.08","2,091.75",,-2.57%
02/27/2020,"2,173.16","2,218.86","2,218.86","2,140.34",,-2.20%
02/26/2020,"2,222.10","2,260.71","2,269.03","2,212.73",,-1.72%
02/25/2020,"2,261.09","2,297.57","2,314.25","2,256.86",,-1.65%
02/24/2020,"2,299.06","2,366.30","2,366.30","2,277.15",,-2.80%
02/21/2020,"2,365.33","2,376.19","2,378.20","2,348.53",,-0.66%
02/20/2020,"2,381.10","2,386.59","2,400.97","2,379.07",,-0.10%
02/19/2020,"2,383.45","2,353.46","2,386.99","2,347.51",,1.34%
02/18/2020,"2,352.03","2,338.42","2,353.24","2,319.89",,0.55%
02/14/2020,"2,339.17","2,326.00","2,347.70","2,320.37",,0.57%
02/13/2020,"2,326.00","2,320.80","2,336.40","2,301.17",,0.37%
02/12/2020,"2,317.46","2,278.37","2,325.10","2,278.37",,1.81%
02/11/2020,"2,276.18","2,267.09","2,294.53","2,267.09",,0.47%
02/10/2020,"2,265.54","2,286.37","2,295.26","2,263.14",,-1.18%
02/07/2020,"2,292.67","2,307.75","2,313.49","2,283.53",,-0.42%
02/06/2020,"2,302.32","2,296.63","2,331.69","2,281.63",,0.24%
02/05/2020,"2,296.78","2,261.43","2,320.38","2,261.43",,1.57%
02/04/2020,"2,261.31","2,265.59","2,307.43","2,259.57",,-0.26%
02/03/2020,"2,267.28","2,300.19","2,314.86","2,260.10",,-1.90%
01/31/2020,"2,311.29","2,329.48","2,359.75","2,299.63",,-0.82%
01/30/2020,"2,330.32","2,368.57","2,368.94","2,318.41",,-1.68%
01/29/2020,"2,370.22","2,383.09","2,401.32","2,362.73",,-0.41%
01/28/2020,"2,379.88","2,365.24","2,391.35","2,351.30",,0.52%
01/27/2020,"2,367.57","2,399.42","2,399.42","2,352.53",,-1.94%
01/24/2020,"2,414.38","2,459.02","2,467.03","2,407.35",,-1.78%
01/23/2020,"2,458.14","2,479.77","2,480.37","2,440.69",,-1.16%
01/22/2020,"2,487.05","2,525.43","2,527.00","2,482.20",,-1.55%
01/21/2020,"2,526.24","2,536.74","2,545.09","2,514.13",,-0.40%
01/17/2020,"2,536.32","2,529.98","2,540.78","2,525.79",,0.26%
01/16/2020,"2,529.86","2,527.56","2,541.19","2,520.59",,0.10%
01/15/2020,"2,527.43","2,539.35","2,545.13","2,518.68",,-0.53%
01/14/2020,"2,540.78","2,533.08","2,551.62","2,523.07",,0.32%
01/13/2020,"2,532.65","2,556.03","2,559.90","2,526.74",,-0.91%
01/10/2020,"2,555.87","2,559.01","2,567.24","2,548.92",,-0.12%
01/09/2020,"2,558.90","2,561.97","2,574.86","2,541.26",,-0.11%
01/08/2020,"2,561.66","2,655.40","2,693.53","2,550.65",,-2.56%
01/07/2020,"2,629.07","2,638.90","2,639.65","2,613.93",,-0.51%
01/06/2020,"2,642.50","2,653.00","2,680.64","2,633.83",,0.30%
01/03/2020,"2,634.55","2,595.76","2,663.30","2,595.76",,1.50%
01/02/2020,"2,595.65","2,591.79","2,604.75","2,584.43",,0.01%
01/01/2020,"2,595.29","2,595.29","2,595.29","2,595.29",,0.13%
12/31/2019,"2,591.86","2,611.99","2,615.47","2,586.25",,-0.76%
12/30/2019,"2,611.71","2,615.70","2,634.12","2,596.94",,-0.14%
12/27/2019,"2,615.49","2,612.20","2,620.89","2,605.76",,0.13%
12/26/2019,"2,611.97","2,589.86","2,613.77","2,589.73",,0.86%
12/24/2019,"2,589.70","2,572.96","2,592.78","2,571.90",,0.69%
12/23/2019,"2,572.07","2,573.72","2,577.82","2,563.08",,-0.05%
12/20/2019,"2,573.27","2,581.94","2,588.36","2,565.19",,-0.38%
12/19/2019,"2,583.05","2,571.74","2,588.02","2,569.86",,0.43%
12/18/2019,"2,571.95","2,571.26","2,579.35","2,559.97",,-0.16%
12/17/2019,"2,575.95","2,558.69","2,579.01","2,555.19",,0.63%
12/16/2019,"2,559.75","2,538.15","2,564.87","2,536.39",,0.72%
12/13/2019,"2,541.37","2,519.44","2,560.15","2,518.96",,1.04%
12/12/2019,"2,515.09","2,494.33","2,527.09","2,494.33",,0.85%
12/11/2019,"2,493.92","2,510.30","2,510.30","2,479.95",,-0.65%
12/10/2019,"2,510.17","2,500.13","2,515.28","2,489.10",,0.41%
12/09/2019,"2,499.81","2,499.83","2,505.70","2,483.72",,-0.20%
12/06/2019,"2,504.83","2,485.35","2,520.31","2,472.57",,0.79%
12/05/2019,"2,485.19","2,479.85","2,500.74","2,474.49",,0.22%
12/04/2019,"2,479.68","2,432.17","2,486.05","2,432.17",,1.95%
12/03/2019,"2,432.22","2,432.53","2,446.69","2,419.72",,-0.01%
12/02/2019,"2,432.37","2,429.69","2,458.97","2,428.34",,0.40%
11/29/2019,"2,422.57","2,488.36","2,489.29","2,419.52",,-2.64%
11/27/2019,"2,488.36","2,496.49","2,507.98","2,478.04",,-0.40%
11/26/2019,"2,498.45","2,486.07","2,499.34","2,479.90",,0.49%
11/25/2019,"2,486.26","2,483.40","2,489.15","2,465.50",,0.27%
11/22/2019,"2,479.50","2,490.63","2,500.52","2,472.87",,-0.44%
11/21/2019,"2,490.58","2,458.20","2,492.06","2,445.41",,1.32%
11/20/2019,"2,458.25","2,424.48","2,467.94","2,411.72",,1.40%
11/19/2019,"2,424.38","2,458.42","2,462.12","2,420.88",,-1.43%
11/18/2019,"2,459.64","2,488.80","2,493.90","2,450.52",,-1.14%
11/15/2019,"2,488.01","2,468.22","2,495.72","2,454.70",,0.81%
11/14/2019,"2,468.12","2,476.27","2,492.94","2,465.66",,-0.20%
11/13/2019,"2,473.18","2,470.86","2,481.72","2,452.29",,0.05%
11/12/2019,"2,472.00","2,470.18","2,485.07","2,463.99",,0.07%
11/11/2019,"2,470.16","2,486.40","2,486.40","2,460.28",,-0.71%
11/08/2019,"2,487.95","2,486.55","2,493.40","2,447.80",,0.01%
11/07/2019,"2,487.81","2,479.46","2,502.43","2,474.96",,0.33%
11/06/2019,"2,479.54","2,507.82","2,518.46","2,475.18",,-1.18%
11/05/2019,"2,509.16","2,492.74","2,513.60","2,488.05",,0.66%
11/04/2019,"2,492.80","2,479.33","2,510.45","2,474.02",,0.57%
11/01/2019,"2,478.70","2,423.27","2,480.35","2,420.14",,2.30%
10/31/2019,"2,422.88","2,446.72","2,459.41","2,407.80",,-1.02%
10/30/2019,"2,447.84","2,460.92","2,466.81","2,439.03",,-0.54%
10/29/2019,"2,461.08","2,461.71","2,469.98","2,439.11",,-0.01%
10/28/2019,"2,461.31","2,476.24","2,482.55","2,454.71",,-0.51%
10/25/2019,"2,474.02","2,463.70","2,475.36","2,447.32",,0.42%
10/24/2019,"2,463.58","2,453.19","2,469.33","2,443.28",,0.43%
10/23/2019,"2,453.12","2,415.62","2,455.86","2,397.46",,1.44%
10/22/2019,"2,418.25","2,401.10","2,432.18","2,396.87",,0.72%
10/21/2019,"2,400.99","2,417.02","2,422.52","2,390.22",,-0.65%
10/18/2019,"2,416.62","2,418.79","2,432.41","2,405.45",,-0.09%
10/17/2019,"2,418.83","2,408.33","2,420.87","2,394.33",,0.44%
10/16/2019,"2,408.22","2,396.77","2,414.41","2,386.36",,0.49%
10/15/2019,"2,396.56","2,407.71","2,417.06","2,382.23",,-0.46%
10/14/2019,"2,407.60","2,432.59","2,438.96","2,390.93",,-1.00%
10/11/2019,"2,432.01","2,388.46","2,434.44","2,388.46",,1.81%
10/10/2019,"2,388.70","2,373.43","2,396.13","2,363.47",,0.53%
10/09/2019,"2,376.19","2,372.00","2,401.30","2,364.62",,0.21%
10/08/2019,"2,371.20","2,370.29","2,378.09","2,342.73",,0.10%
10/07/2019,"2,368.71","2,369.24","2,395.94","2,364.28",,-0.01%
10/04/2019,"2,369.01","2,355.54","2,381.79","2,355.21",,0.54%
10/03/2019,"2,356.36","2,354.37","2,362.59","2,317.90",,0.05%
10/02/2019,"2,355.22","2,390.19","2,400.17","2,344.34",,-1.27%
10/01/2019,"2,385.52","2,393.99","2,408.71","2,194.69",,-0.32%
09/30/2019,"2,393.09","2,427.95","2,433.75","2,391.34",,-1.45%
09/27/2019,"2,428.20","2,437.61","2,445.88","2,399.31",,-0.43%
09/26/2019,"2,438.71","2,442.30","2,452.64","2,412.83",,-0.07%
09/25/2019,"2,440.51","2,454.03","2,454.03","2,415.34",,-0.74%
09/24/2019,"2,458.66","2,491.38","2,491.38","2,450.13",,-1.32%
09/23/2019,"2,491.57","2,473.50","2,491.84","2,456.29",,0.73%
09/20/2019,"2,473.59","2,480.13","2,502.09","2,470.31",,-0.26%
09/19/2019,"2,480.00","2,471.10","2,506.94","2,465.40",,0.37%
09/18/2019,"2,470.96","2,492.53","2,499.60","2,459.30",,-0.86%
09/17/2019,"2,492.39","2,573.08","2,581.69","2,475.40",,-3.53%
09/16/2019,"2,583.64","2,474.46","2,591.89","2,474.06",,7.91%
09/13/2019,"2,394.16","2,392.11","2,406.85","2,376.47",,0.10%
09/12/2019,"2,391.87","2,396.77","2,410.56","2,353.52",,-0.19%
09/11/2019,"2,396.50","2,433.59","2,451.60","2,392.23",,-1.51%
09/10/2019,"2,433.27","2,431.89","2,453.77","2,425.60",,0.19%
09/09/2019,"2,428.65","2,397.15","2,437.13","2,397.15",,1.33%
09/06/2019,"2,396.73","2,395.43","2,405.13","2,356.67",,0.05%
09/05/2019,"2,395.44","2,392.17","2,426.54","2,383.10",,0.14%
09/04/2019,"2,392.04","2,325.15","2,398.16","2,323.85",,2.88%
09/03/2019,"2,325.12","2,352.92","2,352.92","2,301.57",,-1.14%
08/30/2019,"2,351.95","2,389.30","2,391.85","2,340.11",,-1.62%
08/29/2019,"2,390.63","2,372.72","2,394.02","2,363.95",,0.81%
08/28/2019,"2,371.32","2,352.36","2,384.03","2,352.36",,1.10%
08/27/2019,"2,345.50","2,324.60","2,348.00","2,322.53",,0.90%
08/26/2019,"2,324.53","2,310.60","2,357.57","2,309.78",,-0.20%
08/23/2019,"2,329.15","2,357.40","2,362.81","2,308.52",,-1.16%
08/22/2019,"2,356.38","2,373.22","2,382.00","2,348.00",,-0.51%
08/21/2019,"2,368.38","2,367.40","2,395.52","2,366.30",,0.05%
08/20/2019,"2,367.28","2,363.24","2,376.00","2,346.90",,0.14%
08/19/2019,"2,364.06","2,344.77","2,365.63","2,338.78",,0.89%
08/16/2019,"2,343.24","2,335.14","2,360.85","2,332.31",,0.35%
08/15/2019,"2,335.01","2,350.41","2,360.85","2,321.90",,-0.89%
08/14/2019,"2,355.90","2,400.09","2,400.09","2,332.81",,-1.84%
08/13/2019,"2,400.08","2,350.66","2,410.22","2,333.70",,2.13%
08/12/2019,"2,350.07","2,363.81","2,369.46","2,343.74",,-0.56%
08/09/2019,"2,363.38","2,331.33","2,375.01","2,324.12",,1.46%
08/08/2019,"2,329.38","2,287.25","2,336.76","2,287.25",,1.81%
08/07/2019,"2,287.88","2,343.39","2,351.25","2,278.19",,-2.47%
08/06/2019,"2,345.90","2,372.46","2,388.73","2,343.17",,-1.08%
08/05/2019,"2,371.59","2,396.50","2,398.18","2,361.10",,-1.40%
08/02/2019,"2,405.20","2,384.15","2,421.85","2,383.81",,1.12%
08/01/2019,"2,378.53","2,483.06","2,483.06","2,370.12",,-4.56%
07/31/2019,"2,492.08","2,489.02","2,505.18","2,479.14",,0.19%
07/30/2019,"2,487.27","2,473.10","2,492.63","2,466.66",,0.75%
07/29/2019,"2,468.66","2,458.08","2,471.77","2,450.04",,0.46%
07/26/2019,"2,457.45","2,462.02","2,469.65","2,448.87",,-0.18%
07/25/2019,"2,461.83","2,464.41","2,484.60","2,459.51",,-0.06%
07/24/2019,"2,463.23","2,475.18","2,501.02","2,451.50",,-0.48%
07/23/2019,"2,475.04","2,456.53","2,478.78","2,448.47",,0.70%
07/22/2019,"2,457.92","2,453.45","2,482.28","2,453.43",,0.24%
07/19/2019,"2,451.91","2,437.86","2,466.22","2,437.86",,0.81%
07/18/2019,"2,432.20","2,472.96","2,488.58","2,420.32",,-1.73%
07/17/2019,"2,475.02","2,493.47","2,511.15","2,470.77",,-0.73%
07/16/2019,"2,493.33","2,539.94","2,547.68","2,482.96",,-1.83%
07/15/2019,"2,539.79","2,561.63","2,571.35","2,536.25",,-0.83%
07/12/2019,"2,561.16","2,553.66","2,567.87","2,551.28",,0.30%
07/11/2019,"2,553.51","2,555.89","2,572.58","2,548.57",,-0.06%
07/10/2019,"2,555.01","2,487.31","2,556.28","2,487.25",,2.91%
07/09/2019,"2,482.81","2,477.80","2,485.69","2,462.47",,0.20%
07/08/2019,"2,477.81","2,484.11","2,500.69","2,472.13",,-0.12%
07/05/2019,"2,480.68","2,468.45","2,484.18","2,449.92",,0.33%
07/03/2019,"2,472.51","2,439.87","2,473.99","2,428.18",,1.57%
07/02/2019,"2,434.22","2,496.53","2,509.35","2,431.40",,-2.57%
07/01/2019,"2,498.30","2,514.68","2,540.76","2,481.06",,0.04%
06/28/2019,"2,497.37","2,526.82","2,536.45","2,485.84",,-1.20%
06/27/2019,"2,527.69","2,528.14","2,533.42","2,511.35",,-0.07%
06/26/2019,"2,529.42","2,502.73","2,540.59","2,502.73",,1.47%
06/25/2019,"2,492.67","2,482.63","2,503.44","2,470.74",,0.44%
06/24/2019,"2,481.81","2,475.86","2,492.28","2,462.14",,0.41%
06/21/2019,"2,471.68","2,468.39","2,492.91","2,456.39",,0.24%
06/20/2019,"2,465.71","2,397.73","2,476.54","2,397.73",,2.86%
06/19/2019,"2,397.07","2,408.31","2,417.02","2,390.46",,-0.46%
06/18/2019,"2,408.17","2,373.88","2,423.41","2,355.42",,1.45%
06/17/2019,"2,373.73","2,389.30","2,398.76","2,368.38",,-0.57%
06/14/2019,"2,387.34","2,376.18","2,397.41","2,364.59",,0.49%
06/13/2019,"2,375.76","2,345.51","2,399.53","2,341.27",,1.30%
06/12/2019,"2,345.36","2,390.15","2,390.15","2,337.24",,-1.87%
06/11/2019,"2,390.03","2,381.40","2,396.98","2,377.23",,0.40%
06/10/2019,"2,380.39","2,394.20","2,406.09","2,375.48",,-0.35%
06/07/2019,"2,388.76","2,368.87","2,398.92","2,361.76",,1.05%
06/06/2019,"2,363.95","2,336.65","2,376.23","2,330.16",,1.10%
06/05/2019,"2,338.22","2,385.46","2,385.46","2,316.35",,-2.06%
06/04/2019,"2,387.29","2,376.27","2,391.99","2,357.28",,0.43%
06/03/2019,"2,377.18","2,392.04","2,413.59","2,363.98",,-0.60%
05/31/2019,"2,391.42","2,474.01","2,474.84","2,387.01",,-3.34%
05/30/2019,"2,474.04","2,523.22","2,529.12","2,468.32",,-1.77%
05/29/2019,"2,518.60","2,533.34","2,538.81","2,487.23",,-0.57%
05/28/2019,"2,533.06","2,509.53","2,542.61","2,509.53",,1.17%
05/24/2019,"2,503.83","2,480.03","2,507.75","2,476.18",,1.06%
05/23/2019,"2,477.68","2,555.78","2,556.54","2,467.72",,-3.06%
05/22/2019,"2,555.95","2,595.40","2,595.52","2,547.90",,-1.58%
05/21/2019,"2,597.09","2,601.43","2,613.47","2,589.47",,-0.08%
05/20/2019,"2,599.07","2,602.92","2,623.94","2,591.71",,0.13%
05/17/2019,"2,595.69","2,611.00","2,620.99","2,586.45",,-0.48%
05/16/2019,"2,608.09","2,578.28","2,618.16","2,578.17",,1.26%
05/15/2019,"2,575.59","2,559.55","2,587.97","2,546.41",,0.63%
05/14/2019,"2,559.39","2,527.76","2,567.19","2,523.15",,1.26%
05/13/2019,"2,527.59","2,542.67","2,577.00","2,519.02",,-0.58%
05/10/2019,"2,542.28","2,538.42","2,561.28","2,535.75",,0.15%
05/09/2019,"2,538.40","2,551.95","2,553.78","2,517.66",,-0.56%
05/08/2019,"2,552.70","2,543.97","2,561.08","2,531.92",,0.43%
05/07/2019,"2,541.70","2,565.35","2,571.30","2,524.66",,-0.98%
05/06/2019,"2,566.77","2,552.61","2,576.66","2,522.41",,-0.25%
05/03/2019,"2,573.13","2,569.59","2,586.71","2,558.55",,0.14%
05/02/2019,"2,569.42","2,604.28","2,606.99","2,548.90",,-1.37%
05/01/2019,"2,605.20","2,605.00","2,608.87","2,583.42",,-0.01%
04/30/2019,"2,605.41","2,596.42","2,626.96","2,588.48",,0.37%
04/29/2019,"2,595.70","2,593.93","2,605.07","2,577.90",,-0.10%
04/26/2019,"2,598.22","2,639.99","2,640.29","2,578.90",,-1.65%
04/25/2019,"2,641.73","2,654.90","2,667.05","2,635.20",,-0.49%
04/24/2019,"2,654.72","2,667.11","2,667.62","2,650.92",,-0.45%
04/23/2019,"2,666.79","2,663.95","2,673.20","2,658.84",,0.21%
04/22/2019,"2,661.15","2,629.97","2,675.15","2,629.97",,1.22%
04/18/2019,"2,628.96","2,623.22","2,629.70","2,611.00",,0.23%
04/17/2019,"2,623.04","2,629.56","2,644.72","2,621.81",,-0.24%
04/16/2019,"2,629.33","2,624.05","2,631.10","2,609.85",,0.21%
04/15/2019,"2,623.90","2,637.88","2,637.88","2,617.80",,-0.51%
04/12/2019,"2,637.36","2,622.11","2,646.67","2,622.11",,0.59%
04/11/2019,"2,621.94","2,646.03","2,646.03","2,616.70",,-0.92%
04/10/2019,"2,646.36","2,624.29","2,647.04","2,624.29",,0.89%
04/09/2019,"2,622.99","2,634.43","2,643.31","2,616.11",,-0.42%
04/08/2019,"2,634.08","2,617.04","2,635.50","2,615.44",,0.92%
04/05/2019,"2,609.97","2,591.61","2,612.84","2,580.10",,0.71%
04/04/2019,"2,591.46","2,589.26","2,604.31","2,580.06",,0.10%
04/03/2019,"2,588.83","2,583.44","2,598.65","2,577.15",,0.19%
04/02/2019,"2,583.89","2,567.59","2,586.89","2,561.35",,0.69%
04/01/2019,"2,566.27","2,536.14","2,569.49","2,536.03",,1.30%
03/29/2019,"2,533.23","2,527.90","2,561.30","2,527.49",,0.31%
03/28/2019,"2,525.32","2,535.00","2,535.63","2,503.31",,-0.44%
03/27/2019,"2,536.50","2,549.05","2,554.02","2,520.32",,-0.54%
03/26/2019,"2,550.14","2,536.85","2,562.19","2,536.58",,0.66%
03/25/2019,"2,533.54","2,532.83","2,545.25","2,516.39",,0.05%
03/22/2019,"2,532.32","2,557.15","2,560.96","2,513.40",,-0.96%
03/21/2019,"2,556.87","2,560.46","2,569.77","2,548.38",,-0.24%
03/20/2019,"2,563.01","2,538.03","2,564.83","2,526.28",,0.95%
03/19/2019,"2,538.84","2,532.72","2,553.08","2,525.20",,0.21%
03/18/2019,"2,533.64","2,521.63","2,537.01","2,510.11",,0.49%
03/15/2019,"2,521.23","2,517.37","2,527.67","2,492.42",,0.16%
03/14/2019,"2,517.21","2,515.39","2,527.64","2,507.52",,0.08%
03/13/2019,"2,515.18","2,486.38","2,519.34","2,486.38",,1.19%
03/12/2019,"2,485.48","2,474.77","2,497.76","2,474.77",,0.46%
03/11/2019,"2,474.13","2,465.05","2,484.00","2,464.21",,0.41%
03/08/2019,"2,464.07","2,472.68","2,472.68","2,424.69",,-0.43%
03/07/2019,"2,474.76","2,471.99","2,489.77","2,466.09",,0.07%
03/06/2019,"2,472.91","2,478.47","2,479.50","2,458.82",,-0.39%
03/05/2019,"2,482.48","2,474.67","2,489.99","2,463.23",,0.32%
03/04/2019,"2,474.50","2,466.63","2,493.08","2,461.79",,0.42%
03/01/2019,"2,464.06","2,493.02","2,509.39","2,450.34",,-1.17%
02/28/2019,"2,493.11","2,496.45","2,502.09","2,480.99",,-0.09%
02/27/2019,"2,495.44","2,470.38","2,504.82","2,466.18",,1.25%
02/26/2019,"2,464.53","2,458.80","2,474.75","2,446.95",,0.24%
02/25/2019,"2,458.63","2,512.40","2,521.05","2,452.17",,-2.06%
02/22/2019,"2,510.23","2,501.71","2,522.46","2,498.38",,0.30%
02/21/2019,"2,502.73","2,496.45","2,505.63","2,489.90",,0.26%
02/20/2019,"2,496.19","2,477.65","2,504.42","2,463.52",,0.69%
02/19/2019,"2,479.13","2,477.55","2,487.15","2,465.25",,0.22%
02/15/2019,"2,473.72","2,433.78","2,476.87","2,433.42",,1.73%
02/14/2019,"2,431.76","2,422.34","2,445.53","2,406.82",,0.38%
02/13/2019,"2,422.53","2,402.43","2,434.35","2,402.42",,0.88%
02/12/2019,"2,401.46","2,381.58","2,421.81","2,381.58",,0.84%
02/11/2019,"2,381.47","2,392.49","2,396.62","2,362.12",,-0.55%
02/08/2019,"2,394.56","2,387.50","2,404.57","2,375.79",,0.26%
02/07/2019,"2,388.34","2,426.13","2,428.67","2,368.29",,-1.58%
02/06/2019,"2,426.71","2,417.90","2,431.51","2,396.75",,0.44%
02/05/2019,"2,416.01","2,430.55","2,443.67","2,411.71",,-0.59%
02/04/2019,"2,430.33","2,433.57","2,450.17","2,394.64",,-0.13%
02/01/2019,"2,433.56","2,401.69","2,440.88","2,388.68",,1.33%
01/31/2019,"2,401.53","2,419.59","2,443.84","2,397.69",,-0.60%
01/30/2019,"2,416.01","2,396.70","2,433.02","2,392.56",,0.81%
01/29/2019,"2,396.58","2,363.24","2,407.98","2,359.11",,1.46%
01/28/2019,"2,362.12","2,400.96","2,405.36","2,350.87",,-2.03%
01/25/2019,"2,411.17","2,393.34","2,414.49","2,385.45",,0.75%
01/24/2019,"2,393.12","2,387.74","2,402.96","2,373.01",,0.23%
01/23/2019,"2,387.66","2,391.33","2,417.03","2,369.59",,-0.20%
01/22/2019,"2,392.49","2,433.16","2,433.83","2,374.39",,-1.57%
01/18/2019,"2,430.69","2,389.95","2,432.02","2,389.81",,1.77%
01/17/2019,"2,388.47","2,389.78","2,396.55","2,359.96",,-0.05%
01/16/2019,"2,389.62","2,378.58","2,395.36","2,368.89",,0.47%
01/15/2019,"2,378.42","2,350.44","2,382.66","2,350.44",,1.20%
01/14/2019,"2,350.28","2,370.55","2,383.58","2,344.17",,-0.81%
01/11/2019,"2,369.53","2,384.01","2,410.34","2,359.60",,-0.74%
01/10/2019,"2,387.28","2,384.47","2,392.67","2,363.86",,0.07%
01/09/2019,"2,385.50","2,324.07","2,391.62","2,324.07",,2.73%
01/08/2019,"2,322.21","2,294.92","2,328.42","2,285.84",,1.31%
01/07/2019,"2,292.07","2,290.68","2,324.32","2,285.66",,0.64%
01/04/2019,"2,277.50","2,241.68","2,306.06","2,235.65",,1.48%
01/03/2019,"2,244.37","2,225.27","2,252.70","2,198.90",,0.88%
01/02/2019,"2,224.83","2,209.31","2,264.13","2,175.81",,0.97%
12/31/2018,"2,203.47","2,209.26","2,235.60","2,183.30",,-0.15%
12/28/2018,"2,206.88","2,212.25","2,238.39","2,187.77",,0.22%
12/27/2018,"2,201.97","2,241.62","2,246.89","2,198.08",,-1.58%
12/26/2018,"2,237.43","2,161.25","2,244.66","2,153.43",,3.53%
12/24/2018,"2,161.04","2,236.85","2,252.89","2,158.80",,-3.41%
12/21/2018,"2,237.22","2,251.26","2,270.60","2,218.98",,-0.38%
12/20/2018,"2,245.69","2,299.77","2,299.88","2,244.13",,-2.76%
12/19/2018,"2,309.35","2,282.03","2,316.90","2,273.77",,1.23%
12/18/2018,"2,281.21","2,348.92","2,351.04","2,270.94",,-3.14%
12/17/2018,"2,355.19","2,388.12","2,402.26","2,339.56",,-1.36%
12/14/2018,"2,387.69","2,427.80","2,430.49","2,380.56",,-1.65%
12/13/2018,"2,427.66","2,401.19","2,430.54","2,379.53",,1.21%
12/12/2018,"2,398.62","2,413.33","2,435.31","2,394.57",,-0.40%
12/11/2018,"2,408.35","2,400.49","2,428.97","2,391.46",,0.30%
12/10/2018,"2,401.09","2,448.86","2,454.49","2,394.76",,-1.86%
12/07/2018,"2,446.54","2,397.38","2,485.72","2,380.25",,2.09%
12/06/2018,"2,396.42","2,440.89","2,447.21","2,363.07",,-1.93%
12/05/2018,"2,443.68","2,445.12","2,478.34","2,424.67",,-0.31%
12/04/2018,"2,451.22","2,441.90","2,483.04","2,440.03",,0.56%
12/03/2018,"2,437.55","2,407.03","2,465.85","2,405.57",,2.05%
11/30/2018,"2,388.63","2,397.27","2,407.17","2,352.72",,-0.39%
11/29/2018,"2,397.96","2,379.46","2,411.39","2,350.83",,0.94%
11/28/2018,"2,375.73","2,393.08","2,408.82","2,371.52",,-0.44%
11/27/2018,"2,386.26","2,395.89","2,405.64","2,356.96",,-0.41%
11/26/2018,"2,396.06","2,372.73","2,406.42","2,364.85",,1.09%
11/23/2018,"2,370.13","2,472.59","2,472.59","2,366.97",,-4.39%
11/21/2018,"2,478.87","2,457.61","2,512.07","2,457.50",,0.90%
11/20/2018,"2,456.67","2,557.85","2,557.85","2,435.06",,-3.87%
11/19/2018,"2,555.56","2,549.42","2,568.31","2,510.32",,0.68%
11/16/2018,"2,538.22","2,524.39","2,571.37","2,519.81",,0.56%
11/15/2018,"2,524.00","2,537.13","2,548.69","2,518.00",,-0.65%
11/14/2018,"2,540.55","2,503.02","2,559.46","2,488.33",,1.51%
11/13/2018,"2,502.75","2,592.53","2,592.53","2,491.06",,-3.54%
11/12/2018,"2,594.57","2,605.01","2,625.37","2,589.31",,0.11%
11/09/2018,"2,591.71","2,611.09","2,612.89","2,566.78",,-0.74%
11/08/2018,"2,610.93","2,637.08","2,656.99","2,602.07",,-0.99%
11/07/2018,"2,636.91","2,634.02","2,669.38","2,620.92",,-0.05%
11/06/2018,"2,638.20","2,660.80","2,667.86","2,618.24",,-0.95%
11/05/2018,"2,663.53","2,657.40","2,686.85","2,648.95",,0.19%
11/02/2018,"2,658.60","2,660.05","2,672.98","2,642.50",,-0.06%
11/01/2018,"2,660.09","2,689.05","2,701.76","2,650.43",,-1.20%
10/31/2018,"2,692.36","2,715.93","2,736.89","2,686.51",,-0.75%
10/30/2018,"2,712.58","2,745.67","2,746.57","2,700.66",,-1.20%
10/29/2018,"2,745.65","2,761.38","2,773.43","2,739.39",,-0.55%
10/26/2018,"2,760.87","2,743.47","2,765.18","2,715.15",,0.65%
10/25/2018,"2,743.16","2,731.55","2,752.14","2,716.49",,0.26%
10/24/2018,"2,735.97","2,734.71","2,761.93","2,717.25",,-0.02%
10/23/2018,"2,736.49","2,803.21","2,809.20","2,721.04",,-2.37%
10/22/2018,"2,802.86","2,799.89","2,813.71","2,782.02",,0.15%
10/19/2018,"2,798.79","2,787.32","2,821.57","2,783.76",,0.41%
10/18/2018,"2,787.30","2,817.86","2,822.03","2,782.31",,-1.08%
10/17/2018,"2,817.68","2,857.01","2,868.62","2,806.44",,-1.38%
10/16/2018,"2,857.00","2,851.44","2,864.91","2,831.31",,0.16%
10/15/2018,"2,852.44","2,836.00","2,860.68","2,825.08",,0.70%
10/12/2018,"2,832.57","2,820.76","2,851.51","2,811.10",,0.42%
10/11/2018,"2,820.67","2,876.91","2,876.91","2,811.48",,-1.95%
10/10/2018,"2,876.73","2,923.37","2,928.36","2,871.36",,-1.59%
10/09/2018,"2,923.19","2,905.28","2,930.01","2,898.08",,0.62%
10/08/2018,"2,905.10","2,905.01","2,906.40","2,874.44",,-0.11%
10/05/2018,"2,908.43","2,912.90","2,925.72","2,902.14",,-0.15%
10/04/2018,"2,912.73","2,953.70","2,962.82","2,903.63",,-1.46%
10/03/2018,"2,956.02","2,929.00","2,966.86","2,912.93",,0.93%
10/02/2018,"2,928.70","2,917.65","2,933.96","2,910.22",,0.39%
10/01/2018,"2,917.35","2,861.87","2,927.11","2,853.52",,2.02%
09/28/2018,"2,859.44","2,829.83","2,871.90","2,828.13",,1.05%
09/27/2018,"2,829.64","2,827.64","2,841.86","2,818.34",,0.33%
09/26/2018,"2,820.36","2,833.04","2,841.79","2,818.38",,-0.58%
09/25/2018,"2,836.70","2,824.27","2,844.23","2,819.08",,0.45%
09/24/2018,"2,823.98","2,793.45","2,834.74","2,793.45",,1.40%
09/21/2018,"2,785.12","2,770.03","2,807.96","2,767.69",,0.55%
09/20/2018,"2,769.86","2,774.44","2,784.90","2,761.45",,-0.14%
09/19/2018,"2,773.68","2,748.98","2,775.14","2,744.14",,0.89%
09/18/2018,"2,749.16","2,720.31","2,764.38","2,712.17",,0.95%
09/17/2018,"2,723.21","2,728.17","2,743.32","2,717.95",,-0.22%
09/14/2018,"2,729.15","2,727.87","2,748.49","2,709.75",,0.05%
09/13/2018,"2,727.71","2,769.60","2,769.60","2,722.55",,-1.51%
09/12/2018,"2,769.40","2,745.09","2,786.30","2,745.09",,0.89%
09/11/2018,"2,744.87","2,717.30","2,749.16","2,709.71",,1.04%
09/10/2018,"2,716.51","2,712.49","2,732.88","2,708.76",,0.33%
09/07/2018,"2,707.50","2,700.35","2,710.47","2,684.72",,0.27%
09/06/2018,"2,700.08","2,721.72","2,732.07","2,681.39",,-0.79%
09/05/2018,"2,721.56","2,743.35","2,746.51","2,718.82",,-0.98%
09/04/2018,"2,748.56","2,754.79","2,786.72","2,736.16",,-0.10%
08/31/2018,"2,751.35","2,754.95","2,766.41","2,744.06",,-0.12%
08/30/2018,"2,754.74","2,748.56","2,763.56","2,743.40",,0.28%
08/29/2018,"2,746.94","2,720.04","2,752.57","2,711.39",,1.01%
08/28/2018,"2,719.43","2,730.90","2,744.45","2,714.45",,-0.37%
08/27/2018,"2,729.44","2,721.84","2,731.19","2,708.50",,0.29%
08/24/2018,"2,721.51","2,695.87","2,736.60","2,693.30",,0.98%
08/23/2018,"2,694.99","2,702.47","2,704.51","2,683.46",,-0.22%
08/22/2018,"2,700.88","2,663.13","2,707.64","2,663.13",,1.44%
08/21/2018,"2,662.55","2,654.21","2,677.16","2,653.99",,0.33%
08/20/2018,"2,653.83","2,650.02","2,662.36","2,642.70",,0.18%
08/17/2018,"2,649.12","2,635.67","2,661.44","2,628.91",,0.51%
08/16/2018,"2,635.70","2,610.80","2,636.78","2,600.23",,0.96%
08/15/2018,"2,610.65","2,668.58","2,668.58","2,600.26",,-2.16%
08/14/2018,"2,668.38","2,668.92","2,699.57","2,662.39",,-0.01%
08/13/2018,"2,668.77","2,686.77","2,691.30","2,633.21",,-0.65%
08/10/2018,"2,686.23","2,679.80","2,706.14","2,659.14",,0.24%
08/09/2018,"2,679.78","2,686.77","2,698.47","2,677.18",,-0.25%
08/08/2018,"2,686.62","2,734.40","2,741.85","2,672.74",,-1.75%
08/07/2018,"2,734.59","2,721.13","2,750.35","2,717.34",,0.50%
08/06/2018,"2,720.97","2,707.07","2,738.30","2,705.27",,0.53%
08/03/2018,"2,706.74","2,705.60","2,718.43","2,693.11",,0.03%
08/02/2018,"2,705.90","2,681.52","2,715.82","2,664.66",,0.99%
08/01/2018,"2,679.36","2,722.07","2,722.07","2,673.84",,-1.57%
07/31/2018,"2,722.02","2,747.70","2,749.94","2,720.37",,-0.97%
07/30/2018,"2,748.66","2,723.86","2,756.53","2,719.35",,1.04%
07/27/2018,"2,720.40","2,733.37","2,740.43","2,709.40",,-0.50%
07/26/2018,"2,734.00","2,724.91","2,742.86","2,724.49",,0.37%
07/25/2018,"2,723.87","2,699.66","2,728.33","2,696.79",,1.02%
07/24/2018,"2,696.25","2,680.24","2,710.49","2,669.84",,0.60%
07/23/2018,"2,680.09","2,678.50","2,709.23","2,670.59",,0.08%
07/20/2018,"2,677.95","2,663.90","2,687.80","2,655.65",,0.53%
07/19/2018,"2,663.76","2,658.80","2,680.71","2,628.22",,0.20%
07/18/2018,"2,658.43","2,639.08","2,664.36","2,623.30",,0.61%
07/17/2018,"2,642.39","2,637.43","2,653.36","2,628.60",,0.19%
07/16/2018,"2,637.28","2,711.24","2,711.24","2,631.86",,-2.71%
07/13/2018,"2,710.77","2,695.13","2,722.78","2,673.97",,0.58%
07/12/2018,"2,695.23","2,678.70","2,704.17","2,659.96",,0.62%
07/11/2018,"2,678.60","2,793.54","2,793.54","2,672.24",,-4.13%
07/10/2018,"2,793.85","2,793.19","2,812.00","2,784.46",,0.03%
07/09/2018,"2,793.04","2,784.40","2,799.25","2,777.98",,0.33%
07/06/2018,"2,783.87","2,771.60","2,785.87","2,749.57",,0.45%
07/05/2018,"2,771.45","2,785.61","2,799.06","2,766.10",,-0.48%
07/03/2018,"2,784.95","2,777.20","2,812.66","2,762.07",,0.30%
07/02/2018,"2,776.56","2,815.14","2,816.54","2,774.32",,-1.60%
06/29/2018,"2,821.65","2,785.89","2,827.59","2,777.43",,1.23%
06/28/2018,"2,787.40","2,779.85","2,803.97","2,773.28",,0.07%
06/27/2018,"2,785.43","2,738.42","2,793.01","2,738.42",,1.73%
06/26/2018,"2,737.96","2,700.53","2,745.83","2,690.45",,1.46%
06/25/2018,"2,698.54","2,729.49","2,729.49","2,692.23",,-1.08%
06/22/2018,"2,728.10","2,666.09","2,729.44","2,666.09",,2.33%
06/21/2018,"2,665.95","2,683.48","2,685.75","2,647.15",,-0.65%
06/20/2018,"2,683.34","2,678.20","2,697.38","2,665.10",,0.25%
06/19/2018,"2,676.73","2,704.15","2,704.15","2,655.71",,-1.01%
06/18/2018,"2,704.00","2,682.48","2,707.02","2,653.96",,0.83%
06/15/2018,"2,681.76","2,742.67","2,744.16","2,678.18",,-2.22%
06/14/2018,"2,742.52","2,764.91","2,765.39","2,736.88",,-0.80%
06/13/2018,"2,764.76","2,754.87","2,768.58","2,738.37",,0.32%
06/12/2018,"2,755.89","2,749.70","2,764.89","2,743.61",,0.24%
06/11/2018,"2,749.38","2,753.93","2,761.51","2,732.69",,-0.16%
06/08/2018,"2,753.77","2,761.63","2,765.65","2,742.69",,-0.27%
06/07/2018,"2,761.22","2,731.23","2,762.56","2,730.37",,1.29%
06/06/2018,"2,726.11","2,731.41","2,749.98","2,713.83",,-0.19%
06/05/2018,"2,731.27","2,724.35","2,734.53","2,700.46",,0.37%
06/04/2018,"2,721.31","2,759.55","2,761.21","2,719.78",,-1.37%
06/01/2018,"2,759.11","2,785.28","2,790.37","2,756.90",,-0.89%
05/31/2018,"2,783.92","2,796.23","2,813.28","2,773.40",,-0.46%
05/30/2018,"2,796.85","2,760.01","2,800.16","2,745.25",,1.39%
05/29/2018,"2,758.48","2,773.72","2,779.55","2,744.19",,-1.01%
05/25/2018,"2,786.76","2,841.65","2,842.71","2,775.67",,-1.91%
05/24/2018,"2,841.06","2,862.62","2,863.47","2,838.39",,-0.73%
05/23/2018,"2,861.85","2,859.86","2,862.92","2,834.80",,0.06%
05/22/2018,"2,860.07","2,849.86","2,878.33","2,849.86",,0.36%
05/21/2018,"2,849.70","2,831.37","2,853.66","2,826.65",,0.82%
05/18/2018,"2,826.52","2,832.79","2,844.35","2,824.80",,-0.22%
05/17/2018,"2,832.64","2,826.78","2,855.52","2,826.68",,0.21%
05/16/2018,"2,826.64","2,816.85","2,827.63","2,803.10",,0.35%
05/15/2018,"2,816.70","2,812.23","2,837.03","2,794.23",,0.17%
05/14/2018,"2,811.93","2,798.76","2,815.80","2,786.09",,0.49%
05/11/2018,"2,798.33","2,814.04","2,816.29","2,794.00",,-0.54%
05/10/2018,"2,813.41","2,804.06","2,819.74","2,789.85",,0.34%
05/09/2018,"2,803.96","2,764.45","2,810.14","2,764.45",,1.84%
05/08/2018,"2,753.35","2,784.98","2,784.98","2,714.71",,-1.13%
05/07/2018,"2,784.81","2,766.57","2,789.72","2,764.81",,0.68%
05/04/2018,"2,766.08","2,736.53","2,772.78","2,728.54",,1.10%
05/03/2018,"2,736.06","2,725.66","2,739.57","2,709.67",,0.38%
05/02/2018,"2,725.76","2,716.91","2,729.53","2,706.71",,0.34%
05/01/2018,"2,716.40","2,744.34","2,748.33","2,706.39",,-1.01%
04/30/2018,"2,744.20","2,728.33","2,760.80","2,710.04",,0.57%
04/27/2018,"2,728.75","2,730.27","2,733.38","2,715.44",,-0.07%
04/26/2018,"2,730.79","2,723.52","2,739.24","2,718.79",,0.33%
04/25/2018,"2,721.79","2,714.22","2,722.50","2,698.37",,0.34%
04/24/2018,"2,712.54","2,733.75","2,745.95","2,708.79",,-0.65%
04/23/2018,"2,730.32","2,731.50","2,738.13","2,696.44",,-0.04%
04/20/2018,"2,731.34","2,733.54","2,736.02","2,704.52",,-0.05%
04/19/2018,"2,732.70","2,737.00","2,765.52","2,725.49",,-0.15%
04/18/2018,"2,736.87","2,679.67","2,740.97","2,679.67",,2.14%
04/17/2018,"2,679.53","2,679.65","2,689.63","2,660.38",,0.08%
04/16/2018,"2,677.43","2,699.31","2,699.31","2,669.75",,-0.80%
04/13/2018,"2,698.92","2,690.62","2,706.56","2,680.54",,0.31%
04/12/2018,"2,690.49","2,690.04","2,693.78","2,664.85",,0.02%
04/11/2018,"2,689.92","2,658.24","2,707.22","2,651.11",,1.19%
04/10/2018,"2,658.26","2,605.53","2,664.18","2,600.51",,2.02%
04/09/2018,"2,605.51","2,559.40","2,608.33","2,558.90",,1.82%
04/06/2018,"2,559.02","2,587.81","2,590.77","2,552.07",,-1.11%
04/05/2018,"2,587.65","2,571.60","2,593.90","2,566.11",,0.62%
04/04/2018,"2,571.72","2,578.58","2,582.16","2,534.58",,-0.26%
04/03/2018,"2,578.45","2,567.10","2,588.88","2,566.54",,0.42%
04/02/2018,"2,567.75","2,614.69","2,631.36","2,566.97",,-1.72%
03/29/2018,"2,612.60","2,595.84","2,621.29","2,589.64",,0.65%
03/28/2018,"2,595.72","2,613.15","2,613.15","2,580.32",,-0.66%
03/27/2018,"2,613.02","2,616.27","2,638.16","2,602.20",,-0.08%
03/26/2018,"2,615.04","2,624.84","2,640.10","2,608.85",,-0.37%
03/23/2018,"2,624.74","2,595.57","2,626.79","2,592.35",,1.09%
03/22/2018,"2,596.51","2,615.32","2,623.18","2,592.55",,-0.69%
03/21/2018,"2,614.66","2,574.48","2,619.05","2,573.10",,1.65%
03/20/2018,"2,572.33","2,545.41","2,585.11","2,545.41",,1.11%
03/19/2018,"2,544.18","2,563.21","2,563.21","2,532.83",,-0.74%
03/16/2018,"2,563.07","2,543.65","2,567.09","2,535.10",,0.76%
03/15/2018,"2,543.86","2,545.33","2,554.33","2,536.05",,-0.06%
03/14/2018,"2,545.42","2,539.45","2,553.88","2,527.73",,0.24%
03/13/2018,"2,539.33","2,545.32","2,565.86","2,529.44",,-0.23%
03/12/2018,"2,545.12","2,562.43","2,567.79","2,526.16",,-0.65%
03/09/2018,"2,561.87","2,523.36","2,563.36","2,519.17",,1.53%
03/08/2018,"2,523.25","2,547.49","2,550.72","2,519.42",,-0.88%
03/07/2018,"2,545.68","2,578.84","2,582.77","2,535.38",,-1.50%
03/06/2018,"2,584.40","2,580.93","2,598.51","2,574.71",,0.15%
03/05/2018,"2,580.42","2,550.37","2,585.01","2,539.47",,1.37%
03/02/2018,"2,545.59","2,546.42","2,550.80","2,520.15",,0.12%
03/01/2018,"2,542.47","2,555.94","2,559.96","2,516.94",,-0.52%
02/28/2018,"2,555.82","2,592.65","2,603.80","2,552.68",,-1.49%
02/27/2018,"2,594.39","2,616.00","2,619.89","2,588.38",,-0.79%
02/26/2018,"2,614.93","2,602.44","2,624.23","2,597.43",,0.49%
02/23/2018,"2,602.20","2,586.58","2,604.67","2,572.86",,0.60%
02/22/2018,"2,586.61","2,561.76","2,592.33","2,538.41",,0.97%
02/21/2018,"2,561.88","2,558.01","2,565.24","2,537.78",,0.09%
02/20/2018,"2,559.67","2,564.73","2,580.04","2,554.78",,0.16%
02/16/2018,"2,555.67","2,546.25","2,562.03","2,538.18",,0.47%
02/15/2018,"2,543.69","2,529.80","2,553.01","2,506.56",,0.55%
02/14/2018,"2,529.80","2,484.73","2,535.81","2,463.94",,1.73%
02/13/2018,"2,486.85","2,485.66","2,496.66","2,468.72",,0.15%
02/12/2018,"2,483.13","2,476.05","2,517.44","2,476.04",,0.35%
02/09/2018,"2,474.59","2,533.01","2,533.01","2,451.67",,-2.29%
02/08/2018,"2,532.50","2,547.76","2,552.91","2,522.14",,-0.62%
02/07/2018,"2,548.31","2,591.72","2,612.53","2,538.72",,-1.68%
02/06/2018,"2,591.73","2,609.74","2,610.89","2,585.84",,-0.93%
02/05/2018,"2,616.06","2,644.50","2,644.50","2,605.99",,-1.07%
02/02/2018,"2,644.34","2,668.78","2,677.28","2,624.04",,-0.80%
02/01/2018,"2,665.63","2,645.66","2,670.47","2,637.59",,0.81%
01/31/2018,"2,644.13","2,636.68","2,644.92","2,625.29",,-0.01%
01/30/2018,"2,644.47","2,667.50","2,667.87","2,634.99",,-0.86%
01/29/2018,"2,667.41","2,681.99","2,690.32","2,656.56",,-0.60%
01/26/2018,"2,683.63","2,664.49","2,689.49","2,657.88",,0.57%
01/25/2018,"2,668.53","2,673.23","2,697.19","2,660.33",,-0.11%
01/24/2018,"2,671.35","2,638.31","2,676.72","2,636.76",,1.25%
01/23/2018,"2,638.28","2,622.26","2,643.28","2,618.41",,0.74%
01/22/2018,"2,618.95","2,608.64","2,629.31","2,606.10",,0.45%
01/19/2018,"2,607.20","2,623.13","2,623.13","2,600.70",,-0.60%
01/18/2018,"2,623.02","2,623.14","2,627.49","2,608.35",,0.09%
01/17/2018,"2,620.69","2,610.12","2,625.10","2,599.57",,0.41%
01/16/2018,"2,609.99","2,623.45","2,634.47","2,601.73",,-0.50%
01/12/2018,"2,623.03","2,608.32","2,624.55","2,598.95",,0.49%
01/11/2018,"2,610.35","2,603.59","2,625.66","2,602.84",,0.21%
01/10/2018,"2,604.75","2,596.83","2,613.23","2,595.37",,0.48%
01/09/2018,"2,592.36","2,570.51","2,597.63","2,563.60",,1.06%
01/08/2018,"2,565.18","2,568.86","2,575.83","2,557.97",,0.00%
01/05/2018,"2,565.06","2,587.86","2,590.20","2,558.68",,-0.91%
01/04/2018,"2,588.49","2,586.14","2,597.63","2,580.88",,0.16%
01/03/2018,"2,584.42","2,559.25","2,586.95","2,554.25",,1.00%
01/02/2018,"2,558.73","2,558.62","2,569.95","2,551.92",,0.08%
12/29/2017,"2,556.71","2,541.64","2,561.91","2,541.45",,0.58%
12/28/2017,"2,541.96","2,527.39","2,542.63","2,525.75",,0.53%
12/27/2017,"2,528.46","2,524.87","2,532.54","2,510.94",,0.08%
12/26/2017,"2,526.47","2,481.76","2,528.16","2,479.70",,1.86%
12/22/2017,"2,480.34","2,469.08","2,481.08","2,460.61",,0.36%
12/21/2017,"2,471.36","2,460.88","2,471.36","2,451.42",,0.43%
12/20/2017,"2,460.78","2,443.92","2,461.79","2,443.92",,0.75%
12/19/2017,"2,442.44","2,432.43","2,446.72","2,430.56",,0.41%
12/18/2017,"2,432.43","2,425.87","2,444.04","2,424.41",,0.35%
12/15/2017,"2,424.05","2,418.73","2,432.19","2,418.38",,0.23%
12/14/2017,"2,418.54","2,402.30","2,420.39","2,393.03",,0.71%
12/13/2017,"2,401.52","2,417.26","2,435.73","2,400.12",,-0.61%
12/12/2017,"2,416.37","2,443.49","2,463.78","2,411.71",,-1.15%
12/11/2017,"2,444.38","2,424.31","2,448.30","2,417.77",,0.75%
12/08/2017,"2,426.09","2,404.78","2,436.08","2,402.46",,0.87%
12/07/2017,"2,405.24","2,395.03","2,406.29","2,388.44",,0.48%
12/06/2017,"2,393.65","2,438.95","2,440.48","2,392.80",,-1.91%
12/05/2017,"2,440.36","2,445.09","2,449.05","2,433.34",,-0.19%
12/04/2017,"2,444.97","2,477.04","2,477.47","2,442.53",,-1.37%
12/01/2017,"2,478.92","2,449.67","2,493.29","2,448.44",,1.24%
11/30/2017,"2,448.66","2,460.01","2,473.08","2,439.63",,-0.43%
11/29/2017,"2,459.29","2,471.39","2,484.27","2,446.41",,-0.62%
11/28/2017,"2,474.62","2,477.00","2,478.48","2,460.67",,-0.19%
11/27/2017,"2,479.37","2,488.43","2,491.31","2,464.79",,-0.36%
11/24/2017,"2,488.37","2,475.62","2,493.31","2,475.37",,0.52%
11/22/2017,"2,475.44","2,452.85","2,476.42","2,452.34",,1.03%
11/21/2017,"2,450.21","2,438.59","2,457.38","2,437.02",,0.44%
11/20/2017,"2,439.52","2,453.54","2,453.76","2,422.38",,-0.58%
11/17/2017,"2,453.84","2,416.40","2,456.22","2,415.11",,1.58%
11/16/2017,"2,415.68","2,426.06","2,431.12","2,412.62",,-0.44%
11/15/2017,"2,426.40","2,433.41","2,433.41","2,412.85",,-0.28%
11/14/2017,"2,433.33","2,471.48","2,471.58","2,420.94",,-1.56%
11/13/2017,"2,471.82","2,478.84","2,484.13","2,462.69",,-0.20%
11/10/2017,"2,476.75","2,484.84","2,492.05","2,470.30",,-0.33%
11/09/2017,"2,484.84","2,479.24","2,494.64","2,471.87",,0.25%
11/08/2017,"2,478.69","2,482.45","2,502.76","2,467.16",,-0.21%
11/07/2017,"2,483.86","2,498.52","2,504.59","2,478.20",,-0.60%
11/06/2017,"2,498.95","2,449.84","2,503.75","2,449.84",,2.11%
11/03/2017,"2,447.24","2,419.93","2,449.85","2,417.05",,1.18%
11/02/2017,"2,418.71","2,415.78","2,420.88","2,403.89",,0.13%
11/01/2017,"2,415.48","2,416.50","2,441.50","2,404.89",,0.01%
10/31/2017,"2,415.28","2,407.46","2,421.06","2,401.01",,0.33%
10/30/2017,"2,407.43","2,397.32","2,413.14","2,397.10",,0.44%
10/27/2017,"2,396.93","2,377.45","2,398.65","2,357.94",,0.86%
10/26/2017,"2,376.52","2,364.43","2,378.18","2,354.41",,0.52%
10/25/2017,"2,364.23","2,366.35","2,374.99","2,355.83",,-0.07%
10/24/2017,"2,366.00","2,343.57","2,366.85","2,336.78",,0.95%
10/23/2017,"2,343.72","2,345.20","2,351.70","2,339.89",,0.15%
10/20/2017,"2,340.26","2,333.33","2,343.75","2,320.10",,0.34%
10/19/2017,"2,332.31","2,346.11","2,351.60","2,323.98",,-0.57%
10/18/2017,"2,345.58","2,346.72","2,354.21","2,336.22",,0.02%
10/17/2017,"2,345.04","2,353.27","2,361.13","2,334.03",,-0.35%
10/16/2017,"2,353.20","2,346.46","2,370.00","2,346.46",,0.47%
10/13/2017,"2,342.19","2,314.85","2,346.88","2,314.85",,1.18%
10/12/2017,"2,314.78","2,324.61","2,325.28","2,304.40",,-0.42%
10/11/2017,"2,324.63","2,318.20","2,326.29","2,310.90",,0.24%
10/10/2017,"2,318.99","2,284.67","2,322.35","2,284.27",,1.50%
10/09/2017,"2,284.78","2,283.42","2,288.83","2,273.15",,0.11%
10/06/2017,"2,282.24","2,324.77","2,326.79","2,273.67",,-1.77%
10/05/2017,"2,323.34","2,293.27","2,332.38","2,292.08",,1.27%
10/04/2017,"2,294.28","2,290.67","2,305.48","2,282.92",,-0.03%
10/03/2017,"2,294.91","2,295.13","2,303.03","2,285.61",,-0.03%
10/02/2017,"2,295.60","2,326.36","2,326.96","2,284.08",,-1.33%
09/29/2017,"2,326.46","2,331.77","2,336.08","2,321.39",,-0.22%
09/28/2017,"2,331.59","2,341.68","2,357.32","2,322.67",,-0.51%
09/27/2017,"2,343.55","2,339.21","2,350.80","2,329.99",,0.18%
09/26/2017,"2,339.44","2,353.75","2,365.97","2,328.18",,-0.66%
09/25/2017,"2,354.97","2,318.32","2,356.16","2,310.62",,1.57%
09/22/2017,"2,318.58","2,314.14","2,320.88","2,308.57",,0.20%
09/21/2017,"2,314.06","2,322.35","2,323.00","2,304.28",,-0.35%
09/20/2017,"2,322.28","2,292.30","2,327.38","2,292.30",,1.32%
09/19/2017,"2,291.97","2,300.74","2,312.84","2,285.72",,-0.36%
09/18/2017,"2,300.24","2,304.03","2,317.34","2,287.67",,-0.23%
09/15/2017,"2,305.63","2,295.98","2,307.29","2,281.93",,0.43%
09/14/2017,"2,295.85","2,286.25","2,311.77","2,281.62",,0.42%
09/13/2017,"2,286.27","2,265.11","2,287.79","2,259.43",,0.94%
09/12/2017,"2,265.05","2,263.45","2,272.35","2,251.10",,0.09%
09/11/2017,"2,263.12","2,259.06","2,268.73","2,241.58",,0.21%
09/08/2017,"2,258.33","2,289.26","2,299.61","2,253.63",,-1.34%
09/07/2017,"2,289.08","2,289.55","2,295.69","2,281.34",,-0.02%
09/06/2017,"2,289.56","2,274.85","2,293.48","2,266.35",,0.63%
09/05/2017,"2,275.14","2,254.28","2,281.92","2,243.07",,0.94%
09/01/2017,"2,253.93","2,249.78","2,254.73","2,233.99",,0.10%
08/31/2017,"2,251.67","2,194.16","2,252.45","2,187.36",,2.70%
08/30/2017,"2,192.39","2,199.47","2,207.02","2,187.83",,-0.43%
08/29/2017,"2,201.79","2,201.28","2,210.63","2,189.95",,0.14%
08/28/2017,"2,198.73","2,222.09","2,222.09","2,192.50",,-0.54%
08/25/2017,"2,210.77","2,210.35","2,225.42","2,201.44",,0.02%
08/24/2017,"2,210.29","2,216.15","2,224.44","2,197.38",,-0.26%
08/23/2017,"2,216.07","2,200.87","2,217.45","2,193.86",,0.68%
08/22/2017,"2,201.20","2,196.19","2,210.71","2,191.28",,0.25%
08/21/2017,"2,195.62","2,219.80","2,226.28","2,189.49",,-1.09%
08/18/2017,"2,219.80","2,186.09","2,224.14","2,178.78",,1.55%
08/17/2017,"2,186.02","2,182.57","2,189.43","2,168.45",,0.17%
08/16/2017,"2,182.39","2,196.17","2,210.52","2,180.85",,-0.62%
08/15/2017,"2,196.11","2,203.81","2,204.77","2,182.42",,-0.36%
08/14/2017,"2,204.03","2,233.05","2,235.36","2,202.02",,-1.29%
08/11/2017,"2,232.86","2,228.04","2,237.12","2,210.64",,0.23%
08/10/2017,"2,227.79","2,258.31","2,280.23","2,224.91",,-1.34%
08/09/2017,"2,258.00","2,248.02","2,261.35","2,239.79",,0.45%
08/08/2017,"2,247.93","2,249.00","2,262.71","2,237.10",,-0.04%
08/07/2017,"2,248.94","2,249.52","2,254.91","2,228.18",,0.01%
08/04/2017,"2,248.75","2,240.95","2,250.58","2,227.93",,0.35%
08/03/2017,"2,240.87","2,255.04","2,263.11","2,236.23",,-0.67%
08/02/2017,"2,256.00","2,234.90","2,257.01","2,227.91",,0.74%
08/01/2017,"2,239.53","2,270.33","2,275.53","2,220.75",,-1.31%
07/31/2017,"2,269.29","2,259.20","2,271.73","2,248.00",,0.38%
07/28/2017,"2,260.65","2,244.84","2,265.61","2,238.36",,0.71%
07/27/2017,"2,244.82","2,229.53","2,249.12","2,224.70",,0.69%
07/26/2017,"2,229.46","2,209.23","2,231.21","2,207.20",,1.19%
07/25/2017,"2,203.21","2,171.25","2,207.85","2,170.87",,1.52%
07/24/2017,"2,170.21","2,168.52","2,177.91","2,153.79",,0.02%
07/21/2017,"2,169.82","2,203.10","2,210.25","2,164.53",,-1.51%
07/20/2017,"2,203.15","2,209.13","2,225.29","2,200.40",,-0.27%
07/19/2017,"2,209.02","2,183.72","2,211.52","2,177.70",,1.16%
07/18/2017,"2,183.66","2,173.86","2,203.57","2,171.85",,0.45%
07/17/2017,"2,173.80","2,183.03","2,188.96","2,173.18",,-0.41%
07/14/2017,"2,182.73","2,163.41","2,187.58","2,159.44",,0.90%
07/13/2017,"2,163.33","2,161.39","2,173.23","2,145.84",,0.09%
07/12/2017,"2,161.41","2,165.47","2,187.05","2,155.45",,0.05%
07/11/2017,"2,160.29","2,139.67","2,164.46","2,120.44",,0.97%
07/10/2017,"2,139.58","2,130.68","2,150.79","2,123.25",,0.44%
07/07/2017,"2,130.21","2,162.57","2,162.57","2,118.51",,-1.56%
07/06/2017,"2,163.97","2,161.83","2,183.31","2,151.09",,0.38%
07/05/2017,"2,155.79","2,201.28","2,204.91","2,150.75",,-2.06%
07/03/2017,"2,201.15","2,169.99","2,202.69","2,169.99",,1.44%
06/30/2017,"2,169.81","2,128.78","2,170.71","2,128.06",,1.93%
06/29/2017,"2,128.72","2,113.95","2,140.80","2,113.95",,0.75%
06/28/2017,"2,112.81","2,095.54","2,115.11","2,085.63",,0.83%
06/27/2017,"2,095.48","2,071.32","2,105.18","2,071.09",,1.17%
06/26/2017,"2,071.26","2,063.61","2,080.00","2,049.74",,0.49%
06/23/2017,"2,061.17","2,053.99","2,067.39","2,050.17",,0.37%
06/22/2017,"2,053.66","2,054.85","2,068.76","2,046.11",,-0.05%
06/21/2017,"2,054.65","2,080.29","2,095.49","2,045.22",,-1.23%
06/20/2017,"2,080.23","2,105.05","2,113.91","2,064.73",,-1.18%
06/19/2017,"2,105.10","2,120.04","2,126.86","2,102.17",,-0.76%
06/16/2017,"2,121.15","2,106.91","2,124.55","2,106.29",,0.64%
06/15/2017,"2,107.59","2,108.61","2,112.08","2,095.85",,-0.06%
06/14/2017,"2,108.76","2,149.24","2,155.43","2,106.42",,-2.11%
06/13/2017,"2,154.23","2,147.44","2,157.03","2,136.49",,0.32%
06/12/2017,"2,147.38","2,158.04","2,175.27","2,145.79",,-0.50%
06/09/2017,"2,158.20","2,149.53","2,167.34","2,139.74",,0.41%
06/08/2017,"2,149.43","2,147.55","2,164.97","2,140.40",,0.13%
06/07/2017,"2,146.59","2,193.33","2,196.61","2,144.94",,-2.13%
06/06/2017,"2,193.32","2,176.77","2,196.20","2,167.49",,0.76%
06/05/2017,"2,176.74","2,192.27","2,211.59","2,169.55",,-0.69%
06/02/2017,"2,191.87","2,206.74","2,207.54","2,166.68",,-0.80%
06/01/2017,"2,209.49","2,213.23","2,230.38","2,202.09",,-0.13%
05/31/2017,"2,212.33","2,240.48","2,246.30","2,199.17",,-1.31%
05/30/2017,"2,241.61","2,258.03","2,259.48","2,227.09",,-0.67%
05/26/2017,"2,256.83","2,242.74","2,258.00","2,221.52",,0.63%
05/25/2017,"2,242.74","2,296.19","2,312.10","2,236.51",,-2.25%
05/24/2017,"2,294.29","2,300.85","2,311.50","2,285.11",,-0.28%
05/23/2017,"2,300.79","2,304.36","2,307.15","2,286.80",,-0.16%
05/22/2017,"2,304.41","2,289.80","2,311.95","2,289.80",,0.68%
05/19/2017,"2,288.84","2,248.25","2,290.30","2,247.74",,1.81%
05/18/2017,"2,248.19","2,249.83","2,254.69","2,213.57",,-0.06%
05/17/2017,"2,249.56","2,234.45","2,259.96","2,219.37",,0.68%
05/16/2017,"2,234.39","2,239.47","2,250.44","2,231.72",,-0.22%
05/15/2017,"2,239.39","2,221.17","2,265.93","2,217.96",,0.83%
05/12/2017,"2,220.87","2,213.82","2,224.37","2,209.40",,0.32%
05/11/2017,"2,213.76","2,198.96","2,222.43","2,198.89",,0.68%
05/10/2017,"2,198.91","2,162.59","2,207.35","2,162.44",,1.74%
05/09/2017,"2,161.22","2,175.79","2,188.21","2,155.88",,-0.67%
05/08/2017,"2,175.76","2,178.33","2,195.13","2,157.63",,-0.11%
05/05/2017,"2,178.13","2,159.74","2,189.81","2,119.45",,0.87%
05/04/2017,"2,159.39","2,223.14","2,223.14","2,154.75",,-2.90%
05/03/2017,"2,223.81","2,219.96","2,231.13","2,208.99",,0.18%
05/02/2017,"2,219.88","2,240.45","2,258.09","2,214.02",,-0.92%
05/01/2017,"2,240.40","2,247.28","2,250.14","2,233.55",,-0.29%
04/28/2017,"2,246.85","2,234.78","2,255.63","2,232.25",,0.63%
04/27/2017,"2,232.78","2,249.89","2,249.89","2,213.91",,-0.76%
04/26/2017,"2,249.84","2,251.28","2,266.94","2,237.04",,-0.07%
04/25/2017,"2,251.39","2,237.73","2,255.70","2,228.47",,0.61%
04/24/2017,"2,237.67","2,248.77","2,265.49","2,231.34",,-0.46%
04/21/2017,"2,248.05","2,275.42","2,281.57","2,239.34",,-1.20%
04/20/2017,"2,275.37","2,283.94","2,298.44","2,273.45",,-0.29%
04/19/2017,"2,281.95","2,325.94","2,336.35","2,275.34",,-1.94%
04/18/2017,"2,327.19","2,343.54","2,346.03","2,317.56",,-0.69%
04/17/2017,"2,343.39","2,354.56","2,356.81","2,342.03",,-0.56%
04/13/2017,"2,356.50","2,352.11","2,362.12","2,346.33",,0.22%
04/12/2017,"2,351.29","2,358.44","2,369.09","2,344.38",,-0.30%
04/11/2017,"2,358.38","2,351.81","2,359.16","2,337.60",,0.29%
04/10/2017,"2,351.47","2,335.32","2,351.90","2,332.56",,0.78%
04/07/2017,"2,333.35","2,322.85","2,354.60","2,314.19",,0.46%
04/06/2017,"2,322.78","2,310.86","2,325.87","2,303.06",,0.55%
04/05/2017,"2,310.10","2,302.39","2,330.16","2,302.39",,0.33%
04/04/2017,"2,302.41","2,279.86","2,305.51","2,271.19",,0.99%
04/03/2017,"2,279.81","2,295.37","2,306.22","2,278.22",,-0.67%
03/31/2017,"2,295.19","2,289.22","2,300.12","2,274.59",,0.28%
03/30/2017,"2,288.85","2,274.97","2,295.21","2,264.76",,0.61%
03/29/2017,"2,274.93","2,248.22","2,274.93","2,246.34",,1.26%
03/28/2017,"2,246.65","2,228.29","2,257.86","2,227.21",,0.89%
03/27/2017,"2,226.93","2,237.49","2,243.86","2,210.11",,-0.37%
03/24/2017,"2,235.17","2,231.09","2,240.87","2,228.32",,0.18%
03/23/2017,"2,231.05","2,235.64","2,246.76","2,222.92",,-0.20%
03/22/2017,"2,235.62","2,242.63","2,244.65","2,213.70",,-0.31%
03/21/2017,"2,242.58","2,258.84","2,271.25","2,236.22",,-0.72%
03/20/2017,"2,258.79","2,264.47","2,270.24","2,247.45",,-0.24%
03/17/2017,"2,264.32","2,259.24","2,271.15","2,254.24",,0.23%
03/16/2017,"2,259.19","2,257.03","2,282.73","2,255.04",,0.10%
03/15/2017,"2,256.98","2,229.29","2,262.87","2,229.27",,1.24%
03/14/2017,"2,229.24","2,246.67","2,254.46","2,215.21",,-0.77%
03/13/2017,"2,246.63","2,249.41","2,256.68","2,238.28",,-0.07%
03/10/2017,"2,248.14","2,266.99","2,288.32","2,243.57",,-0.76%
03/09/2017,"2,265.34","2,298.10","2,306.29","2,250.12",,-1.41%
03/08/2017,"2,297.65","2,355.71","2,357.71","2,293.88",,-2.56%
03/07/2017,"2,358.04","2,368.02","2,379.16","2,356.15",,-0.44%
03/06/2017,"2,368.48","2,370.07","2,381.77","2,356.25",,0.06%
03/03/2017,"2,367.07","2,353.63","2,368.69","2,351.12",,0.62%
03/02/2017,"2,352.52","2,394.62","2,394.62","2,350.96",,-1.76%
03/01/2017,"2,394.75","2,388.17","2,407.46","2,384.54",,0.25%
02/28/2017,"2,388.70","2,381.84","2,389.25","2,366.14",,0.29%
02/27/2017,"2,381.80","2,386.35","2,400.81","2,380.32",,-0.19%
02/24/2017,"2,386.25","2,397.57","2,400.61","2,381.84",,-0.47%
02/23/2017,"2,397.54","2,390.14","2,418.57","2,389.83",,0.54%
02/22/2017,"2,384.67","2,401.84","2,408.64","2,381.04",,-0.72%
02/21/2017,"2,402.06","2,395.31","2,422.56","2,392.86",,0.37%
02/17/2017,"2,393.09","2,396.99","2,399.09","2,378.98",,-0.17%
02/16/2017,"2,397.10","2,407.68","2,416.25","2,389.64",,-0.43%
02/15/2017,"2,407.56","2,405.33","2,416.94","2,394.52",,0.09%
02/14/2017,"2,405.30","2,398.44","2,417.55","2,395.32",,0.33%
02/13/2017,"2,397.42","2,426.87","2,429.48","2,394.39",,-1.28%
02/10/2017,"2,428.42","2,398.69","2,433.69","2,396.89",,1.24%
02/09/2017,"2,398.73","2,388.42","2,407.15","2,388.42",,0.48%
02/08/2017,"2,387.31","2,366.42","2,395.24","2,358.99",,0.55%
02/07/2017,"2,374.37","2,389.24","2,393.42","2,364.56",,-0.61%
02/06/2017,"2,388.97","2,410.68","2,421.65","2,387.82",,-0.90%
02/03/2017,"2,410.64","2,413.74","2,421.86","2,398.08",,0.01%
02/02/2017,"2,410.46","2,415.13","2,433.45","2,405.18",,-0.33%
02/01/2017,"2,418.54","2,383.06","2,418.94","2,377.59",,1.48%
01/31/2017,"2,383.16","2,369.58","2,400.93","2,363.19",,0.59%
01/30/2017,"2,369.13","2,389.38","2,394.99","2,365.24",,-0.99%
01/27/2017,"2,392.89","2,411.80","2,412.97","2,378.02",,-0.80%
01/26/2017,"2,412.21","2,399.18","2,425.97","2,397.77",,0.69%
01/25/2017,"2,395.58","2,406.80","2,411.43","2,386.83",,-0.56%
01/24/2017,"2,409.04","2,402.20","2,420.22","2,402.18",,0.35%
01/23/2017,"2,400.58","2,406.51","2,410.52","2,385.62",,-0.16%
01/20/2017,"2,404.34","2,377.55","2,415.88","2,373.86",,1.13%
01/19/2017,"2,377.51","2,382.46","2,393.33","2,371.52",,-0.05%
01/18/2017,"2,378.76","2,413.57","2,421.48","2,374.33",,-1.43%
01/17/2017,"2,413.25","2,408.83","2,441.71","2,405.00",,0.27%
01/13/2017,"2,406.76","2,415.57","2,420.06","2,397.78",,-0.37%
01/12/2017,"2,415.59","2,382.76","2,422.88","2,382.76",,1.37%
01/11/2017,"2,382.92","2,354.04","2,394.98","2,347.33",,1.27%
01/10/2017,"2,353.02","2,365.73","2,380.39","2,351.80",,-0.55%
01/09/2017,"2,366.12","2,417.59","2,417.59","2,363.05",,-2.12%
01/06/2017,"2,417.41","2,415.25","2,429.23","2,400.20",,0.09%
01/05/2017,"2,415.32","2,405.72","2,429.83","2,393.78",,0.43%
01/04/2017,"2,404.99","2,374.53","2,406.38","2,370.76",,1.40%
01/03/2017,"2,371.67","2,417.41","2,451.40","2,369.26",,-1.89%
12/30/2016,"2,417.31","2,421.05","2,428.08","2,410.44",,-0.07%
12/29/2016,"2,418.92","2,418.80","2,430.19","2,414.42",,-0.17%
12/28/2016,"2,423.14","2,416.81","2,430.42","2,407.90",,0.24%
12/27/2016,"2,417.28","2,380.89","2,422.30","2,380.84",,1.62%
12/23/2016,"2,378.73","2,373.67","2,385.26","2,360.79",,-0.02%
12/22/2016,"2,379.09","2,373.09","2,386.90","2,354.18",,0.32%
12/21/2016,"2,371.42","2,385.61","2,395.50","2,366.52",,-0.41%
12/20/2016,"2,381.27","2,379.89","2,394.18","2,372.28",,0.06%
12/19/2016,"2,379.78","2,391.42","2,401.43","2,370.02",,-0.35%
12/16/2016,"2,388.05","2,365.00","2,391.99","2,351.37",,1.09%
12/15/2016,"2,362.41","2,369.04","2,379.40","2,342.79",,-0.48%
12/14/2016,"2,373.88","2,397.30","2,411.28","2,368.84",,-1.45%
12/13/2016,"2,408.79","2,409.08","2,427.90","2,394.80",,-0.04%
12/12/2016,"2,409.65","2,408.94","2,443.59","2,400.69",,1.26%
12/09/2016,"2,379.57","2,362.73","2,379.67","2,360.81",,0.83%
12/08/2016,"2,360.02","2,346.26","2,361.57","2,334.23",,0.76%
12/07/2016,"2,342.14","2,368.58","2,379.92","2,341.34",,-1.14%
12/06/2016,"2,369.23","2,377.14","2,385.22","2,353.30",,-0.78%
12/05/2016,"2,387.90","2,361.06","2,395.25","2,351.74",,0.98%
12/02/2016,"2,364.62","2,356.87","2,365.72","2,328.44",,0.42%
12/01/2016,"2,354.68","2,304.39","2,371.65","2,302.33",,2.00%
11/30/2016,"2,308.46","2,206.28","2,321.13","2,205.52",,4.79%
11/29/2016,"2,203.03","2,263.94","2,263.94","2,196.19",,-2.81%
11/28/2016,"2,266.67","2,235.48","2,279.98","2,222.57",,1.44%
11/25/2016,"2,234.38","2,272.09","2,275.93","2,229.49",,-1.64%
11/23/2016,"2,271.64","2,272.28","2,279.99","2,248.63",,0.07%
11/22/2016,"2,270.05","2,276.92","2,297.60","2,250.02",,0.12%
11/21/2016,"2,267.33","2,206.84","2,273.30","2,206.84",,3.02%
11/18/2016,"2,200.96","2,182.19","2,203.63","2,168.53",,0.49%
11/17/2016,"2,190.24","2,184.53","2,215.72","2,180.03",,0.12%
11/16/2016,"2,187.70","2,198.44","2,209.16","2,177.30",,-0.50%
11/15/2016,"2,198.69","2,146.74","2,202.12","2,146.74",,2.74%
11/14/2016,"2,139.97","2,150.86","2,157.72","2,118.01",,-0.40%
11/11/2016,"2,148.66","2,185.29","2,194.55","2,140.07",,-1.78%
11/10/2016,"2,187.67","2,196.60","2,222.58","2,182.69",,-0.44%
11/09/2016,"2,197.24","2,194.05","2,218.45","2,146.53",,0.19%
11/08/2016,"2,193.10","2,191.65","2,204.19","2,175.80",,0.14%
11/07/2016,"2,190.08","2,176.62","2,197.45","2,171.10",,0.76%
11/04/2016,"2,173.50","2,194.86","2,197.53","2,160.51",,-0.90%
11/03/2016,"2,193.34","2,215.06","2,221.58","2,186.67",,-0.74%
11/02/2016,"2,209.59","2,237.34","2,239.03","2,198.44",,-1.58%
11/01/2016,"2,245.07","2,267.73","2,282.22","2,235.03",,-0.28%
10/31/2016,"2,251.39","2,304.21","2,305.14","2,248.04",,-2.26%
10/28/2016,"2,303.56","2,326.19","2,329.92","2,296.81",,-1.00%
10/27/2016,"2,326.73","2,307.87","2,334.29","2,304.90",,0.88%
10/26/2016,"2,306.36","2,309.93","2,326.02","2,295.25",,-0.71%
10/25/2016,"2,322.79","2,334.20","2,349.81","2,317.80",,-0.49%
10/24/2016,"2,334.21","2,336.12","2,348.19","2,312.17",,-0.22%
10/21/2016,"2,339.32","2,329.25","2,342.87","2,320.00",,0.45%
10/20/2016,"2,328.74","2,361.31","2,363.16","2,321.23",,-1.42%
10/19/2016,"2,362.36","2,343.32","2,372.34","2,343.26",,1.05%
10/18/2016,"2,337.87","2,334.41","2,348.92","2,327.71",,0.25%
10/17/2016,"2,331.98","2,337.02","2,347.29","2,315.86",,-0.27%
10/14/2016,"2,338.18","2,340.50","2,356.89","2,329.04",,-0.05%
10/13/2016,"2,339.28","2,319.46","2,341.44","2,307.59",,0.67%
10/12/2016,"2,323.75","2,344.81","2,354.70","2,321.54",,-0.92%
10/11/2016,"2,345.34","2,363.33","2,367.17","2,334.88",,-0.86%
10/10/2016,"2,365.71","2,319.51","2,377.81","2,315.24",,1.61%
10/07/2016,"2,328.20","2,341.71","2,347.51","2,316.38",,-0.43%
10/06/2016,"2,338.25","2,329.19","2,341.76","2,313.30",,0.30%
10/05/2016,"2,331.28","2,311.97","2,334.15","2,311.97",,1.18%
10/04/2016,"2,304.14","2,299.11","2,313.00","2,285.80",,0.17%
10/03/2016,"2,300.34","2,284.91","2,305.00","2,268.21",,0.64%
09/30/2016,"2,285.61","2,277.73","2,289.14","2,255.65",,0.32%
09/29/2016,"2,278.41","2,262.11","2,293.91","2,253.61",,0.86%
09/28/2016,"2,258.93","2,201.26","2,266.00","2,188.29",,2.81%
09/27/2016,"2,197.29","2,230.02","2,234.09","2,186.09",,-1.70%
09/26/2016,"2,235.30","2,202.49","2,244.54","2,195.82",,1.41%
09/23/2016,"2,204.31","2,242.10","2,256.64","2,195.99",,-2.05%
09/22/2016,"2,250.46","2,227.39","2,261.29","2,227.39",,1.12%
09/21/2016,"2,225.45","2,209.42","2,230.37","2,208.99",,1.35%
09/20/2016,"2,195.87","2,185.62","2,203.23","2,167.83",,0.35%
09/19/2016,"2,188.14","2,190.35","2,211.90","2,186.60",,0.25%
09/16/2016,"2,182.67","2,183.93","2,189.34","2,162.41",,-0.40%
09/15/2016,"2,191.38","2,174.24","2,199.95","2,166.93",,0.87%
09/14/2016,"2,172.45","2,203.41","2,211.89","2,169.99",,-1.27%
09/13/2016,"2,200.30","2,242.04","2,242.04","2,197.49",,-1.84%
09/12/2016,"2,241.46","2,231.71","2,251.08","2,199.45",,0.47%
09/09/2016,"2,230.88","2,272.88","2,272.88","2,229.08",,-2.11%
09/08/2016,"2,278.91","2,231.72","2,281.64","2,227.05",,2.66%
09/07/2016,"2,219.83","2,192.86","2,222.13","2,192.50",,1.15%
09/06/2016,"2,194.68","2,200.35","2,213.21","2,169.83",,0.29%
09/02/2016,"2,188.23","2,161.95","2,196.19","2,155.93",,1.56%
09/01/2016,"2,154.70","2,196.52","2,205.35","2,150.65",,-1.82%
08/31/2016,"2,194.65","2,238.93","2,243.06","2,189.59",,-2.11%
08/30/2016,"2,241.98","2,263.40","2,276.41","2,236.39",,-0.95%
08/29/2016,"2,263.51","2,278.47","2,279.16","2,257.77",,-1.08%
08/26/2016,"2,288.24","2,288.31","2,321.17","2,273.39",,-0.02%
08/25/2016,"2,288.69","2,277.97","2,290.66","2,266.37",,0.45%
08/24/2016,"2,278.39","2,301.71","2,304.94","2,270.36",,-1.50%
08/23/2016,"2,313.13","2,292.28","2,319.62","2,274.43",,0.72%
08/22/2016,"2,296.54","2,330.35","2,330.35","2,294.15",,-1.63%
08/19/2016,"2,334.51","2,337.34","2,344.48","2,318.50",,-0.09%
08/18/2016,"2,336.56","2,300.33","2,340.84","2,295.84",,1.56%
08/17/2016,"2,300.70","2,282.47","2,302.74","2,270.38",,0.53%
08/16/2016,"2,288.54","2,264.38","2,291.78","2,257.63",,0.98%
08/15/2016,"2,266.43","2,224.55","2,269.08","2,224.55",,1.85%
08/12/2016,"2,225.23","2,206.55","2,228.71","2,193.15",,0.98%
08/11/2016,"2,203.72","2,151.32","2,215.72","2,140.81",,2.19%
08/10/2016,"2,156.45","2,182.58","2,205.73","2,152.07",,-1.23%
08/09/2016,"2,183.41","2,194.81","2,206.19","2,179.27",,-0.65%
08/08/2016,"2,197.63","2,172.26","2,207.27","2,170.99",,1.28%
08/05/2016,"2,169.87","2,162.67","2,174.94","2,150.51",,0.24%
08/04/2016,"2,164.72","2,145.95","2,169.46","2,125.40",,1.15%
08/03/2016,"2,140.15","2,105.81","2,146.97","2,097.09",,1.80%
08/02/2016,"2,102.29","2,114.21","2,144.11","2,093.00",,-0.47%
08/01/2016,"2,112.30","2,151.56","2,164.35","2,106.91",,-2.05%
07/29/2016,"2,156.50","2,137.16","2,158.95","2,117.46",,0.81%
07/28/2016,"2,139.23","2,159.51","2,167.80","2,137.29",,-0.80%
07/27/2016,"2,156.52","2,182.18","2,196.92","2,151.51",,-1.44%
07/26/2016,"2,187.92","2,192.79","2,195.95","2,170.38",,-0.23%
07/25/2016,"2,192.98","2,217.02","2,222.87","2,186.30",,-1.11%
07/22/2016,"2,217.59","2,228.88","2,233.60","2,200.07",,-0.53%
07/21/2016,"2,229.37","2,255.90","2,266.93","2,226.81",,-1.15%
07/20/2016,"2,255.40","2,259.80","2,268.51","2,228.82",,-0.10%
07/19/2016,"2,257.60","2,275.29","2,291.00","2,256.81",,-0.86%
07/18/2016,"2,277.23","2,293.20","2,301.30","2,258.90",,-0.74%
07/15/2016,"2,294.27","2,293.71","2,317.69","2,285.28",,-0.31%
07/14/2016,"2,301.43","2,276.61","2,312.59","2,276.61",,1.10%
07/13/2016,"2,276.49","2,322.91","2,330.09","2,271.78",,-2.09%
07/12/2016,"2,325.09","2,262.76","2,326.71","2,261.06",,2.63%
07/11/2016,"2,265.40","2,281.18","2,300.69","2,261.41",,-0.68%
07/08/2016,"2,280.82","2,270.05","2,289.08","2,261.32",,0.69%
07/07/2016,"2,265.18","2,341.66","2,363.24","2,258.16",,-2.92%
07/06/2016,"2,333.32","2,324.81","2,338.69","2,291.93",,0.45%
07/05/2016,"2,322.78","2,394.73","2,394.73","2,312.41",,-3.22%
07/01/2016,"2,400.04","2,388.54","2,403.12","2,371.25",,0.64%
06/30/2016,"2,384.66","2,417.50","2,420.71","2,382.50",,-1.66%
06/29/2016,"2,424.80","2,378.77","2,427.99","2,376.09",,2.21%
06/28/2016,"2,372.31","2,329.64","2,376.41","2,325.57",,2.21%
06/27/2016,"2,321.11","2,348.63","2,371.54","2,311.09",,-1.39%
06/24/2016,"2,353.92","2,421.10","2,422.26","2,331.89",,-3.02%
06/23/2016,"2,427.16","2,408.51","2,428.85","2,400.25",,0.98%
06/22/2016,"2,403.62","2,433.45","2,442.36","2,388.82",,-0.82%
06/21/2016,"2,423.56","2,437.11","2,438.62","2,398.20",,-0.71%
06/20/2016,"2,440.94","2,404.06","2,441.83","2,401.88",,1.61%
06/17/2016,"2,402.37","2,344.14","2,406.05","2,344.14",,2.46%
06/16/2016,"2,344.73","2,388.53","2,391.54","2,338.45",,-2.22%
06/15/2016,"2,398.04","2,404.14","2,420.64","2,391.95",,-0.79%
06/14/2016,"2,417.04","2,424.89","2,424.89","2,399.46",,-0.56%
06/13/2016,"2,430.69","2,437.27","2,444.33","2,418.08",,-0.17%
06/10/2016,"2,434.73","2,478.80","2,481.35","2,431.09",,-1.84%
06/09/2016,"2,480.28","2,504.52","2,509.45","2,466.11",,-0.68%
06/08/2016,"2,497.27","2,452.03","2,497.46","2,452.03",,1.81%
06/07/2016,"2,452.94","2,430.48","2,454.62","2,426.26",,0.81%
06/06/2016,"2,433.17","2,405.45","2,444.70","2,405.45",,1.27%
06/03/2016,"2,402.57","2,403.14","2,416.88","2,393.87",,-0.14%
06/02/2016,"2,405.93","2,386.49","2,414.62","2,367.63",,0.78%
06/01/2016,"2,387.40","2,377.51","2,393.66","2,346.59",,0.20%
05/31/2016,"2,382.75","2,394.38","2,408.79","2,375.03",,-0.25%
05/27/2016,"2,388.67","2,383.92","2,392.20","2,365.65",,0.08%
05/26/2016,"2,386.84","2,381.65","2,404.06","2,369.06",,0.25%
05/25/2016,"2,380.94","2,363.31","2,384.94","2,356.60",,1.25%
05/24/2016,"2,351.58","2,342.97","2,368.54","2,328.09",,0.34%
05/23/2016,"2,343.70","2,356.93","2,357.40","2,326.28",,-0.65%
05/20/2016,"2,359.12","2,360.16","2,376.37","2,344.27",,0.10%
05/19/2016,"2,356.86","2,370.95","2,370.95","2,321.52",,-0.82%
05/18/2016,"2,376.25","2,384.13","2,397.38","2,364.19",,-0.21%
05/17/2016,"2,381.29","2,363.07","2,386.03","2,354.11",,0.84%
05/16/2016,"2,361.36","2,323.78","2,368.56","2,320.65",,1.65%
05/13/2016,"2,323.14","2,326.43","2,327.80","2,306.15",,-0.33%
05/12/2016,"2,330.81","2,316.75","2,338.97","2,298.53",,0.36%
05/11/2016,"2,322.47","2,265.37","2,324.94","2,253.27",,2.54%
05/10/2016,"2,264.95","2,208.70","2,266.83","2,204.10",,2.43%
05/09/2016,"2,211.32","2,278.23","2,287.57","2,208.01",,-2.34%
05/06/2016,"2,264.40","2,251.77","2,284.29","2,228.44",,0.65%
05/05/2016,"2,249.69","2,262.17","2,306.33","2,240.63",,0.03%
05/04/2016,"2,249.02","2,258.41","2,285.30","2,234.83",,-0.18%
05/03/2016,"2,253.05","2,295.65","2,311.22","2,244.06",,-1.91%
05/02/2016,"2,296.96","2,325.00","2,330.60","2,289.84",,-1.46%
04/29/2016,"2,331.04","2,320.81","2,350.86","2,314.70",,0.24%
04/28/2016,"2,325.55","2,300.82","2,328.21","2,293.05",,0.97%
04/27/2016,"2,303.11","2,284.91","2,308.25","2,262.22",,1.26%
04/26/2016,"2,274.52","2,235.77","2,277.05","2,224.22",,1.87%
04/25/2016,"2,232.84","2,246.75","2,262.05","2,221.43",,-0.79%
04/22/2016,"2,250.59","2,254.81","2,286.31","2,242.87",,-0.10%
04/21/2016,"2,252.83","2,272.15","2,300.54","2,245.27",,-1.18%
04/20/2016,"2,279.65","2,206.79","2,280.92","2,190.76",,2.60%
04/19/2016,"2,221.98","2,174.83","2,229.87","2,163.84",,2.30%
04/18/2016,"2,172.08","2,174.09","2,187.21","2,114.64",,-0.12%
04/15/2016,"2,174.61","2,194.76","2,201.12","2,152.14",,-1.01%
04/14/2016,"2,196.73","2,207.10","2,220.07","2,185.10",,-0.67%
04/13/2016,"2,211.65","2,207.08","2,229.54","2,194.46",,-0.11%
04/12/2016,"2,213.99","2,154.22","2,215.79","2,150.15",,2.66%
04/11/2016,"2,156.73","2,144.43","2,165.69","2,126.44",,0.65%
04/08/2016,"2,142.80","2,071.33","2,143.97","2,070.96",,3.80%
04/07/2016,"2,064.32","2,081.24","2,092.99","2,048.73",,-0.68%
04/06/2016,"2,078.41","2,045.42","2,083.97","2,041.02",,2.32%
04/05/2016,"2,031.36","2,032.09","2,038.28","2,022.78",,-0.31%
04/04/2016,"2,037.65","2,062.11","2,081.37","2,035.20",,-1.59%
04/01/2016,"2,070.56","2,113.68","2,118.10","2,063.21",,-2.17%
03/31/2016,"2,116.44","2,109.26","2,135.94","2,095.98",,0.04%
03/30/2016,"2,115.66","2,128.14","2,160.66","2,112.19",,-0.28%
03/29/2016,"2,121.55","2,144.10","2,147.27","2,107.37",,-1.11%
03/28/2016,"2,145.31","2,152.06","2,160.01","2,130.50",,-0.02%
03/24/2016,"2,145.68","2,151.02","2,155.49","2,114.67",,-0.44%
03/23/2016,"2,155.26","2,201.95","2,204.56","2,153.01",,-2.41%
03/22/2016,"2,208.59","2,198.55","2,214.86","2,185.54",,0.41%
03/21/2016,"2,199.54","2,191.62","2,209.46","2,171.96",,0.25%
03/18/2016,"2,193.96","2,207.92","2,229.88","2,191.06",,-0.76%
03/17/2016,"2,210.78","2,170.22","2,210.86","2,169.04",,2.17%
03/16/2016,"2,163.79","2,128.35","2,169.35","2,121.44",,2.12%
03/15/2016,"2,118.86","2,143.24","2,145.05","2,106.15",,-1.01%
03/14/2016,"2,140.43","2,166.86","2,171.34","2,120.88",,-1.29%
03/11/2016,"2,168.35","2,154.00","2,181.29","2,154.00",,0.94%
03/10/2016,"2,148.16","2,160.65","2,161.44","2,130.02",,-0.68%
03/09/2016,"2,162.87","2,114.14","2,164.65","2,110.43",,2.24%
03/08/2016,"2,115.43","2,143.99","2,162.51","2,110.77",,-1.45%
03/07/2016,"2,146.48","2,092.43","2,153.91","2,092.43",,2.68%
03/04/2016,"2,090.50","2,042.37","2,091.97","2,037.53",,2.45%
03/03/2016,"2,040.48","2,035.80","2,051.71","2,021.59",,0.25%
03/02/2016,"2,035.34","2,018.19","2,048.69","2,008.61",,0.55%
03/01/2016,"2,024.29","2,017.20","2,035.76","1,998.66",,0.36%
02/29/2016,"2,016.99","1,993.12","2,021.39","1,978.85",,1.21%
02/26/2016,"1,992.84","1,994.54","2,045.83","1,987.18",,-0.23%
02/25/2016,"1,997.46","1,977.02","2,007.00","1,947.77",,0.96%
02/24/2016,"1,978.51","1,947.93","1,987.21","1,927.05",,1.15%
02/23/2016,"1,955.98","1,993.31","2,004.47","1,947.25",,-2.07%
02/22/2016,"1,997.41","1,952.45","2,008.67","1,952.43",,2.37%
02/19/2016,"1,951.07","1,978.95","1,991.63","1,941.32",,-1.82%
02/18/2016,"1,987.19","2,006.02","2,025.58","1,983.67",,-0.41%
02/17/2016,"1,995.43","1,941.11","2,003.20","1,924.02",,3.25%
02/16/2016,"1,932.71","1,983.81","2,012.97","1,924.33",,-1.35%
02/12/2016,"1,959.23","1,898.82","1,960.94","1,898.00",,4.71%
02/11/2016,"1,871.05","1,886.36","1,902.20","1,868.76",,-0.88%
02/10/2016,"1,887.72","1,900.13","1,925.16","1,881.95",,-0.03%
02/09/2016,"1,888.29","1,962.54","1,970.18","1,885.95",,-3.43%
02/08/2016,"1,955.26","1,985.20","2,003.51","1,953.97",,-1.52%
02/05/2016,"1,985.34","2,008.54","2,030.02","1,979.43",,-1.27%
02/04/2016,"2,010.79","2,028.05","2,059.67","2,006.03",,-0.54%
02/03/2016,"2,021.72","1,947.03","2,025.44","1,941.54",,3.42%
02/02/2016,"1,954.87","2,001.15","2,002.06","1,943.43",,-2.52%
02/01/2016,"2,005.39","2,047.59","2,050.02","1,978.95",,-2.57%
01/29/2016,"2,058.38","2,035.69","2,066.72","2,025.89",,1.49%
01/28/2016,"2,028.21","1,999.46","2,081.43","1,993.81",,0.97%
01/27/2016,"2,008.64","1,964.92","2,022.63","1,948.08",,1.59%
01/26/2016,"1,977.25","1,926.57","2,000.65","1,905.28",,2.01%
01/25/2016,"1,938.36","1,988.53","2,004.09","1,934.88",,-2.43%
01/22/2016,"1,986.61","1,912.79","1,989.99","1,904.85",,4.37%
01/21/2016,"1,903.36","1,864.95","1,925.36","1,846.47",,2.29%
01/20/2016,"1,860.66","1,898.79","1,900.15","1,837.41",,-2.19%
01/19/2016,"1,902.35","1,905.38","1,949.48","1,899.02",,-0.45%
01/15/2016,"1,911.01","1,961.59","1,962.57","1,904.08",,-2.74%
01/14/2016,"1,964.75","1,954.09","1,974.52","1,943.96",,0.49%
01/13/2016,"1,955.25","1,967.94","1,995.50","1,947.55",,-0.38%
01/12/2016,"1,962.69","1,987.76","2,010.93","1,948.92",,-1.34%
01/11/2016,"1,989.27","2,047.63","2,047.63","1,978.21",,-3.03%
01/08/2016,"2,051.37","2,066.14","2,083.10","2,037.97",,-0.40%
01/07/2016,"2,059.66","2,080.67","2,090.03","2,018.15",,-0.75%
01/06/2016,"2,075.28","2,145.17","2,145.95","2,071.81",,-3.00%
01/05/2016,"2,139.40","2,159.05","2,168.14","2,135.48",,-0.80%
01/04/2016,"2,156.65","2,181.27","2,211.55","2,142.60",,-0.64%
12/31/2015,"2,170.62","2,155.32","2,195.83","2,143.60",,0.82%
12/30/2015,"2,152.93","2,181.36","2,181.85","2,150.44",,-1.94%
12/29/2015,"2,195.49","2,154.44","2,199.35","2,151.27",,1.86%
12/28/2015,"2,155.33","2,187.03","2,187.93","2,151.32",,-1.44%
12/24/2015,"2,186.90","2,174.56","2,191.98","2,166.25",,0.73%
12/23/2015,"2,171.03","2,131.13","2,177.50","2,128.83",,2.20%
12/22/2015,"2,124.24","2,131.48","2,141.89","2,122.19",,-0.30%
12/21/2015,"2,130.65","2,132.77","2,144.51","2,114.04",,-0.47%
12/18/2015,"2,140.70","2,122.87","2,168.70","2,115.72",,0.62%
12/17/2015,"2,127.49","2,145.09","2,152.31","2,118.56",,-0.73%
12/16/2015,"2,143.12","2,182.33","2,190.19","2,137.82",,-2.07%
12/15/2015,"2,188.41","2,173.85","2,216.46","2,163.11",,0.59%
12/14/2015,"2,175.52","2,186.13","2,189.99","2,137.70",,-0.48%
12/11/2015,"2,186.08","2,228.52","2,234.49","2,179.78",,-2.07%
12/10/2015,"2,232.30","2,240.43","2,250.83","2,220.64",,-0.15%
12/09/2015,"2,235.69","2,251.20","2,282.95","2,216.74",,-0.26%
12/08/2015,"2,241.62","2,258.99","2,272.74","2,220.39",,-0.61%
12/07/2015,"2,255.37","2,335.29","2,339.77","2,253.33",,-3.69%
12/04/2015,"2,341.81","2,362.09","2,387.58","2,324.82",,-0.62%
12/03/2015,"2,356.51","2,326.02","2,380.19","2,319.71",,1.56%
12/02/2015,"2,320.24","2,382.20","2,384.38","2,318.33",,-2.78%
12/01/2015,"2,386.58","2,377.32","2,397.20","2,361.85",,0.46%
11/30/2015,"2,375.62","2,384.93","2,409.51","2,373.12",,-0.34%
11/27/2015,"2,383.68","2,422.68","2,423.33","2,382.96",,-1.87%
11/25/2015,"2,429.09","2,423.79","2,436.61","2,392.46",,0.10%
11/24/2015,"2,426.71","2,399.36","2,444.10","2,393.94",,1.37%
11/23/2015,"2,393.85","2,381.72","2,413.59","2,342.59",,0.30%
11/20/2015,"2,386.61","2,388.18","2,410.23","2,378.13",,0.08%
11/19/2015,"2,384.79","2,386.30","2,399.81","2,367.43",,0.13%
11/18/2015,"2,381.67","2,384.04","2,403.22","2,360.41",,0.34%
11/17/2015,"2,373.66","2,400.52","2,411.54","2,371.31",,-1.00%
11/16/2015,"2,397.66","2,398.51","2,420.11","2,359.71",,-0.06%
11/13/2015,"2,398.99","2,426.89","2,446.77","2,388.74",,-1.22%
11/12/2015,"2,428.68","2,471.51","2,481.70","2,427.26",,-1.61%
11/11/2015,"2,468.34","2,494.83","2,513.07","2,462.00",,-1.28%
11/10/2015,"2,500.37","2,508.48","2,524.46","2,492.79",,-0.17%
11/09/2015,"2,504.54","2,532.91","2,557.81","2,501.52",,-1.07%
11/06/2015,"2,531.51","2,556.49","2,568.32","2,522.46",,-0.80%
11/05/2015,"2,551.97","2,589.60","2,594.56","2,551.20",,-1.29%
11/04/2015,"2,585.36","2,641.17","2,658.99","2,582.97",,-2.20%
11/03/2015,"2,643.55","2,592.18","2,654.50","2,582.56",,2.12%
11/02/2015,"2,588.72","2,605.59","2,610.25","2,578.61",,-0.80%
10/30/2015,"2,609.60","2,581.83","2,621.83","2,572.89",,0.83%
10/29/2015,"2,588.04","2,596.97","2,611.39","2,568.96",,-0.31%
10/28/2015,"2,596.19","2,523.82","2,599.30","2,515.26",,2.94%
10/27/2015,"2,521.96","2,545.39","2,546.51","2,511.67",,-0.96%
10/26/2015,"2,546.44","2,564.93","2,574.18","2,544.09",,-0.68%
10/23/2015,"2,563.97","2,584.73","2,603.80","2,553.58",,-0.80%
10/22/2015,"2,584.55","2,582.85","2,611.93","2,573.67",,0.23%
10/21/2015,"2,578.74","2,604.49","2,604.49","2,564.01",,-0.99%
10/20/2015,"2,604.49","2,597.72","2,619.07","2,586.74",,0.31%
10/19/2015,"2,596.40","2,646.36","2,648.91","2,595.38",,-2.06%
10/16/2015,"2,650.95","2,638.25","2,657.59","2,614.68",,0.72%
10/15/2015,"2,632.11","2,643.95","2,648.92","2,604.30",,-0.44%
10/14/2015,"2,643.67","2,647.30","2,657.16","2,627.34",,-0.11%
10/13/2015,"2,646.53","2,667.37","2,686.32","2,641.65",,-0.65%
10/12/2015,"2,663.97","2,736.74","2,759.31","2,662.76",,-2.63%
10/09/2015,"2,735.80","2,729.28","2,783.71","2,724.45",,0.23%
10/08/2015,"2,729.50","2,697.05","2,743.19","2,686.20",,1.28%
10/07/2015,"2,694.99","2,719.78","2,754.24","2,693.08",,-0.72%
10/06/2015,"2,714.60","2,634.41","2,714.75","2,617.88",,3.03%
10/05/2015,"2,634.86","2,596.96","2,651.22","2,596.96",,1.51%
10/02/2015,"2,595.73","2,591.12","2,607.09","2,555.79",,0.43%
10/01/2015,"2,584.55","2,614.46","2,657.97","2,581.86",,-0.73%
09/30/2015,"2,603.62","2,588.35","2,628.83","2,585.95",,0.19%
09/29/2015,"2,598.78","2,578.17","2,612.43","2,573.55",,0.83%
09/28/2015,"2,577.26","2,623.58","2,625.10","2,574.62",,-1.74%
09/25/2015,"2,623.01","2,596.54","2,637.55","2,595.99",,1.03%
09/24/2015,"2,596.18","2,597.77","2,602.44","2,566.08",,0.29%
09/23/2015,"2,588.56","2,621.64","2,663.92","2,586.38",,-1.38%
09/22/2015,"2,624.92","2,641.63","2,641.63","2,591.60",,-0.63%
09/21/2015,"2,641.63","2,590.05","2,641.84","2,587.80",,1.95%
09/18/2015,"2,590.98","2,650.24","2,670.01","2,582.61",,-2.23%
09/17/2015,"2,650.15","2,669.06","2,677.74","2,632.50",,-0.71%
09/16/2015,"2,669.08","2,615.99","2,684.97","2,612.11",,2.20%
09/15/2015,"2,611.57","2,605.98","2,618.47","2,599.75",,0.23%
09/14/2015,"2,605.59","2,640.53","2,647.24","2,597.09",,-1.21%
09/11/2015,"2,637.40","2,662.87","2,665.21","2,603.36",,-1.00%
09/10/2015,"2,664.17","2,618.97","2,667.10","2,595.54",,1.73%
09/09/2015,"2,618.96","2,675.24","2,688.65","2,617.49",,-2.08%
09/08/2015,"2,674.53","2,646.56","2,682.29","2,610.71",,0.44%
09/04/2015,"2,662.91","2,693.57","2,704.77","2,655.87",,-1.30%
09/03/2015,"2,697.88","2,675.76","2,748.73","2,664.57",,0.82%
09/02/2015,"2,675.81","2,645.36","2,691.51","2,595.88",,0.69%
09/01/2015,"2,657.51","2,779.50","2,779.50","2,649.70",,-4.39%
08/31/2015,"2,779.47","2,668.56","2,783.15","2,610.63",,4.16%
08/28/2015,"2,668.55","2,586.07","2,692.12","2,562.71",,3.40%
08/27/2015,"2,580.74","2,459.46","2,582.27","2,459.33",,5.40%
08/26/2015,"2,448.55","2,479.50","2,486.14","2,445.44",,-1.25%
08/25/2015,"2,479.50","2,462.95","2,518.15","2,462.95",,0.85%
08/24/2015,"2,458.59","2,529.94","2,529.94","2,439.23",,-3.22%
08/21/2015,"2,540.49","2,587.85","2,587.85","2,525.47",,-2.00%
08/20/2015,"2,592.23","2,585.99","2,608.54","2,564.86",,0.12%
08/19/2015,"2,589.20","2,641.44","2,651.59","2,578.00",,-2.07%
08/18/2015,"2,643.81","2,644.52","2,649.66","2,623.11",,-0.04%
08/17/2015,"2,644.75","2,663.37","2,663.97","2,640.28",,-0.72%
08/14/2015,"2,663.83","2,667.20","2,677.88","2,655.31",,-0.18%
08/13/2015,"2,668.59","2,688.47","2,706.69","2,657.42",,-0.68%
08/12/2015,"2,686.81","2,682.48","2,714.13","2,668.06",,0.17%
08/11/2015,"2,682.15","2,734.06","2,754.44","2,671.60",,-2.21%
08/10/2015,"2,742.69","2,674.31","2,743.48","2,669.66",,2.56%
08/07/2015,"2,674.26","2,690.92","2,706.41","2,670.84",,-0.62%
08/06/2015,"2,690.94","2,704.70","2,705.44","2,677.54",,-0.51%
08/05/2015,"2,704.84","2,719.53","2,748.20","2,691.01",,-0.54%
08/04/2015,"2,719.52","2,701.02","2,734.02","2,701.02",,0.72%
08/03/2015,"2,700.08","2,767.53","2,767.53","2,698.60",,-2.57%
07/31/2015,"2,771.17","2,810.84","2,818.05","2,762.42",,-1.37%
07/30/2015,"2,809.74","2,820.38","2,840.87","2,803.63",,-0.29%
07/29/2015,"2,817.82","2,808.76","2,840.83","2,784.33",,0.32%
07/28/2015,"2,808.89","2,783.81","2,824.85","2,761.49",,0.76%
07/27/2015,"2,787.79","2,830.45","2,831.31","2,782.78",,-1.55%
07/24/2015,"2,831.62","2,863.05","2,868.67","2,825.00",,-1.12%
07/23/2015,"2,863.61","2,895.41","2,907.69","2,857.72",,-1.10%
07/22/2015,"2,895.40","2,929.40","2,929.40","2,892.04",,-1.37%
07/21/2015,"2,935.76","2,927.97","2,956.98","2,921.94",,0.19%
07/20/2015,"2,930.25","2,958.66","2,964.57","2,923.63",,-1.14%
07/17/2015,"2,964.08","2,974.46","2,977.27","2,941.57",,-0.35%
07/16/2015,"2,974.46","2,991.02","3,009.20","2,972.07",,-0.42%
07/15/2015,"2,986.91","3,037.87","3,047.10","2,982.03",,-1.67%
07/14/2015,"3,037.76","3,023.44","3,047.60","2,988.33",,0.27%
07/13/2015,"3,029.57","3,021.23","3,057.06","2,991.34",,-0.44%
07/10/2015,"3,042.99","3,042.54","3,072.00","3,021.30",,0.02%
07/09/2015,"3,042.31","3,000.57","3,064.04","3,000.57",,1.51%
07/08/2015,"2,997.04","2,993.03","3,030.86","2,970.62",,0.03%
07/07/2015,"2,996.24","3,031.41","3,037.49","2,942.68",,-0.78%
07/06/2015,"3,019.81","3,154.00","3,154.00","3,016.43",,-4.91%
07/02/2015,"3,175.73","3,167.14","3,207.71","3,166.86",,0.27%
07/01/2015,"3,167.14","3,214.82","3,217.18","3,159.25",,-1.83%
06/30/2015,"3,226.12","3,156.86","3,232.89","3,149.14",,2.10%
06/29/2015,"3,159.62","3,191.60","3,191.60","3,137.84",,-0.95%
06/26/2015,"3,189.86","3,178.20","3,199.37","3,165.12",,0.36%
06/25/2015,"3,178.32","3,184.66","3,191.79","3,161.04",,-0.23%
06/24/2015,"3,185.61","3,213.14","3,230.00","3,176.28",,-0.83%
06/23/2015,"3,212.19","3,169.22","3,220.29","3,159.57",,1.30%
06/22/2015,"3,170.89","3,159.41","3,177.73","3,133.13",,0.37%
06/19/2015,"3,159.19","3,202.04","3,203.05","3,140.11",,-1.35%
06/18/2015,"3,202.51","3,191.23","3,228.75","3,179.06",,0.24%
06/17/2015,"3,194.90","3,193.37","3,245.45","3,162.59",,0.16%
06/16/2015,"3,189.73","3,181.30","3,201.35","3,173.59",,0.31%
06/15/2015,"3,179.93","3,205.98","3,205.98","3,161.34",,-0.81%
06/12/2015,"3,205.85","3,242.63","3,242.78","3,204.32",,-1.13%
06/11/2015,"3,242.41","3,276.96","3,282.54","3,230.67",,-1.06%
06/10/2015,"3,277.03","3,252.99","3,299.55","3,252.99",,0.98%
06/09/2015,"3,245.33","3,176.26","3,252.35","3,175.25",,2.29%
06/08/2015,"3,172.61","3,181.44","3,187.94","3,164.42",,-0.26%
06/05/2015,"3,180.91","3,153.76","3,183.93","3,116.20",,0.86%
06/04/2015,"3,153.76","3,207.86","3,211.40","3,147.96",,-1.70%
06/03/2015,"3,208.43","3,258.87","3,259.35","3,201.64",,-1.64%
06/02/2015,"3,262.07","3,224.27","3,266.12","3,222.43",,1.14%
06/01/2015,"3,225.21","3,224.00","3,243.22","3,202.73",,-0.14%
05/29/2015,"3,229.74","3,156.16","3,238.45","3,156.16",,2.31%
05/28/2015,"3,156.71","3,147.11","3,164.42","3,119.21",,0.46%
05/27/2015,"3,142.28","3,185.67","3,208.23","3,140.47",,-1.25%
05/26/2015,"3,181.91","3,250.59","3,262.56","3,173.83",,-2.11%
05/22/2015,"3,250.58","3,295.16","3,298.75","3,248.08",,-1.37%
05/21/2015,"3,295.84","3,240.17","3,304.84","3,240.17",,1.70%
05/20/2015,"3,240.74","3,221.64","3,244.88","3,216.24",,0.73%
05/19/2015,"3,217.22","3,299.88","3,301.01","3,216.75",,-2.53%
05/18/2015,"3,300.65","3,315.66","3,349.80","3,290.84",,-0.45%
05/15/2015,"3,315.52","3,323.60","3,324.79","3,273.64",,-0.24%
05/14/2015,"3,323.46","3,317.48","3,340.31","3,305.21",,0.07%
05/13/2015,"3,321.14","3,320.57","3,348.95","3,312.23",,0.05%
05/12/2015,"3,319.61","3,258.36","3,331.19","3,254.80",,1.83%
05/11/2015,"3,259.84","3,278.59","3,289.79","3,246.50",,-0.57%
05/08/2015,"3,278.62","3,263.14","3,291.22","3,236.37",,0.45%
05/07/2015,"3,263.93","3,334.29","3,346.56","3,254.68",,-2.13%
05/06/2015,"3,335.08","3,337.87","3,392.48","3,324.18",,0.08%
05/05/2015,"3,332.34","3,283.79","3,349.67","3,272.68",,1.48%
05/04/2015,"3,283.75","3,279.01","3,297.45","3,266.75",,0.05%
05/01/2015,"3,282.23","3,295.91","3,301.76","3,254.02",,-0.39%
04/30/2015,"3,295.22","3,260.33","3,298.09","3,252.11",,1.06%
04/29/2015,"3,260.59","3,214.00","3,280.77","3,194.79",,1.43%
04/28/2015,"3,214.46","3,199.78","3,235.58","3,182.99",,0.15%
04/27/2015,"3,209.69","3,220.57","3,234.19","3,198.23",,-0.32%
04/24/2015,"3,220.04","3,214.07","3,238.78","3,199.63",,0.08%
04/23/2015,"3,217.42","3,154.87","3,237.69","3,139.25",,1.99%
04/22/2015,"3,154.50","3,137.69","3,171.68","3,126.20",,0.09%
04/21/2015,"3,151.53","3,182.99","3,188.33","3,141.38",,-1.08%
04/20/2015,"3,185.97","3,201.30","3,219.71","3,151.37",,-0.21%
04/17/2015,"3,192.59","3,206.83","3,228.93","3,181.59",,-0.68%
04/16/2015,"3,214.45","3,186.56","3,232.87","3,162.10",,0.89%
04/15/2015,"3,186.08","3,098.81","3,189.09","3,097.06",,3.08%
04/14/2015,"3,090.85","3,069.88","3,105.82","3,059.54",,1.04%
04/13/2015,"3,059.11","3,063.34","3,106.46","3,048.02",,-0.14%
04/10/2015,"3,063.26","3,026.15","3,068.71","3,015.27",,1.24%
04/09/2015,"3,025.88","3,020.42","3,064.96","3,020.38",,0.33%
04/08/2015,"3,016.06","3,124.39","3,125.28","3,013.79",,-3.51%
04/07/2015,"3,125.87","3,085.05","3,128.80","3,062.67",,1.14%
04/06/2015,"3,090.53","3,001.50","3,094.84","3,001.48",,3.04%
04/02/2015,"2,999.43","3,041.92","3,045.69","2,975.35",,-1.41%
04/01/2015,"3,042.35","2,964.33","3,054.29","2,957.77",,2.54%
03/31/2015,"2,967.12","3,009.93","3,009.93","2,965.19",,-1.43%
03/30/2015,"3,010.16","3,005.59","3,021.93","2,976.64",,-0.08%
03/27/2015,"3,012.49","3,082.79","3,082.79","3,001.05",,-2.58%
03/26/2015,"3,092.39","3,027.47","3,131.73","3,027.47",,2.14%
03/25/2015,"3,027.47","2,992.58","3,041.24","2,976.51",,1.14%
03/24/2015,"2,993.48","3,003.20","3,033.96","2,983.34",,-0.41%
03/23/2015,"3,005.75","2,978.46","3,009.63","2,946.99",,0.92%
03/20/2015,"2,978.45","2,933.18","2,989.30","2,911.96",,1.57%
03/19/2015,"2,932.48","2,961.60","2,968.14","2,911.07",,-0.98%
03/18/2015,"2,961.59","2,894.22","2,971.19","2,866.12",,2.33%
03/17/2015,"2,894.22","2,915.36","2,923.54","2,872.99",,-0.73%
03/16/2015,"2,915.36","2,941.52","2,944.43","2,874.69",,-0.92%
03/13/2015,"2,942.42","3,017.68","3,025.77","2,940.36",,-2.48%
03/12/2015,"3,017.31","3,040.42","3,076.78","3,007.20",,-0.76%
03/11/2015,"3,040.39","3,028.59","3,047.88","3,009.57",,0.45%
03/10/2015,"3,026.90","3,090.51","3,095.32","3,017.77",,-2.06%
03/09/2015,"3,090.46","3,105.98","3,126.18","3,087.43",,-0.49%
03/06/2015,"3,105.62","3,138.02","3,152.34","3,084.92",,-0.92%
03/05/2015,"3,134.40","3,158.50","3,180.60","3,126.62",,-0.64%
03/04/2015,"3,154.55","3,153.36","3,161.02","3,108.30",,0.04%
03/03/2015,"3,153.36","3,121.25","3,169.17","3,120.20",,1.01%
03/02/2015,"3,121.98","3,184.71","3,184.79","3,118.12",,-1.94%
02/27/2015,"3,183.79","3,111.80","3,188.49","3,111.80",,2.31%
02/26/2015,"3,111.84","3,164.15","3,193.23","3,101.24",,-1.60%
02/25/2015,"3,162.32","3,100.66","3,165.04","3,087.60",,2.00%
02/24/2015,"3,100.23","3,103.53","3,143.09","3,079.46",,-0.10%
02/23/2015,"3,103.25","3,145.46","3,156.75","3,088.09",,-1.34%
02/20/2015,"3,145.43","3,161.90","3,192.65","3,142.09",,-0.52%
02/19/2015,"3,161.98","3,162.48","3,182.66","3,093.28",,-0.52%
02/18/2015,"3,178.67","3,221.84","3,225.21","3,165.35",,-1.33%
02/17/2015,"3,221.64","3,220.05","3,239.28","3,160.90",,0.06%
02/13/2015,"3,219.66","3,151.57","3,224.78","3,151.13",,2.16%
02/12/2015,"3,151.57","3,065.87","3,163.70","3,065.87",,2.87%
02/11/2015,"3,063.68","3,110.25","3,124.32","3,040.10",,-1.37%
02/10/2015,"3,106.21","3,176.33","3,179.16","3,099.42",,-2.36%
02/09/2015,"3,181.17","3,146.07","3,210.68","3,138.85",,1.31%
02/06/2015,"3,139.97","3,102.30","3,175.46","3,102.30",,1.26%
02/05/2015,"3,100.79","3,047.12","3,140.01","3,000.61",,2.06%
02/04/2015,"3,038.18","3,167.72","3,170.01","3,023.50",,-4.07%
02/03/2015,"3,167.07","3,041.38","3,199.33","3,041.38",,4.13%
02/02/2015,"3,041.53","2,990.75","3,069.75","2,950.70",,1.71%
01/30/2015,"2,990.45","2,878.11","2,991.90","2,869.45",,3.89%
01/29/2015,"2,878.39","2,891.34","2,898.74","2,856.10",,-0.44%
01/28/2015,"2,891.07","2,919.43","2,928.29","2,883.97",,-1.43%
01/27/2015,"2,933.01","2,898.01","2,941.93","2,884.77",,1.20%
01/26/2015,"2,898.13","2,904.49","2,935.47","2,875.08",,-0.55%
01/23/2015,"2,914.15","2,938.81","2,964.08","2,908.62",,-0.51%
01/22/2015,"2,929.00","2,959.22","3,007.00","2,919.89",,-1.16%
01/21/2015,"2,963.29","2,929.68","2,975.56","2,928.56",,1.29%
01/20/2015,"2,925.62","3,003.96","3,003.96","2,923.15",,-2.61%
01/16/2015,"3,003.95","2,937.02","3,006.81","2,937.02",,2.28%
01/15/2015,"2,937.02","2,985.90","3,089.71","2,934.53",,-1.61%
01/14/2015,"2,985.03","2,924.93","2,995.93","2,884.72",,1.97%
01/13/2015,"2,927.40","2,958.16","2,958.93","2,894.74",,-1.16%
01/12/2015,"2,961.66","3,045.43","3,045.43","2,957.07",,-2.76%
01/09/2015,"3,045.63","3,071.28","3,083.87","3,013.29",,-0.67%
01/08/2015,"3,066.08","3,073.92","3,085.12","3,035.85",,-0.03%
01/07/2015,"3,067.03","3,078.49","3,097.68","3,032.81",,-0.32%
01/06/2015,"3,076.87","3,131.88","3,142.74","3,062.95",,-1.65%
01/05/2015,"3,128.33","3,181.28","3,201.15","3,121.78",,-2.49%
01/02/2015,"3,208.34","3,232.96","3,259.42","3,189.60",,-0.76%
12/31/2014,"3,232.80","3,273.84","3,273.84","3,209.39",,-1.35%
12/30/2014,"3,276.98","3,279.80","3,293.07","3,242.16",,-0.08%
12/29/2014,"3,279.68","3,318.93","3,349.61","3,263.84",,-1.16%
12/26/2014,"3,318.12","3,338.26","3,361.46","3,311.44",,-0.56%
12/24/2014,"3,336.95","3,396.28","3,400.64","3,322.63",,-1.88%
12/23/2014,"3,400.88","3,359.41","3,413.03","3,345.61",,1.53%
12/22/2014,"3,349.50","3,415.04","3,447.93","3,346.16",,-1.70%
12/19/2014,"3,407.35","3,353.36","3,438.06","3,342.40",,1.74%
12/18/2014,"3,348.93","3,404.17","3,484.66","3,347.26",,-1.63%
12/17/2014,"3,404.29","3,373.67","3,473.15","3,330.76",,0.86%
12/16/2014,"3,375.12","3,412.40","3,413.52","3,333.92",,-1.13%
12/15/2014,"3,413.63","3,465.74","3,501.64","3,399.44",,-1.38%
12/12/2014,"3,461.23","3,511.85","3,511.85","3,449.93",,-1.44%
12/11/2014,"3,511.66","3,532.17","3,555.31","3,504.82",,-0.54%
12/10/2014,"3,530.65","3,618.51","3,618.51","3,514.60",,-2.54%
12/09/2014,"3,622.67","3,589.42","3,629.74","3,567.86",,0.83%
12/08/2014,"3,592.70","3,686.46","3,686.46","3,587.97",,-2.67%
12/05/2014,"3,691.08","3,709.47","3,710.10","3,665.10",,-0.55%
12/04/2014,"3,711.46","3,731.32","3,747.23","3,691.92",,-0.41%
12/03/2014,"3,726.88","3,742.06","3,760.44","3,712.54",,-0.41%
12/02/2014,"3,742.10","3,819.05","3,832.28","3,737.53",,-2.22%
12/01/2014,"3,827.08","3,719.84","3,836.87","3,643.27",,2.25%
11/28/2014,"3,742.98","3,985.18","3,985.18","3,734.98",,-6.37%
11/26/2014,"3,997.79","4,010.99","4,026.68","3,985.96",,-0.33%
11/25/2014,"4,010.85","4,045.05","4,073.73","4,001.05",,-0.87%
11/24/2014,"4,046.01","4,078.26","4,083.35","4,044.41",,-0.77%
11/21/2014,"4,077.48","4,054.85","4,117.52","4,039.39",,0.69%
11/20/2014,"4,049.44","4,008.23","4,051.96","3,993.05",,1.00%
11/19/2014,"4,009.29","4,012.43","4,045.84","3,995.58",,-0.18%
11/18/2014,"4,016.60","4,048.33","4,067.90","4,002.02",,-0.78%
11/17/2014,"4,048.33","4,044.22","4,050.05","4,013.05",,0.09%
11/14/2014,"4,044.64","3,993.22","4,055.03","3,961.68",,1.27%
11/13/2014,"3,993.90","4,102.02","4,102.02","3,990.50",,-2.65%
11/12/2014,"4,102.56","4,121.56","4,129.02","4,087.42",,-0.45%
11/11/2014,"4,121.15","4,114.39","4,123.47","4,074.31",,0.15%
11/10/2014,"4,115.03","4,156.88","4,205.05","4,112.29",,-0.99%
11/07/2014,"4,156.33","4,115.60","4,170.99","4,110.03",,0.76%
11/06/2014,"4,124.92","4,120.79","4,128.42","4,089.87",,0.09%
11/05/2014,"4,121.30","4,102.41","4,155.50","4,064.76",,0.46%
11/04/2014,"4,102.52","4,171.51","4,171.51","4,081.84",,-1.67%
11/03/2014,"4,172.16","4,201.17","4,224.44","4,156.59",,-0.71%
10/31/2014,"4,201.84","4,214.56","4,222.42","4,157.66",,-0.38%
10/30/2014,"4,217.69","4,252.45","4,255.56","4,205.13",,-0.94%
10/29/2014,"4,257.58","4,211.47","4,277.27","4,211.47",,1.15%
10/28/2014,"4,209.31","4,183.50","4,211.40","4,165.05",,0.61%
10/27/2014,"4,183.90","4,180.69","4,184.69","4,130.43",,0.04%
10/24/2014,"4,182.43","4,212.99","4,214.76","4,168.14",,-0.89%
10/23/2014,"4,220.03","4,165.60","4,227.74","4,143.37",,1.30%
10/22/2014,"4,165.75","4,212.78","4,241.71","4,158.87",,-1.12%
10/21/2014,"4,212.98","4,184.66","4,224.56","4,184.00",,0.71%
10/20/2014,"4,183.46","4,211.89","4,220.74","4,154.42",,-0.55%
10/17/2014,"4,206.79","4,194.90","4,242.91","4,187.62",,0.30%
10/16/2014,"4,194.06","4,145.86","4,248.82","4,103.66",,0.94%
10/15/2014,"4,154.86","4,201.75","4,208.54","4,142.30",,-1.16%
10/14/2014,"4,203.73","4,316.59","4,316.94","4,191.19",,-2.61%
10/13/2014,"4,316.18","4,306.62","4,319.60","4,263.69",,0.01%
10/10/2014,"4,315.90","4,322.07","4,327.15","4,258.10",,-0.21%
10/09/2014,"4,325.05","4,376.24","4,392.27","4,304.38",,-1.02%
10/08/2014,"4,369.79","4,411.36","4,411.36","4,355.69",,-1.01%
10/07/2014,"4,414.51","4,437.78","4,446.64","4,410.55",,-0.52%
10/06/2014,"4,437.55","4,403.76","4,441.61","4,388.53",,0.78%
10/03/2014,"4,403.13","4,438.40","4,464.57","4,383.43",,-0.74%
10/02/2014,"4,435.86","4,460.54","4,464.79","4,378.65",,-0.54%
10/01/2014,"4,459.81","4,472.26","4,517.94","4,451.53",,-0.21%
09/30/2014,"4,469.27","4,565.63","4,582.64","4,460.92",,-2.16%
09/29/2014,"4,567.82","4,526.91","4,570.01","4,512.77",,0.76%
09/26/2014,"4,533.26","4,521.63","4,540.91","4,509.57",,0.27%
09/25/2014,"4,521.24","4,525.14","4,546.68","4,499.45",,-0.09%
09/24/2014,"4,525.35","4,499.92","4,536.50","4,475.65",,0.55%
09/23/2014,"4,500.45","4,501.82","4,523.11","4,490.25",,0.09%
09/22/2014,"4,496.28","4,530.04","4,530.04","4,476.44",,-0.90%
09/19/2014,"4,537.04","4,542.94","4,551.01","4,519.24",,-0.14%
09/18/2014,"4,543.37","4,595.48","4,595.48","4,537.44",,-1.20%
09/17/2014,"4,598.45","4,608.12","4,620.92","4,586.91",,-0.22%
09/16/2014,"4,608.62","4,563.63","4,616.78","4,550.56",,1.01%
09/15/2014,"4,562.65","4,550.11","4,567.04","4,525.76",,0.11%
09/12/2014,"4,557.72","4,582.84","4,605.96","4,551.29",,-0.52%
09/11/2014,"4,581.74","4,586.33","4,593.23","4,540.78",,-0.09%
09/10/2014,"4,585.96","4,629.75","4,638.91","4,576.45",,-0.94%
09/09/2014,"4,629.62","4,652.86","4,664.00","4,626.44",,-0.40%
09/08/2014,"4,648.11","4,671.34","4,684.42","4,626.61",,-0.54%
09/05/2014,"4,673.50","4,699.68","4,718.25","4,656.96",,-0.49%
09/04/2014,"4,696.38","4,727.60","4,739.32","4,691.03",,-0.67%
09/03/2014,"4,728.00","4,661.87","4,736.27","4,661.87",,1.42%
09/02/2014,"4,661.82","4,751.71","4,751.71","4,660.13",,-1.97%
08/29/2014,"4,755.75","4,724.79","4,756.51","4,724.79",,0.67%
08/28/2014,"4,723.99","4,714.56","4,737.85","4,706.68",,0.21%
08/27/2014,"4,714.19","4,708.71","4,724.61","4,692.68",,0.13%
08/26/2014,"4,708.21","4,694.25","4,725.23","4,693.29",,0.29%
08/25/2014,"4,694.38","4,684.33","4,704.34","4,679.24",,0.01%
08/22/2014,"4,693.84","4,697.37","4,709.59","4,680.04",,-0.12%
08/21/2014,"4,699.67","4,680.63","4,706.50","4,654.92",,0.40%
08/20/2014,"4,681.01","4,666.26","4,687.32","4,662.27",,0.31%
08/19/2014,"4,666.44","4,676.03","4,691.72","4,658.48",,-0.15%
08/18/2014,"4,673.30","4,728.22","4,728.22","4,663.64",,-1.17%
08/15/2014,"4,728.72","4,691.89","4,730.48","4,686.16",,0.81%
08/14/2014,"4,690.52","4,773.26","4,773.58","4,687.13",,-1.75%
08/13/2014,"4,774.27","4,762.86","4,776.73","4,740.10",,0.22%
08/12/2014,"4,763.89","4,810.07","4,810.07","4,753.42",,-0.97%
08/11/2014,"4,810.76","4,806.52","4,828.74","4,797.48",,0.21%
08/08/2014,"4,800.84","4,817.51","4,848.96","4,789.47",,-0.31%
08/07/2014,"4,815.58","4,809.12","4,826.24","4,794.87",,0.15%
08/06/2014,"4,808.27","4,795.24","4,829.20","4,795.09",,0.36%
08/05/2014,"4,790.98","4,823.11","4,827.74","4,780.84",,-0.68%
08/04/2014,"4,823.59","4,804.06","4,835.79","4,799.11",,0.44%
08/01/2014,"4,802.34","4,832.12","4,837.15","4,793.79",,-0.68%
07/31/2014,"4,835.02","4,877.72","4,877.72","4,828.33",,-0.88%
07/30/2014,"4,877.73","4,899.02","4,915.30","4,866.37",,-0.48%
07/29/2014,"4,901.30","4,914.65","4,924.07","4,880.18",,-0.26%
07/28/2014,"4,914.23","4,926.36","4,936.58","4,899.19",,-0.36%
07/25/2014,"4,931.96","4,906.63","4,932.92","4,888.57",,0.52%
07/24/2014,"4,906.60","4,931.68","4,943.33","4,903.12",,-0.49%
07/23/2014,"4,930.72","4,910.79","4,931.68","4,899.72",,0.41%
07/22/2014,"4,910.79","4,925.80","4,948.08","4,906.90",,-0.29%
07/21/2014,"4,925.06","4,905.67","4,926.70","4,887.32",,0.38%
07/18/2014,"4,906.64","4,928.43","4,945.76","4,901.41",,-0.44%
07/17/2014,"4,928.52","4,900.04","4,935.86","4,892.34",,0.56%
07/16/2014,"4,901.06","4,886.92","4,918.45","4,886.92",,0.38%
07/15/2014,"4,882.70","4,916.84","4,917.26","4,852.39",,-0.70%
07/14/2014,"4,917.11","4,902.24","4,922.12","4,890.39",,0.29%
07/11/2014,"4,902.92","4,962.97","4,964.89","4,894.17",,-1.23%
07/10/2014,"4,963.76","4,957.71","4,967.21","4,941.16",,0.12%
07/09/2014,"4,957.85","4,995.05","4,998.04","4,952.55",,-0.75%
07/08/2014,"4,995.25","5,021.08","5,029.13","4,987.38",,-0.53%
07/07/2014,"5,022.06","5,063.05","5,063.05","5,017.72",,-0.84%
07/03/2014,"5,064.60","5,074.59","5,074.59","5,054.20",,-0.19%
07/02/2014,"5,074.36","5,098.42","5,103.21","5,065.92",,-0.48%
07/01/2014,"5,098.59","5,106.23","5,115.85","5,081.41",,-0.13%
06/30/2014,"5,105.46","5,141.20","5,141.20","5,098.29",,-0.73%
06/27/2014,"5,143.21","5,148.49","5,161.86","5,135.66",,-0.10%
06/26/2014,"5,148.56","5,167.57","5,178.40","5,134.98",,-0.37%
06/25/2014,"5,167.85","5,171.37","5,176.35","5,144.91",,-0.09%
06/24/2014,"5,172.25","5,154.56","5,179.21","5,144.23",,0.22%
06/23/2014,"5,161.11","5,186.33","5,213.72","5,153.63",,-0.46%
06/20/2014,"5,185.20","5,180.21","5,187.85","5,169.07",,0.12%
06/19/2014,"5,178.76","5,143.04","5,189.43","5,143.04",,0.70%
06/18/2014,"5,142.76","5,131.18","5,148.71","5,124.31",,0.22%
06/17/2014,"5,131.34","5,127.61","5,146.95","5,103.98",,0.09%
06/16/2014,"5,126.67","5,121.64","5,143.96","5,120.25",,0.13%
06/13/2014,"5,120.00","5,105.80","5,153.78","5,105.80",,0.29%
06/12/2014,"5,105.25","5,013.61","5,106.38","5,013.61",,1.84%
06/11/2014,"5,013.13","5,010.58","5,030.38","5,008.92",,0.06%
06/10/2014,"5,009.90","5,029.79","5,037.11","4,998.74",,-0.34%
06/09/2014,"5,027.16","4,985.42","5,029.73","4,985.00",,0.87%
06/06/2014,"4,983.68","4,976.81","4,991.51","4,973.17",,0.14%
06/05/2014,"4,976.56","4,971.87","4,979.78","4,950.44",,0.10%
06/04/2014,"4,971.60","4,983.39","5,003.05","4,968.02",,-0.25%
06/03/2014,"4,984.02","4,990.71","4,996.00","4,974.51",,-0.13%
06/02/2014,"4,990.61","4,996.46","5,013.55","4,983.94",,-0.18%
05/30/2014,"4,999.62","5,034.04","5,037.18","4,994.79",,-0.71%
05/29/2014,"5,035.25","5,025.53","5,046.19","5,023.41",,0.22%
05/28/2014,"5,024.28","5,043.57","5,054.22","5,019.83",,-0.40%
05/27/2014,"5,044.32","5,064.60","5,068.38","5,036.46",,-0.45%
05/23/2014,"5,067.11","5,057.54","5,074.43","5,056.57",,0.19%
05/22/2014,"5,057.63","5,066.77","5,085.02","5,051.98",,-0.18%
05/21/2014,"5,066.67","5,033.50","5,074.46","5,033.50",,0.66%
05/20/2014,"5,033.49","5,033.13","5,050.14","5,025.27",,0.04%
05/19/2014,"5,031.67","5,025.92","5,048.06","5,023.08",,0.15%
05/16/2014,"5,024.37","5,018.04","5,031.96","5,012.32",,0.12%
05/15/2014,"5,018.12","5,039.19","5,040.61","5,010.99",,-0.49%
05/14/2014,"5,042.63","5,017.80","5,048.59","5,017.80",,0.49%
05/13/2014,"5,017.98","4,991.62","5,022.59","4,984.26",,0.52%
05/12/2014,"4,992.23","4,973.20","5,006.85","4,973.20",,0.30%
05/09/2014,"4,977.27","4,995.65","5,021.70","4,972.25",,-0.30%
05/08/2014,"4,992.12","5,003.88","5,006.79","4,977.24",,-0.23%
05/07/2014,"5,003.40","4,981.39","5,005.49","4,971.02",,0.44%
05/06/2014,"4,981.42","4,981.09","5,001.13","4,979.13",,0.01%
05/05/2014,"4,981.02","4,997.38","5,013.91","4,966.85",,-0.31%
05/02/2014,"4,996.36","4,977.65","5,006.84","4,973.36",,0.36%
05/01/2014,"4,978.46","5,006.83","5,008.17","4,963.40",,-0.60%
04/30/2014,"5,008.40","5,047.39","5,047.39","4,991.16",,-0.96%
04/29/2014,"5,056.98","5,025.96","5,063.98","5,025.76",,0.62%
04/28/2014,"5,025.70","5,054.72","5,075.65","5,016.89",,-0.45%
04/25/2014,"5,048.24","5,076.58","5,081.79","5,042.64",,-0.57%
04/24/2014,"5,077.29","5,050.16","5,084.97","5,049.78",,0.61%
04/23/2014,"5,046.56","5,049.32","5,057.36","5,037.93",,-0.05%
04/22/2014,"5,049.02","5,069.54","5,075.26","5,027.62",,-0.44%
04/21/2014,"5,071.34","5,075.27","5,077.98","5,051.86",,-0.09%
04/17/2014,"5,075.73","5,062.65","5,088.05","5,052.45",,0.25%
04/16/2014,"5,062.89","5,054.85","5,092.39","5,044.51",,0.18%
04/15/2014,"5,054.03","5,043.10","5,061.27","5,020.18",,0.06%
04/14/2014,"5,050.79","5,007.10","5,057.53","5,007.10",,0.89%
04/11/2014,"5,006.36","5,007.02","5,024.50","4,998.05",,-0.08%
04/10/2014,"5,010.48","5,018.74","5,019.96","5,001.59",,-0.13%
04/09/2014,"5,017.04","4,989.78","5,020.95","4,981.59",,0.55%
04/08/2014,"4,989.48","4,928.80","4,993.49","4,928.80",,1.35%
04/07/2014,"4,922.85","4,944.05","4,951.65","4,899.81",,-0.42%
04/04/2014,"4,943.50","4,922.46","4,953.69","4,920.50",,0.41%
04/03/2014,"4,923.14","4,879.83","4,925.64","4,869.37",,0.86%
04/02/2014,"4,880.99","4,910.05","4,911.46","4,861.58",,-0.59%
04/01/2014,"4,910.07","4,969.84","4,971.56","4,903.58",,-1.24%
03/31/2014,"4,971.54","4,985.81","4,985.81","4,939.25",,-0.28%
03/28/2014,"4,985.44","4,975.33","5,000.59","4,973.52",,0.17%
03/27/2014,"4,976.85","4,929.46","4,980.90","4,923.72",,0.97%
03/26/2014,"4,929.04","4,924.40","4,936.99","4,912.01",,0.14%
03/25/2014,"4,922.07","4,915.02","4,944.93","4,906.64",,0.14%
03/24/2014,"4,915.02","4,905.85","4,935.76","4,897.17",,0.06%
03/21/2014,"4,911.93","4,894.58","4,936.08","4,885.70",,0.24%
03/20/2014,"4,900.08","4,917.85","4,921.42","4,880.62",,-0.34%
03/19/2014,"4,916.69","4,919.37","4,921.56","4,891.99",,-0.07%
03/18/2014,"4,920.27","4,880.94","4,921.96","4,876.43",,0.78%
03/17/2014,"4,882.03","4,934.22","4,940.61","4,879.11",,-1.06%
03/14/2014,"4,934.58","4,898.76","4,939.57","4,893.05",,0.73%
03/13/2014,"4,899.02","4,911.10","4,925.10","4,887.94",,-0.24%
03/12/2014,"4,910.63","4,940.74","4,940.74","4,891.20",,-0.68%
03/11/2014,"4,944.24","4,949.46","4,970.18","4,935.88",,-0.14%
03/10/2014,"4,951.40","4,989.65","4,989.65","4,943.47",,-0.89%
03/07/2014,"4,995.71","4,975.64","5,000.25","4,970.78",,0.47%
03/06/2014,"4,972.40","4,955.59","4,977.67","4,936.40",,0.32%
03/05/2014,"4,956.39","5,012.98","5,015.39","4,952.27",,-1.13%
03/04/2014,"5,012.92","5,045.63","5,046.78","4,983.00",,-0.64%
03/03/2014,"5,045.42","4,969.49","5,070.25","4,969.49",,1.63%
02/28/2014,"4,964.60","4,940.90","4,969.30","4,925.49",,0.40%
02/27/2014,"4,944.88","4,963.61","4,963.61","4,937.45",,-0.40%
02/26/2014,"4,964.55","4,959.88","4,975.71","4,951.26",,0.09%
02/25/2014,"4,960.17","4,986.28","4,986.34","4,942.70",,-0.53%
02/24/2014,"4,986.51","4,974.50","5,003.83","4,967.73",,0.25%
02/21/2014,"4,974.00","4,988.67","4,991.48","4,951.43",,-0.29%
02/20/2014,"4,988.51","4,989.25","4,989.42","4,959.11",,-0.09%
02/19/2014,"4,993.06","4,965.12","5,000.19","4,960.90",,0.55%
02/18/2014,"4,965.66","4,891.93","4,972.83","4,891.93",,1.52%
02/14/2014,"4,891.25","4,875.22","4,896.09","4,861.73",,0.34%
02/13/2014,"4,874.79","4,858.28","4,879.59","4,838.49",,0.32%
02/12/2014,"4,859.36","4,847.94","4,889.10","4,847.94",,0.23%
02/11/2014,"4,848.32","4,831.63","4,852.42","4,827.79",,0.38%
02/10/2014,"4,829.87","4,849.03","4,850.68","4,827.01",,-0.41%
02/07/2014,"4,849.77","4,782.96","4,853.08","4,773.51",,1.36%
02/06/2014,"4,784.46","4,764.66","4,814.15","4,764.66",,0.42%
02/05/2014,"4,764.66","4,759.96","4,793.60","4,747.21",,0.11%
02/04/2014,"4,759.51","4,732.69","4,763.88","4,723.83",,0.70%
02/03/2014,"4,726.44","4,747.56","4,751.18","4,715.19",,-0.51%
01/31/2014,"4,750.44","4,782.00","4,782.00","4,744.20",,-0.70%
01/30/2014,"4,783.89","4,786.70","4,800.40","4,777.70",,-0.04%
01/29/2014,"4,785.99","4,763.40","4,789.20","4,745.40",,0.48%
01/28/2014,"4,763.03","4,722.10","4,767.50","4,722.10",,0.91%
01/27/2014,"4,720.31","4,771.30","4,782.30","4,714.90",,-1.05%
01/24/2014,"4,770.33","4,761.80","4,776.10","4,732.70",,0.20%
01/23/2014,"4,760.62","4,757.80","4,777.30","4,751.10",,0.06%
01/22/2014,"4,757.90","4,706.60","4,759.90","4,706.60",,1.11%
01/21/2014,"4,705.74","4,692.10","4,730.10","4,683.60",,0.14%
01/17/2014,"4,699.22","4,683.10","4,706.80","4,676.60",,0.34%
01/16/2014,"4,683.08","4,689.00","4,700.20","4,675.80",,-0.21%
01/15/2014,"4,692.85","4,656.20","4,706.70","4,649.40",,0.75%
01/14/2014,"4,658.07","4,652.40","4,664.90","4,637.20",,0.12%
01/13/2014,"4,652.71","4,658.20","4,666.10","4,645.60",,-0.14%
01/10/2014,"4,659.26","4,625.40","4,663.90","4,625.40",,0.73%
01/09/2014,"4,625.58","4,663.20","4,682.40","4,615.00",,-0.82%
01/08/2014,"4,663.75","4,699.10","4,715.40","4,662.10",,-0.75%
01/07/2014,"4,699.19","4,688.80","4,717.60","4,688.20",,0.23%
01/06/2014,"4,688.62","4,694.60","4,721.90","4,685.30",,-0.10%
01/03/2014,"4,693.11","4,739.50","4,752.90","4,690.70",,-0.96%
01/02/2014,"4,738.40","4,833.10","4,850.40","4,737.10",,-1.89%
12/31/2013,"4,829.47","4,855.90","4,858.10","4,822.00",,-0.55%
12/30/2013,"4,856.19","4,893.00","4,902.90","4,852.90",,-0.76%
12/27/2013,"4,893.44","4,869.90","4,908.00","4,866.90",,0.46%
12/26/2013,"4,871.26","4,865.90","4,879.50","4,857.90",,0.11%
12/24/2013,"4,865.71","4,854.60","4,871.60","4,850.80",,0.22%
12/23/2013,"4,854.81","4,865.60","4,869.30","4,849.30",,-0.23%
12/20/2013,"4,866.15","4,824.10","4,866.40","4,818.70",,0.81%
12/19/2013,"4,827.19","4,793.70","4,833.80","4,788.00",,0.66%
12/18/2013,"4,795.71","4,770.00","4,802.30","4,758.00",,0.58%
12/17/2013,"4,768.27","4,788.00","4,789.50","4,764.00",,-0.49%
12/16/2013,"4,791.90","4,763.10","4,807.60","4,759.00",,0.61%
12/13/2013,"4,762.92","4,783.80","4,786.00","4,751.50",,-0.45%
12/12/2013,"4,784.22","4,811.70","4,828.40","4,776.40",,-0.58%
12/11/2013,"4,812.04","4,811.60","4,821.50","4,795.10",,-0.03%
12/10/2013,"4,813.33","4,801.00","4,837.70","4,797.80",,0.27%
12/09/2013,"4,800.50","4,831.60","4,841.00","4,800.20",,-0.57%
12/06/2013,"4,828.22","4,810.80","4,846.90","4,810.20",,0.28%
12/05/2013,"4,814.90","4,828.80","4,835.20","4,808.30",,-0.27%
12/04/2013,"4,827.85","4,828.40","4,842.70","4,809.00",,0.32%
12/03/2013,"4,812.22","4,767.10","4,817.50","4,756.30",,1.01%
12/02/2013,"4,764.23","4,742.90","4,784.70","4,725.00",,0.55%
11/29/2013,"4,738.15","4,744.10","4,778.30","4,736.00",,-0.10%
11/27/2013,"4,743.04","4,752.90","4,766.60","4,728.80",,-0.26%
11/26/2013,"4,755.55","4,756.20","4,774.90","4,740.90",,-0.03%
11/25/2013,"4,756.95","4,771.90","4,771.90","4,700.60",,-0.29%
11/22/2013,"4,770.60","4,754.20","4,788.70","4,737.70",,0.34%
11/21/2013,"4,754.23","4,689.40","4,755.60","4,682.70",,1.31%
11/20/2013,"4,692.73","4,677.80","4,702.60","4,663.10",,0.41%
11/19/2013,"4,673.52","4,690.10","4,699.70","4,670.50",,-0.37%
11/18/2013,"4,690.90","4,713.60","4,721.40","4,679.60",,-0.48%
11/15/2013,"4,713.54","4,713.70","4,725.30","4,700.70",,0.02%
11/14/2013,"4,712.62","4,691.70","4,733.20","4,684.70",,0.50%
11/13/2013,"4,688.96","4,658.90","4,698.80","4,658.30",,0.65%
11/12/2013,"4,658.85","4,696.00","4,716.30","4,651.90",,-0.88%
11/11/2013,"4,700.28","4,671.70","4,704.60","4,666.60",,0.63%
11/08/2013,"4,671.02","4,640.30","4,677.70","4,630.60",,0.73%
11/07/2013,"4,637.00","4,676.30","4,677.30","4,634.00",,-0.86%
11/06/2013,"4,677.29","4,662.30","4,698.00","4,662.20",,0.49%
11/05/2013,"4,654.55","4,685.90","4,694.00","4,651.80",,-0.64%
11/04/2013,"4,684.40","4,697.60","4,706.10","4,667.10",,-0.26%
11/01/2013,"4,696.46","4,775.50","4,789.50","4,691.40",,-1.65%
10/31/2013,"4,775.37","4,808.60","4,815.60","4,770.80",,-0.75%
10/30/2013,"4,811.29","4,814.40","4,825.00","4,802.10",,-0.07%
10/29/2013,"4,814.83","4,830.60","4,830.60","4,800.90",,-0.32%
10/28/2013,"4,830.35","4,786.90","4,833.70","4,782.10",,0.85%
10/25/2013,"4,789.42","4,778.90","4,795.30","4,765.30",,0.24%
10/24/2013,"4,777.78","4,786.20","4,807.30","4,755.90",,-0.17%
10/23/2013,"4,785.97","4,851.00","4,851.90","4,781.70",,-1.38%
10/22/2013,"4,853.02","4,869.00","4,905.30","4,851.10",,-0.34%
10/21/2013,"4,869.59","4,899.40","4,902.90","4,865.80",,-0.60%
10/18/2013,"4,898.74","4,874.30","4,913.90","4,869.80",,0.58%
10/17/2013,"4,870.66","4,919.10","4,921.60","4,857.60",,-0.98%
10/16/2013,"4,919.04","4,882.00","4,940.80","4,872.20",,0.77%
10/15/2013,"4,881.50","4,903.60","4,914.30","4,867.80",,-0.48%
10/14/2013,"4,904.98","4,897.30","4,914.70","4,867.50",,0.16%
10/11/2013,"4,897.37","4,923.00","4,923.60","4,865.40",,-0.55%
10/10/2013,"4,924.25","4,857.20","4,936.20","4,857.20",,1.40%
10/09/2013,"4,856.19","4,908.30","4,910.70","4,838.70",,-1.08%
10/08/2013,"4,909.04","4,891.20","4,929.90","4,884.80",,0.40%
10/07/2013,"4,889.52","4,882.70","4,905.30","4,836.20",,0.15%
10/04/2013,"4,882.37","4,870.60","4,896.50","4,862.50",,0.24%
10/03/2013,"4,870.82","4,882.20","4,904.40","4,859.80",,-0.23%
10/02/2013,"4,881.91","4,816.30","4,886.40","4,806.60",,1.22%
10/01/2013,"4,823.02","4,845.60","4,845.70","4,789.50",,-0.46%
09/30/2013,"4,845.28","4,859.60","4,859.60","4,820.10",,-0.63%
09/27/2013,"4,875.82","4,880.70","4,901.50","4,859.40",,-0.10%
09/26/2013,"4,880.72","4,847.40","4,881.80","4,841.40",,0.51%
09/25/2013,"4,856.15","4,850.90","4,889.10","4,848.00",,0.19%
09/24/2013,"4,846.72","4,846.20","4,855.50","4,813.70",,-0.13%
09/23/2013,"4,853.10","4,891.30","4,897.60","4,845.70",,-0.81%
09/20/2013,"4,892.96","4,927.70","4,935.20","4,883.20",,-0.72%
09/19/2013,"4,928.54","4,966.00","4,998.70","4,921.90",,-0.41%
09/18/2013,"4,948.85","4,872.60","4,960.50","4,865.00",,1.51%
09/17/2013,"4,875.11","4,927.00","4,934.00","4,855.60",,-1.22%
09/16/2013,"4,935.56","4,982.50","4,982.50","4,913.50",,-0.90%
09/13/2013,"4,980.22","4,992.50","4,996.60","4,952.10",,-0.27%
09/12/2013,"4,993.83","4,952.80","4,999.50","4,941.40",,0.81%
09/11/2013,"4,953.92","4,939.00","4,977.50","4,936.30",,0.13%
09/10/2013,"4,947.48","5,017.50","5,017.50","4,926.60",,-1.45%
09/09/2013,"5,020.29","5,071.30","5,071.30","5,008.40",,-1.00%
09/06/2013,"5,070.97","5,017.30","5,074.60","5,010.80",,1.11%
09/05/2013,"5,015.55","5,009.30","5,027.70","4,991.20",,0.15%
09/04/2013,"5,007.92","5,042.80","5,042.80","4,993.40",,-0.69%
09/03/2013,"5,042.97","5,018.40","5,051.70","5,007.10",,0.55%
08/30/2013,"5,015.39","5,042.20","5,054.60","5,000.00",,-0.97%
08/29/2013,"5,064.48","5,090.50","5,105.20","5,058.60",,-0.77%
08/28/2013,"5,103.54","5,072.40","5,155.80","5,068.20",,0.85%
08/27/2013,"5,060.45","4,966.00","5,067.40","4,961.80",,1.89%
08/26/2013,"4,966.58","4,972.30","4,987.40","4,957.10",,0.20%
08/23/2013,"4,956.91","4,914.80","4,968.00","4,907.50",,0.95%
08/22/2013,"4,910.30","4,902.70","4,923.30","4,895.20",,0.15%
08/21/2013,"4,902.76","4,926.90","4,927.00","4,897.90",,-0.49%
08/20/2013,"4,926.74","4,957.40","4,962.70","4,908.00",,-0.63%
08/19/2013,"4,957.85","4,967.20","4,984.40","4,946.80",,-0.06%
08/16/2013,"4,960.90","4,953.80","4,970.60","4,934.10",,0.16%
08/15/2013,"4,952.77","4,913.10","4,959.10","4,913.10",,0.80%
08/14/2013,"4,913.23","4,892.00","4,915.90","4,870.90",,0.38%
08/13/2013,"4,894.52","4,872.20","4,914.00","4,870.50",,0.45%
08/12/2013,"4,872.37","4,836.40","4,876.90","4,828.90",,0.75%
08/09/2013,"4,836.33","4,790.80","4,839.10","4,785.80",,1.19%
08/08/2013,"4,779.42","4,795.70","4,812.00","4,742.60",,-0.18%
08/07/2013,"4,788.00","4,823.20","4,825.70","4,782.70",,-0.72%
08/06/2013,"4,822.71","4,855.50","4,879.10","4,810.10",,-0.74%
08/05/2013,"4,858.84","4,880.30","4,901.40","4,830.80",,-0.49%
08/02/2013,"4,882.80","4,923.00","4,932.80","4,874.80",,-0.62%
08/01/2013,"4,913.38","4,854.30","4,916.10","4,854.30",,1.27%
07/31/2013,"4,851.60","4,810.60","4,855.90","4,778.40",,1.04%
07/30/2013,"4,801.87","4,832.20","4,833.70","4,790.20",,-0.69%
07/29/2013,"4,835.19","4,834.40","4,857.00","4,813.80",,-0.05%
07/26/2013,"4,837.69","4,867.10","4,873.40","4,818.70",,-0.60%
07/25/2013,"4,867.08","4,869.40","4,878.50","4,836.00",,-0.22%
07/24/2013,"4,877.84","4,922.60","4,936.40","4,863.60",,-1.01%
07/23/2013,"4,927.39","4,929.50","4,933.00","4,897.60",,0.03%
07/22/2013,"4,925.90","4,946.80","4,964.50","4,919.50",,-0.34%
07/19/2013,"4,942.85","4,946.80","4,969.50","4,917.60",,-0.06%
07/18/2013,"4,945.79","4,908.70","4,951.20","4,898.50",,0.68%
07/17/2013,"4,912.38","4,902.40","4,915.70","4,876.80",,0.10%
07/16/2013,"4,907.40","4,894.90","4,929.60","4,890.20",,0.25%
07/15/2013,"4,895.31","4,897.20","4,902.70","4,859.10",,-0.03%
07/12/2013,"4,896.99","4,868.60","4,903.70","4,853.80",,0.57%
07/11/2013,"4,869.23","4,888.90","4,916.20","4,845.10",,-0.34%
07/10/2013,"4,885.89","4,839.50","4,888.20","4,832.20",,1.23%
07/09/2013,"4,826.48","4,802.40","4,829.80","4,791.60",,0.44%
07/08/2013,"4,805.50","4,798.70","4,817.20","4,779.70",,0.19%
07/05/2013,"4,796.32","4,755.50","4,800.20","4,744.80",,0.74%
07/03/2013,"4,761.22","4,746.40","4,775.40","4,728.20",,1.34%
07/02/2013,"4,698.06","4,658.60","4,701.40","4,657.20",,0.81%
07/01/2013,"4,660.09","4,623.90","4,677.70","4,609.20",,0.77%
06/28/2013,"4,624.37","4,656.40","4,679.60","4,623.20",,-0.74%
06/27/2013,"4,659.04","4,622.80","4,673.20","4,622.80",,0.81%
06/26/2013,"4,621.61","4,626.80","4,632.80","4,583.60",,-0.15%
06/25/2013,"4,628.35","4,615.70","4,656.00","4,605.10",,0.25%
06/24/2013,"4,616.83","4,611.00","4,630.80","4,573.50",,0.04%
06/21/2013,"4,614.84","4,662.70","4,683.90","4,597.00",,-1.04%
06/20/2013,"4,663.40","4,792.20","4,792.40","4,651.20",,-3.05%
06/19/2013,"4,809.98","4,788.00","4,821.70","4,785.40",,0.45%
06/18/2013,"4,788.54","4,770.00","4,792.50","4,755.80",,0.39%
06/17/2013,"4,769.75","4,774.90","4,793.50","4,759.40",,-0.11%
06/14/2013,"4,775.12","4,738.60","4,791.30","4,731.70",,0.78%
06/13/2013,"4,738.26","4,709.60","4,743.90","4,677.20",,0.63%
06/12/2013,"4,708.77","4,690.80","4,727.70","4,666.80",,0.38%
06/11/2013,"4,690.83","4,715.70","4,716.70","4,650.20",,-0.52%
06/10/2013,"4,715.23","4,734.90","4,740.40","4,707.80",,-0.50%
06/07/2013,"4,738.77","4,713.30","4,755.30","4,681.30",,0.55%
06/06/2013,"4,712.93","4,696.50","4,722.40","4,687.60",,0.34%
06/05/2013,"4,696.96","4,697.20","4,731.00","4,693.60",,0.15%
06/04/2013,"4,689.91","4,660.90","4,711.70","4,642.70",,0.49%
06/03/2013,"4,666.84","4,615.60","4,677.10","4,599.00",,1.15%
05/31/2013,"4,613.59","4,667.80","4,673.80","4,611.40",,-1.12%
05/30/2013,"4,666.05","4,669.90","4,683.30","4,626.50",,-0.14%
05/29/2013,"4,672.71","4,721.50","4,727.20","4,666.30",,-1.14%
05/28/2013,"4,726.83","4,680.30","4,748.50","4,675.10",,0.99%
05/24/2013,"4,680.56","4,686.80","4,688.90","4,650.90",,-0.07%
05/23/2013,"4,683.99","4,669.50","4,686.80","4,628.40",,-0.18%
05/22/2013,"4,692.28","4,721.30","4,731.40","4,683.60",,-0.80%
05/21/2013,"4,730.22","4,764.50","4,769.30","4,712.90",,-0.63%
05/20/2013,"4,760.14","4,742.60","4,769.90","4,718.60",,0.47%
05/17/2013,"4,737.87","4,705.40","4,748.20","4,697.60",,0.65%
05/16/2013,"4,707.48","4,683.50","4,718.30","4,661.30",,0.49%
05/15/2013,"4,684.33","4,692.60","4,692.70","4,621.00",,-0.10%
05/14/2013,"4,689.05","4,715.00","4,719.10","4,679.20",,-0.37%
05/13/2013,"4,706.52","4,702.50","4,731.30","4,687.40",,-0.25%
05/10/2013,"4,718.27","4,750.90","4,752.80","4,654.50",,-0.89%
05/09/2013,"4,760.48","4,746.80","4,760.00","4,716.90",,0.32%
05/08/2013,"4,745.52","4,723.90","4,756.80","4,709.00",,0.37%
05/07/2013,"4,728.08","4,736.20","4,754.00","4,712.30",,-0.37%
05/06/2013,"4,745.64","4,753.80","4,755.60","4,709.00",,0.26%
05/03/2013,"4,733.22","4,674.70","4,748.70","4,666.90",,1.36%
05/02/2013,"4,669.71","4,590.20","4,673.70","4,582.60",,1.89%
05/01/2013,"4,582.99","4,658.30","4,669.80","4,560.40",,-2.14%
04/30/2013,"4,683.33","4,721.80","4,732.30","4,670.70",,-0.88%
04/29/2013,"4,725.00","4,663.80","4,729.10","4,657.50",,1.24%
04/26/2013,"4,667.23","4,682.80","4,685.30","4,638.50",,-0.46%
04/25/2013,"4,688.68","4,621.10","4,692.50","4,611.40",,1.71%
04/24/2013,"4,609.91","4,558.90","4,613.60","4,554.30",,1.24%
04/23/2013,"4,553.33","4,559.10","4,565.50","4,516.00",,-0.33%
04/22/2013,"4,568.28","4,560.80","4,590.40","4,526.60",,0.26%
04/19/2013,"4,556.23","4,552.70","4,577.30","4,540.50",,0.25%
04/18/2013,"4,545.07","4,472.90","4,561.10","4,472.90",,0.84%
04/17/2013,"4,507.26","4,581.80","4,586.30","4,493.50",,-1.46%
04/16/2013,"4,574.27","4,488.50","4,579.80","4,484.70",,0.18%
04/15/2013,"4,566.21","4,651.20","4,651.20","4,550.20",,-2.30%
04/12/2013,"4,673.68","4,735.30","4,739.70","4,631.50",,-1.34%
04/11/2013,"4,737.00","4,767.80","4,776.40","4,724.70",,-0.71%
04/10/2013,"4,770.90","4,774.40","4,787.40","4,751.70",,-0.18%
04/09/2013,"4,779.45","4,755.30","4,783.50","4,731.70",,0.75%
04/08/2013,"4,743.80","4,724.60","4,763.40","4,715.80",,0.63%
04/05/2013,"4,713.91","4,754.60","4,757.20","4,700.70",,-0.77%
04/04/2013,"4,750.46","4,791.10","4,804.90","4,718.80",,-0.89%
04/03/2013,"4,793.01","4,879.80","4,884.60","4,783.20",,-2.02%
04/02/2013,"4,892.03","4,904.20","4,922.70","4,872.90",,-0.19%
04/01/2013,"4,901.26","4,900.30","4,914.00","4,872.00",,-0.30%
03/28/2013,"4,915.86","4,938.30","4,947.10","4,895.60",,-0.42%
03/27/2013,"4,936.36","4,910.50","4,943.40","4,899.20",,0.50%
03/26/2013,"4,912.02","4,866.30","4,912.30","4,865.50",,0.85%
03/25/2013,"4,870.69","4,860.50","4,904.10","4,847.30",,0.39%
03/22/2013,"4,851.64","4,832.60","4,856.20","4,823.30",,0.30%
03/21/2013,"4,837.04","4,866.40","4,871.60","4,820.40",,-0.64%
03/20/2013,"4,868.17","4,834.10","4,869.70","4,827.00",,0.86%
03/19/2013,"4,826.53","4,876.70","4,881.80","4,817.00",,-1.10%
03/18/2013,"4,880.10","4,857.70","4,884.10","4,831.00",,-0.34%
03/15/2013,"4,896.61","4,884.80","4,919.60","4,879.70",,0.35%
03/14/2013,"4,879.52","4,846.10","4,880.30","4,843.10",,0.47%
03/13/2013,"4,856.60","4,882.30","4,893.60","4,834.50",,-0.44%
03/12/2013,"4,877.89","4,874.40","4,919.30","4,856.60",,0.08%
03/11/2013,"4,873.99","4,874.20","4,882.00","4,845.10",,-0.08%
03/08/2013,"4,877.84","4,857.00","4,877.80","4,832.60",,0.28%
03/07/2013,"4,864.25","4,830.60","4,866.40","4,824.30",,0.72%
03/06/2013,"4,829.68","4,876.30","4,876.40","4,815.10",,-0.65%
03/05/2013,"4,861.30","4,834.40","4,863.20","4,832.30",,0.86%
03/04/2013,"4,819.71","4,835.40","4,848.50","4,800.80",,-0.35%
03/01/2013,"4,836.45","4,869.60","4,872.20","4,816.80",,-0.86%
02/28/2013,"4,878.31","4,905.40","4,907.40","4,865.10",,-0.30%
02/27/2013,"4,892.74","4,926.10","4,935.30","4,889.40",,-0.52%
02/26/2013,"4,918.56","4,941.50","4,948.40","4,906.60",,-0.77%
02/25/2013,"4,956.72","4,954.70","5,013.00","4,947.00",,0.08%
02/22/2013,"4,952.83","4,963.50","4,981.00","4,943.60",,0.12%
02/21/2013,"4,946.68","5,006.70","5,009.00","4,943.90",,-1.64%
02/20/2013,"5,029.25","5,087.90","5,097.50","5,001.90",,-1.09%
02/19/2013,"5,084.51","5,082.00","5,086.50","5,054.80",,-0.05%
02/15/2013,"5,086.88","5,115.10","5,118.40","5,063.10",,-0.50%
02/14/2013,"5,112.61","5,116.00","5,124.70","5,099.60",,0.03%
02/13/2013,"5,111.30","5,118.60","5,131.00","5,100.80",,-0.05%
02/12/2013,"5,113.91","5,107.90","5,123.20","5,092.60",,0.10%
02/11/2013,"5,108.75","5,108.60","5,115.30","5,071.90",,-0.14%
02/08/2013,"5,116.17","5,101.00","5,140.30","5,094.30",,0.55%
02/07/2013,"5,088.29","5,110.70","5,131.70","5,080.50",,-0.39%
02/06/2013,"5,107.98","5,117.30","5,118.80","5,068.10",,-0.08%
02/05/2013,"5,112.15","5,082.80","5,126.50","5,076.10",,0.42%
02/04/2013,"5,090.81","5,127.40","5,129.10","5,083.00",,-0.76%
02/01/2013,"5,129.90","5,106.40","5,148.50","5,096.60",,0.55%
01/31/2013,"5,102.05","5,108.00","5,115.30","5,074.10",,-0.09%
01/30/2013,"5,106.41","5,067.10","5,109.50","5,064.90",,0.81%
01/29/2013,"5,065.33","5,030.10","5,073.20","5,019.80",,0.78%
01/28/2013,"5,026.20","5,008.70","5,031.00","4,995.30",,0.39%
01/25/2013,"5,006.64","5,013.10","5,030.60","4,996.00",,-0.22%
01/24/2013,"5,017.75","4,999.50","5,029.50","4,991.80",,0.34%
01/23/2013,"5,000.87","5,012.60","5,025.70","4,994.10",,-0.31%
01/22/2013,"5,016.65","5,006.60","5,026.10","4,990.90",,0.49%
01/18/2013,"4,992.14","4,967.70","4,993.50","4,960.80",,0.40%
01/17/2013,"4,972.31","4,932.60","4,983.40","4,923.90",,0.75%
01/16/2013,"4,935.24","4,934.10","4,947.80","4,918.50",,0.17%
01/15/2013,"4,926.72","4,950.60","4,963.60","4,924.40",,-0.46%
01/14/2013,"4,949.43","4,935.00","4,953.30","4,911.10",,0.85%
01/11/2013,"4,907.54","4,926.40","4,928.10","4,869.90",,-0.55%
01/10/2013,"4,934.58","4,918.70","4,965.70","4,918.40",,0.57%
01/09/2013,"4,906.79","4,911.90","4,923.50","4,894.40",,-0.16%
01/08/2013,"4,914.80","4,911.60","4,933.00","4,898.50",,0.20%
01/07/2013,"4,905.04","4,901.80","4,909.80","4,875.10",,0.31%
01/04/2013,"4,889.98","4,885.90","4,902.50","4,857.00",,-0.51%
01/03/2013,"4,915.25","4,919.60","4,930.70","4,902.50",,-0.38%
01/02/2013,"4,934.19","4,909.30","4,967.20","4,907.70",,0.92%
12/31/2012,"4,889.01","4,871.40","4,895.30","4,834.20",,0.33%
12/28/2012,"4,872.72","4,897.50","4,902.90","4,857.60",,-0.21%
12/27/2012,"4,882.88","4,885.20","4,900.90","4,861.00",,-0.08%
12/26/2012,"4,886.85","4,835.20","4,904.30","4,830.50",,1.33%
12/24/2012,"4,822.84","4,833.00","4,834.50","4,812.60",,-0.20%
12/21/2012,"4,832.29","4,838.40","4,854.70","4,817.10",,-0.68%
12/20/2012,"4,865.54","4,863.70","4,876.70","4,844.30",,-0.19%
12/19/2012,"4,874.90","4,840.00","4,882.30","4,838.00",,0.71%
12/18/2012,"4,840.47","4,827.90","4,850.50","4,815.80",,0.51%
12/17/2012,"4,815.84","4,820.20","4,832.70","4,810.30",,-0.03%
12/14/2012,"4,817.47","4,789.00","4,820.00","4,785.40",,0.91%
12/13/2012,"4,773.89","4,799.70","4,812.20","4,772.20",,-0.91%
12/12/2012,"4,817.79","4,787.90","4,843.60","4,779.20",,0.79%
12/11/2012,"4,780.06","4,772.40","4,802.90","4,763.40",,0.06%
12/10/2012,"4,777.13","4,796.00","4,823.80","4,771.50",,-0.26%
12/07/2012,"4,789.56","4,819.10","4,824.90","4,787.20",,-0.47%
12/06/2012,"4,812.25","4,869.10","4,883.80","4,796.00",,-1.18%
12/05/2012,"4,869.58","4,890.70","4,906.30","4,848.30",,-0.26%
12/04/2012,"4,882.35","4,912.10","4,922.90","4,867.70",,-0.90%
12/03/2012,"4,926.48","4,936.60","4,974.40","4,917.70",,0.11%
11/30/2012,"4,920.92","4,903.80","4,929.60","4,898.50",,0.11%
11/29/2012,"4,915.51","4,870.80","4,935.20","4,870.20",,1.05%
11/28/2012,"4,864.39","4,887.80","4,891.80","4,822.10",,-0.52%
11/27/2012,"4,889.89","4,906.90","4,919.40","4,870.40",,-0.16%
11/26/2012,"4,897.66","4,914.70","4,922.70","4,885.80",,-0.43%
11/23/2012,"4,918.90","4,874.50","4,928.80","4,873.30",,0.59%
11/21/2012,"4,890.24","4,875.10","4,906.30","4,853.70",,0.51%
11/20/2012,"4,865.28","4,922.10","4,925.60","4,840.50",,-1.21%
11/19/2012,"4,924.80","4,853.70","4,938.20","4,850.20",,2.13%
11/16/2012,"4,821.99","4,795.90","4,829.80","4,779.60",,0.46%
11/15/2012,"4,799.98","4,828.60","4,847.40","4,775.80",,-0.52%
11/14/2012,"4,824.88","4,794.60","4,845.90","4,784.90",,0.64%
11/13/2012,"4,794.01","4,797.10","4,808.30","4,766.20",,-0.28%
11/12/2012,"4,807.54","4,820.10","4,847.40","4,797.60",,-0.39%
11/09/2012,"4,826.16","4,802.00","4,850.80","4,752.60",,0.69%
11/08/2012,"4,792.99","4,787.20","4,814.00","4,761.00",,0.31%
11/07/2012,"4,778.28","4,894.10","4,920.70","4,768.50",,-2.52%
11/06/2012,"4,901.67","4,799.00","4,909.60","4,786.40",,2.34%
11/05/2012,"4,789.40","4,758.20","4,797.80","4,733.10",,0.60%
11/02/2012,"4,760.61","4,852.40","4,861.20","4,756.40",,-2.00%
11/01/2012,"4,857.83","4,845.60","4,876.80","4,843.60",,0.18%
10/31/2012,"4,849.29","4,840.30","4,884.80","4,838.80",,0.31%
10/30/2012,"4,834.50","4,832.50","4,867.30","4,825.50",,-0.09%
10/29/2012,"4,839.04","4,850.40","4,880.40","4,816.80",,-0.40%
10/26/2012,"4,858.58","4,851.60","4,873.00","4,813.80",,0.23%
10/25/2012,"4,847.20","4,846.40","4,880.90","4,825.00",,0.11%
10/24/2012,"4,841.67","4,880.30","4,893.40","4,814.70",,-0.40%
10/23/2012,"4,861.07","4,936.30","4,939.60","4,829.20",,-1.42%
10/22/2012,"4,931.04","4,986.50","5,010.70","4,927.90",,-1.15%
10/19/2012,"4,988.36","5,055.80","5,088.20","4,984.80",,-1.36%
10/18/2012,"5,057.39","5,064.70","5,069.90","5,008.30",,0.03%
10/17/2012,"5,055.90","5,055.00","5,068.60","5,032.00",,0.10%
10/16/2012,"5,050.64","5,047.70","5,069.70","5,032.80",,0.18%
10/15/2012,"5,041.79","5,037.60","5,056.90","4,988.10",,-0.33%
10/12/2012,"5,058.64","5,112.50","5,113.70","5,038.80",,-0.97%
10/11/2012,"5,108.38","5,056.10","5,131.10","5,055.80",,1.08%
10/10/2012,"5,053.60","5,064.80","5,111.50","5,045.70",,-0.34%
10/09/2012,"5,070.92","5,017.40","5,084.70","4,991.10",,1.65%
10/08/2012,"4,988.79","4,996.40","5,011.80","4,953.60",,-0.43%
10/05/2012,"5,010.25","5,057.30","5,063.30","4,980.20",,-0.80%
10/04/2012,"5,050.82","4,923.40","5,054.70","4,923.40",,2.51%
10/03/2012,"4,927.10","5,031.00","5,031.90","4,916.20",,-2.30%
10/02/2012,"5,043.11","5,063.30","5,073.60","5,037.60",,-0.42%
10/01/2012,"5,064.32","5,040.10","5,101.50","5,028.10",,0.19%
09/28/2012,"5,054.81","5,030.00","5,061.20","5,011.50",,0.83%
09/27/2012,"5,013.30","4,964.60","5,026.90","4,947.00",,1.29%
09/26/2012,"4,949.56","4,990.40","4,995.90","4,910.40",,-1.03%
09/25/2012,"5,001.14","5,007.80","5,050.60","4,989.00",,0.15%
09/24/2012,"4,993.64","5,001.10","5,015.90","4,967.00",,-0.95%
09/21/2012,"5,041.33","5,027.40","5,059.80","5,017.90",,0.85%
09/20/2012,"4,998.65","4,989.10","5,013.40","4,942.80",,0.25%
09/19/2012,"4,986.36","4,989.10","4,989.10","4,989.10",,-2.00%
09/18/2012,"5,088.09","5,157.90","5,161.70","5,079.60",,-1.26%
09/17/2012,"5,153.01","5,263.90","5,269.30","5,105.40",,-2.24%
09/14/2012,"5,270.85","5,242.00","5,309.00","5,241.90",,1.00%
09/13/2012,"5,218.89","5,186.10","5,234.60","5,158.00",,0.63%
09/12/2012,"5,186.18","5,175.90","5,215.70","5,160.80",,0.25%
09/11/2012,"5,173.46","5,138.30","5,176.60","5,131.70",,0.47%
09/10/2012,"5,149.20","5,144.70","5,166.10","5,128.20",,0.18%
09/07/2012,"5,140.08","5,077.80","5,152.60","5,071.60",,0.73%
09/06/2012,"5,102.68","5,100.80","5,151.00","5,087.00",,0.45%
09/05/2012,"5,079.89","5,106.20","5,109.60","5,069.10",,-0.57%
09/04/2012,"5,108.94","5,172.60","5,182.90","5,102.20",,-0.37%
08/31/2012,"5,127.74","5,065.80","5,136.20","5,064.20",,1.21%
08/30/2012,"5,066.42","5,066.10","5,097.20","5,049.60",,-0.26%
08/29/2012,"5,079.64","5,066.10","5,094.60","5,053.00",,0.03%
08/28/2012,"5,078.09","5,060.80","5,085.80","5,053.10",,0.23%
08/27/2012,"5,066.37","5,156.10","5,159.10","5,047.00",,-0.53%
08/24/2012,"5,093.28","5,103.20","5,138.60","5,079.10",,-0.54%
08/23/2012,"5,120.78","5,170.50","5,183.20","5,101.30",,-0.38%
08/22/2012,"5,140.21","5,125.70","5,147.70","5,103.50",,0.17%
08/21/2012,"5,131.50","5,086.60","5,158.70","5,086.10",,0.94%
08/20/2012,"5,083.79","5,075.70","5,090.40","5,042.70",,0.26%
08/17/2012,"5,070.73","5,064.90","5,082.30","5,042.20",,0.00%
08/16/2012,"5,070.85","5,041.70","5,076.50","5,019.30",,0.82%
08/15/2012,"5,029.54","4,972.50","5,043.60","4,966.10",,1.01%
08/14/2012,"4,979.35","4,970.90","4,999.30","4,962.20",,0.29%
08/13/2012,"4,964.72","4,993.20","5,018.50","4,954.60",,-0.38%
08/10/2012,"4,983.71","5,027.80","5,029.70","4,958.10",,-0.79%
08/09/2012,"5,023.43","5,002.60","5,042.20","4,989.50",,0.48%
08/08/2012,"4,999.35","4,983.00","5,019.20","4,953.90",,0.23%
08/07/2012,"4,988.08","4,929.60","5,007.20","4,919.50",,1.16%
08/06/2012,"4,931.04","4,892.40","4,934.30","4,876.70",,0.42%
08/03/2012,"4,910.59","4,788.80","4,924.70","4,784.80",,2.75%
08/02/2012,"4,779.27","4,826.30","4,862.20","4,766.40",,-1.14%
08/01/2012,"4,834.44","4,812.10","4,846.30","4,803.80",,0.28%
07/31/2012,"4,820.88","4,882.90","4,906.50","4,804.60",,-1.36%
07/30/2012,"4,887.43","4,882.10","4,902.30","4,865.30",,0.44%
07/27/2012,"4,865.94","4,821.20","4,873.80","4,819.60",,1.00%
07/26/2012,"4,817.83","4,796.70","4,868.70","4,772.90",,0.24%
07/25/2012,"4,806.41","4,770.00","4,815.30","4,741.10",,0.59%
07/24/2012,"4,777.98","4,790.30","4,823.70","4,747.10",,-0.52%
07/23/2012,"4,802.92","4,911.40","4,911.40","4,779.50",,-2.82%
07/20/2012,"4,942.40","4,952.50","4,955.40","4,899.10",,-0.44%
07/19/2012,"4,964.11","4,858.50","4,965.50","4,858.40",,2.34%
07/18/2012,"4,850.53","4,785.00","4,851.40","4,770.40",,1.14%
07/17/2012,"4,795.67","4,795.00","4,813.90","4,750.80",,0.30%
07/16/2012,"4,781.35","4,716.70","4,784.90","4,715.30",,1.52%
07/13/2012,"4,709.73","4,663.40","4,722.60","4,652.20",,1.08%
07/12/2012,"4,659.42","4,631.30","4,669.30","4,588.80",,0.47%
07/11/2012,"4,637.73","4,601.70","4,655.20","4,592.80",,1.14%
07/10/2012,"4,585.52","4,622.20","4,651.10","4,579.90",,-1.58%
07/09/2012,"4,659.16","4,605.70","4,681.80","4,596.70",,1.83%
07/06/2012,"4,575.28","4,658.30","4,664.70","4,565.90",,-2.42%
07/05/2012,"4,688.63","4,647.10","4,716.90","4,637.80",,0.35%
07/03/2012,"4,672.37","4,530.60","4,675.40","4,529.90",,3.45%
07/02/2012,"4,516.58","4,510.30","4,525.10","4,463.80",,-0.34%
06/29/2012,"4,532.03","4,315.10","4,541.50","4,312.70",,5.63%
06/28/2012,"4,290.30","4,374.00","4,382.50","4,275.40",,-1.65%
06/27/2012,"4,362.32","4,331.40","4,391.50","4,299.90",,0.76%
06/26/2012,"4,329.38","4,302.40","4,331.40","4,284.80",,0.89%
06/25/2012,"4,291.24","4,297.00","4,303.60","4,248.80",,0.69%
06/22/2012,"4,261.83","4,232.70","4,289.10","4,200.10",,0.84%
06/21/2012,"4,226.18","4,313.10","4,324.70","4,219.70",,-2.83%
06/20/2012,"4,349.30","4,426.20","4,442.60","4,335.70",,-1.88%
06/19/2012,"4,432.63","4,405.30","4,448.40","4,364.60",,0.84%
06/18/2012,"4,395.88","4,439.20","4,445.30","4,347.20",,-0.20%
06/15/2012,"4,404.65","4,423.20","4,434.20","4,392.90",,0.13%
06/14/2012,"4,398.99","4,346.30","4,412.30","4,342.80",,0.87%
06/13/2012,"4,361.16","4,369.80","4,407.90","4,349.20",,-0.55%
06/12/2012,"4,385.15","4,365.10","4,406.40","4,351.10",,-0.11%
06/11/2012,"4,389.77","4,500.80","4,508.00","4,372.40",,-0.85%
06/08/2012,"4,427.43","4,387.40","4,439.60","4,349.40",,-0.54%
06/07/2012,"4,451.59","4,475.80","4,529.30","4,431.90",,-0.07%
06/06/2012,"4,454.64","4,416.60","4,485.20","4,406.60",,1.34%
06/05/2012,"4,395.74","4,416.70","4,421.10","4,366.50",,0.14%
06/04/2012,"4,389.54","4,344.10","4,397.90","4,293.10",,0.59%
06/01/2012,"4,363.95","4,471.20","4,481.70","4,338.50",,-2.55%
05/31/2012,"4,478.23","4,529.40","4,548.00","4,465.60",,-1.17%
05/30/2012,"4,531.38","4,626.90","4,628.90","4,519.30",,-2.33%
05/29/2012,"4,639.42","4,668.30","4,701.60","4,628.90",,-0.46%
05/25/2012,"4,660.72","4,655.00","4,674.10","4,632.00",,0.28%
05/24/2012,"4,647.71","4,663.80","4,679.30","4,623.10",,0.40%
05/23/2012,"4,629.03","4,698.40","4,704.10","4,611.50",,-1.90%
05/22/2012,"4,718.67","4,765.50","4,777.00","4,709.80",,-0.86%
05/21/2012,"4,759.61","4,756.40","4,768.50","4,731.50",,0.66%
05/18/2012,"4,728.17","4,721.70","4,755.40","4,698.90",,-0.18%
05/17/2012,"4,736.58","4,759.50","4,778.40","4,721.60",,-0.44%
05/16/2012,"4,757.45","4,752.50","4,791.00","4,706.20",,-0.42%
05/15/2012,"4,777.74","4,756.00","4,807.60","4,752.20",,0.05%
05/14/2012,"4,775.20","4,802.50","4,812.20","4,739.90",,-1.06%
05/11/2012,"4,826.36","4,829.00","4,860.30","4,810.30",,-0.76%
05/10/2012,"4,863.41","4,874.90","4,895.50","4,849.00",,-0.13%
05/09/2012,"4,869.54","4,871.40","4,875.80","4,823.60",,-0.05%
05/08/2012,"4,872.07","4,904.20","4,913.50","4,821.00",,-0.58%
05/07/2012,"4,900.33","4,848.10","4,907.30","4,847.30",,-0.22%
05/04/2012,"4,911.09","5,034.60","5,037.40","4,875.00",,-2.35%
05/03/2012,"5,029.52","5,103.30","5,104.20","5,024.60",,-1.37%
05/02/2012,"5,099.33","5,156.40","5,163.00","5,093.20",,-1.30%
05/01/2012,"5,166.60","5,141.10","5,177.40","5,121.20",,0.40%
04/30/2012,"5,146.09","5,140.60","5,155.70","5,112.10",,0.06%
04/27/2012,"5,142.83","5,111.80","5,148.10","5,098.70",,0.35%
04/26/2012,"5,125.02","5,091.40","5,135.70","5,091.30",,0.67%
04/25/2012,"5,091.13","5,076.70","5,111.80","5,056.90",,0.41%
04/24/2012,"5,070.49","5,079.50","5,098.00","5,057.90",,0.06%
04/23/2012,"5,067.57","5,078.00","5,082.00","5,019.00",,-0.29%
04/20/2012,"5,082.09","5,057.60","5,114.90","5,056.50",,0.56%
04/19/2012,"5,053.95","5,061.50","5,088.90","5,038.80",,0.16%
04/18/2012,"5,046.06","5,097.60","5,109.10","5,030.00",,-1.06%
04/17/2012,"5,100.07","5,079.70","5,120.10","5,064.60",,0.47%
04/16/2012,"5,076.13","5,094.30","5,114.50","5,059.20",,-0.96%
04/13/2012,"5,125.55","5,164.90","5,164.90","5,119.40",,-0.75%
04/12/2012,"5,164.13","5,100.50","5,168.20","5,099.20",,1.17%
04/11/2012,"5,104.36","5,060.30","5,117.00","5,053.70",,0.77%
04/10/2012,"5,065.23","5,153.10","5,155.60","5,059.20",,-1.52%
04/09/2012,"5,143.63","5,146.80","5,150.90","5,098.40",,-0.62%
04/05/2012,"5,175.93","5,144.70","5,178.10","5,123.50",,0.83%
04/04/2012,"5,133.56","5,220.80","5,227.30","5,132.30",,-2.02%
04/03/2012,"5,239.13","5,255.20","5,273.20","5,222.80",,-0.41%
04/02/2012,"5,260.46","5,191.70","5,269.80","5,142.30",,1.70%
03/30/2012,"5,172.64","5,155.90","5,212.90","5,145.90",,0.73%
03/29/2012,"5,135.11","5,224.10","5,237.90","5,113.90",,-1.71%
03/28/2012,"5,224.42","5,272.80","5,275.00","5,207.90",,-1.23%
03/27/2012,"5,289.21","5,297.10","5,318.10","5,278.80",,-0.15%
03/26/2012,"5,297.13","5,281.10","5,312.40","5,263.50",,0.28%
03/23/2012,"5,282.36","5,233.80","5,333.40","5,233.10",,1.12%
03/22/2012,"5,224.03","5,279.50","5,281.40","5,197.70",,-1.06%
03/21/2012,"5,279.88","5,286.10","5,301.90","5,261.50",,0.21%
03/20/2012,"5,268.79","5,333.10","5,333.10","5,253.80",,-1.51%
03/19/2012,"5,349.74","5,341.40","5,356.50","5,312.00",,0.27%
03/16/2012,"5,335.12","5,270.40","5,346.90","5,258.10",,1.36%
03/15/2012,"5,263.61","5,281.50","5,298.10","5,223.90",,-0.31%
03/14/2012,"5,279.91","5,322.30","5,331.90","5,269.20",,-0.83%
03/13/2012,"5,324.26","5,301.80","5,339.20","5,282.10",,0.61%
03/12/2012,"5,292.15","5,301.90","5,301.90","5,251.40",,-0.47%
03/09/2012,"5,317.06","5,302.10","5,339.50","5,267.40",,0.54%
03/08/2012,"5,288.25","5,254.20","5,305.70","5,254.00",,0.73%
03/07/2012,"5,250.05","5,234.20","5,260.00","5,204.30",,0.67%
03/06/2012,"5,215.26","5,294.20","5,300.10","5,212.60",,-1.54%
03/05/2012,"5,296.72","5,308.40","5,320.60","5,265.60",,-0.13%
03/02/2012,"5,303.71","5,368.90","5,369.10","5,280.20",,-1.24%
03/01/2012,"5,370.09","5,296.60","5,402.20","5,286.50",,1.38%
02/29/2012,"5,297.13","5,307.90","5,334.90","5,223.90",,0.01%
02/28/2012,"5,296.85","5,337.30","5,357.40","5,285.90",,-1.15%
02/27/2012,"5,358.29","5,380.20","5,380.70","5,333.50",,-0.54%
02/24/2012,"5,387.62","5,342.00","5,389.50","5,328.20",,1.10%
02/23/2012,"5,329.02","5,287.00","5,334.80","5,274.00",,0.66%
02/22/2012,"5,294.10","5,258.50","5,305.70","5,246.70",,0.46%
02/21/2012,"5,270.12","5,224.90","5,276.70","5,206.30",,1.67%
02/17/2012,"5,183.60","5,176.80","5,193.40","5,162.90",,0.30%
02/16/2012,"5,168.22","5,130.40","5,178.60","5,112.50",,0.52%
02/15/2012,"5,141.43","5,135.00","5,178.90","5,125.60",,0.63%
02/14/2012,"5,109.48","5,105.00","5,137.10","5,095.50",,-0.22%
02/13/2012,"5,120.76","5,103.50","5,127.60","5,085.50",,0.92%
02/10/2012,"5,074.03","5,122.10","5,122.50","5,049.10",,-1.11%
02/09/2012,"5,130.85","5,105.40","5,150.60","5,096.90",,0.72%
02/08/2012,"5,094.14","5,088.50","5,128.20","5,069.70",,0.22%
02/07/2012,"5,082.86","5,067.00","5,109.30","5,026.60",,0.58%
02/06/2012,"5,053.70","5,026.00","5,063.70","5,005.20",,0.32%
02/03/2012,"5,037.78","4,983.00","5,044.80","4,970.20",,1.33%
02/02/2012,"4,971.87","4,992.40","5,013.80","4,941.30",,-0.46%
02/01/2012,"4,994.97","5,005.80","5,042.00","4,988.70",,0.01%
01/31/2012,"4,994.31","5,017.50","5,077.10","4,978.50",,-0.08%
01/30/2012,"4,998.36","5,023.10","5,031.90","4,985.30",,-0.81%
01/27/2012,"5,039.33","5,028.30","5,062.60","5,012.60",,0.26%
01/26/2012,"5,026.38","5,023.80","5,076.70","5,015.00",,0.52%
01/25/2012,"5,000.57","4,996.10","5,031.00","4,945.60",,0.41%
01/24/2012,"4,980.38","4,982.50","5,005.40","4,949.50",,0.00%
01/23/2012,"4,980.47","4,932.50","5,001.00","4,917.00",,1.05%
01/20/2012,"4,928.74","4,992.90","5,008.60","4,915.90",,-1.18%
01/19/2012,"4,987.38","5,002.00","5,016.00","4,964.30",,0.37%
01/18/2012,"4,968.79","5,001.00","5,021.80","4,950.60",,-0.34%
01/17/2012,"4,985.79","4,973.60","5,020.10","4,950.70",,1.23%
01/13/2012,"4,925.13","4,960.10","4,984.90","4,895.70",,-0.63%
01/12/2012,"4,956.37","5,038.20","5,074.90","4,939.20",,-1.26%
01/11/2012,"5,019.84","5,042.70","5,071.60","5,003.00",,-0.78%
01/10/2012,"5,059.25","5,022.20","5,089.90","5,021.70",,0.85%
01/09/2012,"5,016.69","5,007.50","5,042.80","4,982.20",,0.05%
01/06/2012,"5,013.97","4,999.60","5,047.90","4,989.10",,0.09%
01/05/2012,"5,009.54","5,069.30","5,101.90","4,999.70",,-1.32%
01/04/2012,"5,076.43","5,040.00","5,090.90","5,021.10",,0.54%
01/03/2012,"5,049.16","4,929.70","5,053.20","4,928.50",,3.36%
12/30/2011,"4,885.26","4,904.50","4,920.90","4,868.90",,-0.14%
12/29/2011,"4,892.02","4,883.80","4,901.40","4,853.90",,0.06%
12/28/2011,"4,889.26","4,948.00","4,956.50","4,871.60",,-1.21%
12/27/2011,"4,949.15","4,893.10","4,959.70","4,885.70",,1.16%
12/23/2011,"4,892.54","4,886.70","4,907.30","4,884.10",,0.13%
12/22/2011,"4,886.13","4,854.00","4,903.10","4,845.60",,0.64%
12/21/2011,"4,854.88","4,830.60","4,868.10","4,785.00",,1.01%
12/20/2011,"4,806.23","4,702.00","4,820.50","4,701.10",,2.42%
12/19/2011,"4,692.71","4,665.20","4,716.30","4,646.40",,0.26%
12/16/2011,"4,680.61","4,697.40","4,720.40","4,650.90",,-0.05%
12/15/2011,"4,683.12","4,725.20","4,759.90","4,669.10",,-0.59%
12/14/2011,"4,711.12","4,894.10","4,903.10","4,688.20",,-4.06%
12/13/2011,"4,910.46","4,843.60","4,951.30","4,834.90",,1.44%
12/12/2011,"4,840.96","4,898.40","4,899.00","4,825.00",,-1.29%
12/09/2011,"4,904.33","4,882.30","4,922.70","4,845.30",,0.15%
12/08/2011,"4,897.02","4,951.00","5,001.60","4,883.20",,-1.18%
12/07/2011,"4,955.68","5,009.50","5,028.70","4,934.80",,-0.95%
12/06/2011,"5,003.16","4,963.30","5,007.50","4,952.70",,0.33%
12/05/2011,"4,986.60","5,005.40","5,053.90","4,967.20",,-0.12%
12/02/2011,"4,992.71","4,978.00","5,025.20","4,960.70",,0.59%
12/01/2011,"4,963.28","4,996.80","5,015.90","4,927.00",,-0.54%
11/30/2011,"4,990.43","4,952.10","5,039.70","4,915.50",,0.69%
11/29/2011,"4,956.03","4,866.10","4,967.20","4,864.80",,1.34%
11/28/2011,"4,890.41","4,886.70","4,957.30","4,853.80",,1.37%
11/25/2011,"4,824.30","4,847.60","4,869.00","4,796.10",,-0.34%
11/23/2011,"4,840.90","4,884.50","4,890.70","4,821.40",,-1.54%
11/22/2011,"4,916.38","4,878.90","4,934.00","4,864.90",,0.98%
11/21/2011,"4,868.45","4,914.90","4,919.80","4,818.90",,-1.01%
11/18/2011,"4,918.34","4,954.10","5,010.70","4,887.50",,-0.78%
11/17/2011,"4,957.00","5,074.30","5,112.30","4,938.10",,-2.86%
11/16/2011,"5,103.15","5,033.10","5,108.80","5,022.40",,0.93%
11/15/2011,"5,056.00","5,021.70","5,067.20","5,002.20",,0.84%
11/14/2011,"5,013.80","5,066.10","5,073.40","4,988.70",,-0.72%
11/11/2011,"5,050.30","5,021.10","5,062.70","5,012.00",,0.66%
11/10/2011,"5,017.00","4,967.00","5,039.20","4,949.40",,1.03%
11/09/2011,"4,966.00","5,068.80","5,072.10","4,966.00",,-1.69%
11/08/2011,"5,051.60","5,011.90","5,063.80","5,006.50",,0.78%
11/07/2011,"5,012.40","4,980.30","5,024.90","4,930.60",,0.96%
11/04/2011,"4,964.50","4,944.30","4,984.80","4,913.70",,0.42%
11/03/2011,"4,943.89","4,943.89","4,943.89","4,943.89",,1.24%
11/02/2011,"4,883.30","4,868.40","4,945.10","4,856.30",,0.21%
11/01/2011,"4,873.16","4,914.20","4,915.60","4,769.00",,-0.97%
10/31/2011,"4,920.72","4,937.40","4,939.30","4,869.50",,-0.70%
10/28/2011,"4,955.59","4,981.00","4,984.60","4,928.00",,-0.70%
10/27/2011,"4,990.44","4,893.90","5,011.00","4,893.20",,3.04%
10/26/2011,"4,843.29","4,930.10","4,967.30","4,839.60",,-1.77%
10/25/2011,"4,930.52","4,899.00","4,967.80","4,884.40",,0.59%
10/24/2011,"4,901.69","4,800.80","4,916.50","4,797.10",,2.35%
10/21/2011,"4,789.14","4,769.20","4,855.50","4,751.90",,0.96%
10/20/2011,"4,743.80","4,736.00","4,771.90","4,668.90",,-0.29%
10/19/2011,"4,757.51","4,840.30","4,881.00","4,750.80",,-1.69%
10/18/2011,"4,839.13","4,797.30","4,858.50","4,744.10",,0.68%
10/17/2011,"4,806.33","4,862.20","4,898.20","4,786.40",,-0.78%
10/14/2011,"4,844.30","4,737.60","4,856.80","4,731.40",,2.43%
10/13/2011,"4,729.21","4,722.90","4,755.90","4,672.70",,-0.41%
10/12/2011,"4,748.54","4,712.70","4,783.90","4,712.70",,0.15%
10/11/2011,"4,741.34","4,703.70","4,764.50","4,638.70",,0.93%
10/10/2011,"4,697.66","4,635.20","4,725.30","4,616.30",,2.07%
10/07/2011,"4,602.36","4,600.30","4,644.90","4,553.90",,0.02%
10/06/2011,"4,601.49","4,493.10","4,609.80","4,487.30",,2.45%
10/05/2011,"4,491.57","4,431.50","4,501.50","4,409.40",,2.78%
10/04/2011,"4,370.01","4,405.80","4,440.80","4,346.60",,-1.64%
10/03/2011,"4,442.93","4,457.90","4,498.10","4,401.90",,-0.91%
09/30/2011,"4,483.73","4,621.40","4,632.10","4,472.80",,-2.60%
09/29/2011,"4,603.52","4,547.40","4,655.90","4,537.20",,0.54%
09/28/2011,"4,578.93","4,660.80","4,713.90","4,570.70",,-2.66%
09/27/2011,"4,703.92","4,612.80","4,716.70","4,609.10",,3.27%
09/26/2011,"4,554.83","4,543.50","4,590.40","4,428.20",,0.19%
09/23/2011,"4,546.29","4,628.10","4,647.40","4,507.50",,-1.36%
09/22/2011,"4,608.79","4,787.00","4,791.80","4,591.40",,-4.86%
09/21/2011,"4,844.42","4,866.80","4,919.10","4,815.90",,-0.79%
09/20/2011,"4,883.14","4,866.60","4,919.90","4,844.30",,0.73%
09/19/2011,"4,847.56","4,916.30","4,927.60","4,827.80",,-2.16%
09/16/2011,"4,954.81","4,999.10","5,020.60","4,934.80",,-0.83%
09/15/2011,"4,996.39","4,956.10","5,042.40","4,944.70",,0.58%
09/14/2011,"4,967.39","4,987.10","4,987.30","4,934.00",,-0.51%
09/13/2011,"4,993.00","5,001.10","5,011.80","4,957.50",,0.39%
09/12/2011,"4,973.64","4,935.50","5,001.40","4,892.60",,-0.05%
09/09/2011,"4,976.33","5,079.50","5,083.90","4,938.50",,-1.84%
09/08/2011,"5,069.36","5,089.50","5,111.30","5,057.30",,-0.30%
09/07/2011,"5,084.52","5,002.10","5,097.90","4,995.30",,2.11%
09/06/2011,"4,979.25","4,937.10","4,990.90","4,902.10",,-0.54%
09/02/2011,"5,006.14","5,078.80","5,079.30","4,968.00",,-1.30%
09/01/2011,"5,072.33","5,111.10","5,119.50","5,062.70",,-0.64%
08/31/2011,"5,104.94","5,078.70","5,119.90","5,058.60",,0.32%
08/30/2011,"5,088.50","5,025.60","5,095.30","4,990.40",,1.44%
08/29/2011,"5,016.07","4,972.50","5,037.00","4,967.10",,0.78%
08/26/2011,"4,977.45","4,943.40","4,989.00","4,881.50",,0.73%
08/25/2011,"4,941.37","4,919.40","4,965.70","4,869.80",,0.38%
08/24/2011,"4,922.61","4,944.30","4,967.10","4,910.00",,-0.29%
08/23/2011,"4,936.77","4,905.00","4,958.90","4,867.10",,0.99%
08/22/2011,"4,888.28","4,888.28","4,888.28","4,888.28",,0.72%
08/19/2011,"4,853.50","4,771.00","4,884.10","4,723.10",,0.97%
08/18/2011,"4,806.86","4,806.86","4,806.86","4,806.86",,-3.29%
08/17/2011,"4,970.43","4,927.20","5,017.10","4,925.60",,1.00%
08/16/2011,"4,921.19","4,933.10","4,955.10","4,876.50",,-0.45%
08/15/2011,"4,943.42","4,875.10","4,951.80","4,846.00",,1.60%
08/12/2011,"4,865.68","4,863.80","4,918.00","4,827.30",,-0.05%
08/11/2011,"4,868.18","4,771.00","4,873.10","4,729.70",,2.10%
08/10/2011,"4,768.12","4,718.80","4,796.40","4,676.10",,2.49%
08/09/2011,"4,652.29","4,652.29","4,652.29","4,652.29",,-1.01%
08/08/2011,"4,699.65","4,699.65","4,699.65","4,699.65",,-3.94%
08/05/2011,"4,892.33","4,848.20","4,939.40","4,758.40",,0.07%
08/04/2011,"4,889.15","5,092.30","5,096.50","4,873.50",,-3.97%
08/03/2011,"5,091.12","5,166.30","5,177.50","5,075.60",,-1.79%
08/02/2011,"5,183.73","5,195.90","5,224.50","5,153.30",,-0.04%
08/01/2011,"5,185.73","5,255.70","5,307.50","5,133.70",,-0.29%
07/29/2011,"5,200.87","5,254.70","5,260.20","5,175.00",,-1.02%
07/28/2011,"5,254.71","5,253.90","5,286.60","5,236.30",,-0.24%
07/27/2011,"5,267.16","5,310.40","5,320.00","5,255.60",,-0.93%
07/26/2011,"5,316.78","5,284.30","5,342.00","5,252.80",,0.56%
07/25/2011,"5,287.40","5,283.50","5,306.50","5,263.10",,-0.58%
07/22/2011,"5,318.31","5,275.90","5,324.80","5,264.70",,0.89%
07/21/2011,"5,271.60","5,285.30","5,327.20","5,232.50",,-0.14%
07/20/2011,"5,279.09","5,289.20","5,312.90","5,238.50",,0.26%
07/19/2011,"5,265.47","5,265.47","5,265.47","5,265.47",,1.02%
07/18/2011,"5,212.53","5,249.80","5,259.10","5,166.10",,-0.91%
07/15/2011,"5,260.44","5,229.90","5,284.90","5,182.20",,0.80%
07/14/2011,"5,218.50","5,292.90","5,306.40","5,178.70",,-1.40%
07/13/2011,"5,292.82","5,216.30","5,325.40","5,216.30",,1.17%
07/12/2011,"5,231.66","5,141.20","5,233.90","5,086.80",,1.39%
07/11/2011,"5,159.80","5,196.10","5,197.50","5,113.10",,-0.83%
07/08/2011,"5,202.78","5,245.80","5,276.30","5,170.60",,-0.80%
07/07/2011,"5,244.51","5,137.20","5,251.70","5,130.80",,2.55%
07/06/2011,"5,114.34","5,129.90","5,155.20","5,077.80",,-0.24%
07/05/2011,"5,126.67","5,049.90","5,153.20","5,027.00",,1.66%
07/01/2011,"5,042.85","5,038.80","5,060.80","4,983.50",,-0.68%
06/30/2011,"5,077.25","5,084.40","5,117.60","5,028.00",,-0.24%
06/29/2011,"5,089.61","4,992.60","5,114.30","4,992.30",,2.06%
06/28/2011,"4,986.99","4,894.60","4,992.60","4,870.20",,2.20%
06/27/2011,"4,879.68","4,869.20","4,893.20","4,822.30",,-0.32%
06/24/2011,"4,895.41","4,953.40","4,978.10","4,858.00",,-0.59%
06/23/2011,"4,924.65","5,066.80","5,074.00","4,870.70",,-3.63%
06/22/2011,"5,110.39","5,069.90","5,120.80","5,037.90",,0.71%
06/21/2011,"5,074.35","5,070.70","5,117.00","5,031.70",,0.22%
06/20/2011,"5,063.05","5,063.40","5,075.90","5,020.30",,-0.32%
06/17/2011,"5,079.20","5,133.80","5,133.80","5,031.50",,-0.84%
06/16/2011,"5,122.42","5,163.70","5,173.00","5,100.50",,-0.43%
06/15/2011,"5,144.46","5,144.46","5,144.46","5,144.46",,-3.38%
06/14/2011,"5,324.62","5,266.10","5,325.60","5,260.20",,0.91%
06/13/2011,"5,276.75","5,335.30","5,335.60","5,224.90",,-0.90%
06/10/2011,"5,324.65","5,396.40","5,398.40","5,289.30",,-1.12%
06/09/2011,"5,384.91","5,355.30","5,401.90","5,330.90",,0.95%
06/08/2011,"5,334.41","5,272.10","5,370.90","5,239.30",,1.05%
06/07/2011,"5,278.97","5,231.90","5,298.40","5,223.10",,0.62%
06/06/2011,"5,246.40","5,313.90","5,320.90","5,233.40",,-1.10%
06/03/2011,"5,304.97","5,313.30","5,318.20","5,234.10",,0.18%
06/02/2011,"5,295.33","5,272.10","5,314.50","5,236.60",,0.28%
06/01/2011,"5,280.73","5,374.30","5,382.50","5,258.80",,-1.51%
05/31/2011,"5,361.71","5,361.71","5,361.71","5,361.71",,1.22%
05/27/2011,"5,296.98","5,285.30","5,305.10","5,269.30",,0.60%
05/26/2011,"5,265.43","5,310.00","5,311.40","5,243.60",,-0.28%
05/25/2011,"5,280.33","5,170.50","5,289.70","5,152.30",,1.72%
05/24/2011,"5,191.19","5,151.40","5,223.10","5,135.90",,1.18%
05/23/2011,"5,130.84","5,201.30","5,202.50","5,091.00",,-1.70%
05/20/2011,"5,219.60","5,188.30","5,239.30","5,091.00",,0.77%
05/19/2011,"5,179.71","5,241.10","5,264.00","5,172.00",,-1.13%
05/18/2011,"5,238.71","5,143.90","5,269.10","5,135.90",,2.69%
05/17/2011,"5,101.29","5,104.00","5,144.20","5,027.30",,-0.42%
05/16/2011,"5,122.73","5,167.00","5,204.20","5,108.50",,-1.15%
05/13/2011,"5,182.37","5,145.30","5,231.90","5,109.20",,0.36%
05/12/2011,"5,163.60","5,163.60","5,163.60","5,163.60",,0.00%
05/11/2011,"5,163.79","5,390.60","5,400.40","5,145.70",,-3.91%
05/10/2011,"5,373.73","5,373.73","5,373.73","5,373.73",,1.43%
05/09/2011,"5,298.17","5,154.50","5,321.60","5,149.40",,3.59%
05/06/2011,"5,114.61","5,231.70","5,291.70","4,998.10",,-1.44%
05/05/2011,"5,189.54","5,538.10","5,560.50","5,141.40",,-6.52%
05/04/2011,"5,551.57","5,605.60","5,636.80","5,534.70",,-1.52%
05/03/2011,"5,637.54","5,700.00","5,705.70","5,613.80",,-1.52%
05/02/2011,"5,724.59","5,736.00","5,780.10","5,642.10",,-0.59%
04/29/2011,"5,758.37","5,687.40","5,764.00","5,676.20",,1.01%
04/28/2011,"5,700.70","5,747.60","5,748.90","5,663.80",,-0.15%
04/27/2011,"5,709.09","5,702.70","5,734.90","5,653.90",,0.05%
04/26/2011,"5,706.04","5,666.10","5,719.70","5,657.40",,-0.09%
04/25/2011,"5,710.90","5,745.30","5,756.90","5,670.30",,0.07%
04/21/2011,"5,707.18","5,701.00","5,719.60","5,667.40",,0.49%
04/20/2011,"5,679.50","5,591.40","5,707.40","5,590.90",,1.76%
04/19/2011,"5,581.43","5,573.00","5,613.80","5,511.60",,0.25%
04/18/2011,"5,567.73","5,613.10","5,625.90","5,543.00",,-1.22%
04/15/2011,"5,636.54","5,607.00","5,655.30","5,565.50",,0.89%
04/14/2011,"5,587.03","5,586.20","5,601.00","5,523.80",,0.13%
04/13/2011,"5,579.52","5,544.80","5,610.10","5,520.90",,0.61%
04/12/2011,"5,545.89","5,545.89","5,545.89","5,545.89",,-2.66%
04/11/2011,"5,697.23","5,771.10","5,788.10","5,682.80",,-1.35%
04/08/2011,"5,775.29","5,681.00","5,779.40","5,680.40",,2.02%
04/07/2011,"5,660.67","5,627.90","5,674.90","5,610.10",,0.36%
04/06/2011,"5,640.26","5,618.30","5,672.40","5,614.00",,0.18%
04/05/2011,"5,630.13","5,610.60","5,634.40","5,577.80",,0.37%
04/04/2011,"5,609.32","5,583.00","5,612.60","5,567.50",,0.90%
04/01/2011,"5,559.32","5,531.20","5,564.90","5,504.60",,0.80%
03/31/2011,"5,515.06","5,416.00","5,522.40","5,411.20",,2.03%
03/30/2011,"5,405.53","5,411.60","5,430.10","5,374.80",,-0.24%
03/29/2011,"5,418.76","5,381.30","5,431.80","5,358.40",,0.35%
03/28/2011,"5,399.89","5,468.30","5,468.50","5,394.40",,-1.15%
03/25/2011,"5,462.58","5,468.40","5,483.00","5,441.20",,-0.05%
03/24/2011,"5,465.23","5,465.23","5,465.23","5,465.23",,0.36%
03/23/2011,"5,445.86","5,445.86","5,445.86","5,445.86",,0.21%
03/22/2011,"5,434.19","5,434.19","5,434.19","5,434.19",,1.03%
03/21/2011,"5,378.58","5,413.80","5,420.80","5,361.40",,0.79%
03/18/2011,"5,336.63","5,376.90","5,413.60","5,309.10",,0.25%
03/17/2011,"5,323.35","5,137.80","5,341.90","5,131.20",,3.38%
03/16/2011,"5,149.21","5,141.40","5,235.20","5,080.50",,0.62%
03/15/2011,"5,117.27","5,117.27","5,117.27","5,117.27",,-3.80%
03/14/2011,"5,319.48","5,297.40","5,328.30","5,181.70",,-0.16%
03/11/2011,"5,328.08","5,386.70","5,389.70","5,244.60",,-0.99%
03/10/2011,"5,381.52","5,475.60","5,477.10","5,325.40",,-1.35%
03/09/2011,"5,455.18","5,431.50","5,496.40","5,423.60",,0.23%
03/08/2011,"5,442.59","5,470.20","5,479.50","5,413.20",,-0.94%
03/07/2011,"5,494.24","5,545.80","5,590.40","5,482.70",,-0.20%
03/04/2011,"5,505.27","5,458.30","5,515.70","5,447.60",,1.12%
03/03/2011,"5,444.51","5,458.10","5,464.30","5,379.30",,-0.04%
03/02/2011,"5,446.77","5,393.80","5,460.70","5,364.60",,1.38%
03/01/2011,"5,372.55","5,291.10","5,376.90","5,288.80",,1.65%
02/28/2011,"5,285.08","5,341.00","5,353.60","5,269.00",,0.04%
02/25/2011,"5,282.83","5,200.50","5,302.80","5,195.20",,1.26%
02/24/2011,"5,217.26","5,286.70","5,425.10","5,173.60",,-0.43%
02/23/2011,"5,239.58","5,136.30","5,274.60","5,109.50",,2.19%
02/22/2011,"5,127.50","5,216.00","5,264.60","5,094.20",,1.92%
02/18/2011,"5,030.71","5,034.30","5,073.30","4,997.60",,0.03%
02/17/2011,"5,029.03","5,023.60","5,039.00","4,996.80",,0.54%
02/16/2011,"5,002.14","4,983.00","5,029.40","4,974.10",,0.63%
02/15/2011,"4,970.62","5,036.50","5,046.30","4,942.90",,-1.07%
02/14/2011,"5,024.37","5,011.20","5,072.60","4,995.10",,0.59%
02/11/2011,"4,994.70","5,048.80","5,057.50","4,979.50",,-0.60%
02/10/2011,"5,024.69","5,051.40","5,064.70","5,020.10",,-0.30%
02/09/2011,"5,040.04","5,012.70","5,066.80","5,010.50",,0.65%
02/08/2011,"5,007.49","5,005.00","5,036.40","4,944.70",,0.04%
02/07/2011,"5,005.27","5,043.30","5,073.00","4,998.30",,-0.67%
02/04/2011,"5,038.88","5,103.30","5,122.30","5,021.10",,-1.04%
02/03/2011,"5,091.59","5,139.30","5,159.50","5,081.50",,-0.61%
02/02/2011,"5,122.72","5,108.50","5,137.50","5,089.50",,0.55%
02/01/2011,"5,094.78","5,087.50","5,125.00","5,070.00",,0.01%
01/31/2011,"5,094.27","5,028.70","5,112.60","4,986.80",,2.05%
01/28/2011,"4,991.93","4,893.20","5,011.10","4,892.70",,1.92%
01/27/2011,"4,897.68","4,954.50","4,960.90","4,896.20",,-0.76%
01/26/2011,"4,935.27","4,862.40","4,941.30","4,861.00",,1.87%
01/25/2011,"4,844.84","4,905.70","4,913.90","4,840.90",,-1.64%
01/24/2011,"4,925.76","4,988.40","4,996.80","4,904.30",,-0.69%
01/21/2011,"4,959.91","4,940.30","4,971.70","4,932.60",,0.52%
01/20/2011,"4,934.44","4,996.20","4,997.10","4,882.80",,-1.21%
01/19/2011,"4,994.84","5,012.40","5,045.90","4,988.50",,-0.20%
01/18/2011,"5,004.73","4,979.70","5,026.40","4,970.90",,0.11%
01/14/2011,"4,999.06","4,984.50","5,002.40","4,952.50",,0.25%
01/13/2011,"4,986.52","5,007.90","5,014.70","4,757.70",,-0.35%
01/12/2011,"5,003.80","4,964.30","5,025.60","4,957.50",,0.93%
01/11/2011,"4,957.55","4,890.00","4,966.40","4,881.10",,1.52%
01/10/2011,"4,883.35","4,862.60","4,896.60","4,826.40",,1.18%
01/07/2011,"4,826.46","4,858.10","4,878.30","4,795.20",,-0.60%
01/06/2011,"4,855.76","4,927.00","4,937.70","4,846.10",,-1.42%
01/05/2011,"4,925.64","4,853.80","4,941.70","4,814.60",,0.99%
01/04/2011,"4,877.26","4,961.50","4,985.10","4,840.30",,-1.70%
01/03/2011,"4,961.45","4,969.10","5,006.30","4,951.30",,0.36%
12/31/2010,"4,943.41","4,862.40","4,958.70","4,857.20",,1.61%
12/30/2010,"4,865.25","4,926.00","4,941.70","4,835.40",,-1.19%
12/29/2010,"4,924.01","4,926.60","4,936.60","4,912.20",,-0.15%
12/28/2010,"4,931.56","4,907.50","4,935.60","4,897.20",,0.66%
12/27/2010,"4,899.28","4,906.20","4,925.00","4,869.70",,-0.33%
12/23/2010,"4,915.74","4,890.70","4,918.60","4,872.30",,0.53%
12/22/2010,"4,890.00","4,856.50","4,892.50","4,855.00",,0.67%
12/21/2010,"4,857.49","4,839.00","4,866.90","4,828.00",,0.57%
12/20/2010,"4,830.10","4,796.00","4,833.00","4,764.90",,1.05%
12/17/2010,"4,780.07","4,771.20","4,791.90","4,726.90",,0.62%
12/16/2010,"4,750.75","4,781.70","4,786.30","4,749.70",,-0.71%
12/15/2010,"4,784.94","4,756.70","4,808.50","4,636.50",,0.14%
12/14/2010,"4,778.46","4,790.20","4,812.50","4,765.70",,-0.34%
12/13/2010,"4,794.53","4,756.10","4,816.60","4,755.10",,1.20%
12/10/2010,"4,737.76","4,765.20","4,801.30","4,715.20",,-0.51%
12/09/2010,"4,762.15","4,782.90","4,801.10","4,741.80",,-0.02%
12/08/2010,"4,762.92","4,714.30","4,778.00","4,706.40",,0.03%
12/07/2010,"4,761.38","4,782.20","4,859.90","4,745.90",,-0.50%
12/06/2010,"4,785.39","4,796.60","4,809.50","4,758.70",,0.18%
12/03/2010,"4,776.88","4,716.10","4,782.10","4,632.40",,1.28%
12/02/2010,"4,716.53","4,650.70","4,718.60","4,650.30",,1.35%
12/01/2010,"4,653.77","4,528.10","4,661.10","4,515.30",,2.99%
11/30/2010,"4,518.55","4,559.30","4,577.80","4,516.50",,-1.07%
11/29/2010,"4,567.55","4,537.60","4,570.70","4,510.00",,1.30%
11/26/2010,"4,509.00","4,516.00","4,522.30","4,305.10",,-0.18%
11/24/2010,"4,517.04","4,440.50","4,522.70","4,423.40",,2.36%
11/23/2010,"4,413.07","4,413.80","4,434.60","4,361.50",,-0.35%
11/22/2010,"4,428.50","4,469.90","4,489.20","4,268.00",,-0.27%
11/19/2010,"4,440.69","4,490.90","4,522.10","4,422.30",,-0.93%
11/18/2010,"4,482.37","4,412.90","4,493.10","4,411.10",,2.00%
11/17/2010,"4,394.49","4,433.20","4,463.80","4,375.90",,-0.99%
11/16/2010,"4,438.42","4,574.40","4,578.70","4,431.80",,-3.16%
11/15/2010,"4,583.38","4,585.60","4,600.50","4,553.70",,0.37%
11/12/2010,"4,566.66","4,673.70","4,673.70","4,554.10",,-3.39%
11/11/2010,"4,726.76","4,772.70","4,789.30","4,722.30",,-0.40%
11/10/2010,"4,745.95","4,728.60","4,766.90","4,706.20",,0.17%
11/09/2010,"4,737.83","4,726.70","4,792.20","4,717.90",,0.42%
11/08/2010,"4,718.02","4,718.60","4,724.60","4,674.30",,0.40%
11/05/2010,"4,699.34","4,705.00","4,717.30","4,508.30",,0.42%
11/04/2010,"4,679.79","4,599.00","4,685.90","4,598.10",,2.25%
11/03/2010,"4,576.75","4,567.80","4,606.60","4,529.30",,0.51%
11/02/2010,"4,553.44","4,520.80","4,569.90","4,516.30",,0.93%
11/01/2010,"4,511.52","4,495.40","4,565.70","4,492.20",,0.93%
10/29/2010,"4,470.16","4,476.50","4,483.00","4,436.80",,-0.38%
10/28/2010,"4,487.39","4,471.20","4,505.40","4,463.50",,0.52%
10/27/2010,"4,464.28","4,482.40","4,486.00","4,412.30",,-0.66%
10/26/2010,"4,494.01","4,484.60","4,500.90","4,454.50",,0.28%
10/25/2010,"4,481.27","4,476.70","4,517.60","4,443.90",,0.88%
10/22/2010,"4,442.09","4,425.60","4,452.90","4,404.90",,0.82%
10/21/2010,"4,406.17","4,475.00","4,498.50","4,392.30",,-1.68%
10/20/2010,"4,481.57","4,383.50","4,482.40","4,383.40",,2.32%
10/19/2010,"4,379.85","4,505.30","4,511.10","4,375.30",,-2.92%
10/18/2010,"4,511.55","4,511.55","4,511.55","4,511.55",,1.30%
10/15/2010,"4,453.87","4,520.80","4,543.20","4,441.10",,-1.42%
10/14/2010,"4,517.91","4,558.90","4,579.10","4,504.20",,-0.30%
10/13/2010,"4,531.56","4,497.50","4,555.50","4,495.70",,0.95%
10/12/2010,"4,488.89","4,472.30","4,511.10","4,440.80",,-0.01%
10/11/2010,"4,489.42","4,527.90","4,541.70","4,488.00",,0.00%
10/08/2010,"4,489.49","4,391.80","4,501.90","4,353.90",,2.07%
10/07/2010,"4,398.43","4,464.10","4,509.90","4,377.50",,-1.39%
10/06/2010,"4,460.48","4,446.20","4,489.60","4,424.40",,0.43%
10/05/2010,"4,441.53","4,363.10","4,446.60","4,357.30",,1.57%
10/04/2010,"4,373.07","4,379.20","4,402.00","4,349.60",,-0.30%
10/01/2010,"4,386.31","4,369.30","4,406.50","4,364.30",,0.63%
09/30/2010,"4,358.72","4,306.80","4,366.10","4,295.50",,1.28%
09/29/2010,"4,303.81","4,255.60","4,310.40","4,211.00",,1.39%
09/28/2010,"4,244.99","4,244.90","4,280.30","4,218.30",,-0.15%
09/27/2010,"4,251.30","4,267.10","4,282.80","4,218.80",,-0.30%
09/24/2010,"4,264.16","4,200.00","4,274.70","4,195.80",,1.34%
09/23/2010,"4,207.74","4,188.70","4,222.10","4,154.10",,0.36%
09/22/2010,"4,192.84","4,202.60","4,237.90","4,168.90",,-0.11%
09/21/2010,"4,197.40","4,239.20","4,254.20","4,194.90",,-1.01%
09/20/2010,"4,240.32","4,230.10","4,266.60","4,204.70",,0.80%
09/17/2010,"4,206.64","4,222.70","4,265.40","4,177.20",,-0.13%
09/16/2010,"4,212.30","4,239.00","4,246.50","4,183.40",,-0.81%
09/15/2010,"4,246.52","4,254.90","4,259.80","4,217.90",,-0.48%
09/14/2010,"4,267.20","4,255.50","4,292.50","4,230.30",,0.34%
09/13/2010,"4,252.58","4,231.20","4,279.20","4,227.90",,0.97%
09/10/2010,"4,211.66","4,159.70","4,219.10","4,154.80",,1.25%
09/09/2010,"4,159.77","4,157.70","4,205.10","4,144.20",,-0.23%
09/08/2010,"4,169.51","4,144.20","4,199.70","4,131.10",,0.36%
09/07/2010,"4,154.72","4,147.30","4,172.50","4,087.80",,0.10%
09/03/2010,"4,150.60","4,134.20","4,162.80","4,094.20",,0.31%
09/02/2010,"4,137.88","4,096.00","4,142.00","4,073.50",,0.98%
09/01/2010,"4,097.86","4,025.10","4,113.10","4,018.20",,2.00%
08/31/2010,"4,017.69","4,086.20","4,111.80","4,005.70",,-2.16%
08/30/2010,"4,106.53","4,128.20","4,131.70","4,094.50",,-0.06%
08/27/2010,"4,108.83","4,031.60","4,111.00","4,007.70",,1.62%
08/26/2010,"4,043.50","4,008.70","4,067.40","4,001.70",,1.33%
08/25/2010,"3,990.55","3,985.80","4,007.40","3,941.30",,0.29%
08/24/2010,"3,979.12","4,028.10","4,038.10","3,967.00",,-1.59%
08/23/2010,"4,043.26","4,076.40","4,093.80","4,030.70",,-0.55%
08/20/2010,"4,065.75","4,110.00","4,112.10","4,053.10",,-0.89%
08/19/2010,"4,102.25","4,143.40","4,174.00","4,088.80",,-0.83%
08/18/2010,"4,136.66","4,142.40","4,147.00","4,076.30",,-0.25%
08/17/2010,"4,147.00","4,113.10","4,179.90","4,112.10",,0.99%
08/16/2010,"4,106.28","4,122.20","4,150.20","4,100.00",,-0.42%
08/13/2010,"4,123.56","4,153.20","4,181.20","4,113.20",,-0.43%
08/12/2010,"4,141.37","4,170.30","4,202.40","4,133.50",,-1.36%
08/11/2010,"4,198.67","4,281.80","4,292.80","4,188.30",,-1.94%
08/10/2010,"4,281.79","4,329.40","4,331.50","4,241.40",,-1.29%
08/09/2010,"4,337.58","4,328.70","4,364.40","4,323.90",,0.31%
08/06/2010,"4,324.29","4,426.20","4,426.20","4,304.30",,-1.65%
08/05/2010,"4,396.68","4,409.70","4,424.90","4,391.20",,-0.29%
08/04/2010,"4,409.27","4,371.00","4,421.80","4,358.10",,0.59%
08/03/2010,"4,383.50","4,339.00","4,390.00","4,332.80",,0.75%
08/02/2010,"4,350.70","4,285.60","4,373.70","4,282.80",,2.31%
07/30/2010,"4,252.64","4,190.40","4,252.64","4,157.30",,1.23%
07/29/2010,"4,200.79","4,139.30","4,221.50","4,128.20",,1.65%
07/28/2010,"4,132.52","4,128.20","4,147.40","4,094.00",,0.24%
07/27/2010,"4,122.73","4,173.70","4,209.20","4,106.10",,-1.33%
07/26/2010,"4,178.37","4,179.50","4,191.60","4,147.80",,0.00%
07/23/2010,"4,178.47","4,202.90","4,214.30","4,164.70",,-0.38%
07/22/2010,"4,194.28","4,092.70","4,195.10","4,082.40",,2.73%
07/21/2010,"4,082.95","4,116.50","4,152.10","4,072.10",,-0.49%
07/20/2010,"4,102.86","4,092.10","4,135.50","4,045.90",,0.48%
07/19/2010,"4,083.17","4,073.30","4,135.50","4,051.80",,0.27%
07/16/2010,"4,072.27","4,112.10","4,118.60","4,042.90",,-0.83%
07/15/2010,"4,106.14","4,088.70","4,130.90","4,044.90",,0.18%
07/14/2010,"4,098.78","4,099.30","4,137.90","4,070.00",,0.02%
07/13/2010,"4,097.76","3,996.40","4,106.70","3,994.10",,2.12%
07/12/2010,"4,012.84","4,041.20","4,069.80","4,001.60",,-1.28%
07/09/2010,"4,065.02","4,050.00","4,084.60","4,029.20",,0.58%
07/08/2010,"4,041.58","4,019.30","4,065.30","4,001.50",,1.23%
07/07/2010,"3,992.45","3,904.90","4,002.00","3,893.30",,2.14%
07/06/2010,"3,908.98","3,931.90","3,992.30","3,895.50",,0.10%
07/02/2010,"3,905.16","3,947.30","3,958.10","3,893.40",,-0.80%
07/01/2010,"3,936.79","3,979.00","3,998.10","3,894.40",,-2.22%
06/30/2010,"4,025.97","4,022.50","4,048.10","3,983.60",,0.31%
06/29/2010,"4,013.59","4,061.30","4,074.60","3,994.50",,-2.89%
06/28/2010,"4,133.17","4,146.10","4,159.00","4,117.40",,-0.68%
06/25/2010,"4,161.52","4,079.60","4,172.50","4,057.90",,2.00%
06/24/2010,"4,079.76","4,057.70","4,083.00","4,039.70",,0.28%
06/23/2010,"4,068.56","4,129.60","4,134.90","4,043.00",,-1.63%
06/22/2010,"4,135.84","4,146.50","4,173.90","4,113.80",,-0.80%
06/21/2010,"4,169.40","4,213.90","4,229.60","4,133.80",,0.45%
06/18/2010,"4,150.92","4,153.80","4,173.10","4,111.20",,-0.21%
06/17/2010,"4,159.61","4,142.00","4,188.60","4,137.40",,0.02%
06/16/2010,"4,158.70","4,124.60","4,173.40","4,102.30",,0.70%
06/15/2010,"4,129.69","4,062.60","4,134.70","4,049.50",,1.57%
06/14/2010,"4,065.84","4,055.40","4,101.40","4,031.90",,1.42%
06/11/2010,"4,008.85","4,028.50","4,046.70","3,982.00",,-0.63%
06/10/2010,"4,034.40","3,980.10","4,065.60","3,971.10",,1.10%
06/09/2010,"3,990.56","3,927.40","4,012.90","3,917.30",,2.02%
06/08/2010,"3,911.57","3,913.10","3,926.80","3,871.50",,0.46%
06/07/2010,"3,893.58","3,852.40","3,926.60","3,849.80",,-0.15%
06/04/2010,"3,899.35","4,027.90","4,060.80","3,879.60",,-3.10%
06/03/2010,"4,024.27","4,012.50","4,031.50","3,953.20",,1.46%
06/02/2010,"3,966.55","3,936.90","4,002.70","3,910.80",,0.39%
06/01/2010,"3,951.13","3,962.50","4,051.20","3,910.70",,-1.45%
05/28/2010,"4,009.25","4,051.50","4,086.70","3,980.10",,-0.82%
05/27/2010,"4,042.39","3,953.20","4,044.60","3,940.30",,3.13%
05/26/2010,"3,919.88","3,876.90","3,936.00","3,873.20",,2.55%
05/25/2010,"3,822.46","3,813.90","3,840.00","3,765.90",,-1.76%
05/24/2010,"3,890.87","3,907.40","3,915.00","3,870.90",,0.01%
05/21/2010,"3,890.46","3,862.90","3,935.90","3,843.10",,-0.04%
05/20/2010,"3,892.08","3,986.70","3,987.50","3,820.20",,-1.66%
05/19/2010,"3,957.96","3,963.80","3,988.70","3,912.00",,-1.03%
05/18/2010,"3,998.96","4,048.00","4,083.60","3,980.70",,-0.09%
05/17/2010,"4,002.49","4,055.20","4,121.90","3,990.90",,-2.82%
05/14/2010,"4,118.83","4,243.70","4,243.70","4,105.00",,-3.47%
05/13/2010,"4,266.69","4,316.60","4,317.20","4,253.20",,-0.76%
05/12/2010,"4,299.37","4,293.80","4,336.20","4,267.90",,0.31%
05/11/2010,"4,286.24","4,257.40","4,320.90","4,230.20",,-0.04%
05/10/2010,"4,288.08","4,321.50","4,349.10","4,262.30",,1.82%
05/07/2010,"4,211.23","4,257.60","4,302.90","4,171.70",,-1.42%
05/06/2010,"4,271.74","4,366.90","4,388.90","4,192.50",,-2.52%
05/05/2010,"4,382.24","4,468.90","4,498.70","4,346.60",,-2.59%
05/04/2010,"4,498.59","4,629.30","4,636.50","4,495.80",,-3.14%
05/03/2010,"4,644.41","4,612.90","4,667.10","4,610.40",,0.56%
04/30/2010,"4,618.37","4,602.60","4,627.90","4,575.40",,1.01%
04/29/2010,"4,572.00","4,530.80","4,598.10","4,530.80",,1.02%
04/28/2010,"4,525.94","4,485.70","4,531.60","4,464.40",,0.38%
04/27/2010,"4,508.92","4,562.20","4,588.30","4,494.20",,-1.61%
04/26/2010,"4,582.72","4,609.20","4,635.00","4,570.20",,-0.57%
04/23/2010,"4,609.13","4,553.00","4,613.80","4,533.20",,1.14%
04/22/2010,"4,556.96","4,554.10","4,569.20","4,479.10",,0.23%
04/21/2010,"4,546.37","4,552.60","4,577.80","4,509.80",,0.22%
04/20/2010,"4,536.55","4,526.00","4,556.20","4,517.00",,1.00%
04/19/2010,"4,491.78","4,506.80","4,514.50","4,461.70",,-1.70%
04/16/2010,"4,569.69","4,629.60","4,637.00","4,538.90",,-1.65%
04/15/2010,"4,646.34","4,638.10","4,662.40","4,618.90",,0.16%
04/14/2010,"4,638.82","4,579.80","4,656.60","4,579.80",,1.38%
04/13/2010,"4,575.80","4,543.20","4,586.50","4,513.20",,0.05%
04/12/2010,"4,573.32","4,604.80","4,615.90","4,563.70",,-0.13%
04/09/2010,"4,579.25","4,620.70","4,624.60","4,552.20",,0.08%
04/08/2010,"4,575.62","4,582.70","4,593.20","4,548.90",,-0.79%
04/07/2010,"4,612.00","4,637.30","4,647.10","4,595.20",,-0.56%
04/06/2010,"4,638.19","4,625.80","4,658.50","4,615.00",,0.12%
04/05/2010,"4,632.74","4,577.70","4,642.20","4,571.20",,1.65%
04/01/2010,"4,557.70","4,532.70","4,566.20","4,524.30",,1.42%
03/31/2010,"4,493.67","4,466.40","4,513.20","4,451.80",,0.70%
03/30/2010,"4,462.32","4,460.00","4,467.20","4,435.30",,0.36%
03/29/2010,"4,446.40","4,385.80","4,473.80","4,381.90",,2.26%
03/26/2010,"4,348.02","4,386.70","4,405.90","4,334.60",,-0.41%
03/25/2010,"4,366.01","4,380.90","4,407.60","4,360.40",,-0.35%
03/24/2010,"4,381.34","4,403.50","4,408.50","4,356.50",,-1.14%
03/23/2010,"4,431.75","4,419.60","4,451.60","4,404.10",,0.02%
03/22/2010,"4,430.93","4,403.10","4,440.60","4,332.60",,0.25%
03/19/2010,"4,420.04","4,476.50","4,479.50","4,388.40",,-1.49%
03/18/2010,"4,486.83","4,480.90","4,500.70","4,461.70",,-0.53%
03/17/2010,"4,510.69","4,470.40","4,515.60","4,463.40",,1.26%
03/16/2010,"4,454.47","4,377.10","4,471.10","4,366.00",,1.77%
03/15/2010,"4,376.80","4,436.40","4,442.00","4,351.40",,-1.41%
03/12/2010,"4,439.44","4,471.70","4,507.30","4,416.90",,-0.52%
03/11/2010,"4,462.61","4,466.40","4,479.40","4,438.20",,-0.31%
03/10/2010,"4,476.31","4,460.50","4,521.20","4,422.00",,0.38%
03/09/2010,"4,459.33","4,454.30","4,479.90","4,414.80",,-0.59%
03/08/2010,"4,485.71","4,505.50","4,509.20","4,448.00",,0.16%
03/05/2010,"4,478.76","4,448.60","4,508.50","4,447.70",,1.16%
03/04/2010,"4,427.55","4,454.80","4,483.30","4,413.70",,-1.09%
03/03/2010,"4,476.23","4,418.00","4,490.20","4,417.80",,1.33%
03/02/2010,"4,417.66","4,361.60","4,458.00","4,346.00",,1.14%
03/01/2010,"4,368.02","4,448.00","4,454.00","4,347.50",,-0.92%
02/26/2010,"4,408.36","4,343.50","4,419.40","4,337.00",,1.76%
02/25/2010,"4,331.93","4,402.00","4,403.20","4,292.80",,-1.98%
02/24/2010,"4,419.24","4,368.80","4,423.70","4,347.70",,1.07%
02/23/2010,"4,372.28","4,453.90","4,454.00","4,360.70",,-1.75%
02/22/2010,"4,450.15","4,445.10","4,468.90","4,423.50",,0.08%
02/19/2010,"4,446.54","4,378.70","4,449.60","4,368.10",,0.66%
02/18/2010,"4,417.38","4,324.20","4,418.40","4,321.50",,1.32%
02/17/2010,"4,359.97","4,381.70","4,382.80","4,333.30",,0.02%
02/16/2010,"4,358.99","4,269.10","4,377.30","4,268.40",,3.25%
02/12/2010,"4,221.70","4,255.10","4,262.40","4,171.80",,-1.20%
02/11/2010,"4,272.77","4,235.10","4,284.90","4,188.60",,1.34%
02/10/2010,"4,216.06","4,177.50","4,237.20","4,143.30",,0.63%
02/09/2010,"4,189.77","4,139.50","4,215.40","4,130.40",,1.80%
02/08/2010,"4,115.85","4,128.50","4,142.40","4,076.50",,0.89%
02/05/2010,"4,079.47","4,156.70","4,197.50","4,018.20",,-2.26%
02/04/2010,"4,173.81","4,317.30","4,317.80","4,149.60",,-3.62%
02/03/2010,"4,330.64","4,393.20","4,409.00","4,316.40",,-0.62%
02/02/2010,"4,357.81","4,251.30","4,365.20","4,248.60",,2.85%
02/01/2010,"4,237.11","4,180.20","4,244.00","4,179.00",,1.46%
01/29/2010,"4,176.22","4,221.40","4,264.00","4,158.70",,-0.80%
01/28/2010,"4,209.74","4,250.10","4,257.20","4,180.30",,-0.45%
01/27/2010,"4,228.68","4,281.90","4,299.90","4,193.60",,-1.55%
01/26/2010,"4,295.21","4,299.30","4,319.00","4,265.20",,-0.90%
01/25/2010,"4,334.26","4,315.70","4,341.90","4,296.30",,0.60%
01/22/2010,"4,308.31","4,365.50","4,378.00","4,301.60",,-1.35%
01/21/2010,"4,367.35","4,429.70","4,456.70","4,354.50",,-1.33%
01/20/2010,"4,426.01","4,426.01","4,426.01","4,426.01",,-1.48%
01/19/2010,"4,492.43","4,467.40","4,493.60","4,409.10",,0.50%
01/15/2010,"4,470.14","4,512.60","4,521.70","4,462.10",,-1.39%
01/14/2010,"4,533.25","4,569.10","4,573.40","4,511.30",,-0.29%
01/13/2010,"4,546.55","4,533.90","4,574.70","4,474.10",,-0.68%
01/12/2010,"4,577.71","4,655.20","4,661.70","4,553.30",,-1.96%
01/11/2010,"4,669.02","4,669.02","4,669.02","4,669.02",,-0.43%
01/08/2010,"4,689.20","4,682.10","4,707.50","4,653.60",,-0.01%
01/07/2010,"4,689.53","4,711.50","4,735.60","4,685.60",,-0.97%
01/06/2010,"4,735.24","4,665.10","4,743.90","4,644.20",,1.75%
01/05/2010,"4,653.99","4,661.70","4,669.10","4,630.20",,0.10%
01/04/2010,"4,649.37","4,611.20","4,659.80","4,611.20",,2.54%
12/31/2009,"4,534.17","4,566.30","4,576.00","4,531.10",,-0.08%
12/30/2009,"4,537.81","4,539.00","4,567.40","4,520.80",,0.24%
12/29/2009,"4,526.86","4,530.40","4,556.40","4,501.80",,0.05%
12/28/2009,"4,524.58","4,479.60","4,529.30","4,478.30",,1.49%
12/24/2009,"4,458.23","4,437.50","4,465.70","4,410.30",,0.78%
12/23/2009,"4,423.84","4,333.60","4,430.10","4,328.70",,2.43%
12/22/2009,"4,318.96","4,312.10","4,337.50","4,251.70",,0.37%
12/21/2009,"4,302.99","4,348.50","4,376.80","4,289.90",,-0.70%
12/18/2009,"4,333.33","4,342.90","4,386.10","4,294.50",,0.40%
12/17/2009,"4,315.86","4,335.40","4,339.60","4,280.20",,-0.83%
12/16/2009,"4,351.91","4,302.80","4,371.40","4,300.30",,1.77%
12/15/2009,"4,276.14","4,254.30","4,298.70","4,245.60",,0.58%
12/14/2009,"4,251.52","4,238.50","4,272.10","4,225.90",,0.53%
12/11/2009,"4,228.96","4,255.50","4,266.10","4,199.00",,-0.01%
12/10/2009,"4,229.22","4,248.40","4,251.10","4,200.80",,0.09%
12/09/2009,"4,225.61","4,352.10","4,367.10","4,214.50",,-2.27%
12/08/2009,"4,323.68","4,388.30","4,403.00","4,321.50",,-1.10%
12/07/2009,"4,371.96","4,390.80","4,421.30","4,365.20",,-0.96%
12/04/2009,"4,414.25","4,447.80","4,523.40","4,393.90",,-1.01%
12/03/2009,"4,459.50","4,507.40","4,511.50","4,438.90",,-0.16%
12/02/2009,"4,466.69","4,531.80","4,536.60","4,454.80",,-1.64%
12/01/2009,"4,541.38","4,522.40","4,575.30","4,522.40",,1.02%
11/30/2009,"4,495.31","4,464.80","4,522.40","4,407.90",,1.17%
11/27/2009,"4,443.53","4,338.30","4,459.70","4,299.30",,-1.57%
11/25/2009,"4,514.29","4,431.90","4,517.40","4,409.60",,2.57%
11/24/2009,"4,401.30","4,464.90","4,478.70","4,387.40",,-1.65%
11/23/2009,"4,475.04","4,512.70","4,579.40","4,460.80",,0.32%
11/20/2009,"4,460.90","4,490.40","4,490.60","4,419.90",,-0.39%
11/19/2009,"4,478.35","4,542.40","4,551.90","4,451.80",,-1.83%
11/18/2009,"4,562.04","4,591.80","4,616.80","4,535.80",,0.12%
11/17/2009,"4,556.70","4,525.60","4,576.60","4,504.70",,0.33%
11/16/2009,"4,541.68","4,456.10","4,558.50","4,429.10",,3.19%
11/13/2009,"4,401.18","4,447.20","4,453.30","4,365.70",,-0.37%
11/12/2009,"4,417.67","4,515.70","4,515.70","4,405.90",,-2.17%
11/11/2009,"4,515.75","4,509.10","4,556.50","4,492.10",,0.43%
11/10/2009,"4,496.40","4,496.00","4,552.80","4,449.50",,-0.50%
11/09/2009,"4,519.00","4,478.70","4,532.40","4,446.50",,2.35%
11/06/2009,"4,415.39","4,564.90","4,564.90","4,394.30",,-2.56%
11/05/2009,"4,531.39","4,541.70","4,578.90","4,523.30",,-0.96%
11/04/2009,"4,575.41","4,575.40","4,617.60","4,546.40",,0.61%
11/03/2009,"4,547.67","4,467.30","4,555.70","4,418.30",,1.31%
11/02/2009,"4,488.67","4,459.20","4,502.20","4,419.80",,1.37%
10/30/2009,"4,427.82","4,555.10","4,555.40","4,418.10",,-2.85%
10/29/2009,"4,557.61","4,440.30","4,586.00","4,437.60",,2.62%
10/28/2009,"4,441.45","4,549.50","4,550.60","4,436.40",,-2.47%
10/27/2009,"4,553.86","4,765.50","4,797.30","4,503.30",,0.41%
10/26/2009,"4,535.06","4,618.50","4,678.40","4,510.60",,-2.01%
10/23/2009,"4,628.07","4,681.00","4,700.20","4,607.90",,-0.77%
10/22/2009,"4,664.10","4,649.40","4,674.50","4,607.70",,-0.33%
10/21/2009,"4,679.49","4,568.50","4,709.60","4,511.00",,2.50%
10/20/2009,"4,565.20","4,588.40","4,611.70","4,532.30",,-0.54%
10/19/2009,"4,590.10","4,555.20","4,594.10","4,522.60",,1.34%
10/16/2009,"4,529.22","4,505.90","4,534.20","4,460.70",,1.00%
10/15/2009,"4,484.57","4,410.60","4,496.90","4,363.20",,2.19%
10/14/2009,"4,388.31","4,391.40","4,401.90","4,368.60",,0.85%
10/13/2009,"4,351.45","4,334.70","4,387.10","4,300.60",,0.64%
10/12/2009,"4,323.68","4,264.30","4,340.60","4,263.30",,2.14%
10/09/2009,"4,232.98","4,231.20","4,270.20","4,203.50",,-0.34%
10/08/2009,"4,247.62","4,186.50","4,285.00","4,134.70",,2.66%
10/07/2009,"4,137.68","4,206.50","4,223.60","4,110.30",,-1.13%
10/06/2009,"4,185.14","4,177.70","4,241.90","4,166.10",,1.24%
10/05/2009,"4,133.78","4,099.80","4,162.50","4,047.90",,0.68%
10/02/2009,"4,105.67","4,112.00","4,132.60","4,046.30",,-1.17%
10/01/2009,"4,154.29","4,163.10","4,208.60","4,098.30",,-0.67%
09/30/2009,"4,182.21","4,042.80","4,186.10","4,000.40",,4.11%
09/29/2009,"4,017.11","4,014.20","4,041.90","3,980.00",,-0.04%
09/28/2009,"4,018.62","3,963.30","4,049.50","3,957.10",,0.85%
09/25/2009,"3,984.88","4,007.10","4,033.60","3,956.20",,-0.17%
09/24/2009,"3,991.83","4,082.50","4,099.00","3,971.70",,-2.91%
09/23/2009,"4,111.49","4,199.30","4,203.10","4,084.00",,-2.23%
09/22/2009,"4,205.47","4,159.10","4,215.60","4,155.50",,2.13%
09/21/2009,"4,117.63","4,204.50","4,205.10","4,098.00",,-2.84%
09/18/2009,"4,237.87","4,237.60","4,272.60","4,218.70",,-0.75%
09/17/2009,"4,269.83","4,273.10","4,306.80","4,246.90",,-0.11%
09/16/2009,"4,274.68","4,193.30","4,275.40","4,179.20",,2.22%
09/15/2009,"4,181.73","4,085.90","4,191.70","4,083.80",,2.25%
09/14/2009,"4,089.80","4,062.30","4,108.10","4,047.50",,-0.12%
09/11/2009,"4,094.70","4,205.40","4,253.90","4,073.30",,-2.46%
09/10/2009,"4,197.98","4,203.40","4,213.10","4,139.40",,0.52%
09/09/2009,"4,176.06","4,163.20","4,229.50","4,147.20",,0.26%
09/08/2009,"4,165.22","4,084.70","4,204.90","4,084.70",,3.12%
09/04/2009,"4,039.10","4,070.70","4,080.10","4,006.10",,-0.31%
09/03/2009,"4,051.54","4,109.70","4,130.40","4,040.70",,-0.47%
09/02/2009,"4,070.68","4,069.90","4,104.40","4,030.80",,-0.17%
09/01/2009,"4,077.66","4,199.20","4,231.20","4,075.60",,-2.33%
08/31/2009,"4,175.00","4,271.20","4,271.20","4,137.30",,-2.77%
08/28/2009,"4,293.79","4,302.00","4,333.30","4,257.00",,0.49%
08/27/2009,"4,272.80","4,234.60","4,281.30","4,173.80",,0.77%
08/26/2009,"4,240.34","4,297.00","4,299.70","4,206.80",,-0.67%
08/25/2009,"4,269.03","4,338.00","4,383.70","4,232.60",,-2.25%
08/24/2009,"4,367.38","4,356.90","4,381.70","4,326.00",,0.94%
08/21/2009,"4,326.65","4,290.40","4,374.50","4,274.80",,0.90%
08/20/2009,"4,288.24","4,350.20","4,351.10","4,276.20",,-1.13%
08/19/2009,"4,337.25","4,194.20","4,352.60","4,174.30",,2.36%
08/18/2009,"4,237.43","4,189.30","4,251.90","4,116.60",,1.97%
08/17/2009,"4,155.51","4,154.20","4,156.20","4,095.90",,-1.45%
08/14/2009,"4,216.74","4,364.80","4,377.90","4,206.20",,-3.08%
08/13/2009,"4,350.60","4,382.40","4,429.10","4,343.80",,0.34%
08/12/2009,"4,335.83","4,280.90","4,361.00","4,272.40",,0.79%
08/11/2009,"4,301.83","4,384.80","4,391.70","4,277.90",,-1.25%
08/10/2009,"4,356.51","4,378.90","4,403.60","4,339.70",,-0.14%
08/07/2009,"4,362.67","4,379.70","4,454.10","4,350.40",,-0.97%
08/06/2009,"4,405.59","4,463.00","4,465.80","4,369.20",,-1.13%
08/05/2009,"4,456.07","4,409.20","4,460.40","4,366.90",,0.87%
08/04/2009,"4,417.72","4,382.20","4,440.10","4,351.00",,0.05%
08/03/2009,"4,415.34","4,336.50","4,442.30","4,332.50",,3.26%
07/31/2009,"4,276.10","4,196.30","4,284.30","4,094.70",,2.43%
07/30/2009,"4,174.66","4,008.40","4,181.90","3,994.20",,4.61%
07/29/2009,"3,990.76","4,095.10","4,111.00","3,976.40",,-3.89%
07/28/2009,"4,152.40","4,233.10","4,235.50","4,122.10",,-1.32%
07/27/2009,"4,207.87","4,218.70","4,224.10","4,171.50",,0.47%
07/24/2009,"4,188.15","4,168.20","4,195.60","4,146.50",,0.65%
07/23/2009,"4,160.92","4,083.30","4,177.00","4,052.60",,2.16%
07/22/2009,"4,073.12","4,042.10","4,087.80","3,999.20",,0.04%
07/21/2009,"4,071.59","4,058.40","4,129.10","4,033.60",,0.09%
07/20/2009,"4,067.83","4,066.90","4,093.60","4,001.30",,1.16%
07/17/2009,"4,021.33","3,927.70","4,041.50","3,905.60",,1.99%
07/16/2009,"3,942.73","3,902.80","3,946.80","3,867.20",,0.87%
07/15/2009,"3,908.85","3,863.30","3,925.00","3,851.50",,2.49%
07/14/2009,"3,813.73","3,843.60","3,880.10","3,797.50",,0.49%
07/13/2009,"3,795.14","3,780.40","3,827.70","3,731.90",,-0.06%
07/10/2009,"3,797.53","3,797.40","3,824.90","3,751.70",,-0.75%
07/09/2009,"3,826.19","3,842.80","3,874.10","3,776.70",,0.85%
07/08/2009,"3,793.77","3,897.10","3,915.60","3,790.80",,-3.32%
07/07/2009,"3,924.01","3,980.80","4,032.00","3,910.60",,-1.62%
07/06/2009,"3,988.47","3,995.20","4,026.10","3,957.40",,-3.21%
07/03/2009,"4,120.70","4,120.70","4,120.70","4,120.70",,0.00%
07/02/2009,"4,120.67","4,243.00","4,243.00","4,112.40",,-2.93%
07/01/2009,"4,245.14","4,299.70","4,356.10","4,215.30",,-0.28%
06/30/2009,"4,257.24","4,402.30","4,419.00","4,210.90",,-2.16%
06/29/2009,"4,351.16","4,271.10","4,374.20","4,259.90",,2.04%
06/26/2009,"4,264.24","4,345.30","4,358.80","4,242.10",,-1.12%
06/25/2009,"4,312.54","4,254.40","4,341.80","4,244.50",,1.62%
06/24/2009,"4,243.70","4,248.30","4,294.40","4,231.80",,-0.34%
06/23/2009,"4,258.29","4,169.40","4,274.70","4,150.80",,1.79%
06/22/2009,"4,183.23","4,109.70","4,224.76","4,023.70",,-3.23%
06/19/2009,"4,323.07","4,424.00","4,446.70","4,304.60",,-1.86%
06/18/2009,"4,404.97","4,414.20","4,435.40","4,371.30",,-0.04%
06/17/2009,"4,406.82","4,403.80","4,411.30","4,313.20",,0.60%
06/16/2009,"4,380.59","4,397.50","4,493.50","4,353.90",,-0.08%
06/15/2009,"4,383.90","4,397.90","4,448.50","4,344.60",,-1.81%
06/12/2009,"4,464.67","4,484.00","4,493.40","4,422.10",,-1.24%
06/11/2009,"4,520.96","4,445.40","4,541.60","4,445.20",,1.94%
06/10/2009,"4,434.83","4,456.80","4,472.00","4,404.70",,0.86%
06/09/2009,"4,397.13","4,342.90","4,402.50","4,333.90",,2.12%
06/08/2009,"4,305.98","4,283.10","4,347.80","4,264.20",,-0.81%
06/05/2009,"4,341.20","4,378.40","4,430.70","4,299.00",,-0.59%
06/04/2009,"4,366.78","4,260.80","4,397.40","4,255.10",,3.31%
06/03/2009,"4,226.98","4,373.60","4,374.70","4,177.30",,-3.41%
06/02/2009,"4,376.18","4,353.50","4,393.70","4,332.30",,-0.10%
06/01/2009,"4,380.35","4,307.20","4,381.70","4,298.40",,3.48%
05/29/2009,"4,233.06","4,200.30","4,246.90","4,190.00",,1.51%
05/28/2009,"4,170.10","4,072.10","4,181.90","4,061.20",,2.12%
05/27/2009,"4,083.49","4,063.40","4,099.10","4,035.00",,1.02%
05/26/2009,"4,042.31","3,961.60","4,043.40","3,911.20",,0.72%
05/22/2009,"4,013.45","3,996.20","4,025.00","3,962.40",,1.06%
05/21/2009,"3,971.37","4,012.20","4,014.40","3,920.10",,-1.44%
05/20/2009,"4,029.28","3,968.20","4,045.80","3,958.80",,2.07%
05/19/2009,"3,947.59","3,986.60","3,995.30","3,900.60",,0.36%
05/18/2009,"3,933.60","3,838.20","3,947.20","3,818.80",,2.97%
05/15/2009,"3,820.03","3,940.10","3,947.50","3,812.00",,-3.07%
05/14/2009,"3,941.16","3,891.00","3,954.30","3,853.70",,0.46%
05/13/2009,"3,923.02","4,009.50","4,012.10","3,900.00",,-1.05%
05/12/2009,"3,964.56","3,971.00","4,020.30","3,921.90",,0.64%
05/11/2009,"3,939.31","3,912.90","3,956.90","3,867.50",,-0.44%
05/08/2009,"3,956.89","3,910.70","3,958.60","3,888.40",,2.33%
05/07/2009,"3,866.76","3,872.80","3,939.80","3,814.20",,0.98%
05/06/2009,"3,829.23","3,725.70","3,832.20","3,716.00",,3.36%
05/05/2009,"3,704.88","3,702.10","3,749.70","3,683.50",,-0.63%
05/04/2009,"3,728.25","3,677.60","3,730.10","3,642.30",,1.73%
05/01/2009,"3,664.69","3,525.00","3,674.30","3,515.40",,3.60%
04/30/2009,"3,537.42","3,554.90","3,562.40","3,490.30",,0.33%
04/29/2009,"3,525.63","3,474.90","3,541.40","3,474.90",,1.98%
04/28/2009,"3,457.08","3,415.10","3,462.80","3,405.60",,-0.51%
04/27/2009,"3,474.76","3,457.60","3,525.30","3,384.80",,-2.50%
04/24/2009,"3,563.80","3,485.40","3,580.00","3,485.40",,2.18%
04/23/2009,"3,487.86","3,458.60","3,508.10","3,451.20",,0.49%
04/22/2009,"3,470.73","3,456.90","3,481.50","3,429.30",,0.21%
04/21/2009,"3,463.30","3,453.90","3,496.10","3,378.00",,0.19%
04/20/2009,"3,456.89","3,615.10","3,615.10","3,451.20",,-5.30%
04/17/2009,"3,650.53","3,624.30","3,676.80","3,609.30",,0.46%
04/16/2009,"3,633.88","3,652.50","3,666.00","3,613.50",,0.45%
04/15/2009,"3,617.57","3,637.00","3,677.00","3,597.10",,-0.65%
04/14/2009,"3,641.12","3,625.60","3,701.60","3,617.20",,-0.03%
04/13/2009,"3,642.17","3,686.40","3,699.80","3,579.90",,-1.87%
04/09/2009,"3,711.47","3,670.00","3,735.60","3,656.40",,2.75%
04/08/2009,"3,612.30","3,536.40","3,697.80","3,519.90",,0.43%
04/07/2009,"3,596.66","3,696.30","3,696.30","3,589.30",,-2.03%
04/06/2009,"3,671.20","3,776.50","3,792.70","3,619.90",,-1.83%
04/03/2009,"3,739.82","3,691.90","3,761.80","3,660.20",,0.59%
04/02/2009,"3,717.86","3,556.10","3,728.00","3,555.80",,5.99%
04/01/2009,"3,507.65","3,517.30","3,526.70","3,457.80",,-1.75%
03/31/2009,"3,570.22","3,519.90","3,578.40","3,465.10",,2.12%
03/30/2009,"3,496.25","3,670.30","3,670.30","3,483.10",,-4.74%
03/27/2009,"3,670.27","3,762.20","3,771.60","3,645.20",,-2.79%
03/26/2009,"3,775.60","3,750.60","3,819.60","3,734.00",,1.32%
03/25/2009,"3,726.50","3,766.00","3,791.30","3,699.90",,-1.86%
03/24/2009,"3,796.95","3,790.70","3,800.70","3,742.40",,-0.12%
03/23/2009,"3,801.35","3,738.50","3,820.80","3,710.80",,2.58%
03/20/2009,"3,705.80","3,690.50","3,732.40","3,656.00",,0.35%
03/19/2009,"3,692.77","3,692.77","3,692.77","3,692.77",,5.80%
03/18/2009,"3,490.41","3,532.40","3,559.60","3,440.80",,-1.70%
03/17/2009,"3,550.67","3,439.30","3,569.30","3,426.30",,2.55%
03/16/2009,"3,462.47","3,375.30","3,476.30","3,321.40",,1.43%
03/13/2009,"3,413.56","3,422.50","3,492.40","3,389.20",,-0.64%
03/12/2009,"3,435.42","3,254.10","3,445.10","3,240.80",,5.80%
03/11/2009,"3,246.99","3,246.99","3,246.99","3,246.99",,-4.12%
03/10/2009,"3,386.48","3,430.10","3,488.70","3,372.50",,-0.86%
03/09/2009,"3,415.95","3,424.60","3,497.30","3,350.10",,0.63%
03/06/2009,"3,394.70","3,341.80","3,402.30","3,319.90",,2.09%
03/05/2009,"3,325.27","3,408.20","3,408.20","3,297.50",,-3.21%
03/04/2009,"3,435.59","3,291.90","3,446.40","3,291.70",,5.31%
03/03/2009,"3,262.45","3,227.90","3,287.80","3,175.90",,2.06%
03/02/2009,"3,196.60","3,349.80","3,369.90","3,182.40",,-6.43%
02/27/2009,"3,416.30","3,380.40","3,420.40","3,315.60",,-0.82%
02/26/2009,"3,444.70","3,334.00","3,455.60","3,330.30",,3.63%
02/25/2009,"3,323.98","3,229.60","3,339.20","3,203.90",,3.13%
02/24/2009,"3,223.20","3,124.60","3,227.40","3,122.10",,2.24%
02/23/2009,"3,152.68","3,213.00","3,285.00","3,128.40",,-1.49%
02/20/2009,"3,200.26","3,203.50","3,206.10","3,106.30",,-0.92%
02/19/2009,"3,229.87","3,146.60","3,232.70","3,104.60",,3.63%
02/18/2009,"3,116.70","3,174.30","3,193.20","3,111.50",,-2.06%
02/17/2009,"3,182.12","3,324.80","3,336.50","3,174.70",,-6.18%
02/13/2009,"3,391.75","3,439.20","3,453.00","3,373.20",,-0.99%
02/12/2009,"3,425.79","3,458.40","3,477.20","3,398.70",,-0.66%
02/11/2009,"3,448.38","3,511.60","3,543.10","3,436.30",,-1.54%
02/10/2009,"3,502.46","3,605.20","3,699.60","3,495.60",,-2.94%
02/09/2009,"3,608.41","3,590.60","3,724.60","3,589.50",,-0.17%
02/06/2009,"3,614.43","3,607.60","3,703.00","3,524.00",,-0.33%
02/05/2009,"3,626.57","3,552.50","3,628.60","3,522.10",,2.09%
02/04/2009,"3,552.19","3,548.40","3,621.30","3,530.70",,0.00%
02/03/2009,"3,552.30","3,564.40","3,576.20","3,522.70",,0.32%
02/02/2009,"3,541.10","3,603.10","3,614.40","3,529.70",,-2.67%
01/30/2009,"3,638.25","3,652.70","3,730.60","3,610.40",,0.20%
01/29/2009,"3,630.95","3,614.90","3,660.10","3,558.10",,-0.46%
01/28/2009,"3,647.64","3,620.80","3,706.20","3,579.60",,1.48%
01/27/2009,"3,594.27","3,845.20","3,865.20","3,589.50",,-5.24%
01/26/2009,"3,793.04","3,754.00","3,927.10","3,751.20",,0.00%
01/23/2009,"3,792.96","3,590.00","3,818.00","3,564.80",,3.84%
01/22/2009,"3,652.64","3,710.70","3,745.20","3,526.30",,-0.55%
01/21/2009,"3,672.73","3,564.50","3,675.30","3,548.10",,2.60%
01/20/2009,"3,579.52","3,552.60","3,716.60","3,528.80",,-3.59%
01/16/2009,"3,712.70","3,753.20","3,801.10","3,682.60",,-0.27%
01/15/2009,"3,722.74","3,706.60","3,801.50","3,599.00",,-0.47%
01/14/2009,"3,740.44","3,825.90","3,839.60","3,654.30",,-1.18%
01/13/2009,"3,785.07","3,684.70","3,844.70","3,682.60",,1.16%
01/12/2009,"3,741.75","3,873.70","3,873.90","3,736.40",,-4.65%
01/09/2009,"3,924.03","3,979.40","4,138.60","3,842.70",,-0.35%
01/08/2009,"3,937.99","4,027.70","4,069.20","3,891.00",,-2.06%
01/07/2009,"4,020.80","4,318.30","4,343.10","4,011.10",,-6.84%
01/06/2009,"4,316.05","4,263.50","4,393.90","4,259.90",,1.54%
01/05/2009,"4,250.56","4,106.90","4,270.50","4,069.60",,3.43%
01/02/2009,"4,109.68","3,873.10","4,116.10","3,835.10",,2.86%
12/31/2008,"3,995.39","3,683.60","4,025.20","3,618.40",,7.45%
12/30/2008,"3,718.47","3,727.40","3,742.90","3,649.70",,-0.71%
12/29/2008,"3,744.98","3,749.10","3,896.20","3,645.40",,2.88%
12/26/2008,"3,640.15","3,575.30","3,647.70","3,538.10",,3.05%
12/24/2008,"3,532.27","3,693.40","3,693.40","3,523.80",,-4.24%
12/23/2008,"3,688.85","3,678.50","3,739.80","3,611.40",,-0.61%
12/22/2008,"3,711.33","3,822.20","3,863.90","3,706.30",,-2.84%
12/19/2008,"3,819.85","3,819.85","3,819.85","3,819.85",,-0.03%
12/18/2008,"3,821.18","3,821.18","3,821.18","3,821.18",,-3.35%
12/17/2008,"3,953.50","4,111.60","4,150.40","3,944.50",,-1.73%
12/16/2008,"4,023.21","4,040.30","4,133.70","3,983.50",,-0.19%
12/15/2008,"4,030.72","4,107.50","4,296.50","4,026.60",,-1.24%
12/12/2008,"4,081.42","4,047.60","4,139.00","3,916.50",,-1.86%
12/11/2008,"4,158.79","3,924.00","4,218.20","3,922.50",,6.14%
12/10/2008,"3,918.31","3,875.30","4,050.70","3,819.50",,2.24%
12/09/2008,"3,832.42","3,893.30","3,951.80","3,824.40",,-2.22%
12/08/2008,"3,919.25","3,866.40","3,972.90","3,819.30",,5.04%
12/05/2008,"3,731.23","3,914.80","3,951.20","3,721.10",,-5.37%
12/04/2008,"3,943.03","4,100.10","4,151.90","3,936.80",,-4.94%
12/03/2008,"4,147.99","4,205.00","4,221.30","4,121.10",,-0.89%
12/02/2008,"4,185.26","4,236.30","4,370.60","4,180.20",,-3.03%
12/01/2008,"4,316.12","4,509.60","4,511.40","4,309.50",,-6.36%
11/28/2008,"4,609.34","4,569.60","4,673.10","4,446.30",,-0.92%
11/26/2008,"4,652.07","4,463.70","4,666.70","4,439.10",,4.69%
11/25/2008,"4,443.73","4,567.00","4,629.40","4,431.80",,-4.40%
11/24/2008,"4,648.07","4,314.10","4,684.00","4,314.10",,6.94%
11/21/2008,"4,346.58","4,324.50","4,410.60","4,282.40",,0.55%
11/20/2008,"4,322.95","4,531.30","4,534.80","4,315.90",,-5.76%
11/19/2008,"4,587.15","4,573.60","4,686.20","4,558.20",,-0.71%
11/18/2008,"4,620.10","4,622.20","4,721.20","4,603.60",,-1.11%
11/17/2008,"4,672.16","4,737.10","4,870.50","4,665.10",,-2.28%
11/14/2008,"4,780.98","4,815.30","4,886.90","4,714.20",,-1.23%
11/13/2008,"4,840.58","4,700.40","4,872.50","4,659.90",,1.90%
11/12/2008,"4,750.16","4,884.40","4,913.30","4,739.60",,-3.75%
11/11/2008,"4,935.26","5,047.30","5,064.00","4,862.10",,-4.22%
11/10/2008,"5,152.88","5,207.10","5,331.20","5,002.10",,2.20%
11/07/2008,"5,042.00","5,101.20","5,158.90","5,016.10",,-0.07%
11/06/2008,"5,045.75","5,241.80","5,324.80","5,002.10",,-5.32%
11/05/2008,"5,329.51","5,461.40","5,582.40","5,302.90",,-5.29%
11/04/2008,"5,627.42","5,149.00","5,722.00","5,128.50",,7.48%
11/03/2008,"5,235.70","5,391.40","5,445.00","5,234.80",,-3.27%
10/31/2008,"5,412.61","5,240.90","5,449.30","5,142.30",,1.97%
10/30/2008,"5,308.20","5,567.50","5,570.90","5,210.80",,-2.96%
10/29/2008,"5,470.30","5,230.60","5,551.80","5,202.80",,6.78%
10/28/2008,"5,122.73","5,186.50","5,284.20","5,073.10",,-0.41%
10/27/2008,"5,143.58","5,055.60","5,265.40","4,977.50",,-0.18%
10/24/2008,"5,152.66","5,315.90","5,315.90","5,057.10",,-4.31%
10/23/2008,"5,385.00","5,414.90","5,489.30","5,294.20",,0.47%
10/22/2008,"5,360.02","5,553.10","5,556.90","5,333.30",,-5.92%
10/21/2008,"5,697.36","5,786.20","5,825.10","5,594.00",,-2.15%
10/20/2008,"5,822.51","5,816.30","5,913.00","5,703.80",,1.88%
10/17/2008,"5,714.79","5,725.80","5,843.60","5,588.80",,2.29%
10/16/2008,"5,586.78","5,668.30","5,814.90","5,486.70",,-4.44%
10/15/2008,"5,846.39","6,133.20","6,138.90","5,840.60",,-4.65%
10/14/2008,"6,131.61","6,442.50","6,490.80","6,125.00",,-2.12%
10/13/2008,"6,264.55","6,217.20","6,304.00","6,172.80",,3.86%
10/10/2008,"6,031.80","6,301.90","6,355.60","6,001.70",,-8.29%
10/09/2008,"6,576.69","6,662.60","6,727.70","6,547.70",,-1.22%
10/08/2008,"6,657.93","6,542.30","6,732.60","6,484.40",,-0.82%
10/07/2008,"6,713.11","6,798.60","6,883.20","6,615.50",,1.28%
10/06/2008,"6,628.36","6,824.80","6,885.00","6,618.40",,-6.23%
10/03/2008,"7,068.95","7,072.00","7,206.00","6,936.40",,-0.39%
10/02/2008,"7,096.28","7,342.90","7,397.10","7,085.90",,-4.48%
10/01/2008,"7,429.17","7,538.30","7,685.30","7,295.20",,-1.45%
09/30/2008,"7,538.31","7,246.40","7,588.00","7,235.80",,2.57%
09/29/2008,"7,349.39","7,776.80","7,776.80","7,290.70",,-7.65%
09/26/2008,"7,958.52","7,918.50","7,969.80","7,848.80",,-1.26%
09/25/2008,"8,059.94","7,983.50","8,104.50","7,827.90",,1.28%
09/24/2008,"7,958.46","8,094.40","8,179.20","7,920.00",,-0.57%
09/23/2008,"8,003.94","8,055.60","8,148.90","7,866.50",,-1.78%
09/22/2008,"8,149.16","7,859.70","8,198.80","7,859.70",,5.07%
09/19/2008,"7,755.86","7,537.60","7,789.80","7,493.70",,3.70%
09/18/2008,"7,478.80","7,469.50","7,791.60","7,382.30",,-0.25%
09/17/2008,"7,497.35","7,328.60","7,508.30","7,166.40",,4.77%
09/16/2008,"7,155.68","7,250.10","7,321.30","7,125.90",,-3.97%
09/15/2008,"7,451.34","7,650.00","7,650.00","7,341.40",,-3.88%
09/12/2008,"7,752.34","7,762.00","7,853.40","7,687.70",,0.83%
09/11/2008,"7,688.53","7,754.60","7,829.30","7,644.00",,-0.88%
09/10/2008,"7,756.92","7,865.60","7,900.00","7,688.70",,-0.88%
09/09/2008,"7,825.72","7,934.50","7,940.10","7,772.50",,-2.36%
09/08/2008,"8,015.08","8,138.40","8,187.20","7,926.20",,0.21%
09/05/2008,"7,998.08","8,063.20","8,114.90","7,944.60",,-1.68%
09/04/2008,"8,135.01","8,237.40","8,289.40","8,054.30",,-0.93%
09/03/2008,"8,211.47","8,124.50","8,216.90","8,085.90",,-0.26%
09/02/2008,"8,232.97","8,074.10","9,222.20","8,006.30",,-4.37%
08/29/2008,"8,609.50","8,703.90","8,795.40","8,591.10",,-0.31%
08/28/2008,"8,635.85","8,858.30","8,939.70","8,545.20",,-2.11%
08/27/2008,"8,821.70","8,783.70","8,934.20","8,749.30",,1.08%
08/26/2008,"8,727.17","8,685.10","8,803.80","8,499.80",,0.89%
08/25/2008,"8,650.12","8,708.50","8,732.90","8,591.00",,0.05%
08/22/2008,"8,645.93","9,044.10","9,044.10","8,637.00",,-4.37%
08/21/2008,"9,041.23","8,733.60","9,102.40","8,705.50",,4.38%
08/20/2008,"8,661.50","8,623.40","8,741.10","8,491.40",,0.93%
08/19/2008,"8,581.50","8,435.60","8,725.90","8,412.40",,1.16%
08/18/2008,"8,482.94","8,553.00","8,587.60","8,427.10",,-0.16%
08/15/2008,"8,496.37","8,505.70","8,547.50","8,373.50",,-1.35%
08/14/2008,"8,612.90","8,755.60","8,774.20","8,479.40",,-0.77%
08/13/2008,"8,679.35","8,526.90","8,763.70","8,462.20",,2.55%
08/12/2008,"8,463.22","8,509.90","8,630.20","8,419.10",,-1.01%
08/11/2008,"8,549.75","8,654.80","8,676.20","8,462.30",,-0.30%
08/08/2008,"8,575.30","8,810.10","8,828.20","8,566.10",,-3.68%
08/07/2008,"8,903.21","8,881.10","9,002.20","8,801.20",,0.98%
08/06/2008,"8,816.84","8,897.40","8,941.90","8,729.30",,-0.60%
08/05/2008,"8,870.18","8,897.20","8,994.30","8,807.40",,-1.49%
08/04/2008,"9,004.46","9,320.70","9,329.10","8,904.30",,-3.14%
08/01/2008,"9,296.41","9,196.10","9,499.60","9,147.30",,0.31%
07/31/2008,"9,267.72","9,428.60","9,472.30","9,214.10",,-1.52%
07/30/2008,"9,410.62","9,177.60","9,434.90","9,100.00",,2.47%
07/29/2008,"9,184.11","9,356.80","9,374.80","9,069.50",,-1.58%
07/28/2008,"9,331.91","9,307.30","9,379.30","9,235.30",,0.87%
07/25/2008,"9,251.60","9,388.10","9,415.50","9,196.80",,-1.09%
07/24/2008,"9,353.89","9,374.60","9,419.50","9,255.50",,0.10%
07/23/2008,"9,344.99","9,485.20","9,597.70","9,338.00",,-2.53%
07/22/2008,"9,587.45","9,859.10","9,868.30","9,492.90",,-2.10%
07/21/2008,"9,793.55","9,811.10","9,865.00","9,681.00",,0.98%
07/18/2008,"9,698.29","9,840.40","9,902.30","9,678.60",,-0.92%
07/17/2008,"9,788.62","10,101.40","10,220.20","9,774.80",,-3.20%
07/16/2008,"10,112.70","10,293.80","10,324.20","9,939.00",,-1.92%
07/15/2008,"10,311.04","10,671.30","10,780.30","10,178.30",,-3.54%
07/14/2008,"10,689.16","10,665.20","10,777.30","10,579.20",,-0.34%
07/11/2008,"10,725.28","10,650.80","10,891.80","10,602.70",,1.55%
07/10/2008,"10,561.64","10,251.40","10,573.80","10,234.60",,3.14%
07/09/2008,"10,239.82","10,306.00","10,373.70","10,196.80",,0.03%
07/08/2008,"10,236.30","10,568.00","10,605.00","10,169.20",,-3.35%
07/07/2008,"10,590.57","10,766.20","10,766.20","10,499.00",,-2.82%
07/03/2008,"10,898.10","10,874.70","10,941.70","10,787.80",,0.85%
07/02/2008,"10,806.56","10,696.40","10,826.70","10,696.40",,1.60%
07/01/2008,"10,636.48","10,646.30","10,747.80","10,595.50",,0.74%
06/30/2008,"10,558.65","10,747.50","10,804.80","10,520.50",,-0.47%
06/27/2008,"10,608.88","10,687.00","10,760.30","10,583.70",,0.22%
06/26/2008,"10,585.73","10,246.20","10,620.90","10,245.70",,3.31%
06/25/2008,"10,246.76","10,385.20","10,407.70","10,093.30",,-1.22%
06/24/2008,"10,373.35","10,428.00","10,479.70","10,310.60",,-0.10%
06/23/2008,"10,383.26","10,385.20","10,455.60","10,228.10",,0.68%
06/20/2008,"10,313.63","10,189.90","10,432.80","10,170.00",,1.54%
06/19/2008,"10,156.71","10,429.70","10,499.00","10,145.20",,-2.56%
06/18/2008,"10,423.29","10,297.50","10,429.50","10,177.70",,1.40%
06/17/2008,"10,278.92","10,333.30","10,334.90","10,159.90",,-0.23%
06/16/2008,"10,302.52","10,252.70","10,540.50","10,229.40",,0.31%
06/13/2008,"10,270.24","10,333.10","10,368.00","10,176.20",,-0.69%
06/12/2008,"10,342.05","10,282.30","10,388.30","10,101.60",,0.22%
06/11/2008,"10,319.34","10,063.20","10,416.70","10,058.40",,3.26%
06/10/2008,"9,993.62","10,077.80","10,322.40","9,966.10",,-1.32%
06/09/2008,"10,127.59","10,380.30","10,384.10","10,084.00",,-2.11%
06/06/2008,"10,346.00","9,792.10","10,366.50","9,792.10",,6.13%
06/05/2008,"9,748.45","9,437.20","9,764.10","9,418.40",,3.36%
06/04/2008,"9,431.31","9,510.20","9,864.30","9,403.30",,-1.34%
06/03/2008,"9,559.34","9,733.70","9,768.10","9,539.50",,-1.83%
06/02/2008,"9,737.93","9,610.20","9,822.50","9,568.20",,0.73%
05/30/2008,"9,667.63","9,533.10","9,710.10","9,504.10",,0.62%
05/29/2008,"9,607.59","9,870.00","9,984.70","9,574.60",,-2.93%
05/28/2008,"9,897.20","9,784.70","9,922.30","9,622.80",,0.99%
05/27/2008,"9,800.57","10,079.40","10,089.50","9,780.70",,-1.79%
05/23/2008,"9,978.76","9,966.90","10,071.40","9,883.30",,0.80%
05/22/2008,"9,899.77","10,123.30","10,176.40","9,871.00",,-1.33%
05/21/2008,"10,033.72","9,807.60","10,060.30","9,786.60",,2.57%
05/20/2008,"9,782.39","9,624.64","9,809.17","9,604.83",,1.73%
05/19/2008,"9,615.67","9,629.50","9,683.39","9,540.13",,-0.03%
05/16/2008,"9,618.28","9,548.19","9,712.32","9,516.72",,1.19%
05/15/2008,"9,505.31","9,527.77","9,650.12","9,379.56",,-0.12%
05/14/2008,"9,517.07","9,613.01","9,633.17","9,506.26",,-0.99%
05/13/2008,"9,612.01","9,499.55","9,678.60","9,460.01",,1.05%
05/12/2008,"9,511.88","9,596.50","9,639.08","9,493.12",,-1.07%
05/09/2008,"9,615.15","9,510.53","9,642.07","9,498.04",,1.65%
05/08/2008,"9,458.78","9,411.65","9,469.64","9,368.79",,0.48%
05/07/2008,"9,413.71","9,336.24","9,427.56","9,241.26",,1.01%
05/06/2008,"9,319.31","9,233.06","9,377.32","9,166.27",,1.42%
05/05/2008,"9,188.63","9,024.24","9,221.66","8,987.96",,2.23%
05/02/2008,"8,987.81","8,720.37","8,992.83","8,719.92",,2.81%
05/01/2008,"8,741.80","8,913.54","8,917.97","8,615.98",,-1.34%
04/30/2008,"8,860.93","8,943.70","9,043.28","8,847.80",,-1.24%
04/29/2008,"8,971.84","9,145.32","9,155.79","8,943.91",,-2.40%
04/28/2008,"9,192.73","9,213.48","9,223.37","9,149.38",,0.44%
04/25/2008,"9,152.36","8,938.38","9,215.72","8,920.44",,1.35%
04/24/2008,"9,030.43","9,175.24","9,175.24","8,934.50",,-1.49%
04/23/2008,"9,166.73","9,163.39","9,176.99","9,057.66",,0.03%
04/22/2008,"9,164.08","9,062.47","9,209.65","9,031.88",,1.17%
04/21/2008,"9,057.75","9,088.44","9,110.67","8,963.51",,-0.10%
04/18/2008,"9,067.23","9,007.49","9,073.48","8,865.80",,0.77%
04/17/2008,"8,998.25","9,042.95","9,075.37","8,957.81",,-0.20%
04/16/2008,"9,016.63","8,924.09","9,020.28","8,854.72",,1.16%
04/15/2008,"8,913.27","8,818.34","8,932.75","8,801.10",,1.53%
04/14/2008,"8,779.37","8,692.65","8,786.80","8,664.73",,0.87%
04/11/2008,"8,703.47","8,736.52","8,772.96","8,645.94",,-0.32%
04/10/2008,"8,731.09","8,796.46","8,879.75","8,660.61",,-0.26%
04/09/2008,"8,753.82","8,558.76","8,830.63","8,550.73",,2.22%
04/08/2008,"8,564.09","8,615.31","8,629.75","8,526.26",,-0.51%
04/07/2008,"8,608.40","8,473.49","8,642.65","8,464.00",,1.89%
04/04/2008,"8,448.76","8,342.87","8,454.67","8,314.86",,1.71%
04/03/2008,"8,307.04","8,352.64","8,443.09","8,275.67",,-0.59%
04/02/2008,"8,356.50","8,167.13","8,368.74","8,071.63",,2.80%
04/01/2008,"8,129.25","8,117.73","8,229.29","8,045.43",,-0.95%
03/31/2008,"8,207.26","8,418.93","8,508.46","8,142.24",,-2.53%
03/28/2008,"8,420.39","8,502.97","8,536.55","8,365.00",,-1.30%
03/27/2008,"8,531.08","8,445.88","8,557.91","8,404.18",,1.06%
03/26/2008,"8,441.67","8,238.02","8,456.29","8,227.41",,2.82%
03/25/2008,"8,209.85","8,130.53","8,230.14","8,097.34",,1.00%
03/24/2008,"8,128.30","8,095.72","8,221.45","8,063.73",,0.17%
03/20/2008,"8,114.46","8,206.38","8,375.43","7,964.06",,-1.42%
03/19/2008,"8,231.15","8,575.47","8,587.68","8,210.86",,-4.61%
03/18/2008,"8,629.11","8,348.11","8,641.57","8,348.09",,3.20%
03/17/2008,"8,361.28","8,810.68","8,826.28","8,251.32",,-4.33%
03/14/2008,"8,739.47","8,800.67","8,860.58","8,678.25",,-0.80%
03/13/2008,"8,809.83","8,758.66","8,861.23","8,734.50",,0.51%
03/12/2008,"8,764.78","8,649.10","8,769.46","8,591.84",,1.04%
03/11/2008,"8,674.75","8,604.06","8,718.04","8,545.10",,0.84%
03/10/2008,"8,602.54","8,456.74","8,616.05","8,358.09",,1.54%
03/07/2008,"8,472.19","8,464.83","8,549.97","8,407.88",,-0.47%
03/06/2008,"8,512.09","8,655.11","8,722.82","8,376.13",,0.29%
03/05/2008,"8,487.76","8,195.35","8,495.04","8,195.35",,3.80%
03/04/2008,"8,177.35","8,358.21","8,419.13","8,135.60",,-2.34%
03/03/2008,"8,373.49","8,322.21","8,480.88","8,296.61",,0.83%
02/29/2008,"8,304.77","8,359.20","8,370.04","8,293.40",,-0.86%
02/28/2008,"8,376.44","8,186.90","8,385.14","8,181.79",,1.91%
02/27/2008,"8,219.39","8,305.02","8,312.66","8,181.79",,-0.50%
02/26/2008,"8,260.79","8,112.61","8,273.83","8,099.99",,1.65%
02/25/2008,"8,126.74","8,128.82","8,149.08","8,043.64",,0.77%
02/22/2008,"8,064.99","7,986.48","8,087.18","7,951.13",,0.59%
02/21/2008,"8,017.47","8,100.42","8,108.50","7,953.04",,-0.60%
02/20/2008,"8,065.90","8,013.84","8,112.60","7,972.78",,0.00%
02/19/2008,"8,065.75","7,865.23","8,070.59","7,859.48",,3.57%
02/15/2008,"7,787.77","7,796.68","7,869.32","7,737.59",,-0.15%
02/14/2008,"7,799.11","7,690.47","7,802.44","7,674.33",,2.24%
02/13/2008,"7,628.39","7,592.50","7,661.81","7,552.23",,0.20%
02/12/2008,"7,612.99","7,662.80","7,707.75","7,589.55",,-0.95%
02/11/2008,"7,686.14","7,620.71","7,742.30","7,592.17",,1.18%
02/08/2008,"7,596.47","7,424.99","7,619.29","7,412.00",,3.27%
02/07/2008,"7,355.74","7,298.37","7,357.64","7,240.76",,1.12%
02/06/2008,"7,274.15","7,290.85","7,368.49","7,257.46",,-0.45%
02/05/2008,"7,306.98","7,375.77","7,376.79","7,261.12",,-1.16%
02/04/2008,"7,392.71","7,336.61","7,428.88","7,266.62",,1.16%
02/01/2008,"7,307.61","7,445.57","7,499.66","7,283.08",,-2.10%
01/31/2008,"7,464.40","7,425.33","7,493.36","7,331.32",,-0.12%
01/30/2008,"7,473.14","7,471.17","7,493.66","7,418.61",,0.30%
01/29/2008,"7,450.70","7,417.04","7,463.78","7,402.50",,0.68%
01/28/2008,"7,400.59","7,300.30","7,415.90","7,258.11",,0.65%
01/25/2008,"7,352.78","7,318.51","7,383.50","7,292.53",,1.61%
01/24/2008,"7,236.42","7,156.74","7,242.85","7,116.40",,2.32%
01/23/2008,"7,072.57","7,240.52","7,240.52","7,061.40",,-2.16%
01/22/2008,"7,228.89","7,072.26","7,270.11","7,065.69",,-1.24%
01/18/2008,"7,319.90","7,307.26","7,356.54","7,275.99",,0.46%
01/17/2008,"7,286.30","7,340.88","7,399.47","7,262.72",,-0.37%
01/16/2008,"7,313.39","7,351.99","7,374.69","7,241.89",,-1.35%
01/15/2008,"7,413.44","7,506.87","7,537.47","7,369.76",,-1.67%
01/14/2008,"7,539.46","7,473.78","7,554.75","7,450.48",,1.65%
01/11/2008,"7,417.06","7,484.46","7,491.01","7,384.84",,-0.31%
01/10/2008,"7,440.22","7,469.09","7,535.57","7,394.25",,-1.50%
01/09/2008,"7,553.81","7,634.33","7,678.19","7,543.05",,-0.63%
01/08/2008,"7,601.63","7,542.06","7,675.81","7,514.75",,1.50%
01/07/2008,"7,489.53","7,645.34","7,676.20","7,454.80",,-2.10%
01/04/2008,"7,649.89","7,723.90","7,725.17","7,596.12",,-0.91%
01/03/2008,"7,720.14","7,747.56","7,780.08","7,683.57",,0.13%
01/02/2008,"7,710.14","7,515.13","7,716.81","7,513.98",,3.27%
12/31/2007,"7,466.30","7,467.75","7,502.64","7,407.43",,0.02%
12/28/2007,"7,465.04","7,508.46","7,571.93","7,462.75",,-0.63%
12/27/2007,"7,512.05","7,469.43","7,551.56","7,445.24",,0.50%
12/26/2007,"7,474.96","7,375.71","7,504.72","7,371.16",,1.44%
12/24/2007,"7,368.86","7,339.56","7,372.09","7,288.49",,0.26%
12/21/2007,"7,349.66","7,258.14","7,375.34","7,229.69",,1.56%
12/20/2007,"7,237.11","7,302.64","7,323.91","7,224.69",,-0.32%
12/19/2007,"7,260.06","7,214.00","7,307.55","7,162.22",,1.17%
12/18/2007,"7,176.40","7,258.56","7,332.02","7,122.04",,-0.72%
12/17/2007,"7,228.12","7,296.37","7,297.31","7,168.22",,-0.49%
12/14/2007,"7,263.52","7,339.88","7,361.64","7,214.42",,-0.38%
12/13/2007,"7,291.20","7,364.30","7,428.05","7,284.88",,-1.44%
12/12/2007,"7,397.43","7,122.49","7,415.72","7,122.27",,3.59%
12/11/2007,"7,141.08","7,077.48","7,163.93","7,048.21",,1.39%
12/10/2007,"7,042.98","7,039.73","7,143.75","7,009.41",,-0.35%
12/07/2007,"7,067.85","7,124.26","7,166.97","7,008.23",,-0.92%
12/06/2007,"7,133.30","6,951.38","7,154.50","6,907.95",,1.80%
12/05/2007,"7,006.87","7,051.90","7,160.70","6,988.68",,-0.56%
12/04/2007,"7,046.58","7,066.29","7,093.83","6,993.83",,-0.35%
12/03/2007,"7,071.42","7,039.31","7,081.90","6,959.58",,0.17%
11/30/2007,"7,059.31","7,208.70","7,216.26","7,047.82",,-1.88%
11/29/2007,"7,194.30","7,362.71","7,381.24","7,170.27",,0.28%
11/28/2007,"7,174.18","7,335.28","7,380.73","7,162.33",,-2.38%
11/27/2007,"7,348.83","7,472.01","7,473.53","7,336.09",,-2.24%
11/26/2007,"7,517.02","7,602.67","7,614.03","7,477.81",,-0.30%
11/23/2007,"7,539.98","7,477.37","7,550.05","7,420.78",,1.08%
11/21/2007,"7,459.22","7,498.08","7,518.21","7,418.39",,-0.39%
11/20/2007,"7,488.79","7,330.31","7,496.59","7,325.39",,2.40%
11/19/2007,"7,313.39","7,353.47","7,369.81","7,260.98",,0.03%
11/16/2007,"7,311.32","7,231.69","7,331.48","7,216.68",,1.27%
11/15/2007,"7,219.41","7,260.83","7,310.31","7,152.03",,-0.87%
11/14/2007,"7,282.69","7,151.34","7,291.08","7,146.44",,2.05%
11/13/2007,"7,136.56","7,296.04","7,307.19","7,092.03",,-2.38%
11/12/2007,"7,310.29","7,400.25","7,411.43","7,255.21",,-1.38%
11/09/2007,"7,412.96","7,405.31","7,426.56","7,313.10",,0.47%
11/08/2007,"7,377.98","7,394.49","7,481.53","7,358.80",,-0.47%
11/07/2007,"7,412.85","7,551.91","7,567.17","7,333.91",,-0.46%
11/06/2007,"7,447.25","7,341.20","7,473.26","7,337.04",,2.14%
11/05/2007,"7,291.17","7,351.71","7,399.42","7,271.50",,-1.44%
11/02/2007,"7,397.87","7,261.16","7,400.55","7,261.16",,1.73%
11/01/2007,"7,271.76","7,381.17","7,405.66","7,207.87",,-0.80%
10/31/2007,"7,330.34","7,053.31","7,342.61","7,052.57",,3.03%
10/30/2007,"7,114.90","7,240.57","7,241.22","7,101.68",,-2.17%
10/29/2007,"7,272.86","7,224.12","7,278.05","7,179.14",,1.58%
10/26/2007,"7,159.56","7,152.01","7,175.21","7,100.15",,1.15%
10/25/2007,"7,078.46","6,949.82","7,080.66","6,946.31",,2.63%
10/24/2007,"6,897.06","6,815.80","6,910.98","6,680.48",,1.03%
10/23/2007,"6,826.94","6,877.90","6,927.20","6,805.29",,-0.69%
10/22/2007,"6,874.36","6,891.26","6,913.21","6,789.59",,-0.89%
10/19/2007,"6,936.39","6,977.62","7,021.38","6,904.30",,-0.77%
10/18/2007,"6,990.18","6,912.19","6,998.56","6,878.37",,1.41%
10/17/2007,"6,893.20","6,903.32","6,961.96","6,871.38",,-0.28%
10/16/2007,"6,912.80","6,891.49","6,940.74","6,836.36",,0.80%
10/15/2007,"6,858.17","6,749.39","6,869.40","6,746.50",,2.03%
10/12/2007,"6,721.51","6,694.22","6,738.91","6,678.22",,0.17%
10/11/2007,"6,709.82","6,633.60","6,737.19","6,625.06",,1.50%
10/10/2007,"6,610.84","6,548.81","6,612.69","6,523.19",,1.20%
10/09/2007,"6,532.60","6,450.95","6,569.73","6,432.20",,1.03%
10/08/2007,"6,465.88","6,594.55","6,595.92","6,442.52",,-2.48%
10/05/2007,"6,630.31","6,651.49","6,678.02","6,605.41",,-0.45%
10/04/2007,"6,659.97","6,584.65","6,679.72","6,537.56",,1.05%
10/03/2007,"6,590.46","6,603.03","6,813.72","6,563.18",,0.00%
10/02/2007,"6,590.28","6,593.99","6,615.97","6,461.68",,-0.51%
10/01/2007,"6,623.77","6,712.51","6,714.24","6,588.58",,-0.96%
09/28/2007,"6,687.84","6,766.64","6,797.23","6,677.97",,-0.96%
09/27/2007,"6,752.73","6,660.00","6,757.11","6,645.82",,2.21%
09/26/2007,"6,606.91","6,598.55","6,646.69","6,519.99",,0.42%
09/25/2007,"6,579.40","6,621.51","6,628.50","6,552.72",,-1.20%
09/24/2007,"6,659.34","6,653.26","6,684.32","6,621.84",,-0.06%
09/21/2007,"6,663.55","6,641.98","6,702.23","6,616.01",,0.19%
09/20/2007,"6,651.07","6,583.15","6,658.64","6,494.25",,0.82%
09/19/2007,"6,596.99","6,592.40","6,616.50","6,541.85",,0.57%
09/18/2007,"6,559.76","6,536.93","6,587.74","6,466.31",,0.60%
09/17/2007,"6,520.56","6,427.24","6,522.80","6,409.51",,1.33%
09/14/2007,"6,434.69","6,433.05","6,527.11","6,408.49",,-0.23%
09/13/2007,"6,449.26","6,450.42","6,770.80","6,403.42",,-0.20%
09/12/2007,"6,461.99","6,372.93","6,472.86","6,357.59",,1.60%
09/11/2007,"6,360.06","6,311.44","6,365.13","6,275.64",,1.12%
09/10/2007,"6,289.69","6,209.60","6,302.12","6,181.83",,1.09%
09/07/2007,"6,221.68","6,188.08","6,233.10","6,159.91",,0.26%
09/06/2007,"6,205.51","6,196.01","6,263.18","6,158.75",,0.48%
09/05/2007,"6,175.92","6,172.95","6,185.35","6,138.60",,0.53%
09/04/2007,"6,143.62","6,089.91","6,149.00","6,040.99",,1.26%
08/31/2007,"6,067.40","6,060.37","6,128.83","6,053.65",,0.48%
08/30/2007,"6,038.59","6,043.41","6,067.26","6,013.64",,0.15%
08/29/2007,"6,029.69","5,951.11","6,034.04","5,943.17",,1.40%
08/28/2007,"5,946.19","5,946.19","5,946.19","5,946.19",,-0.17%
08/27/2007,"5,956.20","5,925.67","5,961.36","5,859.94",,0.28%
08/24/2007,"5,939.60","5,866.97","5,959.74","5,853.84",,1.10%
08/23/2007,"5,874.71","5,846.37","5,892.03","5,832.63",,0.96%
08/22/2007,"5,818.98","5,838.52","5,858.81","5,781.58",,0.04%
08/21/2007,"5,816.44","5,877.62","5,911.37","5,791.58",,-1.14%
08/20/2007,"5,883.55","5,936.68","5,936.68","5,839.25",,-1.65%
08/17/2007,"5,982.31","5,913.30","6,000.74","5,906.67",,1.49%
08/16/2007,"5,894.50","5,992.24","6,025.00","5,816.34",,-3.01%
08/15/2007,"6,077.24","6,044.66","6,135.99","6,031.50",,0.80%
08/14/2007,"6,029.26","6,005.22","6,042.36","5,973.72",,0.35%
08/13/2007,"6,008.49","6,014.24","6,104.50","5,987.09",,0.27%
08/10/2007,"5,992.31","5,969.21","6,004.82","5,898.81",,-0.03%
08/09/2007,"5,994.09","6,000.44","6,029.30","5,934.34",,-0.37%
08/08/2007,"6,016.48","6,020.78","6,071.79","5,996.84",,-0.20%
08/07/2007,"6,028.77","5,992.46","6,039.98","5,977.99",,0.34%
08/06/2007,"6,008.36","6,138.72","6,143.20","5,992.61",,-2.76%
08/03/2007,"6,178.96","6,259.94","6,279.24","6,168.45",,-1.10%
08/02/2007,"6,247.38","6,244.00","6,285.67","6,189.04",,0.00%
08/01/2007,"6,247.50","6,316.88","6,355.08","6,224.90",,-1.34%
07/31/2007,"6,332.53","6,264.91","6,341.02","6,264.91",,1.18%
07/30/2007,"6,258.63","6,249.54","6,284.26","6,219.40",,0.11%
07/27/2007,"6,251.94","6,155.58","6,256.64","6,144.34",,1.44%
07/26/2007,"6,163.34","6,272.75","6,306.19","6,145.92",,-0.64%
07/25/2007,"6,203.12","6,105.20","6,207.78","6,012.48",,1.24%
07/24/2007,"6,127.28","6,185.27","6,190.08","6,104.60",,-1.14%
07/23/2007,"6,197.95","6,254.00","6,259.11","6,181.29",,-1.44%
07/20/2007,"6,288.57","6,324.41","6,339.26","6,268.70",,-0.29%
07/19/2007,"6,307.11","6,278.77","6,309.74","6,251.59",,0.96%
07/18/2007,"6,246.84","6,151.40","6,248.46","6,143.25",,1.71%
07/17/2007,"6,142.07","6,157.95","6,221.40","6,129.51",,-0.54%
07/16/2007,"6,175.26","6,236.56","6,245.22","6,156.97",,-1.03%
07/13/2007,"6,239.39","6,191.49","6,247.14","6,167.93",,0.95%
07/12/2007,"6,180.77","6,189.77","6,243.00","6,141.83",,0.11%
07/11/2007,"6,174.24","6,178.74","6,207.89","6,168.83",,-0.24%
07/10/2007,"6,189.29","6,124.25","6,197.79","6,105.76",,0.89%
07/09/2007,"6,134.82","6,132.71","6,180.55","6,110.20",,-0.19%
07/06/2007,"6,146.59","6,096.63","6,154.73","6,085.75",,0.76%
07/05/2007,"6,100.52","6,059.94","6,118.13","6,036.66",,0.82%
07/03/2007,"6,050.79","6,034.61","6,052.72","6,017.74",,0.22%
07/02/2007,"6,037.42","6,014.53","6,042.87","5,952.12",,0.63%
06/29/2007,"5,999.78","5,968.88","6,025.68","5,964.92",,0.76%
06/28/2007,"5,954.40","5,967.89","6,016.53","5,949.45",,0.06%
06/27/2007,"5,950.72","5,899.69","5,969.46","5,854.54",,0.87%
06/26/2007,"5,899.33","5,960.21","5,971.04","5,895.67",,-1.38%
06/25/2007,"5,981.60","5,948.34","5,997.30","5,893.20",,-0.14%
06/22/2007,"5,990.23","5,989.95","6,022.80","5,960.27",,-0.06%
06/21/2007,"5,993.98","6,028.90","6,079.74","5,979.50",,-0.28%
06/20/2007,"6,010.87","6,049.74","6,052.76","5,964.68",,-0.54%
06/19/2007,"6,043.67","6,073.49","6,084.27","6,038.17",,-0.92%
06/18/2007,"6,100.05","6,075.09","6,113.33","6,039.68",,0.53%
06/15/2007,"6,067.98","6,021.81","6,084.75","6,000.54",,0.65%
06/14/2007,"6,029.07","5,926.45","6,038.75","5,923.63",,1.84%
06/13/2007,"5,920.02","5,843.73","5,929.75","5,821.90",,1.12%
06/12/2007,"5,854.29","5,871.11","5,887.06","5,826.10",,-0.61%
06/11/2007,"5,890.37","5,826.02","5,897.98","5,806.62",,1.55%
06/08/2007,"5,800.39","5,927.30","5,930.18","5,794.89",,-2.54%
06/07/2007,"5,951.40","5,938.14","5,989.40","5,916.74",,0.32%
06/06/2007,"5,932.52","5,943.87","5,952.39","5,896.17",,-0.08%
06/05/2007,"5,936.99","5,961.96","5,975.63","5,919.44",,-0.57%
06/04/2007,"5,971.27","5,864.85","5,990.08","5,858.82",,1.61%
06/01/2007,"5,876.40","5,829.35","5,891.86","5,801.80",,1.10%
05/31/2007,"5,812.55","5,783.97","5,814.81","5,734.91",,0.67%
05/30/2007,"5,774.07","5,747.97","5,788.30","5,728.70",,0.49%
05/29/2007,"5,745.72","5,804.63","5,812.17","5,712.15",,-2.11%
05/25/2007,"5,869.57","5,840.77","5,885.30","5,810.93",,0.91%
05/24/2007,"5,816.36","5,898.40","5,905.82","5,799.03",,-0.91%
05/23/2007,"5,869.58","5,872.35","5,892.70","5,829.55",,0.25%
05/22/2007,"5,854.81","5,954.85","5,957.37","5,848.15",,-1.65%
05/21/2007,"5,953.02","5,895.48","5,969.96","5,859.30",,1.15%
05/18/2007,"5,885.34","5,892.24","5,931.13","5,878.67",,-0.24%
05/17/2007,"5,899.52","5,812.05","5,900.95","5,788.56",,1.61%
05/16/2007,"5,805.95","5,846.95","5,848.78","5,750.84",,-0.56%
05/15/2007,"5,838.53","5,777.44","5,844.06","5,749.11",,0.88%
05/14/2007,"5,787.63","5,829.08","5,845.55","5,775.17",,-0.48%
05/11/2007,"5,815.28","5,739.80","5,817.58","5,738.96",,1.35%
05/10/2007,"5,737.55","5,740.74","5,767.05","5,716.32",,0.25%
05/09/2007,"5,723.33","5,765.06","5,780.46","5,664.83",,-0.55%
05/08/2007,"5,755.21","5,752.52","5,773.73","5,705.03",,0.24%
05/07/2007,"5,741.67","5,782.66","5,795.40","5,697.64",,-0.98%
05/04/2007,"5,798.50","5,798.50","5,798.50","5,798.50",,-0.47%
05/03/2007,"5,825.71","5,825.71","5,825.71","5,825.71",,0.18%
05/02/2007,"5,815.02","5,815.02","5,815.02","5,815.02",,-0.79%
05/01/2007,"5,861.61","5,861.61","5,861.61","5,861.61",,-0.72%
04/30/2007,"5,904.26","5,904.26","5,904.26","5,904.26",,-0.63%
04/27/2007,"5,941.95","5,941.95","5,941.95","5,941.95",,1.40%
04/26/2007,"5,859.81","5,859.81","5,859.81","5,859.81",,-1.10%
04/25/2007,"5,925.19","5,925.19","5,925.19","5,925.19",,1.55%
04/24/2007,"5,834.87","5,834.87","5,834.87","5,834.87",,-1.26%
04/23/2007,"5,909.19","5,909.19","5,909.19","5,909.19",,1.79%
04/20/2007,"5,805.56","5,805.56","5,805.56","5,805.56",,0.74%
04/19/2007,"5,763.09","5,763.09","5,763.09","5,763.09",,-0.60%
04/18/2007,"5,797.82","5,797.82","5,797.82","5,797.82",,-0.11%
04/17/2007,"5,804.44","5,804.44","5,804.44","5,804.44",,-0.96%
04/16/2007,"5,860.97","5,860.97","5,860.97","5,860.97",,-1.21%
04/13/2007,"5,932.54","5,932.54","5,932.54","5,932.54",,0.08%
04/12/2007,"5,928.09","5,928.09","5,928.09","5,928.09",,1.08%
04/11/2007,"5,864.70","5,864.70","5,864.70","5,864.70",,0.09%
04/10/2007,"5,859.31","5,859.31","5,859.31","5,859.31",,1.16%
04/09/2007,"5,791.85","5,791.85","5,791.85","5,791.85",,-1.98%
04/05/2007,"5,908.63","5,908.63","5,908.63","5,908.63",,0.20%
04/04/2007,"5,897.11","5,897.11","5,897.11","5,897.11",,0.80%
04/03/2007,"5,850.53","5,850.53","5,850.53","5,850.53",,-1.02%
04/02/2007,"5,910.96","5,910.96","5,910.96","5,910.96",,-0.16%
03/30/2007,"5,920.55","5,920.55","5,920.55","5,920.55",,0.01%
03/29/2007,"5,920.18","5,920.18","5,920.18","5,920.18",,1.81%
03/28/2007,"5,814.75","5,814.75","5,814.75","5,814.75",,1.29%
03/27/2007,"5,740.87","5,740.87","5,740.87","5,740.87",,0.17%
03/26/2007,"5,730.90","5,730.90","5,730.90","5,730.90",,0.92%
03/23/2007,"5,678.83","5,678.83","5,678.83","5,678.83",,0.16%
03/22/2007,"5,669.51","5,669.51","5,669.51","5,669.51",,2.35%
03/21/2007,"5,539.13","5,539.13","5,539.13","5,539.13",,0.49%
03/20/2007,"5,511.93","5,511.93","5,511.93","5,511.93",,-0.31%
03/19/2007,"5,529.04","5,529.04","5,529.04","5,529.04",,-0.01%
03/16/2007,"5,529.74","5,529.74","5,529.74","5,529.74",,-0.16%
03/15/2007,"5,538.53","5,538.53","5,538.53","5,538.53",,-0.33%
03/14/2007,"5,557.14","5,557.14","5,557.14","5,557.14",,0.25%
03/13/2007,"5,543.01","5,543.01","5,543.01","5,543.01",,-0.53%
03/12/2007,"5,572.56","5,572.56","5,572.56","5,572.56",,-0.95%
03/09/2007,"5,626.12","5,626.12","5,626.12","5,626.12",,-1.76%
03/08/2007,"5,727.01","5,727.01","5,727.01","5,727.01",,-0.01%
03/07/2007,"5,727.79","5,727.79","5,727.79","5,727.79",,1.36%
03/06/2007,"5,651.05","5,651.05","5,651.05","5,651.05",,0.97%
03/05/2007,"5,597.03","5,597.03","5,597.03","5,597.03",,-1.80%
03/02/2007,"5,699.73","5,699.73","5,699.73","5,699.73",,-0.63%
03/01/2007,"5,736.12","5,736.12","5,736.12","5,736.12",,0.02%
02/28/2007,"5,735.06","5,735.06","5,735.06","5,735.06",,-0.16%
02/27/2007,"5,744.31","5,744.31","5,744.31","5,744.31",,-0.36%
02/26/2007,"5,764.96","5,764.96","5,764.96","5,764.96",,0.25%
02/23/2007,"5,750.70","5,750.70","5,750.70","5,750.70",,0.73%
02/22/2007,"5,709.14","5,709.14","5,709.14","5,709.14",,1.70%
02/21/2007,"5,613.47","5,613.47","5,613.47","5,613.47",,1.85%
02/20/2007,"5,511.43","5,511.43","5,511.43","5,511.43",,-1.09%
02/16/2007,"5,572.13","5,572.13","5,572.13","5,572.13",,1.72%
02/15/2007,"5,478.05","5,478.05","5,478.05","5,478.05",,0.29%
02/14/2007,"5,462.37","5,462.37","5,462.37","5,462.37",,-1.45%
02/13/2007,"5,542.72","5,542.72","5,542.72","5,542.72",,2.03%
02/12/2007,"5,432.66","5,432.66","5,432.66","5,432.66",,-2.90%
02/09/2007,"5,594.93","5,594.93","5,594.93","5,594.93",,0.50%
02/08/2007,"5,566.91","5,566.91","5,566.91","5,566.91",,2.18%
02/07/2007,"5,448.23","5,448.23","5,448.23","5,448.23",,-1.13%
02/06/2007,"5,510.27","5,510.27","5,510.27","5,510.27",,0.04%
02/05/2007,"5,507.82","5,507.82","5,507.82","5,507.82",,0.02%
02/02/2007,"5,506.65","5,506.65","5,506.65","5,506.65",,1.24%
02/01/2007,"5,439.20","5,439.20","5,439.20","5,439.20",,-1.08%
01/31/2007,"5,498.77","5,498.77","5,498.77","5,498.77",,1.57%
01/30/2007,"5,413.69","5,413.69","5,413.69","5,413.69",,3.83%
01/29/2007,"5,213.92","5,213.92","5,213.92","5,213.92",,-2.16%
01/26/2007,"5,328.94","5,328.94","5,328.94","5,328.94",,1.37%
01/25/2007,"5,256.84","5,256.84","5,256.84","5,256.84",,-1.36%
01/24/2007,"5,329.35","5,329.35","5,329.35","5,329.35",,-0.05%
01/23/2007,"5,332.18","5,332.18","5,332.18","5,332.18",,3.05%
01/22/2007,"5,174.18","5,174.18","5,174.18","5,174.18",,0.02%
01/19/2007,"5,173.05","5,173.05","5,173.05","5,173.05",,2.54%
01/18/2007,"5,044.78","5,044.78","5,044.78","5,044.78",,-1.32%
01/17/2007,"5,112.21","5,112.21","5,112.21","5,112.21",,0.82%
01/16/2007,"5,070.43","5,070.43","5,070.43","5,070.43",,-1.83%
01/12/2007,"5,165.07","5,165.07","5,165.07","5,165.07",,1.55%
01/11/2007,"5,086.30","5,086.30","5,086.30","5,086.30",,-2.19%
01/10/2007,"5,200.15","5,200.15","5,200.15","5,200.15",,-0.88%
01/09/2007,"5,246.19","5,246.19","5,246.19","5,246.19",,-0.45%
01/08/2007,"5,269.88","5,269.88","5,269.88","5,269.88",,-0.16%
01/05/2007,"5,278.56","5,278.56","5,278.56","5,278.56",,0.28%
01/04/2007,"5,263.60","5,263.60","5,263.60","5,263.60",,-2.85%
01/03/2007,"5,418.28","5,418.28","5,418.28","5,418.28",,-3.44%
01/02/2007,"5,611.07","5,611.07","5,611.07","5,611.07",,-0.29%
12/29/2006,"5,627.64","5,627.64","5,627.64","5,627.64",,0.31%
12/28/2006,"5,610.09","5,610.09","5,610.09","5,610.09",,0.32%
12/27/2006,"5,592.46","5,592.46","5,592.46","5,592.46",,-0.64%
12/26/2006,"5,628.49","5,628.49","5,628.49","5,628.49",,-1.85%
12/22/2006,"5,734.42","5,734.42","5,734.42","5,734.42",,-0.17%
12/21/2006,"5,743.94","5,743.94","5,743.94","5,743.94",,-1.00%
12/20/2006,"5,801.90","5,801.90","5,801.90","5,801.90",,-0.06%
12/19/2006,"5,805.28","5,805.28","5,805.28","5,805.28",,0.66%
12/18/2006,"5,767.45","5,767.45","5,767.45","5,767.45",,-1.72%
12/15/2006,"5,868.20","5,868.20","5,868.20","5,868.20",,0.13%
12/14/2006,"5,860.44","5,860.44","5,860.44","5,860.44",,1.28%
12/13/2006,"5,786.43","5,786.43","5,786.43","5,786.43",,0.35%
12/12/2006,"5,766.13","5,766.13","5,766.13","5,766.13",,-0.42%
12/11/2006,"5,790.66","5,790.66","5,790.66","5,790.66",,-0.80%
12/08/2006,"5,837.63","5,837.63","5,837.63","5,837.63",,-0.51%
12/07/2006,"5,867.40","5,867.40","5,867.40","5,867.40",,-0.14%
12/06/2006,"5,875.44","5,875.44","5,875.44","5,875.44",,-0.86%
12/05/2006,"5,926.25","5,926.25","5,926.25","5,926.25",,0.03%
12/04/2006,"5,924.57","5,924.57","5,924.57","5,924.57",,-1.97%
12/01/2006,"6,043.58","6,043.58","6,043.58","6,043.58",,-0.25%
11/30/2006,"6,058.91","6,058.91","6,058.91","6,058.91",,1.11%
11/29/2006,"5,992.34","5,992.34","5,992.34","5,992.34",,1.90%
11/28/2006,"5,880.53","5,880.53","5,880.53","5,880.53",,0.76%
11/27/2006,"5,836.20","5,836.20","5,836.20","5,836.20",,1.15%
11/24/2006,"5,769.95","5,769.95","5,769.95","5,769.95",,0.80%
11/22/2006,"5,724.27","5,724.27","5,724.27","5,724.27",,-1.44%
11/21/2006,"5,807.95","5,807.95","5,807.95","5,807.95",,1.83%
11/20/2006,"5,703.62","5,703.62","5,703.62","5,703.62",,0.07%
11/17/2006,"5,699.84","5,699.84","5,699.84","5,699.84",,0.56%
11/16/2006,"5,667.84","5,667.84","5,667.84","5,667.84",,-2.39%
11/15/2006,"5,806.82","5,806.82","5,806.82","5,806.82",,0.96%
11/14/2006,"5,751.67","5,751.67","5,751.67","5,751.67",,-0.14%
11/13/2006,"5,759.60","5,759.60","5,759.60","5,759.60",,-1.06%
11/10/2006,"5,821.05","5,821.05","5,821.05","5,821.05",,-2.40%
11/09/2006,"5,963.91","5,963.91","5,963.91","5,963.91",,1.78%
11/08/2006,"5,859.61","5,859.61","5,859.61","5,859.61",,0.85%
11/07/2006,"5,810.49","5,810.49","5,810.49","5,810.49",,-0.71%
11/06/2006,"5,851.75","5,851.75","5,851.75","5,851.75",,0.75%
11/03/2006,"5,808.39","5,808.39","5,808.39","5,808.39",,1.37%
11/02/2006,"5,729.88","5,729.88","5,729.88","5,729.88",,-0.29%
11/01/2006,"5,746.83","5,746.83","5,746.83","5,746.83",,0.09%
10/31/2006,"5,741.51","5,741.51","5,741.51","5,741.51",,0.20%
10/30/2006,"5,730.06","5,730.06","5,730.06","5,730.06",,-3.00%
10/27/2006,"5,907.16","5,907.16","5,907.16","5,907.16",,0.14%
10/26/2006,"5,898.64","5,898.64","5,898.64","5,898.64",,-1.27%
10/25/2006,"5,974.35","5,974.35","5,974.35","5,974.35",,2.56%
10/24/2006,"5,824.95","5,824.95","5,824.95","5,824.95",,0.83%
10/23/2006,"5,776.87","5,776.87","5,776.87","5,776.87",,-0.63%
10/20/2006,"5,813.47","5,813.47","5,813.47","5,813.47",,-1.02%
10/19/2006,"5,873.68","5,873.68","5,873.68","5,873.68",,1.34%
10/18/2006,"5,795.85","5,795.85","5,795.85","5,795.85",,-1.38%
10/17/2006,"5,876.95","5,876.95","5,876.95","5,876.95",,-0.94%
10/16/2006,"5,932.60","5,932.60","5,932.60","5,932.60",,2.27%
10/13/2006,"5,801.11","5,801.11","5,801.11","5,801.11",,1.15%
10/12/2006,"5,735.40","5,735.40","5,735.40","5,735.40",,0.03%
10/11/2006,"5,733.77","5,733.77","5,733.77","5,733.77",,-0.58%
10/10/2006,"5,767.38","5,767.38","5,767.38","5,767.38",,-1.54%
10/09/2006,"5,857.38","5,857.38","5,857.38","5,857.38",,1.17%
10/06/2006,"5,789.77","5,789.77","5,789.77","5,789.77",,0.01%
10/05/2006,"5,789.17","5,789.17","5,789.17","5,789.17",,1.55%
10/04/2006,"5,700.60","5,700.60","5,700.60","5,700.60",,1.02%
10/03/2006,"5,642.94","5,642.94","5,642.94","5,642.94",,-2.48%
10/02/2006,"5,786.70","5,786.70","5,786.70","5,786.70",,-1.80%
09/29/2006,"5,892.86","5,892.86","5,892.86","5,892.86",,0.35%
09/28/2006,"5,872.48","5,872.48","5,872.48","5,872.48",,0.16%
09/27/2006,"5,863.08","5,863.08","5,863.08","5,863.08",,1.64%
09/26/2006,"5,768.64","5,768.64","5,768.64","5,768.64",,0.08%
09/25/2006,"5,764.22","5,764.22","5,764.22","5,764.22",,0.26%
09/22/2006,"5,749.31","5,749.31","5,749.31","5,749.31",,-1.30%
09/21/2006,"5,824.88","5,824.88","5,824.88","5,824.88",,1.27%
09/20/2006,"5,751.97","5,751.97","5,751.97","5,751.97",,-1.91%
09/19/2006,"5,863.78","5,863.78","5,863.78","5,863.78",,-1.93%
09/18/2006,"5,979.27","5,979.27","5,979.27","5,979.27",,0.83%
09/15/2006,"5,930.28","5,930.28","5,930.28","5,930.28",,-0.48%
09/14/2006,"5,958.91","5,958.91","5,958.91","5,958.91",,-1.68%
09/13/2006,"6,060.64","6,060.64","6,060.64","6,060.64",,-0.37%
09/12/2006,"6,082.88","6,082.88","6,082.88","6,082.88",,-1.62%
09/11/2006,"6,183.19","6,183.19","6,183.19","6,183.19",,-1.64%
09/08/2006,"6,286.28","6,286.28","6,286.28","6,286.28",,-1.53%
09/07/2006,"6,384.04","6,384.04","6,384.04","6,384.04",,-0.66%
09/06/2006,"6,426.13","6,426.13","6,426.13","6,426.13",,-0.84%
09/05/2006,"6,480.31","6,480.31","6,480.31","6,480.31",,-0.35%
09/01/2006,"6,503.20","6,503.20","6,503.20","6,503.20",,-1.46%
08/31/2006,"6,599.42","6,599.42","6,599.42","6,599.42",,0.36%
08/30/2006,"6,575.81","6,575.81","6,575.81","6,575.81",,-0.11%
08/29/2006,"6,583.16","6,583.16","6,583.16","6,583.16",,-0.75%
08/28/2006,"6,632.73","6,632.73","6,632.73","6,632.73",,-2.59%
08/25/2006,"6,809.40","6,809.40","6,809.40","6,809.40",,0.43%
08/24/2006,"6,780.28","6,780.28","6,780.28","6,780.28",,0.77%
08/23/2006,"6,728.67","6,728.67","6,728.67","6,728.67",,-1.40%
08/22/2006,"6,824.02","6,824.02","6,824.02","6,824.02",,0.39%
08/21/2006,"6,797.49","6,797.49","6,797.49","6,797.49",,1.18%
08/18/2006,"6,718.27","6,718.27","6,718.27","6,718.27",,0.74%
08/17/2006,"6,668.62","6,668.62","6,668.62","6,668.62",,-2.18%
08/16/2006,"6,817.09","6,817.09","6,817.09","6,817.09",,-0.72%
08/15/2006,"6,866.75","6,866.75","6,866.75","6,866.75",,-0.28%
08/14/2006,"6,886.12","6,886.12","6,886.12","6,886.12",,-1.64%
08/11/2006,"7,001.02","7,001.02","7,001.02","7,001.02",,-0.22%
08/10/2006,"7,016.65","7,016.65","7,016.65","7,016.65",,-2.55%
08/09/2006,"7,199.96","7,199.96","7,199.96","7,199.96",,0.48%
08/08/2006,"7,165.81","7,165.81","7,165.81","7,165.81",,-0.52%
08/07/2006,"7,203.41","7,203.41","7,203.41","7,203.41",,1.43%
08/04/2006,"7,101.98","7,101.98","7,101.98","7,101.98",,-0.32%
08/03/2006,"7,124.74","7,124.74","7,124.74","7,124.74",,-1.36%
08/02/2006,"7,223.28","7,223.28","7,223.28","7,223.28",,1.46%
08/01/2006,"7,119.29","7,119.29","7,119.29","7,119.29",,0.05%
07/31/2006,"7,115.85","7,115.85","7,115.85","7,115.85",,2.43%
07/28/2006,"6,946.84","6,946.84","6,946.84","6,946.84",,-1.01%
07/27/2006,"7,017.80","7,017.80","7,017.80","7,017.80",,0.93%
07/26/2006,"6,953.15","6,953.15","6,953.15","6,953.15",,0.69%
07/25/2006,"6,905.79","6,905.79","6,905.79","6,905.79",,-1.06%
07/24/2006,"6,979.65","6,979.65","6,979.65","6,979.65",,1.10%
07/21/2006,"6,903.76","6,903.76","6,903.76","6,903.76",,0.00%
07/20/2006,"6,903.47","6,903.47","6,903.47","6,903.47",,-0.47%
07/19/2006,"6,936.04","6,936.04","6,936.04","6,936.04",,-0.39%
07/18/2006,"6,963.12","6,963.12","6,963.12","6,963.12",,-1.65%
07/17/2006,"7,079.61","7,079.61","7,079.61","7,079.61",,-2.50%
07/14/2006,"7,261.31","7,261.31","7,261.31","7,261.31",,0.68%
07/13/2006,"7,212.54","7,212.54","7,212.54","7,212.54",,1.91%
07/12/2006,"7,077.30","7,077.30","7,077.30","7,077.30",,0.96%
07/11/2006,"7,009.71","7,009.71","7,009.71","7,009.71",,1.15%
07/10/2006,"6,929.87","6,929.87","6,929.87","6,929.87",,-0.76%
07/07/2006,"6,983.27","6,983.27","6,983.27","6,983.27",,-1.25%
07/06/2006,"7,071.40","7,071.40","7,071.40","7,071.40",,0.39%
07/05/2006,"7,044.23","7,044.23","7,044.23","7,044.23",,0.78%
07/03/2006,"6,989.70","6,989.70","6,989.70","6,989.70",,0.20%
06/30/2006,"6,975.97","6,975.97","6,975.97","6,975.97",,0.59%
06/29/2006,"6,935.33","6,935.33","6,935.33","6,935.33",,1.80%
06/28/2006,"6,812.79","6,812.79","6,812.79","6,812.79",,0.02%
06/27/2006,"6,811.68","6,811.68","6,811.68","6,811.68",,0.17%
06/26/2006,"6,800.11","6,800.11","6,800.11","6,800.11",,1.03%
06/23/2006,"6,730.77","6,730.77","6,730.77","6,730.77",,-0.30%
06/22/2006,"6,750.92","6,750.92","6,750.92","6,750.92",,0.50%
06/21/2006,"6,717.08","6,717.08","6,717.08","6,717.08",,1.33%
06/20/2006,"6,628.61","6,628.61","6,628.61","6,628.61",,-0.32%
06/19/2006,"6,649.86","6,649.86","6,649.86","6,649.86",,-1.43%
06/16/2006,"6,746.29","6,746.29","6,746.29","6,746.29",,0.15%
06/15/2006,"6,735.91","6,735.91","6,735.91","6,735.91",,1.40%
06/14/2006,"6,642.79","6,642.79","6,642.79","6,642.79",,0.58%
06/13/2006,"6,604.63","6,604.63","6,604.63","6,604.63",,-2.64%
06/12/2006,"6,783.48","6,783.48","6,783.48","6,783.48",,-1.17%
06/09/2006,"6,863.59","6,863.59","6,863.59","6,863.59",,1.20%
06/08/2006,"6,782.16","6,782.16","6,782.16","6,782.16",,-0.95%
06/07/2006,"6,847.32","6,847.32","6,847.32","6,847.32",,-1.50%
06/06/2006,"6,951.48","6,951.48","6,951.48","6,951.48",,-0.72%
06/05/2006,"7,001.72","7,001.72","7,001.72","7,001.72",,-0.09%
06/02/2006,"7,007.92","7,007.92","7,007.92","7,007.92",,2.32%
06/01/2006,"6,849.07","6,849.07","6,849.07","6,849.07",,-0.68%
05/31/2006,"6,895.81","6,895.81","6,895.81","6,895.81",,-0.91%
05/30/2006,"6,958.91","6,958.91","6,958.91","6,958.91",,0.33%
05/26/2006,"6,935.76","6,935.76","6,935.76","6,935.76",,0.54%
05/25/2006,"6,898.36","6,898.36","6,898.36","6,898.36",,1.62%
05/24/2006,"6,788.12","6,788.12","6,788.12","6,788.12",,-2.99%
05/23/2006,"6,996.99","6,996.99","6,996.99","6,996.99",,2.58%
05/22/2006,"6,820.70","6,820.70","6,820.70","6,820.70",,1.10%
05/19/2006,"6,746.15","6,746.15","6,746.15","6,746.15",,-1.48%
05/18/2006,"6,847.80","6,847.80","6,847.80","6,847.80",,0.36%
05/17/2006,"6,823.34","6,823.34","6,823.34","6,823.34",,-1.12%
05/16/2006,"6,900.90","6,900.90","6,900.90","6,900.90",,0.18%
05/15/2006,"6,888.54","6,888.54","6,888.54","6,888.54",,-3.42%
05/12/2006,"7,132.17","7,132.17","7,132.17","7,132.17",,-1.68%
05/11/2006,"7,254.09","7,254.09","7,254.09","7,254.09",,1.59%
05/10/2006,"7,140.32","7,140.32","7,140.32","7,140.32",,2.29%
05/09/2006,"6,980.55","6,980.55","6,980.55","6,980.55",,1.45%
05/08/2006,"6,880.55","6,880.55","6,880.55","6,880.55",,-0.63%
05/05/2006,"6,923.87","6,923.87","6,923.87","6,923.87",,0.60%
05/04/2006,"6,882.69","6,882.69","6,882.69","6,882.69",,-1.53%
05/03/2006,"6,989.79","6,989.79","6,989.79","6,989.79",,-2.38%
05/02/2006,"7,159.93","7,159.93","7,159.93","7,159.93",,1.03%
05/01/2006,"7,087.18","7,087.18","7,087.18","7,087.18",,1.98%
04/28/2006,"6,949.29","6,949.29","6,949.29","6,949.29",,0.84%
04/27/2006,"6,891.71","6,891.71","6,891.71","6,891.71",,-2.13%
04/26/2006,"7,041.76","7,041.76","7,041.76","7,041.76",,-0.79%
04/25/2006,"7,097.48","7,097.48","7,097.48","7,097.48",,-0.15%
04/24/2006,"7,108.48","7,108.48","7,108.48","7,108.48",,-2.03%
04/21/2006,"7,255.88","7,255.88","7,255.88","7,255.88",,1.68%
04/20/2006,"7,136.01","7,136.01","7,136.01","7,136.01",,-0.97%
04/19/2006,"7,205.99","7,205.99","7,205.99","7,205.99",,1.05%
04/18/2006,"7,130.92","7,130.92","7,130.92","7,130.92",,2.22%
04/17/2006,"6,976.25","6,976.25","6,976.25","6,976.25",,1.78%
04/13/2006,"6,854.41","6,854.41","6,854.41","6,854.41",,0.86%
04/12/2006,"6,795.75","6,795.75","6,795.75","6,795.75",,0.23%
04/11/2006,"6,780.14","6,780.14","6,780.14","6,780.14",,0.61%
04/10/2006,"6,739.15","6,739.15","6,739.15","6,739.15",,1.90%
04/07/2006,"6,613.65","6,613.65","6,613.65","6,613.65",,-0.89%
04/06/2006,"6,672.81","6,672.81","6,672.81","6,672.81",,1.09%
04/05/2006,"6,600.56","6,600.56","6,600.56","6,600.56",,1.24%
04/04/2006,"6,519.90","6,519.90","6,519.90","6,519.90",,-0.87%
04/03/2006,"6,577.12","6,577.12","6,577.12","6,577.12",,0.64%
03/31/2006,"6,535.38","6,535.38","6,535.38","6,535.38",,-1.07%
03/30/2006,"6,606.30","6,606.30","6,606.30","6,606.30",,1.08%
03/29/2006,"6,535.74","6,535.74","6,535.74","6,535.74",,0.66%
03/28/2006,"6,492.84","6,492.84","6,492.84","6,492.84",,2.00%
03/27/2006,"6,365.40","6,365.40","6,365.40","6,365.40",,-0.14%
03/24/2006,"6,374.53","6,374.53","6,374.53","6,374.53",,0.43%
03/23/2006,"6,347.06","6,347.06","6,347.06","6,347.06",,2.61%
03/22/2006,"6,185.58","6,185.58","6,185.58","6,185.58",,-0.82%
03/21/2006,"6,236.50","6,236.50","6,236.50","6,236.50",,0.68%
03/20/2006,"6,194.59","6,194.59","6,194.59","6,194.59",,-2.38%
03/17/2006,"6,345.60","6,345.60","6,345.60","6,345.60",,-0.79%
03/16/2006,"6,395.96","6,395.96","6,395.96","6,395.96",,1.09%
03/15/2006,"6,327.04","6,327.04","6,327.04","6,327.04",,-1.09%
03/14/2006,"6,396.96","6,396.96","6,396.96","6,396.96",,2.05%
03/13/2006,"6,268.37","6,268.37","6,268.37","6,268.37",,2.19%
03/10/2006,"6,134.07","6,134.07","6,134.07","6,134.07",,-0.49%
03/09/2006,"6,164.58","6,164.58","6,164.58","6,164.58",,0.93%
03/08/2006,"6,108.06","6,108.06","6,108.06","6,108.06",,-1.47%
03/07/2006,"6,198.98","6,198.98","6,198.98","6,198.98",,-1.36%
03/06/2006,"6,284.55","6,284.55","6,284.55","6,284.55",,-2.19%
03/03/2006,"6,425.51","6,425.51","6,425.51","6,425.51",,0.63%
03/02/2006,"6,385.26","6,385.26","6,385.26","6,385.26",,2.09%
03/01/2006,"6,254.76","6,254.76","6,254.76","6,254.76",,0.62%
02/28/2006,"6,216.45","6,216.45","6,216.45","6,216.45",,0.95%
02/27/2006,"6,157.76","6,157.76","6,157.76","6,157.76",,-2.78%
02/24/2006,"6,334.05","6,334.05","6,334.05","6,334.05",,2.10%
02/23/2006,"6,203.69","6,203.69","6,203.69","6,203.69",,-0.11%
02/22/2006,"6,210.62","6,210.62","6,210.62","6,210.62",,-2.18%
02/21/2006,"6,349.05","6,349.05","6,349.05","6,349.05",,2.20%
02/17/2006,"6,212.56","6,212.56","6,212.56","6,212.56",,1.65%
02/16/2006,"6,111.56","6,111.56","6,111.56","6,111.56",,1.00%
02/15/2006,"6,051.29","6,051.29","6,051.29","6,051.29",,-1.62%
02/14/2006,"6,151.08","6,151.08","6,151.08","6,151.08",,-1.48%
02/13/2006,"6,243.24","6,243.24","6,243.24","6,243.24",,-0.97%
02/10/2006,"6,304.62","6,304.62","6,304.62","6,304.62",,-1.73%
02/09/2006,"6,415.50","6,415.50","6,415.50","6,415.50",,-0.20%
02/08/2006,"6,428.54","6,428.54","6,428.54","6,428.54",,-0.72%
02/07/2006,"6,474.98","6,474.98","6,474.98","6,474.98",,-2.59%
02/06/2006,"6,647.00","6,647.00","6,647.00","6,647.00",,-1.04%
02/03/2006,"6,716.78","6,716.78","6,716.78","6,716.78",,1.03%
02/02/2006,"6,647.97","6,647.97","6,647.97","6,647.97",,-2.03%
02/01/2006,"6,785.48","6,785.48","6,785.48","6,785.48",,-1.88%
01/31/2006,"6,915.18","6,915.18","6,915.18","6,915.18",,-0.59%
01/30/2006,"6,956.21","6,956.21","6,956.21","6,956.21",,1.73%
01/27/2006,"6,837.72","6,837.72","6,837.72","6,837.72",,1.58%
01/26/2006,"6,731.42","6,731.42","6,731.42","6,731.42",,0.24%
01/25/2006,"6,714.99","6,714.99","6,714.99","6,714.99",,-1.32%
01/24/2006,"6,805.01","6,805.01","6,805.01","6,805.01",,-0.74%
01/23/2006,"6,855.92","6,855.92","6,855.92","6,855.92",,-0.89%
01/20/2006,"6,917.20","6,917.20","6,917.20","6,917.20",,1.86%
01/19/2006,"6,790.97","6,790.97","6,790.97","6,790.97",,1.31%
01/18/2006,"6,703.38","6,703.38","6,703.38","6,703.38",,-1.38%
01/17/2006,"6,796.94","6,796.94","6,796.94","6,796.94",,2.92%
01/13/2006,"6,603.96","6,603.96","6,603.96","6,603.96",,0.09%
01/12/2006,"6,597.79","6,597.79","6,597.79","6,597.79",,-0.24%
01/11/2006,"6,613.39","6,613.39","6,613.39","6,613.39",,-0.10%
01/10/2006,"6,619.88","6,619.88","6,619.88","6,619.88",,-0.43%
01/09/2006,"6,648.52","6,648.52","6,648.52","6,648.52",,-1.18%
01/06/2006,"6,728.18","6,728.18","6,728.18","6,728.18",,1.36%
01/05/2006,"6,638.18","6,638.18","6,638.18","6,638.18",,-1.46%
01/04/2006,"6,736.52","6,736.52","6,736.52","6,736.52",,0.10%
01/03/2006,"6,729.99","6,729.99","6,729.99","6,729.99",,1.54%
12/30/2005,"6,627.92","6,627.92","6,627.92","6,627.92",,1.08%
12/29/2005,"6,556.84","6,556.84","6,556.84","6,556.84",,0.10%
12/28/2005,"6,550.37","6,550.37","6,550.37","6,550.37",,2.35%
12/27/2005,"6,400.00","6,400.00","6,400.00","6,400.00",,-1.94%
12/23/2005,"6,526.71","6,526.71","6,526.71","6,526.71",,-0.74%
12/22/2005,"6,575.47","6,575.47","6,575.47","6,575.47",,-1.55%
12/21/2005,"6,678.78","6,678.78","6,678.78","6,678.78",,0.77%
12/20/2005,"6,627.61","6,627.61","6,627.61","6,627.61",,0.10%
12/19/2005,"6,620.69","6,620.69","6,620.69","6,620.69",,-0.53%
12/16/2005,"6,655.68","6,655.68","6,655.68","6,655.68",,-2.07%
12/15/2005,"6,796.21","6,796.21","6,796.21","6,796.21",,-1.87%
12/14/2005,"6,925.49","6,925.49","6,925.49","6,925.49",,-1.23%
12/13/2005,"7,011.47","7,011.47","7,011.47","7,011.47",,1.12%
12/12/2005,"6,933.81","6,933.81","6,933.81","6,933.81",,2.39%
12/09/2005,"6,771.96","6,771.96","6,771.96","6,771.96",,-1.89%
12/08/2005,"6,902.74","6,902.74","6,902.74","6,902.74",,3.15%
12/07/2005,"6,691.95","6,691.95","6,691.95","6,691.95",,-0.44%
12/06/2005,"6,721.19","6,721.19","6,721.19","6,721.19",,-0.58%
12/05/2005,"6,760.23","6,760.23","6,760.23","6,760.23",,0.47%
12/02/2005,"6,728.40","6,728.40","6,728.40","6,728.40",,2.09%
12/01/2005,"6,590.97","6,590.97","6,590.97","6,590.97",,2.30%
11/30/2005,"6,443.10","6,443.10","6,443.10","6,443.10",,2.01%
11/29/2005,"6,315.95","6,315.95","6,315.95","6,315.95",,-0.58%
11/28/2005,"6,352.57","6,352.57","6,352.57","6,352.57",,-1.52%
11/25/2005,"6,450.39","6,450.39","6,450.39","6,450.39",,-0.19%
11/23/2005,"6,462.91","6,462.91","6,462.91","6,462.91",,-0.60%
11/22/2005,"6,502.07","6,502.07","6,502.07","6,502.07",,1.28%
11/21/2005,"6,420.08","6,420.08","6,420.08","6,420.08",,0.27%
11/18/2005,"6,402.74","6,402.74","6,402.74","6,402.74",,-0.79%
11/17/2005,"6,454.03","6,454.03","6,454.03","6,454.03",,-1.54%
11/16/2005,"6,554.79","6,554.79","6,554.79","6,554.79",,1.77%
11/15/2005,"6,440.77","6,440.77","6,440.77","6,440.77",,-1.05%
11/14/2005,"6,509.44","6,509.44","6,509.44","6,509.44",,0.16%
11/11/2005,"6,498.78","6,498.78","6,498.78","6,498.78",,0.17%
11/10/2005,"6,487.70","6,487.70","6,487.70","6,487.70",,-1.73%
11/09/2005,"6,602.09","6,602.09","6,602.09","6,602.09",,-0.69%
11/08/2005,"6,647.89","6,647.89","6,647.89","6,647.89",,0.05%
11/07/2005,"6,644.72","6,644.72","6,644.72","6,644.72",,-0.64%
11/04/2005,"6,687.33","6,687.33","6,687.33","6,687.33",,-1.40%
11/03/2005,"6,781.96","6,781.96","6,781.96","6,781.96",,2.26%
11/02/2005,"6,632.28","6,632.28","6,632.28","6,632.28",,-0.61%
11/01/2005,"6,672.66","6,672.66","6,672.66","6,672.66",,-0.42%
10/31/2005,"6,700.94","6,700.94","6,700.94","6,700.94",,-2.75%
10/28/2005,"6,890.40","6,890.40","6,890.40","6,890.40",,-0.58%
10/27/2005,"6,930.36","6,930.36","6,930.36","6,930.36",,-0.27%
10/26/2005,"6,949.01","6,949.01","6,949.01","6,949.01",,-2.07%
10/25/2005,"7,095.73","7,095.73","7,095.73","7,095.73",,4.04%
10/24/2005,"6,819.95","6,819.95","6,819.95","6,819.95",,-0.64%
10/21/2005,"6,864.10","6,864.10","6,864.10","6,864.10",,0.26%
10/20/2005,"6,846.48","6,846.48","6,846.48","6,846.48",,-2.16%
10/19/2005,"6,997.76","6,997.76","6,997.76","6,997.76",,-0.94%
10/18/2005,"7,063.86","7,063.86","7,063.86","7,063.86",,-2.06%
10/17/2005,"7,212.70","7,212.70","7,212.70","7,212.70",,2.31%
10/14/2005,"7,049.58","7,049.58","7,049.58","7,049.58",,-0.98%
10/13/2005,"7,119.61","7,119.61","7,119.61","7,119.61",,-1.51%
10/12/2005,"7,228.97","7,228.97","7,228.97","7,228.97",,0.43%
10/11/2005,"7,198.09","7,198.09","7,198.09","7,198.09",,2.21%
10/10/2005,"7,042.55","7,042.55","7,042.55","7,042.55",,-0.32%
10/07/2005,"7,064.96","7,064.96","7,064.96","7,064.96",,0.22%
10/06/2005,"7,049.68","7,049.68","7,049.68","7,049.68",,-2.68%
10/05/2005,"7,243.72","7,243.72","7,243.72","7,243.72",,-1.24%
10/04/2005,"7,334.49","7,334.49","7,334.49","7,334.49",,-1.34%
10/03/2005,"7,433.84","7,433.84","7,433.84","7,433.84",,-0.52%
09/30/2005,"7,472.48","7,472.48","7,472.48","7,472.48",,-0.85%
09/29/2005,"7,536.69","7,536.69","7,536.69","7,536.69",,0.10%
09/28/2005,"7,529.42","7,529.42","7,529.42","7,529.42",,2.76%
09/27/2005,"7,327.23","7,327.23","7,327.23","7,327.23",,-0.32%
09/26/2005,"7,351.03","7,351.03","7,351.03","7,351.03",,2.57%
09/23/2005,"7,166.68","7,166.68","7,166.68","7,166.68",,-2.73%
09/22/2005,"7,367.45","7,367.45","7,367.45","7,367.45",,0.42%
09/21/2005,"7,336.37","7,336.37","7,336.37","7,336.37",,0.91%
09/20/2005,"7,270.14","7,270.14","7,270.14","7,270.14",,-1.59%
09/19/2005,"7,387.94","7,387.94","7,387.94","7,387.94",,6.79%
09/16/2005,"6,918.36","6,918.36","6,918.36","6,918.36",,-2.30%
09/15/2005,"7,081.34","7,081.34","7,081.34","7,081.34",,-0.43%
09/14/2005,"7,112.19","7,112.19","7,112.19","7,112.19",,2.47%
09/13/2005,"6,940.67","6,940.67","6,940.67","6,940.67",,-0.26%
09/12/2005,"6,958.55","6,958.55","6,958.55","6,958.55",,-1.76%
09/09/2005,"7,083.43","7,083.43","7,083.43","7,083.43",,-0.67%
09/08/2005,"7,130.85","7,130.85","7,130.85","7,130.85",,-0.05%
09/07/2005,"7,134.12","7,134.12","7,134.12","7,134.12",,-2.35%
09/06/2005,"7,305.83","7,305.83","7,305.83","7,305.83",,-1.59%
09/02/2005,"7,423.79","7,423.79","7,423.79","7,423.79",,-2.76%
09/01/2005,"7,634.13","7,634.13","7,634.13","7,634.13",,2.18%
08/31/2005,"7,471.14","7,471.14","7,471.14","7,471.14",,-0.51%
08/30/2005,"7,509.23","7,509.23","7,509.23","7,509.23",,4.23%
08/29/2005,"7,204.70","7,204.70","7,204.70","7,204.70",,2.93%
08/26/2005,"6,999.68","6,999.68","6,999.68","6,999.68",,-1.18%
08/25/2005,"7,083.39","7,083.39","7,083.39","7,083.39",,0.05%
08/24/2005,"7,079.96","7,079.96","7,079.96","7,079.96",,1.91%
08/23/2005,"6,947.36","6,947.36","6,947.36","6,947.36",,0.14%
08/22/2005,"6,937.54","6,937.54","6,937.54","6,937.54",,0.57%
08/19/2005,"6,898.41","6,898.41","6,898.41","6,898.41",,2.21%
08/18/2005,"6,749.10","6,749.10","6,749.10","6,749.10",,-0.81%
08/17/2005,"6,804.20","6,804.20","6,804.20","6,804.20",,-3.20%
08/16/2005,"7,029.08","7,029.08","7,029.08","7,029.08",,0.09%
08/15/2005,"7,022.47","7,022.47","7,022.47","7,022.47",,-0.68%
08/12/2005,"7,070.44","7,070.44","7,070.44","7,070.44",,0.74%
08/11/2005,"7,018.27","7,018.27","7,018.27","7,018.27",,1.57%
08/10/2005,"6,909.94","6,909.94","6,909.94","6,909.94",,2.63%
08/09/2005,"6,733.16","6,733.16","6,733.16","6,733.16",,-1.01%
08/08/2005,"6,802.10","6,802.10","6,802.10","6,802.10",,1.71%
08/05/2005,"6,688.05","6,688.05","6,688.05","6,688.05",,1.05%
08/04/2005,"6,618.36","6,618.36","6,618.36","6,618.36",,0.71%
08/03/2005,"6,571.64","6,571.64","6,571.64","6,571.64",,-1.18%
08/02/2005,"6,649.96","6,649.96","6,649.96","6,649.96",,0.78%
08/01/2005,"6,598.76","6,598.76","6,598.76","6,598.76",,1.70%
07/29/2005,"6,488.55","6,488.55","6,488.55","6,488.55",,0.82%
07/28/2005,"6,435.61","6,435.61","6,435.61","6,435.61",,1.13%
07/27/2005,"6,363.45","6,363.45","6,363.45","6,363.45",,0.38%
07/26/2005,"6,339.57","6,339.57","6,339.57","6,339.57",,0.48%
07/25/2005,"6,309.00","6,309.00","6,309.00","6,309.00",,0.18%
07/22/2005,"6,297.54","6,297.54","6,297.54","6,297.54",,1.82%
07/21/2005,"6,184.79","6,184.79","6,184.79","6,184.79",,-1.42%
07/20/2005,"6,274.11","6,274.11","6,274.11","6,274.11",,-0.72%
07/19/2005,"6,319.33","6,319.33","6,319.33","6,319.33",,-0.05%
07/18/2005,"6,322.24","6,322.24","6,322.24","6,322.24",,-1.15%
07/15/2005,"6,395.74","6,395.74","6,395.74","6,395.74",,0.49%
07/14/2005,"6,364.46","6,364.46","6,364.46","6,364.46",,-2.24%
07/13/2005,"6,510.18","6,510.18","6,510.18","6,510.18",,-0.65%
07/12/2005,"6,552.70","6,552.70","6,552.70","6,552.70",,2.31%
07/11/2005,"6,404.51","6,404.51","6,404.51","6,404.51",,-1.04%
07/08/2005,"6,471.73","6,471.73","6,471.73","6,471.73",,-1.28%
07/07/2005,"6,555.51","6,555.51","6,555.51","6,555.51",,-0.91%
07/06/2005,"6,615.46","6,615.46","6,615.46","6,615.46",,2.44%
07/05/2005,"6,457.63","6,457.63","6,457.63","6,457.63",,2.04%
07/01/2005,"6,328.25","6,328.25","6,328.25","6,328.25",,2.89%
06/30/2005,"6,150.56","6,150.56","6,150.56","6,150.56",,-0.81%
06/29/2005,"6,200.48","6,200.48","6,200.48","6,200.48",,-1.08%
06/28/2005,"6,268.29","6,268.29","6,268.29","6,268.29",,-2.78%
06/27/2005,"6,447.50","6,447.50","6,447.50","6,447.50",,0.42%
06/24/2005,"6,420.40","6,420.40","6,420.40","6,420.40",,0.24%
06/23/2005,"6,405.21","6,405.21","6,405.21","6,405.21",,1.52%
06/22/2005,"6,309.57","6,309.57","6,309.57","6,309.57",,-1.00%
06/21/2005,"6,373.02","6,373.02","6,373.02","6,373.02",,-1.30%
06/20/2005,"6,457.25","6,457.25","6,457.25","6,457.25",,0.91%
06/17/2005,"6,398.97","6,398.97","6,398.97","6,398.97",,2.09%
06/16/2005,"6,267.76","6,267.76","6,267.76","6,267.76",,1.18%
06/15/2005,"6,194.86","6,194.86","6,194.86","6,194.86",,0.83%
06/14/2005,"6,143.85","6,143.85","6,143.85","6,143.85",,-0.80%
06/13/2005,"6,193.52","6,193.52","6,193.52","6,193.52",,2.58%
06/10/2005,"6,037.78","6,037.78","6,037.78","6,037.78",,-1.16%
06/09/2005,"6,108.76","6,108.76","6,108.76","6,108.76",,2.25%
06/08/2005,"5,974.41","5,974.41","5,974.41","5,974.41",,-1.66%
06/07/2005,"6,075.37","6,075.37","6,075.37","6,075.37",,-0.84%
06/06/2005,"6,126.95","6,126.95","6,126.95","6,126.95",,0.08%
06/03/2005,"6,122.06","6,122.06","6,122.06","6,122.06",,2.06%
06/02/2005,"5,998.55","5,998.55","5,998.55","5,998.55",,-0.77%
06/01/2005,"6,044.82","6,044.82","6,044.82","6,044.82",,3.98%
05/31/2005,"5,813.64","5,813.64","5,813.64","5,813.64",,0.04%
05/27/2005,"5,811.14","5,811.14","5,811.14","5,811.14",,0.80%
05/26/2005,"5,765.27","5,765.27","5,765.27","5,765.27",,0.10%
05/25/2005,"5,759.80","5,759.80","5,759.80","5,759.80",,1.75%
05/24/2005,"5,660.74","5,660.74","5,660.74","5,660.74",,0.56%
05/23/2005,"5,629.04","5,629.04","5,629.04","5,629.04",,0.85%
05/20/2005,"5,581.71","5,581.71","5,581.71","5,581.71",,-0.16%
05/19/2005,"5,590.54","5,590.54","5,590.54","5,590.54",,-0.25%
05/18/2005,"5,604.41","5,604.41","5,604.41","5,604.41",,-1.40%
05/17/2005,"5,684.05","5,684.05","5,684.05","5,684.05",,0.84%
05/16/2005,"5,636.42","5,636.42","5,636.42","5,636.42",,-0.54%
05/13/2005,"5,667.29","5,667.29","5,667.29","5,667.29",,-0.44%
05/12/2005,"5,692.43","5,692.43","5,692.43","5,692.43",,-2.44%
05/11/2005,"5,834.87","5,834.87","5,834.87","5,834.87",,-1.84%
05/10/2005,"5,944.03","5,944.03","5,944.03","5,944.03",,0.62%
05/09/2005,"5,907.69","5,907.69","5,907.69","5,907.69",,0.82%
05/06/2005,"5,859.47","5,859.47","5,859.47","5,859.47",,-0.15%
05/05/2005,"5,868.04","5,868.04","5,868.04","5,868.04",,0.47%
05/04/2005,"5,840.87","5,840.87","5,840.87","5,840.87",,0.78%
05/03/2005,"5,795.56","5,795.56","5,795.56","5,795.56",,-2.02%
05/02/2005,"5,915.22","5,915.22","5,915.22","5,915.22",,1.00%
04/29/2005,"5,856.56","5,856.56","5,856.56","5,856.56",,-2.30%
04/28/2005,"5,994.21","5,994.21","5,994.21","5,994.21",,0.04%
04/27/2005,"5,991.87","5,991.87","5,991.87","5,991.87",,-3.35%
04/26/2005,"6,199.51","6,199.51","6,199.51","6,199.51",,-0.47%
04/25/2005,"6,228.90","6,228.90","6,228.90","6,228.90",,-0.65%
04/22/2005,"6,269.48","6,269.48","6,269.48","6,269.48",,1.41%
04/21/2005,"6,182.18","6,182.18","6,182.18","6,182.18",,0.32%
04/20/2005,"6,162.48","6,162.48","6,162.48","6,162.48",,0.93%
04/19/2005,"6,105.61","6,105.61","6,105.61","6,105.61",,3.13%
04/18/2005,"5,920.23","5,920.23","5,920.23","5,920.23",,-0.81%
04/15/2005,"5,968.65","5,968.65","5,968.65","5,968.65",,-0.97%
04/14/2005,"6,026.99","6,026.99","6,026.99","6,026.99",,0.89%
04/13/2005,"5,973.54","5,973.54","5,973.54","5,973.54",,-2.11%
04/12/2005,"6,102.51","6,102.51","6,102.51","6,102.51",,-1.74%
04/11/2005,"6,210.41","6,210.41","6,210.41","6,210.41",,0.49%
04/08/2005,"6,180.09","6,180.09","6,180.09","6,180.09",,-1.56%
04/07/2005,"6,278.19","6,278.19","6,278.19","6,278.19",,-2.37%
04/06/2005,"6,430.41","6,430.41","6,430.41","6,430.41",,-0.50%
04/05/2005,"6,462.87","6,462.87","6,462.87","6,462.87",,-1.17%
04/04/2005,"6,539.08","6,539.08","6,539.08","6,539.08",,-0.53%
04/01/2005,"6,573.73","6,573.73","6,573.73","6,573.73",,2.09%
03/31/2005,"6,439.38","6,439.38","6,439.38","6,439.38",,2.51%
03/30/2005,"6,281.79","6,281.79","6,281.79","6,281.79",,0.23%
03/29/2005,"6,267.26","6,267.26","6,267.26","6,267.26",,0.31%
03/28/2005,"6,247.73","6,247.73","6,247.73","6,247.73",,-0.66%
03/24/2005,"6,289.52","6,289.52","6,289.52","6,289.52",,0.88%
03/23/2005,"6,234.92","6,234.92","6,234.92","6,234.92",,-2.29%
03/22/2005,"6,381.24","6,381.24","6,381.24","6,381.24",,-1.22%
03/21/2005,"6,459.86","6,459.86","6,459.86","6,459.86",,-0.01%
03/18/2005,"6,460.28","6,460.28","6,460.28","6,460.28",,0.12%
03/17/2005,"6,452.41","6,452.41","6,452.41","6,452.41",,-0.04%
03/16/2005,"6,454.76","6,454.76","6,454.76","6,454.76",,1.70%
03/15/2005,"6,346.98","6,346.98","6,346.98","6,346.98",,0.68%
03/14/2005,"6,304.30","6,304.30","6,304.30","6,304.30",,0.58%
03/11/2005,"6,268.18","6,268.18","6,268.18","6,268.18",,1.26%
03/10/2005,"6,189.89","6,189.89","6,189.89","6,189.89",,-1.36%
03/09/2005,"6,275.28","6,275.28","6,275.28","6,275.28",,0.51%
03/08/2005,"6,243.46","6,243.46","6,243.46","6,243.46",,1.63%
03/07/2005,"6,143.49","6,143.49","6,143.49","6,143.49",,0.00%
03/04/2005,"6,143.63","6,143.63","6,143.63","6,143.63",,0.09%
03/03/2005,"6,138.33","6,138.33","6,138.33","6,138.33",,0.75%
03/02/2005,"6,092.65","6,092.65","6,092.65","6,092.65",,1.98%
03/01/2005,"5,974.31","5,974.31","5,974.31","5,974.31",,-0.21%
02/28/2005,"5,986.82","5,986.82","5,986.82","5,986.82",,0.86%
02/25/2005,"5,936.05","5,936.05","5,936.05","5,936.05",,0.67%
02/24/2005,"5,896.74","5,896.74","5,896.74","5,896.74",,0.17%
02/23/2005,"5,886.82","5,886.82","5,886.82","5,886.82",,0.40%
02/22/2005,"5,863.41","5,863.41","5,863.41","5,863.41",,4.23%
02/18/2005,"5,625.30","5,625.30","5,625.30","5,625.30",,0.97%
02/17/2005,"5,571.23","5,571.23","5,571.23","5,571.23",,-0.80%
02/16/2005,"5,616.33","5,616.33","5,616.33","5,616.33",,1.09%
02/15/2005,"5,555.66","5,555.66","5,555.66","5,555.66",,0.06%
02/14/2005,"5,552.09","5,552.09","5,552.09","5,552.09",,0.33%
02/11/2005,"5,533.72","5,533.72","5,533.72","5,533.72",,-0.07%
02/10/2005,"5,537.75","5,537.75","5,537.75","5,537.75",,2.54%
02/09/2005,"5,400.72","5,400.72","5,400.72","5,400.72",,0.36%
02/08/2005,"5,381.61","5,381.61","5,381.61","5,381.61",,0.51%
02/07/2005,"5,354.46","5,354.46","5,354.46","5,354.46",,-1.72%
02/04/2005,"5,448.19","5,448.19","5,448.19","5,448.19",,-0.17%
02/03/2005,"5,457.21","5,457.21","5,457.21","5,457.21",,-0.90%
02/02/2005,"5,506.54","5,506.54","5,506.54","5,506.54",,-0.91%
02/01/2005,"5,557.08","5,557.08","5,557.08","5,557.08",,-1.40%
01/31/2005,"5,635.92","5,635.92","5,635.92","5,635.92",,1.39%
01/28/2005,"5,558.48","5,558.48","5,558.48","5,558.48",,-2.32%
01/27/2005,"5,690.65","5,690.65","5,690.65","5,690.65",,-0.39%
01/26/2005,"5,712.79","5,712.79","5,712.79","5,712.79",,-0.60%
01/25/2005,"5,747.46","5,747.46","5,747.46","5,747.46",,1.15%
01/24/2005,"5,681.93","5,681.93","5,681.93","5,681.93",,0.75%
01/21/2005,"5,639.90","5,639.90","5,639.90","5,639.90",,1.77%
01/20/2005,"5,541.55","5,541.55","5,541.55","5,541.55",,-0.62%
01/19/2005,"5,576.15","5,576.15","5,576.15","5,576.15",,-0.31%
01/18/2005,"5,593.59","5,593.59","5,593.59","5,593.59",,-0.33%
01/14/2005,"5,612.08","5,612.08","5,612.08","5,612.08",,0.03%
01/13/2005,"5,610.52","5,610.52","5,610.52","5,610.52",,3.11%
01/12/2005,"5,441.54","5,441.54","5,441.54","5,441.54",,0.33%
01/11/2005,"5,423.67","5,423.67","5,423.67","5,423.67",,0.38%
01/10/2005,"5,403.23","5,403.23","5,403.23","5,403.23",,0.30%
01/07/2005,"5,386.83","5,386.83","5,386.83","5,386.83",,-0.16%
01/06/2005,"5,395.42","5,395.42","5,395.42","5,395.42",,3.58%
01/05/2005,"5,208.85","5,208.85","5,208.85","5,208.85",,-0.82%
01/04/2005,"5,251.96","5,251.96","5,251.96","5,251.96",,1.52%
01/03/2005,"5,173.25","5,173.25","5,173.25","5,173.25",,-2.00%
12/31/2004,"5,278.98","5,278.98","5,278.98","5,278.98",,-0.06%
12/30/2004,"5,281.95","5,281.95","5,281.95","5,281.95",,-0.01%
12/29/2004,"5,282.59","5,282.59","5,282.59","5,282.59",,1.29%
12/28/2004,"5,215.49","5,215.49","5,215.49","5,215.49",,0.55%
12/27/2004,"5,187.06","5,187.06","5,187.06","5,187.06",,-4.08%
12/23/2004,"5,407.90","5,407.90","5,407.90","5,407.90",,-0.36%
12/22/2004,"5,427.46","5,427.46","5,427.46","5,427.46",,-2.10%
12/21/2004,"5,543.69","5,543.69","5,543.69","5,543.69",,-0.07%
12/20/2004,"5,547.40","5,547.40","5,547.40","5,547.40",,-1.80%
12/17/2004,"5,648.81","5,648.81","5,648.81","5,648.81",,3.77%
12/16/2004,"5,443.50","5,443.50","5,443.50","5,443.50",,-0.93%
12/15/2004,"5,494.38","5,494.38","5,494.38","5,494.38",,3.42%
12/14/2004,"5,312.75","5,312.75","5,312.75","5,312.75",,1.12%
12/13/2004,"5,253.96","5,253.96","5,253.96","5,253.96",,1.73%
12/10/2004,"5,164.70","5,164.70","5,164.70","5,164.70",,-2.54%
12/09/2004,"5,299.33","5,299.33","5,299.33","5,299.33",,1.46%
12/08/2004,"5,222.84","5,222.84","5,222.84","5,222.84",,0.69%
12/07/2004,"5,186.98","5,186.98","5,186.98","5,186.98",,-2.75%
12/06/2004,"5,333.54","5,333.54","5,333.54","5,333.54",,0.77%
12/03/2004,"5,292.87","5,292.87","5,292.87","5,292.87",,-0.87%
12/02/2004,"5,339.15","5,339.15","5,339.15","5,339.15",,-4.53%
12/01/2004,"5,592.74","5,592.74","5,592.74","5,592.74",,-4.64%
11/30/2004,"5,864.79","5,864.79","5,864.79","5,864.79",,-1.33%
11/29/2004,"5,943.67","5,943.67","5,943.67","5,943.67",,-0.63%
11/26/2004,"5,981.56","5,981.56","5,981.56","5,981.56",,-0.18%
11/24/2004,"5,992.23","5,992.23","5,992.23","5,992.23",,2.06%
11/23/2004,"5,871.00","5,871.00","5,871.00","5,871.00",,0.68%
11/22/2004,"5,831.47","5,831.47","5,831.47","5,831.47",,-1.03%
11/19/2004,"5,892.06","5,892.06","5,892.06","5,892.06",,3.07%
11/18/2004,"5,716.52","5,716.52","5,716.52","5,716.52",,-1.03%
11/17/2004,"5,775.81","5,775.81","5,775.81","5,775.81",,2.14%
11/16/2004,"5,654.95","5,654.95","5,654.95","5,654.95",,-1.19%
11/15/2004,"5,722.89","5,722.89","5,722.89","5,722.89",,-0.28%
11/12/2004,"5,738.77","5,738.77","5,738.77","5,738.77",,-0.21%
11/11/2004,"5,751.09","5,751.09","5,751.09","5,751.09",,-2.16%
11/10/2004,"5,877.77","5,877.77","5,877.77","5,877.77",,2.34%
11/09/2004,"5,743.48","5,743.48","5,743.48","5,743.48",,-2.11%
11/08/2004,"5,867.02","5,867.02","5,867.02","5,867.02",,-0.92%
11/05/2004,"5,921.54","5,921.54","5,921.54","5,921.54",,0.33%
11/04/2004,"5,901.89","5,901.89","5,901.89","5,901.89",,-2.89%
11/03/2004,"6,077.73","6,077.73","6,077.73","6,077.73",,1.81%
11/02/2004,"5,969.87","5,969.87","5,969.87","5,969.87",,-0.83%
11/01/2004,"6,019.88","6,019.88","6,019.88","6,019.88",,-2.32%
10/29/2004,"6,162.91","6,162.91","6,162.91","6,162.91",,0.80%
10/28/2004,"6,114.29","6,114.29","6,114.29","6,114.29",,-1.94%
10/27/2004,"6,235.25","6,235.25","6,235.25","6,235.25",,-3.68%
10/26/2004,"6,473.32","6,473.32","6,473.32","6,473.32",,1.57%
10/25/2004,"6,372.98","6,372.98","6,372.98","6,372.98",,-0.96%
10/22/2004,"6,434.97","6,434.97","6,434.97","6,434.97",,1.07%
10/21/2004,"6,366.64","6,366.64","6,366.64","6,366.64",,0.48%
10/20/2004,"6,336.23","6,336.23","6,336.23","6,336.23",,2.40%
10/19/2004,"6,187.83","6,187.83","6,187.83","6,187.83",,0.43%
10/18/2004,"6,161.21","6,161.21","6,161.21","6,161.21",,-1.59%
10/15/2004,"6,260.63","6,260.63","6,260.63","6,260.63",,0.07%
10/14/2004,"6,256.50","6,256.50","6,256.50","6,256.50",,1.19%
10/13/2004,"6,183.17","6,183.17","6,183.17","6,183.17",,0.74%
10/12/2004,"6,137.72","6,137.72","6,137.72","6,137.72",,-1.71%
10/11/2004,"6,244.42","6,244.42","6,244.42","6,244.42",,0.36%
10/08/2004,"6,221.76","6,221.76","6,221.76","6,221.76",,0.95%
10/07/2004,"6,162.95","6,162.95","6,162.95","6,162.95",,1.09%
10/06/2004,"6,096.62","6,096.62","6,096.62","6,096.62",,1.02%
10/05/2004,"6,035.04","6,035.04","6,035.04","6,035.04",,2.13%
10/04/2004,"5,909.24","5,909.24","5,909.24","5,909.24",,-0.60%
10/01/2004,"5,945.20","5,945.20","5,945.20","5,945.20",,0.47%
09/30/2004,"5,917.43","5,917.43","5,917.43","5,917.43",,0.14%
09/29/2004,"5,909.44","5,909.44","5,909.44","5,909.44",,0.62%
09/28/2004,"5,872.92","5,872.92","5,872.92","5,872.92",,0.92%
09/27/2004,"5,819.26","5,819.26","5,819.26","5,819.26",,0.77%
09/24/2004,"5,774.95","5,774.95","5,774.95","5,774.95",,-0.15%
09/23/2004,"5,783.54","5,783.54","5,783.54","5,783.54",,0.20%
09/22/2004,"5,772.05","5,772.05","5,772.05","5,772.05",,2.16%
09/21/2004,"5,649.91","5,649.91","5,649.91","5,649.91",,1.96%
09/20/2004,"5,541.13","5,541.13","5,541.13","5,541.13",,0.78%
09/17/2004,"5,498.38","5,498.38","5,498.38","5,498.38",,2.63%
09/16/2004,"5,357.25","5,357.25","5,357.25","5,357.25",,0.27%
09/15/2004,"5,342.60","5,342.60","5,342.60","5,342.60",,-1.33%
09/14/2004,"5,414.65","5,414.65","5,414.65","5,414.65",,0.84%
09/13/2004,"5,369.48","5,369.48","5,369.48","5,369.48",,2.01%
09/10/2004,"5,263.94","5,263.94","5,263.94","5,263.94",,-2.52%
09/09/2004,"5,400.15","5,400.15","5,400.15","5,400.15",,2.81%
09/08/2004,"5,252.34","5,252.34","5,252.34","5,252.34",,-0.69%
09/07/2004,"5,289.01","5,289.01","5,289.01","5,289.01",,-0.86%
09/03/2004,"5,335.02","5,335.02","5,335.02","5,335.02",,-0.80%
09/02/2004,"5,378.23","5,378.23","5,378.23","5,378.23",,-0.41%
09/01/2004,"5,400.46","5,400.46","5,400.46","5,400.46",,2.78%
08/31/2004,"5,254.62","5,254.62","5,254.62","5,254.62",,-0.51%
08/30/2004,"5,281.35","5,281.35","5,281.35","5,281.35",,-0.49%
08/27/2004,"5,307.56","5,307.56","5,307.56","5,307.56",,-0.17%
08/26/2004,"5,316.45","5,316.45","5,316.45","5,316.45",,-1.06%
08/25/2004,"5,373.50","5,373.50","5,373.50","5,373.50",,-2.68%
08/24/2004,"5,521.61","5,521.61","5,521.61","5,521.61",,-1.30%
08/23/2004,"5,594.52","5,594.52","5,594.52","5,594.52",,-1.11%
08/20/2004,"5,657.57","5,657.57","5,657.57","5,657.57",,-1.13%
08/19/2004,"5,722.21","5,722.21","5,722.21","5,722.21",,2.13%
08/18/2004,"5,602.60","5,602.60","5,602.60","5,602.60",,-0.01%
08/17/2004,"5,603.13","5,603.13","5,603.13","5,603.13",,0.83%
08/16/2004,"5,556.97","5,556.97","5,556.97","5,556.97",,-0.77%
08/13/2004,"5,600.03","5,600.03","5,600.03","5,600.03",,1.97%
08/12/2004,"5,491.79","5,491.79","5,491.79","5,491.79",,0.79%
08/11/2004,"5,448.82","5,448.82","5,448.82","5,448.82",,-0.22%
08/10/2004,"5,460.92","5,460.92","5,460.92","5,460.92",,-0.52%
08/09/2004,"5,489.31","5,489.31","5,489.31","5,489.31",,1.31%
08/06/2004,"5,418.38","5,418.38","5,418.38","5,418.38",,-0.95%
08/05/2004,"5,470.42","5,470.42","5,470.42","5,470.42",,2.26%
08/04/2004,"5,349.59","5,349.59","5,349.59","5,349.59",,-2.14%
08/03/2004,"5,466.77","5,466.77","5,466.77","5,466.77",,0.48%
08/02/2004,"5,440.56","5,440.56","5,440.56","5,440.56",,-0.48%
07/30/2004,"5,466.90","5,466.90","5,466.90","5,466.90",,1.13%
07/29/2004,"5,405.81","5,405.81","5,405.81","5,405.81",,-0.29%
07/28/2004,"5,421.54","5,421.54","5,421.54","5,421.54",,1.70%
07/27/2004,"5,331.12","5,331.12","5,331.12","5,331.12",,0.43%
07/26/2004,"5,308.39","5,308.39","5,308.39","5,308.39",,-0.86%
07/23/2004,"5,354.29","5,354.29","5,354.29","5,354.29",,0.48%
07/22/2004,"5,328.97","5,328.97","5,328.97","5,328.97",,1.68%
07/21/2004,"5,240.78","5,240.78","5,240.78","5,240.78",,-0.12%
07/20/2004,"5,247.11","5,247.11","5,247.11","5,247.11",,-1.54%
07/19/2004,"5,329.23","5,329.23","5,329.23","5,329.23",,0.04%
07/16/2004,"5,327.00","5,327.00","5,327.00","5,327.00",,0.38%
07/15/2004,"5,306.91","5,306.91","5,306.91","5,306.91",,-0.75%
07/14/2004,"5,346.98","5,346.98","5,346.98","5,346.98",,2.51%
07/13/2004,"5,215.95","5,215.95","5,215.95","5,215.95",,-0.50%
07/12/2004,"5,242.02","5,242.02","5,242.02","5,242.02",,-1.10%
07/09/2004,"5,300.51","5,300.51","5,300.51","5,300.51",,-0.71%
07/08/2004,"5,338.45","5,338.45","5,338.45","5,338.45",,1.11%
07/07/2004,"5,279.79","5,279.79","5,279.79","5,279.79",,-0.67%
07/06/2004,"5,315.32","5,315.32","5,315.32","5,315.32",,2.31%
07/02/2004,"5,195.39","5,195.39","5,195.39","5,195.39",,-0.35%
07/01/2004,"5,213.59","5,213.59","5,213.59","5,213.59",,2.76%
06/30/2004,"5,073.56","5,073.56","5,073.56","5,073.56",,2.15%
06/29/2004,"4,966.77","4,966.77","4,966.77","4,966.77",,-1.08%
06/28/2004,"5,020.95","5,020.95","5,020.95","5,020.95",,-2.84%
06/25/2004,"5,167.70","5,167.70","5,167.70","5,167.70",,-0.74%
06/24/2004,"5,206.09","5,206.09","5,206.09","5,206.09",,1.00%
06/23/2004,"5,154.53","5,154.53","5,154.53","5,154.53",,-0.37%
06/22/2004,"5,173.89","5,173.89","5,173.89","5,173.89",,0.54%
06/21/2004,"5,146.00","5,146.00","5,146.00","5,146.00",,-1.86%
06/18/2004,"5,243.60","5,243.60","5,243.60","5,243.60",,0.07%
06/17/2004,"5,239.90","5,239.90","5,239.90","5,239.90",,2.29%
06/16/2004,"5,122.71","5,122.71","5,122.71","5,122.71",,0.76%
06/15/2004,"5,083.89","5,083.89","5,083.89","5,083.89",,-0.77%
06/14/2004,"5,123.20","5,123.20","5,123.20","5,123.20",,-0.94%
06/10/2004,"5,172.03","5,172.03","5,172.03","5,172.03",,0.97%
06/09/2004,"5,122.35","5,122.35","5,122.35","5,122.35",,0.20%
06/08/2004,"5,112.22","5,112.22","5,112.22","5,112.22",,-2.07%
06/07/2004,"5,220.05","5,220.05","5,220.05","5,220.05",,0.30%
06/04/2004,"5,204.18","5,204.18","5,204.18","5,204.18",,-1.36%
06/03/2004,"5,276.09","5,276.09","5,276.09","5,276.09",,-1.75%
06/02/2004,"5,369.80","5,369.80","5,369.80","5,369.80",,-3.68%
06/01/2004,"5,575.02","5,575.02","5,575.02","5,575.02",,4.72%
05/28/2004,"5,323.78","5,323.78","5,323.78","5,323.78",,0.45%
05/27/2004,"5,300.05","5,300.05","5,300.05","5,300.05",,-2.04%
05/26/2004,"5,410.29","5,410.29","5,410.29","5,410.29",,-0.50%
05/25/2004,"5,437.54","5,437.54","5,437.54","5,437.54",,-0.96%
05/24/2004,"5,490.40","5,490.40","5,490.40","5,490.40",,3.57%
05/21/2004,"5,301.08","5,301.08","5,301.08","5,301.08",,-1.18%
05/20/2004,"5,364.34","5,364.34","5,364.34","5,364.34",,-1.51%
05/19/2004,"5,446.43","5,446.43","5,446.43","5,446.43",,2.78%
05/18/2004,"5,299.09","5,299.09","5,299.09","5,299.09",,-1.80%
05/17/2004,"5,396.11","5,396.11","5,396.11","5,396.11",,0.01%
05/14/2004,"5,395.74","5,395.74","5,395.74","5,395.74",,-0.15%
05/13/2004,"5,403.67","5,403.67","5,403.67","5,403.67",,0.52%
05/12/2004,"5,375.81","5,375.81","5,375.81","5,375.81",,1.03%
05/11/2004,"5,321.15","5,321.15","5,321.15","5,321.15",,1.98%
05/10/2004,"5,217.67","5,217.67","5,217.67","5,217.67",,-2.42%
05/07/2004,"5,347.08","5,347.08","5,347.08","5,347.08",,0.87%
05/06/2004,"5,300.89","5,300.89","5,300.89","5,300.89",,-0.55%
05/05/2004,"5,330.26","5,330.26","5,330.26","5,330.26",,0.80%
05/04/2004,"5,288.17","5,288.17","5,288.17","5,288.17",,2.01%
05/03/2004,"5,184.13","5,184.13","5,184.13","5,184.13",,1.88%
04/30/2004,"5,088.35","5,088.35","5,088.35","5,088.35",,0.27%
04/29/2004,"5,074.50","5,074.50","5,074.50","5,074.50",,0.25%
04/28/2004,"5,061.86","5,061.86","5,061.86","5,061.86",,-0.40%
04/27/2004,"5,082.42","5,082.42","5,082.42","5,082.42",,1.52%
04/26/2004,"5,006.28","5,006.28","5,006.28","5,006.28",,1.31%
04/23/2004,"4,941.59","4,941.59","4,941.59","4,941.59",,-0.58%
04/22/2004,"4,970.45","4,970.45","4,970.45","4,970.45",,1.61%
04/21/2004,"4,891.73","4,891.73","4,891.73","4,891.73",,-1.91%
04/20/2004,"4,987.04","4,987.04","4,987.04","4,987.04",,-0.49%
04/19/2004,"5,011.70","5,011.70","5,011.70","5,011.70",,-0.44%
04/16/2004,"5,033.65","5,033.65","5,033.65","5,033.65",,-0.19%
04/15/2004,"5,043.10","5,043.10","5,043.10","5,043.10",,0.39%
04/14/2004,"5,023.75","5,023.75","5,023.75","5,023.75",,0.25%
04/13/2004,"5,011.14","5,011.14","5,011.14","5,011.14",,-1.67%
04/12/2004,"5,096.45","5,096.45","5,096.45","5,096.45",,0.68%
04/08/2004,"5,061.88","5,061.88","5,061.88","5,061.88",,1.53%
04/07/2004,"4,985.51","4,985.51","4,985.51","4,985.51",,2.00%
04/06/2004,"4,887.57","4,887.57","4,887.57","4,887.57",,1.22%
04/05/2004,"4,828.79","4,828.79","4,828.79","4,828.79",,-0.32%
04/02/2004,"4,844.51","4,844.51","4,844.51","4,844.51",,-0.28%
04/01/2004,"4,858.13","4,858.13","4,858.13","4,858.13",,-1.89%
03/31/2004,"4,951.78","4,951.78","4,951.78","4,951.78",,-0.43%
03/30/2004,"4,973.07","4,973.07","4,973.07","4,973.07",,2.33%
03/29/2004,"4,860.06","4,860.06","4,860.06","4,860.06",,-0.41%
03/26/2004,"4,879.91","4,879.91","4,879.91","4,879.91",,0.53%
03/25/2004,"4,854.13","4,854.13","4,854.13","4,854.13",,-2.53%
03/24/2004,"4,980.06","4,980.06","4,980.06","4,980.06",,-0.85%
03/23/2004,"5,022.87","5,022.87","5,022.87","5,022.87",,0.41%
03/22/2004,"5,002.14","5,002.14","5,002.14","5,002.14",,-0.42%
03/19/2004,"5,023.36","5,023.36","5,023.36","5,023.36",,0.04%
03/18/2004,"5,021.36","5,021.36","5,021.36","5,021.36",,-0.23%
03/17/2004,"5,032.86","5,032.86","5,032.86","5,032.86",,1.79%
03/16/2004,"4,944.51","4,944.51","4,944.51","4,944.51",,0.17%
03/15/2004,"4,936.00","4,936.00","4,936.00","4,936.00",,2.55%
03/12/2004,"4,813.36","4,813.36","4,813.36","4,813.36",,-1.10%
03/11/2004,"4,866.71","4,866.71","4,866.71","4,866.71",,2.11%
03/10/2004,"4,766.08","4,766.08","4,766.08","4,766.08",,-0.28%
03/09/2004,"4,779.44","4,779.44","4,779.44","4,779.44",,-0.45%
03/08/2004,"4,800.85","4,800.85","4,800.85","4,800.85",,-1.70%
03/05/2004,"4,883.84","4,883.84","4,883.84","4,883.84",,0.91%
03/04/2004,"4,839.93","4,839.93","4,839.93","4,839.93",,1.29%
03/03/2004,"4,778.16","4,778.16","4,778.16","4,778.16",,-2.37%
03/02/2004,"4,894.27","4,894.27","4,894.27","4,894.27",,-0.72%
03/01/2004,"4,929.98","4,929.98","4,929.98","4,929.98",,1.56%
02/27/2004,"4,854.23","4,854.23","4,854.23","4,854.23",,1.08%
02/26/2004,"4,802.51","4,802.51","4,802.51","4,802.51",,0.51%
02/25/2004,"4,778.29","4,778.29","4,778.29","4,778.29",,1.98%
02/24/2004,"4,685.73","4,685.73","4,685.73","4,685.73",,0.68%
02/23/2004,"4,654.13","4,654.13","4,654.13","4,654.13",,0.38%
02/20/2004,"4,636.61","4,636.61","4,636.61","4,636.61",,-0.97%
02/19/2004,"4,681.90","4,681.90","4,681.90","4,681.90",,0.19%
02/18/2004,"4,673.00","4,673.00","4,673.00","4,673.00",,-0.54%
02/17/2004,"4,698.23","4,698.23","4,698.23","4,698.23",,0.87%
02/13/2004,"4,657.85","4,657.85","4,657.85","4,657.85",,1.18%
02/12/2004,"4,603.75","4,603.75","4,603.75","4,603.75",,0.58%
02/11/2004,"4,577.10","4,577.10","4,577.10","4,577.10",,0.31%
02/10/2004,"4,562.89","4,562.89","4,562.89","4,562.89",,1.54%
02/09/2004,"4,493.52","4,493.52","4,493.52","4,493.52",,0.72%
02/06/2004,"4,461.23","4,461.23","4,461.23","4,461.23",,-1.07%
02/05/2004,"4,509.67","4,509.67","4,509.67","4,509.67",,0.00%
02/04/2004,"4,509.78","4,509.78","4,509.78","4,509.78",,-1.62%
02/03/2004,"4,583.89","4,583.89","4,583.89","4,583.89",,-1.03%
02/02/2004,"4,631.38","4,631.38","4,631.38","4,631.38",,2.49%
01/30/2004,"4,518.91","4,518.91","4,518.91","4,518.91",,0.16%
01/29/2004,"4,511.56","4,511.56","4,511.56","4,511.56",,-1.55%
01/28/2004,"4,582.72","4,582.72","4,582.72","4,582.72",,-0.92%
01/27/2004,"4,625.30","4,625.30","4,625.30","4,625.30",,-0.63%
01/26/2004,"4,654.70","4,654.70","4,654.70","4,654.70",,-1.69%
01/23/2004,"4,734.69","4,734.69","4,734.69","4,734.69",,-0.01%
01/22/2004,"4,735.18","4,735.18","4,735.18","4,735.18",,-0.29%
01/21/2004,"4,748.74","4,748.74","4,748.74","4,748.74",,-0.49%
01/20/2004,"4,772.31","4,772.31","4,772.31","4,772.31",,2.33%
01/16/2004,"4,663.71","4,663.71","4,663.71","4,663.71",,2.89%
01/15/2004,"4,532.78","4,532.78","4,532.78","4,532.78",,-3.36%
01/14/2004,"4,690.52","4,690.52","4,690.52","4,690.52",,-0.25%
01/13/2004,"4,702.45","4,702.45","4,702.45","4,702.45",,-1.72%
01/12/2004,"4,784.62","4,784.62","4,784.62","4,784.62",,-0.04%
01/09/2004,"4,786.45","4,786.45","4,786.45","4,786.45",,1.14%
01/08/2004,"4,732.33","4,732.33","4,732.33","4,732.33",,1.26%
01/07/2004,"4,673.37","4,673.37","4,673.37","4,673.37",,-0.65%
01/06/2004,"4,703.80","4,703.80","4,703.80","4,703.80",,0.14%
01/05/2004,"4,697.17","4,697.17","4,697.17","4,697.17",,3.90%
01/02/2004,"4,520.70","4,520.70","4,520.70","4,520.70",,0.43%
12/31/2003,"4,501.27","4,501.27","4,501.27","4,501.27",,-0.93%
12/30/2003,"4,543.62","4,543.62","4,543.62","4,543.62",,1.39%
12/29/2003,"4,481.49","4,481.49","4,481.49","4,481.49",,-0.77%
12/26/2003,"4,516.21","4,516.21","4,516.21","4,516.21",,0.14%
12/24/2003,"4,510.05","4,510.05","4,510.05","4,510.05",,1.12%
12/23/2003,"4,460.11","4,460.11","4,460.11","4,460.11",,-0.33%
12/22/2003,"4,474.69","4,474.69","4,474.69","4,474.69",,-3.43%
12/19/2003,"4,633.47","4,633.47","4,633.47","4,633.47",,-1.25%
12/18/2003,"4,692.34","4,692.34","4,692.34","4,692.34",,0.86%
12/17/2003,"4,652.27","4,652.27","4,652.27","4,652.27",,1.36%
12/16/2003,"4,589.79","4,589.79","4,589.79","4,589.79",,-0.76%
12/15/2003,"4,625.02","4,625.02","4,625.02","4,625.02",,0.01%
12/12/2003,"4,624.69","4,624.69","4,624.69","4,624.69",,3.04%
12/11/2003,"4,488.13","4,488.13","4,488.13","4,488.13",,-0.46%
12/10/2003,"4,508.75","4,508.75","4,508.75","4,508.75",,-0.10%
12/09/2003,"4,513.31","4,513.31","4,513.31","4,513.31",,-1.02%
12/08/2003,"4,559.77","4,559.77","4,559.77","4,559.77",,3.92%
12/05/2003,"4,387.97","4,387.97","4,387.97","4,387.97",,-1.37%
12/04/2003,"4,448.71","4,448.71","4,448.71","4,448.71",,1.21%
12/03/2003,"4,395.41","4,395.41","4,395.41","4,395.41",,0.97%
12/02/2003,"4,353.05","4,353.05","4,353.05","4,353.05",,2.26%
12/01/2003,"4,256.77","4,256.77","4,256.77","4,256.77",,0.47%
11/28/2003,"4,236.69","4,236.69","4,236.69","4,236.69",,0.48%
11/26/2003,"4,216.43","4,216.43","4,216.43","4,216.43",,1.12%
11/25/2003,"4,169.84","4,169.84","4,169.84","4,169.84",,0.26%
11/24/2003,"4,159.09","4,159.09","4,159.09","4,159.09",,-3.21%
11/21/2003,"4,296.96","4,296.96","4,296.96","4,296.96",,-0.25%
11/20/2003,"4,307.70","4,307.70","4,307.70","4,307.70",,-0.64%
11/19/2003,"4,335.47","4,335.47","4,335.47","4,335.47",,-1.80%
11/18/2003,"4,415.05","4,415.05","4,415.05","4,415.05",,2.45%
11/17/2003,"4,309.39","4,309.39","4,309.39","4,309.39",,-1.89%
11/14/2003,"4,392.29","4,392.29","4,392.29","4,392.29",,1.46%
11/13/2003,"4,329.23","4,329.23","4,329.23","4,329.23",,1.07%
11/12/2003,"4,283.44","4,283.44","4,283.44","4,283.44",,0.11%
11/11/2003,"4,278.95","4,278.95","4,278.95","4,278.95",,0.95%
11/10/2003,"4,238.73","4,238.73","4,238.73","4,238.73",,0.07%
11/07/2003,"4,235.89","4,235.89","4,235.89","4,235.89",,1.30%
11/06/2003,"4,181.50","4,181.50","4,181.50","4,181.50",,-0.85%
11/05/2003,"4,217.43","4,217.43","4,217.43","4,217.43",,3.61%
11/04/2003,"4,070.30","4,070.30","4,070.30","4,070.30",,-0.28%
11/03/2003,"4,081.73","4,081.73","4,081.73","4,081.73",,-1.19%
10/31/2003,"4,130.98","4,130.98","4,130.98","4,130.98",,1.58%
10/30/2003,"4,066.89","4,066.89","4,066.89","4,066.89",,-1.53%
10/29/2003,"4,130.25","4,130.25","4,130.25","4,130.25",,-0.47%
10/28/2003,"4,149.57","4,149.57","4,149.57","4,149.57",,-0.39%
10/27/2003,"4,166.01","4,166.01","4,166.01","4,166.01",,-0.81%
10/24/2003,"4,200.20","4,200.20","4,200.20","4,200.20",,-0.30%
10/23/2003,"4,212.85","4,212.85","4,212.85","4,212.85",,1.15%
10/22/2003,"4,164.94","4,164.94","4,164.94","4,164.94",,-0.33%
10/21/2003,"4,178.90","4,178.90","4,178.90","4,178.90",,0.13%
10/20/2003,"4,173.49","4,173.49","4,173.49","4,173.49",,-0.98%
10/17/2003,"4,214.67","4,214.67","4,214.67","4,214.67",,-2.45%
10/16/2003,"4,320.70","4,320.70","4,320.70","4,320.70",,-0.64%
10/15/2003,"4,348.70","4,348.70","4,348.70","4,348.70",,-0.10%
10/14/2003,"4,353.08","4,353.08","4,353.08","4,353.08",,-0.59%
10/13/2003,"4,378.77","4,378.77","4,378.77","4,378.77",,0.13%
10/10/2003,"4,373.25","4,373.25","4,373.25","4,373.25",,2.22%
10/09/2003,"4,278.38","4,278.38","4,278.38","4,278.38",,3.29%
10/08/2003,"4,142.11","4,142.11","4,142.11","4,142.11",,-0.66%
10/07/2003,"4,169.63","4,169.63","4,169.63","4,169.63",,0.68%
10/06/2003,"4,141.63","4,141.63","4,141.63","4,141.63",,0.26%
10/03/2003,"4,130.94","4,130.94","4,130.94","4,130.94",,1.01%
10/02/2003,"4,089.68","4,089.68","4,089.68","4,089.68",,0.89%
10/01/2003,"4,053.64","4,053.64","4,053.64","4,053.64",,0.28%
09/30/2003,"4,042.42","4,042.42","4,042.42","4,042.42",,1.40%
09/29/2003,"3,986.65","3,986.65","3,986.65","3,986.65",,1.16%
09/26/2003,"3,940.94","3,940.94","3,940.94","3,940.94",,-0.61%
09/25/2003,"3,965.22","3,965.22","3,965.22","3,965.22",,0.05%
09/24/2003,"3,963.06","3,963.06","3,963.06","3,963.06",,2.59%
09/23/2003,"3,862.94","3,862.94","3,862.94","3,862.94",,-0.06%
09/22/2003,"3,865.30","3,865.30","3,865.30","3,865.30",,0.54%
09/19/2003,"3,844.40","3,844.40","3,844.40","3,844.40",,-0.24%
09/18/2003,"3,853.54","3,853.54","3,853.54","3,853.54",,-0.44%
09/17/2003,"3,870.38","3,870.38","3,870.38","3,870.38",,-1.15%
09/16/2003,"3,915.56","3,915.56","3,915.56","3,915.56",,-1.41%
09/15/2003,"3,971.60","3,971.60","3,971.60","3,971.60",,-0.31%
09/12/2003,"3,983.81","3,983.81","3,983.81","3,983.81",,-1.12%
09/11/2003,"4,028.92","4,028.92","4,028.92","4,028.92",,-1.29%
09/10/2003,"4,081.73","4,081.73","4,081.73","4,081.73",,0.80%
09/09/2003,"4,049.25","4,049.25","4,049.25","4,049.25",,0.69%
09/08/2003,"4,021.44","4,021.44","4,021.44","4,021.44",,-0.12%
09/05/2003,"4,026.32","4,026.32","4,026.32","4,026.32",,-0.24%
09/04/2003,"4,035.96","4,035.96","4,035.96","4,035.96",,-0.44%
09/03/2003,"4,053.62","4,053.62","4,053.62","4,053.62",,0.43%
09/02/2003,"4,036.23","4,036.23","4,036.23","4,036.23",,-4.23%
08/29/2003,"4,214.54","4,214.54","4,214.54","4,214.54",,0.21%
08/28/2003,"4,205.73","4,205.73","4,205.73","4,205.73",,0.57%
08/27/2003,"4,181.75","4,181.75","4,181.75","4,181.75",,-1.48%
08/26/2003,"4,244.63","4,244.63","4,244.63","4,244.63",,0.30%
08/25/2003,"4,231.75","4,231.75","4,231.75","4,231.75",,-0.98%
08/22/2003,"4,273.77","4,273.77","4,273.77","4,273.77",,0.22%
08/21/2003,"4,264.33","4,264.33","4,264.33","4,264.33",,1.86%
08/20/2003,"4,186.30","4,186.30","4,186.30","4,186.30",,1.26%
08/19/2003,"4,134.18","4,134.18","4,134.18","4,134.18",,-0.37%
08/18/2003,"4,149.33","4,149.33","4,149.33","4,149.33",,0.29%
08/15/2003,"4,137.35","4,137.35","4,137.35","4,137.35",,-0.12%
08/14/2003,"4,142.15","4,142.15","4,142.15","4,142.15",,-0.22%
08/13/2003,"4,151.16","4,151.16","4,151.16","4,151.16",,-1.65%
08/12/2003,"4,220.84","4,220.84","4,220.84","4,220.84",,0.37%
08/11/2003,"4,205.42","4,205.42","4,205.42","4,205.42",,-0.17%
08/08/2003,"4,212.65","4,212.65","4,212.65","4,212.65",,-0.59%
08/07/2003,"4,237.61","4,237.61","4,237.61","4,237.61",,1.90%
08/06/2003,"4,158.54","4,158.54","4,158.54","4,158.54",,-0.43%
08/05/2003,"4,176.40","4,176.40","4,176.40","4,176.40",,0.76%
08/04/2003,"4,144.73","4,144.73","4,144.73","4,144.73",,-1.31%
08/01/2003,"4,199.54","4,199.54","4,199.54","4,199.54",,3.72%
07/31/2003,"4,049.07","4,049.07","4,049.07","4,049.07",,0.13%
07/30/2003,"4,043.69","4,043.69","4,043.69","4,043.69",,0.68%
07/29/2003,"4,016.37","4,016.37","4,016.37","4,016.37",,0.11%
07/28/2003,"4,011.99","4,011.99","4,011.99","4,011.99",,0.06%
07/25/2003,"4,009.47","4,009.47","4,009.47","4,009.47",,0.11%
07/24/2003,"4,004.97","4,004.97","4,004.97","4,004.97",,0.72%
07/23/2003,"3,976.48","3,976.48","3,976.48","3,976.48",,0.66%
07/22/2003,"3,950.28","3,950.28","3,950.28","3,950.28",,-3.01%
07/21/2003,"4,072.85","4,072.85","4,072.85","4,072.85",,-0.16%
07/18/2003,"4,079.57","4,079.57","4,079.57","4,079.57",,0.75%
07/17/2003,"4,049.38","4,049.38","4,049.38","4,049.38",,0.76%
07/16/2003,"4,018.70","4,018.70","4,018.70","4,018.70",,-1.46%
07/15/2003,"4,078.10","4,078.10","4,078.10","4,078.10",,-0.37%
07/14/2003,"4,093.10","4,093.10","4,093.10","4,093.10",,-0.21%
07/11/2003,"4,101.70","4,101.70","4,101.70","4,101.70",,0.26%
07/10/2003,"4,091.17","4,091.17","4,091.17","4,091.17",,-0.54%
07/09/2003,"4,113.26","4,113.26","4,113.26","4,113.26",,1.58%
07/08/2003,"4,049.20","4,049.20","4,049.20","4,049.20",,0.69%
07/07/2003,"4,021.40","4,021.40","4,021.40","4,021.40",,-0.10%
07/03/2003,"4,025.28","4,025.28","4,025.28","4,025.28",,0.32%
07/02/2003,"4,012.35","4,012.35","4,012.35","4,012.35",,-0.47%
07/01/2003,"4,031.15","4,031.15","4,031.15","4,031.15",,0.27%
06/30/2003,"4,020.44","4,020.44","4,020.44","4,020.44",,1.74%
06/27/2003,"3,951.63","3,951.63","3,951.63","3,951.63",,0.63%
06/26/2003,"3,926.79","3,926.79","3,926.79","3,926.79",,-2.81%
06/25/2003,"4,040.30","4,040.30","4,040.30","4,040.30",,2.44%
06/24/2003,"3,944.08","3,944.08","3,944.08","3,944.08",,-1.16%
06/23/2003,"3,990.30","3,990.30","3,990.30","3,990.30",,-0.62%
06/20/2003,"4,015.07","4,015.07","4,015.07","4,015.07",,1.22%
06/19/2003,"3,966.59","3,966.59","3,966.59","3,966.59",,0.27%
06/18/2003,"3,956.10","3,956.10","3,956.10","3,956.10",,-1.15%
06/17/2003,"4,002.07","4,002.07","4,002.07","4,002.07",,0.31%
06/16/2003,"3,989.84","3,989.84","3,989.84","3,989.84",,0.33%
06/13/2003,"3,976.52","3,976.52","3,976.52","3,976.52",,-2.16%
06/12/2003,"4,064.20","4,064.20","4,064.20","4,064.20",,-2.69%
06/11/2003,"4,176.40","4,176.40","4,176.40","4,176.40",,0.38%
06/10/2003,"4,160.42","4,160.42","4,160.42","4,160.42",,0.58%
06/09/2003,"4,136.59","4,136.59","4,136.59","4,136.59",,-0.14%
06/06/2003,"4,142.31","4,142.31","4,142.31","4,142.31",,0.89%
06/05/2003,"4,105.62","4,105.62","4,105.62","4,105.62",,1.58%
06/04/2003,"4,041.70","4,041.70","4,041.70","4,041.70",,-1.16%
06/03/2003,"4,089.29","4,089.29","4,089.29","4,089.29",,-0.36%
06/02/2003,"4,104.09","4,104.09","4,104.09","4,104.09",,2.30%
05/30/2003,"4,011.64","4,011.64","4,011.64","4,011.64",,0.99%
05/29/2003,"3,972.46","3,972.46","3,972.46","3,972.46",,1.17%
05/28/2003,"3,926.71","3,926.71","3,926.71","3,926.71",,-1.38%
05/27/2003,"3,981.72","3,981.72","3,981.72","3,981.72",,-0.26%
05/23/2003,"3,992.19","3,992.19","3,992.19","3,992.19",,0.47%
05/22/2003,"3,973.49","3,973.49","3,973.49","3,973.49",,-0.79%
05/21/2003,"4,005.03","4,005.03","4,005.03","4,005.03",,1.47%
05/20/2003,"3,946.95","3,946.95","3,946.95","3,946.95",,0.21%
05/19/2003,"3,938.69","3,938.69","3,938.69","3,938.69",,-1.37%
05/16/2003,"3,993.49","3,993.49","3,993.49","3,993.49",,0.47%
05/15/2003,"3,974.73","3,974.73","3,974.73","3,974.73",,-0.79%
05/14/2003,"4,006.34","4,006.34","4,006.34","4,006.34",,1.21%
05/13/2003,"3,958.41","3,958.41","3,958.41","3,958.41",,2.51%
05/12/2003,"3,861.48","3,861.48","3,861.48","3,861.48",,0.05%
05/09/2003,"3,859.72","3,859.72","3,859.72","3,859.72",,2.01%
05/08/2003,"3,783.62","3,783.62","3,783.62","3,783.62",,1.73%
05/07/2003,"3,719.44","3,719.44","3,719.44","3,719.44",,1.26%
05/06/2003,"3,673.15","3,673.15","3,673.15","3,673.15",,-1.16%
05/05/2003,"3,716.24","3,716.24","3,716.24","3,716.24",,2.32%
05/02/2003,"3,632.09","3,632.09","3,632.09","3,632.09",,-0.91%
05/01/2003,"3,665.54","3,665.54","3,665.54","3,665.54",,0.13%
04/30/2003,"3,660.66","3,660.66","3,660.66","3,660.66",,1.44%
04/29/2003,"3,608.76","3,608.76","3,608.76","3,608.76",,-0.50%
04/28/2003,"3,626.95","3,626.95","3,626.95","3,626.95",,-2.46%
04/25/2003,"3,718.58","3,718.58","3,718.58","3,718.58",,-0.46%
04/24/2003,"3,735.89","3,735.89","3,735.89","3,735.89",,-0.30%
04/23/2003,"3,747.15","3,747.15","3,747.15","3,747.15",,-2.54%
04/22/2003,"3,844.80","3,844.80","3,844.80","3,844.80",,-1.58%
04/21/2003,"3,906.35","3,906.35","3,906.35","3,906.35",,0.62%
04/17/2003,"3,882.44","3,882.44","3,882.44","3,882.44",,2.01%
04/16/2003,"3,805.78","3,805.78","3,805.78","3,805.78",,-0.07%
04/15/2003,"3,808.45","3,808.45","3,808.45","3,808.45",,1.45%
04/14/2003,"3,754.05","3,754.05","3,754.05","3,754.05",,0.16%
04/11/2003,"3,748.05","3,748.05","3,748.05","3,748.05",,0.75%
04/10/2003,"3,720.03","3,720.03","3,720.03","3,720.03",,-1.64%
04/09/2003,"3,782.03","3,782.03","3,782.03","3,782.03",,2.02%
04/08/2003,"3,707.32","3,707.32","3,707.32","3,707.32",,-0.06%
04/07/2003,"3,709.43","3,709.43","3,709.43","3,709.43",,-0.26%
04/04/2003,"3,719.13","3,719.13","3,719.13","3,719.13",,-0.56%
04/03/2003,"3,740.09","3,740.09","3,740.09","3,740.09",,0.24%
04/02/2003,"3,730.99","3,730.99","3,730.99","3,730.99",,-2.27%
04/01/2003,"3,817.55","3,817.55","3,817.55","3,817.55",,-2.11%
03/31/2003,"3,900.01","3,900.01","3,900.01","3,900.01",,1.44%
03/28/2003,"3,844.51","3,844.51","3,844.51","3,844.51",,-0.62%
03/27/2003,"3,868.51","3,868.51","3,868.51","3,868.51",,3.29%
03/26/2003,"3,745.34","3,745.34","3,745.34","3,745.34",,0.93%
03/25/2003,"3,710.93","3,710.93","3,710.93","3,710.93",,-1.86%
03/24/2003,"3,781.42","3,781.42","3,781.42","3,781.42",,3.07%
03/21/2003,"3,668.87","3,668.87","3,668.87","3,668.87",,-3.23%
03/20/2003,"3,791.32","3,791.32","3,791.32","3,791.32",,-2.21%
03/19/2003,"3,876.98","3,876.98","3,876.98","3,876.98",,-1.10%
03/18/2003,"3,920.20","3,920.20","3,920.20","3,920.20",,-4.26%
03/17/2003,"4,094.82","4,094.82","4,094.82","4,094.82",,-1.69%
03/14/2003,"4,165.14","4,165.14","4,165.14","4,165.14",,-2.23%
03/13/2003,"4,260.05","4,260.05","4,260.05","4,260.05",,-3.62%
03/12/2003,"4,419.92","4,419.92","4,419.92","4,419.92",,0.80%
03/11/2003,"4,384.70","4,384.70","4,384.70","4,384.70",,-2.17%
03/10/2003,"4,481.93","4,481.93","4,481.93","4,481.93",,-1.55%
03/07/2003,"4,552.41","4,552.41","4,552.41","4,552.41",,1.88%
03/06/2003,"4,468.48","4,468.48","4,468.48","4,468.48",,0.29%
03/05/2003,"4,455.42","4,455.42","4,455.42","4,455.42",,-0.53%
03/04/2003,"4,479.18","4,479.18","4,479.18","4,479.18",,1.00%
03/03/2003,"4,434.80","4,434.80","4,434.80","4,434.80",,-2.67%
02/28/2003,"4,556.68","4,556.68","4,556.68","4,556.68",,0.90%
02/27/2003,"4,515.97","4,515.97","4,515.97","4,515.97",,-0.54%
02/26/2003,"4,540.50","4,540.50","4,540.50","4,540.50",,3.54%
02/25/2003,"4,385.36","4,385.36","4,385.36","4,385.36",,-3.09%
02/24/2003,"4,524.97","4,524.97","4,524.97","4,524.97",,4.15%
02/21/2003,"4,344.46","4,344.46","4,344.46","4,344.46",,2.23%
02/20/2003,"4,249.89","4,249.89","4,249.89","4,249.89",,-1.26%
02/19/2003,"4,303.95","4,303.95","4,303.95","4,303.95",,0.80%
02/18/2003,"4,269.59","4,269.59","4,269.59","4,269.59",,-0.03%
02/14/2003,"4,271.03","4,271.03","4,271.03","4,271.03",,0.40%
02/13/2003,"4,253.92","4,253.92","4,253.92","4,253.92",,0.60%
02/12/2003,"4,228.50","4,228.50","4,228.50","4,228.50",,-0.90%
02/11/2003,"4,266.96","4,266.96","4,266.96","4,266.96",,1.42%
02/10/2003,"4,207.07","4,207.07","4,207.07","4,207.07",,-1.42%
02/07/2003,"4,267.75","4,267.75","4,267.75","4,267.75",,2.54%
02/06/2003,"4,162.00","4,162.00","4,162.00","4,162.00",,0.87%
02/05/2003,"4,126.29","4,126.29","4,126.29","4,126.29",,0.73%
02/04/2003,"4,096.41","4,096.41","4,096.41","4,096.41",,1.59%
02/03/2003,"4,032.36","4,032.36","4,032.36","4,032.36",,-0.78%
01/31/2003,"4,064.02","4,064.02","4,064.02","4,064.02",,-0.27%
01/30/2003,"4,075.06","4,075.06","4,075.06","4,075.06",,0.49%
01/29/2003,"4,055.19","4,055.19","4,055.19","4,055.19",,2.48%
01/28/2003,"3,956.95","3,956.95","3,956.95","3,956.95",,1.05%
01/27/2003,"3,915.83","3,915.83","3,915.83","3,915.83",,-1.79%
01/24/2003,"3,987.08","3,987.08","3,987.08","3,987.08",,1.87%
01/23/2003,"3,913.99","3,913.99","3,913.99","3,913.99",,-1.09%
01/22/2003,"3,957.15","3,957.15","3,957.15","3,957.15",,0.14%
01/21/2003,"3,951.47","3,951.47","3,951.47","3,951.47",,0.13%
01/17/2003,"3,946.45","3,946.45","3,946.45","3,946.45",,-0.03%
01/16/2003,"3,947.46","3,947.46","3,947.46","3,947.46",,1.03%
01/15/2003,"3,907.27","3,907.27","3,907.27","3,907.27",,1.57%
01/14/2003,"3,846.88","3,846.88","3,846.88","3,846.88",,0.21%
01/13/2003,"3,839.01","3,839.01","3,839.01","3,839.01",,1.10%
01/10/2003,"3,797.26","3,797.26","3,797.26","3,797.26",,-1.31%
01/09/2003,"3,847.61","3,847.61","3,847.61","3,847.61",,2.75%
01/08/2003,"3,744.57","3,744.57","3,744.57","3,744.57",,-0.52%
01/07/2003,"3,763.97","3,763.97","3,763.97","3,763.97",,-1.41%
01/06/2003,"3,817.88","3,817.88","3,817.88","3,817.88",,-2.48%
01/03/2003,"3,915.09","3,915.09","3,915.09","3,915.09",,2.51%
01/02/2003,"3,819.38","3,819.38","3,819.38","3,819.38",,2.43%
12/31/2002,"3,728.76","3,728.76","3,728.76","3,728.76",,-0.67%
12/30/2002,"3,753.87","3,753.87","3,753.87","3,753.87",,-2.87%
12/27/2002,"3,864.67","3,864.67","3,864.67","3,864.67",,0.30%
12/26/2002,"3,853.13","3,853.13","3,853.13","3,853.13",,-0.04%
12/24/2002,"3,854.72","3,854.72","3,854.72","3,854.72",,0.47%
12/23/2002,"3,836.51","3,836.51","3,836.51","3,836.51",,2.53%
12/20/2002,"3,741.78","3,741.78","3,741.78","3,741.78",,0.12%
12/19/2002,"3,737.18","3,737.18","3,737.18","3,737.18",,-0.51%
12/18/2002,"3,756.27","3,756.27","3,756.27","3,756.27",,0.98%
12/17/2002,"3,719.99","3,719.99","3,719.99","3,719.99",,-0.43%
12/16/2002,"3,736.05","3,736.05","3,736.05","3,736.05",,2.99%
12/13/2002,"3,627.67","3,627.67","3,627.67","3,627.67",,1.50%
12/12/2002,"3,574.08","3,574.08","3,574.08","3,574.08",,2.06%
12/11/2002,"3,502.05","3,502.05","3,502.05","3,502.05",,-0.22%
12/10/2002,"3,509.71","3,509.71","3,509.71","3,509.71",,1.83%
12/09/2002,"3,446.58","3,446.58","3,446.58","3,446.58",,0.41%
12/06/2002,"3,432.36","3,432.36","3,432.36","3,432.36",,-0.82%
12/05/2002,"3,460.76","3,460.76","3,460.76","3,460.76",,1.14%
12/04/2002,"3,421.92","3,421.92","3,421.92","3,421.92",,-1.13%
12/03/2002,"3,461.03","3,461.03","3,461.03","3,461.03",,-0.46%
12/02/2002,"3,476.98","3,476.98","3,476.98","3,476.98",,1.20%
11/29/2002,"3,435.66","3,435.66","3,435.66","3,435.66",,-0.12%
11/27/2002,"3,439.96","3,439.96","3,439.96","3,439.96",,0.95%
11/26/2002,"3,407.57","3,407.57","3,407.57","3,407.57",,0.05%
11/25/2002,"3,405.94","3,405.94","3,405.94","3,405.94",,-1.25%
11/22/2002,"3,449.06","3,449.06","3,449.06","3,449.06",,0.88%
11/21/2002,"3,419.10","3,419.10","3,419.10","3,419.10",,0.64%
11/20/2002,"3,397.26","3,397.26","3,397.26","3,397.26",,1.19%
11/19/2002,"3,357.26","3,357.26","3,357.26","3,357.26",,-0.16%
11/18/2002,"3,362.62","3,362.62","3,362.62","3,362.62",,2.77%
11/15/2002,"3,271.92","3,271.92","3,271.92","3,271.92",,0.93%
11/14/2002,"3,241.80","3,241.80","3,241.80","3,241.80",,0.38%
11/13/2002,"3,229.67","3,229.67","3,229.67","3,229.67",,-1.55%
11/12/2002,"3,280.58","3,280.58","3,280.58","3,280.58",,-0.28%
11/11/2002,"3,289.73","3,289.73","3,289.73","3,289.73",,0.06%
11/08/2002,"3,287.80","3,287.80","3,287.80","3,287.80",,0.09%
11/07/2002,"3,284.69","3,284.69","3,284.69","3,284.69",,-0.90%
11/06/2002,"3,314.69","3,314.69","3,314.69","3,314.69",,-0.96%
11/05/2002,"3,346.86","3,346.86","3,346.86","3,346.86",,-1.76%
11/04/2002,"3,406.84","3,406.84","3,406.84","3,406.84",,-0.92%
11/01/2002,"3,438.37","3,438.37","3,438.37","3,438.37",,-0.14%
10/31/2002,"3,443.14","3,443.14","3,443.14","3,443.14",,0.69%
10/30/2002,"3,419.63","3,419.63","3,419.63","3,419.63",,0.25%
10/29/2002,"3,411.22","3,411.22","3,411.22","3,411.22",,-1.02%
10/28/2002,"3,446.39","3,446.39","3,446.39","3,446.39",,0.51%
10/25/2002,"3,428.95","3,428.95","3,428.95","3,428.95",,-2.06%
10/24/2002,"3,501.19","3,501.19","3,501.19","3,501.19",,0.08%
10/23/2002,"3,498.43","3,498.43","3,498.43","3,498.43",,0.43%
10/22/2002,"3,483.33","3,483.33","3,483.33","3,483.33",,-0.79%
10/21/2002,"3,511.09","3,511.09","3,511.09","3,511.09",,-2.59%
10/18/2002,"3,604.29","3,604.29","3,604.29","3,604.29",,-0.26%
10/17/2002,"3,613.61","3,613.61","3,613.61","3,613.61",,0.42%
10/16/2002,"3,598.33","3,598.33","3,598.33","3,598.33",,-0.28%
10/15/2002,"3,608.34","3,608.34","3,608.34","3,608.34",,0.34%
10/14/2002,"3,596.26","3,596.26","3,596.26","3,596.26",,1.46%
10/11/2002,"3,544.59","3,544.59","3,544.59","3,544.59",,1.34%
10/10/2002,"3,497.69","3,497.69","3,497.69","3,497.69",,-1.13%
10/09/2002,"3,537.63","3,537.63","3,537.63","3,537.63",,-0.20%
10/08/2002,"3,544.63","3,544.63","3,544.63","3,544.63",,0.33%
10/07/2002,"3,532.83","3,532.83","3,532.83","3,532.83",,0.22%
10/04/2002,"3,525.10","3,525.10","3,525.10","3,525.10",,-0.36%
10/03/2002,"3,537.82","3,537.82","3,537.82","3,537.82",,-2.48%
10/02/2002,"3,627.76","3,627.76","3,627.76","3,627.76",,-0.31%
10/01/2002,"3,639.06","3,639.06","3,639.06","3,639.06",,0.70%
09/30/2002,"3,613.65","3,613.65","3,613.65","3,613.65",,-0.17%
09/27/2002,"3,619.72","3,619.72","3,619.72","3,619.72",,0.47%
09/26/2002,"3,602.76","3,602.76","3,602.76","3,602.76",,0.10%
09/25/2002,"3,599.10","3,599.10","3,599.10","3,599.10",,-0.66%
09/24/2002,"3,622.83","3,622.83","3,622.83","3,622.83",,-0.18%
09/23/2002,"3,629.27","3,629.27","3,629.27","3,629.27",,1.38%
09/20/2002,"3,580.03","3,580.03","3,580.03","3,580.03",,-0.16%
09/19/2002,"3,585.66","3,585.66","3,585.66","3,585.66",,-0.24%
09/18/2002,"3,594.16","3,594.16","3,594.16","3,594.16",,1.14%
09/17/2002,"3,553.75","3,553.75","3,553.75","3,553.75",,-0.76%
09/16/2002,"3,580.97","3,580.97","3,580.97","3,580.97",,-0.08%
09/13/2002,"3,583.89","3,583.89","3,583.89","3,583.89",,1.62%
09/12/2002,"3,526.78","3,526.78","3,526.78","3,526.78",,-1.79%
09/11/2002,"3,590.90","3,590.90","3,590.90","3,590.90",,-0.10%
09/10/2002,"3,594.52","3,594.52","3,594.52","3,594.52",,0.21%
09/09/2002,"3,587.06","3,587.06","3,587.06","3,587.06",,1.06%
09/06/2002,"3,549.54","3,549.54","3,549.54","3,549.54",,1.51%
09/05/2002,"3,496.91","3,496.91","3,496.91","3,496.91",,2.07%
09/04/2002,"3,425.95","3,425.95","3,425.95","3,425.95",,1.73%
09/03/2002,"3,367.59","3,367.59","3,367.59","3,367.59",,-2.55%
08/30/2002,"3,455.84","3,455.84","3,455.84","3,455.84",,0.43%
08/29/2002,"3,441.20","3,441.20","3,441.20","3,441.20",,0.43%
08/28/2002,"3,426.38","3,426.38","3,426.38","3,426.38",,-1.11%
08/27/2002,"3,464.94","3,464.94","3,464.94","3,464.94",,-0.60%
08/26/2002,"3,485.86","3,485.86","3,485.86","3,485.86",,1.34%
08/23/2002,"3,439.70","3,439.70","3,439.70","3,439.70",,-0.38%
08/22/2002,"3,452.94","3,452.94","3,452.94","3,452.94",,0.15%
08/21/2002,"3,447.92","3,447.92","3,447.92","3,447.92",,1.14%
08/20/2002,"3,409.20","3,409.20","3,409.20","3,409.20",,-0.66%
08/19/2002,"3,431.78","3,431.78","3,431.78","3,431.78",,0.51%
08/16/2002,"3,414.25","3,414.25","3,414.25","3,414.25",,0.08%
08/15/2002,"3,411.58","3,411.58","3,411.58","3,411.58",,2.36%
08/14/2002,"3,332.95","3,332.95","3,332.95","3,332.95",,0.41%
08/13/2002,"3,319.34","3,319.34","3,319.34","3,319.34",,0.48%
08/12/2002,"3,303.51","3,303.51","3,303.51","3,303.51",,2.38%
08/09/2002,"3,226.84","3,226.84","3,226.84","3,226.84",,0.69%
08/08/2002,"3,204.86","3,204.86","3,204.86","3,204.86",,0.35%
08/07/2002,"3,193.58","3,193.58","3,193.58","3,193.58",,-1.30%
08/06/2002,"3,235.73","3,235.73","3,235.73","3,235.73",,1.38%
08/05/2002,"3,191.60","3,191.60","3,191.60","3,191.60",,-1.22%
08/02/2002,"3,230.94","3,230.94","3,230.94","3,230.94",,0.69%
08/01/2002,"3,208.95","3,208.95","3,208.95","3,208.95",,-1.53%
07/31/2002,"3,258.75","3,258.75","3,258.75","3,258.75",,-0.08%
07/30/2002,"3,261.52","3,261.52","3,261.52","3,261.52",,1.89%
07/29/2002,"3,201.14","3,201.14","3,201.14","3,201.14",,-0.50%
07/26/2002,"3,217.10","3,217.10","3,217.10","3,217.10",,-0.61%
07/25/2002,"3,236.69","3,236.69","3,236.69","3,236.69",,-0.57%
07/24/2002,"3,255.23","3,255.23","3,255.23","3,255.23",,1.45%
07/23/2002,"3,208.61","3,208.61","3,208.61","3,208.61",,-1.56%
07/22/2002,"3,259.33","3,259.33","3,259.33","3,259.33",,-1.82%
07/19/2002,"3,319.70","3,319.70","3,319.70","3,319.70",,0.19%
07/18/2002,"3,313.49","3,313.49","3,313.49","3,313.49",,-0.18%
07/17/2002,"3,319.45","3,319.45","3,319.45","3,319.45",,0.14%
07/16/2002,"3,314.66","3,314.66","3,314.66","3,314.66",,1.84%
07/15/2002,"3,254.77","3,254.77","3,254.77","3,254.77",,-0.58%
07/12/2002,"3,273.72","3,273.72","3,273.72","3,273.72",,0.91%
07/11/2002,"3,244.25","3,244.25","3,244.25","3,244.25",,0.13%
07/10/2002,"3,240.06","3,240.06","3,240.06","3,240.06",,1.36%
07/09/2002,"3,196.61","3,196.61","3,196.61","3,196.61",,0.51%
07/08/2002,"3,180.51","3,180.51","3,180.51","3,180.51",,-2.36%
07/05/2002,"3,257.36","3,257.36","3,257.36","3,257.36",,0.26%
07/03/2002,"3,249.03","3,249.03","3,249.03","3,249.03",,-0.13%
07/02/2002,"3,253.14","3,253.14","3,253.14","3,253.14",,-0.12%
07/01/2002,"3,256.99","3,256.99","3,256.99","3,256.99",,0.52%
06/28/2002,"3,240.01","3,240.01","3,240.01","3,240.01",,0.10%
06/27/2002,"3,236.91","3,236.91","3,236.91","3,236.91",,0.42%
06/26/2002,"3,223.40","3,223.40","3,223.40","3,223.40",,0.17%
06/25/2002,"3,217.94","3,217.94","3,217.94","3,217.94",,-0.11%
06/24/2002,"3,221.56","3,221.56","3,221.56","3,221.56",,2.23%
06/21/2002,"3,151.36","3,151.36","3,151.36","3,151.36",,-0.58%
06/20/2002,"3,169.58","3,169.58","3,169.58","3,169.58",,0.49%
06/19/2002,"3,154.16","3,154.16","3,154.16","3,154.16",,-0.21%
06/18/2002,"3,160.78","3,160.78","3,160.78","3,160.78",,-1.35%
06/17/2002,"3,204.16","3,204.16","3,204.16","3,204.16",,0.46%
06/14/2002,"3,189.53","3,189.53","3,189.53","3,189.53",,0.72%
06/13/2002,"3,166.58","3,166.58","3,166.58","3,166.58",,2.91%
06/12/2002,"3,077.06","3,077.06","3,077.06","3,077.06",,1.04%
06/11/2002,"3,045.50","3,045.50","3,045.50","3,045.50",,-0.49%
06/10/2002,"3,060.59","3,060.59","3,060.59","3,060.59",,-1.18%
06/07/2002,"3,097.28","3,097.28","3,097.28","3,097.28",,-0.43%
06/06/2002,"3,110.76","3,110.76","3,110.76","3,110.76",,-0.31%
06/05/2002,"3,120.27","3,120.27","3,120.27","3,120.27",,-0.77%
06/04/2002,"3,144.59","3,144.59","3,144.59","3,144.59",,0.52%
06/03/2002,"3,128.46","3,128.46","3,128.46","3,128.46",,-0.14%
05/31/2002,"3,132.95","3,132.95","3,132.95","3,132.95",,1.54%
05/30/2002,"3,085.49","3,085.49","3,085.49","3,085.49",,-3.15%
05/29/2002,"3,185.72","3,185.72","3,185.72","3,185.72",,1.44%
05/28/2002,"3,140.54","3,140.54","3,140.54","3,140.54",,-1.29%
05/24/2002,"3,181.65","3,181.65","3,181.65","3,181.65",,-0.74%
05/23/2002,"3,205.37","3,205.37","3,205.37","3,205.37",,-0.28%
05/22/2002,"3,214.47","3,214.47","3,214.47","3,214.47",,0.11%
05/21/2002,"3,210.82","3,210.82","3,210.82","3,210.82",,-2.07%
05/20/2002,"3,278.83","3,278.83","3,278.83","3,278.83",,-0.11%
05/17/2002,"3,282.57","3,282.57","3,282.57","3,282.57",,-0.10%
05/16/2002,"3,285.82","3,285.82","3,285.82","3,285.82",,-0.43%
05/15/2002,"3,300.16","3,300.16","3,300.16","3,300.16",,-2.63%
05/14/2002,"3,389.44","3,389.44","3,389.44","3,389.44",,1.79%
05/13/2002,"3,329.85","3,329.85","3,329.85","3,329.85",,1.04%
05/10/2002,"3,295.51","3,295.51","3,295.51","3,295.51",,1.08%
05/09/2002,"3,260.22","3,260.22","3,260.22","3,260.22",,-0.32%
05/08/2002,"3,270.60","3,270.60","3,270.60","3,270.60",,1.99%
05/07/2002,"3,206.63","3,206.63","3,206.63","3,206.63",,0.91%
05/06/2002,"3,177.75","3,177.75","3,177.75","3,177.75",,-0.98%
05/03/2002,"3,209.26","3,209.26","3,209.26","3,209.26",,0.81%
05/02/2002,"3,183.36","3,183.36","3,183.36","3,183.36",,-1.45%
05/01/2002,"3,230.24","3,230.24","3,230.24","3,230.24",,-1.38%
04/30/2002,"3,275.47","3,275.47","3,275.47","3,275.47",,0.32%
04/29/2002,"3,265.17","3,265.17","3,265.17","3,265.17",,1.29%
04/26/2002,"3,223.65","3,223.65","3,223.65","3,223.65",,0.91%
04/25/2002,"3,194.73","3,194.73","3,194.73","3,194.73",,0.30%
04/24/2002,"3,185.24","3,185.24","3,185.24","3,185.24",,-1.15%
04/23/2002,"3,222.35","3,222.35","3,222.35","3,222.35",,0.35%
04/22/2002,"3,211.24","3,211.24","3,211.24","3,211.24",,0.07%
04/19/2002,"3,209.15","3,209.15","3,209.15","3,209.15",,0.24%
04/18/2002,"3,201.43","3,201.43","3,201.43","3,201.43",,0.32%
04/17/2002,"3,191.24","3,191.24","3,191.24","3,191.24",,2.63%
04/16/2002,"3,109.49","3,109.49","3,109.49","3,109.49",,0.59%
04/15/2002,"3,091.30","3,091.30","3,091.30","3,091.30",,3.40%
04/12/2002,"2,989.65","2,989.65","2,989.65","2,989.65",,-3.46%
04/11/2002,"3,096.82","3,096.82","3,096.82","3,096.82",,-2.87%
04/10/2002,"3,188.45","3,188.45","3,188.45","3,188.45",,0.08%
04/09/2002,"3,185.99","3,185.99","3,185.99","3,185.99",,-1.69%
04/08/2002,"3,240.83","3,240.83","3,240.83","3,240.83",,0.90%
04/05/2002,"3,211.90","3,211.90","3,211.90","3,211.90",,-1.61%
04/04/2002,"3,264.34","3,264.34","3,264.34","3,264.34",,-2.27%
04/03/2002,"3,340.27","3,340.27","3,340.27","3,340.27",,-1.27%
04/02/2002,"3,383.12","3,383.12","3,383.12","3,383.12",,2.69%
04/01/2002,"3,294.56","3,294.56","3,294.56","3,294.56",,1.70%
03/28/2002,"3,239.61","3,239.61","3,239.61","3,239.61",,0.48%
03/27/2002,"3,224.04","3,224.04","3,224.04","3,224.04",,0.99%
03/26/2002,"3,192.39","3,192.39","3,192.39","3,192.39",,0.74%
03/25/2002,"3,169.01","3,169.01","3,169.01","3,169.01",,-0.59%
03/22/2002,"3,187.67","3,187.67","3,187.67","3,187.67",,-1.02%
03/21/2002,"3,220.59","3,220.59","3,220.59","3,220.59",,1.80%
03/20/2002,"3,163.57","3,163.57","3,163.57","3,163.57",,-0.91%
03/19/2002,"3,192.65","3,192.65","3,192.65","3,192.65",,-0.32%
03/18/2002,"3,202.84","3,202.84","3,202.84","3,202.84",,1.73%
03/15/2002,"3,148.30","3,148.30","3,148.30","3,148.30",,0.29%
03/14/2002,"3,139.19","3,139.19","3,139.19","3,139.19",,0.85%
03/13/2002,"3,112.72","3,112.72","3,112.72","3,112.72",,-0.27%
03/12/2002,"3,121.16","3,121.16","3,121.16","3,121.16",,-0.35%
03/11/2002,"3,132.13","3,132.13","3,132.13","3,132.13",,1.98%
03/08/2002,"3,071.44","3,071.44","3,071.44","3,071.44",,0.33%
03/07/2002,"3,061.38","3,061.38","3,061.38","3,061.38",,2.31%
03/06/2002,"2,992.28","2,992.28","2,992.28","2,992.28",,0.38%
03/05/2002,"2,980.87","2,980.87","2,980.87","2,980.87",,1.78%
03/04/2002,"2,928.69","2,928.69","2,928.69","2,928.69",,0.44%
03/01/2002,"2,915.89","2,915.89","2,915.89","2,915.89",,2.14%
02/28/2002,"2,854.74","2,854.74","2,854.74","2,854.74",,0.90%
02/27/2002,"2,829.28","2,829.28","2,829.28","2,829.28",,0.47%
02/26/2002,"2,816.11","2,816.11","2,816.11","2,816.11",,2.13%
02/25/2002,"2,757.27","2,757.27","2,757.27","2,757.27",,-2.06%
02/22/2002,"2,815.13","2,815.13","2,815.13","2,815.13",,0.09%
02/21/2002,"2,812.61","2,812.61","2,812.61","2,812.61",,1.34%
02/20/2002,"2,775.30","2,775.30","2,775.30","2,775.30",,-1.47%
02/19/2002,"2,816.66","2,816.66","2,816.66","2,816.66",,-1.03%
02/15/2002,"2,846.03","2,846.03","2,846.03","2,846.03",,0.09%
02/14/2002,"2,843.34","2,843.34","2,843.34","2,843.34",,-0.43%
02/13/2002,"2,855.52","2,855.52","2,855.52","2,855.52",,0.73%
02/12/2002,"2,834.81","2,834.81","2,834.81","2,834.81",,-1.14%
02/11/2002,"2,867.57","2,867.57","2,867.57","2,867.57",,2.71%
02/08/2002,"2,791.91","2,791.91","2,791.91","2,791.91",,1.73%
02/07/2002,"2,744.52","2,744.52","2,744.52","2,744.52",,-0.27%
02/06/2002,"2,752.00","2,752.00","2,752.00","2,752.00",,-0.83%
02/05/2002,"2,775.00","2,775.00","2,775.00","2,775.00",,-0.17%
02/04/2002,"2,779.85","2,779.85","2,779.85","2,779.85",,-0.89%
02/01/2002,"2,804.82","2,804.82","2,804.82","2,804.82",,2.54%
01/31/2002,"2,735.26","2,735.26","2,735.26","2,735.26",,1.47%
01/30/2002,"2,695.53","2,695.53","2,695.53","2,695.53",,-1.34%
01/29/2002,"2,732.20","2,732.20","2,732.20","2,732.20",,-0.99%
01/28/2002,"2,759.53","2,759.53","2,759.53","2,759.53",,-0.50%
01/25/2002,"2,773.47","2,773.47","2,773.47","2,773.47",,0.61%
01/24/2002,"2,756.68","2,756.68","2,756.68","2,756.68",,0.55%
01/23/2002,"2,741.54","2,741.54","2,741.54","2,741.54",,1.26%
01/22/2002,"2,707.43","2,707.43","2,707.43","2,707.43",,-0.06%
01/18/2002,"2,709.18","2,709.18","2,709.18","2,709.18",,-0.33%
01/17/2002,"2,718.02","2,718.02","2,718.02","2,718.02",,-2.56%
01/16/2002,"2,789.33","2,789.33","2,789.33","2,789.33",,0.72%
01/15/2002,"2,769.41","2,769.41","2,769.41","2,769.41",,0.30%
01/14/2002,"2,761.25","2,761.25","2,761.25","2,761.25",,-2.16%
01/11/2002,"2,822.30","2,822.30","2,822.30","2,822.30",,-1.09%
01/10/2002,"2,853.26","2,853.26","2,853.26","2,853.26",,0.32%
01/09/2002,"2,844.06","2,844.06","2,844.06","2,844.06",,-2.40%
01/08/2002,"2,914.10","2,914.10","2,914.10","2,914.10",,-0.52%
01/07/2002,"2,929.20","2,929.20","2,929.20","2,929.20",,-0.02%
01/04/2002,"2,929.87","2,929.87","2,929.87","2,929.87",,3.05%
01/03/2002,"2,843.24","2,843.24","2,843.24","2,843.24",,-1.66%
01/02/2002,"2,891.27","2,891.27","2,891.27","2,891.27",,2.41%
12/31/2001,"2,823.35","2,823.35","2,823.35","2,823.35",,-1.90%
12/28/2001,"2,877.91","2,877.91","2,877.91","2,877.91",,-0.49%
12/27/2001,"2,892.01","2,892.01","2,892.01","2,892.01",,-0.83%
12/26/2001,"2,916.22","2,916.22","2,916.22","2,916.22",,3.02%
12/24/2001,"2,830.75","2,830.75","2,830.75","2,830.75",,0.17%
12/21/2001,"2,825.90","2,825.90","2,825.90","2,825.90",,1.44%
12/20/2001,"2,785.91","2,785.91","2,785.91","2,785.91",,-1.25%
12/19/2001,"2,821.04","2,821.04","2,821.04","2,821.04",,0.44%
12/18/2001,"2,808.74","2,808.74","2,808.74","2,808.74",,0.15%
12/17/2001,"2,804.61","2,804.61","2,804.61","2,804.61",,-0.38%
12/14/2001,"2,815.19","2,815.19","2,815.19","2,815.19",,3.13%
12/13/2001,"2,729.80","2,729.80","2,729.80","2,729.80",,-0.41%
12/12/2001,"2,740.97","2,740.97","2,740.97","2,740.97",,0.13%
12/11/2001,"2,737.45","2,737.45","2,737.45","2,737.45",,-0.37%
12/10/2001,"2,747.57","2,747.57","2,747.57","2,747.57",,-1.37%
12/07/2001,"2,785.61","2,785.61","2,785.61","2,785.61",,0.93%
12/06/2001,"2,759.95","2,759.95","2,759.95","2,759.95",,-2.37%
12/05/2001,"2,826.94","2,826.94","2,826.94","2,826.94",,-0.63%
12/04/2001,"2,844.76","2,844.76","2,844.76","2,844.76",,-1.53%
12/03/2001,"2,889.03","2,889.03","2,889.03","2,889.03",,0.97%
11/30/2001,"2,861.28","2,861.28","2,861.28","2,861.28",,2.77%
11/29/2001,"2,784.11","2,784.11","2,784.11","2,784.11",,-1.37%
11/28/2001,"2,822.89","2,822.89","2,822.89","2,822.89",,-1.51%
11/27/2001,"2,866.08","2,866.08","2,866.08","2,866.08",,2.05%
11/26/2001,"2,808.54","2,808.54","2,808.54","2,808.54",,-1.54%
11/23/2001,"2,852.53","2,852.53","2,852.53","2,852.53",,0.49%
11/21/2001,"2,838.51","2,838.51","2,838.51","2,838.51",,-0.50%
11/20/2001,"2,852.84","2,852.84","2,852.84","2,852.84",,1.92%
11/19/2001,"2,799.11","2,799.11","2,799.11","2,799.11",,0.61%
11/16/2001,"2,782.21","2,782.21","2,782.21","2,782.21",,1.89%
11/15/2001,"2,730.68","2,730.68","2,730.68","2,730.68",,-5.28%
11/14/2001,"2,882.96","2,882.96","2,882.96","2,882.96",,-4.37%
11/13/2001,"3,014.86","3,014.86","3,014.86","3,014.86",,1.49%
11/12/2001,"2,970.55","2,970.55","2,970.55","2,970.55",,-2.91%
11/09/2001,"3,059.61","3,059.61","3,059.61","3,059.61",,2.55%
11/08/2001,"2,983.66","2,983.66","2,983.66","2,983.66",,2.95%
11/07/2001,"2,898.06","2,898.06","2,898.06","2,898.06",,0.52%
11/06/2001,"2,882.95","2,882.95","2,882.95","2,882.95",,-0.62%
11/05/2001,"2,901.05","2,901.05","2,901.05","2,901.05",,-1.41%
11/02/2001,"2,942.62","2,942.62","2,942.62","2,942.62",,-0.80%
11/01/2001,"2,966.45","2,966.45","2,966.45","2,966.45",,-1.89%
10/31/2001,"3,023.67","3,023.67","3,023.67","3,023.67",,-1.10%
10/30/2001,"3,057.42","3,057.42","3,057.42","3,057.42",,-0.94%
10/29/2001,"3,086.48","3,086.48","3,086.48","3,086.48",,0.72%
10/26/2001,"3,064.39","3,064.39","3,064.39","3,064.39",,0.19%
10/25/2001,"3,058.48","3,058.48","3,058.48","3,058.48",,-0.72%
10/24/2001,"3,080.80","3,080.80","3,080.80","3,080.80",,1.68%
10/23/2001,"3,029.91","3,029.91","3,029.91","3,029.91",,-0.99%
10/22/2001,"3,060.19","3,060.19","3,060.19","3,060.19",,-0.11%
10/19/2001,"3,063.56","3,063.56","3,063.56","3,063.56",,2.20%
10/18/2001,"2,997.70","2,997.70","2,997.70","2,997.70",,-1.13%
10/17/2001,"3,032.06","3,032.06","3,032.06","3,032.06",,-0.85%
10/16/2001,"3,058.05","3,058.05","3,058.05","3,058.05",,0.34%
10/15/2001,"3,047.73","3,047.73","3,047.73","3,047.73",,-1.22%
10/12/2001,"3,085.36","3,085.36","3,085.36","3,085.36",,-2.69%
10/11/2001,"3,170.49","3,170.49","3,170.49","3,170.49",,1.63%
10/10/2001,"3,119.78","3,119.78","3,119.78","3,119.78",,0.31%
10/09/2001,"3,110.24","3,110.24","3,110.24","3,110.24",,0.19%
10/08/2001,"3,104.21","3,104.21","3,104.21","3,104.21",,-0.07%
10/05/2001,"3,106.34","3,106.34","3,106.34","3,106.34",,-1.22%
10/04/2001,"3,144.71","3,144.71","3,144.71","3,144.71",,1.67%
10/03/2001,"3,093.07","3,093.07","3,093.07","3,093.07",,-1.10%
10/02/2001,"3,127.45","3,127.45","3,127.45","3,127.45",,-1.14%
10/01/2001,"3,163.58","3,163.58","3,163.58","3,163.58",,-0.65%
09/28/2001,"3,184.24","3,184.24","3,184.24","3,184.24",,1.00%
09/27/2001,"3,152.58","3,152.58","3,152.58","3,152.58",,0.52%
09/26/2001,"3,136.25","3,136.25","3,136.25","3,136.25",,1.45%
09/25/2001,"3,091.33","3,091.33","3,091.33","3,091.33",,-0.25%
09/24/2001,"3,099.22","3,099.22","3,099.22","3,099.22",,-8.76%
09/21/2001,"3,396.84","3,396.84","3,396.84","3,396.84",,-1.55%
09/20/2001,"3,450.42","3,450.42","3,450.42","3,450.42",,-0.48%
09/19/2001,"3,466.90","3,466.90","3,466.90","3,466.90",,-3.08%
09/18/2001,"3,576.97","3,576.97","3,576.97","3,576.97",,-3.13%
09/17/2001,"3,692.35","3,692.35","3,692.35","3,692.35",,-1.98%
09/14/2001,"3,767.12","3,767.12","3,767.12","3,767.12",,3.25%
09/11/2001,"3,648.43","3,648.43","3,648.43","3,648.43",,1.03%
09/10/2001,"3,611.19","3,611.19","3,611.19","3,611.19",,-0.82%
09/07/2001,"3,640.92","3,640.92","3,640.92","3,640.92",,1.28%
09/06/2001,"3,594.93","3,594.93","3,594.93","3,594.93",,0.90%
09/05/2001,"3,563.02","3,563.02","3,563.02","3,563.02",,0.38%
09/04/2001,"3,549.42","3,549.42","3,549.42","3,549.42",,-0.74%
08/31/2001,"3,576.03","3,576.03","3,576.03","3,576.03",,1.36%
08/30/2001,"3,527.99","3,527.99","3,527.99","3,527.99",,-1.39%
08/29/2001,"3,577.57","3,577.57","3,577.57","3,577.57",,-0.03%
08/28/2001,"3,578.47","3,578.47","3,578.47","3,578.47",,0.49%
08/27/2001,"3,560.92","3,560.92","3,560.92","3,560.92",,-0.61%
08/24/2001,"3,582.73","3,582.73","3,582.73","3,582.73",,0.49%
08/23/2001,"3,565.12","3,565.12","3,565.12","3,565.12",,0.60%
08/22/2001,"3,544.01","3,544.01","3,544.01","3,544.01",,-1.11%
08/21/2001,"3,583.97","3,583.97","3,583.97","3,583.97",,0.96%
08/20/2001,"3,549.85","3,549.85","3,549.85","3,549.85",,0.24%
08/17/2001,"3,541.18","3,541.18","3,541.18","3,541.18",,-1.99%
08/16/2001,"3,613.06","3,613.06","3,613.06","3,613.06",,-0.76%
08/15/2001,"3,640.71","3,640.71","3,640.71","3,640.71",,0.04%
08/14/2001,"3,639.32","3,639.32","3,639.32","3,639.32",,0.35%
08/13/2001,"3,626.74","3,626.74","3,626.74","3,626.74",,-0.06%
08/10/2001,"3,628.77","3,628.77","3,628.77","3,628.77",,1.05%
08/09/2001,"3,590.94","3,590.94","3,590.94","3,590.94",,0.06%
08/08/2001,"3,588.91","3,588.91","3,588.91","3,588.91",,-0.52%
08/07/2001,"3,607.62","3,607.62","3,607.62","3,607.62",,0.48%
08/06/2001,"3,590.23","3,590.23","3,590.23","3,590.23",,0.32%
08/03/2001,"3,578.78","3,578.78","3,578.78","3,578.78",,-0.96%
08/02/2001,"3,613.49","3,613.49","3,613.49","3,613.49",,2.11%
08/01/2001,"3,538.92","3,538.92","3,538.92","3,538.92",,-0.09%
07/31/2001,"3,542.17","3,542.17","3,542.17","3,542.17",,-0.71%
07/30/2001,"3,567.59","3,567.59","3,567.59","3,567.59",,-0.52%
07/27/2001,"3,586.17","3,586.17","3,586.17","3,586.17",,0.35%
07/26/2001,"3,573.69","3,573.69","3,573.69","3,573.69",,-0.32%
07/25/2001,"3,585.14","3,585.14","3,585.14","3,585.14",,1.95%
07/24/2001,"3,516.73","3,516.73","3,516.73","3,516.73",,0.27%
07/23/2001,"3,507.42","3,507.42","3,507.42","3,507.42",,0.33%
07/20/2001,"3,495.97","3,495.97","3,495.97","3,495.97",,1.46%
07/19/2001,"3,445.52","3,445.52","3,445.52","3,445.52",,-0.92%
07/18/2001,"3,477.35","3,477.35","3,477.35","3,477.35",,-1.78%
07/17/2001,"3,540.28","3,540.28","3,540.28","3,540.28",,0.30%
07/16/2001,"3,529.75","3,529.75","3,529.75","3,529.75",,-1.15%
07/13/2001,"3,570.65","3,570.65","3,570.65","3,570.65",,-1.35%
07/12/2001,"3,619.44","3,619.44","3,619.44","3,619.44",,0.50%
07/11/2001,"3,601.38","3,601.38","3,601.38","3,601.38",,-0.19%
07/10/2001,"3,608.29","3,608.29","3,608.29","3,608.29",,-0.01%
07/09/2001,"3,608.53","3,608.53","3,608.53","3,608.53",,-1.02%
07/06/2001,"3,645.70","3,645.70","3,645.70","3,645.70",,2.40%
07/05/2001,"3,560.31","3,560.31","3,560.31","3,560.31",,1.08%
07/03/2001,"3,522.27","3,522.27","3,522.27","3,522.27",,0.39%
07/02/2001,"3,508.60","3,508.60","3,508.60","3,508.60",,-0.71%
06/29/2001,"3,533.71","3,533.71","3,533.71","3,533.71",,1.09%
06/28/2001,"3,495.54","3,495.54","3,495.54","3,495.54",,-0.37%
06/27/2001,"3,508.62","3,508.62","3,508.62","3,508.62",,-3.11%
06/26/2001,"3,621.15","3,621.15","3,621.15","3,621.15",,-0.35%
06/25/2001,"3,633.89","3,633.89","3,633.89","3,633.89",,-0.02%
06/22/2001,"3,634.73","3,634.73","3,634.73","3,634.73",,0.20%
06/21/2001,"3,627.34","3,627.34","3,627.34","3,627.34",,0.01%
06/20/2001,"3,627.14","3,627.14","3,627.14","3,627.14",,-3.17%
06/19/2001,"3,745.99","3,745.99","3,745.99","3,745.99",,0.09%
06/18/2001,"3,742.47","3,742.47","3,742.47","3,742.47",,-1.75%
06/15/2001,"3,809.25","3,809.25","3,809.25","3,809.25",,-1.18%
06/14/2001,"3,854.58","3,854.58","3,854.58","3,854.58",,-0.01%
06/13/2001,"3,855.07","3,855.07","3,855.07","3,855.07",,-0.91%
06/12/2001,"3,890.36","3,890.36","3,890.36","3,890.36",,0.73%
06/11/2001,"3,862.19","3,862.19","3,862.19","3,862.19",,1.50%
06/08/2001,"3,805.24","3,805.24","3,805.24","3,805.24",,1.39%
06/07/2001,"3,753.18","3,753.18","3,753.18","3,753.18",,-0.18%
06/06/2001,"3,759.97","3,759.97","3,759.97","3,759.97",,-1.13%
06/05/2001,"3,802.93","3,802.93","3,802.93","3,802.93",,-0.06%
06/04/2001,"3,805.39","3,805.39","3,805.39","3,805.39",,0.25%
06/01/2001,"3,795.96","3,795.96","3,795.96","3,795.96",,-0.35%
05/31/2001,"3,809.28","3,809.28","3,809.28","3,809.28",,-0.33%
05/30/2001,"3,822.08","3,822.08","3,822.08","3,822.08",,0.08%
05/29/2001,"3,819.21","3,819.21","3,819.21","3,819.21",,-0.03%
05/25/2001,"3,820.42","3,820.42","3,820.42","3,820.42",,-0.76%
05/24/2001,"3,849.68","3,849.68","3,849.68","3,849.68",,-1.85%
05/23/2001,"3,922.23","3,922.23","3,922.23","3,922.23",,-0.42%
05/22/2001,"3,938.89","3,938.89","3,938.89","3,938.89",,-0.62%
05/21/2001,"3,963.36","3,963.36","3,963.36","3,963.36",,-0.38%
05/18/2001,"3,978.64","3,978.64","3,978.64","3,978.64",,2.06%
05/17/2001,"3,898.38","3,898.38","3,898.38","3,898.38",,0.28%
05/16/2001,"3,887.57","3,887.57","3,887.57","3,887.57",,-0.95%
05/15/2001,"3,924.69","3,924.69","3,924.69","3,924.69",,1.03%
05/14/2001,"3,884.55","3,884.55","3,884.55","3,884.55",,0.19%
05/11/2001,"3,877.15","3,877.15","3,877.15","3,877.15",,-0.52%
05/10/2001,"3,897.40","3,897.40","3,897.40","3,897.40",,0.74%
05/09/2001,"3,868.75","3,868.75","3,868.75","3,868.75",,0.80%
05/08/2001,"3,838.22","3,838.22","3,838.22","3,838.22",,-0.62%
05/07/2001,"3,862.30","3,862.30","3,862.30","3,862.30",,-1.50%
05/04/2001,"3,921.23","3,921.23","3,921.23","3,921.23",,-0.08%
05/03/2001,"3,924.29","3,924.29","3,924.29","3,924.29",,1.47%
05/02/2001,"3,867.55","3,867.55","3,867.55","3,867.55",,-2.12%
05/01/2001,"3,951.33","3,951.33","3,951.33","3,951.33",,0.77%
04/30/2001,"3,920.97","3,920.97","3,920.97","3,920.97",,0.09%
04/27/2001,"3,917.47","3,917.47","3,917.47","3,917.47",,-0.43%
04/26/2001,"3,934.49","3,934.49","3,934.49","3,934.49",,1.85%
04/25/2001,"3,862.92","3,862.92","3,862.92","3,862.92",,0.50%
04/24/2001,"3,843.86","3,843.86","3,843.86","3,843.86",,-1.21%
04/23/2001,"3,890.82","3,890.82","3,890.82","3,890.82",,-0.14%
04/20/2001,"3,896.42","3,896.42","3,896.42","3,896.42",,-0.87%
04/19/2001,"3,930.66","3,930.66","3,930.66","3,930.66",,-0.71%
04/18/2001,"3,958.97","3,958.97","3,958.97","3,958.97",,-0.65%
04/17/2001,"3,984.75","3,984.75","3,984.75","3,984.75",,-1.00%
04/16/2001,"4,024.93","4,024.93","4,024.93","4,024.93",,1.47%
04/12/2001,"3,966.61","3,966.61","3,966.61","3,966.61",,0.35%
04/11/2001,"3,952.60","3,952.60","3,952.60","3,952.60",,-0.60%
04/10/2001,"3,976.61","3,976.61","3,976.61","3,976.61",,2.61%
04/09/2001,"3,875.48","3,875.48","3,875.48","3,875.48",,0.86%
04/06/2001,"3,842.53","3,842.53","3,842.53","3,842.53",,-0.73%
04/05/2001,"3,870.97","3,870.97","3,870.97","3,870.97",,0.97%
04/04/2001,"3,833.69","3,833.69","3,833.69","3,833.69",,2.44%
04/03/2001,"3,742.49","3,742.49","3,742.49","3,742.49",,1.46%
04/02/2001,"3,688.73","3,688.73","3,688.73","3,688.73",,-0.87%
03/30/2001,"3,721.13","3,721.13","3,721.13","3,721.13",,-1.14%
03/29/2001,"3,764.04","3,764.04","3,764.04","3,764.04",,-0.77%
03/28/2001,"3,793.21","3,793.21","3,793.21","3,793.21",,-2.94%
03/27/2001,"3,908.11","3,908.11","3,908.11","3,908.11",,1.58%
03/26/2001,"3,847.33","3,847.33","3,847.33","3,847.33",,0.55%
03/23/2001,"3,826.39","3,826.39","3,826.39","3,826.39",,1.83%
03/22/2001,"3,757.61","3,757.61","3,757.61","3,757.61",,-0.34%
03/21/2001,"3,770.50","3,770.50","3,770.50","3,770.50",,0.55%
03/20/2001,"3,749.90","3,749.90","3,749.90","3,749.90",,0.24%
03/19/2001,"3,740.87","3,740.87","3,740.87","3,740.87",,-0.86%
03/16/2001,"3,773.35","3,773.35","3,773.35","3,773.35",,0.19%
03/15/2001,"3,766.11","3,766.11","3,766.11","3,766.11",,-0.24%
03/14/2001,"3,775.16","3,775.16","3,775.16","3,775.16",,-2.49%
03/13/2001,"3,871.64","3,871.64","3,871.64","3,871.64",,-1.11%
03/12/2001,"3,915.04","3,915.04","3,915.04","3,915.04",,0.14%
03/09/2001,"3,909.50","3,909.50","3,909.50","3,909.50",,-1.24%
03/08/2001,"3,958.58","3,958.58","3,958.58","3,958.58",,-1.20%
03/07/2001,"4,006.54","4,006.54","4,006.54","4,006.54",,1.03%
03/06/2001,"3,965.72","3,965.72","3,965.72","3,965.72",,-0.36%
03/05/2001,"3,980.12","3,980.12","3,980.12","3,980.12",,1.70%
03/02/2001,"3,913.48","3,913.48","3,913.48","3,913.48",,0.66%
03/01/2001,"3,887.73","3,887.73","3,887.73","3,887.73",,0.38%
02/28/2001,"3,872.93","3,872.93","3,872.93","3,872.93",,-0.89%
02/27/2001,"3,907.53","3,907.53","3,907.53","3,907.53",,0.12%
02/26/2001,"3,902.83","3,902.83","3,902.83","3,902.83",,-0.99%
02/23/2001,"3,941.67","3,941.67","3,941.67","3,941.67",,0.43%
02/22/2001,"3,924.97","3,924.97","3,924.97","3,924.97",,0.18%
02/21/2001,"3,917.76","3,917.76","3,917.76","3,917.76",,-0.83%
02/20/2001,"3,950.47","3,950.47","3,950.47","3,950.47",,-0.93%
02/16/2001,"3,987.60","3,987.60","3,987.60","3,987.60",,0.44%
02/15/2001,"3,969.97","3,969.97","3,969.97","3,969.97",,-1.35%
02/14/2001,"4,024.38","4,024.38","4,024.38","4,024.38",,-1.73%
02/13/2001,"4,095.18","4,095.18","4,095.18","4,095.18",,0.35%
02/12/2001,"4,081.00","4,081.00","4,081.00","4,081.00",,-1.70%
02/09/2001,"4,151.44","4,151.44","4,151.44","4,151.44",,-0.88%
02/08/2001,"4,188.46","4,188.46","4,188.46","4,188.46",,0.33%
02/07/2001,"4,174.52","4,174.52","4,174.52","4,174.52",,2.58%
02/06/2001,"4,069.35","4,069.35","4,069.35","4,069.35",,0.06%
02/05/2001,"4,066.78","4,066.78","4,066.78","4,066.78",,-3.29%
02/02/2001,"4,205.27","4,205.27","4,205.27","4,205.27",,3.29%
02/01/2001,"4,071.40","4,071.40","4,071.40","4,071.40",,3.66%
01/31/2001,"3,927.75","3,927.75","3,927.75","3,927.75",,-1.61%
01/30/2001,"3,992.12","3,992.12","3,992.12","3,992.12",,-0.09%
01/29/2001,"3,995.65","3,995.65","3,995.65","3,995.65",,-2.96%
01/26/2001,"4,117.35","4,117.35","4,117.35","4,117.35",,0.60%
01/25/2001,"4,092.91","4,092.91","4,092.91","4,092.91",,0.70%
01/24/2001,"4,064.66","4,064.66","4,064.66","4,064.66",,-0.85%
01/23/2001,"4,099.33","4,099.33","4,099.33","4,099.33",,-1.40%
01/22/2001,"4,157.45","4,157.45","4,157.45","4,157.45",,-0.38%
01/19/2001,"4,173.15","4,173.15","4,173.15","4,173.15",,2.74%
01/18/2001,"4,062.01","4,062.01","4,062.01","4,062.01",,1.96%
01/17/2001,"3,983.83","3,983.83","3,983.83","3,983.83",,-3.66%
01/16/2001,"4,135.03","4,135.03","4,135.03","4,135.03",,-1.07%
01/12/2001,"4,179.66","4,179.66","4,179.66","4,179.66",,0.08%
01/11/2001,"4,176.41","4,176.41","4,176.41","4,176.41",,-0.76%
01/10/2001,"4,208.57","4,208.57","4,208.57","4,208.57",,1.18%
01/09/2001,"4,159.38","4,159.38","4,159.38","4,159.38",,0.56%
01/08/2001,"4,136.27","4,136.27","4,136.27","4,136.27",,-0.10%
01/05/2001,"4,140.61","4,140.61","4,140.61","4,140.61",,0.38%
01/04/2001,"4,124.90","4,124.90","4,124.90","4,124.90",,1.99%
01/03/2001,"4,044.50","4,044.50","4,044.50","4,044.50",,0.55%
01/02/2001,"4,022.43","4,022.43","4,022.43","4,022.43",,-3.02%
12/29/2000,"4,147.90","4,147.90","4,147.90","4,147.90",,2.68%
12/28/2000,"4,039.49","4,039.49","4,039.49","4,039.49",,-0.91%
12/27/2000,"4,076.63","4,076.63","4,076.63","4,076.63",,0.56%
12/26/2000,"4,054.07","4,054.07","4,054.07","4,054.07",,1.17%
12/22/2000,"4,007.14","4,007.14","4,007.14","4,007.14",,-0.34%
12/21/2000,"4,020.69","4,020.69","4,020.69","4,020.69",,1.14%
12/20/2000,"3,975.27","3,975.27","3,975.27","3,975.27",,-3.19%
12/19/2000,"4,106.23","4,106.23","4,106.23","4,106.23",,-0.18%
12/18/2000,"4,113.79","4,113.79","4,113.79","4,113.79",,1.51%
12/15/2000,"4,052.76","4,052.76","4,052.76","4,052.76",,3.14%
12/14/2000,"3,929.40","3,929.40","3,929.40","3,929.40",,-2.14%
12/13/2000,"4,015.49","4,015.49","4,015.49","4,015.49",,-2.79%
12/12/2000,"4,130.73","4,130.73","4,130.73","4,130.73",,-2.70%
12/11/2000,"4,245.49","4,245.49","4,245.49","4,245.49",,3.46%
12/08/2000,"4,103.65","4,103.65","4,103.65","4,103.65",,-1.01%
12/07/2000,"4,145.48","4,145.48","4,145.48","4,145.48",,-1.10%
12/06/2000,"4,191.62","4,191.62","4,191.62","4,191.62",,3.07%
12/05/2000,"4,066.87","4,066.87","4,066.87","4,066.87",,-2.52%
12/04/2000,"4,172.09","4,172.09","4,172.09","4,172.09",,1.03%
12/01/2000,"4,129.41","4,129.41","4,129.41","4,129.41",,-2.50%
11/30/2000,"4,235.22","4,235.22","4,235.22","4,235.22",,0.05%
11/29/2000,"4,233.14","4,233.14","4,233.14","4,233.14",,0.51%
11/28/2000,"4,211.68","4,211.68","4,211.68","4,211.68",,-2.61%
11/27/2000,"4,324.68","4,324.68","4,324.68","4,324.68",,-0.32%
11/24/2000,"4,338.48","4,338.48","4,338.48","4,338.48",,0.13%
11/22/2000,"4,332.71","4,332.71","4,332.71","4,332.71",,0.65%
11/21/2000,"4,304.71","4,304.71","4,304.71","4,304.71",,0.30%
11/20/2000,"4,291.94","4,291.94","4,291.94","4,291.94",,0.94%
11/17/2000,"4,252.17","4,252.17","4,252.17","4,252.17",,1.50%
11/16/2000,"4,189.53","4,189.53","4,189.53","4,189.53",,-1.47%
11/15/2000,"4,252.11","4,252.11","4,252.11","4,252.11",,2.04%
11/14/2000,"4,167.05","4,167.05","4,167.05","4,167.05",,1.47%
11/13/2000,"4,106.50","4,106.50","4,106.50","4,106.50",,0.97%
11/10/2000,"4,066.87","4,066.87","4,066.87","4,066.87",,-0.05%
11/09/2000,"4,068.70","4,068.70","4,068.70","4,068.70",,1.44%
11/08/2000,"4,010.85","4,010.85","4,010.85","4,010.85",,0.45%
11/07/2000,"3,992.79","3,992.79","3,992.79","3,992.79",,1.47%
11/06/2000,"3,934.96","3,934.96","3,934.96","3,934.96",,0.22%
11/03/2000,"3,926.19","3,926.19","3,926.19","3,926.19",,0.79%
11/02/2000,"3,895.40","3,895.40","3,895.40","3,895.40",,-0.69%
11/01/2000,"3,922.45","3,922.45","3,922.45","3,922.45",,1.15%
10/31/2000,"3,877.86","3,877.86","3,877.86","3,877.86",,-0.21%
10/30/2000,"3,886.05","3,886.05","3,886.05","3,886.05",,-0.13%
10/27/2000,"3,891.13","3,891.13","3,891.13","3,891.13",,-1.91%
10/26/2000,"3,966.75","3,966.75","3,966.75","3,966.75",,0.51%
10/25/2000,"3,946.64","3,946.64","3,946.64","3,946.64",,-1.36%
10/24/2000,"4,001.13","4,001.13","4,001.13","4,001.13",,-0.89%
10/23/2000,"4,036.97","4,036.97","4,036.97","4,036.97",,1.38%
10/20/2000,"3,982.21","3,982.21","3,982.21","3,982.21",,1.42%
10/19/2000,"3,926.38","3,926.38","3,926.38","3,926.38",,-1.56%
10/18/2000,"3,988.79","3,988.79","3,988.79","3,988.79",,-0.44%
10/17/2000,"4,006.55","4,006.55","4,006.55","4,006.55",,-0.11%
10/16/2000,"4,010.79","4,010.79","4,010.79","4,010.79",,-2.99%
10/13/2000,"4,134.50","4,134.50","4,134.50","4,134.50",,-3.09%
10/12/2000,"4,266.15","4,266.15","4,266.15","4,266.15",,4.32%
10/11/2000,"4,089.38","4,089.38","4,089.38","4,089.38",,1.15%
10/10/2000,"4,042.88","4,042.88","4,042.88","4,042.88",,2.67%
10/09/2000,"3,937.89","3,937.89","3,937.89","3,937.89",,1.98%
10/06/2000,"3,861.56","3,861.56","3,861.56","3,861.56",,0.03%
10/05/2000,"3,860.42","3,860.42","3,860.42","3,860.42",,-1.70%
10/04/2000,"3,927.03","3,927.03","3,927.03","3,927.03",,-1.06%
10/03/2000,"3,969.04","3,969.04","3,969.04","3,969.04",,-0.02%
10/02/2000,"3,969.73","3,969.73","3,969.73","3,969.73",,2.60%
09/29/2000,"3,869.14","3,869.14","3,869.14","3,869.14",,1.06%
09/28/2000,"3,828.50","3,828.50","3,828.50","3,828.50",,-2.74%
09/27/2000,"3,936.33","3,936.33","3,936.33","3,936.33",,0.29%
09/26/2000,"3,924.97","3,924.97","3,924.97","3,924.97",,0.01%
09/25/2000,"3,924.72","3,924.72","3,924.72","3,924.72",,-1.17%
09/22/2000,"3,971.22","3,971.22","3,971.22","3,971.22",,-2.20%
09/21/2000,"4,060.38","4,060.38","4,060.38","4,060.38",,-1.55%
09/20/2000,"4,124.39","4,124.39","4,124.39","4,124.39",,0.09%
09/19/2000,"4,120.77","4,120.77","4,120.77","4,120.77",,-0.98%
09/18/2000,"4,161.69","4,161.69","4,161.69","4,161.69",,1.33%
09/15/2000,"4,107.22","4,107.22","4,107.22","4,107.22",,2.16%
09/14/2000,"4,020.26","4,020.26","4,020.26","4,020.26",,0.56%
09/13/2000,"3,997.80","3,997.80","3,997.80","3,997.80",,-1.21%
09/12/2000,"4,046.63","4,046.63","4,046.63","4,046.63",,-1.26%
09/11/2000,"4,098.45","4,098.45","4,098.45","4,098.45",,2.81%
09/08/2000,"3,986.34","3,986.34","3,986.34","3,986.34",,-2.72%
09/07/2000,"4,097.89","4,097.89","4,097.89","4,097.89",,0.96%
09/06/2000,"4,058.88","4,058.88","4,058.88","4,058.88",,1.72%
09/05/2000,"3,990.32","3,990.32","3,990.32","3,990.32",,1.32%
09/01/2000,"3,938.15","3,938.15","3,938.15","3,938.15",,0.39%
08/31/2000,"3,922.85","3,922.85","3,922.85","3,922.85",,-0.11%
08/30/2000,"3,927.23","3,927.23","3,927.23","3,927.23",,1.22%
08/29/2000,"3,879.96","3,879.96","3,879.96","3,879.96",,0.36%
08/28/2000,"3,866.17","3,866.17","3,866.17","3,866.17",,1.39%
08/25/2000,"3,813.18","3,813.18","3,813.18","3,813.18",,0.89%
08/24/2000,"3,779.38","3,779.38","3,779.38","3,779.38",,-0.53%
08/23/2000,"3,799.44","3,799.44","3,799.44","3,799.44",,1.87%
08/22/2000,"3,729.78","3,729.78","3,729.78","3,729.78",,-1.71%
08/21/2000,"3,794.57","3,794.57","3,794.57","3,794.57",,1.51%
08/18/2000,"3,738.12","3,738.12","3,738.12","3,738.12",,0.65%
08/17/2000,"3,713.86","3,713.86","3,713.86","3,713.86",,0.76%
08/16/2000,"3,685.81","3,685.81","3,685.81","3,685.81",,0.54%
08/15/2000,"3,666.09","3,666.09","3,666.09","3,666.09",,-0.37%
08/14/2000,"3,679.87","3,679.87","3,679.87","3,679.87",,0.51%
08/11/2000,"3,661.30","3,661.30","3,661.30","3,661.30",,-0.10%
08/10/2000,"3,665.14","3,665.14","3,665.14","3,665.14",,1.71%
08/09/2000,"3,603.63","3,603.63","3,603.63","3,603.63",,1.96%
08/08/2000,"3,534.43","3,534.43","3,534.43","3,534.43",,0.61%
08/07/2000,"3,513.14","3,513.14","3,513.14","3,513.14",,-1.72%
08/04/2000,"3,574.48","3,574.48","3,574.48","3,574.48",,2.06%
08/03/2000,"3,502.51","3,502.51","3,502.51","3,502.51",,0.57%
08/02/2000,"3,482.65","3,482.65","3,482.65","3,482.65",,1.49%
08/01/2000,"3,431.42","3,431.42","3,431.42","3,431.42",,0.95%
07/31/2000,"3,399.09","3,399.09","3,399.09","3,399.09",,-1.44%
07/28/2000,"3,448.63","3,448.63","3,448.63","3,448.63",,0.38%
07/27/2000,"3,435.64","3,435.64","3,435.64","3,435.64",,0.65%
07/26/2000,"3,413.29","3,413.29","3,413.29","3,413.29",,0.19%
07/25/2000,"3,406.75","3,406.75","3,406.75","3,406.75",,-0.31%
07/24/2000,"3,417.50","3,417.50","3,417.50","3,417.50",,-1.63%
07/21/2000,"3,474.11","3,474.11","3,474.11","3,474.11",,-1.98%
07/20/2000,"3,544.18","3,544.18","3,544.18","3,544.18",,-0.83%
07/19/2000,"3,573.70","3,573.70","3,573.70","3,573.70",,-0.95%
07/18/2000,"3,607.95","3,607.95","3,607.95","3,607.95",,1.87%
07/17/2000,"3,541.55","3,541.55","3,541.55","3,541.55",,-1.18%
07/14/2000,"3,583.67","3,583.67","3,583.67","3,583.67",,-0.34%
07/13/2000,"3,595.78","3,595.78","3,595.78","3,595.78",,1.89%
07/12/2000,"3,529.11","3,529.11","3,529.11","3,529.11",,0.33%
07/11/2000,"3,517.48","3,517.48","3,517.48","3,517.48",,0.34%
07/10/2000,"3,505.59","3,505.59","3,505.59","3,505.59",,-0.67%
07/07/2000,"3,529.41","3,529.41","3,529.41","3,529.41",,0.85%
07/06/2000,"3,499.51","3,499.51","3,499.51","3,499.51",,-1.26%
07/05/2000,"3,544.01","3,544.01","3,544.01","3,544.01",,-3.66%
07/03/2000,"3,678.73","3,678.73","3,678.73","3,678.73",,-0.08%
06/30/2000,"3,681.85","3,681.85","3,681.85","3,681.85",,-0.88%
06/29/2000,"3,714.35","3,714.35","3,714.35","3,714.35",,1.51%
06/28/2000,"3,659.27","3,659.27","3,659.27","3,659.27",,-0.69%
06/27/2000,"3,684.85","3,684.85","3,684.85","3,684.85",,0.99%
06/26/2000,"3,648.64","3,648.64","3,648.64","3,648.64",,-0.74%
06/23/2000,"3,675.78","3,675.78","3,675.78","3,675.78",,-0.25%
06/22/2000,"3,684.84","3,684.84","3,684.84","3,684.84",,1.87%
06/21/2000,"3,617.33","3,617.33","3,617.33","3,617.33",,1.76%
06/20/2000,"3,554.84","3,554.84","3,554.84","3,554.84",,1.82%
06/19/2000,"3,491.29","3,491.29","3,491.29","3,491.29",,-1.48%
06/16/2000,"3,543.90","3,543.90","3,543.90","3,543.90",,-1.56%
06/15/2000,"3,600.16","3,600.16","3,600.16","3,600.16",,0.12%
06/14/2000,"3,595.72","3,595.72","3,595.72","3,595.72",,-0.20%
06/13/2000,"3,602.82","3,602.82","3,602.82","3,602.82",,1.14%
06/12/2000,"3,562.23","3,562.23","3,562.23","3,562.23",,1.90%
06/09/2000,"3,495.89","3,495.89","3,495.89","3,495.89",,0.80%
06/08/2000,"3,468.15","3,468.15","3,468.15","3,468.15",,0.23%
06/07/2000,"3,460.31","3,460.31","3,460.31","3,460.31",,-0.73%
06/06/2000,"3,485.62","3,485.62","3,485.62","3,485.62",,0.00%
06/05/2000,"3,485.46","3,485.46","3,485.46","3,485.46",,-0.42%
06/02/2000,"3,500.30","3,500.30","3,500.30","3,500.30",,0.48%
06/01/2000,"3,483.54","3,483.54","3,483.54","3,483.54",,1.36%
05/31/2000,"3,436.91","3,436.91","3,436.91","3,436.91",,-1.98%
05/30/2000,"3,506.49","3,506.49","3,506.49","3,506.49",,0.08%
05/26/2000,"3,503.63","3,503.63","3,503.63","3,503.63",,-0.55%
05/25/2000,"3,523.05","3,523.05","3,523.05","3,523.05",,1.15%
05/24/2000,"3,483.08","3,483.08","3,483.08","3,483.08",,2.42%
05/23/2000,"3,400.88","3,400.88","3,400.88","3,400.88",,0.20%
05/22/2000,"3,394.10","3,394.10","3,394.10","3,394.10",,-1.75%
05/19/2000,"3,454.45","3,454.45","3,454.45","3,454.45",,-0.34%
05/18/2000,"3,466.13","3,466.13","3,466.13","3,466.13",,1.43%
05/17/2000,"3,417.29","3,417.29","3,417.29","3,417.29",,0.16%
05/16/2000,"3,411.92","3,411.92","3,411.92","3,411.92",,0.29%
05/15/2000,"3,401.95","3,401.95","3,401.95","3,401.95",,0.44%
05/12/2000,"3,387.04","3,387.04","3,387.04","3,387.04",,0.76%
05/11/2000,"3,361.49","3,361.49","3,361.49","3,361.49",,1.94%
05/10/2000,"3,297.39","3,297.39","3,297.39","3,297.39",,0.16%
05/09/2000,"3,292.27","3,292.27","3,292.27","3,292.27",,1.31%
05/08/2000,"3,249.85","3,249.85","3,249.85","3,249.85",,1.68%
05/05/2000,"3,196.12","3,196.12","3,196.12","3,196.12",,0.01%
05/04/2000,"3,195.95","3,195.95","3,195.95","3,195.95",,0.65%
05/03/2000,"3,175.45","3,175.45","3,175.45","3,175.45",,-0.75%
05/02/2000,"3,199.59","3,199.59","3,199.59","3,199.59",,2.34%
05/01/2000,"3,126.47","3,126.47","3,126.47","3,126.47",,1.15%
04/28/2000,"3,090.82","3,090.82","3,090.82","3,090.82",,0.58%
04/27/2000,"3,072.86","3,072.86","3,072.86","3,072.86",,0.91%
04/26/2000,"3,045.01","3,045.01","3,045.01","3,045.01",,-1.27%
04/25/2000,"3,084.07","3,084.07","3,084.07","3,084.07",,-1.03%
04/24/2000,"3,116.24","3,116.24","3,116.24","3,116.24",,0.42%
04/20/2000,"3,103.09","3,103.09","3,103.09","3,103.09",,0.06%
04/19/2000,"3,101.37","3,101.37","3,101.37","3,101.37",,2.05%
04/18/2000,"3,039.08","3,039.08","3,039.08","3,039.08",,0.63%
04/17/2000,"3,019.99","3,019.99","3,019.99","3,019.99",,0.82%
04/14/2000,"2,995.36","2,995.36","2,995.36","2,995.36",,-1.04%
04/13/2000,"3,026.96","3,026.96","3,026.96","3,026.96",,0.19%
04/12/2000,"3,021.17","3,021.17","3,021.17","3,021.17",,3.21%
04/11/2000,"2,927.16","2,927.16","2,927.16","2,927.16",,0.26%
04/10/2000,"2,919.58","2,919.58","2,919.58","2,919.58",,-2.40%
04/07/2000,"2,991.23","2,991.23","2,991.23","2,991.23",,-0.94%
04/06/2000,"3,019.63","3,019.63","3,019.63","3,019.63",,-0.55%
04/05/2000,"3,036.43","3,036.43","3,036.43","3,036.43",,0.86%
04/04/2000,"3,010.41","3,010.41","3,010.41","3,010.41",,-2.50%
04/03/2000,"3,087.48","3,087.48","3,087.48","3,087.48",,-1.02%
03/31/2000,"3,119.23","3,119.23","3,119.23","3,119.23",,0.92%
03/30/2000,"3,090.67","3,090.67","3,090.67","3,090.67",,0.55%
03/29/2000,"3,073.64","3,073.64","3,073.64","3,073.64",,-1.67%
03/28/2000,"3,125.90","3,125.90","3,125.90","3,125.90",,-0.81%
03/27/2000,"3,151.42","3,151.42","3,151.42","3,151.42",,-0.04%
03/24/2000,"3,152.56","3,152.56","3,152.56","3,152.56",,1.14%
03/23/2000,"3,116.91","3,116.91","3,116.91","3,116.91",,-0.19%
03/22/2000,"3,122.76","3,122.76","3,122.76","3,122.76",,-0.37%
03/21/2000,"3,134.39","3,134.39","3,134.39","3,134.39",,0.59%
03/20/2000,"3,115.91","3,115.91","3,115.91","3,115.91",,-3.06%
03/17/2000,"3,214.37","3,214.37","3,214.37","3,214.37",,-0.14%
03/16/2000,"3,218.96","3,218.96","3,218.96","3,218.96",,0.41%
03/15/2000,"3,205.84","3,205.84","3,205.84","3,205.84",,-1.29%
03/14/2000,"3,247.87","3,247.87","3,247.87","3,247.87",,-0.38%
03/13/2000,"3,260.28","3,260.28","3,260.28","3,260.28",,0.65%
03/10/2000,"3,239.22","3,239.22","3,239.22","3,239.22",,-0.42%
03/09/2000,"3,252.85","3,252.85","3,252.85","3,252.85",,1.09%
03/08/2000,"3,217.77","3,217.77","3,217.77","3,217.77",,-5.00%
03/07/2000,"3,387.09","3,387.09","3,387.09","3,387.09",,3.12%
03/06/2000,"3,284.67","3,284.67","3,284.67","3,284.67",,1.25%
03/03/2000,"3,244.02","3,244.02","3,244.02","3,244.02",,-0.09%
03/02/2000,"3,246.90","3,246.90","3,246.90","3,246.90",,-0.14%
03/01/2000,"3,251.42","3,251.42","3,251.42","3,251.42",,3.03%
02/29/2000,"3,155.86","3,155.86","3,155.86","3,155.86",,0.85%
02/28/2000,"3,129.39","3,129.39","3,129.39","3,129.39",,-0.14%
02/25/2000,"3,133.70","3,133.70","3,133.70","3,133.70",,0.51%
02/24/2000,"3,117.74","3,117.74","3,117.74","3,117.74",,1.02%
02/23/2000,"3,086.15","3,086.15","3,086.15","3,086.15",,0.43%
02/22/2000,"3,072.98","3,072.98","3,072.98","3,072.98",,0.45%
02/18/2000,"3,059.29","3,059.29","3,059.29","3,059.29",,-0.42%
02/17/2000,"3,072.26","3,072.26","3,072.26","3,072.26",,-1.09%
02/16/2000,"3,105.98","3,105.98","3,105.98","3,105.98",,0.29%
02/15/2000,"3,096.95","3,096.95","3,096.95","3,096.95",,-0.15%
02/14/2000,"3,101.47","3,101.47","3,101.47","3,101.47",,1.06%
02/11/2000,"3,068.89","3,068.89","3,068.89","3,068.89",,-0.02%
02/10/2000,"3,069.50","3,069.50","3,069.50","3,069.50",,1.57%
02/09/2000,"3,022.04","3,022.04","3,022.04","3,022.04",,1.54%
02/08/2000,"2,976.14","2,976.14","2,976.14","2,976.14",,-1.41%
02/07/2000,"3,018.77","3,018.77","3,018.77","3,018.77",,-1.23%
02/04/2000,"3,056.33","3,056.33","3,056.33","3,056.33",,1.69%
02/03/2000,"3,005.53","3,005.53","3,005.53","3,005.53",,0.89%
02/02/2000,"2,978.87","2,978.87","2,978.87","2,978.87",,-1.15%
02/01/2000,"3,013.52","3,013.52","3,013.52","3,013.52",,1.46%
01/31/2000,"2,970.29","2,970.29","2,970.29","2,970.29",,0.99%
01/28/2000,"2,941.20","2,941.20","2,941.20","2,941.20",,-0.26%
01/27/2000,"2,948.93","2,948.93","2,948.93","2,948.93",,-0.75%
01/26/2000,"2,971.36","2,971.36","2,971.36","2,971.36",,-1.14%
01/25/2000,"3,005.56","3,005.56","3,005.56","3,005.56",,1.11%
01/24/2000,"2,972.64","2,972.64","2,972.64","2,972.64",,-0.78%
01/21/2000,"2,995.99","2,995.99","2,995.99","2,995.99",,0.09%
01/20/2000,"2,993.34","2,993.34","2,993.34","2,993.34",,0.70%
01/19/2000,"2,972.47","2,972.47","2,972.47","2,972.47",,0.51%
01/18/2000,"2,957.26","2,957.26","2,957.26","2,957.26",,1.93%
01/14/2000,"2,901.24","2,901.24","2,901.24","2,901.24",,2.51%
01/13/2000,"2,830.12","2,830.12","2,830.12","2,830.12",,0.89%
01/12/2000,"2,805.06","2,805.06","2,805.06","2,805.06",,1.33%
01/11/2000,"2,768.24","2,768.24","2,768.24","2,768.24",,2.07%
01/10/2000,"2,712.12","2,712.12","2,712.12","2,712.12",,0.82%
01/07/2000,"2,689.98","2,689.98","2,689.98","2,689.98",,-0.88%
01/06/2000,"2,713.84","2,713.84","2,713.84","2,713.84",,-0.04%
01/05/2000,"2,714.81","2,714.81","2,714.81","2,714.81",,-0.95%
01/04/2000,"2,740.74","2,740.74","2,740.74","2,740.74",,-0.94%
01/03/2000,"2,766.77","2,766.77","2,766.77","2,766.77",,-0.12%
