Date,Price,Open,High,Low,Vol.,Change %
10/21/2025,367.57,367.57,367.57,367.57,,-0.35%
10/20/2025,368.88,368.88,368.88,368.88,,1.10%
10/17/2025,364.86,364.86,364.86,364.86,,-0.16%
10/16/2025,365.44,365.44,365.44,365.44,,0.09%
10/15/2025,365.11,365.11,365.11,365.11,,-0.29%
10/14/2025,366.19,366.19,366.19,366.19,,-0.34%
10/13/2025,367.43,367.43,367.43,367.43,,0.98%
10/10/2025,363.85,363.85,363.85,363.85,,-2.18%
10/09/2025,371.97,371.97,371.97,371.97,,-0.91%
10/08/2025,375.4,375.4,375.4,375.4,,0.36%
10/07/2025,374.06,374.06,374.06,374.06,,0.02%
10/06/2025,373.97,373.97,373.97,373.97,,0.59%
10/03/2025,371.77,371.77,371.77,371.77,,0.36%
10/02/2025,370.45,370.45,370.45,370.45,,-0.72%
10/01/2025,373.12,373.12,373.12,373.12,,-0.02%
09/30/2025,373.19,373.19,373.19,373.19,,-0.65%
09/29/2025,375.62,375.62,375.62,375.62,,-0.77%
09/26/2025,378.53,378.53,378.53,378.53,,0.57%
09/25/2025,376.4,376.4,376.4,376.4,,0.17%
09/24/2025,375.77,375.77,375.77,375.77,,1.01%
09/23/2025,372.02,372.02,372.02,372.02,,0.73%
09/22/2025,369.33,369.33,369.33,369.33,,-0.38%
09/19/2025,370.76,370.76,370.76,370.76,,-0.73%
09/18/2025,373.49,373.49,373.49,373.49,,-0.77%
09/17/2025,376.39,376.39,376.39,376.39,,-1.19%
09/16/2025,380.91,380.91,380.91,380.91,,0.60%
09/15/2025,378.62,378.62,378.62,378.62,,1.28%
09/12/2025,373.85,373.85,373.85,373.85,,0.48%
09/11/2025,372.08,372.08,372.08,372.08,,-0.49%
09/10/2025,373.93,373.93,373.93,373.93,,0.58%
09/09/2025,371.77,371.77,371.77,371.77,,0.26%
09/08/2025,370.82,370.82,370.82,370.82,,0.58%
09/05/2025,368.67,368.67,368.67,368.67,,-0.85%
09/04/2025,371.83,371.83,371.83,371.83,,-0.76%
09/03/2025,374.67,374.67,374.67,374.67,,-0.55%
09/02/2025,376.73,376.73,376.73,376.73,,0.72%
08/29/2025,374.05,374.05,374.05,374.05,,0.21%
08/28/2025,373.26,373.26,373.26,373.26,,0.35%
08/27/2025,371.97,371.97,371.97,371.97,,0.78%
08/26/2025,369.1,369.1,369.1,369.1,,-1.07%
08/25/2025,373.08,373.08,373.08,373.08,,0.61%
08/22/2025,370.83,370.83,370.83,370.83,,0.54%
08/21/2025,368.84,368.84,368.84,368.84,,0.83%
08/20/2025,365.81,365.81,365.81,365.81,,0.68%
08/19/2025,363.36,363.36,363.36,363.36,,-0.65%
08/18/2025,365.75,365.75,365.75,365.75,,0.20%
08/15/2025,365.03,365.03,365.03,365.03,,0.16%
08/14/2025,364.43,364.43,364.43,364.43,,0.10%
08/13/2025,364.05,364.05,364.05,364.05,,-0.17%
08/12/2025,364.68,364.68,364.68,364.68,,-0.10%
08/11/2025,365.04,365.04,365.04,365.04,,0.58%
08/08/2025,362.92,362.92,362.92,362.92,,0.08%
08/07/2025,362.63,362.63,362.63,362.63,,0.26%
08/06/2025,361.67,361.67,361.67,361.67,,-0.06%
08/05/2025,361.87,361.87,361.87,361.87,,-0.10%
08/04/2025,362.23,362.23,362.23,362.23,,-0.52%
08/01/2025,364.11,364.11,364.11,364.11,,-1.49%
07/31/2025,369.61,369.61,369.61,369.61,,-1.78%
07/30/2025,376.3,376.3,376.3,376.3,,-0.22%
07/29/2025,377.14,377.14,377.14,377.14,,0.83%
07/28/2025,374.04,374.04,374.04,374.04,,0.44%
07/25/2025,372.39,372.39,372.39,372.39,,-0.68%
07/24/2025,374.96,374.96,374.96,374.96,,0.18%
07/23/2025,374.27,374.27,374.27,374.27,,0.03%
07/22/2025,374.16,374.16,374.16,374.16,,-0.32%
07/21/2025,375.35,375.35,375.35,375.35,,-0.40%
07/18/2025,376.85,376.85,376.85,376.85,,0.63%
07/17/2025,374.49,374.49,374.49,374.49,,0.37%
07/16/2025,373.11,373.11,373.11,373.11,,0.16%
07/15/2025,372.51,372.51,372.51,372.51,,-0.22%
07/14/2025,373.31,373.31,373.31,373.31,,-0.01%
07/11/2025,373.34,373.34,373.34,373.34,,1.06%
07/10/2025,369.42,369.42,369.42,369.42,,-0.41%
07/09/2025,370.95,370.95,370.95,370.95,,-0.20%
07/08/2025,371.7,371.7,371.7,371.7,,1.02%
07/07/2025,367.96,367.96,367.96,367.96,,-0.17%
07/03/2025,368.57,368.57,368.57,368.57,,-0.25%
07/02/2025,369.48,369.48,369.48,369.48,,1.58%
07/01/2025,363.72,363.72,363.72,363.72,,-0.40%
06/30/2025,365.18,365.18,365.18,365.18,,-0.79%
06/27/2025,368.08,368.08,368.08,368.08,,0.52%
06/26/2025,366.18,366.18,366.18,366.18,,0.55%
06/25/2025,364.17,364.17,364.17,364.17,,-0.10%
06/24/2025,364.55,364.55,364.55,364.55,,-2.64%
06/23/2025,374.43,374.43,374.43,374.43,,-2.36%
06/20/2025,383.47,383.47,383.47,383.47,,-0.57%
06/18/2025,385.67,385.67,385.67,385.67,,0.13%
06/17/2025,385.15,385.15,385.15,385.15,,1.25%
06/16/2025,380.4,380.4,380.4,380.4,,0.12%
06/13/2025,379.93,379.93,379.93,379.93,,2.37%
06/12/2025,371.14,371.14,371.14,371.14,,-0.10%
06/11/2025,371.5,371.5,371.5,371.5,,1.27%
06/10/2025,366.85,366.85,366.85,366.85,,-0.71%
06/09/2025,369.47,369.47,369.47,369.47,,0.24%
06/06/2025,368.58,368.58,368.58,368.58,,0.77%
06/05/2025,365.76,365.76,365.76,365.76,,0.71%
06/04/2025,363.18,363.18,363.18,363.18,,-0.08%
06/03/2025,363.45,363.45,363.45,363.45,,0.65%
06/02/2025,361.1,361.1,361.1,361.1,,1.58%
05/30/2025,355.47,355.47,355.47,355.47,,-0.10%
05/29/2025,355.83,355.83,355.83,355.83,,-0.84%
05/28/2025,358.85,358.85,358.85,358.85,,-0.49%
05/27/2025,360.63,360.63,360.63,360.63,,-0.60%
05/23/2025,362.79,362.79,362.79,362.79,,0.14%
05/22/2025,362.27,362.27,362.27,362.27,,-0.76%
05/21/2025,365.04,365.04,365.04,365.04,,0.14%
05/20/2025,364.52,364.52,364.52,364.52,,0.68%
05/19/2025,362.07,362.07,362.07,362.07,,0.08%
05/16/2025,361.77,361.77,361.77,361.77,,0.09%
05/15/2025,361.47,361.47,361.47,361.47,,-0.84%
05/14/2025,364.54,364.54,364.54,364.54,,-0.69%
05/13/2025,367.09,367.09,367.09,367.09,,1.70%
05/12/2025,360.94,360.94,360.94,360.94,,0.17%
05/09/2025,360.31,360.31,360.31,360.31,,1.08%
05/08/2025,356.47,356.47,356.47,356.47,,0.79%
05/07/2025,353.68,353.68,353.68,353.68,,-0.83%
05/06/2025,356.66,356.66,356.66,356.66,,1.36%
05/05/2025,351.88,351.88,351.88,351.88,,-0.64%
05/02/2025,354.13,354.13,354.13,354.13,,0.29%
05/01/2025,353.1,353.1,353.1,353.1,,0.26%
04/30/2025,352.18,352.18,352.18,352.18,,-1.84%
04/29/2025,358.8,358.8,358.8,358.8,,-1.22%
04/28/2025,363.21,363.21,363.21,363.21,,-0.16%
04/25/2025,363.79,363.79,363.79,363.79,,0.22%
04/24/2025,362.97,362.97,362.97,362.97,,0.76%
04/23/2025,360.23,360.23,360.23,360.23,,-0.56%
04/22/2025,362.25,362.25,362.25,362.25,,1.34%
04/21/2025,357.45,357.45,357.45,357.45,,-0.96%
04/17/2025,360.91,360.91,360.91,360.91,,1.27%
04/16/2025,356.39,356.39,356.39,356.39,,1.19%
04/15/2025,352.21,352.21,352.21,352.21,,-0.15%
04/14/2025,352.75,352.75,352.75,352.75,,-0.18%
04/11/2025,353.4,353.4,353.4,353.4,,1.87%
04/10/2025,346.93,346.93,346.93,346.93,,-1.00%
04/09/2025,350.44,350.44,350.44,350.44,,2.97%
04/08/2025,340.35,340.35,340.35,340.35,,-1.12%
04/07/2025,344.2,344.2,344.2,344.2,,-1.86%
04/04/2025,350.73,350.73,350.73,350.73,,-4.96%
04/03/2025,369.03,369.03,369.03,369.03,,-3.18%
04/02/2025,381.15,381.15,381.15,381.15,,0.91%
04/01/2025,377.73,377.73,377.73,377.73,,0.49%
03/31/2025,375.89,375.89,375.89,375.89,,0.83%
03/28/2025,372.8,372.8,372.8,372.8,,-0.05%
03/27/2025,372.98,372.98,372.98,372.98,,0.00%
03/26/2025,372.99,372.99,372.99,372.99,,0.20%
03/25/2025,372.24,372.24,372.24,372.24,,0.06%
03/24/2025,372.03,372.03,372.03,372.03,,0.23%
03/21/2025,371.17,371.17,371.17,371.17,,-0.52%
03/20/2025,373.11,373.11,373.11,373.11,,0.37%
03/19/2025,371.74,371.74,371.74,371.74,,0.75%
03/18/2025,368.98,368.98,368.98,368.98,,-0.18%
03/17/2025,369.63,369.63,369.63,369.63,,0.69%
03/14/2025,367.1,367.1,367.1,367.1,,-0.10%
03/13/2025,367.47,367.47,367.47,367.47,,-0.24%
03/12/2025,368.35,368.35,368.35,368.35,,0.28%
03/11/2025,367.31,367.31,367.31,367.31,,0.22%
03/10/2025,366.51,366.51,366.51,366.51,,-0.20%
03/07/2025,367.25,367.25,367.25,367.25,,0.67%
03/06/2025,364.82,364.82,364.82,364.82,,-0.12%
03/05/2025,365.26,365.26,365.26,365.26,,0.09%
03/04/2025,364.93,364.93,364.93,364.93,,0.33%
03/03/2025,363.73,363.73,363.73,363.73,,-0.48%
02/28/2025,365.48,365.48,365.48,365.48,,-1.36%
02/27/2025,370.52,370.52,370.52,370.52,,0.29%
02/26/2025,369.45,369.45,369.45,369.45,,-0.42%
02/25/2025,371,371,371,371,,-0.62%
02/24/2025,373.32,373.32,373.32,373.32,,-0.85%
02/21/2025,376.53,376.53,376.53,376.53,,-1.68%
02/20/2025,382.98,382.98,382.98,382.98,,0.00%
02/19/2025,382.99,382.99,382.99,382.99,,0.36%
02/18/2025,381.62,381.62,381.62,381.62,,1.16%
02/14/2025,377.26,377.26,377.26,377.26,,-0.34%
02/13/2025,378.57,378.57,378.57,378.57,,0.53%
02/12/2025,376.58,376.58,376.58,376.58,,-0.58%
02/11/2025,378.76,378.76,378.76,378.76,,0.47%
02/10/2025,377,377,377,377,,1.50%
02/07/2025,371.44,371.44,371.44,371.44,,0.03%
02/06/2025,371.33,371.33,371.33,371.33,,-0.16%
02/05/2025,371.92,371.92,371.92,371.92,,-0.42%
02/04/2025,373.47,373.47,373.47,373.47,,0.14%
02/03/2025,372.96,372.96,372.96,372.96,,1.33%
01/31/2025,368.05,368.05,368.05,368.05,,-0.46%
01/30/2025,369.74,369.74,369.74,369.74,,-0.38%
01/29/2025,371.14,371.14,371.14,371.14,,0.45%
01/28/2025,369.46,369.46,369.46,369.46,,0.30%
01/27/2025,368.34,368.34,368.34,368.34,,-1.42%
01/24/2025,373.63,373.63,373.63,373.63,,0.17%
01/23/2025,373.01,373.01,373.01,373.01,,0.00%
01/22/2025,373,373,373,373,,0.18%
01/21/2025,372.33,372.33,372.33,372.33,,-0.66%
01/17/2025,374.82,374.82,374.82,374.82,,-0.08%
01/16/2025,375.1,375.1,375.1,375.1,,-0.25%
01/15/2025,376.04,376.04,376.04,376.04,,1.59%
01/14/2025,370.17,370.17,370.17,370.17,,-0.54%
01/13/2025,372.16,372.16,372.16,372.16,,1.03%
01/10/2025,368.36,368.36,368.36,368.36,,1.83%
01/09/2025,361.73,361.73,361.73,361.73,,1.06%
01/08/2025,357.94,357.94,357.94,357.94,,-0.62%
01/07/2025,360.18,360.18,360.18,360.18,,0.13%
01/06/2025,359.72,359.72,359.72,359.72,,0.76%
01/03/2025,356.99,356.99,356.99,356.99,,-0.73%
01/02/2025,359.6,359.6,359.6,359.6,,0.78%
12/31/2024,356.81,356.81,356.81,356.81,,0.01%
12/30/2024,356.77,356.77,356.77,356.77,,1.82%
12/27/2024,350.39,350.39,350.39,350.39,,0.05%
12/26/2024,350.2,350.2,350.2,350.2,,-0.78%
12/24/2024,352.96,352.96,352.96,352.96,,0.89%
12/23/2024,349.84,349.84,349.84,349.84,,-0.31%
12/20/2024,350.91,350.91,350.91,350.91,,0.70%
12/19/2024,348.49,348.49,348.49,348.49,,-0.60%
12/18/2024,350.61,350.61,350.61,350.61,,0.38%
12/17/2024,349.27,349.27,349.27,349.27,,-0.77%
12/16/2024,351.97,351.97,351.97,351.97,,-0.22%
12/13/2024,352.73,352.73,352.73,352.73,,0.25%
12/12/2024,351.86,351.86,351.86,351.86,,-0.13%
12/11/2024,352.31,352.31,352.31,352.31,,1.12%
12/10/2024,348.42,348.42,348.42,348.42,,0.50%
12/09/2024,346.69,346.69,346.69,346.69,,0.99%
12/06/2024,343.29,343.29,343.29,343.29,,-0.02%
12/05/2024,343.36,343.36,343.36,343.36,,0.39%
12/04/2024,342.03,342.03,342.03,342.03,,-0.21%
12/03/2024,342.74,342.74,342.74,342.74,,0.52%
12/02/2024,340.98,340.98,340.98,340.98,,-0.80%
11/29/2024,343.72,343.72,343.72,343.72,,0.10%
11/27/2024,343.37,343.37,343.37,343.37,,-0.44%
11/26/2024,344.89,344.89,344.89,344.89,,0.19%
11/25/2024,344.23,344.23,344.23,344.23,,-0.79%
11/22/2024,346.98,346.98,346.98,346.98,,0.56%
11/21/2024,345.04,345.04,345.04,345.04,,0.74%
11/20/2024,342.5,342.5,342.5,342.5,,0.41%
11/19/2024,341.09,341.09,341.09,341.09,,0.39%
11/18/2024,339.75,339.75,339.75,339.75,,1.57%
11/15/2024,334.5,334.5,334.5,334.5,,-0.27%
11/14/2024,335.4,335.4,335.4,335.4,,0.10%
11/13/2024,335.08,335.08,335.08,335.08,,0.33%
11/12/2024,333.97,333.97,333.97,333.97,,0.18%
11/11/2024,333.37,333.37,333.37,333.37,,-0.95%
11/08/2024,336.55,336.55,336.55,336.55,,-1.57%
11/07/2024,341.9,341.9,341.9,341.9,,1.70%
11/06/2024,336.18,336.18,336.18,336.18,,-0.77%
11/05/2024,338.77,338.77,338.77,338.77,,0.33%
11/04/2024,337.66,337.66,337.66,337.66,,1.22%
11/01/2024,333.57,333.57,333.57,333.57,,-0.14%
10/31/2024,334.04,334.04,334.04,334.04,,-0.13%
10/30/2024,334.47,334.47,334.47,334.47,,0.70%
10/29/2024,332.13,332.13,332.13,332.13,,0.24%
10/28/2024,331.34,331.34,331.34,331.34,,-2.41%
10/25/2024,339.53,339.53,339.53,339.53,,0.83%
10/24/2024,336.75,336.75,336.75,336.75,,-0.36%
10/23/2024,337.97,337.97,337.97,337.97,,-0.27%
10/22/2024,338.88,338.88,338.88,338.88,,1.14%
10/21/2024,335.06,335.06,335.06,335.06,,0.58%
10/18/2024,333.12,333.12,333.12,333.12,,-0.75%
10/17/2024,335.66,335.66,335.66,335.66,,-0.01%
10/16/2024,335.68,335.68,335.68,335.68,,-0.37%
10/15/2024,336.94,336.94,336.94,336.94,,-1.47%
10/14/2024,341.98,341.98,341.98,341.98,,-1.29%
10/11/2024,346.45,346.45,346.45,346.45,,0.14%
10/10/2024,345.97,345.97,345.97,345.97,,1.58%
10/09/2024,340.59,340.59,340.59,340.59,,-0.38%
10/08/2024,341.9,341.9,341.9,341.9,,-2.13%
10/07/2024,349.34,349.34,349.34,349.34,,0.70%
10/04/2024,346.92,346.92,346.92,346.92,,0.18%
10/03/2024,346.28,346.28,346.28,346.28,,1.41%
10/02/2024,341.47,341.47,341.47,341.47,,0.28%
10/01/2024,340.52,340.52,340.52,340.52,,0.51%
09/30/2024,338.78,338.78,338.78,338.78,,-0.31%
09/27/2024,339.83,339.83,339.83,339.83,,0.47%
09/26/2024,338.24,338.24,338.24,338.24,,-0.52%
09/25/2024,340.01,340.01,340.01,340.01,,-0.49%
09/24/2024,341.67,341.67,341.67,341.67,,1.23%
09/23/2024,337.51,337.51,337.51,337.51,,0.66%
09/20/2024,335.31,335.31,335.31,335.31,,0.08%
09/19/2024,335.03,335.03,335.03,335.03,,0.86%
09/18/2024,332.17,332.17,332.17,332.17,,0.43%
09/17/2024,330.75,330.75,330.75,330.75,,0.67%
09/16/2024,328.56,328.56,328.56,328.56,,1.14%
09/13/2024,324.85,324.85,324.85,324.85,,0.33%
09/12/2024,323.8,323.8,323.8,323.8,,1.36%
09/11/2024,319.45,319.45,319.45,319.45,,1.47%
09/10/2024,314.81,314.81,314.81,314.81,,-1.51%
09/09/2024,319.65,319.65,319.65,319.65,,1.07%
09/06/2024,316.27,316.27,316.27,316.27,,-1.61%
09/05/2024,321.45,321.45,321.45,321.45,,0.39%
09/04/2024,320.2,320.2,320.2,320.2,,-0.92%
09/03/2024,323.18,323.18,323.18,323.18,,-1.47%
08/30/2024,328,328,328,328,,-1.00%
08/29/2024,331.33,331.33,331.33,331.33,,0.83%
08/28/2024,328.6,328.6,328.6,328.6,,-1.03%
08/27/2024,332.02,332.02,332.02,332.02,,-0.50%
08/26/2024,333.67,333.67,333.67,333.67,,1.21%
08/23/2024,329.68,329.68,329.68,329.68,,1.49%
08/22/2024,324.85,324.85,324.85,324.85,,-0.25%
08/21/2024,325.67,325.67,325.67,325.67,,-0.35%
08/20/2024,326.82,326.82,326.82,326.82,,0.03%
08/19/2024,326.73,326.73,326.73,326.73,,0.39%
08/16/2024,325.47,325.47,325.47,325.47,,-0.67%
08/15/2024,327.68,327.68,327.68,327.68,,0.69%
08/14/2024,325.43,325.43,325.43,325.43,,-0.29%
08/13/2024,326.39,326.39,326.39,326.39,,-1.13%
08/12/2024,330.11,330.11,330.11,330.11,,1.33%
08/09/2024,325.77,325.77,325.77,325.77,,0.73%
08/08/2024,323.4,323.4,323.4,323.4,,0.12%
08/07/2024,323.01,323.01,323.01,323.01,,1.33%
08/06/2024,318.78,318.78,318.78,318.78,,0.52%
08/05/2024,317.13,317.13,317.13,317.13,,-0.45%
08/02/2024,318.57,318.57,318.57,318.57,,-1.25%
08/01/2024,322.61,322.61,322.61,322.61,,-1.61%
07/31/2024,327.9,327.9,327.9,327.9,,1.25%
07/30/2024,323.87,323.87,323.87,323.87,,-0.06%
07/29/2024,324.05,324.05,324.05,324.05,,-0.84%
07/26/2024,326.8,326.8,326.8,326.8,,-0.81%
07/25/2024,329.46,329.46,329.46,329.46,,-0.01%
07/24/2024,329.49,329.49,329.49,329.49,,-0.23%
07/23/2024,330.24,330.24,330.24,330.24,,-0.92%
07/22/2024,333.32,333.32,333.32,333.32,,1.02%
07/19/2024,329.96,329.96,329.96,329.96,,-1.82%
07/18/2024,336.07,336.07,336.07,336.07,,-0.15%
07/17/2024,336.57,336.57,336.57,336.57,,0.11%
07/16/2024,336.21,336.21,336.21,336.21,,-0.89%
07/15/2024,339.21,339.21,339.21,339.21,,-0.66%
07/12/2024,341.48,341.48,341.48,341.48,,0.02%
07/11/2024,341.39,341.39,341.39,341.39,,0.26%
07/10/2024,340.51,340.51,340.51,340.51,,-0.08%
07/09/2024,340.78,340.78,340.78,340.78,,-0.30%
07/08/2024,341.82,341.82,341.82,341.82,,-0.81%
07/05/2024,344.63,344.63,344.63,344.63,,-0.17%
07/03/2024,345.23,345.23,345.23,345.23,,0.59%
07/02/2024,343.21,343.21,343.21,343.21,,0.28%
07/01/2024,342.25,342.25,342.25,342.25,,0.42%
06/28/2024,340.81,340.81,340.81,340.81,,-0.27%
06/27/2024,341.73,341.73,341.73,341.73,,0.02%
06/26/2024,341.67,341.67,341.67,341.67,,-0.25%
06/25/2024,342.52,342.52,342.52,342.52,,-0.91%
06/24/2024,345.66,345.66,345.66,345.66,,0.58%
06/21/2024,343.68,343.68,343.68,343.68,,-0.72%
06/20/2024,346.17,346.17,346.17,346.17,,-0.07%
06/18/2024,346.41,346.41,346.41,346.41,,0.90%
06/17/2024,343.31,343.31,343.31,343.31,,-0.28%
06/14/2024,344.28,344.28,344.28,344.28,,-0.53%
06/13/2024,346.1,346.1,346.1,346.1,,0.18%
06/12/2024,345.47,345.47,345.47,345.47,,0.83%
06/11/2024,342.62,342.62,342.62,342.62,,0.48%
06/10/2024,340.98,340.98,340.98,340.98,,0.57%
06/07/2024,339.05,339.05,339.05,339.05,,-0.86%
06/06/2024,341.99,341.99,341.99,341.99,,1.65%
06/05/2024,336.44,336.44,336.44,336.44,,0.52%
06/04/2024,334.7,334.7,334.7,334.7,,-0.96%
06/03/2024,337.95,337.95,337.95,337.95,,-0.32%
05/31/2024,339.05,339.05,339.05,339.05,,-0.95%
05/30/2024,342.31,342.31,342.31,342.31,,-1.54%
05/29/2024,347.68,347.68,347.68,347.68,,-0.85%
05/28/2024,350.67,350.67,350.67,350.67,,2.08%
05/24/2024,343.51,343.51,343.51,343.51,,0.18%
05/23/2024,342.88,342.88,342.88,342.88,,-0.48%
05/22/2024,344.55,344.55,344.55,344.55,,-0.22%
05/21/2024,345.31,345.31,345.31,345.31,,0.13%
05/20/2024,344.86,344.86,344.86,344.86,,0.68%
05/17/2024,342.54,342.54,342.54,342.54,,1.31%
05/16/2024,338.1,338.1,338.1,338.1,,0.02%
05/15/2024,338.04,338.04,338.04,338.04,,0.92%
05/14/2024,334.96,334.96,334.96,334.96,,-0.09%
05/13/2024,335.28,335.28,335.28,335.28,,-0.57%
05/10/2024,337.2,337.2,337.2,337.2,,-0.16%
05/09/2024,337.76,337.76,337.76,337.76,,0.35%
05/08/2024,336.57,336.57,336.57,336.57,,-0.18%
05/07/2024,337.17,337.17,337.17,337.17,,0.70%
05/06/2024,334.83,334.83,334.83,334.83,,0.43%
05/03/2024,333.41,333.41,333.41,333.41,,0.64%
05/02/2024,331.31,331.31,331.31,331.31,,-0.23%
05/01/2024,332.07,332.07,332.07,332.07,,-2.05%
04/30/2024,339.03,339.03,339.03,339.03,,-1.28%
04/29/2024,343.43,343.43,343.43,343.43,,-0.47%
04/26/2024,345.07,345.07,345.07,345.07,,-0.26%
04/25/2024,345.97,345.97,345.97,345.97,,0.20%
04/24/2024,345.27,345.27,345.27,345.27,,-0.13%
04/23/2024,345.74,345.74,345.74,345.74,,-0.18%
04/22/2024,346.35,346.35,346.35,346.35,,0.03%
04/19/2024,346.24,346.24,346.24,346.24,,0.88%
04/18/2024,343.23,343.23,343.23,343.23,,0.41%
04/17/2024,341.84,341.84,341.84,341.84,,-0.79%
04/16/2024,344.57,344.57,344.57,344.57,,-0.44%
04/15/2024,346.08,346.08,346.08,346.08,,0.15%
04/12/2024,345.56,345.56,345.56,345.56,,0.80%
04/11/2024,342.82,342.82,342.82,342.82,,-0.76%
04/10/2024,345.45,345.45,345.45,345.45,,0.39%
04/09/2024,344.09,344.09,344.09,344.09,,-0.24%
04/08/2024,344.91,344.91,344.91,344.91,,0.01%
04/05/2024,344.88,344.88,344.88,344.88,,0.43%
04/04/2024,343.39,343.39,343.39,343.39,,0.40%
04/03/2024,342.02,342.02,342.02,342.02,,0.34%
04/02/2024,340.85,340.85,340.85,340.85,,0.66%
04/01/2024,338.6,338.6,338.6,338.6,,0.76%
03/28/2024,336.03,336.03,336.03,336.03,,1.24%
03/27/2024,331.9,331.9,331.9,331.9,,-0.35%
03/26/2024,333.07,333.07,333.07,333.07,,-0.37%
03/25/2024,334.32,334.32,334.32,334.32,,1.16%
03/22/2024,330.5,330.5,330.5,330.5,,-0.27%
03/21/2024,331.38,331.38,331.38,331.38,,0.38%
03/20/2024,330.13,330.13,330.13,330.13,,-0.45%
03/19/2024,331.62,331.62,331.62,331.62,,-0.12%
03/18/2024,332.01,332.01,332.01,332.01,,0.96%
03/15/2024,328.85,328.85,328.85,328.85,,0.61%
03/14/2024,326.86,326.86,326.86,326.86,,0.68%
03/13/2024,324.67,324.67,324.67,324.67,,1.01%
03/12/2024,321.42,321.42,321.42,321.42,,0.13%
03/11/2024,320.99,320.99,320.99,320.99,,0.55%
03/08/2024,319.25,319.25,319.25,319.25,,-0.88%
03/07/2024,322.08,322.08,322.08,322.08,,0.36%
03/06/2024,320.91,320.91,320.91,320.91,,0.85%
03/05/2024,318.22,318.22,318.22,318.22,,-0.51%
03/04/2024,319.85,319.85,319.85,319.85,,0.11%
03/01/2024,319.51,319.51,319.51,319.51,,0.75%
02/29/2024,317.12,317.12,317.12,317.12,,-0.06%
02/28/2024,317.3,317.3,317.3,317.3,,-0.43%
02/27/2024,318.66,318.66,318.66,318.66,,1.06%
02/26/2024,315.32,315.32,315.32,315.32,,1.08%
02/23/2024,311.94,311.94,311.94,311.94,,-1.18%
02/22/2024,315.68,315.68,315.68,315.68,,0.05%
02/21/2024,315.52,315.52,315.52,315.52,,1.21%
02/20/2024,311.73,311.73,311.73,311.73,,-0.61%
02/16/2024,313.66,313.66,313.66,313.66,,0.50%
02/15/2024,312.11,312.11,312.11,312.11,,0.42%
02/14/2024,310.8,310.8,310.8,310.8,,-1.03%
02/13/2024,314.04,314.04,314.04,314.04,,-0.08%
02/12/2024,314.3,314.3,314.3,314.3,,-0.33%
02/09/2024,315.35,315.35,315.35,315.35,,0.30%
02/08/2024,314.42,314.42,314.42,314.42,,1.21%
02/07/2024,310.67,310.67,310.67,310.67,,0.50%
02/06/2024,309.13,309.13,309.13,309.13,,0.34%
02/05/2024,308.1,308.1,308.1,308.1,,0.21%
02/02/2024,307.45,307.45,307.45,307.45,,-0.71%
02/01/2024,309.66,309.66,309.66,309.66,,-0.98%
01/31/2024,312.72,312.72,312.72,312.72,,-0.56%
01/30/2024,314.49,314.49,314.49,314.49,,1.17%
01/29/2024,310.86,310.86,310.86,310.86,,-0.94%
01/26/2024,313.82,313.82,313.82,313.82,,0.44%
01/25/2024,312.43,312.43,312.43,312.43,,0.54%
01/24/2024,310.76,310.76,310.76,310.76,,1.05%
01/23/2024,307.53,307.53,307.53,307.53,,0.48%
01/22/2024,306.05,306.05,306.05,306.05,,0.64%
01/19/2024,304.11,304.11,304.11,304.11,,-0.02%
01/18/2024,304.17,304.17,304.17,304.17,,0.93%
01/17/2024,301.35,301.35,301.35,301.35,,-0.46%
01/16/2024,302.74,302.74,302.74,302.74,,0.03%
01/12/2024,302.66,302.66,302.66,302.66,,0.12%
01/11/2024,302.29,302.29,302.29,302.29,,0.69%
01/10/2024,300.2,300.2,300.2,300.2,,-0.88%
01/09/2024,302.88,302.88,302.88,302.88,,1.18%
01/08/2024,299.36,299.36,299.36,299.36,,-1.56%
01/05/2024,304.1,304.1,304.1,304.1,,0.36%
01/04/2024,303.01,303.01,303.01,303.01,,-0.08%
01/03/2024,303.26,303.26,303.26,303.26,,1.01%
01/02/2024,300.22,300.22,300.22,300.22,,-0.39%
12/29/2023,301.4,301.4,301.4,301.4,,-0.94%
12/28/2023,304.27,304.27,304.27,304.27,,-0.69%
12/27/2023,306.4,306.4,306.4,306.4,,-0.12%
12/26/2023,306.76,306.76,306.76,306.76,,0.83%
12/22/2023,304.25,304.25,304.25,304.25,,0.21%
12/21/2023,303.62,303.62,303.62,303.62,,-0.10%
12/20/2023,303.93,303.93,303.93,303.93,,-0.48%
12/19/2023,305.38,305.38,305.38,305.38,,0.69%
12/18/2023,303.29,303.29,303.29,303.29,,0.36%
12/15/2023,302.2,302.2,302.2,302.2,,0.30%
12/14/2023,301.29,301.29,301.29,301.29,,2.02%
12/13/2023,295.33,295.33,295.33,295.33,,0.41%
12/12/2023,294.12,294.12,294.12,294.12,,-1.39%
12/11/2023,298.26,298.26,298.26,298.26,,-0.36%
12/08/2023,299.33,299.33,299.33,299.33,,0.81%
12/07/2023,296.92,296.92,296.92,296.92,,0.43%
12/06/2023,295.64,295.64,295.64,295.64,,-2.49%
12/05/2023,303.18,303.18,303.18,303.18,,-0.47%
12/04/2023,304.61,304.61,304.61,304.61,,-1.12%
12/01/2023,308.07,308.07,308.07,308.07,,-1.03%
11/30/2023,311.29,311.29,311.29,311.29,,-0.64%
11/29/2023,313.29,313.29,313.29,313.29,,0.66%
11/28/2023,311.23,311.23,311.23,311.23,,1.20%
11/27/2023,307.55,307.55,307.55,307.55,,-0.51%
11/24/2023,309.15,309.15,309.15,309.15,,-1.10%
11/22/2023,312.58,312.58,312.58,312.58,,-0.69%
11/21/2023,314.75,314.75,314.75,314.75,,0.17%
11/20/2023,314.21,314.21,314.21,314.21,,1.14%
11/17/2023,310.68,310.68,310.68,310.68,,0.87%
11/16/2023,308,308,308,308,,-1.97%
11/15/2023,314.2,314.2,314.2,314.2,,-0.21%
11/14/2023,314.88,314.88,314.88,314.88,,-0.05%
11/13/2023,315.03,315.03,315.03,315.03,,1.60%
11/10/2023,310.05,310.05,310.05,310.05,,0.01%
11/09/2023,310.02,310.02,310.02,310.02,,0.01%
11/08/2023,309.98,309.98,309.98,309.98,,-0.83%
11/07/2023,312.58,312.58,312.58,312.58,,-2.17%
11/06/2023,319.53,319.53,319.53,319.53,,0.09%
11/03/2023,319.25,319.25,319.25,319.25,,-0.16%
11/02/2023,319.75,319.75,319.75,319.75,,1.15%
11/01/2023,316.12,316.12,316.12,316.12,,-0.72%
10/31/2023,318.42,318.42,318.42,318.42,,0.15%
10/30/2023,317.93,317.93,317.93,317.93,,-1.48%
10/27/2023,322.69,322.69,322.69,322.69,,1.29%
10/26/2023,318.59,318.59,318.59,318.59,,-0.55%
10/25/2023,320.34,320.34,320.34,320.34,,0.46%
10/24/2023,318.87,318.87,318.87,318.87,,-0.53%
10/23/2023,320.58,320.58,320.58,320.58,,-0.87%
10/20/2023,323.39,323.39,323.39,323.39,,-0.45%
10/19/2023,324.83,324.83,324.83,324.83,,0.54%
10/18/2023,323.08,323.08,323.08,323.08,,0.99%
10/17/2023,319.92,319.92,319.92,319.92,,0.27%
10/16/2023,319.08,319.08,319.08,319.08,,-0.52%
10/13/2023,320.75,320.75,320.75,320.75,,2.13%
10/12/2023,314.05,314.05,314.05,314.05,,0.27%
10/11/2023,313.21,313.21,313.21,313.21,,-0.87%
10/10/2023,315.97,315.97,315.97,315.97,,-0.07%
10/09/2023,316.19,316.19,316.19,316.19,,1.20%
10/06/2023,312.43,312.43,312.43,312.43,,0.84%
10/05/2023,309.83,309.83,309.83,309.83,,-0.28%
10/04/2023,310.68,310.68,310.68,310.68,,-2.14%
10/03/2023,317.46,317.46,317.46,317.46,,-0.34%
10/02/2023,318.54,318.54,318.54,318.54,,-0.68%
09/29/2023,320.71,320.71,320.71,320.71,,-0.86%
09/28/2023,323.5,323.5,323.5,323.5,,-0.13%
09/27/2023,323.91,323.91,323.91,323.91,,0.98%
09/26/2023,320.78,320.78,320.78,320.78,,-0.06%
09/25/2023,320.98,320.98,320.98,320.98,,-0.32%
09/22/2023,322.02,322.02,322.02,322.02,,0.04%
09/21/2023,321.9,321.9,321.9,321.9,,-0.87%
09/20/2023,324.72,324.72,324.72,324.72,,-0.51%
09/19/2023,326.38,326.38,326.38,326.38,,0.23%
09/18/2023,325.63,325.63,325.63,325.63,,-0.03%
09/15/2023,325.75,325.75,325.75,325.75,,-0.22%
09/14/2023,326.46,326.46,326.46,326.46,,0.94%
09/13/2023,323.42,323.42,323.42,323.42,,0.11%
09/12/2023,323.06,323.06,323.06,323.06,,0.37%
09/11/2023,321.88,321.88,321.88,321.88,,0.70%
09/08/2023,319.64,319.64,319.64,319.64,,0.26%
09/07/2023,318.8,318.8,318.8,318.8,,-0.32%
09/06/2023,319.84,319.84,319.84,319.84,,-0.05%
09/05/2023,320,320,320,320,,0.26%
09/01/2023,319.18,319.18,319.18,319.18,,0.89%
08/31/2023,316.38,316.38,316.38,316.38,,0.28%
08/30/2023,315.48,315.48,315.48,315.48,,0.50%
08/29/2023,313.91,313.91,313.91,313.91,,0.43%
08/28/2023,312.57,312.57,312.57,312.57,,0.20%
08/25/2023,311.94,311.94,311.94,311.94,,0.87%
08/24/2023,309.24,309.24,309.24,309.24,,0.32%
08/23/2023,308.24,308.24,308.24,308.24,,0.37%
08/22/2023,307.09,307.09,307.09,307.09,,-0.26%
08/21/2023,307.88,307.88,307.88,307.88,,-0.22%
08/18/2023,308.57,308.57,308.57,308.57,,0.41%
08/17/2023,307.31,307.31,307.31,307.31,,0.36%
08/16/2023,306.22,306.22,306.22,306.22,,-0.29%
08/15/2023,307.12,307.12,307.12,307.12,,-1.35%
08/14/2023,311.32,311.32,311.32,311.32,,-0.54%
08/11/2023,313.01,313.01,313.01,313.01,,-0.07%
08/10/2023,313.22,313.22,313.22,313.22,,-0.72%
08/09/2023,315.5,315.5,315.5,315.5,,1.02%
08/08/2023,312.3,312.3,312.3,312.3,,0.03%
08/07/2023,312.21,312.21,312.21,312.21,,-0.05%
08/04/2023,312.38,312.38,312.38,312.38,,0.37%
08/03/2023,311.24,311.24,311.24,311.24,,0.73%
08/02/2023,308.98,308.98,308.98,308.98,,-1.53%
08/01/2023,313.79,313.79,313.79,313.79,,-0.46%
07/31/2023,315.23,315.23,315.23,315.23,,0.65%
07/28/2023,313.2,313.2,313.2,313.2,,0.13%
07/27/2023,312.81,312.81,312.81,312.81,,-0.23%
07/26/2023,313.54,313.54,313.54,313.54,,-0.35%
07/25/2023,314.63,314.63,314.63,314.63,,0.64%
07/24/2023,312.63,312.63,312.63,312.63,,1.37%
07/21/2023,308.41,308.41,308.41,308.41,,0.66%
07/20/2023,306.39,306.39,306.39,306.39,,0.61%
07/19/2023,304.55,304.55,304.55,304.55,,0.47%
07/18/2023,303.12,303.12,303.12,303.12,,1.49%
07/17/2023,298.67,298.67,298.67,298.67,,-1.02%
07/14/2023,301.76,301.76,301.76,301.76,,0.03%
07/13/2023,301.66,301.66,301.66,301.66,,0.92%
07/12/2023,298.89,298.89,298.89,298.89,,0.28%
07/11/2023,298.07,298.07,298.07,298.07,,1.23%
07/10/2023,294.45,294.45,294.45,294.45,,0.01%
07/07/2023,294.4,294.4,294.4,294.4,,0.98%
07/06/2023,291.53,291.53,291.53,291.53,,-0.32%
07/05/2023,292.47,292.47,292.47,292.47,,0.76%
07/03/2023,290.27,290.27,290.27,290.27,,-0.37%
06/30/2023,291.36,291.36,291.36,291.36,,1.14%
06/29/2023,288.07,288.07,288.07,288.07,,-0.04%
06/28/2023,288.19,288.19,288.19,288.19,,-0.18%
06/27/2023,288.7,288.7,288.7,288.7,,-1.40%
06/26/2023,292.8,292.8,292.8,292.8,,0.21%
06/23/2023,292.18,292.18,292.18,292.18,,-1.01%
06/22/2023,295.16,295.16,295.16,295.16,,-1.81%
06/21/2023,300.59,300.59,300.59,300.59,,1.22%
06/20/2023,296.96,296.96,296.96,296.96,,-1.23%
06/16/2023,300.66,300.66,300.66,300.66,,1.51%
06/15/2023,296.19,296.19,296.19,296.19,,2.57%
06/14/2023,288.77,288.77,288.77,288.77,,-0.19%
06/13/2023,289.34,289.34,289.34,289.34,,1.52%
06/12/2023,285.01,285.01,286.72,285.01,,-1.33%
06/09/2023,288.86,288.86,288.86,288.86,,-0.67%
06/08/2023,290.8,290.8,290.8,290.8,,0.35%
06/07/2023,289.77,289.77,289.77,289.77,,0.30%
06/06/2023,288.89,288.89,288.89,288.89,,0.11%
06/05/2023,288.59,288.59,288.59,288.59,,0.34%
06/02/2023,287.63,287.63,287.63,287.63,,0.92%
06/01/2023,285.01,285.01,285.01,285.01,,1.40%
05/31/2023,281.07,281.07,281.07,281.07,,-0.63%
05/30/2023,282.86,282.86,282.86,282.86,,-1.94%
05/26/2023,288.45,288.45,288.45,288.45,,0.87%
05/25/2023,285.96,285.96,285.96,285.96,,-1.59%
05/24/2023,290.57,290.57,290.57,290.57,,0.58%
05/23/2023,288.89,288.89,288.89,288.89,,-0.13%
05/22/2023,289.26,289.26,289.26,289.26,,-0.17%
05/19/2023,289.74,289.74,289.74,289.74,,0.19%
05/18/2023,289.18,289.18,289.18,289.18,,-0.22%
05/17/2023,289.83,289.83,289.83,289.83,,0.93%
05/16/2023,287.14,287.14,287.14,287.14,,-0.66%
05/15/2023,289.04,289.04,289.04,289.04,,1.49%
05/12/2023,284.81,284.81,284.81,284.81,,-0.01%
05/11/2023,284.83,284.83,284.83,284.83,,-1.60%
05/10/2023,289.46,289.46,289.46,289.46,,-0.71%
05/09/2023,291.52,291.52,291.52,291.52,,0.06%
05/08/2023,291.35,291.35,291.35,291.35,,0.96%
05/05/2023,288.58,288.58,288.58,288.58,,1.88%
05/04/2023,283.25,283.25,283.25,283.25,,0.11%
05/03/2023,282.94,282.94,282.94,282.94,,-1.55%
05/02/2023,287.39,287.39,287.39,287.39,,-2.12%
05/01/2023,293.61,293.61,293.61,293.61,,-0.64%
04/28/2023,295.51,295.51,295.51,295.51,,1.12%
04/27/2023,292.23,292.23,292.23,292.23,,0.12%
04/26/2023,291.89,291.89,291.89,291.89,,-1.41%
04/25/2023,296.07,296.07,296.07,296.07,,-1.39%
04/24/2023,300.24,300.24,300.24,300.24,,0.71%
04/21/2023,298.13,298.13,298.13,298.13,,-0.39%
04/20/2023,299.3,299.3,299.3,299.3,,-1.12%
04/19/2023,302.69,302.69,302.69,302.69,,-1.39%
04/18/2023,306.94,306.94,306.94,306.94,,0.78%
04/17/2023,304.57,304.57,304.57,304.57,,0.26%
04/14/2023,303.79,303.79,303.79,303.79,,0.24%
04/13/2023,303.06,303.06,303.06,303.06,,-0.04%
04/12/2023,303.17,303.17,303.17,303.17,,0.38%
04/11/2023,302.03,302.03,302.03,302.03,,1.13%
04/10/2023,298.64,298.64,298.64,298.64,,-0.06%
04/06/2023,298.81,298.81,298.81,298.81,,-0.08%
04/05/2023,299.06,299.06,299.06,299.06,,0.42%
04/04/2023,297.81,297.81,297.81,297.81,,-0.06%
04/03/2023,297.98,297.98,297.98,297.98,,1.39%
03/31/2023,293.9,293.9,293.9,293.9,,1.28%
03/30/2023,290.19,290.19,290.19,290.19,,0.65%
03/29/2023,288.31,288.31,288.31,288.31,,-0.28%
03/28/2023,289.13,289.13,289.13,289.13,,0.46%
03/27/2023,287.82,287.82,287.82,287.82,,1.52%
03/24/2023,283.5,283.5,283.5,283.5,,0.29%
03/23/2023,282.68,282.68,282.68,282.68,,-0.32%
03/22/2023,283.6,283.6,283.6,283.6,,0.39%
03/21/2023,282.5,282.5,282.5,282.5,,1.00%
03/20/2023,279.72,279.72,279.72,279.72,,0.24%
03/17/2023,279.04,279.04,279.04,279.04,,-0.76%
03/16/2023,281.18,281.18,281.18,281.18,,1.04%
03/15/2023,278.28,278.28,278.28,278.28,,-2.68%
03/14/2023,285.96,285.96,285.96,285.96,,-1.34%
03/13/2023,289.86,289.86,289.86,289.86,,-0.08%
03/10/2023,290.1,290.1,290.1,290.1,,0.14%
03/09/2023,289.69,289.69,289.69,289.69,,-0.87%
03/08/2023,292.23,292.23,292.23,292.23,,-0.94%
03/07/2023,295,295,295,295,,-1.45%
03/06/2023,299.34,299.34,299.34,299.34,,-0.49%
03/03/2023,300.83,300.83,300.83,300.83,,1.40%
03/02/2023,296.69,296.69,296.69,296.69,,-0.54%
03/01/2023,298.3,298.3,298.3,298.3,,1.12%
02/28/2023,295.01,295.01,295.01,295.01,,0.47%
02/27/2023,293.61,293.61,293.61,293.61,,0.58%
02/24/2023,291.91,291.91,291.91,291.91,,0.09%
02/23/2023,291.64,291.64,291.64,291.64,,0.33%
02/22/2023,290.69,290.69,290.69,290.69,,-0.87%
02/21/2023,293.25,293.25,293.25,293.25,,0.39%
02/17/2023,292.1,292.1,292.1,292.1,,-0.98%
02/16/2023,294.99,294.99,294.99,294.99,,-0.04%
02/15/2023,295.1,295.1,295.1,295.1,,-1.15%
02/14/2023,298.52,298.52,298.52,298.52,,0.29%
02/13/2023,297.65,297.65,297.65,297.65,,0.08%
02/10/2023,297.4,297.4,297.4,297.4,,0.82%
02/09/2023,294.98,294.98,294.98,294.98,,-0.15%
02/08/2023,295.44,295.44,295.44,295.44,,0.07%
02/07/2023,295.24,295.24,295.24,295.24,,1.73%
02/06/2023,290.21,290.21,290.21,290.21,,0.05%
02/03/2023,290.08,290.08,290.08,290.08,,-1.99%
02/02/2023,295.96,295.96,295.96,295.96,,-0.05%
02/01/2023,296.11,296.11,296.11,296.11,,-2.25%
01/31/2023,302.92,302.92,302.92,302.92,,1.35%
01/30/2023,298.9,298.9,298.9,298.9,,-1.13%
01/27/2023,302.3,302.3,302.3,302.3,,-0.66%
01/26/2023,304.32,304.32,304.32,304.32,,0.76%
01/25/2023,302.02,302.02,302.02,302.02,,-0.16%
01/24/2023,302.52,302.52,302.52,302.52,,-0.80%
01/23/2023,304.96,304.96,304.96,304.96,,0.68%
01/20/2023,302.9,302.9,302.9,302.9,,0.68%
01/19/2023,300.86,300.86,300.86,300.86,,0.19%
01/18/2023,300.29,300.29,300.29,300.29,,-0.38%
01/17/2023,301.44,301.44,301.44,301.44,,0.53%
01/13/2023,299.86,299.86,299.86,299.86,,0.80%
01/12/2023,297.49,297.49,297.49,297.49,,0.93%
01/11/2023,294.74,294.74,294.74,294.74,,1.20%
01/10/2023,291.25,291.25,291.25,291.25,,-0.19%
01/09/2023,291.81,291.81,291.81,291.81,,1.48%
01/06/2023,287.56,287.56,287.56,287.56,,0.44%
01/05/2023,286.29,286.29,286.29,286.29,,-0.17%
01/04/2023,286.78,286.78,286.78,286.78,,-2.21%
01/03/2023,293.26,293.26,293.26,293.26,,-2.68%
12/30/2022,301.33,301.33,301.33,301.33,,0.64%
12/29/2022,299.41,299.41,299.41,299.41,,-0.47%
12/28/2022,300.83,300.83,300.83,300.83,,-0.39%
12/27/2022,302,302,302,302,,0.18%
12/23/2022,301.47,301.47,301.47,301.47,,1.64%
12/22/2022,296.59,296.59,296.59,296.59,,-0.92%
12/21/2022,299.34,299.34,299.34,299.34,,1.46%
12/20/2022,295.03,295.03,295.03,295.03,,0.64%
12/19/2022,293.15,293.15,293.15,293.15,,-0.27%
12/16/2022,293.93,293.93,293.93,293.93,,-1.20%
12/15/2022,297.51,297.51,297.51,297.51,,-0.68%
12/14/2022,299.54,299.54,299.54,299.54,,0.59%
12/13/2022,297.78,297.78,297.78,297.78,,2.11%
12/12/2022,291.61,291.61,291.61,291.61,,1.20%
12/09/2022,288.16,288.16,288.16,288.16,,-0.03%
12/08/2022,288.26,288.26,288.26,288.26,,0.21%
12/07/2022,287.67,287.67,287.67,287.67,,-0.57%
12/06/2022,289.33,289.33,289.33,289.33,,-1.06%
12/05/2022,292.43,292.43,292.43,292.43,,-2.25%
12/02/2022,299.18,299.18,299.18,299.18,,-0.98%
12/01/2022,302.14,302.14,302.14,302.14,,-0.09%
11/30/2022,302.42,302.42,302.42,302.42,,1.55%
11/29/2022,297.81,297.81,297.81,297.81,,0.96%
11/28/2022,294.96,294.96,294.96,294.96,,-0.09%
11/25/2022,295.22,295.22,295.22,295.22,,-1.28%
11/23/2022,299.06,299.06,299.06,299.06,,-0.84%
11/22/2022,301.58,301.58,301.58,301.58,,1.00%
11/21/2022,298.61,298.61,298.61,298.61,,0.08%
11/18/2022,298.37,298.37,298.37,298.37,,-0.42%
11/17/2022,299.63,299.63,299.63,299.63,,-1.82%
11/16/2022,305.19,305.19,305.19,305.19,,-0.54%
11/15/2022,306.86,306.86,306.86,306.86,,0.79%
11/14/2022,304.45,304.45,304.45,304.45,,-1.24%
11/11/2022,308.26,308.26,308.26,308.26,,1.31%
11/10/2022,304.26,304.26,304.26,304.26,,0.85%
11/09/2022,301.71,301.71,301.71,301.71,,-1.49%
11/08/2022,306.27,306.27,306.27,306.27,,-0.99%
11/07/2022,309.33,309.33,309.33,309.33,,-0.19%
11/04/2022,309.91,309.91,309.91,309.91,,3.33%
11/03/2022,299.93,299.93,299.93,299.93,,-0.82%
11/02/2022,302.42,302.42,302.42,302.42,,1.58%
11/01/2022,297.73,297.73,297.73,297.73,,0.82%
10/31/2022,295.31,295.31,295.31,295.31,,0.59%
10/28/2022,293.59,293.59,293.59,293.59,,-1.50%
10/27/2022,298.06,298.06,298.06,298.06,,-0.18%
10/26/2022,298.61,298.61,298.61,298.61,,1.23%
10/25/2022,294.97,294.97,294.97,294.97,,0.81%
10/24/2022,292.6,292.6,292.6,292.6,,-0.17%
10/21/2022,293.09,293.09,293.09,293.09,,0.25%
10/20/2022,292.37,292.37,292.37,292.37,,0.15%
10/19/2022,291.93,291.93,291.93,291.93,,-0.06%
10/18/2022,292.12,292.12,292.12,292.12,,-1.36%
10/17/2022,296.15,296.15,296.15,296.15,,-0.47%
10/14/2022,297.53,297.53,297.53,297.53,,-2.04%
10/13/2022,303.73,303.73,303.73,303.73,,1.17%
10/12/2022,300.23,300.23,300.23,300.23,,-0.95%
10/11/2022,303.1,303.1,303.1,303.1,,-0.38%
10/10/2022,304.26,304.26,304.26,304.26,,-0.87%
10/07/2022,306.92,306.92,306.92,306.92,,1.20%
10/06/2022,303.28,303.28,303.28,303.28,,0.14%
10/05/2022,302.86,302.86,302.86,302.86,,0.53%
10/04/2022,301.27,301.08,301.27,301.08,,2.80%
10/03/2022,293.06,293.06,293.06,293.06,,1.71%
09/30/2022,288.12,288.12,288.12,288.12,,-1.05%
09/29/2022,291.17,291.17,291.17,291.17,,-0.24%
09/28/2022,291.85,291.85,291.85,291.85,,2.21%
09/27/2022,285.55,285.55,285.55,285.55,,0.64%
09/26/2022,283.73,283.73,283.73,283.73,,-1.53%
09/23/2022,288.13,288.13,288.13,288.13,,-3.36%
09/22/2022,298.16,298.16,298.16,298.16,,-0.13%
09/21/2022,298.54,298.54,298.54,298.54,,-0.46%
09/20/2022,299.92,299.92,299.92,299.92,,-0.08%
09/19/2022,300.15,300.15,300.15,300.15,,0.35%
09/16/2022,299.11,299.11,299.11,299.11,,-0.75%
09/15/2022,301.36,301.36,301.36,301.36,,-1.85%
09/14/2022,307.05,307.05,307.05,307.05,,0.20%
09/13/2022,306.43,306.43,306.43,306.43,,-0.63%
09/12/2022,308.38,308.38,308.38,308.38,,1.26%
09/09/2022,304.55,304.55,304.55,304.55,,2.10%
09/08/2022,298.3,298.3,298.3,298.3,,0.66%
09/07/2022,296.35,296.35,296.35,296.35,,-2.15%
09/06/2022,302.87,302.87,302.87,302.87,,-0.62%
09/02/2022,304.76,304.76,304.76,304.76,,-0.04%
09/01/2022,304.89,304.89,304.89,304.89,,-1.99%
08/31/2022,311.06,311.06,311.06,311.06,,-1.07%
08/30/2022,314.43,314.43,314.43,314.43,,-2.70%
08/29/2022,323.16,323.16,323.16,323.16,,0.91%
08/26/2022,320.24,320.24,320.24,320.24,,0.80%
08/25/2022,317.71,317.71,317.71,317.71,,-0.70%
08/24/2022,319.95,319.95,319.95,319.95,,0.87%
08/23/2022,317.19,317.19,317.19,317.19,,1.20%
08/22/2022,313.44,313.44,313.44,313.44,,0.30%
08/19/2022,312.51,312.51,312.51,312.51,,0.59%
08/18/2022,310.68,310.68,310.68,310.68,,0.51%
08/17/2022,309.09,309.09,309.09,309.09,,0.42%
08/16/2022,307.79,307.79,307.79,307.79,,-0.64%
08/15/2022,309.76,309.76,309.76,309.76,,-1.32%
08/12/2022,313.9,313.9,313.9,313.9,,-0.53%
08/11/2022,315.57,315.57,315.57,315.57,,2.01%
08/10/2022,309.36,309.36,309.36,309.36,,1.67%
08/09/2022,304.29,304.29,304.29,304.29,,0.98%
08/08/2022,301.33,301.33,301.33,301.33,,0.29%
08/05/2022,300.45,300.45,300.45,300.45,,-0.05%
08/04/2022,300.62,300.62,300.62,300.62,,-0.17%
08/03/2022,301.14,301.14,301.14,301.14,,-0.69%
08/02/2022,303.24,303.24,303.24,303.24,,-0.83%
08/01/2022,305.78,305.78,305.78,305.78,,-2.02%
07/29/2022,312.08,312.08,312.08,312.08,,1.06%
07/28/2022,308.82,308.82,308.82,308.82,,-0.01%
07/27/2022,308.86,308.86,308.86,308.86,,0.91%
07/26/2022,306.08,306.08,306.08,306.08,,0.62%
07/25/2022,304.19,304.19,304.19,304.19,,1.30%
07/22/2022,300.29,300.29,300.29,300.29,,-0.23%
07/21/2022,300.99,300.99,300.99,300.99,,-1.81%
07/20/2022,306.53,306.53,306.53,306.53,,0.56%
07/19/2022,304.83,304.83,304.83,304.83,,-0.37%
07/18/2022,305.96,305.96,305.96,305.96,,3.22%
07/15/2022,296.4,296.4,296.4,296.4,,1.61%
07/14/2022,291.7,291.7,291.7,291.7,,-1.68%
07/13/2022,296.68,296.68,296.68,296.68,,0.70%
07/12/2022,294.61,294.61,294.61,294.61,,-4.08%
07/11/2022,307.15,307.15,307.15,307.15,,0.02%
07/08/2022,307.07,307.07,307.07,307.07,,0.94%
07/07/2022,304.2,304.2,304.2,304.2,,3.25%
07/06/2022,294.64,294.64,294.64,294.64,,-0.73%
07/05/2022,296.79,296.79,296.79,296.79,,-4.66%
07/01/2022,311.31,311.31,311.31,311.31,,0.24%
06/30/2022,310.57,310.57,310.57,310.57,,-2.73%
06/29/2022,319.3,319.3,319.3,319.3,,-0.55%
06/28/2022,321.05,321.05,321.05,321.05,,0.75%
06/27/2022,318.66,318.66,318.66,318.66,,0.09%
06/24/2022,318.37,318.37,318.37,318.37,,0.63%
06/23/2022,316.38,316.38,316.38,316.38,,-2.61%
06/22/2022,324.85,324.85,324.85,324.85,,-1.40%
06/21/2022,329.48,329.48,329.48,329.48,,-0.01%
06/17/2022,329.5,329.5,329.5,329.5,,-2.55%
06/16/2022,338.1,338.1,338.1,338.1,,0.76%
06/15/2022,335.56,335.56,335.56,335.56,,-0.27%
06/14/2022,336.48,336.48,336.48,336.48,,-1.79%
06/13/2022,342.61,342.61,342.61,342.61,,-1.33%
06/10/2022,347.23,347.23,347.23,347.23,,-1.14%
06/09/2022,351.25,351.25,351.25,351.25,,0.14%
06/08/2022,350.75,350.75,350.75,350.75,,0.62%
06/07/2022,348.58,348.58,348.58,348.58,,0.09%
06/06/2022,348.26,348.26,348.26,348.26,,1.11%
06/03/2022,344.45,344.45,344.45,344.45,,0.06%
06/02/2022,344.25,344.25,344.25,344.25,,0.96%
06/01/2022,340.97,340.97,340.97,340.97,,1.11%
05/31/2022,337.24,337.24,337.24,337.24,,-1.23%
05/27/2022,341.45,341.45,341.45,341.45,,0.59%
05/26/2022,339.46,339.46,339.46,339.46,,1.30%
05/25/2022,335.09,335.09,335.09,335.09,,0.26%
05/24/2022,334.21,334.21,334.21,334.21,,-0.46%
05/23/2022,335.74,335.74,335.74,335.74,,0.80%
05/20/2022,333.08,333.08,333.08,333.08,,-0.32%
05/19/2022,334.15,334.15,334.15,334.15,,1.42%
05/18/2022,329.48,329.48,329.48,329.48,,-1.91%
05/17/2022,335.89,335.89,335.89,335.89,,-0.06%
05/16/2022,336.08,336.08,336.08,336.08,,2.28%
05/13/2022,328.6,328.6,328.6,328.6,,1.49%
05/12/2022,323.77,323.77,323.77,323.77,,-0.27%
05/11/2022,324.65,324.65,324.65,324.65,,2.63%
05/10/2022,316.34,316.34,316.34,316.34,,-0.79%
05/09/2022,318.84,318.84,318.84,318.84,,-3.80%
05/06/2022,331.45,331.45,331.45,331.45,,-0.81%
05/05/2022,334.16,334.16,334.16,334.16,,-0.13%
05/04/2022,334.57,334.57,334.57,334.57,,2.44%
05/03/2022,326.6,326.6,326.6,326.6,,-0.77%
05/02/2022,329.12,329.12,329.12,329.12,,0.30%
04/29/2022,328.15,328.15,328.15,328.15,,0.08%
04/28/2022,327.88,327.88,327.88,327.88,,0.76%
04/27/2022,325.41,325.41,325.41,325.41,,1.01%
04/26/2022,322.16,322.16,322.16,322.16,,1.39%
04/25/2022,317.76,317.76,317.76,317.76,,-1.86%
04/22/2022,323.79,323.79,323.79,323.79,,-1.61%
04/21/2022,329.08,329.08,329.08,329.08,,0.64%
04/20/2022,326.98,326.98,326.98,326.98,,0.11%
04/19/2022,326.61,326.61,326.61,326.61,,-2.86%
04/18/2022,336.23,336.23,336.23,336.23,,1.30%
04/14/2022,331.92,331.92,331.92,331.92,,1.21%
04/13/2022,327.95,327.95,327.95,327.95,,1.76%
04/12/2022,322.27,322.27,322.27,322.27,,2.61%
04/11/2022,314.07,314.07,314.07,314.07,,-1.01%
04/08/2022,317.29,317.29,317.29,317.29,,1.23%
04/07/2022,313.42,313.42,313.42,313.42,,0.49%
04/06/2022,311.89,311.89,311.89,311.89,,-1.68%
04/05/2022,317.21,317.21,317.21,317.21,,0.17%
04/04/2022,316.67,316.67,316.67,316.67,,1.53%
04/01/2022,311.9,311.9,311.9,311.9,,-0.68%
03/31/2022,314.03,314.03,314.03,314.03,,-2.03%
03/30/2022,320.54,320.54,320.54,320.54,,2.25%
03/29/2022,313.49,313.49,313.49,313.49,,-1.52%
03/28/2022,318.33,318.33,318.33,318.33,,-2.63%
03/25/2022,326.92,326.92,326.92,326.92,,0.82%
03/24/2022,324.28,324.28,324.28,324.28,,-0.48%
03/23/2022,325.83,325.83,325.83,325.83,,2.42%
03/22/2022,318.15,318.15,318.15,318.15,,-0.15%
03/21/2022,318.64,318.64,318.64,318.64,,2.51%
03/18/2022,310.85,310.85,310.85,310.85,,0.52%
03/17/2022,309.23,309.23,309.23,309.23,,3.62%
03/16/2022,298.42,298.42,298.42,298.42,,-0.27%
03/15/2022,299.24,299.24,299.24,299.24,,-2.46%
03/14/2022,306.8,306.8,306.8,306.8,,-2.25%
03/11/2022,313.86,313.86,313.86,313.86,,1.30%
03/10/2022,309.83,309.83,309.83,309.83,,-0.26%
03/09/2022,310.64,310.64,310.64,310.64,,-5.51%
03/08/2022,328.76,328.76,328.76,328.76,,1.61%
03/07/2022,323.55,323.55,323.55,323.55,,1.43%
03/04/2022,318.99,318.99,318.99,318.99,,3.72%
03/03/2022,307.56,307.56,307.56,307.56,,0.04%
03/02/2022,307.44,307.44,307.44,307.44,,2.93%
03/01/2022,298.67,298.67,298.67,298.67,,4.38%
02/28/2022,286.14,286.14,286.14,286.14,,1.75%
02/25/2022,281.21,281.21,281.21,281.21,,-1.70%
02/24/2022,286.07,286.07,286.07,286.07,,0.26%
02/23/2022,285.33,285.33,285.33,285.33,,0.45%
02/22/2022,284.05,284.05,284.05,284.05,,1.33%
02/18/2022,280.31,280.31,280.31,280.31,,-0.02%
02/17/2022,280.37,280.37,280.37,280.37,,-0.60%
02/16/2022,282.05,282.05,282.05,282.05,,1.22%
02/15/2022,278.65,278.65,278.65,278.65,,-1.26%
02/14/2022,282.22,282.22,282.22,282.22,,0.89%
02/11/2022,279.72,279.72,279.72,279.72,,0.57%
02/10/2022,278.12,278.12,278.12,278.12,,-0.21%
02/09/2022,278.7,278.7,278.7,278.7,,1.02%
02/08/2022,275.9,275.9,275.9,275.9,,-0.38%
02/07/2022,276.94,276.94,276.94,276.94,,-0.31%
02/04/2022,277.8,277.8,277.8,277.8,,0.50%
02/03/2022,276.42,276.42,276.42,276.42,,0.19%
02/02/2022,275.88,275.88,275.88,275.88,,1.05%
02/01/2022,273.02,273.02,273.02,273.02,,0.66%
01/31/2022,271.23,271.23,271.23,271.23,,0.90%
01/28/2022,268.81,268.81,268.81,268.81,,0.77%
01/27/2022,266.75,266.75,266.75,266.75,,-0.40%
01/26/2022,267.83,267.83,267.83,267.83,,1.26%
01/25/2022,264.49,264.49,264.49,264.49,,1.30%
01/24/2022,261.09,261.09,261.09,261.09,,-1.16%
01/21/2022,264.16,264.16,264.16,264.16,,-0.61%
01/20/2022,265.78,265.78,265.78,265.78,,0.03%
01/19/2022,265.7,265.7,265.7,265.7,,1.16%
01/18/2022,262.65,262.65,262.65,262.65,,0.67%
01/14/2022,260.91,260.91,260.91,260.91,,1.04%
01/13/2022,258.22,258.22,258.22,258.22,,-0.94%
01/12/2022,260.66,260.66,260.66,260.66,,1.49%
01/11/2022,256.82,256.82,256.82,256.82,,2.09%
01/10/2022,251.56,251.56,251.56,251.56,,-0.53%
01/07/2022,252.9,252.9,252.9,252.9,,0.48%
01/06/2022,251.68,251.68,251.68,251.68,,0.02%
01/05/2022,251.63,251.63,251.63,251.63,,0.51%
01/04/2022,250.35,250.35,250.35,250.35,,1.07%
01/03/2022,247.69,247.69,247.69,247.69,,0.27%
12/31/2021,247.02,247.02,247.02,247.02,,-0.68%
12/30/2021,248.71,248.71,248.71,248.71,,-0.38%
12/29/2021,249.66,249.66,249.66,249.66,,0.44%
12/28/2021,248.58,248.58,248.58,248.58,,-0.22%
12/27/2021,249.12,249.12,249.12,249.12,,1.50%
12/23/2021,245.45,245.45,245.45,245.45,,0.32%
12/22/2021,244.67,244.67,244.67,244.67,,1.68%
12/21/2021,240.62,240.62,240.62,240.62,,2.04%
12/20/2021,235.81,235.81,235.81,235.81,,-1.47%
12/17/2021,239.32,239.32,239.32,239.32,,-0.92%
12/16/2021,241.55,241.55,241.55,241.55,,1.53%
12/15/2021,237.92,237.92,237.92,237.92,,-0.23%
12/14/2021,238.46,238.46,238.46,238.46,,-0.46%
12/13/2021,239.55,239.55,239.55,239.55,,-0.25%
12/10/2021,240.14,240.14,240.14,240.14,,0.24%
12/09/2021,239.55,239.55,239.55,239.55,,-0.78%
12/08/2021,241.43,241.43,241.43,241.43,,0.61%
12/07/2021,239.96,239.96,239.96,239.96,,1.12%
12/06/2021,237.31,237.31,237.31,237.31,,1.18%
12/03/2021,234.54,234.54,234.54,234.54,,0.50%
12/02/2021,233.37,233.37,233.37,233.37,,0.53%
12/01/2021,232.15,232.15,232.15,232.15,,-0.36%
11/30/2021,232.99,232.99,232.99,232.99,,-2.89%
11/29/2021,239.93,239.93,239.93,239.93,,-0.45%
11/26/2021,241.01,241.01,241.01,241.01,,-4.89%
11/24/2021,253.38,253.38,253.38,253.38,,0.10%
11/23/2021,253.13,253.13,253.13,253.13,,1.22%
11/22/2021,250.07,250.07,250.07,250.07,,0.10%
11/19/2021,249.82,249.82,249.82,249.82,,-0.57%
11/18/2021,251.24,251.24,251.24,251.24,,0.10%
11/17/2021,251,251,251,251,,-0.57%
11/16/2021,252.44,252.44,252.44,252.44,,0.01%
11/15/2021,252.41,252.41,252.41,252.41,,0.16%
11/12/2021,252.01,252.01,252.01,252.01,,-0.16%
11/11/2021,252.4,252.4,252.4,252.4,,1.19%
11/10/2021,249.43,249.43,249.43,249.43,,-0.81%
11/09/2021,251.48,251.48,251.48,251.48,,0.44%
11/08/2021,250.38,250.38,250.38,250.38,,0.23%
11/05/2021,249.79,249.79,249.79,249.79,,0.67%
11/04/2021,248.14,248.14,248.14,248.14,,-0.99%
11/03/2021,250.63,250.63,250.63,250.63,,-1.43%
11/02/2021,254.26,254.26,254.26,254.26,,-0.01%
11/01/2021,254.28,254.28,254.28,254.28,,0.65%
10/29/2021,252.65,252.65,252.65,252.65,,-0.33%
10/28/2021,253.48,253.48,253.48,253.48,,-0.20%
10/27/2021,253.98,253.98,253.98,253.98,,-0.93%
10/26/2021,256.36,256.36,256.36,256.36,,0.25%
10/25/2021,255.72,255.72,255.72,255.72,,1.22%
10/22/2021,252.63,252.63,252.63,252.63,,0.46%
10/21/2021,251.48,251.48,251.48,251.48,,-1.56%
10/20/2021,255.47,255.47,255.47,255.47,,0.88%
10/19/2021,253.24,253.24,253.24,253.24,,0.15%
10/18/2021,252.86,252.86,252.86,252.86,,-0.58%
10/15/2021,254.32,254.32,254.32,254.32,,0.48%
10/14/2021,253.11,253.11,253.11,253.11,,1.03%
10/13/2021,250.53,250.53,250.53,250.53,,-0.07%
10/12/2021,250.7,250.7,250.7,250.7,,-0.20%
10/11/2021,251.22,251.22,251.22,251.22,,0.40%
10/08/2021,250.22,250.22,250.22,250.22,,0.46%
10/07/2021,249.07,249.07,249.07,249.07,,0.91%
10/06/2021,246.83,246.83,246.83,246.83,,-1.51%
10/05/2021,250.62,250.62,250.62,250.62,,1.16%
10/04/2021,247.74,247.74,247.74,247.74,,1.17%
10/01/2021,244.87,244.87,244.87,244.87,,0.64%
09/30/2021,243.32,243.32,243.32,243.32,,0.78%
09/29/2021,241.44,241.44,241.44,241.44,,-0.63%
09/28/2021,242.97,242.97,242.97,242.97,,0.15%
09/27/2021,242.59,242.59,242.59,242.59,,1.30%
09/24/2021,239.48,239.48,239.48,239.48,,0.59%
09/23/2021,238.08,238.08,238.08,238.08,,0.99%
09/22/2021,235.74,235.74,235.74,235.74,,1.59%
09/21/2021,232.05,232.05,232.05,232.05,,0.10%
09/20/2021,231.81,231.81,231.81,231.81,,-1.81%
09/17/2021,236.08,236.08,236.08,236.08,,-0.81%
09/16/2021,238.02,238.02,238.02,238.02,,-0.67%
09/15/2021,239.63,239.63,239.63,239.63,,1.78%
09/14/2021,235.45,235.45,235.45,235.45,,0.15%
09/13/2021,235.11,235.11,235.11,235.11,,0.35%
09/10/2021,234.28,234.28,234.28,234.28,,0.89%
09/09/2021,232.21,232.21,232.21,232.21,,-0.38%
09/08/2021,233.08,233.08,233.08,233.08,,0.64%
09/07/2021,231.61,231.61,231.61,231.61,,-1.00%
09/03/2021,233.95,233.95,233.95,233.95,,0.05%
09/02/2021,233.84,233.84,233.84,233.84,,0.93%
09/01/2021,231.68,231.68,231.68,231.68,,-0.09%
08/31/2021,231.88,232.54,232.54,230.48,,-0.62%
08/30/2021,233.32,233.1,233.81,231.99,,0.16%
08/27/2021,232.95,231.37,233.03,231.35,,1.30%
08/26/2021,229.97,229.72,231.08,228.94,,-0.16%
08/25/2021,230.33,228.84,230.37,228.63,,0.75%
08/24/2021,228.61,226.79,228.75,226.41,,1.50%
08/23/2021,225.23,222.67,225.45,222.49,,2.40%
08/20/2021,219.96,221.81,221.96,219.88,,-1.01%
08/19/2021,222.2,221.99,223.14,220.99,,-1.80%
08/18/2021,226.26,228.59,228.86,226.11,,-0.58%
08/17/2021,227.59,228.69,229.58,227.37,,-0.84%
08/16/2021,229.52,229.41,230.26,227.86,,-0.47%
08/13/2021,230.59,231.02,231.76,230.44,,0.00%
08/12/2021,230.59,230.13,231.57,228.8,,0.12%
08/11/2021,230.31,228.22,230.43,227.11,,0.68%
08/10/2021,228.75,226.73,229.34,226.33,,1.68%
08/09/2021,224.98,224.45,225.5,223.95,,-1.31%
08/06/2021,227.96,229.37,229.79,227.46,,-0.31%
08/05/2021,228.66,227.26,229.13,226.67,,0.77%
08/04/2021,226.93,228.87,229,226.58,,-0.82%
08/03/2021,228.81,229.33,229.36,227.1,,-0.21%
08/02/2021,229.29,230.75,231.71,228.54,,-1.07%
07/30/2021,231.77,233.28,233.48,231.42,,-1.42%
07/29/2021,235.1,233.42,235.14,233.18,,0.97%
07/28/2021,232.84,231.4,233.1,231.4,,0.45%
07/27/2021,231.8,233.62,234.15,231.27,,-0.64%
07/26/2021,233.29,232.21,233.56,231.45,,1.35%
07/23/2021,230.2,230.44,230.79,229.38,,0.12%
07/22/2021,229.92,227.58,229.96,226.86,,1.57%
07/21/2021,226.36,223.09,226.47,222.99,,1.91%
07/20/2021,222.11,220.46,222.3,218.97,,1.65%
07/19/2021,218.49,223.45,223.51,217.8,,-3.29%
07/16/2021,225.93,226.08,226.92,224.94,,0.16%
07/15/2021,225.57,225.36,226.91,225.15,,-0.53%
07/14/2021,226.77,227.57,228.93,225.76,,-0.35%
07/13/2021,227.56,225.43,227.95,225.04,,0.66%
07/12/2021,226.06,223.97,226.15,223.64,,0.43%
07/09/2021,225.09,223.53,225.34,222.96,,1.07%
07/08/2021,222.7,221.63,223.23,220.6,,0.17%
07/07/2021,222.34,225.69,225.91,220.42,,-0.49%
07/06/2021,223.44,230.32,230.32,222.81,,-2.19%
07/02/2021,228.44,228.4,229.03,227,,0.18%
07/01/2021,228.04,229.54,231.39,227.21,,0.56%
06/30/2021,226.78,225.49,227.51,223.77,,0.98%
06/29/2021,224.58,223.4,225.83,223.38,,0.18%
06/28/2021,224.18,223.83,224.73,223.45,,0.25%
06/25/2021,223.62,223,223.81,221.41,,0.43%
06/24/2021,222.66,221.67,222.73,220.32,,0.13%
06/23/2021,222.37,221.88,223.83,221.82,,0.66%
06/22/2021,220.92,220.61,221.76,220.29,,0.01%
06/21/2021,220.91,217.63,220.95,217.07,,0.97%
06/18/2021,218.78,217.87,219.42,216.83,,0.79%
06/17/2021,217.05,221.12,221.24,216.32,,-2.82%
06/16/2021,223.35,223.37,224.83,223.01,,0.00%
06/15/2021,223.37,224.1,224.28,222.59,,-0.40%
06/14/2021,224.27,223.69,224.87,223.23,,-0.57%
06/11/2021,225.56,225.77,225.84,224.59,,0.03%
06/10/2021,225.5,224.59,225.78,223.2,,0.48%
06/09/2021,224.41,224.2,224.84,223.45,,-0.02%
06/08/2021,224.46,222.72,224.55,222.56,,0.80%
06/07/2021,222.68,223.73,223.88,222.55,,-0.36%
06/04/2021,223.49,221.46,223.71,220.89,,1.36%
06/03/2021,220.48,222.21,222.32,219.92,,-0.87%
06/02/2021,222.41,222.27,222.63,221.38,,0.40%
06/01/2021,221.52,222.07,223.83,221.1,,1.33%
05/28/2021,218.6,219.42,219.98,218.5,,-0.04%
05/27/2021,218.68,215.5,218.75,215.26,,1.15%
05/26/2021,216.2,215.32,216.33,214.12,,0.49%
05/25/2021,215.14,215.66,216.74,214.86,,-0.26%
05/24/2021,215.69,213.84,215.79,213.4,,1.04%
05/21/2021,213.47,213.35,214.24,213.17,,0.44%
05/20/2021,212.54,214.08,214.46,212.5,,-0.92%
05/19/2021,214.52,216.07,216.09,212.88,,-1.90%
05/18/2021,218.68,220.06,220.61,217.12,,-0.08%
05/17/2021,218.86,216.83,219.15,216.28,,1.30%
05/14/2021,216.04,216.76,217.53,215.61,,0.17%
05/13/2021,215.68,218.02,218.56,215.02,,-2.41%
05/12/2021,221,221.72,222.66,220.83,,0.20%
05/11/2021,220.57,218.82,220.83,217.74,,0.68%
05/10/2021,219.09,220.71,221.14,218.13,,-0.39%
05/07/2021,219.94,218.58,220.18,217.53,,0.83%
05/06/2021,218.13,217.24,218.5,216.86,,0.55%
05/05/2021,216.94,217,217.22,215.83,,0.83%
05/04/2021,215.15,215.39,215.84,214.09,,0.80%
05/03/2021,213.45,213.25,214.48,212.74,,0.55%
04/30/2021,212.29,211.68,212.56,211.05,,-0.45%
04/29/2021,213.25,214.29,215.1,212.04,,0.16%
04/28/2021,212.92,212.08,214.31,211.9,,0.13%
04/27/2021,212.64,212.15,212.72,210.96,,1.00%
04/26/2021,210.54,207.73,210.79,207.47,,1.05%
04/23/2021,208.35,207.45,208.46,207.16,,0.71%
04/22/2021,206.89,205.65,207.43,205.47,,0.53%
04/21/2021,205.8,205.22,206.52,203.99,,-0.06%
04/20/2021,205.93,207.08,207.43,204.68,,-0.10%
04/19/2021,206.14,206.11,206.74,205.44,,0.40%
04/16/2021,205.33,206.36,206.77,205.21,,-0.34%
04/15/2021,206.02,204.78,206.1,204.28,,0.73%
04/14/2021,204.52,201.56,204.74,201.55,,2.29%
04/13/2021,199.93,198.36,200.35,198.35,,0.93%
04/12/2021,198.1,199.49,199.86,197.82,,-0.18%
04/09/2021,198.45,199.3,199.33,198.19,,-0.33%
04/08/2021,199.12,197.97,199.36,197.69,,0.57%
04/07/2021,197.99,197.83,198.15,196.41,,0.25%
04/06/2021,197.49,197.29,199.16,197.07,,0.96%
04/05/2021,195.62,197.53,197.93,194.66,,-1.41%
04/01/2021,198.41,197.27,199.11,196.25,,0.94%
03/31/2021,196.56,196.65,198.46,195.58,,0.05%
03/30/2021,196.46,197.8,198.14,196.05,,-1.42%
03/29/2021,199.29,199.47,199.82,197.61,,-0.11%
03/26/2021,199.5,196.11,199.94,196.11,,1.84%
03/25/2021,195.9,197.97,197.97,194.77,,-1.90%
03/24/2021,199.69,197.28,199.81,197.07,,1.85%
03/23/2021,196.07,197.98,199.08,195.63,,-2.41%
03/22/2021,200.92,200.28,201.14,199.6,,0.15%
03/19/2021,200.62,198.94,200.99,197.06,,0.88%
03/18/2021,198.87,204.9,204.9,198.59,,-2.87%
03/17/2021,204.75,204.57,204.94,203.74,,-0.39%
03/16/2021,205.55,204.46,205.72,204.44,,0.01%
03/15/2021,205.54,205.71,205.82,203.88,,-0.19%
03/12/2021,205.94,205.81,206.74,205.32,,-0.39%
03/11/2021,206.74,205.36,206.78,204.87,,1.45%
03/10/2021,203.78,203.2,204.16,202.45,,0.22%
03/09/2021,203.33,204.65,204.68,202.64,,-0.49%
03/08/2021,204.33,205.87,205.93,203.74,,-0.60%
03/05/2021,205.57,204.38,205.78,203.73,,1.42%
03/04/2021,202.7,201.31,205.08,201.16,,0.41%
03/03/2021,201.87,202.39,202.72,201.22,,-0.01%
03/02/2021,201.89,201.43,203.16,200.43,,0.32%
03/01/2021,201.24,204.14,204.36,200.44,,-0.56%
02/26/2021,202.37,203.82,205.07,202.23,,-2.13%
02/25/2021,206.78,208.4,208.45,205.78,,-0.28%
02/24/2021,207.35,205.77,207.55,204.89,,1.37%
02/23/2021,204.56,204.95,205.19,202.82,,-0.06%
02/22/2021,204.69,200.82,204.83,200.55,,2.12%
02/19/2021,200.44,200.15,201.91,199.89,,-0.02%
02/18/2021,200.49,201.41,201.73,199.59,,0.00%
02/17/2021,200.5,200.34,200.77,198.52,,0.54%
02/16/2021,199.42,198.93,199.5,198.01,,1.28%
02/12/2021,196.9,194.7,197.3,194.63,,0.89%
02/11/2021,195.15,195.49,196.35,194.85,,-0.23%
02/10/2021,195.6,195.84,195.99,194.87,,-0.08%
02/09/2021,195.76,195.49,195.91,194.31,,0.37%
02/08/2021,195.05,194.08,195.17,193.87,,1.19%
02/05/2021,192.75,193.03,193.5,192.27,,0.64%
02/04/2021,191.53,190.74,191.68,189.32,,0.67%
02/03/2021,190.26,189.69,190.89,189.51,,0.58%
02/02/2021,189.17,189.88,190.23,188.99,,0.45%
02/01/2021,188.33,187.42,188.35,186.37,,1.74%
01/29/2021,185.11,186.4,187.18,185.06,,-0.05%
01/28/2021,185.21,185.97,187.92,185.11,,-0.59%
01/27/2021,186.31,187.17,187.26,184.92,,-0.05%
01/26/2021,186.41,185.96,186.71,185.87,,0.57%
01/25/2021,185.36,184.04,185.38,183.57,,0.92%
01/22/2021,183.67,183.06,184.7,182.77,,-1.32%
01/21/2021,186.13,186.22,186.32,185.38,,0.01%
01/20/2021,186.11,185.68,186.33,185.22,,0.17%
01/19/2021,185.79,186.37,186.61,185.6,,-0.23%
01/15/2021,186.22,187.56,187.64,185.73,,-0.86%
01/14/2021,187.83,186.27,187.91,185.23,,0.90%
01/13/2021,186.15,187.3,187.55,185.76,,0.14%
01/12/2021,185.9,185.31,186.15,184.28,,1.29%
01/11/2021,183.54,183.25,183.58,181.93,,-0.36%
01/08/2021,184.19,183.62,184.24,182.83,,0.60%
01/07/2021,183.09,183,183.5,182.32,,0.12%
01/06/2021,182.87,182.81,183.47,181.92,,0.23%
01/05/2021,182.45,179.29,182.82,178.96,,2.60%
01/04/2021,177.82,179.8,181.12,177.12,,-0.27%
12/31/2020,178.29,177.08,178.32,176.74,,0.67%
12/30/2020,177.1,176.15,177.2,175.54,,0.79%
12/29/2020,175.72,175.06,175.99,174.92,,0.76%
12/28/2020,174.4,175.85,176.03,174.28,,-0.85%
12/24/2020,175.9,175.24,176.11,175.02,,0.16%
12/23/2020,175.62,174.4,176.2,174.16,,1.02%
12/22/2020,173.84,174.42,174.84,173.72,,-0.74%
12/21/2020,175.13,173.81,175.26,172.97,,-0.98%
12/18/2020,176.86,176.05,177.06,175.88,,0.58%
12/17/2020,175.83,174.66,175.92,174.57,,1.00%
12/16/2020,174.1,173.28,174.23,172.97,,0.51%
12/15/2020,173.21,172.61,173.42,172.37,,0.48%
12/14/2020,172.38,172.45,172.85,170.71,,0.61%
12/11/2020,171.33,171.35,171.89,170.81,,-0.09%
12/10/2020,171.48,169.83,172.89,169.67,,1.56%
12/09/2020,168.85,168.73,169.36,167.81,,0.40%
12/08/2020,168.17,168.35,168.82,167.76,,-0.42%
12/07/2020,168.88,168.2,170.01,168.04,,-0.59%
12/04/2020,169.88,169.77,170.32,169.05,,0.37%
12/03/2020,169.26,168.99,169.8,168.53,,-0.07%
12/02/2020,169.38,168.16,170.45,167.92,,0.30%
12/01/2020,168.87,170.34,170.59,168.6,,-0.70%
11/30/2020,170.05,170.73,171.36,169.3,,-0.57%
11/27/2020,171.03,170.57,171.16,170.12,,0.37%
11/25/2020,170.4,169.96,171.06,169.46,,0.37%
11/24/2020,169.77,167.35,169.97,167.3,,1.57%
11/23/2020,167.15,167.22,167.5,166.47,,0.75%
11/20/2020,165.91,165.92,166.21,164.75,,0.73%
11/19/2020,164.72,164.38,164.81,164.08,,-0.44%
11/18/2020,165.45,165.79,166.24,165.18,,0.78%
11/17/2020,164.17,163.67,164.23,162.76,,0.46%
11/16/2020,163.42,163.73,164.21,162.9,,1.29%
11/13/2020,161.34,161.95,162.69,161.3,,-0.76%
11/12/2020,162.57,163.04,164.12,162.45,,-0.41%
11/11/2020,163.24,164.63,164.95,163.1,,0.06%
11/10/2020,163.14,161.27,163.19,160.92,,1.52%
11/09/2020,160.69,161.16,162.38,160.41,,2.41%
11/06/2020,156.92,157.43,158.38,156.85,,-0.98%
11/05/2020,158.46,158.5,159.74,158.18,,0.17%
11/04/2020,158.2,157.33,158.31,155.93,,1.28%
11/03/2020,156.2,156.87,156.99,155.84,,0.77%
11/02/2020,155.01,152.09,155.12,152.09,,0.81%
10/30/2020,153.76,153.82,153.88,152.48,,-0.06%
10/29/2020,153.84,153.69,154.31,151.6,,-1.26%
10/28/2020,155.81,156.93,157.02,155.54,,-2.68%
10/27/2020,160.11,159.51,160.51,158.74,,0.88%
10/26/2020,158.71,159.17,159.28,158.03,,-0.86%
10/23/2020,160.08,161.22,161.59,159.71,,-0.71%
10/22/2020,161.23,160.99,162.09,160.34,,0.48%
10/21/2020,160.46,161.54,162.26,160.16,,-0.84%
10/20/2020,161.83,161.34,162.1,160.39,,0.47%
10/19/2020,161.07,161.4,161.89,160.96,,0.09%
10/16/2020,160.92,161.05,161.21,160.04,,-0.17%
10/15/2020,161.2,159.51,161.24,158.22,,0.15%
10/14/2020,160.96,159.35,161.01,159.13,,0.75%
10/13/2020,159.76,159.87,160.25,159.06,,0.39%
10/12/2020,159.14,161.19,161.32,158.96,,-1.27%
10/09/2020,161.2,160.79,162.12,160.7,,0.35%
10/08/2020,160.64,160.17,160.8,159.85,,1.11%
10/07/2020,158.88,158.88,158.96,157.3,,0.04%
10/06/2020,158.82,157.81,159.48,157.81,,1.45%
10/05/2020,156.56,155.35,157.38,155.27,,2.26%
10/02/2020,153.1,152.48,154.18,151.48,,-1.32%
10/01/2020,155.16,156.98,157.39,153.57,,-1.65%
09/30/2020,157.76,155.28,157.97,154.97,,1.19%
09/29/2020,155.9,157.16,157.45,154.6,,-1.32%
09/28/2020,157.99,157.66,158.44,157,,0.25%
09/25/2020,157.6,156.8,157.8,156.64,,0.00%
09/24/2020,157.6,156.76,157.73,155.96,,0.42%
09/23/2020,156.94,156.5,158.12,156.4,,0.15%
09/22/2020,156.7,158.01,158.03,155.93,,-0.21%
09/21/2020,157.03,159.41,159.65,156.15,,-2.45%
09/18/2020,160.98,160.13,161.01,159.48,,0.50%
09/17/2020,160.17,159.06,160.47,157.84,,0.70%
09/16/2020,159.06,158.04,159.16,157.56,,1.34%
09/15/2020,156.96,156.07,157.22,155.47,,0.86%
09/14/2020,155.62,155.92,156.03,155.1,,0.06%
09/11/2020,155.53,155.6,156.16,154.39,,0.16%
09/10/2020,155.27,155.48,156.7,155.22,,-0.61%
09/09/2020,156.23,155.24,156.6,154.73,,0.74%
09/08/2020,155.08,156.02,156.07,153.59,,-2.47%
09/04/2020,159.01,160.65,160.7,157.93,,-0.48%
09/03/2020,159.78,159.14,160.43,158.52,,-0.67%
09/02/2020,160.86,162.58,162.73,160.54,,-1.24%
09/01/2020,162.88,163.53,164.11,162.83,,0.08%
08/31/2020,162.74,164.09,164.27,162.47,,-0.15%
08/28/2020,162.98,162.64,163.28,162.1,,0.48%
08/27/2020,162.2,161.55,162.64,160.98,,0.16%
08/26/2020,161.94,162.34,162.72,161.74,,-0.12%
08/25/2020,162.14,161.54,162.39,161.42,,0.92%
08/24/2020,160.67,160.4,161.17,160.27,,0.87%
08/21/2020,159.28,159.18,159.34,157.94,,-0.57%
08/20/2020,160.2,160.42,160.69,158.93,,-0.78%
08/19/2020,161.45,160.68,161.54,160.38,,0.20%
08/18/2020,161.13,160.4,161.18,159.87,,0.54%
08/17/2020,160.25,158.81,160.29,158.68,,1.12%
08/14/2020,158.48,158.54,159.19,158.04,,0.18%
08/13/2020,158.19,157.73,158.52,157.56,,0.39%
08/12/2020,157.58,156.5,157.83,156.5,,1.02%
08/11/2020,155.99,157.32,157.58,155.88,,-0.49%
08/10/2020,156.76,156.77,157.63,156.48,,0.50%
08/07/2020,155.98,157.13,158.22,155.67,,-1.18%
08/06/2020,157.84,158.14,159.42,157.71,,-0.07%
08/05/2020,157.95,159.67,160.34,157.6,,0.54%
08/04/2020,157.1,155.03,157.51,154.64,,0.78%
08/03/2020,155.89,152.81,156.23,152.69,,2.14%
07/31/2020,152.62,152.43,152.91,151.84,,0.64%
07/30/2020,151.64,151.99,152.8,149.93,,-1.08%
07/29/2020,153.3,152.95,153.41,152.68,,0.60%
07/28/2020,152.39,152.45,152.6,151.82,,-0.24%
07/27/2020,152.75,152.55,153.18,151.39,,0.54%
07/24/2020,151.93,151.67,151.95,150.97,,0.07%
07/23/2020,151.81,151.98,152.9,151.58,,-0.26%
07/22/2020,152.21,150.72,152.33,150.54,,0.57%
07/21/2020,151.35,151.23,151.97,150.94,,1.29%
07/20/2020,149.42,148.99,149.62,147.79,,-0.10%
07/17/2020,149.57,149.48,150.13,148.84,,0.01%
07/16/2020,149.55,149.7,150.25,149.3,,-0.29%
07/15/2020,149.98,149.64,150.03,148.31,,0.88%
07/14/2020,148.68,148.29,149.42,147.25,,-0.49%
07/13/2020,149.4,149.21,150.15,149.21,,-0.59%
07/10/2020,150.3,148.55,150.5,148.2,,0.76%
07/09/2020,149.17,151.31,151.45,149.09,,-1.06%
07/08/2020,150.76,150.2,150.93,149.94,,0.28%
07/07/2020,150.34,149.15,150.81,149.11,,0.47%
07/06/2020,149.64,149.95,150.08,149.06,,0.21%
07/02/2020,149.31,148.3,149.43,147.87,,1.05%
07/01/2020,147.77,147.57,147.96,146.13,,0.85%
06/30/2020,146.52,145.71,147.38,145.29,,0.68%
06/29/2020,145.53,143.35,145.82,143.2,,1.95%
06/26/2020,142.74,143.93,143.95,141.81,,-0.71%
06/25/2020,143.76,142.74,144.11,141.99,,0.09%
06/24/2020,143.62,146.18,147.03,143.23,,-2.41%
06/23/2020,147.18,148.4,148.72,146.8,,-0.33%
06/22/2020,147.66,146.26,147.71,145.96,,0.78%
06/19/2020,146.52,146.97,147.8,145.09,,0.67%
06/18/2020,145.54,145.14,145.72,144.08,,0.49%
06/17/2020,144.83,143.63,145.03,143.43,,0.08%
06/16/2020,144.71,144.74,145.79,143.07,,1.11%
06/15/2020,143.12,141.02,143.27,139.64,,0.34%
06/12/2020,142.64,143.52,144.59,142.23,,-0.43%
06/11/2020,143.25,145.63,145.63,142.06,,-3.10%
06/10/2020,147.84,145.76,148.2,145.76,,0.56%
06/09/2020,147.02,145.73,147.09,145.3,,0.69%
06/08/2020,146.01,147.36,147.75,145.68,,-1.06%
06/05/2020,147.57,145.76,147.69,145.76,,2.38%
06/04/2020,144.14,142.75,144.31,142.43,,0.55%
06/03/2020,143.36,141.54,143.38,141.37,,0.67%
06/02/2020,142.41,142.04,142.52,141.33,,1.34%
06/01/2020,140.53,140.02,140.62,138.3,,0.08%
05/29/2020,140.42,137.05,140.68,135.98,,1.92%
05/28/2020,137.78,136.6,138.69,136.34,,0.46%
05/27/2020,137.15,139.1,139.16,136.2,,-1.87%
05/26/2020,139.76,139.33,140.67,138.28,,1.61%
05/22/2020,137.54,135.79,137.75,135.69,,-0.75%
05/21/2020,138.58,139.45,140.11,137.74,,-0.30%
05/20/2020,139,138.58,140.17,138.2,,1.03%
05/19/2020,137.58,137.78,138.38,136.8,,0.38%
05/18/2020,137.06,136.41,138.36,136.09,,3.48%
05/15/2020,132.45,131.76,132.69,131.24,,1.32%
05/14/2020,130.73,129.07,131.1,128.54,,2.07%
05/13/2020,128.08,129.91,130.31,127.57,,-1.63%
05/12/2020,130.2,130.94,131.1,129.5,,-0.04%
05/11/2020,130.25,131.4,132.97,130.07,,-1.66%
05/08/2020,132.44,130.6,132.53,130.57,,1.76%
05/07/2020,130.15,131.58,132.42,130.06,,0.86%
05/06/2020,129.05,131.29,131.34,127.81,,-1.70%
05/05/2020,131.28,128.77,131.35,128.62,,4.32%
05/04/2020,125.84,123.33,126.05,123.33,,0.76%
05/01/2020,124.89,123.39,125.64,123.39,,0.37%
04/30/2020,124.43,122.64,124.78,120.89,,4.76%
04/29/2020,118.77,117.89,121.05,117.57,,3.38%
04/28/2020,114.89,113.3,116.91,112.78,,0.19%
04/27/2020,114.67,116.32,116.38,113.25,,-4.22%
04/24/2020,119.71,121.14,121.41,118.51,,-0.65%
04/23/2020,120.49,120.92,124.4,119.69,,2.14%
04/22/2020,117.96,113.55,120.41,112.99,,4.53%
04/21/2020,112.85,118.99,119.21,107.74,,-10.50%
04/20/2020,126.09,128.16,129.32,126.01,,-4.06%
04/17/2020,131.43,131.95,132.7,131,,0.14%
04/16/2020,131.25,132.79,132.8,130.28,,0.00%
04/15/2020,131.25,132.2,132.54,130.6,,-1.89%
04/14/2020,133.78,135.83,136.08,133.59,,-1.50%
04/13/2020,135.82,136.46,136.76,135.32,,0.09%
04/09/2020,135.69,136.94,141.67,135.6,,-1.07%
04/08/2020,137.16,136.69,137.88,135.95,,0.97%
04/07/2020,135.84,138.49,138.78,135.74,,-0.08%
04/06/2020,135.95,135.78,136.78,135.05,,0.08%
04/03/2020,135.84,134.57,137.25,133.5,,2.50%
04/02/2020,132.53,129.33,136.5,127.55,,5.35%
04/01/2020,125.8,128.22,128.52,125.7,,-2.70%
03/31/2020,129.29,131.05,131.38,128.69,,0.08%
03/30/2020,129.18,129.6,129.85,127.88,,-1.77%
03/27/2020,131.51,133.87,134,130.8,,-1.95%
03/26/2020,134.13,136.4,136.98,133.69,,-2.51%
03/25/2020,137.58,135.49,138.25,134.4,,1.13%
03/24/2020,136.05,135.82,136.76,134.55,,2.76%
03/23/2020,132.39,129.82,132.86,129.51,,0.67%
03/20/2020,131.51,138.1,138.61,131.31,,-2.94%
03/19/2020,135.49,130.9,135.67,129.58,,6.06%
03/18/2020,127.75,135.68,135.77,127.16,,-7.63%
03/17/2020,138.31,141.4,142.44,138.26,,-1.83%
03/16/2020,140.88,142.92,144.09,140.48,,-5.76%
03/13/2020,149.5,154.28,155.06,148.59,,-0.78%
03/12/2020,150.67,151.69,152.33,148.91,,-3.96%
03/11/2020,156.88,158.24,159.32,156.46,,-1.90%
03/10/2020,159.92,158.82,160.12,157.32,,4.04%
03/09/2020,153.71,153.61,157.35,152.6,,-7.07%
03/06/2020,165.4,169.8,170.17,165.24,,-4.01%
03/05/2020,172.32,174.64,174.79,172.21,,-1.40%
03/04/2020,174.76,176.3,176.58,174.39,,-0.16%
03/03/2020,175.03,175.76,177.01,174.14,,0.88%
03/02/2020,173.5,170.61,173.96,170.29,,2.55%
02/28/2020,169.18,170.84,170.9,167.54,,-2.25%
02/27/2020,173.07,173.86,173.94,171.42,,-1.90%
02/26/2020,176.42,177.08,178.76,175.93,,-1.31%
02/25/2020,178.75,180.52,181.17,178.65,,-1.21%
02/24/2020,180.95,181.38,181.45,179.76,,-2.32%
02/21/2020,185.26,184.15,185.3,184.08,,-0.04%
02/20/2020,185.33,186.15,186.75,185.22,,-0.44%
02/19/2020,186.14,185.27,186.28,184.61,,0.97%
02/18/2020,184.35,183.32,184.4,183.08,,0.51%
02/14/2020,183.41,183.27,184.18,182.96,,0.40%
02/13/2020,182.68,181.66,183.49,181.42,,0.30%
02/12/2020,182.13,181.26,182.35,181.23,,1.27%
02/11/2020,179.84,180.21,180.56,179.63,,0.44%
02/10/2020,179.05,180.1,180.13,178.85,,-0.72%
02/07/2020,180.35,180.45,181.14,180.11,,-0.20%
02/06/2020,180.72,180.37,180.79,179.23,,0.55%
02/05/2020,179.72,179.83,180.71,179.53,,0.96%
02/04/2020,178.01,179.86,180.37,177.93,,-0.07%
02/03/2020,178.12,180.35,180.36,177.66,,-1.31%
01/31/2020,180.49,181.92,181.93,180.04,,-0.48%
01/30/2020,181.37,181.91,182.35,180.8,,-1.04%
01/29/2020,183.28,184.63,185.04,183,,-0.48%
01/28/2020,184.16,183.54,184.78,183.16,,0.36%
01/27/2020,183.5,184,184.33,182.86,,-1.45%
01/24/2020,186.21,188.22,188.25,185.91,,-1.55%
01/23/2020,189.14,190.07,190.07,188.42,,-0.83%
01/22/2020,190.72,192.32,192.41,190.46,,-0.84%
01/21/2020,192.34,192.32,192.86,192.12,,-0.71%
01/17/2020,193.71,193.35,193.76,192.99,,0.35%
01/16/2020,193.02,193.08,193.91,192.97,,-0.24%
01/15/2020,193.49,194.32,194.32,193.23,,-0.51%
01/14/2020,194.48,194.37,195.13,194.36,,0.35%
01/13/2020,193.8,194.79,194.91,193.53,,-0.60%
01/10/2020,194.97,195.04,195.29,194.25,,0.31%
01/09/2020,194.35,194.35,194.61,193.33,,0.11%
01/08/2020,194.15,197.83,197.86,193.53,,-1.90%
01/07/2020,197.9,197.66,198,197.14,,-0.24%
01/06/2020,198.38,198.48,198.72,197.72,,0.28%
01/03/2020,197.84,198.52,198.86,197.29,,0.74%
01/02/2020,196.38,196.96,197,195.77,,-0.13%
12/31/2019,196.64,197.01,197.6,196.6,,-0.56%
12/30/2019,197.75,198.49,198.75,197.06,,-0.17%
12/27/2019,198.08,197.83,198.19,197.62,,0.27%
12/26/2019,197.54,196.98,197.69,196.73,,0.63%
12/24/2019,196.31,195.6,196.38,195.4,,0.58%
12/23/2019,195.17,195.22,195.52,194.64,,-0.30%
12/20/2019,195.76,195.8,196.23,195.24,,-0.04%
12/19/2019,195.83,195.32,196.01,194.87,,0.09%
12/18/2019,195.66,195.23,195.99,194.87,,-0.17%
12/17/2019,195.98,195.85,196.24,195.61,,0.04%
12/16/2019,195.9,195.06,196.15,194.91,,0.78%
12/13/2019,194.39,194.58,195.97,193.9,,0.49%
12/12/2019,193.44,192.29,193.85,192.12,,0.79%
12/11/2019,191.93,192.28,192.62,191.17,,-0.37%
12/10/2019,192.63,191.51,192.89,191.36,,0.55%
12/09/2019,191.57,190.59,191.97,190.35,,0.00%
12/06/2019,191.57,190.52,192.13,190.18,,0.63%
12/05/2019,190.37,190.29,191.18,189.93,,0.38%
12/04/2019,189.66,188.78,190.25,188.78,,1.03%
12/03/2019,187.73,187.49,188.38,186.96,,0.27%
12/02/2019,187.23,188.15,188.19,187.04,,0.28%
11/29/2019,186.71,189.99,190.09,186.59,,-2.04%
11/27/2019,190.6,191.6,191.61,189.98,,-0.41%
11/26/2019,191.39,190.55,191.39,190.44,,0.30%
11/25/2019,190.82,190.16,190.95,189.45,,0.12%
11/22/2019,190.58,190.96,191.41,190.11,,-0.19%
11/21/2019,190.95,188.95,190.97,188.9,,0.99%
11/20/2019,189.08,187.66,189.79,187.54,,1.03%
11/19/2019,187.16,188.7,188.78,186.97,,-1.12%
11/18/2019,189.29,190.48,190.5,188.83,,-0.99%
11/15/2019,191.19,189.94,191.66,189.79,,0.51%
11/14/2019,190.22,191.44,191.55,190.06,,-0.12%
11/13/2019,190.45,189.55,190.92,189.51,,0.29%
11/12/2019,189.9,189.87,190.59,189.42,,0.22%
11/11/2019,189.48,189.79,190.73,189.43,,-1.01%
11/08/2019,191.42,190.05,191.72,189.24,,0.17%
11/07/2019,191.11,191.11,191.72,191,,0.26%
11/06/2019,190.6,192.16,192.64,190.41,,-0.86%
11/05/2019,192.26,191.88,192.43,191.79,,0.56%
11/04/2019,191.19,191.56,192.06,191.16,,0.47%
11/01/2019,190.31,186.63,190.34,186.63,,1.92%
10/31/2019,186.73,187.74,187.78,185.92,,-0.79%
10/30/2019,188.22,188.33,188.79,187.72,,-0.03%
10/29/2019,188.28,187.7,188.98,187.33,,0.06%
10/28/2019,188.17,188,188.95,187.8,,-0.04%
10/25/2019,188.24,187.53,188.44,186.85,,0.38%
10/24/2019,187.53,187.46,187.91,187.07,,0.24%
10/23/2019,187.09,184.45,187.18,183.98,,1.02%
10/22/2019,185.19,184.86,186,184.83,,0.45%
10/21/2019,184.37,185.21,185.39,183.82,,-0.56%
10/18/2019,185.42,185.68,186,184.87,,0.13%
10/17/2019,185.18,184.61,185.22,183.88,,0.32%
10/16/2019,184.58,184.07,185.06,183.76,,0.13%
10/15/2019,184.33,183.99,185.13,183.93,,-0.13%
10/14/2019,184.58,184.64,184.85,183.86,,-0.58%
10/11/2019,185.66,184.41,185.75,183.75,,1.42%
10/10/2019,183.06,182.85,183.46,182.62,,0.30%
10/09/2019,182.51,183.56,184.09,182.36,,-0.14%
10/08/2019,182.77,181.5,182.91,181.29,,0.13%
10/07/2019,182.53,183.1,183.41,182.42,,-0.21%
10/04/2019,182.91,182.93,183.52,182.34,,0.06%
10/03/2019,182.81,182.36,183.08,180.69,,0.27%
10/02/2019,182.32,183.54,183.93,181.58,,-0.65%
10/01/2019,183.51,183.9,184,182.84,,0.09%
09/30/2019,183.35,184.49,184.75,183.29,,-0.99%
09/27/2019,185.19,184.82,185.94,183.94,,-0.29%
09/26/2019,185.72,186.51,186.52,184.48,,-0.23%
09/25/2019,186.14,185.59,186.21,184.6,,-0.31%
09/24/2019,186.71,187.64,187.81,186.31,,-0.82%
09/23/2019,188.25,186.8,188.29,186.67,,0.76%
09/20/2019,186.83,188.07,188.36,186.71,,-0.24%
09/19/2019,187.27,188.24,188.53,187.1,,0.08%
09/18/2019,187.12,187.9,187.97,186.46,,-0.64%
09/17/2019,188.33,191.46,191.95,187.55,,-2.38%
09/16/2019,192.93,189.96,193.1,189.82,,4.81%
09/13/2019,184.08,184.35,184.77,183.83,,0.20%
09/12/2019,183.71,182.5,183.75,181.33,,0.43%
09/11/2019,182.94,184.89,184.97,182.79,,-0.69%
09/10/2019,184.2,184.4,185.09,183.95,,0.37%
09/09/2019,183.53,182.05,183.93,181.83,,0.99%
09/06/2019,181.73,179.97,182.18,179.9,,0.17%
09/05/2019,181.43,182.07,182.91,181.38,,-0.20%
09/04/2019,181.78,179.21,182.03,179.21,,2.08%
09/03/2019,178.08,178.02,178.12,176.61,,-0.66%
08/30/2019,179.27,180.34,181.04,178.75,,-1.00%
08/29/2019,181.07,180.66,181.25,180.24,,0.52%
08/28/2019,180.14,179.5,180.56,179.3,,0.89%
08/27/2019,178.55,178.3,178.63,177.39,,0.47%
08/26/2019,177.71,178.35,179.33,177.65,,0.19%
08/23/2019,177.37,179.08,179.16,176.35,,-1.00%
08/22/2019,179.16,180.09,180.58,178.85,,-0.34%
08/21/2019,179.77,180.69,181.11,179.64,,0.01%
08/20/2019,179.74,179.38,180.11,178.64,,0.07%
08/19/2019,179.61,178.9,179.98,178.55,,0.23%
08/16/2019,179.19,179.03,179.34,178.44,,0.22%
08/15/2019,178.79,178.66,179.7,178.25,,-0.35%
08/14/2019,179.42,181.07,181.14,178.31,,-1.41%
08/13/2019,181.98,178.94,182.41,178.35,,1.45%
08/12/2019,179.38,180.31,180.85,179.03,,-0.84%
08/09/2019,180.89,179.72,181.43,179.49,,1.04%
08/08/2019,179.02,177.69,179.25,177.62,,1.45%
08/07/2019,176.46,179.29,179.35,175.92,,-1.55%
08/06/2019,179.23,180.62,181.13,179.09,,-0.55%
08/05/2019,180.21,180.56,181.35,178.97,,-1.06%
08/02/2019,182.15,182.82,183.08,181.78,,0.32%
08/01/2019,181.56,186.46,186.49,181.3,,-3.20%
07/31/2019,187.56,187.73,188.35,187.17,,0.11%
07/30/2019,187.36,187.06,187.57,186.32,,0.31%
07/29/2019,186.77,186.11,186.87,185.61,,0.38%
07/26/2019,186.07,186.89,186.92,185.89,,-0.40%
07/25/2019,186.82,187.93,188.4,186.71,,-0.18%
07/24/2019,187.16,188.45,189.08,186.66,,-0.45%
07/23/2019,188.01,187.22,188.22,186.42,,0.28%
07/22/2019,187.49,188.18,188.46,187.44,,0.00%
07/19/2019,187.49,187.7,188.1,186.88,,0.65%
07/18/2019,186.29,188.57,188.62,185.73,,-1.09%
07/17/2019,188.35,189.54,190.31,188.26,,-0.36%
07/16/2019,189.03,191.35,191.62,188.57,,-1.63%
07/15/2019,192.17,193.31,193.32,191.71,,-0.68%
07/12/2019,193.47,192.83,193.85,192.64,,0.38%
07/11/2019,192.75,193.74,193.9,192.52,,-0.26%
07/10/2019,193.25,191.03,193.32,190.99,,1.92%
07/09/2019,189.6,189.31,189.74,188.11,,0.02%
07/08/2019,189.57,190.28,190.56,189.39,,-0.03%
07/05/2019,189.63,188.85,189.78,188.19,,0.18%
07/03/2019,189.29,187.64,189.33,187.45,,1.49%
07/02/2019,186.52,189.84,190.15,186.4,,-1.81%
07/01/2019,189.96,191.8,192.29,189.15,,0.07%
06/28/2019,189.83,191.79,192.19,189.6,,-0.78%
06/27/2019,191.32,190.51,191.63,190.44,,0.07%
06/26/2019,191.2,190.68,192.05,190.47,,0.83%
06/25/2019,189.63,189.08,190.17,188.99,,0.50%
06/24/2019,188.69,187.92,188.72,187.41,,0.84%
06/21/2019,187.11,188.14,188.25,186.98,,-0.05%
06/20/2019,187.21,186.44,187.72,186.02,,1.83%
06/19/2019,183.85,184.25,185.02,183.65,,-0.37%
06/18/2019,184.54,182.14,185.29,182.11,,0.97%
06/17/2019,182.77,182.82,183.53,182.57,,-0.20%
06/14/2019,183.14,182.88,184,182.81,,0.23%
06/13/2019,182.73,183.26,183.9,182.27,,0.69%
06/12/2019,181.48,181.87,182.75,181.43,,-0.92%
06/11/2019,183.17,182.68,183.45,182.22,,0.46%
06/10/2019,182.32,182.32,183.28,182.05,,-0.18%
06/07/2019,182.65,182.45,183.08,181.58,,0.32%
06/06/2019,182.06,180.79,182.11,180.26,,0.89%
06/05/2019,180.45,182.9,183.09,180.11,,-1.79%
06/04/2019,183.74,182.58,184,182.43,,0.45%
06/03/2019,182.92,184.06,184.47,182.76,,-0.35%
05/31/2019,183.56,185.6,185.91,183.51,,-1.89%
05/30/2019,187.1,188.96,189.41,186.92,,-0.87%
05/29/2019,188.74,188.41,189.24,187.35,,0.05%
05/28/2019,188.65,188.02,188.96,187.79,,0.94%
05/24/2019,186.89,186.29,186.92,185.48,,0.97%
05/23/2019,185.09,187.23,187.23,184.69,,-1.46%
05/22/2019,187.82,189.57,189.8,187.49,,-1.33%
05/21/2019,190.35,190.37,190.65,189.72,,0.15%
05/20/2019,190.06,190.06,190.78,189.66,,0.41%
05/17/2019,189.27,190.99,191,189.06,,-0.73%
05/16/2019,190.66,190.05,191,189.98,,0.93%
05/15/2019,188.9,188.36,189.63,187.73,,0.38%
05/14/2019,188.19,187.13,188.45,186.86,,1.33%
05/13/2019,185.72,187.27,187.9,185.23,,-0.71%
05/10/2019,187.06,187.41,187.7,186.86,,-0.02%
05/09/2019,187.1,187.71,187.71,186.04,,-0.41%
05/08/2019,187.86,187.48,188.65,187.36,,0.15%
05/07/2019,187.58,187.97,188.18,186.77,,-0.65%
05/06/2019,188.82,188.42,189.2,187.7,,-0.58%
05/03/2019,189.92,190.24,190.77,189.88,,-0.06%
05/02/2019,190.04,191.04,191.05,189.21,,-0.95%
05/01/2019,191.86,192.28,192.34,190.56,,-0.31%
04/30/2019,192.47,193.89,194.37,192.21,,0.04%
04/29/2019,192.38,192.56,192.81,191.84,,-0.24%
04/26/2019,192.84,192.92,193.56,192.06,,-0.69%
04/25/2019,194.19,194.9,195.05,194.02,,-0.28%
04/24/2019,194.73,195.46,195.86,194.68,,-0.57%
04/23/2019,195.86,196.43,196.47,195.6,,-0.17%
04/22/2019,196.2,196.59,197.19,196.09,,0.45%
04/18/2019,195.32,194.74,195.34,194.63,,0.29%
04/17/2019,194.75,196.07,196.12,194.7,,-0.36%
04/16/2019,195.45,195.26,195.49,194.39,,-0.07%
04/15/2019,195.58,195.7,195.96,195.23,,-0.48%
04/12/2019,196.53,196.75,196.85,196.19,,0.56%
04/11/2019,195.43,197.04,197.1,195.2,,-1.23%
04/10/2019,197.86,197.21,197.88,196.9,,0.59%
04/09/2019,196.7,196.99,197.21,196.17,,-0.07%
04/08/2019,196.83,196.22,196.97,195.99,,0.56%
04/05/2019,195.73,194.6,195.81,194.37,,0.35%
04/04/2019,195.05,195.09,195.67,194.59,,0.11%
04/03/2019,194.83,194.84,194.94,194.08,,0.26%
04/02/2019,194.32,193.55,194.37,193.29,,0.50%
04/01/2019,193.36,192.49,193.54,192.25,,0.95%
03/29/2019,191.54,192.22,193.1,191.48,,0.24%
03/28/2019,191.08,190.71,191.26,190.22,,-0.33%
03/27/2019,191.71,192.65,192.9,190.86,,-0.69%
03/26/2019,193.04,192.71,193.62,192.49,,0.51%
03/25/2019,192.07,191.61,192.64,191.12,,0.10%
03/22/2019,191.87,192.87,192.94,190.88,,-0.65%
03/21/2019,193.13,193.2,193.65,192.69,,-0.12%
03/20/2019,193.35,192.27,193.44,191.72,,0.20%
03/19/2019,192.96,193.29,193.63,192.13,,0.21%
03/18/2019,192.55,191.64,192.76,191.49,,0.56%
03/15/2019,191.48,190.98,191.62,189.88,,0.27%
03/14/2019,190.97,190.23,191.71,190.2,,-0.01%
03/13/2019,190.98,189.27,191,189.18,,1.17%
03/12/2019,188.78,188.55,189.09,188.08,,0.46%
03/11/2019,187.92,188.25,188.79,187.84,,-0.08%
03/08/2019,188.06,187.14,188.13,186.01,,-0.10%
03/07/2019,188.26,189.23,189.24,187.99,,-0.19%
03/06/2019,188.62,188.78,188.93,187.83,,-0.36%
03/05/2019,189.3,189.03,189.56,188.67,,0.45%
03/04/2019,188.45,189.34,190.01,187.8,,-0.20%
03/01/2019,188.83,190.41,190.73,187.98,,-0.68%
02/28/2019,190.12,190.46,190.73,189.73,,-0.26%
02/27/2019,190.61,189.88,191.01,189.34,,1.01%
02/26/2019,188.7,189.32,189.44,188.45,,-0.18%
02/25/2019,189.05,191,191.04,188.67,,-1.24%
02/22/2019,191.41,191.59,192.03,190.92,,0.36%
02/21/2019,190.72,190.6,191.01,189.91,,0.08%
02/20/2019,190.56,189.29,190.95,188.61,,0.57%
02/19/2019,189.48,189.12,189.54,188.39,,0.53%
02/15/2019,188.48,186.66,188.5,186.63,,1.47%
02/14/2019,185.76,186.32,186.37,184.64,,0.01%
02/13/2019,185.74,185.5,186.42,185.01,,0.29%
02/12/2019,185.2,185.48,186.3,184.97,,0.62%
02/11/2019,184.05,184.75,185.03,183.22,,-0.50%
02/08/2019,184.98,185.09,185.92,184.59,,-0.03%
02/07/2019,185.03,186.72,186.81,184.1,,-1.35%
02/06/2019,187.57,186.92,187.93,186.49,,0.34%
02/05/2019,186.93,187.42,188,186.59,,-0.36%
02/04/2019,187.6,187.16,187.87,185.39,,0.05%
02/01/2019,187.5,186.57,188.08,186.43,,0.51%
01/31/2019,186.54,187.84,189,186.41,,-0.26%
01/30/2019,187.02,186.75,187.83,186.25,,0.53%
01/29/2019,186.04,184.83,186.32,184.73,,0.97%
01/28/2019,184.25,185.69,185.79,183.79,,-1.75%
01/25/2019,187.54,185.93,187.7,185.72,,0.81%
01/24/2019,186.03,185.09,186.74,185.01,,0.33%
01/23/2019,185.42,186.81,186.9,184.88,,-0.18%
01/22/2019,185.75,186.85,187.12,184.92,,-1.74%
01/18/2019,189.05,187.07,189.09,186.36,,1.37%
01/17/2019,186.49,185.67,186.71,184.95,,0.07%
01/16/2019,186.35,185.68,186.91,185.51,,0.38%
01/15/2019,185.65,185.17,185.99,184.74,,0.67%
01/14/2019,184.41,184.67,185.92,184.22,,-0.14%
01/11/2019,184.67,185.94,186.02,184.06,,-0.29%
01/10/2019,185.2,185.5,185.88,184.29,,-0.24%
01/09/2019,185.65,184,185.97,183.58,,1.76%
01/08/2019,182.44,182.09,182.86,181.69,,0.77%
01/07/2019,181.05,181.49,182.54,180.77,,0.76%
01/04/2019,179.69,179.48,180.56,178.74,,1.06%
01/03/2019,177.81,177.06,178.04,175.61,,0.69%
01/02/2019,176.59,175.61,178.97,174.39,,0.36%
12/31/2018,175.96,178.11,178.3,175.33,,-0.66%
12/28/2018,177.13,176.35,177.65,176.29,,0.29%
12/27/2018,176.62,177.85,178.6,176.35,,-1.41%
12/26/2018,179.15,175.2,179.42,174.37,,2.74%
12/24/2018,174.38,177.38,177.41,174.23,,-2.17%
12/21/2018,178.25,177.87,178.85,177.48,,-0.30%
12/20/2018,178.8,180.91,181.5,178.73,,-2.01%
12/19/2018,182.45,180.82,182.59,180.1,,1.03%
12/18/2018,180.59,182.69,183.95,180.57,,-1.96%
12/17/2018,184.19,187.04,187.14,184.06,,-1.31%
12/14/2018,186.64,188.01,188.74,186.29,,-1.48%
12/13/2018,189.44,186.86,189.56,186.86,,1.02%
12/12/2018,187.53,189.53,189.68,187.41,,-0.32%
12/11/2018,188.14,188.76,189.26,187.57,,0.09%
12/10/2018,187.97,189.46,189.75,187.92,,-1.34%
12/07/2018,190.52,188.36,192.12,188.22,,1.58%
12/06/2018,187.56,187.85,188.03,185.99,,-1.33%
12/05/2018,190.09,190.64,191.67,189.83,,-0.20%
12/04/2018,190.47,191.02,191.52,189.99,,0.35%
12/03/2018,189.81,190.46,190.89,189.19,,0.99%
11/30/2018,187.94,187.29,188.4,186.08,,-0.31%
11/29/2018,188.52,187.64,189.03,187.29,,0.61%
11/28/2018,187.38,186.71,188.49,186.19,,0.73%
11/27/2018,186.02,186.09,186.92,184.85,,-0.20%
11/26/2018,186.4,185.6,186.78,185.38,,0.41%
11/23/2018,185.64,187.7,187.78,185.57,,-2.91%
11/21/2018,191.2,191.51,193.35,190.81,,0.67%
11/20/2018,189.93,193.95,194.27,188.53,,-2.63%
11/19/2018,195.06,193.8,195.28,192.27,,0.80%
11/16/2018,193.51,192.27,194.75,192.13,,0.95%
11/15/2018,191.68,193.63,194.22,191.61,,-1.33%
11/14/2018,194.27,193.22,194.85,192.48,,1.91%
11/13/2018,190.62,194.09,194.26,190.45,,-1.83%
11/12/2018,194.18,195.64,196.19,194.08,,-0.23%
11/09/2018,194.61,194.69,195.52,193.75,,-0.66%
11/08/2018,195.9,197.25,197.42,195.36,,-0.84%
11/07/2018,197.57,198.45,198.64,196.81,,0.07%
11/06/2018,197.42,198.49,199.06,196.79,,-0.70%
11/05/2018,198.82,198.52,199.94,198.42,,0.16%
11/02/2018,198.5,198.35,198.74,197.38,,0.35%
11/01/2018,197.81,196.95,199.15,196.84,,0.36%
10/31/2018,197.1,198.22,198.7,197.05,,-0.41%
10/30/2018,197.9,199.13,199.23,197.41,,-0.85%
10/29/2018,199.6,201.71,202.21,199.47,,-1.05%
10/26/2018,201.72,200.1,202.02,199.91,,0.37%
10/25/2018,200.97,201.17,201.63,200.49,,0.17%
10/24/2018,200.62,201.02,202.58,200.57,,-0.25%
10/23/2018,201.13,202.19,202.5,200.5,,-1.15%
10/22/2018,203.46,203.3,203.61,202.7,,0.06%
10/19/2018,203.35,203.51,204.43,203.19,,0.28%
10/18/2018,202.78,203.88,204.11,202.69,,-1.13%
10/17/2018,205.1,206,206.13,204.54,,-0.41%
10/16/2018,205.93,205.35,206.39,205.33,,0.00%
10/15/2018,205.94,205.18,205.98,204.34,,0.93%
10/12/2018,204.05,203.91,204.39,203.22,,0.67%
10/11/2018,202.68,202.61,203.6,202.3,,-0.74%
10/10/2018,204.2,206.83,206.87,204.14,,-1.12%
10/09/2018,206.52,206.44,206.72,205.48,,0.31%
10/08/2018,205.87,204.91,205.97,204.86,,0.38%
10/05/2018,205.09,205.29,205.9,204.91,,0.13%
10/04/2018,204.82,207.06,207.43,204.52,,-1.21%
10/03/2018,207.32,206.17,207.83,205.44,,0.64%
10/02/2018,206.01,204.23,206.09,203.98,,1.11%
10/01/2018,203.75,201.12,203.85,200.73,,1.37%
09/28/2018,201.01,200.1,201.76,199.63,,0.51%
09/27/2018,199.98,200.15,200.35,199.44,,0.11%
09/26/2018,199.77,200.68,200.72,199.7,,-0.58%
09/25/2018,200.94,200.78,201.51,200.52,,0.18%
09/24/2018,200.57,200.57,201.34,200.42,,0.43%
09/21/2018,199.71,199.12,200.14,198.33,,0.66%
09/20/2018,198.39,197.69,198.67,197.33,,0.50%
09/19/2018,197.41,196.24,197.47,196.11,,0.64%
09/18/2018,196.16,196.18,196.85,195.63,,0.49%
09/17/2018,195.2,196.35,196.79,195.1,,-0.42%
09/14/2018,196.03,196.83,197.19,195.6,,-0.48%
09/13/2018,196.97,198.41,198.58,196.77,,-1.00%
09/12/2018,198.97,197.76,199.61,197.6,,0.89%
09/11/2018,197.21,196.78,197.35,195.77,,0.35%
09/10/2018,196.54,196.55,197.38,196.07,,0.37%
09/07/2018,195.82,195.56,195.86,194.88,,0.31%
09/06/2018,195.22,196.82,196.94,194.45,,-0.64%
09/05/2018,196.47,196.73,197.68,196.44,,-0.57%
09/04/2018,197.6,198.74,198.89,197.44,,-0.41%
08/31/2018,198.41,198.19,199.15,198.17,,0.08%
08/30/2018,198.25,198.91,199.06,197.48,,-0.07%
08/29/2018,198.39,197.4,198.74,197.08,,0.66%
08/28/2018,197.1,198.38,198.49,196.97,,-0.59%
08/27/2018,198.28,197.15,198.36,197.12,,0.43%
08/24/2018,197.43,197.15,198.31,197.02,,0.84%
08/23/2018,195.8,196.04,196.22,195.29,,-0.32%
08/22/2018,196.42,196.21,196.88,195.21,,0.59%
08/21/2018,195.27,194.96,195.86,194.92,,0.48%
08/20/2018,194.34,194.26,194.69,193.78,,0.22%
08/17/2018,193.92,193.87,194.58,193.19,,0.20%
08/16/2018,193.54,193,193.95,192.89,,0.77%
08/15/2018,192.06,194.36,194.79,191.83,,-1.83%
08/14/2018,195.63,196.4,197.14,195.47,,0.08%
08/13/2018,195.48,195.82,196.12,193.98,,-0.71%
08/10/2018,196.88,197.52,198.25,196.71,,-0.38%
08/09/2018,197.62,198.55,198.76,197.53,,-0.31%
08/08/2018,198.24,199.36,199.43,197.29,,-0.74%
08/07/2018,199.72,200.41,200.53,199.44,,0.30%
08/06/2018,199.13,198.88,199.93,198.52,,0.38%
08/03/2018,198.39,198.41,198.91,197.78,,0.31%
08/02/2018,197.77,196.13,198.35,195.95,,0.53%
08/01/2018,196.73,198.14,198.55,196.46,,-1.48%
07/31/2018,199.68,200.72,200.86,199.61,,-0.62%
07/30/2018,200.93,200.69,201.48,200.66,,0.84%
07/27/2018,199.26,199.87,200.34,198.84,,-0.42%
07/26/2018,200.1,200.52,200.61,199.88,,0.18%
07/25/2018,199.74,198.62,199.97,198.57,,0.76%
07/24/2018,198.23,197.76,198.93,197.48,,0.37%
07/23/2018,197.5,198.44,198.52,197.16,,-0.05%
07/20/2018,197.6,196.58,197.73,196.58,,0.64%
07/19/2018,196.35,195.05,197.05,194.87,,-0.02%
07/18/2018,196.4,195.46,196.58,194.91,,0.20%
07/17/2018,196,196.47,196.47,195.42,,-0.04%
07/16/2018,196.07,197.69,198.1,195.89,,-1.30%
07/13/2018,198.66,198.04,199.18,197.85,,-0.14%
07/12/2018,198.93,198.38,199.06,197.41,,0.61%
07/11/2018,197.72,201.46,201.7,197.41,,-2.75%
07/10/2018,203.31,203.53,204.3,202.9,,0.04%
07/09/2018,203.24,203.17,203.47,202.22,,0.11%
07/06/2018,203.02,200.27,203.09,199.89,,0.95%
07/05/2018,201.12,202.62,202.97,200.83,,-0.63%
07/03/2018,202.4,203.48,204.14,201.55,,0.00%
07/02/2018,202.41,204.55,204.7,202.37,,-1.42%
06/29/2018,205.33,203.86,205.78,203.72,,0.76%
06/28/2018,203.79,203.62,204.98,203.28,,-0.02%
06/27/2018,203.84,202.67,204.08,202.44,,0.87%
06/26/2018,202.08,200.41,202.39,200.06,,0.98%
06/25/2018,200.13,201.6,202.17,199.9,,-1.09%
06/22/2018,202.34,200.38,202.41,200.28,,1.62%
06/21/2018,199.12,198.67,199.68,198.67,,-0.29%
06/20/2018,199.7,199.02,200.15,198.82,,0.60%
06/19/2018,198.51,198.35,198.6,197.17,,-1.20%
06/18/2018,200.91,200.6,201.08,199.81,,-0.01%
06/15/2018,200.93,202.79,202.79,200.73,,-1.39%
06/14/2018,203.76,204.95,205.1,203.51,,-0.54%
06/13/2018,204.86,204.21,205.32,204.03,,-0.02%
06/12/2018,204.9,204.36,205.16,204.05,,0.38%
06/11/2018,204.12,203.96,205.07,203.61,,-0.31%
06/08/2018,204.75,203.77,205.18,203.73,,0.28%
06/07/2018,204.17,204.66,205.03,203.88,,0.24%
06/06/2018,203.68,203.94,204.6,203.29,,-0.08%
06/05/2018,203.85,202.79,203.9,202.53,,0.17%
06/04/2018,203.5,205.7,205.98,203.41,,-1.40%
06/01/2018,206.38,207.4,207.6,206.29,,-0.55%
05/31/2018,207.53,207.9,208.33,206.94,,-0.22%
05/30/2018,207.98,206.41,208.16,206.33,,0.74%
05/29/2018,206.46,207.82,207.93,205.8,,-0.73%
05/25/2018,207.98,209.17,209.18,207.34,,-1.12%
05/24/2018,210.34,210.8,211.31,210.21,,-0.34%
05/23/2018,211.06,210.16,211.27,210,,0.09%
05/22/2018,210.87,211.09,211.63,210.54,,0.25%
05/21/2018,210.34,209.03,210.49,208.94,,1.00%
05/18/2018,208.26,208.65,209.19,208.15,,0.07%
05/17/2018,208.12,209.19,209.35,207.85,,-0.09%
05/16/2018,208.31,207.9,208.36,207.37,,0.16%
05/15/2018,207.98,208.77,209.17,206.76,,-0.18%
05/14/2018,208.35,207.86,208.58,207.78,,0.15%
05/11/2018,208.05,208.9,208.97,207.91,,-0.47%
05/10/2018,209.02,208.7,209.1,207.81,,0.41%
05/09/2018,208.17,208.34,208.57,207.62,,0.80%
05/08/2018,206.51,207.17,207.89,204.7,,-0.76%
05/07/2018,208.09,208.21,208.79,207.96,,0.20%
05/04/2018,207.66,206.33,207.97,205.87,,0.57%
05/03/2018,206.47,205.96,206.61,205.29,,0.25%
05/02/2018,205.95,205.55,206.06,204.94,,0.18%
05/01/2018,205.59,205.4,205.97,205.07,,-0.35%
04/30/2018,206.32,205.08,207.08,204.63,,0.31%
04/27/2018,205.68,204.84,205.87,204.56,,0.09%
04/26/2018,205.5,205.99,206.15,204.61,,0.27%
04/25/2018,204.95,204.07,205.02,203.41,,0.31%
04/24/2018,204.32,205.21,206.31,204.15,,-0.31%
04/23/2018,204.96,205.8,206.11,204.44,,-0.58%
04/20/2018,206.15,205.39,206.25,204.92,,0.03%
04/19/2018,206.08,207.94,208.23,205.68,,-0.54%
04/18/2018,207.21,204.86,207.22,204.82,,1.80%
04/17/2018,203.53,203.36,203.76,202.7,,-0.08%
04/16/2018,203.69,203.19,204.59,203.11,,-0.06%
04/13/2018,203.81,203.41,204.33,203.33,,0.20%
04/12/2018,203.4,202.21,203.47,201.86,,0.24%
04/11/2018,202.91,201.68,203.64,201.41,,0.87%
04/10/2018,201.15,200.08,201.2,199.42,,1.11%
04/09/2018,198.95,196.75,199.12,196.75,,1.43%
04/06/2018,196.15,196.64,197.83,195.88,,-0.80%
04/05/2018,197.73,196.23,197.77,196.13,,0.77%
04/04/2018,196.22,194.59,196.34,194.26,,-0.44%
04/03/2018,197.1,197.33,197.87,196.91,,-0.08%
04/02/2018,197.26,200.31,200.39,197.21,,-1.00%
03/29/2018,199.25,198.33,199.7,198.16,,0.55%
03/28/2018,198.16,198.5,198.83,197.65,,-0.64%
03/27/2018,199.43,200.01,200.58,199.13,,-0.10%
03/26/2018,199.63,200.02,200.4,199.48,,-0.23%
03/23/2018,200.1,198.86,200.11,198.73,,0.53%
03/22/2018,199.04,200.2,200.27,198.8,,-0.40%
03/21/2018,199.84,199.01,200.3,198.78,,0.97%
03/20/2018,197.92,197.37,198.82,197.3,,0.66%
03/19/2018,196.63,197.54,197.91,196.46,,-0.79%
03/16/2018,198.19,197.68,198.38,196.89,,0.30%
03/15/2018,197.61,198.51,198.66,197.32,,-0.30%
03/14/2018,198.21,198.58,198.86,197.47,,0.11%
03/13/2018,197.99,198.39,199.24,197.42,,-0.12%
03/12/2018,198.23,198.37,198.77,197.46,,-0.30%
03/09/2018,198.84,197.7,198.9,197.41,,0.77%
03/08/2018,197.31,197.89,198.69,197.13,,-0.39%
03/07/2018,198.09,199.89,200.21,197.77,,-1.18%
03/06/2018,200.45,201.24,201.63,200.16,,0.05%
03/05/2018,200.35,197.86,200.37,197.75,,1.33%
03/02/2018,197.72,197.51,197.91,196.6,,0.09%
03/01/2018,197.54,196.54,197.75,195.75,,0.00%
02/28/2018,197.53,198.97,199.74,197.42,,-0.73%
02/27/2018,198.99,199.86,200.04,198.67,,-0.68%
02/26/2018,200.37,200.22,200.86,199.29,,0.40%
02/23/2018,199.57,198.63,199.86,198.55,,0.38%
02/22/2018,198.82,197.12,199.07,197.05,,0.57%
02/21/2018,197.7,196.85,197.81,196.77,,0.26%
02/20/2018,197.18,197.76,198.27,197.09,,0.06%
02/16/2018,197.05,196.79,197.4,196.24,,0.07%
02/15/2018,196.92,195.44,196.98,194.95,,0.56%
02/14/2018,195.82,192.68,195.84,191.53,,1.35%
02/13/2018,193.22,192.7,193.57,191.99,,0.40%
02/12/2018,192.44,193.31,193.67,192.42,,0.32%
02/09/2018,191.83,194.15,194.51,190.66,,-1.70%
02/08/2018,195.14,195.26,196.38,194.79,,-0.29%
02/07/2018,195.71,195.71,198.45,195.3,,-1.23%
02/06/2018,198.15,197.92,199.12,197.74,,-0.47%
02/05/2018,199.08,199.8,200.53,198.7,,-0.89%
02/02/2018,200.86,201.65,202.18,199.92,,-0.45%
02/01/2018,201.78,200.87,201.79,200.66,,0.50%
01/31/2018,200.78,200.54,201.01,200.16,,-0.38%
01/30/2018,201.55,202.57,203.02,201.24,,-0.70%
01/29/2018,202.96,203.3,203.49,202.47,,-0.48%
01/26/2018,203.94,202.85,204.25,202.38,,0.59%
01/25/2018,202.74,204.07,204.61,202.65,,-0.08%
01/24/2018,202.89,201.08,203,201.01,,1.31%
01/23/2018,200.27,199.84,200.68,199.78,,0.37%
01/22/2018,199.53,199.14,199.95,198.96,,0.38%
01/19/2018,198.78,199.29,199.51,198.36,,-0.42%
01/18/2018,199.63,199.79,199.86,198.57,,-0.03%
01/17/2018,199.68,198.07,199.82,198.02,,0.67%
01/16/2018,198.35,198.59,198.82,197.82,,-0.47%
01/12/2018,199.29,198.35,199.29,197.63,,0.46%
01/11/2018,198.37,198.24,199.22,198.2,,0.17%
01/10/2018,198.02,198.54,198.55,197.5,,0.35%
01/09/2018,197.33,196.53,197.55,195.73,,0.65%
01/08/2018,196.07,196.71,196.76,195.6,,-0.26%
01/05/2018,196.58,197.33,197.67,196.44,,-0.98%
01/04/2018,198.52,198.13,198.9,197.88,,0.01%
01/03/2018,198.5,197.99,198.52,197.88,,0.33%
01/02/2018,197.85,197.25,198.06,196.94,,0.45%
12/29/2017,196.95,196.32,197.13,196.03,,0.43%
12/28/2017,196.11,194.88,196.13,194.75,,0.82%
12/27/2017,194.5,193.14,194.57,192.99,,0.53%
12/26/2017,193.48,191.34,193.58,191.27,,1.40%
12/22/2017,190.82,190.14,190.87,189.82,,0.08%
12/21/2017,190.66,189.89,190.68,189.15,,0.35%
12/20/2017,190,189.43,190.08,189.1,,0.58%
12/19/2017,188.9,188.53,189.25,188.46,,0.33%
12/18/2017,188.29,188.45,188.93,188.04,,0.50%
12/15/2017,187.36,187.77,187.94,187.16,,0.17%
12/14/2017,187.04,185.96,187.12,185.79,,0.47%
12/13/2017,186.17,187.15,187.47,186.12,,-0.02%
12/12/2017,186.21,188.99,189.13,186.04,,-1.12%
12/11/2017,188.32,187.83,188.57,187.82,,0.27%
12/08/2017,187.81,188.66,188.68,187.4,,0.30%
12/07/2017,187.25,187.19,187.37,186.64,,-0.13%
12/06/2017,187.5,189.74,189.91,187.49,,-1.46%
12/05/2017,190.28,190.75,191.12,190.19,,-0.64%
12/04/2017,191.51,192.99,193.31,191.43,,-1.04%
12/01/2017,193.52,193.03,194.3,192.63,,0.80%
11/30/2017,191.98,194.04,194.1,191.57,,-0.90%
11/29/2017,193.73,193.97,195,193.18,,-0.16%
11/28/2017,194.03,193.56,194.23,193.51,,-0.21%
11/27/2017,194.45,194.5,195.05,193.8,,-0.29%
11/24/2017,195.02,195.07,195.29,194.68,,0.33%
11/22/2017,194.39,193.6,194.55,193.42,,0.94%
11/21/2017,192.58,192.26,193.1,191.86,,0.33%
11/20/2017,191.95,191.92,192.12,191.08,,-0.61%
11/17/2017,193.12,191.93,193.26,191.75,,1.14%
11/16/2017,190.94,191.35,191.78,190.84,,-0.20%
11/15/2017,191.33,190.91,191.55,190.72,,-0.22%
11/14/2017,191.75,193.52,193.69,191.3,,-1.25%
11/13/2017,194.17,194.08,194.89,193.94,,-0.09%
11/10/2017,194.35,194.48,195.03,193.93,,-0.11%
11/09/2017,194.57,194.59,195.37,194.48,,-0.01%
11/08/2017,194.59,194.23,195.7,194.09,,0.03%
11/07/2017,194.54,194.54,195,194.07,,-0.37%
11/06/2017,195.26,192.71,195.53,192.36,,1.69%
11/03/2017,192.01,191.06,192.07,190.43,,0.67%
11/02/2017,190.73,190.29,190.82,190.02,,0.10%
11/01/2017,190.54,191.4,191.45,190.08,,0.21%
10/31/2017,190.14,189.76,190.37,189.37,,0.02%
10/30/2017,190.11,189.62,190.38,189.56,,0.35%
10/27/2017,189.45,187.7,189.55,187.25,,0.52%
10/26/2017,188.47,187.68,188.61,187.3,,0.29%
10/25/2017,187.92,188.26,188.65,187.67,,-0.22%
10/24/2017,188.35,187.63,188.39,186.97,,0.61%
10/23/2017,187.21,187.12,187.52,186.92,,0.33%
10/20/2017,186.59,186.31,186.88,185.82,,0.03%
10/19/2017,186.54,185.9,186.81,185.81,,0.05%
10/18/2017,186.46,186.69,186.98,186.06,,-0.13%
10/17/2017,186.7,187.22,187.49,186.28,,-0.20%
10/16/2017,187.08,187.94,188.21,186.88,,-0.10%
10/13/2017,187.28,187.05,187.46,186.39,,0.85%
10/12/2017,185.7,185.13,186.23,184.75,,-0.12%
10/11/2017,185.91,186.11,186.16,185.38,,0.17%
10/10/2017,185.6,184.64,185.9,184.46,,1.24%
10/09/2017,183.33,183.45,183.55,182.87,,0.01%
10/06/2017,183.31,184.77,184.77,182.83,,-1.08%
10/05/2017,185.32,184.14,185.78,183.9,,0.91%
10/04/2017,183.64,183.38,184.22,183.34,,0.22%
10/03/2017,183.24,183.05,183.51,182.67,,0.00%
10/02/2017,183.24,183.81,183.81,182.64,,-1.18%
09/29/2017,185.44,185.12,185.89,184.75,,0.06%
09/28/2017,185.33,186.49,186.49,184.89,,-0.47%
09/27/2017,186.21,185.7,186.31,185.35,,0.26%
09/26/2017,185.73,186.8,186.83,185.43,,-0.65%
09/25/2017,186.95,186.04,187.03,185.86,,0.58%
09/22/2017,185.88,186.1,186.47,185.5,,0.10%
09/21/2017,185.7,185.68,186.12,185.46,,-0.67%
09/20/2017,186.95,185.85,187.26,185.61,,1.13%
09/19/2017,184.86,186.06,186.38,184.62,,-0.63%
09/18/2017,186.03,186.09,186.54,185.39,,-0.16%
09/15/2017,186.34,185.45,186.43,185.41,,0.41%
09/14/2017,185.58,185.53,186.59,185.42,,0.24%
09/13/2017,185.14,184.42,185.24,184.23,,0.81%
09/12/2017,183.65,183.69,184.45,183.14,,-0.13%
09/11/2017,183.89,183.08,184.06,182.45,,0.28%
09/08/2017,183.39,184.95,185.36,183.08,,-0.92%
09/07/2017,185.09,185.08,185.39,184.67,,-0.07%
09/06/2017,185.22,184.63,185.51,184.56,,0.36%
09/05/2017,184.55,183.7,185.19,183.38,,0.78%
09/01/2017,183.12,182.56,183.17,181.76,,0.05%
08/31/2017,183.02,179.6,183.06,179.28,,2.25%
08/30/2017,178.99,179.51,179.62,178.68,,-0.37%
08/29/2017,179.65,180.02,180.51,179.07,,-0.27%
08/28/2017,180.13,180.37,180.82,179.69,,0.11%
08/25/2017,179.93,180.63,180.76,179.41,,0.02%
08/24/2017,179.89,179.9,180.32,179.07,,0.12%
08/23/2017,179.67,178.7,179.76,178.47,,0.49%
08/22/2017,178.8,178.67,179.27,178.38,,0.10%
08/21/2017,178.61,179.84,179.85,178.28,,-0.53%
08/18/2017,179.56,178.33,179.73,177.22,,0.92%
08/17/2017,177.92,177.34,178.03,176.7,,0.30%
08/16/2017,177.38,178.8,178.82,177.27,,-0.54%
08/15/2017,178.34,178.66,178.7,177.81,,-0.67%
08/14/2017,179.55,180.77,181.14,179.43,,-1.16%
08/11/2017,181.65,180.73,181.85,180.51,,0.39%
08/10/2017,180.95,184.28,184.62,180.86,,-1.45%
08/09/2017,183.62,183.38,183.78,182.99,,0.26%
08/08/2017,183.14,183.24,183.47,182.31,,0.07%
08/07/2017,183.01,182.48,183.02,181.64,,0.17%
08/04/2017,182.71,182.53,182.97,182,,0.02%
08/03/2017,182.66,183.52,184.13,182.62,,-0.74%
08/02/2017,184.03,182.68,184.06,182.27,,0.69%
08/01/2017,182.76,184.41,184.44,181.68,,-1.03%
07/31/2017,184.67,183.78,184.72,183.43,,0.30%
07/28/2017,184.12,183.06,184.58,182.88,,0.54%
07/27/2017,183.12,181.69,183.39,181.52,,0.94%
07/26/2017,181.41,179.59,181.48,179.55,,1.01%
07/25/2017,179.6,179.1,179.88,178.93,,0.82%
07/24/2017,178.14,178.35,178.58,177.91,,-0.23%
07/21/2017,178.56,179.47,179.91,178.44,,-0.97%
07/20/2017,180.31,181.08,181.67,180.26,,-0.14%
07/19/2017,180.57,179.07,180.71,179,,1.01%
07/18/2017,178.76,179.22,179.91,178.22,,0.57%
07/17/2017,177.75,178.38,178.68,177.7,,-0.22%
07/14/2017,178.14,177.19,178.2,176.47,,1.11%
07/13/2017,176.18,175.21,176.8,174.98,,0.27%
07/12/2017,175.7,176.21,176.95,175.38,,-0.02%
07/11/2017,175.74,173.39,175.88,173.23,,0.69%
07/10/2017,174.54,174.72,175.13,174.06,,0.11%
07/07/2017,174.35,174.33,175.29,173.66,,-1.07%
07/06/2017,176.23,176,176.91,175.57,,0.45%
07/05/2017,175.44,176.89,177.51,175.14,,-1.41%
07/03/2017,177.96,176.79,178.54,176.62,,0.80%
06/30/2017,176.55,174.35,176.6,174.23,,1.68%
06/29/2017,173.62,173.63,174.3,173.26,,0.54%
06/28/2017,172.7,171.89,172.83,171.5,,0.57%
06/27/2017,171.72,171.42,172.16,171.02,,0.86%
06/26/2017,170.26,169.94,170.29,168.84,,0.50%
06/23/2017,169.41,168.9,169.69,168.4,,0.75%
06/22/2017,168.15,169.41,169.45,168.13,,-0.55%
06/21/2017,169.08,171.48,171.76,168.56,,-1.31%
06/20/2017,171.33,171.98,172.05,170.36,,-0.95%
06/19/2017,172.97,174.44,174.44,172.84,,-1.01%
06/16/2017,174.74,175.1,175.22,174.42,,0.16%
06/15/2017,174.46,174.01,174.7,173.73,,-0.14%
06/14/2017,174.7,176.67,177.43,174.59,,-1.60%
06/13/2017,177.53,177.66,177.69,176.77,,-0.05%
06/12/2017,177.63,179.36,179.52,177.59,,-0.46%
06/09/2017,178.45,177.83,178.91,177.72,,0.38%
06/08/2017,177.78,177.7,178.35,177.36,,0.28%
06/07/2017,177.28,179.76,179.86,177.19,,-1.38%
06/06/2017,179.76,178.95,179.99,178.76,,0.44%
06/05/2017,178.97,179.06,179.16,178.52,,-0.37%
06/02/2017,179.63,179.13,180.14,179.13,,-0.63%
06/01/2017,180.76,181.76,181.79,180.67,,-0.38%
05/31/2017,181.45,181.66,182.11,180.66,,-0.86%
05/30/2017,183.01,182.82,183.31,182.18,,-0.36%
05/26/2017,183.68,182.72,183.71,181.85,,0.47%
05/25/2017,182.81,184.94,185.73,182.44,,-1.50%
05/24/2017,185.6,186.36,186.42,185.04,,-0.61%
05/23/2017,186.74,186.87,187.76,186.48,,-0.54%
05/22/2017,187.76,187.51,188.04,187.16,,0.55%
05/19/2017,186.74,185.31,186.77,185.28,,1.41%
05/18/2017,184.14,182.91,184.67,182.85,,-0.40%
05/17/2017,184.88,184.15,185.3,184.06,,0.61%
05/16/2017,183.76,184.55,184.85,183.62,,-0.33%
05/15/2017,184.37,185.54,186.3,184.37,,0.59%
05/12/2017,183.29,182.25,183.34,182.23,,0.70%
05/11/2017,182.03,182.07,182.2,181.16,,0.52%
05/10/2017,181.08,179.6,181.56,179.48,,1.25%
05/09/2017,178.84,179.97,180.15,178.55,,-0.47%
05/08/2017,179.69,179.25,180.05,178.68,,0.12%
05/05/2017,179.46,178.67,180.24,178.21,,0.52%
05/04/2017,178.54,180.78,180.85,178.27,,-1.88%
05/03/2017,181.95,181.8,182.19,181.08,,0.04%
05/02/2017,181.89,183.78,183.84,181.65,,-0.69%
05/01/2017,183.14,183.26,183.73,182.82,,-0.07%
04/28/2017,183.27,182.73,183.46,182.13,,0.69%
04/27/2017,182.02,182.47,182.56,181.24,,-0.67%
04/26/2017,183.24,183.26,184.37,182.74,,-0.11%
04/25/2017,183.44,182.28,183.45,181.91,,0.54%
04/24/2017,182.45,183.91,184.11,182.21,,-0.51%
04/21/2017,183.38,184.67,184.97,182.94,,-0.63%
04/20/2017,184.56,186,186.05,184.46,,-0.48%
04/19/2017,185.44,188.28,188.56,185.11,,-1.41%
04/18/2017,188.08,187.97,188.55,187.44,,-0.45%
04/17/2017,188.93,188.88,189.62,188.83,,-0.19%
04/13/2017,189.3,189.48,189.81,188.88,,0.21%
04/12/2017,188.9,189.72,190.04,188.75,,-0.32%
04/11/2017,189.52,189.32,189.53,188.4,,0.20%
04/10/2017,189.14,188.85,189.25,188.61,,0.29%
04/07/2017,188.6,188.45,188.74,187.48,,0.18%
04/06/2017,188.27,188.09,188.49,187.77,,0.34%
04/05/2017,187.63,188.19,188.57,187.28,,0.30%
04/04/2017,187.07,186.33,187.17,186.07,,0.58%
04/03/2017,185.99,187.74,188.04,185.93,,-0.72%
03/31/2017,187.34,186.72,187.56,186.38,,0.20%
03/30/2017,186.97,186,187.63,186,,0.17%
03/29/2017,186.65,185.72,186.71,185.37,,0.62%
03/28/2017,185.51,184.85,185.86,184.82,,0.54%
03/27/2017,184.52,184.35,184.62,183.56,,-0.19%
03/24/2017,184.88,185.17,185.32,184.6,,-0.09%
03/23/2017,185.05,185.67,185.67,184.5,,-0.11%
03/22/2017,185.26,184.59,185.74,184.25,,-0.23%
03/21/2017,185.7,186.66,186.74,185.38,,-0.26%
03/20/2017,186.19,185.59,186.71,184.98,,0.17%
03/17/2017,185.87,185.95,186.07,185.16,,0.24%
03/16/2017,185.43,186.42,186.44,185.3,,0.14%
03/15/2017,185.17,185.06,185.4,184.27,,0.92%
03/14/2017,183.48,184.88,184.9,182.91,,-0.56%
03/13/2017,184.52,184.38,184.82,183.99,,0.28%
03/10/2017,184,184.9,185.94,183.76,,-0.31%
03/09/2017,184.57,184.99,186.18,183.76,,-0.99%
03/08/2017,186.41,189.15,189.49,186.22,,-1.58%
03/07/2017,189.4,190.5,190.95,189.35,,-0.74%
03/06/2017,190.81,191.22,192.15,190.73,,-0.15%
03/03/2017,191.09,190.32,191.15,190.16,,0.48%
03/02/2017,190.18,191.78,191.92,190.06,,-1.28%
03/01/2017,192.65,192.52,192.78,191.82,,0.34%
02/28/2017,192,191.13,192.02,190.54,,0.39%
02/27/2017,191.25,192.27,192.45,191.2,,-0.55%
02/24/2017,192.3,192.93,192.99,191.94,,-0.37%
02/23/2017,193.01,193.97,194.5,192.76,,0.21%
02/22/2017,192.59,193.08,193.38,192.38,,-0.43%
02/21/2017,193.42,194.42,194.56,193.36,,-0.03%
02/17/2017,193.48,193.19,193.73,192.97,,-0.33%
02/16/2017,194.12,194.95,195.31,193.82,,-0.25%
02/15/2017,194.62,193.4,194.76,193.18,,0.51%
02/14/2017,193.63,194.11,194.44,193.04,,0.12%
02/13/2017,193.4,194.87,194.87,193.23,,-1.02%
02/10/2017,195.39,194.62,195.73,194.61,,0.67%
02/09/2017,194.09,194.28,194.84,193.82,,0.26%
02/08/2017,193.6,192.51,193.97,192.3,,0.47%
02/07/2017,192.7,193.19,193.27,192.17,,-0.41%
02/06/2017,193.49,195.13,195.21,193.42,,-0.53%
02/03/2017,194.53,194.12,195.19,193.85,,-0.16%
02/02/2017,194.84,195.38,196.1,194.59,,-0.42%
02/01/2017,195.66,194.18,195.68,193.88,,1.20%
01/31/2017,193.34,193.71,194.15,192.79,,0.41%
01/30/2017,192.56,194.18,194.24,192.53,,-1.12%
01/27/2017,194.74,194.52,195.06,193.92,,-0.42%
01/26/2017,195.57,195.43,196.6,195.31,,0.14%
01/25/2017,195.28,195.51,196.59,195.04,,-0.50%
01/24/2017,196.26,196.51,197.16,196.16,,0.26%
01/23/2017,195.74,194.9,196.08,194.69,,0.22%
01/20/2017,195.31,194.86,195.99,194.73,,0.55%
01/19/2017,194.25,195.26,195.36,193.99,,-0.20%
01/18/2017,194.64,195.36,195.84,194.42,,-0.91%
01/17/2017,196.43,196.88,197.66,196.39,,0.31%
01/13/2017,195.81,195.14,196.29,195.09,,-0.22%
01/12/2017,196.24,195.33,196.46,195.25,,1.39%
01/11/2017,193.55,192.46,194.21,191.9,,0.60%
01/10/2017,192.38,192.32,193.09,192.05,,0.28%
01/09/2017,191.84,193.03,193.05,191.79,,-1.51%
01/06/2017,194.79,194.89,195.37,193.96,,-0.08%
01/05/2017,194.95,194.81,195.44,193.79,,0.38%
01/04/2017,194.22,192.27,194.27,192.05,,1.49%
01/03/2017,191.36,194.81,195.03,191.15,,-1.22%
12/30/2016,193.73,193.93,194.55,193.37,,-0.20%
12/29/2016,194.12,194.64,194.84,193.91,,-0.07%
12/28/2016,194.25,193.93,194.58,193.24,,0.15%
12/27/2016,193.97,192.4,194.31,192.27,,1.17%
12/23/2016,191.72,190.9,192.24,190.75,,0.12%
12/22/2016,191.49,191.11,192.35,190.99,,-0.25%
12/21/2016,191.97,192.5,193.17,191.65,,0.11%
12/20/2016,191.75,192.23,192.53,191.36,,-0.34%
12/19/2016,192.4,192.42,192.65,191.89,,-0.10%
12/16/2016,192.6,191.76,192.83,191.38,,0.50%
12/15/2016,191.64,192.05,192.42,190.59,,-0.68%
12/14/2016,192.96,193.49,194.57,192.93,,-0.86%
12/13/2016,194.64,195.38,195.62,193.62,,0.06%
12/12/2016,194.52,195.15,195.91,194.35,,0.72%
12/09/2016,193.14,192.85,193.42,192.24,,0.30%
12/08/2016,192.57,192.34,192.61,191.03,,0.30%
12/07/2016,192,193.75,193.79,191.97,,-0.87%
12/06/2016,193.68,194.03,194.23,192.94,,-0.49%
12/05/2016,194.63,193.71,196.07,193.65,,0.93%
12/02/2016,192.83,191.74,192.87,191.24,,0.15%
12/01/2016,192.54,191.42,193.77,191.37,,1.11%
11/30/2016,190.43,189.43,191.12,188.78,,2.90%
11/29/2016,185.06,186.87,186.92,184.91,,-2.01%
11/28/2016,188.87,187.47,189.62,187.43,,1.10%
11/25/2016,186.81,188.31,188.45,186.66,,-1.04%
11/23/2016,188.78,187.88,189.17,186.92,,0.07%
11/22/2016,188.65,188.74,189.04,187.37,,0.14%
11/21/2016,188.39,186.04,188.63,186,,2.28%
11/18/2016,184.19,183.75,184.32,182.99,,0.38%
11/17/2016,183.49,184.43,184.69,183.22,,0.06%
11/16/2016,183.38,183.22,184.58,182.95,,-0.40%
11/15/2016,184.12,182.83,184.28,182.38,,1.57%
11/14/2016,181.28,181.29,181.76,179.96,,-0.26%
11/11/2016,181.76,184.23,184.9,181.44,,-1.41%
11/10/2016,184.37,185.2,185.43,183.94,,-0.35%
11/09/2016,185.03,184.38,186.12,183.91,,0.24%
11/08/2016,184.58,184.02,185.26,183.54,,0.03%
11/07/2016,184.53,184.45,184.73,183.43,,0.55%
11/04/2016,183.52,184.07,184.32,182.73,,-0.48%
11/03/2016,184.4,185.56,185.87,184.1,,-0.49%
11/02/2016,185.32,185.77,186.15,184.56,,-0.82%
11/01/2016,186.84,188.53,188.73,186.36,,-0.25%
10/31/2016,187.31,189.8,189.84,187.24,,-1.55%
10/28/2016,190.25,190.5,191.75,189.87,,-0.44%
10/27/2016,191.09,190.49,191.36,189.85,,0.70%
10/26/2016,189.76,189.27,190.65,189.07,,-0.33%
10/25/2016,190.39,191.3,191.36,189.67,,-0.05%
10/24/2016,190.48,190.05,190.69,189.39,,0.03%
10/21/2016,190.43,190.03,190.6,189.04,,0.33%
10/20/2016,189.8,191.3,191.3,189.52,,-1.04%
10/19/2016,191.8,190.96,192.39,190.9,,0.52%
10/18/2016,190.81,191.04,191.25,190.31,,0.20%
10/17/2016,190.42,190.59,190.76,189.22,,-0.04%
10/14/2016,190.49,191.13,191.13,189.99,,0.17%
10/13/2016,190.16,188.93,190.25,188.49,,0.57%
10/12/2016,189.07,190.51,190.64,188.83,,-0.58%
10/11/2016,190.17,190.31,191.08,189.6,,-0.59%
10/10/2016,191.29,189.86,191.73,189.8,,1.04%
10/07/2016,189.32,189.73,190.46,188.92,,-0.12%
10/06/2016,189.54,189.21,189.71,188.55,,-0.13%
10/05/2016,189.78,189.46,189.94,188.76,,0.79%
10/04/2016,188.29,187.51,188.71,187.34,,0.15%
10/03/2016,188.02,187.21,188.27,185.81,,0.39%
09/30/2016,187.3,186.61,187.38,186.29,,0.26%
09/29/2016,186.8,187.11,187.82,186.08,,-0.04%
09/28/2016,186.88,184.78,187.29,182.86,,1.53%
09/27/2016,184.06,184.87,184.99,183.2,,-1.01%
09/26/2016,185.95,184.54,186.23,184.38,,1.03%
09/23/2016,184.05,186.55,186.99,183.56,,-1.73%
09/22/2016,187.29,187.31,188.28,186.87,,0.79%
09/21/2016,185.82,185.09,185.98,184.76,,1.03%
09/20/2016,183.92,182.33,184.02,181.89,,0.73%
09/19/2016,182.58,182.69,183.78,182.3,,0.48%
09/16/2016,181.71,180.67,181.89,180.08,,0.06%
09/15/2016,181.6,180.83,182.08,180.16,,0.66%
09/14/2016,180.41,182.08,182.14,180.09,,-0.59%
09/13/2016,181.48,182.64,183.3,181.4,,-1.30%
09/12/2016,183.87,182.08,184.71,181.95,,0.22%
09/09/2016,183.46,185.39,185.39,183.4,,-1.67%
09/08/2016,186.57,184.45,186.72,183.6,,1.73%
09/07/2016,183.39,182.6,183.42,181.83,,0.87%
09/06/2016,181.81,181.56,181.89,179.89,,0.50%
09/02/2016,180.89,180.28,181.63,180.14,,1.00%
09/01/2016,179.1,181.38,181.42,178.9,,-1.11%
08/31/2016,181.11,183.17,183.48,180.87,,-1.43%
08/30/2016,183.73,185.85,186.07,183.29,,-0.87%
08/29/2016,185.35,185.82,185.95,185.04,,-0.90%
08/26/2016,187.03,186.95,189.13,186.17,,-0.07%
08/25/2016,187.16,186.21,187.45,186.16,,0.27%
08/24/2016,186.66,188.03,188.86,186.35,,-1.40%
08/23/2016,189.3,187.34,189.45,186.85,,0.69%
08/22/2016,188,187.7,188.78,187.56,,-0.90%
08/19/2016,189.7,189.67,189.79,188.76,,-0.29%
08/18/2016,190.26,188.19,190.49,188.07,,1.31%
08/17/2016,187.81,187.1,188.02,186.4,,0.14%
08/16/2016,187.54,186.76,187.68,185.51,,0.81%
08/15/2016,186.04,184.35,186.07,183.79,,1.35%
08/12/2016,183.56,182.33,184.22,182.32,,0.38%
08/11/2016,182.87,180.65,183.52,180.1,,1.36%
08/10/2016,180.41,182.6,183.42,180.3,,-1.04%
08/09/2016,182.3,183.28,183.76,182.14,,-0.75%
08/08/2016,183.67,183.61,184.19,183.4,,0.55%
08/05/2016,182.66,182.17,182.81,181.29,,0.25%
08/04/2016,182.21,180.11,182.42,179.84,,0.87%
08/03/2016,180.64,178.32,180.99,178.19,,1.39%
08/02/2016,178.16,180.27,180.94,177.51,,-0.50%
08/01/2016,179.06,180.55,181.27,178.8,,-1.54%
07/29/2016,181.87,179.23,181.99,178.83,,1.00%
07/28/2016,180.06,180.75,181.28,179.87,,-0.22%
07/27/2016,180.46,181.64,182.96,180.21,,-0.88%
07/26/2016,182.07,181.71,182.63,180.77,,-0.05%
07/25/2016,182.16,183.23,183.37,181.75,,-0.87%
07/22/2016,183.75,184.2,184.47,182.56,,-0.42%
07/21/2016,184.52,186.09,186.49,184.41,,-0.77%
07/20/2016,185.94,186.53,187.15,185,,-0.55%
07/19/2016,186.96,189.09,189.53,186.87,,-1.11%
07/18/2016,189.06,189.28,189.31,187.56,,-0.35%
07/15/2016,189.72,190.44,191.79,189.65,,-0.65%
07/14/2016,190.97,191.4,191.84,190.52,,0.80%
07/13/2016,189.45,191.15,192.34,189.17,,-0.86%
07/12/2016,191.09,189.44,191.26,188.28,,1.89%
07/11/2016,187.56,188.73,189.83,187.45,,-0.25%
07/08/2016,188.02,187.41,188.27,186.67,,0.79%
07/07/2016,186.54,191.58,192.33,186.2,,-2.24%
07/06/2016,190.81,188.58,191.07,188.19,,0.16%
07/05/2016,190.51,193.21,193.21,189.84,,-2.37%
07/01/2016,195.13,193.51,195.21,193.04,,0.88%
06/30/2016,193.43,195.19,195.2,193.06,,-1.06%
06/29/2016,195.5,193.2,195.6,193.05,,1.61%
06/28/2016,192.4,191.11,192.47,190.82,,2.12%
06/27/2016,188.4,189.47,189.56,187.84,,-0.59%
06/24/2016,189.52,190.08,190.92,189.36,,-2.50%
06/23/2016,194.38,194.38,194.42,192.61,,0.90%
06/22/2016,192.65,194.06,194.76,191.99,,-0.66%
06/21/2016,193.93,193.48,193.97,192.49,,-0.68%
06/20/2016,195.26,193.88,195.28,193.63,,1.06%
06/17/2016,193.22,191.58,193.28,191.57,,1.84%
06/16/2016,189.72,191.81,192,189.53,,-1.48%
06/15/2016,192.57,193.01,193.45,192.16,,-0.24%
06/14/2016,193.04,192.2,193.11,191.6,,-0.36%
06/13/2016,193.74,194.04,194.57,193.17,,0.01%
06/10/2016,193.72,194.81,195.3,193.46,,-1.14%
06/09/2016,195.96,195.41,196.33,195.15,,-0.36%
06/08/2016,196.66,194.61,196.72,194.6,,1.76%
06/07/2016,193.25,192.04,193.27,192.02,,0.61%
06/06/2016,192.09,192.09,192.64,191.08,,1.38%
06/03/2016,189.47,189.45,190.15,188.75,,0.34%
06/02/2016,188.82,187.98,189.4,186.94,,0.64%
06/01/2016,187.62,185.84,187.74,185.1,,0.36%
05/31/2016,186.94,187.26,188.48,186.87,,0.01%
05/27/2016,186.92,185.83,187.11,185.45,,0.30%
05/26/2016,186.36,186.83,187.21,185.28,,0.16%
05/25/2016,186.07,185.07,186.1,184.57,,1.07%
05/24/2016,184.11,183.78,185.2,183.45,,0.08%
05/23/2016,183.95,184.23,184.51,183.25,,-0.55%
05/20/2016,184.97,184.83,186.12,184.29,,0.18%
05/19/2016,184.64,184.18,184.67,182.75,,-0.82%
05/18/2016,186.16,185.81,187.07,185.24,,-0.25%
05/17/2016,186.62,185.26,186.88,185.08,,0.69%
05/16/2016,185.34,184.38,185.46,184.14,,1.12%
05/13/2016,183.29,183.11,183.68,182.45,,-0.60%
05/12/2016,184.39,184.73,185.12,182.59,,0.17%
05/11/2016,184.08,181.86,184.18,180.55,,1.70%
05/10/2016,181.01,178.3,181.1,178.26,,1.83%
05/09/2016,177.75,180.93,180.95,177.57,,-1.60%
05/06/2016,180.63,179.21,181.85,178.74,,0.55%
05/05/2016,179.64,182.04,183.81,179.2,,-0.53%
05/04/2016,180.59,180.18,182.16,179.79,,0.02%
05/03/2016,180.57,182.75,182.95,179.86,,-1.47%
05/02/2016,183.26,185.25,185.42,182.92,,-1.13%
04/29/2016,185.35,184.85,185.98,184.34,,0.79%
04/28/2016,183.89,182.43,184.12,182.43,,0.37%
04/27/2016,183.21,183.14,183.63,180.8,,0.56%
04/26/2016,182.2,180.14,182.32,179.99,,1.46%
04/25/2016,179.58,179.83,181.09,179.32,,-0.43%
04/22/2016,180.36,180.35,182.5,180.12,,-0.12%
04/21/2016,180.58,182.97,183.45,179.99,,-0.86%
04/20/2016,182.15,177.81,182.25,177.33,,1.98%
04/19/2016,178.62,176.18,178.71,175.84,,2.19%
04/18/2016,174.79,173.05,175.49,172.26,,0.28%
04/15/2016,174.31,173.64,174.91,173.03,,-0.65%
04/14/2016,175.45,176.15,176.64,175.34,,-0.50%
04/13/2016,176.33,175.39,176.92,175.39,,0.10%
04/12/2016,176.17,173.55,176.24,173.2,,2.13%
04/11/2016,172.49,171.19,172.84,170.97,,0.46%
04/08/2016,171.7,169.32,171.73,169.3,,2.52%
04/07/2016,167.48,168.35,168.37,166.54,,-0.41%
04/06/2016,168.17,166.47,168.6,166.05,,1.39%
04/05/2016,165.86,166.71,166.81,165.34,,-0.34%
04/04/2016,166.42,168.89,169.55,166.3,,-1.33%
04/01/2016,168.66,170.07,170.12,167.9,,-1.46%
03/31/2016,171.17,171.44,172.87,170.72,,-0.26%
03/30/2016,171.62,173.35,174.37,171.45,,-0.29%
03/29/2016,172.11,171.83,172.56,170.8,,-0.64%
03/28/2016,173.22,172.62,173.37,172.24,,0.23%
03/24/2016,172.82,172.17,173.21,171.28,,-0.61%
03/23/2016,173.88,173.88,177.12,173.84,,-2.19%
03/22/2016,177.77,177.77,177.88,176.34,,0.43%
03/21/2016,177.02,176.46,177.68,176.05,,0.01%
03/18/2016,176.99,178.84,179.34,176.97,,-0.74%
03/17/2016,178.31,176.51,178.33,175.78,,2.24%
03/16/2016,174.39,172.37,174.46,171.85,,1.57%
03/15/2016,171.7,171.36,172.53,171.08,,-0.76%
03/14/2016,173.01,172.96,173.21,171.67,,-0.66%
03/11/2016,174.15,173.99,174.81,173.54,,0.95%
03/10/2016,172.51,172.51,173.07,171.21,,-0.19%
03/09/2016,172.84,171.05,172.9,170.68,,1.62%
03/08/2016,170.08,172.03,173,169.98,,-1.30%
03/07/2016,172.32,169.89,172.73,169.55,,1.87%
03/04/2016,169.15,166.17,169.24,166.17,,2.13%
03/03/2016,165.62,165.23,166.44,164.54,,0.26%
03/02/2016,165.2,163.74,165.94,163.54,,0.46%
03/01/2016,164.45,164.71,165.09,162.71,,0.41%
02/29/2016,163.78,162.34,164.08,162.08,,0.95%
02/26/2016,162.23,163.89,165.84,162.12,,-0.59%
02/25/2016,163.2,161.71,163.76,160.16,,0.71%
02/24/2016,162.06,159.07,162.39,158.81,,0.66%
02/23/2016,160.99,163.71,163.75,160.43,,-1.35%
02/22/2016,163.2,162.34,163.96,162.26,,1.88%
02/19/2016,160.18,161.68,161.78,159.49,,-1.39%
02/18/2016,162.44,163.99,164.59,162.22,,-0.40%
02/17/2016,163.09,160.47,163.65,159.92,,2.31%
02/16/2016,159.41,161.63,161.95,158.62,,-0.93%
02/12/2016,160.9,157.85,160.98,157.73,,3.45%
02/11/2016,155.53,156.63,157.41,155.41,,-0.89%
02/10/2016,156.92,157.79,158.96,156.56,,-0.11%
02/09/2016,157.1,160.66,160.96,156.9,,-2.49%
02/08/2016,161.11,161.76,162.65,160.97,,-0.83%
02/05/2016,162.47,164.86,165.06,162.4,,-0.93%
02/04/2016,163.99,165.13,167,163.75,,-0.45%
02/03/2016,164.73,161.59,164.8,160.62,,2.50%
02/02/2016,160.71,162.06,162.24,160.13,,-2.02%
02/01/2016,164.02,164.89,165.42,163.3,,-1.96%
01/29/2016,167.29,166.45,168.06,165.42,,0.93%
01/28/2016,165.75,164.83,168.48,164.61,,0.63%
01/27/2016,164.71,162.09,165.69,161.68,,0.92%
01/26/2016,163.2,161.66,164.57,160.56,,1.38%
01/25/2016,160.97,163.03,163.37,160.83,,-2.04%
01/22/2016,164.32,162.63,164.51,162.44,,2.93%
01/21/2016,159.65,156.4,160.98,156.34,,1.81%
01/20/2016,156.81,158.03,158.42,155.34,,-1.98%
01/19/2016,159.99,162.57,162.57,159.89,,-0.28%
01/15/2016,160.44,161.02,161.82,159.99,,-1.95%
01/14/2016,163.63,163.12,164.22,162.44,,0.45%
01/13/2016,162.9,163.82,164.98,162.33,,0.20%
01/12/2016,162.58,164.35,165.6,161.92,,-1.32%
01/11/2016,164.75,167.75,168.42,164.06,,-2.57%
01/08/2016,169.1,169.76,170.11,168.28,,0.02%
01/07/2016,169.06,168.02,170.75,167.78,,-0.54%
01/06/2016,169.98,171.51,171.96,169.72,,-2.09%
01/05/2016,173.6,174.8,175.4,173.15,,-0.81%
01/04/2016,175.02,177.08,177.08,174.71,,-0.94%
12/31/2015,176.68,175.63,178.19,175.42,,0.71%
12/30/2015,175.43,176.09,176.77,175.23,,-1.38%
12/29/2015,177.88,175.71,178.03,175.71,,1.65%
12/28/2015,174.99,174.92,175.52,174.73,,-0.92%
12/24/2015,176.62,176.26,176.92,176.08,,0.50%
12/23/2015,175.74,173.62,175.86,173.41,,1.90%
12/22/2015,172.47,172.75,173.48,172.21,,-0.27%
12/21/2015,172.94,171.85,173.34,171.52,,0.16%
12/18/2015,172.67,171.34,173.9,171,,0.85%
12/17/2015,171.2,172.31,172.59,170.56,,-0.65%
12/16/2015,172.32,174.14,175.01,172.01,,-1.39%
12/15/2015,174.74,174.94,176.2,174.11,,-0.02%
12/14/2015,174.77,173.09,175.31,172.5,,-0.34%
12/11/2015,175.36,176.73,177.11,175.16,,-1.23%
12/10/2015,177.54,178.21,178.6,177.17,,-0.30%
12/09/2015,178.07,178.93,180.57,176.99,,0.09%
12/08/2015,177.9,178.26,179.66,177.03,,-0.66%
12/07/2015,179.08,182.6,182.79,179,,-2.55%
12/04/2015,183.76,184.44,185.09,182.3,,-0.03%
12/03/2015,183.82,181.87,184.94,181.75,,1.36%
12/02/2015,181.36,183.9,184.29,181.23,,-1.92%
12/01/2015,184.91,183.77,185.33,182.88,,1.02%
11/30/2015,183.05,184.2,184.9,182.94,,-0.38%
11/27/2015,183.76,185.25,185.64,183.72,,-1.32%
11/25/2015,186.22,184.56,186.5,183.73,,0.24%
11/24/2015,185.78,184.62,186.86,184.62,,1.00%
11/23/2015,183.94,183.94,184.8,182.51,,-0.16%
11/20/2015,184.24,184.2,185.68,184.17,,-0.21%
11/19/2015,184.63,184.61,185.44,183.47,,0.28%
11/18/2015,184.11,185.07,185.18,183.06,,-0.06%
11/17/2015,184.22,185.07,185.54,184.13,,-0.92%
11/16/2015,185.93,186.32,186.72,183.74,,0.35%
11/13/2015,185.28,187.49,187.49,184.71,,-0.89%
11/12/2015,186.94,188.66,188.66,186.79,,-1.02%
11/11/2015,188.86,189.56,190.87,188.51,,-0.56%
11/10/2015,189.93,190.35,191.33,189.55,,0.10%
11/09/2015,189.74,192.41,192.62,189.56,,-0.95%
11/06/2015,191.56,193.22,193.67,190.84,,-0.73%
11/05/2015,192.96,194.56,194.86,192.88,,-0.87%
11/04/2015,194.66,198.3,198.86,194.59,,-1.73%
11/03/2015,198.09,196.01,198.69,195.92,,1.36%
11/02/2015,195.44,194.51,195.81,194.28,,-0.35%
10/30/2015,196.14,195.11,196.7,194.45,,0.75%
10/29/2015,194.69,194.41,196.23,194.24,,-0.47%
10/28/2015,195.6,192.48,195.79,192.16,,1.95%
10/27/2015,191.85,192.24,192.62,191.41,,-0.49%
10/26/2015,192.8,194.31,194.41,192.75,,-0.74%
10/23/2015,194.24,196.98,196.99,193.75,,-0.97%
10/22/2015,196.14,197.67,198.05,195.63,,0.01%
10/21/2015,196.12,197.23,197.27,195.43,,-0.93%
10/20/2015,197.96,197.37,198.8,197.13,,0.35%
10/19/2015,197.26,198.8,198.86,197.25,,-1.36%
10/16/2015,199.99,199.2,200.3,197.97,,0.23%
10/15/2015,199.53,199.98,200.43,198.32,,-0.42%
10/14/2015,200.37,199.97,200.94,199.46,,0.18%
10/13/2015,200,199.76,201.98,199.46,,-0.13%
10/12/2015,200.27,204.01,204.17,200.22,,-1.46%
10/09/2015,203.24,204.26,204.26,202.16,,0.69%
10/08/2015,201.85,199.74,202.46,199.69,,0.86%
10/07/2015,200.14,202.25,202.79,199.75,,-0.27%
10/06/2015,200.68,196.58,200.89,196.58,,1.91%
10/05/2015,196.91,195.54,197.76,195.34,,1.17%
10/02/2015,194.63,193.18,194.95,191.95,,0.83%
10/01/2015,193.03,196.05,197.02,192.96,,-0.65%
09/30/2015,194.29,194.5,196.01,193.91,,0.10%
09/29/2015,194.1,193.38,194.75,193.24,,0.40%
09/28/2015,193.33,194.81,195.12,193.09,,-1.49%
09/25/2015,196.24,194.67,196.69,194.67,,1.10%
09/24/2015,194.1,192.93,194.26,191.69,,0.63%
09/23/2015,192.9,196.48,196.8,192.87,,-1.25%
09/22/2015,195.35,195.43,195.63,193.96,,-1.03%
09/21/2015,197.38,195.9,197.38,195.73,,1.37%
09/18/2015,194.71,198.43,198.61,194.27,,-2.03%
09/17/2015,198.75,198.91,199.99,198.06,,-0.38%
09/16/2015,199.51,197,200.2,196.92,,1.51%
09/15/2015,196.54,196.75,197.03,195.89,,0.11%
09/14/2015,196.33,197.4,197.41,196.04,,-0.47%
09/11/2015,197.25,197.01,198.14,195.33,,-0.65%
09/10/2015,198.54,196.7,198.66,195.97,,1.13%
09/09/2015,196.32,198.26,199.13,196.24,,-1.31%
09/08/2015,198.92,197.2,199.31,196.33,,0.86%
09/04/2015,197.22,198.49,199.41,197.13,,-0.91%
09/03/2015,199.03,197.63,201.07,196.89,,0.88%
09/02/2015,197.3,195.25,198.01,193.19,,0.40%
09/01/2015,196.52,201.17,201.26,196.4,,-3.01%
08/31/2015,202.63,195.77,202.67,193.9,,2.53%
08/28/2015,197.62,193.03,198.68,192.52,,2.32%
08/27/2015,193.15,188.88,193.29,188.31,,3.97%
08/26/2015,185.77,187.92,188.62,185.69,,-1.27%
08/25/2015,188.16,189.17,190.01,187.38,,0.77%
08/24/2015,186.71,187.92,189.25,185.62,,-2.68%
08/21/2015,191.85,194.31,194.37,190.93,,-1.70%
08/20/2015,195.17,193.72,195.81,193.7,,0.47%
08/19/2015,194.26,197.27,197.37,193.73,,-1.53%
08/18/2015,197.29,196.2,197.58,195.86,,0.12%
08/17/2015,197.05,197.62,198.2,196.97,,-0.73%
08/14/2015,198.49,198.35,199.09,197.97,,0.07%
08/13/2015,198.35,198.6,198.61,197.9,,-0.54%
08/12/2015,199.42,200.57,201.08,198.63,,-0.21%
08/11/2015,199.83,201.48,201.52,199.34,,-1.55%
08/10/2015,202.98,199.47,202.98,199.27,,2.08%
08/07/2015,198.84,199.09,199.45,198.35,,-0.11%
08/06/2015,199.06,199.61,199.71,198.48,,-0.62%
08/05/2015,200.3,201.68,202.52,199.86,,-0.54%
08/04/2015,201.39,201.4,201.86,200.86,,0.79%
08/03/2015,199.82,201.69,201.76,199.73,,-1.61%
07/31/2015,203.1,204.41,206.17,202.82,,-1.05%
07/30/2015,205.25,206.84,206.86,205,,-0.37%
07/29/2015,206.02,204.78,207.11,204.31,,0.54%
07/28/2015,204.92,203.13,205.37,203.08,,0.84%
07/27/2015,203.21,204.22,204.68,203.17,,-1.15%
07/24/2015,205.57,207.22,207.28,205.29,,-0.93%
07/23/2015,207.51,210.18,210.34,207.35,,-1.11%
07/22/2015,209.83,211.34,211.86,209.72,,-1.28%
07/21/2015,212.55,212.8,213.85,211.97,,0.08%
07/20/2015,212.39,213.81,214.06,212.08,,-1.26%
07/17/2015,215.09,215.83,215.92,214.17,,-0.47%
07/16/2015,216.11,218.12,218.13,216.08,,-0.49%
07/15/2015,217.18,219.33,219.51,216.98,,-1.26%
07/14/2015,219.95,218.44,220.46,218.21,,0.40%
07/13/2015,219.08,218.57,220.31,217.51,,0.12%
07/10/2015,218.81,219.27,219.74,217.76,,0.30%
07/09/2015,218.15,217.94,218.81,217.02,,1.08%
07/08/2015,215.82,216.43,217.57,215.16,,-0.13%
07/07/2015,216.09,218.22,218.24,213.65,,-1.07%
07/06/2015,218.43,219.8,220.78,218.36,,-2.98%
07/02/2015,225.13,225.23,226.79,224.68,,0.22%
07/01/2015,224.64,226.14,226.75,224.11,,-1.37%
06/30/2015,227.75,224.45,228.06,223.74,,1.60%
06/29/2015,224.16,223.69,225.28,223.66,,-0.58%
06/26/2015,225.46,225.46,226.08,224.25,,0.24%
06/25/2015,224.92,224.64,225.04,223.74,,0.14%
06/24/2015,224.62,225.09,226.14,224.24,,-0.14%
06/23/2015,224.93,224.09,225.32,223.22,,0.50%
06/22/2015,223.8,222.91,223.86,221.67,,0.50%
06/19/2015,222.7,222.98,223.34,221.66,,-0.89%
06/18/2015,224.69,225.6,225.6,224.2,,0.27%
06/17/2015,224.09,225.96,226.32,222.66,,-0.12%
06/16/2015,224.35,223.46,224.48,222.9,,0.55%
06/15/2015,223.12,222.85,223.38,222.19,,-0.44%
06/12/2015,224.1,224.93,225.6,224.08,,-0.79%
06/11/2015,225.88,227.06,227.53,225.39,,-1.26%
06/10/2015,228.77,229.28,229.91,227.72,,0.78%
06/09/2015,227.01,225.39,227.27,224.94,,1.52%
06/08/2015,223.6,223.05,223.77,222.82,,0.23%
06/05/2015,223.1,222.44,223.16,219.89,,0.39%
06/04/2015,222.23,223.99,224.53,221.96,,-0.86%
06/03/2015,224.15,224.74,225.98,223.71,,-0.99%
06/02/2015,226.4,225.33,226.46,224.82,,1.05%
06/01/2015,224.05,222.93,224.74,222.93,,0.14%
05/29/2015,223.75,222.47,224.21,221.74,,1.02%
05/28/2015,221.48,220.95,221.49,219.48,,0.33%
05/27/2015,220.75,222.67,222.82,220.58,,-0.69%
05/26/2015,222.29,225.32,225.33,221.94,,-1.70%
05/22/2015,226.14,228.18,228.36,226.03,,-1.17%
05/21/2015,228.82,228.47,229.64,227.82,,0.80%
05/20/2015,227.01,227.47,227.81,226.58,,0.09%
05/19/2015,226.79,230.26,230.33,226.76,,-1.93%
05/18/2015,231.27,232.43,232.82,230.86,,-0.34%
05/15/2015,232.05,232.03,232.16,230.35,,-0.13%
05/14/2015,232.36,232.13,232.64,231.45,,0.27%
05/13/2015,231.73,232.16,232.94,231.31,,0.02%
05/12/2015,231.68,230.62,231.94,229.53,,1.24%
05/11/2015,228.85,229.06,230.03,228.34,,-0.39%
05/08/2015,229.74,228.33,229.88,227.29,,1.03%
05/07/2015,227.41,230.82,231.32,226.92,,-1.49%
05/06/2015,230.85,232.83,234.13,230.35,,-0.25%
05/05/2015,231.43,229.2,231.96,229.2,,1.32%
05/04/2015,228.42,228.85,229.08,227.57,,-0.05%
05/01/2015,228.53,229.73,229.97,227.02,,-0.67%
04/30/2015,230.07,228.94,230.23,227.65,,0.97%
04/29/2015,227.87,228.24,228.55,224.33,,1.16%
04/28/2015,225.26,224.2,226.08,224.12,,0.32%
04/27/2015,224.54,224.12,225.24,223.65,,-0.04%
04/24/2015,224.62,224.3,225.17,223.18,,0.16%
04/23/2015,224.26,225.26,225.33,220.94,,1.32%
04/22/2015,221.34,221.5,222.49,221.15,,-0.12%
04/21/2015,221.6,222.56,223.23,221.15,,-0.75%
04/20/2015,223.29,222.82,224.57,222.08,,-0.55%
04/17/2015,224.51,225.81,226.51,223.96,,-0.79%
04/16/2015,226.29,223.73,226.96,223.3,,0.96%
04/15/2015,224.15,220.06,224.29,220.05,,2.07%
04/14/2015,219.59,217.94,220.12,217.52,,1.02%
04/13/2015,217.37,218.11,219.27,217.24,,-0.14%
04/10/2015,217.67,216.85,218.12,216.29,,0.46%
04/09/2015,216.68,217.92,218.27,216.41,,-0.12%
04/08/2015,216.94,220.78,221.28,216.92,,-2.46%
04/07/2015,222.41,219.99,222.41,219.25,,0.83%
04/06/2015,220.58,218.85,220.77,217.94,,1.82%
04/02/2015,216.63,214.55,217.1,214.55,,-0.02%
04/01/2015,216.67,212.38,217.41,212.29,,2.01%
03/31/2015,212.39,213.12,215.1,212.31,,-1.12%
03/30/2015,214.79,214.53,216.05,213.37,,-0.42%
03/27/2015,215.7,218.55,219.01,215.66,,-1.97%
03/26/2015,220.04,220.66,220.91,218.06,,1.07%
03/25/2015,217.7,215.8,218.12,215.75,,0.75%
03/24/2015,216.07,217.1,217.95,215.49,,-0.10%
03/23/2015,216.3,213.86,216.31,213.36,,0.77%
03/20/2015,214.65,210.73,215.24,210.72,,1.48%
03/19/2015,211.52,211.78,212.07,210.23,,-0.49%
03/18/2015,212.57,208.09,212.66,207.33,,1.45%
03/17/2015,209.53,209.15,210.28,208.07,,-0.53%
03/16/2015,210.65,210.92,211.2,208.73,,-0.28%
03/13/2015,211.23,214.35,216.75,211.08,,-1.84%
03/12/2015,215.2,217.84,217.97,214.84,,-0.57%
03/11/2015,216.43,216.65,217.42,215.55,,-0.07%
03/10/2015,216.59,218.41,218.84,216.3,,-1.49%
03/09/2015,219.86,220.56,221.12,219.7,,-0.37%
03/06/2015,220.69,223.07,223.15,219.5,,-0.89%
03/05/2015,222.67,224.14,224.32,222.29,,-0.49%
03/04/2015,223.76,222.96,224.07,220.66,,0.53%
03/03/2015,222.58,223.45,223.45,221.67,,0.02%
03/02/2015,222.53,223,225.1,222.39,,-0.94%
02/27/2015,224.64,222.73,224.73,222.46,,1.41%
02/26/2015,221.5,224.45,224.45,221.09,,-1.34%
02/25/2015,224.51,223.02,224.59,221.82,,0.76%
02/24/2015,222.81,222.91,224.77,222.74,,0.13%
02/23/2015,222.52,223.51,224.03,222.23,,-1.24%
02/20/2015,225.32,226.91,227.99,225.26,,-0.66%
02/19/2015,226.82,225.69,227.77,223.85,,-0.45%
02/18/2015,227.84,228.03,229.05,227.08,,-0.66%
02/17/2015,229.37,229.74,230.12,225.82,,-0.17%
02/13/2015,229.76,227.14,230.14,227.1,,1.37%
02/12/2015,226.66,224.94,226.93,224.02,,1.85%
02/11/2015,222.55,224.23,224.81,221.71,,-0.74%
02/10/2015,224.21,227.29,228.31,224,,-1.87%
02/09/2015,228.47,227.27,229.75,226.32,,1.36%
02/06/2015,225.41,225.79,227.11,224.54,,0.75%
02/05/2015,223.73,222.2,225.66,221.45,,1.22%
02/04/2015,221.03,226.16,227.23,220.25,,-3.05%
02/03/2015,227.98,224.07,229.66,222.91,,3.17%
02/02/2015,220.99,221.18,221.44,218.81,,0.73%
01/30/2015,219.38,213.69,219.4,212.6,,2.91%
01/29/2015,213.17,214.7,215.3,211.79,,-1.09%
01/28/2015,215.52,217.39,217.52,215.13,,-1.34%
01/27/2015,218.45,216.57,218.88,216.35,,0.86%
01/26/2015,216.58,215.82,218.36,215.52,,-0.26%
01/23/2015,217.15,219.38,219.43,216.82,,-0.79%
01/22/2015,218.88,223.04,223.29,218.21,,-1.31%
01/21/2015,221.78,220.51,222.07,220.32,,1.03%
01/20/2015,219.51,221.96,222.28,219.41,,-2.35%
01/16/2015,224.79,222.09,224.96,220.92,,1.73%
01/15/2015,220.97,225.4,229.06,220.65,,-1.28%
01/14/2015,223.83,219.71,224.07,219.23,,1.63%
01/13/2015,220.24,219.69,221.24,218.79,,-0.51%
01/12/2015,221.37,224.13,224.13,221.33,,-2.10%
01/09/2015,226.13,226.55,227,224.78,,-0.14%
01/08/2015,226.44,225.54,227.1,225.13,,0.37%
01/07/2015,225.61,225.81,227.23,224.42,,-0.15%
01/06/2015,225.94,226.83,227.93,225.29,,-0.59%
01/05/2015,227.29,228.22,228.58,227.2,,-0.74%
01/02/2015,228.98,229.81,230.56,228.72,,-0.67%
12/31/2014,230.52,232,232.09,229.56,,-1.51%
12/30/2014,234.05,233.44,234.92,232.98,,0.10%
12/29/2014,233.82,236.29,236.79,232.98,,-0.60%
12/26/2014,235.22,236.68,237.27,234.87,,-0.29%
12/24/2014,235.92,237.09,237.68,235.33,,-1.37%
12/23/2014,239.2,238.13,239.22,236.6,,0.85%
12/22/2014,237.19,239.82,240.12,237.05,,-1.53%
12/19/2014,240.88,239.3,240.99,238.59,,1.02%
12/18/2014,238.45,243.36,243.93,238.38,,-0.85%
12/17/2014,240.48,238.01,243.2,237.65,,0.48%
12/16/2014,239.34,238.98,241.21,238.07,,-0.95%
12/15/2014,241.64,245.82,245.82,241.57,,-1.11%
12/12/2014,244.34,246.14,246.21,243.93,,-0.68%
12/11/2014,246.02,248.13,248.71,245.89,,-0.61%
12/10/2014,247.53,250.16,250.36,246.9,,-1.65%
12/09/2014,251.67,249.92,251.84,249.1,,1.18%
12/08/2014,248.74,251.19,251.6,248.53,,-1.66%
12/05/2014,252.95,253.24,253.6,251.94,,-0.30%
12/04/2014,253.7,253.52,254.05,252.72,,0.02%
12/03/2014,253.66,253.4,254.82,252.9,,-0.12%
12/02/2014,253.95,257.26,258.28,253.78,,-2.11%
12/01/2014,259.41,253.7,259.53,253.68,,1.74%
11/28/2014,254.99,260.96,261.23,254.69,,-4.61%
11/26/2014,267.3,267.5,268.28,266.77,,-0.08%
11/25/2014,267.5,268.64,269.31,266.67,,-0.13%
11/24/2014,267.84,268.2,269.86,267.68,,-0.71%
11/21/2014,269.76,270.61,270.86,268.64,,0.36%
11/20/2014,268.8,267.51,268.86,266.57,,0.65%
11/19/2014,267.05,266.99,268.33,266.68,,0.22%
11/18/2014,266.48,268.14,268.25,265.57,,-0.60%
11/17/2014,268.07,266.63,268.1,266.15,,0.24%
11/14/2014,267.44,265.12,267.61,264.97,,0.85%
11/13/2014,265.2,268.48,268.58,265.06,,-1.63%
11/12/2014,269.59,270.29,271.14,269.34,,-0.45%
11/11/2014,270.81,267.78,270.83,267.58,,0.87%
11/10/2014,268.48,272.62,272.91,268.45,,-1.04%
11/07/2014,271.31,270.34,271.91,269.96,,0.56%
11/06/2014,269.79,268.55,269.9,267.65,,0.32%
11/05/2014,268.92,266.9,269.42,266.9,,0.29%
11/04/2014,268.13,268.14,268.94,267.53,,-1.10%
11/03/2014,271.12,273.66,273.7,270.95,,-0.55%
10/31/2014,272.62,272.69,272.74,270.49,,-0.27%
10/30/2014,273.37,274.4,274.59,273.08,,-0.80%
10/29/2014,275.56,274.37,276.08,273.87,,1.03%
10/28/2014,272.75,272.23,272.78,270.89,,0.62%
10/27/2014,271.06,269.47,271.06,268.42,,0.07%
10/24/2014,270.87,272.57,272.65,270.53,,-0.81%
10/23/2014,273.09,270.76,273.13,270.7,,0.77%
10/22/2014,271,274.51,274.75,270.88,,-0.97%
10/21/2014,273.66,271.84,273.69,271.79,,0.69%
10/20/2014,271.78,272.05,272.36,270.57,,-0.55%
10/17/2014,273.29,274.03,274.12,272.52,,-0.02%
10/16/2014,273.35,270.29,274.95,270.27,,0.51%
10/15/2014,271.96,273.12,274.58,271.37,,-0.95%
10/14/2014,274.56,276.74,277.31,274.44,,-1.02%
10/13/2014,277.39,275.35,277.57,274.63,,0.41%
10/10/2014,276.26,276.04,277.74,275.08,,-0.29%
10/09/2014,277.07,278.76,278.92,276.96,,-0.36%
10/08/2014,278.06,279.19,279.48,277.77,,-0.92%
10/07/2014,280.65,280.41,281.59,280.05,,-0.09%
10/06/2014,280.92,279.41,280.92,278.24,,1.41%
10/03/2014,277,277.77,278.1,276.02,,-0.35%
10/02/2014,277.98,277.16,278.27,276.44,,-0.22%
10/01/2014,278.58,279.61,281.33,278.37,,-0.23%
09/30/2014,279.21,282.86,283.69,278.95,,-1.62%
09/29/2014,283.82,281.31,283.91,280.9,,1.02%
09/26/2014,280.95,280.93,281.3,279.57,,0.40%
09/25/2014,279.84,281.23,281.48,279.16,,-0.43%
09/24/2014,281.06,278.45,281.13,278.07,,0.93%
09/23/2014,278.47,280.02,280.13,278.43,,0.05%
09/22/2014,278.33,279.05,279.45,277.32,,-0.62%
09/19/2014,280.07,281.28,281.3,279.65,,-0.55%
09/18/2014,281.61,284.46,284.47,281.47,,-1.11%
09/17/2014,284.78,285.1,285.24,284.17,,-0.10%
09/16/2014,285.07,282.93,285.36,282.05,,0.91%
09/15/2014,282.52,281.35,282.64,280.89,,-0.02%
09/12/2014,282.58,283.77,283.79,282.22,,-0.31%
09/11/2014,283.45,282.8,283.5,281.73,,-0.31%
09/10/2014,284.32,286.18,286.2,283.94,,-0.75%
09/09/2014,286.47,287.56,287.76,286.26,,-0.34%
09/08/2014,287.44,287.84,287.91,286.45,,-0.44%
09/05/2014,288.71,289.7,289.77,287.82,,-0.21%
09/04/2014,289.32,291.04,291.14,289.06,,-0.58%
09/03/2014,290.99,290.42,291.22,289.47,,0.35%
09/02/2014,289.97,292.43,292.56,289.89,,-1.18%
08/29/2014,293.44,292.43,293.46,292.06,,0.48%
08/28/2014,292.03,291.61,292.39,291,,0.31%
08/27/2014,291.13,291.49,292,290.38,,0.05%
08/26/2014,290.98,289.49,291.26,289.41,,0.61%
08/25/2014,289.23,289.77,289.83,288.84,,-0.04%
08/22/2014,289.35,289.72,289.83,288.86,,-0.13%
08/21/2014,289.74,288.63,290.11,288.26,,0.27%
08/20/2014,288.96,287.84,288.96,287.62,,0.43%
08/19/2014,287.73,289.51,289.56,287.46,,-0.40%
08/18/2014,288.88,289.69,289.9,288.56,,-0.60%
08/15/2014,290.61,289.4,290.69,289.2,,0.39%
08/14/2014,289.48,291.43,291.87,289.4,,-0.85%
08/13/2014,291.98,292.33,292.98,291.11,,-0.17%
08/12/2014,292.47,294.04,294.07,292.01,,-0.69%
08/11/2014,294.51,293.63,294.76,293.51,,0.47%
08/08/2014,293.12,294.18,294.33,292.63,,-0.22%
08/07/2014,293.78,294.47,294.8,293.24,,-0.32%
08/06/2014,294.73,293.15,294.97,293.06,,0.56%
08/05/2014,293.09,294.62,294.65,292.64,,-0.60%
08/04/2014,294.86,294.21,295.14,293.61,,0.58%
08/01/2014,293.17,294.21,295.09,293.05,,-0.66%
07/31/2014,295.13,296.64,296.96,295.03,,-0.56%
07/30/2014,296.81,297.39,297.78,296.27,,-0.18%
07/29/2014,297.34,298.57,298.57,296.26,,-0.56%
07/28/2014,299.02,298.9,299.44,298.32,,-0.01%
07/25/2014,299.04,298.71,299.22,297.73,,0.05%
07/24/2014,298.89,300.25,301.09,298.8,,-0.19%
07/23/2014,299.48,299.48,299.5,298.28,,0.48%
07/22/2014,298.05,299.45,299.67,297.92,,-0.36%
07/21/2014,299.14,297.28,299.2,297.26,,0.34%
07/18/2014,298.12,298.97,299.08,297.73,,-0.17%
07/17/2014,298.62,298.05,299.24,297.44,,0.38%
07/16/2014,297.49,298.1,298.23,297.24,,0.26%
07/15/2014,296.72,297.15,297.57,295.3,,-0.49%
07/14/2014,298.17,297.26,298.27,297.09,,0.13%
07/11/2014,297.77,300.03,300.14,297.15,,-0.88%
07/10/2014,300.4,301.75,302.16,299.91,,-0.49%
07/09/2014,301.89,303.99,304.14,301.57,,-0.74%
07/08/2014,304.16,304.35,305.09,303.74,,-0.10%
07/07/2014,304.46,306.33,306.37,303.72,,-0.97%
07/03/2014,307.46,307.33,307.59,306.83,,-0.13%
07/02/2014,307.86,307.82,307.97,306.76,,-0.09%
07/01/2014,308.15,308.66,308.83,307.39,,-0.26%
06/30/2014,308.94,310.55,310.84,308.73,,-0.83%
06/27/2014,311.54,312.84,313.41,311.19,,-0.38%
06/26/2014,312.74,313.19,313.43,311.71,,-0.25%
06/25/2014,313.53,312.55,313.58,312.15,,0.26%
06/24/2014,312.71,312.7,312.91,311.95,,-0.01%
06/23/2014,312.75,314.11,314.16,312.13,,-0.29%
06/20/2014,313.66,312.3,313.7,312.08,,0.38%
06/19/2014,312.47,310.77,312.66,310.27,,0.76%
06/18/2014,310.12,310.63,310.81,309.56,,0.12%
06/17/2014,309.75,309.77,310.19,309.39,,-0.26%
06/16/2014,310.55,311.61,311.61,310.36,,-0.05%
06/13/2014,310.7,310.42,311.13,310.2,,0.44%
06/12/2014,309.33,307.59,309.38,307.36,,1.11%
06/11/2014,305.94,306.51,307.2,305.69,,-0.08%
06/10/2014,306.2,307.06,307.59,305.86,,-0.24%
06/09/2014,306.94,306.16,306.98,306.01,,0.32%
06/06/2014,305.96,305.07,306.08,304.83,,0.32%
06/05/2014,304.97,304.6,305.03,303.74,,0.03%
06/04/2014,304.88,306.23,306.27,304.8,,-0.28%
06/03/2014,305.73,305.88,306.17,305.27,,-0.13%
06/02/2014,306.12,306.65,306.78,305.68,,-0.02%
05/30/2014,306.19,307.36,307.42,306,,-0.60%
05/29/2014,308.05,307.33,308.59,306.98,,0.43%
05/28/2014,306.72,307.66,307.71,305.97,,-0.20%
05/27/2014,307.33,307.78,308.08,307.15,,-0.53%
05/23/2014,308.97,308.93,309.21,308.46,,0.21%
05/22/2014,308.34,309.19,309.83,308.13,,-0.07%
05/21/2014,308.56,307.94,308.95,307.72,,0.30%
05/20/2014,307.62,307.88,308.34,307.05,,0.03%
05/19/2014,307.53,307.63,307.95,307.12,,0.30%
05/16/2014,306.63,307.56,307.74,306.6,,-0.37%
05/15/2014,307.78,308.48,308.75,307.33,,-0.29%
05/14/2014,308.66,308.35,308.82,307.98,,0.39%
05/13/2014,307.47,307.31,307.54,306.57,,0.41%
05/12/2014,306.21,306.09,306.68,305.74,,0.31%
05/09/2014,305.26,306.96,307.09,304.99,,-0.52%
05/08/2014,306.84,307.52,307.58,306.28,,-0.28%
05/07/2014,307.7,308.28,308.47,307.1,,-0.09%
05/06/2014,307.99,308.13,308.81,307.49,,0.01%
05/05/2014,307.95,308.17,308.48,307.47,,0.03%
05/02/2014,307.84,308.53,308.62,307.49,,0.05%
05/01/2014,307.68,308.9,308.92,307.55,,-0.82%
04/30/2014,310.24,310.93,311.38,309.66,,-0.75%
04/29/2014,312.57,311.13,312.69,310.89,,0.65%
04/28/2014,310.55,311.72,312.29,310.21,,-0.27%
04/25/2014,311.4,312.24,312.8,311.28,,-0.48%
04/24/2014,312.9,312.16,313.4,312.06,,0.26%
04/23/2014,312.08,311.95,312.74,311.74,,0.05%
04/22/2014,311.92,311.91,312.42,310.8,,0.20%
04/21/2014,311.28,311.62,311.89,310.81,,-0.29%
04/17/2014,312.17,310.73,312.23,309.95,,0.56%
04/16/2014,310.42,311.4,311.83,310.14,,0.15%
04/15/2014,309.94,310.84,311.15,309.74,,-0.60%
04/14/2014,311.8,310.41,311.85,309.93,,0.55%
04/11/2014,310.09,310.78,311.15,310.03,,-0.26%
04/10/2014,310.89,310.03,311.1,309.95,,0.22%
04/09/2014,310.22,308.58,310.26,307.9,,0.50%
04/08/2014,308.68,306.2,308.68,305.99,,1.19%
04/07/2014,305.04,305.46,306.28,304.19,,-0.16%
04/04/2014,305.53,304.63,305.58,304.38,,0.57%
04/03/2014,303.79,301.76,303.8,301.64,,0.60%
04/02/2014,301.98,301.62,302.63,301.18,,-0.19%
04/01/2014,302.55,305.07,305.24,302.43,,-0.92%
03/31/2014,305.35,304.98,305.39,302.93,,-0.18%
03/28/2014,305.9,305.31,306.25,304.84,,0.41%
03/27/2014,304.65,303.05,304.86,302.99,,0.92%
03/26/2014,301.87,301.89,302.92,301.15,,0.12%
03/25/2014,301.51,301.06,301.88,300.18,,0.43%
03/24/2014,300.2,300.52,301.06,299.93,,0.04%
03/21/2014,300.07,300.66,300.84,300.07,,-0.03%
03/20/2014,300.17,301.53,302.62,299.89,,-1.13%
03/19/2014,303.59,303.22,303.63,302.2,,0.04%
03/18/2014,303.46,301.96,303.59,301.45,,0.59%
03/17/2014,301.69,302.75,303.24,301.62,,-0.62%
03/14/2014,303.56,303.55,303.89,302.79,,0.08%
03/13/2014,303.32,303.94,304.1,302.9,,-0.11%
03/12/2014,303.67,303.6,304.4,302.27,,-0.64%
03/11/2014,305.61,307.23,307.64,305.43,,-0.35%
03/10/2014,306.68,306.27,307.55,306.05,,-0.39%
03/07/2014,307.87,309.11,309.41,307.42,,-0.13%
03/06/2014,308.28,306.09,308.28,305.55,,0.50%
03/05/2014,306.73,306.67,307.45,306.01,,-0.07%
03/04/2014,306.93,304.94,306.94,304.62,,0.13%
03/03/2014,306.53,306.61,307.2,305.31,,1.13%
02/28/2014,303.1,301.28,303.44,301.28,,0.28%
02/27/2014,302.26,302.34,303.27,302.06,,-0.01%
02/26/2014,302.28,301.45,302.7,301.06,,0.01%
02/25/2014,302.25,302.09,302.65,300.89,,-0.20%
02/24/2014,302.86,303.56,304.7,302.58,,0.20%
02/21/2014,302.25,302.57,302.61,300.71,,0.11%
02/20/2014,301.92,300.51,302.03,300.16,,-0.15%
02/19/2014,302.37,300.41,302.63,299.95,,1.07%
02/18/2014,299.15,296.36,299.21,296.1,,1.79%
02/14/2014,293.88,293.74,294.14,293,,0.23%
02/13/2014,293.21,291.78,293.51,291.24,,0.28%
02/12/2014,292.38,291.88,293.08,291.73,,0.53%
02/11/2014,290.84,289.65,290.88,289.18,,0.46%
02/10/2014,289.52,289.6,290.72,289.43,,-0.31%
02/07/2014,290.41,287.56,290.48,287.46,,0.89%
02/06/2014,287.84,289.44,289.75,287.51,,0.04%
02/05/2014,287.73,287.37,289.15,286.85,,0.23%
02/04/2014,287.06,284.46,287.21,284.4,,1.00%
02/03/2014,284.23,284.03,285.04,283.87,,0.11%
01/31/2014,283.93,283.21,284.57,282.98,,-0.09%
01/30/2014,284.18,284.5,285.64,284.05,,-0.29%
01/29/2014,285,283.44,285.07,281.95,,0.78%
01/28/2014,282.79,281.64,282.8,281.3,,0.88%
01/27/2014,280.32,283.29,283.59,280,,-1.00%
01/24/2014,283.15,281.89,283.33,281.77,,0.44%
01/23/2014,281.9,282.46,283.38,281.8,,0.27%
01/22/2014,281.14,279.6,281.16,279.49,,0.77%
01/21/2014,279,279.09,279.66,278.67,,0.00%
01/17/2014,279.01,278.72,279.25,278.47,,0.00%
01/16/2014,279.02,278.88,279.82,278.86,,0.21%
01/15/2014,278.44,277.47,279.04,276.8,,0.39%
01/14/2014,277.37,276.75,277.59,276.4,,0.24%
01/13/2014,276.69,275.64,276.9,275.51,,0.25%
01/10/2014,276.01,273.66,276.22,273.54,,1.15%
01/09/2014,272.88,275.89,276.66,272.62,,-0.93%
01/08/2014,275.44,277.83,277.95,275.36,,-0.71%
01/07/2014,277.42,278.72,278.77,277.29,,-0.10%
01/06/2014,277.7,277.97,278.24,277.36,,0.21%
01/03/2014,277.12,278.09,278.31,277.06,,-0.32%
01/02/2014,278,280.51,280.51,278,,-0.99%
12/31/2013,280.77,282.31,282.43,280.55,,-0.85%
12/30/2013,283.17,283.17,284.34,283.1,,-0.56%
12/27/2013,284.76,283.85,285.29,283.66,,0.44%
12/26/2013,283.51,283.39,284.09,283.25,,0.03%
12/24/2013,283.44,283.3,283.59,282.77,,0.26%
12/23/2013,282.69,283.6,283.68,282.55,,-0.36%
12/20/2013,283.72,282.47,283.85,282.15,,0.62%
12/19/2013,281.96,280.55,282.13,280.3,,0.42%
12/18/2013,280.78,280.35,281.24,280.35,,0.21%
12/17/2013,280.19,280.28,280.75,279.96,,-0.32%
12/16/2013,281.09,280.09,281.86,280.06,,0.30%
12/13/2013,280.26,280.43,280.64,279.69,,-0.17%
12/12/2013,280.74,281.52,282.36,280.25,,-0.31%
12/11/2013,281.6,281.12,281.65,280.68,,0.09%
12/10/2013,281.35,280.84,281.54,280.69,,0.68%
12/09/2013,279.45,279.61,280.03,279.28,,0.08%
12/06/2013,279.24,278.76,279.83,278.26,,0.37%
12/05/2013,278.2,278.18,278.85,277.48,,-0.14%
12/04/2013,278.59,277.71,279.14,277.11,,0.61%
12/03/2013,276.92,275.26,277.05,274.78,,0.58%
12/02/2013,275.32,275,275.96,274.83,,-0.05%
11/29/2013,275.45,274.83,276.52,274.83,,0.51%
11/27/2013,274.06,275.25,275.25,273.6,,-0.46%
11/26/2013,275.34,275.81,275.95,274.8,,-0.11%
11/25/2013,275.65,274.46,276.15,274.14,,-0.05%
11/22/2013,275.78,276.24,276.84,274.75,,-0.12%
11/21/2013,276.11,274.05,276.18,273.91,,0.82%
11/20/2013,273.86,273.58,274.33,273.29,,0.30%
11/19/2013,273.03,273.47,273.9,272.91,,-0.16%
11/18/2013,273.48,274.34,275.22,273.38,,-0.52%
11/15/2013,274.9,274.42,275.29,274.41,,0.18%
11/14/2013,274.4,273.74,275.11,273.28,,0.13%
11/13/2013,274.04,274.35,274.81,273.68,,0.02%
11/12/2013,273.98,274.94,276,273.79,,-0.49%
11/11/2013,275.34,275.01,275.82,274.5,,0.14%
11/08/2013,274.94,273.83,275.04,273.04,,0.45%
11/07/2013,273.71,274.58,274.95,273.53,,-0.28%
11/06/2013,274.48,274.88,275.3,274.33,,0.33%
11/05/2013,273.58,274.23,274.55,273.41,,-0.26%
11/04/2013,274.28,274.75,275.38,274.2,,-0.45%
11/01/2013,275.51,277.99,278.01,275.49,,-1.04%
10/31/2013,278.42,280.91,280.96,278.37,,-0.77%
10/30/2013,280.58,281.08,281.53,280.44,,-0.22%
10/29/2013,281.2,281.55,281.98,280.82,,-0.44%
10/28/2013,282.44,282.38,282.88,281.85,,-0.24%
10/25/2013,283.12,281.97,283.28,281.84,,0.32%
10/24/2013,282.23,282.05,282.46,280.84,,-0.03%
10/23/2013,282.31,284.02,284.09,282.31,,-1.05%
10/22/2013,285.29,285.46,286.89,285.24,,-0.22%
10/21/2013,285.91,287.16,287.19,285.9,,-0.55%
10/18/2013,287.49,288.35,288.56,286.72,,0.18%
10/17/2013,286.99,288.36,288.38,286.4,,-0.41%
10/16/2013,288.17,287.23,289.09,286.77,,0.45%
10/15/2013,286.88,287.11,287.82,286.39,,-0.40%
10/14/2013,288.04,287.18,288.16,286.68,,0.30%
10/11/2013,287.18,287.12,287.28,285.63,,-0.27%
10/10/2013,287.94,287.48,288.8,286.48,,0.66%
10/09/2013,286.07,288.17,288.18,285.58,,-0.87%
10/08/2013,288.57,289.01,289.28,288.34,,0.23%
10/07/2013,287.91,286.26,288.35,286.17,,0.31%
10/04/2013,287.02,286.41,287.06,285.85,,0.32%
10/03/2013,286.12,287.02,287.5,286.03,,-0.31%
10/02/2013,287.01,284.79,287.07,284.74,,0.85%
10/01/2013,284.58,285.66,285.81,283.54,,-0.53%
09/30/2013,286.1,286.36,286.89,285.65,,-0.50%
09/27/2013,287.54,287.27,288.28,286.87,,0.07%
09/26/2013,287.33,287.1,287.37,286.03,,0.31%
09/25/2013,286.44,286.81,287.25,286.24,,0.25%
09/24/2013,285.73,286.35,286.35,285.12,,-0.35%
09/23/2013,286.73,287.43,287.64,286.43,,-0.44%
09/20/2013,288,290.03,290.34,287.81,,-1.06%
09/19/2013,291.08,292.05,292.39,290.88,,0.34%
09/18/2013,290.11,287.55,290.13,287.24,,0.98%
09/17/2013,287.28,289.68,289.7,286.81,,-0.95%
09/16/2013,290.03,290.12,291.11,289.73,,-0.54%
09/13/2013,291.59,291.63,292.18,290.87,,-0.35%
09/12/2013,292.63,291.36,292.67,290.32,,0.47%
09/11/2013,291.25,290.67,291.56,290.38,,0.21%
09/10/2013,290.66,291.27,291.27,289.91,,-0.75%
09/09/2013,292.84,293.35,294.25,292.62,,-0.36%
09/06/2013,293.91,292.48,294.03,292.23,,0.91%
09/05/2013,291.27,291.78,292.16,290.2,,0.04%
09/04/2013,291.15,292.61,292.78,290.65,,-0.75%
09/03/2013,293.36,292.79,294.26,292.53,,0.56%
08/30/2013,291.73,293.51,293.51,291.3,,-0.90%
08/29/2013,294.37,295.31,295.76,294,,-0.64%
08/28/2013,296.27,296.39,297.04,295.66,,0.33%
08/27/2013,295.28,295,296.28,294.88,,0.63%
08/26/2013,293.44,291.62,294.15,291.6,,0.72%
08/23/2013,291.36,289.34,291.96,288.75,,0.85%
08/22/2013,288.9,289.52,290.05,288.62,,0.04%
08/21/2013,288.79,290.08,290.93,288.64,,-0.73%
08/20/2013,290.9,292.77,293,290.67,,-0.93%
08/19/2013,293.64,292.77,294.61,292.11,,0.20%
08/16/2013,293.06,293.09,293.49,292.48,,0.01%
08/15/2013,293.01,290.58,293.1,289.71,,0.83%
08/14/2013,290.6,288.55,290.71,288.55,,0.68%
08/13/2013,288.63,289.06,289.55,288.01,,-0.06%
08/12/2013,288.79,286.08,289.13,286.03,,1.00%
08/09/2013,285.93,284.6,286.13,283.95,,0.67%
08/08/2013,284.03,282.98,284.12,281.61,,0.69%
08/07/2013,282.08,281.86,282.55,281.17,,0.06%
08/06/2013,281.91,284.05,284.14,281.64,,-0.64%
08/05/2013,283.72,283.36,284.28,283.26,,-0.21%
08/02/2013,284.31,285.25,285.59,284.08,,-0.46%
08/01/2013,285.62,286.43,286.77,285.3,,0.40%
07/31/2013,284.49,282.36,284.5,281.38,,0.80%
07/30/2013,282.22,283.04,283.79,281.83,,-0.69%
07/29/2013,284.17,285.19,285.34,283.92,,-0.29%
07/26/2013,285.01,286.13,286.64,284.77,,-0.85%
07/25/2013,287.45,287.9,288.52,286.7,,-0.29%
07/24/2013,288.29,290.65,290.88,287.89,,-1.00%
07/23/2013,291.2,290.9,291.47,290.41,,-0.13%
07/22/2013,291.59,291.93,292.55,291.02,,0.04%
07/19/2013,291.48,291.71,292.44,290.92,,0.14%
07/18/2013,291.06,288.89,291.41,288.87,,0.89%
07/17/2013,288.51,288.75,289.48,288.08,,-0.18%
07/16/2013,289.03,288.89,289.42,288.31,,0.59%
07/15/2013,287.34,286.35,287.4,285.93,,0.05%
07/12/2013,287.2,287.67,287.94,286.61,,-0.01%
07/11/2013,287.22,287.52,287.83,286,,0.18%
07/10/2013,286.71,285.45,286.72,285.39,,0.91%
07/09/2013,284.13,283.11,284.19,282.65,,0.34%
07/08/2013,283.17,281.54,283.41,281.16,,0.69%
07/05/2013,281.25,282.21,282.45,280.71,,-0.38%
07/03/2013,282.32,281.86,282.99,281.51,,0.75%
07/02/2013,280.21,278.96,280.31,278.69,,0.64%
07/01/2013,278.42,277.28,278.77,277.19,,0.83%
06/28/2013,276.14,278.22,278.22,276.05,,-0.62%
06/27/2013,277.87,277.42,278.39,277.41,,0.20%
06/26/2013,277.31,277.92,278.32,276.53,,-0.44%
06/25/2013,278.54,279.41,279.58,277.55,,0.20%
06/24/2013,278,278.33,278.66,276.86,,-0.22%
06/21/2013,278.6,281.09,281.09,278.19,,-0.53%
06/20/2013,280.09,284.48,284.52,279.96,,-2.91%
06/19/2013,288.49,287.44,288.79,287.08,,0.53%
06/18/2013,286.97,286.12,287.05,286.09,,0.06%
06/17/2013,286.79,286.93,287.37,286.38,,0.03%
06/14/2013,286.71,286.12,287.48,285.87,,0.31%
06/13/2013,285.83,284.44,286.02,284.16,,0.03%
06/12/2013,285.75,285.94,286.58,285.18,,0.08%
06/11/2013,285.53,285.09,285.65,284.19,,-0.52%
06/10/2013,287.03,287.51,287.78,286.75,,-0.41%
06/07/2013,288.21,287.85,288.63,285.55,,0.23%
06/06/2013,287.55,286.57,287.71,286.35,,0.36%
06/05/2013,286.5,287.13,287.84,286.33,,0.01%
06/04/2013,286.47,285.05,287.19,284.48,,0.36%
06/03/2013,285.43,283.77,285.7,283.53,,1.08%
05/31/2013,282.37,283.5,283.77,282.31,,-0.67%
05/30/2013,284.28,284.39,284.79,283.16,,-0.18%
05/29/2013,284.79,285.83,286.14,283.96,,-0.57%
05/28/2013,286.43,286.64,287.38,285.03,,0.36%
05/24/2013,285.41,285.9,285.9,284.62,,-0.40%
05/23/2013,286.56,285.84,286.74,284.78,,-0.10%
05/22/2013,286.85,288.75,288.96,286.54,,-0.55%
05/21/2013,288.45,289.07,289.43,287.42,,-0.30%
05/20/2013,289.31,287.83,289.57,287.41,,0.41%
05/17/2013,288.12,287.6,288.18,286.68,,0.47%
05/16/2013,286.77,286.03,287.2,285.89,,-0.10%
05/15/2013,287.05,286.6,287.47,285.71,,-0.39%
05/14/2013,288.19,288.62,289.07,287.86,,-0.38%
05/13/2013,289.3,288.74,290.15,288.36,,0.03%
05/10/2013,289.2,289.79,289.96,287.37,,-0.95%
05/09/2013,291.97,290.21,291.97,289.82,,0.23%
05/08/2013,291.32,289.86,291.48,289.83,,0.62%
05/07/2013,289.51,289.57,290.22,288.56,,-0.37%
05/06/2013,290.57,290.76,290.95,289.72,,-0.04%
05/03/2013,290.69,288.09,291.36,288.08,,1.22%
05/02/2013,287.2,284.89,287.22,284.84,,1.21%
05/01/2013,283.78,287.05,287.16,283.62,,-1.69%
04/30/2013,288.65,289.6,289.99,288.23,,-0.45%
04/29/2013,289.96,286.86,290.08,286.62,,1.42%
04/26/2013,285.91,287.17,287.41,284.94,,-0.60%
04/25/2013,287.65,284.31,287.85,284.25,,1.50%
04/24/2013,283.41,282.38,283.44,282.16,,0.68%
04/23/2013,281.5,282.32,282.61,281.46,,-0.64%
04/22/2013,283.3,284.25,284.83,281.87,,-0.14%
04/19/2013,283.69,283.95,284.22,283.18,,0.10%
04/18/2013,283.4,282.55,283.49,280.95,,0.72%
04/17/2013,281.38,282.39,282.83,280.67,,-0.83%
04/16/2013,283.73,281.75,283.76,280.91,,0.82%
04/15/2013,281.43,284.13,284.45,280.96,,-2.19%
04/12/2013,287.72,288.81,288.91,286.91,,-0.94%
04/11/2013,290.46,291.47,291.63,290.05,,-0.29%
04/10/2013,291.3,291.02,292.04,290.76,,-0.07%
04/09/2013,291.51,289.98,291.64,289.33,,0.63%
04/08/2013,289.69,290.24,290.4,288.88,,0.31%
04/05/2013,288.79,288.47,289.13,287.75,,-0.07%
04/04/2013,288.98,290.23,290.42,287.7,,-0.45%
04/03/2013,290.27,293.36,293.47,290.21,,-1.28%
04/02/2013,294.04,295.09,295.48,293.21,,-0.36%
04/01/2013,295.11,296.12,296.3,294.28,,-0.61%
03/28/2013,296.91,298.59,299.23,296.16,,-0.60%
03/27/2013,298.69,296.66,298.9,296.43,,0.49%
03/26/2013,297.23,296.25,297.26,296.06,,0.68%
03/25/2013,295.22,295.64,297.05,294.7,,0.00%
03/22/2013,295.2,295.23,295.86,293.9,,0.22%
03/21/2013,294.56,295.25,295.76,293.98,,-0.30%
03/20/2013,295.45,294.55,295.47,293.52,,0.62%
03/19/2013,293.64,295.25,295.38,293.39,,-0.44%
03/18/2013,294.95,294.93,295.73,294.2,,-0.67%
03/15/2013,296.94,298.1,298.5,296.79,,0.06%
03/14/2013,296.76,294.88,296.79,294.65,,0.49%
03/13/2013,295.31,296.35,297.27,294.68,,-0.30%
03/12/2013,296.2,295.44,297.21,295.37,,0.33%
03/11/2013,295.23,294.59,295.32,293.86,,0.12%
03/08/2013,294.88,293.39,294.9,293.26,,0.57%
03/07/2013,293.22,290.61,293.24,290.61,,1.00%
03/06/2013,290.32,291.95,292,289.69,,-0.60%
03/05/2013,292.07,292.37,292.72,291.36,,0.30%
03/04/2013,291.21,290.91,291.38,290.07,,0.13%
03/01/2013,290.84,291.51,291.96,290.28,,-0.88%
02/28/2013,293.43,293.43,294.41,292.88,,0.02%
02/27/2013,293.38,294.01,294.83,293.31,,-0.11%
02/26/2013,293.71,293.29,293.99,292.8,,-0.20%
02/25/2013,294.3,296.14,296.23,293.8,,0.10%
02/22/2013,294,294.51,294.66,293.84,,0.13%
02/21/2013,293.62,294.97,294.97,293.47,,-1.17%
02/20/2013,297.08,298.96,299.23,296.13,,-0.60%
02/19/2013,298.87,299.07,299.44,297.9,,-0.02%
02/15/2013,298.94,299.54,299.92,298.09,,-0.41%
02/14/2013,300.16,300.97,301.13,299.73,,-0.29%
02/13/2013,301.05,301.41,301.73,300.61,,-0.02%
02/12/2013,301.12,301.1,301.49,300.66,,-0.03%
02/11/2013,301.19,300.8,301.59,299.69,,-0.12%
02/08/2013,301.55,302.02,303.02,301.39,,0.04%
02/07/2013,301.43,303.95,304.03,301.28,,-0.65%
02/06/2013,303.4,303.44,304.16,302.68,,-0.40%
02/05/2013,304.62,304.47,304.99,304.09,,0.40%
02/04/2013,303.4,304.39,304.87,303.13,,-0.71%
02/01/2013,305.56,304.61,306.31,304.36,,0.36%
01/31/2013,304.47,305.04,305.08,303.59,,-0.25%
01/30/2013,305.24,303.44,305.26,303.02,,0.97%
01/29/2013,302.31,300.73,302.53,300.71,,0.55%
01/28/2013,300.67,299.68,300.74,299.32,,0.29%
01/25/2013,299.79,301.18,301.19,299.56,,-0.37%
01/24/2013,300.9,300.93,301.52,300.2,,-0.06%
01/23/2013,301.07,302.05,302.32,300.81,,-0.30%
01/22/2013,301.98,301.89,302.57,301.32,,0.10%
01/18/2013,301.67,300.87,301.68,300.47,,0.29%
01/17/2013,300.8,299.63,301.24,299.43,,0.72%
01/16/2013,298.66,297.49,298.98,297.45,,0.19%
01/15/2013,298.1,298.3,299.1,298,,-0.16%
01/14/2013,298.59,298.27,298.88,296.99,,0.49%
01/11/2013,297.12,296.14,297.38,295.08,,0.04%
01/10/2013,296.99,296.18,297.31,296.14,,0.87%
01/09/2013,294.43,295.04,295.23,293.9,,-0.21%
01/08/2013,295.06,296.07,296.29,294.69,,-0.21%
01/07/2013,295.69,294.37,296.09,294.24,,0.37%
01/04/2013,294.59,294.03,295.16,293.38,,-0.51%
01/03/2013,296.11,297.5,297.77,295.82,,-0.63%
01/02/2013,297.99,297.67,298.9,296.81,,0.86%
12/31/2012,295.46,294.01,296.06,293.66,,0.08%
12/28/2012,295.23,295.47,296.58,294.89,,-0.26%
12/27/2012,296,295.84,296.4,295.21,,-0.06%
12/26/2012,296.18,294.2,297.02,294.2,,0.91%
12/24/2012,293.5,293.82,293.97,293.2,,-0.36%
12/21/2012,294.58,294.26,294.63,292.92,,-0.12%
12/20/2012,294.94,295.73,295.75,294.25,,-0.38%
12/19/2012,296.06,296.42,296.77,294.95,,0.01%
12/18/2012,296.04,296.4,296.98,295.71,,0.02%
12/17/2012,295.99,295.55,296.58,295.38,,0.22%
12/14/2012,295.34,294.33,295.56,293.56,,0.75%
12/13/2012,293.14,294.04,294.79,292.96,,-0.84%
12/12/2012,295.63,295.44,296.71,294.65,,0.46%
12/11/2012,294.28,294.36,294.78,293.6,,0.21%
12/10/2012,293.66,295.69,295.93,293.42,,-0.50%
12/07/2012,295.13,295.81,296.93,295.11,,-0.41%
12/06/2012,296.35,298.4,298.42,295.59,,-0.68%
12/05/2012,298.38,298.51,298.58,296.58,,0.24%
12/04/2012,297.67,299.56,299.56,297.25,,-1.01%
12/03/2012,300.7,300.31,302.02,300.23,,0.43%
11/30/2012,299.42,299.18,300.33,298.49,,-0.12%
11/29/2012,299.78,299.02,300.13,298.63,,0.89%
11/28/2012,297.14,296.79,297.2,294.71,,-0.36%
11/27/2012,298.2,298.79,299.22,297.33,,0.01%
11/26/2012,298.18,298.26,298.54,297.73,,-0.44%
11/23/2012,299.5,297.46,299.83,296.92,,0.50%
11/21/2012,298.02,297.67,298.13,296.73,,0.37%
11/20/2012,296.93,298.14,298.79,296.13,,-0.62%
11/19/2012,298.78,296.11,299.34,296.01,,1.63%
11/16/2012,293.98,293.17,294.28,292.39,,0.25%
11/15/2012,293.26,294.72,294.99,292.38,,-0.37%
11/14/2012,294.34,293.41,295.21,293.17,,0.61%
11/13/2012,292.57,291.95,293.2,291.27,,0.00%
11/12/2012,292.57,293.01,293.94,291.52,,-0.02%
11/09/2012,292.63,291.34,293.4,290.43,,0.12%
11/08/2012,292.28,292.93,292.98,290.86,,0.13%
11/07/2012,291.9,296.17,296.23,291.6,,-1.91%
11/06/2012,297.59,293.74,297.81,293.43,,1.66%
11/05/2012,292.72,292.51,292.92,291.89,,0.01%
11/02/2012,292.7,296.46,297.01,292.67,,-1.55%
11/01/2012,297.3,297.16,297.86,296.52,,0.35%
10/31/2012,296.25,297.19,297.58,296.15,,0.21%
10/30/2012,295.64,295.64,295.64,295.64,,-0.18%
10/29/2012,296.17,296.17,296.17,296.17,,-0.36%
10/26/2012,297.25,297.21,298.54,296.41,,-0.30%
10/25/2012,298.14,299.76,299.9,296.92,,0.02%
10/24/2012,298.1,300,300.28,297,,-0.73%
10/23/2012,300.28,302,302,298.79,,-1.20%
10/22/2012,303.92,307.24,307.36,303.86,,-0.83%
10/19/2012,306.47,309.69,310.48,306.43,,-0.87%
10/18/2012,309.16,307.64,309.51,305.44,,0.31%
10/17/2012,308.22,306.77,308.27,306.38,,0.53%
10/16/2012,306.6,306.66,306.78,305.44,,0.54%
10/15/2012,304.95,306.51,306.64,302.86,,-0.65%
10/12/2012,306.95,309.2,309.2,305.95,,-0.75%
10/11/2012,309.27,307.98,310.39,307.83,,0.60%
10/10/2012,307.42,309.44,310.38,307.28,,-0.68%
10/09/2012,309.53,308.05,310.28,307.46,,0.97%
10/08/2012,306.57,306.1,307.48,305.79,,-0.47%
10/05/2012,308.02,309.91,310.81,307.23,,-0.91%
10/04/2012,310.86,308.2,311.17,307.48,,1.26%
10/03/2012,306.98,310.59,310.85,306.55,,-1.57%
10/02/2012,311.89,312.13,312.57,311.19,,0.07%
10/01/2012,311.67,309.8,312.49,309.57,,0.64%
09/28/2012,309.7,308.18,310.04,307.57,,0.64%
09/27/2012,307.72,305.52,307.94,305.4,,1.18%
09/26/2012,304.13,305.92,305.92,302.84,,-0.97%
09/25/2012,307.1,308,308.71,306.6,,0.25%
09/24/2012,306.32,306.92,307.14,305.5,,-0.99%
09/21/2012,309.37,308.76,310,308.69,,0.67%
09/20/2012,307.32,308.33,308.77,306.93,,-0.48%
09/19/2012,308.8,311.08,311.81,307.93,,-1.01%
09/18/2012,311.95,313.34,314.6,311.95,,-0.92%
09/17/2012,314.86,320.65,320.95,313.37,,-2.01%
09/14/2012,321.33,320.81,321.76,319.99,,1.09%
09/13/2012,317.85,316.37,317.89,315.31,,0.55%
09/12/2012,316.1,316.24,316.34,314.69,,0.25%
09/11/2012,315.29,313.92,315.45,313.85,,0.53%
09/10/2012,313.63,311.83,313.85,311.56,,0.51%
09/07/2012,312.05,310.38,312.45,308.95,,0.90%
09/06/2012,309.26,310.39,311.05,309.12,,0.20%
09/05/2012,308.65,308.78,309.86,308,,-0.17%
09/04/2012,309.19,310.9,310.97,308.97,,-0.25%
08/31/2012,309.96,308.02,310.25,307.44,,1.00%
08/30/2012,306.88,307.63,308.15,306.41,,-0.20%
08/29/2012,307.49,306.58,307.6,306.15,,0.07%
08/28/2012,307.27,306.46,307.48,306.08,,0.33%
08/27/2012,306.25,308.59,309.42,306,,-0.05%
08/24/2012,306.41,306.85,308.46,306.35,,-0.39%
08/23/2012,307.6,309.22,309.53,306.53,,-0.25%
08/22/2012,308.38,307.36,308.44,306.95,,0.12%
08/21/2012,308,306.61,308.95,306.57,,0.94%
08/20/2012,305.12,304.13,305.15,303.05,,0.42%
08/17/2012,303.84,302.3,304.3,302.24,,0.36%
08/16/2012,302.74,302.18,303.17,301.33,,0.23%
08/15/2012,302.06,300.14,302.5,299.66,,0.47%
08/14/2012,300.66,300.43,301.23,299.79,,0.44%
08/13/2012,299.34,303,303.13,299.34,,-0.93%
08/10/2012,302.16,302.88,303.72,301.66,,-0.98%
08/09/2012,305.16,304.41,306.89,304.29,,0.16%
08/08/2012,304.66,303.34,305.26,302.88,,0.15%
08/07/2012,304.21,303.15,304.93,302.62,,0.70%
08/06/2012,302.09,300.34,302.3,299.99,,0.35%
08/03/2012,301.03,295.69,301.47,295.41,,2.10%
08/02/2012,294.83,299.44,300.18,294.81,,-1.58%
08/01/2012,299.56,300.07,300.31,298.12,,-0.09%
07/31/2012,299.84,302.97,303.17,299.35,,-0.99%
07/30/2012,302.84,300.21,303,299.95,,0.97%
07/27/2012,299.93,298.46,300.3,297.94,,0.72%
07/26/2012,297.8,299.19,300.3,297.22,,0.08%
07/25/2012,297.57,296.8,298.04,294.85,,0.29%
07/24/2012,296.7,298.51,300,295.34,,-0.84%
07/23/2012,299.21,299.88,300.96,298.37,,-1.87%
07/20/2012,304.9,303.35,304.95,302.72,,-0.13%
07/19/2012,305.3,301.85,305.37,301.46,,1.97%
07/18/2012,299.41,295.46,299.46,294.76,,1.16%
07/17/2012,295.96,296.67,296.84,293.77,,-0.11%
07/16/2012,296.3,294.03,296.38,293.01,,0.69%
07/13/2012,294.27,293.03,294.5,291.67,,1.27%
07/12/2012,290.58,288.18,291.15,287.23,,-0.18%
07/11/2012,291.09,290.27,293.01,289.67,,0.74%
07/10/2012,288.95,292.78,293.31,288.93,,-1.38%
07/09/2012,293.01,287.79,293.61,287.79,,2.01%
07/06/2012,287.22,291.15,291.57,287.1,,-2.16%
07/05/2012,293.57,293.47,295.13,291.94,,0.21%
07/03/2012,292.95,287.65,292.95,287.5,,2.97%
07/02/2012,284.5,283.04,284.54,281.94,,0.01%
06/29/2012,284.48,276.58,284.62,276.55,,4.55%
06/28/2012,272.09,275.34,275.84,271.42,,-1.23%
06/27/2012,275.48,273.88,277.3,273.69,,0.90%
06/26/2012,273.03,271.52,273.06,271.04,,0.68%
06/25/2012,271.18,268.22,271.28,267.59,,1.09%
06/22/2012,268.24,267.74,269.15,267.05,,0.31%
06/21/2012,267.43,271.69,272.21,267.34,,-2.11%
06/20/2012,273.19,277.71,277.9,272.51,,-1.55%
06/19/2012,277.49,274.31,278.03,273.8,,1.31%
06/18/2012,273.89,271.61,274.09,270.51,,0.51%
06/15/2012,272.5,273.25,273.71,272.1,,0.07%
06/14/2012,272.33,269.43,272.63,269.31,,1.03%
06/13/2012,269.55,270.98,271.75,269.53,,-0.58%
06/12/2012,271.12,270.28,271.93,270.06,,0.04%
06/11/2012,271.02,274.44,274.98,270.91,,-0.78%
06/08/2012,273.15,270.74,273.15,270.43,,-0.41%
06/07/2012,274.28,276.15,276.81,273.42,,0.09%
06/06/2012,274.04,272.96,275.29,272.2,,1.26%
06/05/2012,270.64,270.11,271.76,270.04,,0.14%
06/04/2012,270.26,267.36,270.35,267.25,,0.63%
06/01/2012,268.57,269.47,270.68,267.75,,-1.71%
05/31/2012,273.23,275.32,275.56,273.06,,-0.76%
05/30/2012,275.31,277.95,277.95,274.79,,-1.68%
05/29/2012,280.01,282.75,284.59,279.76,,-0.78%
05/25/2012,282.21,282.86,282.97,281.5,,0.01%
05/24/2012,282.19,283.09,284.32,281.67,,0.17%
05/23/2012,281.7,284.52,284.52,280.62,,-1.77%
05/22/2012,286.77,289.84,290.28,286.65,,-1.14%
05/21/2012,290.07,290.75,291.35,289.68,,-0.22%
05/18/2012,290.7,290.92,291.75,290.33,,0.31%
05/17/2012,289.81,289.79,290.44,289.07,,0.07%
05/16/2012,289.62,288.26,290.15,287.98,,0.07%
05/15/2012,289.41,289.04,290.03,288.24,,0.24%
05/14/2012,288.71,289.57,289.79,288.05,,-1.15%
05/11/2012,292.07,292.91,293.9,291.82,,-0.95%
05/10/2012,294.86,295.24,296.3,294.57,,-0.08%
05/09/2012,295.1,294.74,295.41,293.17,,-0.10%
05/08/2012,295.4,296.61,296.7,293.3,,-0.78%
05/07/2012,297.73,297.07,297.97,295.71,,0.10%
05/04/2012,297.42,300.79,301.24,296.17,,-1.43%
05/03/2012,301.73,304.5,304.69,301.53,,-0.86%
05/02/2012,304.35,307.2,307.42,304.17,,-1.25%
05/01/2012,308.22,306.19,308.52,306.01,,0.65%
04/30/2012,306.22,304.63,306.45,303.25,,0.14%
04/27/2012,305.78,303.28,305.95,303.24,,0.74%
04/26/2012,303.54,302.67,304.52,302.67,,0.40%
04/25/2012,302.35,303.11,303.45,300.65,,0.26%
04/24/2012,301.55,301.55,302.74,301.01,,0.30%
04/23/2012,300.66,300.03,300.66,298.48,,-0.26%
04/20/2012,301.45,300.2,302.25,300.2,,0.64%
04/19/2012,299.55,299.32,300.94,298.61,,0.05%
04/18/2012,299.41,301.98,302.06,299.17,,-0.95%
04/17/2012,302.3,301.81,302.93,301.78,,0.42%
04/16/2012,301.02,301.88,303.37,300.28,,-0.69%
04/13/2012,303.11,305.69,306.01,302.82,,-0.90%
04/12/2012,305.86,303.1,306,302.15,,1.16%
04/11/2012,302.35,301.26,302.99,300.97,,0.55%
04/10/2012,300.7,304.85,305.11,300.59,,-1.43%
04/09/2012,305.08,305.17,305.45,303.67,,-0.54%
04/05/2012,306.74,305.68,307.24,304.82,,0.50%
04/04/2012,305.21,308.03,308.47,305.21,,-1.86%
04/03/2012,311,310.95,312.34,310.68,,-0.48%
04/02/2012,312.5,308.13,312.69,307.55,,1.23%
03/30/2012,308.71,307.44,310.24,307.17,,0.82%
03/29/2012,306.19,311.16,311.4,305.63,,-1.78%
03/28/2012,311.72,314.13,314.26,311.33,,-1.25%
03/27/2012,315.69,315.07,316.5,314.99,,0.13%
03/26/2012,315.26,314.81,316.18,314.81,,0.17%
03/23/2012,314.72,313.28,315.76,312.97,,0.70%
03/22/2012,312.52,314.62,315.09,311.76,,-1.17%
03/21/2012,316.23,316.39,317.48,315.64,,0.14%
03/20/2012,315.78,318.31,318.38,315.37,,-1.22%
03/19/2012,319.67,317.93,320,317.85,,0.47%
03/16/2012,318.18,316.22,318.39,315.83,,0.64%
03/15/2012,316.15,315.19,316.89,314.43,,0.23%
03/14/2012,315.41,317.03,317.77,315.33,,-0.91%
03/13/2012,318.31,316.62,318.52,315.1,,0.66%
03/12/2012,316.23,315.79,316.23,314.36,,-0.51%
03/09/2012,317.85,316.4,318.5,314.88,,0.50%
03/08/2012,316.28,315.91,316.65,315.5,,0.57%
03/07/2012,314.48,315.03,315.27,313.24,,-0.07%
03/06/2012,314.69,318.27,318.29,314.52,,-1.57%
03/05/2012,319.69,321.3,321.64,319.59,,-0.54%
03/02/2012,321.41,323.17,323.64,320.49,,-0.97%
03/01/2012,324.56,322.29,324.66,320.93,,0.59%
02/29/2012,322.67,323.4,323.79,319.27,,-0.21%
02/28/2012,323.36,325.32,325.87,323.19,,-0.60%
02/27/2012,325.32,325.28,326.19,324.34,,-0.25%
02/24/2012,326.15,323.9,326.26,323.77,,0.78%
02/23/2012,323.63,323.5,324.37,321.72,,0.17%
02/22/2012,323.09,322.06,323.39,321.16,,0.13%
02/21/2012,322.68,319.25,322.88,318.92,,1.60%
02/17/2012,317.61,317.66,318,316.38,,0.31%
02/16/2012,316.63,313.77,317.24,313.58,,0.46%
02/15/2012,315.17,315.73,315.86,314.53,,0.32%
02/14/2012,314.17,314.26,315.2,313.75,,-0.03%
02/13/2012,314.28,313.85,314.35,312.74,,0.62%
02/10/2012,312.35,313.35,313.42,311.61,,-1.06%
02/09/2012,315.71,315.63,317.77,315.21,,0.23%
02/08/2012,314.99,316.03,316.99,314.41,,-0.07%
02/07/2012,315.21,312.98,315.97,312.78,,0.25%
02/06/2012,314.42,313.48,314.67,312.6,,0.00%
02/03/2012,314.43,310.92,314.55,310.89,,1.07%
02/02/2012,311.11,310.75,312.09,309.58,,-0.20%
02/01/2012,311.74,312.54,313.51,311.7,,-0.25%
01/31/2012,312.52,315.39,316.54,311.78,,-0.51%
01/30/2012,314.12,316.36,316.74,314.02,,-1.23%
01/27/2012,318.02,318.07,318.31,316.25,,0.12%
01/26/2012,317.63,319.32,319.56,317.26,,0.33%
01/25/2012,316.58,313.82,317.26,313.46,,0.53%
01/24/2012,314.9,313.45,315.63,312.86,,0.35%
01/23/2012,313.79,311.75,314.22,311.3,,1.18%
01/20/2012,310.12,311.66,311.94,309.27,,-0.66%
01/19/2012,312.17,312.43,312.66,310.99,,0.47%
01/18/2012,310.72,312.09,312.67,309.85,,-0.10%
01/17/2012,311.03,310.61,312.26,308.92,,1.02%
01/13/2012,307.9,309.42,310.56,307.03,,-0.70%
01/12/2012,310.07,315.39,316.34,310.01,,-1.19%
01/11/2012,313.81,314.08,314.75,312.68,,-0.58%
01/10/2012,315.64,315.27,316.09,314.64,,1.26%
01/09/2012,311.73,309.24,312.04,308.87,,0.66%
01/06/2012,309.68,309.72,310.4,307.87,,0.30%
01/05/2012,308.74,312.38,313.44,308.66,,-1.68%
01/04/2012,314,312.95,314.55,312.39,,0.14%
01/03/2012,313.58,309.3,313.74,308.54,,2.65%
12/30/2011,305.49,305.02,306.86,304.32,,0.25%
12/29/2011,304.75,305.55,306.01,303.12,,-0.31%
12/28/2011,305.69,308.01,309.57,305.35,,-0.90%
12/27/2011,308.47,306.28,308.83,305.94,,0.71%
12/23/2011,306.28,306.3,306.82,305.96,,0.14%
12/22/2011,305.87,304.82,306.34,303.79,,0.58%
12/21/2011,304.09,301.74,304.49,300.86,,0.74%
12/20/2011,301.86,298.47,302.13,298.19,,1.98%
12/19/2011,296.01,294.96,297.01,294.89,,0.28%
12/16/2011,295.19,296.09,296.59,293.69,,0.19%
12/15/2011,294.64,296.95,297.59,294.38,,-0.28%
12/14/2011,295.48,302.77,302.95,294.97,,-3.43%
12/13/2011,305.97,304.42,307.28,303.85,,0.96%
12/12/2011,303.05,303.98,304.47,301.76,,-1.17%
12/09/2011,306.63,308.52,308.52,305.35,,-0.49%
12/08/2011,308.14,310.99,312.61,307.61,,-0.69%
12/07/2011,310.27,312.67,313.5,309.99,,-1.10%
12/06/2011,313.73,312.24,313.79,311.34,,0.17%
12/05/2011,313.2,314.68,316.19,312.54,,-0.18%
12/02/2011,313.75,315.99,316.3,312.65,,0.08%
12/01/2011,313.51,314.67,315.37,311.8,,-0.16%
11/30/2011,314.02,309.85,315.52,309.85,,1.08%
11/29/2011,310.65,308.47,311.15,307.96,,0.81%
11/28/2011,308.16,310.56,310.64,307.02,,0.82%
11/25/2011,305.65,305.28,308.24,305.14,,-0.42%
11/23/2011,306.92,307.93,308.85,306.36,,-1.35%
11/22/2011,311.13,311.09,311.62,308.81,,0.69%
11/21/2011,309.01,310.42,311.07,307.2,,-1.09%
11/18/2011,312.41,316.31,316.49,310.84,,-0.73%
11/17/2011,314.71,320.25,320.8,314.23,,-2.48%
11/16/2011,322.71,320.05,322.86,319.74,,0.51%
11/15/2011,321.07,317.88,321.34,317.63,,0.93%
11/14/2011,318.12,319.57,319.75,317.53,,-0.71%
11/11/2011,320.4,319.12,320.76,318.58,,0.40%
11/10/2011,319.12,320.24,320.65,317.77,,0.14%
11/09/2011,318.66,320.67,321.54,318.24,,-1.29%
11/08/2011,322.82,322.38,323.31,321.36,,0.43%
11/07/2011,321.43,321.44,322.68,320.71,,0.25%
11/04/2011,320.64,321.49,321.76,318.7,,0.14%
11/03/2011,320.21,317.81,320.78,316.29,,1.25%
11/02/2011,316.26,317.56,319.41,315.57,,0.26%
11/01/2011,315.43,314.84,315.53,312.24,,-1.44%
10/31/2011,320.04,321.23,321.23,317.78,,-1.00%
10/28/2011,323.28,322.77,324.77,322.11,,-0.37%
10/27/2011,324.47,320.9,325.2,320.76,,2.57%
10/26/2011,316.34,321.28,321.92,316.18,,-1.20%
10/25/2011,320.18,321.64,321.82,318.69,,0.44%
10/24/2011,318.77,313.1,319.28,312.91,,2.41%
10/21/2011,311.28,310.95,313.52,310.51,,1.11%
10/20/2011,307.87,310.42,310.65,305.36,,-1.00%
10/19/2011,310.99,315,317.21,310.89,,-1.31%
10/18/2011,315.11,312.25,315.88,311.11,,0.11%
10/17/2011,314.75,317.65,317.7,314.19,,-0.83%
10/14/2011,317.37,313.84,317.59,313.84,,2.00%
10/13/2011,311.16,310.09,312.06,308.49,,-0.06%
10/12/2011,311.34,312.29,312.88,309.92,,0.20%
10/11/2011,310.7,307.36,311.53,305.77,,0.60%
10/10/2011,308.85,306.65,310.73,306.65,,1.69%
10/07/2011,303.7,304.14,307.14,302.02,,-0.40%
10/06/2011,304.94,300.68,305.21,299.35,,2.00%
10/05/2011,298.96,296.57,299.14,295.24,,1.87%
10/04/2011,293.46,293.25,296.81,292.57,,-1.05%
10/03/2011,296.56,296.95,299,294.3,,-0.59%
09/30/2011,298.33,304.38,304.68,298.03,,-2.55%
09/29/2011,306.14,303.6,308.26,303.47,,0.78%
09/28/2011,303.77,310,310,303.63,,-2.52%
09/27/2011,311.63,309.51,312.45,308.74,,2.73%
09/26/2011,303.34,302.79,305.24,300.33,,0.42%
09/23/2011,302.06,302.81,306.32,301.9,,-1.75%
09/22/2011,307.43,313.68,313.82,306.91,,-4.41%
09/21/2011,321.62,323.78,325.29,321.44,,-1.05%
09/20/2011,325.04,325.8,327.31,323.8,,0.39%
09/19/2011,323.78,328.12,328.14,322.69,,-1.81%
09/16/2011,329.75,332.7,332.91,329.24,,-0.92%
09/15/2011,332.8,335.63,336.32,332.5,,-0.45%
09/14/2011,334.32,335.32,335.32,333.12,,-0.49%
09/13/2011,335.95,335.99,337.02,334.32,,0.50%
09/12/2011,334.27,332.37,335.23,331.76,,-0.05%
09/09/2011,334.44,337.7,338.01,333.23,,-1.67%
09/08/2011,340.11,340.65,341.9,339.68,,0.03%
09/07/2011,340.02,336.88,340.75,336.59,,1.37%
09/06/2011,335.42,333.95,335.88,332.67,,-0.84%
09/02/2011,338.26,340.2,340.36,336.29,,-0.76%
09/01/2011,340.85,341.53,343.47,340.77,,-0.56%
08/31/2011,342.77,340.4,343.48,340.21,,0.47%
08/30/2011,341.16,336.8,341.25,336.61,,1.14%
08/29/2011,337.32,336.05,338.41,336.04,,0.56%
08/26/2011,335.45,331.95,335.78,329.71,,0.96%
08/25/2011,332.27,332.13,333.25,328.6,,0.15%
08/24/2011,331.79,334.76,336.23,331.36,,-0.85%
08/23/2011,334.63,333.47,335.41,331.83,,0.80%
08/22/2011,331.97,330.93,332.31,329.44,,0.70%
08/19/2011,329.66,326.38,330.92,326.01,,0.94%
08/18/2011,326.61,331.26,331.29,326.1,,-2.33%
08/17/2011,334.39,333.06,335.93,332.61,,1.21%
08/16/2011,330.38,328.54,331.67,327.77,,-0.10%
08/15/2011,330.72,327,330.82,327,,1.22%
08/12/2011,326.72,327.01,328.87,326.45,,0.06%
08/11/2011,326.53,319.44,326.72,318.47,,1.84%
08/10/2011,320.62,321.85,321.9,317.02,,1.36%
08/09/2011,316.3,318.98,322.16,315.58,,-0.51%
08/08/2011,317.93,322.32,323.61,317.78,,-2.77%
08/05/2011,326.99,328.11,330.72,324.11,,-0.36%
08/04/2011,328.16,335.85,336.52,327.67,,-2.77%
08/03/2011,337.5,341.23,341.57,336.67,,-1.32%
08/02/2011,342.01,340.96,342.73,340.13,,0.12%
08/01/2011,341.6,344.05,345.69,339.76,,-0.20%
07/29/2011,342.27,343.07,343.3,341.24,,-0.75%
07/28/2011,344.84,346.76,347.08,343.97,,-0.60%
07/27/2011,346.92,348.13,348.81,346.3,,-0.58%
07/26/2011,348.94,347.41,349.55,344.69,,0.83%
07/25/2011,346.07,347,347.84,345.06,,-0.59%
07/22/2011,348.12,346.53,348.27,345.52,,0.77%
07/21/2011,345.46,345.84,348.77,345.15,,-0.29%
07/20/2011,346.47,347.68,347.97,345.08,,-0.07%
07/19/2011,346.72,346.33,349.01,345.82,,0.79%
07/18/2011,344,344.99,345.25,341.55,,-0.72%
07/15/2011,346.48,344.87,347.58,344.73,,0.45%
07/14/2011,344.92,348.8,349.32,343.45,,-1.27%
07/13/2011,349.36,345.56,350.73,344.62,,1.43%
07/12/2011,344.45,339.14,344.51,338.72,,1.07%
07/11/2011,340.81,340.68,342.51,339.29,,-0.85%
07/08/2011,343.73,346.23,347.13,342.88,,-0.79%
07/07/2011,346.49,340.9,346.56,340.82,,1.79%
07/06/2011,340.38,340.3,342.15,339.99,,-0.42%
07/05/2011,341.82,338.71,342.63,338.71,,1.46%
07/01/2011,336.89,336.12,338.03,334.85,,-0.39%
06/30/2011,338.22,339.39,339.51,336.02,,-0.22%
06/29/2011,338.98,336.76,339.76,334.84,,1.30%
06/28/2011,334.64,330.78,334.71,330.63,,1.74%
06/27/2011,328.92,328.52,329.42,326.91,,-0.35%
06/24/2011,330.07,330.68,331.78,328.62,,-0.10%
06/23/2011,330.38,334.77,334.89,327.05,,-2.28%
06/22/2011,338.08,337.69,339.25,336.58,,-0.07%
06/21/2011,338.31,337.89,339.13,336.64,,0.64%
06/20/2011,336.16,333.72,336.72,333.64,,0.15%
06/17/2011,335.65,336.75,337.22,334.05,,-0.42%
06/16/2011,337.06,337.83,338.62,336.71,,-0.61%
06/15/2011,339.14,345.9,346.94,338.38,,-2.32%
06/14/2011,347.18,344.62,347.18,344.62,,0.71%
06/13/2011,344.73,347.12,348.14,343.04,,-1.00%
06/10/2011,348.21,350.51,350.57,346.93,,-0.80%
06/09/2011,351.02,349.47,352.24,349.34,,0.72%
06/08/2011,348.51,345.37,349.91,344.57,,0.57%
06/07/2011,346.54,345.14,346.73,344.49,,0.28%
06/06/2011,345.57,347.19,349.08,344.95,,-0.92%
06/03/2011,348.78,347.01,349.52,345.45,,0.20%
06/02/2011,348.08,345.98,349.12,345.5,,0.57%
06/01/2011,346.09,350.39,350.56,345.11,,-1.18%
05/31/2011,350.23,349.43,351.07,348.89,,1.09%
05/27/2011,346.44,344.77,346.57,344.74,,0.86%
05/26/2011,343.5,344.59,345,342.41,,-0.32%
05/25/2011,344.6,340.68,345.24,339.53,,1.57%
05/24/2011,339.26,339.75,341.19,337.3,,0.66%
05/23/2011,337.04,337.88,338.83,336.26,,-1.37%
05/20/2011,341.72,339.69,342.1,335.98,,0.66%
05/19/2011,339.47,343.32,343.61,339.35,,-1.42%
05/18/2011,344.37,339.86,345.46,338.98,,2.30%
05/17/2011,336.64,337.61,337.78,333.08,,-0.09%
05/16/2011,336.94,337.78,340.49,336.84,,-0.52%
05/13/2011,338.69,340.71,341.61,335.99,,-0.01%
05/12/2011,338.72,334.16,340.57,333.66,,0.14%
05/11/2011,338.26,346.68,347.16,337.78,,-3.00%
05/10/2011,348.73,345.37,348.78,343.56,,1.30%
05/09/2011,344.26,342.26,344.98,340.26,,2.00%
05/06/2011,337.51,338.92,346.26,337.51,,-1.09%
05/05/2011,341.23,353.63,353.69,340.98,,-4.90%
05/04/2011,358.8,363.02,363.97,358.45,,-1.76%
05/03/2011,365.22,367.08,367.91,364.44,,-0.85%
05/02/2011,368.34,368.01,370.89,367.38,,-0.64%
04/29/2011,370.73,366.75,370.88,365.91,,1.16%
04/28/2011,366.47,365.79,368.09,364.98,,0.13%
04/27/2011,365.98,365.71,367.02,363.39,,-0.10%
04/26/2011,366.36,366.42,367.29,365.47,,-0.10%
04/25/2011,366.72,368.56,369.24,364.55,,-0.24%
04/21/2011,367.6,366.84,367.7,364.89,,0.52%
04/20/2011,365.7,363.64,367.01,363.64,,1.31%
04/19/2011,360.98,358.92,362.14,357.34,,0.39%
04/18/2011,359.58,361.07,361.35,358.14,,-0.92%
04/15/2011,362.93,361.01,363.63,360.32,,0.59%
04/14/2011,360.81,358.49,361.52,357.51,,0.31%
04/13/2011,359.71,360.19,362.63,358.07,,0.14%
04/12/2011,359.2,365.72,366.11,357.51,,-1.90%
04/11/2011,366.16,367.73,369.12,365.93,,-0.73%
04/08/2011,368.86,366.92,368.87,365.99,,1.16%
04/07/2011,364.63,363.99,365.33,362.17,,0.28%
04/06/2011,363.61,364.16,364.88,362.74,,0.10%
04/05/2011,363.26,360.83,363.46,360.79,,0.26%
04/04/2011,362.33,361.53,362.56,360.61,,0.36%
04/01/2011,361.03,359.3,361.35,357.4,,0.40%
03/31/2011,359.58,355.39,359.67,355.01,,1.60%
03/30/2011,353.9,354.13,354.94,351.9,,-0.07%
03/29/2011,354.15,352.95,355.57,352.55,,-0.24%
03/28/2011,355,357.15,358.04,354.89,,-1.31%
03/25/2011,359.71,359.08,360.51,357.85,,0.30%
03/24/2011,358.62,357.45,358.7,356.35,,0.41%
03/23/2011,357.17,357.12,357.83,356.15,,0.16%
03/22/2011,356.59,353.27,356.69,352.1,,0.91%
03/21/2011,353.37,354.69,354.69,352.13,,0.59%
03/18/2011,351.28,351.94,352.53,348.87,,0.71%
03/17/2011,348.8,341.72,349.32,341.66,,3.10%
03/16/2011,338.29,342.12,344.57,337.57,,0.01%
03/15/2011,338.26,342.31,342.81,338.19,,-3.56%
03/14/2011,350.73,349.71,351.47,349.21,,-0.36%
03/11/2011,352,350.62,352.87,350.09,,-0.73%
03/10/2011,354.58,357.07,357.54,352.14,,-1.60%
03/09/2011,360.35,361.88,362.89,359.15,,-0.24%
03/08/2011,361.21,362.27,363.47,360.23,,-0.49%
03/07/2011,363.01,366.42,366.83,362.52,,0.00%
03/04/2011,363,362.64,363.75,361.58,,0.64%
03/03/2011,360.68,357.96,360.86,357.63,,0.40%
03/02/2011,359.23,356.07,359.56,356.07,,1.11%
03/01/2011,355.29,354.42,355.47,352,,0.74%
02/28/2011,352.69,352.89,353.98,352.08,,0.37%
02/25/2011,351.39,346.14,351.92,344.66,,1.57%
02/24/2011,345.95,351.12,351.19,345.66,,-0.56%
02/23/2011,347.91,343.9,349.18,343.69,,1.00%
02/22/2011,344.46,348.72,350.2,342.98,,0.76%
02/18/2011,341.88,340.53,343.5,340.03,,0.15%
02/17/2011,341.37,339.59,341.45,338.68,,0.91%
02/16/2011,338.3,337.73,339.6,337.4,,0.57%
02/15/2011,336.38,339.49,340.42,335.19,,-0.70%
02/14/2011,338.76,338.34,340.94,337.89,,0.27%
02/11/2011,337.87,340.4,340.84,337.08,,-0.64%
02/10/2011,340.03,339.62,342.15,339.23,,0.15%
02/09/2011,339.51,337.13,339.88,336.85,,0.65%
02/08/2011,337.33,335.62,338.68,335.31,,-0.06%
02/07/2011,337.54,340.02,340.27,337.41,,-0.43%
02/04/2011,338.99,340.73,341.72,337.82,,-0.61%
02/03/2011,341.07,344.94,345.27,340.88,,-0.81%
02/02/2011,343.87,342.94,344.76,342.36,,0.48%
02/01/2011,342.24,340.72,343.12,340.48,,0.22%
01/31/2011,341.49,336.82,342.1,335.48,,1.78%
01/28/2011,335.51,331.16,336.1,331.16,,1.22%
01/27/2011,331.45,333.13,334.27,330.66,,-0.43%
01/26/2011,332.89,329.47,333.18,328.6,,1.61%
01/25/2011,327.62,329.55,330.54,327.48,,-1.54%
01/24/2011,332.76,335.42,335.79,332.18,,-0.39%
01/21/2011,334.05,333.33,334.54,333.12,,0.63%
01/20/2011,331.96,332.27,332.42,328.32,,-0.46%
01/19/2011,333.49,336.01,336.34,333.29,,-0.10%
01/18/2011,333.83,333.96,335.33,332.5,,0.22%
01/14/2011,333.1,331.85,333.29,330.98,,0.02%
01/13/2011,333.04,334.5,335.16,332.66,,-0.56%
01/12/2011,334.92,332.27,335.94,332.12,,1.03%
01/11/2011,331.5,328.8,331.85,328.38,,1.41%
01/10/2011,326.89,324.72,327.75,323.93,,0.90%
01/07/2011,323.98,324.27,326.71,322.8,,-0.35%
01/06/2011,325.1,329.46,329.74,324.94,,-1.25%
01/05/2011,329.23,324.9,330.04,324.53,,0.45%
01/04/2011,327.76,333.87,333.91,325.88,,-1.59%
01/03/2011,333.05,334.83,335.34,332.92,,0.07%
12/31/2010,332.83,328.63,333.69,327.77,,1.74%
12/30/2010,327.13,330.7,330.79,325.22,,-1.09%
12/29/2010,330.73,330.47,331.56,330.15,,-0.22%
12/28/2010,331.45,330.45,332.17,330.11,,0.71%
12/27/2010,329.12,328.13,329.46,326.88,,-0.08%
12/23/2010,329.39,327.31,329.59,327.1,,0.39%
12/22/2010,328.12,326.82,328.16,325.99,,0.40%
12/21/2010,326.81,324.95,327.16,324.95,,0.78%
12/20/2010,324.27,322.87,324.38,320.3,,1.14%
12/17/2010,320.62,316.6,321.05,316.6,,1.03%
12/16/2010,317.34,318.72,319.1,317.12,,-0.47%
12/15/2010,318.84,317.68,320.68,316.89,,-0.21%
12/14/2010,319.51,320.8,320.8,319.02,,-0.11%
12/13/2010,319.86,318.14,319.99,317.97,,1.57%
12/10/2010,314.91,316.76,316.76,313.82,,-0.37%
12/09/2010,316.08,317.05,317.77,315.6,,-0.24%
12/08/2010,316.86,313.92,317.07,312.91,,0.39%
12/07/2010,315.61,319.87,320.73,315.17,,-0.52%
12/06/2010,317.28,316.33,317.96,316.16,,0.36%
12/03/2010,316.14,313.23,316.28,312.02,,1.30%
12/02/2010,312.08,310.39,312.12,309.46,,1.03%
12/01/2010,308.89,304.35,308.89,303.85,,2.49%
11/30/2010,301.39,302.33,303.22,301.38,,-0.49%
11/29/2010,302.87,302.22,302.98,300.82,,0.59%
11/26/2010,301.11,300.51,301.56,299.51,,-0.40%
11/24/2010,302.31,298.57,302.45,298.12,,1.56%
11/23/2010,297.66,295.04,298.34,293.92,,-0.11%
11/22/2010,297.99,298.74,298.74,295.59,,-0.29%
11/19/2010,298.85,301.4,301.4,298.22,,-1.20%
11/18/2010,302.48,299.24,302.79,299.06,,2.40%
11/17/2010,295.39,295.43,297.85,294.64,,-0.27%
11/16/2010,296.19,303.82,303.96,296.16,,-3.20%
11/15/2010,305.98,304.37,306.5,303.64,,0.80%
11/12/2010,303.56,310.67,311.19,303.18,,-3.57%
11/11/2010,314.81,317.29,317.52,314.42,,-0.71%
11/10/2010,317.06,317.72,319.4,316.26,,-0.63%
11/09/2010,319.06,317.89,320.33,317.62,,1.22%
11/08/2010,315.21,313.66,315.57,313.09,,0.54%
11/05/2010,313.51,313.05,313.52,311.51,,0.40%
11/04/2010,312.25,308.19,312.25,308.17,,2.37%
11/03/2010,305.02,307.21,307.22,302.76,,0.03%
11/02/2010,304.93,303.81,305.05,303.55,,1.14%
11/01/2010,301.48,302.35,304.13,301.48,,0.29%
10/29/2010,300.62,299.62,300.98,298.71,,0.26%
10/28/2010,299.84,300.04,300.67,299.07,,0.25%
10/27/2010,299.08,299.56,299.63,297.14,,-0.71%
10/26/2010,301.23,299.96,301.92,299.42,,0.32%
10/25/2010,300.25,300.05,301.4,298.52,,1.04%
10/22/2010,297.17,296.43,297.37,295.72,,0.57%
10/21/2010,295.49,299.91,299.95,295,,-1.15%
10/20/2010,298.94,294.81,298.96,293.48,,2.06%
10/19/2010,292.92,296.51,296.55,292.8,,-1.93%
10/18/2010,298.67,295.25,298.94,295.01,,0.91%
10/15/2010,296,299.79,301.17,296,,-1.29%
10/14/2010,299.86,300.36,301.76,299.86,,0.06%
10/13/2010,299.67,300.13,301.21,299.67,,0.64%
10/12/2010,297.76,295.48,298.52,297.76,,0.49%
10/11/2010,296.3,295.95,298.29,296.3,,0.43%
10/08/2010,295.04,286.73,295.1,295.04,,2.72%
10/07/2010,287.23,290.92,291.89,287.23,,-0.64%
10/06/2010,289.07,288.59,290.35,289.07,,0.25%
10/05/2010,288.35,284.99,288.57,288.35,,1.56%
10/04/2010,283.91,284.44,285.19,283.91,,-0.59%
10/01/2010,285.61,288,288.85,281.95,,-0.41%
09/30/2010,286.78,286.78,287.33,280.53,,0.32%
09/29/2010,285.85,283.97,286.04,281.27,,0.56%
09/28/2010,284.27,283.27,285.86,282.55,,0.07%
09/27/2010,284.06,284.42,284.95,282.3,,0.18%
09/24/2010,283.54,280.75,283.88,280.51,,1.25%
09/23/2010,280.05,278.29,280.59,277.62,,0.45%
09/22/2010,278.8,279.96,280.98,277.9,,0.19%
09/21/2010,278.27,279.38,280.57,278.27,,-0.46%
09/20/2010,279.55,280.09,281.13,279.25,,0.00%
09/17/2010,279.55,280.51,280.51,277.88,,0.34%
09/16/2010,278.6,278.71,280.01,277.07,,-0.13%
09/15/2010,278.95,279.16,279.18,277.72,,-0.38%
09/14/2010,280.03,277.98,280.41,277.75,,0.92%
09/13/2010,277.46,275.89,278.46,275.54,,0.88%
09/10/2010,275.04,274.28,275.85,273.64,,0.71%
09/09/2010,273.11,273.71,274.96,272.51,,-0.39%
09/08/2010,274.16,273.7,275.23,273.06,,0.17%
09/07/2010,273.71,271.01,274.28,270.69,,0.38%
09/03/2010,272.66,270.7,272.75,269.79,,0.60%
09/02/2010,271.04,267.67,271.18,267.67,,0.98%
09/01/2010,268.41,265.4,268.84,265.17,,1.64%
08/31/2010,264.08,266.55,268.01,264,,-1.34%
08/30/2010,267.65,266.98,268.33,266.93,,0.19%
08/27/2010,267.15,264.06,267.28,262.8,,1.22%
08/26/2010,263.93,262.92,264.7,262.58,,0.85%
08/25/2010,261.69,261.89,261.96,260.1,,-0.25%
08/24/2010,262.35,263.17,263.36,261.57,,-1.34%
08/23/2010,265.91,267.69,267.96,265.29,,-0.37%
08/20/2010,266.89,267.33,267.65,266.45,,-0.46%
08/19/2010,268.13,269.82,270.32,267.57,,-0.61%
08/18/2010,269.78,269.41,270.1,267.11,,-0.11%
08/17/2010,270.07,269.1,270.85,268.69,,0.78%
08/16/2010,267.98,268.67,269.89,267.78,,-0.25%
08/13/2010,268.66,268.78,269.28,268.03,,-0.04%
08/12/2010,268.78,268.7,270.4,267.07,,0.03%
08/11/2010,268.7,272.15,272.15,268.3,,-1.27%
08/10/2010,272.15,274.45,274.45,271,,-0.84%
08/09/2010,274.45,274.57,276.24,274.04,,-0.04%
08/06/2010,274.57,277.52,277.52,273.56,,-1.06%
08/05/2010,277.52,278.83,280.54,277.32,,-0.47%
08/04/2010,278.83,276.48,279.03,276.2,,0.85%
08/03/2010,276.48,276.7,277.13,275.72,,-0.08%
08/02/2010,276.7,274.2,278.13,274.2,,0.91%
07/30/2010,274.2,270.05,274.27,268.26,,1.54%
07/29/2010,270.05,266.01,270.39,265.92,,1.52%
07/28/2010,266.01,264.31,266.54,263.84,,0.64%
07/27/2010,264.31,266.51,267.58,263.49,,-0.82%
07/26/2010,266.51,266.47,267.04,265.57,,0.01%
07/23/2010,266.47,266.7,267.13,265.76,,-0.09%
07/22/2010,266.7,261.38,266.7,261.38,,2.04%
07/21/2010,261.38,261.37,263.48,261.15,,0.00%
07/20/2010,261.37,261.05,262.05,259.73,,0.12%
07/19/2010,261.05,262.06,264.21,259.7,,-0.39%
07/16/2010,262.06,264.05,264.64,260.71,,-0.75%
07/15/2010,264.05,262.87,264.06,260.44,,0.77%
07/14/2010,262.04,261.37,263.78,260.68,,0.11%
07/13/2010,261.75,258.24,262,258.24,,1.36%
07/12/2010,258.24,260.46,260.46,257.83,,-0.85%
07/09/2010,260.46,259.35,261.3,259.35,,0.43%
07/08/2010,259.35,258.07,260.29,257.69,,0.49%
07/07/2010,258.07,253.33,258.28,253.33,,1.75%
07/06/2010,253.63,254.6,257.74,253.32,,-0.27%
07/02/2010,254.31,256.04,256.38,253.66,,-0.67%
07/01/2010,256.04,258.35,258.35,253.59,,-0.89%
06/30/2010,258.34,256.1,258.52,255.03,,0.88%
06/29/2010,256.1,263.35,263.35,255.41,,-2.76%
06/28/2010,263.35,265.43,265.43,262.78,,-0.78%
06/25/2010,265.43,261.44,265.62,261.44,,1.52%
06/24/2010,261.44,259.54,261.53,259.54,,0.73%
06/23/2010,259.53,262.5,262.64,259.11,,-1.13%
06/22/2010,262.5,263.51,264.12,261.55,,-0.38%
06/21/2010,263.51,262.74,266.83,262.07,,0.29%
06/18/2010,262.74,263.11,264.02,261.25,,-0.14%
06/17/2010,263.11,263.97,264.89,262.34,,-0.32%
06/16/2010,263.97,263.31,264.65,262.15,,0.25%
06/15/2010,263.31,259.79,263.39,259.79,,1.35%
06/14/2010,259.79,255.73,260.32,255.73,,1.59%
06/11/2010,255.73,254.89,256.52,254.34,,0.33%
06/10/2010,254.89,252.87,256.33,252.87,,0.80%
06/09/2010,252.87,249.9,253.8,249.9,,1.19%
06/08/2010,249.9,248.79,250.33,248.12,,0.44%
06/07/2010,248.79,248.76,249.47,247.44,,0.01%
06/04/2010,248.75,254.7,254.7,248.47,,-2.34%
06/03/2010,254.7,252.74,254.77,251.69,,0.77%
06/02/2010,252.74,252.2,254.06,250.91,,0.21%
06/01/2010,252.22,254.6,256.52,252.19,,-0.94%
05/28/2010,254.6,257.52,258.35,253.77,,-1.13%
05/27/2010,257.52,252.63,257.52,252.63,,1.94%
05/26/2010,252.63,248.6,253.32,248.6,,1.62%
05/25/2010,248.59,251.77,251.77,247.06,,-1.26%
05/24/2010,251.76,251.22,252.82,250.63,,0.22%
05/21/2010,251.22,249.87,252.76,248.71,,0.54%
05/20/2010,249.87,252.43,252.43,247.28,,-1.02%
05/19/2010,252.43,254.72,254.72,251.38,,-0.90%
05/18/2010,254.72,252.99,256.82,252.99,,0.69%
05/17/2010,252.99,258.34,258.53,252.62,,-2.07%
05/14/2010,258.33,265.56,265.56,258.06,,-2.72%
05/13/2010,265.55,266.59,266.59,265.08,,-0.39%
05/12/2010,266.59,264.72,267.35,264.47,,0.71%
05/11/2010,264.72,265.21,266.32,263.08,,-0.19%
05/10/2010,265.21,261.1,265.89,261.1,,1.58%
05/07/2010,261.09,262.53,263.41,258.85,,-0.54%
05/06/2010,262.52,267.71,267.71,261.7,,-1.94%
05/05/2010,267.71,271.36,271.36,266.24,,-1.34%
05/04/2010,271.36,277.85,277.85,271.28,,-2.34%
05/03/2010,277.85,277.46,278.63,277.02,,0.14%
04/30/2010,277.46,275.04,277.73,275.04,,0.88%
04/29/2010,275.04,274.26,276.43,274.26,,0.28%
04/28/2010,274.25,272.93,274.41,272.65,,0.49%
04/27/2010,272.93,278.12,278.12,272.67,,-1.87%
04/26/2010,278.12,278.79,279.94,277.84,,-0.24%
04/23/2010,278.79,276.86,279.12,276.2,,0.70%
04/22/2010,276.86,276.49,277.06,273.72,,0.14%
04/21/2010,276.49,275.51,278.12,275.17,,0.35%
04/20/2010,275.51,272.97,275.93,272.97,,0.93%
04/19/2010,272.96,276.02,276.02,272.42,,-1.11%
04/16/2010,276.02,279.48,279.48,275.16,,-1.24%
04/15/2010,279.48,279.69,279.69,278.34,,-0.07%
04/14/2010,279.69,277.08,280.55,277.08,,0.94%
04/13/2010,277.08,275.92,277.35,273.87,,0.42%
04/12/2010,275.92,275.85,278.18,275.5,,0.03%
04/09/2010,275.85,274.98,276.42,274.97,,0.32%
04/08/2010,274.98,277.31,277.31,274.53,,-0.84%
04/07/2010,277.31,277.31,277.31,277.31,,-0.33%
04/06/2010,278.23,278.23,278.23,278.23,,-0.35%
04/05/2010,279.22,279.22,279.22,279.22,,1.11%
04/01/2010,276.14,276.14,276.14,276.14,,1.13%
03/31/2010,273.06,273.06,273.06,273.06,,-0.14%
03/30/2010,273.44,273.44,273.44,273.44,,0.42%
03/29/2010,272.28,272.28,272.28,272.28,,1.96%
03/26/2010,267.04,267.58,268.83,266.35,,-0.20%
03/25/2010,267.58,269.19,269.9,267.48,,-0.60%
03/24/2010,269.19,271.41,271.41,268.11,,-0.82%
03/23/2010,271.41,271.99,272.58,270.72,,-0.21%
03/22/2010,271.99,272.33,272.84,268.6,,-0.13%
03/19/2010,272.33,275.38,275.38,270.86,,-1.11%
03/18/2010,275.38,275.99,276.26,274.23,,-0.22%
03/17/2010,275.99,273.24,276.06,273.24,,1.01%
03/16/2010,273.24,270.49,273.62,270.49,,1.02%
03/15/2010,270.49,273,273,269.54,,-0.92%
03/12/2010,273,273.08,274.95,271.83,,-0.03%
03/11/2010,273.08,274.31,274.31,272.68,,-0.45%
03/10/2010,274.31,274.47,276.64,272.66,,-0.06%
03/09/2010,274.47,276.39,276.39,273.64,,-0.69%
03/08/2010,276.39,276.62,277.37,274.78,,-0.08%
03/05/2010,276.62,274.49,277.72,274.49,,0.78%
03/04/2010,274.49,277.39,277.39,273.69,,-1.05%
03/03/2010,277.39,274.81,277.71,274.81,,0.94%
03/02/2010,274.81,272.4,275.95,272.4,,0.89%
03/01/2010,272.4,274.45,276.21,271.6,,-0.75%
02/26/2010,274.45,270.55,274.75,270.55,,1.44%
02/25/2010,270.55,274.42,274.42,268.79,,-1.40%
02/24/2010,274.39,274.39,274.39,274.39,,0.86%
02/23/2010,272.04,272.04,272.04,272.04,,-1.59%
02/22/2010,276.45,277.47,277.96,275.08,,-0.37%
02/19/2010,277.47,275.82,277.6,274.75,,1.45%
02/17/2010,273.51,274.44,274.56,272.37,,-0.34%
02/16/2010,274.44,274.44,275.06,274.44,,2.56%
02/12/2010,267.6,269.39,269.39,265.11,,-0.66%
02/11/2010,269.39,265.91,269.46,264.96,,1.31%
02/10/2010,265.91,264.8,266.57,262.24,,0.42%
02/09/2010,264.8,261.2,265.54,261.2,,1.38%
02/08/2010,261.2,258.23,262.14,258.23,,1.15%
02/05/2010,258.23,263.35,264.1,256.57,,-1.94%
02/04/2010,263.35,270.25,270.25,262.35,,-2.55%
02/03/2010,270.25,272.85,273.12,270.05,,-0.95%
02/02/2010,272.85,267.65,273.14,267.65,,1.94%
02/01/2010,267.65,265.25,267.85,265.12,,0.90%
01/29/2010,265.25,267.25,269.3,265.09,,-0.75%
01/28/2010,267.25,268.43,269.5,265.75,,-0.44%
01/27/2010,268.43,273.53,273.69,267.47,,-1.87%
01/26/2010,273.53,276.4,276.4,273.33,,-1.04%
01/25/2010,276.4,275.21,276.74,275.21,,0.43%
01/22/2010,275.21,277.16,277.16,274.73,,-0.70%
01/21/2010,277.16,279.13,280.63,276.36,,-0.71%
01/20/2010,279.13,282.89,282.89,278.27,,-1.33%
01/19/2010,282.89,281.49,283.41,281.06,,0.65%
01/15/2010,281.05,284.07,284.07,280.76,,-1.06%
01/14/2010,284.07,284.78,285.46,283.1,,-0.25%
01/13/2010,284.78,284.16,284.92,280.94,,0.22%
01/12/2010,284.16,289.02,289.02,283.11,,-1.68%
01/11/2010,289.02,290.4,292.66,288.78,,-0.47%
01/08/2010,290.39,290.16,291.01,289.53,,0.08%
01/07/2010,290.16,293.38,293.38,290.15,,-1.10%
01/06/2010,293.4,289.02,293.38,288.67,,1.52%
01/05/2010,289.02,288.97,290.1,288.53,,0.02%
01/04/2010,288.97,283.02,289.17,283.02,,2.11%
12/31/2009,283.01,283.26,285.37,282.84,,-0.09%
12/30/2009,283.26,283.36,284.8,282.81,,-0.03%
12/29/2009,283.35,284.07,284.99,282.31,,-0.25%
12/28/2009,284.07,280.55,284.08,280.55,,1.26%
12/24/2009,280.55,278.99,281.01,278.86,,0.56%
12/23/2009,278.99,274.53,278.99,274.53,,1.63%
12/22/2009,274.53,274.41,274.86,271.76,,0.04%
12/21/2009,274.41,275.77,277.4,273.9,,-0.49%
12/18/2009,275.77,275.77,277.67,274.05,,0.00%
12/17/2009,275.77,278.38,278.38,274.42,,-0.94%
12/16/2009,278.38,273.9,278.99,273.9,,1.64%
12/15/2009,273.9,273.15,275.21,272.54,,0.28%
12/14/2009,273.15,270.5,273.2,270.5,,0.98%
12/11/2009,270.5,269.16,270.84,267.71,,0.50%
12/10/2009,269.16,267.39,269.21,266.99,,0.66%
12/09/2009,267.39,271.53,273.02,267.39,,-1.52%
12/08/2009,271.53,273.81,273.81,271.2,,-0.83%
12/07/2009,273.81,273.5,274.05,271.07,,0.11%
12/04/2009,273.5,276.18,277.27,272.53,,-0.97%
12/03/2009,276.18,276.43,278.29,275.75,,-0.09%
12/02/2009,276.42,278.96,279.17,275.88,,-0.91%
12/01/2009,278.96,277.02,280.53,277.02,,0.70%
11/30/2009,277.02,272.72,278.04,270.23,,0.78%
11/27/2009,274.87,274.87,274.87,274.87,,-1.14%
11/25/2009,278.03,271.89,278.12,271.89,,2.26%
11/24/2009,271.89,274.58,274.86,271.22,,-0.98%
11/23/2009,274.57,274.2,279.06,274.2,,0.14%
11/20/2009,274.2,273.89,274.49,271.85,,0.11%
11/19/2009,273.89,277.15,277.15,272.54,,-1.17%
11/18/2009,277.15,276.87,279.75,276.85,,0.10%
11/17/2009,276.87,276.36,277.43,274.91,,0.18%
11/16/2009,276.36,268.75,276.82,268.75,,2.83%
11/13/2009,268.74,268.83,269.65,267.12,,-0.03%
11/12/2009,268.83,273.06,273.06,268.57,,-1.55%
11/11/2009,273.06,271.93,275.22,271.93,,0.42%
11/10/2009,271.93,273.71,274.48,270.48,,-0.65%
11/09/2009,273.71,269.07,274.17,269.07,,1.73%
11/06/2009,269.07,273.92,273.92,268.73,,-1.77%
11/05/2009,273.92,276.56,277.06,273.54,,-0.95%
11/04/2009,276.56,276.1,278.83,275.48,,0.16%
11/03/2009,276.1,273.12,276.34,270.46,,1.09%
11/02/2009,273.12,270,273.29,270,,1.16%
10/30/2009,270,275.78,275.78,269.82,,-2.10%
10/29/2009,275.78,270.01,276.48,269.93,,2.13%
10/28/2009,270.01,275.58,275.58,270.01,,-2.02%
10/27/2009,275.58,275.5,276.33,268.03,,0.03%
10/26/2009,275.49,279.94,281.4,275.49,,-1.59%
10/23/2009,279.94,282.14,282.31,279.94,,-0.78%
10/22/2009,282.14,283.69,283.69,281.43,,-0.55%
10/21/2009,283.69,277.73,284.78,276.95,,2.15%
10/20/2009,277.73,279.25,279.35,277.24,,-0.55%
10/19/2009,279.25,275.7,279.25,275.65,,1.29%
10/16/2009,275.7,273.33,275.7,271.82,,0.87%
10/15/2009,273.33,269.54,273.41,269.32,,1.41%
10/14/2009,269.54,267.66,269.87,267.66,,0.70%
10/13/2009,267.66,266.76,268.4,266.36,,0.34%
10/12/2009,266.76,262.17,266.85,261.59,,1.75%
10/09/2009,262.17,263.53,264.13,261.98,,-0.52%
10/08/2009,263.53,257.99,263.56,257.59,,2.15%
10/07/2009,257.99,259.1,259.62,257.99,,-0.43%
10/06/2009,259.09,255.85,260.06,255.82,,1.27%
10/05/2009,255.85,252.51,255.92,252.19,,0.27%
10/02/2009,255.18,255.18,255.18,255.18,,0.00%
10/01/2009,255.17,259.01,259.01,254.69,,-1.48%
09/30/2009,259.01,251.76,259.01,251.46,,2.88%
09/29/2009,251.76,251.56,251.93,250.67,,0.08%
09/28/2009,251.56,250.13,251.56,249.53,,0.57%
09/25/2009,250.13,250.88,251.69,249.64,,-0.30%
09/24/2009,250.88,256.14,256.14,250.07,,-2.05%
09/23/2009,256.14,258.76,258.86,255.68,,-1.01%
09/22/2009,258.76,253.93,258.76,253.93,,1.90%
09/21/2009,253.93,259.6,259.77,253.93,,-2.19%
09/18/2009,259.6,261.54,261.84,259.12,,-0.74%
09/17/2009,261.54,262.52,263.01,261.17,,-0.37%
09/16/2009,262.51,257.77,262.53,257.5,,1.84%
09/15/2009,257.77,252.29,257.93,252.14,,2.17%
09/14/2009,252.29,250.74,252.29,250.16,,0.62%
09/11/2009,250.74,254.79,255.93,250.74,,-1.59%
09/10/2009,254.79,252.83,254.79,252.14,,0.77%
09/09/2009,252.83,252.18,253.27,252.18,,0.26%
09/08/2009,252.18,247.33,252.18,247.08,,2.02%
09/04/2009,247.2,248.35,248.63,246.35,,-0.47%
09/03/2009,248.35,249.24,249.81,248.35,,-0.35%
09/02/2009,249.24,248.59,249.52,247.73,,0.26%
09/01/2009,248.58,253.28,255.13,248.58,,-1.85%
08/31/2009,253.28,257.4,257.42,251.5,,-1.60%
08/28/2009,257.4,256.12,258.52,256.12,,0.50%
08/27/2009,256.11,255.77,256.18,252.73,,0.14%
08/26/2009,255.77,256.95,257.09,254.87,,-0.46%
08/25/2009,256.95,260.8,261.61,256.95,,-1.48%
08/24/2009,260.8,258.83,260.8,258.81,,0.76%
08/21/2009,258.82,256.51,259.88,256.43,,0.90%
08/20/2009,256.51,259.52,260.06,256.51,,-1.16%
08/19/2009,259.52,255.5,259.52,254.68,,1.57%
08/18/2009,255.5,252.91,255.77,252.22,,1.02%
08/17/2009,252.91,257.33,257.33,252.69,,-1.72%
08/14/2009,257.32,264.71,264.83,257.32,,-2.79%
08/13/2009,264.71,264.38,265.77,264.37,,0.12%
08/12/2009,264.38,262.04,265.29,261.53,,0.89%
08/11/2009,262.04,264.13,264.32,262.04,,-0.79%
08/10/2009,264.13,263.91,265.39,263.91,,0.09%
08/07/2009,263.9,264.32,266.16,263.9,,-0.16%
08/06/2009,264.31,267.98,268.72,263.56,,-1.37%
08/05/2009,267.97,266.57,268.07,265.03,,0.53%
08/04/2009,266.57,265.82,266.57,264.95,,0.28%
08/03/2009,265.82,257.01,266.67,257.01,,3.43%
07/31/2009,257,252.7,257,251.48,,1.70%
07/30/2009,252.7,243.13,252.7,243.13,,3.94%
07/29/2009,243.12,249.77,249.77,242.81,,-2.66%
07/28/2009,249.77,252.05,252.51,249.45,,-0.90%
07/27/2009,252.05,251.47,252.37,250.35,,0.23%
07/24/2009,251.47,250.83,251.47,249.76,,0.26%
07/23/2009,250.82,246.44,251.18,246.44,,1.78%
07/22/2009,246.43,246.39,246.69,243.84,,0.02%
07/21/2009,246.39,247.63,250.41,245.34,,-0.50%
07/20/2009,247.63,244.61,247.72,244.61,,1.24%
07/17/2009,244.61,240.51,244.61,240.51,,1.70%
07/16/2009,240.51,239.28,240.51,238.55,,0.52%
07/15/2009,239.28,235.77,239.78,235.74,,1.49%
07/14/2009,235.77,233.18,236.13,233.18,,1.11%
07/13/2009,233.18,233.08,233.61,231.31,,0.04%
07/10/2009,233.08,234.1,234.1,231.76,,-0.44%
07/09/2009,234.1,230.78,234.1,230.75,,1.44%
07/08/2009,230.78,236.11,236.28,230.78,,-2.26%
07/07/2009,236.11,239.69,240.22,236.11,,-1.49%
07/06/2009,239.68,244.99,244.99,239.68,,-2.33%
07/02/2009,245.4,250.69,250.72,245.36,,-2.11%
07/01/2009,250.69,249.49,253.11,249.49,,0.48%
06/30/2009,249.49,253.82,254.57,248.98,,-1.71%
06/29/2009,253.82,250.84,254.43,250.84,,1.19%
06/26/2009,250.83,252.89,253.25,249.98,,-0.81%
06/25/2009,252.89,249.36,253.08,248.97,,1.42%
06/24/2009,249.36,249.31,250.79,249.24,,0.02%
06/23/2009,249.31,245.59,249.64,245.56,,1.52%
06/22/2009,245.59,252.3,252.3,245.59,,-2.66%
06/19/2009,252.3,256.35,256.35,252.3,,-1.58%
06/18/2009,256.35,256.31,257.13,255.46,,0.01%
06/17/2009,256.31,255.34,256.31,253.26,,0.38%
06/16/2009,255.34,255.87,256.88,255.01,,-0.20%
06/15/2009,255.87,261.73,261.73,254.65,,-2.24%
06/12/2009,261.73,265.64,265.64,261.73,,-1.47%
06/11/2009,265.64,260.35,265.64,260.35,,2.03%
06/10/2009,260.35,259.86,260.49,258.95,,0.19%
06/09/2009,259.86,255.41,259.87,255.41,,1.74%
06/08/2009,255.41,257.4,257.4,254.67,,-0.77%
06/05/2009,257.39,259.27,259.55,257.09,,-0.72%
06/04/2009,259.27,252.54,259.27,251.95,,2.67%
06/03/2009,252.54,259.68,260.16,252.54,,-2.75%
06/02/2009,259.68,260.28,260.38,259.27,,-0.23%
06/01/2009,260.28,252.54,260.28,252.54,,3.07%
05/29/2009,252.53,249.32,252.65,249.32,,1.29%
05/28/2009,249.32,245.95,249.51,245.65,,1.37%
05/27/2009,245.95,244.94,246.22,244.8,,0.41%
05/26/2009,244.94,243.6,244.94,240.82,,0.55%
05/22/2009,243.6,241.85,243.89,241.85,,0.72%
05/21/2009,241.85,244.33,244.33,239.89,,-1.01%
05/20/2009,244.33,240.95,244.53,240.65,,1.40%
05/19/2009,240.95,240.66,241.69,240.25,,0.12%
05/18/2009,240.66,235.74,240.66,235.54,,2.09%
05/15/2009,235.74,241.28,241.34,235.74,,-2.30%
05/14/2009,241.27,240.31,241.39,239.14,,0.40%
05/13/2009,240.31,243.06,243.06,240.31,,-1.13%
05/12/2009,243.06,242.08,244.18,242.08,,0.40%
05/11/2009,242.08,242.71,242.71,240.45,,-0.26%
05/08/2009,242.7,239.02,242.7,239.02,,1.54%
05/07/2009,239.02,236.96,240.1,236.96,,0.87%
05/06/2009,236.96,231.34,236.96,231.06,,2.43%
05/05/2009,231.34,231.88,232.26,231.34,,-0.23%
05/04/2009,231.88,228.54,231.88,228.32,,1.46%
05/01/2009,228.54,221.9,228.54,221.9,,2.99%
04/30/2009,221.9,220.68,222.01,219.89,,0.55%
04/29/2009,220.68,216.74,220.84,216.74,,1.82%
04/28/2009,216.74,217.71,217.77,215.74,,-0.45%
04/27/2009,217.71,222.37,222.37,217.7,,-2.09%
04/24/2009,222.37,219.06,222.77,219,,1.51%
04/23/2009,219.06,218.17,219.91,218.17,,0.40%
04/22/2009,218.17,217.82,218.17,216.57,,0.16%
04/21/2009,217.82,216.63,218.56,214.7,,0.55%
04/20/2009,216.63,225.35,225.35,216.6,,-3.87%
04/17/2009,225.34,224.57,225.44,224.27,,0.34%
04/16/2009,224.57,225.07,225.07,223.55,,-0.22%
04/15/2009,225.07,225.41,226.1,225.06,,-0.15%
04/14/2009,225.41,226.27,226.62,223.03,,-0.38%
04/13/2009,226.27,227.37,228.53,225.29,,-0.48%
04/09/2009,227.36,223.2,227.38,223.19,,1.87%
04/08/2009,223.2,222.39,224.09,220.89,,0.37%
04/07/2009,222.38,224.01,224.39,222.38,,-0.73%
04/06/2009,224.01,228.41,228.41,222.86,,-1.92%
04/03/2009,228.4,225.77,228.4,223.64,,1.17%
04/02/2009,225.76,217.3,225.76,217.3,,3.90%
04/01/2009,217.3,219.88,219.96,216.55,,-1.18%
03/31/2009,219.88,214.67,220.08,214.67,,2.43%
03/30/2009,214.67,221.74,221.77,214.66,,-3.19%
03/27/2009,221.73,227.14,227.14,221.73,,-2.38%
03/26/2009,227.14,225.79,228.63,225.79,,0.60%
03/25/2009,225.79,228.26,228.26,225.38,,-1.08%
03/24/2009,228.26,229,229.07,226.39,,-0.32%
03/23/2009,229,225.54,229,225.54,,1.53%
03/20/2009,225.54,224.75,226.15,223.89,,0.35%
03/19/2009,224.75,213.42,224.78,213.42,,5.31%
03/18/2009,213.42,215.93,216.67,213.13,,-1.16%
03/17/2009,215.93,213.38,216.06,212.33,,1.20%
03/16/2009,213.37,210.56,213.37,209.27,,1.34%
03/13/2009,210.56,211.29,213.17,210.56,,-0.35%
03/12/2009,211.29,203,211.29,202.97,,4.08%
03/11/2009,203,207.12,208.05,202.96,,-1.99%
03/10/2009,207.12,207.89,210.48,207.12,,-0.37%
03/09/2009,207.89,209.07,210.73,207.89,,-0.56%
03/06/2009,209.06,206.01,209.14,205.85,,1.48%
03/05/2009,206.01,210.92,210.92,206.01,,-2.33%
03/04/2009,210.92,203.16,210.92,203.15,,3.82%
03/03/2009,203.16,199.83,203.17,199.83,,1.66%
03/02/2009,199.83,211.03,211.03,199.83,,-5.30%
02/27/2009,211.02,212.8,212.8,208.69,,-0.83%
02/26/2009,212.8,207.76,212.8,207.65,,2.43%
02/25/2009,207.76,203.31,208.63,203.29,,2.19%
02/24/2009,203.3,199.88,203.3,199.64,,1.71%
02/23/2009,199.88,201.94,204.42,199.66,,-1.02%
02/20/2009,201.94,204.61,204.61,201.22,,-1.30%
02/19/2009,204.6,200.03,204.96,200.03,,2.29%
02/18/2009,200.02,202.72,202.72,199.86,,-1.33%
02/17/2009,202.72,212.3,212.3,202.72,,-4.63%
02/13/2009,212.57,213.97,214.24,212.57,,-0.65%
02/12/2009,213.97,215.53,217.69,213.32,,-0.73%
02/11/2009,215.53,217.66,218.38,215.53,,-0.98%
02/10/2009,217.65,223.3,224.73,217.65,,-2.53%
02/09/2009,223.3,223.75,226.22,223.17,,-0.20%
02/06/2009,223.74,220.73,223.96,220.67,,1.37%
02/05/2009,220.73,216.86,220.82,216.56,,1.78%
02/04/2009,216.86,216.27,217.96,216.05,,0.27%
02/03/2009,216.27,215.69,216.62,215.24,,0.27%
02/02/2009,215.69,219.76,219.76,215.69,,-1.85%
01/30/2009,219.75,219.44,222.43,219.19,,0.14%
01/29/2009,219.44,220.42,220.47,217.36,,-0.44%
01/28/2009,220.42,218.15,221.39,217.98,,1.04%
01/27/2009,218.15,226.53,226.53,218.13,,-3.70%
01/26/2009,226.53,225.16,230.62,225.16,,0.61%
01/23/2009,225.16,218.08,225.41,217.24,,3.25%
01/22/2009,218.08,219.33,219.86,215.74,,-0.57%
01/21/2009,219.33,215.27,219.39,214.71,,1.88%
01/20/2009,215.27,220.16,220.16,215.27,,-2.36%
01/16/2009,220.46,218.29,220.8,218.29,,0.99%
01/15/2009,218.29,218.58,218.82,216,,-0.13%
01/14/2009,218.58,221.56,222.23,217.31,,-1.34%
01/13/2009,221.56,219.92,222.06,211.78,,0.66%
01/12/2009,220.12,220.12,220.12,220.12,,-4.06%
01/09/2009,229.42,229.42,229.42,229.42,,0.58%
01/08/2009,228.09,230.83,230.84,227.15,,-1.19%
01/07/2009,230.83,242.08,242.29,230.83,,-4.65%
01/06/2009,242.08,236.64,243.61,236.64,,2.30%
01/05/2009,236.64,233.25,236.65,231.34,,1.46%
01/02/2009,233.24,233.24,233.24,233.24,,1.91%
12/31/2008,228.88,216.57,228.88,215.66,,5.68%
12/30/2008,216.57,217.04,217.31,214.41,,-0.22%
12/29/2008,217.04,214.66,217.54,214.31,,1.11%
12/26/2008,214.66,210.04,214.91,209.78,,2.20%
12/24/2008,210.04,214.58,214.62,209.72,,-2.12%
12/23/2008,214.58,214.72,214.99,213.52,,-0.07%
12/22/2008,214.72,218.24,218.93,214.64,,-1.61%
12/19/2008,218.24,219.44,219.46,217.95,,-0.55%
12/18/2008,219.44,224.46,224.52,219.44,,-2.24%
12/17/2008,224.46,225.66,228.59,224.46,,-0.53%
12/16/2008,225.66,225.04,228.48,224.99,,0.27%
12/15/2008,225.04,226.3,230.73,225.04,,-0.55%
12/12/2008,226.3,230.15,235.42,222.31,,-1.68%
12/11/2008,230.15,220.73,230.39,220.73,,4.27%
12/10/2008,220.73,215.02,221.86,215.02,,2.65%
12/09/2008,215.02,218.72,218.72,215.02,,-1.69%
12/08/2008,218.72,207.99,218.72,207.99,,5.16%
12/05/2008,207.99,217.36,217.36,207.97,,-4.31%
12/04/2008,217.36,225.78,225.81,217.36,,-3.73%
12/03/2008,225.78,228.2,228.2,225.56,,-1.06%
12/02/2008,228.2,232.67,233.72,228.2,,-1.92%
12/01/2008,232.67,244.22,244.22,232.67,,-4.73%
11/28/2008,244.22,244.9,245.38,240.28,,-0.34%
11/26/2008,245.05,237.33,245.26,237.27,,3.26%
11/25/2008,237.33,243.07,243.62,237.2,,-2.36%
11/24/2008,243.07,230.7,243.08,230.7,,5.36%
11/21/2008,230.7,229.67,233.2,229.5,,0.45%
11/20/2008,229.67,239.85,239.85,229.67,,-4.24%
11/19/2008,239.85,241.62,243.87,239.27,,-0.74%
11/18/2008,241.62,243.12,243.6,241.62,,-0.61%
11/17/2008,243.11,246.84,247.02,242.75,,-1.51%
11/14/2008,246.83,246.88,249.7,246.17,,-0.02%
11/13/2008,246.88,244.7,246.98,243.26,,0.89%
11/12/2008,244.69,251.31,251.31,244.69,,-2.63%
11/11/2008,251.31,260.47,260.47,251.31,,-3.52%
11/10/2008,260.47,256.06,263.73,256.06,,1.73%
11/07/2008,256.05,256.3,257.28,255.52,,-0.10%
11/06/2008,256.3,267.13,267.13,256.26,,-4.05%
11/05/2008,267.13,277.35,277.59,267.12,,-3.68%
11/04/2008,277.35,263.28,277.35,263.28,,5.35%
11/03/2008,263.27,267.55,267.86,262.92,,-1.59%
10/31/2008,267.53,265.68,267.53,262.25,,0.70%
10/30/2008,265.67,273.45,274.08,265.44,,-2.84%
10/29/2008,273.44,258.17,274.84,258.17,,5.92%
10/28/2008,258.16,257.33,261.85,257.33,,0.32%
10/27/2008,257.33,255.15,260.69,253.01,,0.87%
10/24/2008,255.12,263.6,263.6,254.94,,-3.22%
10/23/2008,263.59,265.22,267.66,262.77,,-0.61%
10/22/2008,265.21,277.72,277.72,265.21,,-4.50%
10/21/2008,277.71,282.27,282.27,275.64,,-1.61%
10/20/2008,282.26,281.13,284.1,280.45,,0.41%
10/17/2008,281.12,274.66,283.06,274.36,,2.35%
10/16/2008,274.66,282.02,282.02,272.96,,-2.61%
10/15/2008,282.01,295.34,295.34,282.01,,-4.51%
10/14/2008,295.34,297.61,304.14,295.34,,-0.76%
10/13/2008,297.61,288.82,297.7,288.82,,3.05%
10/10/2008,288.81,309.37,309.37,288.81,,-6.65%
10/09/2008,309.37,310.5,311.77,309.3,,-0.36%
10/08/2008,310.5,311.64,311.64,306.13,,-0.37%
10/07/2008,311.64,308.54,313.77,308.54,,1.00%
10/06/2008,308.54,325.28,325.28,308.54,,-5.14%
10/03/2008,325.25,327.15,329.47,325.23,,-0.58%
10/02/2008,327.14,341.9,341.9,327.14,,-4.31%
10/01/2008,341.89,344.18,344.7,339.09,,-0.66%
09/30/2008,344.17,341.86,344.28,341.15,,0.68%
09/29/2008,341.85,363.12,363.12,341.84,,-5.85%
09/26/2008,363.07,367.51,367.7,360.88,,-1.20%
09/25/2008,367.49,364.92,367.49,362.73,,0.71%
09/24/2008,364.91,365.89,370.89,364.91,,-0.26%
09/23/2008,365.87,371.87,371.87,364.93,,-1.61%
09/22/2008,371.85,358.05,371.9,358.05,,3.86%
09/19/2008,358.02,349.49,358.46,348.97,,2.44%
09/18/2008,349.48,350.68,358.88,347.88,,-0.34%
09/17/2008,350.67,339.67,350.67,339.67,,3.24%
09/16/2008,339.66,346.71,346.71,332.29,,-3.10%
09/15/2008,350.52,358.41,358.41,346.68,,-2.19%
09/12/2008,358.36,353.35,359.33,352.71,,1.42%
09/11/2008,353.33,356.61,356.9,353.22,,-0.91%
09/10/2008,356.59,359.2,359.67,356.25,,-0.72%
09/09/2008,359.18,365.41,365.41,358.64,,-1.70%
09/08/2008,365.4,365.94,369.82,364.18,,-0.13%
09/05/2008,365.89,372.7,373.06,365.31,,-1.82%
09/04/2008,372.69,374.79,375.46,369.77,,-0.56%
09/03/2008,374.77,376.64,377.02,369.96,,-0.49%
09/02/2008,376.63,389.45,389.45,372.82,,-3.34%
08/29/2008,389.65,391.28,396.03,389.65,,-0.41%
08/28/2008,391.26,398.89,401.13,389.16,,-1.91%
08/27/2008,398.87,396,402.42,396,,0.73%
08/26/2008,395.98,392.99,397.33,392.08,,0.77%
08/25/2008,392.97,392.65,394.26,391.39,,0.10%
08/22/2008,392.59,403.64,403.64,392.59,,-2.73%
08/21/2008,403.62,389.12,403.82,389.12,,3.73%
08/20/2008,389.1,386.3,389.59,384.75,,0.73%
08/19/2008,386.28,382.14,388.98,377.44,,1.09%
08/18/2008,382.12,380.08,384.65,379.75,,0.55%
08/15/2008,380.02,387.12,387.12,376.83,,-1.83%
08/14/2008,387.1,390.79,391.81,384.75,,-0.94%
08/13/2008,390.77,381.67,391.51,381.44,,2.39%
08/12/2008,381.65,382.77,385.06,380.8,,-0.29%
08/11/2008,382.75,385.03,386.07,381.83,,-0.58%
08/08/2008,384.97,397.02,397.02,384.97,,-3.03%
08/07/2008,397,394.72,398.42,394.72,,0.58%
08/06/2008,394.7,395.86,397.73,393.26,,-0.29%
08/05/2008,395.84,399.38,400.38,395.84,,-0.88%
08/04/2008,399.36,413.32,413.32,399.23,,-3.36%
08/01/2008,413.26,413.63,418.87,411.73,,-0.08%
07/31/2008,413.61,415.21,417.92,412.39,,-0.38%
07/30/2008,415.19,408.75,415.23,405.25,,1.58%
07/29/2008,408.73,410.95,411.13,405.2,,-0.54%
07/28/2008,410.93,409.41,414.5,407.78,,0.38%
07/25/2008,409.35,410.02,410.89,406.55,,-0.16%
07/24/2008,410.01,411.25,412.91,407.47,,-0.30%
07/23/2008,411.24,418.19,418.19,410.89,,-1.66%
07/22/2008,418.18,425.43,426.15,416.77,,-1.70%
07/21/2008,425.42,424.13,425.95,422.57,,0.32%
07/18/2008,424.07,429.46,430.61,423.48,,-1.25%
07/17/2008,429.44,441.33,443.98,429.38,,-2.69%
07/16/2008,441.31,446.99,446.99,439.37,,-1.09%
07/15/2008,446.17,446.17,446.17,446.17,,-2.01%
07/14/2008,455.31,458,458.73,454.81,,-0.57%
07/11/2008,457.93,455.43,462.58,455.43,,0.87%
07/10/2008,453.99,453.99,453.99,453.99,,1.76%
07/09/2008,446.15,444.6,448.1,443.56,,0.35%
07/08/2008,444.58,455.48,455.48,443.45,,-2.39%
07/07/2008,455.46,468.41,468.41,453.58,,-2.80%
07/03/2008,468.58,469.72,470.17,462.59,,-0.24%
07/02/2008,469.7,463.8,469.7,457.93,,1.28%
07/01/2008,463.77,458.98,465.02,458.98,,1.05%
06/30/2008,458.96,460.61,463.78,456.41,,-0.34%
06/27/2008,460.54,459.42,462.94,459.42,,0.25%
06/26/2008,459.39,448.36,459.53,448.36,,2.47%
06/25/2008,448.33,450.78,450.95,442.91,,-0.54%
06/24/2008,450.75,451.52,454.66,449.33,,-0.17%
06/23/2008,451.5,451.5,452.39,448.14,,0.02%
06/20/2008,451.42,445.23,452.7,444.39,,1.40%
06/19/2008,445.2,452.82,454.69,445.2,,-1.68%
06/18/2008,452.79,447.2,452.79,446.18,,1.26%
06/17/2008,447.18,445.78,447.18,442.52,,0.32%
06/16/2008,445.76,441.89,451.17,441.89,,0.89%
06/13/2008,441.83,441.19,443.91,439.04,,0.15%
06/12/2008,441.16,440.16,441.43,435.04,,0.23%
06/11/2008,440.14,428.55,440.38,428.34,,2.71%
06/10/2008,428.53,431.27,434.6,428.53,,-0.63%
06/09/2008,431.25,437.41,437.74,431.25,,-1.39%
06/06/2008,437.35,422.14,437.41,422.14,,3.61%
06/05/2008,422.12,412.8,422.12,412.32,,2.26%
06/04/2008,412.78,415.73,415.73,412.78,,-0.71%
06/03/2008,415.71,421.69,421.74,415.71,,-1.41%
06/02/2008,421.67,418.11,424.44,417.86,,0.87%
05/30/2008,418.04,413.79,418.98,413.61,,1.03%
05/29/2008,413.77,423.79,424.69,413.64,,-2.36%
05/28/2008,423.77,421.04,424.24,417.79,,0.65%
05/27/2008,421.02,426.79,427.53,421.02,,-1.33%
05/23/2008,426.7,424.42,428.29,423.23,,0.54%
05/22/2008,424.39,429.97,431.09,423.34,,-1.29%
05/21/2008,429.95,422.85,429.95,421.18,,1.68%
05/20/2008,422.83,418.86,423.95,418.35,,0.95%
05/19/2008,418.84,422.01,423.2,417.75,,-0.74%
05/16/2008,421.95,417.19,423.45,417.19,,1.15%
05/15/2008,417.17,417.55,419.76,414.92,,-0.09%
05/14/2008,417.53,420.25,423.51,417.41,,-0.64%
05/13/2008,420.23,420.28,420.48,416.46,,-0.01%
05/12/2008,420.26,422.9,426.23,420.26,,-0.61%
05/09/2008,422.85,417.51,423.44,417.51,,1.28%
05/08/2008,417.49,415.61,419.98,414.57,,0.46%
05/07/2008,415.59,413.97,415.6,411.08,,0.40%
05/06/2008,413.95,409.32,415.63,408.26,,1.14%
05/05/2008,409.3,403.64,409.3,403.37,,1.42%
05/02/2008,403.59,395.65,404,395.28,,2.01%
05/01/2008,395.63,404.7,405.15,392.38,,-2.24%
04/30/2008,404.69,407.01,410.13,404.54,,-0.57%
04/29/2008,406.99,414.65,414.65,406.13,,-1.84%
04/28/2008,414.63,413.09,415.91,413.06,,0.39%
04/25/2008,413.04,410.16,415.37,409.25,,0.71%
04/24/2008,410.15,417.07,417.07,408.82,,-1.66%
04/23/2008,417.06,417.27,417.27,413.22,,-0.05%
04/22/2008,417.25,410.82,418.03,410.82,,1.57%
04/21/2008,410.81,414.52,415.78,409,,-0.89%
04/18/2008,414.49,414.58,414.58,407.74,,-0.02%
04/17/2008,414.57,413.88,416.85,412.56,,0.17%
04/16/2008,413.87,410.51,414.91,410.24,,0.82%
04/15/2008,410.5,405.12,410.82,405.12,,1.33%
04/14/2008,405.11,402.67,405.11,401.86,,0.62%
04/11/2008,402.62,403.69,404.59,401.98,,-0.26%
04/10/2008,403.67,403.64,409.01,402.95,,0.01%
04/09/2008,403.62,394.3,405.11,393.76,,2.37%
04/08/2008,394.28,396.96,396.96,394.28,,-0.67%
04/07/2008,396.94,390.35,397.42,390.35,,1.70%
04/04/2008,390.3,386.17,390.4,386.17,,1.07%
04/03/2008,386.15,386.62,389.41,385.08,,-0.12%
04/02/2008,386.61,380.23,386.85,379.71,,1.68%
04/01/2008,380.21,382.15,383.97,375.76,,-0.50%
03/31/2008,382.13,389.69,391.71,380.67,,-1.93%
03/28/2008,389.65,395.35,395.35,388.54,,-1.44%
03/27/2008,395.34,392.75,396.58,390.31,,0.66%
03/26/2008,392.74,384.91,394.09,384.91,,2.04%
03/25/2008,384.9,378.73,385.3,378.73,,1.63%
03/24/2008,378.71,376.96,383.45,374.81,,0.48%
03/20/2008,376.91,383.39,383.39,372.68,,-1.69%
03/19/2008,383.38,399.64,400.85,383.38,,-4.07%
03/18/2008,399.63,392.11,399.63,391.05,,1.92%
03/17/2008,392.1,411.1,411.1,390.8,,-4.61%
03/14/2008,411.05,415.24,415.91,409.93,,-1.01%
03/13/2008,415.22,412.11,416.68,412.11,,0.76%
03/12/2008,412.1,410.08,412.1,407.73,,0.50%
03/11/2008,410.07,406.82,411.15,406.32,,0.80%
03/10/2008,406.8,406.3,407.85,400.69,,0.14%
03/07/2008,406.24,409.82,410,405.71,,-0.87%
03/06/2008,409.79,414.21,414.76,406.88,,-1.06%
03/05/2008,414.19,403.43,414.26,402.81,,2.67%
03/04/2008,403.41,411.19,414.29,403.07,,-1.89%
03/03/2008,411.17,407.25,414.05,407.07,,0.98%
02/29/2008,407.17,408,408.18,406.44,,-0.20%
02/28/2008,407.98,399.91,408.04,399.19,,2.02%
02/27/2008,399.88,399.93,401.96,398.44,,-0.01%
02/26/2008,399.91,395.76,400.05,394.35,,1.05%
02/25/2008,395.74,393.2,397.24,392,,0.67%
02/22/2008,393.12,391.17,393.65,390.41,,0.51%
02/21/2008,391.14,389.91,392.65,389.72,,0.32%
02/20/2008,389.89,389.69,390.69,386.58,,0.06%
02/19/2008,389.67,378.83,389.72,378.83,,2.90%
02/15/2008,378.7,378.87,382,377.53,,-0.04%
02/14/2008,378.85,371.49,378.95,371.49,,1.99%
02/13/2008,371.46,369.94,371.78,368.57,,0.42%
02/12/2008,369.92,372.49,372.73,369.58,,-0.68%
02/11/2008,372.47,370.18,372.52,369.05,,0.64%
02/08/2008,370.11,361.82,370.13,361.82,,2.30%
02/07/2008,361.79,358.7,361.79,357.88,,0.87%
02/06/2008,358.67,358.37,361.16,358.36,,0.09%
02/05/2008,358.34,362.33,362.33,357.55,,-1.09%
02/04/2008,362.31,358.86,362.99,357.99,,0.98%
02/01/2008,358.79,363.83,364.63,358.51,,-1.38%
01/31/2008,363.81,362.88,363.97,359.29,,0.26%
01/30/2008,362.85,361.55,362.98,361.41,,0.37%
01/29/2008,361.53,358.54,362.1,358.46,,0.84%
01/28/2008,358.51,356.04,358.62,354.3,,0.72%
01/25/2008,355.97,351.76,356.46,351.76,,1.20%
01/24/2008,351.73,343.76,351.76,343.76,,2.33%
01/23/2008,343.73,351.17,351.23,343.53,,-2.11%
01/22/2008,351.14,354.64,354.64,347.61,,-1.09%
01/18/2008,355.02,355.55,357.79,354.04,,-0.14%
01/17/2008,355.52,355.37,358.4,355.21,,0.05%
01/16/2008,355.34,359.58,359.58,352.4,,-1.17%
01/15/2008,359.55,364.12,364.22,358.52,,-1.25%
01/14/2008,364.08,359.1,364.82,359.1,,1.42%
01/11/2008,359,357.76,359.93,356.6,,0.36%
01/10/2008,357.73,360.38,360.47,356.7,,-0.73%
01/09/2008,360.35,361.92,363.25,360.01,,-0.43%
01/08/2008,361.88,356.13,363.11,356.13,,1.62%
01/07/2008,356.1,359.94,360.32,355.67,,-1.04%
01/04/2008,359.84,362.18,362.53,358.34,,-0.64%
01/03/2008,362.15,360.43,362.67,360.36,,0.49%
01/02/2008,360.4,352.39,360.48,352.39,,2.29%
12/31/2007,352.33,352.12,353.27,350.82,,0.08%
12/28/2007,352.03,353.28,355.41,351.88,,-0.34%
12/27/2007,353.25,351.83,354.35,351.43,,0.41%
12/26/2007,351.79,348.27,352.28,348.13,,1.03%
12/24/2007,348.21,347.7,348.69,346.4,,0.17%
12/21/2007,347.61,343.1,348.4,343.1,,1.32%
12/20/2007,343.08,343.62,345.08,342.22,,-0.15%
12/19/2007,343.59,340.52,344.76,340.49,,0.91%
12/18/2007,340.49,341.41,344.24,339.42,,-0.26%
12/17/2007,341.38,341.98,341.98,339.66,,-0.15%
12/14/2007,341.89,342.83,342.83,340.42,,-0.26%
12/13/2007,342.8,347.23,347.31,342.54,,-1.27%
12/12/2007,347.21,340.1,347.21,339.28,,2.10%
12/11/2007,340.07,336.76,340.49,336.48,,0.99%
12/10/2007,336.73,336.21,339.06,336.14,,0.18%
12/07/2007,336.12,336.32,337.04,334.23,,-0.05%
12/06/2007,336.29,332.75,336.29,331.03,,1.07%
12/05/2007,332.73,333.28,335.47,332.72,,-0.16%
12/04/2007,333.25,333.1,333.4,331.7,,0.06%
12/03/2007,333.07,332.99,333.15,330.6,,0.05%
11/30/2007,332.91,336.57,337.39,332.79,,-1.08%
11/29/2007,336.54,336.73,339.89,335.68,,-0.05%
11/28/2007,336.7,340.61,342.17,336.59,,-1.14%
11/27/2007,340.58,343.81,343.81,338.92,,-1.58%
11/26/2007,346.03,344.68,345.19,342.64,,-0.23%
11/23/2007,346.84,343.18,346.95,343.18,,1.01%
11/21/2007,343.37,345.08,345.42,343.01,,-0.49%
11/20/2007,345.05,339.51,345.07,339.51,,1.64%
11/19/2007,339.48,341.95,345.47,338.83,,-0.70%
11/16/2007,341.85,338.97,342.41,338.96,,0.86%
11/15/2007,338.94,343.8,343.8,337.61,,-1.41%
11/14/2007,343.77,337.97,345.75,337.83,,1.73%
11/13/2007,337.93,341.83,342,337.84,,-1.13%
11/12/2007,341.8,346.72,346.72,340.54,,-1.39%
11/09/2007,346.61,345.94,346.63,344.79,,0.21%
11/08/2007,345.9,346.44,348.5,345.9,,-0.14%
11/07/2007,346.4,347.6,350.95,344.84,,-0.34%
11/06/2007,347.57,341.84,347.76,341.75,,1.69%
11/05/2007,341.81,345.53,345.53,341.77,,-1.04%
11/02/2007,345.42,341.13,345.56,340.71,,1.27%
11/01/2007,341.1,342.87,343.12,339.3,,-0.51%
10/31/2007,342.83,336.18,343.34,336.03,,1.99%
10/30/2007,336.14,341.26,341.46,336.14,,-1.49%
10/29/2007,341.22,337.74,341.57,337.54,,1.06%
10/26/2007,337.63,334.17,337.86,334.17,,1.05%
10/25/2007,334.13,328.09,334.13,328.05,,1.85%
10/24/2007,328.05,327.28,328.82,322.25,,0.25%
10/23/2007,327.25,328.23,329.07,326.73,,-0.29%
10/22/2007,328.19,331.87,331.87,326.6,,-1.07%
10/19/2007,331.75,333.77,334.2,330.37,,-0.59%
10/18/2007,333.73,330.45,333.75,329.89,,1.01%
10/17/2007,330.41,330.91,331.84,329.65,,-0.14%
10/16/2007,330.87,329.72,330.87,329.28,,0.36%
10/15/2007,329.68,325.15,329.72,324.91,,1.43%
10/12/2007,325.04,324.17,325.42,323.28,,0.28%
10/11/2007,324.13,320.95,324.65,320.95,,1.00%
10/10/2007,320.91,317.55,320.91,317.55,,1.07%
10/09/2007,317.52,315.08,318.5,314.89,,0.78%
10/08/2007,315.05,320.72,320.72,315.02,,-1.74%
10/05/2007,320.62,321.62,321.62,319.66,,-0.30%
10/04/2007,321.58,319.63,321.81,317.81,,0.62%
10/03/2007,319.6,319.97,320.81,318.46,,-0.11%
10/02/2007,319.94,323.55,323.55,318.7,,-1.11%
10/01/2007,323.51,324.82,325.94,323.02,,-0.37%
09/28/2007,324.72,327.68,329.14,324.66,,-0.89%
09/27/2007,327.65,322.98,327.65,322.93,,1.45%
09/26/2007,322.95,322.73,323.82,320.33,,0.08%
09/25/2007,322.69,324.69,324.77,322.13,,-0.60%
09/24/2007,324.66,324.08,325.35,323.69,,0.21%
09/21/2007,323.97,324.13,325.37,322.73,,-0.04%
09/20/2007,324.1,320.45,324.14,320.45,,1.15%
09/19/2007,320.41,317.71,320.46,317.14,,0.86%
09/18/2007,317.67,315.81,317.67,314.32,,0.60%
09/17/2007,315.77,311.93,315.78,311.93,,1.26%
09/14/2007,311.83,311.25,313.92,311.05,,0.20%
09/13/2007,311.21,312.06,312.11,310.17,,-0.26%
09/12/2007,312.03,307.93,312.03,307.32,,1.34%
09/11/2007,307.9,305.77,307.95,305.44,,0.71%
09/10/2007,305.74,303.35,305.81,302.61,,0.82%
09/07/2007,303.24,302.69,303.29,301.52,,0.19%
09/06/2007,302.65,301.85,304.48,301.79,,0.28%
09/05/2007,301.81,302.04,302.04,300.8,,-0.08%
09/04/2007,302.04,299.21,302.19,297.93,,0.84%
08/31/2007,299.52,298.02,301.1,298.02,,0.52%
08/30/2007,297.98,297.61,298.99,296.81,,0.14%
08/29/2007,297.57,295.25,297.76,295.25,,0.80%
08/28/2007,295.21,296.33,296.33,294.66,,-0.36%
08/27/2007,296.29,296.34,297.01,293.34,,0.01%
08/24/2007,296.27,293.81,296.69,293.65,,0.84%
08/23/2007,293.79,291.39,294.71,291.39,,0.83%
08/22/2007,291.36,290.54,291.92,290.2,,0.29%
08/21/2007,290.51,292.66,293.1,289.78,,-0.73%
08/20/2007,292.64,296.67,297.66,291.46,,-1.32%
08/17/2007,296.55,291.83,296.71,291.83,,1.63%
08/16/2007,291.79,302.07,302.07,289.77,,-3.39%
08/15/2007,302.03,301.43,304.33,300.53,,0.21%
08/14/2007,301.39,301.68,302.54,300.02,,-0.08%
08/13/2007,301.64,301.01,304.83,301.01,,0.25%
08/10/2007,300.89,301.01,301.25,298.28,,-0.03%
08/09/2007,300.97,302.92,302.92,299.63,,-0.63%
08/08/2007,302.88,302.59,304.4,301.94,,0.11%
08/07/2007,302.55,302.1,302.61,301.27,,0.16%
08/06/2007,302.06,307.75,307.75,302.06,,-1.81%
08/03/2007,307.63,309.57,310.83,307.47,,-0.61%
08/02/2007,309.53,309.23,310.77,309.1,,0.11%
08/01/2007,309.18,313.27,313.47,308.54,,-1.29%
07/31/2007,313.23,310.23,313.33,310.21,,0.98%
07/30/2007,310.19,308.85,310.43,308.45,,0.47%
07/27/2007,308.72,305.88,308.79,304.37,,0.94%
07/26/2007,305.84,308.22,311.07,305.33,,-0.76%
07/25/2007,308.17,306.98,308.22,305.23,,0.40%
07/24/2007,306.93,308.1,308.35,305.43,,-0.36%
07/23/2007,308.05,313.22,313.22,307.7,,-1.61%
07/20/2007,313.09,314.59,315.41,312.42,,-0.46%
07/19/2007,314.55,312.24,314.59,312.21,,0.75%
07/18/2007,312.2,307.36,312.25,307.2,,1.59%
07/17/2007,307.32,309.29,311.3,307.11,,-0.63%
07/16/2007,309.25,313.55,313.55,309.25,,-1.33%
07/13/2007,313.43,311.36,313.57,311.33,,0.68%
07/12/2007,311.32,311.24,312.76,310.73,,0.04%
07/11/2007,311.2,311.36,312.52,311.14,,-0.04%
07/10/2007,311.32,309.58,311.4,309,,0.58%
07/09/2007,309.53,309.18,310.46,309.04,,0.15%
07/06/2007,309.06,306.8,309.11,306.59,,0.75%
07/05/2007,306.76,305.2,307.5,305.2,,0.62%
07/03/2007,304.86,304.93,305.23,304.08,,-0.01%
07/02/2007,304.89,303.96,305.16,301.79,,0.34%
06/29/2007,303.84,300.97,305.28,300.97,,0.97%
06/28/2007,300.93,300.49,303,300.46,,0.16%
06/27/2007,300.45,298.94,300.88,297.52,,0.52%
06/26/2007,298.9,301.32,301.65,298.83,,-0.79%
06/25/2007,301.28,302.73,302.88,299.21,,-0.44%
06/22/2007,302.61,303.96,304.86,301.97,,-0.43%
06/21/2007,303.92,305.35,306.99,303.6,,-0.46%
06/20/2007,305.31,305.49,306.75,303.3,,-0.04%
06/19/2007,305.45,308.41,308.41,305.43,,-0.95%
06/18/2007,308.37,306.83,308.8,306.73,,0.54%
06/15/2007,306.71,304.07,307.06,304.05,,0.88%
06/14/2007,304.03,299.36,304.24,299.22,,1.57%
06/13/2007,299.32,297.43,299.56,296.33,,0.65%
06/12/2007,297.39,299.64,299.74,296.63,,-0.74%
06/11/2007,299.6,295.24,300.25,295.16,,1.52%
06/08/2007,295.12,301.28,301.36,295.06,,-2.03%
06/07/2007,301.24,300.98,302.57,300.35,,0.10%
06/06/2007,300.94,301.88,302,300.1,,-0.30%
06/05/2007,301.84,302.72,303.14,301.21,,-0.27%
06/04/2007,302.65,301.31,303.62,300.78,,0.49%
06/01/2007,301.18,299.24,301.62,299,,0.87%
05/31/2007,298.59,296.48,298.69,295.69,,0.73%
05/30/2007,296.44,294.73,296.67,294.09,,0.59%
05/29/2007,294.69,300.09,300.09,294.08,,-1.75%
05/25/2007,299.93,296.42,299.98,296.42,,1.20%
05/24/2007,296.38,298.47,299.46,295.91,,-0.69%
05/23/2007,298.43,298.24,299.74,297.76,,0.08%
05/22/2007,298.2,303.06,303.29,298.05,,-1.59%
05/21/2007,303.02,299.84,303.28,293.93,,1.10%
05/18/2007,299.72,299.7,300.98,299.37,,0.02%
05/17/2007,299.66,296.75,299.77,296.16,,0.99%
05/16/2007,296.71,297.06,297.12,295.17,,-0.10%
05/15/2007,297.02,295.68,297.25,294.44,,0.47%
05/14/2007,295.64,297.6,298.03,295.48,,-0.62%
05/11/2007,297.49,294.34,297.53,294.18,,1.08%
05/10/2007,294.3,295.11,295.81,293.69,,-0.26%
05/09/2007,295.08,295.28,295.88,293.51,,-0.06%
05/08/2007,295.24,295.26,295.75,293.64,,0.01%
05/07/2007,295.22,297.44,297.45,294.53,,-0.71%
05/04/2007,297.32,297.83,299.71,296.92,,-0.16%
05/03/2007,297.79,296.58,298.37,295.39,,0.42%
05/02/2007,296.54,297.56,297.7,295.33,,-0.33%
05/01/2007,297.52,298.6,299.61,297.21,,-0.35%
04/30/2007,298.56,299.98,300.44,298.41,,-0.43%
04/27/2007,299.86,296.8,300.24,296.27,,1.05%
04/26/2007,296.76,300.28,301.27,296.58,,-1.16%
04/25/2007,300.24,296.57,300.36,296.45,,1.25%
04/24/2007,296.53,300,300.26,295.76,,-1.14%
04/23/2007,299.96,297.64,300.01,296.76,,0.82%
04/20/2007,297.52,295.93,297.66,295.47,,0.55%
04/19/2007,295.89,298.17,298.17,295.3,,-0.75%
04/18/2007,298.13,298.54,299.77,296.42,,-0.12%
04/17/2007,298.5,299.98,301.77,298.44,,-0.48%
04/16/2007,299.94,302.96,303.69,299.58,,-0.96%
04/13/2007,302.84,302.31,303.97,302.19,,0.19%
04/12/2007,302.27,301.51,302.65,300.56,,0.27%
04/11/2007,301.47,301.34,305.02,300.82,,0.06%
04/10/2007,301.3,299.49,302.04,299.49,,0.62%
04/09/2007,299.45,302.36,303.47,299.38,,-0.91%
04/05/2007,302.19,301.36,302.38,301.28,,0.29%
04/04/2007,301.32,298.53,301.41,297.26,,0.95%
04/03/2007,298.48,299.71,300.54,297.26,,-0.40%
04/02/2007,299.67,301.39,301.39,297.8,,-0.53%
03/30/2007,301.27,302.07,303.14,300.41,,-0.25%
03/29/2007,302.03,298.84,302.77,298.36,,1.08%
03/28/2007,298.8,296.41,300.58,296.41,,0.82%
03/27/2007,296.36,296.76,296.76,295.23,,-0.12%
03/26/2007,296.71,295.45,297.57,295.34,,0.47%
03/23/2007,295.33,295.31,297.04,295.07,,0.02%
03/22/2007,295.27,290.92,295.44,290.9,,1.51%
03/21/2007,290.88,289.58,291.45,289.58,,0.46%
03/20/2007,289.54,289.18,291.68,289.18,,0.14%
03/19/2007,289.14,289,290.08,288.37,,0.09%
03/16/2007,288.88,288.56,290.95,287.66,,0.12%
03/15/2007,288.52,288.48,290.23,288.4,,0.03%
03/14/2007,288.44,288.87,288.95,286.2,,-0.14%
03/13/2007,288.83,290.57,292.87,288.67,,-0.58%
03/12/2007,290.53,292.15,292.28,289.35,,-0.51%
03/09/2007,292.03,295.32,295.54,291.98,,-1.10%
03/08/2007,295.27,294.47,295.77,294.23,,0.29%
03/07/2007,294.42,290.85,294.78,290.81,,1.24%
03/06/2007,290.81,288.82,290.88,288.78,,0.70%
03/05/2007,288.78,293.81,293.81,288.04,,-1.67%
03/02/2007,293.68,295.7,296.53,293.42,,-0.67%
03/01/2007,295.66,295.8,296.95,294.1,,-0.03%
02/28/2007,295.76,296.59,296.59,292.99,,-0.27%
02/27/2007,296.55,298.29,298.59,295.22,,-0.57%
02/26/2007,298.25,297.8,299.38,296.89,,0.19%
02/23/2007,297.67,295.99,298.04,295.75,,0.58%
02/22/2007,295.95,291.7,296.36,291.64,,1.47%
02/21/2007,291.66,287.03,292.6,286.35,,1.63%
02/20/2007,286.99,289.98,290.02,284.98,,-1.00%
02/16/2007,289.89,287.14,289.95,286.68,,0.97%
02/15/2007,287.1,285.33,287.16,284.1,,0.63%
02/14/2007,285.29,287.71,287.88,284.29,,-0.83%
02/13/2007,287.67,283.14,288,283.14,,1.61%
02/12/2007,283.1,288.29,288.29,282.52,,-1.76%
02/09/2007,288.17,286.53,301.61,286.39,,0.59%
02/08/2007,286.49,282.17,286.65,281.75,,1.55%
02/07/2007,282.13,284.21,285.96,281.41,,-0.72%
02/06/2007,284.17,284.28,287,283.84,,-0.03%
02/05/2007,284.24,284.37,286.71,283.95,,0.00%
02/02/2007,284.25,282.34,284.3,280.55,,0.72%
02/01/2007,282.22,284.11,285.44,281.85,,-0.65%
01/31/2007,284.07,281.32,284.64,279.5,,0.99%
01/30/2007,281.28,274.32,281.35,274.22,,2.55%
01/29/2007,274.28,278.94,278.94,274.02,,-1.63%
01/26/2007,278.82,276.59,278.89,275.64,,0.82%
01/25/2007,276.55,279,280.3,276.51,,-0.86%
01/24/2007,278.96,279.86,280.13,275.91,,-0.31%
01/23/2007,279.82,273.17,279.82,273.17,,2.45%
01/22/2007,273.13,273.6,276.59,272.07,,-0.13%
01/19/2007,273.48,269.16,273.6,269.16,,1.62%
01/18/2007,269.12,272.14,272.48,268.16,,-1.10%
01/17/2007,272.1,270.33,272.24,268.76,,0.67%
01/16/2007,270.29,273.53,273.53,269.37,,-1.12%
01/12/2007,273.35,269.06,273.43,268.46,,1.61%
01/11/2007,269.02,272.1,273.65,268.75,,-1.12%
01/10/2007,272.06,272.23,272.72,270.03,,-0.05%
01/09/2007,272.19,273.35,273.4,269.54,,-0.41%
01/08/2007,273.31,273.66,276.2,272.14,,-0.09%
01/05/2007,273.54,274.96,275.11,271.64,,-0.50%
01/04/2007,274.92,280.45,280.45,274.89,,-1.96%
01/03/2007,280.41,288.47,288.89,280.1,,-2.79%
12/29/2006,288.44,287.93,288.51,286.51,,0.19%
12/28/2006,287.89,287.26,289.23,287.02,,0.23%
12/27/2006,287.22,287.6,288.56,286.53,,-0.12%
12/26/2006,287.56,289.83,290.38,286.74,,-0.73%
12/22/2006,289.67,289.9,289.92,289.01,,-0.07%
12/21/2006,289.86,291.65,291.76,289.08,,-0.60%
12/20/2006,291.61,292.97,293.14,291.44,,-0.45%
12/19/2006,292.93,290.98,293.39,290.23,,0.68%
12/18/2006,290.95,293.71,294.33,290.83,,-0.90%
12/15/2006,293.59,294.59,294.8,292.19,,-0.32%
12/14/2006,294.55,291.88,295.18,291.88,,0.93%
12/13/2006,291.84,291.17,292.4,290.45,,0.24%
12/12/2006,291.13,292.3,293.66,290.21,,-0.39%
12/11/2006,292.26,292.54,293.23,290.55,,-0.06%
12/08/2006,292.42,293.08,295.77,292.33,,-0.21%
12/07/2006,293.04,293.02,293.25,291.41,,0.02%
12/06/2006,292.98,296.13,296.13,292.8,,-1.05%
12/05/2006,296.09,295.11,297.28,293.37,,0.34%
12/04/2006,295.07,300.54,300.56,295.02,,-1.78%
12/01/2006,300.42,300.7,300.72,298.03,,-0.08%
11/30/2006,300.66,297.51,301.62,297.51,,1.07%
11/29/2006,297.47,294.48,297.67,293.99,,1.03%
11/28/2006,294.44,292.61,294.59,292.33,,0.64%
11/27/2006,292.57,288.97,293.2,288.97,,1.29%
11/24/2006,288.85,287.68,288.85,288.85,,0.50%
11/22/2006,287.43,289.86,290.37,286.36,,-0.82%
11/21/2006,289.82,286.06,290.12,286.05,,1.33%
11/20/2006,286.02,285.54,286.46,284.64,,0.21%
11/17/2006,285.42,284.55,285.54,282.78,,0.32%
11/16/2006,284.51,290.11,291.89,284.46,,-1.92%
11/15/2006,290.07,287.81,290.95,287.32,,0.80%
11/14/2006,287.77,287.4,288.98,287.06,,0.14%
11/13/2006,287.36,289.88,289.88,286.82,,-0.83%
11/10/2006,289.76,296.47,296.47,289.51,,-2.25%
11/09/2006,296.43,292.05,296.73,292.05,,1.51%
11/08/2006,292.01,290.16,293.23,289.51,,0.65%
11/07/2006,290.12,290.56,291.67,289.39,,-0.14%
11/06/2006,290.52,288.83,291.03,288.42,,0.63%
11/03/2006,288.71,286.6,289.06,286.28,,0.75%
11/02/2006,286.56,285.36,288.97,284.26,,0.43%
11/01/2006,285.32,284.87,286.26,283.17,,0.17%
10/31/2006,284.83,285.15,285.23,281.82,,-0.10%
10/30/2006,285.11,290.84,290.93,285.11,,-1.93%
10/27/2006,290.72,290.17,291.57,289.23,,0.21%
10/26/2006,290.13,291.05,292.61,289.84,,-0.30%
10/25/2006,291.01,286.15,291.54,285.8,,1.71%
10/24/2006,286.11,284.77,286.95,283.7,,0.48%
10/23/2006,284.73,284.39,284.77,282.36,,0.16%
10/20/2006,284.27,286.35,286.41,283.66,,-0.71%
10/19/2006,286.31,283.1,286.88,283.03,,1.15%
10/18/2006,283.06,286.45,286.74,282.66,,-1.17%
10/17/2006,286.41,286.77,288.69,285.73,,-0.11%
10/16/2006,286.73,281.93,286.77,281.93,,1.74%
10/13/2006,281.82,278.42,283.12,278.42,,1.24%
10/12/2006,278.38,276.69,279.39,275.84,,0.66%
10/11/2006,276.56,278.03,279.4,276.3,,-0.52%
10/10/2006,278,281.86,281.89,277.16,,-1.36%
10/09/2006,281.82,278.71,283.95,278.63,,1.16%
10/06/2006,278.6,278.95,279.11,276.48,,-0.11%
10/05/2006,278.92,275.74,279.34,275.74,,1.17%
10/04/2006,275.7,273.82,276.11,271.67,,0.70%
10/03/2006,273.78,279.56,279.58,273.56,,-2.05%
10/02/2006,279.52,283.44,283.7,279.41,,-1.34%
09/29/2006,283.32,282.91,283.58,280.64,,0.16%
09/28/2006,282.87,282.12,283.92,281,,0.28%
09/27/2006,282.08,279.66,282.26,278.03,,0.88%
09/26/2006,279.62,278.69,281.33,278.12,,0.35%
09/25/2006,278.65,278.8,280.03,275.34,,-0.01%
09/22/2006,278.69,281.92,282.33,278.22,,-1.13%
09/21/2006,281.88,278.47,281.91,278.16,,1.24%
09/20/2006,278.43,280.63,280.77,278.35,,-0.77%
09/19/2006,280.59,285.32,286.29,280.47,,-1.64%
09/18/2006,285.28,283.59,286.6,282.42,,0.64%
09/15/2006,283.47,284.15,284.15,281.92,,-0.22%
09/14/2006,284.11,288.02,288.25,283.62,,-1.34%
09/13/2006,287.98,287.45,289.18,286.91,,0.20%
09/12/2006,287.42,290.22,291.53,287.21,,-0.95%
09/11/2006,290.18,296.33,296.42,290.02,,-2.04%
09/08/2006,296.21,299.19,299.19,296.12,,-0.98%
09/07/2006,299.15,300.83,300.92,298.42,,-0.55%
09/06/2006,300.79,302.27,303.02,300.73,,-0.48%
09/05/2006,302.23,300.61,302.84,300.4,,0.55%
09/01/2006,300.57,303.9,304.06,300.52,,-1.08%
08/31/2006,303.86,302.08,303.94,301.39,,0.60%
08/30/2006,302.04,303.29,303.95,299.73,,-0.40%
08/29/2006,303.24,304.39,304.52,300.96,,-0.36%
08/28/2006,304.35,310.41,310.41,303.66,,-1.91%
08/25/2006,310.28,310.15,313.44,310.01,,0.06%
08/24/2006,310.11,308.81,310.22,308.69,,0.43%
08/23/2006,308.77,310.58,311.37,307.53,,-0.57%
08/22/2006,310.53,309.45,310.84,308.38,,0.36%
08/21/2006,309.41,306.48,309.47,306.48,,1.00%
08/18/2006,306.35,305.77,307.39,304.87,,0.20%
08/17/2006,305.73,311.11,311.15,305.56,,-1.72%
08/16/2006,311.07,312.2,313.63,310.48,,-0.35%
08/15/2006,312.15,312.21,312.84,311.41,,0.00%
08/14/2006,312.16,317.42,317.42,310.93,,-1.62%
08/11/2006,317.29,320.52,320.81,316.42,,-0.99%
08/10/2006,320.47,325.69,325.69,320.21,,-1.59%
08/09/2006,325.64,322.92,327.59,322.92,,0.86%
08/08/2006,322.87,323.99,324.45,322.19,,-0.33%
08/07/2006,323.94,322.2,324.94,322.02,,0.58%
08/04/2006,322.06,321.96,323.53,320.9,,0.05%
08/03/2006,321.91,325.37,326.11,321.66,,-1.05%
08/02/2006,325.32,321.52,327.68,321.46,,1.20%
08/01/2006,321.47,321.73,323.73,321.17,,-0.06%
07/31/2006,321.68,316.16,322.01,316.13,,1.79%
07/28/2006,316.03,316.54,317.24,314.63,,-0.15%
07/27/2006,316.5,314.26,317.67,314.26,,0.73%
07/26/2006,314.22,313.11,315.69,312.52,,0.37%
07/25/2006,313.07,314.87,316.11,312.74,,-0.56%
07/24/2006,314.83,311.98,315.23,310.14,,0.95%
07/21/2006,311.85,312.68,313.52,310,,-0.25%
07/20/2006,312.64,314.84,321.28,312.26,,-0.68%
07/19/2006,314.79,313.82,315,311.53,,0.32%
07/18/2006,313.78,318.79,320.26,313.56,,-1.56%
07/17/2006,318.74,327.83,327.83,318.64,,-2.73%
07/14/2006,327.7,326.5,328.77,326.5,,0.38%
07/13/2006,326.46,323.44,326.76,323.15,,0.95%
07/12/2006,323.39,321.25,323.81,320.28,,0.68%
07/11/2006,321.2,317.9,321.84,317.77,,1.05%
07/10/2006,317.85,319.11,319.17,316.97,,-0.35%
07/07/2006,318.98,323.39,323.5,318.57,,-1.35%
07/06/2006,323.35,320.6,324.17,319.86,,0.87%
07/05/2006,320.55,318.99,321.13,318.77,,0.52%
07/03/2006,318.88,317.28,318.99,317.28,,0.54%
06/30/2006,317.15,313.41,317.36,313.41,,1.21%
06/29/2006,313.37,309.61,314.06,309.61,,1.23%
06/28/2006,309.57,308.54,310.51,308.48,,0.35%
06/27/2006,308.49,308.77,310.78,307.91,,-0.07%
06/26/2006,308.72,306.59,309.34,305.04,,0.74%
06/23/2006,306.47,307.49,307.63,306.31,,-0.32%
06/22/2006,307.45,307.99,308.79,306.99,,-0.16%
06/21/2006,307.95,304.61,308.81,304.19,,1.11%
06/20/2006,304.57,305,306.01,304.26,,-0.13%
06/19/2006,304.96,310.13,310.22,304.58,,-1.63%
06/16/2006,310,308.48,310.11,307.3,,0.51%
06/15/2006,308.44,303.39,309.43,303.39,,1.68%
06/14/2006,303.35,301.7,305.23,301.62,,0.56%
06/13/2006,301.66,309.12,309.12,301.11,,-2.40%
06/12/2006,309.08,310.63,311.83,308.79,,-0.46%
06/09/2006,310.51,309.73,312.59,309.73,,0.27%
06/08/2006,309.69,313.33,313.33,307.99,,-1.15%
06/07/2006,313.29,314.71,314.73,310.57,,-0.44%
06/06/2006,314.67,318.31,318.36,313.15,,-1.13%
06/05/2006,318.27,319.44,321.25,317.76,,-0.33%
06/02/2006,319.31,312.99,320.02,312.99,,2.03%
06/01/2006,312.95,314.54,316.2,310.57,,-0.49%
05/31/2006,314.5,317.25,317.87,312.32,,-0.85%
05/30/2006,317.2,317.14,320.53,317.02,,0.07%
05/26/2006,316.98,315.64,317.66,314.6,,0.44%
05/25/2006,315.59,312.1,316.51,312.1,,1.13%
05/24/2006,312.06,320.99,321.01,311.99,,-2.77%
05/23/2006,320.95,313.61,321.82,313.61,,2.35%
05/22/2006,313.57,311.77,313.84,309.61,,0.62%
05/19/2006,311.65,314,314,307.25,,-1.81%
05/18/2006,317.4,318.06,318.72,315.42,,-0.19%
05/17/2006,318.02,321.5,325.68,317.31,,-1.07%
05/16/2006,321.46,317.49,323.13,317.23,,0.34%
05/15/2006,320.38,329.19,329.19,320.19,,-2.64%
05/12/2006,329.06,329.28,330.47,326.21,,-0.97%
05/11/2006,332.29,327.62,332.34,327.56,,1.44%
05/10/2006,327.58,322.78,327.69,321.72,,1.50%
05/09/2006,322.74,318.57,323.98,318.57,,1.32%
05/08/2006,318.53,319.95,319.97,315.66,,-0.41%
05/05/2006,319.83,317.98,320.26,317.78,,0.59%
05/04/2006,317.94,320.04,321.41,315.91,,-0.64%
05/03/2006,319.99,324.37,324.74,319.9,,-1.34%
05/02/2006,324.33,322.7,325.26,321.87,,0.52%
05/01/2006,322.66,317.81,322.96,317.81,,1.56%
04/28/2006,317.69,313.88,319.68,313.88,,1.23%
04/27/2006,313.84,320.08,320.08,313.79,,-1.94%
04/26/2006,320.04,320.37,321.28,319.08,,-0.09%
04/25/2006,320.33,320,322.51,318.5,,0.12%
04/24/2006,319.95,325.42,325.49,319.6,,-1.64%
04/21/2006,325.3,321.08,325.75,319.64,,1.33%
04/20/2006,321.04,324.08,324.39,318.75,,-0.93%
04/19/2006,324.04,321.86,324.58,321.29,,0.69%
04/18/2006,321.82,315.99,321.92,315.94,,1.86%
04/17/2006,315.94,310.38,316.06,310.38,,1.85%
04/13/2006,310.22,308.69,310.39,306.98,,0.51%
04/12/2006,308.65,308.51,309.7,307.83,,0.06%
04/11/2006,308.47,308.03,309.24,306.15,,0.16%
04/10/2006,307.99,305.45,308.36,305.36,,0.87%
04/07/2006,305.33,307.29,307.32,303.84,,-0.62%
04/06/2006,307.25,304.33,307.49,304.31,,0.97%
04/05/2006,304.29,300.96,304.55,300.96,,1.12%
04/04/2006,300.92,303.79,303.86,300.26,,-0.93%
04/03/2006,303.75,301.56,306.23,301.52,,0.77%
03/31/2006,301.44,305.18,305.31,300.13,,-1.21%
03/30/2006,305.14,301.17,305.43,301.17,,1.33%
03/29/2006,301.13,299.99,301.44,299.56,,0.39%
03/28/2006,299.96,296.38,300.07,296.2,,1.22%
03/27/2006,296.35,295.68,296.77,294.26,,0.26%
03/24/2006,295.57,294.64,298.02,294.38,,0.33%
03/23/2006,294.6,289.47,294.61,289.3,,1.78%
03/22/2006,289.44,291.69,292.68,289.3,,-0.76%
03/21/2006,291.66,289.74,292.33,288.44,,0.68%
03/20/2006,289.7,294.38,294.49,289.25,,-1.55%
03/17/2006,294.27,295.83,296.38,294.2,,-0.51%
03/16/2006,295.79,294.06,297.3,292.56,,0.60%
03/15/2006,294.02,295.23,296.73,293.81,,-0.40%
03/14/2006,295.19,291.6,295.51,291.21,,1.25%
03/13/2006,291.56,288.34,291.76,288.05,,1.15%
03/10/2006,288.23,288.69,289.01,286.94,,-0.15%
03/09/2006,288.66,286.8,289.08,286.51,,0.66%
03/08/2006,286.76,289.98,290.02,285.17,,-1.10%
03/07/2006,289.95,293.38,293.43,289.09,,-1.16%
03/06/2006,293.34,298.83,298.99,292.5,,-1.80%
03/03/2006,298.72,296.8,298.81,295.23,,0.66%
03/02/2006,296.77,292.83,296.91,292.83,,1.36%
03/01/2006,292.79,292.35,294.25,291.86,,0.16%
02/28/2006,292.32,289.29,292.8,288.3,,1.06%
02/27/2006,289.25,296.37,296.38,288.52,,-2.37%
02/24/2006,296.26,291.95,297.17,291.94,,1.49%
02/23/2006,291.92,293.64,293.82,290.13,,-0.57%
02/22/2006,293.6,297.41,297.72,292.76,,-1.27%
02/21/2006,297.38,294.16,297.66,294.13,,1.31%
02/17/2006,293.53,290.33,293.75,290.3,,1.11%
02/16/2006,290.3,288.64,290.91,287.79,,0.59%
02/15/2006,288.6,292.47,294,288.45,,-1.31%
02/14/2006,292.43,294.7,295.33,291.98,,-0.76%
02/13/2006,294.66,298.29,298.39,294.26,,-1.18%
02/10/2006,298.18,302.99,303.01,297.61,,-1.58%
02/09/2006,302.96,302.16,303.77,301.77,,0.28%
02/08/2006,302.12,302.45,304.53,301.84,,-0.09%
02/07/2006,302.41,308.54,308.75,302.25,,-1.98%
02/06/2006,308.5,310.88,310.92,308.42,,-0.73%
02/03/2006,310.76,308.29,310.85,308.08,,0.82%
02/02/2006,308.25,309.55,310.38,307.09,,-0.41%
02/01/2006,309.52,313.17,315.23,309.3,,-1.16%
01/31/2006,313.13,314.39,314.59,311.51,,-0.39%
01/30/2006,314.35,311.56,314.59,311.45,,0.93%
01/27/2006,311.45,308.32,311.75,308.22,,1.03%
01/26/2006,308.28,307.43,309.23,306.14,,0.29%
01/25/2006,307.4,308.47,309.61,306.75,,-0.34%
01/24/2006,308.44,309.39,310.29,307.75,,-0.30%
01/23/2006,309.35,309.68,312.08,308.05,,-0.07%
01/20/2006,309.57,306.15,310.8,305.8,,1.13%
01/19/2006,306.12,303.84,306.15,302.54,,0.76%
01/18/2006,303.81,307.08,307.26,302.92,,-1.05%
01/17/2006,307.04,301.95,307.14,301.95,,1.71%
01/13/2006,301.87,299.96,302.1,299.61,,0.65%
01/12/2006,299.93,300.83,302.16,299.89,,-0.29%
01/11/2006,300.79,301.45,302.19,298.86,,-0.21%
01/10/2006,301.42,302.2,302.58,300.89,,-0.25%
01/09/2006,302.17,304.08,304.24,301.02,,-0.60%
01/06/2006,303.98,300.7,304.85,300.39,,1.10%
01/05/2006,300.67,303.08,303.08,299.81,,-0.78%
01/04/2006,303.04,301.14,303.29,300.12,,0.64%
01/03/2006,301.11,297.04,302.72,296.64,,1.38%
01/02/2006,297.01,297.01,297.01,297.01,,0.03%
12/30/2005,296.91,294.67,297.07,293.27,,0.77%
12/29/2005,294.64,294.64,296.57,293.77,,0.01%
12/28/2005,294.6,290.37,295.42,290.3,,1.47%
12/27/2005,290.34,291.88,292.46,288.8,,-0.48%
12/23/2005,291.75,292.15,292.64,290.07,,-0.13%
12/22/2005,292.12,291.92,293.13,291.06,,0.08%
12/21/2005,291.89,291.24,292.22,289.43,,0.23%
12/20/2005,291.21,291.46,292.48,290.75,,-0.07%
12/19/2005,291.43,291.67,292.53,290.39,,-0.05%
12/16/2005,291.58,293.59,294.3,291.39,,-0.67%
12/15/2005,293.55,296.04,296.61,293.41,,-0.83%
12/14/2005,296.01,299.78,305.04,295.98,,-1.25%
12/13/2005,299.75,298.04,300.44,297.91,,0.59%
12/12/2005,298.01,292.75,298.11,292.75,,1.83%
12/09/2005,292.65,295,296.04,291.53,,-0.79%
12/08/2005,294.97,289.81,295.04,289.54,,1.79%
12/07/2005,289.77,289.44,291.51,288.73,,0.12%
12/06/2005,289.41,290.57,290.57,288.77,,-0.39%
12/05/2005,290.54,288.57,293.21,288.23,,0.72%
12/02/2005,288.47,286.09,288.52,285.83,,0.84%
12/01/2005,286.06,280.32,286.32,280.32,,2.06%
11/30/2005,280.29,277.57,280.54,277.24,,0.99%
11/29/2005,277.54,278.88,280.37,277.35,,-0.47%
11/28/2005,278.85,280.58,281.48,277.39,,-0.59%
11/25/2005,280.49,280.52,280.62,280.22,,0.11%
11/23/2005,280.17,281.17,281.35,279.08,,-0.34%
11/22/2005,281.14,279.47,281.57,279.2,,0.61%
11/21/2005,279.44,278.65,280.02,278.53,,0.32%
11/18/2005,278.56,278.97,280.17,277.41,,-0.14%
11/17/2005,278.94,280.82,281.93,278.9,,-0.66%
11/16/2005,280.79,278.48,281.29,278.37,,0.84%
11/15/2005,278.45,280.55,281.76,278.37,,-0.74%
11/14/2005,280.52,280.97,281.83,280,,-0.13%
11/11/2005,280.88,279.94,281.4,279.03,,0.35%
11/10/2005,279.91,281.7,282.32,278.91,,-0.62%
11/09/2005,281.67,283.18,284.27,280.51,,-0.52%
11/08/2005,283.15,282.44,283.35,281.43,,0.26%
11/07/2005,282.41,283.59,283.59,279.84,,-0.38%
11/04/2005,283.49,285.74,285.84,283.18,,-0.77%
11/03/2005,285.71,281.41,285.78,281.32,,1.54%
11/02/2005,281.38,280.82,282.54,279.9,,0.21%
11/01/2005,280.79,281.2,281.62,279.15,,-0.13%
10/31/2005,281.17,286.36,286.36,280.6,,-1.78%
10/28/2005,286.27,287.41,287.41,284.7,,-0.39%
10/27/2005,287.38,288.11,288.59,285.78,,-0.24%
10/26/2005,288.08,292.48,292.99,286.12,,-1.50%
10/25/2005,292.45,285.49,292.58,285.4,,2.45%
10/24/2005,285.46,286.48,286.61,284.09,,-0.33%
10/21/2005,286.39,286.26,286.41,283.02,,0.06%
10/20/2005,286.23,290.13,290.69,285.42,,-1.33%
10/19/2005,290.1,292.25,292.4,288.64,,-0.73%
10/18/2005,292.22,295.12,295.79,291.56,,-0.97%
10/17/2005,295.09,290.83,295.25,290.52,,1.50%
10/14/2005,290.74,291.86,292.12,287.39,,-0.38%
10/13/2005,291.84,291.84,291.84,291.84,,-0.95%
10/12/2005,294.63,294.63,294.63,294.63,,0.50%
10/11/2005,293.16,293.16,293.16,293.16,,1.39%
10/10/2005,289.13,288.46,289.37,286.8,,0.26%
10/07/2005,288.38,287.24,288.43,287.05,,0.40%
10/06/2005,287.21,291,291.29,286.55,,-1.29%
10/05/2005,290.97,292.32,294.25,290.8,,-0.45%
10/04/2005,292.3,292.3,292.3,292.3,,-1.04%
10/03/2005,295.37,295.14,296.12,294.4,,0.10%
09/30/2005,295.06,296.72,296.84,293.45,,-0.55%
09/29/2005,296.69,295.35,297.37,293.83,,0.46%
09/28/2005,295.32,289.73,296.48,289.73,,1.94%
09/27/2005,289.71,289.63,290.33,288.82,,0.04%
09/26/2005,289.6,286.21,289.64,282.96,,1.21%
09/23/2005,286.12,290.71,290.95,285.23,,-1.57%
09/22/2005,290.68,289.58,292.53,289.48,,0.39%
09/21/2005,289.55,287.89,291.25,287.42,,0.59%
09/20/2005,287.86,289.85,290.66,285.7,,-0.68%
09/19/2005,289.82,279.19,289.86,278.93,,3.84%
09/16/2005,279.11,282.92,283.13,278.82,,-1.34%
09/15/2005,282.89,284.63,284.73,281.24,,-0.60%
09/14/2005,284.6,281.36,284.64,281.22,,1.16%
09/13/2005,281.33,283.08,294.92,280.48,,-0.61%
09/12/2005,283.05,286.01,286.01,281.14,,-1.01%
09/09/2005,285.93,287.15,287.97,285.16,,-0.42%
09/08/2005,287.12,286.67,288.58,284.51,,0.17%
09/07/2005,286.64,291.22,291.22,285.58,,-1.56%
09/06/2005,291.19,292.84,292.87,290.72,,-0.56%
09/02/2005,292.83,297.12,297.97,291.67,,-1.43%
09/01/2005,297.09,291.09,297.38,291.09,,2.07%
08/31/2005,291.06,292.63,295.23,288.45,,-0.53%
08/30/2005,292.61,285.57,294.57,285.17,,2.47%
08/29/2005,285.54,280.13,289.39,280.02,,1.96%
08/26/2005,280.05,281.13,282.64,279.84,,-0.38%
08/25/2005,281.1,282.59,283.1,279.75,,-0.52%
08/24/2005,282.57,280.4,282.74,279.54,,0.78%
08/23/2005,280.37,279.98,281.11,278.96,,0.15%
08/22/2005,279.96,278.25,281.8,278.2,,0.64%
08/19/2005,278.16,275.13,278.48,274.77,,1.11%
08/18/2005,275.1,276.81,277.22,273.77,,-0.61%
08/17/2005,276.78,282,282.28,276.66,,-1.84%
08/16/2005,281.97,281.37,283.9,281.3,,0.22%
08/15/2005,281.35,284.91,285.05,280.18,,-1.22%
08/12/2005,284.83,284.5,286.34,284.32,,0.12%
08/11/2005,284.48,282.15,284.65,281.77,,0.84%
08/10/2005,282.12,277.47,282.18,277.47,,1.69%
08/09/2005,277.44,280.6,280.6,277.22,,-1.12%
08/08/2005,280.58,279.18,281.96,278.97,,0.53%
08/05/2005,279.1,278.27,279.8,277.22,,0.31%
08/04/2005,278.25,277.89,279.86,277.51,,0.14%
08/03/2005,277.86,279.84,281.66,277.74,,-0.70%
08/02/2005,279.81,277.3,279.93,276.27,,0.92%
08/01/2005,277.27,274.88,278.89,274.59,,0.90%
07/29/2005,274.81,273.51,275.47,273.4,,0.48%
07/28/2005,273.48,270.46,273.68,270.2,,1.12%
07/27/2005,270.44,269.58,270.99,268.39,,0.33%
07/26/2005,269.56,268.82,271.42,268.08,,0.28%
07/25/2005,268.8,267.88,268.97,266.13,,0.37%
07/22/2005,267.8,264.73,267.94,264.73,,1.17%
07/21/2005,264.71,267.01,267.47,263.63,,-0.85%
07/20/2005,266.98,268.24,269.93,265.42,,-0.46%
07/19/2005,268.21,270.09,270.1,267.11,,-0.69%
07/18/2005,270.06,272.39,273.06,269.12,,-0.83%
07/15/2005,272.32,271.91,273.83,271.74,,0.16%
07/14/2005,271.89,274.02,274.68,270.63,,-0.77%
07/13/2005,274,274.12,275.23,272.65,,-0.04%
07/12/2005,274.1,272.46,274.99,271.82,,0.91%
07/11/2005,271.64,272.49,272.71,269.68,,-0.29%
07/08/2005,272.44,274.27,276.69,267.68,,-0.67%
07/07/2005,274.27,275.43,275.66,271.23,,-0.41%
07/06/2005,275.4,272.27,275.44,272.17,,1.16%
07/05/2005,272.25,267.08,273.42,266.89,,1.98%
07/01/2005,266.97,263.58,267.47,263.18,,1.29%
06/30/2005,263.56,266.28,266.69,262.63,,-1.01%
06/29/2005,266.25,267.47,267.47,265.58,,-0.44%
06/28/2005,267.44,273.5,273.5,266.77,,-2.21%
06/27/2005,273.48,274.24,275.17,272.66,,-0.25%
06/24/2005,274.17,273.48,274.93,272.76,,0.26%
06/23/2005,273.46,271.81,274.49,271.28,,0.62%
06/22/2005,271.79,273.06,274.78,271.49,,-0.46%
06/21/2005,273.04,275.43,275.47,273.04,,-0.86%
06/20/2005,275.41,272.98,275.53,272.82,,0.92%
06/17/2005,272.91,270.9,272.91,270.79,,1.64%
06/16/2005,268.51,268.51,268.51,268.51,,0.87%
06/15/2005,266.19,266.19,266.19,266.19,,0.95%
06/14/2005,263.69,263.69,263.69,263.69,,-0.11%
06/13/2005,263.99,263.99,263.99,263.99,,1.41%
06/10/2005,260.33,260.33,260.33,260.33,,-0.88%
06/09/2005,262.64,262.64,262.64,262.64,,1.01%
06/08/2005,260.01,260.01,260.01,260.01,,-1.24%
06/07/2005,263.28,263.28,263.28,263.28,,-0.53%
06/06/2005,264.69,264.69,264.69,264.69,,0.00%
06/03/2005,264.68,264.68,264.68,264.68,,1.58%
06/02/2005,260.56,260.56,260.56,260.56,,-0.29%
06/01/2005,261.31,261.31,261.31,261.31,,2.09%
05/31/2005,255.96,255.96,255.96,255.96,,-0.01%
05/27/2005,255.99,255.99,255.99,255.99,,0.29%
05/26/2005,255.26,255.26,255.26,255.26,,0.26%
05/25/2005,254.6,254.6,254.6,254.6,,1.35%
05/24/2005,251.22,251.22,251.22,251.22,,0.33%
05/23/2005,250.39,250.39,250.39,250.39,,0.89%
05/20/2005,248.17,248.17,248.17,248.17,,-0.08%
05/19/2005,248.37,248.37,248.37,248.37,,-0.53%
05/18/2005,249.68,249.68,249.68,249.68,,-0.42%
05/17/2005,250.73,250.73,250.73,250.73,,0.49%
05/16/2005,249.51,249.51,249.51,249.51,,-0.36%
05/13/2005,250.42,250.42,250.42,250.42,,-0.72%
05/12/2005,252.24,252.24,252.24,252.24,,-2.13%
05/11/2005,257.74,257.74,257.74,257.74,,-0.86%
05/10/2005,259.98,259.98,259.98,259.98,,0.25%
05/09/2005,259.33,259.33,259.33,259.33,,0.61%
05/06/2005,257.76,257.76,257.76,257.76,,0.23%
05/05/2005,257.17,257.17,257.17,257.17,,0.16%
05/04/2005,256.77,256.77,256.77,256.77,,0.47%
05/03/2005,255.56,255.56,255.56,255.56,,-1.75%
05/02/2005,260.11,260.11,260.11,260.11,,0.30%
04/29/2005,259.34,259.34,259.34,259.34,,-1.24%
04/28/2005,262.61,262.61,262.61,262.61,,-0.25%
04/27/2005,263.27,263.27,263.27,263.27,,-2.29%
04/26/2005,269.42,269.42,269.42,269.42,,0.01%
04/25/2005,269.39,269.39,269.39,269.39,,-0.12%
04/22/2005,269.72,269.72,269.72,269.72,,0.78%
04/21/2005,267.63,267.63,267.63,267.63,,-0.16%
04/20/2005,268.07,268.07,268.07,268.07,,0.81%
04/19/2005,265.9,265.9,265.9,265.9,,2.66%
04/18/2005,259.02,259.02,259.02,259.02,,-0.35%
04/15/2005,259.93,259.93,259.93,259.93,,-0.44%
04/14/2005,261.08,261.08,261.08,261.08,,-0.17%
04/13/2005,261.51,261.51,261.51,261.51,,-1.45%
04/12/2005,265.36,265.36,265.36,265.36,,-0.98%
04/11/2005,267.97,267.97,267.97,267.97,,0.23%
04/08/2005,267.36,267.36,267.36,267.36,,-0.93%
04/07/2005,269.87,269.87,269.87,269.87,,-1.31%
04/06/2005,273.46,273.46,273.46,273.46,,-0.13%
04/05/2005,273.81,273.81,273.81,273.81,,-0.71%
04/04/2005,275.77,275.77,275.77,275.77,,-0.51%
04/01/2005,277.17,277.17,277.17,277.17,,0.52%
03/31/2005,275.74,275.74,275.74,275.74,,1.33%
03/30/2005,272.11,272.11,272.11,272.11,,0.52%
03/29/2005,270.7,270.7,270.7,270.7,,0.42%
03/28/2005,269.56,269.56,269.56,269.56,,-0.17%
03/24/2005,270.02,270.02,270.02,270.02,,0.52%
03/23/2005,268.61,268.61,268.61,268.61,,-2.47%
03/22/2005,275.42,275.42,275.42,275.42,,-0.63%
03/21/2005,277.16,277.16,277.16,277.16,,-1.04%
03/18/2005,280.07,280.07,280.07,280.07,,-0.28%
03/17/2005,280.86,280.86,280.86,280.86,,-0.48%
03/16/2005,282.21,282.21,282.21,282.21,,0.99%
03/15/2005,279.45,279.45,279.45,279.45,,0.90%
03/14/2005,276.97,276.97,276.97,276.97,,-0.09%
03/11/2005,277.2,277.2,277.2,277.2,,1.12%
03/10/2005,274.12,274.12,274.12,274.12,,-0.25%
03/09/2005,274.81,274.81,274.81,274.81,,0.40%
03/08/2005,273.71,273.71,273.71,273.71,,1.28%
03/07/2005,270.25,270.25,270.25,270.25,,0.14%
03/04/2005,269.87,269.87,269.87,269.87,,0.52%
03/03/2005,268.48,268.48,268.48,268.48,,0.52%
03/02/2005,267.1,267.1,267.1,267.1,,1.18%
03/01/2005,263.98,263.98,263.98,263.98,,-0.51%
02/28/2005,265.33,265.33,265.33,265.33,,1.23%
02/25/2005,262.09,262.09,262.09,262.09,,0.70%
02/24/2005,260.27,260.27,260.27,260.27,,-0.36%
02/23/2005,261.21,261.21,261.21,261.21,,0.47%
02/22/2005,260,260,260,260,,2.91%
02/21/2005,252.65,252.65,252.65,252.65,,0.04%
02/18/2005,252.55,252.55,252.55,252.55,,0.67%
02/17/2005,250.87,250.87,250.87,250.87,,-0.01%
02/16/2005,250.9,250.9,250.9,250.9,,0.44%
02/15/2005,249.8,249.8,249.8,249.8,,0.44%
02/14/2005,248.72,248.72,248.72,248.72,,0.48%
02/11/2005,247.54,247.54,247.54,247.54,,0.09%
02/10/2005,247.31,247.31,247.31,247.31,,2.04%
02/09/2005,242.37,242.37,242.37,242.37,,0.01%
02/08/2005,242.35,242.35,242.35,242.35,,0.20%
02/07/2005,241.87,241.87,241.87,241.87,,-0.44%
02/04/2005,242.95,242.95,242.95,242.95,,0.02%
02/03/2005,242.9,242.9,242.9,242.9,,-0.63%
02/02/2005,244.44,244.44,244.44,244.44,,-0.51%
02/01/2005,245.68,245.68,245.68,245.68,,-0.97%
01/31/2005,248.08,248.08,248.08,248.08,,0.76%
01/28/2005,246.21,246.21,246.21,246.21,,-1.23%
01/27/2005,249.28,249.28,249.28,249.28,,-0.71%
01/26/2005,251.08,251.08,251.08,251.08,,0.02%
01/25/2005,251.02,251.02,251.02,251.02,,0.68%
01/24/2005,249.32,249.32,249.32,249.32,,0.57%
01/21/2005,247.89,247.89,247.89,247.89,,0.91%
01/20/2005,245.65,245.65,245.65,245.65,,-0.38%
01/19/2005,246.6,246.6,246.6,246.6,,-0.03%
01/18/2005,246.68,246.68,246.68,246.68,,-0.07%
01/14/2005,246.85,246.85,246.85,246.85,,-0.13%
01/13/2005,247.16,247.16,247.16,247.16,,1.63%
01/12/2005,243.19,243.19,243.19,243.19,,0.43%
01/11/2005,242.15,242.15,242.15,242.15,,0.43%
01/10/2005,241.12,241.12,241.12,241.12,,0.18%
01/07/2005,240.69,240.69,240.69,240.69,,-0.31%
01/06/2005,241.43,241.43,241.43,241.43,,1.82%
01/05/2005,237.13,237.13,237.13,237.13,,-0.26%
01/04/2005,237.75,237.75,237.75,237.75,,0.13%
01/03/2005,237.45,237.45,237.45,237.45,,-4.96%
12/31/2004,249.85,249.85,249.85,249.85,,3.49%
12/30/2004,241.41,241.41,241.41,241.41,,-0.33%
12/29/2004,242.21,242.21,242.21,242.21,,1.21%
12/28/2004,239.32,239.32,239.32,239.32,,0.48%
12/27/2004,238.17,238.17,238.17,238.17,,-2.35%
12/23/2004,243.9,243.9,243.9,243.9,,0.13%
12/22/2004,243.58,243.58,243.58,243.58,,-1.45%
12/21/2004,247.16,247.16,247.16,247.16,,0.02%
12/20/2004,247.12,247.12,247.12,247.12,,-0.65%
12/17/2004,248.73,248.73,248.73,248.73,,2.47%
12/16/2004,242.73,242.73,242.73,242.73,,-0.50%
12/15/2004,243.93,243.93,243.93,243.93,,2.43%
12/14/2004,238.15,238.15,238.15,238.15,,0.62%
12/13/2004,236.7,236.7,236.7,236.7,,1.22%
12/10/2004,233.85,233.85,233.85,233.85,,-1.48%
12/09/2004,237.35,237.35,237.35,237.35,,0.41%
12/08/2004,236.4,236.4,236.4,236.4,,0.06%
12/07/2004,236.24,236.24,236.24,236.24,,-1.76%
12/06/2004,240.48,240.48,240.48,240.48,,0.50%
12/03/2004,239.29,239.29,239.29,239.29,,-0.28%
12/02/2004,239.95,239.95,239.95,239.95,,-2.64%
12/01/2004,246.45,246.45,246.45,246.45,,-2.50%
11/30/2004,252.76,252.76,252.76,252.76,,-0.74%
11/29/2004,254.64,254.64,254.64,254.64,,0.29%
11/26/2004,253.9,254.41,254.53,253.85,,0.64%
11/25/2004,252.28,252.28,252.28,252.28,,-1.02%
11/24/2004,254.89,254.89,254.89,254.89,,1.30%
11/23/2004,251.63,251.63,251.63,251.63,,0.60%
11/22/2004,250.13,250.13,250.13,250.13,,-0.39%
11/19/2004,251.1,251.1,251.1,251.1,,1.38%
11/18/2004,247.67,247.67,247.67,247.67,,-0.60%
11/17/2004,249.16,249.16,249.16,249.16,,1.53%
11/16/2004,245.41,245.41,245.41,245.41,,-1.06%
11/15/2004,248.04,248.04,248.04,248.04,,0.79%
11/12/2004,246.1,246.1,246.1,246.1,,-0.08%
11/11/2004,246.29,246.29,246.29,246.29,,-0.92%
11/10/2004,248.57,248.57,248.57,248.57,,1.25%
11/09/2004,245.5,245.5,245.5,245.5,,-1.05%
11/08/2004,248.11,248.11,248.11,248.11,,0.04%
11/05/2004,248.01,248.01,248.01,248.01,,0.69%
11/04/2004,246.32,246.32,246.32,246.32,,-1.24%
11/03/2004,249.41,249.41,249.41,249.41,,1.03%
11/02/2004,246.87,246.87,246.87,246.87,,-0.29%
11/01/2004,247.59,247.59,247.59,247.59,,-1.78%
10/29/2004,252.07,252.07,252.07,252.07,,0.61%
10/28/2004,250.54,250.54,250.54,250.54,,-1.44%
10/27/2004,254.19,254.19,254.19,254.19,,-2.05%
10/26/2004,259.52,259.52,259.52,259.52,,0.94%
10/25/2004,257.1,257.1,257.1,257.1,,-0.48%
10/22/2004,258.35,258.35,258.35,258.35,,0.51%
10/21/2004,257.05,257.05,257.05,257.05,,0.06%
10/20/2004,256.9,256.9,256.9,256.9,,1.33%
10/19/2004,253.52,253.52,253.52,253.52,,0.62%
10/18/2004,251.97,251.97,251.97,251.97,,-1.18%
10/15/2004,254.97,254.97,254.97,254.97,,0.25%
10/14/2004,254.33,254.33,254.33,254.33,,0.90%
10/13/2004,252.08,252.08,252.08,252.08,,-0.51%
10/12/2004,253.37,253.37,253.37,253.37,,-1.78%
10/11/2004,257.95,257.95,257.95,257.95,,0.21%
10/08/2004,257.42,257.42,257.42,257.42,,1.02%
10/07/2004,254.83,254.83,254.83,254.83,,0.46%
10/06/2004,253.66,253.66,253.66,253.66,,0.81%
10/05/2004,251.61,251.61,251.61,251.61,,1.57%
10/04/2004,247.74,247.74,247.74,247.74,,-0.85%
10/01/2004,249.85,249.85,249.85,249.85,,0.24%
09/30/2004,249.25,249.25,249.25,249.25,,0.19%
09/29/2004,248.78,248.78,248.78,248.78,,0.65%
09/28/2004,247.17,247.17,247.17,247.17,,0.19%
09/27/2004,246.71,246.71,246.71,246.71,,1.16%
09/24/2004,243.89,243.89,243.89,243.89,,-0.62%
09/23/2004,245.41,245.41,245.41,245.41,,0.02%
09/22/2004,245.35,245.35,245.35,245.35,,1.63%
09/21/2004,241.43,241.43,241.43,241.43,,1.65%
09/20/2004,237.5,237.5,237.5,237.5,,0.42%
09/17/2004,236.5,236.5,236.5,236.5,,1.44%
09/16/2004,233.15,233.15,233.15,233.15,,-0.02%
09/15/2004,233.19,233.19,233.19,233.19,,-0.80%
09/14/2004,235.07,235.07,235.07,235.07,,0.36%
09/13/2004,234.22,234.22,234.22,234.22,,1.34%
09/10/2004,231.12,231.12,231.12,231.12,,-1.45%
09/09/2004,234.51,234.51,234.51,234.51,,1.61%
09/08/2004,230.79,230.79,230.79,230.79,,-0.24%
09/07/2004,231.34,231.34,231.34,231.34,,-0.98%
09/03/2004,233.62,233.62,233.62,233.62,,-1.29%
09/02/2004,236.67,236.67,236.67,236.67,,-0.56%
09/01/2004,238.01,238.01,238.01,238.01,,1.43%
08/31/2004,234.65,234.65,234.65,234.65,,0.41%
08/30/2004,233.7,233.7,233.7,233.7,,0.30%
08/27/2004,233,233,233,233,,-0.40%
08/26/2004,233.93,233.93,233.93,233.93,,-0.61%
08/25/2004,235.36,235.36,235.36,235.36,,-1.68%
08/24/2004,239.39,239.39,239.39,239.39,,-1.13%
08/23/2004,242.11,242.11,242.11,242.11,,-0.30%
08/20/2004,242.83,242.83,242.83,242.83,,-0.46%
08/19/2004,243.94,243.94,243.94,243.94,,1.65%
08/18/2004,239.98,239.98,239.98,239.98,,0.05%
08/17/2004,239.86,239.86,239.86,239.86,,0.93%
08/16/2004,237.65,237.65,237.65,237.65,,-0.40%
08/13/2004,238.61,238.61,238.61,238.61,,1.38%
08/12/2004,235.37,235.37,235.37,235.37,,0.49%
08/11/2004,234.23,234.23,234.23,234.23,,-0.55%
08/10/2004,235.51,235.51,235.51,235.51,,-0.21%
08/09/2004,236.01,236.01,236.01,236.01,,0.80%
08/06/2004,234.14,234.14,234.14,234.14,,-0.55%
08/05/2004,235.44,235.44,235.44,235.44,,1.42%
08/04/2004,232.15,232.15,232.15,232.15,,-1.60%
08/03/2004,235.91,235.91,235.91,235.91,,0.44%
08/02/2004,234.88,234.88,234.88,234.88,,-0.08%
07/30/2004,235.07,235.07,235.07,235.07,,0.58%
07/29/2004,233.7,233.7,233.7,233.7,,-0.08%
07/28/2004,233.88,233.88,233.88,233.88,,1.30%
07/27/2004,230.87,230.87,230.87,230.87,,-0.06%
07/26/2004,231.02,231.02,231.02,231.02,,-0.84%
07/23/2004,232.98,232.98,232.98,232.98,,-0.03%
07/22/2004,233.05,233.05,233.05,233.05,,0.74%
07/21/2004,231.34,231.34,231.34,231.34,,-0.61%
07/20/2004,232.76,232.76,232.76,232.76,,-0.99%
07/19/2004,235.09,235.09,235.09,235.09,,0.27%
07/16/2004,234.45,234.45,234.45,234.45,,0.14%
07/15/2004,234.14,234.14,234.14,234.14,,-0.46%
07/14/2004,235.23,235.23,235.23,235.23,,2.12%
07/13/2004,230.35,230.35,230.35,230.35,,-0.45%
07/12/2004,231.39,231.39,231.39,231.39,,-0.81%
07/09/2004,233.28,233.28,233.28,233.28,,-0.27%
07/08/2004,233.92,233.92,233.92,233.92,,0.64%
07/07/2004,232.42,232.42,232.42,232.42,,0.41%
07/06/2004,231.46,231.46,231.46,231.46,,1.44%
07/02/2004,228.17,228.17,228.17,228.17,,-0.53%
07/01/2004,229.4,229.4,229.4,229.4,,1.70%
06/30/2004,225.56,225.56,225.56,225.56,,0.79%
06/29/2004,223.79,223.79,223.79,223.79,,-0.77%
06/28/2004,225.53,225.53,225.53,225.53,,-2.14%
06/25/2004,230.46,230.46,230.46,230.46,,-0.45%
06/24/2004,231.5,231.5,231.5,231.5,,1.07%
06/23/2004,229.05,229.05,229.05,229.05,,0.31%
06/22/2004,228.35,228.35,228.35,228.35,,0.02%
06/21/2004,228.31,228.31,228.31,228.31,,-1.05%
06/18/2004,230.73,230.73,230.73,230.73,,-0.14%
06/17/2004,231.05,231.05,231.05,231.05,,1.57%
06/16/2004,227.49,227.49,227.49,227.49,,0.73%
06/15/2004,225.84,225.84,225.84,225.84,,-0.51%
06/14/2004,227,227,227,227,,-1.12%
06/10/2004,229.57,229.57,229.57,229.57,,0.37%
06/09/2004,228.72,228.72,228.72,228.72,,-0.04%
06/08/2004,228.82,228.82,228.82,228.82,,-1.63%
06/07/2004,232.6,232.6,232.6,232.6,,0.23%
06/04/2004,232.07,232.07,232.07,232.07,,-0.67%
06/03/2004,233.65,233.65,233.65,233.65,,-1.35%
06/02/2004,236.84,236.84,236.84,236.84,,-2.82%
06/01/2004,243.72,243.72,243.72,243.72,,2.61%
05/28/2004,237.52,237.52,237.52,237.52,,1.00%
05/27/2004,235.17,235.17,235.17,235.17,,-0.88%
05/26/2004,237.25,237.25,237.25,237.25,,-0.26%
05/25/2004,237.86,237.86,237.86,237.86,,-0.11%
05/24/2004,238.11,238.11,238.11,238.11,,2.44%
05/21/2004,232.44,232.44,232.44,232.44,,-0.36%
05/20/2004,233.29,233.29,233.29,233.29,,-1.10%
05/19/2004,235.89,235.89,235.89,235.89,,2.26%
05/18/2004,230.67,230.67,230.67,230.67,,-0.90%
05/17/2004,232.76,232.76,232.76,232.76,,-0.44%
05/14/2004,233.79,233.79,233.79,233.79,,-0.26%
05/13/2004,234.39,234.39,234.39,234.39,,0.23%
05/12/2004,233.86,233.86,233.86,233.86,,0.32%
05/11/2004,233.11,233.11,233.11,233.11,,1.32%
05/10/2004,230.08,230.08,230.08,230.08,,-1.77%
05/07/2004,234.23,234.23,234.23,234.23,,0.32%
05/06/2004,233.49,233.49,233.49,233.49,,-0.55%
05/05/2004,234.79,234.79,234.79,234.79,,0.32%
05/04/2004,234.03,234.03,234.03,234.03,,1.26%
05/03/2004,231.12,231.12,231.12,231.12,,1.49%
04/30/2004,227.72,227.72,227.72,227.72,,0.09%
04/29/2004,227.5,227.5,227.5,227.5,,0.49%
04/28/2004,226.4,226.4,226.4,226.4,,-1.16%
04/27/2004,229.05,229.05,229.05,229.05,,1.26%
04/26/2004,226.21,226.21,226.21,226.21,,0.88%
04/23/2004,224.24,224.24,224.24,224.24,,-0.01%
04/22/2004,224.25,224.25,224.25,224.25,,1.05%
04/21/2004,221.92,221.92,221.92,221.92,,-2.10%
04/20/2004,226.68,226.68,226.68,226.68,,-0.70%
04/19/2004,228.29,228.29,228.29,228.29,,-0.29%
04/16/2004,228.96,228.96,228.96,228.96,,0.11%
04/15/2004,228.72,228.72,228.72,228.72,,-0.11%
04/14/2004,228.96,228.96,228.96,228.96,,0.59%
04/13/2004,227.62,227.62,227.62,227.62,,-1.69%
04/12/2004,231.52,231.52,231.52,231.52,,0.10%
04/08/2004,231.3,231.3,231.3,231.3,,0.87%
04/07/2004,229.3,229.3,229.3,229.3,,1.34%
04/06/2004,226.27,226.27,226.27,226.27,,0.80%
04/05/2004,224.48,224.48,224.48,224.48,,-0.66%
04/02/2004,225.97,225.97,225.97,225.97,,-0.01%
04/01/2004,226,226,226,226,,-1.42%
03/31/2004,229.25,229.25,229.25,229.25,,0.18%
03/30/2004,228.83,228.83,228.83,228.83,,1.79%
03/29/2004,224.8,224.8,224.8,224.8,,-0.23%
03/26/2004,225.32,225.32,225.32,225.32,,0.21%
03/25/2004,224.84,224.84,224.84,224.84,,-2.30%
03/24/2004,230.13,230.13,230.13,230.13,,-0.72%
03/23/2004,231.8,231.8,231.8,231.8,,0.04%
03/22/2004,231.71,231.71,231.71,231.71,,-0.06%
03/19/2004,231.86,231.86,231.86,231.86,,0.08%
03/18/2004,231.68,231.68,231.68,231.68,,0.28%
03/17/2004,231.04,231.04,231.04,231.04,,0.76%
03/16/2004,229.3,229.3,229.3,229.3,,0.57%
03/15/2004,227.99,227.99,227.99,227.99,,2.06%
03/12/2004,223.4,223.4,223.4,223.4,,-0.88%
03/11/2004,225.39,225.39,225.39,225.39,,2.13%
03/10/2004,220.7,220.7,220.7,220.7,,-0.26%
03/09/2004,221.27,221.27,221.27,221.27,,-0.32%
03/08/2004,221.98,221.98,221.98,221.98,,-1.41%
03/05/2004,225.17,225.17,225.17,225.17,,1.00%
03/04/2004,222.94,222.94,222.94,222.94,,0.82%
03/03/2004,221.13,221.13,221.13,221.13,,-1.98%
03/02/2004,225.6,225.6,225.6,225.6,,-1.23%
03/01/2004,228.41,228.41,228.41,228.41,,1.36%
02/27/2004,225.34,225.34,225.34,225.34,,0.67%
02/26/2004,223.85,223.85,223.85,223.85,,1.02%
02/25/2004,221.59,221.59,221.59,221.59,,1.19%
02/24/2004,218.99,218.99,218.99,218.99,,1.27%
02/23/2004,216.23,216.23,216.23,216.23,,0.29%
02/20/2004,215.6,215.6,215.6,215.6,,-0.80%
02/19/2004,217.35,217.35,217.35,217.35,,0.23%
02/18/2004,216.85,216.85,216.85,216.85,,-0.77%
02/17/2004,218.53,218.53,218.53,218.53,,1.29%
02/13/2004,215.75,215.75,215.75,215.75,,0.68%
02/12/2004,214.29,214.29,214.29,214.29,,0.67%
02/11/2004,212.86,212.86,212.86,212.86,,0.52%
02/10/2004,211.76,211.76,211.76,211.76,,0.78%
02/09/2004,210.12,210.12,210.12,210.12,,0.41%
02/06/2004,209.26,209.26,209.26,209.26,,-0.30%
02/05/2004,209.89,209.89,209.89,209.89,,0.41%
02/04/2004,209.04,209.04,209.04,209.04,,-1.14%
02/03/2004,211.45,211.45,211.45,211.45,,-0.23%
02/02/2004,211.94,211.94,211.94,211.94,,1.13%
01/30/2004,209.57,209.57,209.57,209.57,,0.59%
01/29/2004,208.33,208.33,208.33,208.33,,-1.50%
01/28/2004,211.5,211.5,211.5,211.5,,-0.92%
01/27/2004,213.46,213.46,213.46,213.46,,-0.53%
01/26/2004,214.6,214.6,214.6,214.6,,-0.75%
01/23/2004,216.23,216.23,216.23,216.23,,-0.38%
01/22/2004,217.05,217.05,217.05,217.05,,0.27%
01/21/2004,216.47,216.47,216.47,216.47,,-0.16%
01/20/2004,216.81,216.81,216.81,216.81,,1.75%
01/16/2004,213.08,213.08,213.08,213.08,,2.13%
01/15/2004,208.63,208.63,208.63,208.63,,-2.21%
01/14/2004,213.35,213.35,213.35,213.35,,-0.28%
01/13/2004,213.95,213.95,213.95,213.95,,-0.92%
01/12/2004,215.94,215.94,215.94,215.94,,0.44%
01/09/2004,214.99,214.99,214.99,214.99,,0.94%
01/08/2004,212.99,212.99,212.99,212.99,,1.03%
01/07/2004,210.81,210.81,210.81,210.81,,-0.22%
01/06/2004,211.29,211.29,211.29,211.29,,0.20%
01/05/2004,210.87,210.87,210.87,210.87,,-5.96%
01/02/2004,224.24,222.42,224.48,222.41,,9.78%
12/31/2003,204.25,204.25,204.25,204.25,,-0.70%
12/30/2003,205.7,205.7,205.7,205.7,,0.49%
12/29/2003,204.7,204.7,204.7,204.7,,-8.26%
12/26/2003,223.14,222.29,223.17,221.64,,8.68%
12/24/2003,205.32,205.32,205.32,205.32,,1.00%
12/23/2003,203.29,203.29,203.29,203.29,,-0.01%
12/22/2003,203.32,203.32,203.32,203.32,,-2.29%
12/19/2003,208.09,208.09,208.09,208.09,,-0.76%
12/18/2003,209.68,209.68,209.68,209.68,,0.30%
12/17/2003,209.05,209.05,209.05,209.05,,0.97%
12/16/2003,207.03,207.03,207.03,207.03,,-0.60%
12/15/2003,208.27,208.27,208.27,208.27,,-0.34%
12/12/2003,208.99,208.99,208.99,208.99,,2.12%
12/11/2003,204.64,204.64,204.64,204.64,,-0.44%
12/10/2003,205.54,205.54,205.54,205.54,,-0.16%
12/09/2003,205.87,205.87,205.87,205.87,,-0.01%
12/08/2003,205.9,205.9,205.9,205.9,,2.49%
12/05/2003,200.9,200.9,200.9,200.9,,-0.68%
12/04/2003,202.26,202.26,202.26,202.26,,0.55%
12/03/2003,201.15,201.15,201.15,201.15,,0.87%
12/02/2003,199.41,199.41,199.41,199.41,,1.79%
12/01/2003,195.9,195.9,195.9,195.9,,-9.50%
11/28/2003,216.46,215.65,216.49,215.61,,12.36%
11/26/2003,192.66,192.66,192.66,192.66,,1.30%
11/25/2003,190.19,190.19,190.19,190.19,,-0.18%
11/24/2003,190.53,190.53,190.53,190.53,,-2.39%
11/21/2003,195.19,195.19,195.19,195.19,,-0.53%
11/20/2003,196.23,196.23,196.23,196.23,,-0.82%
11/19/2003,197.86,197.86,197.86,197.86,,-1.19%
11/18/2003,200.25,200.25,200.25,200.25,,1.64%
11/17/2003,197.01,197.01,197.01,197.01,,-1.68%
11/14/2003,200.38,200.38,200.38,200.38,,1.15%
11/13/2003,198.1,198.1,198.1,198.1,,1.00%
11/12/2003,196.13,196.13,196.13,196.13,,0.31%
11/11/2003,195.53,195.53,195.53,195.53,,0.80%
11/10/2003,193.98,193.98,193.98,193.98,,-0.13%
11/07/2003,194.23,194.23,194.23,194.23,,1.18%
11/06/2003,191.96,191.96,191.96,191.96,,-0.69%
11/05/2003,193.31,193.31,193.31,193.31,,2.24%
11/04/2003,189.08,189.08,189.08,189.08,,0.07%
11/03/2003,188.94,188.94,188.94,188.94,,-1.03%
10/31/2003,190.9,190.9,190.9,190.9,,0.51%
10/30/2003,189.93,189.93,189.93,189.93,,-1.03%
10/29/2003,191.91,191.91,191.91,191.91,,-0.02%
10/28/2003,191.94,191.94,191.94,191.94,,-0.31%
10/27/2003,192.55,192.55,192.55,192.55,,-0.15%
10/24/2003,192.83,192.83,192.83,192.83,,0.12%
10/23/2003,192.61,192.61,192.61,192.61,,1.24%
10/22/2003,190.26,190.26,190.26,190.26,,-0.10%
10/21/2003,190.45,190.45,190.45,190.45,,0.24%
10/20/2003,189.99,189.99,189.99,189.99,,-0.28%
10/17/2003,190.52,190.52,190.52,190.52,,-1.61%
10/16/2003,193.64,193.64,193.64,193.64,,-0.66%
10/15/2003,194.93,194.93,194.93,194.93,,0.12%
10/14/2003,194.69,194.69,194.69,194.69,,-0.43%
10/13/2003,195.53,195.53,195.53,195.53,,0.55%
10/10/2003,194.47,194.47,194.47,194.47,,1.40%
10/09/2003,191.78,191.78,191.78,191.78,,1.94%
10/08/2003,188.13,188.13,188.13,188.13,,-0.59%
10/07/2003,189.25,189.25,189.25,189.25,,0.70%
10/06/2003,187.93,187.93,187.93,187.93,,0.12%
10/03/2003,187.7,187.7,187.7,187.7,,0.45%
10/02/2003,186.85,186.85,186.85,186.85,,0.68%
10/01/2003,185.58,185.58,185.58,185.58,,0.17%
09/30/2003,185.27,185.27,185.27,185.27,,0.81%
09/29/2003,183.79,183.79,183.79,183.79,,1.23%
09/26/2003,181.55,181.55,181.55,181.55,,-0.81%
09/25/2003,183.03,183.03,183.03,183.03,,-0.04%
09/24/2003,183.1,183.1,183.1,183.1,,1.71%
09/23/2003,180.03,180.03,180.03,180.03,,0.17%
09/22/2003,179.72,179.72,179.72,179.72,,0.68%
09/19/2003,178.5,178.5,178.5,178.5,,0.20%
09/18/2003,178.14,178.14,178.14,178.14,,-0.21%
09/17/2003,178.51,178.51,178.51,178.51,,-0.29%
09/16/2003,179.02,179.02,179.02,179.02,,-1.44%
09/15/2003,181.63,181.63,181.63,181.63,,-0.64%
09/12/2003,182.81,182.81,182.81,182.81,,-1.02%
09/11/2003,184.69,184.69,184.69,184.69,,-0.48%
09/10/2003,185.58,185.58,185.58,185.58,,0.48%
09/09/2003,184.69,184.69,184.69,184.69,,0.38%
09/08/2003,183.99,183.99,183.99,183.99,,0.11%
09/05/2003,183.8,183.8,183.8,183.8,,0.28%
09/04/2003,183.28,183.28,183.28,183.28,,-0.14%
09/03/2003,183.54,183.54,183.54,183.54,,0.32%
09/02/2003,182.96,182.96,182.96,182.96,,-2.60%
08/29/2003,187.84,187.84,187.84,187.84,,0.35%
08/28/2003,187.19,187.19,187.19,187.19,,0.52%
08/27/2003,186.22,186.22,186.22,186.22,,-0.88%
08/26/2003,187.88,187.88,187.88,187.88,,0.49%
08/25/2003,186.97,186.97,186.97,186.97,,-0.51%
08/22/2003,187.93,187.93,187.93,187.93,,0.38%
08/21/2003,187.22,187.22,187.22,187.22,,1.18%
08/20/2003,185.04,185.04,185.04,185.04,,1.29%
08/19/2003,182.68,182.68,182.68,182.68,,-0.22%
08/18/2003,183.08,183.08,183.08,183.08,,0.73%
08/15/2003,181.75,181.75,181.75,181.75,,-0.36%
08/14/2003,182.41,182.41,182.41,182.41,,-0.11%
08/13/2003,182.61,182.61,182.61,182.61,,-0.76%
08/12/2003,184,184,184,184,,0.17%
08/11/2003,183.69,183.69,183.69,183.69,,-0.09%
08/08/2003,183.85,183.85,183.85,183.85,,-0.33%
08/07/2003,184.45,184.45,184.45,184.45,,1.09%
08/06/2003,182.47,182.47,182.47,182.47,,-0.22%
08/05/2003,182.87,182.87,182.87,182.87,,0.23%
08/04/2003,182.45,182.45,182.45,182.45,,-0.81%
08/01/2003,183.93,183.93,183.93,183.93,,2.20%
07/31/2003,179.98,179.98,179.98,179.98,,0.09%
07/30/2003,179.81,179.81,179.81,179.81,,0.14%
07/29/2003,179.56,179.56,179.56,179.56,,0.32%
07/28/2003,178.99,178.99,178.99,178.99,,0.36%
07/25/2003,178.35,178.35,178.35,178.35,,0.36%
07/24/2003,177.7,177.7,177.7,177.7,,0.80%
07/23/2003,176.29,176.29,176.29,176.29,,0.51%
07/22/2003,175.4,175.4,175.4,175.4,,-1.95%
07/21/2003,178.89,178.89,178.89,178.89,,-0.28%
07/18/2003,179.39,179.39,179.39,179.39,,0.35%
07/17/2003,178.77,178.77,178.77,178.77,,0.39%
07/16/2003,178.08,178.08,178.08,178.08,,-0.74%
07/15/2003,179.41,179.41,179.41,179.41,,-0.54%
07/14/2003,180.39,180.39,180.39,180.39,,0.20%
07/11/2003,180.04,180.04,180.04,180.04,,0.16%
07/10/2003,179.75,179.75,179.75,179.75,,-0.93%
07/09/2003,181.45,181.45,181.45,181.45,,0.93%
07/08/2003,179.77,179.77,179.77,179.77,,0.43%
07/07/2003,179.01,179.01,179.01,179.01,,0.24%
07/03/2003,178.57,178.57,178.57,178.57,,-0.23%
07/02/2003,178.98,178.98,178.98,178.98,,0.26%
07/01/2003,178.51,178.51,178.51,178.51,,0.47%
06/30/2003,177.67,177.67,177.67,177.67,,0.94%
06/27/2003,176.01,176.01,176.01,176.01,,0.72%
06/26/2003,174.76,174.76,174.76,174.76,,-1.84%
06/25/2003,178.04,178.04,178.04,178.04,,1.71%
06/24/2003,175.05,175.05,175.05,175.05,,-0.77%
06/23/2003,176.41,176.41,176.41,176.41,,-0.76%
06/20/2003,177.76,177.76,177.76,177.76,,0.83%
06/19/2003,176.3,176.3,176.3,176.3,,-0.35%
06/18/2003,176.93,176.93,176.93,176.93,,-0.76%
06/17/2003,178.28,178.28,178.28,178.28,,0.61%
06/16/2003,177.19,177.19,177.19,177.19,,0.25%
06/13/2003,176.75,176.75,176.75,176.75,,-1.58%
06/12/2003,179.6,179.6,179.6,179.6,,-1.50%
06/11/2003,182.33,182.33,182.33,182.33,,0.64%
06/10/2003,181.18,181.18,181.18,181.18,,0.44%
06/09/2003,180.39,180.39,180.39,180.39,,-0.36%
06/06/2003,181.04,181.04,181.04,181.04,,0.92%
06/05/2003,179.39,179.39,179.39,179.39,,0.93%
06/04/2003,177.74,177.74,177.74,177.74,,-0.82%
06/03/2003,179.21,179.21,179.21,179.21,,-0.60%
06/02/2003,180.28,180.28,180.28,180.28,,1.67%
05/30/2003,177.32,177.32,177.32,177.32,,0.62%
05/29/2003,176.24,176.24,176.24,176.24,,0.45%
05/28/2003,175.44,175.44,175.44,175.44,,-1.22%
05/27/2003,177.6,177.6,177.6,177.6,,-0.63%
05/23/2003,178.72,178.72,178.72,178.72,,0.29%
05/22/2003,178.19,178.19,178.19,178.19,,-0.34%
05/21/2003,178.79,178.79,178.79,178.79,,0.78%
05/20/2003,177.41,177.41,177.41,177.41,,0.25%
05/19/2003,176.97,176.97,176.97,176.97,,-0.89%
05/16/2003,178.55,178.55,178.55,178.55,,0.49%
05/15/2003,177.69,177.69,177.69,177.69,,-0.68%
05/14/2003,178.9,178.9,178.9,178.9,,0.89%
05/13/2003,177.32,177.32,177.32,177.32,,1.27%
05/12/2003,175.1,175.1,175.1,175.1,,0.22%
05/09/2003,174.71,174.71,174.71,174.71,,1.46%
05/08/2003,172.19,172.19,172.19,172.19,,1.12%
05/07/2003,170.29,170.29,170.29,170.29,,0.49%
05/06/2003,169.46,169.46,169.46,169.46,,-0.76%
05/05/2003,170.75,170.75,170.75,170.75,,1.15%
05/02/2003,168.81,168.81,168.81,168.81,,-0.98%
05/01/2003,170.49,170.49,170.49,170.49,,0.41%
04/30/2003,169.79,169.79,169.79,169.79,,1.09%
04/29/2003,167.95,167.95,167.95,167.95,,-0.08%
04/28/2003,168.08,168.08,168.08,168.08,,-1.68%
04/25/2003,170.94,170.94,170.94,170.94,,-0.23%
04/24/2003,171.33,171.33,171.33,171.33,,-0.32%
04/23/2003,171.88,171.88,171.88,171.88,,-1.90%
04/22/2003,175.21,175.21,175.21,175.21,,-0.87%
04/21/2003,176.74,176.74,176.74,176.74,,0.66%
04/17/2003,175.58,175.58,175.58,175.58,,1.77%
04/16/2003,172.52,172.52,172.52,172.52,,0.11%
04/15/2003,172.34,172.34,172.34,172.34,,1.22%
04/14/2003,170.26,170.26,170.26,170.26,,-0.26%
04/11/2003,170.71,170.71,170.71,170.71,,0.60%
04/10/2003,169.68,169.68,169.68,169.68,,-1.31%
04/09/2003,171.93,171.93,171.93,171.93,,1.29%
04/08/2003,169.74,169.74,169.74,169.74,,-0.04%
04/07/2003,169.81,169.81,169.81,169.81,,0.17%
04/04/2003,169.52,169.52,169.52,169.52,,-0.03%
04/03/2003,169.58,169.58,169.58,169.58,,-0.09%
04/02/2003,169.74,169.74,169.74,169.74,,-0.85%
04/01/2003,171.19,171.19,171.19,171.19,,-1.19%
03/31/2003,173.26,173.26,173.26,173.26,,1.09%
03/28/2003,171.4,171.4,171.4,171.4,,-0.02%
03/27/2003,171.43,171.43,171.43,171.43,,1.47%
03/26/2003,168.95,168.95,168.95,168.95,,0.21%
03/25/2003,168.6,168.6,168.6,168.6,,-1.12%
03/24/2003,170.52,170.52,170.52,170.52,,1.21%
03/21/2003,168.49,168.49,168.49,168.49,,-1.60%
03/20/2003,171.22,171.22,171.22,171.22,,-1.05%
03/19/2003,173.04,173.04,173.04,173.04,,-0.55%
03/18/2003,174.01,174.01,174.01,174.01,,-2.24%
03/17/2003,177.99,177.99,177.99,177.99,,-1.21%
03/14/2003,180.17,180.17,180.17,180.17,,-0.88%
03/13/2003,181.76,181.76,181.76,181.76,,-2.26%
03/12/2003,185.96,185.96,185.96,185.96,,0.16%
03/11/2003,185.67,185.67,185.67,185.67,,-1.07%
03/10/2003,187.68,187.68,187.68,187.68,,-0.77%
03/07/2003,189.13,189.13,189.13,189.13,,1.55%
03/06/2003,186.24,186.24,186.24,186.24,,0.51%
03/05/2003,185.3,185.3,185.3,185.3,,-0.29%
03/04/2003,185.83,185.83,185.83,185.83,,0.52%
03/03/2003,184.87,184.87,184.87,184.87,,-1.73%
02/28/2003,188.12,188.12,188.12,188.12,,0.41%
02/27/2003,187.36,187.36,187.36,187.36,,-0.71%
02/26/2003,188.7,188.7,188.7,188.7,,2.73%
02/25/2003,183.68,183.68,183.68,183.68,,-2.17%
02/24/2003,187.75,187.75,187.75,187.75,,2.22%
02/21/2003,183.68,183.68,183.68,183.68,,1.47%
02/20/2003,181.02,181.02,181.02,181.02,,-1.12%
02/19/2003,183.06,183.06,183.06,183.06,,0.53%
02/18/2003,182.09,182.09,182.09,182.09,,-0.21%
02/14/2003,182.47,182.47,182.47,182.47,,0.60%
02/13/2003,181.38,181.38,181.38,181.38,,-0.04%
02/12/2003,181.45,181.45,181.45,181.45,,-0.93%
02/11/2003,183.15,183.15,183.15,183.15,,0.89%
02/10/2003,181.53,181.53,181.53,181.53,,-0.36%
02/07/2003,182.18,182.18,182.18,182.18,,1.43%
02/06/2003,179.62,179.62,179.62,179.62,,0.17%
02/05/2003,179.32,179.32,179.32,179.32,,0.21%
02/04/2003,178.94,178.94,178.94,178.94,,0.85%
02/03/2003,177.42,177.42,177.42,177.42,,-0.51%
01/31/2003,178.34,178.34,178.34,178.34,,-0.09%
01/30/2003,178.49,178.49,178.49,178.49,,0.67%
01/29/2003,177.31,177.31,177.31,177.31,,1.61%
01/28/2003,174.5,174.5,174.5,174.5,,0.75%
01/27/2003,173.21,173.21,173.21,173.21,,-1.02%
01/24/2003,174.99,174.99,174.99,174.99,,1.21%
01/23/2003,172.89,172.89,172.89,172.89,,-0.31%
01/22/2003,173.43,173.43,173.43,173.43,,0.32%
01/21/2003,172.87,172.87,172.87,172.87,,0.20%
01/17/2003,172.53,172.53,172.53,172.53,,0.13%
01/16/2003,172.3,172.3,172.3,172.3,,0.77%
01/15/2003,170.98,170.98,170.98,170.98,,1.09%
01/14/2003,169.14,169.14,169.14,169.14,,0.12%
01/13/2003,168.93,168.93,168.93,168.93,,0.41%
01/10/2003,168.24,168.24,168.24,168.24,,-0.86%
01/09/2003,169.69,169.69,169.69,169.69,,1.68%
01/08/2003,166.88,166.88,166.88,166.88,,-0.04%
01/07/2003,166.96,166.96,166.96,166.96,,-0.90%
01/06/2003,168.48,168.48,168.48,168.48,,-1.20%
01/03/2003,170.52,170.52,170.52,170.52,,1.61%
01/02/2003,167.82,167.82,167.82,167.82,,2.05%
12/31/2002,164.44,164.44,164.44,164.44,,-0.04%
12/30/2002,164.51,164.51,164.51,164.51,,-2.28%
12/27/2002,168.35,168.35,168.35,168.35,,0.09%
12/26/2002,168.19,168.19,168.19,168.19,,0.07%
12/24/2002,168.07,168.07,168.07,168.07,,0.27%
12/23/2002,167.62,167.62,167.62,167.62,,1.75%
12/20/2002,164.74,164.74,164.74,164.74,,0.29%
12/19/2002,164.27,164.27,164.27,164.27,,-0.23%
12/18/2002,164.64,164.64,164.64,164.64,,0.69%
12/17/2002,163.51,163.51,163.51,163.51,,-0.23%
12/16/2002,163.89,163.89,163.89,163.89,,1.94%
12/13/2002,160.77,160.77,160.77,160.77,,1.03%
12/12/2002,159.14,159.14,159.14,159.14,,1.18%
12/11/2002,157.28,157.28,157.28,157.28,,-0.56%
12/10/2002,158.16,158.16,158.16,158.16,,1.59%
12/09/2002,155.69,155.69,155.69,155.69,,0.22%
12/06/2002,155.35,155.35,155.35,155.35,,-0.48%
12/05/2002,156.1,156.1,156.1,156.1,,0.86%
12/04/2002,154.77,154.77,154.77,154.77,,-0.74%
12/03/2002,155.93,155.93,155.93,155.93,,-0.28%
12/02/2002,156.36,156.36,156.36,156.36,,1.22%
11/29/2002,154.48,154.48,154.48,154.48,,0.00%
11/27/2002,154.49,154.49,154.49,154.49,,0.88%
11/26/2002,153.14,153.14,153.14,153.14,,0.02%
11/25/2002,153.11,153.11,153.11,153.11,,-1.27%
11/22/2002,155.08,155.08,155.08,155.08,,0.58%
11/21/2002,154.19,154.19,154.19,154.19,,0.42%
11/20/2002,153.54,153.54,153.54,153.54,,1.18%
11/19/2002,151.76,151.76,151.76,151.76,,0.04%
11/18/2002,151.69,151.69,151.69,151.69,,1.79%
11/15/2002,149.03,149.03,149.03,149.03,,1.03%
11/14/2002,147.51,147.51,147.51,147.51,,0.18%
11/13/2002,147.25,147.25,147.25,147.25,,-1.38%
11/12/2002,149.31,149.31,149.31,149.31,,-0.54%
11/11/2002,150.13,150.13,150.13,150.13,,-0.01%
11/08/2002,150.15,150.15,150.15,150.15,,0.03%
11/07/2002,150.1,150.1,150.1,150.1,,-0.58%
11/06/2002,150.97,150.97,150.97,150.97,,-0.07%
11/05/2002,151.08,151.08,151.08,151.08,,-0.94%
11/04/2002,152.52,152.52,152.52,152.52,,-0.29%
11/01/2002,152.97,152.97,152.97,152.97,,-0.10%
10/31/2002,153.12,153.12,153.12,153.12,,1.07%
10/30/2002,151.49,151.49,151.49,151.49,,0.18%
10/29/2002,151.23,151.23,151.23,151.23,,-0.84%
10/28/2002,152.51,152.51,152.51,152.51,,-0.15%
10/25/2002,152.74,152.74,152.74,152.74,,-0.89%
10/24/2002,154.11,154.11,154.11,154.11,,0.32%
10/23/2002,153.61,153.61,153.61,153.61,,0.41%
10/22/2002,152.99,152.99,152.99,152.99,,-0.37%
10/21/2002,153.56,153.56,153.56,153.56,,-1.14%
10/18/2002,155.32,155.32,155.32,155.32,,-0.91%
10/17/2002,156.76,156.76,156.76,156.76,,0.42%
10/16/2002,156.1,156.1,156.1,156.1,,-0.74%
10/15/2002,157.26,157.26,157.26,157.26,,0.83%
10/14/2002,155.96,155.96,155.96,155.96,,1.34%
10/11/2002,153.91,153.91,153.91,153.91,,0.80%
10/10/2002,152.68,152.68,152.68,152.68,,-0.66%
10/09/2002,153.7,153.7,153.7,153.7,,-0.02%
10/08/2002,153.73,153.73,153.73,153.73,,0.35%
10/07/2002,153.19,153.19,153.19,153.19,,0.58%
10/04/2002,152.31,152.31,152.31,152.31,,-0.44%
10/03/2002,152.98,152.98,152.98,152.98,,-1.60%
10/02/2002,155.47,155.47,155.47,155.47,,0.17%
10/01/2002,155.2,155.2,155.2,155.2,,0.69%
09/30/2002,154.15,154.15,154.15,154.15,,-0.29%
09/27/2002,154.59,154.59,154.59,154.59,,0.28%
09/26/2002,154.16,154.16,154.16,154.16,,-0.09%
09/25/2002,154.3,154.3,154.3,154.3,,-0.31%
09/24/2002,154.78,154.78,154.78,154.78,,-0.06%
09/23/2002,154.88,154.88,154.88,154.88,,0.63%
09/20/2002,153.92,153.92,153.92,153.92,,-0.44%
09/19/2002,154.61,154.61,154.61,154.61,,-0.06%
09/18/2002,154.7,154.7,154.7,154.7,,0.50%
09/17/2002,153.94,153.94,153.94,153.94,,-0.46%
09/16/2002,154.65,154.65,154.65,154.65,,-0.04%
09/13/2002,154.71,154.71,154.71,154.71,,0.93%
09/12/2002,153.3,153.3,153.3,153.3,,-1.07%
09/11/2002,154.96,154.96,154.96,154.96,,0.04%
09/10/2002,154.9,154.9,154.9,154.9,,0.11%
09/09/2002,154.73,154.73,154.73,154.73,,1.54%
09/06/2002,152.38,152.38,152.38,152.38,,1.00%
09/05/2002,150.87,150.87,150.87,150.87,,1.35%
09/04/2002,148.87,148.87,148.87,148.87,,1.17%
09/03/2002,147.15,147.15,147.15,147.15,,-1.52%
08/30/2002,149.41,149.41,149.41,149.41,,0.34%
08/29/2002,148.91,148.91,148.91,148.91,,0.31%
08/28/2002,148.45,148.45,148.45,148.45,,-0.71%
08/27/2002,149.52,149.52,149.52,149.52,,-0.35%
08/26/2002,150.04,150.04,150.04,150.04,,0.90%
08/23/2002,148.69,148.69,148.69,148.69,,-0.47%
08/22/2002,149.39,149.39,149.39,149.39,,0.52%
08/21/2002,148.62,148.62,148.62,148.62,,0.76%
08/20/2002,147.49,147.49,147.49,147.49,,-0.44%
08/19/2002,148.15,148.15,148.15,148.15,,0.06%
08/16/2002,148.06,148.06,148.06,148.06,,-0.28%
08/15/2002,148.47,148.47,148.47,148.47,,1.82%
08/14/2002,145.82,145.82,145.82,145.82,,0.36%
08/13/2002,145.29,145.29,145.29,145.29,,0.42%
08/12/2002,144.68,144.68,144.68,144.68,,1.91%
08/09/2002,141.97,141.97,141.97,141.97,,0.54%
08/08/2002,141.2,141.2,141.2,141.2,,0.26%
08/07/2002,140.84,140.84,140.84,140.84,,-0.49%
08/06/2002,141.54,141.54,141.54,141.54,,0.98%
08/05/2002,140.16,140.16,140.16,140.16,,-1.25%
08/02/2002,141.95,141.95,141.95,141.95,,0.40%
08/01/2002,141.38,141.38,141.38,141.38,,-0.93%
07/31/2002,142.72,142.72,142.72,142.72,,0.20%
07/30/2002,142.43,142.43,142.43,142.43,,1.55%
07/29/2002,140.26,140.26,140.26,140.26,,-0.84%
07/26/2002,141.45,141.45,141.45,141.45,,-0.73%
07/25/2002,142.48,142.48,142.48,142.48,,-0.34%
07/24/2002,142.96,142.96,142.96,142.96,,0.67%
07/23/2002,142.02,142.02,142.02,142.02,,-1.69%
07/22/2002,144.47,144.47,144.47,144.47,,-0.89%
07/19/2002,145.76,145.76,145.76,145.76,,0.34%
07/18/2002,145.26,145.26,145.26,145.26,,0.02%
07/17/2002,145.23,145.23,145.23,145.23,,-0.09%
07/16/2002,145.36,145.36,145.36,145.36,,1.38%
07/15/2002,143.38,143.38,143.38,143.38,,-0.48%
07/12/2002,144.07,144.07,144.07,144.07,,0.06%
07/11/2002,143.98,143.98,143.98,143.98,,0.30%
07/10/2002,143.55,143.55,143.55,143.55,,0.89%
07/09/2002,142.28,142.28,142.28,142.28,,0.85%
07/08/2002,141.09,141.09,141.09,141.09,,-1.54%
07/05/2002,143.3,143.3,143.3,143.3,,0.29%
07/03/2002,142.88,142.88,142.88,142.88,,-0.17%
07/02/2002,143.13,143.13,143.13,143.13,,0.13%
07/01/2002,142.95,142.95,142.95,142.95,,0.63%
06/28/2002,142.05,142.05,142.05,142.05,,0.32%
06/27/2002,141.6,141.6,141.6,141.6,,0.24%
06/26/2002,141.26,141.26,141.26,141.26,,0.18%
06/25/2002,141.02,141.02,141.02,141.02,,0.13%
06/24/2002,140.84,140.84,140.84,140.84,,1.79%
06/21/2002,138.36,138.36,138.36,138.36,,-0.28%
06/20/2002,138.74,138.74,138.74,138.74,,0.77%
06/19/2002,137.68,137.68,137.68,137.68,,-0.13%
06/18/2002,137.86,137.86,137.86,137.86,,-0.86%
06/17/2002,139.06,139.06,139.06,139.06,,0.28%
06/14/2002,138.67,138.67,138.67,138.67,,0.26%
06/13/2002,138.3,138.3,138.3,138.3,,1.60%
06/12/2002,136.13,136.13,136.13,136.13,,0.59%
06/11/2002,135.32,135.32,135.32,135.32,,-0.35%
06/10/2002,135.79,135.79,135.79,135.79,,-1.09%
06/07/2002,137.29,137.29,137.29,137.29,,-0.27%
06/06/2002,137.65,137.65,137.65,137.65,,-0.26%
06/05/2002,138,138,138,138,,-0.77%
06/04/2002,139.07,139.07,139.07,139.07,,0.45%
06/03/2002,138.46,138.46,138.46,138.46,,-0.38%
05/31/2002,138.98,138.98,138.98,138.98,,1.43%
05/30/2002,137.03,137.03,137.03,137.03,,-1.80%
05/29/2002,139.53,139.53,139.53,139.53,,1.19%
05/28/2002,137.89,137.89,137.89,137.89,,-0.27%
05/24/2002,138.27,138.27,138.27,138.27,,-0.45%
05/23/2002,138.89,138.89,138.89,138.89,,-0.07%
05/22/2002,138.98,138.98,138.98,138.98,,0.06%
05/21/2002,138.9,138.9,138.9,138.9,,-1.16%
05/20/2002,140.52,140.52,140.52,140.52,,-0.11%
05/17/2002,140.67,140.67,140.67,140.67,,-0.22%
05/16/2002,140.98,140.98,140.98,140.98,,0.13%
05/15/2002,140.79,140.79,140.79,140.79,,-1.52%
05/14/2002,142.96,142.96,142.96,142.96,,1.17%
05/13/2002,141.31,141.31,141.31,141.31,,1.14%
05/10/2002,139.71,139.71,139.71,139.71,,0.85%
05/09/2002,138.54,138.54,138.54,138.54,,-0.06%
05/08/2002,138.61,138.61,138.61,138.61,,1.24%
05/07/2002,136.92,136.92,136.92,136.92,,0.75%
05/06/2002,135.9,135.9,135.9,135.9,,-0.79%
05/03/2002,136.98,136.98,136.98,136.98,,0.29%
05/02/2002,136.59,136.59,136.59,136.59,,-0.67%
05/01/2002,137.51,137.51,137.51,137.51,,-1.40%
04/30/2002,139.46,139.46,139.46,139.46,,0.50%
04/29/2002,138.78,138.78,138.78,138.78,,0.61%
04/26/2002,137.93,137.93,137.93,137.93,,0.45%
04/25/2002,137.31,137.31,137.31,137.31,,-0.41%
04/24/2002,137.88,137.88,137.88,137.88,,-0.79%
04/23/2002,138.98,138.98,138.98,138.98,,0.22%
04/22/2002,138.67,138.67,138.67,138.67,,0.22%
04/19/2002,138.36,138.36,138.36,138.36,,0.12%
04/18/2002,138.2,138.2,138.2,138.2,,0.21%
04/17/2002,137.91,137.91,137.91,137.91,,2.21%
04/16/2002,134.93,134.93,134.93,134.93,,0.56%
04/15/2002,134.18,134.18,134.18,134.18,,1.91%
04/12/2002,131.67,131.67,131.67,131.67,,-2.22%
04/11/2002,134.66,134.66,134.66,134.66,,-1.90%
04/10/2002,137.28,137.28,137.28,137.28,,0.05%
04/09/2002,137.21,137.21,137.21,137.21,,-0.76%
04/08/2002,138.26,138.26,138.26,138.26,,0.08%
04/05/2002,138.14,138.14,138.14,138.14,,-0.76%
04/04/2002,139.2,139.2,139.2,139.2,,-1.95%
04/03/2002,141.96,141.96,141.96,141.96,,-1.29%
04/02/2002,143.82,143.82,143.82,143.82,,1.44%
04/01/2002,141.77,141.77,141.77,141.77,,1.46%
03/28/2002,139.73,139.73,139.73,139.73,,0.39%
03/27/2002,139.18,139.18,139.18,139.18,,1.05%
03/26/2002,137.74,137.74,137.74,137.74,,0.53%
03/25/2002,137.01,137.01,137.01,137.01,,-0.55%
03/22/2002,137.77,137.77,137.77,137.77,,-0.72%
03/21/2002,138.77,138.77,138.77,138.77,,1.03%
03/20/2002,137.36,137.36,137.36,137.36,,-0.64%
03/19/2002,138.25,138.25,138.25,138.25,,-0.11%
03/18/2002,138.4,138.4,138.4,138.4,,0.79%
03/15/2002,137.32,137.32,137.32,137.32,,0.22%
03/14/2002,137.02,137.02,137.02,137.02,,0.72%
03/13/2002,136.04,136.04,136.04,136.04,,-0.31%
03/12/2002,136.46,136.46,136.46,136.46,,-0.07%
03/11/2002,136.56,136.56,136.56,136.56,,1.77%
03/08/2002,134.18,134.18,134.18,134.18,,0.56%
03/07/2002,133.44,133.44,133.44,133.44,,1.77%
03/06/2002,131.12,131.12,131.12,131.12,,0.53%
03/05/2002,130.43,130.43,130.43,130.43,,1.23%
03/04/2002,128.84,128.84,128.84,128.84,,0.43%
03/01/2002,128.29,128.29,128.29,128.29,,2.04%
02/28/2002,125.72,125.72,125.72,125.72,,0.71%
02/27/2002,124.83,124.83,124.83,124.83,,0.11%
02/26/2002,124.69,124.69,124.69,124.69,,1.58%
02/25/2002,122.75,122.75,122.75,122.75,,-1.57%
02/22/2002,124.7,124.7,124.7,124.7,,-0.10%
02/21/2002,124.83,124.83,124.83,124.83,,1.07%
02/20/2002,123.51,123.51,123.51,123.51,,-0.68%
02/19/2002,124.35,124.35,124.35,124.35,,-1.20%
02/15/2002,125.86,125.86,125.86,125.86,,0.08%
02/14/2002,125.76,125.76,125.76,125.76,,-0.42%
02/13/2002,126.29,126.29,126.29,126.29,,0.53%
02/12/2002,125.63,125.63,125.63,125.63,,-0.67%
02/11/2002,126.47,126.47,126.47,126.47,,1.50%
02/08/2002,124.6,124.6,124.6,124.6,,1.16%
02/07/2002,123.17,123.17,123.17,123.17,,0.35%
02/06/2002,122.73,122.73,122.73,122.73,,-0.48%
02/05/2002,123.32,123.32,123.32,123.32,,0.05%
02/04/2002,123.26,123.26,123.26,123.26,,-0.33%
02/01/2002,123.67,123.67,123.67,123.67,,1.91%
01/31/2002,121.34,121.34,121.34,121.34,,1.15%
01/30/2002,119.97,119.97,119.97,119.97,,-0.88%
01/29/2002,121.03,121.03,121.03,121.03,,-0.75%
01/28/2002,121.95,121.95,121.95,121.95,,-0.76%
01/25/2002,122.88,122.88,122.88,122.88,,0.47%
01/24/2002,122.3,122.3,122.3,122.3,,0.15%
01/23/2002,122.12,122.12,122.12,122.12,,0.83%
01/22/2002,121.11,121.11,121.11,121.11,,-0.02%
01/18/2002,121.14,121.14,121.14,121.14,,-0.80%
01/17/2002,122.11,122.11,122.11,122.11,,-2.17%
01/16/2002,124.82,124.82,124.82,124.82,,0.80%
01/15/2002,123.83,123.83,123.83,123.83,,0.32%
01/14/2002,123.43,123.43,123.43,123.43,,-1.54%
01/11/2002,125.37,125.37,125.37,125.37,,-0.97%
01/10/2002,126.6,126.6,126.6,126.6,,-0.09%
01/09/2002,126.71,126.71,126.71,126.71,,-1.03%
01/08/2002,128.04,128.04,128.04,128.04,,-0.26%
01/07/2002,128.37,128.37,128.37,128.37,,0.77%
01/04/2002,127.38,127.38,127.38,127.38,,2.69%
01/03/2002,124.04,124.04,124.04,124.04,,-1.23%
01/02/2002,125.58,125.58,125.58,125.58,,1.99%
12/31/2001,123.13,123.13,123.13,123.13,,-1.52%
12/28/2001,125.02,125.02,125.02,125.02,,-0.64%
12/27/2001,125.82,125.82,125.82,125.82,,-1.25%
12/26/2001,127.42,127.42,127.42,127.42,,2.95%
12/24/2001,123.77,123.77,123.77,123.77,,0.09%
12/21/2001,123.66,123.66,123.66,123.66,,0.93%
12/20/2001,122.52,122.52,122.52,122.52,,-0.60%
12/19/2001,123.26,123.26,123.26,123.26,,-0.03%
12/18/2001,123.29,123.29,123.29,123.29,,-0.05%
12/17/2001,123.36,123.36,123.36,123.36,,-0.33%
12/14/2001,123.77,123.77,123.77,123.77,,2.52%
12/13/2001,120.72,120.72,120.72,120.72,,-0.30%
12/12/2001,121.08,121.08,121.08,121.08,,-0.15%
12/11/2001,121.27,121.27,121.27,121.27,,0.05%
12/10/2001,121.21,121.21,121.21,121.21,,-1.25%
12/07/2001,122.75,122.75,122.75,122.75,,0.34%
12/06/2001,122.34,122.34,122.34,122.34,,-1.42%
12/05/2001,124.1,124.1,124.1,124.1,,-0.46%
12/04/2001,124.67,124.67,124.67,124.67,,-1.33%
12/03/2001,126.35,126.35,126.35,126.35,,0.13%
11/30/2001,126.19,126.19,126.19,126.19,,1.95%
11/29/2001,123.78,123.78,123.78,123.78,,-0.33%
11/28/2001,124.19,124.19,124.19,124.19,,-0.92%
11/27/2001,125.35,125.35,125.35,125.35,,1.28%
11/26/2001,123.77,123.77,123.77,123.77,,-0.40%
11/23/2001,124.26,124.26,124.26,124.26,,-0.03%
11/21/2001,124.3,124.3,124.3,124.3,,-0.11%
11/20/2001,124.44,124.44,124.44,124.44,,0.88%
11/19/2001,123.36,123.36,123.36,123.36,,0.24%
11/16/2001,123.06,123.06,123.06,123.06,,1.68%
11/15/2001,121.03,121.03,121.03,121.03,,-3.69%
11/14/2001,125.67,125.67,125.67,125.67,,-2.31%
11/13/2001,128.65,128.65,128.65,128.65,,1.94%
11/12/2001,126.19,126.19,126.19,126.19,,-1.56%
11/09/2001,128.2,128.2,128.2,128.2,,2.21%
11/08/2001,125.42,125.42,125.42,125.42,,1.97%
11/07/2001,123,123,123,123,,0.71%
11/06/2001,122.13,122.13,122.13,122.13,,-0.10%
11/05/2001,122.25,122.25,122.25,122.25,,-0.61%
11/02/2001,123,123,123,123,,-0.74%
11/01/2001,123.91,123.91,123.91,123.91,,-1.02%
10/31/2001,125.18,125.18,125.18,125.18,,-0.64%
10/30/2001,125.99,125.99,125.99,125.99,,-0.54%
10/29/2001,126.67,126.67,126.67,126.67,,0.59%
10/26/2001,125.92,125.92,125.92,125.92,,0.16%
10/25/2001,125.71,125.71,125.71,125.71,,-0.57%
10/24/2001,126.43,126.43,126.43,126.43,,1.23%
10/23/2001,124.9,124.9,124.9,124.9,,-0.60%
10/22/2001,125.66,125.66,125.66,125.66,,-0.36%
10/19/2001,126.12,126.12,126.12,126.12,,0.99%
10/18/2001,124.88,124.88,124.88,124.88,,-1.05%
10/17/2001,126.2,126.2,126.2,126.2,,-0.29%
10/16/2001,126.57,126.57,126.57,126.57,,0.49%
10/15/2001,125.96,125.96,125.96,125.96,,-1.14%
10/12/2001,127.41,127.41,127.41,127.41,,-1.94%
10/11/2001,129.93,129.93,129.93,129.93,,1.09%
10/10/2001,128.53,128.53,128.53,128.53,,0.20%
10/09/2001,128.27,128.27,128.27,128.27,,-0.45%
10/08/2001,128.85,128.85,128.85,128.85,,-0.37%
10/05/2001,129.33,129.33,129.33,129.33,,-0.80%
10/04/2001,130.37,130.37,130.37,130.37,,1.17%
10/03/2001,128.86,128.86,128.86,128.86,,-0.61%
10/02/2001,129.65,129.65,129.65,129.65,,-0.73%
10/01/2001,130.61,130.61,130.61,130.61,,-0.36%
09/28/2001,131.07,131.07,131.07,131.07,,0.25%
09/27/2001,130.74,130.74,130.74,130.74,,0.31%
09/26/2001,130.34,130.34,130.34,130.34,,1.17%
09/25/2001,128.83,128.83,128.83,128.83,,-0.44%
09/24/2001,129.4,129.4,129.4,129.4,,-5.24%
09/21/2001,136.56,136.56,136.56,136.56,,-0.99%
09/20/2001,137.92,137.92,137.92,137.92,,-0.32%
09/19/2001,138.37,138.37,138.37,138.37,,-2.07%
09/18/2001,141.29,141.29,141.29,141.29,,-2.17%
09/17/2001,144.43,144.43,144.43,144.43,,1.76%
09/11/2001,141.94,141.94,141.94,141.94,,0.11%
09/10/2001,141.79,141.79,141.79,141.79,,-0.63%
09/07/2001,142.69,142.69,142.69,142.69,,0.67%
09/06/2001,141.74,141.74,141.74,141.74,,0.13%
09/05/2001,141.56,141.56,141.56,141.56,,0.21%
09/04/2001,141.26,141.26,141.26,141.26,,-1.05%
08/31/2001,142.76,142.76,142.76,142.76,,1.02%
08/30/2001,141.31,141.31,141.31,141.31,,-1.46%
08/29/2001,143.41,143.41,143.41,143.41,,-0.04%
08/28/2001,143.46,143.46,143.46,143.46,,0.13%
08/27/2001,143.28,143.28,143.28,143.28,,-0.23%
08/24/2001,143.6,143.6,143.6,143.6,,0.13%
08/23/2001,143.42,143.42,143.42,143.42,,0.24%
08/22/2001,143.08,143.08,143.08,143.08,,-0.79%
08/21/2001,144.21,144.21,144.21,144.21,,0.71%
08/20/2001,143.2,143.2,143.2,143.2,,-0.52%
08/17/2001,143.95,143.95,143.95,143.95,,-0.62%
08/16/2001,144.85,144.85,144.85,144.85,,-0.73%
08/15/2001,145.91,145.91,145.91,145.91,,0.18%
08/14/2001,145.65,145.65,145.65,145.65,,0.46%
08/13/2001,144.99,144.99,144.99,144.99,,0.24%
08/10/2001,144.64,144.64,144.64,144.64,,0.28%
08/09/2001,144.24,144.24,144.24,144.24,,0.28%
08/08/2001,143.83,143.83,143.83,143.83,,-0.32%
08/07/2001,144.29,144.29,144.29,144.29,,0.29%
08/06/2001,143.88,143.88,143.88,143.88,,0.47%
08/03/2001,143.2,143.2,143.2,143.2,,-0.44%
08/02/2001,143.84,143.84,143.84,143.84,,0.91%
08/01/2001,142.54,142.54,142.54,142.54,,-0.44%
07/31/2001,143.18,143.18,143.18,143.18,,-0.35%
07/30/2001,143.68,143.68,143.68,143.68,,-0.46%
07/27/2001,144.35,144.35,144.35,144.35,,0.30%
07/26/2001,143.91,143.91,143.91,143.91,,-0.34%
07/25/2001,144.4,144.4,144.4,144.4,,1.34%
07/24/2001,142.49,142.49,142.49,142.49,,0.18%
07/23/2001,142.24,142.24,142.24,142.24,,0.21%
07/20/2001,141.94,141.94,141.94,141.94,,0.58%
07/19/2001,141.13,141.13,141.13,141.13,,-0.57%
07/18/2001,141.94,141.94,141.94,141.94,,-1.21%
07/17/2001,143.68,143.68,143.68,143.68,,0.45%
07/16/2001,143.03,143.03,143.03,143.03,,-0.87%
07/13/2001,144.29,144.29,144.29,144.29,,-1.21%
07/12/2001,146.05,146.05,146.05,146.05,,0.44%
07/11/2001,145.41,145.41,145.41,145.41,,0.26%
07/10/2001,145.03,145.03,145.03,145.03,,0.03%
07/09/2001,144.99,144.99,144.99,144.99,,-0.35%
07/06/2001,145.51,145.51,145.51,145.51,,1.35%
07/05/2001,143.57,143.57,143.57,143.57,,0.64%
07/03/2001,142.66,142.66,142.66,142.66,,0.13%
07/02/2001,142.47,142.47,142.47,142.47,,-0.77%
06/29/2001,143.58,143.58,143.58,143.58,,1.06%
06/28/2001,142.07,142.07,142.07,142.07,,-0.28%
06/27/2001,142.46,142.46,142.46,142.46,,-1.83%
06/26/2001,145.12,145.12,145.12,145.12,,-0.02%
06/25/2001,145.16,145.16,145.16,145.16,,-0.07%
06/22/2001,145.26,145.26,145.26,145.26,,-0.13%
06/21/2001,145.45,145.45,145.45,145.45,,0.39%
06/20/2001,144.89,144.89,144.89,144.89,,-2.58%
06/19/2001,148.73,148.73,148.73,148.73,,-0.09%
06/18/2001,148.87,148.87,148.87,148.87,,-0.76%
06/15/2001,150.01,150.01,150.01,150.01,,-1.28%
06/14/2001,151.96,151.96,151.96,151.96,,0.09%
06/13/2001,151.81,151.81,151.81,151.81,,-0.50%
06/12/2001,152.57,152.57,152.57,152.57,,0.58%
06/11/2001,151.69,151.69,151.69,151.69,,0.59%
06/08/2001,150.79,150.79,150.79,150.79,,0.99%
06/07/2001,149.31,149.31,149.31,149.31,,-0.20%
06/06/2001,149.61,149.61,149.61,149.61,,-0.67%
06/05/2001,150.62,150.62,150.62,150.62,,0.15%
06/04/2001,150.39,150.39,150.39,150.39,,0.06%
06/01/2001,150.31,150.31,150.31,150.31,,-0.03%
05/31/2001,150.36,150.36,150.36,150.36,,-0.35%
05/30/2001,150.89,150.89,150.89,150.89,,-0.49%
05/29/2001,151.63,151.63,151.63,151.63,,-0.82%
05/25/2001,152.89,152.89,152.89,152.89,,-1.02%
05/24/2001,154.45,154.45,154.45,154.45,,-1.34%
05/23/2001,156.55,156.55,156.55,156.55,,-0.44%
05/22/2001,157.24,157.24,157.24,157.24,,-0.55%
05/21/2001,158.1,158.1,158.1,158.1,,-0.33%
05/18/2001,158.63,158.63,158.63,158.63,,1.86%
05/17/2001,155.73,155.73,155.73,155.73,,0.20%
05/16/2001,155.41,155.41,155.41,155.41,,-0.35%
05/15/2001,155.96,155.96,155.96,155.96,,0.75%
05/14/2001,154.8,154.8,154.8,154.8,,0.11%
05/11/2001,154.63,154.63,154.63,154.63,,-0.40%
05/10/2001,155.26,155.26,155.26,155.26,,0.20%
05/09/2001,154.94,154.94,154.94,154.94,,0.28%
05/08/2001,154.52,154.52,154.52,154.52,,-0.08%
05/07/2001,154.65,154.65,154.65,154.65,,-0.62%
05/04/2001,155.62,155.62,155.62,155.62,,-0.30%
05/03/2001,156.09,156.09,156.09,156.09,,1.08%
05/02/2001,154.42,154.42,154.42,154.42,,-1.16%
05/01/2001,156.23,156.23,156.23,156.23,,0.97%
04/30/2001,154.73,154.73,154.73,154.73,,0.26%
04/27/2001,154.33,154.33,154.33,154.33,,-0.25%
04/26/2001,154.73,154.73,154.73,154.73,,1.62%
04/25/2001,152.25,152.25,152.25,152.25,,0.39%
04/24/2001,151.66,151.66,151.66,151.66,,-0.97%
04/23/2001,153.15,153.15,153.15,153.15,,0.00%
04/20/2001,153.15,153.15,153.15,153.15,,-0.75%
04/19/2001,154.3,154.3,154.3,154.3,,-0.59%
04/18/2001,155.22,155.22,155.22,155.22,,-0.04%
04/17/2001,155.28,155.28,155.28,155.28,,-0.72%
04/16/2001,156.41,156.41,156.41,156.41,,1.00%
04/12/2001,154.86,154.86,154.86,154.86,,0.16%
04/11/2001,154.62,154.62,154.62,154.62,,-0.28%
04/10/2001,155.05,155.05,155.05,155.05,,1.50%
04/09/2001,152.76,152.76,152.76,152.76,,0.49%
04/06/2001,152.02,152.02,152.02,152.02,,-0.36%
04/05/2001,152.57,152.57,152.57,152.57,,0.56%
04/04/2001,151.73,151.73,151.73,151.73,,1.57%
04/03/2001,149.38,149.38,149.38,149.38,,0.93%
04/02/2001,148.01,148.01,148.01,148.01,,-0.69%
03/30/2001,149.04,149.04,149.04,149.04,,-1.32%
03/29/2001,151.04,151.04,151.04,151.04,,-0.26%
03/28/2001,151.44,151.44,151.44,151.44,,-2.24%
03/27/2001,154.91,154.91,154.91,154.91,,0.75%
03/26/2001,153.76,153.76,153.76,153.76,,0.80%
03/23/2001,152.54,152.54,152.54,152.54,,1.27%
03/22/2001,150.62,150.62,150.62,150.62,,-0.38%
03/21/2001,151.2,151.2,151.2,151.2,,0.28%
03/20/2001,150.78,150.78,150.78,150.78,,0.05%
03/19/2001,150.7,150.7,150.7,150.7,,-0.48%
03/16/2001,151.43,151.43,151.43,151.43,,-0.27%
03/15/2001,151.84,151.84,151.84,151.84,,-0.58%
03/14/2001,152.72,152.72,152.72,152.72,,-2.08%
03/13/2001,155.96,155.96,155.96,155.96,,-0.84%
03/12/2001,157.28,157.28,157.28,157.28,,-0.12%
03/09/2001,157.46,157.46,157.46,157.46,,-0.71%
03/08/2001,158.6,158.6,158.6,158.6,,-0.97%
03/07/2001,160.15,160.15,160.15,160.15,,0.62%
03/06/2001,159.16,159.16,159.16,159.16,,-0.29%
03/05/2001,159.62,159.62,159.62,159.62,,0.92%
03/02/2001,158.16,158.16,158.16,158.16,,0.65%
03/01/2001,157.14,157.14,157.14,157.14,,0.24%
02/28/2001,156.77,156.77,156.77,156.77,,-0.34%
02/27/2001,157.3,157.3,157.3,157.3,,0.06%
02/26/2001,157.2,157.2,157.2,157.2,,-0.82%
02/23/2001,158.5,158.5,158.5,158.5,,0.37%
02/22/2001,157.92,157.92,157.92,157.92,,-0.21%
02/21/2001,158.25,158.25,158.25,158.25,,-0.34%
02/20/2001,158.79,158.79,158.79,158.79,,-0.56%
02/16/2001,159.68,159.68,159.68,159.68,,0.55%
02/15/2001,158.81,158.81,158.81,158.81,,-1.13%
02/14/2001,160.63,160.63,160.63,160.63,,-1.02%
02/13/2001,162.28,162.28,162.28,162.28,,0.38%
02/12/2001,161.67,161.67,161.67,161.67,,-0.74%
02/09/2001,162.87,162.87,162.87,162.87,,-0.70%
02/08/2001,164.01,164.01,164.01,164.01,,-0.01%
02/07/2001,164.04,164.04,164.04,164.04,,1.19%
02/06/2001,162.1,162.1,162.1,162.1,,0.08%
02/05/2001,161.97,161.97,161.97,161.97,,-1.33%
02/02/2001,164.16,164.16,164.16,164.16,,1.78%
02/01/2001,161.29,161.29,161.29,161.29,,2.19%
01/31/2001,157.84,157.84,157.84,157.84,,-0.99%
01/30/2001,159.41,159.41,159.41,159.41,,0.09%
01/29/2001,159.27,159.27,159.27,159.27,,-1.73%
01/26/2001,162.08,162.08,162.08,162.08,,0.61%
01/25/2001,161.1,161.1,161.1,161.1,,0.27%
01/24/2001,160.67,160.67,160.67,160.67,,-0.68%
01/23/2001,161.77,161.77,161.77,161.77,,-0.84%
01/22/2001,163.14,163.14,163.14,163.14,,0.27%
01/19/2001,162.71,162.71,162.71,162.71,,1.48%
01/18/2001,160.34,160.34,160.34,160.34,,1.16%
01/17/2001,158.5,158.5,158.5,158.5,,-0.86%
01/16/2001,159.88,159.88,159.88,159.88,,-0.27%
01/12/2001,160.3,160.3,160.3,160.3,,0.51%
01/11/2001,159.49,159.49,159.49,159.49,,-0.27%
01/10/2001,159.92,159.92,159.92,159.92,,1.51%
01/09/2001,157.54,157.54,157.54,157.54,,0.18%
01/08/2001,157.25,157.25,157.25,157.25,,0.02%
01/05/2001,157.22,157.22,157.22,157.22,,0.31%
01/04/2001,156.74,156.74,156.74,156.74,,0.76%
01/03/2001,155.56,155.56,155.56,155.56,,0.33%
01/02/2001,155.04,155.04,155.04,155.04,,-1.47%
12/29/2000,157.36,157.36,157.36,157.36,,1.48%
12/28/2000,155.06,155.06,155.06,155.06,,-0.70%
12/27/2000,156.16,156.16,156.16,156.16,,0.01%
12/26/2000,156.15,156.15,156.15,156.15,,1.01%
12/22/2000,154.59,154.59,154.59,154.59,,-0.23%
12/21/2000,154.94,154.94,154.94,154.94,,0.76%
12/20/2000,153.78,153.78,153.78,153.78,,-1.97%
12/19/2000,156.87,156.87,156.87,156.87,,0.66%
12/15/2000,155.84,155.84,155.84,155.84,,1.55%
12/14/2000,153.46,153.46,153.46,153.46,,-1.29%
12/13/2000,155.46,155.46,155.46,155.46,,-1.64%
12/12/2000,158.05,158.05,158.05,158.05,,-1.21%
12/11/2000,159.98,159.98,159.98,159.98,,1.79%
12/08/2000,157.16,157.16,157.16,157.16,,-0.47%
12/07/2000,157.91,157.91,157.91,157.91,,-0.26%
12/06/2000,158.32,158.32,158.32,158.32,,1.79%
12/05/2000,155.54,155.54,155.54,155.54,,-1.75%
12/04/2000,158.3,158.3,158.3,158.3,,0.75%
12/01/2000,157.12,157.12,157.12,157.12,,-1.58%
11/30/2000,159.64,159.64,159.64,159.64,,-0.30%
11/29/2000,160.12,160.12,160.12,160.12,,0.27%
11/28/2000,159.69,159.69,159.69,159.69,,-1.49%
11/27/2000,162.11,162.11,162.11,162.11,,0.17%
11/24/2000,161.83,161.83,161.83,161.83,,0.18%
11/22/2000,161.54,161.54,161.54,161.54,,0.49%
11/21/2000,160.75,160.75,160.75,160.75,,0.01%
11/20/2000,160.73,160.73,160.73,160.73,,0.67%
11/17/2000,159.66,159.66,159.66,159.66,,1.08%
11/16/2000,157.96,157.96,157.96,157.96,,-0.84%
11/15/2000,159.3,159.3,159.3,159.3,,1.42%
11/14/2000,157.07,157.07,157.07,157.07,,0.80%
11/13/2000,155.83,155.83,155.83,155.83,,0.16%
11/10/2000,155.58,155.58,155.58,155.58,,-0.01%
11/09/2000,155.59,155.59,155.59,155.59,,0.43%
11/08/2000,154.93,154.93,154.93,154.93,,0.22%
11/07/2000,154.59,154.59,154.59,154.59,,1.06%
11/06/2000,152.96,152.96,152.96,152.96,,0.21%
11/03/2000,152.65,152.65,152.65,152.65,,0.55%
11/02/2000,151.81,151.81,151.81,151.81,,-0.25%
11/01/2000,152.19,152.19,152.19,152.19,,0.45%
10/31/2000,151.5,151.5,151.5,151.5,,0.23%
10/30/2000,151.15,151.15,151.15,151.15,,0.03%
10/27/2000,151.1,151.1,151.1,151.1,,-1.24%
10/26/2000,153,153,153,153,,-0.34%
10/25/2000,153.52,153.52,153.52,153.52,,-1.42%
10/24/2000,155.73,155.73,155.73,155.73,,-0.30%
10/23/2000,156.19,156.19,156.19,156.19,,0.49%
10/20/2000,155.44,155.44,155.44,155.44,,0.61%
10/19/2000,154.49,154.49,154.49,154.49,,-1.04%
10/18/2000,156.11,156.11,156.11,156.11,,-0.36%
10/17/2000,156.67,156.67,156.67,156.67,,0.07%
10/16/2000,156.56,156.56,156.56,156.56,,-1.62%
10/13/2000,159.13,159.13,159.13,159.13,,-1.88%
10/12/2000,162.19,162.19,162.19,162.19,,2.44%
10/11/2000,158.33,158.33,158.33,158.33,,0.68%
10/10/2000,157.26,157.26,157.26,157.26,,1.91%
10/09/2000,154.31,154.31,154.31,154.31,,1.16%
10/06/2000,152.54,152.54,152.54,152.54,,0.07%
10/05/2000,152.44,152.44,152.44,152.44,,-0.79%
10/04/2000,153.65,153.65,153.65,153.65,,-0.52%
10/03/2000,154.46,154.46,154.46,154.46,,0.17%
10/02/2000,154.2,154.2,154.2,154.2,,1.22%
09/29/2000,152.34,152.34,152.34,152.34,,0.65%
09/28/2000,151.36,151.36,151.36,151.36,,-1.49%
09/27/2000,153.64,153.64,153.64,153.64,,-0.03%
09/26/2000,153.7,153.7,153.7,153.7,,0.06%
09/25/2000,153.6,153.6,153.6,153.6,,-0.67%
09/22/2000,154.64,154.64,154.64,154.64,,-1.09%
09/21/2000,156.34,156.34,156.34,156.34,,-0.67%
09/20/2000,157.4,157.4,157.4,157.4,,-0.48%
09/19/2000,158.15,158.15,158.15,158.15,,-0.51%
09/18/2000,158.96,158.96,158.96,158.96,,0.78%
09/15/2000,157.73,157.73,157.73,157.73,,0.81%
09/14/2000,156.46,156.46,156.46,156.46,,-0.02%
09/13/2000,156.49,156.49,156.49,156.49,,-0.68%
09/12/2000,157.56,157.56,157.56,157.56,,-0.58%
09/11/2000,158.49,158.49,158.49,158.49,,1.71%
09/08/2000,155.82,155.82,155.82,155.82,,-1.48%
09/07/2000,158.17,158.17,158.17,158.17,,0.69%
09/06/2000,157.09,157.09,157.09,157.09,,0.94%
09/05/2000,155.62,155.62,155.62,155.62,,0.88%
09/01/2000,154.26,154.26,154.26,154.26,,0.42%
08/31/2000,153.62,153.62,153.62,153.62,,-0.01%
08/30/2000,153.63,153.63,153.63,153.63,,0.93%
08/29/2000,152.21,152.21,152.21,152.21,,0.19%
08/28/2000,151.93,151.93,151.93,151.93,,1.24%
08/25/2000,150.07,150.07,150.07,150.07,,0.76%
08/24/2000,148.94,148.94,148.94,148.94,,-0.14%
08/23/2000,149.15,149.15,149.15,149.15,,0.79%
08/22/2000,147.97,147.97,147.97,147.97,,-1.17%
08/21/2000,149.73,149.73,149.73,149.73,,1.04%
08/18/2000,148.18,148.18,148.18,148.18,,0.35%
08/17/2000,147.66,147.66,147.66,147.66,,0.40%
08/16/2000,147.07,147.07,147.07,147.07,,0.41%
08/15/2000,146.48,146.48,146.48,146.48,,-0.35%
08/14/2000,146.99,146.99,146.99,146.99,,0.49%
08/11/2000,146.28,146.28,146.28,146.28,,0.14%
08/10/2000,146.08,146.08,146.08,146.08,,1.03%
08/09/2000,144.59,144.59,144.59,144.59,,0.88%
08/08/2000,143.33,143.33,143.33,143.33,,0.50%
08/07/2000,142.62,142.62,142.62,142.62,,-0.93%
08/04/2000,143.96,143.96,143.96,143.96,,0.92%
08/03/2000,142.65,142.65,142.65,142.65,,0.22%
08/02/2000,142.34,142.34,142.34,142.34,,1.05%
08/01/2000,140.86,140.86,140.86,140.86,,0.52%
07/31/2000,140.13,140.13,140.13,140.13,,-1.08%
07/28/2000,141.67,141.67,141.67,141.67,,0.24%
07/27/2000,141.32,141.32,141.32,141.32,,0.41%
07/26/2000,140.74,140.74,140.74,140.74,,0.03%
07/25/2000,140.7,140.7,140.7,140.7,,-0.29%
07/24/2000,141.11,141.11,141.11,141.11,,-1.77%
07/21/2000,143.66,143.66,143.66,143.66,,-1.18%
07/20/2000,145.37,145.37,145.37,145.37,,-0.79%
07/19/2000,146.52,146.52,146.52,146.52,,-0.99%
07/18/2000,147.99,147.99,147.99,147.99,,2.36%
07/17/2000,144.57,144.57,144.57,144.57,,0.28%
07/14/2000,144.17,144.17,144.17,144.17,,-0.91%
07/13/2000,145.5,145.5,145.5,145.5,,1.59%
07/12/2000,143.22,143.22,143.22,143.22,,0.37%
07/11/2000,142.69,142.69,142.69,142.69,,0.79%
07/10/2000,141.57,141.57,141.57,141.57,,-0.15%
07/07/2000,141.78,141.78,141.78,141.78,,0.63%
07/06/2000,140.89,140.89,140.89,140.89,,-1.35%
07/05/2000,142.82,142.82,142.82,142.82,,-2.14%
07/03/2000,145.94,145.94,145.94,145.94,,-0.20%
06/30/2000,146.23,146.23,146.23,146.23,,-1.01%
06/29/2000,147.73,147.73,147.73,147.73,,1.06%
06/28/2000,146.18,146.18,146.18,146.18,,-0.37%
06/27/2000,146.73,146.73,146.73,146.73,,0.84%
06/26/2000,145.51,145.51,145.51,145.51,,-0.63%
06/23/2000,146.43,146.43,146.43,146.43,,-0.88%
06/22/2000,147.73,147.73,147.73,147.73,,1.38%
06/21/2000,145.71,145.71,145.71,145.71,,1.11%
06/20/2000,144.11,144.11,144.11,144.11,,0.92%
06/19/2000,142.8,142.8,142.8,142.8,,-1.03%
06/16/2000,144.29,144.29,144.29,144.29,,-1.09%
06/15/2000,145.88,145.88,145.88,145.88,,0.08%
06/14/2000,145.76,145.76,145.76,145.76,,0.05%
06/13/2000,145.69,145.69,145.69,145.69,,0.88%
06/12/2000,144.42,144.42,144.42,144.42,,0.65%
06/09/2000,143.49,143.49,143.49,143.49,,0.52%
06/08/2000,142.75,142.75,142.75,142.75,,0.46%
06/07/2000,142.1,142.1,142.1,142.1,,-0.59%
06/06/2000,142.95,142.95,142.95,142.95,,-0.12%
06/05/2000,143.12,143.12,143.12,143.12,,-0.15%
06/02/2000,143.33,143.33,143.33,143.33,,0.53%
06/01/2000,142.58,142.58,142.58,142.58,,1.04%
05/31/2000,141.1,141.1,141.1,141.1,,-1.52%
05/30/2000,143.29,143.29,143.29,143.29,,-0.34%
05/26/2000,143.78,143.78,143.78,143.78,,-0.31%
05/25/2000,144.22,144.22,144.22,144.22,,0.42%
05/24/2000,143.62,143.62,143.62,143.62,,1.63%
05/23/2000,141.32,141.32,141.32,141.32,,0.09%
05/22/2000,141.19,141.19,141.19,141.19,,-0.80%
05/19/2000,142.33,142.33,142.33,142.33,,0.14%
05/18/2000,142.13,142.13,142.13,142.13,,1.07%
05/17/2000,140.63,140.63,140.63,140.63,,-0.11%
05/16/2000,140.78,140.78,140.78,140.78,,0.51%
05/15/2000,140.06,140.06,140.06,140.06,,0.26%
05/12/2000,139.69,139.69,139.69,139.69,,0.50%
05/11/2000,139,139,139,139,,1.25%
05/10/2000,137.27,137.27,137.27,137.27,,0.30%
05/09/2000,136.86,136.86,136.86,136.86,,0.96%
05/08/2000,135.56,135.56,135.56,135.56,,0.86%
05/05/2000,134.41,134.41,134.41,134.41,,0.38%
05/04/2000,133.9,133.9,133.9,133.9,,0.55%
05/03/2000,133.18,133.18,133.18,133.18,,-0.63%
05/02/2000,134.02,134.02,134.02,134.02,,1.73%
05/01/2000,131.74,131.74,131.74,131.74,,1.56%
04/28/2000,129.71,129.71,129.71,129.71,,0.39%
04/27/2000,129.2,129.2,129.2,129.2,,0.46%
04/26/2000,128.61,128.61,128.61,128.61,,-1.11%
04/25/2000,130.05,130.05,130.05,130.05,,-0.57%
04/24/2000,130.8,130.8,130.8,130.8,,0.03%
04/20/2000,130.77,130.77,130.77,130.77,,-0.02%
04/19/2000,130.8,130.8,130.8,130.8,,1.43%
04/18/2000,128.95,128.95,128.95,128.95,,0.57%
04/17/2000,128.23,128.23,128.23,128.23,,0.82%
04/14/2000,127.18,127.18,127.18,127.18,,-0.89%
04/13/2000,128.32,128.32,128.32,128.32,,0.40%
04/12/2000,127.81,127.81,127.81,127.81,,2.22%
04/11/2000,125.04,125.04,125.04,125.04,,0.11%
04/10/2000,124.89,124.89,124.89,124.89,,-1.45%
04/07/2000,126.74,126.74,126.74,126.74,,-0.59%
04/06/2000,127.49,127.49,127.49,127.49,,-0.72%
04/05/2000,128.42,128.42,128.42,128.42,,0.73%
04/04/2000,127.49,127.49,127.49,127.49,,-1.67%
04/03/2000,129.65,129.65,129.65,129.65,,-0.90%
03/31/2000,130.84,130.84,130.84,130.84,,1.03%
03/30/2000,129.5,129.5,129.5,129.5,,0.52%
03/29/2000,128.82,128.82,128.82,128.82,,-1.24%
03/28/2000,130.45,130.45,130.45,130.45,,-0.58%
03/27/2000,131.21,131.21,131.21,131.21,,-0.22%
03/24/2000,131.5,131.5,131.5,131.5,,0.56%
03/23/2000,130.77,130.77,130.77,130.77,,-0.22%
03/22/2000,131.06,131.06,131.06,131.06,,-0.12%
03/21/2000,131.22,131.22,131.22,131.22,,0.71%
03/20/2000,130.29,130.29,130.29,130.29,,-2.73%
03/17/2000,133.96,133.96,133.96,133.96,,-0.36%
03/16/2000,134.43,134.43,134.43,134.43,,0.65%
03/15/2000,133.57,133.57,133.57,133.57,,-0.66%
03/14/2000,134.45,134.45,134.45,134.45,,-0.28%
03/13/2000,134.84,134.84,134.84,134.84,,0.89%
03/10/2000,133.65,133.65,133.65,133.65,,-0.39%
03/09/2000,134.17,134.17,134.17,134.17,,1.01%
03/08/2000,132.83,132.83,132.83,132.83,,-3.44%
03/07/2000,137.57,137.57,137.57,137.57,,2.02%
03/06/2000,134.84,134.84,134.84,134.84,,0.93%
03/03/2000,133.6,133.6,133.6,133.6,,0.35%
03/02/2000,133.13,133.13,133.13,133.13,,0.03%
03/01/2000,133.09,133.09,133.09,133.09,,2.39%
02/29/2000,129.98,129.98,129.98,129.98,,0.59%
02/28/2000,129.22,129.22,129.22,129.22,,-0.19%
02/25/2000,129.47,129.47,129.47,129.47,,-0.39%
02/24/2000,129.97,129.97,129.97,129.97,,0.62%
02/23/2000,129.17,129.17,129.17,129.17,,0.28%
02/22/2000,128.82,128.82,128.82,128.82,,0.15%
02/18/2000,128.63,128.63,128.63,128.63,,-0.11%
02/17/2000,128.78,128.78,128.78,128.78,,-0.38%
02/16/2000,129.26,129.26,129.26,129.26,,0.03%
02/15/2000,129.22,129.22,129.22,129.22,,-0.34%
02/14/2000,129.67,129.67,129.67,129.67,,0.32%
02/11/2000,129.25,129.25,129.25,129.25,,-0.30%
02/10/2000,129.65,129.65,129.65,129.65,,1.64%
02/09/2000,127.55,127.55,127.55,127.55,,1.29%
02/08/2000,125.92,125.92,125.92,125.92,,-1.27%
02/07/2000,127.54,127.54,127.54,127.54,,-0.90%
02/04/2000,128.7,128.7,128.7,128.7,,1.71%
02/03/2000,126.54,126.54,126.54,126.54,,0.55%
02/02/2000,125.85,125.85,125.85,125.85,,-0.80%
02/01/2000,126.86,126.86,126.86,126.86,,0.86%
01/31/2000,125.78,125.78,125.78,125.78,,0.52%
01/28/2000,125.13,125.13,125.13,125.13,,-0.37%
01/27/2000,125.6,125.6,125.6,125.6,,-0.41%
01/26/2000,126.12,126.12,126.12,126.12,,-0.72%
01/25/2000,127.03,127.03,127.03,127.03,,0.90%
01/24/2000,125.89,125.89,125.89,125.89,,-0.65%
01/21/2000,126.72,126.72,126.72,126.72,,-0.21%
01/20/2000,126.98,126.98,126.98,126.98,,0.44%
01/19/2000,126.43,126.43,126.43,126.43,,0.98%
01/18/2000,125.2,125.2,125.2,125.2,,1.38%
01/14/2000,123.5,123.5,123.5,123.5,,1.65%
01/13/2000,121.5,121.5,121.5,121.5,,0.76%
01/12/2000,120.58,120.58,120.58,120.58,,1.16%
01/11/2000,119.2,119.2,119.2,119.2,,1.29%
01/10/2000,117.68,117.68,117.68,117.68,,0.39%
01/07/2000,117.23,117.23,117.23,117.23,,-0.14%
01/06/2000,117.39,117.39,117.39,117.39,,0.06%
01/05/2000,117.31,117.31,117.31,117.31,,-0.36%
01/04/2000,117.74,117.74,117.74,117.74,,-0.84%
01/03/2000,118.73,118.73,118.73,118.73,,-0.50%
