Date,Price,Open,High,Low,Change %
10/23/2025,3.947,3.95,3.956,3.945,-0.15%
10/22/2025,3.953,3.963,3.978,3.936,-0.25%
10/21/2025,3.963,3.982,3.991,3.947,-0.63%
10/20/2025,3.988,4.013,4.026,3.982,-0.52%
10/17/2025,4.009,3.957,4.018,3.936,0.83%
10/16/2025,3.976,4.032,4.051,3.967,-1.71%
10/15/2025,4.045,4.032,4.047,3.999,0.57%
10/14/2025,4.022,4.051,4.069,3.998,-0.81%
10/13/2025,4.055,4.078,4.085,4.05,-0.52%
10/12/2025,4.076,4.059,4.081,4.064,0.62%
10/10/2025,4.051,4.136,4.14,4.032,-2.34%
10/09/2025,4.148,4.115,4.152,4.108,0.41%
10/08/2025,4.131,4.133,4.136,4.096,0.10%
10/07/2025,4.127,4.16,4.177,4.113,-0.84%
10/06/2025,4.162,4.146,4.168,4.133,1.04%
10/03/2025,4.119,4.088,4.125,4.079,0.71%
10/02/2025,4.09,4.1,4.127,4.083,-0.39%
10/01/2025,4.106,4.16,4.168,4.087,-1.06%
09/30/2025,4.15,4.143,4.16,4.106,0.22%
09/29/2025,4.141,4.168,4.17,4.135,-1.10%
09/26/2025,4.187,4.17,4.197,4.152,0.31%
09/25/2025,4.174,4.145,4.201,4.135,0.65%
09/24/2025,4.147,4.104,4.152,4.098,0.70%
09/23/2025,4.118,4.143,4.149,4.104,-0.65%
09/22/2025,4.145,4.139,4.152,4.122,0.14%
09/19/2025,4.139,4.11,4.145,4.106,0.85%
09/18/2025,4.104,4.081,4.137,4.043,0.69%
09/17/2025,4.076,4.032,4.091,3.99,1.24%
09/16/2025,4.026,4.037,4.064,4.022,-0.20%
09/15/2025,4.034,4.08,4.089,4.03,-0.64%
09/12/2025,4.06,4.03,4.083,4.026,1.22%
09/11/2025,4.011,4.053,4.07,3.994,-0.52%
09/10/2025,4.032,4.086,4.095,4.024,-1.03%
09/09/2025,4.074,4.045,4.091,4.04,0.69%
09/08/2025,4.046,4.095,4.103,4.038,-0.98%
09/05/2025,4.086,4.157,4.168,4.061,-2.16%
09/04/2025,4.176,4.211,4.225,4.157,-0.83%
09/03/2025,4.211,4.269,4.3,4.201,-1.54%
09/02/2025,4.277,4.256,4.306,4.244,0.56%
09/01/2025,4.253,4.252,4.28,4.232,0.38%
08/31/2025,4.237,4.228,4.237,4.228,0.26%
08/29/2025,4.226,4.209,4.242,4.207,0.45%
08/28/2025,4.207,4.234,4.25,4.203,-0.73%
08/27/2025,4.238,4.269,4.291,4.232,-0.42%
08/26/2025,4.256,4.273,4.312,4.252,-0.44%
08/25/2025,4.275,4.265,4.294,4.263,0.40%
08/22/2025,4.258,4.328,4.339,4.242,-1.71%
08/21/2025,4.332,4.297,4.347,4.289,0.84%
08/20/2025,4.296,4.312,4.326,4.275,-0.14%
08/19/2025,4.302,4.335,4.347,4.298,-0.85%
08/18/2025,4.339,4.32,4.353,4.289,0.25%
08/15/2025,4.328,4.289,4.332,4.269,0.82%
08/14/2025,4.293,4.238,4.297,4.204,1.25%
08/13/2025,4.24,4.297,4.302,4.225,-1.23%
08/12/2025,4.293,4.287,4.318,4.246,0.47%
08/11/2025,4.273,4.275,4.287,4.256,-0.23%
08/08/2025,4.283,4.246,4.289,4.242,0.92%
08/07/2025,4.244,4.238,4.254,4.219,0.62%
08/06/2025,4.218,4.216,4.283,4.212,0.52%
08/05/2025,4.196,4.188,4.226,4.187,-0.05%
08/04/2025,4.198,4.208,4.257,4.192,-0.52%
08/01/2025,4.22,4.376,4.414,4.202,-3.21%
07/31/2025,4.36,4.368,4.382,4.326,-0.41%
07/30/2025,4.378,4.328,4.382,4.314,1.16%
07/29/2025,4.328,4.408,4.422,4.32,-2.08%
07/28/2025,4.42,4.402,4.42,4.368,0.78%
07/25/2025,4.386,4.392,4.43,4.382,-0.50%
07/24/2025,4.408,4.384,4.442,4.382,0.46%
07/23/2025,4.388,4.36,4.398,4.354,1.20%
07/22/2025,4.336,4.38,4.398,4.328,-0.78%
07/21/2025,4.37,4.427,4.427,4.352,-1.38%
07/18/2025,4.431,4.443,4.451,4.416,-0.72%
07/17/2025,4.463,4.467,4.495,4.429,0.18%
07/16/2025,4.455,4.493,4.495,4.437,-0.76%
07/15/2025,4.489,4.429,4.493,4.396,1.40%
07/14/2025,4.427,4.417,4.447,4.403,0.09%
07/11/2025,4.423,4.358,4.427,4.34,1.77%
07/10/2025,4.346,4.336,4.376,4.322,0.09%
07/09/2025,4.342,4.401,4.423,4.334,-1.70%
07/08/2025,4.417,4.385,4.435,4.377,0.79%
07/07/2025,4.382,4.326,4.399,4.322,1.26%
07/04/2025,4.328,4.324,4.34,4.304,-0.41%
07/03/2025,4.346,4.271,4.364,4.249,1.49%
07/02/2025,4.282,4.242,4.308,4.24,0.97%
07/01/2025,4.241,4.234,4.279,4.187,0.23%
06/30/2025,4.231,4.281,4.291,4.222,-1.01%
06/27/2025,4.274,4.246,4.293,4.24,0.69%
06/26/2025,4.245,4.281,4.293,4.24,-1.05%
06/25/2025,4.29,4.293,4.338,4.277,-0.11%
06/24/2025,4.294,4.352,4.371,4.285,-1.06%
06/23/2025,4.341,4.375,4.407,4.291,-0.81%
06/20/2025,4.376,4.381,4.443,4.361,-0.20%
06/19/2025,4.385,4.375,4.4,4.374,-0.11%
06/18/2025,4.39,4.397,4.413,4.344,0.09%
06/17/2025,4.386,4.438,4.446,4.381,-1.40%
06/16/2025,4.448,4.418,4.462,4.403,0.97%
06/13/2025,4.406,4.32,4.448,4.31,0.95%
06/12/2025,4.364,4.414,4.42,4.344,-1.25%
06/11/2025,4.419,4.472,4.506,4.406,-1.20%
06/10/2025,4.473,4.48,4.49,4.438,-0.04%
06/09/2025,4.475,4.51,4.518,4.47,-0.66%
06/06/2025,4.505,4.394,4.514,4.375,2.64%
06/05/2025,4.389,4.359,4.402,4.318,0.74%
06/04/2025,4.356,4.446,4.468,4.349,-2.26%
06/03/2025,4.457,4.446,4.474,4.406,0.36%
06/02/2025,4.441,4.418,4.47,4.41,0.99%
05/30/2025,4.397,4.426,4.442,4.387,-0.62%
05/29/2025,4.425,4.509,4.539,4.416,-1.10%
05/28/2025,4.474,4.444,4.501,4.438,0.67%
05/27/2025,4.445,4.507,4.509,4.428,-1.47%
05/26/2025,4.511,4.546,4.563,4.506,-1.05%
05/25/2025,4.559,4.517,4.563,4.515,1.15%
05/23/2025,4.507,4.535,4.543,4.448,-0.46%
05/22/2025,4.528,4.609,4.629,4.527,-1.48%
05/21/2025,4.595,4.481,4.607,4.473,2.51%
05/20/2025,4.483,4.449,4.525,4.428,0.80%
05/19/2025,4.447,4.479,4.564,4.445,0.09%
05/16/2025,4.443,4.443,4.499,4.388,0.29%
05/15/2025,4.431,4.544,4.55,4.43,-2.44%
05/14/2025,4.541,4.475,4.546,4.447,1.60%
05/13/2025,4.47,4.465,4.504,4.425,-0.04%
05/12/2025,4.472,4.408,4.479,4.4,2.07%
05/09/2025,4.381,4.378,4.398,4.343,0.05%
05/08/2025,4.379,4.279,4.398,4.269,2.60%
05/07/2025,4.268,4.328,4.335,4.26,-0.68%
05/06/2025,4.298,4.365,4.378,4.297,-1.17%
05/05/2025,4.348,4.322,4.371,4.289,0.95%
05/02/2025,4.307,4.208,4.332,4.196,2.20%
05/01/2025,4.215,4.183,4.241,4.124,1.15%
04/30/2025,4.167,4.16,4.229,4.135,-0.09%
04/29/2025,4.171,4.214,4.247,4.164,-0.83%
04/28/2025,4.205,4.243,4.297,4.202,-1.14%
04/25/2025,4.254,4.321,4.33,4.237,-1.40%
04/24/2025,4.314,4.375,4.375,4.303,-1.60%
04/23/2025,4.384,4.372,4.399,4.259,-0.36%
04/22/2025,4.4,4.405,4.438,4.372,-0.36%
04/21/2025,4.416,4.339,4.42,4.331,1.93%
04/17/2025,4.332,4.288,4.344,4.278,1.22%
04/16/2025,4.28,4.335,4.352,4.263,-1.36%
04/15/2025,4.339,4.374,4.407,4.306,-1.00%
04/14/2025,4.383,4.482,4.49,4.36,-2.51%
04/11/2025,4.495,4.464,4.592,4.384,1.62%
04/10/2025,4.424,4.312,4.431,4.26,2.29%
04/09/2025,4.325,4.31,4.515,4.299,0.83%
04/08/2025,4.289,4.187,4.297,4.126,2.10%
04/07/2025,4.201,3.886,4.226,3.873,5.04%
04/04/2025,3.999,4.044,4.049,3.86,-0.92%
04/03/2025,4.036,4.044,4.1,4.004,-2.16%
04/02/2025,4.125,4.199,4.236,4.11,-0.85%
04/01/2025,4.16,4.211,4.217,4.133,-1.18%
03/31/2025,4.21,4.217,4.259,4.184,-0.97%
03/28/2025,4.251,4.361,4.361,4.247,-2.50%
03/27/2025,4.36,4.338,4.4,4.338,0.18%
03/26/2025,4.353,4.327,4.361,4.315,0.85%
03/25/2025,4.316,4.335,4.369,4.298,-0.49%
03/24/2025,4.338,4.271,4.34,4.267,2.08%
03/21/2025,4.249,4.235,4.256,4.2,0.22%
03/20/2025,4.24,4.237,4.25,4.174,-0.14%
03/19/2025,4.246,4.293,4.323,4.241,-0.87%
03/18/2025,4.283,4.299,4.339,4.266,-0.34%
03/17/2025,4.298,4.289,4.331,4.258,-0.47%
03/14/2025,4.318,4.28,4.324,4.274,1.14%
03/13/2025,4.269,4.318,4.353,4.259,-1.07%
03/12/2025,4.315,4.282,4.332,4.251,0.80%
03/11/2025,4.281,4.202,4.295,4.152,1.49%
03/10/2025,4.218,4.263,4.297,4.198,-2.00%
03/07/2025,4.304,4.28,4.328,4.209,0.58%
03/06/2025,4.279,4.294,4.344,4.267,0.00%
03/05/2025,4.279,4.239,4.294,4.185,0.90%
03/04/2025,4.241,4.142,4.252,4.106,2.01%
03/03/2025,4.158,4.244,4.263,4.146,-1.04%
02/28/2025,4.202,4.264,4.277,4.193,-1.48%
02/27/2025,4.265,4.27,4.313,4.262,0.24%
02/26/2025,4.254,4.293,4.339,4.245,-1.00%
02/25/2025,4.297,4.396,4.398,4.283,-2.32%
02/24/2025,4.399,4.441,4.457,4.389,-0.70%
02/21/2025,4.43,4.507,4.511,4.406,-1.68%
02/20/2025,4.506,4.535,4.535,4.492,-0.60%
02/19/2025,4.534,4.554,4.576,4.529,-0.39%
02/18/2025,4.551,4.492,4.56,4.488,1.66%
02/14/2025,4.477,4.539,4.546,4.447,-1.20%
02/13/2025,4.532,4.619,4.621,4.515,-2.01%
02/12/2025,4.625,4.541,4.66,4.527,1.95%
02/11/2025,4.536,4.513,4.547,4.507,0.81%
02/10/2025,4.5,4.489,4.509,4.458,0.14%
02/07/2025,4.494,4.432,4.515,4.428,1.32%
02/06/2025,4.435,4.424,4.46,4.412,0.27%
02/05/2025,4.423,4.525,4.529,4.4,-1.96%
02/04/2025,4.512,4.563,4.598,4.509,-0.87%
02/03/2025,4.551,4.563,4.567,4.462,0.20%
01/31/2025,4.542,4.524,4.583,4.5,0.50%
01/30/2025,4.519,4.538,4.544,4.486,-0.31%
01/29/2025,4.533,4.532,4.593,4.51,0.00%
01/28/2025,4.533,4.544,4.579,4.532,0.00%
01/27/2025,4.533,4.599,4.601,4.498,-1.80%
01/24/2025,4.616,4.641,4.662,4.605,-0.61%
01/23/2025,4.645,4.609,4.664,4.595,0.71%
01/22/2025,4.612,4.582,4.617,4.556,0.87%
01/21/2025,4.572,4.558,4.591,4.53,-1.07%
01/17/2025,4.622,4.621,4.629,4.566,0.23%
01/16/2025,4.611,4.653,4.694,4.588,-0.92%
01/15/2025,4.654,4.788,4.79,4.637,-2.89%
01/14/2025,4.792,4.763,4.809,4.749,0.07%
01/13/2025,4.789,4.799,4.805,4.759,0.56%
01/10/2025,4.762,4.673,4.79,4.673,1.58%
01/09/2025,4.688,4.689,4.691,4.642,-0.08%
01/08/2025,4.692,4.689,4.73,4.663,0.18%
01/07/2025,4.684,4.632,4.699,4.606,1.32%
01/06/2025,4.623,4.618,4.644,4.575,0.49%
01/03/2025,4.601,4.545,4.604,4.535,0.87%
01/02/2025,4.561,4.571,4.599,4.517,-0.24%
12/31/2024,4.572,4.515,4.589,4.507,0.89%
12/30/2024,4.532,4.629,4.631,4.533,-2.11%
12/27/2024,4.629,4.585,4.631,4.573,1.00%
12/26/2024,4.584,4.597,4.641,4.573,-0.13%
12/24/2024,4.59,4.584,4.629,4.581,0.05%
12/23/2024,4.588,4.526,4.599,4.518,1.29%
12/20/2024,4.529,4.556,4.566,4.484,-0.79%
12/19/2024,4.565,4.514,4.594,4.502,1.04%
12/18/2024,4.518,4.391,4.524,4.381,2.83%
12/17/2024,4.394,4.395,4.442,4.373,-0.18%
12/16/2024,4.402,4.387,4.412,4.361,0.18%
12/13/2024,4.394,4.328,4.407,4.312,1.36%
12/12/2024,4.335,4.265,4.339,4.265,1.42%
12/11/2024,4.274,4.224,4.277,4.201,1.10%
12/10/2024,4.227,4.195,4.246,4.184,0.65%
12/09/2024,4.2,4.151,4.203,4.135,1.26%
12/06/2024,4.148,4.182,4.222,4.126,-0.69%
12/05/2024,4.177,4.194,4.225,4.174,-0.14%
12/04/2024,4.183,4.232,4.281,4.174,-1.01%
12/03/2024,4.226,4.195,4.24,4.165,0.74%
12/02/2024,4.195,4.207,4.248,4.174,0.42%
11/29/2024,4.177,4.254,4.256,4.172,-1.93%
11/27/2024,4.26,4.308,4.31,4.227,-0.79%
11/26/2024,4.294,4.287,4.324,4.273,0.46%
11/25/2024,4.274,4.343,4.369,4.261,-3.10%
11/22/2024,4.411,4.42,4.43,4.383,-0.18%
11/21/2024,4.419,4.41,4.439,4.377,0.13%
11/20/2024,4.413,4.404,4.438,4.388,0.40%
11/19/2024,4.395,4.412,4.418,4.337,-0.40%
11/18/2024,4.413,4.439,4.491,4.408,-0.71%
11/15/2024,4.444,4.449,4.505,4.4,-0.02%
11/14/2024,4.445,4.455,4.483,4.386,-0.11%
11/13/2024,4.45,4.435,4.463,4.357,0.49%
11/12/2024,4.429,4.324,4.443,4.314,2.86%
11/08/2024,4.305,4.337,4.353,4.264,-0.45%
11/07/2024,4.325,4.425,4.455,4.31,-2.39%
11/06/2024,4.431,4.258,4.479,4.258,3.52%
11/05/2024,4.28,4.289,4.366,4.273,-0.14%
11/04/2024,4.286,4.299,4.329,4.263,-2.26%
11/01/2024,4.385,4.292,4.388,4.222,2.41%
10/31/2024,4.281,4.294,4.333,4.26,-0.42%
10/30/2024,4.299,4.252,4.304,4.198,0.59%
10/29/2024,4.274,4.268,4.339,4.254,-0.09%
10/28/2024,4.278,4.266,4.3,4.23,1.09%
10/25/2024,4.232,4.204,4.25,4.174,0.71%
10/24/2024,4.202,4.248,4.248,4.182,-0.94%
10/23/2024,4.242,4.212,4.26,4.21,0.86%
10/22/2024,4.206,4.194,4.222,4.164,0.57%
10/21/2024,4.182,4.097,4.198,4.077,2.63%
10/18/2024,4.075,4.093,4.118,4.065,-0.51%
10/17/2024,4.096,4.022,4.1,4.018,1.99%
10/16/2024,4.016,4.037,4.043,3.995,-0.54%
10/15/2024,4.038,4.1,4.104,4.026,-0.86%
10/11/2024,4.073,4.069,4.118,4.059,-0.51%
10/10/2024,4.094,4.073,4.12,4.051,0.66%
10/09/2024,4.067,4.018,4.078,4.006,0.79%
10/08/2024,4.035,4.02,4.057,3.996,0.22%
10/07/2024,4.026,3.981,4.033,3.967,1.13%
10/04/2024,3.981,3.844,3.985,3.834,3.52%
10/03/2024,3.846,3.789,3.855,3.785,1.67%
10/02/2024,3.783,3.733,3.817,3.724,1.37%
10/01/2024,3.731,3.779,3.79,3.696,-1.46%
09/30/2024,3.787,3.753,3.806,3.749,0.96%
09/27/2024,3.751,3.792,3.809,3.741,-1.20%
09/26/2024,3.796,3.783,3.821,3.754,0.15%
09/25/2024,3.791,3.732,3.793,3.726,1.58%
09/24/2024,3.732,3.745,3.81,3.726,-0.51%
09/23/2024,3.751,3.757,3.794,3.73,0.25%
09/20/2024,3.741,3.713,3.764,3.7,0.61%
09/19/2024,3.719,3.715,3.768,3.691,0.15%
09/18/2024,3.713,3.642,3.721,3.634,1.80%
09/17/2024,3.648,3.618,3.655,3.599,0.83%
09/16/2024,3.618,3.646,3.662,3.618,-1.08%
09/13/2024,3.657,3.65,3.678,3.623,-0.61%
09/12/2024,3.68,3.659,3.706,3.638,0.51%
09/11/2024,3.661,3.637,3.689,3.605,0.56%
09/10/2024,3.64,3.704,3.725,3.637,-1.67%
09/09/2024,3.702,3.734,3.763,3.691,-0.36%
09/06/2024,3.716,3.734,3.77,3.648,-0.26%
09/05/2024,3.725,3.755,3.774,3.721,-0.85%
09/04/2024,3.757,3.837,3.842,3.753,-1.93%
09/03/2024,3.831,3.928,3.932,3.825,-2.42%
09/02/2024,3.926,3.909,3.941,3.905,0.49%
09/01/2024,3.907,3.914,3.917,3.905,-0.06%
08/30/2024,3.909,3.867,3.932,3.852,1.19%
08/29/2024,3.863,3.835,3.888,3.816,0.64%
08/28/2024,3.839,3.818,3.848,3.805,0.25%
08/27/2024,3.829,3.81,3.867,3.806,0.25%
08/26/2024,3.82,3.789,3.822,3.774,0.65%
08/23/2024,3.795,3.845,3.86,3.791,-1.62%
08/22/2024,3.858,3.803,3.877,3.788,1.55%
08/21/2024,3.799,3.799,3.833,3.761,-0.30%
08/20/2024,3.81,3.871,3.886,3.809,-1.66%
08/19/2024,3.875,3.907,3.907,3.852,-0.20%
08/16/2024,3.883,3.924,3.924,3.864,-0.92%
08/15/2024,3.919,3.839,3.953,3.828,2.08%
08/14/2024,3.839,3.846,3.886,3.811,-0.19%
08/13/2024,3.846,3.902,3.924,3.845,-1.56%
08/12/2024,3.907,3.942,3.967,3.896,-0.82%
08/09/2024,3.94,3.988,3.99,3.921,-1.25%
08/08/2024,3.99,3.924,4.022,3.894,0.94%
08/07/2024,3.953,3.884,3.977,3.875,1.31%
08/06/2024,3.901,3.835,3.909,3.805,3.24%
08/05/2024,3.779,3.789,3.832,3.667,-0.35%
08/02/2024,3.792,3.97,3.974,3.787,-4.76%
08/01/2024,3.982,4.056,4.066,3.965,-1.28%
07/31/2024,4.033,4.151,4.155,4.031,-2.61%
07/30/2024,4.141,4.178,4.188,4.13,-0.74%
07/29/2024,4.172,4.196,4.196,4.151,-0.51%
07/26/2024,4.194,4.243,4.264,4.19,-1.19%
07/25/2024,4.245,4.278,4.278,4.196,-0.96%
07/24/2024,4.286,4.254,4.292,4.21,0.73%
07/23/2024,4.254,4.253,4.256,4.221,0.00%
07/22/2024,4.254,4.218,4.278,4.204,0.28%
07/19/2024,4.243,4.194,4.249,4.185,0.97%
07/18/2024,4.202,4.161,4.206,4.156,1.02%
07/17/2024,4.16,4.161,4.196,4.144,0.00%
07/16/2024,4.16,4.222,4.222,4.156,-1.70%
07/15/2024,4.231,4.243,4.249,4.198,1.07%
07/12/2024,4.187,4.212,4.241,4.177,-0.60%
07/11/2024,4.212,4.288,4.315,4.168,-1.64%
07/10/2024,4.282,4.296,4.312,4.267,-0.36%
07/09/2024,4.298,4.282,4.329,4.274,0.41%
07/08/2024,4.28,4.29,4.317,4.265,0.04%
07/05/2024,4.278,4.374,4.404,4.269,-2.15%
07/04/2024,4.372,4.364,4.376,4.353,0.41%
07/03/2024,4.355,4.426,4.445,4.339,-1.87%
07/02/2024,4.438,4.457,4.465,4.414,-0.75%
07/01/2024,4.471,4.412,4.493,4.386,1.80%
06/28/2024,4.392,4.288,4.404,4.261,2.47%
06/27/2024,4.286,4.333,4.347,4.275,-0.99%
06/26/2024,4.329,4.244,4.331,4.242,1.93%
06/25/2024,4.248,4.238,4.259,4.209,0.32%
06/24/2024,4.234,4.257,4.277,4.226,-0.55%
06/21/2024,4.257,4.265,4.279,4.217,-0.09%
06/20/2024,4.261,4.234,4.294,4.228,0.59%
06/19/2024,4.236,4.225,4.241,4.223,0.41%
06/18/2024,4.219,4.275,4.3,4.207,-1.54%
06/17/2024,4.285,4.244,4.294,4.231,1.51%
06/14/2024,4.221,4.252,4.273,4.188,-0.64%
06/13/2024,4.248,4.304,4.328,4.223,-1.62%
06/12/2024,4.318,4.41,4.428,4.25,-1.91%
06/11/2024,4.402,4.463,4.465,4.394,-1.54%
06/10/2024,4.471,4.453,4.479,4.441,0.85%
06/07/2024,4.433,4.293,4.436,4.289,3.42%
06/06/2024,4.287,4.289,4.322,4.275,0.22%
06/05/2024,4.277,4.33,4.359,4.275,-1.21%
06/04/2024,4.33,4.396,4.414,4.314,-1.42%
06/03/2024,4.392,4.493,4.501,4.39,-2.45%
05/31/2024,4.503,4.544,4.572,4.485,-1.04%
05/30/2024,4.55,4.62,4.628,4.542,-1.42%
05/29/2024,4.616,4.548,4.638,4.542,1.49%
05/28/2024,4.548,4.459,4.554,4.445,1.95%
05/27/2024,4.461,4.451,4.473,4.446,-0.13%
05/24/2024,4.467,4.477,4.502,4.463,-0.26%
05/23/2024,4.479,4.426,4.498,4.408,1.20%
05/22/2024,4.426,4.414,4.461,4.41,0.31%
05/21/2024,4.412,4.445,4.451,4.398,-0.79%
05/20/2024,4.447,4.414,4.455,4.406,0.57%
05/17/2024,4.422,4.369,4.426,4.363,1.03%
05/16/2024,4.377,4.336,4.385,4.313,0.76%
05/15/2024,4.344,4.449,4.449,4.34,-2.28%
05/14/2024,4.445,4.489,4.534,4.441,-1.00%
05/13/2024,4.49,4.49,4.496,4.459,-0.22%
05/10/2024,4.5,4.465,4.508,4.441,0.93%
05/09/2024,4.459,4.49,4.52,4.447,-0.91%
05/08/2024,4.5,4.457,4.5,4.451,0.87%
05/07/2024,4.461,4.496,4.496,4.42,-0.59%
05/06/2024,4.487,4.483,4.514,4.469,-0.22%
05/03/2024,4.497,4.583,4.596,4.453,-2.00%
05/02/2024,4.589,4.63,4.651,4.567,-1.11%
05/01/2024,4.641,4.682,4.694,4.581,-0.88%
04/30/2024,4.682,4.611,4.692,4.603,1.53%
04/29/2024,4.611,4.655,4.659,4.607,-1.10%
04/26/2024,4.663,4.714,4.716,4.64,-0.87%
04/25/2024,4.704,4.646,4.739,4.619,1.21%
04/24/2024,4.648,4.6,4.671,4.6,0.90%
04/23/2024,4.607,4.613,4.654,4.568,-0.08%
04/22/2024,4.61,4.631,4.668,4.609,-0.27%
04/19/2024,4.623,4.627,4.635,4.496,-0.30%
04/18/2024,4.637,4.587,4.653,4.561,1.03%
04/17/2024,4.589,4.674,4.684,4.575,-1.72%
04/16/2024,4.669,4.614,4.696,4.591,1.30%
04/15/2024,4.61,4.534,4.663,4.52,2.04%
04/12/2024,4.517,4.582,4.584,4.483,-1.46%
04/11/2024,4.584,4.548,4.593,4.513,0.86%
04/10/2024,4.546,4.366,4.568,4.342,4.22%
04/09/2024,4.362,4.426,4.432,4.354,-1.36%
04/08/2024,4.422,4.414,4.464,4.406,0.50%
04/05/2024,4.4,4.309,4.406,4.305,2.14%
04/04/2024,4.307,4.343,4.381,4.299,-1.01%
04/03/2024,4.351,4.357,4.429,4.343,-0.04%
04/02/2024,4.353,4.305,4.405,4.303,0.83%
04/01/2024,4.317,4.19,4.337,4.188,2.54%
03/29/2024,4.21,4.21,4.21,4.21,0.09%
03/28/2024,4.206,4.206,4.238,4.183,0.42%
03/27/2024,4.188,4.238,4.241,4.182,-1.16%
03/26/2024,4.238,4.243,4.273,4.222,-0.28%
03/25/2024,4.249,4.198,4.261,4.19,1.13%
03/22/2024,4.202,4.265,4.269,4.198,-1.57%
03/21/2024,4.269,4.273,4.293,4.218,-0.18%
03/20/2024,4.277,4.285,4.324,4.233,-0.37%
03/19/2024,4.293,4.328,4.336,4.287,-0.82%
03/18/2024,4.328,4.308,4.348,4.291,0.46%
03/15/2024,4.308,4.296,4.322,4.269,0.38%
03/14/2024,4.292,4.19,4.3,4.186,2.49%
03/13/2024,4.188,4.147,4.198,4.131,0.90%
03/12/2024,4.151,4.094,4.172,4.081,1.28%
03/11/2024,4.098,4.083,4.116,4.052,0.52%
03/08/2024,4.077,4.09,4.131,4.038,-0.28%
03/07/2024,4.089,4.104,4.127,4.054,-0.47%
03/06/2024,4.108,4.155,4.17,4.079,-1.03%
03/05/2024,4.151,4.223,4.223,4.112,-1.57%
03/04/2024,4.217,4.193,4.235,4.189,0.75%
03/01/2024,4.186,4.254,4.296,4.178,-1.61%
02/29/2024,4.254,4.266,4.319,4.225,-0.27%
02/28/2024,4.266,4.305,4.309,4.264,-0.87%
02/27/2024,4.303,4.283,4.321,4.258,0.51%
02/26/2024,4.281,4.258,4.309,4.217,0.79%
02/23/2024,4.248,4.343,4.351,4.246,-1.91%
02/22/2024,4.331,4.323,4.354,4.295,0.28%
02/21/2024,4.319,4.283,4.331,4.25,1.02%
02/20/2024,4.275,4.317,4.319,4.244,-0.96%
02/19/2024,4.317,4.296,4.328,4.282,0.48%
02/18/2024,4.296,4.287,4.301,4.287,0.35%
02/16/2024,4.281,4.238,4.33,4.236,1.11%
02/15/2024,4.234,4.255,4.257,4.187,-0.64%
02/14/2024,4.261,4.328,4.332,4.246,-1.50%
02/13/2024,4.326,4.179,4.328,4.15,3.51%
02/12/2024,4.179,4.183,4.197,4.146,0.05%
02/09/2024,4.177,4.154,4.195,4.125,0.47%
02/08/2024,4.158,4.106,4.173,4.088,1.04%
02/07/2024,4.115,4.102,4.135,4.065,0.61%
02/06/2024,4.09,4.146,4.171,4.079,-1.71%
02/05/2024,4.162,4.054,4.177,4.049,3.43%
02/02/2024,4.024,3.876,4.054,3.873,3.65%
02/01/2024,3.882,3.931,3.958,3.816,-0.92%
01/31/2024,3.918,4.04,4.043,3.912,-2.92%
01/30/2024,4.036,4.078,4.103,4.034,-0.99%
01/29/2024,4.076,4.139,4.145,4.059,-1.53%
01/26/2024,4.139,4.113,4.166,4.093,0.46%
01/25/2024,4.12,4.184,4.195,4.12,-1.43%
01/24/2024,4.18,4.134,4.188,4.086,1.16%
01/23/2024,4.132,4.101,4.155,4.088,0.60%
01/22/2024,4.107,4.136,4.14,4.075,-0.56%
01/19/2024,4.13,4.152,4.198,4.123,-0.28%
01/18/2024,4.142,4.104,4.154,4.071,0.88%
01/17/2024,4.106,4.062,4.129,4.037,1.27%
01/16/2024,4.054,3.986,4.083,3.977,1.71%
01/15/2024,3.986,3.966,4.002,3.949,0.45%
01/14/2024,3.968,3.956,3.968,3.956,0.74%
01/12/2024,3.939,3.962,4.007,3.916,-0.91%
01/11/2024,3.975,4.028,4.068,3.968,-1.36%
01/10/2024,4.03,4.006,4.043,3.979,0.37%
01/09/2024,4.015,4.023,4.053,3.996,-0.29%
01/08/2024,4.027,4.061,4.068,3.966,-0.61%
01/05/2024,4.051,4.003,4.103,3.953,1.22%
01/04/2024,4.003,3.914,4.006,3.901,2.11%
01/03/2024,3.92,3.95,4.01,3.894,-0.53%
01/02/2024,3.941,3.899,4.023,3.881,1.09%
01/01/2024,3.898,3.879,3.898,3.866,0.83%
12/29/2023,3.866,3.844,3.898,3.832,0.52%
12/28/2023,3.846,3.8,3.861,3.796,1.51%
12/27/2023,3.789,3.9,3.904,3.783,-2.77%
12/26/2023,3.897,3.901,3.91,3.876,-0.15%
12/25/2023,3.902,3.905,3.906,3.902,0.05%
12/22/2023,3.901,3.888,3.921,3.849,0.23%
12/21/2023,3.892,3.864,3.905,3.829,1.01%
12/20/2023,3.853,3.924,3.924,3.847,-1.99%
12/19/2023,3.931,3.93,3.952,3.894,-0.10%
12/18/2023,3.935,3.931,3.971,3.89,0.52%
12/15/2023,3.915,3.93,3.973,3.894,-0.15%
12/14/2023,3.921,4.016,4.024,3.885,-2.56%
12/13/2023,4.024,4.202,4.21,4.007,-4.42%
12/12/2023,4.21,4.239,4.251,4.153,-0.63%
12/11/2023,4.237,4.241,4.295,4.229,0.18%
12/08/2023,4.229,4.153,4.278,4.147,1.97%
12/07/2023,4.148,4.11,4.186,4.104,0.83%
12/06/2023,4.114,4.173,4.205,4.104,-1.28%
12/05/2023,4.167,4.255,4.265,4.163,-2.16%
12/04/2023,4.259,4.22,4.299,4.22,1.18%
12/01/2023,4.209,4.321,4.349,4.198,-2.80%
11/30/2023,4.33,4.267,4.369,4.247,1.67%
11/29/2023,4.259,4.319,4.328,4.253,-1.51%
11/28/2023,4.325,4.402,4.422,4.321,-1.50%
11/27/2023,4.39,4.492,4.514,4.381,-1.83%
11/24/2023,4.472,4.451,4.494,4.443,0.44%
11/23/2023,4.453,4.405,4.464,4.391,1.02%
11/22/2023,4.408,4.394,4.447,4.363,0.22%
11/21/2023,4.398,4.414,4.443,4.383,-0.62%
11/20/2023,4.426,4.461,4.488,4.41,-0.31%
11/17/2023,4.439,4.439,4.469,4.379,-0.05%
11/16/2023,4.441,4.523,4.527,4.432,-2.11%
11/15/2023,4.537,4.445,4.559,4.426,1.89%
11/14/2023,4.453,4.644,4.656,4.432,-3.98%
11/13/2023,4.638,4.654,4.696,4.624,-0.17%
11/10/2023,4.646,4.64,4.654,4.567,0.30%
11/09/2023,4.632,4.484,4.654,4.473,3.11%
11/08/2023,4.492,4.579,4.614,4.488,-1.67%
11/07/2023,4.569,4.639,4.662,4.544,-1.69%
11/06/2023,4.647,4.589,4.668,4.576,1.54%
11/03/2023,4.576,4.662,4.678,4.484,-1.82%
11/02/2023,4.661,4.717,4.749,4.626,-1.54%
11/01/2023,4.734,4.926,4.935,4.734,-3.90%
10/31/2023,4.926,4.892,4.933,4.803,0.79%
10/30/2023,4.888,4.877,4.922,4.835,0.88%
10/27/2023,4.845,4.853,4.892,4.83,-0.07%
10/26/2023,4.849,4.949,4.989,4.838,-2.27%
10/25/2023,4.961,4.823,4.966,4.806,2.96%
10/24/2023,4.819,4.859,4.889,4.8,-0.61%
10/23/2023,4.848,4.958,5.021,4.829,-1.34%
10/20/2023,4.914,4.988,4.995,4.892,-1.53%
10/19/2023,4.99,4.938,4.996,4.894,1.61%
10/18/2023,4.911,4.838,4.928,4.811,1.54%
10/17/2023,4.836,4.714,4.862,4.704,2.90%
10/16/2023,4.7,4.648,4.725,4.643,1.80%
10/13/2023,4.616,4.695,4.697,4.586,-1.71%
10/12/2023,4.697,4.558,4.728,4.53,3.04%
10/11/2023,4.558,4.655,4.655,4.544,-2.12%
10/10/2023,4.657,4.628,4.715,4.618,0.63%
10/09/2023,4.628,4.725,4.759,4.622,-2.05%
10/08/2023,4.725,4.75,4.755,4.67,-1.45%
10/06/2023,4.795,4.725,4.887,4.713,1.57%
10/05/2023,4.721,4.733,4.777,4.702,-0.30%
10/04/2023,4.735,4.802,4.884,4.72,-1.26%
10/03/2023,4.795,4.679,4.81,4.664,2.37%
10/02/2023,4.685,4.614,4.703,4.602,2.30%
09/29/2023,4.579,4.579,4.602,4.508,0.00%
09/28/2023,4.579,4.605,4.688,4.571,-0.62%
09/27/2023,4.608,4.53,4.642,4.491,1.27%
09/26/2023,4.55,4.546,4.566,4.483,0.41%
09/25/2023,4.531,4.442,4.548,4.442,2.11%
09/22/2023,4.438,4.492,4.508,4.424,-1.25%
09/21/2023,4.494,4.409,4.498,4.409,2.16%
09/20/2023,4.399,4.365,4.411,4.313,0.78%
09/19/2023,4.365,4.306,4.371,4.301,1.44%
09/18/2023,4.303,4.306,4.311,4.301,-0.78%
09/15/2023,4.336,4.288,4.338,4.272,1.17%
09/14/2023,4.286,4.245,4.298,4.221,0.75%
09/13/2023,4.254,4.286,4.352,4.235,-0.60%
09/12/2023,4.28,4.298,4.3,4.264,-0.32%
09/11/2023,4.294,4.286,4.304,4.272,0.80%
09/08/2023,4.26,4.25,4.268,4.21,0.24%
09/07/2023,4.25,4.292,4.308,4.248,-1.06%
09/06/2023,4.296,4.254,4.306,4.238,0.70%
09/05/2023,4.266,4.208,4.274,4.204,1.41%
09/04/2023,4.206,4.187,4.213,4.186,0.46%
09/03/2023,4.187,4.191,4.196,4.186,0.15%
09/01/2023,4.181,4.114,4.2,4.06,1.82%
08/31/2023,4.106,4.114,4.124,4.077,-0.14%
08/30/2023,4.112,4.137,4.159,4.087,-0.19%
08/29/2023,4.12,4.194,4.243,4.106,-2.05%
08/28/2023,4.206,4.253,4.257,4.194,-0.60%
08/25/2023,4.231,4.231,4.285,4.204,-0.23%
08/24/2023,4.241,4.194,4.243,4.174,1.08%
08/23/2023,4.196,4.318,4.32,4.184,-3.14%
08/22/2023,4.332,4.354,4.366,4.306,-0.23%
08/21/2023,4.342,4.26,4.354,4.255,2.15%
08/18/2023,4.251,4.27,4.28,4.215,-0.78%
08/17/2023,4.284,4.252,4.328,4.252,0.60%
08/16/2023,4.258,4.211,4.28,4.17,0.94%
08/15/2023,4.219,4.199,4.274,4.166,0.42%
08/14/2023,4.201,4.172,4.215,4.146,1.03%
08/11/2023,4.158,4.123,4.178,4.08,1.23%
08/10/2023,4.107,4.009,4.113,3.957,2.27%
08/09/2023,4.016,4.012,4.044,3.988,-0.30%
08/08/2023,4.028,4.089,4.089,3.984,-1.67%
08/07/2023,4.097,4.05,4.123,4.046,1.36%
08/04/2023,4.042,4.179,4.206,4.038,-3.29%
08/03/2023,4.179,4.086,4.198,4.082,2.19%
08/02/2023,4.09,4.013,4.126,4.009,1.30%
08/01/2023,4.037,3.965,4.057,3.949,1.77%
07/31/2023,3.967,3.963,4.003,3.927,0.26%
07/28/2023,3.957,4.014,4.043,3.939,-1.14%
07/27/2023,4.002,3.877,4.024,3.839,3.34%
07/26/2023,3.873,3.898,3.904,3.847,-0.45%
07/25/2023,3.89,3.876,3.922,3.857,0.31%
07/24/2023,3.878,3.847,3.878,3.792,1.08%
07/21/2023,3.837,3.85,3.861,3.809,-0.50%
07/20/2023,3.856,3.754,3.874,3.746,2.88%
07/19/2023,3.748,3.789,3.797,3.727,-1.08%
07/18/2023,3.789,3.805,3.809,3.734,-0.51%
07/17/2023,3.809,3.815,3.836,3.772,-0.56%
07/14/2023,3.83,3.777,3.836,3.76,1.67%
07/13/2023,3.767,3.859,3.865,3.757,-2.43%
07/12/2023,3.861,3.962,3.97,3.844,-2.93%
07/11/2023,3.978,4,4.008,3.95,-0.55%
07/10/2023,4,4.062,4.092,3.986,-1.62%
07/07/2023,4.066,4.031,4.094,4.006,0.86%
07/06/2023,4.031,3.938,4.083,3.93,2.48%
07/05/2023,3.934,3.841,3.947,3.831,2.47%
07/04/2023,3.839,3.854,3.878,3.839,-0.51%
07/03/2023,3.858,3.845,3.868,3.778,0.46%
06/30/2023,3.841,3.838,3.892,3.803,-0.04%
06/29/2023,3.842,3.714,3.868,3.712,3.46%
06/28/2023,3.714,3.762,3.77,3.704,-1.54%
06/27/2023,3.772,3.719,3.776,3.692,1.31%
06/26/2023,3.723,3.721,3.737,3.679,-0.36%
06/23/2023,3.737,3.787,3.799,3.692,-1.58%
06/22/2023,3.797,3.727,3.81,3.711,1.88%
06/21/2023,3.727,3.732,3.791,3.711,0.21%
06/20/2023,3.719,3.824,3.826,3.701,-2.69%
06/19/2023,3.822,3.76,3.826,3.75,1.45%
06/16/2023,3.767,3.718,3.806,3.717,1.26%
06/15/2023,3.72,3.79,3.845,3.707,-1.84%
06/14/2023,3.79,3.821,3.851,3.771,-0.96%
06/13/2023,3.827,3.74,3.845,3.682,2.23%
06/12/2023,3.743,3.745,3.794,3.711,0.00%
06/09/2023,3.743,3.724,3.78,3.716,0.68%
06/08/2023,3.718,3.789,3.821,3.708,-1.99%
06/07/2023,3.793,3.668,3.801,3.656,3.15%
06/06/2023,3.677,3.685,3.735,3.654,-0.31%
06/05/2023,3.689,3.706,3.762,3.658,-0.26%
06/02/2023,3.698,3.606,3.7,3.599,2.71%
06/01/2023,3.601,3.639,3.689,3.57,-1.25%
05/31/2023,3.646,3.694,3.694,3.614,-1.29%
05/30/2023,3.694,3.765,3.769,3.681,-1.85%
05/29/2023,3.764,3.821,3.827,3.757,-1.44%
05/28/2023,3.819,3.817,3.845,3.809,0.24%
05/26/2023,3.81,3.817,3.859,3.777,-0.35%
05/25/2023,3.823,3.74,3.827,3.73,2.12%
05/24/2023,3.744,3.701,3.748,3.667,1.25%
05/23/2023,3.698,3.717,3.761,3.688,-0.57%
05/22/2023,3.719,3.669,3.728,3.642,0.99%
05/19/2023,3.682,3.649,3.72,3.619,0.84%
05/18/2023,3.651,3.562,3.659,3.547,2.23%
05/17/2023,3.572,3.547,3.589,3.515,0.85%
05/16/2023,3.541,3.507,3.573,3.457,0.97%
05/15/2023,3.507,3.464,3.511,3.457,1.30%
05/12/2023,3.463,3.382,3.47,3.369,2.26%
05/11/2023,3.386,3.436,3.444,3.345,-1.53%
05/10/2023,3.439,3.519,3.528,3.431,-2.37%
05/09/2023,3.522,3.515,3.532,3.479,0.43%
05/08/2023,3.507,3.448,3.52,3.422,2.10%
05/05/2023,3.435,3.386,3.465,3.379,1.73%
05/04/2023,3.377,3.403,3.411,3.296,0.39%
05/03/2023,3.364,3.431,3.441,3.341,-2.03%
05/02/2023,3.433,3.566,3.57,3.424,-3.83%
05/01/2023,3.57,3.45,3.608,3.448,3.98%
04/28/2023,3.433,3.522,3.551,3.422,-2.69%
04/27/2023,3.528,3.443,3.538,3.433,2.42%
04/26/2023,3.445,3.418,3.458,3.375,1.33%
04/25/2023,3.4,3.481,3.492,3.379,-2.75%
04/24/2023,3.496,3.572,3.572,3.492,-2.02%
04/21/2023,3.568,3.534,3.579,3.501,0.92%
04/20/2023,3.536,3.591,3.602,3.526,-1.54%
04/19/2023,3.591,3.589,3.639,3.578,0.37%
04/18/2023,3.578,3.6,3.608,3.549,-0.79%
04/17/2023,3.606,3.53,3.608,3.507,2.60%
04/14/2023,3.515,3.447,3.537,3.422,1.91%
04/13/2023,3.449,3.389,3.46,3.372,1.44%
04/12/2023,3.4,3.428,3.462,3.34,-0.93%
04/11/2023,3.432,3.419,3.456,3.381,0.49%
04/10/2023,3.415,3.372,3.436,3.35,0.05%
04/07/2023,3.413,3.305,3.415,3.298,3.33%
04/06/2023,3.303,3.307,3.313,3.253,-0.17%
04/05/2023,3.309,3.348,3.372,3.266,-0.89%
04/04/2023,3.339,3.417,3.485,3.335,-2.24%
04/03/2023,3.415,3.524,3.545,3.4,-1.68%
03/31/2023,3.473,3.553,3.585,3.47,-2.08%
03/30/2023,3.547,3.57,3.596,3.534,-0.53%
03/29/2023,3.566,3.573,3.611,3.534,-0.16%
03/28/2023,3.572,3.53,3.577,3.498,0.91%
03/27/2023,3.539,3.4,3.545,3.367,4.95%
03/24/2023,3.372,3.417,3.425,3.285,-1.20%
03/23/2023,3.414,3.451,3.52,3.374,-1.08%
03/22/2023,3.451,3.606,3.644,3.43,-4.34%
03/21/2023,3.608,3.496,3.613,3.44,3.58%
03/20/2023,3.483,3.468,3.519,3.291,1.31%
03/17/2023,3.438,3.568,3.598,3.382,-3.94%
03/16/2023,3.579,3.451,3.586,3.369,3.37%
03/15/2023,3.462,3.697,3.71,3.388,-6.05%
03/14/2023,3.685,3.562,3.697,3.464,3.96%
03/13/2023,3.545,3.75,3.762,3.418,-4.31%
03/10/2023,3.704,3.901,3.901,3.674,-5.19%
03/09/2023,3.907,3.98,4.019,3.894,-2.06%
03/08/2023,3.989,3.981,4.011,3.899,0.50%
03/07/2023,3.97,3.967,4.007,3.919,0.15%
03/06/2023,3.964,3.965,3.989,3.897,0.15%
03/03/2023,3.958,4.068,4.069,3.954,-2.56%
03/02/2023,4.062,3.994,4.091,3.99,1.68%
03/01/2023,3.994,3.938,4.01,3.914,1.70%
02/28/2023,3.928,3.924,3.983,3.899,0.15%
02/27/2023,3.922,3.934,3.978,3.897,-0.64%
02/24/2023,3.947,3.885,3.978,3.854,1.46%
02/23/2023,3.89,3.921,3.978,3.863,-0.94%
02/22/2023,3.927,3.957,3.968,3.89,-0.69%
02/21/2023,3.954,3.851,3.962,3.84,2.68%
02/20/2023,3.851,3.849,3.851,3.849,0.91%
02/17/2023,3.817,3.863,3.929,3.813,-1.19%
02/16/2023,3.863,3.818,3.872,3.769,1.58%
02/15/2023,3.803,3.745,3.822,3.726,1.33%
02/14/2023,3.753,3.711,3.799,3.622,1.34%
02/13/2023,3.704,3.743,3.755,3.702,-1.07%
02/10/2023,3.743,3.675,3.751,3.658,2.18%
02/09/2023,3.664,3.601,3.69,3.575,1.33%
02/08/2023,3.615,3.672,3.692,3.614,-1.73%
02/07/2023,3.679,3.644,3.69,3.597,0.98%
02/06/2023,3.644,3.562,3.655,3.536,3.54%
02/03/2023,3.519,3.391,3.556,3.365,3.45%
02/02/2023,3.402,3.422,3.426,3.333,-0.43%
02/01/2023,3.417,3.516,3.52,3.387,-2.67%
01/31/2023,3.51,3.546,3.553,3.487,-0.89%
01/30/2023,3.542,3.511,3.574,3.494,1.00%
01/27/2023,3.507,3.506,3.565,3.502,0.04%
01/26/2023,3.506,3.442,3.52,3.436,1.59%
01/25/2023,3.451,3.449,3.489,3.42,-0.11%
01/24/2023,3.455,3.513,3.556,3.453,-1.88%
01/23/2023,3.521,3.486,3.549,3.464,1.11%
01/20/2023,3.482,3.399,3.501,3.39,2.46%
01/19/2023,3.399,3.379,3.428,3.321,0.75%
01/18/2023,3.373,3.546,3.562,3.368,-4.96%
01/17/2023,3.549,3.527,3.585,3.496,0.57%
01/16/2023,3.529,3.524,3.529,3.524,0.89%
01/13/2023,3.498,3.447,3.514,3.418,1.58%
01/12/2023,3.444,3.552,3.591,3.424,-2.80%
01/11/2023,3.543,3.608,3.613,3.528,-2.00%
01/10/2023,3.615,3.534,3.639,3.521,2.51%
01/09/2023,3.527,3.578,3.61,3.508,-0.94%
01/06/2023,3.56,3.727,3.755,3.551,-4.35%
01/05/2023,3.722,3.698,3.784,3.683,0.86%
01/04/2023,3.69,3.758,3.763,3.664,-1.65%
01/03/2023,3.752,3.848,3.848,3.724,-3.26%
01/02/2023,3.879,3.879,3.879,3.879,0.00%
12/30/2022,3.879,3.826,3.905,3.82,1.53%
12/29/2022,3.82,3.873,3.886,3.816,-1.71%
12/28/2022,3.886,3.847,3.892,3.805,0.98%
12/27/2022,3.849,3.745,3.862,3.727,2.81%
12/26/2022,3.743,3.745,3.745,3.743,-0.20%
12/23/2022,3.751,3.682,3.753,3.676,1.76%
12/22/2022,3.686,3.666,3.692,3.628,0.35%
12/21/2022,3.673,3.705,3.722,3.621,-0.51%
12/20/2022,3.692,3.596,3.711,3.583,2.83%
12/19/2022,3.59,3.51,3.601,3.497,2.94%
12/16/2022,3.488,3.464,3.557,3.459,1.09%
12/15/2022,3.45,3.497,3.523,3.428,-0.84%
12/14/2022,3.479,3.499,3.561,3.461,-0.63%
12/13/2022,3.501,3.608,3.63,3.421,-3.20%
12/12/2022,3.617,3.586,3.632,3.52,0.87%
12/09/2022,3.586,3.489,3.595,3.452,2.76%
12/08/2022,3.489,3.435,3.506,3.435,2.01%
12/07/2022,3.421,3.542,3.559,3.402,-3.14%
12/06/2022,3.531,3.586,3.606,3.508,-1.43%
12/05/2022,3.583,3.519,3.612,3.502,2.61%
12/02/2022,3.492,3.514,3.638,3.474,-0.53%
12/01/2022,3.51,3.62,3.64,3.505,-2.79%
11/30/2022,3.611,3.748,3.798,3.6,-3.70%
11/29/2022,3.75,3.692,3.763,3.648,1.91%
11/28/2022,3.679,3.692,3.72,3.62,-0.30%
11/25/2022,3.691,3.661,3.756,3.65,0.80%
11/24/2022,3.661,3.659,3.661,3.659,-0.75%
11/23/2022,3.689,3.829,3.799,3.689,-1.83%
11/22/2022,3.758,3.832,3.832,3.747,-2.14%
11/21/2022,3.84,3.816,3.844,3.762,0.29%
11/18/2022,3.829,3.788,3.833,3.745,1.58%
11/17/2022,3.769,3.694,3.805,3.681,2.15%
11/16/2022,3.69,3.777,3.844,3.671,-2.31%
11/15/2022,3.777,3.867,3.882,3.757,-2.23%
11/14/2022,3.863,3.895,3.906,3.848,1.38%
11/10/2022,3.811,4.092,4.117,3.807,-7.03%
11/09/2022,4.099,4.13,4.176,4.057,-0.70%
11/08/2022,4.128,4.224,4.243,4.121,-2.14%
11/07/2022,4.218,4.161,4.226,4.123,1.32%
11/04/2022,4.163,4.164,4.209,4.102,0.33%
11/03/2022,4.149,4.118,4.223,4.086,1.29%
11/02/2022,4.096,4.048,4.115,3.974,1.19%
11/01/2022,4.048,4.058,4.079,3.92,-0.04%
10/31/2022,4.05,4.016,4.112,4.016,0.99%
10/28/2022,4.01,3.929,4.05,3.911,2.12%
10/27/2022,3.927,4.011,4.086,3.898,-2.00%
10/26/2022,4.007,4.09,4.113,3.994,-2.27%
10/25/2022,4.1,4.226,4.232,4.052,-3.45%
10/24/2022,4.247,4.206,4.291,4.127,0.66%
10/21/2022,4.219,4.226,4.338,4.2,-0.32%
10/20/2022,4.233,4.142,4.243,4.098,2.29%
10/19/2022,4.138,4.013,4.14,4.009,3.27%
10/18/2022,4.007,3.998,4.067,3.961,-0.15%
10/17/2022,4.012,4.002,4.027,3.91,-0.25%
10/14/2022,4.023,3.964,4.031,3.851,1.85%
10/13/2022,3.95,3.906,4.08,3.842,1.21%
10/12/2022,3.902,3.951,3.978,3.884,-1.08%
10/11/2022,3.945,3.957,4.006,3.867,-0.25%
10/10/2022,3.955,3.951,3.957,3.951,1.73%
10/07/2022,3.888,3.819,3.91,3.818,1.56%
10/06/2022,3.828,3.749,3.846,3.731,1.94%
10/05/2022,3.755,3.625,3.789,3.615,3.30%
10/04/2022,3.635,3.615,3.659,3.562,-0.21%
10/03/2022,3.643,3.813,3.819,3.568,-4.86%
09/30/2022,3.829,3.783,3.843,3.682,1.25%
09/29/2022,3.782,3.753,3.868,3.721,1.19%
09/28/2022,3.737,3.947,4.019,3.695,-5.37%
09/27/2022,3.949,3.912,3.992,3.801,0.53%
09/26/2022,3.928,3.734,3.933,3.714,6.56%
09/23/2022,3.687,3.714,3.829,3.659,-0.63%
09/22/2022,3.71,3.546,3.718,3.514,4.98%
09/21/2022,3.534,3.563,3.64,3.499,-0.98%
09/20/2022,3.569,3.492,3.604,3.473,2.13%
09/19/2022,3.494,3.448,3.518,3.448,1.13%
09/16/2022,3.455,3.447,3.492,3.415,0.19%
09/15/2022,3.449,3.402,3.468,3.402,1.31%
09/14/2022,3.404,3.418,3.476,3.383,-0.22%
09/13/2022,3.412,3.346,3.46,3.293,1.61%
09/12/2022,3.358,3.315,3.377,3.262,1.28%
09/09/2022,3.315,3.319,3.333,3.247,-0.22%
09/08/2022,3.323,3.271,3.328,3.201,1.70%
09/07/2022,3.267,3.343,3.365,3.25,-2.50%
09/06/2022,3.351,3.223,3.355,3.208,3.96%
09/05/2022,3.223,3.227,3.227,3.221,0.89%
09/02/2022,3.195,3.265,3.29,3.174,-1.96%
09/01/2022,3.259,3.198,3.297,3.183,1.96%
08/31/2022,3.196,3.108,3.198,3.091,2.72%
08/30/2022,3.112,3.097,3.153,3.05,-0.06%
08/29/2022,3.114,3.069,3.13,3.069,2.77%
08/26/2022,3.03,3.035,3.087,3.007,-0.06%
08/25/2022,3.031,3.109,3.128,3.02,-2.51%
08/24/2022,3.109,3.055,3.126,3.022,1.71%
08/23/2022,3.057,3.026,3.078,2.983,1.10%
08/22/2022,3.024,2.989,3.04,2.943,1.61%
08/19/2022,2.976,2.875,2.998,2.875,3.12%
08/18/2022,2.886,2.899,2.913,2.835,-0.56%
08/17/2022,2.902,2.82,2.919,2.808,3.37%
08/16/2022,2.808,2.779,2.873,2.772,0.52%
08/15/2022,2.793,2.839,2.864,2.759,-1.72%
08/12/2022,2.842,2.888,2.906,2.835,-1.64%
08/11/2022,2.889,2.791,2.902,2.73,3.76%
08/10/2022,2.785,2.788,2.818,2.674,0.20%
08/09/2022,2.779,2.75,2.816,2.746,1.06%
08/08/2022,2.75,2.834,2.853,2.739,-2.72%
08/05/2022,2.827,2.677,2.869,2.674,4.94%
08/04/2022,2.694,2.717,2.745,2.656,-0.47%
08/03/2022,2.706,2.745,2.851,2.699,-1.52%
08/02/2022,2.748,2.568,2.774,2.516,6.21%
08/01/2022,2.588,2.669,2.696,2.575,-2.64%
07/29/2022,2.658,2.678,2.728,2.618,-0.48%
07/28/2022,2.671,2.759,2.827,2.649,-4.11%
07/27/2022,2.785,2.801,2.82,2.723,-0.65%
07/26/2022,2.803,2.801,2.81,2.707,-0.13%
07/25/2022,2.807,2.783,2.845,2.772,1.92%
07/22/2022,2.754,2.878,2.904,2.732,-4.44%
07/21/2022,2.882,3.021,3.083,2.871,-4.89%
07/20/2022,3.03,3.028,3.042,2.943,0.06%
07/19/2022,3.028,2.986,3.038,2.956,1.31%
07/18/2022,2.989,2.919,3.019,2.911,2.09%
07/15/2022,2.928,2.956,2.973,2.899,-1.00%
07/14/2022,2.958,2.941,3.028,2.911,0.75%
07/13/2022,2.935,2.965,3.071,2.899,-1.18%
07/12/2022,2.971,2.989,2.989,2.899,-0.74%
07/11/2022,2.993,3.097,3.103,2.967,-2.84%
07/08/2022,3.08,3,3.101,2.967,2.67%
07/07/2022,3,2.932,3.017,2.897,2.27%
07/06/2022,2.934,2.825,2.935,2.746,4.09%
07/05/2022,2.818,2.93,2.978,2.78,-3.87%
07/04/2022,2.932,2.93,2.934,2.93,1.46%
07/01/2022,2.889,3.024,3.028,2.791,-4.22%
06/30/2022,3.017,3.078,3.108,2.97,-2.29%
06/29/2022,3.087,3.179,3.187,3.087,-2.83%
06/28/2022,3.177,3.202,3.259,3.171,-0.76%
06/27/2022,3.202,3.134,3.219,3.121,2.04%
06/24/2022,3.138,3.079,3.141,3.039,1.58%
06/23/2022,3.089,3.152,3.175,3.005,-2.25%
06/22/2022,3.16,3.284,3.284,3.124,-3.62%
06/21/2022,3.279,3.275,3.317,3.258,0.06%
06/20/2022,3.277,3.277,3.277,3.277,1.41%
06/17/2022,3.231,3.227,3.313,3.194,1.13%
06/16/2022,3.195,3.303,3.495,3.178,-2.93%
06/15/2022,3.292,3.448,3.464,3.28,-5.39%
06/14/2022,3.479,3.379,3.498,3.267,3.49%
06/13/2022,3.362,3.172,3.44,3.155,6.22%
06/10/2022,3.165,3.055,3.178,2.99,3.92%
06/09/2022,3.046,3.034,3.073,3.007,0.61%
06/08/2022,3.027,2.986,3.042,2.983,1.61%
06/07/2022,2.979,3.044,3.064,2.957,-2.00%
06/06/2022,3.04,2.935,3.049,2.933,3.38%
06/03/2022,2.941,2.915,2.986,2.906,0.94%
06/02/2022,2.913,2.911,2.944,2.889,0.06%
06/01/2022,2.911,2.864,2.951,2.833,2.17%
05/31/2022,2.849,2.81,2.884,2.799,1.35%
05/30/2022,2.812,2.815,2.815,2.812,2.49%
05/27/2022,2.743,2.752,2.769,2.709,0.06%
05/26/2022,2.742,2.743,2.797,2.706,-0.33%
05/25/2022,2.751,2.756,2.776,2.708,-0.13%
05/24/2022,2.754,2.844,2.864,2.718,-3.72%
05/23/2022,2.861,2.806,2.873,2.797,2.59%
05/20/2022,2.788,2.848,2.88,2.774,-1.72%
05/19/2022,2.837,2.864,2.922,2.772,-1.63%
05/18/2022,2.884,2.988,3.015,2.873,-3.71%
05/17/2022,2.995,2.886,2.997,2.875,3.79%
05/16/2022,2.886,2.94,2.953,2.853,-1.43%
05/13/2022,2.928,2.862,2.944,2.852,2.54%
05/12/2022,2.855,2.911,2.911,2.816,-2.38%
05/11/2022,2.925,2.991,3.076,2.907,-2.15%
05/10/2022,2.989,3.034,3.072,2.942,-1.48%
05/09/2022,3.034,3.142,3.203,3.028,-3.46%
05/06/2022,3.142,3.052,3.146,3.039,3.55%
05/05/2022,3.035,2.964,3.108,2.925,3.00%
05/04/2022,2.946,3.001,3.011,2.901,-1.10%
05/03/2022,2.979,2.991,3.01,2.913,0.07%
05/02/2022,2.977,2.932,3.01,2.907,1.34%
04/29/2022,2.938,2.854,2.943,2.831,3.72%
04/28/2022,2.832,2.834,2.888,2.796,0.22%
04/27/2022,2.826,2.74,2.839,2.715,3.59%
04/26/2022,2.728,2.818,2.866,2.724,-3.19%
04/25/2022,2.818,2.889,2.895,2.76,-2.98%
04/22/2022,2.905,2.929,2.974,2.864,-0.11%
04/21/2022,2.908,2.836,2.954,2.836,2.60%
04/20/2022,2.834,2.96,2.981,2.819,-3.61%
04/19/2022,2.94,2.849,2.948,2.836,2.92%
04/18/2022,2.857,2.847,2.884,2.81,1.03%
04/14/2022,2.828,2.699,2.835,2.648,4.63%
04/13/2022,2.703,2.727,2.79,2.646,-0.90%
04/12/2022,2.727,2.803,2.836,2.674,-1.70%
04/11/2022,2.774,2.723,2.793,2.711,2.61%
04/08/2022,2.704,2.647,2.73,2.624,1.44%
04/07/2022,2.665,2.594,2.673,2.555,2.61%
04/06/2022,2.598,2.566,2.659,2.566,1.69%
04/05/2022,2.554,2.393,2.567,2.384,6.73%
04/04/2022,2.393,2.408,2.434,2.369,0.16%
04/01/2022,2.389,2.352,2.456,2.352,1.89%
03/31/2022,2.345,2.345,2.365,2.309,-0.54%
03/30/2022,2.358,2.4,2.435,2.334,-1.67%
03/29/2022,2.398,2.442,2.535,2.38,-2.75%
03/28/2022,2.466,2.473,2.557,2.414,-0.88%
03/25/2022,2.488,2.372,2.503,2.339,4.98%
03/24/2022,2.37,2.306,2.397,2.304,3.50%
03/23/2022,2.29,2.392,2.417,2.286,-3.82%
03/22/2022,2.381,2.293,2.392,2.293,3.65%
03/21/2022,2.297,2.149,2.32,2.148,6.68%
03/18/2022,2.153,2.158,2.19,2.133,-0.65%
03/17/2022,2.167,2.185,2.214,2.106,-1.14%
03/16/2022,2.192,2.149,2.246,2.135,2.00%
03/15/2022,2.149,2.135,2.169,2.078,0.34%
03/14/2022,2.142,2.034,2.147,2.025,7.26%
03/11/2022,1.997,1.99,2.022,1.96,0.18%
03/10/2022,1.993,1.951,2.021,1.911,2.15%
03/09/2022,1.951,1.865,1.957,1.837,6.03%
03/08/2022,1.84,1.773,1.878,1.758,3.58%
03/07/2022,1.777,1.683,1.806,1.668,2.26%
03/04/2022,1.737,1.854,1.854,1.698,-5.60%
03/03/2022,1.84,1.852,1.897,1.83,-2.02%
03/02/2022,1.878,1.741,1.91,1.7,9.49%
03/01/2022,1.716,1.84,1.866,1.682,-5.82%
02/28/2022,1.822,1.892,1.927,1.816,-7.55%
02/25/2022,1.97,1.972,2.016,1.934,0.00%
02/24/2022,1.97,1.97,1.981,1.846,-1.40%
02/23/2022,1.998,1.949,2,1.949,2.78%
02/22/2022,1.944,1.875,1.96,1.846,3.78%
02/21/2022,1.873,1.868,1.873,1.868,-2.78%
02/18/2022,1.927,1.954,1.995,1.916,-2.11%
02/17/2022,1.968,2.024,2.035,1.953,-3.51%
02/16/2022,2.04,2.04,2.065,2.007,-0.17%
02/15/2022,2.043,1.984,2.056,1.968,2.90%
02/14/2022,1.986,1.967,2.026,1.903,3.53%
02/11/2022,1.918,2.033,2.063,1.913,-6.13%
02/10/2022,2.043,1.939,2.056,1.923,5.04%
02/09/2022,1.945,1.954,1.958,1.909,-1.01%
02/08/2022,1.965,1.921,1.97,1.921,2.37%
02/07/2022,1.919,1.908,1.939,1.896,0.20%
02/04/2022,1.916,1.834,1.936,1.809,4.34%
02/03/2022,1.836,1.759,1.847,1.757,3.64%
02/02/2022,1.771,1.798,1.811,1.743,-1.29%
02/01/2022,1.795,1.787,1.82,1.739,0.61%
01/31/2022,1.784,1.789,1.816,1.77,0.30%
01/28/2022,1.778,1.808,1.854,1.771,-1.36%
01/27/2022,1.803,1.851,1.862,1.782,-3.72%
01/26/2022,1.873,1.778,1.88,1.765,5.44%
01/25/2022,1.776,1.769,1.797,1.728,0.00%
01/24/2022,1.776,1.772,1.785,1.707,0.31%
01/21/2022,1.77,1.791,1.801,1.733,-2.24%
01/20/2022,1.811,1.863,1.87,1.804,-2.31%
01/19/2022,1.854,1.873,1.902,1.822,-1.14%
01/18/2022,1.875,1.807,1.881,1.807,3.67%
01/17/2022,1.809,1.813,1.813,1.809,0.89%
01/14/2022,1.793,1.72,1.795,1.706,5.43%
01/13/2022,1.701,1.748,1.76,1.694,-2.92%
01/12/2022,1.752,1.743,1.753,1.711,0.31%
01/11/2022,1.746,1.769,1.785,1.737,-0.50%
01/10/2022,1.755,1.767,1.808,1.75,-0.59%
01/07/2022,1.765,1.725,1.801,1.711,2.16%
01/06/2022,1.728,1.7,1.753,1.686,1.66%
01/05/2022,1.7,1.656,1.712,1.64,3.09%
01/04/2022,1.649,1.617,1.686,1.614,0.75%
01/03/2022,1.637,1.531,1.642,1.529,8.26%
12/31/2021,1.512,1.512,1.526,1.491,0.35%
12/30/2021,1.507,1.551,1.553,1.501,-3.21%
12/29/2021,1.556,1.477,1.56,1.47,4.87%
12/28/2021,1.484,1.479,1.491,1.455,0.47%
12/27/2021,1.477,1.486,1.498,1.476,-1.03%
12/23/2021,1.493,1.457,1.501,1.452,2.71%
12/22/2021,1.453,1.45,1.486,1.448,-0.93%
12/21/2021,1.467,1.421,1.498,1.414,2.75%
12/20/2021,1.428,1.375,1.429,1.353,1.45%
12/17/2021,1.407,1.424,1.434,1.372,-1.19%
12/16/2021,1.424,1.462,1.482,1.412,-2.34%
12/15/2021,1.458,1.443,1.484,1.424,1.19%
12/14/2021,1.441,1.426,1.472,1.419,1.92%
12/13/2021,1.414,1.494,1.508,1.412,-4.60%
12/10/2021,1.482,1.501,1.52,1.451,-1.02%
12/09/2021,1.497,1.521,1.535,1.472,-2.02%
12/08/2021,1.528,1.472,1.537,1.427,3.12%
12/07/2021,1.482,1.429,1.487,1.427,3.45%
12/06/2021,1.433,1.378,1.443,1.37,5.61%
12/03/2021,1.356,1.431,1.472,1.335,-6.09%
12/02/2021,1.444,1.421,1.466,1.409,2.89%
12/01/2021,1.404,1.477,1.506,1.402,-3.61%
11/30/2021,1.456,1.511,1.524,1.412,-3.06%
11/29/2021,1.502,1.531,1.565,1.497,1.38%
11/26/2021,1.482,1.598,1.601,1.473,-7.18%
11/25/2021,1.596,1.601,1.603,1.596,-2.83%
11/24/2021,1.643,1.665,1.693,1.627,-1.96%
11/23/2021,1.676,1.624,1.684,1.615,2.65%
11/22/2021,1.632,1.56,1.634,1.546,5.45%
11/19/2021,1.548,1.587,1.608,1.515,-2.48%
11/18/2021,1.587,1.599,1.613,1.574,0.11%
11/17/2021,1.585,1.644,1.649,1.584,-3.35%
11/16/2021,1.64,1.618,1.646,1.594,1.38%
11/15/2021,1.618,1.575,1.632,1.541,3.06%
11/12/2021,1.57,1.577,1.589,1.541,-0.54%
11/11/2021,1.578,1.585,1.585,1.578,0.54%
11/10/2021,1.57,1.463,1.592,1.454,9.07%
11/09/2021,1.439,1.49,1.49,1.415,-3.61%
11/08/2021,1.493,1.464,1.504,1.46,2.64%
11/05/2021,1.455,1.545,1.552,1.436,-4.90%
11/04/2021,1.53,1.593,1.609,1.509,-4.60%
11/03/2021,1.603,1.554,1.609,1.519,3.65%
11/02/2021,1.547,1.568,1.573,1.528,-0.90%
11/01/2021,1.561,1.575,1.605,1.554,0.00%
10/29/2021,1.561,1.568,1.619,1.536,-1.10%
10/28/2021,1.578,1.541,1.584,1.53,1.81%
10/27/2021,1.55,1.617,1.634,1.52,-3.70%
10/26/2021,1.61,1.636,1.654,1.609,-1.40%
10/25/2021,1.633,1.648,1.673,1.62,-0.32%
10/22/2021,1.638,1.692,1.699,1.634,-3.43%
10/21/2021,1.696,1.665,1.705,1.638,2.14%
10/20/2021,1.66,1.658,1.673,1.62,1.19%
10/19/2021,1.641,1.591,1.646,1.566,3.10%
10/18/2021,1.591,1.589,1.627,1.576,1.12%
10/15/2021,1.574,1.519,1.579,1.518,3.81%
10/14/2021,1.516,1.547,1.566,1.507,-1.69%
10/13/2021,1.542,1.572,1.602,1.526,-1.88%
10/12/2021,1.572,1.629,1.631,1.565,-3.44%
10/11/2021,1.628,1.622,1.628,1.622,0.98%
10/08/2021,1.612,1.585,1.617,1.558,2.25%
10/07/2021,1.576,1.531,1.58,1.512,3.19%
10/06/2021,1.528,1.536,1.573,1.508,0.00%
10/05/2021,1.528,1.486,1.54,1.472,3.17%
10/04/2021,1.481,1.46,1.508,1.453,1.06%
10/01/2021,1.465,1.501,1.51,1.462,-1.84%
09/30/2021,1.492,1.51,1.557,1.484,-2.04%
09/29/2021,1.524,1.55,1.56,1.494,-1.46%
09/28/2021,1.546,1.484,1.567,1.475,3.72%
09/27/2021,1.491,1.465,1.516,1.442,2.62%
09/24/2021,1.453,1.428,1.466,1.405,1.21%
09/23/2021,1.435,1.309,1.437,1.309,10.07%
09/22/2021,1.304,1.316,1.345,1.296,-1.79%
09/21/2021,1.328,1.311,1.346,1.304,1.17%
09/20/2021,1.312,1.362,1.372,1.297,-3.73%
09/17/2021,1.363,1.339,1.385,1.326,2.04%
09/16/2021,1.336,1.304,1.351,1.294,2.47%
09/15/2021,1.304,1.287,1.321,1.26,1.58%
09/14/2021,1.284,1.326,1.35,1.263,-3.19%
09/13/2021,1.326,1.343,1.35,1.316,-1.26%
09/10/2021,1.343,1.304,1.355,1.3,3.52%
09/09/2021,1.297,1.338,1.346,1.287,-2.90%
09/08/2021,1.336,1.368,1.377,1.327,-2.96%
09/07/2021,1.377,1.336,1.385,1.336,3.05%
09/06/2021,1.336,1.334,1.336,1.334,0.77%
09/03/2021,1.326,1.292,1.336,1.267,3.15%
09/02/2021,1.285,1.304,1.305,1.283,-1.04%
09/01/2021,1.299,1.317,1.334,1.283,-0.64%
08/31/2021,1.307,1.28,1.316,1.27,2.10%
08/30/2021,1.28,1.307,1.316,1.278,-2.30%
08/27/2021,1.31,1.347,1.359,1.3,-3.23%
08/26/2021,1.354,1.344,1.375,1.332,0.38%
08/25/2021,1.349,1.295,1.352,1.283,4.02%
08/24/2021,1.297,1.257,1.299,1.257,3.48%
08/23/2021,1.253,1.26,1.283,1.252,-0.14%
08/20/2021,1.255,1.243,1.267,1.227,0.94%
08/19/2021,1.243,1.263,1.267,1.22,-1.33%
08/18/2021,1.26,1.26,1.3,1.255,-0.53%
08/17/2021,1.267,1.263,1.273,1.217,-0.13%
08/16/2021,1.268,1.285,1.285,1.223,-1.17%
08/13/2021,1.283,1.357,1.364,1.28,-5.68%
08/12/2021,1.361,1.345,1.379,1.334,1.89%
08/11/2021,1.335,1.357,1.378,1.302,-1.38%
08/10/2021,1.354,1.322,1.357,1.307,2.17%
08/09/2021,1.325,1.297,1.331,1.268,1.54%
08/06/2021,1.305,1.227,1.305,1.225,6.54%
08/05/2021,1.225,1.19,1.229,1.169,3.80%
08/04/2021,1.18,1.177,1.215,1.127,0.56%
08/03/2021,1.174,1.181,1.2,1.154,-0.43%
08/02/2021,1.179,1.237,1.245,1.151,-3.81%
07/30/2021,1.226,1.263,1.264,1.224,-3.18%
07/29/2021,1.266,1.239,1.284,1.231,2.28%
07/28/2021,1.238,1.243,1.278,1.226,-0.14%
07/27/2021,1.239,1.29,1.29,1.229,-4.26%
07/26/2021,1.295,1.283,1.296,1.221,1.04%
07/23/2021,1.281,1.268,1.311,1.268,0.37%
07/22/2021,1.277,1.288,1.317,1.233,-1.17%
07/21/2021,1.292,1.227,1.303,1.194,5.72%
07/20/2021,1.222,1.209,1.225,1.128,1.93%
07/19/2021,1.199,1.27,1.29,1.174,-7.81%
07/16/2021,1.3,1.302,1.336,1.292,0.00%
07/15/2021,1.301,1.346,1.349,1.292,-3.60%
07/14/2021,1.349,1.415,1.423,1.347,-4.87%
07/13/2021,1.418,1.366,1.422,1.343,3.69%
07/12/2021,1.368,1.361,1.376,1.326,0.48%
07/09/2021,1.361,1.306,1.363,1.306,5.15%
07/08/2021,1.294,1.32,1.321,1.25,-2.15%
07/07/2021,1.323,1.357,1.368,1.296,-2.12%
07/06/2021,1.352,1.439,1.449,1.348,-5.86%
07/05/2021,1.436,1.437,1.437,1.436,0.35%
07/02/2021,1.431,1.468,1.471,1.426,-1.98%
07/01/2021,1.459,1.47,1.485,1.454,-0.58%
06/30/2021,1.468,1.477,1.485,1.438,-0.46%
06/29/2021,1.475,1.483,1.51,1.471,-0.46%
06/28/2021,1.482,1.528,1.534,1.471,-2.79%
06/25/2021,1.524,1.494,1.544,1.478,1.69%
06/24/2021,1.499,1.485,1.505,1.477,0.91%
06/23/2021,1.485,1.468,1.499,1.458,1.27%
06/22/2021,1.467,1.494,1.509,1.462,-2.04%
06/21/2021,1.497,1.44,1.497,1.354,3.74%
06/18/2021,1.443,1.516,1.524,1.438,-4.48%
06/17/2021,1.511,1.587,1.594,1.472,-4.41%
06/16/2021,1.581,1.496,1.594,1.482,6.15%
06/15/2021,1.489,1.494,1.513,1.48,-0.56%
06/14/2021,1.497,1.462,1.502,1.455,3.01%
06/11/2021,1.454,1.442,1.472,1.428,1.16%
06/10/2021,1.437,1.491,1.535,1.435,-3.72%
06/09/2021,1.492,1.536,1.536,1.472,-2.97%
06/08/2021,1.538,1.57,1.574,1.513,-1.95%
06/07/2021,1.569,1.567,1.582,1.564,0.76%
06/04/2021,1.557,1.628,1.635,1.555,-4.20%
06/03/2021,1.625,1.586,1.63,1.584,2.25%
06/02/2021,1.589,1.613,1.622,1.587,-1.06%
06/01/2021,1.606,1.608,1.639,1.605,-0.21%
05/31/2021,1.61,1.608,1.61,1.608,1.83%
05/28/2021,1.581,1.615,1.623,1.577,-1.59%
05/27/2021,1.606,1.581,1.625,1.571,1.61%
05/26/2021,1.581,1.564,1.582,1.552,1.31%
05/25/2021,1.56,1.608,1.61,1.554,-2.65%
05/24/2021,1.603,1.62,1.627,1.596,-1.26%
05/21/2021,1.623,1.635,1.64,1.613,-0.31%
05/20/2021,1.628,1.673,1.68,1.625,-2.85%
05/19/2021,1.676,1.642,1.692,1.62,2.19%
05/18/2021,1.64,1.647,1.657,1.628,-0.72%
05/17/2021,1.652,1.635,1.652,1.605,1.04%
05/14/2021,1.635,1.663,1.668,1.625,-1.44%
05/13/2021,1.659,1.702,1.707,1.651,-2.03%
05/12/2021,1.693,1.629,1.701,1.609,4.42%
05/11/2021,1.622,1.602,1.631,1.586,1.12%
05/10/2021,1.604,1.586,1.609,1.559,1.58%
05/07/2021,1.579,1.566,1.584,1.469,0.59%
05/06/2021,1.57,1.58,1.591,1.557,-0.11%
05/05/2021,1.571,1.592,1.626,1.568,-1.21%
05/04/2021,1.591,1.605,1.624,1.557,-0.55%
05/03/2021,1.599,1.631,1.655,1.578,-1.63%
04/30/2021,1.626,1.645,1.659,1.62,-0.95%
04/29/2021,1.641,1.615,1.69,1.615,1.89%
04/28/2021,1.611,1.62,1.661,1.608,-0.87%
04/27/2021,1.625,1.57,1.63,1.57,3.62%
04/26/2021,1.568,1.563,1.599,1.556,0.57%
04/23/2021,1.559,1.547,1.582,1.531,1.16%
04/22/2021,1.542,1.554,1.587,1.531,-1.12%
04/21/2021,1.559,1.564,1.586,1.554,-0.45%
04/20/2021,1.566,1.598,1.633,1.557,-2.73%
04/19/2021,1.61,1.578,1.617,1.552,1.23%
04/16/2021,1.59,1.565,1.599,1.552,1.03%
04/15/2021,1.574,1.641,1.646,1.528,-3.67%
04/14/2021,1.634,1.615,1.65,1.611,0.88%
04/13/2021,1.62,1.676,1.703,1.616,-2.97%
04/12/2021,1.669,1.674,1.685,1.644,0.44%
04/09/2021,1.662,1.633,1.687,1.621,2.20%
04/08/2021,1.626,1.669,1.674,1.617,-3.16%
04/07/2021,1.679,1.663,1.679,1.628,1.29%
04/06/2021,1.658,1.7,1.716,1.653,-2.91%
04/05/2021,1.707,1.705,1.745,1.7,2.06%
04/02/2021,1.673,1.67,1.729,1.667,0.00%
04/01/2021,1.673,1.737,1.753,1.672,-4.04%
03/31/2021,1.744,1.717,1.753,1.708,1.99%
03/30/2021,1.71,1.713,1.776,1.706,-0.41%
03/29/2021,1.717,1.672,1.728,1.635,2.56%
03/26/2021,1.674,1.626,1.681,1.619,2.51%
03/25/2021,1.633,1.612,1.642,1.591,1.21%
03/24/2021,1.614,1.615,1.651,1.589,-0.53%
03/23/2021,1.622,1.682,1.702,1.615,-4.27%
03/22/2021,1.695,1.707,1.709,1.663,-2.04%
03/19/2021,1.73,1.71,1.75,1.671,1.38%
03/18/2021,1.706,1.66,1.754,1.629,3.66%
03/17/2021,1.646,1.621,1.689,1.616,1.53%
03/16/2021,1.621,1.602,1.628,1.585,0.88%
03/15/2021,1.607,1.637,1.639,1.595,-1.07%
03/12/2021,1.625,1.541,1.642,1.532,5.83%
03/11/2021,1.535,1.521,1.547,1.475,0.92%
03/10/2021,1.521,1.525,1.566,1.506,-0.45%
03/09/2021,1.528,1.589,1.594,1.523,-4.67%
03/08/2021,1.603,1.597,1.613,1.575,1.67%
03/05/2021,1.577,1.566,1.625,1.535,1.25%
03/04/2021,1.557,1.486,1.569,1.45,4.91%
03/03/2021,1.484,1.402,1.498,1.398,6.15%
03/02/2021,1.398,1.424,1.453,1.39,-1.92%
03/01/2021,1.426,1.395,1.46,1.383,1.34%
02/26/2021,1.407,1.529,1.558,1.381,-8.08%
02/25/2021,1.53,1.379,1.614,1.374,11.52%
02/24/2021,1.372,1.343,1.435,1.33,2.16%
02/23/2021,1.343,1.369,1.389,1.342,-1.86%
02/22/2021,1.369,1.363,1.394,1.326,2.16%
02/19/2021,1.34,1.292,1.363,1.282,3.27%
02/18/2021,1.297,1.274,1.318,1.258,1.19%
02/17/2021,1.282,1.329,1.333,1.269,-2.18%
02/16/2021,1.311,1.25,1.317,1.223,4.85%
02/15/2021,1.25,1.25,1.25,1.25,3.32%
02/12/2021,1.21,1.163,1.213,1.15,3.87%
02/11/2021,1.165,1.147,1.166,1.132,3.61%
02/10/2021,1.124,1.164,1.176,1.122,-3.10%
02/09/2021,1.16,1.164,1.172,1.14,-1.32%
02/08/2021,1.176,1.172,1.2,1.15,0.60%
02/05/2021,1.169,1.138,1.188,1.129,2.90%
02/04/2021,1.136,1.143,1.162,1.131,-0.29%
02/03/2021,1.139,1.108,1.141,1.105,4.07%
02/02/2021,1.095,1.083,1.118,1.074,1.44%
02/01/2021,1.079,1.071,1.089,1.06,0.79%
01/29/2021,1.071,1.048,1.105,1.042,1.80%
01/28/2021,1.052,1.023,1.072,0.996,3.85%
01/27/2021,1.013,1.04,1.05,1.001,-1.97%
01/26/2021,1.033,1.043,1.053,1.028,0.00%
01/25/2021,1.033,1.096,1.103,1.03,-4.85%
01/22/2021,1.086,1.113,1.118,1.08,-2.14%
01/21/2021,1.109,1.085,1.123,1.077,3.01%
01/20/2021,1.077,1.1,1.107,1.075,-1.39%
01/19/2021,1.092,1.102,1.121,1.087,-0.77%
01/18/2021,1.1,1.099,1.1,1.099,1.25%
01/15/2021,1.087,1.128,1.128,1.084,-3.75%
01/14/2021,1.129,1.085,1.138,1.075,3.44%
01/13/2021,1.092,1.117,1.134,1.071,-3.31%
01/12/2021,1.129,1.146,1.187,1.129,-1.33%
01/11/2021,1.144,1.107,1.148,1.097,2.29%
01/08/2021,1.119,1.079,1.125,1.075,3.47%
01/07/2021,1.081,1.037,1.088,1.029,4.07%
01/06/2021,1.039,0.95,1.054,0.945,8.80%
01/05/2021,0.955,0.922,0.963,0.916,4.00%
01/04/2021,0.918,0.93,0.953,0.906,0.19%
12/31/2020,0.916,0.927,0.937,0.911,-1.07%
12/30/2020,0.926,0.935,0.956,0.923,-1.42%
12/29/2020,0.94,0.936,0.951,0.928,1.80%
12/28/2020,0.923,0.94,0.963,0.923,-0.36%
12/24/2020,0.926,0.951,0.955,0.921,-1.93%
12/23/2020,0.945,0.918,0.973,0.903,2.53%
12/22/2020,0.921,0.935,0.94,0.915,-1.77%
12/21/2020,0.938,0.938,0.948,0.882,-0.71%
12/18/2020,0.945,0.931,0.951,0.915,1.07%
12/17/2020,0.935,0.92,0.945,0.891,1.63%
12/16/2020,0.92,0.911,0.955,0.901,0.91%
12/15/2020,0.911,0.898,0.925,0.885,1.47%
12/14/2020,0.898,0.911,0.939,0.888,0.19%
12/11/2020,0.896,0.91,0.915,0.873,-1.09%
12/10/2020,0.906,0.926,0.941,0.905,-3.35%
12/09/2020,0.938,0.931,0.959,0.924,1.79%
12/08/2020,0.921,0.928,0.941,0.893,-0.71%
12/07/2020,0.928,0.974,0.974,0.924,-4.60%
12/04/2020,0.973,0.91,0.986,0.901,6.73%
12/03/2020,0.911,0.936,0.946,0.901,-2.82%
12/02/2020,0.938,0.923,0.966,0.911,0.89%
12/01/2020,0.929,0.847,0.938,0.834,10.34%
11/30/2020,0.842,0.845,0.86,0.831,0.00%
11/27/2020,0.842,0.859,0.868,0.839,-1.91%
11/26/2020,0.859,0.855,0.859,0.855,-2.61%
11/25/2020,0.882,0.887,0.9,0.855,-0.36%
11/24/2020,0.885,0.872,0.888,0.854,3.05%
11/23/2020,0.859,0.832,0.862,0.826,4.16%
11/20/2020,0.824,0.82,0.85,0.818,-2.14%
11/19/2020,0.842,0.86,0.867,0.831,-3.20%
11/18/2020,0.87,0.862,0.893,0.836,0.95%
11/17/2020,0.862,0.905,0.916,0.859,-5.40%
11/16/2020,0.911,0.9,0.931,0.873,1.47%
11/13/2020,0.898,0.885,0.901,0.864,1.66%
11/12/2020,0.883,0.952,0.964,0.878,-9.59%
11/11/2020,0.977,0.977,0.977,0.977,1.81%
11/10/2020,0.96,0.927,0.973,0.908,3.90%
11/09/2020,0.924,0.83,0.975,0.798,12.61%
11/06/2020,0.82,0.763,0.837,0.758,7.02%
11/05/2020,0.766,0.756,0.79,0.718,-0.65%
11/04/2020,0.771,0.928,0.945,0.756,-13.91%
11/03/2020,0.896,0.852,0.901,0.852,5.18%
11/02/2020,0.852,0.855,0.874,0.828,-2.51%
10/30/2020,0.874,0.831,0.877,0.805,5.09%
10/29/2020,0.831,0.779,0.841,0.769,7.37%
10/28/2020,0.774,0.766,0.784,0.746,0.44%
10/27/2020,0.771,0.794,0.809,0.768,-3.96%
10/26/2020,0.803,0.828,0.831,0.791,-4.59%
10/23/2020,0.841,0.858,0.872,0.831,-2.32%
10/22/2020,0.861,0.814,0.87,0.804,4.92%
10/21/2020,0.821,0.799,0.836,0.797,4.48%
10/20/2020,0.786,0.769,0.801,0.764,1.74%
10/19/2020,0.772,0.759,0.781,0.754,3.12%
10/16/2020,0.749,0.736,0.757,0.721,1.35%
10/15/2020,0.739,0.724,0.74,0.691,1.61%
10/14/2020,0.727,0.73,0.735,0.709,-0.23%
10/13/2020,0.729,0.76,0.769,0.726,-4.56%
10/12/2020,0.764,0.764,0.764,0.764,-1.93%
10/09/2020,0.779,0.777,0.799,0.76,0.00%
10/08/2020,0.779,0.78,0.787,0.762,-0.64%
10/07/2020,0.784,0.74,0.797,0.739,6.80%
10/06/2020,0.734,0.775,0.792,0.727,-5.76%
10/05/2020,0.778,0.71,0.783,0.699,10.60%
10/02/2020,0.704,0.682,0.706,0.653,3.64%
10/01/2020,0.679,0.689,0.72,0.669,-0.96%
09/30/2020,0.686,0.651,0.704,0.641,5.30%
09/29/2020,0.651,0.658,0.663,0.641,-0.99%
09/28/2020,0.658,0.658,0.674,0.654,0.24%
09/25/2020,0.656,0.671,0.679,0.651,-1.71%
09/24/2020,0.668,0.674,0.681,0.661,-1.45%
09/23/2020,0.677,0.676,0.692,0.656,0.97%
09/22/2020,0.671,0.666,0.681,0.659,0.25%
09/21/2020,0.669,0.682,0.692,0.648,-4.00%
09/18/2020,0.697,0.689,0.699,0.668,1.21%
09/17/2020,0.689,0.69,0.692,0.646,-1.40%
09/16/2020,0.698,0.672,0.702,0.656,2.65%
09/15/2020,0.68,0.674,0.689,0.666,0.73%
09/14/2020,0.676,0.672,0.68,0.651,0.99%
09/11/2020,0.669,0.68,0.697,0.664,-1.92%
09/10/2020,0.682,0.698,0.723,0.677,-2.33%
09/09/2020,0.698,0.667,0.71,0.659,2.40%
09/08/2020,0.682,0.72,0.721,0.664,-5.24%
09/07/2020,0.72,0.72,0.72,0.72,-0.22%
09/04/2020,0.721,0.628,0.725,0.628,13.34%
09/03/2020,0.636,0.648,0.669,0.604,-1.74%
09/02/2020,0.648,0.675,0.693,0.643,-3.63%
09/01/2020,0.672,0.713,0.731,0.669,-4.86%
08/31/2020,0.706,0.723,0.749,0.692,-2.48%
08/28/2020,0.724,0.762,0.789,0.713,-3.90%
08/27/2020,0.754,0.685,0.756,0.649,9.50%
08/26/2020,0.688,0.687,0.721,0.685,0.00%
08/25/2020,0.688,0.656,0.716,0.654,5.21%
08/24/2020,0.654,0.632,0.657,0.622,2.81%
08/21/2020,0.636,0.649,0.662,0.623,-2.48%
08/20/2020,0.652,0.677,0.68,0.638,-4.74%
08/19/2020,0.685,0.664,0.69,0.646,2.18%
08/18/2020,0.67,0.682,0.688,0.657,-3.05%
08/17/2020,0.692,0.713,0.714,0.667,-2.52%
08/14/2020,0.709,0.717,0.722,0.69,-1.13%
08/13/2020,0.717,0.674,0.727,0.649,6.60%
08/12/2020,0.673,0.632,0.691,0.625,4.65%
08/11/2020,0.643,0.572,0.661,0.569,10.80%
08/10/2020,0.581,0.571,0.581,0.544,2.62%
08/07/2020,0.566,0.533,0.569,0.516,5.17%
08/06/2020,0.538,0.546,0.556,0.504,-2.09%
08/05/2020,0.549,0.512,0.553,0.507,7.35%
08/04/2020,0.512,0.556,0.563,0.505,-7.67%
08/03/2020,0.554,0.535,0.572,0.535,3.98%
07/31/2020,0.533,0.543,0.564,0.52,-2.11%
07/30/2020,0.545,0.572,0.579,0.536,-5.66%
07/29/2020,0.577,0.579,0.595,0.564,-0.29%
07/28/2020,0.579,0.615,0.637,0.576,-5.87%
07/27/2020,0.615,0.59,0.618,0.569,4.75%
07/24/2020,0.587,0.581,0.597,0.556,1.70%
07/23/2020,0.577,0.599,0.6,0.574,-3.83%
07/22/2020,0.6,0.605,0.607,0.582,-0.81%
07/21/2020,0.605,0.612,0.627,0.594,-1.34%
07/20/2020,0.613,0.628,0.63,0.602,-1.57%
07/17/2020,0.623,0.617,0.632,0.599,0.79%
07/16/2020,0.618,0.628,0.635,0.6,-2.34%
07/15/2020,0.633,0.638,0.658,0.617,1.31%
07/14/2020,0.625,0.623,0.635,0.6,1.07%
07/13/2020,0.618,0.63,0.664,0.617,-3.83%
07/10/2020,0.643,0.618,0.648,0.569,4.81%
07/09/2020,0.613,0.664,0.666,0.599,-7.88%
07/08/2020,0.666,0.646,0.674,0.641,4.11%
07/07/2020,0.64,0.679,0.691,0.633,-5.58%
07/06/2020,0.678,0.676,0.712,0.674,1.23%
07/02/2020,0.669,0.679,0.724,0.664,-0.96%
07/01/2020,0.676,0.658,0.702,0.658,2.75%
06/30/2020,0.658,0.628,0.666,0.618,4.96%
06/29/2020,0.627,0.632,0.656,0.622,-2.05%
06/26/2020,0.64,0.682,0.686,0.632,-6.24%
06/25/2020,0.682,0.674,0.689,0.656,0.49%
06/24/2020,0.679,0.717,0.73,0.676,-5.05%
06/23/2020,0.715,0.712,0.733,0.679,0.69%
06/22/2020,0.71,0.695,0.712,0.674,2.38%
06/19/2020,0.694,0.707,0.745,0.687,-1.85%
06/18/2020,0.707,0.731,0.731,0.692,-3.59%
06/17/2020,0.733,0.763,0.763,0.725,-1.11%
06/16/2020,0.741,0.756,0.784,0.723,2.97%
06/15/2020,0.72,0.666,0.723,0.653,1.39%
06/12/2020,0.71,0.677,0.721,0.664,6.65%
06/11/2020,0.666,0.72,0.73,0.649,-9.58%
06/10/2020,0.736,0.824,0.834,0.726,-10.62%
06/09/2020,0.824,0.872,0.872,0.802,-6.24%
06/08/2020,0.878,0.902,0.932,0.862,-1.68%
06/05/2020,0.893,0.817,0.959,0.799,8.29%
06/04/2020,0.825,0.756,0.828,0.736,10.63%
06/03/2020,0.746,0.692,0.771,0.685,8.59%
06/02/2020,0.687,0.649,0.688,0.648,2.92%
06/01/2020,0.667,0.64,0.687,0.638,2.25%
05/29/2020,0.653,0.683,0.687,0.643,-6.32%
05/28/2020,0.697,0.693,0.713,0.67,0.24%
05/27/2020,0.695,0.69,0.729,0.661,0.00%
05/26/2020,0.695,0.656,0.708,0.654,5.43%
05/25/2020,0.659,0.657,0.659,0.657,0.26%
05/22/2020,0.657,0.67,0.674,0.627,-3.34%
05/21/2020,0.68,0.677,0.682,0.654,-1.42%
05/20/2020,0.69,0.687,0.721,0.67,-0.23%
05/19/2020,0.692,0.726,0.745,0.688,-4.71%
05/18/2020,0.726,0.641,0.744,0.636,12.62%
05/15/2020,0.644,0.627,0.649,0.59,4.46%
05/14/2020,0.617,0.644,0.646,0.604,-5.69%
05/13/2020,0.654,0.669,0.674,0.635,-1.89%
05/12/2020,0.667,0.711,0.726,0.66,-5.66%
05/11/2020,0.707,0.694,0.728,0.672,3.21%
05/08/2020,0.685,0.642,0.686,0.607,7.10%
05/07/2020,0.639,0.687,0.717,0.62,-9.88%
05/06/2020,0.709,0.678,0.743,0.668,7.18%
05/05/2020,0.662,0.638,0.678,0.638,4.98%
05/04/2020,0.631,0.605,0.651,0.596,2.01%
05/01/2020,0.618,0.63,0.648,0.594,-4.26%
04/30/2020,0.646,0.622,0.65,0.581,2.72%
04/29/2020,0.628,0.613,0.643,0.581,2.01%
04/28/2020,0.616,0.665,0.673,0.594,-7.17%
04/27/2020,0.664,0.605,0.665,0.601,9.61%
04/24/2020,0.605,0.605,0.621,0.579,0.40%
04/23/2020,0.603,0.611,0.638,0.59,-2.33%
04/22/2020,0.618,0.58,0.638,0.547,9.12%
04/21/2020,0.566,0.616,0.623,0.543,-8.18%
04/20/2020,0.616,0.642,0.651,0.609,-3.96%
04/17/2020,0.642,0.672,0.693,0.587,3.95%
04/16/2020,0.617,0.638,0.658,0.594,-2.76%
04/15/2020,0.635,0.746,0.752,0.618,-15.41%
04/14/2020,0.75,0.765,0.776,0.728,-2.51%
04/13/2020,0.77,0.725,0.776,0.719,5.64%
04/09/2020,0.729,0.783,0.785,0.711,-5.45%
04/08/2020,0.771,0.717,0.779,0.695,6.08%
04/07/2020,0.726,0.695,0.785,0.678,7.19%
04/06/2020,0.678,0.617,0.684,0.612,13.06%
04/03/2020,0.599,0.611,0.623,0.568,-1.91%
04/02/2020,0.611,0.572,0.636,0.568,1.53%
04/01/2020,0.602,0.663,0.676,0.571,-9.88%
03/31/2020,0.668,0.722,0.731,0.651,-8.05%
03/30/2020,0.726,0.667,0.731,0.599,7.42%
03/27/2020,0.676,0.84,0.854,0.67,-20.25%
03/26/2020,0.848,0.827,0.859,0.77,-2.41%
03/25/2020,0.869,0.853,0.878,0.783,1.28%
03/24/2020,0.858,0.775,0.898,0.774,12.48%
03/23/2020,0.763,0.791,0.879,0.692,-13.86%
03/20/2020,0.885,1.125,1.283,0.849,-23.58%
03/19/2020,1.158,1.149,1.279,1.007,-2.10%
03/18/2020,1.183,1.044,1.266,0.989,10.73%
03/17/2020,1.069,0.747,1.105,0.74,44.37%
03/16/2020,0.74,0.668,0.859,0.634,-24.69%
03/13/2020,0.983,0.823,1.023,0.725,21.03%
03/12/2020,0.812,0.849,0.909,0.636,-7.45%
03/11/2020,0.877,0.759,0.895,0.638,9.71%
03/10/2020,0.8,0.617,0.813,0.565,43.00%
03/09/2020,0.559,0.501,0.603,0.318,-27.67%
03/06/2020,0.773,0.918,0.92,0.66,-15.65%
03/05/2020,0.917,1.054,1.054,0.899,-13.13%
03/04/2020,1.055,0.984,1.064,0.931,5.65%
03/03/2020,0.999,1.163,1.173,0.906,-13.27%
03/02/2020,1.152,1.105,1.168,1.03,-0.99%
02/28/2020,1.163,1.282,1.289,1.116,-8.68%
02/27/2020,1.274,1.33,1.335,1.241,-4.61%
02/26/2020,1.335,1.359,1.382,1.301,-1.48%
02/25/2020,1.355,1.387,1.416,1.307,-1.10%
02/24/2020,1.37,1.456,1.456,1.352,-6.95%
02/21/2020,1.473,1.515,1.524,1.439,-3.01%
02/20/2020,1.519,1.578,1.585,1.507,-3.14%
02/19/2020,1.568,1.571,1.587,1.547,0.55%
02/18/2020,1.559,1.576,1.58,1.537,-1.19%
02/17/2020,1.578,1.578,1.578,1.578,-0.65%
02/14/2020,1.588,1.609,1.616,1.573,-1.90%
02/13/2020,1.619,1.607,1.626,1.568,-1.09%
02/12/2020,1.637,1.607,1.638,1.597,2.15%
02/11/2020,1.602,1.573,1.604,1.571,2.53%
02/10/2020,1.563,1.561,1.599,1.542,-1.19%
02/07/2020,1.582,1.644,1.649,1.571,-3.78%
02/06/2020,1.644,1.649,1.684,1.633,-0.32%
02/05/2020,1.649,1.604,1.661,1.575,2.90%
02/04/2020,1.603,1.52,1.618,1.517,5.05%
02/03/2020,1.526,1.514,1.575,1.512,1.36%
01/31/2020,1.505,1.582,1.599,1.503,-5.38%
01/30/2020,1.591,1.587,1.594,1.534,0.65%
01/29/2020,1.581,1.648,1.667,1.579,-4.87%
01/28/2020,1.661,1.612,1.663,1.57,2.99%
01/27/2020,1.613,1.63,1.655,1.598,-4.30%
01/24/2020,1.686,1.741,1.762,1.67,-2.61%
01/23/2020,1.731,1.764,1.766,1.713,-2.16%
01/22/2020,1.769,1.783,1.793,1.759,-0.29%
01/21/2020,1.774,1.823,1.825,1.766,-2.68%
01/20/2020,1.823,1.823,1.823,1.823,-0.10%
01/17/2020,1.825,1.823,1.849,1.813,0.88%
01/16/2020,1.809,1.792,1.82,1.776,1.27%
01/15/2020,1.786,1.807,1.818,1.78,-1.45%
01/14/2020,1.813,1.851,1.863,1.811,-1.89%
01/13/2020,1.848,1.82,1.858,1.82,1.54%
01/10/2020,1.82,1.858,1.869,1.816,-1.88%
01/09/2020,1.855,1.87,1.9,1.849,-1.03%
01/08/2020,1.874,1.767,1.877,1.705,3.48%
01/07/2020,1.811,1.813,1.828,1.795,0.10%
01/06/2020,1.809,1.769,1.816,1.76,0.88%
01/03/2020,1.793,1.842,1.844,1.786,-4.46%
01/02/2020,1.877,1.919,1.946,1.851,-2.29%
01/01/2020,1.921,1.921,1.921,1.921,0.09%
12/31/2019,1.919,1.893,1.93,1.884,1.77%
12/30/2019,1.886,1.875,1.94,1.872,0.47%
12/27/2019,1.877,1.898,1.901,1.87,-0.92%
12/26/2019,1.894,1.908,1.921,1.893,-0.64%
12/25/2019,1.907,1.905,1.907,1.905,0.18%
12/24/2019,1.903,1.928,1.949,1.901,-1.27%
12/23/2019,1.928,1.921,1.94,1.894,0.46%
12/20/2019,1.919,1.924,1.947,1.912,-0.18%
12/19/2019,1.922,1.922,1.952,1.898,0.00%
12/18/2019,1.922,1.885,1.934,1.864,2.52%
12/17/2019,1.875,1.87,1.894,1.852,0.10%
12/16/2019,1.873,1.833,1.894,1.829,2.67%
12/13/2019,1.824,1.946,1.95,1.816,-3.77%
12/12/2019,1.896,1.796,1.924,1.778,5.72%
12/11/2019,1.793,1.84,1.842,1.781,-2.63%
12/10/2019,1.842,1.819,1.849,1.8,1.14%
12/09/2019,1.821,1.843,1.845,1.805,-1.22%
12/06/2019,1.843,1.807,1.864,1.788,1.92%
12/05/2019,1.809,1.772,1.822,1.759,1.75%
12/04/2019,1.778,1.724,1.791,1.699,3.50%
12/03/2019,1.717,1.821,1.847,1.693,-5.76%
12/02/2019,1.822,1.796,1.86,1.796,2.73%
11/29/2019,1.774,1.779,1.796,1.759,-0.20%
11/28/2019,1.778,1.778,1.778,1.778,0.59%
11/27/2019,1.767,1.747,1.778,1.738,1.48%
11/26/2019,1.741,1.76,1.779,1.731,-0.59%
11/25/2019,1.752,1.777,1.793,1.752,-1.07%
11/22/2019,1.771,1.771,1.789,1.745,-0.29%
11/21/2019,1.776,1.735,1.786,1.707,1.67%
11/20/2019,1.747,1.769,1.777,1.728,-2.21%
11/19/2019,1.786,1.814,1.827,1.777,-1.61%
11/18/2019,1.815,1.826,1.857,1.795,-1.13%
11/15/2019,1.836,1.831,1.853,1.819,0.76%
11/14/2019,1.822,1.884,1.893,1.805,-3.65%
11/13/2019,1.891,1.929,1.931,1.863,-1.89%
11/12/2019,1.928,1.923,1.959,1.905,0.27%
11/11/2019,1.923,1.924,1.924,1.923,-1.16%
11/08/2019,1.945,1.921,1.956,1.895,0.81%
11/07/2019,1.929,1.82,1.973,1.803,5.43%
11/06/2019,1.83,1.857,1.858,1.807,-1.43%
11/05/2019,1.857,1.798,1.873,1.788,4.27%
11/04/2019,1.781,1.754,1.793,1.74,3.89%
11/01/2019,1.714,1.689,1.745,1.67,1.56%
10/31/2019,1.688,1.775,1.791,1.681,-4.93%
10/30/2019,1.775,1.837,1.851,1.771,-3.36%
10/29/2019,1.837,1.851,1.86,1.823,-0.48%
10/28/2019,1.845,1.803,1.86,1.801,2.56%
10/25/2019,1.799,1.757,1.814,1.749,1.59%
10/24/2019,1.771,1.761,1.784,1.738,0.20%
10/23/2019,1.768,1.762,1.77,1.731,0.00%
10/22/2019,1.768,1.805,1.81,1.762,-1.95%
10/21/2019,1.803,1.74,1.805,1.738,2.81%
10/18/2019,1.754,1.748,1.776,1.729,0.21%
10/17/2019,1.75,1.732,1.799,1.722,0.30%
10/16/2019,1.745,1.766,1.769,1.719,-1.49%
10/15/2019,1.771,1.713,1.778,1.675,3.26%
10/14/2019,1.715,1.712,1.717,1.712,-1.10%
10/11/2019,1.734,1.663,1.767,1.64,3.86%
10/10/2019,1.67,1.558,1.672,1.546,5.21%
10/09/2019,1.587,1.531,1.594,1.526,3.58%
10/08/2019,1.532,1.556,1.592,1.51,-2.08%
10/07/2019,1.565,1.515,1.566,1.505,2.34%
10/04/2019,1.529,1.536,1.556,1.507,-0.33%
10/03/2019,1.534,1.592,1.599,1.509,-4.17%
10/02/2019,1.601,1.639,1.668,1.58,-2.10%
10/01/2019,1.635,1.67,1.757,1.613,-1.97%
09/30/2019,1.668,1.685,1.713,1.665,-1.13%
09/27/2019,1.687,1.692,1.725,1.673,-0.61%
09/26/2019,1.697,1.727,1.727,1.675,-2.30%
09/25/2019,1.737,1.649,1.739,1.63,5.13%
09/24/2019,1.652,1.722,1.723,1.628,-4.11%
09/23/2019,1.723,1.737,1.767,1.664,0.10%
09/20/2019,1.722,1.781,1.794,1.716,-3.69%
09/19/2019,1.787,1.796,1.821,1.749,-0.68%
09/18/2019,1.8,1.805,1.819,1.744,-0.57%
09/17/2019,1.81,1.845,1.849,1.794,-1.80%
09/16/2019,1.843,1.899,1.899,1.814,-3.05%
09/13/2019,1.901,1.777,1.908,1.766,6.89%
09/12/2019,1.778,1.766,1.801,1.668,1.89%
09/11/2019,1.745,1.73,1.752,1.707,0.10%
09/10/2019,1.744,1.647,1.745,1.62,5.86%
09/09/2019,1.647,1.559,1.649,1.553,5.58%
09/06/2019,1.56,1.559,1.608,1.54,-0.33%
09/05/2019,1.565,1.472,1.591,1.469,6.43%
09/04/2019,1.471,1.452,1.499,1.451,0.57%
09/03/2019,1.462,1.508,1.537,1.429,-2.91%
09/02/2019,1.506,1.51,1.51,1.506,0.45%
08/30/2019,1.499,1.496,1.543,1.493,0.21%
08/29/2019,1.496,1.468,1.535,1.444,1.94%
08/28/2019,1.468,1.479,1.49,1.446,-0.45%
08/27/2019,1.474,1.53,1.537,1.471,-4.16%
08/26/2019,1.538,1.478,1.549,1.443,0.33%
08/23/2019,1.533,1.613,1.663,1.506,-4.94%
08/22/2019,1.613,1.588,1.628,1.555,1.39%
08/21/2019,1.591,1.557,1.61,1.547,2.51%
08/20/2019,1.552,1.591,1.598,1.54,-3.48%
08/19/2019,1.608,1.572,1.625,1.569,2.93%
08/16/2019,1.562,1.523,1.594,1.508,4.04%
08/15/2019,1.502,1.589,1.594,1.475,-5.11%
08/14/2019,1.583,1.693,1.695,1.574,-7.00%
08/13/2019,1.702,1.654,1.717,1.618,3.75%
08/12/2019,1.64,1.748,1.748,1.628,-5.98%
08/09/2019,1.745,1.698,1.748,1.679,1.50%
08/08/2019,1.719,1.709,1.793,1.705,-0.10%
08/07/2019,1.721,1.696,1.736,1.595,0.29%
08/06/2019,1.716,1.677,1.773,1.672,-0.10%
08/05/2019,1.718,1.855,1.859,1.709,-6.82%
08/02/2019,1.843,1.897,1.912,1.832,-3.09%
08/01/2019,1.902,2.025,2.061,1.876,-5.25%
07/31/2019,2.007,2.058,2.072,2.006,-2.53%
07/30/2019,2.06,2.062,2.075,2.04,-0.17%
07/29/2019,2.063,2.067,2.07,2.048,-0.51%
07/26/2019,2.074,2.081,2.1,2.063,-0.43%
07/25/2019,2.083,2.043,2.1,2.011,1.61%
07/24/2019,2.05,2.085,2.085,2.038,-1.35%
07/23/2019,2.078,2.05,2.085,2.043,1.36%
07/22/2019,2.05,2.057,2.067,2.027,-0.34%
07/19/2019,2.057,2.042,2.064,2.035,1.53%
07/18/2019,2.026,2.054,2.078,2.023,-0.86%
07/17/2019,2.043,2.108,2.111,2.043,-2.98%
07/16/2019,2.106,2.09,2.143,2.083,0.75%
07/15/2019,2.09,2.15,2.15,2.087,-1.57%
07/12/2019,2.124,2.136,2.15,2.105,-0.91%
07/11/2019,2.143,2.053,2.15,2.037,3.97%
07/10/2019,2.061,2.067,2.113,2.039,-0.51%
07/09/2019,2.072,2.039,2.072,2.034,1.18%
07/08/2019,2.048,2.041,2.053,2.01,0.42%
07/05/2019,2.039,1.945,2.068,1.941,4.67%
07/04/2019,1.948,1.946,1.948,1.946,-0.26%
07/03/2019,1.953,1.972,1.972,1.939,-1.14%
07/02/2019,1.976,2.017,2.024,1.974,-2.80%
07/01/2019,2.033,2.045,2.048,2.005,1.29%
06/28/2019,2.007,2.017,2.033,1.998,-0.36%
06/27/2019,2.014,2.045,2.073,2.004,-1.77%
06/26/2019,2.05,1.999,2.052,1.997,3.11%
06/25/2019,1.988,2.014,2.025,1.982,-1.45%
06/24/2019,2.018,2.059,2.066,2.014,-2.01%
06/21/2019,2.059,2.018,2.069,1.999,1.77%
06/20/2019,2.023,2.027,2.039,1.974,-0.26%
06/19/2019,2.029,2.063,2.099,2.02,-1.42%
06/18/2019,2.058,2.091,2.098,2.016,-1.57%
06/17/2019,2.091,2.092,2.115,2.079,0.33%
06/14/2019,2.084,2.086,2.11,2.058,-0.42%
06/13/2019,2.093,2.124,2.129,2.082,-1.39%
06/12/2019,2.122,2.138,2.143,2.11,-1.05%
06/11/2019,2.145,2.141,2.178,2.138,-0.25%
06/10/2019,2.15,2.122,2.152,2.112,3.15%
06/07/2019,2.084,2.128,2.133,2.053,-1.72%
06/06/2019,2.121,2.126,2.136,2.092,-0.49%
06/05/2019,2.131,2.131,2.136,2.078,0.49%
06/04/2019,2.121,2.083,2.147,2.083,2.24%
06/03/2019,2.075,2.126,2.135,2.061,-2.75%
05/31/2019,2.133,2.191,2.194,2.126,-3.77%
05/30/2019,2.217,2.262,2.285,2.211,-2.01%
05/29/2019,2.262,2.266,2.267,2.21,-0.23%
05/28/2019,2.267,2.308,2.317,2.262,-1.83%
05/27/2019,2.31,2.31,2.31,2.31,-0.60%
05/24/2019,2.324,2.32,2.334,2.308,0.07%
05/23/2019,2.322,2.386,2.386,2.292,-2.45%
05/22/2019,2.38,2.426,2.434,2.38,-1.97%
05/21/2019,2.428,2.416,2.441,2.407,0.37%
05/20/2019,2.419,2.4,2.419,2.38,1.11%
05/17/2019,2.393,2.396,2.409,2.364,-0.07%
05/16/2019,2.394,2.373,2.416,2.354,0.74%
05/15/2019,2.377,2.409,2.419,2.361,-1.54%
05/14/2019,2.414,2.401,2.428,2.394,0.44%
05/13/2019,2.403,2.433,2.442,2.389,-2.80%
05/10/2019,2.473,2.455,2.473,2.426,0.80%
05/09/2019,2.453,2.476,2.48,2.424,-1.30%
05/08/2019,2.485,2.457,2.491,2.426,1.54%
05/07/2019,2.448,2.48,2.501,2.444,-2.08%
05/06/2019,2.5,2.482,2.503,2.473,-1.21%
05/03/2019,2.53,2.545,2.578,2.514,-0.57%
05/02/2019,2.545,2.522,2.558,2.509,1.73%
05/01/2019,2.502,2.509,2.52,2.455,-0.08%
04/30/2019,2.504,2.527,2.55,2.502,-0.93%
04/29/2019,2.527,2.509,2.541,2.504,1.08%
04/26/2019,2.5,2.529,2.545,2.495,-1.35%
04/25/2019,2.534,2.523,2.542,2.516,0.64%
04/24/2019,2.518,2.572,2.572,2.518,-1.97%
04/23/2019,2.569,2.587,2.594,2.563,-0.70%
04/22/2019,2.587,2.558,2.592,2.558,1.06%
04/18/2019,2.56,2.587,2.589,2.549,-1.33%
04/17/2019,2.594,2.585,2.614,2.579,0.07%
04/16/2019,2.592,2.556,2.596,2.547,1.41%
04/15/2019,2.556,2.558,2.574,2.547,-0.21%
04/12/2019,2.562,2.499,2.567,2.49,2.51%
04/11/2019,2.499,2.474,2.51,2.47,1.38%
04/10/2019,2.465,2.501,2.511,2.463,-1.50%
04/09/2019,2.502,2.519,2.527,2.485,-0.71%
04/08/2019,2.52,2.503,2.524,2.486,0.86%
04/05/2019,2.499,2.515,2.544,2.494,-0.57%
04/04/2019,2.513,2.517,2.526,2.496,-0.57%
04/03/2019,2.528,2.472,2.528,2.469,2.24%
04/02/2019,2.472,2.488,2.492,2.467,-1.21%
04/01/2019,2.503,2.43,2.508,2.424,3.98%
03/29/2019,2.407,2.393,2.433,2.391,0.66%
03/28/2019,2.391,2.365,2.405,2.34,0.44%
03/27/2019,2.381,2.425,2.432,2.352,-1.82%
03/26/2019,2.425,2.414,2.453,2.402,0.81%
03/25/2019,2.405,2.453,2.473,2.377,-1.31%
03/22/2019,2.437,2.539,2.539,2.418,-3.99%
03/21/2019,2.539,2.524,2.546,2.5,0.56%
03/20/2019,2.524,2.616,2.618,2.524,-3.56%
03/19/2019,2.618,2.603,2.634,2.591,0.48%
03/18/2019,2.605,2.594,2.611,2.585,0.56%
03/15/2019,2.591,2.628,2.638,2.58,-1.51%
03/14/2019,2.63,2.621,2.645,2.611,0.21%
03/13/2019,2.625,2.607,2.628,2.605,0.97%
03/12/2019,2.6,2.657,2.674,2.596,-1.57%
03/11/2019,2.641,2.63,2.659,2.623,0.41%
03/08/2019,2.63,2.645,2.652,2.607,-0.41%
03/07/2019,2.641,2.69,2.693,2.636,-1.94%
03/06/2019,2.693,2.719,2.72,2.679,-0.93%
03/05/2019,2.719,2.728,2.75,2.715,-0.20%
03/04/2019,2.724,2.766,2.768,2.719,-1.25%
03/01/2019,2.759,2.719,2.768,2.711,1.53%
02/28/2019,2.717,2.675,2.731,2.659,1.14%
02/27/2019,2.686,2.634,2.699,2.628,1.84%
02/26/2019,2.638,2.663,2.668,2.632,-1.14%
02/25/2019,2.668,2.668,2.684,2.655,0.54%
02/22/2019,2.654,2.688,2.688,2.638,-1.54%
02/21/2019,2.695,2.645,2.697,2.641,1.76%
02/20/2019,2.648,2.641,2.659,2.627,0.48%
02/19/2019,2.636,2.675,2.675,2.634,-1.41%
02/18/2019,2.673,2.673,2.673,2.673,0.34%
02/15/2019,2.664,2.659,2.688,2.645,0.34%
02/14/2019,2.655,2.698,2.713,2.643,-1.99%
02/13/2019,2.709,2.693,2.715,2.681,0.87%
02/12/2019,2.686,2.654,2.691,2.654,1.22%
02/11/2019,2.654,2.638,2.67,2.636,0.75%
02/08/2019,2.634,2.657,2.659,2.625,-0.88%
02/07/2019,2.657,2.697,2.698,2.65,-1.59%
02/06/2019,2.7,2.704,2.704,2.673,-0.14%
02/05/2019,2.704,2.718,2.74,2.688,-0.79%
02/04/2019,2.725,2.693,2.734,2.684,1.53%
02/01/2019,2.684,2.645,2.697,2.624,1.95%
01/31/2019,2.633,2.683,2.685,2.619,-1.67%
01/30/2019,2.678,2.715,2.735,2.676,-1.19%
01/29/2019,2.71,2.742,2.747,2.706,-1.38%
01/28/2019,2.748,2.755,2.766,2.728,-0.40%
01/25/2019,2.759,2.721,2.76,2.719,1.58%
01/24/2019,2.716,2.744,2.753,2.701,-1.24%
01/23/2019,2.75,2.739,2.779,2.734,0.32%
01/22/2019,2.741,2.775,2.779,2.727,-1.17%
01/21/2019,2.773,2.775,2.775,2.773,-0.52%
01/18/2019,2.788,2.747,2.799,2.743,1.36%
01/17/2019,2.75,2.72,2.761,2.698,0.85%
01/16/2019,2.727,2.713,2.743,2.704,0.32%
01/15/2019,2.718,2.704,2.722,2.679,0.46%
01/14/2019,2.706,2.676,2.711,2.66,0.26%
01/11/2019,2.699,2.731,2.74,2.681,-1.70%
01/10/2019,2.746,2.71,2.747,2.678,1.25%
01/09/2019,2.712,2.73,2.747,2.71,-0.66%
01/08/2019,2.73,2.692,2.733,2.687,1.19%
01/07/2019,2.698,2.666,2.701,2.632,1.13%
01/04/2019,2.668,2.564,2.678,2.543,4.55%
01/03/2019,2.552,2.618,2.656,2.545,-3.08%
01/02/2019,2.633,2.686,2.697,2.622,-1.98%
01/01/2019,2.686,2.686,2.686,2.686,0.00%
12/31/2018,2.686,2.73,2.745,2.679,-1.12%
12/28/2018,2.716,2.768,2.781,2.713,-2.07%
12/27/2018,2.774,2.803,2.806,2.733,-1.28%
12/26/2018,2.81,2.751,2.815,2.72,2.14%
12/25/2018,2.751,2.749,2.751,2.749,0.52%
12/24/2018,2.737,2.826,2.826,2.733,-1.86%
12/21/2018,2.788,2.801,2.81,2.781,-0.71%
12/20/2018,2.808,2.767,2.814,2.748,1.68%
12/19/2018,2.762,2.819,2.861,2.75,-2.15%
12/18/2018,2.823,2.859,2.861,2.818,-1.20%
12/17/2018,2.857,2.895,2.898,2.848,-1.31%
12/14/2018,2.895,2.909,2.913,2.87,-0.62%
12/13/2018,2.913,2.91,2.918,2.891,0.06%
12/12/2018,2.911,2.884,2.917,2.879,1.13%
12/11/2018,2.879,2.85,2.89,2.845,0.56%
12/10/2018,2.863,2.829,2.868,2.825,0.19%
12/07/2018,2.858,2.901,2.921,2.847,-1.19%
12/06/2018,2.892,2.917,2.924,2.826,-0.87%
12/05/2018,2.917,2.912,2.917,2.912,0.06%
12/04/2018,2.915,2.975,2.977,2.885,-1.71%
12/03/2018,2.966,3.037,3.05,2.966,-0.91%
11/30/2018,2.993,3.026,3.032,2.988,-1.26%
11/29/2018,3.032,3.048,3.052,2.997,-0.95%
11/28/2018,3.061,3.057,3.075,3.043,0.06%
11/27/2018,3.059,3.059,3.074,3.044,0.00%
11/26/2018,3.059,3.05,3.079,3.046,0.42%
11/23/2018,3.046,3.068,3.076,3.032,-0.60%
11/22/2018,3.065,3.065,3.065,3.065,0.00%
11/21/2018,3.065,3.065,3.088,3.061,0.12%
11/20/2018,3.061,3.063,3.07,3.036,-0.06%
11/19/2018,3.063,3.057,3.096,3.052,-0.06%
11/16/2018,3.065,3.11,3.123,3.065,-1.47%
11/15/2018,3.11,3.123,3.136,3.081,-0.53%
11/14/2018,3.127,3.145,3.165,3.092,-0.47%
11/13/2018,3.141,3.151,3.176,3.138,-0.29%
11/12/2018,3.151,3.186,3.186,3.151,-1.10%
11/09/2018,3.186,3.232,3.236,3.18,-1.65%
11/08/2018,3.239,3.236,3.243,3.206,0.06%
11/07/2018,3.237,3.213,3.25,3.176,0.18%
11/06/2018,3.231,3.208,3.231,3.189,0.96%
11/05/2018,3.201,3.208,3.212,3.186,-0.59%
11/02/2018,3.22,3.14,3.224,3.136,2.73%
11/01/2018,3.134,3.155,3.174,3.13,-0.48%
10/31/2018,3.149,3.125,3.162,3.123,0.97%
10/30/2018,3.119,3.087,3.125,3.083,0.98%
10/29/2018,3.089,3.081,3.117,3.059,0.37%
10/26/2018,3.077,3.109,3.117,3.057,-1.56%
10/25/2018,3.126,3.102,3.145,3.1,0.49%
10/24/2018,3.111,3.17,3.17,3.094,-1.90%
10/23/2018,3.171,3.192,3.194,3.111,-0.88%
10/22/2018,3.2,3.192,3.209,3.177,0.12%
10/19/2018,3.196,3.175,3.209,3.169,0.60%
10/18/2018,3.177,3.207,3.217,3.16,-0.94%
10/17/2018,3.207,3.169,3.207,3.146,1.38%
10/16/2018,3.163,3.158,3.178,3.152,0.24%
10/15/2018,3.156,3.158,3.165,3.142,-0.36%
10/12/2018,3.167,3.154,3.184,3.131,0.67%
10/11/2018,3.146,3.163,3.195,3.124,-0.89%
10/10/2018,3.174,3.214,3.244,3.165,-1.00%
10/09/2018,3.206,3.231,3.261,3.203,-0.76%
10/08/2018,3.231,3.237,3.237,3.231,-0.06%
10/05/2018,3.233,3.193,3.248,3.187,1.44%
10/04/2018,3.187,3.198,3.232,3.176,0.18%
10/03/2018,3.181,3.061,3.187,3.05,3.92%
10/02/2018,3.061,3.087,3.087,3.046,-0.78%
10/01/2018,3.086,3.067,3.095,3.063,0.67%
09/28/2018,3.065,3.048,3.065,3.026,0.31%
09/27/2018,3.056,3.054,3.074,3.03,0.25%
09/26/2018,3.048,3.096,3.098,3.048,-1.62%
09/25/2018,3.098,3.089,3.113,3.087,0.30%
09/24/2018,3.089,3.098,3.098,3.065,0.73%
09/21/2018,3.066,3.065,3.085,3.057,0.07%
09/20/2018,3.065,3.066,3.096,3.059,-0.06%
09/19/2018,3.066,3.055,3.092,3.044,0.30%
09/18/2018,3.057,2.979,3.059,2.977,2.10%
09/17/2018,2.994,2.99,3.022,2.985,-0.18%
09/14/2018,3,2.974,3.003,2.968,0.87%
09/13/2018,2.974,2.964,2.983,2.944,0.31%
09/12/2018,2.964,2.974,2.976,2.955,-0.55%
09/11/2018,2.981,2.935,2.983,2.935,1.56%
09/10/2018,2.935,2.944,2.95,2.93,-0.13%
09/07/2018,2.939,2.875,2.95,2.871,2.09%
09/06/2018,2.878,2.9,2.911,2.871,-0.88%
09/05/2018,2.904,2.898,2.917,2.884,0.19%
09/04/2018,2.898,2.86,2.906,2.855,1.27%
09/03/2018,2.862,2.862,2.862,2.862,0.06%
08/31/2018,2.86,2.86,2.868,2.831,0.06%
08/30/2018,2.859,2.88,2.888,2.855,-0.94%
08/29/2018,2.886,2.878,2.898,2.866,0.06%
08/28/2018,2.884,2.851,2.888,2.844,1.34%
08/27/2018,2.846,2.821,2.851,2.815,1.16%
08/24/2018,2.813,2.824,2.85,2.812,-0.51%
08/23/2018,2.828,2.817,2.832,2.812,0.26%
08/22/2018,2.821,2.824,2.837,2.808,-0.76%
08/21/2018,2.842,2.824,2.853,2.819,0.83%
08/20/2018,2.819,2.866,2.869,2.815,-1.57%
08/17/2018,2.864,2.868,2.877,2.844,-0.19%
08/16/2018,2.87,2.864,2.893,2.857,0.19%
08/15/2018,2.864,2.9,2.9,2.837,-1.25%
08/14/2018,2.9,2.877,2.902,2.877,0.82%
08/13/2018,2.877,2.866,2.889,2.848,0.13%
08/10/2018,2.873,2.929,2.931,2.853,-1.92%
08/09/2018,2.929,2.959,2.964,2.924,-1.16%
08/08/2018,2.964,2.973,2.986,2.958,-0.44%
08/07/2018,2.977,2.943,2.979,2.936,1.07%
08/06/2018,2.945,2.956,2.962,2.925,-0.19%
08/03/2018,2.951,2.993,2.997,2.951,-1.18%
08/02/2018,2.986,3.003,3.006,2.975,-0.62%
08/01/2018,3.004,2.958,3.016,2.954,1.45%
07/31/2018,2.962,2.969,2.977,2.934,-0.44%
07/30/2018,2.975,2.962,2.99,2.958,0.57%
07/27/2018,2.958,2.976,2.988,2.951,-0.81%
07/26/2018,2.982,2.974,2.984,2.947,0.31%
07/25/2018,2.973,2.949,2.976,2.928,0.76%
07/24/2018,2.95,2.958,2.973,2.945,-0.31%
07/23/2018,2.96,2.895,2.967,2.882,2.23%
07/20/2018,2.895,2.847,2.899,2.836,2.01%
07/19/2018,2.838,2.88,2.897,2.831,-1.28%
07/18/2018,2.875,2.864,2.882,2.847,0.51%
07/17/2018,2.86,2.86,2.873,2.847,0.13%
07/16/2018,2.856,2.823,2.877,2.823,0.97%
07/13/2018,2.829,2.856,2.858,2.827,-0.71%
07/12/2018,2.849,2.853,2.871,2.845,0.32%
07/11/2018,2.84,2.838,2.866,2.825,-0.96%
07/10/2018,2.867,2.862,2.875,2.851,0.32%
07/09/2018,2.858,2.829,2.862,2.829,1.23%
07/06/2018,2.824,2.831,2.849,2.807,-0.32%
07/05/2018,2.833,2.842,2.866,2.82,-0.32%
07/04/2018,2.842,2.842,2.842,2.842,0.32%
07/03/2018,2.833,2.869,2.884,2.831,-1.34%
07/02/2018,2.871,2.858,2.873,2.824,0.38%
06/29/2018,2.86,2.844,2.868,2.833,0.70%
06/28/2018,2.84,2.833,2.853,2.822,0.45%
06/27/2018,2.827,2.884,2.886,2.826,-1.71%
06/26/2018,2.877,2.882,2.9,2.866,-0.19%
06/25/2018,2.882,2.893,2.897,2.866,-0.44%
06/22/2018,2.895,2.904,2.928,2.893,-0.13%
06/21/2018,2.899,2.937,2.95,2.891,-1.31%
06/20/2018,2.937,2.895,2.941,2.882,1.39%
06/19/2018,2.897,2.897,2.904,2.853,-0.69%
06/18/2018,2.917,2.922,2.933,2.9,-0.18%
06/15/2018,2.922,2.937,2.937,2.889,-0.44%
06/14/2018,2.935,2.97,2.976,2.928,-1.30%
06/13/2018,2.974,2.961,3.01,2.95,0.31%
06/12/2018,2.964,2.957,2.981,2.944,0.44%
06/11/2018,2.952,2.952,2.97,2.95,0.13%
06/08/2018,2.948,2.941,2.95,2.889,0.88%
06/07/2018,2.922,2.977,2.994,2.884,-1.73%
06/06/2018,2.974,2.928,2.981,2.926,1.63%
06/05/2018,2.926,2.939,2.942,2.9,-0.62%
06/04/2018,2.944,2.908,2.946,2.902,1.45%
06/01/2018,2.902,2.862,2.926,2.86,1.46%
05/31/2018,2.86,2.846,2.886,2.822,0.13%
05/30/2018,2.857,2.763,2.888,2.763,2.40%
05/29/2018,2.79,2.9,2.908,2.759,-3.75%
05/28/2018,2.898,2.931,2.931,2.895,-1.12%
05/25/2018,2.931,2.975,2.997,2.922,-1.54%
05/24/2018,2.977,3.001,3.014,2.955,-0.55%
05/23/2018,2.993,3.058,3.065,2.99,-2.28%
05/22/2018,3.063,3.058,3.08,3.05,0.18%
05/21/2018,3.058,3.08,3.084,3.054,-0.06%
05/18/2018,3.06,3.119,3.128,3.058,-1.78%
05/17/2018,3.115,3.098,3.122,3.087,0.36%
05/16/2018,3.104,3.07,3.104,3.058,1.03%
05/15/2018,3.072,3.004,3.095,2.997,2.33%
05/14/2018,3.002,2.975,3.004,2.959,1.11%
05/11/2018,2.97,2.966,2.982,2.948,0.19%
05/10/2018,2.964,2.995,2.995,2.948,-1.40%
05/09/2018,3.006,2.976,3.014,2.976,1.14%
05/08/2018,2.972,2.952,2.987,2.944,0.70%
05/07/2018,2.952,2.951,2.961,2.937,0.00%
05/04/2018,2.951,2.95,2.965,2.911,0.13%
05/03/2018,2.948,2.97,2.978,2.927,-0.94%
05/02/2018,2.976,2.968,2.996,2.957,0.25%
05/01/2018,2.968,2.959,2.979,2.949,0.44%
04/30/2018,2.955,2.966,2.972,2.934,-0.13%
04/27/2018,2.959,2.987,2.988,2.955,-0.81%
04/26/2018,2.983,3.024,3.033,2.981,-1.61%
04/25/2018,3.032,2.994,3.035,2.99,1.07%
04/24/2018,3,2.975,3.003,2.957,0.76%
04/23/2018,2.977,2.968,2.998,2.962,0.57%
04/20/2018,2.96,2.917,2.962,2.904,1.60%
04/19/2018,2.914,2.875,2.934,2.862,1.35%
04/18/2018,2.875,2.829,2.876,2.823,1.56%
04/17/2018,2.83,2.832,2.849,2.814,0.07%
04/16/2018,2.829,2.841,2.865,2.825,0.13%
04/13/2018,2.825,2.827,2.849,2.816,-0.64%
04/12/2018,2.843,2.783,2.843,2.772,2.31%
04/11/2018,2.779,2.803,2.805,2.755,-0.78%
04/10/2018,2.801,2.783,2.812,2.779,0.72%
04/09/2018,2.781,2.786,2.814,2.772,0.20%
04/06/2018,2.775,2.817,2.83,2.768,-2.06%
04/05/2018,2.834,2.808,2.838,2.805,0.91%
04/04/2018,2.808,2.773,2.81,2.748,0.99%
04/03/2018,2.781,2.737,2.79,2.735,1.73%
04/02/2018,2.733,2.759,2.773,2.717,-0.27%
03/29/2018,2.741,2.784,2.792,2.739,-1.50%
03/28/2018,2.783,2.781,2.79,2.743,0.26%
03/27/2018,2.775,2.854,2.859,2.77,-2.69%
03/26/2018,2.852,2.819,2.856,2.815,1.37%
03/23/2018,2.813,2.806,2.852,2.792,-0.32%
03/22/2018,2.823,2.881,2.889,2.799,-2.03%
03/21/2018,2.881,2.89,2.936,2.87,-0.63%
03/20/2018,2.9,2.855,2.901,2.852,1.54%
03/19/2018,2.855,2.857,2.879,2.833,0.39%
03/16/2018,2.845,2.83,2.859,2.81,0.65%
03/15/2018,2.826,2.819,2.835,2.797,0.26%
03/14/2018,2.819,2.841,2.857,2.801,-0.90%
03/13/2018,2.844,2.872,2.883,2.83,-0.76%
03/12/2018,2.866,2.905,2.91,2.863,-1.01%
03/09/2018,2.896,2.872,2.914,2.868,1.35%
03/08/2018,2.857,2.885,2.892,2.848,-0.82%
03/07/2018,2.881,2.848,2.888,2.842,-0.19%
03/06/2018,2.886,2.88,2.906,2.857,0.13%
03/05/2018,2.883,2.85,2.897,2.81,0.51%
03/02/2018,2.868,2.819,2.87,2.793,2.01%
03/01/2018,2.811,2.866,2.875,2.795,-1.84%
02/28/2018,2.864,2.901,2.912,2.862,-1.26%
02/27/2018,2.901,2.861,2.925,2.85,1.27%
02/26/2018,2.864,2.875,2.875,2.831,-0.06%
02/23/2018,2.866,2.926,2.937,2.861,-1.81%
02/22/2018,2.919,2.946,2.948,2.904,-1.12%
02/21/2018,2.952,2.891,2.957,2.877,2.09%
02/20/2018,2.891,2.891,2.928,2.884,0.07%
02/19/2018,2.889,2.888,2.891,2.888,0.57%
02/16/2018,2.873,2.909,2.911,2.849,-1.13%
02/15/2018,2.906,2.909,2.944,2.882,-0.25%
02/14/2018,2.913,2.833,2.92,2.808,2.83%
02/13/2018,2.833,2.855,2.862,2.822,-0.89%
02/12/2018,2.859,2.902,2.902,2.828,0.07%
02/09/2018,2.857,2.829,2.864,2.786,1.03%
02/08/2018,2.828,2.809,2.884,2.808,-0.23%
02/07/2018,2.834,2.803,2.861,2.758,1.02%
02/06/2018,2.805,2.73,2.807,2.648,3.55%
02/05/2018,2.709,2.847,2.885,2.698,-4.64%
02/02/2018,2.841,2.79,2.854,2.783,2.12%
02/01/2018,2.782,2.724,2.793,2.72,2.57%
01/31/2018,2.713,2.72,2.754,2.696,-0.41%
01/30/2018,2.724,2.703,2.733,2.681,0.90%
01/29/2018,2.699,2.658,2.727,2.654,1.48%
01/26/2018,2.66,2.622,2.673,2.621,1.35%
01/25/2018,2.624,2.65,2.676,2.615,-0.91%
01/24/2018,2.648,2.611,2.665,2.609,1.21%
01/23/2018,2.617,2.656,2.659,2.611,-1.46%
01/22/2018,2.656,2.661,2.672,2.632,-0.21%
01/19/2018,2.661,2.624,2.663,2.613,1.43%
01/18/2018,2.624,2.59,2.627,2.585,1.43%
01/17/2018,2.587,2.533,2.592,2.532,1.88%
01/16/2018,2.539,2.553,2.563,2.522,-0.50%
01/15/2018,2.552,2.55,2.552,2.55,0.07%
01/12/2018,2.55,2.549,2.594,2.542,0.52%
01/11/2018,2.537,2.553,2.57,2.526,-0.86%
01/10/2018,2.559,2.551,2.597,2.544,0.29%
01/09/2018,2.551,2.482,2.555,2.48,2.87%
01/08/2018,2.48,2.48,2.489,2.462,0.15%
01/05/2018,2.476,2.458,2.48,2.433,0.97%
01/04/2018,2.453,2.458,2.487,2.449,0.30%
01/03/2018,2.445,2.465,2.472,2.44,-0.66%
01/02/2018,2.461,2.429,2.481,2.416,2.33%
01/01/2018,2.405,2.405,2.405,2.405,0.00%
12/29/2017,2.405,2.434,2.441,2.405,-1.18%
12/28/2017,2.434,2.421,2.441,2.42,0.90%
12/27/2017,2.412,2.477,2.479,2.407,-2.48%
12/26/2017,2.474,2.492,2.497,2.459,-0.73%
12/25/2017,2.492,2.488,2.496,2.488,0.29%
12/22/2017,2.485,2.484,2.492,2.477,0.00%
12/21/2017,2.484,2.493,2.504,2.479,-0.50%
12/20/2017,2.497,2.457,2.503,2.446,1.55%
12/19/2017,2.459,2.398,2.472,2.389,2.71%
12/18/2017,2.394,2.369,2.398,2.364,1.83%
12/16/2017,2.351,2.351,2.351,2.351,0.00%
12/15/2017,2.351,2.353,2.38,2.346,0.08%
12/14/2017,2.349,2.353,2.389,2.344,0.08%
12/13/2017,2.348,2.399,2.426,2.344,-2.31%
12/12/2017,2.403,2.388,2.421,2.376,0.53%
12/11/2017,2.39,2.383,2.39,2.353,0.53%
12/08/2017,2.378,2.374,2.392,2.362,0.69%
12/07/2017,2.362,2.34,2.376,2.322,0.91%
12/06/2017,2.34,2.356,2.363,2.314,-0.53%
12/05/2017,2.353,2.378,2.395,2.353,-0.83%
12/04/2017,2.372,2.421,2.421,2.371,0.38%
12/01/2017,2.363,2.411,2.424,2.315,-2.14%
11/30/2017,2.415,2.386,2.437,2.379,1.12%
11/29/2017,2.388,2.331,2.395,2.321,2.68%
11/28/2017,2.326,2.331,2.342,2.31,-0.23%
11/27/2017,2.331,2.342,2.354,2.324,-0.38%
11/24/2017,2.34,2.326,2.352,2.324,0.61%
11/23/2017,2.326,2.326,2.328,2.324,0.23%
11/22/2017,2.32,2.352,2.375,2.319,-1.58%
11/21/2017,2.358,2.359,2.374,2.335,-0.45%
11/20/2017,2.368,2.34,2.372,2.324,0.98%
11/17/2017,2.345,2.374,2.377,2.336,-1.27%
11/16/2017,2.375,2.324,2.379,2.322,2.13%
11/15/2017,2.326,2.374,2.375,2.319,-2.09%
11/14/2017,2.375,2.402,2.414,2.372,-1.33%
11/13/2017,2.407,2.4,2.411,2.37,0.22%
11/10/2017,2.402,2.34,2.405,2.336,2.66%
11/09/2017,2.34,2.326,2.345,2.315,0.24%
11/08/2017,2.334,2.304,2.336,2.304,0.78%
11/07/2017,2.316,2.32,2.34,2.304,-0.08%
11/06/2017,2.318,2.345,2.354,2.315,-0.62%
11/03/2017,2.332,2.349,2.361,2.323,-0.69%
11/02/2017,2.349,2.37,2.379,2.336,-0.99%
11/01/2017,2.372,2.379,2.401,2.349,-0.23%
10/31/2017,2.378,2.363,2.385,2.358,0.30%
10/30/2017,2.37,2.403,2.414,2.367,-1.87%
10/27/2017,2.415,2.455,2.477,2.408,-1.92%
10/26/2017,2.463,2.428,2.463,2.408,1.13%
10/25/2017,2.435,2.417,2.475,2.414,0.60%
10/24/2017,2.421,2.368,2.428,2.365,2.14%
10/23/2017,2.37,2.394,2.397,2.363,-0.53%
10/20/2017,2.383,2.318,2.392,2.316,2.80%
10/19/2017,2.318,2.343,2.346,2.298,-1.15%
10/18/2017,2.345,2.302,2.352,2.298,1.87%
10/17/2017,2.302,2.302,2.329,2.296,-0.16%
10/16/2017,2.305,2.289,2.312,2.278,1.34%
10/13/2017,2.275,2.325,2.334,2.273,-2.00%
10/12/2017,2.321,2.346,2.348,2.318,-1.37%
10/11/2017,2.353,2.357,2.366,2.332,-0.08%
10/10/2017,2.355,2.362,2.372,2.319,-0.23%
10/09/2017,2.361,2.361,2.364,2.361,0.00%
10/06/2017,2.361,2.35,2.402,2.348,0.54%
10/05/2017,2.348,2.332,2.359,2.319,1.08%
10/04/2017,2.323,2.328,2.348,2.3,-0.08%
10/03/2017,2.325,2.343,2.364,2.321,-0.69%
10/02/2017,2.341,2.344,2.371,2.318,0.08%
09/29/2017,2.339,2.314,2.341,2.296,1.32%
09/28/2017,2.309,2.307,2.359,2.301,-0.08%
09/27/2017,2.31,2.239,2.316,2.237,3.34%
09/26/2017,2.236,2.222,2.248,2.214,0.63%
09/25/2017,2.222,2.26,2.262,2.214,-1.41%
09/22/2017,2.253,2.275,2.276,2.239,-1.09%
09/21/2017,2.278,2.278,2.282,2.245,0.23%
09/20/2017,2.273,2.241,2.289,2.222,1.18%
09/19/2017,2.246,2.227,2.246,2.213,0.55%
09/18/2017,2.234,2.207,2.237,2.207,1.44%
09/15/2017,2.202,2.178,2.213,2.176,0.72%
09/14/2017,2.187,2.187,2.225,2.183,-0.32%
09/13/2017,2.194,2.165,2.201,2.153,1.21%
09/12/2017,2.167,2.127,2.18,2.125,1.56%
09/11/2017,2.134,2.089,2.138,2.084,3.89%
09/08/2017,2.054,2.044,2.075,2.016,0.58%
09/07/2017,2.042,2.101,2.101,2.034,-3.05%
09/06/2017,2.106,2.06,2.11,2.054,2.10%
09/05/2017,2.063,2.134,2.148,2.061,-4.74%
09/01/2017,2.166,2.127,2.169,2.099,2.13%
08/31/2017,2.121,2.143,2.154,2.119,-0.73%
08/30/2017,2.136,2.135,2.155,2.131,0.33%
08/29/2017,2.129,2.128,2.143,2.086,-1.38%
08/28/2017,2.159,2.176,2.18,2.155,-0.48%
08/25/2017,2.169,2.194,2.203,2.162,-1.19%
08/24/2017,2.196,2.175,2.197,2.173,1.21%
08/23/2017,2.169,2.218,2.224,2.166,-2.13%
08/22/2017,2.217,2.189,2.22,2.187,1.52%
08/21/2017,2.183,2.208,2.208,2.177,-0.64%
08/18/2017,2.197,2.194,2.211,2.162,0.55%
08/17/2017,2.185,2.229,2.247,2.182,-1.81%
08/16/2017,2.226,2.269,2.285,2.22,-2.08%
08/15/2017,2.273,2.227,2.283,2.226,2.21%
08/14/2017,2.224,2.197,2.229,2.197,1.52%
08/11/2017,2.191,2.201,2.222,2.182,-0.48%
08/10/2017,2.201,2.25,2.255,2.197,-2.15%
08/09/2017,2.249,2.253,2.258,2.212,-0.55%
08/08/2017,2.262,2.257,2.29,2.253,0.23%
08/07/2017,2.257,2.271,2.283,2.253,-0.31%
08/04/2017,2.264,2.225,2.29,2.219,2.00%
08/03/2017,2.219,2.267,2.269,2.218,-2.27%
08/02/2017,2.271,2.259,2.283,2.243,0.79%
08/01/2017,2.253,2.303,2.321,2.251,-1.86%
07/31/2017,2.296,2.282,2.305,2.273,0.24%
07/28/2017,2.291,2.303,2.337,2.287,-1.24%
07/27/2017,2.319,2.284,2.328,2.275,1.17%
07/26/2017,2.293,2.335,2.337,2.278,-1.69%
07/25/2017,2.332,2.259,2.337,2.248,3.31%
07/24/2017,2.257,2.23,2.261,2.229,0.87%
07/21/2017,2.237,2.266,2.27,2.225,-0.87%
07/20/2017,2.257,2.268,2.275,2.238,-0.63%
07/19/2017,2.271,2.268,2.282,2.255,0.47%
07/18/2017,2.261,2.312,2.316,2.257,-2.31%
07/17/2017,2.314,2.328,2.335,2.3,-0.76%
07/14/2017,2.332,2.352,2.357,2.279,-0.69%
07/13/2017,2.348,2.321,2.366,2.305,1.23%
07/12/2017,2.319,2.359,2.359,2.302,-1.74%
07/11/2017,2.361,2.38,2.395,2.355,-0.53%
07/10/2017,2.373,2.387,2.393,2.362,-0.53%
07/07/2017,2.386,2.371,2.398,2.362,0.76%
07/06/2017,2.368,2.332,2.391,2.32,1.76%
07/05/2017,2.327,2.336,2.357,2.321,-0.30%
07/04/2017,2.334,2.337,2.337,2.334,-0.61%
07/03/2017,2.348,2.314,2.353,2.289,1.93%
07/01/2017,2.304,2.304,2.304,2.304,0.00%
06/30/2017,2.304,2.268,2.309,2.261,1.64%
06/29/2017,2.267,2.226,2.297,2.221,1.82%
06/28/2017,2.226,2.2,2.258,2.195,1.03%
06/27/2017,2.203,2.142,2.216,2.126,3.19%
06/26/2017,2.135,2.144,2.161,2.121,-0.41%
06/23/2017,2.144,2.151,2.167,2.142,-0.17%
06/22/2017,2.148,2.162,2.167,2.139,-0.80%
06/21/2017,2.165,2.164,2.177,2.144,0.40%
06/20/2017,2.157,2.195,2.197,2.151,-1.59%
06/19/2017,2.191,2.158,2.193,2.139,1.78%
06/16/2017,2.153,2.167,2.179,2.144,-0.49%
06/15/2017,2.164,2.125,2.172,2.125,1.71%
06/14/2017,2.127,2.211,2.211,2.103,-3.78%
06/13/2017,2.211,2.218,2.227,2.2,-0.16%
06/12/2017,2.214,2.213,2.223,2.187,0.55%
06/09/2017,2.202,2.174,2.228,2.166,0.47%
06/08/2017,2.192,2.185,2.215,2.178,0.72%
06/07/2017,2.176,2.154,2.183,2.145,1.45%
06/06/2017,2.145,2.18,2.18,2.129,-1.75%
06/05/2017,2.183,2.161,2.189,2.154,1.13%
06/02/2017,2.159,2.217,2.224,2.144,-2.44%
06/01/2017,2.213,2.213,2.239,2.208,0.31%
05/31/2017,2.206,2.22,2.232,2.196,-0.08%
05/30/2017,2.208,2.245,2.248,2.208,-1.56%
05/29/2017,2.243,2.243,2.247,2.241,-0.31%
05/26/2017,2.25,2.255,2.255,2.231,-0.24%
05/25/2017,2.255,2.257,2.269,2.243,0.16%
05/24/2017,2.252,2.283,2.297,2.248,-1.31%
05/23/2017,2.282,2.234,2.29,2.226,1.32%
05/22/2017,2.252,2.245,2.256,2.238,0.78%
05/19/2017,2.235,2.231,2.261,2.224,0.31%
05/18/2017,2.228,2.236,2.25,2.181,0.23%
05/17/2017,2.223,2.298,2.306,2.212,-4.44%
05/16/2017,2.326,2.34,2.361,2.306,-0.75%
05/15/2017,2.343,2.326,2.352,2.32,0.76%
05/12/2017,2.326,2.389,2.393,2.322,-2.80%
05/11/2017,2.393,2.4,2.423,2.389,-0.74%
05/10/2017,2.411,2.39,2.416,2.369,0.53%
05/09/2017,2.398,2.389,2.416,2.378,0.38%
05/08/2017,2.389,2.361,2.39,2.327,1.62%
05/05/2017,2.351,2.343,2.381,2.338,-0.08%
05/04/2017,2.352,2.325,2.368,2.325,1.32%
05/03/2017,2.322,2.293,2.327,2.279,1.50%
05/02/2017,2.287,2.32,2.34,2.282,-1.47%
05/01/2017,2.322,2.282,2.338,2.28,1.42%
04/28/2017,2.289,2.295,2.338,2.279,-0.47%
04/27/2017,2.3,2.313,2.322,2.282,-0.16%
04/26/2017,2.303,2.334,2.35,2.302,-1.31%
04/25/2017,2.334,2.27,2.343,2.27,2.68%
04/24/2017,2.273,2.314,2.325,2.266,1.19%
04/22/2017,2.246,2.246,2.246,2.246,0.00%
04/21/2017,2.246,2.243,2.25,2.209,0.48%
04/20/2017,2.236,2.207,2.257,2.198,0.88%
04/19/2017,2.216,2.182,2.225,2.175,2.04%
04/18/2017,2.172,2.255,2.259,2.165,-3.39%
04/17/2017,2.248,2.2,2.26,2.198,0.72%
04/13/2017,2.232,2.248,2.271,2.218,-0.56%
04/12/2017,2.244,2.3,2.31,2.239,-2.33%
04/11/2017,2.298,2.353,2.357,2.293,-2.88%
04/10/2017,2.366,2.384,2.395,2.346,-0.68%
04/07/2017,2.382,2.348,2.386,2.269,1.77%
04/06/2017,2.341,2.332,2.368,2.326,0.08%
04/05/2017,2.339,2.361,2.384,2.325,-1.06%
04/04/2017,2.364,2.326,2.364,2.314,1.77%
04/03/2017,2.323,2.396,2.405,2.321,-2.77%
03/31/2017,2.389,2.414,2.431,2.387,-1.33%
03/30/2017,2.421,2.385,2.425,2.373,1.74%
03/29/2017,2.38,2.425,2.427,2.378,-1.63%
03/28/2017,2.42,2.382,2.421,2.357,1.74%
03/27/2017,2.378,2.382,2.384,2.348,-1.63%
03/24/2017,2.418,2.418,2.438,2.393,0.00%
03/23/2017,2.418,2.409,2.437,2.387,0.60%
03/22/2017,2.403,2.414,2.425,2.375,-0.52%
03/21/2017,2.416,2.466,2.499,2.416,-1.90%
03/20/2017,2.463,2.508,2.513,2.463,-1.52%
03/18/2017,2.5,2.5,2.5,2.5,0.00%
03/17/2017,2.5,2.544,2.544,2.49,-1.42%
03/16/2017,2.537,2.497,2.542,2.486,1.45%
03/15/2017,2.5,2.598,2.6,2.495,-3.91%
03/14/2017,2.602,2.62,2.629,2.588,-0.90%
03/13/2017,2.626,2.584,2.628,2.558,1.99%
03/10/2017,2.575,2.613,2.624,2.575,-1.32%
03/09/2017,2.609,2.56,2.609,2.558,1.93%
03/08/2017,2.56,2.52,2.583,2.507,1.66%
03/07/2017,2.518,2.494,2.52,2.491,0.95%
03/06/2017,2.494,2.474,2.507,2.457,0.51%
03/03/2017,2.482,2.483,2.521,2.471,0.00%
03/02/2017,2.481,2.467,2.505,2.453,0.96%
03/01/2017,2.458,2.415,2.471,2.397,2.54%
02/28/2017,2.397,2.363,2.401,2.336,1.28%
02/27/2017,2.367,2.324,2.37,2.317,2.22%
02/24/2017,2.315,2.377,2.384,2.31,-2.54%
02/23/2017,2.375,2.417,2.42,2.372,-1.62%
02/22/2017,2.415,2.438,2.454,2.391,-0.66%
02/21/2017,2.431,2.436,2.461,2.413,-0.22%
02/20/2017,2.436,2.42,2.438,2.42,0.67%
02/17/2017,2.42,2.457,2.465,2.4,-1.09%
02/16/2017,2.447,2.499,2.499,2.438,-2.01%
02/15/2017,2.497,2.479,2.524,2.466,1.02%
02/14/2017,2.472,2.436,2.502,2.427,1.47%
02/13/2017,2.436,2.423,2.452,2.416,1.11%
02/10/2017,2.409,2.4,2.434,2.397,0.52%
02/09/2017,2.397,2.329,2.402,2.326,2.42%
02/08/2017,2.34,2.397,2.402,2.325,-2.37%
02/07/2017,2.397,2.409,2.441,2.367,-0.84%
02/06/2017,2.417,2.472,2.472,2.406,-2.01%
02/03/2017,2.467,2.477,2.506,2.428,-0.29%
02/02/2017,2.474,2.477,2.481,2.433,-0.15%
02/01/2017,2.477,2.461,2.518,2.459,0.46%
01/31/2017,2.466,2.484,2.499,2.433,-0.96%
01/30/2017,2.49,2.479,2.499,2.462,0.15%
01/27/2017,2.486,2.51,2.531,2.481,-1.02%
01/26/2017,2.512,2.51,2.555,2.5,-0.14%
01/25/2017,2.515,2.458,2.538,2.449,2.03%
01/24/2017,2.465,2.406,2.473,2.388,2.69%
01/23/2017,2.401,2.441,2.476,2.381,-2.68%
01/20/2017,2.467,2.474,2.513,2.45,-0.14%
01/19/2017,2.47,2.428,2.496,2.413,1.75%
01/18/2017,2.428,2.333,2.433,2.329,4.40%
01/17/2017,2.325,2.376,2.376,2.305,-2.22%
01/16/2017,2.378,2.398,2.398,2.374,-0.84%
01/13/2017,2.398,2.363,2.431,2.334,1.56%
01/12/2017,2.361,2.361,2.365,2.307,-0.38%
01/11/2017,2.37,2.381,2.398,2.329,-0.30%
01/10/2017,2.378,2.37,2.394,2.361,0.39%
01/09/2017,2.368,2.443,2.443,2.363,-2.18%
01/06/2017,2.421,2.35,2.425,2.334,3.12%
01/05/2017,2.348,2.435,2.452,2.344,-3.81%
01/04/2017,2.441,2.454,2.478,2.432,-0.29%
01/03/2017,2.448,2.439,2.518,2.437,0.08%
01/02/2017,2.446,2.446,2.446,2.446,0.00%
12/30/2016,2.446,2.477,2.488,2.431,-1.24%
12/29/2016,2.477,2.512,2.512,2.46,-1.39%
12/28/2016,2.512,2.565,2.567,2.503,-1.94%
12/27/2016,2.561,2.554,2.576,2.547,0.73%
12/26/2016,2.543,2.543,2.543,2.543,0.00%
12/23/2016,2.543,2.556,2.558,2.526,-0.41%
12/22/2016,2.553,2.535,2.577,2.527,0.59%
12/21/2016,2.538,2.566,2.577,2.537,-0.86%
12/20/2016,2.56,2.54,2.59,2.538,0.66%
12/19/2016,2.544,2.582,2.595,2.529,-2.13%
12/16/2016,2.599,2.6,2.619,2.553,-0.27%
12/15/2016,2.606,2.58,2.641,2.565,1.52%
12/14/2016,2.567,2.471,2.586,2.422,3.79%
12/13/2016,2.473,2.468,2.495,2.438,-0.14%
12/12/2016,2.477,2.489,2.528,2.466,0.45%
12/09/2016,2.466,2.412,2.478,2.397,2.35%
12/08/2016,2.409,2.345,2.427,2.34,2.78%
12/07/2016,2.344,2.396,2.401,2.342,-2.04%
12/06/2016,2.392,2.398,2.403,2.374,-0.37%
12/05/2016,2.401,2.363,2.448,2.34,0.38%
12/02/2016,2.392,2.437,2.448,2.374,-2.50%
12/01/2016,2.454,2.397,2.492,2.377,2.66%
11/30/2016,2.39,2.295,2.41,2.291,4.24%
11/29/2016,2.293,2.312,2.35,2.291,-0.85%
11/28/2016,2.312,2.339,2.352,2.311,-1.98%
11/25/2016,2.359,2.382,2.413,2.35,-0.97%
11/24/2016,2.382,2.382,2.386,2.382,1.15%
11/23/2016,2.355,2.312,2.417,2.292,1.79%
11/22/2016,2.314,2.303,2.337,2.287,0.00%
11/21/2016,2.314,2.353,2.357,2.303,-1.45%
11/18/2016,2.348,2.322,2.364,2.267,2.19%
11/17/2016,2.297,2.205,2.306,2.187,3.78%
11/16/2016,2.214,2.226,2.297,2.205,-0.71%
11/15/2016,2.23,2.251,2.251,2.182,-1.10%
11/14/2016,2.254,2.171,2.302,2.168,5.45%
11/10/2016,2.138,2.042,2.154,1.991,3.37%
11/09/2016,2.068,1.858,2.092,1.716,11.29%
11/08/2016,1.858,1.826,1.876,1.807,1.66%
11/07/2016,1.828,1.831,1.833,1.808,2.81%
11/04/2016,1.778,1.806,1.822,1.769,-1.75%
11/03/2016,1.81,1.804,1.833,1.776,0.49%
11/02/2016,1.801,1.829,1.829,1.774,-1.46%
11/01/2016,1.827,1.838,1.879,1.811,0.10%
10/31/2016,1.826,1.84,1.854,1.826,-1.25%
10/28/2016,1.849,1.854,1.879,1.832,-0.08%
10/27/2016,1.85,1.797,1.87,1.791,3.28%
10/26/2016,1.791,1.754,1.797,1.742,1.92%
10/25/2016,1.758,1.766,1.788,1.742,-0.50%
10/24/2016,1.766,1.742,1.775,1.724,1.73%
10/21/2016,1.736,1.761,1.761,1.731,-1.09%
10/20/2016,1.756,1.75,1.768,1.724,0.50%
10/19/2016,1.747,1.745,1.77,1.729,0.41%
10/18/2016,1.74,1.771,1.787,1.74,-1.59%
10/17/2016,1.768,1.789,1.814,1.757,-2.05%
10/15/2016,1.805,1.805,1.805,1.805,0.00%
10/14/2016,1.805,1.752,1.805,1.75,3.34%
10/13/2016,1.746,1.767,1.769,1.727,-1.38%
10/12/2016,1.771,1.769,1.801,1.764,0.20%
10/11/2016,1.767,1.767,1.781,1.745,0.10%
10/10/2016,1.765,1.723,1.765,1.723,2.44%
10/07/2016,1.723,1.732,1.771,1.718,-0.89%
10/06/2016,1.739,1.709,1.746,1.692,1.95%
10/05/2016,1.706,1.685,1.73,1.669,0.93%
10/04/2016,1.69,1.629,1.692,1.612,3.85%
10/03/2016,1.627,1.6,1.629,1.593,1.84%
09/30/2016,1.598,1.553,1.617,1.536,2.55%
09/29/2016,1.558,1.586,1.601,1.543,-0.87%
09/28/2016,1.572,1.558,1.581,1.543,0.77%
09/27/2016,1.56,1.589,1.606,1.546,-1.52%
09/26/2016,1.584,1.617,1.62,1.574,-2.23%
09/24/2016,1.62,1.62,1.62,1.62,0.00%
09/23/2016,1.62,1.623,1.632,1.606,0.11%
09/22/2016,1.618,1.649,1.656,1.608,-2.19%
09/21/2016,1.655,1.689,1.738,1.653,-2.25%
09/20/2016,1.693,1.708,1.71,1.667,-0.81%
09/19/2016,1.707,1.693,1.714,1.679,0.73%
09/17/2016,1.694,1.694,1.694,1.694,0.00%
09/16/2016,1.694,1.689,1.703,1.66,-0.20%
09/15/2016,1.698,1.696,1.736,1.665,0.00%
09/14/2016,1.698,1.725,1.743,1.682,-1.80%
09/13/2016,1.729,1.661,1.752,1.637,3.75%
09/12/2016,1.666,1.668,1.697,1.659,-0.51%
09/09/2016,1.675,1.602,1.678,1.594,4.64%
09/08/2016,1.601,1.541,1.62,1.529,4.23%
09/07/2016,1.536,1.541,1.549,1.519,0.00%
09/06/2016,1.536,1.609,1.62,1.534,-4.57%
09/05/2016,1.609,1.607,1.611,1.607,0.11%
09/02/2016,1.607,1.571,1.623,1.543,2.51%
09/01/2016,1.568,1.58,1.619,1.556,-0.65%
08/31/2016,1.578,1.57,1.585,1.554,0.55%
08/30/2016,1.57,1.573,1.592,1.561,0.44%
08/29/2016,1.563,1.626,1.626,1.559,-3.99%
08/26/2016,1.628,1.571,1.635,1.531,3.15%
08/25/2016,1.578,1.564,1.583,1.548,0.99%
08/24/2016,1.563,1.556,1.57,1.542,1.10%
08/23/2016,1.546,1.551,1.571,1.527,0.11%
08/22/2016,1.544,1.597,1.6,1.536,-2.26%
08/19/2016,1.58,1.546,1.594,1.536,2.99%
08/18/2016,1.534,1.539,1.566,1.525,-0.98%
08/17/2016,1.549,1.568,1.588,1.537,-1.62%
08/16/2016,1.575,1.554,1.587,1.515,1.09%
08/15/2016,1.558,1.512,1.561,1.498,3.15%
08/13/2016,1.51,1.51,1.51,1.51,0.00%
08/12/2016,1.51,1.559,1.563,1.48,-3.26%
08/11/2016,1.561,1.505,1.576,1.503,3.20%
08/10/2016,1.513,1.545,1.545,1.501,-2.34%
08/09/2016,1.549,1.59,1.597,1.535,-2.71%
08/08/2016,1.592,1.595,1.616,1.571,0.11%
08/06/2016,1.59,1.59,1.59,1.59,0.00%
08/05/2016,1.59,1.501,1.592,1.487,5.84%
08/04/2016,1.503,1.544,1.556,1.484,-2.78%
08/03/2016,1.545,1.559,1.571,1.53,-0.56%
08/02/2016,1.554,1.52,1.573,1.511,2.26%
08/01/2016,1.52,1.463,1.527,1.463,4.83%
07/29/2016,1.45,1.501,1.564,1.45,-3.85%
07/28/2016,1.508,1.504,1.535,1.492,0.34%
07/27/2016,1.503,1.563,1.59,1.498,-3.85%
07/26/2016,1.563,1.568,1.589,1.537,-0.77%
07/25/2016,1.575,1.571,1.592,1.554,0.55%
07/22/2016,1.566,1.549,1.601,1.537,0.66%
07/21/2016,1.556,1.58,1.628,1.554,-1.53%
07/20/2016,1.58,1.559,1.596,1.546,1.43%
07/19/2016,1.558,1.573,1.575,1.537,-1.52%
07/18/2016,1.582,1.575,1.604,1.556,1.54%
07/15/2016,1.558,1.52,1.601,1.517,1.33%
07/14/2016,1.537,1.471,1.551,1.466,4.39%
07/13/2016,1.473,1.508,1.508,1.459,-2.26%
07/12/2016,1.507,1.425,1.531,1.422,5.33%
07/11/2016,1.43,1.366,1.435,1.358,5.33%
07/08/2016,1.358,1.39,1.442,1.346,-1.96%
07/07/2016,1.385,1.37,1.422,1.355,0.85%
07/06/2016,1.373,1.367,1.395,1.321,-0.12%
07/05/2016,1.375,1.439,1.441,1.357,-4.57%
07/04/2016,1.441,1.456,1.456,1.439,-1.04%
07/01/2016,1.456,1.471,1.473,1.382,-1.27%
06/30/2016,1.475,1.512,1.546,1.453,-2.79%
06/29/2016,1.517,1.465,1.519,1.454,3.58%
06/28/2016,1.465,1.439,1.483,1.428,1.40%
06/27/2016,1.444,1.507,1.526,1.436,-7.50%
06/24/2016,1.562,1.682,1.704,1.406,-10.46%
06/23/2016,1.744,1.702,1.749,1.694,3.39%
06/22/2016,1.687,1.697,1.711,1.68,-1.32%
06/21/2016,1.709,1.671,1.711,1.661,1.85%
06/20/2016,1.678,1.656,1.69,1.642,4.16%
06/17/2016,1.611,1.589,1.622,1.582,2.05%
06/16/2016,1.579,1.57,1.581,1.518,0.22%
06/15/2016,1.575,1.613,1.637,1.572,-2.33%
06/14/2016,1.613,1.611,1.625,1.567,0.00%
06/13/2016,1.613,1.625,1.64,1.608,-1.87%
06/10/2016,1.644,1.68,1.683,1.627,-2.25%
06/09/2016,1.682,1.704,1.709,1.659,-1.31%
06/08/2016,1.704,1.719,1.721,1.697,-0.71%
06/07/2016,1.716,1.733,1.744,1.704,-1.19%
06/06/2016,1.737,1.704,1.742,1.704,2.03%
06/03/2016,1.702,1.808,1.813,1.697,-5.38%
06/02/2016,1.799,1.837,1.841,1.796,-2.18%
06/01/2016,1.839,1.844,1.856,1.804,-0.66%
05/31/2016,1.851,1.86,1.89,1.83,-0.56%
05/30/2016,1.862,1.851,1.865,1.851,0.57%
05/27/2016,1.851,1.833,1.855,1.821,1.15%
05/26/2016,1.83,1.86,1.87,1.821,-2.23%
05/25/2016,1.872,1.859,1.882,1.849,0.38%
05/24/2016,1.865,1.838,1.88,1.821,1.61%
05/23/2016,1.835,1.838,1.856,1.818,-0.47%
05/20/2016,1.844,1.849,1.868,1.837,-0.18%
05/19/2016,1.847,1.849,1.883,1.83,-0.66%
05/18/2016,1.859,1.774,1.887,1.764,4.90%
05/17/2016,1.772,1.753,1.776,1.736,0.88%
05/16/2016,1.757,1.702,1.757,1.7,3.23%
05/13/2016,1.702,1.752,1.755,1.7,-2.65%
05/12/2016,1.748,1.724,1.765,1.715,0.76%
05/11/2016,1.735,1.767,1.77,1.721,-1.10%
05/10/2016,1.754,1.753,1.775,1.747,0.21%
05/09/2016,1.751,1.789,1.793,1.747,-1.59%
05/06/2016,1.779,1.756,1.786,1.705,2.13%
05/05/2016,1.742,1.793,1.809,1.735,-1.98%
05/04/2016,1.777,1.807,1.817,1.77,-1.08%
05/03/2016,1.796,1.856,1.858,1.782,-4.06%
05/02/2016,1.872,1.83,1.874,1.81,2.03%
04/29/2016,1.835,1.839,1.876,1.816,0.59%
04/28/2016,1.824,1.847,1.872,1.81,-1.52%
04/27/2016,1.852,1.922,1.923,1.851,-4.05%
04/26/2016,1.931,1.907,1.941,1.89,0.85%
04/25/2016,1.914,1.891,1.914,1.865,1.23%
04/22/2016,1.891,1.868,1.897,1.847,1.43%
04/21/2016,1.865,1.84,1.891,1.833,1.06%
04/20/2016,1.845,1.78,1.859,1.752,3.25%
04/19/2016,1.787,1.783,1.806,1.771,0.89%
04/18/2016,1.771,1.726,1.787,1.722,1.00%
04/15/2016,1.753,1.787,1.799,1.74,-2.14%
04/14/2016,1.792,1.773,1.804,1.752,1.49%
04/13/2016,1.766,1.778,1.797,1.757,-0.59%
04/12/2016,1.776,1.729,1.785,1.725,3.15%
04/11/2016,1.722,1.732,1.755,1.698,0.30%
04/08/2016,1.717,1.701,1.738,1.699,1.75%
04/07/2016,1.687,1.758,1.769,1.685,-4.05%
04/06/2016,1.758,1.732,1.774,1.729,2.23%
04/05/2016,1.72,1.764,1.764,1.715,-2.37%
04/04/2016,1.762,1.765,1.791,1.753,-0.69%
04/01/2016,1.774,1.784,1.814,1.762,0.20%
03/31/2016,1.77,1.816,1.832,1.769,-3.16%
03/30/2016,1.828,1.809,1.862,1.804,1.36%
03/29/2016,1.804,1.883,1.898,1.8,-4.20%
03/28/2016,1.883,1.914,1.918,1.863,-0.92%
03/24/2016,1.9,1.884,1.902,1.852,1.14%
03/23/2016,1.879,1.951,1.954,1.872,-3.36%
03/22/2016,1.944,1.919,1.946,1.879,1.39%
03/21/2016,1.917,1.893,1.924,1.868,2.16%
03/18/2016,1.877,1.901,1.901,1.863,-1.10%
03/17/2016,1.898,1.908,1.919,1.854,-0.83%
03/16/2016,1.913,1.97,2.002,1.908,-2.78%
03/15/2016,1.968,1.963,1.975,1.915,0.37%
03/14/2016,1.961,1.979,1.986,1.941,-0.98%
03/11/2016,1.98,1.932,1.986,1.916,2.29%
03/10/2016,1.936,1.876,1.952,1.855,3.00%
03/09/2016,1.88,1.829,1.897,1.825,2.68%
03/08/2016,1.831,1.908,1.909,1.804,-3.86%
03/07/2016,1.904,1.879,1.92,1.876,1.50%
03/04/2016,1.876,1.835,1.902,1.818,2.20%
03/03/2016,1.835,1.834,1.863,1.814,0.00%
03/02/2016,1.835,1.816,1.872,1.804,0.48%
03/01/2016,1.827,1.737,1.837,1.702,5.09%
02/29/2016,1.738,1.757,1.768,1.73,-1.47%
02/26/2016,1.764,1.724,1.783,1.714,2.92%
02/25/2016,1.714,1.752,1.76,1.678,-2.16%
02/24/2016,1.752,1.721,1.755,1.647,2.10%
02/23/2016,1.716,1.757,1.814,1.714,-2.25%
02/22/2016,1.755,1.748,1.783,1.747,0.69%
02/19/2016,1.743,1.74,1.785,1.719,0.10%
02/18/2016,1.741,1.812,1.829,1.736,-4.09%
02/17/2016,1.816,1.778,1.847,1.74,2.05%
02/16/2016,1.779,1.772,1.803,1.743,0.39%
02/15/2016,1.772,1.746,1.777,1.746,1.48%
02/12/2016,1.746,1.663,1.758,1.647,4.94%
02/11/2016,1.664,1.681,1.683,1.53,-0.54%
02/10/2016,1.673,1.736,1.774,1.67,-3.34%
02/09/2016,1.731,1.745,1.767,1.682,-0.98%
02/08/2016,1.748,1.853,1.87,1.733,-5.14%
02/05/2016,1.843,1.848,1.896,1.825,-0.16%
02/04/2016,1.846,1.883,1.91,1.841,-1.96%
02/03/2016,1.883,1.85,1.896,1.793,1.67%
02/02/2016,1.852,1.943,1.952,1.847,-5.03%
02/01/2016,1.95,1.933,1.966,1.905,1.40%
01/29/2016,1.923,1.987,1.992,1.911,-2.98%
01/28/2016,1.982,1.996,2.038,1.971,-1.05%
01/27/2016,2.003,1.989,2.053,1.98,0.00%
01/26/2016,2.003,2.005,2.027,1.961,-0.15%
01/25/2016,2.006,2.059,2.064,2.003,-2.48%
01/22/2016,2.057,2.035,2.089,2.014,1.43%
01/21/2016,2.028,1.996,2.035,1.956,2.01%
01/20/2016,1.988,2.056,2.056,1.939,-3.31%
01/19/2016,2.056,2.047,2.087,2.021,0.53%
01/18/2016,2.045,2.042,2.047,2.042,0.40%
01/15/2016,2.037,2.101,2.101,1.986,-2.58%
01/14/2016,2.091,2.077,2.122,2.049,0.00%
01/13/2016,2.091,2.117,2.151,2.042,-0.67%
01/12/2016,2.105,2.175,2.2,2.08,-3.22%
01/11/2016,2.175,2.126,2.179,2.126,2.79%
01/08/2016,2.116,2.154,2.225,2.112,-1.54%
01/07/2016,2.149,2.183,2.2,2.119,-0.97%
01/06/2016,2.17,2.236,2.244,2.168,-3.08%
01/05/2016,2.239,2.241,2.266,2.223,-0.18%
01/04/2016,2.243,2.293,2.293,2.2,-1.15%
12/31/2015,2.269,2.303,2.305,2.266,-1.09%
12/30/2015,2.294,2.3,2.325,2.285,-0.61%
12/29/2015,2.308,2.232,2.319,2.221,3.41%
12/28/2015,2.232,2.253,2.257,2.213,-0.58%
12/24/2015,2.245,2.257,2.266,2.239,-0.62%
12/23/2015,2.259,2.236,2.28,2.234,0.98%
12/22/2015,2.237,2.195,2.239,2.185,1.91%
12/21/2015,2.195,2.204,2.225,2.172,-0.41%
12/18/2015,2.204,2.23,2.234,2.178,-0.94%
12/17/2015,2.225,2.283,2.285,2.223,-3.18%
12/16/2015,2.298,2.268,2.332,2.25,1.32%
12/15/2015,2.268,2.218,2.289,2.202,1.93%
12/14/2015,2.225,2.155,2.23,2.138,4.36%
12/11/2015,2.132,2.236,2.239,2.12,-4.57%
12/10/2015,2.234,2.218,2.239,2.206,1.04%
12/09/2015,2.211,2.227,2.271,2.197,-0.50%
12/08/2015,2.222,2.236,2.245,2.197,-0.63%
12/07/2015,2.236,2.285,2.292,2.204,-1.63%
12/04/2015,2.273,2.303,2.358,2.26,-2.07%
12/03/2015,2.321,2.183,2.347,2.178,6.57%
12/02/2015,2.178,2.154,2.201,2.154,1.54%
12/01/2015,2.145,2.217,2.239,2.145,-2.85%
11/30/2015,2.208,2.218,2.245,2.206,-0.63%
11/27/2015,2.222,2.222,2.231,2.204,-0.07%
11/26/2015,2.224,2.22,2.225,2.22,-0.47%
11/25/2015,2.234,2.246,2.248,2.224,-0.22%
11/24/2015,2.239,2.243,2.252,2.206,-0.18%
11/23/2015,2.243,2.273,2.297,2.239,-0.93%
11/20/2015,2.264,2.255,2.266,2.231,0.76%
11/19/2015,2.247,2.273,2.276,2.232,-1.14%
11/18/2015,2.273,2.273,2.299,2.259,0.22%
11/17/2015,2.268,2.275,2.313,2.247,-0.13%
11/16/2015,2.271,2.245,2.278,2.238,-0.18%
11/13/2015,2.275,2.317,2.32,2.267,-1.73%
11/12/2015,2.315,2.331,2.354,2.299,-0.69%
11/11/2015,2.331,2.335,2.335,2.331,-0.21%
11/10/2015,2.336,2.347,2.353,2.311,-0.55%
11/09/2015,2.349,2.329,2.377,2.323,1.03%
11/06/2015,2.325,2.236,2.349,2.223,3.98%
11/05/2015,2.236,2.229,2.263,2.22,0.40%
11/04/2015,2.227,2.209,2.241,2.198,0.41%
11/03/2015,2.218,2.167,2.225,2.165,1.93%
11/02/2015,2.176,2.137,2.189,2.13,1.40%
10/30/2015,2.146,2.162,2.183,2.142,-1.20%
10/29/2015,2.172,2.092,2.18,2.081,3.38%
10/28/2015,2.101,2.044,2.106,2.028,3.14%
10/27/2015,2.037,2.055,2.06,2.009,-1.02%
10/26/2015,2.058,2.083,2.085,2.051,-1.39%
10/23/2015,2.087,2.035,2.099,2.023,2.91%
10/22/2015,2.028,2.023,2.055,2.003,0.00%
10/21/2015,2.028,2.06,2.072,2.017,-1.98%
10/20/2015,2.069,2.024,2.079,2.014,2.27%
10/19/2015,2.023,2.023,2.056,2.014,-0.59%
10/16/2015,2.035,2.026,2.037,2,0.79%
10/15/2015,2.019,1.988,2.028,1.988,2.23%
10/14/2015,1.975,2.047,2.049,1.974,-3.28%
10/13/2015,2.042,2.069,2.078,2.037,-1.37%
10/12/2015,2.07,2.069,2.074,2.069,-0.94%
10/09/2015,2.09,2.099,2.138,2.079,-0.57%
10/08/2015,2.102,2.069,2.122,2.033,1.79%
10/07/2015,2.065,2.037,2.086,2.035,1.47%
10/06/2015,2.035,2.049,2.077,2.028,-1.12%
10/05/2015,2.058,1.984,2.063,1.977,3.36%
10/03/2015,1.991,1.991,1.991,1.991,0.00%
10/02/2015,1.991,2.049,2.065,1.904,-2.50%
10/01/2015,2.042,2.042,2.072,2.009,0.34%
09/30/2015,2.035,2.063,2.104,2.035,-1.21%
09/29/2015,2.06,2.098,2.12,2.042,-1.81%
09/28/2015,2.098,2.157,2.169,2.091,-3.14%
09/25/2015,2.166,2.151,2.198,2.137,1.79%
09/24/2015,2.128,2.146,2.158,2.081,-1.07%
09/23/2015,2.151,2.123,2.173,2.121,0.89%
09/22/2015,2.132,2.198,2.198,2.114,-3.05%
09/21/2015,2.199,2.148,2.217,2.148,3.05%
09/18/2015,2.134,2.194,2.197,2.126,-2.65%
09/17/2015,2.192,2.298,2.298,2.188,-4.53%
09/16/2015,2.296,2.274,2.303,2.258,0.17%
09/15/2015,2.292,2.185,2.294,2.164,4.99%
09/14/2015,2.183,2.201,2.203,2.164,-0.18%
09/11/2015,2.187,2.222,2.226,2.172,-1.80%
09/10/2015,2.227,2.183,2.236,2.176,1.46%
09/09/2015,2.195,2.186,2.254,2.17,0.41%
09/08/2015,2.186,2.151,2.201,2.126,1.63%
09/07/2015,2.151,2.131,2.151,2.131,0.93%
09/04/2015,2.131,2.165,2.169,2.109,-1.48%
09/03/2015,2.163,2.179,2.197,2.151,-1.14%
09/02/2015,2.188,2.161,2.198,2.144,1.34%
09/01/2015,2.159,2.214,2.214,2.151,-2.48%
08/31/2015,2.214,2.195,2.22,2.136,1.37%
08/28/2015,2.184,2.193,2.197,2.128,-0.32%
08/27/2015,2.191,2.168,2.207,2.133,0.50%
08/26/2015,2.18,2.057,2.193,2.052,4.91%
08/25/2015,2.078,2.012,2.136,2.007,3.28%
08/24/2015,2.012,2.031,2.045,1.905,-1.61%
08/21/2015,2.045,2.078,2.091,2.03,-1.35%
08/20/2015,2.073,2.133,2.134,2.07,-2.63%
08/19/2015,2.129,2.194,2.23,2.113,-2.87%
08/18/2015,2.192,2.164,2.203,2.138,1.01%
08/17/2015,2.17,2.198,2.201,2.145,-1.41%
08/14/2015,2.201,2.184,2.221,2.161,0.55%
08/13/2015,2.189,2.141,2.198,2.112,1.91%
08/12/2015,2.148,2.15,2.157,2.045,0.23%
08/11/2015,2.143,2.23,2.232,2.114,-3.99%
08/10/2015,2.232,2.177,2.243,2.175,3.05%
08/07/2015,2.166,2.228,2.254,2.164,-2.74%
08/06/2015,2.227,2.272,2.281,2.218,-1.89%
08/05/2015,2.27,2.234,2.293,2.214,2.11%
08/04/2015,2.223,2.144,2.228,2.143,3.40%
08/03/2015,2.15,2.2,2.209,2.139,-1.69%
07/31/2015,2.187,2.257,2.286,2.182,-3.10%
07/30/2015,2.257,2.295,2.322,2.255,-1.40%
07/29/2015,2.289,2.259,2.297,2.252,1.73%
07/28/2015,2.25,2.221,2.266,2.219,1.53%
07/27/2015,2.216,2.262,2.266,2.21,-2.03%
07/24/2015,2.262,2.275,2.286,2.255,-0.31%
07/23/2015,2.269,2.325,2.343,2.268,-2.49%
07/22/2015,2.327,2.331,2.342,2.302,-0.17%
07/21/2015,2.331,2.372,2.403,2.327,-2.06%
07/20/2015,2.38,2.36,2.396,2.342,1.41%
07/18/2015,2.347,2.347,2.347,2.347,0.00%
07/17/2015,2.347,2.361,2.374,2.332,-0.38%
07/16/2015,2.356,2.374,2.398,2.338,0.00%
07/15/2015,2.356,2.39,2.432,2.345,-1.71%
07/14/2015,2.397,2.447,2.45,2.388,-2.00%
07/13/2015,2.446,2.388,2.47,2.375,1.87%
07/10/2015,2.401,2.35,2.421,2.334,3.63%
07/09/2015,2.317,2.197,2.325,2.181,5.46%
07/08/2015,2.197,2.256,2.256,2.176,-2.57%
07/07/2015,2.255,2.296,2.316,2.185,-1.53%
07/06/2015,2.29,2.274,2.346,2.274,-4.02%
07/02/2015,2.386,2.429,2.47,2.364,-1.69%
07/01/2015,2.427,2.373,2.444,2.349,3.32%
06/30/2015,2.349,2.326,2.378,2.31,0.90%
06/29/2015,2.328,2.303,2.409,2.292,-5.90%
06/26/2015,2.474,2.403,2.489,2.394,2.57%
06/25/2015,2.412,2.365,2.423,2.364,1.64%
06/24/2015,2.373,2.4,2.416,2.365,-1.70%
06/23/2015,2.414,2.374,2.429,2.362,1.68%
06/22/2015,2.374,2.286,2.378,2.279,5.00%
06/19/2015,2.261,2.326,2.326,2.258,-3.13%
06/18/2015,2.334,2.3,2.381,2.261,0.60%
06/17/2015,2.32,2.309,2.403,2.304,0.48%
06/16/2015,2.309,2.352,2.356,2.307,-2.16%
06/15/2015,2.36,2.349,2.376,2.313,-1.26%
06/12/2015,2.39,2.384,2.406,2.334,0.38%
06/11/2015,2.381,2.475,2.5,2.377,-4.22%
06/10/2015,2.486,2.433,2.495,2.433,1.80%
06/09/2015,2.442,2.388,2.449,2.354,2.52%
06/08/2015,2.382,2.413,2.415,2.366,-1.12%
06/05/2015,2.409,2.316,2.442,2.314,4.33%
06/04/2015,2.309,2.361,2.425,2.296,-2.20%
06/03/2015,2.361,2.259,2.388,2.254,4.19%
06/02/2015,2.266,2.185,2.277,2.176,3.80%
06/01/2015,2.183,2.128,2.199,2.106,2.82%
05/30/2015,2.123,2.123,2.123,2.123,0.00%
05/29/2015,2.123,2.137,2.141,2.09,-0.56%
05/28/2015,2.135,2.135,2.153,2.116,0.23%
05/27/2015,2.13,2.153,2.176,2.125,-0.56%
05/26/2015,2.142,2.204,2.213,2.132,-2.81%
05/25/2015,2.204,2.214,2.214,2.202,-0.50%
05/22/2015,2.215,2.195,2.241,2.163,0.91%
05/21/2015,2.195,2.248,2.257,2.183,-2.75%
05/20/2015,2.257,2.28,2.285,2.228,-1.44%
05/19/2015,2.29,2.23,2.303,2.183,2.51%
05/18/2015,2.234,2.153,2.243,2.139,4.00%
05/15/2015,2.148,2.23,2.234,2.132,-3.89%
05/14/2015,2.235,2.28,2.292,2.223,-2.61%
05/13/2015,2.295,2.26,2.298,2.189,2.14%
05/12/2015,2.247,2.276,2.366,2.234,-1.75%
05/11/2015,2.287,2.137,2.287,2.13,6.77%
05/08/2015,2.142,2.176,2.2,2.101,-1.65%
05/07/2015,2.178,2.241,2.312,2.167,-3.29%
05/06/2015,2.252,2.185,2.258,2.178,3.21%
05/05/2015,2.182,2.148,2.201,2.117,1.68%
05/04/2015,2.146,2.133,2.148,2.087,1.61%
05/01/2015,2.112,2.049,2.124,2.046,3.78%
04/30/2015,2.035,2.033,2.11,2.019,-0.54%
04/29/2015,2.046,1.986,2.081,1.98,2.15%
04/28/2015,2.003,1.924,2.007,1.916,4.00%
04/27/2015,1.926,1.91,1.949,1.895,0.63%
04/24/2015,1.914,1.958,1.972,1.907,-2.05%
04/23/2015,1.954,1.98,1.989,1.935,-1.41%
04/22/2015,1.982,1.909,1.993,1.891,3.72%
04/21/2015,1.911,1.884,1.919,1.865,1.33%
04/20/2015,1.886,1.87,1.902,1.853,1.13%
04/17/2015,1.865,1.891,1.912,1.844,-1.58%
04/16/2015,1.895,1.895,1.926,1.869,0.26%
04/15/2015,1.89,1.891,1.918,1.872,-0.53%
04/14/2015,1.9,1.928,1.932,1.855,-1.55%
04/13/2015,1.93,1.949,1.982,1.926,-0.97%
04/10/2015,1.949,1.963,1.967,1.919,-0.71%
04/09/2015,1.963,1.902,1.967,1.876,2.99%
04/08/2015,1.906,1.888,1.925,1.873,1.01%
04/07/2015,1.887,1.899,1.928,1.881,-0.63%
04/06/2015,1.899,1.831,1.911,1.826,3.09%
04/03/2015,1.842,1.904,1.906,1.802,-3.71%
04/02/2015,1.913,1.859,1.916,1.831,2.90%
04/01/2015,1.859,1.93,1.947,1.852,-3.53%
03/31/2015,1.927,1.954,1.968,1.923,-1.33%
03/30/2015,1.953,1.956,1.975,1.941,-0.36%
03/27/2015,1.96,2,2.002,1.944,-1.80%
03/26/2015,1.996,1.927,2.012,1.89,3.58%
03/25/2015,1.927,1.878,1.932,1.852,2.88%
03/24/2015,1.873,1.92,1.925,1.866,-1.89%
03/23/2015,1.909,1.925,1.942,1.906,-1.19%
03/20/2015,1.932,1.965,1.975,1.923,-1.93%
03/19/2015,1.97,1.916,1.989,1.899,2.71%
03/18/2015,1.918,2.056,2.058,1.906,-6.53%
03/17/2015,2.052,2.08,2.08,2.038,-1.06%
03/16/2015,2.074,2.107,2.107,2.065,-2.08%
03/13/2015,2.118,2.116,2.148,2.084,0.38%
03/12/2015,2.11,2.105,2.123,2.042,0.05%
03/11/2015,2.109,2.128,2.16,2.096,-0.57%
03/10/2015,2.121,2.201,2.211,2.117,-3.24%
03/09/2015,2.192,2.25,2.25,2.186,-2.45%
03/06/2015,2.247,2.121,2.259,2.101,6.14%
03/05/2015,2.117,2.112,2.147,2.096,-0.09%
03/04/2015,2.119,2.122,2.142,2.094,-0.14%
03/03/2015,2.122,2.08,2.128,2.073,1.58%
03/02/2015,2.089,2.005,2.096,1.991,4.66%
02/27/2015,1.996,2.026,2.052,1.993,-1.72%
02/26/2015,2.031,1.972,2.038,1.931,2.99%
02/25/2015,1.972,1.988,2.002,1.957,0.00%
02/24/2015,1.972,2.066,2.108,1.972,-4.32%
02/23/2015,2.061,2.113,2.136,2.054,-2.55%
02/20/2015,2.115,2.119,2.141,2.045,-0.33%
02/19/2015,2.122,2.082,2.126,2.043,1.77%
02/18/2015,2.085,2.138,2.164,2.043,-2.80%
02/17/2015,2.145,2.017,2.152,1.998,6.24%
02/16/2015,2.019,2.019,2.023,2.017,-1.36%
02/13/2015,2.047,1.984,2.106,1.976,2.97%
02/12/2015,1.988,1.997,2.049,1.959,-1.63%
02/11/2015,2.021,1.977,2.028,1.97,0.85%
02/10/2015,2.004,1.969,2.016,1.96,1.31%
02/09/2015,1.978,1.941,1.986,1.886,1.02%
02/06/2015,1.958,1.82,1.965,1.796,7.76%
02/05/2015,1.817,1.738,1.829,1.718,4.01%
02/04/2015,1.747,1.791,1.846,1.737,-2.84%
02/03/2015,1.798,1.673,1.802,1.661,7.41%
02/02/2015,1.674,1.653,1.712,1.649,2.14%
01/30/2015,1.639,1.761,1.761,1.637,-6.66%
01/29/2015,1.756,1.727,1.785,1.714,2.15%
01/28/2015,1.719,1.821,1.835,1.7,-5.96%
01/27/2015,1.828,1.827,1.832,1.748,0.00%
01/26/2015,1.828,1.767,1.844,1.752,2.18%
01/23/2015,1.789,1.875,1.875,1.781,-4.43%
01/22/2015,1.872,1.868,1.953,1.81,-0.16%
01/21/2015,1.875,1.796,1.875,1.773,4.69%
01/20/2015,1.791,1.8,1.837,1.759,-0.51%
01/19/2015,1.8,1.809,1.809,1.798,-1.69%
01/16/2015,1.831,1.724,1.839,1.698,5.96%
01/15/2015,1.728,1.86,1.9,1.702,-6.85%
01/14/2015,1.855,1.9,1.902,1.784,-2.62%
01/13/2015,1.905,1.905,1.945,1.864,-0.21%
01/12/2015,1.909,1.964,1.98,1.902,-2.10%
01/09/2015,1.95,2.018,2.028,1.943,-3.37%
01/08/2015,2.018,1.976,2.03,1.968,2.49%
01/07/2015,1.969,1.944,2.009,1.926,1.60%
01/06/2015,1.938,2.037,2.039,1.887,-4.72%
01/05/2015,2.034,2.102,2.133,2.027,-3.78%
01/02/2015,2.114,2.2,2.213,2.102,-2.59%
01/01/2015,2.17,2.17,2.17,2.17,0.00%
12/31/2014,2.17,2.183,2.19,2.165,-1.00%
12/30/2014,2.192,2.202,2.209,2.167,-0.54%
12/29/2014,2.204,2.248,2.253,2.193,-2.13%
12/26/2014,2.252,2.255,2.266,2.236,-0.14%
12/25/2014,2.255,2.255,2.257,2.253,-0.39%
12/24/2014,2.264,2.26,2.301,2.241,-0.22%
12/23/2014,2.269,2.157,2.271,2.155,5.24%
12/22/2014,2.156,2.165,2.19,2.149,-0.19%
12/19/2014,2.16,2.213,2.234,2.157,-2.17%
12/18/2014,2.208,2.148,2.225,2.111,3.37%
12/17/2014,2.136,2.061,2.15,2.047,3.64%
12/16/2014,2.061,2.116,2.118,2.009,-2.55%
12/15/2014,2.115,2.078,2.136,2.071,1.54%
12/12/2014,2.083,2.171,2.171,2.083,-3.96%
12/11/2014,2.169,2.167,2.216,2.139,-0.18%
12/10/2014,2.173,2.218,2.23,2.155,-1.81%
12/09/2014,2.213,2.264,2.271,2.187,-2.04%
12/08/2014,2.259,2.31,2.347,2.243,-2.08%
12/05/2014,2.307,2.245,2.331,2.243,3.18%
12/04/2014,2.236,2.282,2.298,2.236,-2.02%
12/03/2014,2.282,2.292,2.306,2.278,-0.52%
12/02/2014,2.294,2.234,2.296,2.225,2.59%
12/01/2014,2.236,2.178,2.243,2.15,2.90%
11/28/2014,2.173,2.215,2.225,2.166,-1.89%
11/27/2014,2.215,2.211,2.217,2.211,-1.35%
11/26/2014,2.245,2.259,2.262,2.229,-0.62%
11/25/2014,2.259,2.305,2.317,2.257,-2.00%
11/24/2014,2.305,2.31,2.338,2.299,-0.30%
11/21/2014,2.312,2.34,2.354,2.308,-1.11%
11/20/2014,2.338,2.358,2.358,2.303,-0.85%
11/19/2014,2.358,2.317,2.363,2.31,1.77%
11/18/2014,2.317,2.335,2.342,2.308,-0.98%
11/17/2014,2.34,2.313,2.347,2.282,0.91%
11/14/2014,2.319,2.345,2.377,2.315,-1.11%
11/13/2014,2.345,2.377,2.384,2.34,-1.18%
11/12/2014,2.373,2.373,2.377,2.319,0.08%
11/11/2014,2.371,2.373,2.373,2.369,0.47%
11/10/2014,2.36,2.308,2.362,2.273,2.56%
11/07/2014,2.301,2.387,2.407,2.299,-3.40%
11/06/2014,2.382,2.344,2.391,2.326,1.53%
11/05/2014,2.346,2.333,2.369,2.328,0.47%
11/04/2014,2.335,2.341,2.351,2.303,-0.47%
11/03/2014,2.346,2.309,2.384,2.301,0.47%
10/31/2014,2.335,2.307,2.359,2.296,1.17%
10/30/2014,2.308,2.31,2.333,2.28,-0.56%
10/29/2014,2.321,2.296,2.362,2.276,0.91%
10/28/2014,2.3,2.262,2.3,2.248,1.81%
10/27/2014,2.259,2.287,2.298,2.243,-0.31%
10/24/2014,2.266,2.275,2.278,2.229,-0.48%
10/23/2014,2.277,2.216,2.3,2.201,2.57%
10/22/2014,2.22,2.216,2.25,2.178,-0.31%
10/21/2014,2.227,2.176,2.227,2.135,1.55%
10/20/2014,2.193,2.218,2.225,2.16,-0.27%
10/17/2014,2.199,2.155,2.229,2.122,2.23%
10/16/2014,2.151,2.111,2.18,1.978,1.03%
10/15/2014,2.129,2.204,2.229,1.865,-3.10%
10/14/2014,2.197,2.24,2.264,2.176,-1.83%
10/13/2014,2.238,2.234,2.241,2.234,-2.10%
10/10/2014,2.286,2.316,2.348,2.28,-1.76%
10/09/2014,2.327,2.33,2.345,2.279,0.39%
10/08/2014,2.318,2.352,2.386,2.311,-0.98%
10/07/2014,2.341,2.421,2.43,2.337,-3.26%
10/06/2014,2.42,2.439,2.452,2.404,-0.66%
10/03/2014,2.436,2.436,2.484,2.429,0.00%
10/02/2014,2.436,2.387,2.439,2.384,1.97%
10/01/2014,2.389,2.5,2.508,2.384,-4.25%
09/30/2014,2.495,2.479,2.524,2.479,0.65%
09/29/2014,2.479,2.524,2.54,2.479,-1.92%
09/27/2014,2.528,2.528,2.528,2.528,0.00%
09/26/2014,2.528,2.506,2.549,2.49,0.96%
09/25/2014,2.504,2.567,2.571,2.502,-2.42%
09/24/2014,2.566,2.531,2.569,2.527,1.54%
09/23/2014,2.527,2.556,2.556,2.527,-1.52%
09/22/2014,2.566,2.569,2.578,2.547,-0.47%
09/19/2014,2.578,2.629,2.655,2.575,-1.53%
09/18/2014,2.618,2.629,2.642,2.594,-0.15%
09/17/2014,2.622,2.591,2.625,2.547,1.08%
09/16/2014,2.594,2.591,2.596,2.553,0.12%
09/15/2014,2.591,2.612,2.651,2.582,-0.68%
09/13/2014,2.609,2.609,2.609,2.609,0.00%
09/12/2014,2.609,2.547,2.616,2.545,2.31%
09/11/2014,2.55,2.532,2.554,2.507,0.28%
09/10/2014,2.543,2.5,2.543,2.493,1.64%
09/09/2014,2.502,2.48,2.509,2.478,1.25%
09/08/2014,2.471,2.45,2.48,2.421,0.49%
09/05/2014,2.459,2.468,2.487,2.387,0.24%
09/04/2014,2.453,2.403,2.457,2.382,2.29%
09/03/2014,2.398,2.419,2.467,2.396,-1.03%
09/02/2014,2.423,2.357,2.425,2.354,2.71%
09/01/2014,2.359,2.345,2.359,2.345,0.60%
08/29/2014,2.345,2.343,2.354,2.325,0.30%
08/28/2014,2.338,2.357,2.357,2.322,-0.97%
08/27/2014,2.361,2.393,2.394,2.357,-1.54%
08/26/2014,2.398,2.384,2.4,2.368,0.59%
08/25/2014,2.384,2.41,2.432,2.377,-0.79%
08/22/2014,2.403,2.41,2.444,2.378,-0.25%
08/21/2014,2.409,2.434,2.448,2.398,-0.78%
08/20/2014,2.428,2.401,2.446,2.398,1.04%
08/19/2014,2.403,2.396,2.407,2.361,0.38%
08/18/2014,2.394,2.356,2.398,2.352,2.26%
08/15/2014,2.341,2.407,2.412,2.303,-2.58%
08/14/2014,2.403,2.43,2.442,2.391,-0.70%
08/13/2014,2.42,2.458,2.471,2.408,-1.18%
08/12/2014,2.449,2.431,2.451,2.415,0.82%
08/11/2014,2.429,2.431,2.44,2.411,0.29%
08/08/2014,2.422,2.42,2.426,2.349,0.54%
08/07/2014,2.409,2.471,2.482,2.408,-2.43%
08/06/2014,2.469,2.487,2.489,2.433,-0.80%
08/05/2014,2.489,2.487,2.525,2.473,0.16%
08/04/2014,2.485,2.502,2.513,2.471,-0.37%
08/02/2014,2.494,2.494,2.494,2.494,0.00%
08/01/2014,2.494,2.562,2.591,2.482,-2.65%
07/31/2014,2.562,2.558,2.614,2.538,0.08%
07/30/2014,2.56,2.46,2.569,2.458,3.98%
07/29/2014,2.462,2.491,2.498,2.451,-1.01%
07/28/2014,2.487,2.471,2.496,2.466,0.81%
07/25/2014,2.467,2.503,2.52,2.464,-1.40%
07/24/2014,2.502,2.469,2.522,2.458,1.34%
07/23/2014,2.469,2.467,2.478,2.449,0.12%
07/22/2014,2.466,2.473,2.505,2.46,-0.12%
07/21/2014,2.469,2.482,2.491,2.448,-0.52%
07/18/2014,2.482,2.451,2.502,2.448,1.64%
07/17/2014,2.442,2.525,2.527,2.441,-3.48%
07/16/2014,2.53,2.547,2.569,2.527,-0.86%
07/15/2014,2.552,2.547,2.57,2.52,0.20%
07/14/2014,2.547,2.525,2.55,2.518,1.23%
07/12/2014,2.516,2.516,2.516,2.516,0.00%
07/11/2014,2.516,2.536,2.547,2.505,-0.87%
07/10/2014,2.538,2.558,2.558,2.494,-0.70%
07/09/2014,2.556,2.559,2.603,2.543,-0.12%
07/08/2014,2.559,2.616,2.621,2.554,-2.10%
07/07/2014,2.614,2.656,2.661,2.608,-1.02%
07/03/2014,2.641,2.625,2.692,2.615,0.49%
07/02/2014,2.628,2.568,2.63,2.548,2.38%
07/01/2014,2.567,2.53,2.57,2.521,1.38%
06/30/2014,2.532,2.529,2.548,2.514,-0.16%
06/27/2014,2.536,2.527,2.536,2.507,0.16%
06/26/2014,2.532,2.561,2.568,2.516,-1.13%
06/25/2014,2.561,2.577,2.588,2.529,-0.62%
06/24/2014,2.577,2.619,2.621,2.575,-1.87%
06/23/2014,2.626,2.612,2.63,2.59,0.69%
06/20/2014,2.608,2.622,2.659,2.606,-0.50%
06/19/2014,2.621,2.59,2.646,2.565,1.20%
06/18/2014,2.59,2.659,2.66,2.586,-2.37%
06/17/2014,2.653,2.601,2.657,2.588,2.16%
06/16/2014,2.597,2.602,2.613,2.577,-0.42%
06/13/2014,2.608,2.606,2.644,2.586,0.42%
06/12/2014,2.597,2.644,2.658,2.575,-1.63%
06/11/2014,2.64,2.653,2.662,2.613,0.00%
06/10/2014,2.64,2.602,2.651,2.59,1.23%
06/09/2014,2.608,2.595,2.628,2.595,0.42%
06/06/2014,2.597,2.582,2.602,2.53,0.50%
06/05/2014,2.584,2.597,2.647,2.57,-0.84%
06/04/2014,2.606,2.595,2.615,2.568,0.27%
06/03/2014,2.599,2.529,2.6,2.518,2.85%
06/02/2014,2.527,2.484,2.541,2.475,2.10%
05/30/2014,2.475,2.466,2.491,2.452,0.20%
05/29/2014,2.47,2.448,2.47,2.402,1.02%
05/28/2014,2.445,2.514,2.516,2.434,-2.90%
05/27/2014,2.518,2.539,2.553,2.512,-0.91%
05/26/2014,2.541,2.543,2.545,2.541,0.20%
05/23/2014,2.536,2.552,2.557,2.518,-0.70%
05/22/2014,2.554,2.543,2.568,2.534,0.79%
05/21/2014,2.534,2.509,2.561,2.5,0.80%
05/20/2014,2.514,2.543,2.553,2.502,-1.22%
05/19/2014,2.545,2.521,2.546,2.495,0.87%
05/16/2014,2.523,2.495,2.527,2.489,1.08%
05/15/2014,2.496,2.543,2.562,2.473,-2.04%
05/14/2014,2.548,2.616,2.62,2.525,-2.41%
05/13/2014,2.611,2.661,2.661,2.607,-1.88%
05/12/2014,2.661,2.631,2.665,2.631,1.45%
05/09/2014,2.623,2.611,2.636,2.591,0.46%
05/08/2014,2.611,2.623,2.634,2.58,0.81%
05/07/2014,2.59,2.599,2.617,2.577,-0.12%
05/06/2014,2.593,2.606,2.626,2.586,-0.50%
05/05/2014,2.606,2.575,2.613,2.572,0.77%
05/02/2014,2.586,2.615,2.7,2.573,-1.03%
05/01/2014,2.613,2.659,2.662,2.593,-1.25%
04/30/2014,2.646,2.691,2.717,2.644,-1.89%
04/29/2014,2.697,2.708,2.731,2.688,-0.41%
04/28/2014,2.708,2.675,2.71,2.668,1.58%
04/25/2014,2.666,2.686,2.69,2.644,-0.60%
04/24/2014,2.682,2.702,2.733,2.681,-0.41%
04/23/2014,2.693,2.717,2.722,2.677,-0.66%
04/22/2014,2.711,2.717,2.748,2.699,-0.15%
04/21/2014,2.715,2.719,2.733,2.688,-0.22%
04/17/2014,2.721,2.632,2.726,2.623,3.26%
04/16/2014,2.635,2.626,2.661,2.625,0.19%
04/15/2014,2.63,2.646,2.663,2.596,-0.75%
04/14/2014,2.65,2.603,2.657,2.603,0.84%
04/11/2014,2.628,2.641,2.657,2.607,-0.72%
04/10/2014,2.647,2.695,2.703,2.614,-1.71%
04/09/2014,2.693,2.684,2.723,2.674,0.37%
04/08/2014,2.683,2.708,2.721,2.674,-0.67%
04/07/2014,2.701,2.723,2.735,2.683,-0.92%
04/04/2014,2.726,2.799,2.801,2.721,-2.68%
04/03/2014,2.801,2.806,2.806,2.777,-0.18%
04/02/2014,2.806,2.757,2.81,2.755,1.85%
04/01/2014,2.755,2.726,2.766,2.724,1.32%
03/31/2014,2.719,2.724,2.768,2.719,-0.15%
03/28/2014,2.723,2.685,2.734,2.67,1.49%
03/27/2014,2.683,2.695,2.714,2.659,-0.41%
03/26/2014,2.694,2.75,2.763,2.685,-2.04%
03/25/2014,2.75,2.735,2.763,2.721,0.73%
03/24/2014,2.73,2.757,2.783,2.721,-0.58%
03/21/2014,2.746,2.766,2.784,2.741,-0.97%
03/20/2014,2.773,2.768,2.793,2.743,0.00%
03/19/2014,2.773,2.674,2.793,2.661,3.70%
03/18/2014,2.674,2.694,2.701,2.661,-0.74%
03/17/2014,2.694,2.642,2.699,2.638,1.43%
03/14/2014,2.656,2.647,2.667,2.61,0.42%
03/13/2014,2.645,2.734,2.755,2.642,-3.18%
03/12/2014,2.732,2.77,2.773,2.714,-1.37%
03/11/2014,2.77,2.783,2.799,2.763,-0.32%
03/10/2014,2.779,2.79,2.804,2.764,-0.39%
03/07/2014,2.79,2.744,2.821,2.721,1.86%
03/06/2014,2.739,2.703,2.748,2.698,1.14%
03/05/2014,2.708,2.692,2.719,2.68,0.26%
03/04/2014,2.701,2.605,2.703,2.603,3.76%
03/03/2014,2.603,2.61,2.635,2.592,-1.74%
02/28/2014,2.649,2.646,2.698,2.633,0.38%
02/27/2014,2.639,2.673,2.678,2.635,-1.01%
02/26/2014,2.666,2.707,2.719,2.662,-1.37%
02/25/2014,2.703,2.744,2.748,2.698,-1.39%
02/24/2014,2.741,2.736,2.763,2.721,0.33%
02/21/2014,2.732,2.755,2.781,2.73,-0.73%
02/20/2014,2.752,2.734,2.773,2.698,0.47%
02/19/2014,2.739,2.707,2.743,2.675,1.11%
02/18/2014,2.709,2.75,2.763,2.696,-1.43%
02/17/2014,2.748,2.752,2.752,2.748,0.12%
02/14/2014,2.745,2.739,2.755,2.711,0.40%
02/13/2014,2.734,2.786,2.786,2.727,-1.05%
02/12/2014,2.763,2.72,2.777,2.715,1.36%
02/11/2014,2.726,2.682,2.733,2.682,2.14%
02/10/2014,2.669,2.684,2.695,2.664,-0.56%
02/07/2014,2.684,2.7,2.726,2.633,-0.67%
02/06/2014,2.702,2.669,2.709,2.658,1.24%
02/05/2014,2.669,2.629,2.675,2.599,1.44%
02/04/2014,2.631,2.586,2.635,2.575,2.10%
02/03/2014,2.577,2.666,2.68,2.57,-2.53%
01/31/2014,2.644,2.699,2.71,2.646,-1.97%
01/30/2014,2.697,2.688,2.726,2.675,0.67%
01/29/2014,2.679,2.775,2.79,2.662,-2.65%
01/28/2014,2.752,2.753,2.785,2.739,0.07%
01/27/2014,2.75,2.715,2.768,2.71,1.14%
01/24/2014,2.719,2.781,2.788,2.706,-2.16%
01/23/2014,2.779,2.871,2.873,2.759,-3.07%
01/22/2014,2.867,2.83,2.867,2.829,1.24%
01/21/2014,2.832,2.827,2.867,2.819,0.12%
01/20/2014,2.829,2.829,2.829,2.827,0.27%
01/17/2014,2.821,2.845,2.86,2.818,-0.70%
01/16/2014,2.841,2.893,2.893,2.838,-1.80%
01/15/2014,2.893,2.875,2.912,2.86,0.70%
01/14/2014,2.873,2.836,2.875,2.829,1.56%
01/13/2014,2.829,2.864,2.865,2.819,-1.08%
01/10/2014,2.86,2.973,2.974,2.856,-3.67%
01/09/2014,2.969,2.987,3.001,2.96,-0.74%
01/08/2014,2.991,2.945,3.01,2.945,1.70%
01/07/2014,2.941,2.961,2.967,2.937,-0.57%
01/06/2014,2.958,3.013,3.013,2.947,-1.33%
01/03/2014,2.998,2.984,3.012,2.969,0.23%
01/02/2014,2.991,3.038,3.041,2.978,-1.17%
01/01/2014,3.026,3.026,3.026,3.026,0.00%
12/31/2013,3.026,2.98,3.036,2.98,1.82%
12/30/2013,2.972,3.006,3.015,2.967,-1.00%
12/27/2013,3.002,2.989,3.02,2.972,0.33%
12/26/2013,2.992,2.998,3,2.951,-0.26%
12/25/2013,3,2.981,3,2.981,0.63%
12/24/2013,2.981,2.929,2.987,2.922,1.71%
12/23/2013,2.931,2.891,2.935,2.876,1.42%
12/20/2013,2.89,2.94,2.966,2.879,-1.33%
12/19/2013,2.929,2.887,2.951,2.878,1.14%
12/18/2013,2.896,2.841,2.929,2.824,2.08%
12/17/2013,2.837,2.874,2.887,2.835,-1.46%
12/16/2013,2.879,2.866,2.887,2.839,0.45%
12/13/2013,2.866,2.877,2.89,2.854,-0.45%
12/12/2013,2.879,2.859,2.888,2.841,0.84%
12/11/2013,2.855,2.821,2.859,2.803,1.86%
12/10/2013,2.803,2.844,2.85,2.792,-1.34%
12/09/2013,2.841,2.864,2.866,2.833,-0.56%
12/06/2013,2.857,2.879,2.932,2.841,-0.56%
12/05/2013,2.873,2.835,2.877,2.822,1.27%
12/04/2013,2.837,2.788,2.852,2.777,1.90%
12/03/2013,2.784,2.801,2.806,2.757,-0.46%
12/02/2013,2.797,2.753,2.81,2.752,1.86%
11/29/2013,2.746,2.746,2.768,2.736,-0.08%
11/28/2013,2.748,2.737,2.75,2.737,0.33%
11/27/2013,2.739,2.714,2.77,2.708,1.07%
11/26/2013,2.71,2.719,2.734,2.694,-0.73%
11/25/2013,2.73,2.755,2.77,2.728,-0.51%
11/22/2013,2.744,2.784,2.793,2.744,-1.58%
11/21/2013,2.788,2.811,2.839,2.775,-0.57%
11/20/2013,2.804,2.707,2.806,2.685,3.39%
11/19/2013,2.712,2.669,2.716,2.66,1.73%
11/18/2013,2.666,2.714,2.721,2.662,-1.37%
11/15/2013,2.703,2.696,2.732,2.691,0.37%
11/14/2013,2.693,2.718,2.739,2.684,-0.85%
11/13/2013,2.716,2.77,2.772,2.688,-2.09%
11/12/2013,2.774,2.766,2.792,2.753,0.21%
11/11/2013,2.768,2.751,2.768,2.751,0.62%
11/08/2013,2.751,2.602,2.763,2.593,5.73%
11/07/2013,2.602,2.644,2.651,2.596,-1.59%
11/06/2013,2.644,2.668,2.673,2.631,-0.97%
11/05/2013,2.67,2.602,2.677,2.594,2.57%
11/04/2013,2.603,2.615,2.624,2.589,-0.65%
11/01/2013,2.62,2.56,2.629,2.554,2.66%
10/31/2013,2.552,2.542,2.571,2.502,0.55%
10/30/2013,2.538,2.509,2.549,2.473,1.40%
10/29/2013,2.503,2.52,2.536,2.5,-0.79%
10/28/2013,2.523,2.514,2.527,2.5,0.48%
10/25/2013,2.511,2.52,2.522,2.494,-0.36%
10/24/2013,2.52,2.5,2.522,2.474,0.88%
10/23/2013,2.498,2.507,2.509,2.471,-0.52%
10/22/2013,2.511,2.607,2.611,2.509,-3.46%
10/21/2013,2.601,2.59,2.62,2.579,0.70%
10/18/2013,2.583,2.601,2.605,2.54,-0.35%
10/17/2013,2.592,2.671,2.672,2.581,-2.81%
10/16/2013,2.667,2.74,2.759,2.663,-2.24%
10/15/2013,2.728,2.739,2.74,2.691,-0.46%
10/14/2013,2.74,2.74,2.742,2.737,1.84%
10/11/2013,2.691,2.687,2.693,2.645,0.30%
10/10/2013,2.683,2.667,2.722,2.667,0.83%
10/09/2013,2.661,2.623,2.674,2.616,0.87%
10/08/2013,2.638,2.626,2.659,2.614,0.30%
10/07/2013,2.63,2.634,2.637,2.606,-0.57%
10/04/2013,2.645,2.61,2.659,2.61,1.54%
10/03/2013,2.605,2.617,2.652,2.581,-0.53%
10/02/2013,2.619,2.659,2.661,2.592,-1.17%
10/01/2013,2.65,2.614,2.666,2.612,1.34%
09/30/2013,2.615,2.595,2.645,2.59,-0.49%
09/27/2013,2.628,2.648,2.67,2.605,-0.76%
09/26/2013,2.648,2.635,2.659,2.622,0.84%
09/25/2013,2.626,2.657,2.666,2.61,-1.09%
09/24/2013,2.655,2.703,2.708,2.642,-1.70%
09/23/2013,2.701,2.736,2.758,2.697,-1.28%
09/20/2013,2.736,2.752,2.774,2.717,-0.58%
09/19/2013,2.752,2.704,2.757,2.675,2.23%
09/18/2013,2.692,2.844,2.9,2.673,-5.51%
09/17/2013,2.849,2.868,2.874,2.829,-0.45%
09/16/2013,2.862,2.89,2.89,2.777,-0.97%
09/13/2013,2.89,2.914,2.957,2.879,-0.52%
09/12/2013,2.905,2.92,2.92,2.862,-0.24%
09/11/2013,2.912,2.97,2.979,2.908,-1.82%
09/10/2013,2.966,2.918,2.972,2.916,1.78%
09/09/2013,2.914,2.942,2.951,2.875,-0.69%
09/07/2013,2.934,2.934,2.934,2.934,0.00%
09/06/2013,2.934,2.99,3.007,2.864,-2.07%
09/05/2013,2.996,2.895,3.001,2.885,3.42%
09/04/2013,2.897,2.865,2.908,2.847,1.19%
09/03/2013,2.863,2.837,2.913,2.813,0.97%
09/02/2013,2.835,2.837,2.837,2.826,1.66%
08/30/2013,2.789,2.771,2.793,2.744,0.98%
08/29/2013,2.762,2.778,2.831,2.743,-0.11%
08/28/2013,2.765,2.718,2.795,2.705,2.07%
08/27/2013,2.709,2.798,2.813,2.707,-2.80%
08/26/2013,2.787,2.824,2.84,2.783,-1.10%
08/23/2013,2.818,2.818,2.818,2.818,-2.56%
08/22/2013,2.892,2.892,2.892,2.892,0.00%
08/21/2013,2.892,2.892,2.892,2.892,2.63%
08/20/2013,2.818,2.818,2.818,2.818,-2.22%
08/19/2013,2.882,2.882,2.882,2.882,2.02%
08/16/2013,2.825,2.825,2.825,2.825,2.21%
08/15/2013,2.764,2.764,2.764,2.764,1.92%
08/14/2013,2.712,2.712,2.712,2.712,-0.33%
08/13/2013,2.721,2.721,2.721,2.721,3.78%
08/12/2013,2.622,2.622,2.622,2.622,1.62%
08/10/2013,2.58,2.58,2.58,2.58,0.00%
08/09/2013,2.58,2.58,2.58,2.58,-0.27%
08/08/2013,2.587,2.587,2.587,2.587,-0.46%
08/07/2013,2.599,2.599,2.599,2.599,-1.63%
08/06/2013,2.642,2.642,2.642,2.642,0.08%
08/05/2013,2.64,2.64,2.64,2.64,1.62%
08/03/2013,2.598,2.598,2.598,2.598,0.00%
08/02/2013,2.598,2.598,2.598,2.598,-4.06%
08/01/2013,2.708,2.708,2.708,2.708,4.64%
07/31/2013,2.588,2.588,2.588,2.588,-0.69%
07/30/2013,2.606,2.606,2.606,2.606,0.27%
07/29/2013,2.599,2.599,2.599,2.599,1.35%
07/27/2013,2.564,2.564,2.564,2.564,0.00%
07/26/2013,2.564,2.564,2.564,2.564,-0.50%
07/25/2013,2.577,2.577,2.577,2.577,-0.27%
07/24/2013,2.584,2.584,2.584,2.584,3.07%
07/23/2013,2.507,2.507,2.507,2.507,0.93%
07/22/2013,2.484,2.484,2.484,2.484,0.08%
07/20/2013,2.482,2.482,2.482,2.482,0.00%
07/19/2013,2.482,2.482,2.482,2.482,-2.05%
07/18/2013,2.534,2.534,2.534,2.534,1.73%
07/17/2013,2.491,2.491,2.491,2.491,-1.62%
07/16/2013,2.532,2.532,2.532,2.532,-0.43%
07/15/2013,2.543,2.543,2.543,2.543,-1.88%
07/13/2013,2.592,2.592,2.592,2.592,0.00%
07/12/2013,2.592,2.592,2.592,2.592,0.78%
07/11/2013,2.572,2.572,2.572,2.572,-3.81%
07/10/2013,2.674,2.674,2.674,2.674,1.29%
07/09/2013,2.64,2.64,2.64,2.64,0.08%
07/08/2013,2.638,2.638,2.638,2.638,-3.59%
07/06/2013,2.736,2.736,2.736,2.736,0.00%
07/05/2013,2.736,2.736,2.736,2.736,9.30%
07/04/2013,2.503,2.503,2.503,2.503,0.00%
07/03/2013,2.503,2.503,2.503,2.503,1.30%
07/02/2013,2.471,2.471,2.471,2.471,-0.24%
07/01/2013,2.477,2.477,2.477,2.477,-0.42%
06/29/2013,2.487,2.487,2.487,2.487,0.00%
06/28/2013,2.487,2.487,2.487,2.487,0.53%
06/27/2013,2.474,2.474,2.474,2.474,-2.64%
06/26/2013,2.541,2.541,2.541,2.541,-2.72%
06/25/2013,2.612,2.612,2.612,2.612,2.67%
06/24/2013,2.544,2.544,2.544,2.544,0.07%
06/22/2013,2.542,2.542,2.542,2.542,0.00%
06/21/2013,2.542,2.542,2.542,2.542,5.00%
06/20/2013,2.421,2.421,2.421,2.421,2.85%
06/19/2013,2.354,2.354,2.354,2.354,7.73%
06/18/2013,2.185,2.185,2.185,2.185,0.32%
06/17/2013,2.178,2.178,2.178,2.178,2.28%
06/15/2013,2.129,2.129,2.129,2.129,-0.02%
06/14/2013,2.13,2.13,2.13,2.13,-0.88%
06/13/2013,2.149,2.149,2.149,2.149,-3.55%
06/12/2013,2.228,2.228,2.228,2.228,1.74%
06/11/2013,2.19,2.19,2.19,2.19,-1.04%
06/10/2013,2.213,2.213,2.213,2.213,1.56%
06/08/2013,2.179,2.179,2.179,2.179,0.00%
06/07/2013,2.179,2.179,2.179,2.179,4.81%
06/06/2013,2.079,2.079,2.079,2.079,-0.57%
06/05/2013,2.091,2.091,2.091,2.091,-2.74%
06/04/2013,2.15,2.15,2.15,2.15,1.03%
06/03/2013,2.128,2.128,2.128,2.128,-0.17%
06/01/2013,2.132,2.132,2.132,2.132,0.00%
05/31/2013,2.132,2.132,2.132,2.132,0.61%
05/30/2013,2.119,2.119,2.119,2.119,0.00%
05/29/2013,2.119,2.119,2.119,2.119,-2.22%
05/28/2013,2.167,2.167,2.167,2.167,7.77%
05/25/2013,2.011,2.011,2.011,2.011,0.00%
05/24/2013,2.011,2.011,2.011,2.011,-0.25%
05/23/2013,2.016,2.016,2.016,2.016,-1.03%
05/22/2013,2.037,2.037,2.037,2.037,5.54%
05/21/2013,1.93,1.93,1.93,1.93,-1.78%
05/20/2013,1.965,1.965,1.965,1.965,0.56%
05/18/2013,1.954,1.954,1.954,1.954,0.00%
05/17/2013,1.954,1.954,1.954,1.954,3.99%
05/16/2013,1.879,1.879,1.879,1.879,-3.14%
05/15/2013,1.94,1.94,1.94,1.94,-2.12%
05/14/2013,1.982,1.982,1.982,1.982,3.39%
05/13/2013,1.917,1.917,1.917,1.917,0.90%
05/11/2013,1.9,1.9,1.9,1.9,0.00%
05/10/2013,1.9,1.9,1.9,1.9,4.80%
05/09/2013,1.813,1.813,1.813,1.813,2.60%
05/08/2013,1.767,1.767,1.767,1.767,-0.73%
05/07/2013,1.78,1.78,1.78,1.78,0.91%
05/06/2013,1.764,1.764,1.764,1.764,1.38%
05/03/2013,1.74,1.74,1.74,1.74,7.14%
05/02/2013,1.624,1.624,1.624,1.624,-0.49%
05/01/2013,1.632,1.632,1.632,1.632,-2.45%
04/30/2013,1.673,1.673,1.673,1.673,0.36%
04/29/2013,1.667,1.667,1.667,1.667,0.12%
04/26/2013,1.665,1.665,1.665,1.665,-2.63%
04/25/2013,1.71,1.71,1.71,1.71,0.41%
04/24/2013,1.703,1.703,1.703,1.703,-0.18%
04/23/2013,1.706,1.706,1.706,1.706,0.65%
04/22/2013,1.695,1.695,1.695,1.695,-0.59%
04/19/2013,1.705,1.705,1.705,1.705,1.13%
04/18/2013,1.686,1.686,1.686,1.686,-0.71%
04/17/2013,1.698,1.698,1.698,1.698,-1.39%
04/16/2013,1.722,1.722,1.722,1.722,2.01%
04/15/2013,1.688,1.688,1.688,1.688,-1.92%
04/12/2013,1.721,1.721,1.721,1.721,-3.91%
04/11/2013,1.791,1.791,1.791,1.791,-0.78%
04/10/2013,1.805,1.805,1.805,1.805,3.03%
04/09/2013,1.752,1.752,1.752,1.752,0.40%
04/08/2013,1.745,1.745,1.745,1.745,1.81%
04/05/2013,1.714,1.714,1.714,1.714,-2.94%
04/04/2013,1.766,1.766,1.766,1.766,-2.75%
04/03/2013,1.816,1.816,1.816,1.816,-2.47%
04/02/2013,1.862,1.862,1.862,1.862,1.47%
04/01/2013,1.835,1.835,1.835,1.835,-0.92%
03/28/2013,1.852,1.852,1.852,1.852,0.38%
03/27/2013,1.845,1.845,1.845,1.845,-3.45%
03/26/2013,1.911,1.911,1.911,1.911,-0.47%
03/25/2013,1.92,1.92,1.92,1.92,-0.36%
03/22/2013,1.927,1.927,1.927,1.927,0.63%
03/21/2013,1.915,1.915,1.915,1.915,-2.20%
03/20/2013,1.958,1.958,1.958,1.958,2.84%
03/19/2013,1.904,1.904,1.904,1.904,-2.61%
03/18/2013,1.955,1.955,1.955,1.955,-1.81%
03/15/2013,1.991,1.991,1.991,1.991,-2.26%
03/14/2013,2.037,2.037,2.037,2.037,0.69%
03/13/2013,2.023,2.023,2.023,2.023,0.20%
03/12/2013,2.019,2.019,2.019,2.019,-2.04%
03/11/2013,2.061,2.061,2.061,2.061,0.59%
03/08/2013,2.049,2.049,2.049,2.049,2.71%
03/07/2013,1.995,1.995,1.995,1.995,2.89%
03/06/2013,1.939,1.939,1.939,1.939,2.16%
03/05/2013,1.898,1.898,1.898,1.898,1.01%
03/04/2013,1.879,1.879,1.879,1.879,1.84%
03/01/2013,1.845,1.845,1.845,1.845,-1.91%
02/28/2013,1.881,1.881,1.881,1.881,-1.00%
02/27/2013,1.9,1.9,1.9,1.9,0.74%
02/26/2013,1.886,1.886,1.886,1.886,1.13%
02/25/2013,1.865,1.865,1.865,1.865,-4.94%
02/22/2013,1.962,1.962,1.962,1.962,-0.61%
02/21/2013,1.974,1.974,1.974,1.974,-1.79%
02/20/2013,2.01,2.01,2.01,2.01,-0.89%
02/19/2013,2.028,2.028,2.028,2.028,1.15%
02/15/2013,2.005,2.005,2.005,2.005,0.35%
02/14/2013,1.998,1.998,1.998,1.998,-1.48%
02/13/2013,2.028,2.028,2.028,2.028,2.48%
02/12/2013,1.979,1.979,1.979,1.979,0.76%
02/11/2013,1.964,1.964,1.964,1.964,0.72%
02/08/2013,1.95,1.95,1.95,1.95,-0.46%
02/07/2013,1.959,1.959,1.959,1.959,-0.25%
02/06/2013,1.964,1.964,1.964,1.964,-2.04%
02/05/2013,2.005,2.005,2.005,2.005,2.45%
02/04/2013,1.957,1.957,1.957,1.957,-3.36%
02/01/2013,2.025,2.025,2.025,2.025,2.02%
01/31/2013,1.985,1.985,1.985,1.985,-0.35%
01/30/2013,1.992,1.992,1.992,1.992,-0.35%
01/29/2013,1.999,1.999,1.999,1.999,1.73%
01/28/2013,1.965,1.965,1.965,1.965,0.82%
01/25/2013,1.949,1.949,1.949,1.949,5.24%
01/24/2013,1.852,1.852,1.852,1.852,1.31%
01/23/2013,1.828,1.828,1.828,1.828,-0.81%
01/22/2013,1.843,1.843,1.843,1.843,0.16%
01/18/2013,1.84,1.84,1.84,1.84,-2.34%
01/17/2013,1.884,1.884,1.884,1.884,3.57%
01/16/2013,1.819,1.819,1.819,1.819,-0.93%
01/15/2013,1.836,1.836,1.836,1.836,-0.65%
01/14/2013,1.848,1.848,1.848,1.848,-0.96%
01/11/2013,1.866,1.866,1.866,1.866,-1.74%
01/10/2013,1.899,1.899,1.899,1.899,2.10%
01/09/2013,1.86,1.86,1.86,1.86,-0.21%
01/08/2013,1.864,1.864,1.864,1.864,-1.95%
01/07/2013,1.901,1.901,1.901,1.901,-0.11%
01/04/2013,1.903,1.903,1.903,1.903,-0.42%
01/03/2013,1.911,1.911,1.911,1.911,4.14%
01/02/2013,1.835,1.835,1.835,1.835,4.50%
12/31/2012,1.756,1.756,1.756,1.756,3.23%
12/28/2012,1.701,1.701,1.701,1.701,-1.90%
12/27/2012,1.734,1.734,1.734,1.734,-0.86%
12/26/2012,1.749,1.749,1.749,1.749,-1.52%
12/24/2012,1.776,1.776,1.776,1.776,0.34%
12/21/2012,1.77,1.77,1.77,1.77,-1.67%
12/20/2012,1.8,1.8,1.8,1.8,-0.39%
12/19/2012,1.807,1.807,1.807,1.807,-0.77%
12/18/2012,1.821,1.821,1.821,1.821,2.71%
12/17/2012,1.773,1.773,1.773,1.773,4.05%
12/14/2012,1.704,1.704,1.704,1.704,-1.62%
12/13/2012,1.732,1.732,1.732,1.732,1.76%
12/12/2012,1.702,1.702,1.702,1.702,2.78%
12/11/2012,1.656,1.656,1.656,1.656,2.35%
12/10/2012,1.618,1.618,1.618,1.618,-0.31%
12/07/2012,1.623,1.623,1.623,1.623,2.33%
12/06/2012,1.586,1.586,1.586,1.586,-0.31%
12/05/2012,1.591,1.591,1.591,1.591,-0.87%
12/04/2012,1.605,1.605,1.605,1.605,-1.05%
12/03/2012,1.622,1.622,1.622,1.622,0.37%
11/30/2012,1.616,1.616,1.616,1.616,-0.25%
11/29/2012,1.62,1.62,1.62,1.62,-0.80%
11/28/2012,1.633,1.633,1.633,1.633,-0.37%
11/27/2012,1.639,1.639,1.639,1.639,-1.62%
11/26/2012,1.666,1.666,1.666,1.666,-1.59%
11/23/2012,1.693,1.693,1.693,1.693,0.77%
11/21/2012,1.68,1.68,1.68,1.68,0.72%
11/20/2012,1.668,1.668,1.668,1.668,3.41%
11/19/2012,1.613,1.613,1.613,1.613,1.83%
11/16/2012,1.584,1.584,1.584,1.584,-0.69%
11/15/2012,1.595,1.595,1.595,1.595,0.38%
11/14/2012,1.589,1.589,1.589,1.589,-0.38%
11/13/2012,1.595,1.595,1.595,1.595,-1.12%
11/09/2012,1.613,1.613,1.613,1.613,-0.31%
11/08/2012,1.618,1.618,1.618,1.618,-1.58%
11/07/2012,1.644,1.644,1.644,1.644,-6.11%
11/06/2012,1.751,1.751,1.751,1.751,4.29%
11/05/2012,1.679,1.679,1.679,1.679,-2.21%
11/02/2012,1.717,1.717,1.717,1.717,-0.75%
11/01/2012,1.73,1.73,1.73,1.73,2.13%
10/31/2012,1.694,1.694,1.694,1.694,-1.57%
10/29/2012,1.721,1.721,1.721,1.721,-1.60%
10/26/2012,1.749,1.749,1.749,1.749,-3.48%
10/25/2012,1.812,1.812,1.812,1.812,1.00%
10/24/2012,1.794,1.794,1.794,1.794,1.87%
10/23/2012,1.761,1.761,1.761,1.761,-2.98%
10/22/2012,1.815,1.815,1.815,1.815,2.77%
10/19/2012,1.766,1.766,1.766,1.766,-3.55%
10/18/2012,1.831,1.831,1.831,1.831,0.49%
10/17/2012,1.822,1.822,1.822,1.822,5.81%
10/16/2012,1.722,1.722,1.722,1.722,3.24%
10/15/2012,1.668,1.668,1.668,1.668,0.72%
10/12/2012,1.656,1.656,1.656,1.656,-0.72%
10/11/2012,1.668,1.668,1.668,1.668,-0.71%
10/10/2012,1.68,1.68,1.68,1.68,-1.93%
10/09/2012,1.713,1.713,1.713,1.713,-1.10%
10/05/2012,1.732,1.732,1.732,1.732,3.53%
10/04/2012,1.673,1.673,1.673,1.673,3.53%
10/03/2012,1.616,1.616,1.616,1.616,-0.25%
10/02/2012,1.62,1.62,1.62,1.62,0.12%
10/01/2012,1.618,1.618,1.618,1.618,-0.92%
09/28/2012,1.633,1.633,1.633,1.633,-1.39%
09/27/2012,1.656,1.656,1.656,1.656,2.92%
09/26/2012,1.609,1.609,1.609,1.609,-3.71%
09/25/2012,1.671,1.671,1.671,1.671,-2.57%
09/24/2012,1.715,1.715,1.715,1.715,-2.22%
09/21/2012,1.754,1.754,1.754,1.754,-0.62%
09/20/2012,1.765,1.765,1.765,1.765,-0.51%
09/19/2012,1.774,1.774,1.774,1.774,-2.10%
09/18/2012,1.812,1.812,1.812,1.812,-1.68%
09/17/2012,1.843,1.843,1.843,1.843,-1.39%
09/14/2012,1.869,1.869,1.869,1.869,8.60%
09/13/2012,1.721,1.721,1.721,1.721,-2.10%
09/12/2012,1.758,1.758,1.758,1.758,3.41%
09/11/2012,1.7,1.7,1.7,1.7,2.78%
09/10/2012,1.654,1.654,1.654,1.654,-0.84%
09/07/2012,1.668,1.668,1.668,1.668,-0.48%
09/06/2012,1.676,1.676,1.676,1.676,5.01%
09/05/2012,1.596,1.596,1.596,1.596,1.40%
09/04/2012,1.574,1.574,1.574,1.574,1.68%
08/31/2012,1.548,1.548,1.548,1.548,-4.91%
08/30/2012,1.628,1.628,1.628,1.628,-1.45%
08/29/2012,1.652,1.652,1.652,1.652,0.92%
08/28/2012,1.637,1.637,1.637,1.637,-0.91%
08/27/2012,1.652,1.652,1.652,1.652,-2.07%
08/24/2012,1.687,1.687,1.687,1.687,0.72%
08/23/2012,1.675,1.675,1.675,1.675,-1.18%
08/22/2012,1.695,1.695,1.695,1.695,-5.94%
08/21/2012,1.802,1.802,1.802,1.802,-0.44%
08/20/2012,1.81,1.81,1.81,1.81,-0.22%
08/17/2012,1.814,1.814,1.814,1.814,-1.14%
08/16/2012,1.835,1.835,1.835,1.835,0.99%
08/15/2012,1.817,1.817,1.817,1.817,4.85%
08/14/2012,1.733,1.733,1.733,1.733,4.02%
08/13/2012,1.666,1.666,1.666,1.666,0.42%
08/10/2012,1.659,1.659,1.659,1.659,-2.12%
08/09/2012,1.695,1.695,1.695,1.695,2.67%
08/08/2012,1.651,1.651,1.651,1.651,1.41%
08/07/2012,1.628,1.628,1.628,1.628,4.03%
08/06/2012,1.565,1.565,1.565,1.565,-0.19%
08/03/2012,1.568,1.568,1.568,1.568,6.09%
08/02/2012,1.478,1.478,1.478,1.478,-3.02%
08/01/2012,1.524,1.524,1.524,1.524,3.67%
07/31/2012,1.47,1.47,1.47,1.47,-2.00%
07/30/2012,1.5,1.5,1.5,1.5,-2.91%
07/27/2012,1.545,1.545,1.545,1.545,7.44%
07/26/2012,1.438,1.438,1.438,1.438,2.93%
07/25/2012,1.397,1.397,1.397,1.397,0.43%
07/24/2012,1.391,1.391,1.391,1.391,-3.27%
07/23/2012,1.438,1.438,1.438,1.438,-1.37%
07/20/2012,1.458,1.458,1.458,1.458,-3.51%
07/19/2012,1.511,1.511,1.511,1.511,1.14%
07/18/2012,1.494,1.494,1.494,1.494,-0.93%
07/17/2012,1.508,1.508,1.508,1.508,2.52%
07/16/2012,1.471,1.471,1.471,1.471,-1.34%
07/13/2012,1.491,1.491,1.491,1.491,0.88%
07/12/2012,1.478,1.478,1.478,1.478,-2.44%
07/11/2012,1.515,1.515,1.515,1.515,0.87%
07/10/2012,1.502,1.502,1.502,1.502,-0.73%
07/09/2012,1.513,1.513,1.513,1.513,-2.32%
07/06/2012,1.549,1.549,1.549,1.549,-3.13%
07/05/2012,1.599,1.599,1.599,1.599,-1.78%
07/03/2012,1.628,1.628,1.628,1.628,2.58%
07/02/2012,1.587,1.587,1.587,1.587,-3.41%
06/29/2012,1.643,1.643,1.643,1.643,3.72%
06/28/2012,1.584,1.584,1.584,1.584,-2.28%
06/27/2012,1.621,1.621,1.621,1.621,-0.43%
06/26/2012,1.628,1.628,1.628,1.628,1.50%
06/25/2012,1.604,1.604,1.604,1.604,-4.30%
06/22/2012,1.676,1.676,1.676,1.676,3.46%
06/21/2012,1.62,1.62,1.62,1.62,-1.82%
06/20/2012,1.65,1.65,1.65,1.65,1.85%
06/19/2012,1.62,1.62,1.62,1.62,2.92%
06/18/2012,1.574,1.574,1.574,1.574,-0.76%
06/15/2012,1.586,1.586,1.586,1.586,-3.41%
06/14/2012,1.642,1.642,1.642,1.642,2.69%
06/13/2012,1.599,1.599,1.599,1.599,-3.91%
06/12/2012,1.664,1.664,1.664,1.664,4.92%
06/11/2012,1.586,1.586,1.586,1.586,-2.82%
06/08/2012,1.632,1.632,1.632,1.632,-0.73%
06/07/2012,1.644,1.644,1.644,1.644,-1.02%
06/06/2012,1.661,1.661,1.661,1.661,5.59%
06/05/2012,1.573,1.573,1.573,1.573,3.22%
06/04/2012,1.524,1.524,1.524,1.524,4.46%
06/01/2012,1.459,1.459,1.459,1.459,-6.65%
05/31/2012,1.563,1.563,1.563,1.563,-3.46%
05/30/2012,1.619,1.619,1.619,1.619,-7.38%
05/29/2012,1.748,1.748,1.748,1.748,0.20%
05/28/2012,1.745,1.745,1.745,1.745,-0.09%
05/25/2012,1.746,1.746,1.746,1.746,-2.08%
05/24/2012,1.783,1.783,1.783,1.783,2.89%
05/23/2012,1.733,1.733,1.733,1.733,-2.48%
05/22/2012,1.777,1.777,1.777,1.777,1.95%
05/21/2012,1.743,1.743,1.743,1.743,1.16%
05/18/2012,1.723,1.723,1.723,1.723,1.95%
05/17/2012,1.69,1.69,1.69,1.69,-3.92%
05/16/2012,1.759,1.759,1.759,1.759,-0.62%
05/15/2012,1.77,1.77,1.77,1.77,0.06%
05/14/2012,1.769,1.769,1.769,1.769,-3.91%
05/11/2012,1.841,1.841,1.841,1.841,-1.76%
05/10/2012,1.874,1.874,1.874,1.874,2.63%
05/09/2012,1.826,1.826,1.826,1.826,-0.87%
05/08/2012,1.842,1.842,1.842,1.842,-1.66%
05/07/2012,1.873,1.873,1.873,1.873,-0.32%
05/04/2012,1.879,1.879,1.879,1.879,-2.79%
05/03/2012,1.933,1.933,1.933,1.933,0.26%
05/02/2012,1.928,1.928,1.928,1.928,-0.87%
05/01/2012,1.945,1.945,1.945,1.945,1.35%
04/30/2012,1.919,1.919,1.919,1.919,-0.93%
04/27/2012,1.937,1.937,1.937,1.937,-0.51%
04/26/2012,1.947,1.947,1.947,1.947,-2.06%
04/25/2012,1.988,1.988,1.988,1.988,0.71%
04/24/2012,1.974,1.974,1.974,1.974,1.75%
04/23/2012,1.94,1.94,1.94,1.94,-0.97%
04/20/2012,1.959,1.959,1.959,1.959,-0.46%
04/19/2012,1.968,1.968,1.968,1.968,-0.35%
04/18/2012,1.975,1.975,1.975,1.975,-1.05%
04/17/2012,1.996,1.996,1.996,1.996,0.71%
04/16/2012,1.982,1.982,1.982,1.982,-0.35%
04/13/2012,1.989,1.989,1.989,1.989,-3.26%
04/12/2012,2.056,2.056,2.056,2.056,0.93%
04/11/2012,2.037,2.037,2.037,2.037,2.57%
04/10/2012,1.986,1.986,1.986,1.986,-2.98%
04/09/2012,2.047,2.047,2.047,2.047,0.00%
04/06/2012,2.047,2.047,2.047,2.047,-6.10%
04/05/2012,2.18,2.18,2.18,2.18,-1.93%
04/04/2012,2.223,2.223,2.223,2.223,-3.05%
04/03/2012,2.293,2.293,2.293,2.293,5.18%
04/02/2012,2.18,2.18,2.18,2.18,-1.54%
03/30/2012,2.214,2.214,2.214,2.214,2.55%
03/29/2012,2.159,2.159,2.159,2.159,-1.91%
03/28/2012,2.201,2.201,2.201,2.201,0.64%
03/27/2012,2.187,2.187,2.187,2.187,-2.93%
03/26/2012,2.253,2.253,2.253,2.253,0.90%
03/23/2012,2.233,2.233,2.233,2.233,-2.15%
03/22/2012,2.282,2.282,2.282,2.282,-0.61%
03/21/2012,2.296,2.296,2.296,2.296,-2.84%
03/20/2012,2.363,2.363,2.363,2.363,-0.51%
03/19/2012,2.375,2.375,2.375,2.375,3.35%
03/16/2012,2.298,2.298,2.298,2.298,0.83%
03/15/2012,2.279,2.279,2.279,2.279,0.22%
03/14/2012,2.274,2.274,2.274,2.274,6.96%
03/13/2012,2.126,2.126,2.126,2.126,4.37%
03/12/2012,2.037,2.037,2.037,2.037,0.34%
03/09/2012,2.03,2.03,2.03,2.03,0.69%
03/08/2012,2.016,2.016,2.016,2.016,2.23%
03/07/2012,1.972,1.972,1.972,1.972,1.13%
03/06/2012,1.95,1.95,1.95,1.95,-2.84%
03/05/2012,2.007,2.007,2.007,2.007,1.41%
03/02/2012,1.979,1.979,1.979,1.979,-2.51%
03/01/2012,2.03,2.03,2.03,2.03,2.84%
02/29/2012,1.974,1.974,1.974,1.974,1.70%
02/28/2012,1.941,1.941,1.941,1.941,0.83%
02/27/2012,1.925,1.925,1.925,1.925,-2.63%
02/24/2012,1.977,1.977,1.977,1.977,-0.95%
02/23/2012,1.996,1.996,1.996,1.996,-0.30%
02/22/2012,2.002,2.002,2.002,2.002,-2.86%
02/21/2012,2.061,2.061,2.061,2.061,1.14%
02/20/2012,2.038,2.038,2.038,2.038,1.89%
02/17/2012,2,2,2,2,0.81%
02/16/2012,1.984,1.984,1.984,1.984,2.64%
02/15/2012,1.933,1.933,1.933,1.933,-0.26%
02/14/2012,1.938,1.938,1.938,1.938,-2.02%
02/13/2012,1.978,1.978,1.978,1.978,-0.30%
02/10/2012,1.984,1.984,1.984,1.984,-2.55%
02/09/2012,2.036,2.036,2.036,2.036,2.72%
02/08/2012,1.982,1.982,1.982,1.982,0.25%
02/07/2012,1.977,1.977,1.977,1.977,4.00%
02/06/2012,1.901,1.901,1.901,1.901,-1.20%
02/03/2012,1.924,1.924,1.924,1.924,5.54%
02/02/2012,1.823,1.823,1.823,1.823,-0.38%
02/01/2012,1.83,1.83,1.83,1.83,1.95%
01/31/2012,1.795,1.795,1.795,1.795,-2.76%
01/30/2012,1.846,1.846,1.846,1.846,-2.38%
01/27/2012,1.891,1.891,1.891,1.891,-2.53%
01/26/2012,1.94,1.94,1.94,1.94,-3.10%
01/25/2012,2.002,2.002,2.002,2.002,-2.96%
01/24/2012,2.063,2.063,2.063,2.063,0.24%
01/23/2012,2.058,2.058,2.058,2.058,1.63%
01/20/2012,2.025,2.025,2.025,2.025,2.17%
01/19/2012,1.982,1.982,1.982,1.982,4.43%
01/18/2012,1.898,1.898,1.898,1.898,2.15%
01/17/2012,1.858,1.858,1.858,1.858,-0.11%
01/16/2012,1.86,1.86,1.86,1.86,-0.59%
01/13/2012,1.871,1.871,1.871,1.871,-2.86%
01/12/2012,1.926,1.926,1.926,1.926,1.10%
01/11/2012,1.905,1.905,1.905,1.905,-2.95%
01/10/2012,1.963,1.963,1.963,1.963,0.36%
01/09/2012,1.956,1.956,1.956,1.956,-0.10%
01/06/2012,1.958,1.958,1.958,1.958,-1.90%
01/05/2012,1.996,1.996,1.996,1.996,0.60%
01/04/2012,1.984,1.984,1.984,1.984,1.43%
01/03/2012,1.956,1.956,1.956,1.956,4.44%
01/02/2012,1.873,1.873,1.873,1.873,-0.17%
12/30/2011,1.876,1.876,1.876,1.876,-1.21%
12/29/2011,1.899,1.899,1.899,1.899,-1.15%
12/28/2011,1.921,1.921,1.921,1.921,-4.05%
12/27/2011,2.002,2.002,2.002,2.002,-1.17%
12/26/2011,2.026,2.026,2.026,2.026,0.23%
12/23/2011,2.021,2.021,2.021,2.021,3.48%
12/22/2011,1.953,1.953,1.953,1.953,-0.86%
12/21/2011,1.97,1.97,1.97,1.97,2.23%
12/20/2011,1.927,1.927,1.927,1.927,6.46%
12/19/2011,1.81,1.81,1.81,1.81,-2.22%
12/16/2011,1.851,1.851,1.851,1.851,-3.14%
12/15/2011,1.911,1.911,1.911,1.911,0.37%
12/14/2011,1.904,1.904,1.904,1.904,-3.01%
12/13/2011,1.963,1.963,1.963,1.963,-2.68%
12/12/2011,2.017,2.017,2.017,2.017,-2.23%
12/09/2011,2.063,2.063,2.063,2.063,4.72%
12/08/2011,1.97,1.97,1.97,1.97,-3.10%
12/07/2011,2.033,2.033,2.033,2.033,-2.54%
12/06/2011,2.086,2.086,2.086,2.086,2.61%
12/05/2011,2.033,2.033,2.033,2.033,0.00%
12/02/2011,2.033,2.033,2.033,2.033,-2.54%
12/01/2011,2.086,2.086,2.086,2.086,0.72%
11/30/2011,2.071,2.071,2.071,2.071,4.18%
11/29/2011,1.988,1.988,1.988,1.988,0.91%
11/28/2011,1.97,1.97,1.97,1.97,0.25%
11/25/2011,1.965,1.965,1.965,1.965,3.75%
11/24/2011,1.894,1.894,1.894,1.894,0.31%
11/23/2011,1.888,1.888,1.888,1.888,-1.77%
11/22/2011,1.922,1.922,1.922,1.922,-2.19%
11/21/2011,1.965,1.965,1.965,1.965,-2.00%
11/18/2011,2.005,2.005,2.005,2.005,2.04%
11/17/2011,1.965,1.965,1.965,1.965,-1.75%
11/16/2011,2,2,2,2,-2.39%
11/15/2011,2.049,2.049,2.049,2.049,0.20%
11/14/2011,2.045,2.045,2.045,2.045,-0.58%
11/11/2011,2.057,2.057,2.057,2.057,0.00%
11/10/2011,2.057,2.057,2.057,2.057,4.63%
11/09/2011,1.966,1.966,1.966,1.966,-5.44%
11/08/2011,2.079,2.079,2.079,2.079,2.92%
11/07/2011,2.02,2.02,2.02,2.02,-0.88%
11/04/2011,2.038,2.038,2.038,2.038,-1.69%
11/03/2011,2.073,2.073,2.073,2.073,4.22%
11/02/2011,1.989,1.989,1.989,1.989,-0.10%
11/01/2011,1.991,1.991,1.991,1.991,-5.91%
10/31/2011,2.116,2.116,2.116,2.116,-8.95%
10/28/2011,2.324,2.324,2.324,2.324,-2.56%
10/27/2011,2.385,2.385,2.385,2.385,8.07%
10/26/2011,2.207,2.207,2.207,2.207,4.40%
10/25/2011,2.114,2.114,2.114,2.114,-5.37%
10/24/2011,2.234,2.234,2.234,2.234,0.81%
10/21/2011,2.216,2.216,2.216,2.216,1.33%
10/20/2011,2.187,2.187,2.187,2.187,1.39%
10/19/2011,2.157,2.157,2.157,2.157,-0.83%
10/18/2011,2.175,2.175,2.175,2.175,0.93%
10/17/2011,2.155,2.155,2.155,2.155,-4.26%
10/14/2011,2.251,2.251,2.251,2.251,3.16%
10/13/2011,2.182,2.182,2.182,2.182,-1.36%
10/12/2011,2.212,2.212,2.212,2.212,2.45%
10/11/2011,2.159,2.159,2.159,2.159,4.32%
10/10/2011,2.07,2.07,2.07,2.07,-0.26%
10/07/2011,2.075,2.075,2.075,2.075,4.17%
10/06/2011,1.992,1.992,1.992,1.992,5.34%
10/05/2011,1.891,1.891,1.891,1.891,4.07%
10/04/2011,1.817,1.817,1.817,1.817,3.89%
10/03/2011,1.749,1.749,1.749,1.749,-8.76%
09/30/2011,1.917,1.917,1.917,1.917,-4.25%
09/29/2011,2.002,2.002,2.002,2.002,0.75%
09/28/2011,1.987,1.987,1.987,1.987,0.35%
09/27/2011,1.98,1.98,1.98,1.98,3.99%
09/26/2011,1.904,1.904,1.904,1.904,4.04%
09/23/2011,1.83,1.83,1.83,1.83,6.40%
09/22/2011,1.72,1.72,1.72,1.72,-7.33%
09/21/2011,1.856,1.856,1.856,1.856,-4.18%
09/20/2011,1.937,1.937,1.937,1.937,-0.97%
09/19/2011,1.956,1.956,1.956,1.956,-4.91%
09/16/2011,2.057,2.057,2.057,2.057,-1.25%
09/15/2011,2.083,2.083,2.083,2.083,4.57%
09/14/2011,1.992,1.992,1.992,1.992,0.00%
09/13/2011,1.992,1.992,1.992,1.992,2.26%
09/12/2011,1.948,1.948,1.948,1.948,1.72%
09/09/2011,1.915,1.915,1.915,1.915,-3.14%
09/08/2011,1.977,1.977,1.977,1.977,-3.14%
09/07/2011,2.041,2.041,2.041,2.041,2.98%
09/06/2011,1.982,1.982,1.982,1.982,-0.30%
09/05/2011,1.988,1.988,1.988,1.988,-0.30%
09/02/2011,1.994,1.994,1.994,1.994,-6.47%
09/01/2011,2.132,2.132,2.132,2.132,-4.57%
08/31/2011,2.234,2.234,2.234,2.234,2.67%
08/30/2011,2.176,2.176,2.176,2.176,-3.89%
08/29/2011,2.264,2.264,2.264,2.264,3.38%
08/26/2011,2.19,2.19,2.19,2.19,-1.97%
08/25/2011,2.234,2.234,2.234,2.234,-2.62%
08/24/2011,2.294,2.294,2.294,2.294,6.30%
08/23/2011,2.158,2.158,2.158,2.158,2.32%
08/22/2011,2.109,2.109,2.109,2.109,2.03%
08/19/2011,2.067,2.067,2.067,2.067,-0.05%
08/18/2011,2.068,2.068,2.068,2.068,-4.57%
08/17/2011,2.167,2.167,2.167,2.167,-2.61%
08/16/2011,2.225,2.225,2.225,2.225,-3.60%
08/15/2011,2.308,2.308,2.308,2.308,2.12%
08/12/2011,2.26,2.26,2.26,2.26,-3.13%
08/11/2011,2.333,2.333,2.333,2.333,11.36%
08/10/2011,2.095,2.095,2.095,2.095,-7.91%
08/09/2011,2.275,2.275,2.275,2.275,-1.77%
08/08/2011,2.316,2.316,2.316,2.316,-9.64%
08/05/2011,2.563,2.563,2.563,2.563,6.48%
08/04/2011,2.407,2.407,2.407,2.407,-7.95%
08/03/2011,2.615,2.615,2.615,2.615,0.08%
08/02/2011,2.613,2.613,2.613,2.613,-5.09%
08/01/2011,2.753,2.753,2.753,2.753,-1.40%
07/29/2011,2.792,2.792,2.792,2.792,-5.52%
07/28/2011,2.955,2.955,2.955,2.955,-0.91%
07/27/2011,2.982,2.982,2.982,2.982,0.91%
07/26/2011,2.955,2.955,2.955,2.955,-1.63%
07/25/2011,3.004,3.004,3.004,3.004,1.35%
07/22/2011,2.964,2.964,2.964,2.964,-1.66%
07/21/2011,3.014,3.014,3.014,3.014,2.83%
07/20/2011,2.931,2.931,2.931,2.931,1.84%
07/19/2011,2.878,2.878,2.878,2.878,-1.44%
07/18/2011,2.92,2.92,2.92,2.92,0.41%
07/15/2011,2.908,2.908,2.908,2.908,-1.52%
07/14/2011,2.953,2.953,2.953,2.953,2.39%
07/13/2011,2.884,2.884,2.884,2.884,0.24%
07/12/2011,2.877,2.877,2.877,2.877,-1.61%
07/11/2011,2.924,2.924,2.924,2.924,-3.50%
07/08/2011,3.03,3.03,3.03,3.03,-3.44%
07/07/2011,3.138,3.138,3.138,3.138,0.90%
07/06/2011,3.11,3.11,3.11,3.11,-0.29%
07/05/2011,3.119,3.119,3.119,3.119,-2.52%
07/04/2011,3.2,3.2,3.2,3.2,0.56%
07/01/2011,3.182,3.182,3.182,3.182,0.70%
06/30/2011,3.16,3.16,3.16,3.16,1.25%
06/29/2011,3.121,3.121,3.121,3.121,2.87%
06/28/2011,3.034,3.034,3.034,3.034,3.48%
06/27/2011,2.932,2.932,2.932,2.932,2.12%
06/24/2011,2.871,2.871,2.871,2.871,-1.48%
06/23/2011,2.914,2.914,2.914,2.914,-2.21%
06/22/2011,2.98,2.98,2.98,2.98,0.00%
06/21/2011,2.98,2.98,2.98,2.98,0.81%
06/20/2011,2.956,2.956,2.956,2.956,0.41%
06/17/2011,2.944,2.944,2.944,2.944,0.62%
06/16/2011,2.926,2.926,2.926,2.926,-1.38%
06/15/2011,2.967,2.967,2.967,2.967,-4.26%
06/14/2011,3.099,3.099,3.099,3.099,3.85%
06/13/2011,2.984,2.984,2.984,2.984,0.37%
06/10/2011,2.973,2.973,2.973,2.973,-0.80%
06/09/2011,2.997,2.997,2.997,2.997,1.73%
06/08/2011,2.946,2.946,2.946,2.946,-1.80%
06/07/2011,3,3,3,3,0.10%
06/06/2011,2.997,2.997,2.997,2.997,0.20%
06/03/2011,2.991,2.991,2.991,2.991,-1.32%
06/02/2011,3.031,3.031,3.031,3.031,2.96%
06/01/2011,2.944,2.944,2.944,2.944,-3.76%
05/31/2011,3.059,3.059,3.059,3.059,-0.08%
05/30/2011,3.062,3.062,3.062,3.062,-0.34%
05/27/2011,3.072,3.072,3.072,3.072,0.42%
05/26/2011,3.059,3.059,3.059,3.059,-2.33%
05/25/2011,3.132,3.132,3.132,3.132,0.51%
05/24/2011,3.116,3.116,3.116,3.116,-0.42%
05/23/2011,3.129,3.129,3.129,3.129,-0.57%
05/20/2011,3.147,3.147,3.147,3.147,-0.82%
05/19/2011,3.173,3.173,3.173,3.173,-0.35%
05/18/2011,3.184,3.184,3.184,3.184,2.25%
05/17/2011,3.114,3.114,3.114,3.114,-1.05%
05/16/2011,3.147,3.147,3.147,3.147,-0.69%
05/13/2011,3.169,3.169,3.169,3.169,-1.77%
05/12/2011,3.226,3.226,3.226,3.226,2.22%
05/11/2011,3.156,3.156,3.156,3.156,-1.77%
05/10/2011,3.213,3.213,3.213,3.213,1.77%
05/09/2011,3.157,3.157,3.157,3.157,0.22%
05/06/2011,3.15,3.15,3.15,3.15,-0.06%
05/05/2011,3.152,3.152,3.152,3.152,-2.14%
05/04/2011,3.221,3.221,3.221,3.221,-0.92%
05/03/2011,3.251,3.251,3.251,3.251,-0.91%
05/02/2011,3.281,3.281,3.281,3.281,-0.27%
04/29/2011,3.29,3.29,3.29,3.29,-0.78%
04/28/2011,3.316,3.316,3.316,3.316,-1.22%
04/27/2011,3.357,3.357,3.357,3.357,1.45%
04/26/2011,3.309,3.309,3.309,3.309,-1.69%
04/25/2011,3.366,3.366,3.366,3.366,-0.82%
04/22/2011,3.394,3.394,3.394,3.394,0.00%
04/21/2011,3.394,3.394,3.394,3.394,-0.41%
04/20/2011,3.408,3.408,3.408,3.408,1.28%
04/19/2011,3.365,3.365,3.365,3.365,-0.44%
04/18/2011,3.38,3.38,3.38,3.38,-0.97%
04/15/2011,3.413,3.413,3.413,3.413,-2.37%
04/14/2011,3.496,3.496,3.496,3.496,1.10%
04/13/2011,3.458,3.458,3.458,3.458,-0.97%
04/12/2011,3.492,3.492,3.492,3.492,-2.65%
04/11/2011,3.587,3.587,3.587,3.587,0.11%
04/08/2011,3.583,3.583,3.583,3.583,0.96%
04/07/2011,3.549,3.549,3.549,3.549,0.00%
04/06/2011,3.549,3.549,3.549,3.549,1.78%
04/05/2011,3.487,3.487,3.487,3.487,1.81%
04/04/2011,3.425,3.425,3.425,3.425,-0.72%
04/01/2011,3.45,3.45,3.45,3.45,-0.58%
03/31/2011,3.47,3.47,3.47,3.47,0.75%
03/30/2011,3.444,3.444,3.444,3.444,-1.35%
03/29/2011,3.491,3.491,3.491,3.491,1.45%
03/28/2011,3.441,3.441,3.441,3.441,-0.03%
03/25/2011,3.442,3.442,3.442,3.442,1.03%
03/24/2011,3.407,3.407,3.407,3.407,1.58%
03/23/2011,3.354,3.354,3.354,3.354,0.78%
03/22/2011,3.328,3.328,3.328,3.328,-0.12%
03/21/2011,3.332,3.332,3.332,3.332,1.96%
03/18/2011,3.268,3.268,3.268,3.268,0.34%
03/17/2011,3.257,3.257,3.257,3.257,2.04%
03/16/2011,3.192,3.192,3.192,3.192,-3.48%
03/15/2011,3.307,3.307,3.307,3.307,-1.72%
03/14/2011,3.365,3.365,3.365,3.365,-1.09%
03/11/2011,3.402,3.402,3.402,3.402,1.19%
03/10/2011,3.362,3.362,3.362,3.362,-3.08%
03/09/2011,3.469,3.469,3.469,3.469,-2.31%
03/08/2011,3.551,3.551,3.551,3.551,1.00%
03/07/2011,3.516,3.516,3.516,3.516,0.69%
03/04/2011,3.492,3.492,3.492,3.492,-1.88%
03/03/2011,3.559,3.559,3.559,3.559,2.54%
03/02/2011,3.471,3.471,3.471,3.471,2.00%
03/01/2011,3.403,3.403,3.403,3.403,-0.56%
02/28/2011,3.422,3.422,3.422,3.422,0.18%
02/25/2011,3.416,3.416,3.416,3.416,-0.99%
02/24/2011,3.45,3.45,3.45,3.45,-0.95%
02/23/2011,3.483,3.483,3.483,3.483,0.69%
02/22/2011,3.459,3.459,3.459,3.459,-3.26%
02/21/2011,3.576,3.576,3.576,3.576,-0.18%
02/18/2011,3.582,3.582,3.582,3.582,0.17%
02/17/2011,3.576,3.576,3.576,3.576,-1.30%
02/16/2011,3.623,3.623,3.623,3.623,0.53%
02/15/2011,3.604,3.604,3.604,3.604,-0.58%
02/14/2011,3.625,3.625,3.625,3.625,-0.36%
02/11/2011,3.638,3.638,3.638,3.638,-1.73%
02/10/2011,3.702,3.702,3.702,3.702,1.37%
02/09/2011,3.652,3.652,3.652,3.652,-2.27%
02/08/2011,3.737,3.737,3.737,3.737,2.66%
02/07/2011,3.64,3.64,3.64,3.64,0.05%
02/04/2011,3.638,3.638,3.638,3.638,2.57%
02/03/2011,3.547,3.547,3.547,3.547,1.95%
02/02/2011,3.479,3.479,3.479,3.479,1.28%
02/01/2011,3.435,3.435,3.435,3.435,1.81%
01/31/2011,3.374,3.374,3.374,3.374,1.35%
01/28/2011,3.329,3.329,3.329,3.329,-1.77%
01/27/2011,3.389,3.389,3.389,3.389,-0.94%
01/26/2011,3.421,3.421,3.421,3.421,2.73%
01/25/2011,3.33,3.33,3.33,3.33,-2.23%
01/24/2011,3.406,3.406,3.406,3.406,-0.06%
01/21/2011,3.408,3.408,3.408,3.408,-1.25%
01/20/2011,3.451,3.451,3.451,3.451,3.42%
01/19/2011,3.337,3.337,3.337,3.337,-0.98%
01/18/2011,3.37,3.37,3.37,3.37,1.65%
01/17/2011,3.315,3.315,3.315,3.315,-0.47%
01/14/2011,3.331,3.331,3.331,3.331,0.97%
01/13/2011,3.299,3.299,3.299,3.299,-2.02%
01/12/2011,3.367,3.367,3.367,3.367,0.81%
01/11/2011,3.34,3.34,3.34,3.34,1.61%
01/10/2011,3.287,3.287,3.287,3.287,-1.23%
01/07/2011,3.328,3.328,3.328,3.328,-2.09%
01/06/2011,3.399,3.399,3.399,3.399,-1.85%
01/05/2011,3.463,3.463,3.463,3.463,3.74%
01/04/2011,3.338,3.338,3.338,3.338,0.12%
01/03/2011,3.334,3.334,3.334,3.334,1.40%
12/31/2010,3.288,3.288,3.288,3.288,-2.35%
12/30/2010,3.367,3.367,3.367,3.367,0.36%
12/29/2010,3.355,3.355,3.355,3.355,-3.65%
12/28/2010,3.482,3.482,3.482,3.482,4.66%
12/27/2010,3.327,3.327,3.327,3.327,-2.53%
12/24/2010,3.414,3.414,3.414,3.414,0.49%
12/23/2010,3.397,3.397,3.397,3.397,1.46%
12/22/2010,3.348,3.348,3.348,3.348,1.36%
12/21/2010,3.303,3.303,3.303,3.303,-1.11%
12/20/2010,3.34,3.34,3.34,3.34,0.24%
12/17/2010,3.332,3.332,3.332,3.332,-2.97%
12/16/2010,3.434,3.434,3.434,3.434,-2.94%
12/15/2010,3.538,3.538,3.538,3.538,1.87%
12/14/2010,3.473,3.473,3.473,3.473,5.98%
12/13/2010,3.277,3.277,3.277,3.277,-1.38%
12/10/2010,3.323,3.323,3.323,3.323,3.42%
12/09/2010,3.213,3.213,3.213,3.213,-1.80%
12/08/2010,3.272,3.272,3.272,3.272,4.37%
12/07/2010,3.135,3.135,3.135,3.135,7.03%
12/06/2010,2.929,2.929,2.929,2.929,-2.59%
12/03/2010,3.007,3.007,3.007,3.007,0.37%
12/02/2010,2.996,2.996,2.996,2.996,1.01%
12/01/2010,2.966,2.966,2.966,2.966,6.04%
11/30/2010,2.797,2.797,2.797,2.797,-1.03%
11/29/2010,2.826,2.826,2.826,2.826,-1.53%
11/26/2010,2.87,2.87,2.87,2.87,-1.41%
11/25/2010,2.911,2.911,2.911,2.911,-0.03%
11/24/2010,2.912,2.912,2.912,2.912,4.67%
11/23/2010,2.782,2.782,2.782,2.782,-0.86%
11/22/2010,2.806,2.806,2.806,2.806,-2.33%
11/19/2010,2.873,2.873,2.873,2.873,-0.97%
11/18/2010,2.901,2.901,2.901,2.901,0.66%
11/17/2010,2.882,2.882,2.882,2.882,1.30%
11/16/2010,2.845,2.845,2.845,2.845,-4.11%
11/15/2010,2.967,2.967,2.967,2.967,6.38%
11/12/2010,2.789,2.789,2.789,2.789,5.01%
11/11/2010,2.656,2.656,2.656,2.656,0.64%
11/10/2010,2.639,2.639,2.639,2.639,-0.90%
11/09/2010,2.663,2.663,2.663,2.663,4.10%
11/08/2010,2.558,2.558,2.558,2.558,0.75%
11/05/2010,2.539,2.539,2.539,2.539,1.85%
11/04/2010,2.493,2.493,2.493,2.493,-3.33%
11/03/2010,2.579,2.579,2.579,2.579,-0.31%
11/02/2010,2.587,2.587,2.587,2.587,-1.45%
11/01/2010,2.625,2.625,2.625,2.625,0.85%
10/29/2010,2.603,2.603,2.603,2.603,-2.11%
10/28/2010,2.659,2.659,2.659,2.659,-2.31%
10/27/2010,2.722,2.722,2.722,2.722,2.91%
10/26/2010,2.645,2.645,2.645,2.645,3.12%
10/25/2010,2.565,2.565,2.565,2.565,0.16%
10/22/2010,2.561,2.561,2.561,2.561,0.75%
10/21/2010,2.542,2.542,2.542,2.542,2.46%
10/20/2010,2.481,2.481,2.481,2.481,0.00%
10/19/2010,2.481,2.481,2.481,2.481,-1.35%
10/18/2010,2.515,2.515,2.515,2.515,-2.03%
10/15/2010,2.567,2.567,2.567,2.567,2.31%
10/14/2010,2.509,2.509,2.509,2.509,3.29%
10/13/2010,2.429,2.429,2.429,2.429,-0.16%
10/12/2010,2.433,2.433,2.433,2.433,1.84%
10/11/2010,2.389,2.389,2.389,2.389,-0.29%
10/08/2010,2.396,2.396,2.396,2.396,0.46%
10/07/2010,2.385,2.385,2.385,2.385,-0.67%
10/06/2010,2.401,2.401,2.401,2.401,-2.95%
10/05/2010,2.474,2.474,2.474,2.474,-0.20%
10/04/2010,2.479,2.479,2.479,2.479,-1.35%
10/01/2010,2.513,2.513,2.513,2.513,0.04%
09/30/2010,2.512,2.512,2.512,2.512,0.28%
09/29/2010,2.505,2.505,2.505,2.505,1.54%
09/28/2010,2.467,2.467,2.467,2.467,-2.53%
09/27/2010,2.531,2.531,2.531,2.531,-3.03%
09/24/2010,2.61,2.61,2.61,2.61,2.23%
09/23/2010,2.553,2.553,2.553,2.553,-0.08%
09/22/2010,2.555,2.555,2.555,2.555,-0.82%
09/21/2010,2.576,2.576,2.576,2.576,-4.73%
09/20/2010,2.704,2.704,2.704,2.704,-1.28%
09/17/2010,2.739,2.739,2.739,2.739,-0.90%
09/16/2010,2.764,2.764,2.764,2.764,1.51%
09/15/2010,2.723,2.723,2.723,2.723,1.49%
09/14/2010,2.683,2.683,2.683,2.683,-2.29%
09/13/2010,2.746,2.746,2.746,2.746,-1.75%
09/10/2010,2.795,2.795,2.795,2.795,1.19%
09/09/2010,2.762,2.762,2.762,2.762,4.07%
09/08/2010,2.654,2.654,2.654,2.654,2.16%
09/07/2010,2.598,2.598,2.598,2.598,-4.27%
09/06/2010,2.714,2.714,2.714,2.714,0.44%
09/03/2010,2.702,2.702,2.702,2.702,2.93%
09/02/2010,2.625,2.625,2.625,2.625,1.74%
09/01/2010,2.58,2.58,2.58,2.58,4.45%
08/31/2010,2.47,2.47,2.47,2.47,-2.37%
08/30/2010,2.53,2.53,2.53,2.53,-4.42%
08/27/2010,2.647,2.647,2.647,2.647,6.69%
08/26/2010,2.481,2.481,2.481,2.481,-2.28%
08/25/2010,2.539,2.539,2.539,2.539,2.05%
08/24/2010,2.488,2.488,2.488,2.488,-4.38%
08/23/2010,2.602,2.602,2.602,2.602,-0.46%
08/20/2010,2.614,2.614,2.614,2.614,1.51%
08/19/2010,2.575,2.575,2.575,2.575,-2.39%
08/18/2010,2.638,2.638,2.638,2.638,-0.11%
08/17/2010,2.641,2.641,2.641,2.641,2.64%
08/16/2010,2.573,2.573,2.573,2.573,-3.96%
08/13/2010,2.679,2.679,2.679,2.679,-2.69%
08/12/2010,2.753,2.753,2.753,2.753,2.46%
08/11/2010,2.687,2.687,2.687,2.687,-2.93%
08/10/2010,2.768,2.768,2.768,2.768,-2.16%
08/09/2010,2.829,2.829,2.829,2.829,0.25%
08/06/2010,2.822,2.822,2.822,2.822,-2.89%
08/05/2010,2.906,2.906,2.906,2.906,-1.59%
08/04/2010,2.953,2.953,2.953,2.953,1.51%
08/03/2010,2.909,2.909,2.909,2.909,-1.82%
08/02/2010,2.963,2.963,2.963,2.963,2.00%
07/30/2010,2.905,2.905,2.905,2.905,-2.78%
07/29/2010,2.988,2.988,2.988,2.988,-0.07%
07/28/2010,2.99,2.99,2.99,2.99,-1.94%
07/27/2010,3.049,3.049,3.049,3.049,1.77%
07/26/2010,2.996,2.996,2.996,2.996,-0.13%
07/23/2010,3,3,3,3,2.32%
07/22/2010,2.932,2.932,2.932,2.932,1.73%
07/21/2010,2.882,2.882,2.882,2.882,-2.44%
07/20/2010,2.954,2.954,2.954,2.954,-0.24%
07/19/2010,2.961,2.961,2.961,2.961,1.23%
07/16/2010,2.925,2.925,2.925,2.925,-2.40%
07/15/2010,2.997,2.997,2.997,2.997,-1.74%
07/14/2010,3.05,3.05,3.05,3.05,-2.37%
07/13/2010,3.124,3.124,3.124,3.124,1.89%
07/12/2010,3.066,3.066,3.066,3.066,0.33%
07/09/2010,3.056,3.056,3.056,3.056,0.73%
07/08/2010,3.034,3.034,3.034,3.034,1.61%
07/07/2010,2.986,2.986,2.986,2.986,1.70%
07/06/2010,2.936,2.936,2.936,2.936,-1.48%
07/05/2010,2.98,2.98,2.98,2.98,-0.13%
07/02/2010,2.984,2.984,2.984,2.984,1.02%
07/01/2010,2.954,2.954,2.954,2.954,0.65%
06/30/2010,2.935,2.935,2.935,2.935,-0.61%
06/29/2010,2.953,2.953,2.953,2.953,-2.32%
06/28/2010,3.023,3.023,3.023,3.023,-2.80%
06/25/2010,3.11,3.11,3.11,3.11,-1.05%
06/24/2010,3.143,3.143,3.143,3.143,0.61%
06/23/2010,3.124,3.124,3.124,3.124,-1.30%
06/22/2010,3.165,3.165,3.165,3.165,-2.41%
06/21/2010,3.243,3.243,3.243,3.243,0.56%
06/18/2010,3.225,3.225,3.225,3.225,0.97%
06/17/2010,3.194,3.194,3.194,3.194,-2.14%
06/16/2010,3.264,3.264,3.264,3.264,-1.27%
06/15/2010,3.306,3.306,3.306,3.306,1.35%
06/14/2010,3.262,3.262,3.262,3.262,0.90%
06/11/2010,3.233,3.233,3.233,3.233,-2.77%
06/10/2010,3.325,3.325,3.325,3.325,4.63%
06/09/2010,3.178,3.178,3.178,3.178,-0.34%
06/08/2010,3.189,3.189,3.189,3.189,1.37%
06/07/2010,3.146,3.146,3.146,3.146,-1.93%
06/04/2010,3.208,3.208,3.208,3.208,-4.78%
06/03/2010,3.369,3.369,3.369,3.369,0.66%
06/02/2010,3.347,3.347,3.347,3.347,2.57%
06/01/2010,3.263,3.263,3.263,3.263,-1.12%
05/31/2010,3.3,3.3,3.3,3.3,-0.09%
05/28/2010,3.303,3.303,3.303,3.303,-1.61%
05/27/2010,3.357,3.357,3.357,3.357,5.17%
05/26/2010,3.192,3.192,3.192,3.192,1.01%
05/25/2010,3.16,3.16,3.16,3.16,-1.19%
05/24/2010,3.198,3.198,3.198,3.198,-1.17%
05/21/2010,3.236,3.236,3.236,3.236,0.62%
05/20/2010,3.216,3.216,3.216,3.216,-4.57%
05/19/2010,3.37,3.37,3.37,3.37,0.51%
05/18/2010,3.353,3.353,3.353,3.353,-3.95%
05/17/2010,3.491,3.491,3.491,3.491,1.04%
05/14/2010,3.455,3.455,3.455,3.455,-2.32%
05/13/2010,3.537,3.537,3.537,3.537,-0.95%
05/12/2010,3.571,3.571,3.571,3.571,1.25%
05/11/2010,3.527,3.527,3.527,3.527,-0.48%
05/10/2010,3.544,3.544,3.544,3.544,3.63%
05/07/2010,3.42,3.42,3.42,3.42,0.44%
05/06/2010,3.405,3.405,3.405,3.405,-3.98%
05/05/2010,3.546,3.546,3.546,3.546,-1.45%
05/04/2010,3.598,3.598,3.598,3.598,-2.55%
05/03/2010,3.692,3.692,3.692,3.692,0.90%
04/30/2010,3.659,3.659,3.659,3.659,-1.90%
04/29/2010,3.73,3.73,3.73,3.73,-0.98%
04/28/2010,3.767,3.767,3.767,3.767,2.00%
04/27/2010,3.693,3.693,3.693,3.693,-3.05%
04/26/2010,3.809,3.809,3.809,3.809,-0.21%
04/23/2010,3.817,3.817,3.817,3.817,1.25%
04/22/2010,3.77,3.77,3.77,3.77,0.86%
04/21/2010,3.738,3.738,3.738,3.738,-1.55%
04/20/2010,3.797,3.797,3.797,3.797,-0.16%
04/19/2010,3.803,3.803,3.803,3.803,0.88%
04/16/2010,3.77,3.77,3.77,3.77,-1.72%
04/15/2010,3.836,3.836,3.836,3.836,-0.75%
04/14/2010,3.865,3.865,3.865,3.865,1.18%
04/13/2010,3.82,3.82,3.82,3.82,-0.47%
04/12/2010,3.838,3.838,3.838,3.838,-1.11%
04/09/2010,3.881,3.881,3.881,3.881,-0.23%
04/08/2010,3.89,3.89,3.89,3.89,0.70%
04/07/2010,3.863,3.863,3.863,3.863,-2.35%
04/06/2010,3.956,3.956,3.956,3.956,-0.85%
04/05/2010,3.99,3.99,3.99,3.99,1.19%
04/02/2010,3.943,3.943,3.943,3.943,1.89%
04/01/2010,3.87,3.87,3.87,3.87,0.97%
03/31/2010,3.833,3.833,3.833,3.833,-0.65%
03/30/2010,3.858,3.858,3.858,3.858,-0.21%
03/29/2010,3.866,3.866,3.866,3.866,0.39%
03/26/2010,3.851,3.851,3.851,3.851,-0.77%
03/25/2010,3.881,3.881,3.881,3.881,0.70%
03/24/2010,3.854,3.854,3.854,3.854,4.53%
03/23/2010,3.687,3.687,3.687,3.687,0.71%
03/22/2010,3.661,3.661,3.661,3.661,-0.87%
03/19/2010,3.693,3.693,3.693,3.693,0.30%
03/18/2010,3.682,3.682,3.682,3.682,1.10%
03/17/2010,3.642,3.642,3.642,3.642,-0.30%
03/16/2010,3.653,3.653,3.653,3.653,-1.19%
03/15/2010,3.697,3.697,3.697,3.697,-0.16%
03/12/2010,3.703,3.703,3.703,3.703,-0.70%
03/11/2010,3.729,3.729,3.729,3.729,0.21%
03/10/2010,3.721,3.721,3.721,3.721,0.57%
03/09/2010,3.7,3.7,3.7,3.7,-0.56%
03/08/2010,3.721,3.721,3.721,3.721,1.06%
03/05/2010,3.682,3.682,3.682,3.682,2.11%
03/04/2010,3.606,3.606,3.606,3.606,-0.41%
03/03/2010,3.621,3.621,3.621,3.621,0.36%
03/02/2010,3.608,3.608,3.608,3.608,0.00%
03/01/2010,3.608,3.608,3.608,3.608,-0.30%
02/26/2010,3.619,3.619,3.619,3.619,-0.36%
02/25/2010,3.632,3.632,3.632,3.632,-1.71%
02/24/2010,3.695,3.695,3.695,3.695,0.16%
02/23/2010,3.689,3.689,3.689,3.689,-2.84%
02/22/2010,3.797,3.797,3.797,3.797,0.56%
02/19/2010,3.776,3.776,3.776,3.776,-0.81%
02/18/2010,3.807,3.807,3.807,3.807,1.93%
02/17/2010,3.735,3.735,3.735,3.735,1.97%
02/16/2010,3.663,3.663,3.663,3.663,-0.87%
02/12/2010,3.695,3.695,3.695,3.695,-0.70%
02/11/2010,3.721,3.721,3.721,3.721,0.84%
02/10/2010,3.69,3.69,3.69,3.69,1.18%
02/09/2010,3.647,3.647,3.647,3.647,2.39%
02/08/2010,3.562,3.562,3.562,3.562,-0.25%
02/05/2010,3.571,3.571,3.571,3.571,-1.08%
02/04/2010,3.61,3.61,3.61,3.61,-2.62%
02/03/2010,3.707,3.707,3.707,3.707,1.84%
02/02/2010,3.64,3.64,3.64,3.64,-0.44%
02/01/2010,3.656,3.656,3.656,3.656,1.90%
01/29/2010,3.588,3.588,3.588,3.588,-1.48%
01/28/2010,3.642,3.642,3.642,3.642,-0.22%
01/27/2010,3.65,3.65,3.65,3.65,0.80%
01/26/2010,3.621,3.621,3.621,3.621,-0.25%
01/25/2010,3.63,3.63,3.63,3.63,0.81%
01/22/2010,3.601,3.601,3.601,3.601,0.17%
01/21/2010,3.595,3.595,3.595,3.595,-1.59%
01/20/2010,3.653,3.653,3.653,3.653,-1.22%
01/19/2010,3.698,3.698,3.698,3.698,0.60%
01/15/2010,3.676,3.676,3.676,3.676,-1.76%
01/14/2010,3.742,3.742,3.742,3.742,-1.34%
01/13/2010,3.793,3.793,3.793,3.793,2.04%
01/12/2010,3.717,3.717,3.717,3.717,-2.80%
01/11/2010,3.824,3.824,3.824,3.824,-0.31%
01/08/2010,3.836,3.836,3.836,3.836,0.24%
01/07/2010,3.827,3.827,3.827,3.827,-0.05%
01/06/2010,3.829,3.829,3.829,3.829,1.75%
01/05/2010,3.763,3.763,3.763,3.763,-1.57%
01/04/2010,3.823,3.823,3.823,3.823,-0.36%
12/31/2009,3.837,3.837,3.837,3.837,1.16%
12/30/2009,3.793,3.793,3.793,3.793,-0.26%
12/29/2009,3.803,3.803,3.803,3.803,-1.17%
12/28/2009,3.848,3.848,3.848,3.848,1.13%
12/24/2009,3.805,3.805,3.805,3.805,1.36%
12/23/2009,3.754,3.754,3.754,3.754,-0.11%
12/22/2009,3.758,3.758,3.758,3.758,2.12%
12/21/2009,3.68,3.68,3.68,3.68,3.78%
12/18/2009,3.546,3.546,3.546,3.546,1.84%
12/17/2009,3.482,3.482,3.482,3.482,-3.22%
12/16/2009,3.598,3.598,3.598,3.598,0.11%
12/15/2009,3.594,3.594,3.594,3.594,1.18%
12/14/2009,3.552,3.552,3.552,3.552,-0.06%
12/11/2009,3.554,3.554,3.554,3.554,1.51%
12/10/2009,3.501,3.501,3.501,3.501,1.98%
12/09/2009,3.433,3.433,3.433,3.433,1.45%
12/08/2009,3.384,3.384,3.384,3.384,-1.31%
12/07/2009,3.429,3.429,3.429,3.429,-1.41%
12/04/2009,3.478,3.478,3.478,3.478,2.93%
12/03/2009,3.379,3.379,3.379,3.379,1.96%
12/02/2009,3.314,3.314,3.314,3.314,0.91%
12/01/2009,3.284,3.284,3.284,3.284,2.69%
11/30/2009,3.198,3.198,3.198,3.198,-0.28%
11/27/2009,3.207,3.207,3.207,3.207,-1.87%
11/25/2009,3.268,3.268,3.268,3.268,-1.09%
11/24/2009,3.304,3.304,3.304,3.304,-1.46%
11/23/2009,3.353,3.353,3.353,3.353,-0.47%
11/20/2009,3.369,3.369,3.369,3.369,0.81%
11/19/2009,3.342,3.342,3.342,3.342,-0.71%
11/18/2009,3.366,3.366,3.366,3.366,1.29%
11/17/2009,3.323,3.323,3.323,3.323,-0.78%
11/16/2009,3.349,3.349,3.349,3.349,-2.16%
11/13/2009,3.423,3.423,3.423,3.423,-0.61%
11/12/2009,3.444,3.444,3.444,3.444,0.00%
11/11/2009,3.444,3.444,3.444,3.444,-0.98%
11/10/2009,3.478,3.478,3.478,3.478,-0.17%
11/09/2009,3.484,3.484,3.484,3.484,-0.49%
11/06/2009,3.501,3.501,3.501,3.501,-0.74%
11/05/2009,3.527,3.527,3.527,3.527,0.20%
11/04/2009,3.52,3.52,3.52,3.52,1.47%
11/03/2009,3.469,3.469,3.469,3.469,1.31%
11/02/2009,3.424,3.424,3.424,3.424,1.06%
10/30/2009,3.388,3.388,3.388,3.388,-3.06%
10/29/2009,3.495,3.495,3.495,3.495,2.34%
10/28/2009,3.415,3.415,3.415,3.415,-1.07%
10/27/2009,3.452,3.452,3.452,3.452,-2.98%
10/26/2009,3.558,3.558,3.558,3.558,1.83%
10/23/2009,3.494,3.494,3.494,3.494,2.13%
10/22/2009,3.421,3.421,3.421,3.421,0.83%
10/21/2009,3.393,3.393,3.393,3.393,1.56%
10/20/2009,3.341,3.341,3.341,3.341,-1.36%
10/19/2009,3.387,3.387,3.387,3.387,-0.73%
10/16/2009,3.412,3.412,3.412,3.412,-1.50%
10/15/2009,3.464,3.464,3.464,3.464,1.20%
10/14/2009,3.423,3.423,3.423,3.423,2.12%
10/13/2009,3.352,3.352,3.352,3.352,-1.00%
10/12/2009,3.386,3.386,3.386,3.386,0.06%
10/09/2009,3.384,3.384,3.384,3.384,4.19%
10/08/2009,3.248,3.248,3.248,3.248,1.95%
10/07/2009,3.186,3.186,3.186,3.186,-2.24%
10/06/2009,3.259,3.259,3.259,3.259,1.24%
10/05/2009,3.219,3.219,3.219,3.219,0.00%
10/02/2009,3.219,3.219,3.219,3.219,1.19%
10/01/2009,3.181,3.181,3.181,3.181,-3.75%
09/30/2009,3.305,3.305,3.305,3.305,0.39%
09/29/2009,3.292,3.292,3.292,3.292,0.34%
09/28/2009,3.281,3.281,3.281,3.281,-1.23%
09/25/2009,3.322,3.322,3.322,3.322,-1.80%
09/24/2009,3.383,3.383,3.383,3.383,-0.94%
09/23/2009,3.415,3.415,3.415,3.415,-0.81%
09/22/2009,3.443,3.443,3.443,3.443,-1.12%
09/21/2009,3.482,3.482,3.482,3.482,0.37%
09/18/2009,3.469,3.469,3.469,3.469,2.48%
09/17/2009,3.385,3.385,3.385,3.385,-2.59%
09/16/2009,3.475,3.475,3.475,3.475,0.81%
09/15/2009,3.447,3.447,3.447,3.447,0.70%
09/14/2009,3.423,3.423,3.423,3.423,2.21%
09/11/2009,3.349,3.349,3.349,3.349,-0.15%
09/10/2009,3.354,3.354,3.354,3.354,-3.48%
09/09/2009,3.475,3.475,3.475,3.475,-0.17%
09/08/2009,3.481,3.481,3.481,3.481,1.04%
09/04/2009,3.445,3.445,3.445,3.445,2.90%
09/03/2009,3.348,3.348,3.348,3.348,1.18%
09/02/2009,3.309,3.309,3.309,3.309,-1.81%
09/01/2009,3.37,3.37,3.37,3.37,-0.91%
08/31/2009,3.401,3.401,3.401,3.401,-1.39%
08/28/2009,3.449,3.449,3.449,3.449,-0.12%
08/27/2009,3.453,3.453,3.453,3.453,0.52%
08/26/2009,3.435,3.435,3.435,3.435,-0.09%
08/25/2009,3.438,3.438,3.438,3.438,-1.04%
08/24/2009,3.474,3.474,3.474,3.474,-2.66%
08/21/2009,3.569,3.569,3.569,3.569,4.11%
08/20/2009,3.428,3.428,3.428,3.428,-0.78%
08/19/2009,3.455,3.455,3.455,3.455,-1.76%
08/18/2009,3.517,3.517,3.517,3.517,1.30%
08/17/2009,3.472,3.472,3.472,3.472,-2.80%
08/14/2009,3.572,3.572,3.572,3.572,-0.70%
08/13/2009,3.597,3.597,3.597,3.597,-3.07%
08/12/2009,3.711,3.711,3.711,3.711,1.06%
08/11/2009,3.672,3.672,3.672,3.672,-2.65%
08/10/2009,3.772,3.772,3.772,3.772,-2.13%
08/07/2009,3.854,3.854,3.854,3.854,2.61%
08/06/2009,3.756,3.756,3.756,3.756,-0.16%
08/05/2009,3.762,3.762,3.762,3.762,2.03%
08/04/2009,3.687,3.687,3.687,3.687,1.37%
08/03/2009,3.637,3.637,3.637,3.637,4.45%
07/31/2009,3.482,3.482,3.482,3.482,-3.68%
07/30/2009,3.615,3.615,3.615,3.615,-1.34%
07/29/2009,3.664,3.664,3.664,3.664,-0.60%
07/28/2009,3.686,3.686,3.686,3.686,-1.05%
07/27/2009,3.725,3.725,3.725,3.725,1.78%
07/24/2009,3.66,3.66,3.66,3.66,0.05%
07/23/2009,3.658,3.658,3.658,3.658,3.22%
07/22/2009,3.544,3.544,3.544,3.544,1.72%
07/21/2009,3.484,3.484,3.484,3.484,-3.54%
07/20/2009,3.612,3.612,3.612,3.612,-1.01%
07/17/2009,3.649,3.649,3.649,3.649,2.13%
07/16/2009,3.573,3.573,3.573,3.573,-1.13%
07/15/2009,3.614,3.614,3.614,3.614,4.03%
07/14/2009,3.474,3.474,3.474,3.474,3.39%
07/13/2009,3.36,3.36,3.36,3.36,1.69%
07/10/2009,3.304,3.304,3.304,3.304,-3.19%
07/09/2009,3.413,3.413,3.413,3.413,3.24%
07/08/2009,3.306,3.306,3.306,3.306,-4.28%
07/07/2009,3.454,3.454,3.454,3.454,-1.60%
07/06/2009,3.51,3.51,3.51,3.51,0.23%
07/02/2009,3.502,3.502,3.502,3.502,-1.30%
07/01/2009,3.548,3.548,3.548,3.548,0.31%
06/30/2009,3.537,3.537,3.537,3.537,1.61%
06/29/2009,3.481,3.481,3.481,3.481,-1.36%
06/26/2009,3.529,3.529,3.529,3.529,-0.42%
06/25/2009,3.544,3.544,3.544,3.544,-3.93%
06/24/2009,3.689,3.689,3.689,3.689,1.77%
06/23/2009,3.625,3.625,3.625,3.625,-1.63%
06/22/2009,3.685,3.685,3.685,3.685,-2.33%
06/19/2009,3.773,3.773,3.773,3.773,-1.49%
06/18/2009,3.83,3.83,3.83,3.83,3.79%
06/17/2009,3.69,3.69,3.69,3.69,0.74%
06/16/2009,3.663,3.663,3.663,3.663,-1.40%
06/15/2009,3.715,3.715,3.715,3.715,-2.31%
06/12/2009,3.803,3.803,3.803,3.803,-1.53%
06/11/2009,3.862,3.862,3.862,3.862,-2.15%
06/10/2009,3.947,3.947,3.947,3.947,2.04%
06/09/2009,3.868,3.868,3.868,3.868,-0.74%
06/08/2009,3.897,3.897,3.897,3.897,1.48%
06/05/2009,3.84,3.84,3.84,3.84,3.34%
06/04/2009,3.716,3.716,3.716,3.716,5.09%
06/03/2009,3.536,3.536,3.536,3.536,-2.13%
06/02/2009,3.613,3.613,3.613,3.613,-1.82%
06/01/2009,3.68,3.68,3.68,3.68,6.33%
05/29/2009,3.461,3.461,3.461,3.461,-4.18%
05/28/2009,3.612,3.612,3.612,3.612,-3.37%
05/27/2009,3.738,3.738,3.738,3.738,5.38%
05/26/2009,3.547,3.547,3.547,3.547,2.81%
05/22/2009,3.45,3.45,3.45,3.45,2.43%
05/21/2009,3.368,3.368,3.368,3.368,5.41%
05/20/2009,3.195,3.195,3.195,3.195,-1.54%
05/19/2009,3.245,3.245,3.245,3.245,0.12%
05/18/2009,3.241,3.241,3.241,3.241,3.41%
05/15/2009,3.134,3.134,3.134,3.134,1.36%
05/14/2009,3.092,3.092,3.092,3.092,-0.64%
05/13/2009,3.112,3.112,3.112,3.112,-2.08%
05/12/2009,3.178,3.178,3.178,3.178,0.06%
05/11/2009,3.176,3.176,3.176,3.176,-3.44%
05/08/2009,3.289,3.289,3.289,3.289,-1.53%
05/07/2009,3.34,3.34,3.34,3.34,5.86%
05/06/2009,3.155,3.155,3.155,3.155,-0.44%
05/05/2009,3.169,3.169,3.169,3.169,0.60%
05/04/2009,3.15,3.15,3.15,3.15,-0.22%
05/01/2009,3.157,3.157,3.157,3.157,1.22%
04/30/2009,3.119,3.119,3.119,3.119,0.39%
04/29/2009,3.107,3.107,3.107,3.107,2.88%
04/28/2009,3.02,3.02,3.02,3.02,3.64%
04/27/2009,2.914,2.914,2.914,2.914,-2.80%
04/24/2009,2.998,2.998,2.998,2.998,2.36%
04/23/2009,2.929,2.929,2.929,2.929,-0.37%
04/22/2009,2.94,2.94,2.94,2.94,1.31%
04/21/2009,2.902,2.902,2.902,2.902,1.86%
04/20/2009,2.849,2.849,2.849,2.849,-3.46%
04/17/2009,2.951,2.951,2.951,2.951,3.91%
04/16/2009,2.84,2.84,2.84,2.84,2.45%
04/15/2009,2.772,2.772,2.772,2.772,-0.65%
04/14/2009,2.79,2.79,2.79,2.79,-2.55%
04/13/2009,2.863,2.863,2.863,2.863,-2.22%
04/09/2009,2.928,2.928,2.928,2.928,2.38%
04/08/2009,2.86,2.86,2.86,2.86,-1.38%
04/07/2009,2.9,2.9,2.9,2.9,-1.09%
04/06/2009,2.932,2.932,2.932,2.932,1.28%
04/03/2009,2.895,2.895,2.895,2.895,4.17%
04/02/2009,2.779,2.779,2.779,2.779,4.79%
04/01/2009,2.652,2.652,2.652,2.652,-0.60%
03/31/2009,2.668,2.668,2.668,2.668,-2.02%
03/30/2009,2.723,2.723,2.723,2.723,-1.45%
03/27/2009,2.763,2.763,2.763,2.763,0.69%
03/26/2009,2.744,2.744,2.744,2.744,-1.75%
03/25/2009,2.793,2.793,2.793,2.793,3.06%
03/24/2009,2.71,2.71,2.71,2.71,2.11%
03/23/2009,2.654,2.654,2.654,2.654,0.80%
03/20/2009,2.633,2.633,2.633,2.633,0.84%
03/19/2009,2.611,2.611,2.611,2.611,2.51%
03/18/2009,2.547,2.547,2.547,2.547,-15.44%
03/17/2009,3.012,3.012,3.012,3.012,1.86%
03/16/2009,2.957,2.957,2.957,2.957,2.11%
03/13/2009,2.896,2.896,2.896,2.896,1.15%
03/12/2009,2.863,2.863,2.863,2.863,-1.62%
03/11/2009,2.91,2.91,2.91,2.91,-3.39%
03/10/2009,3.012,3.012,3.012,3.012,5.28%
03/09/2009,2.861,2.861,2.861,2.861,-0.42%
03/06/2009,2.873,2.873,2.873,2.873,2.13%
03/05/2009,2.813,2.813,2.813,2.813,-5.54%
03/04/2009,2.978,2.978,2.978,2.978,3.19%
03/03/2009,2.886,2.886,2.886,2.886,0.77%
03/02/2009,2.864,2.864,2.864,2.864,-5.20%
02/27/2009,3.021,3.021,3.021,3.021,0.70%
02/26/2009,3,3,3,3,2.56%
02/25/2009,2.925,2.925,2.925,2.925,4.24%
02/24/2009,2.806,2.806,2.806,2.806,1.85%
02/23/2009,2.755,2.755,2.755,2.755,-1.33%
02/20/2009,2.792,2.792,2.792,2.792,-2.28%
02/19/2009,2.857,2.857,2.857,2.857,3.29%
02/18/2009,2.766,2.766,2.766,2.766,4.34%
02/17/2009,2.651,2.651,2.651,2.651,-5.83%
02/16/2009,2.815,2.815,2.815,2.815,-2.76%
02/13/2009,2.895,2.895,2.895,2.895,3.84%
02/12/2009,2.788,2.788,2.788,2.788,1.12%
02/11/2009,2.757,2.757,2.757,2.757,-2.20%
02/10/2009,2.819,2.819,2.819,2.819,-5.81%
02/09/2009,2.993,2.993,2.993,2.993,0.17%
02/06/2009,2.988,2.988,2.988,2.988,2.36%
02/05/2009,2.919,2.919,2.919,2.919,-0.68%
02/04/2009,2.939,2.939,2.939,2.939,1.59%
02/03/2009,2.893,2.893,2.893,2.893,6.48%
02/02/2009,2.717,2.717,2.717,2.717,-4.70%
01/30/2009,2.851,2.851,2.851,2.851,-0.45%
01/29/2009,2.864,2.864,2.864,2.864,7.19%
01/28/2009,2.672,2.672,2.672,2.672,5.65%
01/27/2009,2.529,2.529,2.529,2.529,-4.42%
01/26/2009,2.646,2.646,2.646,2.646,1.19%
01/23/2009,2.615,2.615,2.615,2.615,0.62%
01/22/2009,2.599,2.599,2.599,2.599,2.08%
01/21/2009,2.546,2.546,2.546,2.546,6.88%
01/20/2009,2.382,2.382,2.382,2.382,-2.89%
01/19/2009,2.453,2.453,2.453,2.453,4.74%
01/16/2009,2.342,2.342,2.342,2.342,5.92%
01/15/2009,2.211,2.211,2.211,2.211,0.23%
01/14/2009,2.206,2.206,2.206,2.206,-3.96%
01/13/2009,2.297,2.297,2.297,2.297,-0.52%
01/12/2009,2.309,2.309,2.309,2.309,-3.51%
01/09/2009,2.393,2.393,2.393,2.393,-2.13%
01/08/2009,2.445,2.445,2.445,2.445,-2.12%
01/07/2009,2.498,2.498,2.498,2.498,1.96%
01/06/2009,2.45,2.45,2.45,2.45,-1.41%
01/05/2009,2.485,2.485,2.485,2.485,5.25%
01/02/2009,2.361,2.361,2.361,2.361,6.35%
12/31/2008,2.22,2.22,2.22,2.22,7.98%
12/30/2008,2.056,2.056,2.056,2.056,-2.28%
12/29/2008,2.104,2.104,2.104,2.104,-1.54%
12/26/2008,2.137,2.137,2.137,2.137,-2.33%
12/24/2008,2.188,2.188,2.188,2.188,0.23%
12/23/2008,2.183,2.183,2.183,2.183,0.46%
12/22/2008,2.173,2.173,2.173,2.173,1.97%
12/19/2008,2.131,2.131,2.131,2.131,2.21%
12/18/2008,2.085,2.085,2.085,2.085,-5.23%
12/17/2008,2.2,2.2,2.2,2.2,-2.83%
12/16/2008,2.264,2.264,2.264,2.264,-10.12%
12/15/2008,2.519,2.519,2.519,2.519,-2.21%
12/12/2008,2.576,2.576,2.576,2.576,-1.26%
12/11/2008,2.609,2.609,2.609,2.609,-2.98%
12/10/2008,2.689,2.689,2.689,2.689,1.40%
12/09/2008,2.652,2.652,2.652,2.652,-3.32%
12/08/2008,2.743,2.743,2.743,2.743,1.59%
12/05/2008,2.7,2.7,2.7,2.7,5.76%
12/04/2008,2.553,2.553,2.553,2.553,-3.91%
12/03/2008,2.657,2.657,2.657,2.657,-1.34%
12/02/2008,2.693,2.693,2.693,2.693,-1.32%
12/01/2008,2.729,2.729,2.729,2.729,-6.54%
11/28/2008,2.92,2.92,2.92,2.92,-2.83%
11/27/2008,3.005,3.005,3.005,3.005,0.54%
11/26/2008,2.989,2.989,2.989,2.989,-3.92%
11/25/2008,3.111,3.111,3.111,3.111,-6.55%
11/24/2008,3.329,3.329,3.329,3.329,3.29%
11/21/2008,3.223,3.223,3.223,3.223,7.15%
11/20/2008,3.008,3.008,3.008,3.008,-9.86%
11/19/2008,3.337,3.337,3.337,3.337,-5.44%
11/18/2008,3.529,3.529,3.529,3.529,-3.53%
11/17/2008,3.658,3.658,3.658,3.658,-1.96%
11/14/2008,3.731,3.731,3.731,3.731,-3.24%
11/13/2008,3.856,3.856,3.856,3.856,5.47%
11/12/2008,3.656,3.656,3.656,3.656,-2.74%
11/10/2008,3.759,3.759,3.759,3.759,-0.90%
11/07/2008,3.793,3.793,3.793,3.793,2.76%
11/06/2008,3.691,3.691,3.691,3.691,-0.35%
11/05/2008,3.704,3.704,3.704,3.704,-0.75%
11/04/2008,3.732,3.732,3.732,3.732,-4.60%
11/03/2008,3.912,3.912,3.912,3.912,-1.46%
10/31/2008,3.97,3.97,3.97,3.97,-0.05%
10/30/2008,3.972,3.972,3.972,3.972,2.95%
10/29/2008,3.858,3.858,3.858,3.858,0.29%
10/28/2008,3.847,3.847,3.847,3.847,4.17%
10/27/2008,3.693,3.693,3.693,3.693,0.30%
10/24/2008,3.682,3.682,3.682,3.682,0.11%
10/23/2008,3.678,3.678,3.678,3.678,2.22%
10/22/2008,3.598,3.598,3.598,3.598,-3.72%
10/21/2008,3.737,3.737,3.737,3.737,-3.21%
10/20/2008,3.861,3.861,3.861,3.861,-1.96%
10/17/2008,3.938,3.938,3.938,3.938,-0.78%
10/16/2008,3.969,3.969,3.969,3.969,0.35%
10/15/2008,3.955,3.955,3.955,3.955,-3.09%
10/14/2008,4.081,4.081,4.081,4.081,-0.10%
10/13/2008,4.085,4.085,4.085,4.085,5.39%
10/10/2008,3.876,3.876,3.876,3.876,2.40%
10/09/2008,3.785,3.785,3.785,3.785,3.76%
10/08/2008,3.648,3.648,3.648,3.648,4.05%
10/07/2008,3.506,3.506,3.506,3.506,1.27%
10/06/2008,3.462,3.462,3.462,3.462,-3.91%
10/03/2008,3.603,3.603,3.603,3.603,-0.77%
10/02/2008,3.631,3.631,3.631,3.631,-3.07%
10/01/2008,3.746,3.746,3.746,3.746,-2.17%
09/30/2008,3.829,3.829,3.829,3.829,7.13%
09/29/2008,3.574,3.574,3.574,3.574,-7.36%
09/26/2008,3.858,3.858,3.858,3.858,0.10%
09/25/2008,3.854,3.854,3.854,3.854,1.10%
09/24/2008,3.812,3.812,3.812,3.812,0.18%
09/23/2008,3.805,3.805,3.805,3.805,-1.07%
09/22/2008,3.846,3.846,3.846,3.846,0.79%
09/19/2008,3.816,3.816,3.816,3.816,7.52%
09/18/2008,3.549,3.549,3.549,3.549,3.74%
09/17/2008,3.421,3.421,3.421,3.421,-0.52%
09/16/2008,3.439,3.439,3.439,3.439,1.45%
09/15/2008,3.39,3.39,3.39,3.39,-8.92%
09/12/2008,3.722,3.722,3.722,3.722,2.03%
09/11/2008,3.648,3.648,3.648,3.648,0.30%
09/10/2008,3.637,3.637,3.637,3.637,1.76%
09/09/2008,3.574,3.574,3.574,3.574,-3.27%
09/08/2008,3.695,3.695,3.695,3.695,-0.11%
09/05/2008,3.699,3.699,3.699,3.699,1.96%
09/04/2008,3.628,3.628,3.628,3.628,-2.08%
09/03/2008,3.705,3.705,3.705,3.705,-0.88%
09/02/2008,3.738,3.738,3.738,3.738,-2.27%
08/29/2008,3.825,3.825,3.825,3.825,1.08%
08/28/2008,3.784,3.784,3.784,3.784,0.50%
08/27/2008,3.765,3.765,3.765,3.765,-0.40%
08/26/2008,3.78,3.78,3.78,3.78,-0.16%
08/25/2008,3.786,3.786,3.786,3.786,-2.27%
08/22/2008,3.874,3.874,3.874,3.874,1.07%
08/21/2008,3.833,3.833,3.833,3.833,0.74%
08/20/2008,3.805,3.805,3.805,3.805,-0.83%
08/19/2008,3.837,3.837,3.837,3.837,0.50%
08/18/2008,3.818,3.818,3.818,3.818,-0.68%
08/15/2008,3.844,3.844,3.844,3.844,-1.36%
08/14/2008,3.897,3.897,3.897,3.897,-1.07%
08/13/2008,3.939,3.939,3.939,3.939,0.97%
08/12/2008,3.901,3.901,3.901,3.901,-2.43%
08/11/2008,3.998,3.998,3.998,3.998,1.60%
08/08/2008,3.935,3.935,3.935,3.935,0.18%
08/07/2008,3.928,3.928,3.928,3.928,-3.25%
08/06/2008,4.06,4.06,4.06,4.06,0.94%
08/05/2008,4.022,4.022,4.022,4.022,1.31%
08/04/2008,3.97,3.97,3.97,3.97,0.71%
08/01/2008,3.942,3.942,3.942,3.942,-0.40%
07/31/2008,3.958,3.958,3.958,3.958,-2.27%
07/30/2008,4.05,4.05,4.05,4.05,0.15%
07/29/2008,4.044,4.044,4.044,4.044,0.92%
07/28/2008,4.007,4.007,4.007,4.007,-2.34%
07/25/2008,4.103,4.103,4.103,4.103,2.60%
07/24/2008,3.999,3.999,3.999,3.999,-2.94%
07/23/2008,4.12,4.12,4.12,4.12,0.37%
07/22/2008,4.105,4.105,4.105,4.105,1.61%
07/21/2008,4.04,4.04,4.04,4.04,-1.20%
07/18/2008,4.089,4.089,4.089,4.089,2.30%
07/17/2008,3.997,3.997,3.997,3.997,1.50%
07/16/2008,3.938,3.938,3.938,3.938,2.87%
07/15/2008,3.828,3.828,3.828,3.828,-0.91%
07/14/2008,3.863,3.863,3.863,3.863,-2.77%
07/11/2008,3.973,3.973,3.973,3.973,4.55%
07/10/2008,3.8,3.8,3.8,3.8,-0.45%
07/09/2008,3.817,3.817,3.817,3.817,-1.83%
07/08/2008,3.888,3.888,3.888,3.888,-0.54%
07/07/2008,3.909,3.909,3.909,3.909,-1.96%
07/04/2008,3.987,3.987,3.987,3.987,-0.08%
07/03/2008,3.99,3.99,3.99,3.99,0.78%
07/02/2008,3.959,3.959,3.959,3.959,-1.22%
07/01/2008,4.008,4.008,4.008,4.008,0.83%
06/30/2008,3.975,3.975,3.975,3.975,0.15%
06/27/2008,3.969,3.969,3.969,3.969,-1.54%
06/26/2008,4.031,4.031,4.031,4.031,-1.75%
06/25/2008,4.103,4.103,4.103,4.103,0.00%
06/24/2008,4.103,4.103,4.103,4.103,-1.51%
06/23/2008,4.166,4.166,4.166,4.166,-0.05%
06/20/2008,4.168,4.168,4.168,4.168,-0.97%
06/19/2008,4.209,4.209,4.209,4.209,1.62%
06/18/2008,4.142,4.142,4.142,4.142,-1.36%
06/17/2008,4.199,4.199,4.199,4.199,-1.87%
06/16/2008,4.279,4.279,4.279,4.279,0.42%
06/13/2008,4.261,4.261,4.261,4.261,1.09%
06/12/2008,4.215,4.215,4.215,4.215,3.44%
06/11/2008,4.075,4.075,4.075,4.075,-0.54%
06/10/2008,4.097,4.097,4.097,4.097,1.79%
06/09/2008,4.025,4.025,4.025,4.025,2.47%
06/06/2008,3.928,3.928,3.928,3.928,-2.87%
06/05/2008,4.044,4.044,4.044,4.044,1.56%
06/04/2008,3.982,3.982,3.982,3.982,2.26%
06/03/2008,3.894,3.894,3.894,3.894,-1.84%
06/02/2008,3.967,3.967,3.967,3.967,-2.46%
05/30/2008,4.067,4.067,4.067,4.067,-0.29%
05/29/2008,4.079,4.079,4.079,4.079,2.00%
05/28/2008,3.999,3.999,3.999,3.999,1.99%
05/27/2008,3.921,3.921,3.921,3.921,1.63%
05/26/2008,3.858,3.858,3.858,3.858,0.21%
05/23/2008,3.85,3.85,3.85,3.85,-1.86%
05/22/2008,3.923,3.923,3.923,3.923,3.05%
05/21/2008,3.807,3.807,3.807,3.807,0.71%
05/20/2008,3.78,3.78,3.78,3.78,-1.43%
05/19/2008,3.835,3.835,3.835,3.835,-0.49%
05/16/2008,3.854,3.854,3.854,3.854,0.89%
05/15/2008,3.82,3.82,3.82,3.82,-2.53%
05/14/2008,3.919,3.919,3.919,3.919,0.15%
05/13/2008,3.913,3.913,3.913,3.913,3.00%
05/12/2008,3.799,3.799,3.799,3.799,0.53%
05/09/2008,3.779,3.779,3.779,3.779,-0.08%
05/08/2008,3.782,3.782,3.782,3.782,-1.74%
05/07/2008,3.849,3.849,3.849,3.849,-1.86%
05/06/2008,3.922,3.922,3.922,3.922,1.27%
05/05/2008,3.873,3.873,3.873,3.873,0.36%
05/02/2008,3.859,3.859,3.859,3.859,2.39%
05/01/2008,3.769,3.769,3.769,3.769,0.94%
04/30/2008,3.734,3.734,3.734,3.734,-2.38%
04/29/2008,3.825,3.825,3.825,3.825,-0.16%
04/28/2008,3.831,3.831,3.831,3.831,-1.06%
04/25/2008,3.872,3.872,3.872,3.872,0.96%
04/24/2008,3.835,3.835,3.835,3.835,2.62%
04/23/2008,3.737,3.737,3.737,3.737,1.03%
04/22/2008,3.699,3.699,3.699,3.699,-0.86%
04/21/2008,3.731,3.731,3.731,3.731,0.62%
04/18/2008,3.708,3.708,3.708,3.708,-0.46%
04/17/2008,3.725,3.725,3.725,3.725,0.30%
04/16/2008,3.714,3.714,3.714,3.714,3.00%
04/15/2008,3.606,3.606,3.606,3.606,2.65%
04/14/2008,3.513,3.513,3.513,3.513,0.98%
04/11/2008,3.479,3.479,3.479,3.479,-1.86%
04/10/2008,3.545,3.545,3.545,3.545,1.84%
04/09/2008,3.481,3.481,3.481,3.481,-2.33%
04/08/2008,3.564,3.564,3.564,3.564,0.48%
04/07/2008,3.547,3.547,3.547,3.547,2.22%
04/04/2008,3.47,3.47,3.47,3.47,-3.45%
04/03/2008,3.594,3.594,3.594,3.594,-0.28%
04/02/2008,3.604,3.604,3.604,3.604,1.29%
04/01/2008,3.558,3.558,3.558,3.558,4.00%
03/31/2008,3.421,3.421,3.421,3.421,-0.58%
03/28/2008,3.441,3.441,3.441,3.441,-2.36%
03/27/2008,3.524,3.524,3.524,3.524,1.73%
03/26/2008,3.464,3.464,3.464,3.464,-1.39%
03/25/2008,3.513,3.513,3.513,3.513,-1.26%
03/24/2008,3.558,3.558,3.558,3.558,6.50%
03/20/2008,3.341,3.341,3.341,3.341,0.33%
03/19/2008,3.33,3.33,3.33,3.33,-4.94%
03/18/2008,3.503,3.503,3.503,3.503,6.25%
03/17/2008,3.297,3.297,3.297,3.297,-4.88%
03/14/2008,3.466,3.466,3.466,3.466,-1.70%
03/13/2008,3.526,3.526,3.526,3.526,2.50%
03/12/2008,3.44,3.44,3.44,3.44,-4.44%
03/11/2008,3.6,3.6,3.6,3.6,3.87%
03/10/2008,3.466,3.466,3.466,3.466,-2.12%
03/07/2008,3.541,3.541,3.541,3.541,-1.47%
03/06/2008,3.594,3.594,3.594,3.594,-2.36%
03/05/2008,3.681,3.681,3.681,3.681,1.40%
03/04/2008,3.63,3.63,3.63,3.63,2.14%
03/03/2008,3.554,3.554,3.554,3.554,0.99%
02/29/2008,3.519,3.519,3.519,3.519,-4.17%
02/28/2008,3.672,3.672,3.672,3.672,-4.67%
02/27/2008,3.852,3.852,3.852,3.852,-0.16%
02/26/2008,3.858,3.858,3.858,3.858,-1.33%
02/25/2008,3.91,3.91,3.91,3.91,2.76%
02/22/2008,3.805,3.805,3.805,3.805,0.50%
02/21/2008,3.786,3.786,3.786,3.786,-2.72%
02/20/2008,3.892,3.892,3.892,3.892,-0.41%
02/19/2008,3.908,3.908,3.908,3.908,3.80%
02/15/2008,3.765,3.765,3.765,3.765,-1.49%
02/14/2008,3.822,3.822,3.822,3.822,2.30%
02/13/2008,3.736,3.736,3.736,3.736,2.02%
02/12/2008,3.662,3.662,3.662,3.662,1.22%
02/11/2008,3.618,3.618,3.618,3.618,-0.88%
02/08/2008,3.65,3.65,3.65,3.65,-3.23%
02/07/2008,3.772,3.772,3.772,3.772,4.84%
02/06/2008,3.598,3.598,3.598,3.598,0.84%
02/05/2008,3.568,3.568,3.568,3.568,-2.09%
02/04/2008,3.644,3.644,3.644,3.644,1.33%
02/01/2008,3.596,3.596,3.596,3.596,-0.03%
01/31/2008,3.597,3.597,3.597,3.597,-1.37%
01/30/2008,3.647,3.647,3.647,3.647,-0.87%
01/29/2008,3.679,3.679,3.679,3.679,2.68%
01/28/2008,3.583,3.583,3.583,3.583,0.73%
01/25/2008,3.557,3.557,3.557,3.557,-3.97%
01/24/2008,3.704,3.704,3.704,3.704,2.75%
01/23/2008,3.605,3.605,3.605,3.605,5.56%
01/22/2008,3.415,3.415,3.415,3.415,-2.46%
01/21/2008,3.501,3.501,3.501,3.501,-3.74%
01/18/2008,3.637,3.637,3.637,3.637,0.19%
01/17/2008,3.63,3.63,3.63,3.63,-2.94%
01/16/2008,3.74,3.74,3.74,3.74,1.60%
01/15/2008,3.681,3.681,3.681,3.681,-2.41%
01/14/2008,3.772,3.772,3.772,3.772,-0.50%
01/11/2008,3.791,3.791,3.791,3.791,-2.52%
01/10/2008,3.889,3.889,3.889,3.889,1.67%
01/09/2008,3.825,3.825,3.825,3.825,1.19%
01/08/2008,3.78,3.78,3.78,3.78,-1.49%
01/07/2008,3.837,3.837,3.837,3.837,-0.98%
01/04/2008,3.875,3.875,3.875,3.875,-0.49%
01/03/2008,3.894,3.894,3.894,3.894,-0.28%
01/02/2008,3.905,3.905,3.905,3.905,-3.22%
12/31/2007,4.035,4.035,4.035,4.035,-1.03%
12/28/2007,4.077,4.077,4.077,4.077,-3.00%
12/27/2007,4.203,4.203,4.203,4.203,-1.91%
12/26/2007,4.285,4.285,4.285,4.285,1.68%
12/24/2007,4.214,4.214,4.214,4.214,1.01%
12/21/2007,4.172,4.172,4.172,4.172,2.91%
12/20/2007,4.054,4.054,4.054,4.054,0.50%
12/19/2007,4.034,4.034,4.034,4.034,-2.13%
12/18/2007,4.122,4.122,4.122,4.122,-0.70%
12/17/2007,4.151,4.151,4.151,4.151,-2.15%
12/14/2007,4.242,4.242,4.242,4.242,0.69%
12/13/2007,4.213,4.213,4.213,4.213,2.98%
12/12/2007,4.091,4.091,4.091,4.091,2.97%
12/11/2007,3.973,3.973,3.973,3.973,-4.54%
12/10/2007,4.162,4.162,4.162,4.162,1.29%
12/07/2007,4.109,4.109,4.109,4.109,2.29%
12/06/2007,4.017,4.017,4.017,4.017,1.57%
12/05/2007,3.955,3.955,3.955,3.955,1.36%
12/04/2007,3.902,3.902,3.902,3.902,1.30%
12/03/2007,3.852,3.852,3.852,3.852,-2.46%
11/30/2007,3.949,3.949,3.949,3.949,0.51%
11/29/2007,3.929,3.929,3.929,3.929,-2.89%
11/28/2007,4.046,4.046,4.046,4.046,2.40%
11/27/2007,3.951,3.951,3.951,3.951,2.76%
11/26/2007,3.845,3.845,3.845,3.845,-4.02%
11/23/2007,4.006,4.006,4.006,4.006,-0.15%
11/22/2007,4.012,4.012,4.012,4.012,-0.10%
11/21/2007,4.016,4.016,4.016,4.016,-1.91%
11/20/2007,4.094,4.094,4.094,4.094,0.42%
11/19/2007,4.077,4.077,4.077,4.077,-2.35%
11/16/2007,4.175,4.175,4.175,4.175,0.85%
11/15/2007,4.14,4.14,4.14,4.14,-2.68%
11/14/2007,4.254,4.254,4.254,4.254,-0.35%
11/13/2007,4.269,4.269,4.269,4.269,1.33%
11/12/2007,4.213,4.213,4.213,4.213,0.07%
11/09/2007,4.21,4.21,4.21,4.21,-1.84%
11/08/2007,4.289,4.289,4.289,4.289,-0.28%
11/07/2007,4.301,4.301,4.301,4.301,-1.80%
11/06/2007,4.38,4.38,4.38,4.38,0.97%
11/05/2007,4.338,4.338,4.338,4.338,0.46%
11/02/2007,4.318,4.318,4.318,4.318,-0.69%
11/01/2007,4.348,4.348,4.348,4.348,-2.79%
10/31/2007,4.473,4.473,4.473,4.473,1.96%
10/30/2007,4.387,4.387,4.387,4.387,0.05%
10/29/2007,4.385,4.385,4.385,4.385,-0.41%
10/26/2007,4.403,4.403,4.403,4.403,0.41%
10/25/2007,4.385,4.385,4.385,4.385,0.87%
10/24/2007,4.347,4.347,4.347,4.347,-1.50%
10/23/2007,4.413,4.413,4.413,4.413,0.00%
10/22/2007,4.413,4.413,4.413,4.413,0.36%
10/19/2007,4.397,4.397,4.397,4.397,-2.27%
10/18/2007,4.499,4.499,4.499,4.499,-1.21%
10/17/2007,4.554,4.554,4.554,4.554,-2.21%
10/16/2007,4.657,4.657,4.657,4.657,-0.51%
10/15/2007,4.681,4.681,4.681,4.681,-0.13%
10/12/2007,4.687,4.687,4.687,4.687,0.93%
10/11/2007,4.644,4.644,4.644,4.644,-0.24%
10/10/2007,4.655,4.655,4.655,4.655,0.02%
10/09/2007,4.654,4.654,4.654,4.654,0.04%
10/08/2007,4.652,4.652,4.652,4.652,0.22%
10/05/2007,4.642,4.642,4.642,4.642,2.79%
10/04/2007,4.516,4.516,4.516,4.516,-0.99%
10/03/2007,4.561,4.561,4.561,4.561,0.75%
10/02/2007,4.527,4.527,4.527,4.527,-0.48%
10/01/2007,4.549,4.549,4.549,4.549,-0.98%
09/28/2007,4.594,4.594,4.594,4.594,0.55%
09/27/2007,4.569,4.569,4.569,4.569,-1.23%
09/26/2007,4.626,4.626,4.626,4.626,-0.09%
09/25/2007,4.63,4.63,4.63,4.63,-0.17%
09/24/2007,4.638,4.638,4.638,4.638,0.22%
09/21/2007,4.628,4.628,4.628,4.628,-1.53%
09/20/2007,4.7,4.7,4.7,4.7,3.43%
09/19/2007,4.544,4.544,4.544,4.544,1.66%
09/18/2007,4.47,4.47,4.47,4.47,0.09%
09/17/2007,4.466,4.466,4.466,4.466,0.22%
09/14/2007,4.456,4.456,4.456,4.456,-0.22%
09/13/2007,4.466,4.466,4.466,4.466,1.13%
09/12/2007,4.416,4.416,4.416,4.416,0.96%
09/11/2007,4.374,4.374,4.374,4.374,1.20%
09/10/2007,4.322,4.322,4.322,4.322,-1.44%
09/07/2007,4.385,4.385,4.385,4.385,-2.97%
09/06/2007,4.519,4.519,4.519,4.519,1.21%
09/05/2007,4.465,4.465,4.465,4.465,-1.93%
09/04/2007,4.553,4.553,4.553,4.553,0.57%
08/31/2007,4.527,4.527,4.527,4.527,0.33%
08/30/2007,4.512,4.512,4.512,4.512,-1.16%
08/29/2007,4.565,4.565,4.565,4.565,1.31%
08/28/2007,4.506,4.506,4.506,4.506,-1.42%
08/27/2007,4.571,4.571,4.571,4.571,-0.93%
08/24/2007,4.614,4.614,4.614,4.614,-0.80%
08/23/2007,4.651,4.651,4.651,4.651,0.04%
08/22/2007,4.649,4.649,4.649,4.649,1.15%
08/21/2007,4.596,4.596,4.596,4.596,-0.73%
08/20/2007,4.63,4.63,4.63,4.63,-1.26%
08/17/2007,4.689,4.689,4.689,4.689,-0.28%
08/16/2007,4.702,4.702,4.702,4.702,-0.55%
08/15/2007,4.728,4.728,4.728,4.728,0.08%
08/14/2007,4.724,4.724,4.724,4.724,-0.88%
08/13/2007,4.766,4.766,4.766,4.766,-0.96%
08/10/2007,4.812,4.812,4.812,4.812,0.67%
08/09/2007,4.78,4.78,4.78,4.78,-2.11%
08/08/2007,4.883,4.883,4.883,4.883,2.11%
08/07/2007,4.782,4.782,4.782,4.782,0.91%
08/06/2007,4.739,4.739,4.739,4.739,1.30%
08/03/2007,4.678,4.678,4.678,4.678,-1.95%
08/02/2007,4.771,4.771,4.771,4.771,-0.48%
08/01/2007,4.794,4.794,4.794,4.794,1.29%
07/31/2007,4.733,4.733,4.733,4.733,-1.56%
07/30/2007,4.808,4.808,4.808,4.808,0.94%
07/27/2007,4.763,4.763,4.763,4.763,-0.89%
07/26/2007,4.806,4.806,4.806,4.806,-1.96%
07/25/2007,4.902,4.902,4.902,4.902,-0.14%
07/24/2007,4.909,4.909,4.909,4.909,-0.91%
07/23/2007,4.954,4.954,4.954,4.954,0.04%
07/20/2007,4.952,4.952,4.952,4.952,-1.35%
07/19/2007,5.02,5.02,5.02,5.02,-0.30%
07/18/2007,5.035,5.035,5.035,5.035,-0.40%
07/17/2007,5.055,5.055,5.055,5.055,0.24%
07/16/2007,5.043,5.043,5.043,5.043,-1.06%
07/13/2007,5.097,5.097,5.097,5.097,-0.64%
07/12/2007,5.13,5.13,5.13,5.13,0.79%
07/11/2007,5.09,5.09,5.09,5.09,1.21%
07/10/2007,5.029,5.029,5.029,5.029,-2.05%
07/09/2007,5.134,5.134,5.134,5.134,-1.02%
07/06/2007,5.187,5.187,5.187,5.187,0.84%
07/05/2007,5.144,5.144,5.144,5.144,1.54%
07/04/2007,5.066,5.066,5.066,5.066,0.42%
07/03/2007,5.045,5.045,5.045,5.045,1.12%
07/02/2007,4.989,4.989,4.989,4.989,-0.76%
06/29/2007,5.027,5.027,5.027,5.027,-1.62%
06/28/2007,5.11,5.11,5.11,5.11,0.45%
06/27/2007,5.087,5.087,5.087,5.087,0.06%
06/26/2007,5.084,5.084,5.084,5.084,-0.04%
06/25/2007,5.086,5.086,5.086,5.086,-0.97%
06/22/2007,5.136,5.136,5.136,5.136,-0.96%
06/21/2007,5.186,5.186,5.186,5.186,0.97%
06/20/2007,5.136,5.136,5.136,5.136,0.94%
06/19/2007,5.088,5.088,5.088,5.088,-1.01%
06/18/2007,5.14,5.14,5.14,5.14,-0.56%
06/15/2007,5.169,5.169,5.169,5.169,-1.07%
06/14/2007,5.225,5.225,5.225,5.225,0.44%
06/13/2007,5.202,5.202,5.202,5.202,-1.64%
06/12/2007,5.289,5.289,5.289,5.289,2.34%
06/11/2007,5.168,5.168,5.168,5.168,1.19%
06/08/2007,5.107,5.107,5.107,5.107,-0.66%
06/07/2007,5.141,5.141,5.141,5.141,3.48%
06/06/2007,4.968,4.968,4.968,4.968,-0.58%
06/05/2007,4.997,4.997,4.997,4.997,1.38%
06/04/2007,4.929,4.929,4.929,4.929,-0.54%
06/01/2007,4.956,4.956,4.956,4.956,1.31%
05/31/2007,4.892,4.892,4.892,4.892,0.45%
05/30/2007,4.87,4.87,4.87,4.87,-0.37%
05/29/2007,4.888,4.888,4.888,4.888,0.31%
05/28/2007,4.873,4.873,4.873,4.873,0.16%
05/25/2007,4.865,4.865,4.865,4.865,0.41%
05/24/2007,4.845,4.845,4.845,4.845,-0.08%
05/23/2007,4.849,4.849,4.849,4.849,0.35%
05/22/2007,4.832,4.832,4.832,4.832,0.92%
05/21/2007,4.788,4.788,4.788,4.788,-0.37%
05/18/2007,4.806,4.806,4.806,4.806,0.97%
05/17/2007,4.76,4.76,4.76,4.76,0.93%
05/16/2007,4.716,4.716,4.716,4.716,0.17%
05/15/2007,4.708,4.708,4.708,4.708,0.17%
05/14/2007,4.7,4.7,4.7,4.7,0.51%
05/11/2007,4.676,4.676,4.676,4.676,0.73%
05/10/2007,4.642,4.642,4.642,4.642,-0.64%
05/09/2007,4.672,4.672,4.672,4.672,0.73%
05/08/2007,4.638,4.638,4.638,4.638,0.13%
05/07/2007,4.632,4.632,4.632,4.632,-0.26%
05/04/2007,4.644,4.644,4.644,4.644,-0.81%
05/03/2007,4.682,4.682,4.682,4.682,0.69%
05/02/2007,4.65,4.65,4.65,4.65,0.17%
05/01/2007,4.642,4.642,4.642,4.642,0.30%
04/30/2007,4.628,4.628,4.628,4.628,-1.51%
04/27/2007,4.699,4.699,4.699,4.699,-0.02%
04/26/2007,4.7,4.7,4.7,4.7,0.90%
04/25/2007,4.658,4.658,4.658,4.658,0.74%
04/24/2007,4.624,4.624,4.624,4.624,-0.47%
04/23/2007,4.646,4.646,4.646,4.646,-0.60%
04/20/2007,4.674,4.674,4.674,4.674,0.09%
04/19/2007,4.67,4.67,4.67,4.67,0.30%
04/18/2007,4.656,4.656,4.656,4.656,-0.60%
04/17/2007,4.684,4.684,4.684,4.684,-1.12%
04/16/2007,4.737,4.737,4.737,4.737,-0.59%
04/13/2007,4.765,4.765,4.765,4.765,0.53%
04/12/2007,4.74,4.74,4.74,4.74,0.06%
04/11/2007,4.737,4.737,4.737,4.737,0.23%
04/10/2007,4.726,4.726,4.726,4.726,-0.53%
04/09/2007,4.751,4.751,4.751,4.751,-0.13%
04/06/2007,4.757,4.757,4.757,4.757,1.56%
04/05/2007,4.684,4.684,4.684,4.684,0.64%
04/04/2007,4.654,4.654,4.654,4.654,-0.34%
04/03/2007,4.67,4.67,4.67,4.67,0.52%
04/02/2007,4.646,4.646,4.646,4.646,-0.04%
03/30/2007,4.648,4.648,4.648,4.648,0.13%
03/29/2007,4.642,4.642,4.642,4.642,0.39%
03/28/2007,4.624,4.624,4.624,4.624,0.41%
03/27/2007,4.605,4.605,4.605,4.605,-0.04%
03/26/2007,4.607,4.607,4.607,4.607,-0.22%
03/23/2007,4.617,4.617,4.617,4.617,0.61%
03/22/2007,4.589,4.589,4.589,4.589,1.08%
03/21/2007,4.54,4.54,4.54,4.54,-0.33%
03/20/2007,4.555,4.555,4.555,4.555,-0.31%
03/19/2007,4.569,4.569,4.569,4.569,0.44%
03/16/2007,4.549,4.549,4.549,4.549,0.11%
03/15/2007,4.544,4.544,4.544,4.544,0.09%
03/14/2007,4.54,4.54,4.54,4.54,1.09%
03/13/2007,4.491,4.491,4.491,4.491,-1.49%
03/12/2007,4.559,4.559,4.559,4.559,-0.70%
03/09/2007,4.591,4.591,4.591,4.591,1.62%
03/08/2007,4.518,4.518,4.518,4.518,0.56%
03/07/2007,4.493,4.493,4.493,4.493,-0.90%
03/06/2007,4.534,4.534,4.534,4.534,0.87%
03/05/2007,4.495,4.495,4.495,4.495,-0.18%
03/02/2007,4.503,4.503,4.503,4.503,-1.12%
03/01/2007,4.554,4.554,4.554,4.554,-0.50%
02/28/2007,4.577,4.577,4.577,4.577,1.42%
02/27/2007,4.513,4.513,4.513,4.513,-2.55%
02/26/2007,4.631,4.631,4.631,4.631,-0.88%
02/23/2007,4.672,4.672,4.672,4.672,-1.31%
02/22/2007,4.734,4.734,4.734,4.734,0.85%
02/21/2007,4.694,4.694,4.694,4.694,0.30%
02/20/2007,4.68,4.68,4.68,4.68,-0.30%
02/19/2007,4.694,4.694,4.694,4.694,-0.04%
02/16/2007,4.696,4.696,4.696,4.696,-0.30%
02/15/2007,4.71,4.71,4.71,4.71,-0.67%
02/14/2007,4.742,4.742,4.742,4.742,-1.54%
02/13/2007,4.816,4.816,4.816,4.816,0.12%
02/12/2007,4.81,4.81,4.81,4.81,0.50%
02/09/2007,4.786,4.786,4.786,4.786,0.97%
02/08/2007,4.74,4.74,4.74,4.74,-0.19%
02/07/2007,4.749,4.749,4.749,4.749,-0.42%
02/06/2007,4.769,4.769,4.769,4.769,-0.85%
02/05/2007,4.81,4.81,4.81,4.81,-0.35%
02/02/2007,4.827,4.827,4.827,4.827,-0.33%
02/01/2007,4.843,4.843,4.843,4.843,0.60%
01/31/2007,4.814,4.814,4.814,4.814,-1.25%
01/30/2007,4.875,4.875,4.875,4.875,-0.39%
01/29/2007,4.894,4.894,4.894,4.894,0.35%
01/26/2007,4.877,4.877,4.877,4.877,-0.04%
01/25/2007,4.879,4.879,4.879,4.879,1.35%
01/24/2007,4.814,4.814,4.814,4.814,0.08%
01/23/2007,4.81,4.81,4.81,4.81,1.03%
01/22/2007,4.761,4.761,4.761,4.761,-0.46%
01/19/2007,4.783,4.783,4.783,4.783,0.72%
01/18/2007,4.749,4.749,4.749,4.749,-0.75%
01/17/2007,4.785,4.785,4.785,4.785,0.67%
01/16/2007,4.753,4.753,4.753,4.753,2.30%
01/15/2007,4.646,4.646,4.646,4.646,-2.86%
01/12/2007,4.783,4.783,4.783,4.783,0.93%
01/11/2007,4.739,4.739,4.739,4.739,1.04%
01/10/2007,4.69,4.69,4.69,4.69,0.60%
01/09/2007,4.662,4.662,4.662,4.662,0.09%
01/08/2007,4.658,4.658,4.658,4.658,0.22%
01/05/2007,4.648,4.648,4.648,4.648,0.87%
01/04/2007,4.608,4.608,4.608,4.608,-1.20%
01/03/2007,4.664,4.664,4.664,4.664,-0.43%
01/02/2007,4.684,4.684,4.684,4.684,-0.34%
12/29/2006,4.7,4.7,4.7,4.7,0.30%
12/28/2006,4.686,4.686,4.686,4.686,0.69%
12/27/2006,4.654,4.654,4.654,4.654,1.09%
12/26/2006,4.604,4.604,4.604,4.604,-0.52%
12/22/2006,4.628,4.628,4.628,4.628,1.74%
12/21/2006,4.549,4.549,4.549,4.549,-1.09%
12/20/2006,4.599,4.599,4.599,4.599,0.13%
12/19/2006,4.593,4.593,4.593,4.593,0.17%
12/18/2006,4.585,4.585,4.585,4.585,-0.30%
12/15/2006,4.599,4.599,4.599,4.599,-0.04%
12/14/2006,4.601,4.601,4.601,4.601,0.31%
12/13/2006,4.587,4.587,4.587,4.587,2.09%
12/12/2006,4.493,4.493,4.493,4.493,-0.64%
12/11/2006,4.522,4.522,4.522,4.522,-0.62%
12/08/2006,4.55,4.55,4.55,4.55,1.40%
12/07/2006,4.487,4.487,4.487,4.487,-0.04%
12/06/2006,4.489,4.489,4.489,4.489,0.97%
12/05/2006,4.446,4.446,4.446,4.446,0.38%
12/04/2006,4.429,4.429,4.429,4.429,-0.23%
12/01/2006,4.439,4.439,4.439,4.439,-0.52%
11/30/2006,4.462,4.462,4.462,4.462,-1.37%
11/29/2006,4.524,4.524,4.524,4.524,0.42%
11/28/2006,4.505,4.505,4.505,4.505,-0.64%
11/27/2006,4.534,4.534,4.534,4.534,-0.57%
11/24/2006,4.56,4.56,4.56,4.56,-0.04%
11/22/2006,4.562,4.562,4.562,4.562,-0.35%
11/21/2006,4.578,4.578,4.578,4.578,-0.50%
11/20/2006,4.601,4.601,4.601,4.601,-0.09%
11/17/2006,4.605,4.605,4.605,4.605,-1.43%
11/16/2006,4.672,4.672,4.672,4.672,1.02%
11/15/2006,4.625,4.625,4.625,4.625,1.25%
11/14/2006,4.568,4.568,4.568,4.568,-0.98%
11/13/2006,4.613,4.613,4.613,4.613,0.44%
11/10/2006,4.593,4.593,4.593,4.593,-0.65%
11/09/2006,4.623,4.623,4.623,4.623,-0.39%
11/08/2006,4.641,4.641,4.641,4.641,-0.56%
11/07/2006,4.667,4.667,4.667,4.667,-0.64%
11/06/2006,4.697,4.697,4.697,4.697,-0.55%
11/03/2006,4.723,4.723,4.723,4.723,2.67%
11/02/2006,4.6,4.6,4.6,4.6,0.66%
11/01/2006,4.57,4.57,4.57,4.57,-0.74%
10/31/2006,4.604,4.604,4.604,4.604,-1.52%
10/30/2006,4.675,4.675,4.675,4.675,-0.04%
10/27/2006,4.677,4.677,4.677,4.677,-0.97%
10/26/2006,4.723,4.723,4.723,4.723,-0.92%
10/25/2006,4.767,4.767,4.767,4.767,-1.22%
10/24/2006,4.826,4.826,4.826,4.826,-0.17%
10/23/2006,4.834,4.834,4.834,4.834,0.88%
10/20/2006,4.792,4.792,4.792,4.792,0.04%
10/19/2006,4.79,4.79,4.79,4.79,0.63%
10/18/2006,4.76,4.76,4.76,4.76,-0.25%
10/17/2006,4.772,4.772,4.772,4.772,-0.21%
10/16/2006,4.782,4.782,4.782,4.782,-0.42%
10/13/2006,4.802,4.802,4.802,4.802,0.54%
10/12/2006,4.776,4.776,4.776,4.776,-0.13%
10/11/2006,4.782,4.782,4.782,4.782,0.50%
10/10/2006,4.758,4.758,4.758,4.758,1.15%
10/09/2006,4.704,4.704,4.704,4.704,0.17%
10/06/2006,4.696,4.696,4.696,4.696,1.87%
10/05/2006,4.61,4.61,4.61,4.61,1.03%
10/04/2006,4.563,4.563,4.563,4.563,-1.19%
10/03/2006,4.618,4.618,4.618,4.618,0.13%
10/02/2006,4.612,4.612,4.612,4.612,-0.45%
09/29/2006,4.633,4.633,4.633,4.633,0.32%
09/28/2006,4.618,4.618,4.618,4.618,0.30%
09/27/2006,4.604,4.604,4.604,4.604,0.37%
09/26/2006,4.587,4.587,4.587,4.587,0.95%
09/25/2006,4.544,4.544,4.544,4.544,-1.02%
09/22/2006,4.591,4.591,4.591,4.591,-1.10%
09/21/2006,4.642,4.642,4.642,4.642,-1.92%
09/20/2006,4.733,4.733,4.733,4.733,-0.13%
09/19/2006,4.739,4.739,4.739,4.739,-1.48%
09/18/2006,4.81,4.81,4.81,4.81,0.29%
09/15/2006,4.796,4.796,4.796,4.796,0.06%
09/14/2006,4.793,4.793,4.793,4.793,0.59%
09/13/2006,4.765,4.765,4.765,4.765,-0.21%
09/12/2006,4.775,4.775,4.775,4.775,-0.62%
09/11/2006,4.805,4.805,4.805,4.805,0.59%
09/08/2006,4.777,4.777,4.777,4.777,-0.33%
09/07/2006,4.793,4.793,4.793,4.793,-0.13%
09/06/2006,4.799,4.799,4.799,4.799,0.29%
09/05/2006,4.785,4.785,4.785,4.785,1.29%
09/01/2006,4.724,4.724,4.724,4.724,-0.17%
08/31/2006,4.732,4.732,4.732,4.732,-0.44%
08/30/2006,4.753,4.753,4.753,4.753,-0.67%
08/29/2006,4.785,4.785,4.785,4.785,-0.17%
08/28/2006,4.793,4.793,4.793,4.793,0.17%
08/25/2006,4.785,4.785,4.785,4.785,-0.42%
08/24/2006,4.805,4.805,4.805,4.805,-0.33%
08/23/2006,4.821,4.821,4.821,4.821,0.21%
08/22/2006,4.811,4.811,4.811,4.811,-0.12%
08/21/2006,4.817,4.817,4.817,4.817,-0.62%
08/18/2006,4.847,4.847,4.847,4.847,-0.45%
08/17/2006,4.869,4.869,4.869,4.869,0.08%
08/16/2006,4.865,4.865,4.865,4.865,-1.42%
08/15/2006,4.935,4.935,4.935,4.935,-1.28%
08/14/2006,4.999,4.999,4.999,4.999,0.48%
08/11/2006,4.975,4.975,4.975,4.975,0.73%
08/10/2006,4.939,4.939,4.939,4.939,-0.04%
08/09/2006,4.941,4.941,4.941,4.941,0.32%
08/08/2006,4.925,4.925,4.925,4.925,0.04%
08/07/2006,4.923,4.923,4.923,4.923,0.49%
08/04/2006,4.899,4.899,4.899,4.899,-1.29%
08/03/2006,4.963,4.963,4.963,4.963,-0.04%
08/02/2006,4.965,4.965,4.965,4.965,-0.32%
08/01/2006,4.981,4.981,4.981,4.981,-0.14%
07/31/2006,4.988,4.988,4.988,4.988,-0.12%
07/28/2006,4.994,4.994,4.994,4.994,-0.91%
07/27/2006,5.04,5.04,5.04,5.04,0.04%
07/26/2006,5.038,5.038,5.038,5.038,-0.61%
07/25/2006,5.069,5.069,5.069,5.069,0.40%
07/24/2006,5.049,5.049,5.049,5.049,0.00%
07/21/2006,5.049,5.049,5.049,5.049,0.38%
07/20/2006,5.03,5.03,5.03,5.03,-0.49%
07/19/2006,5.055,5.055,5.055,5.055,-1.58%
07/18/2006,5.136,5.136,5.136,5.136,1.32%
07/17/2006,5.069,5.069,5.069,5.069,0.04%
07/14/2006,5.067,5.067,5.067,5.067,0.00%
07/13/2006,5.067,5.067,5.067,5.067,-0.76%
07/12/2006,5.106,5.106,5.106,5.106,-0.04%
07/11/2006,5.108,5.108,5.108,5.108,-0.43%
07/10/2006,5.13,5.13,5.13,5.13,-0.04%
07/07/2006,5.132,5.132,5.132,5.132,-0.98%
07/06/2006,5.183,5.183,5.183,5.183,-0.84%
07/05/2006,5.227,5.227,5.227,5.227,1.63%
07/04/2006,5.143,5.143,5.143,5.143,-0.23%
07/03/2006,5.155,5.155,5.155,5.155,0.19%
06/30/2006,5.145,5.145,5.145,5.145,-1.06%
06/29/2006,5.2,5.2,5.2,5.2,-1.01%
06/28/2006,5.253,5.253,5.253,5.253,0.86%
06/27/2006,5.208,5.208,5.208,5.208,-0.59%
06/26/2006,5.239,5.239,5.239,5.239,0.21%
06/23/2006,5.228,5.228,5.228,5.228,0.27%
06/22/2006,5.214,5.214,5.214,5.214,1.07%
06/21/2006,5.159,5.159,5.159,5.159,0.04%
06/20/2006,5.157,5.157,5.157,5.157,0.35%
06/19/2006,5.139,5.139,5.139,5.139,0.08%
06/16/2006,5.135,5.135,5.135,5.135,0.69%
06/15/2006,5.1,5.1,5.1,5.1,0.59%
06/14/2006,5.07,5.07,5.07,5.07,2.03%
06/13/2006,4.969,4.969,4.969,4.969,-0.28%
06/12/2006,4.983,4.983,4.983,4.983,0.12%
06/09/2006,4.977,4.977,4.977,4.977,-0.46%
06/08/2006,5,5,5,5,-0.48%
06/07/2006,5.024,5.024,5.024,5.024,0.40%
06/06/2006,5.004,5.004,5.004,5.004,-0.44%
06/05/2006,5.026,5.026,5.026,5.026,0.64%
06/02/2006,4.994,4.994,4.994,4.994,-2.16%
06/01/2006,5.104,5.104,5.104,5.104,-0.37%
05/31/2006,5.123,5.123,5.123,5.123,0.89%
05/30/2006,5.078,5.078,5.078,5.078,0.32%
05/29/2006,5.062,5.062,5.062,5.062,0.12%
05/26/2006,5.056,5.056,5.056,5.056,-0.39%
05/25/2006,5.076,5.076,5.076,5.076,0.67%
05/24/2006,5.042,5.042,5.042,5.042,0.52%
05/23/2006,5.016,5.016,5.016,5.016,-0.56%
05/22/2006,5.044,5.044,5.044,5.044,-0.39%
05/19/2006,5.064,5.064,5.064,5.064,0.02%
05/18/2006,5.063,5.063,5.063,5.063,-1.71%
05/17/2006,5.151,5.151,5.151,5.151,0.94%
05/16/2006,5.103,5.103,5.103,5.103,-1.12%
05/15/2006,5.161,5.161,5.161,5.161,-0.75%
05/12/2006,5.2,5.2,5.2,5.2,0.74%
05/11/2006,5.162,5.162,5.162,5.162,0.62%
05/10/2006,5.13,5.13,5.13,5.13,0.00%
05/09/2006,5.13,5.13,5.13,5.13,0.21%
05/08/2006,5.119,5.119,5.119,5.119,0.25%
05/05/2006,5.106,5.106,5.106,5.106,-1.07%
05/04/2006,5.161,5.161,5.161,5.161,0.25%
05/03/2006,5.148,5.148,5.148,5.148,0.66%
05/02/2006,5.114,5.114,5.114,5.114,-0.56%
05/01/2006,5.143,5.143,5.143,5.143,1.70%
04/28/2006,5.057,5.057,5.057,5.057,-0.32%
04/27/2006,5.073,5.073,5.073,5.073,-0.74%
04/26/2006,5.111,5.111,5.111,5.111,0.75%
04/25/2006,5.073,5.073,5.073,5.073,1.77%
04/24/2006,4.985,4.985,4.985,4.985,-0.62%
04/21/2006,5.016,5.016,5.016,5.016,-0.61%
04/20/2006,5.047,5.047,5.047,5.047,0.38%
04/19/2006,5.028,5.028,5.028,5.028,0.82%
04/18/2006,4.987,4.987,4.987,4.987,-0.44%
04/17/2006,5.009,5.009,5.009,5.009,-0.87%
04/13/2006,5.053,5.053,5.053,5.053,1.43%
04/12/2006,4.982,4.982,4.982,4.982,1.18%
04/11/2006,4.924,4.924,4.924,4.924,-0.67%
04/10/2006,4.957,4.957,4.957,4.957,-0.58%
04/07/2006,4.986,4.986,4.986,4.986,1.73%
04/06/2006,4.901,4.901,4.901,4.901,1.11%
04/05/2006,4.847,4.847,4.847,4.847,-0.43%
04/04/2006,4.868,4.868,4.868,4.868,0.04%
04/03/2006,4.866,4.866,4.866,4.866,0.27%
03/31/2006,4.853,4.853,4.853,4.853,-0.16%
03/30/2006,4.861,4.861,4.861,4.861,1.10%
03/29/2006,4.808,4.808,4.808,4.808,0.29%
03/28/2006,4.794,4.794,4.794,4.794,1.81%
03/27/2006,4.709,4.709,4.709,4.709,0.73%
03/24/2006,4.675,4.675,4.675,4.675,-1.31%
03/23/2006,4.737,4.737,4.737,4.737,0.68%
03/22/2006,4.705,4.705,4.705,4.705,-0.42%
03/21/2006,4.725,4.725,4.725,4.725,1.35%
03/20/2006,4.662,4.662,4.662,4.662,-0.30%
03/17/2006,4.676,4.676,4.676,4.676,0.60%
03/16/2006,4.648,4.648,4.648,4.648,-1.75%
03/15/2006,4.731,4.731,4.731,4.731,0.70%
03/14/2006,4.698,4.698,4.698,4.698,-1.57%
03/13/2006,4.773,4.773,4.773,4.773,0.21%
03/10/2006,4.763,4.763,4.763,4.763,0.70%
03/09/2006,4.73,4.73,4.73,4.73,-0.04%
03/08/2006,4.732,4.732,4.732,4.732,0.08%
03/07/2006,4.728,4.728,4.728,4.728,-0.55%
03/06/2006,4.754,4.754,4.754,4.754,1.49%
03/03/2006,4.684,4.684,4.684,4.684,1.12%
03/02/2006,4.632,4.632,4.632,4.632,0.94%
03/01/2006,4.589,4.589,4.589,4.589,0.70%
02/28/2006,4.557,4.557,4.557,4.557,-0.81%
02/27/2006,4.594,4.594,4.594,4.594,0.37%
02/24/2006,4.577,4.577,4.577,4.577,0.31%
02/23/2006,4.563,4.563,4.563,4.563,0.80%
02/22/2006,4.527,4.527,4.527,4.527,-0.96%
02/21/2006,4.571,4.571,4.571,4.571,0.57%
02/20/2006,4.545,4.545,4.545,4.545,0.13%
02/17/2006,4.539,4.539,4.539,4.539,-1.07%
02/16/2006,4.588,4.588,4.588,4.588,-0.26%
02/15/2006,4.6,4.6,4.6,4.6,-0.26%
02/14/2006,4.612,4.612,4.612,4.612,0.59%
02/13/2006,4.585,4.585,4.585,4.585,-0.11%
02/10/2006,4.59,4.59,4.59,4.59,0.90%
02/09/2006,4.549,4.549,4.549,4.549,-0.91%
02/08/2006,4.591,4.591,4.591,4.591,0.44%
02/07/2006,4.571,4.571,4.571,4.571,0.53%
02/06/2006,4.547,4.547,4.547,4.547,0.40%
02/03/2006,4.529,4.529,4.529,4.529,-0.75%
02/02/2006,4.563,4.563,4.563,4.563,0.04%
02/01/2006,4.561,4.561,4.561,4.561,0.93%
01/31/2006,4.519,4.519,4.519,4.519,-0.26%
01/30/2006,4.531,4.531,4.531,4.531,0.35%
01/27/2006,4.515,4.515,4.515,4.515,-0.22%
01/26/2006,4.525,4.525,4.525,4.525,0.98%
01/25/2006,4.481,4.481,4.481,4.481,1.98%
01/24/2006,4.394,4.394,4.394,4.394,0.76%
01/23/2006,4.361,4.361,4.361,4.361,0.14%
01/20/2006,4.355,4.355,4.355,4.355,-0.50%
01/19/2006,4.377,4.377,4.377,4.377,0.90%
01/18/2006,4.338,4.338,4.338,4.338,0.18%
01/17/2006,4.33,4.33,4.33,4.33,-0.85%
01/16/2006,4.367,4.367,4.367,4.367,0.23%
01/13/2006,4.357,4.357,4.357,4.357,-1.16%
01/12/2006,4.408,4.408,4.408,4.408,-1.12%
01/11/2006,4.458,4.458,4.458,4.458,0.63%
01/10/2006,4.43,4.43,4.43,4.43,1.30%
01/09/2006,4.373,4.373,4.373,4.373,-0.23%
01/06/2006,4.383,4.383,4.383,4.383,0.57%
01/05/2006,4.358,4.358,4.358,4.358,0.23%
01/04/2006,4.348,4.348,4.348,4.348,-0.50%
01/03/2006,4.37,4.37,4.37,4.37,-0.57%
12/30/2005,4.395,4.395,4.395,4.395,0.80%
12/29/2005,4.36,4.36,4.36,4.36,-0.46%
12/28/2005,4.38,4.38,4.38,4.38,0.83%
12/27/2005,4.344,4.344,4.344,4.344,-0.73%
12/23/2005,4.376,4.376,4.376,4.376,-1.33%
12/22/2005,4.435,4.435,4.435,4.435,-1.36%
12/21/2005,4.496,4.496,4.496,4.496,0.67%
12/20/2005,4.466,4.466,4.466,4.466,0.45%
12/19/2005,4.446,4.446,4.446,4.446,0.16%
12/16/2005,4.439,4.439,4.439,4.439,-0.52%
12/15/2005,4.462,4.462,4.462,4.462,-0.04%
12/14/2005,4.464,4.464,4.464,4.464,-1.35%
12/13/2005,4.525,4.525,4.525,4.525,-0.61%
12/12/2005,4.553,4.553,4.553,4.553,0.44%
12/09/2005,4.533,4.533,4.533,4.533,1.45%
12/08/2005,4.468,4.468,4.468,4.468,-1.08%
12/07/2005,4.517,4.517,4.517,4.517,0.65%
12/06/2005,4.488,4.488,4.488,4.488,-1.90%
12/05/2005,4.575,4.575,4.575,4.575,1.33%
12/02/2005,4.515,4.515,4.515,4.515,-0.09%
12/01/2005,4.519,4.519,4.519,4.519,0.65%
11/30/2005,4.49,4.49,4.49,4.49,0.18%
11/29/2005,4.482,4.482,4.482,4.482,1.63%
11/28/2005,4.41,4.41,4.41,4.41,-0.56%
11/25/2005,4.435,4.435,4.435,4.435,-0.96%
11/23/2005,4.478,4.478,4.478,4.478,1.06%
11/22/2005,4.431,4.431,4.431,4.431,-0.72%
11/21/2005,4.463,4.463,4.463,4.463,-0.73%
11/18/2005,4.496,4.496,4.496,4.496,0.69%
11/17/2005,4.465,4.465,4.465,4.465,-0.29%
11/16/2005,4.478,4.478,4.478,4.478,-1.86%
11/15/2005,4.563,4.563,4.563,4.563,-1.02%
11/14/2005,4.61,4.61,4.61,4.61,0.68%
11/11/2005,4.579,4.579,4.579,4.579,0.37%
11/10/2005,4.562,4.562,4.562,4.562,-1.79%
11/09/2005,4.645,4.645,4.645,4.645,1.89%
11/08/2005,4.559,4.559,4.559,4.559,-1.49%
11/07/2005,4.628,4.628,4.628,4.628,-0.75%
11/04/2005,4.663,4.663,4.663,4.663,0.21%
11/03/2005,4.653,4.653,4.653,4.653,0.93%
11/02/2005,4.61,4.61,4.61,4.61,0.90%
11/01/2005,4.569,4.569,4.569,4.569,0.26%
10/31/2005,4.557,4.557,4.557,4.557,-0.26%
10/28/2005,4.569,4.569,4.569,4.569,0.33%
10/27/2005,4.554,4.554,4.554,4.554,-0.76%
10/26/2005,4.589,4.589,4.589,4.589,1.08%
10/25/2005,4.54,4.54,4.54,4.54,2.07%
10/24/2005,4.448,4.448,4.448,4.448,1.28%
10/21/2005,4.392,4.392,4.392,4.392,-0.97%
10/20/2005,4.435,4.435,4.435,4.435,-0.76%
10/19/2005,4.469,4.469,4.469,4.469,-0.18%
10/18/2005,4.477,4.477,4.477,4.477,-0.49%
10/17/2005,4.499,4.499,4.499,4.499,0.40%
10/14/2005,4.481,4.481,4.481,4.481,0.31%
10/13/2005,4.467,4.467,4.467,4.467,0.49%
10/12/2005,4.445,4.445,4.445,4.445,1.14%
10/11/2005,4.395,4.395,4.395,4.395,0.76%
10/10/2005,4.362,4.362,4.362,4.362,0.00%
10/07/2005,4.362,4.362,4.362,4.362,-0.75%
10/06/2005,4.395,4.395,4.395,4.395,1.13%
10/05/2005,4.346,4.346,4.346,4.346,-0.57%
10/04/2005,4.371,4.371,4.371,4.371,-0.36%
10/03/2005,4.387,4.387,4.387,4.387,1.27%
09/30/2005,4.332,4.332,4.332,4.332,0.65%
09/29/2005,4.304,4.304,4.304,4.304,1.06%
09/28/2005,4.259,4.259,4.259,4.259,-0.61%
09/27/2005,4.285,4.285,4.285,4.285,-0.26%
09/26/2005,4.296,4.296,4.296,4.296,1.06%
09/23/2005,4.251,4.251,4.251,4.251,1.53%
09/22/2005,4.187,4.187,4.187,4.187,0.41%
09/21/2005,4.17,4.17,4.17,4.17,-1.74%
09/20/2005,4.244,4.244,4.244,4.244,-0.21%
09/19/2005,4.253,4.253,4.253,4.253,-0.61%
09/16/2005,4.279,4.279,4.279,4.279,1.47%
09/15/2005,4.217,4.217,4.217,4.217,1.13%
09/14/2005,4.17,4.17,4.17,4.17,0.90%
09/13/2005,4.133,4.133,4.133,4.133,-1.03%
09/12/2005,4.176,4.176,4.176,4.176,1.26%
09/09/2005,4.124,4.124,4.124,4.124,-0.55%
09/08/2005,4.147,4.147,4.147,4.147,0.14%
09/07/2005,4.141,4.141,4.141,4.141,0.98%
09/06/2005,4.101,4.101,4.101,4.101,1.41%
09/02/2005,4.044,4.044,4.044,4.044,0.22%
09/01/2005,4.035,4.035,4.035,4.035,0.52%
08/31/2005,4.014,4.014,4.014,4.014,-1.95%
08/30/2005,4.094,4.094,4.094,4.094,-1.92%
08/29/2005,4.174,4.174,4.174,4.174,-0.43%
08/26/2005,4.192,4.192,4.192,4.192,0.75%
08/25/2005,4.161,4.161,4.161,4.161,-0.24%
08/24/2005,4.171,4.171,4.171,4.171,-0.31%
08/23/2005,4.184,4.184,4.184,4.184,-0.64%
08/22/2005,4.211,4.211,4.211,4.211,0.00%
08/19/2005,4.211,4.211,4.211,4.211,0.12%
08/18/2005,4.206,4.206,4.206,4.206,-1.57%
08/17/2005,4.273,4.273,4.273,4.273,1.42%
08/16/2005,4.213,4.213,4.213,4.213,-1.73%
08/15/2005,4.287,4.287,4.287,4.287,0.87%
08/12/2005,4.25,4.25,4.25,4.25,-1.80%
08/11/2005,4.328,4.328,4.328,4.328,-1.55%
08/10/2005,4.396,4.396,4.396,4.396,0.09%
08/09/2005,4.392,4.392,4.392,4.392,-0.77%
08/08/2005,4.426,4.426,4.426,4.426,0.77%
08/05/2005,4.392,4.392,4.392,4.392,1.76%
08/04/2005,4.316,4.316,4.316,4.316,0.47%
08/03/2005,4.296,4.296,4.296,4.296,-1.01%
08/02/2005,4.34,4.34,4.34,4.34,0.56%
08/01/2005,4.316,4.316,4.316,4.316,0.79%
07/29/2005,4.282,4.282,4.282,4.282,2.12%
07/28/2005,4.193,4.193,4.193,4.193,-1.62%
07/27/2005,4.262,4.262,4.262,4.262,0.80%
07/26/2005,4.228,4.228,4.228,4.228,-0.52%
07/25/2005,4.25,4.25,4.25,4.25,0.66%
07/22/2005,4.222,4.222,4.222,4.222,-1.40%
07/21/2005,4.282,4.282,4.282,4.282,2.93%
07/20/2005,4.16,4.16,4.16,4.16,-0.60%
07/19/2005,4.185,4.185,4.185,4.185,-0.97%
07/18/2005,4.226,4.226,4.226,4.226,1.32%
07/15/2005,4.171,4.171,4.171,4.171,-0.24%
07/14/2005,4.181,4.181,4.181,4.181,0.46%
07/13/2005,4.162,4.162,4.162,4.162,0.34%
07/12/2005,4.148,4.148,4.148,4.148,1.20%
07/11/2005,4.099,4.099,4.099,4.099,0.00%
07/08/2005,4.099,4.099,4.099,4.099,0.76%
07/07/2005,4.068,4.068,4.068,4.068,-0.15%
07/06/2005,4.074,4.074,4.074,4.074,-0.90%
07/05/2005,4.111,4.111,4.111,4.111,1.38%
07/01/2005,4.055,4.055,4.055,4.055,3.42%
06/30/2005,3.921,3.921,3.921,3.921,-1.68%
06/29/2005,3.988,3.988,3.988,3.988,0.35%
06/28/2005,3.974,3.974,3.974,3.974,1.71%
06/27/2005,3.907,3.907,3.907,3.907,-0.46%
06/24/2005,3.925,3.925,3.925,3.925,-0.81%
06/23/2005,3.957,3.957,3.957,3.957,0.28%
06/22/2005,3.946,3.946,3.946,3.946,-2.50%
06/21/2005,4.047,4.047,4.047,4.047,-1.70%
06/20/2005,4.117,4.117,4.117,4.117,1.01%
06/17/2005,4.076,4.076,4.076,4.076,0.12%
06/16/2005,4.071,4.071,4.071,4.071,-0.97%
06/15/2005,4.111,4.111,4.111,4.111,-0.05%
06/14/2005,4.113,4.113,4.113,4.113,0.46%
06/13/2005,4.094,4.094,4.094,4.094,0.96%
06/10/2005,4.055,4.055,4.055,4.055,2.61%
06/09/2005,3.952,3.952,3.952,3.952,0.33%
06/08/2005,3.939,3.939,3.939,3.939,0.82%
06/07/2005,3.907,3.907,3.907,3.907,-1.24%
06/06/2005,3.956,3.956,3.956,3.956,-0.63%
06/03/2005,3.981,3.981,3.981,3.981,1.74%
06/02/2005,3.913,3.913,3.913,3.913,0.59%
06/01/2005,3.89,3.89,3.89,3.89,-2.43%
05/31/2005,3.987,3.987,3.987,3.987,-2.06%
05/27/2005,4.071,4.071,4.071,4.071,-0.32%
05/26/2005,4.084,4.084,4.084,4.084,-0.15%
05/25/2005,4.09,4.09,4.09,4.09,1.46%
05/24/2005,4.031,4.031,4.031,4.031,-0.76%
05/23/2005,4.062,4.062,4.062,4.062,-1.57%
05/20/2005,4.127,4.127,4.127,4.127,0.19%
05/19/2005,4.119,4.119,4.119,4.119,0.61%
05/18/2005,4.094,4.094,4.094,4.094,-0.66%
05/17/2005,4.121,4.121,4.121,4.121,-0.34%
05/16/2005,4.135,4.135,4.135,4.135,0.34%
05/13/2005,4.121,4.121,4.121,4.121,-1.32%
05/12/2005,4.176,4.176,4.176,4.176,-0.71%
05/11/2005,4.206,4.206,4.206,4.206,0.05%
05/10/2005,4.204,4.204,4.204,4.204,-1.96%
05/09/2005,4.288,4.288,4.288,4.288,0.56%
05/06/2005,4.264,4.264,4.264,4.264,2.55%
05/05/2005,4.158,4.158,4.158,4.158,-0.81%
05/04/2005,4.192,4.192,4.192,4.192,0.53%
05/03/2005,4.17,4.17,4.17,4.17,-0.57%
05/02/2005,4.194,4.194,4.194,4.194,-0.14%
04/29/2005,4.2,4.2,4.2,4.2,1.25%
04/28/2005,4.148,4.148,4.148,4.148,-1.92%
04/27/2005,4.229,4.229,4.229,4.229,-0.98%
04/26/2005,4.271,4.271,4.271,4.271,0.38%
04/25/2005,4.255,4.255,4.255,4.255,0.09%
04/22/2005,4.251,4.251,4.251,4.251,-1.19%
04/21/2005,4.302,4.302,4.302,4.302,2.65%
04/20/2005,4.191,4.191,4.191,4.191,-0.62%
04/19/2005,4.217,4.217,4.217,4.217,-1.33%
04/18/2005,4.274,4.274,4.274,4.274,0.64%
04/15/2005,4.247,4.247,4.247,4.247,-1.55%
04/14/2005,4.314,4.314,4.314,4.314,-1.19%
04/13/2005,4.366,4.366,4.366,4.366,0.18%
04/12/2005,4.358,4.358,4.358,4.358,-1.80%
04/11/2005,4.438,4.438,4.438,4.438,-0.80%
04/08/2005,4.474,4.474,4.474,4.474,-0.31%
04/07/2005,4.488,4.488,4.488,4.488,1.40%
04/06/2005,4.426,4.426,4.426,4.426,-1.03%
04/05/2005,4.472,4.472,4.472,4.472,0.22%
04/04/2005,4.462,4.462,4.462,4.462,0.25%
04/01/2005,4.451,4.451,4.451,4.451,-0.82%
03/31/2005,4.488,4.488,4.488,4.488,-1.41%
03/30/2005,4.552,4.552,4.552,4.552,-0.63%
03/29/2005,4.581,4.581,4.581,4.581,-1.36%
03/28/2005,4.644,4.644,4.644,4.644,0.98%
03/24/2005,4.599,4.599,4.599,4.599,0.24%
03/23/2005,4.588,4.588,4.588,4.588,-1.27%
03/22/2005,4.647,4.647,4.647,4.647,2.65%
03/21/2005,4.527,4.527,4.527,4.527,0.35%
03/18/2005,4.511,4.511,4.511,4.511,0.96%
03/17/2005,4.468,4.468,4.468,4.468,-0.89%
03/16/2005,4.508,4.508,4.508,4.508,-0.94%
03/15/2005,4.551,4.551,4.551,4.551,0.82%
03/14/2005,4.514,4.514,4.514,4.514,-0.70%
03/11/2005,4.546,4.546,4.546,4.546,1.72%
03/10/2005,4.469,4.469,4.469,4.469,-1.30%
03/09/2005,4.528,4.528,4.528,4.528,2.98%
03/08/2005,4.397,4.397,4.397,4.397,1.92%
03/07/2005,4.314,4.314,4.314,4.314,-0.02%
03/04/2005,4.315,4.315,4.315,4.315,-1.55%
03/03/2005,4.383,4.383,4.383,4.383,0.05%
03/02/2005,4.381,4.381,4.381,4.381,0.23%
03/01/2005,4.371,4.371,4.371,4.371,-0.23%
02/28/2005,4.381,4.381,4.381,4.381,2.60%
02/25/2005,4.27,4.27,4.27,4.27,-0.44%
02/24/2005,4.289,4.289,4.289,4.289,0.42%
02/23/2005,4.271,4.271,4.271,4.271,-0.47%
02/22/2005,4.291,4.291,4.291,4.291,0.63%
02/18/2005,4.264,4.264,4.264,4.264,1.89%
02/17/2005,4.185,4.185,4.185,4.185,0.60%
02/16/2005,4.16,4.16,4.16,4.16,1.41%
02/15/2005,4.102,4.102,4.102,4.102,0.61%
02/14/2005,4.077,4.077,4.077,4.077,-0.37%
02/11/2005,4.092,4.092,4.092,4.092,0.02%
02/10/2005,4.091,4.091,4.091,4.091,2.63%
02/09/2005,3.986,3.986,3.986,3.986,-0.92%
02/08/2005,4.023,4.023,4.023,4.023,-0.81%
02/07/2005,4.056,4.056,4.056,4.056,-0.66%
02/04/2005,4.083,4.083,4.083,4.083,-2.06%
02/03/2005,4.169,4.169,4.169,4.169,0.58%
02/02/2005,4.145,4.145,4.145,4.145,0.02%
02/01/2005,4.144,4.144,4.144,4.144,0.29%
01/31/2005,4.132,4.132,4.132,4.132,-0.34%
01/28/2005,4.146,4.146,4.146,4.146,-1.94%
01/27/2005,4.228,4.228,4.228,4.228,0.67%
01/26/2005,4.2,4.2,4.2,4.2,0.00%
01/25/2005,4.2,4.2,4.2,4.2,1.84%
01/24/2005,4.124,4.124,4.124,4.124,-0.48%
01/21/2005,4.144,4.144,4.144,4.144,-0.65%
01/20/2005,4.171,4.171,4.171,4.171,-0.10%
01/19/2005,4.175,4.175,4.175,4.175,-0.43%
01/18/2005,4.193,4.193,4.193,4.193,-0.64%
01/14/2005,4.22,4.22,4.22,4.22,1.27%
01/13/2005,4.167,4.167,4.167,4.167,-1.68%
01/12/2005,4.238,4.238,4.238,4.238,-0.14%
01/11/2005,4.244,4.244,4.244,4.244,-0.68%
01/10/2005,4.273,4.273,4.273,4.273,-0.05%
01/07/2005,4.275,4.275,4.275,4.275,0.28%
01/06/2005,4.263,4.263,4.263,4.263,-0.56%
01/05/2005,4.287,4.287,4.287,4.287,-0.19%
01/04/2005,4.295,4.295,4.295,4.295,1.87%
01/03/2005,4.216,4.216,4.216,4.216,-0.14%
12/31/2004,4.222,4.222,4.222,4.222,-0.87%
12/30/2004,4.259,4.259,4.259,4.259,-1.50%
12/29/2004,4.324,4.324,4.324,4.324,0.65%
12/28/2004,4.296,4.296,4.296,4.296,-0.14%
12/27/2004,4.302,4.302,4.302,4.302,1.99%
12/23/2004,4.218,4.218,4.218,4.218,0.40%
12/22/2004,4.201,4.201,4.201,4.201,0.79%
12/21/2004,4.168,4.168,4.168,4.168,-0.41%
12/20/2004,4.185,4.185,4.185,4.185,-0.43%
12/17/2004,4.203,4.203,4.203,4.203,0.38%
12/16/2004,4.187,4.187,4.187,4.187,2.67%
12/15/2004,4.078,4.078,4.078,4.078,-1.21%
12/14/2004,4.128,4.128,4.128,4.128,-0.60%
12/13/2004,4.153,4.153,4.153,4.153,-0.05%
12/10/2004,4.155,4.155,4.155,4.155,-0.50%
12/09/2004,4.176,4.176,4.176,4.176,1.36%
12/08/2004,4.12,4.12,4.12,4.12,-2.51%
12/07/2004,4.226,4.226,4.226,4.226,-0.05%
12/06/2004,4.228,4.228,4.228,4.228,-0.66%
12/03/2004,4.256,4.256,4.256,4.256,-3.62%
12/02/2004,4.416,4.416,4.416,4.416,1.08%
12/01/2004,4.369,4.369,4.369,4.369,0.32%
11/30/2004,4.355,4.355,4.355,4.355,0.76%
11/29/2004,4.322,4.322,4.322,4.322,2.08%
11/26/2004,4.234,4.234,4.234,4.234,0.74%
11/24/2004,4.203,4.203,4.203,4.203,0.36%
11/23/2004,4.188,4.188,4.188,4.188,0.10%
11/22/2004,4.184,4.184,4.184,4.184,-0.50%
11/19/2004,4.205,4.205,4.205,4.205,2.14%
11/18/2004,4.117,4.117,4.117,4.117,-0.29%
11/17/2004,4.129,4.129,4.129,4.129,-1.90%
11/16/2004,4.209,4.209,4.209,4.209,0.41%
11/15/2004,4.192,4.192,4.192,4.192,0.14%
11/12/2004,4.186,4.186,4.186,4.186,-1.53%
11/11/2004,4.251,4.251,4.251,4.251,0.09%
11/10/2004,4.247,4.247,4.247,4.247,0.40%
11/09/2004,4.23,4.23,4.23,4.23,0.19%
11/08/2004,4.222,4.222,4.222,4.222,1.08%
11/05/2004,4.177,4.177,4.177,4.177,2.45%
11/04/2004,4.077,4.077,4.077,4.077,-0.05%
11/03/2004,4.079,4.079,4.079,4.079,0.62%
11/02/2004,4.054,4.054,4.054,4.054,-0.44%
11/01/2004,4.072,4.072,4.072,4.072,1.07%
10/29/2004,4.029,4.029,4.029,4.029,-0.62%
10/28/2004,4.054,4.054,4.054,4.054,-0.76%
10/27/2004,4.085,4.085,4.085,4.085,2.10%
10/26/2004,4.001,4.001,4.001,4.001,0.63%
10/25/2004,3.976,3.976,3.976,3.976,-0.05%
10/22/2004,3.978,3.978,3.978,3.978,-0.72%
10/21/2004,4.007,4.007,4.007,4.007,0.58%
10/20/2004,3.984,3.984,3.984,3.984,-1.29%
10/19/2004,4.036,4.036,4.036,4.036,-0.22%
10/18/2004,4.045,4.045,4.045,4.045,-0.44%
10/15/2004,4.063,4.063,4.063,4.063,0.97%
10/14/2004,4.024,4.024,4.024,4.024,-0.86%
10/13/2004,4.059,4.059,4.059,4.059,-1.07%
10/12/2004,4.103,4.103,4.103,4.103,-0.85%
10/11/2004,4.138,4.138,4.138,4.138,0.22%
10/08/2004,4.129,4.129,4.129,4.129,-2.76%
10/07/2004,4.246,4.246,4.246,4.246,0.47%
10/06/2004,4.226,4.226,4.226,4.226,1.27%
10/05/2004,4.173,4.173,4.173,4.173,0.17%
10/04/2004,4.166,4.166,4.166,4.166,-0.55%
10/01/2004,4.189,4.189,4.189,4.189,1.60%
09/30/2004,4.123,4.123,4.123,4.123,0.81%
09/29/2004,4.09,4.09,4.09,4.09,2.10%
09/28/2004,4.006,4.006,4.006,4.006,0.28%
09/27/2004,3.995,3.995,3.995,3.995,-0.94%
09/24/2004,4.033,4.033,4.033,4.033,0.27%
09/23/2004,4.022,4.022,4.022,4.022,0.95%
09/22/2004,3.984,3.984,3.984,3.984,-1.56%
09/21/2004,4.047,4.047,4.047,4.047,-0.32%
09/20/2004,4.06,4.06,4.06,4.06,-1.26%
09/17/2004,4.112,4.112,4.112,4.112,0.83%
09/16/2004,4.078,4.078,4.078,4.078,-2.11%
09/15/2004,4.166,4.166,4.166,4.166,0.92%
09/14/2004,4.128,4.128,4.128,4.128,-0.31%
09/13/2004,4.141,4.141,4.141,4.141,-1.15%
09/10/2004,4.189,4.189,4.189,4.189,-0.19%
09/09/2004,4.197,4.197,4.197,4.197,0.79%
09/08/2004,4.164,4.164,4.164,4.164,-1.79%
09/07/2004,4.24,4.24,4.24,4.24,-1.23%
09/06/2004,4.293,4.293,4.293,4.293,0.09%
09/03/2004,4.289,4.289,4.289,4.289,1.71%
09/02/2004,4.217,4.217,4.217,4.217,2.43%
09/01/2004,4.117,4.117,4.117,4.117,-2.90%
08/31/2004,4.24,4.24,4.24,4.24,0.21%
08/30/2004,4.231,4.231,4.231,4.231,0.93%
08/27/2004,4.192,4.192,4.192,4.192,-1.67%
08/26/2004,4.263,4.263,4.263,4.263,0.73%
08/25/2004,4.232,4.232,4.232,4.232,-0.61%
08/24/2004,4.258,4.258,4.258,4.258,-0.49%
08/23/2004,4.279,4.279,4.279,4.279,-0.28%
08/20/2004,4.291,4.291,4.291,4.291,0.63%
08/19/2004,4.264,4.264,4.264,4.264,0.78%
08/18/2004,4.231,4.231,4.231,4.231,0.93%
08/17/2004,4.192,4.192,4.192,4.192,-1.67%
08/16/2004,4.263,4.263,4.263,4.263,0.73%
08/13/2004,4.232,4.232,4.232,4.232,-0.61%
08/12/2004,4.258,4.258,4.258,4.258,-0.49%
08/11/2004,4.279,4.279,4.279,4.279,-0.28%
08/10/2004,4.291,4.291,4.291,4.291,0.63%
08/09/2004,4.264,4.264,4.264,4.264,0.88%
08/06/2004,4.227,4.227,4.227,4.227,-4.02%
08/05/2004,4.404,4.404,4.404,4.404,-0.43%
08/04/2004,4.423,4.423,4.423,4.423,-0.14%
08/03/2004,4.429,4.429,4.429,4.429,-0.54%
08/02/2004,4.453,4.453,4.453,4.453,-0.85%
07/30/2004,4.491,4.491,4.491,4.491,-1.92%
07/29/2004,4.579,4.579,4.579,4.579,-0.22%
07/28/2004,4.589,4.589,4.589,4.589,-0.65%
07/27/2004,4.619,4.619,4.619,4.619,2.90%
07/26/2004,4.489,4.489,4.489,4.489,1.29%
07/23/2004,4.432,4.432,4.432,4.432,-0.45%
07/22/2004,4.452,4.452,4.452,4.452,-0.40%
07/21/2004,4.47,4.47,4.47,4.47,0.45%
07/20/2004,4.45,4.45,4.45,4.45,2.04%
07/19/2004,4.361,4.361,4.361,4.361,0.14%
07/16/2004,4.355,4.355,4.355,4.355,-2.88%
07/15/2004,4.484,4.484,4.484,4.484,-0.04%
07/14/2004,4.486,4.486,4.486,4.486,0.31%
07/13/2004,4.472,4.472,4.472,4.472,0.52%
07/12/2004,4.449,4.449,4.449,4.449,-0.25%
07/09/2004,4.46,4.46,4.46,4.46,-0.36%
07/08/2004,4.476,4.476,4.476,4.476,-0.04%
07/07/2004,4.478,4.478,4.478,4.478,0.04%
07/06/2004,4.476,4.476,4.476,4.476,0.36%
07/02/2004,4.46,4.46,4.46,4.46,-2.39%
07/01/2004,4.569,4.569,4.569,4.569,-0.31%
06/30/2004,4.583,4.583,4.583,4.583,-2.26%
06/29/2004,4.689,4.689,4.689,4.689,-1.01%
06/28/2004,4.737,4.737,4.737,4.737,1.83%
06/25/2004,4.652,4.652,4.652,4.652,-0.04%
06/24/2004,4.654,4.654,4.654,4.654,-0.98%
06/23/2004,4.7,4.7,4.7,4.7,-0.44%
06/22/2004,4.721,4.721,4.721,4.721,0.75%
06/21/2004,4.686,4.686,4.686,4.686,-0.68%
06/18/2004,4.718,4.718,4.718,4.718,0.73%
06/17/2004,4.684,4.684,4.684,4.684,-0.85%
06/16/2004,4.724,4.724,4.724,4.724,0.85%
06/15/2004,4.684,4.684,4.684,4.684,-3.94%
06/14/2004,4.876,4.876,4.876,4.876,1.56%
06/10/2004,4.801,4.801,4.801,4.801,-0.15%
06/09/2004,4.808,4.808,4.808,4.808,0.84%
06/08/2004,4.768,4.768,4.768,4.768,0.10%
06/07/2004,4.763,4.763,4.763,4.763,-0.23%
06/04/2004,4.774,4.774,4.774,4.774,1.10%
06/03/2004,4.722,4.722,4.722,4.722,-0.59%
06/02/2004,4.75,4.75,4.75,4.75,1.00%
06/01/2004,4.703,4.703,4.703,4.703,0.81%
05/28/2004,4.665,4.665,4.665,4.665,1.24%
05/27/2004,4.608,4.608,4.608,4.608,-1.22%
05/26/2004,4.665,4.665,4.665,4.665,-1.33%
05/25/2004,4.728,4.728,4.728,4.728,-0.13%
05/24/2004,4.734,4.734,4.734,4.734,-0.55%
05/21/2004,4.76,4.76,4.76,4.76,1.10%
05/20/2004,4.708,4.708,4.708,4.708,-1.42%
05/19/2004,4.776,4.776,4.776,4.776,0.93%
05/18/2004,4.732,4.732,4.732,4.732,0.79%
05/17/2004,4.695,4.695,4.695,4.695,-1.61%
05/14/2004,4.772,4.772,4.772,4.772,-1.89%
05/13/2004,4.864,4.864,4.864,4.864,0.87%
05/12/2004,4.822,4.822,4.822,4.822,1.56%
05/11/2004,4.748,4.748,4.748,4.748,-1.10%
05/10/2004,4.801,4.801,4.801,4.801,0.54%
05/07/2004,4.775,4.775,4.775,4.775,3.76%
05/06/2004,4.602,4.602,4.602,4.602,0.31%
05/05/2004,4.588,4.588,4.588,4.588,0.46%
05/04/2004,4.567,4.567,4.567,4.567,1.44%
05/03/2004,4.502,4.502,4.502,4.502,-0.18%
04/30/2004,4.51,4.51,4.51,4.51,-0.66%
04/29/2004,4.54,4.54,4.54,4.54,0.84%
04/28/2004,4.502,4.502,4.502,4.502,2.67%
04/27/2004,4.385,4.385,4.385,4.385,-1.42%
04/26/2004,4.448,4.448,4.448,4.448,-0.45%
04/23/2004,4.468,4.468,4.468,4.468,1.85%
04/22/2004,4.387,4.387,4.387,4.387,-0.99%
04/21/2004,4.431,4.431,4.431,4.431,-0.81%
04/20/2004,4.467,4.467,4.467,4.467,1.85%
04/19/2004,4.386,4.386,4.386,4.386,0.97%
04/16/2004,4.344,4.344,4.344,4.344,-1.27%
04/15/2004,4.4,4.4,4.4,4.4,0.78%
04/14/2004,4.366,4.366,4.366,4.366,0.28%
04/13/2004,4.354,4.354,4.354,4.354,2.93%
04/12/2004,4.23,4.23,4.23,4.23,0.88%
04/08/2004,4.193,4.193,4.193,4.193,0.67%
04/07/2004,4.165,4.165,4.165,4.165,0.39%
04/06/2004,4.149,4.149,4.149,4.149,-1.59%
04/05/2004,4.216,4.216,4.216,4.216,1.71%
04/02/2004,4.145,4.145,4.145,4.145,6.56%
04/01/2004,3.89,3.89,3.89,3.89,1.38%
03/31/2004,3.837,3.837,3.837,3.837,-1.51%
03/30/2004,3.896,3.896,3.896,3.896,0.10%
03/29/2004,3.892,3.892,3.892,3.892,1.43%
03/26/2004,3.837,3.837,3.837,3.837,2.51%
03/25/2004,3.743,3.743,3.743,3.743,0.81%
03/24/2004,3.713,3.713,3.713,3.713,0.51%
03/23/2004,3.694,3.694,3.694,3.694,-0.81%
03/22/2004,3.724,3.724,3.724,3.724,-1.30%
03/19/2004,3.773,3.773,3.773,3.773,0.56%
03/18/2004,3.752,3.752,3.752,3.752,0.94%
03/17/2004,3.717,3.717,3.717,3.717,0.92%
03/16/2004,3.683,3.683,3.683,3.683,-2.20%
03/15/2004,3.766,3.766,3.766,3.766,-0.55%
03/12/2004,3.787,3.787,3.787,3.787,2.02%
03/11/2004,3.712,3.712,3.712,3.712,-0.51%
03/10/2004,3.731,3.731,3.731,3.731,0.16%
03/09/2004,3.725,3.725,3.725,3.725,-1.19%
03/08/2004,3.77,3.77,3.77,3.77,-2.20%
03/05/2004,3.855,3.855,3.855,3.855,-4.18%
03/04/2004,4.023,4.023,4.023,4.023,-0.76%
03/03/2004,4.054,4.054,4.054,4.054,-0.05%
03/02/2004,4.056,4.056,4.056,4.056,2.04%
03/01/2004,3.975,3.975,3.975,3.975,0.08%
02/27/2004,3.972,3.972,3.972,3.972,-1.68%
02/26/2004,4.04,4.04,4.04,4.04,0.62%
02/25/2004,4.015,4.015,4.015,4.015,-0.40%
02/24/2004,4.031,4.031,4.031,4.031,-0.20%
02/23/2004,4.039,4.039,4.039,4.039,-1.63%
02/20/2004,4.106,4.106,4.106,4.106,1.73%
02/19/2004,4.036,4.036,4.036,4.036,-0.54%
02/18/2004,4.058,4.058,4.058,4.058,0.45%
02/17/2004,4.04,4.04,4.04,4.04,-0.32%
02/16/2004,4.053,4.053,4.053,4.053,0.00%
02/13/2004,4.053,4.053,4.053,4.053,-0.54%
02/12/2004,4.075,4.075,4.075,4.075,1.14%
02/11/2004,4.029,4.029,4.029,4.029,-2.11%
02/10/2004,4.116,4.116,4.116,4.116,1.38%
02/09/2004,4.06,4.06,4.06,4.06,-0.51%
02/06/2004,4.081,4.081,4.081,4.081,-2.11%
02/05/2004,4.169,4.169,4.169,4.169,1.19%
02/04/2004,4.12,4.12,4.12,4.12,0.51%
02/03/2004,4.099,4.099,4.099,4.099,-1.16%
02/02/2004,4.147,4.147,4.147,4.147,0.31%
01/30/2004,4.134,4.134,4.134,4.134,-1.17%
01/29/2004,4.183,4.183,4.183,4.183,-0.21%
01/28/2004,4.192,4.192,4.192,4.192,2.57%
01/27/2004,4.087,4.087,4.087,4.087,-1.11%
01/26/2004,4.133,4.133,4.133,4.133,1.05%
01/23/2004,4.09,4.09,4.09,4.09,3.13%
01/22/2004,3.966,3.966,3.966,3.966,-1.44%
01/21/2004,4.024,4.024,4.024,4.024,-0.96%
01/20/2004,4.063,4.063,4.063,4.063,0.84%
01/16/2004,4.029,4.029,4.029,4.029,1.38%
01/15/2004,3.974,3.974,3.974,3.974,-0.55%
01/14/2004,3.996,3.996,3.996,3.996,-0.47%
01/13/2004,4.015,4.015,4.015,4.015,-1.83%
01/12/2004,4.09,4.09,4.09,4.09,0.15%
01/09/2004,4.084,4.084,4.084,4.084,-4.33%
01/08/2004,4.269,4.269,4.269,4.269,0.57%
01/07/2004,4.245,4.245,4.245,4.245,-0.68%
01/06/2004,4.274,4.274,4.274,4.274,-2.42%
01/05/2004,4.38,4.38,4.38,4.38,0.14%
01/02/2004,4.374,4.374,4.374,4.374,2.85%
01/01/2004,4.253,4.253,4.253,4.253,0.00%
12/31/2003,4.253,4.253,4.253,4.253,-0.16%
12/30/2003,4.26,4.26,4.26,4.26,0.38%
12/29/2003,4.244,4.244,4.244,4.244,2.19%
12/26/2003,4.153,4.153,4.153,4.153,-0.79%
12/24/2003,4.186,4.186,4.186,4.186,-1.76%
12/23/2003,4.261,4.261,4.261,4.261,2.13%
12/22/2003,4.172,4.172,4.172,4.172,0.87%
12/19/2003,4.136,4.136,4.136,4.136,0.19%
12/18/2003,4.128,4.128,4.128,4.128,-1.34%
12/17/2003,4.184,4.184,4.184,4.184,-0.74%
12/16/2003,4.215,4.215,4.215,4.215,-1.03%
12/15/2003,4.259,4.259,4.259,4.259,0.40%
12/12/2003,4.242,4.242,4.242,4.242,0.14%
12/11/2003,4.236,4.236,4.236,4.236,-1.92%
12/10/2003,4.319,4.319,4.319,4.319,-0.80%
12/09/2003,4.354,4.354,4.354,4.354,1.94%
12/08/2003,4.271,4.271,4.271,4.271,0.87%
12/05/2003,4.234,4.234,4.234,4.234,-3.05%
12/04/2003,4.367,4.367,4.367,4.367,-0.82%
12/03/2003,4.403,4.403,4.403,4.403,0.50%
12/02/2003,4.381,4.381,4.381,4.381,-0.11%
12/01/2003,4.386,4.386,4.386,4.386,1.20%
11/28/2003,4.334,4.334,4.334,4.334,2.00%
11/26/2003,4.249,4.249,4.249,4.249,1.48%
11/25/2003,4.187,4.187,4.187,4.187,-1.06%
11/24/2003,4.232,4.232,4.232,4.232,1.68%
11/21/2003,4.162,4.162,4.162,4.162,0.12%
11/20/2003,4.157,4.157,4.157,4.157,-1.93%
11/19/2003,4.239,4.239,4.239,4.239,2.24%
11/18/2003,4.146,4.146,4.146,4.146,-1.24%
11/17/2003,4.198,4.198,4.198,4.198,-0.59%
11/14/2003,4.223,4.223,4.223,4.223,-1.17%
11/13/2003,4.273,4.273,4.273,4.273,-2.93%
11/12/2003,4.402,4.402,4.402,4.402,-0.63%
11/11/2003,4.43,4.43,4.43,4.43,-0.32%
11/10/2003,4.444,4.444,4.444,4.444,0.07%
11/07/2003,4.441,4.441,4.441,4.441,0.66%
11/06/2003,4.412,4.412,4.412,4.412,1.33%
11/05/2003,4.354,4.354,4.354,4.354,1.28%
11/04/2003,4.299,4.299,4.299,4.299,-1.04%
11/03/2003,4.344,4.344,4.344,4.344,1.09%
10/31/2003,4.297,4.297,4.297,4.297,-1.17%
10/30/2003,4.348,4.348,4.348,4.348,1.02%
10/29/2003,4.304,4.304,4.304,4.304,2.99%
10/28/2003,4.179,4.179,4.179,4.179,-2.29%
10/27/2003,4.277,4.277,4.277,4.277,0.61%
10/24/2003,4.251,4.251,4.251,4.251,-1.55%
10/23/2003,4.318,4.318,4.318,4.318,1.50%
10/22/2003,4.254,4.254,4.254,4.254,-2.12%
10/21/2003,4.346,4.346,4.346,4.346,-0.93%
10/20/2003,4.387,4.387,4.387,4.387,-0.16%
10/17/2003,4.394,4.394,4.394,4.394,-1.52%
10/16/2003,4.462,4.462,4.462,4.462,1.39%
10/15/2003,4.401,4.401,4.401,4.401,1.24%
10/14/2003,4.347,4.347,4.347,4.347,1.83%
10/13/2003,4.269,4.269,4.269,4.269,0.33%
10/10/2003,4.255,4.255,4.255,4.255,-0.91%
10/09/2003,4.294,4.294,4.294,4.294,1.30%
10/08/2003,4.239,4.239,4.239,4.239,-0.52%
10/07/2003,4.261,4.261,4.261,4.261,2.13%
10/06/2003,4.172,4.172,4.172,4.172,-0.67%
10/03/2003,4.2,4.2,4.2,4.2,5.11%
10/02/2003,3.996,3.996,3.996,3.996,1.58%
10/01/2003,3.934,3.934,3.934,3.934,-0.15%
09/30/2003,3.94,3.94,3.94,3.94,-3.43%
09/29/2003,4.08,4.08,4.08,4.08,2.00%
09/26/2003,4,4,4,4,-2.20%
09/25/2003,4.09,4.09,4.09,4.09,-1.21%
09/24/2003,4.14,4.14,4.14,4.14,-1.66%
09/23/2003,4.21,4.21,4.21,4.21,0.00%
09/22/2003,4.21,4.21,4.21,4.21,1.20%
09/19/2003,4.16,4.16,4.16,4.16,0.00%
09/18/2003,4.16,4.16,4.16,4.16,-0.48%
09/17/2003,4.18,4.18,4.18,4.18,-2.34%
09/16/2003,4.28,4.28,4.28,4.28,0.23%
09/15/2003,4.27,4.27,4.27,4.27,0.47%
09/12/2003,4.25,4.25,4.25,4.25,-1.62%
09/11/2003,4.32,4.32,4.32,4.32,1.17%
09/10/2003,4.27,4.27,4.27,4.27,-2.06%
09/09/2003,4.36,4.36,4.36,4.36,-1.58%
09/08/2003,4.43,4.43,4.43,4.43,1.84%
09/05/2003,4.35,4.35,4.35,4.35,-3.55%
09/04/2003,4.51,4.51,4.51,4.51,-1.96%
09/03/2003,4.6,4.6,4.6,4.6,-0.22%
09/02/2003,4.61,4.61,4.61,4.61,3.41%
09/01/2003,4.458,4.458,4.458,4.458,-0.27%
08/29/2003,4.47,4.47,4.47,4.47,1.13%
08/28/2003,4.42,4.42,4.42,4.42,-2.64%
08/27/2003,4.54,4.54,4.54,4.54,1.34%
08/26/2003,4.48,4.48,4.48,4.48,-1.10%
08/25/2003,4.53,4.53,4.53,4.53,1.12%
08/22/2003,4.48,4.48,4.48,4.48,0.00%
08/21/2003,4.48,4.48,4.48,4.48,0.90%
08/20/2003,4.44,4.44,4.44,4.44,1.60%
08/19/2003,4.37,4.37,4.37,4.37,-2.02%
08/18/2003,4.46,4.46,4.46,4.46,-1.55%
08/15/2003,4.53,4.53,4.53,4.53,1.57%
08/14/2003,4.46,4.46,4.46,4.46,-2.19%
08/13/2003,4.56,4.56,4.56,4.56,2.93%
08/12/2003,4.43,4.43,4.43,4.43,1.61%
08/11/2003,4.36,4.36,4.36,4.36,2.11%
08/08/2003,4.27,4.27,4.27,4.27,2.15%
08/07/2003,4.18,4.18,4.18,4.18,-2.11%
08/06/2003,4.27,4.27,4.27,4.27,-2.95%
08/05/2003,4.4,4.4,4.4,4.4,2.56%
08/04/2003,4.29,4.29,4.29,4.29,-2.28%
08/01/2003,4.39,4.39,4.39,4.39,-0.45%
07/31/2003,4.41,4.41,4.41,4.41,2.34%
07/30/2003,4.309,4.309,4.309,4.309,-2.97%
07/29/2003,4.441,4.441,4.441,4.441,3.64%
07/28/2003,4.285,4.285,4.285,4.285,2.56%
07/25/2003,4.178,4.178,4.178,4.178,0.26%
07/24/2003,4.167,4.167,4.167,4.167,1.46%
07/23/2003,4.107,4.107,4.107,4.107,-0.44%
07/22/2003,4.125,4.125,4.125,4.125,-2.02%
07/21/2003,4.21,4.21,4.21,4.21,5.20%
07/18/2003,4.002,4.002,4.002,4.002,2.01%
07/17/2003,3.923,3.923,3.923,3.923,0.05%
07/16/2003,3.921,3.921,3.921,3.921,-1.53%
07/15/2003,3.982,3.982,3.982,3.982,6.90%
07/14/2003,3.725,3.725,3.725,3.725,2.65%
07/11/2003,3.629,3.629,3.629,3.629,-0.71%
07/10/2003,3.655,3.655,3.655,3.655,-0.76%
07/09/2003,3.683,3.683,3.683,3.683,-0.97%
07/08/2003,3.719,3.719,3.719,3.719,-0.46%
07/07/2003,3.736,3.736,3.736,3.736,2.22%
07/03/2003,3.655,3.655,3.655,3.655,3.34%
07/02/2003,3.537,3.537,3.537,3.537,-0.37%
07/01/2003,3.55,3.55,3.55,3.55,0.97%
06/30/2003,3.516,3.516,3.516,3.516,-0.82%
06/27/2003,3.545,3.545,3.545,3.545,-0.06%
06/26/2003,3.547,3.547,3.547,3.547,4.17%
06/25/2003,3.405,3.405,3.405,3.405,4.70%
06/24/2003,3.252,3.252,3.252,3.252,-1.84%
06/23/2003,3.313,3.313,3.313,3.313,-1.60%
06/20/2003,3.367,3.367,3.367,3.367,0.78%
06/19/2003,3.341,3.341,3.341,3.341,-0.68%
06/18/2003,3.364,3.364,3.364,3.364,3.06%
06/17/2003,3.264,3.264,3.264,3.264,2.84%
06/16/2003,3.174,3.174,3.174,3.174,1.86%
06/13/2003,3.116,3.116,3.116,3.116,-1.58%
06/12/2003,3.166,3.166,3.166,3.166,-1.46%
06/11/2003,3.213,3.213,3.213,3.213,0.63%
06/10/2003,3.193,3.193,3.193,3.193,-2.62%
06/09/2003,3.279,3.279,3.279,3.279,-2.24%
06/06/2003,3.354,3.354,3.354,3.354,0.27%
06/05/2003,3.345,3.345,3.345,3.345,1.52%
06/04/2003,3.295,3.295,3.295,3.295,-1.11%
06/03/2003,3.332,3.332,3.332,3.332,-2.34%
06/02/2003,3.412,3.412,3.412,3.412,1.16%
05/30/2003,3.373,3.373,3.373,3.373,1.08%
05/29/2003,3.337,3.337,3.337,3.337,-2.60%
05/28/2003,3.426,3.426,3.426,3.426,0.23%
05/27/2003,3.418,3.418,3.418,3.418,2.49%
05/23/2003,3.335,3.335,3.335,3.335,0.57%
05/22/2003,3.316,3.316,3.316,3.316,-2.44%
05/21/2003,3.399,3.399,3.399,3.399,1.25%
05/20/2003,3.357,3.357,3.357,3.357,-3.76%
05/19/2003,3.488,3.488,3.488,3.488,1.96%
05/16/2003,3.421,3.421,3.421,3.421,-3.17%
05/15/2003,3.533,3.533,3.533,3.533,0.28%
05/14/2003,3.523,3.523,3.523,3.523,-2.36%
05/13/2003,3.608,3.608,3.608,3.608,-0.85%
05/12/2003,3.639,3.639,3.639,3.639,-1.17%
05/09/2003,3.682,3.682,3.682,3.682,6.60%
05/08/2003,3.454,3.454,3.454,3.454,-6.09%
05/07/2003,3.678,3.678,3.678,3.678,-2.90%
05/06/2003,3.788,3.788,3.788,3.788,-2.57%
05/05/2003,3.888,3.888,3.888,3.888,-0.99%
05/02/2003,3.927,3.927,3.927,3.927,2.19%
05/01/2003,3.843,3.843,3.843,3.843,0.08%
04/30/2003,3.84,3.84,3.84,3.84,-2.31%
04/29/2003,3.931,3.931,3.931,3.931,0.69%
04/28/2003,3.904,3.904,3.904,3.904,0.36%
04/25/2003,3.89,3.89,3.89,3.89,-0.92%
04/24/2003,3.926,3.926,3.926,3.926,-1.33%
04/23/2003,3.979,3.979,3.979,3.979,0.30%
04/22/2003,3.967,3.967,3.967,3.967,-0.50%
04/21/2003,3.987,3.987,3.987,3.987,0.71%
04/17/2003,3.959,3.959,3.959,3.959,0.41%
04/16/2003,3.943,3.943,3.943,3.943,-1.18%
04/15/2003,3.99,3.99,3.99,3.99,-0.65%
04/14/2003,4.016,4.016,4.016,4.016,1.06%
04/11/2003,3.974,3.974,3.974,3.974,0.84%
04/10/2003,3.941,3.941,3.941,3.941,1.10%
04/09/2003,3.898,3.898,3.898,3.898,-0.99%
04/08/2003,3.937,3.937,3.937,3.937,-1.08%
04/07/2003,3.98,3.98,3.98,3.98,0.63%
04/04/2003,3.955,3.955,3.955,3.955,1.07%
04/03/2003,3.913,3.913,3.913,3.913,-0.46%
04/02/2003,3.931,3.931,3.931,3.931,3.18%
04/01/2003,3.81,3.81,3.81,3.81,0.21%
03/31/2003,3.802,3.802,3.802,3.802,-2.59%
03/28/2003,3.903,3.903,3.903,3.903,-0.59%
03/27/2003,3.926,3.926,3.926,3.926,-0.23%
03/26/2003,3.935,3.935,3.935,3.935,-0.23%
03/25/2003,3.944,3.944,3.944,3.944,-0.63%
03/24/2003,3.969,3.969,3.969,3.969,-3.38%
03/21/2003,4.108,4.108,4.108,4.108,3.87%
03/20/2003,3.955,3.955,3.955,3.955,-0.78%
03/19/2003,3.986,3.986,3.986,3.986,2.00%
03/18/2003,3.908,3.908,3.908,3.908,1.77%
03/17/2003,3.84,3.84,3.84,3.84,3.76%
03/14/2003,3.701,3.701,3.701,3.701,-1.31%
03/13/2003,3.75,3.75,3.75,3.75,4.57%
03/12/2003,3.586,3.586,3.586,3.586,0.11%
03/11/2003,3.582,3.582,3.582,3.582,0.51%
03/10/2003,3.564,3.564,3.564,3.564,-2.20%
03/07/2003,3.644,3.644,3.644,3.644,-0.27%
03/06/2003,3.654,3.654,3.654,3.654,0.63%
03/05/2003,3.631,3.631,3.631,3.631,-0.47%
03/04/2003,3.648,3.648,3.648,3.648,-0.73%
03/03/2003,3.675,3.675,3.675,3.675,-0.46%
02/28/2003,3.692,3.692,3.692,3.692,-1.26%
02/27/2003,3.739,3.739,3.739,3.739,-0.72%
02/26/2003,3.766,3.766,3.766,3.766,-1.41%
02/25/2003,3.82,3.82,3.82,3.82,-0.78%
02/24/2003,3.85,3.85,3.85,3.85,-1.10%
02/21/2003,3.893,3.893,3.893,3.893,0.62%
02/20/2003,3.869,3.869,3.869,3.869,-0.41%
02/19/2003,3.885,3.885,3.885,3.885,-1.67%
02/18/2003,3.951,3.951,3.951,3.951,-0.30%
02/14/2003,3.963,3.963,3.963,3.963,1.98%
02/13/2003,3.886,3.886,3.886,3.886,-0.69%
02/12/2003,3.913,3.913,3.913,3.913,-1.16%
02/11/2003,3.959,3.959,3.959,3.959,-0.28%
02/10/2003,3.97,3.97,3.97,3.97,0.97%
02/07/2003,3.932,3.932,3.932,3.932,-0.35%
02/06/2003,3.946,3.946,3.946,3.946,-1.40%
02/05/2003,4.002,4.002,4.002,4.002,1.91%
02/04/2003,3.927,3.927,3.927,3.927,-1.78%
02/03/2003,3.998,3.998,3.998,3.998,0.81%
01/31/2003,3.966,3.966,3.966,3.966,-0.13%
01/30/2003,3.971,3.971,3.971,3.971,-1.29%
01/29/2003,4.023,4.023,4.023,4.023,1.26%
01/28/2003,3.973,3.973,3.973,3.973,0.18%
01/27/2003,3.966,3.966,3.966,3.966,0.74%
01/24/2003,3.937,3.937,3.937,3.937,-0.10%
01/23/2003,3.941,3.941,3.941,3.941,0.66%
01/22/2003,3.915,3.915,3.915,3.915,-1.46%
01/21/2003,3.973,3.973,3.973,3.973,-1.10%
01/17/2003,4.017,4.017,4.017,4.017,-1.62%
01/16/2003,4.083,4.083,4.083,4.083,0.54%
01/15/2003,4.061,4.061,4.061,4.061,-0.49%
01/14/2003,4.081,4.081,4.081,4.081,-1.02%
01/13/2003,4.123,4.123,4.123,4.123,-0.41%
01/10/2003,4.14,4.14,4.14,4.14,-0.81%
01/09/2003,4.174,4.174,4.174,4.174,3.81%
01/08/2003,4.021,4.021,4.021,4.021,0.32%
01/07/2003,4.008,4.008,4.008,4.008,-1.16%
01/06/2003,4.055,4.055,4.055,4.055,0.90%
01/03/2003,4.019,4.019,4.019,4.019,-0.30%
01/02/2003,4.031,4.031,4.031,4.031,5.58%
12/31/2002,3.818,3.818,3.818,3.818,0.69%
12/30/2002,3.792,3.792,3.792,3.792,-0.50%
12/27/2002,3.811,3.811,3.811,3.811,-2.51%
12/26/2002,3.909,3.909,3.909,3.909,-0.96%
12/24/2002,3.947,3.947,3.947,3.947,-0.55%
12/23/2002,3.969,3.969,3.969,3.969,0.13%
12/20/2002,3.964,3.964,3.964,3.964,0.58%
12/19/2002,3.941,3.941,3.941,3.941,-2.40%
12/18/2002,4.038,4.038,4.038,4.038,-2.09%
12/17/2002,4.124,4.124,4.124,4.124,-0.87%
12/16/2002,4.16,4.16,4.16,4.16,2.19%
12/13/2002,4.071,4.071,4.071,4.071,1.12%
12/12/2002,4.026,4.026,4.026,4.026,0.02%
12/11/2002,4.025,4.025,4.025,4.025,-0.76%
12/10/2002,4.056,4.056,4.056,4.056,0.47%
12/09/2002,4.037,4.037,4.037,4.037,-1.27%
12/06/2002,4.089,4.089,4.089,4.089,-1.16%
12/05/2002,4.137,4.137,4.137,4.137,-0.36%
12/04/2002,4.152,4.152,4.152,4.152,-1.24%
12/03/2002,4.204,4.204,4.204,4.204,-0.64%
12/02/2002,4.231,4.231,4.231,4.231,0.47%
11/29/2002,4.211,4.211,4.211,4.211,-1.08%
11/27/2002,4.257,4.257,4.257,4.257,4.59%
11/26/2002,4.07,4.07,4.07,4.07,-2.56%
11/25/2002,4.177,4.177,4.177,4.177,-0.14%
11/22/2002,4.183,4.183,4.183,4.183,0.65%
11/21/2002,4.156,4.156,4.156,4.156,2.36%
11/20/2002,4.06,4.06,4.06,4.06,1.93%
11/19/2002,3.983,3.983,3.983,3.983,-0.15%
11/18/2002,3.989,3.989,3.989,3.989,-1.07%
11/15/2002,4.032,4.032,4.032,4.032,-0.74%
11/14/2002,4.062,4.062,4.062,4.062,5.75%
11/13/2002,3.841,3.841,3.841,3.841,-0.26%
11/12/2002,3.851,3.851,3.851,3.851,0.21%
11/11/2002,3.843,3.843,3.843,3.843,0.00%
11/08/2002,3.843,3.843,3.843,3.843,-1.00%
11/07/2002,3.882,3.882,3.882,3.882,-3.72%
11/06/2002,4.032,4.032,4.032,4.032,-1.01%
11/05/2002,4.073,4.073,4.073,4.073,0.69%
11/04/2002,4.045,4.045,4.045,4.045,1.00%
11/01/2002,4.005,4.005,4.005,4.005,2.82%
10/31/2002,3.895,3.895,3.895,3.895,-1.72%
10/30/2002,3.963,3.963,3.963,3.963,0.56%
10/29/2002,3.941,3.941,3.941,3.941,-3.62%
10/28/2002,4.089,4.089,4.089,4.089,-0.20%
10/25/2002,4.097,4.097,4.097,4.097,-0.51%
10/24/2002,4.118,4.118,4.118,4.118,-2.62%
10/23/2002,4.229,4.229,4.229,4.229,-0.75%
10/22/2002,4.261,4.261,4.261,4.261,0.12%
10/21/2002,4.256,4.256,4.256,4.256,3.58%
10/18/2002,4.109,4.109,4.109,4.109,-2.21%
10/17/2002,4.202,4.202,4.202,4.202,3.83%
10/16/2002,4.047,4.047,4.047,4.047,1.33%
10/15/2002,3.994,3.994,3.994,3.994,4.99%
10/14/2002,3.804,3.804,3.804,3.804,0.00%
10/11/2002,3.804,3.804,3.804,3.804,3.96%
10/10/2002,3.659,3.659,3.659,3.659,2.49%
10/09/2002,3.57,3.57,3.57,3.57,-1.76%
10/08/2002,3.634,3.634,3.634,3.634,0.53%
10/07/2002,3.615,3.615,3.615,3.615,-1.47%
10/04/2002,3.669,3.669,3.669,3.669,-0.52%
10/03/2002,3.688,3.688,3.688,3.688,0.46%
10/02/2002,3.671,3.671,3.671,3.671,-1.24%
10/01/2002,3.717,3.717,3.717,3.717,3.25%
09/30/2002,3.6,3.6,3.6,3.6,-1.72%
09/27/2002,3.663,3.663,3.663,3.663,-2.94%
09/26/2002,3.774,3.774,3.774,3.774,0.56%
09/25/2002,3.753,3.753,3.753,3.753,2.91%
09/24/2002,3.647,3.647,3.647,3.647,-1.30%
09/23/2002,3.695,3.695,3.695,3.695,-2.35%
09/20/2002,3.784,3.784,3.784,3.784,0.11%
09/19/2002,3.78,3.78,3.78,3.78,-1.61%
09/18/2002,3.842,3.842,3.842,3.842,0.55%
09/17/2002,3.821,3.821,3.821,3.821,-2.35%
09/16/2002,3.913,3.913,3.913,3.913,0.13%
09/13/2002,3.908,3.908,3.908,3.908,-1.41%
09/12/2002,3.964,3.964,3.964,3.964,-2.39%
09/11/2002,4.061,4.061,4.061,4.061,1.65%
09/10/2002,3.995,3.995,3.995,3.995,-1.60%
09/09/2002,4.06,4.06,4.06,4.06,1.12%
09/06/2002,4.015,4.015,4.015,4.015,2.14%
09/05/2002,3.931,3.931,3.931,3.931,-0.81%
09/04/2002,3.963,3.963,3.963,3.963,-0.05%
09/03/2002,3.965,3.965,3.965,3.965,-4.00%
08/30/2002,4.13,4.13,4.13,4.13,-0.29%
08/29/2002,4.142,4.142,4.142,4.142,-1.71%
08/28/2002,4.214,4.214,4.214,4.214,-1.50%
08/27/2002,4.278,4.278,4.278,4.278,1.11%
08/26/2002,4.231,4.231,4.231,4.231,-0.17%
08/23/2002,4.238,4.238,4.238,4.238,-1.90%
08/22/2002,4.32,4.32,4.32,4.32,2.81%
08/21/2002,4.202,4.202,4.202,4.202,1.23%
08/20/2002,4.151,4.151,4.151,4.151,-3.15%
08/19/2002,4.286,4.286,4.286,4.286,-0.95%
08/16/2002,4.327,4.327,4.327,4.327,3.44%
08/15/2002,4.183,4.183,4.183,4.183,1.50%
08/14/2002,4.121,4.121,4.121,4.121,0.81%
08/13/2002,4.088,4.088,4.088,4.088,-2.97%
08/12/2002,4.213,4.213,4.213,4.213,-1.06%
08/09/2002,4.258,4.258,4.258,4.258,-3.16%
08/08/2002,4.397,4.397,4.397,4.397,2.11%
08/07/2002,4.306,4.306,4.306,4.306,-0.58%
08/06/2002,4.331,4.331,4.331,4.331,2.90%
08/05/2002,4.209,4.209,4.209,4.209,-2.00%
08/02/2002,4.295,4.295,4.295,4.295,-2.23%
08/01/2002,4.393,4.393,4.393,4.393,-1.48%
07/31/2002,4.459,4.459,4.459,4.459,-2.81%
07/30/2002,4.588,4.588,4.588,4.588,0.53%
07/29/2002,4.564,4.564,4.564,4.564,4.06%
07/26/2002,4.386,4.386,4.386,4.386,0.07%
07/25/2002,4.383,4.383,4.383,4.383,-1.70%
07/24/2002,4.459,4.459,4.459,4.459,1.16%
07/23/2002,4.408,4.408,4.408,4.408,-0.85%
07/22/2002,4.446,4.446,4.446,4.446,-1.59%
07/19/2002,4.518,4.518,4.518,4.518,-2.08%
07/18/2002,4.614,4.614,4.614,4.614,-1.54%
07/17/2002,4.686,4.686,4.686,4.686,0.04%
07/16/2002,4.684,4.684,4.684,4.684,1.21%
07/15/2002,4.628,4.628,4.628,4.628,1.18%
07/12/2002,4.574,4.574,4.574,4.574,-1.38%
07/11/2002,4.638,4.638,4.638,4.638,0.45%
07/10/2002,4.617,4.617,4.617,4.617,-2.39%
07/09/2002,4.73,4.73,4.73,4.73,-1.42%
07/08/2002,4.798,4.798,4.798,4.798,-1.32%
07/05/2002,4.862,4.862,4.862,4.862,2.19%
07/03/2002,4.758,4.758,4.758,4.758,0.59%
07/02/2002,4.73,4.73,4.73,4.73,-1.11%
07/01/2002,4.783,4.783,4.783,4.783,-0.54%
06/28/2002,4.809,4.809,4.809,4.809,-0.29%
06/27/2002,4.823,4.823,4.823,4.823,1.62%
06/26/2002,4.746,4.746,4.746,4.746,-1.51%
06/25/2002,4.819,4.819,4.819,4.819,-0.23%
06/24/2002,4.83,4.83,4.83,4.83,1.39%
06/21/2002,4.764,4.764,4.764,4.764,-0.52%
06/20/2002,4.789,4.789,4.789,4.789,1.25%
06/19/2002,4.73,4.73,4.73,4.73,-2.19%
06/18/2002,4.836,4.836,4.836,4.836,-0.23%
06/17/2002,4.847,4.847,4.847,4.847,0.96%
06/14/2002,4.801,4.801,4.801,4.801,-2.06%
06/13/2002,4.902,4.902,4.902,4.902,-1.23%
06/12/2002,4.963,4.963,4.963,4.963,-0.28%
06/11/2002,4.977,4.977,4.977,4.977,-1.07%
06/10/2002,5.031,5.031,5.031,5.031,-0.67%
06/07/2002,5.065,5.065,5.065,5.065,1.63%
06/06/2002,4.984,4.984,4.984,4.984,-1.33%
06/05/2002,5.051,5.051,5.051,5.051,0.42%
06/04/2002,5.03,5.03,5.03,5.03,0.64%
06/03/2002,4.998,4.998,4.998,4.998,-0.93%
05/31/2002,5.045,5.045,5.045,5.045,0.38%
05/30/2002,5.026,5.026,5.026,5.026,-0.79%
05/29/2002,5.066,5.066,5.066,5.066,-1.25%
05/28/2002,5.13,5.13,5.13,5.13,-0.31%
05/24/2002,5.146,5.146,5.146,5.146,-0.08%
05/23/2002,5.15,5.15,5.15,5.15,0.64%
05/22/2002,5.117,5.117,5.117,5.117,-0.70%
05/21/2002,5.153,5.153,5.153,5.153,-0.88%
05/20/2002,5.199,5.199,5.199,5.199,-1.08%
05/17/2002,5.256,5.256,5.256,5.256,1.64%
05/16/2002,5.171,5.171,5.171,5.171,-1.43%
05/15/2002,5.246,5.246,5.246,5.246,-0.64%
05/14/2002,5.28,5.28,5.28,5.28,1.09%
05/13/2002,5.223,5.223,5.223,5.223,2.03%
05/10/2002,5.119,5.119,5.119,5.119,-0.91%
05/09/2002,5.166,5.166,5.166,5.166,-1.02%
05/08/2002,5.219,5.219,5.219,5.219,3.20%
05/07/2002,5.057,5.057,5.057,5.057,-0.20%
05/06/2002,5.067,5.067,5.067,5.067,0.22%
05/03/2002,5.056,5.056,5.056,5.056,-0.78%
05/02/2002,5.096,5.096,5.096,5.096,0.75%
05/01/2002,5.058,5.058,5.058,5.058,-0.61%
04/30/2002,5.089,5.089,5.089,5.089,-0.61%
04/29/2002,5.12,5.12,5.12,5.12,1.23%
04/26/2002,5.058,5.058,5.058,5.058,-0.75%
04/25/2002,5.096,5.096,5.096,5.096,-0.35%
04/24/2002,5.114,5.114,5.114,5.114,-0.97%
04/23/2002,5.164,5.164,5.164,5.164,-0.27%
04/22/2002,5.178,5.178,5.178,5.178,-0.44%
04/19/2002,5.201,5.201,5.201,5.201,0.04%
04/18/2002,5.199,5.199,5.199,5.199,-0.63%
04/17/2002,5.232,5.232,5.232,5.232,0.77%
04/16/2002,5.192,5.192,5.192,5.192,1.05%
04/15/2002,5.138,5.138,5.138,5.138,-0.37%
04/12/2002,5.157,5.157,5.157,5.157,-1.00%
04/11/2002,5.209,5.209,5.209,5.209,-0.55%
04/10/2002,5.238,5.238,5.238,5.238,0.67%
04/09/2002,5.203,5.203,5.203,5.203,-1.14%
04/08/2002,5.263,5.263,5.263,5.263,1.08%
04/05/2002,5.207,5.207,5.207,5.207,-1.01%
04/04/2002,5.26,5.26,5.26,5.26,-0.38%
04/03/2002,5.28,5.28,5.28,5.28,-1.16%
04/02/2002,5.342,5.342,5.342,5.342,-1.55%
04/01/2002,5.426,5.426,5.426,5.426,0.37%
03/28/2002,5.406,5.406,5.406,5.406,1.18%
03/27/2002,5.343,5.343,5.343,5.343,0.00%
03/26/2002,5.343,5.343,5.343,5.343,-1.18%
03/25/2002,5.407,5.407,5.407,5.407,0.07%
03/22/2002,5.403,5.403,5.403,5.403,0.69%
03/21/2002,5.366,5.366,5.366,5.366,-0.74%
03/20/2002,5.406,5.406,5.406,5.406,2.21%
03/19/2002,5.289,5.289,5.289,5.289,-0.23%
03/18/2002,5.301,5.301,5.301,5.301,-0.60%
03/15/2002,5.333,5.333,5.333,5.333,-1.42%
03/14/2002,5.41,5.41,5.41,5.41,2.48%
03/13/2002,5.279,5.279,5.279,5.279,-0.60%
03/12/2002,5.311,5.311,5.311,5.311,-0.19%
03/11/2002,5.321,5.321,5.321,5.321,-0.08%
03/08/2002,5.325,5.325,5.325,5.325,1.84%
03/07/2002,5.229,5.229,5.229,5.229,3.50%
03/06/2002,5.052,5.052,5.052,5.052,0.94%
03/05/2002,5.005,5.005,5.005,5.005,0.12%
03/04/2002,4.999,4.999,4.999,4.999,0.30%
03/01/2002,4.984,4.984,4.984,4.984,2.26%
02/28/2002,4.874,4.874,4.874,4.874,0.85%
02/27/2002,4.833,4.833,4.833,4.833,-1.99%
02/26/2002,4.931,4.931,4.931,4.931,1.61%
02/25/2002,4.853,4.853,4.853,4.853,0.37%
02/22/2002,4.835,4.835,4.835,4.835,-0.49%
02/21/2002,4.859,4.859,4.859,4.859,-0.65%
02/20/2002,4.891,4.891,4.891,4.891,0.41%
02/19/2002,4.871,4.871,4.871,4.871,0.16%
02/15/2002,4.863,4.863,4.863,4.863,-1.68%
02/14/2002,4.946,4.946,4.946,4.946,-0.92%
02/13/2002,4.992,4.992,4.992,4.992,0.28%
02/12/2002,4.978,4.978,4.978,4.978,1.26%
02/11/2002,4.916,4.916,4.916,4.916,0.72%
02/08/2002,4.881,4.881,4.881,4.881,-0.93%
02/07/2002,4.927,4.927,4.927,4.927,0.00%
02/06/2002,4.927,4.927,4.927,4.927,0.63%
02/05/2002,4.896,4.896,4.896,4.896,-0.22%
02/04/2002,4.907,4.907,4.907,4.907,-1.54%
02/01/2002,4.984,4.984,4.984,4.984,-1.23%
01/31/2002,5.046,5.046,5.046,5.046,0.66%
01/30/2002,5.013,5.013,5.013,5.013,1.48%
01/29/2002,4.94,4.94,4.94,4.94,-2.66%
01/28/2002,5.075,5.075,5.075,5.075,0.12%
01/25/2002,5.069,5.069,5.069,5.069,1.28%
01/24/2002,5.005,5.005,5.005,5.005,-0.46%
01/23/2002,5.028,5.028,5.028,5.028,2.22%
01/22/2002,4.919,4.919,4.919,4.919,0.53%
01/18/2002,4.893,4.893,4.893,4.893,-0.77%
01/17/2002,4.931,4.931,4.931,4.931,1.86%
01/16/2002,4.841,4.841,4.841,4.841,-0.08%
01/15/2002,4.845,4.845,4.845,4.845,-0.80%
01/14/2002,4.884,4.884,4.884,4.884,0.25%
01/11/2002,4.872,4.872,4.872,4.872,-2.07%
01/10/2002,4.975,4.975,4.975,4.975,-1.45%
01/09/2002,5.048,5.048,5.048,5.048,-0.69%
01/08/2002,5.083,5.083,5.083,5.083,0.67%
01/07/2002,5.049,5.049,5.049,5.049,-1.48%
01/04/2002,5.125,5.125,5.125,5.125,0.27%
01/03/2002,5.111,5.111,5.111,5.111,-0.95%
01/02/2002,5.16,5.16,5.16,5.16,2.60%
12/31/2001,5.029,5.029,5.029,5.029,-1.64%
12/28/2001,5.113,5.113,5.113,5.113,0.81%
12/27/2001,5.072,5.072,5.072,5.072,-2.46%
12/26/2001,5.2,5.2,5.2,5.2,1.17%
12/24/2001,5.14,5.14,5.14,5.14,1.06%
12/21/2001,5.086,5.086,5.086,5.086,0.99%
12/20/2001,5.036,5.036,5.036,5.036,-0.12%
12/19/2001,5.042,5.042,5.042,5.042,-1.70%
12/18/2001,5.129,5.129,5.129,5.129,-1.06%
12/17/2001,5.184,5.184,5.184,5.184,-0.12%
12/14/2001,5.19,5.19,5.19,5.19,2.29%
12/13/2001,5.074,5.074,5.074,5.074,1.28%
12/12/2001,5.01,5.01,5.01,5.01,-0.95%
12/11/2001,5.058,5.058,5.058,5.058,-0.90%
12/10/2001,5.104,5.104,5.104,5.104,-1.18%
12/07/2001,5.165,5.165,5.165,5.165,3.07%
12/06/2001,5.011,5.011,5.011,5.011,2.18%
12/05/2001,4.904,4.904,4.904,4.904,5.08%
12/04/2001,4.667,4.667,4.667,4.667,-0.51%
12/03/2001,4.691,4.691,4.691,4.691,-1.33%
11/30/2001,4.754,4.754,4.754,4.754,-0.23%
11/29/2001,4.765,4.765,4.765,4.765,-3.33%
11/28/2001,4.929,4.929,4.929,4.929,0.06%
11/27/2001,4.926,4.926,4.926,4.926,-1.79%
11/26/2001,5.016,5.016,5.016,5.016,0.10%
11/23/2001,5.011,5.011,5.011,5.011,0.99%
11/21/2001,4.962,4.962,4.962,4.962,1.99%
11/20/2001,4.865,4.865,4.865,4.865,1.27%
11/19/2001,4.804,4.804,4.804,4.804,-0.91%
11/16/2001,4.848,4.848,4.848,4.848,1.34%
11/15/2001,4.784,4.784,4.784,4.784,5.65%
11/14/2001,4.528,4.528,4.528,4.528,3.36%
11/13/2001,4.381,4.381,4.381,4.381,1.62%
11/09/2001,4.311,4.311,4.311,4.311,0.49%
11/08/2001,4.29,4.29,4.29,4.29,2.46%
11/07/2001,4.187,4.187,4.187,4.187,-1.78%
11/06/2001,4.263,4.263,4.263,4.263,-1.11%
11/05/2001,4.311,4.311,4.311,4.311,-1.21%
11/02/2001,4.364,4.364,4.364,4.364,3.02%
11/01/2001,4.236,4.236,4.236,4.236,-0.19%
10/31/2001,4.244,4.244,4.244,4.244,-3.89%
10/30/2001,4.416,4.416,4.416,4.416,-1.56%
10/29/2001,4.486,4.486,4.486,4.486,-0.77%
10/26/2001,4.521,4.521,4.521,4.521,-0.62%
10/25/2001,4.549,4.549,4.549,4.549,-1.02%
10/24/2001,4.596,4.596,4.596,4.596,-1.14%
10/23/2001,4.649,4.649,4.649,4.649,0.17%
10/22/2001,4.641,4.641,4.641,4.641,0.45%
10/19/2001,4.62,4.62,4.62,4.62,0.94%
10/18/2001,4.577,4.577,4.577,4.577,0.18%
10/17/2001,4.569,4.569,4.569,4.569,0.09%
10/16/2001,4.565,4.565,4.565,4.565,-0.85%
10/15/2001,4.604,4.604,4.604,4.604,-1.52%
10/12/2001,4.675,4.675,4.675,4.675,0.15%
10/11/2001,4.668,4.668,4.668,4.668,1.41%
10/10/2001,4.603,4.603,4.603,4.603,0.17%
10/09/2001,4.595,4.595,4.595,4.595,2.02%
10/08/2001,4.504,4.504,4.504,4.504,-0.09%
10/05/2001,4.508,4.508,4.508,4.508,0.09%
10/04/2001,4.504,4.504,4.504,4.504,0.76%
10/03/2001,4.47,4.47,4.47,4.47,-0.84%
10/02/2001,4.508,4.508,4.508,4.508,-0.75%
10/01/2001,4.542,4.542,4.542,4.542,-1.05%
09/28/2001,4.59,4.59,4.59,4.59,0.68%
09/27/2001,4.559,4.559,4.559,4.559,-1.64%
09/26/2001,4.635,4.635,4.635,4.635,-1.59%
09/25/2001,4.71,4.71,4.71,4.71,-0.21%
09/24/2001,4.72,4.72,4.72,4.72,0.62%
09/21/2001,4.691,4.691,4.691,4.691,-1.16%
09/20/2001,4.746,4.746,4.746,4.746,1.04%
09/19/2001,4.697,4.697,4.697,4.697,-0.57%
09/18/2001,4.724,4.724,4.724,4.724,2.21%
09/17/2001,4.622,4.622,4.622,4.622,1.36%
09/14/2001,4.56,4.56,4.56,4.56,-1.62%
09/13/2001,4.635,4.635,4.635,4.635,-2.67%
09/11/2001,4.762,4.762,4.762,4.762,-1.65%
09/10/2001,4.842,4.842,4.842,4.842,1.13%
09/07/2001,4.788,4.788,4.788,4.788,-1.70%
09/06/2001,4.871,4.871,4.871,4.871,-1.85%
09/05/2001,4.963,4.963,4.963,4.963,0.10%
09/04/2001,4.958,4.958,4.958,4.958,2.44%
08/31/2001,4.84,4.84,4.84,4.84,0.58%
08/30/2001,4.812,4.812,4.812,4.812,0.97%
08/29/2001,4.766,4.766,4.766,4.766,-1.61%
08/28/2001,4.844,4.844,4.844,4.844,-1.70%
08/27/2001,4.928,4.928,4.928,4.928,0.00%
08/24/2001,4.928,4.928,4.928,4.928,0.90%
08/23/2001,4.884,4.884,4.884,4.884,-0.37%
08/22/2001,4.902,4.902,4.902,4.902,0.66%
08/21/2001,4.87,4.87,4.87,4.87,-0.79%
08/20/2001,4.909,4.909,4.909,4.909,1.40%
08/17/2001,4.841,4.841,4.841,4.841,-2.02%
08/16/2001,4.941,4.941,4.941,4.941,-1.26%
08/15/2001,5.004,5.004,5.004,5.004,0.64%
08/14/2001,4.972,4.972,4.972,4.972,0.00%
08/13/2001,4.972,4.972,4.972,4.972,-0.24%
08/10/2001,4.984,4.984,4.984,4.984,-1.01%
08/09/2001,5.035,5.035,5.035,5.035,-0.30%
08/08/2001,5.05,5.05,5.05,5.05,-2.36%
08/07/2001,5.172,5.172,5.172,5.172,0.29%
08/06/2001,5.157,5.157,5.157,5.157,-0.14%
08/03/2001,5.164,5.164,5.164,5.164,0.35%
08/02/2001,5.146,5.146,5.146,5.146,1.46%
08/01/2001,5.072,5.072,5.072,5.072,0.34%
07/31/2001,5.055,5.055,5.055,5.055,-0.37%
07/30/2001,5.074,5.074,5.074,5.074,-0.43%
07/27/2001,5.096,5.096,5.096,5.096,-0.74%
07/26/2001,5.134,5.134,5.134,5.134,-1.04%
07/25/2001,5.188,5.188,5.188,5.188,1.45%
07/24/2001,5.114,5.114,5.114,5.114,0.20%
07/23/2001,5.104,5.104,5.104,5.104,-0.45%
07/20/2001,5.127,5.127,5.127,5.127,0.33%
07/19/2001,5.11,5.11,5.11,5.11,0.41%
07/18/2001,5.089,5.089,5.089,5.089,-2.30%
07/17/2001,5.209,5.209,5.209,5.209,0.70%
07/16/2001,5.173,5.173,5.173,5.173,-1.05%
07/13/2001,5.228,5.228,5.228,5.228,-0.29%
07/12/2001,5.243,5.243,5.243,5.243,-0.91%
07/11/2001,5.291,5.291,5.291,5.291,0.36%
07/10/2001,5.272,5.272,5.272,5.272,-1.14%
07/09/2001,5.333,5.333,5.333,5.333,-0.54%
07/06/2001,5.362,5.362,5.362,5.362,-0.78%
07/05/2001,5.404,5.404,5.404,5.404,0.45%
07/03/2001,5.38,5.38,5.38,5.38,1.03%
07/02/2001,5.325,5.325,5.325,5.325,-1.46%
06/29/2001,5.404,5.404,5.404,5.404,1.18%
06/28/2001,5.341,5.341,5.341,5.341,1.87%
06/27/2001,5.243,5.243,5.243,5.243,0.33%
06/26/2001,5.226,5.226,5.226,5.226,1.91%
06/25/2001,5.128,5.128,5.128,5.128,0.08%
06/22/2001,5.124,5.124,5.124,5.124,-1.04%
06/21/2001,5.178,5.178,5.178,5.178,-0.67%
06/20/2001,5.213,5.213,5.213,5.213,-0.53%
06/19/2001,5.241,5.241,5.241,5.241,-0.36%
06/18/2001,5.26,5.26,5.26,5.26,0.32%
06/15/2001,5.243,5.243,5.243,5.243,0.21%
06/14/2001,5.232,5.232,5.232,5.232,-0.72%
06/13/2001,5.27,5.27,5.27,5.27,0.36%
06/12/2001,5.251,5.251,5.251,5.251,-0.72%
06/11/2001,5.289,5.289,5.289,5.289,-1.45%
06/08/2001,5.367,5.367,5.367,5.367,0.81%
06/07/2001,5.324,5.324,5.324,5.324,1.16%
06/06/2001,5.263,5.263,5.263,5.263,-0.25%
06/05/2001,5.276,5.276,5.276,5.276,-1.25%
06/04/2001,5.343,5.343,5.343,5.343,-0.60%
06/01/2001,5.375,5.375,5.375,5.375,-0.19%
05/31/2001,5.385,5.385,5.385,5.385,-2.29%
05/30/2001,5.511,5.511,5.511,5.511,-0.20%
05/29/2001,5.522,5.522,5.522,5.522,0.36%
05/25/2001,5.502,5.502,5.502,5.502,0.13%
05/24/2001,5.495,5.495,5.495,5.495,1.89%
05/23/2001,5.393,5.393,5.393,5.393,-0.24%
05/22/2001,5.406,5.406,5.406,5.406,0.37%
05/21/2001,5.386,5.386,5.386,5.386,-0.28%
05/18/2001,5.401,5.401,5.401,5.401,-0.04%
05/17/2001,5.403,5.403,5.403,5.403,-0.97%
05/16/2001,5.456,5.456,5.456,5.456,-0.71%
05/15/2001,5.495,5.495,5.495,5.495,1.07%
05/14/2001,5.437,5.437,5.437,5.437,-0.11%
05/11/2001,5.443,5.443,5.443,5.443,2.83%
05/10/2001,5.293,5.293,5.293,5.293,2.38%
05/09/2001,5.17,5.17,5.17,5.17,-1.51%
05/08/2001,5.249,5.249,5.249,5.249,1.04%
05/07/2001,5.195,5.195,5.195,5.195,-0.27%
05/04/2001,5.209,5.209,5.209,5.209,-0.12%
05/03/2001,5.215,5.215,5.215,5.215,-1.42%
05/02/2001,5.29,5.29,5.29,5.29,0.04%
05/01/2001,5.288,5.288,5.288,5.288,-0.90%
04/30/2001,5.336,5.336,5.336,5.336,0.23%
04/27/2001,5.324,5.324,5.324,5.324,2.66%
04/26/2001,5.186,5.186,5.186,5.186,-1.37%
04/25/2001,5.258,5.258,5.258,5.258,0.82%
04/24/2001,5.215,5.215,5.215,5.215,0.70%
04/23/2001,5.179,5.179,5.179,5.179,-2.17%
04/20/2001,5.294,5.294,5.294,5.294,-0.11%
04/19/2001,5.3,5.3,5.3,5.3,3.03%
04/18/2001,5.144,5.144,5.144,5.144,-1.44%
04/17/2001,5.219,5.219,5.219,5.219,-0.70%
04/16/2001,5.256,5.256,5.256,5.256,1.53%
04/12/2001,5.177,5.177,5.177,5.177,0.99%
04/11/2001,5.126,5.126,5.126,5.126,0.85%
04/10/2001,5.083,5.083,5.083,5.083,3.15%
04/09/2001,4.928,4.928,4.928,4.928,0.78%
04/06/2001,4.89,4.89,4.89,4.89,-1.75%
04/05/2001,4.977,4.977,4.977,4.977,0.97%
04/04/2001,4.929,4.929,4.929,4.929,0.08%
04/03/2001,4.925,4.925,4.925,4.925,-0.97%
04/02/2001,4.973,4.973,4.973,4.973,1.18%
03/30/2001,4.915,4.915,4.915,4.915,-1.68%
03/29/2001,4.999,4.999,4.999,4.999,0.60%
03/28/2001,4.969,4.969,4.969,4.969,-0.80%
03/27/2001,5.009,5.009,5.009,5.009,2.88%
03/26/2001,4.869,4.869,4.869,4.869,1.16%
03/23/2001,4.813,4.813,4.813,4.813,1.37%
03/22/2001,4.748,4.748,4.748,4.748,-0.54%
03/21/2001,4.774,4.774,4.774,4.774,0.21%
03/20/2001,4.764,4.764,4.764,4.764,-1.02%
03/19/2001,4.813,4.813,4.813,4.813,0.94%
03/16/2001,4.768,4.768,4.768,4.768,-0.58%
03/15/2001,4.796,4.796,4.796,4.796,-0.70%
03/14/2001,4.83,4.83,4.83,4.83,-2.13%
03/13/2001,4.935,4.935,4.935,4.935,0.78%
03/12/2001,4.897,4.897,4.897,4.897,-0.85%
03/09/2001,4.939,4.939,4.939,4.939,0.69%
03/08/2001,4.905,4.905,4.905,4.905,0.08%
03/07/2001,4.901,4.901,4.901,4.901,-1.45%
03/06/2001,4.973,4.973,4.973,4.973,-0.10%
03/05/2001,4.978,4.978,4.978,4.978,0.65%
03/02/2001,4.946,4.946,4.946,4.946,1.27%
03/01/2001,4.884,4.884,4.884,4.884,-0.41%
02/28/2001,4.904,4.904,4.904,4.904,-1.05%
02/27/2001,4.956,4.956,4.956,4.956,-1.67%
02/26/2001,5.04,5.04,5.04,5.04,-1.20%
02/23/2001,5.101,5.101,5.101,5.101,-1.11%
02/22/2001,5.158,5.158,5.158,5.158,0.41%
02/21/2001,5.137,5.137,5.137,5.137,0.59%
02/20/2001,5.107,5.107,5.107,5.107,-0.08%
02/16/2001,5.111,5.111,5.111,5.111,-1.18%
02/15/2001,5.172,5.172,5.172,5.172,0.29%
02/14/2001,5.157,5.157,5.157,5.157,1.80%
02/13/2001,5.066,5.066,5.066,5.066,0.24%
02/12/2001,5.054,5.054,5.054,5.054,0.44%
02/09/2001,5.032,5.032,5.032,5.032,-1.12%
02/08/2001,5.089,5.089,5.089,5.089,-2.38%
02/07/2001,5.213,5.213,5.213,5.213,0.54%
02/06/2001,5.185,5.185,5.185,5.185,0.27%
02/05/2001,5.171,5.171,5.171,5.171,0.23%
02/02/2001,5.159,5.159,5.159,5.159,1.40%
02/01/2001,5.088,5.088,5.088,5.088,-0.47%
01/31/2001,5.112,5.112,5.112,5.112,-2.27%
01/30/2001,5.231,5.231,5.231,5.231,-1.58%
01/29/2001,5.315,5.315,5.315,5.315,0.93%
01/26/2001,5.266,5.266,5.266,5.266,0.30%
01/25/2001,5.25,5.25,5.25,5.25,-1.07%
01/24/2001,5.307,5.307,5.307,5.307,0.38%
01/23/2001,5.287,5.287,5.287,5.287,1.15%
01/22/2001,5.227,5.227,5.227,5.227,1.10%
01/19/2001,5.17,5.17,5.17,5.17,1.06%
01/18/2001,5.116,5.116,5.116,5.116,-1.18%
01/17/2001,5.177,5.177,5.177,5.177,-1.09%
01/16/2001,5.234,5.234,5.234,5.234,-0.40%
01/12/2001,5.255,5.255,5.255,5.255,2.80%
01/11/2001,5.112,5.112,5.112,5.112,0.24%
01/10/2001,5.1,5.1,5.1,5.1,2.08%
01/09/2001,4.996,4.996,4.996,4.996,0.81%
01/08/2001,4.956,4.956,4.956,4.956,0.55%
01/05/2001,4.929,4.929,4.929,4.929,-2.26%
01/04/2001,5.043,5.043,5.043,5.043,-2.15%
01/03/2001,5.154,5.154,5.154,5.154,4.73%
01/02/2001,4.921,4.921,4.921,4.921,-3.74%
12/29/2000,5.112,5.112,5.112,5.112,-0.23%
12/28/2000,5.124,5.124,5.124,5.124,0.31%
12/27/2000,5.108,5.108,5.108,5.108,1.03%
12/26/2000,5.056,5.056,5.056,5.056,0.84%
12/22/2000,5.014,5.014,5.014,5.014,-0.54%
12/21/2000,5.041,5.041,5.041,5.041,-0.04%
12/20/2000,5.043,5.043,5.043,5.043,-2.87%
12/19/2000,5.192,5.192,5.192,5.192,0.35%
12/18/2000,5.174,5.174,5.174,5.174,-0.12%
12/15/2000,5.18,5.18,5.18,5.18,-0.71%
12/14/2000,5.217,5.217,5.217,5.217,-0.82%
12/13/2000,5.26,5.26,5.26,5.26,-1.72%
12/12/2000,5.352,5.352,5.352,5.352,-0.19%
12/11/2000,5.362,5.362,5.362,5.362,1.19%
12/08/2000,5.299,5.299,5.299,5.299,-0.19%
12/07/2000,5.309,5.309,5.309,5.309,-0.28%
12/06/2000,5.324,5.324,5.324,5.324,-1.92%
12/05/2000,5.428,5.428,5.428,5.428,-2.29%
12/04/2000,5.555,5.555,5.555,5.555,0.67%
12/01/2000,5.518,5.518,5.518,5.518,0.73%
11/30/2000,5.478,5.478,5.478,5.478,-0.94%
11/29/2000,5.53,5.53,5.53,5.53,-1.02%
11/28/2000,5.587,5.587,5.587,5.587,-0.69%
11/27/2000,5.626,5.626,5.626,5.626,-0.20%
11/24/2000,5.637,5.637,5.637,5.637,0.07%
11/22/2000,5.633,5.633,5.633,5.633,-0.55%
11/21/2000,5.664,5.664,5.664,5.664,-0.16%
11/20/2000,5.673,5.673,5.673,5.673,-0.58%
11/17/2000,5.706,5.706,5.706,5.706,0.71%
11/16/2000,5.666,5.666,5.666,5.666,-0.86%
11/15/2000,5.715,5.715,5.715,5.715,-0.92%
11/14/2000,5.768,5.768,5.768,5.768,-0.03%
11/13/2000,5.77,5.77,5.77,5.77,-0.47%
11/10/2000,5.797,5.797,5.797,5.797,-0.19%
11/09/2000,5.808,5.808,5.808,5.808,-0.87%
11/08/2000,5.859,5.859,5.859,5.859,-0.14%
11/07/2000,5.867,5.867,5.867,5.867,0.39%
11/06/2000,5.844,5.844,5.844,5.844,0.29%
11/03/2000,5.827,5.827,5.827,5.827,1.48%
11/02/2000,5.742,5.742,5.742,5.742,-0.03%
11/01/2000,5.744,5.744,5.744,5.744,-0.30%
10/31/2000,5.761,5.761,5.761,5.761,0.44%
10/30/2000,5.736,5.736,5.736,5.736,0.14%
10/27/2000,5.728,5.728,5.728,5.728,0.63%
10/26/2000,5.692,5.692,5.692,5.692,0.04%
10/25/2000,5.69,5.69,5.69,5.69,1.12%
10/24/2000,5.627,5.627,5.627,5.627,0.59%
10/23/2000,5.594,5.594,5.594,5.594,-0.78%
10/20/2000,5.638,5.638,5.638,5.638,-0.34%
10/19/2000,5.657,5.657,5.657,5.657,-0.65%
10/18/2000,5.694,5.694,5.694,5.694,0.25%
10/17/2000,5.68,5.68,5.68,5.68,-0.98%
10/16/2000,5.736,5.736,5.736,5.736,0.07%
10/13/2000,5.732,5.732,5.732,5.732,0.14%
10/12/2000,5.724,5.724,5.724,5.724,-0.90%
10/11/2000,5.776,5.776,5.776,5.776,-0.36%
10/10/2000,5.797,5.797,5.797,5.797,-0.41%
10/09/2000,5.821,5.821,5.821,5.821,0.00%
10/06/2000,5.821,5.821,5.821,5.821,-0.60%
10/05/2000,5.856,5.856,5.856,5.856,-0.66%
10/04/2000,5.895,5.895,5.895,5.895,0.58%
10/03/2000,5.861,5.861,5.861,5.861,0.51%
10/02/2000,5.831,5.831,5.831,5.831,0.40%
09/29/2000,5.808,5.808,5.808,5.808,-0.29%
09/28/2000,5.825,5.825,5.825,5.825,0.03%
09/27/2000,5.823,5.823,5.823,5.823,0.33%
09/26/2000,5.804,5.804,5.804,5.804,-0.75%
09/25/2000,5.848,5.848,5.848,5.848,0.00%
09/22/2000,5.848,5.848,5.848,5.848,-0.03%
09/21/2000,5.85,5.85,5.85,5.85,-0.93%
09/20/2000,5.905,5.905,5.905,5.905,0.80%
09/19/2000,5.858,5.858,5.858,5.858,-0.22%
09/18/2000,5.871,5.871,5.871,5.871,0.58%
09/15/2000,5.837,5.837,5.837,5.837,0.76%
09/14/2000,5.793,5.793,5.793,5.793,1.08%
09/13/2000,5.731,5.731,5.731,5.731,-0.83%
09/12/2000,5.779,5.779,5.779,5.779,0.03%
09/11/2000,5.777,5.777,5.777,5.777,0.70%
09/08/2000,5.737,5.737,5.737,5.737,-0.30%
09/07/2000,5.754,5.754,5.754,5.754,0.44%
09/06/2000,5.729,5.729,5.729,5.729,0.70%
09/05/2000,5.689,5.689,5.689,5.689,0.07%
09/01/2000,5.685,5.685,5.685,5.685,-0.77%
08/31/2000,5.729,5.729,5.729,5.729,-1.14%
08/30/2000,5.795,5.795,5.795,5.795,-0.33%
08/29/2000,5.814,5.814,5.814,5.814,0.73%
08/28/2000,5.772,5.772,5.772,5.772,0.68%
08/25/2000,5.733,5.733,5.733,5.733,0.21%
08/24/2000,5.721,5.721,5.721,5.721,-0.14%
08/23/2000,5.729,5.729,5.729,5.729,-0.87%
08/22/2000,5.779,5.779,5.779,5.779,-0.14%
08/21/2000,5.787,5.787,5.787,5.787,0.17%
08/18/2000,5.777,5.777,5.777,5.777,-0.76%
08/17/2000,5.821,5.821,5.821,5.821,-0.29%
08/16/2000,5.838,5.838,5.838,5.838,0.62%
08/15/2000,5.802,5.802,5.802,5.802,0.50%
08/14/2000,5.773,5.773,5.773,5.773,-0.31%
08/11/2000,5.791,5.791,5.791,5.791,0.47%
08/10/2000,5.764,5.764,5.764,5.764,-2.64%
08/09/2000,5.92,5.92,5.92,5.92,-0.03%
08/08/2000,5.922,5.922,5.922,5.922,-0.69%
08/07/2000,5.963,5.963,5.963,5.963,0.98%
08/04/2000,5.905,5.905,5.905,5.905,-0.87%
08/03/2000,5.957,5.957,5.957,5.957,-0.35%
08/02/2000,5.978,5.978,5.978,5.978,-0.22%
08/01/2000,5.991,5.991,5.991,5.991,-0.81%
07/31/2000,6.04,6.04,6.04,6.04,0.07%
07/28/2000,6.036,6.036,6.036,6.036,0.53%
07/27/2000,6.004,6.004,6.004,6.004,-0.40%
07/26/2000,6.028,6.028,6.028,6.028,-0.07%
07/25/2000,6.032,6.032,6.032,6.032,0.02%
07/24/2000,6.031,6.031,6.031,6.031,0.55%
07/21/2000,5.998,5.998,5.998,5.998,-0.25%
07/20/2000,6.013,6.013,6.013,6.013,-2.47%
07/19/2000,6.165,6.165,6.165,6.165,0.31%
07/18/2000,6.146,6.146,6.146,6.146,-0.10%
07/17/2000,6.152,6.152,6.152,6.152,0.84%
07/14/2000,6.101,6.101,6.101,6.101,1.55%
07/13/2000,6.008,6.008,6.008,6.008,-1.22%
07/12/2000,6.082,6.082,6.082,6.082,0.43%
07/11/2000,6.056,6.056,6.056,6.056,0.22%
07/10/2000,6.043,6.043,6.043,6.043,0.47%
07/07/2000,6.015,6.015,6.015,6.015,-0.58%
07/06/2000,6.05,6.05,6.05,6.05,1.10%
07/05/2000,5.984,5.984,5.984,5.984,-0.12%
07/03/2000,5.991,5.991,5.991,5.991,-0.60%
06/30/2000,6.027,6.027,6.027,6.027,-0.15%
06/29/2000,6.036,6.036,6.036,6.036,-1.15%
06/28/2000,6.106,6.106,6.106,6.106,0.21%
06/27/2000,6.093,6.093,6.093,6.093,-0.15%
06/26/2000,6.102,6.102,6.102,6.102,-1.34%
06/23/2000,6.185,6.185,6.185,6.185,1.28%
06/22/2000,6.107,6.107,6.107,6.107,-0.07%
06/21/2000,6.111,6.111,6.111,6.111,1.46%
06/20/2000,6.023,6.023,6.023,6.023,0.33%
06/19/2000,6.003,6.003,6.003,6.003,0.38%
06/16/2000,5.98,5.98,5.98,5.98,-1.16%
06/15/2000,6.05,6.05,6.05,6.05,0.00%
06/14/2000,6.05,6.05,6.05,6.05,-1.03%
06/13/2000,6.113,6.113,6.113,6.113,0.56%
06/12/2000,6.079,6.079,6.079,6.079,-0.77%
06/09/2000,6.126,6.126,6.126,6.126,-0.08%
06/08/2000,6.131,6.131,6.131,6.131,-0.34%
06/07/2000,6.152,6.152,6.152,6.152,0.41%
06/06/2000,6.127,6.127,6.127,6.127,0.18%
06/05/2000,6.116,6.116,6.116,6.116,-0.86%
06/02/2000,6.169,6.169,6.169,6.169,-0.31%
06/01/2000,6.188,6.188,6.188,6.188,-1.54%
05/31/2000,6.285,6.285,6.285,6.285,-1.49%
05/30/2000,6.38,6.38,6.38,6.38,0.84%
05/26/2000,6.327,6.327,6.327,6.327,-1.11%
05/25/2000,6.398,6.398,6.398,6.398,-1.25%
05/24/2000,6.479,6.479,6.479,6.479,0.79%
05/23/2000,6.428,6.428,6.428,6.428,-0.34%
05/22/2000,6.45,6.45,6.45,6.45,-0.74%
05/19/2000,6.498,6.498,6.498,6.498,-0.67%
05/18/2000,6.542,6.542,6.542,6.542,0.82%
05/17/2000,6.489,6.489,6.489,6.489,0.87%
05/16/2000,6.433,6.433,6.433,6.433,-0.29%
05/15/2000,6.452,6.452,6.452,6.452,-1.10%
05/12/2000,6.524,6.524,6.524,6.524,1.62%
05/11/2000,6.42,6.42,6.42,6.42,-0.57%
05/10/2000,6.457,6.457,6.457,6.457,-1.03%
05/09/2000,6.524,6.524,6.524,6.524,-0.67%
05/08/2000,6.568,6.568,6.568,6.568,0.88%
05/05/2000,6.511,6.511,6.511,6.511,1.28%
05/04/2000,6.429,6.429,6.429,6.429,0.41%
05/03/2000,6.403,6.403,6.403,6.403,1.57%
05/02/2000,6.304,6.304,6.304,6.304,0.32%
05/01/2000,6.284,6.284,6.284,6.284,1.06%
04/28/2000,6.218,6.218,6.218,6.218,-0.14%
04/27/2000,6.227,6.227,6.227,6.227,1.45%
04/26/2000,6.138,6.138,6.138,6.138,0.07%
04/25/2000,6.134,6.134,6.134,6.134,1.84%
04/24/2000,6.023,6.023,6.023,6.023,0.38%
04/20/2000,6,6,6,6,0.03%
04/19/2000,5.998,5.998,5.998,5.998,-0.83%
04/18/2000,6.048,6.048,6.048,6.048,0.10%
04/17/2000,6.042,6.042,6.042,6.042,3.11%
04/14/2000,5.86,5.86,5.86,5.86,-1.20%
04/13/2000,5.931,5.931,5.931,5.931,-0.27%
04/12/2000,5.947,5.947,5.947,5.947,1.09%
04/11/2000,5.883,5.883,5.883,5.883,1.34%
04/10/2000,5.805,5.805,5.805,5.805,-0.68%
04/07/2000,5.845,5.845,5.845,5.845,-1.32%
04/06/2000,5.923,5.923,5.923,5.923,0.90%
04/05/2000,5.87,5.87,5.87,5.87,-0.29%
04/04/2000,5.887,5.887,5.887,5.887,-1.31%
04/03/2000,5.965,5.965,5.965,5.965,-0.62%
03/31/2000,6.002,6.002,6.002,6.002,-0.76%
03/30/2000,6.048,6.048,6.048,6.048,-1.64%
03/29/2000,6.149,6.149,6.149,6.149,-0.07%
03/28/2000,6.153,6.153,6.153,6.153,-0.55%
03/27/2000,6.187,6.187,6.187,6.187,-0.06%
03/24/2000,6.191,6.191,6.191,6.191,1.71%
03/23/2000,6.087,6.087,6.087,6.087,-0.54%
03/22/2000,6.12,6.12,6.12,6.12,-0.34%
03/21/2000,6.141,6.141,6.141,6.141,-0.82%
03/20/2000,6.192,6.192,6.192,6.192,-0.19%
03/17/2000,6.204,6.204,6.204,6.204,-0.69%
03/16/2000,6.247,6.247,6.247,6.247,-0.60%
03/15/2000,6.285,6.285,6.285,6.285,-0.14%
03/14/2000,6.294,6.294,6.294,6.294,-1.19%
03/13/2000,6.37,6.37,6.37,6.37,-0.27%
03/10/2000,6.387,6.387,6.387,6.387,0.60%
03/09/2000,6.349,6.349,6.349,6.349,-0.67%
03/08/2000,6.392,6.392,6.392,6.392,0.33%
03/07/2000,6.371,6.371,6.371,6.371,-0.65%
03/06/2000,6.413,6.413,6.413,6.413,0.53%
03/03/2000,6.379,6.379,6.379,6.379,-0.14%
03/02/2000,6.388,6.388,6.388,6.388,0.06%
03/01/2000,6.384,6.384,6.384,6.384,-0.39%
02/29/2000,6.409,6.409,6.409,6.409,-0.14%
02/28/2000,6.418,6.418,6.418,6.418,1.28%
02/25/2000,6.337,6.337,6.337,6.337,-0.47%
02/24/2000,6.367,6.367,6.367,6.367,-0.86%
02/23/2000,6.422,6.422,6.422,6.422,0.93%
02/22/2000,6.363,6.363,6.363,6.363,-1.85%
02/18/2000,6.483,6.483,6.483,6.483,-1.17%
02/17/2000,6.56,6.56,6.56,6.56,0.26%
02/16/2000,6.543,6.543,6.543,6.543,-0.14%
02/15/2000,6.552,6.552,6.552,6.552,-0.12%
02/14/2000,6.56,6.56,6.56,6.56,-0.53%
02/11/2000,6.595,6.595,6.595,6.595,-1.17%
02/10/2000,6.673,6.673,6.673,6.673,0.06%
02/09/2000,6.669,6.669,6.669,6.669,0.77%
02/08/2000,6.618,6.618,6.618,6.618,-0.41%
02/07/2000,6.645,6.645,6.645,6.645,1.33%
02/04/2000,6.558,6.558,6.558,6.558,1.71%
02/03/2000,6.448,6.448,6.448,6.448,-1.93%
02/02/2000,6.575,6.575,6.575,6.575,-0.77%
02/01/2000,6.626,6.626,6.626,6.626,-0.54%
01/31/2000,6.662,6.662,6.662,6.662,0.06%
01/28/2000,6.658,6.658,6.658,6.658,-0.61%
01/27/2000,6.699,6.699,6.699,6.699,0.50%
01/26/2000,6.666,6.666,6.666,6.666,-0.42%
01/25/2000,6.694,6.694,6.694,6.694,0.07%
01/24/2000,6.689,6.689,6.689,6.689,-1.23%
01/21/2000,6.772,6.772,6.772,6.772,-0.27%
01/20/2000,6.79,6.79,6.79,6.79,0.89%
01/19/2000,6.73,6.73,6.73,6.73,-0.34%
01/18/2000,6.753,6.753,6.753,6.753,1.05%
01/17/2000,6.683,6.683,6.683,6.683,-0.07%
01/14/2000,6.688,6.688,6.688,6.688,0.84%
01/13/2000,6.632,6.632,6.632,6.632,-1.03%
01/12/2000,6.701,6.701,6.701,6.701,0.63%
01/11/2000,6.659,6.659,6.659,6.659,1.60%
01/10/2000,6.554,6.554,6.554,6.554,0.63%
01/07/2000,6.513,6.513,6.513,6.513,-0.41%
01/06/2000,6.54,6.54,6.54,6.54,-0.89%
01/05/2000,6.599,6.599,6.599,6.599,1.54%
01/04/2000,6.499,6.499,6.499,6.499,-1.44%
01/03/2000,6.594,6.594,6.594,6.594,2.47%
